2010-06-28 00:00	0.94775	0.95060	0.94260	0.94700	237024
2010-06-29 00:00	0.94700	0.94825	0.91535	0.91990	404659
2010-06-30 00:00	0.91990	0.92750	0.90355	0.90725	400575
2010-07-01 00:00	0.90725	0.90850	0.88730	0.89620	366163
2010-07-02 00:00	0.89620	0.90600	0.89325	0.89400	275864
2010-07-04 00:00	0.89450	0.89605	0.89155	0.89360	10135
2010-07-05 00:00	0.89360	0.90105	0.88965	0.89070	228214
2010-07-06 00:00	0.89070	0.90825	0.88620	0.90395	378191
2010-07-07 00:00	0.90400	0.91100	0.89525	0.90670	374168
2010-07-08 00:00	0.90670	0.92380	0.90670	0.92040	296967
2010-07-09 00:00	0.92035	0.92810	0.91880	0.92780	224898
2010-07-11 00:00	0.92715	0.92825	0.92260	0.92465	7617
2010-07-12 00:00	0.92465	0.93260	0.92135	0.92985	332806
2010-07-13 00:00	0.92985	0.93285	0.92285	0.93160	323376
2010-07-14 00:00	0.93160	0.93665	0.92710	0.92765	326146
2010-07-15 00:00	0.92770	0.92950	0.91110	0.91825	392962
2010-07-16 00:00	0.91825	0.91930	0.90875	0.91230	355240
2010-07-18 00:00	0.90810	0.90965	0.90520	0.90560	10777
2010-07-19 00:00	0.90560	0.91915	0.90510	0.91570	339905
2010-07-20 00:00	0.91570	0.93100	0.91535	0.92855	392663
2010-07-21 00:00	0.92855	0.93130	0.91980	0.92140	348652
2010-07-22 00:00	0.92135	0.93290	0.91625	0.93205	368468
2010-07-23 00:00	0.93205	0.94580	0.92890	0.94420	275064
2010-07-25 00:00	0.94330	0.94430	0.94065	0.94285	7788
2010-07-26 00:00	0.94285	0.94745	0.94005	0.94505	358482
2010-07-27 00:00	0.94505	0.96000	0.94440	0.95630	384672
2010-07-28 00:00	0.95620	0.95825	0.93990	0.94465	349072
2010-07-29 00:00	0.94460	0.95045	0.93285	0.93575	368045
2010-07-30 00:00	0.93575	0.94760	0.93035	0.94120	333069
2010-08-01 00:00	0.94140	0.94670	0.94085	0.94645	9823
2010-08-02 00:00	0.94645	0.95680	0.94450	0.94820	331604
2010-08-03 00:00	0.94810	0.95090	0.94175	0.94955	302272
2010-08-04 00:00	0.94955	0.96625	0.94675	0.96480	391608
2010-08-05 00:00	0.96480	0.96600	0.95195	0.95695	312249
2010-08-06 00:00	0.95695	0.96350	0.94615	0.95375	310100
2010-08-08 00:00	0.95335	0.95435	0.95175	0.95260	4446
2010-08-09 00:00	0.95260	0.96170	0.95200	0.96080	411361
2010-08-10 00:00	0.96075	0.96335	0.95465	0.95640	482037
2010-08-11 00:00	0.95645	0.95755	0.94720	0.95005	475276
2010-08-12 00:00	0.95010	0.95165	0.93730	0.94100	406402
2010-08-13 00:00	0.94100	0.94820	0.93765	0.93805	365814
2010-08-15 00:00	0.93770	0.93985	0.93470	0.93845	11135
2010-08-16 00:00	0.93840	0.93890	0.92165	0.93050	399121
2010-08-17 00:00	0.93050	0.94725	0.92975	0.94515	434302
2010-08-18 00:00	0.94520	0.94525	0.93465	0.93500	312882
2010-08-19 00:00	0.93500	0.94015	0.91740	0.91785	428321
2010-08-20 00:00	0.91785	0.92460	0.91570	0.92390	266519
2010-08-22 00:00	0.91635	0.92030	0.91600	0.91940	13499
2010-08-23 00:00	0.91935	0.93220	0.91910	0.92655	286999
2010-08-24 00:00	0.92655	0.92720	0.90840	0.91040	302954
2010-08-25 00:00	0.91040	0.91515	0.89920	0.91220	397598
2010-08-26 00:00	0.91215	0.91740	0.90530	0.90610	334292
2010-08-27 00:00	0.90610	0.92620	0.90540	0.92365	239315
2010-08-29 00:00	0.92650	0.92890	0.92485	0.92710	12972
2010-08-30 00:00	0.92720	0.92975	0.91365	0.91400	354718
2010-08-31 00:00	0.91395	0.91645	0.90155	0.90570	246704
2010-09-01 00:00	0.90570	0.92580	0.90540	0.92325	291954
2010-09-02 00:00	0.92315	0.92505	0.91705	0.92095	218735
2010-09-03 00:00	0.92095	0.93830	0.91790	0.93115	159221
2010-09-05 00:00	0.93025	0.93190	0.92955	0.93130	8328
2010-09-06 00:00	0.93120	0.93335	0.92245	0.92325	197706
2010-09-07 00:00	0.92325	0.92795	0.91930	0.92225	303059
2010-09-08 00:00	0.92225	0.93090	0.92000	0.92755	462739
2010-09-09 00:00	0.92750	0.94005	0.92750	0.93650	431942
2010-09-10 00:00	0.93650	0.95110	0.93485	0.94445	251590
2010-09-12 00:00	0.94770	0.94890	0.94620	0.94855	15403
2010-09-13 00:00	0.94855	0.94880	0.94020	0.94065	385200
2010-09-14 00:00	0.94060	0.94155	0.93220	0.93625	379195
2010-09-15 00:00	0.93620	0.94425	0.93520	0.94090	414742
2010-09-16 00:00	0.94085	0.95230	0.93390	0.94990	297221
2010-09-17 00:00	0.94990	0.96360	0.94380	0.94480	323707
2010-09-19 00:00	0.94520	0.94825	0.94515	0.94635	6644
2010-09-20 00:00	0.94635	0.95540	0.94580	0.94985	301167
2010-09-21 00:00	0.94985	0.95660	0.94745	0.95215	273821
2010-09-22 00:00	0.95210	0.95485	0.93925	0.94260	355460
2010-09-23 00:00	0.94255	0.94560	0.93000	0.93385	303324
2010-09-24 00:00	0.93385	0.94570	0.93250	0.94270	250100
2010-09-26 00:00	0.94360	0.94705	0.94290	0.94415	16056
2010-09-27 00:00	0.94415	0.94960	0.94225	0.94515	360480
2010-09-28 00:00	0.94520	0.94935	0.93705	0.94375	338125
2010-09-29 00:00	0.94375	0.95265	0.94280	0.94635	323738
2010-09-30 00:00	0.94635	0.95060	0.94165	0.94800	228067
2010-10-01 00:00	0.94800	0.95270	0.94540	0.94575	291734
2010-10-03 00:00	0.94680	0.94910	0.94625	0.94765	12835
2010-10-04 00:00	0.94765	0.94865	0.93860	0.93960	281659
2010-10-05 00:00	0.93960	0.94130	0.92595	0.93815	265933
2010-10-06 00:00	0.93840	0.94445	0.93625	0.93895	269725
2010-10-07 00:00	0.93905	0.95255	0.93860	0.94850	213213
2010-10-08 00:00	0.94845	0.95150	0.93510	0.94760	186021
2010-10-10 00:00	0.95035	0.95240	0.94855	0.95195	7203
2010-10-11 00:00	0.95195	0.95300	0.94430	0.94830	214474
2010-10-12 00:00	0.94835	0.95055	0.94160	0.94495	256422
2010-10-13 00:00	0.94495	0.95335	0.93930	0.95015	260923
2010-10-14 00:00	0.95015	0.95335	0.94255	0.94555	243945
2010-10-15 00:00	0.94555	0.95220	0.94340	0.94955	188494
2010-10-17 00:00	0.95035	0.95060	0.94650	0.94715	9831
2010-10-18 00:00	0.94715	0.95205	0.94460	0.95135	285172
2010-10-19 00:00	0.95135	0.95420	0.93755	0.93930	315785
2010-10-20 00:00	0.93925	0.95090	0.93890	0.94910	285141
2010-10-21 00:00	0.94910	0.95230	0.94185	0.94705	270442
2010-10-22 00:00	0.94700	0.96165	0.94630	0.95990	235385
2010-10-24 00:00	0.96123	0.96322	0.96023	0.96246	29675
2010-10-25 00:00	0.96246	0.96738	0.96057	0.96311	170866
2010-10-26 00:00	0.96302	0.97288	0.95964	0.96968	111901
2010-10-27 00:00	0.96964	0.97095	0.95682	0.96346	126799
2010-10-28 00:00	0.96340	0.96847	0.95879	0.96368	125786
2010-10-29 00:00	0.96365	0.96688	0.95645	0.96497	108655
2010-10-31 00:00	0.96762	0.96894	0.96667	0.96873	14265
2010-11-01 00:00	0.96867	0.98373	0.96729	0.98052	124494
2010-11-02 00:00	0.98052	0.99089	0.97546	0.97812	120635
2010-11-03 00:00	0.97812	0.98031	0.96864	0.97559	133385
2010-11-04 00:00	0.97556	0.98266	0.96993	0.97265	122786
2010-11-05 00:00	0.97269	0.97843	0.96542	0.97627	105514
2010-11-07 00:00	0.97547	0.97705	0.97388	0.97608	7916
2010-11-08 00:00	0.97600	0.97989	0.97213	0.97718	119292
2010-11-09 00:00	0.97717	0.97930	0.96917	0.97295	124401
2010-11-10 00:00	0.97287	0.97771	0.96933	0.97477	122125
2010-11-11 00:00	0.97477	0.97828	0.96957	0.97266	128652
2010-11-12 00:00	0.97264	0.97521	0.95742	0.96493	117101
2010-11-14 00:00	0.96743	0.96832	0.96582	0.96811	4497
2010-11-15 00:00	0.96811	0.97493	0.96285	0.96867	99976
2010-11-16 00:00	0.96864	0.97380	0.96307	0.97247	101230
2010-11-17 00:00	0.97247	0.97466	0.96864	0.97228	91912
2010-11-18 00:00	0.97218	0.98675	0.97131	0.98593	89097
2010-11-19 00:00	0.98593	0.98653	0.97158	0.97817	78071
2010-11-21 00:00	0.97897	0.98272	0.97897	0.98233	4530
2010-11-22 00:00	0.98229	0.98679	0.97349	0.97445	89561
2010-11-23 00:00	0.97438	0.97770	0.96651	0.97112	102632
2010-11-24 00:00	0.97101	0.97947	0.97000	0.97908	101358
2010-11-25 00:00	0.97907	0.98228	0.97227	0.97717	79374
2010-11-26 00:00	0.97698	0.97789	0.96288	0.96678	84463
2010-11-28 00:00	0.96995	0.97141	0.96830	0.96847	5263
2010-11-29 00:00	0.96839	0.97115	0.95812	0.96168	180833
2010-11-30 00:00	0.96168	0.96558	0.95332	0.96217	316369
2010-12-01 00:00	0.96208	0.97223	0.95663	0.96850	267835
2010-12-02 00:00	0.96848	0.97219	0.96300	0.96977	264184
2010-12-03 00:00	0.96972	0.97518	0.96337	0.96602	219837
2010-12-05 00:00	0.96463	0.96794	0.96398	0.96686	7241
2010-12-06 00:00	0.96686	0.97626	0.96326	0.97064	196798
2010-12-07 00:00	0.97063	0.97428	0.96913	0.97123	245832
2010-12-08 00:00	0.97125	0.97271	0.96371	0.96560	239257
2010-12-09 00:00	0.96558	0.97358	0.96398	0.96767	228386
2010-12-10 00:00	0.96767	0.97128	0.96486	0.96565	169127
2010-12-12 00:00	0.96757	0.96788	0.96493	0.96594	4641
2010-12-13 00:00	0.96594	0.97078	0.96064	0.96297	218487
2010-12-14 00:00	0.96297	0.96497	0.95660	0.95798	228486
2010-12-15 00:00	0.95798	0.95842	0.95059	0.95458	252534
2010-12-16 00:00	0.95468	0.96154	0.95118	0.95414	223805
2010-12-17 00:00	0.95411	0.95948	0.94544	0.95677	207027
2010-12-19 00:00	0.95662	0.95856	0.95527	0.95802	4586
2010-12-20 00:00	0.95800	0.96099	0.95479	0.95772	210338
2010-12-21 00:00	0.95772	0.96068	0.95338	0.95448	205208
2010-12-22 00:00	0.95448	0.95654	0.94910	0.95043	182875
2010-12-23 00:00	0.95051	0.97051	0.94957	0.96095	153910
2010-12-24 00:00	0.96099	0.96772	0.95813	0.96579	65241
2010-12-26 00:00	0.96148	0.96392	0.96110	0.96351	5537
2010-12-27 00:00	0.96351	0.96778	0.96103	0.96408	154603
2010-12-28 00:00	0.96408	0.96442	0.95259	0.96071	174812
2010-12-29 00:00	0.96068	0.96649	0.95933	0.96087	147874
2010-12-30 00:00	0.96087	0.96208	0.94747	0.94908	159045
2010-12-31 00:00	0.94897	0.95898	0.94840	0.95488	112630
2011-01-02 00:00	0.95282	0.95438	0.95157	0.95158	5469
2011-01-03 00:00	0.95159	0.95673	0.94738	0.94967	125920
2011-01-04 00:00	0.94968	0.95635	0.94388	0.95365	254269
2011-01-05 00:00	0.95364	0.96795	0.94949	0.96559	252785
2011-01-06 00:00	0.96553	0.96768	0.95665	0.95899	244272
2011-01-07 00:00	0.95888	0.96464	0.95218	0.96268	216841
2011-01-09 00:00	0.96122	0.96318	0.96038	0.96192	5384
2011-01-10 00:00	0.96198	0.96534	0.95350	0.96083	209582
2011-01-11 00:00	0.96078	0.96418	0.95065	0.95624	249259
2011-01-12 00:00	0.95623	0.96704	0.95623	0.96300	247603
2011-01-13 00:00	0.96298	0.97158	0.95889	0.96203	226389
2011-01-14 00:00	0.96207	0.96412	0.95140	0.95192	187688
2011-01-16 00:00	0.95317	0.95543	0.95221	0.95496	6734
2011-01-17 00:00	0.95500	0.96210	0.95098	0.95765	201001
2011-01-18 00:00	0.95766	0.96298	0.95405	0.96116	262861
2011-01-19 00:00	0.96117	0.96846	0.95211	0.95289	251825
2011-01-20 00:00	0.95278	0.95653	0.94600	0.95284	312702
2011-01-21 00:00	0.95284	0.95448	0.94635	0.94767	257823
2011-01-23 00:00	0.94413	0.94849	0.94366	0.94797	10836
2011-01-24 00:00	0.94797	0.95282	0.94362	0.94674	264319
2011-01-25 00:00	0.94671	0.94807	0.93426	0.93753	329684
2011-01-26 00:00	0.93753	0.94441	0.93689	0.94189	273427
2011-01-27 00:00	0.94197	0.94246	0.93326	0.93617	269666
2011-01-28 00:00	0.93618	0.94221	0.93368	0.93583	263823
2011-01-30 00:00	0.93002	0.93431	0.92882	0.92928	13166
2011-01-31 00:00	0.92928	0.94159	0.92899	0.94071	322367
2011-02-01 00:00	0.94070	0.95302	0.93945	0.94567	345646
2011-02-02 00:00	0.94567	0.95076	0.94038	0.95026	305780
2011-02-03 00:00	0.95018	0.96216	0.94877	0.96007	256168
2011-02-04 00:00	0.96007	0.97502	0.95918	0.96738	208145
2011-02-06 00:00	0.96978	0.97017	0.96631	0.96640	8698
2011-02-07 00:00	0.96631	0.97270	0.96392	0.96738	252667
2011-02-08 00:00	0.96748	0.97876	0.96502	0.97759	257580
2011-02-09 00:00	0.97760	0.97975	0.96637	0.96840	213595
2011-02-10 00:00	0.96837	0.97491	0.96396	0.96997	238473
2011-02-11 00:00	0.96997	0.97687	0.96568	0.97437	199448
2011-02-13 00:00	0.97245	0.97543	0.97157	0.97512	9735
2011-02-14 00:00	0.97522	0.98077	0.97070	0.97256	231194
2011-02-15 00:00	0.97258	0.97452	0.96098	0.96330	277234
2011-02-16 00:00	0.96336	0.97091	0.95623	0.96212	285550
2011-02-17 00:00	0.96211	0.96423	0.95473	0.96065	277805
2011-02-18 00:00	0.96067	0.96459	0.95532	0.95737	260697
2011-02-20 00:00	0.95456	0.95948	0.95443	0.95738	9038
2011-02-21 00:00	0.95735	0.95958	0.95288	0.95384	142815
2011-02-22 00:00	0.95384	0.95522	0.93509	0.93764	324217
2011-02-23 00:00	0.93761	0.94152	0.93022	0.93432	264203
2011-02-24 00:00	0.93434	0.93781	0.92704	0.93459	335354
2011-02-25 00:00	0.93460	0.94642	0.93405	0.94388	229754
2011-02-27 00:00	0.94163	0.94355	0.94083	0.94123	9363
2011-02-28 00:00	0.94120	0.94722	0.93906	0.94614	267290
2011-03-01 00:00	0.94597	0.94921	0.93928	0.94064	290435
2011-03-02 00:00	0.94064	0.94173	0.93526	0.93835	247135
2011-03-03 00:00	0.93838	0.94710	0.93703	0.94382	231205
2011-03-04 00:00	0.94373	0.94541	0.93337	0.93637	167706
2011-03-06 00:00	0.93853	0.94043	0.93764	0.93956	4982
2011-03-07 00:00	0.93943	0.94280	0.93405	0.93744	191385
2011-03-08 00:00	0.93744	0.94604	0.93651	0.94326	222930
2011-03-09 00:00	0.94321	0.94430	0.93658	0.93862	158528
2011-03-10 00:00	0.93862	0.94007	0.93067	0.93327	264991
2011-03-11 00:00	0.93318	0.94457	0.92877	0.94198	241311
2011-03-13 00:00	0.93837	0.93928	0.93377	0.93707	19261
2011-03-14 00:00	0.93707	0.93958	0.92960	0.93267	221172
2011-03-15 00:00	0.93271	0.93329	0.90238	0.91232	337181
2011-03-16 00:00	0.91232	0.91528	0.87038	0.88518	376703
2011-03-17 00:00	0.88518	0.89200	0.87807	0.88507	315224
2011-03-18 00:00	0.88503	0.90248	0.88389	0.89517	303286
2011-03-20 00:00	0.89487	0.90115	0.89378	0.90113	12118
2011-03-21 00:00	0.90114	0.91253	0.89973	0.91017	254669
2011-03-22 00:00	0.91018	0.91547	0.90650	0.91189	240950
2011-03-23 00:00	0.91189	0.92217	0.90608	0.91964	255592
2011-03-24 00:00	0.91964	0.92884	0.91864	0.92639	252296
2011-03-25 00:00	0.92639	0.94452	0.92534	0.94282	225150
2011-03-27 00:00	0.94149	0.94607	0.94131	0.94602	17023
2011-03-28 00:00	0.94595	0.94889	0.93717	0.93778	221005
2011-03-29 00:00	0.93778	0.94873	0.93633	0.94778	232546
2011-03-30 00:00	0.94788	0.95635	0.94686	0.94821	245225
2011-03-31 00:00	0.94821	0.95068	0.94274	0.94908	249759
2011-04-01 00:00	0.94908	0.96597	0.94824	0.95861	242444
2011-04-03 00:00	0.96042	0.96217	0.95982	0.96144	10315
2011-04-04 00:00	0.96149	0.96270	0.95087	0.95656	174798
2011-04-05 00:00	0.95647	0.95802	0.94873	0.95596	152039
2011-04-06 00:00	0.95597	0.96360	0.94858	0.95808	171424
2011-04-07 00:00	0.95808	0.96448	0.95317	0.95741	164328
2011-04-08 00:00	0.95738	0.96477	0.95604	0.95698	147263
2011-04-10 00:00	0.95761	0.96128	0.95728	0.96117	9199
2011-04-11 00:00	0.96118	0.96148	0.94858	0.94998	122164
2011-04-12 00:00	0.94998	0.95019	0.93507	0.93925	169373
2011-04-13 00:00	0.93922	0.94398	0.93585	0.93927	153295
2011-04-14 00:00	0.93937	0.94132	0.93588	0.94077	146173
2011-04-15 00:00	0.94077	0.94556	0.93756	0.94207	111004
2011-04-17 00:00	0.94248	0.94279	0.94029	0.94159	8685
2011-04-18 00:00	0.94159	0.94601	0.93674	0.93942	136544
2011-04-19 00:00	0.93942	0.94846	0.93571	0.94777	263910
2011-04-20 00:00	0.94776	0.95341	0.94712	0.95001	262173
2011-04-21 00:00	0.94996	0.95516	0.94293	0.95217	228281
2011-04-22 00:00	0.95217	0.95348	0.94942	0.95133	54768
2011-04-24 00:00	0.95038	0.95324	0.95038	0.95189	5967
2011-04-25 00:00	0.95188	0.95234	0.94217	0.94438	194516
2011-04-26 00:00	0.94437	0.94910	0.93553	0.94150	257921
2011-04-27 00:00	0.94150	0.95250	0.93986	0.95157	261685
2011-04-28 00:00	0.95157	0.95517	0.94876	0.95431	260623
2011-04-29 00:00	0.95431	0.95481	0.94607	0.94847	193658
2011-05-01 00:00	0.94757	0.94998	0.94590	0.94740	24689
2011-05-02 00:00	0.94740	0.95188	0.94458	0.94677	246214
2011-05-03 00:00	0.94677	0.94738	0.93248	0.93577	282417
2011-05-04 00:00	0.93577	0.93827	0.92112	0.92425	318400
2011-05-05 00:00	0.92418	0.92823	0.91356	0.92407	342715
2011-05-06 00:00	0.92407	0.94464	0.92292	0.93868	298345
2011-05-08 00:00	0.94058	0.94222	0.93784	0.94177	21083
2011-05-09 00:00	0.94177	0.94368	0.93826	0.94017	308322
2011-05-10 00:00	0.94021	0.95520	0.93733	0.95438	311868
2011-05-11 00:00	0.95435	0.95737	0.94617	0.94727	320041
2011-05-12 00:00	0.94727	0.94788	0.93752	0.94275	373099
2011-05-13 00:00	0.94269	0.95001	0.93926	0.94247	291627
2011-05-15 00:00	0.94392	0.94486	0.94107	0.94262	18439
2011-05-16 00:00	0.94268	0.94500	0.93254	0.93481	348685
2011-05-17 00:00	0.93481	0.94003	0.92966	0.93490	336437
2011-05-18 00:00	0.93489	0.93778	0.93154	0.93699	274323
2011-05-19 00:00	0.93699	0.94473	0.93447	0.93944	271979
2011-05-20 00:00	0.93945	0.94230	0.93057	0.93442	252642
2011-05-22 00:00	0.93479	0.93608	0.93212	0.93307	20728
2011-05-23 00:00	0.93309	0.93418	0.92537	0.93246	338538
2011-05-24 00:00	0.93246	0.93518	0.92599	0.92886	296856
2011-05-25 00:00	0.92881	0.92922	0.91647	0.91771	329383
2011-05-26 00:00	0.91771	0.92430	0.91656	0.92009	323189
2011-05-27 00:00	0.92009	0.92075	0.90467	0.90831	310194
2011-05-29 00:00	0.90958	0.91181	0.90920	0.91026	12662
2011-05-30 00:00	0.91025	0.91286	0.90785	0.90985	139317
2011-05-31 00:00	0.90986	0.91418	0.90618	0.90965	286875
2011-06-01 00:00	0.90965	0.91692	0.89167	0.89398	311142
2011-06-02 00:00	0.89398	0.90104	0.89277	0.90021	317906
2011-06-03 00:00	0.90017	0.90257	0.88618	0.89261	255840
2011-06-05 00:00	0.89384	0.89762	0.89317	0.89596	18016
2011-06-06 00:00	0.89596	0.90117	0.89311	0.89569	255853
2011-06-07 00:00	0.89569	0.89965	0.89040	0.89560	270871
2011-06-08 00:00	0.89560	0.89590	0.88539	0.89022	287911
2011-06-09 00:00	0.89017	0.89649	0.88308	0.89476	256028
2011-06-10 00:00	0.89476	0.89578	0.88611	0.88757	229880
2011-06-12 00:00	0.88771	0.88828	0.88647	0.88707	10454
2011-06-13 00:00	0.88708	0.89295	0.88233	0.88780	242377
2011-06-14 00:00	0.88782	0.90541	0.88277	0.90297	258373
2011-06-15 00:00	0.90296	0.90948	0.89882	0.90177	296843
2011-06-16 00:00	0.90182	0.90421	0.88921	0.89663	310470
2011-06-17 00:00	0.89663	0.90174	0.89107	0.89988	232239
2011-06-19 00:00	0.89984	0.90098	0.89825	0.89858	3677
2011-06-20 00:00	0.89862	0.90151	0.88868	0.89488	237830
2011-06-21 00:00	0.89485	0.89554	0.88747	0.89174	208510
2011-06-22 00:00	0.89174	0.89386	0.88613	0.88701	199249
2011-06-23 00:00	0.88701	0.89009	0.87612	0.88391	222192
2011-06-24 00:00	0.88392	0.88634	0.87167	0.87267	203139
2011-06-26 00:00	0.87178	0.87528	0.87137	0.87380	4861
2011-06-27 00:00	0.87388	0.87486	0.86792	0.87260	235954
2011-06-28 00:00	0.87262	0.87793	0.87001	0.87789	260077
2011-06-29 00:00	0.87789	0.89204	0.87497	0.89175	264789
2011-06-30 00:00	0.89174	0.90787	0.88996	0.90045	241916
2011-07-01 00:00	0.90043	0.91534	0.89879	0.91217	224316
2011-07-03 00:00	0.91366	0.91421	0.91157	0.91264	9839
2011-07-04 00:00	0.91271	0.91419	0.90757	0.91118	189174
2011-07-05 00:00	0.91116	0.91116	0.89636	0.89863	249686
2011-07-06 00:00	0.89862	0.90317	0.89350	0.89847	261720
2011-07-07 00:00	0.89851	0.91243	0.89694	0.91010	246489
2011-07-08 00:00	0.91008	0.91733	0.89571	0.89876	225274
2011-07-10 00:00	0.89764	0.89797	0.89554	0.89779	11739
2011-07-11 00:00	0.89779	0.89884	0.88686	0.88949	281260
2011-07-12 00:00	0.88950	0.89133	0.87747	0.88282	340345
2011-07-13 00:00	0.88282	0.88868	0.86933	0.87333	304370
2011-07-14 00:00	0.87338	0.88115	0.87022	0.87338	259644
2011-07-15 00:00	0.87336	0.87562	0.86390	0.86792	238436
2011-07-17 00:00	0.85939	0.86371	0.85916	0.86264	12185
2011-07-18 00:00	0.86261	0.86854	0.85910	0.86828	260929
2011-07-19 00:00	0.86830	0.88744	0.86667	0.88505	228397
2011-07-20 00:00	0.88505	0.88666	0.87803	0.88504	181848
2011-07-21 00:00	0.88504	0.88936	0.87752	0.88595	232648
2011-07-22 00:00	0.88591	0.89371	0.88388	0.88755	178963
2011-07-24 00:00	0.87872	0.88258	0.87866	0.88067	14971
2011-07-25 00:00	0.88071	0.88248	0.86797	0.87296	192225
2011-07-26 00:00	0.87298	0.88084	0.86872	0.87768	184354
2011-07-27 00:00	0.87768	0.88709	0.87611	0.88378	182198
2011-07-28 00:00	0.88378	0.88758	0.87954	0.88098	190306
2011-07-29 00:00	0.88098	0.88248	0.86171	0.86342	222157
2011-07-31 00:00	0.87327	0.87558	0.86926	0.87236	14014
2011-08-01 00:00	0.87239	0.87819	0.84857	0.86231	248381
2011-08-02 00:00	0.86230	0.86312	0.81972	0.82328	295681
2011-08-03 00:00	0.82329	0.83918	0.81632	0.82880	299669
2011-08-04 00:00	0.82879	0.83227	0.79384	0.79897	336522
2011-08-05 00:00	0.79897	0.81029	0.78854	0.80134	254693
2011-08-07 00:00	0.79131	0.79595	0.78689	0.79092	26045
2011-08-08 00:00	0.79090	0.79557	0.76208	0.76549	351570
2011-08-09 00:00	0.76545	0.77794	0.71401	0.74746	315083
2011-08-10 00:00	0.74745	0.75895	0.73458	0.73639	325851
2011-08-11 00:00	0.73631	0.79057	0.73256	0.78773	308355
2011-08-12 00:00	0.78771	0.80586	0.77340	0.80522	242494
2011-08-14 00:00	0.81142	0.82308	0.80941	0.82246	17436
2011-08-15 00:00	0.82251	0.83482	0.81493	0.82198	215804
2011-08-16 00:00	0.82198	0.83496	0.80924	0.83307	254554
2011-08-17 00:00	0.83306	0.84434	0.81828	0.83438	256453
2011-08-18 00:00	0.83438	0.83923	0.81389	0.82057	270884
2011-08-19 00:00	0.82067	0.82534	0.81391	0.81656	250356
2011-08-21 00:00	0.82066	0.82067	0.81496	0.81720	13207
2011-08-22 00:00	0.81720	0.82569	0.81502	0.82033	221185
2011-08-23 00:00	0.82036	0.83505	0.81876	0.83356	166620
2011-08-24 00:00	0.83353	0.83428	0.82621	0.83242	140372
2011-08-25 00:00	0.83240	0.83785	0.82635	0.83061	145930
2011-08-26 00:00	0.83060	0.85812	0.82761	0.85167	140148
2011-08-28 00:00	0.85406	0.85610	0.85178	0.85541	8604
2011-08-29 00:00	0.85548	0.87530	0.85488	0.87141	119275
2011-08-30 00:00	0.87140	0.87840	0.86460	0.87586	124243
2011-08-31 00:00	0.87588	0.87620	0.85431	0.86002	83811
2011-09-01 00:00	0.85997	0.86565	0.85096	0.85141	103986
2011-09-02 00:00	0.85127	0.85293	0.82507	0.83873	129410
2011-09-04 00:00	0.83461	0.83859	0.83447	0.83708	9843
2011-09-05 00:00	0.83708	0.83851	0.82323	0.82534	83768
2011-09-06 00:00	0.82534	0.90924	0.82334	0.90611	136765
2011-09-07 00:00	0.90610	0.91592	0.90437	0.91401	90061
2011-09-08 00:00	0.91396	0.92858	0.90824	0.92537	99416
2011-09-09 00:00	0.92532	0.93091	0.92060	0.92477	104916
2011-09-11 00:00	0.92566	0.92737	0.92302	0.92334	13800
2011-09-12 00:00	0.92337	0.92385	0.90943	0.91187	133677
2011-09-13 00:00	0.91189	0.91386	0.90451	0.90811	122480
2011-09-14 00:00	0.90806	0.91187	0.89514	0.89979	134437
2011-09-15 00:00	0.89974	0.90132	0.89389	0.89862	114443
2011-09-16 00:00	0.89862	0.90961	0.89662	0.90697	91027
2011-09-18 00:00	0.90707	0.90887	0.90518	0.90729	17173
2011-09-19 00:00	0.90746	0.90809	0.89803	0.90138	117190
2011-09-20 00:00	0.90138	0.91629	0.90012	0.90967	107244
2011-09-21 00:00	0.90971	0.92415	0.90221	0.90485	129657
2011-09-22 00:00	0.90485	0.90697	0.88084	0.88958	148581
2011-09-23 00:00	0.88953	0.89263	0.87746	0.88576	123184
2011-09-25 00:00	0.88638	0.89110	0.88226	0.89011	11113
2011-09-26 00:00	0.89016	0.89068	0.87542	0.88440	134894
2011-09-27 00:00	0.88434	0.89463	0.88291	0.88761	116338
2011-09-28 00:00	0.88767	0.89065	0.87589	0.87662	114835
2011-09-29 00:00	0.87662	0.88339	0.87246	0.87677	120053
2011-09-30 00:00	0.87682	0.88438	0.87393	0.87696	112350
2011-10-02 00:00	0.87907	0.88159	0.87768	0.87968	10211
2011-10-03 00:00	0.87973	0.88313	0.87428	0.87635	135897
2011-10-04 00:00	0.87631	0.87981	0.86726	0.87611	153863
2011-10-05 00:00	0.87609	0.89270	0.87409	0.88927	136370
2011-10-06 00:00	0.88926	0.90277	0.88912	0.89629	132886
2011-10-07 00:00	0.89622	0.90948	0.89561	0.90580	121367
2011-10-09 00:00	0.90437	0.90608	0.90337	0.90602	7366
2011-10-10 00:00	0.90607	0.90962	0.89853	0.90151	113047
2011-10-11 00:00	0.90148	0.90827	0.89770	0.90302	116296
2011-10-12 00:00	0.90302	0.91208	0.89851	0.90917	126249
2011-10-13 00:00	0.90917	0.91727	0.90892	0.91502	120712
2011-10-14 00:00	0.91501	0.92349	0.91332	0.92137	98661
2011-10-16 00:00	0.92101	0.92202	0.91939	0.92007	6845
2011-10-17 00:00	0.92011	0.92381	0.91196	0.91452	112998
2011-10-18 00:00	0.91452	0.92435	0.91107	0.92121	131618
2011-10-19 00:00	0.92116	0.93007	0.91977	0.92497	118730
2011-10-20 00:00	0.92507	0.92587	0.91367	0.91477	137621
2011-10-21 00:00	0.91475	0.91860	0.90666	0.91502	106769
2011-10-23 00:00	0.91401	0.91401	0.91049	0.91265	8692
2011-10-24 00:00	0.91271	0.92393	0.91179	0.91985	108604
2011-10-25 00:00	0.91982	0.92372	0.91464	0.91544	112529
2011-10-26 00:00	0.91541	0.91811	0.90361	0.91645	113851
2011-10-27 00:00	0.91640	0.92983	0.91492	0.92111	124272
2011-10-28 00:00	0.92105	0.92591	0.91773	0.92316	89423
2011-10-30 00:00	0.92268	0.92401	0.91967	0.92017	5516
2011-10-31 00:00	0.92017	0.92660	0.91683	0.92478	123269
2011-11-01 00:00	0.92485	0.92758	0.91455	0.91662	145089
2011-11-02 00:00	0.91659	0.92069	0.90826	0.90856	126383
2011-11-03 00:00	0.90851	0.92172	0.90589	0.91436	137545
2011-11-04 00:00	0.91438	0.92177	0.91201	0.91752	110384
2011-11-06 00:00	0.92330	0.92692	0.92237	0.92585	6657
2011-11-07 00:00	0.92581	0.93576	0.92244	0.93372	118769
2011-11-08 00:00	0.93371	0.93623	0.92299	0.92837	109096
2011-11-09 00:00	0.92837	0.92977	0.92011	0.92321	124945
2011-11-10 00:00	0.92324	0.92835	0.91536	0.91944	127566
2011-11-11 00:00	0.91946	0.92813	0.91600	0.92476	88913
2011-11-13 00:00	0.92898	0.93108	0.92665	0.92892	6650
2011-11-14 00:00	0.92891	0.93019	0.92184	0.92707	145756
2011-11-15 00:00	0.92704	0.93349	0.92541	0.93071	142621
2011-11-16 00:00	0.93074	0.93279	0.92490	0.92618	160251
2011-11-17 00:00	0.92615	0.92982	0.91755	0.92030	163200
2011-11-18 00:00	0.92027	0.92240	0.91312	0.91691	146477
2011-11-20 00:00	0.91672	0.91831	0.91408	0.91566	5992
2011-11-21 00:00	0.91563	0.91621	0.89966	0.90406	140937
2011-11-22 00:00	0.90406	0.90633	0.89787	0.89948	129547
2011-11-23 00:00	0.89946	0.89981	0.88847	0.89178	141973
2011-11-24 00:00	0.89184	0.89910	0.89136	0.89319	108473
2011-11-25 00:00	0.89315	0.91049	0.89194	0.90262	109139
2011-11-27 00:00	0.91115	0.91374	0.90858	0.91180	7255
2011-11-28 00:00	0.91183	0.91758	0.91068	0.91412	134640
2011-11-29 00:00	0.91414	0.92478	0.91147	0.92267	139592
2011-11-30 00:00	0.92273	0.93971	0.91883	0.93669	150961
2011-12-01 00:00	0.93679	0.93965	0.92604	0.93561	133707
2011-12-02 00:00	0.93562	0.94447	0.93427	0.94092	114628
2011-12-04 00:00	0.94392	0.94508	0.94171	0.94192	6500
2011-12-05 00:00	0.94192	0.94709	0.94039	0.94502	119937
2011-12-06 00:00	0.94505	0.95056	0.93862	0.94811	119770
2011-12-07 00:00	0.94811	0.95338	0.94683	0.94982	112542
2011-12-08 00:00	0.94986	0.95370	0.93999	0.94197	135201
2011-12-09 00:00	0.94193	0.94616	0.93126	0.94282	116234
2011-12-11 00:00	0.94436	0.94542	0.94294	0.94468	4706
2011-12-12 00:00	0.94464	0.94486	0.93848	0.94232	125312
2011-12-13 00:00	0.94228	0.95104	0.94142	0.94495	131847
2011-12-14 00:00	0.94495	0.94852	0.94109	0.94440	135131
2011-12-15 00:00	0.94438	0.94557	0.93175	0.93363	167011
2011-12-16 00:00	0.93368	0.94009	0.93223	0.93423	107342
2011-12-18 00:00	0.93507	0.93531	0.93208	0.93270	4837
2011-12-19 00:00	0.93270	0.93369	0.92627	0.92904	162173
2011-12-20 00:00	0.92904	0.93956	0.92822	0.93854	145400
2011-12-21 00:00	0.93858	0.94678	0.93788	0.94267	163361
2011-12-22 00:00	0.94270	0.95049	0.94179	0.94779	118236
2011-12-23 00:00	0.94779	0.95296	0.94777	0.94851	72022
2011-12-25 00:00	0.95068	0.95117	0.94958	0.95011	136
2011-12-26 00:00	0.95007	0.95211	0.94848	0.95098	19587
2011-12-27 00:00	0.95098	0.95275	0.94698	0.94767	67512
2011-12-28 00:00	0.94767	0.95517	0.94757	0.95056	116710
2011-12-29 00:00	0.95054	0.95537	0.94861	0.95308	124443
2011-12-30 00:00	0.95308	0.96314	0.95308	0.95777	110051
2012-01-01 00:00	0.95967	0.96092	0.95797	0.95825	821
2012-01-02 00:00	0.95825	0.96337	0.95418	0.96281	43791
2012-01-03 00:00	0.96278	0.96927	0.96215	0.96612	145474
2012-01-04 00:00	0.96612	0.97682	0.96374	0.97434	105366
2012-01-05 00:00	0.97430	0.97881	0.97111	0.97608	204894
2012-01-06 00:00	0.97604	0.98028	0.97384	0.97656	108240
2012-01-08 00:00	0.97662	0.97784	0.97588	0.97744	6900
2012-01-09 00:00	0.97748	0.97748	0.97026	0.97192	105998
2012-01-10 00:00	0.97196	0.98192	0.97184	0.97875	107329
2012-01-11 00:00	0.97875	0.98458	0.97724	0.98339	91876
2012-01-12 00:00	0.98335	0.98470	0.97220	0.97546	122134
2012-01-13 00:00	0.97552	0.98427	0.97316	0.98276	112889
2012-01-15 00:00	0.98237	0.98378	0.98064	0.98069	6664
2012-01-16 00:00	0.98069	0.98628	0.97894	0.98607	85450
2012-01-17 00:00	0.98607	0.98962	0.98395	0.98526	111436
2012-01-18 00:00	0.98522	0.98583	0.97717	0.97782	117306
2012-01-19 00:00	0.97782	0.97910	0.97023	0.97100	118099
2012-01-20 00:00	0.97093	0.97999	0.96958	0.97936	129451
2012-01-22 00:00	0.98222	0.98406	0.97999	0.98078	5927
2012-01-23 00:00	0.98070	0.98376	0.97524	0.97553	88909
2012-01-24 00:00	0.97553	0.97653	0.96858	0.97201	94015
2012-01-25 00:00	0.97193	0.97820	0.96847	0.97619	111687
2012-01-26 00:00	0.97619	0.98061	0.97566	0.97798	103996
2012-01-27 00:00	0.97803	0.98143	0.97184	0.97222	89661
2012-01-29 00:00	0.96997	0.97224	0.96967	0.97119	6239
2012-01-30 00:00	0.97116	0.97351	0.96658	0.97135	95593
2012-01-31 00:00	0.97139	0.97800	0.97069	0.97616	125580
2012-02-01 00:00	0.97624	0.98205	0.97540	0.97994	110176
2012-02-02 00:00	0.97994	0.98484	0.97868	0.98195	100515
2012-02-03 00:00	0.98191	0.99181	0.97797	0.98847	111899
2012-02-05 00:00	0.98937	0.99046	0.98758	0.98820	5888
2012-02-06 00:00	0.98823	0.99055	0.98438	0.98561	118265
2012-02-07 00:00	0.98561	0.99445	0.98395	0.98471	147039
2012-02-08 00:00	0.98471	0.98999	0.98352	0.98513	139236
2012-02-09 00:00	0.98511	0.98618	0.98176	0.98214	168719
2012-02-10 00:00	0.98218	0.98281	0.97341	0.97777	207760
2012-02-12 00:00	0.97772	0.97890	0.97634	0.97831	13160
2012-02-13 00:00	0.97831	0.98458	0.97816	0.98319	203872
2012-02-14 00:00	0.98320	0.98425	0.97942	0.98405	221300
2012-02-15 00:00	0.98404	0.99144	0.98237	0.98774	223199
2012-02-16 00:00	0.98768	0.99352	0.98711	0.98810	224254
2012-02-17 00:00	0.98812	0.99191	0.98121	0.98397	185304
2012-02-19 00:00	0.98786	0.98893	0.98590	0.98791	14893
2012-02-20 00:00	0.98788	0.98862	0.97804	0.97962	144124
2012-02-21 00:00	0.97964	0.98013	0.97108	0.97296	215452
2012-02-22 00:00	0.97298	0.97433	0.96645	0.96778	191507
2012-02-23 00:00	0.96778	0.97083	0.96424	0.96647	152925
2012-02-24 00:00	0.96645	0.96898	0.95662	0.95786	128241
2012-02-26 00:00	0.95765	0.95858	0.95559	0.95621	8391
2012-02-27 00:00	0.95623	0.96958	0.95437	0.96656	147938
2012-02-28 00:00	0.96656	0.96745	0.96194	0.96551	152032
2012-02-29 00:00	0.96552	0.97426	0.96461	0.97184	178575
2012-03-01 00:00	0.97187	0.97952	0.96978	0.97826	159120
2012-03-02 00:00	0.97831	0.98381	0.97670	0.98066	140446
2012-03-04 00:00	0.98201	0.98216	0.98020	0.98055	5042
2012-03-05 00:00	0.98053	0.98091	0.97166	0.97334	160517
2012-03-06 00:00	0.97337	0.97461	0.96737	0.97054	188818
2012-03-07 00:00	0.97049	0.97107	0.96529	0.96888	155972
2012-03-08 00:00	0.96888	0.97304	0.96274	0.96684	169260
2012-03-09 00:00	0.96684	0.97614	0.96503	0.97139	146782
2012-03-11 00:00	0.97089	0.97198	0.97007	0.97059	3809
2012-03-12 00:00	0.97063	0.97085	0.96078	0.96385	139021
2012-03-13 00:00	0.96385	0.97478	0.96268	0.97345	161856
2012-03-14 00:00	0.97347	0.97580	0.96963	0.97244	159561
2012-03-15 00:00	0.97244	0.97494	0.97024	0.97115	156917
2012-03-16 00:00	0.97123	0.97434	0.96857	0.96936	129782
2012-03-18 00:00	0.96988	0.97146	0.96851	0.97070	5359
2012-03-19 00:00	0.97067	0.97259	0.96499	0.96615	130694
2012-03-20 00:00	0.96617	0.96812	0.95408	0.95521	153901
2012-03-21 00:00	0.95517	0.95627	0.95019	0.95410	160764
2012-03-22 00:00	0.95412	0.95432	0.94603	0.94938	190263
2012-03-23 00:00	0.94938	0.95204	0.94476	0.95007	165402
2012-03-25 00:00	0.94958	0.95227	0.94886	0.95135	5191
2012-03-26 00:00	0.95132	0.95476	0.94859	0.95070	171802
2012-03-27 00:00	0.95070	0.95284	0.94433	0.94448	166570
2012-03-28 00:00	0.94448	0.94456	0.93839	0.93992	190729
2012-03-29 00:00	0.93988	0.94178	0.93606	0.93923	195557
2012-03-30 00:00	0.93929	0.93994	0.93361	0.93416	160480
2012-04-01 00:00	0.94127	0.94169	0.93920	0.93964	9571
2012-04-02 00:00	0.93961	0.94359	0.93602	0.94136	165962
2012-04-03 00:00	0.94138	0.94416	0.93451	0.93881	187881
2012-04-04 00:00	0.93876	0.94248	0.93567	0.94105	180379
2012-04-05 00:00	0.94105	0.94925	0.93873	0.94697	140903
2012-04-06 00:00	0.94697	0.94965	0.94223	0.94486	70057
2012-04-08 00:00	0.94363	0.94598	0.94287	0.94449	6457
2012-04-09 00:00	0.94449	0.94834	0.94383	0.94515	99130
2012-04-10 00:00	0.94517	0.94721	0.93964	0.93979	183384
2012-04-11 00:00	0.93988	0.94698	0.93960	0.94638	174208
2012-04-12 00:00	0.94636	0.95281	0.94488	0.95094	185497
2012-04-13 00:00	0.95100	0.95520	0.94703	0.95327	159726
2012-04-15 00:00	0.95431	0.95507	0.95256	0.95298	6791
2012-04-16 00:00	0.95298	0.95627	0.94667	0.94778	185366
2012-04-17 00:00	0.94781	0.95353	0.94471	0.95167	173735
2012-04-18 00:00	0.95161	0.95412	0.94773	0.95001	178164
2012-04-19 00:00	0.95003	0.95052	0.94399	0.94609	178843
2012-04-20 00:00	0.94597	0.94617	0.94113	0.94266	159445
2012-04-22 00:00	0.94477	0.94487	0.94300	0.94437	4419
2012-04-23 00:00	0.94440	0.94448	0.93977	0.94188	168111
2012-04-24 00:00	0.94186	0.94335	0.93598	0.94098	173192
2012-04-25 00:00	0.94102	0.94277	0.93842	0.94085	165086
2012-04-26 00:00	0.94081	0.94487	0.94036	0.94438	170222
2012-04-27 00:00	0.94438	0.94937	0.94355	0.94877	155464
2012-04-29 00:00	0.94859	0.94942	0.94779	0.94822	4616
2012-04-30 00:00	0.94822	0.94835	0.94452	0.94583	145196
2012-05-01 00:00	0.94583	0.94604	0.93328	0.93818	118085
2012-05-02 00:00	0.93818	0.94510	0.93796	0.94173	163467
2012-05-03 00:00	0.94176	0.94272	0.93586	0.93760	148436
2012-05-04 00:00	0.93757	0.93851	0.92960	0.93387	144448
2012-05-06 00:00	0.93688	0.93784	0.93534	0.93768	16222
2012-05-07 00:00	0.93768	0.94039	0.93524	0.93943	158172
2012-05-08 00:00	0.93945	0.93968	0.93261	0.93344	189686
2012-05-09 00:00	0.93344	0.93447	0.93059	0.93328	227454
2012-05-10 00:00	0.93328	0.93959	0.93271	0.93409	204367
2012-05-11 00:00	0.93406	0.93593	0.93104	0.93147	180448
2012-05-13 00:00	0.93175	0.93350	0.93154	0.93324	10075
2012-05-14 00:00	0.93322	0.93489	0.92975	0.93336	191927
2012-05-15 00:00	0.93332	0.93912	0.93181	0.93747	196636
2012-05-16 00:00	0.93747	0.93885	0.93371	0.93674	218303
2012-05-17 00:00	0.93671	0.94024	0.93485	0.93572	224269
2012-05-18 00:00	0.93572	0.93575	0.92140	0.92462	234332
2012-05-20 00:00	0.92542	0.92577	0.92320	0.92503	8233
2012-05-21 00:00	0.92501	0.92978	0.92420	0.92942	207870
2012-05-22 00:00	0.92942	0.93229	0.92637	0.92658	219291
2012-05-23 00:00	0.92655	0.93216	0.92417	0.93000	243707
2012-05-24 00:00	0.93000	0.93883	0.92885	0.93596	228170
2012-05-25 00:00	0.93593	0.93847	0.93337	0.93607	181661
2012-05-27 00:00	0.93817	0.94069	0.93669	0.93842	11194
2012-05-28 00:00	0.93839	0.94462	0.93832	0.94219	136368
2012-05-29 00:00	0.94217	0.94684	0.94136	0.94585	213599
2012-05-30 00:00	0.94582	0.94626	0.94064	0.94186	233533
2012-05-31 00:00	0.94186	0.94800	0.93983	0.94421	230895
2012-06-01 00:00	0.94421	0.94496	0.93477	0.93651	237532
2012-06-03 00:00	0.93772	0.93797	0.93362	0.93401	12211
2012-06-04 00:00	0.93406	0.93858	0.93265	0.93491	193114
2012-06-05 00:00	0.93490	0.94270	0.93199	0.94190	229237
2012-06-06 00:00	0.94190	0.95160	0.94118	0.94633	242179
2012-06-07 00:00	0.94637	0.95329	0.94351	0.94695	223291
2012-06-08 00:00	0.94698	0.95379	0.94400	0.95131	213042
2012-06-10 00:00	0.94887	0.95044	0.94682	0.94821	19176
2012-06-11 00:00	0.94825	0.95398	0.94779	0.95054	215658
2012-06-12 00:00	0.95051	0.95690	0.94948	0.95568	211881
2012-06-13 00:00	0.95648	0.95689	0.94902	0.95030	204629
2012-06-14 00:00	0.95030	0.95371	0.94881	0.95191	211873
2012-06-15 00:00	0.95191	0.95857	0.95128	0.95618	184532
2012-06-17 00:00	0.95615	0.95680	0.95318	0.95607	13955
2012-06-18 00:00	0.95607	0.96873	0.95518	0.96395	207194
2012-06-19 00:00	0.96395	0.96788	0.96189	0.96381	199393
2012-06-20 00:00	0.96379	0.96593	0.96129	0.96551	204001
2012-06-21 00:00	0.96551	0.96612	0.95972	0.96107	210902
2012-06-22 00:00	0.96109	0.96344	0.95837	0.96107	165439
2012-06-24 00:00	0.96117	0.96202	0.96047	0.96150	5400
2012-06-25 00:00	0.96152	0.96297	0.95921	0.96159	166841
2012-06-26 00:00	0.96158	0.96881	0.96140	0.96628	181568
2012-06-27 00:00	0.96628	0.97159	0.96559	0.97011	160692
2012-06-28 00:00	0.97008	0.97410	0.96690	0.96826	211691
2012-06-29 00:00	0.96826	0.97506	0.96514	0.97056	222428
2012-07-01 00:00	0.97203	0.97314	0.97142	0.97214	8457
2012-07-02 00:00	0.97213	0.97942	0.97192	0.97721	166499
2012-07-03 00:00	0.97720	0.98086	0.97662	0.97982	149087
2012-07-04 00:00	0.97985	0.98710	0.97977	0.98503	115381
2012-07-05 00:00	0.98504	0.99895	0.98206	0.99642	174475
2012-07-06 00:00	0.99642	0.99983	0.99295	0.99742	169288
2012-07-08 00:00	0.99837	0.99980	0.99657	0.99788	10260
2012-07-09 00:00	0.99788	0.99825	0.99279	0.99495	142447
2012-07-10 00:00	0.99488	1.00159	0.99283	0.99812	157282
2012-07-11 00:00	0.99811	1.00601	0.99761	1.00494	160761
2012-07-12 00:00	1.00494	1.00583	0.99547	0.99796	169529
2012-07-13 00:00	0.99796	1.00392	0.99648	1.00252	153311
2012-07-15 00:00	1.00304	1.00439	1.00290	1.00351	5820
2012-07-16 00:00	1.00352	1.00698	1.00128	1.00255	127041
2012-07-17 00:00	1.00257	1.00973	1.00194	1.00767	160695
2012-07-18 00:00	1.00769	1.01464	1.00575	1.01337	161801
2012-07-19 00:00	1.01337	1.02270	1.01291	1.01961	169792
2012-07-20 00:00	1.01960	1.02588	1.01843	1.02491	152182
2012-07-22 00:00	1.02617	1.02636	1.02357	1.02362	8360
2012-07-23 00:00	1.02362	1.02375	1.01545	1.01720	185982
2012-07-24 00:00	1.01723	1.02307	1.01614	1.01684	183339
2012-07-25 00:00	1.01684	1.02074	1.01275	1.01889	204747
2012-07-26 00:00	1.01889	1.02283	1.01387	1.01647	204419
2012-07-27 00:00	1.01644	1.02333	1.01272	1.02166	192761
2012-07-29 00:00	1.02262	1.02319	1.02037	1.02120	4925
2012-07-30 00:00	1.02120	1.03050	1.02109	1.02823	129476
2012-07-31 00:00	1.02828	1.03115	1.02351	1.02400	160319
2012-08-01 00:00	1.02403	1.02869	1.02318	1.02724	150029
2012-08-02 00:00	1.02727	1.03482	1.02472	1.03127	175448
2012-08-03 00:00	1.03127	1.03440	1.02365	1.02472	161267
2012-08-05 00:00	1.02391	1.02558	1.02024	1.02077	6979
2012-08-06 00:00	1.02077	1.02914	1.02066	1.02381	139019
2012-08-07 00:00	1.02381	1.02690	1.02077	1.02178	136180
2012-08-08 00:00	1.02180	1.02827	1.02139	1.02471	130917
2012-08-09 00:00	1.02471	1.03418	1.02466	1.03268	141994
2012-08-10 00:00	1.03271	1.03362	1.02715	1.03297	127140
2012-08-12 00:00	1.03111	1.03268	1.03053	1.03232	3163
2012-08-13 00:00	1.03232	1.03284	1.02148	1.02417	120274
2012-08-14 00:00	1.02417	1.02468	1.02041	1.02188	129591
2012-08-15 00:00	1.02188	1.02809	1.01852	1.02552	117642
2012-08-16 00:00	1.02552	1.02732	1.01934	1.02280	128835
2012-08-17 00:00	1.02280	1.02295	1.01336	1.01421	122917
2012-08-19 00:00	1.01461	1.01649	1.01342	1.01635	3244
2012-08-20 00:00	1.01630	1.01973	1.01472	1.01599	112895
2012-08-21 00:00	1.01599	1.01960	1.00741	1.00762	124785
2012-08-22 00:00	1.00762	1.00807	1.00400	1.00676	144664
2012-08-23 00:00	1.00676	1.00907	0.99667	0.99742	144071
2012-08-24 00:00	0.99742	0.99938	0.99483	0.99812	129837
2012-08-26 00:00	1.00027	1.00071	0.99855	0.99886	5355
2012-08-27 00:00	0.99888	0.99964	0.99497	0.99545	54361
2012-08-28 00:00	0.99545	0.99821	0.99013	0.99100	108224
2012-08-29 00:00	0.99100	0.99478	0.98991	0.99081	92126
2012-08-30 00:00	0.99081	0.99117	0.98670	0.98670	102250
2012-08-31 00:00	0.98671	0.98986	0.98167	0.98492	114649
2012-09-02 00:00	0.98247	0.98311	0.98073	0.98073	4772
2012-09-03 00:00	0.98076	0.98161	0.97547	0.97687	78266
2012-09-04 00:00	0.97689	0.97947	0.97354	0.97793	112508
2012-09-05 00:00	0.97793	0.97943	0.97110	0.97363	141972
2012-09-06 00:00	0.97357	0.98383	0.97077	0.98061	147272
2012-09-07 00:00	0.98061	0.99009	0.97938	0.97967	137352
2012-09-09 00:00	0.97866	0.98086	0.97767	0.97953	5154
2012-09-10 00:00	0.97950	0.98166	0.97698	0.97772	102642
2012-09-11 00:00	0.97768	0.98245	0.97432	0.97917	125252
2012-09-12 00:00	0.97917	0.98569	0.97910	0.98027	138548
2012-09-13 00:00	0.98027	0.98839	0.97690	0.98505	135792
2012-09-14 00:00	0.98505	0.98892	0.97621	0.97702	136085
2012-09-16 00:00	0.97748	0.97816	0.97577	0.97591	4520
2012-09-17 00:00	0.97591	0.97940	0.97030	0.97125	117950
2012-09-18 00:00	0.97121	0.97172	0.96397	0.97013	134455
2012-09-19 00:00	0.97013	0.97343	0.96712	0.96973	133245
2012-09-20 00:00	0.96977	0.97456	0.96605	0.97269	137333
2012-09-21 00:00	0.97267	0.97975	0.97256	0.97477	120469
2012-09-23 00:00	0.97416	0.97569	0.97317	0.97363	4708
2012-09-24 00:00	0.97364	0.97635	0.97225	0.97393	106940
2012-09-25 00:00	0.97393	0.97791	0.97126	0.97148	128412
2012-09-26 00:00	0.97148	0.97463	0.97072	0.97394	119150
2012-09-27 00:00	0.97399	0.98019	0.97352	0.97814	108737
2012-09-28 00:00	0.97819	0.97976	0.97354	0.97477	116684
2012-09-30 00:00	0.97487	0.97698	0.97354	0.97653	6928
2012-10-01 00:00	0.97649	0.97719	0.97109	0.97206	124145
2012-10-02 00:00	0.97206	0.97317	0.95978	0.96071	130659
2012-10-03 00:00	0.96070	0.96093	0.95553	0.95887	126647
2012-10-04 00:00	0.95887	0.95948	0.95221	0.95321	137788
2012-10-05 00:00	0.95321	0.95629	0.94434	0.94585	109959
2012-10-07 00:00	0.94406	0.94702	0.94378	0.94689	4731
2012-10-08 00:00	0.94689	0.95334	0.94628	0.95259	102690
2012-10-09 00:00	0.95259	0.96062	0.95254	0.95955	134822
2012-10-10 00:00	0.95960	0.96374	0.95843	0.96077	133763
2012-10-11 00:00	0.96077	0.96610	0.95812	0.95882	129891
2012-10-12 00:00	0.95883	0.96150	0.95336	0.95507	119272
2012-10-14 00:00	0.95657	0.95657	0.95431	0.95552	5770
2012-10-15 00:00	0.95551	0.95813	0.95410	0.95652	111135
2012-10-16 00:00	0.95652	0.95784	0.94890	0.95116	129212
2012-10-17 00:00	0.95116	0.95802	0.95102	0.95719	126679
2012-10-18 00:00	0.95721	0.96016	0.95622	0.95901	121597
2012-10-19 00:00	0.95901	0.96033	0.95756	0.95911	101020
2012-10-21 00:00	0.95746	0.95803	0.95603	0.95622	4103
2012-10-22 00:00	0.95622	0.95779	0.95508	0.95729	104808
2012-10-23 00:00	0.95726	0.95874	0.95450	0.95785	115862
2012-10-24 00:00	0.95782	0.96715	0.95782	0.96489	127490
2012-10-25 00:00	0.96489	0.96866	0.96478	0.96787	120497
2012-10-26 00:00	0.96787	0.97037	0.96391	0.96907	122931
2012-10-28 00:00	0.96852	0.97008	0.96742	0.96871	4257
2012-10-29 00:00	0.96871	0.97078	0.96676	0.96784	69950
2012-10-30 00:00	0.96784	0.97019	0.96482	0.96611	87951
2012-10-31 00:00	0.96602	0.96836	0.96303	0.96596	109267
2012-11-01 00:00	0.96596	0.97056	0.96507	0.96994	103313
2012-11-02 00:00	0.96993	0.97674	0.96914	0.97156	116412
2012-11-04 00:00	0.97304	0.97362	0.97234	0.97344	2791
2012-11-05 00:00	0.97341	0.97916	0.97240	0.97905	99671
2012-11-06 00:00	0.97905	0.98567	0.97837	0.98369	107958
2012-11-07 00:00	0.98373	0.98783	0.98122	0.98374	156619
2012-11-08 00:00	0.98374	0.98865	0.98254	0.98411	131112
2012-11-09 00:00	0.98414	0.98658	0.98251	0.98500	118696
2012-11-11 00:00	0.98617	0.98617	0.98405	0.98527	2934
2012-11-12 00:00	0.98522	0.98999	0.98476	0.98860	72019
2012-11-13 00:00	0.98863	0.99047	0.98624	0.98913	108454
2012-11-14 00:00	0.98913	0.98976	0.97886	0.97985	117253
2012-11-15 00:00	0.97985	0.98119	0.97076	0.97409	104475
2012-11-16 00:00	0.97409	0.97864	0.97287	0.97711	104723
2012-11-18 00:00	0.97796	0.97945	0.97714	0.97823	3235
2012-11-19 00:00	0.97827	0.98175	0.97743	0.98042	92888
2012-11-20 00:00	0.98042	0.98185	0.97454	0.97664	102133
2012-11-21 00:00	0.97664	0.97934	0.97095	0.97218	100033
2012-11-22 00:00	0.97218	0.97472	0.96936	0.97067	74283
2012-11-23 00:00	0.97067	0.97318	0.96933	0.97001	82982
2012-11-25 00:00	0.97086	0.97144	0.96972	0.97029	2644
2012-11-26 00:00	0.97029	0.97194	0.96895	0.97019	85310
2012-11-27 00:00	0.97019	0.97489	0.97018	0.97175	97283
2012-11-28 00:00	0.97174	0.97529	0.97115	0.97330	100777
2012-11-29 00:00	0.97330	0.97384	0.96650	0.96765	94251
2012-11-30 00:00	0.96768	0.96777	0.96425	0.96721	100977
2012-12-02 00:00	0.96752	0.96776	0.96639	0.96675	7209
2012-12-03 00:00	0.96676	0.96734	0.96237	0.96462	98744
2012-12-04 00:00	0.96466	0.97309	0.96339	0.97034	100659
2012-12-05 00:00	0.97032	0.97352	0.96750	0.96778	108770
2012-12-06 00:00	0.96778	0.97949	0.96697	0.97675	116804
2012-12-07 00:00	0.97675	0.98214	0.97623	0.97960	98640
2012-12-09 00:00	0.98272	0.98281	0.98061	0.98085	4126
2012-12-10 00:00	0.98085	0.98194	0.97830	0.97898	86866
2012-12-11 00:00	0.97899	0.98237	0.97681	0.98140	93093
2012-12-12 00:00	0.98141	0.98320	0.97625	0.97712	93894
2012-12-13 00:00	0.97712	0.97799	0.97099	0.97273	94218
2012-12-14 00:00	0.97271	0.97397	0.96895	0.96914	88083
2012-12-16 00:00	0.96691	0.96937	0.96556	0.96890	7367
2012-12-17 00:00	0.96890	0.96956	0.96625	0.96777	73586
2012-12-18 00:00	0.96777	0.96845	0.95939	0.96028	82579
2012-12-19 00:00	0.96028	0.96101	0.95318	0.95701	95253
2012-12-20 00:00	0.95701	0.95921	0.95208	0.95577	95611
2012-12-21 00:00	0.95577	0.95644	0.95122	0.95126	98435
2012-12-23 00:00	0.95277	0.95347	0.95040	0.95227	4300
2012-12-24 00:00	0.95227	0.95414	0.94686	0.94960	58929
2012-12-25 00:00	0.94958	0.95073	0.94853	0.94987	12399
2012-12-26 00:00	0.94987	0.95024	0.94438	0.94631	53567
2012-12-27 00:00	0.94626	0.94881	0.94327	0.94599	82542
2012-12-28 00:00	0.94599	0.95281	0.94556	0.94659	69430
2012-12-30 00:00	0.94614	0.94844	0.94591	0.94817	3681
2012-12-31 00:00	0.94817	0.95193	0.94648	0.95012	72672
2013-01-01 00:00	0.95073	0.95141	0.94842	0.95107	8139
2013-01-02 00:00	0.95105	0.96478	0.94970	0.96297	113668
2013-01-03 00:00	0.96298	0.97163	0.96278	0.96981	106160
2013-01-04 00:00	0.96978	0.97089	0.96598	0.96849	106524
2013-01-06 00:00	0.96857	0.97119	0.96834	0.97050	3778
2013-01-07 00:00	0.97048	0.97405	0.96610	0.96792	93647
2013-01-08 00:00	0.96792	0.97158	0.96473	0.97110	95971
2013-01-09 00:00	0.97110	0.97614	0.96934	0.97263	96874
2013-01-10 00:00	0.97263	0.97811	0.96662	0.96693	115096
2013-01-11 00:00	0.96693	0.97018	0.96066	0.96196	111152
2013-01-13 00:00	0.96226	0.96344	0.96109	0.96274	5196
2013-01-14 00:00	0.96269	0.97491	0.96078	0.97463	109800
2013-01-15 00:00	0.97463	0.98511	0.97262	0.98442	151062
2013-01-16 00:00	0.98442	0.98550	0.97911	0.98283	129278
2013-01-17 00:00	0.98286	0.98622	0.97736	0.98394	148831
2013-01-18 00:00	0.98394	0.98751	0.97596	0.98153	143724
2013-01-20 00:00	0.98207	0.98221	0.98079	0.98102	3654
2013-01-21 00:00	0.98102	0.98298	0.97864	0.98262	76134
2013-01-22 00:00	0.98262	0.98456	0.97915	0.98147	145730
2013-01-23 00:00	0.98148	0.98317	0.97786	0.97967	115809
2013-01-24 00:00	0.97967	0.98059	0.96996	0.97068	131717
2013-01-25 00:00	0.97068	0.97325	0.96257	0.96486	125913
2013-01-27 00:00	0.96537	0.96708	0.96442	0.96496	4753
2013-01-28 00:00	0.96489	0.96818	0.96197	0.96530	105409
2013-01-29 00:00	0.96530	0.96839	0.96113	0.96482	109242
2013-01-30 00:00	0.96481	0.96626	0.94780	0.94893	128995
2013-01-31 00:00	0.94893	0.95155	0.94359	0.94821	113257
2013-02-01 00:00	0.94826	0.94976	0.93760	0.94462	126500
2013-02-03 00:00	0.94661	0.94707	0.94500	0.94670	3697
2013-02-04 00:00	0.94667	0.95130	0.94488	0.94887	97575
2013-02-05 00:00	0.94887	0.95138	0.94189	0.94329	130437
2013-02-06 00:00	0.94329	0.94440	0.93679	0.93894	121932
2013-02-07 00:00	0.93894	0.94784	0.93565	0.94410	136156
2013-02-08 00:00	0.94410	0.94929	0.94200	0.94586	109350
2013-02-10 00:00	0.94564	0.94711	0.94525	0.94662	3217
2013-02-11 00:00	0.94661	0.94720	0.94041	0.94452	100662
2013-02-12 00:00	0.94447	0.94808	0.93727	0.94752	116021
2013-02-13 00:00	0.94752	0.95161	0.94530	0.95000	99640
2013-02-14 00:00	0.95000	0.95678	0.94890	0.95435	104660
2013-02-15 00:00	0.95434	0.95668	0.94868	0.94957	104290
2013-02-17 00:00	0.94931	0.95066	0.94782	0.95046	3439
2013-02-18 00:00	0.95046	0.95282	0.94807	0.95238	76757
2013-02-19 00:00	0.95238	0.95702	0.95138	0.95411	89514
2013-02-20 00:00	0.95411	0.95488	0.94831	0.95091	120566
2013-02-21 00:00	0.95098	0.95966	0.94968	0.95799	128106
2013-02-22 00:00	0.95794	0.96298	0.95594	0.95924	103379
2013-02-24 00:00	0.95732	0.95876	0.95507	0.95810	6317
2013-02-25 00:00	0.95810	0.96114	0.95197	0.95673	165761
2013-02-26 00:00	0.95668	0.95899	0.95030	0.95337	179622
2013-02-27 00:00	0.95337	0.95404	0.94691	0.94993	154135
2013-02-28 00:00	0.94993	0.95782	0.94655	0.95725	124177
2013-03-01 00:00	0.95725	0.96552	0.95544	0.96170	111488
2013-03-03 00:00	0.96112	0.96128	0.95989	0.96061	3528
2013-03-04 00:00	0.96061	0.96083	0.95347	0.95932	90125
2013-03-05 00:00	0.95931	0.96657	0.95865	0.96611	96265
2013-03-06 00:00	0.96609	0.97216	0.96512	0.97061	96338
2013-03-07 00:00	0.97062	0.97312	0.96669	0.96790	102451
2013-03-08 00:00	0.96791	0.97734	0.96663	0.97274	98979
2013-03-10 00:00	0.97171	0.97321	0.97103	0.97266	5874
2013-03-11 00:00	0.97269	0.97569	0.97121	0.97449	78997
2013-03-12 00:00	0.97448	0.97848	0.97391	0.97816	99066
2013-03-13 00:00	0.97815	0.98216	0.97415	0.98109	103791
2013-03-14 00:00	0.98107	0.99009	0.98066	0.98295	107090
2013-03-15 00:00	0.98295	0.98335	0.97383	0.97686	89598
2013-03-17 00:00	0.97761	0.97991	0.97478	0.97846	13066
2013-03-18 00:00	0.97846	0.98497	0.97637	0.98446	96518
2013-03-19 00:00	0.98446	0.98489	0.97801	0.98189	108939
2013-03-20 00:00	0.98192	0.98407	0.97772	0.98032	98749
2013-03-21 00:00	0.98032	0.98957	0.97905	0.98771	100847
2013-03-22 00:00	0.98775	0.98861	0.98087	0.98191	81478
2013-03-24 00:00	0.98487	0.98527	0.97766	0.98077	7478
2013-03-25 00:00	0.98077	0.99288	0.97987	0.99201	100507
2013-03-26 00:00	0.99204	0.99703	0.99112	0.99301	80124
2013-03-27 00:00	0.99302	0.99764	0.99229	0.99666	78091
2013-03-28 00:00	0.99666	0.99677	0.98680	0.98866	81201
2013-03-29 00:00	0.98865	0.99131	0.98676	0.98842	37894
2013-03-31 00:00	0.98964	0.98997	0.98824	0.98927	2453
2013-04-01 00:00	0.98926	0.99041	0.98531	0.98766	42830
2013-04-02 00:00	0.98766	0.99284	0.98631	0.99194	71505
2013-04-03 00:00	0.99193	0.99626	0.98741	0.98772	69125
2013-04-04 00:00	0.98772	0.99233	0.97838	0.98044	102384
2013-04-05 00:00	0.98043	0.98320	0.96648	0.96967	93615
2013-04-07 00:00	0.96967	0.96967	0.96656	0.96662	6727
2013-04-08 00:00	0.96665	0.97441	0.96645	0.97336	72512
2013-04-09 00:00	0.97332	0.98069	0.97109	0.97777	76905
2013-04-10 00:00	0.97780	0.98412	0.97670	0.98342	74835
2013-04-11 00:00	0.98341	0.98565	0.97983	0.98074	85029
2013-04-12 00:00	0.98077	0.98289	0.97275	0.97343	86813
2013-04-14 00:00	0.97338	0.97617	0.97287	0.97567	3777
2013-04-15 00:00	0.97564	0.97677	0.95760	0.96137	120924
2013-04-16 00:00	0.96132	0.96530	0.95599	0.95751	115200
2013-04-17 00:00	0.95752	0.96217	0.95434	0.96046	115521
2013-04-18 00:00	0.96043	0.96339	0.95704	0.95974	103403
2013-04-19 00:00	0.95974	0.96452	0.95664	0.95928	94913
2013-04-21 00:00	0.95756	0.95940	0.95711	0.95879	3219
2013-04-22 00:00	0.95884	0.96074	0.95761	0.95902	83641
2013-04-23 00:00	0.95902	0.97102	0.95512	0.97015	102829
2013-04-24 00:00	0.97015	0.97467	0.96724	0.97351	94127
2013-04-25 00:00	0.97351	0.97747	0.97165	0.97286	88696
2013-04-26 00:00	0.97284	0.97512	0.96663	0.96802	88372
2013-04-28 00:00	0.96723	0.96924	0.96648	0.96885	5391
2013-04-29 00:00	0.96884	0.97204	0.96760	0.96919	78650
2013-04-30 00:00	0.96920	0.97205	0.96002	0.96380	75409
2013-05-01 00:00	0.96380	0.96507	0.95180	0.95317	79285
2013-05-02 00:00	0.95317	0.95942	0.94851	0.95828	99476
2013-05-03 00:00	0.95828	0.96589	0.95416	0.96476	79258
2013-05-05 00:00	0.96282	0.96410	0.96274	0.96319	3385
2013-05-06 00:00	0.96317	0.96337	0.95795	0.96141	52576
2013-05-07 00:00	0.96141	0.96177	0.95435	0.95708	85929
2013-05-08 00:00	0.95711	0.95868	0.95007	0.95277	86511
2013-05-09 00:00	0.95275	0.96222	0.94981	0.95675	116834
2013-05-10 00:00	0.95670	0.96126	0.95435	0.95881	135514
2013-05-12 00:00	0.95850	0.95984	0.95706	0.95712	5723
2013-05-13 00:00	0.95712	0.95840	0.95209	0.95332	123609
2013-05-14 00:00	0.95332	0.95691	0.94746	0.95617	144943
2013-05-15 00:00	0.95617	0.96181	0.95280	0.95530	143785
2013-05-16 00:00	0.95534	0.95671	0.94457	0.94766	125207
2013-05-17 00:00	0.94769	0.94848	0.93962	0.94551	105102
2013-05-19 00:00	0.94637	0.94785	0.94442	0.94768	6014
2013-05-20 00:00	0.94766	0.94923	0.94535	0.94873	104820
2013-05-21 00:00	0.94873	0.95273	0.94470	0.95156	125988
2013-05-22 00:00	0.95153	0.95372	0.94517	0.94732	166769
2013-05-23 00:00	0.94730	0.94847	0.92963	0.93946	199266
2013-05-24 00:00	0.93942	0.94083	0.92505	0.92684	153201
2013-05-26 00:00	0.92702	0.92840	0.92537	0.92651	9885
2013-05-27 00:00	0.92651	0.92958	0.92435	0.92715	88640
2013-05-28 00:00	0.92715	0.94083	0.92712	0.93526	156051
2013-05-29 00:00	0.93526	0.93576	0.92489	0.92600	186721
2013-05-30 00:00	0.92600	0.93053	0.91928	0.92186	184590
2013-05-31 00:00	0.92187	0.92327	0.91219	0.91393	166721
2013-06-02 00:00	0.91852	0.92140	0.91701	0.92050	9319
2013-06-03 00:00	0.92051	0.92911	0.91779	0.92398	152526
2013-06-04 00:00	0.92398	0.92486	0.91126	0.91406	150182
2013-06-05 00:00	0.91406	0.91465	0.89421	0.89582	162576
2013-06-06 00:00	0.89584	0.89677	0.88622	0.88824	181889
2013-06-07 00:00	0.88826	0.89020	0.87737	0.88836	184331
2013-06-09 00:00	0.88066	0.88432	0.87958	0.88309	9956
2013-06-10 00:00	0.88309	0.88778	0.87945	0.88066	148942
2013-06-11 00:00	0.88065	0.88149	0.86481	0.87473	188973
2013-06-12 00:00	0.87472	0.88731	0.87076	0.87106	170710
2013-06-13 00:00	0.87106	0.89140	0.86497	0.88756	186823
2013-06-14 00:00	0.88754	0.89098	0.88055	0.88077	142360
2013-06-16 00:00	0.88116	0.88289	0.88006	0.88142	6225
2013-06-17 00:00	0.88145	0.89076	0.87912	0.88125	114545
2013-06-18 00:00	0.88122	0.88327	0.86794	0.87089	131066
2013-06-19 00:00	0.87089	0.87810	0.85935	0.86215	144194
2013-06-20 00:00	0.86218	0.86484	0.85073	0.85168	198718
2013-06-21 00:00	0.85173	0.86423	0.85156	0.86007	151049
2013-06-23 00:00	0.86202	0.86627	0.86138	0.86576	12591
2013-06-24 00:00	0.86576	0.86699	0.85522	0.86476	184728
2013-06-25 00:00	0.86479	0.87035	0.85829	0.86837	154446
2013-06-26 00:00	0.86835	0.87884	0.86683	0.87511	146851
2013-06-27 00:00	0.87507	0.88183	0.87395	0.87547	134730
2013-06-28 00:00	0.87547	0.87697	0.86213	0.86279	134927
2013-06-30 00:00	0.86181	0.86449	0.86091	0.86430	10188
2013-07-01 00:00	0.86429	0.87514	0.86253	0.87322	115720
2013-07-02 00:00	0.87322	0.87391	0.86570	0.86941	129165
2013-07-03 00:00	0.86941	0.87363	0.85561	0.86236	147305
2013-07-04 00:00	0.86237	0.87830	0.85983	0.87671	136087
2013-07-05 00:00	0.87674	0.88076	0.87042	0.87236	117087
2013-07-07 00:00	0.87371	0.87527	0.87310	0.87351	8771
2013-07-08 00:00	0.87351	0.88082	0.87292	0.87950	90800
2013-07-09 00:00	0.87949	0.89427	0.87641	0.89131	135152
2013-07-10 00:00	0.89134	0.89650	0.87263	0.87486	181092
2013-07-11 00:00	0.87476	0.88013	0.86614	0.86846	198960
2013-07-12 00:00	0.86846	0.87041	0.85519	0.85608	129455
2013-07-14 00:00	0.85736	0.86066	0.85639	0.86022	7198
2013-07-15 00:00	0.86019	0.86528	0.85748	0.86209	137168
2013-07-16 00:00	0.86208	0.87329	0.86202	0.86944	145997
2013-07-17 00:00	0.86944	0.87104	0.86303	0.86926	155679
2013-07-18 00:00	0.86923	0.86944	0.86304	0.86691	134485
2013-07-19 00:00	0.86691	0.86992	0.86258	0.86272	116480
2013-07-21 00:00	0.86346	0.86626	0.86299	0.86616	5776
2013-07-22 00:00	0.86614	0.86892	0.86210	0.86626	107375
2013-07-23 00:00	0.86626	0.86946	0.86536	0.86822	125017
2013-07-24 00:00	0.86822	0.87093	0.85616	0.85663	153787
2013-07-25 00:00	0.85663	0.86187	0.85573	0.85882	140821
2013-07-26 00:00	0.85882	0.86294	0.85744	0.85950	116521
2013-07-28 00:00	0.85861	0.86153	0.85825	0.85877	6586
2013-07-29 00:00	0.85876	0.86101	0.85410	0.85651	114057
2013-07-30 00:00	0.85647	0.85728	0.84152	0.84286	124530
2013-07-31 00:00	0.84283	0.84287	0.82602	0.82899	144867
2013-08-01 00:00	0.82900	0.83780	0.82845	0.83706	152724
2013-08-02 00:00	0.83706	0.83745	0.82615	0.82711	129062
2013-08-04 00:00	0.82841	0.82886	0.82640	0.82732	7609
2013-08-05 00:00	0.82730	0.83089	0.82283	0.82651	112936
2013-08-06 00:00	0.82651	0.83537	0.82486	0.83122	128137
2013-08-07 00:00	0.83125	0.83209	0.82629	0.82953	126128
2013-08-08 00:00	0.82954	0.83917	0.82754	0.83793	136213
2013-08-09 00:00	0.83797	0.84982	0.83559	0.84739	101242
2013-08-11 00:00	0.84881	0.84892	0.84571	0.84608	8486
2013-08-12 00:00	0.84607	0.85223	0.84412	0.84418	90604
2013-08-13 00:00	0.84419	0.85120	0.84343	0.84852	117314
2013-08-14 00:00	0.84854	0.85565	0.84721	0.85395	128649
2013-08-15 00:00	0.85395	0.85867	0.84485	0.84509	171925
2013-08-16 00:00	0.84509	0.85281	0.84509	0.85057	114998
2013-08-18 00:00	0.85046	0.85407	0.84978	0.85268	7779
2013-08-19 00:00	0.85264	0.85476	0.84148	0.84249	112924
2013-08-20 00:00	0.84251	0.84341	0.82976	0.83046	133313
2013-08-21 00:00	0.83046	0.83349	0.82665	0.82798	139764
2013-08-22 00:00	0.82796	0.83703	0.82501	0.83256	125858
2013-08-23 00:00	0.83256	0.83554	0.82998	0.83156	114030
2013-08-25 00:00	0.83192	0.83253	0.83021	0.83137	5663
2013-08-26 00:00	0.83139	0.83614	0.82997	0.83070	78927
2013-08-27 00:00	0.83070	0.83073	0.81877	0.82022	128484
2013-08-28 00:00	0.82022	0.82582	0.81740	0.82536	132145
2013-08-29 00:00	0.82534	0.83230	0.82520	0.83106	121315
2013-08-30 00:00	0.83107	0.83458	0.82692	0.82752	102935
2013-09-01 00:00	0.83317	0.83333	0.83077	0.83333	6045
2013-09-02 00:00	0.83333	0.84194	0.83321	0.84094	86145
2013-09-03 00:00	0.84093	0.85034	0.83837	0.84768	109712
2013-09-04 00:00	0.84764	0.86106	0.84630	0.85794	96848
2013-09-05 00:00	0.85794	0.86302	0.85555	0.86176	115402
2013-09-06 00:00	0.86176	0.86812	0.85955	0.86047	113253
2013-09-08 00:00	0.86406	0.86426	0.86248	0.86282	5274
2013-09-09 00:00	0.86281	0.86437	0.85842	0.86077	83070
2013-09-10 00:00	0.86073	0.87086	0.86071	0.86930	93319
2013-09-11 00:00	0.86932	0.87088	0.86503	0.86798	93905
2013-09-12 00:00	0.86798	0.86976	0.85927	0.86231	103341
2013-09-13 00:00	0.86231	0.86450	0.85862	0.85907	83146
2013-09-15 00:00	0.86141	0.86822	0.86039	0.86251	11113
2013-09-16 00:00	0.86251	0.87036	0.86148	0.86373	86213
2013-09-17 00:00	0.86376	0.86805	0.86108	0.86601	79251
2013-09-18 00:00	0.86603	0.86973	0.86173	0.86622	104933
2013-09-19 00:00	0.86624	0.86849	0.85806	0.85989	111553
2013-09-20 00:00	0.85986	0.86183	0.85476	0.85481	84011
2013-09-22 00:00	0.85059	0.85614	0.85059	0.85611	5286
2013-09-23 00:00	0.85607	0.86135	0.85430	0.85754	80319
2013-09-24 00:00	0.85754	0.85798	0.85371	0.85688	62146
2013-09-25 00:00	0.85688	0.85753	0.85079	0.85185	68680
2013-09-26 00:00	0.85182	0.85557	0.85080	0.85167	64880
2013-09-27 00:00	0.85169	0.85325	0.84056	0.84362	68977
2013-09-29 00:00	0.84352	0.84416	0.84088	0.84173	6228
2013-09-30 00:00	0.84174	0.84664	0.84002	0.84406	75585
2013-10-01 00:00	0.84406	0.85297	0.84120	0.85144	95977
2013-10-02 00:00	0.85144	0.85321	0.84119	0.84643	88116
2013-10-03 00:00	0.84640	0.84829	0.84102	0.84494	98569
2013-10-04 00:00	0.84494	0.85763	0.84493	0.85550	84020
2013-10-06 00:00	0.85541	0.85541	0.85381	0.85475	3269
2013-10-07 00:00	0.85471	0.85558	0.84720	0.85151	62594
2013-10-08 00:00	0.85151	0.85850	0.85080	0.85233	75932
2013-10-09 00:00	0.85233	0.86260	0.85181	0.86037	84921
2013-10-10 00:00	0.86039	0.86284	0.85665	0.86128	83950
2013-10-11 00:00	0.86130	0.86478	0.85826	0.86273	63544
2013-10-13 00:00	0.85732	0.85968	0.85724	0.85963	5389
2013-10-14 00:00	0.85958	0.86693	0.85846	0.86680	55294
2013-10-15 00:00	0.86681	0.87389	0.86534	0.87154	109849
2013-10-16 00:00	0.87151	0.87418	0.86716	0.87237	101164
2013-10-17 00:00	0.87237	0.87312	0.86626	0.86852	95056
2013-10-18 00:00	0.86849	0.87368	0.86764	0.87231	61746
2013-10-20 00:00	0.87212	0.87247	0.87053	0.87147	4743
2013-10-21 00:00	0.87148	0.87430	0.86991	0.87104	52488
2013-10-22 00:00	0.87104	0.87381	0.86758	0.86821	67313
2013-10-23 00:00	0.86822	0.87291	0.85669	0.86038	89216
2013-10-24 00:00	0.86036	0.86195	0.85294	0.85811	82299
2013-10-25 00:00	0.85811	0.85961	0.85362	0.85504	70269
2013-10-27 00:00	0.85532	0.85681	0.85466	0.85669	3783
2013-10-28 00:00	0.85667	0.86002	0.85376	0.85455	60265
2013-10-29 00:00	0.85455	0.85536	0.85003	0.85254	85292
2013-10-30 00:00	0.85257	0.85576	0.84996	0.85218	83632
2013-10-31 00:00	0.85220	0.86030	0.85191	0.85852	94681
2013-11-01 00:00	0.85852	0.86349	0.85740	0.86077	101843
2013-11-03 00:00	0.86267	0.86387	0.86117	0.86387	2936
2013-11-04 00:00	0.86386	0.86757	0.86266	0.86534	60531
2013-11-05 00:00	0.86537	0.86940	0.86170	0.86774	79660
2013-11-06 00:00	0.86773	0.86962	0.86618	0.86859	64097
2013-11-07 00:00	0.86860	0.87558	0.86318	0.86666	108498
2013-11-08 00:00	0.86666	0.86960	0.86283	0.86412	101191
2013-11-10 00:00	0.86592	0.86606	0.86455	0.86476	3269
2013-11-11 00:00	0.86476	0.86593	0.85933	0.86088	73797
2013-11-12 00:00	0.86092	0.86174	0.85054	0.85317	114356
2013-11-13 00:00	0.85322	0.85584	0.85079	0.85551	116737
2013-11-14 00:00	0.85549	0.85767	0.85163	0.85438	117376
2013-11-15 00:00	0.85438	0.85809	0.85398	0.85649	82905
2013-11-17 00:00	0.85741	0.85787	0.85677	0.85763	3229
2013-11-18 00:00	0.85761	0.86092	0.85481	0.85505	91066
2013-11-19 00:00	0.85505	0.86121	0.85356	0.85786	109644
2013-11-20 00:00	0.85787	0.85955	0.85286	0.85570	133558
2013-11-21 00:00	0.85571	0.85589	0.84181	0.84347	144014
2013-11-22 00:00	0.84344	0.84495	0.83003	0.83092	109644
2013-11-24 00:00	0.83141	0.83215	0.83055	0.83122	5799
2013-11-25 00:00	0.83122	0.83776	0.82867	0.83742	98776
2013-11-26 00:00	0.83742	0.83767	0.82658	0.82701	101577
2013-11-27 00:00	0.82704	0.82827	0.82132	0.82490	113914
2013-11-28 00:00	0.82488	0.82978	0.82098	0.82252	79130
2013-11-29 00:00	0.82256	0.82633	0.81947	0.82502	101292
2013-12-01 00:00	0.82686	0.82715	0.82518	0.82661	4614
2013-12-02 00:00	0.82659	0.83236	0.82535	0.82820	112984
2013-12-03 00:00	0.82819	0.82947	0.82313	0.82544	124111
2013-12-04 00:00	0.82548	0.82657	0.81246	0.81491	136635
2013-12-05 00:00	0.81489	0.81656	0.81023	0.81274	100522
2013-12-06 00:00	0.81275	0.81497	0.80667	0.81124	88157
2013-12-08 00:00	0.81342	0.81387	0.81226	0.81236	3399
2013-12-09 00:00	0.81236	0.81434	0.80792	0.80897	67624
2013-12-10 00:00	0.80899	0.81307	0.80809	0.81132	76190
2013-12-11 00:00	0.81127	0.81267	0.80075	0.80222	72842
2013-12-12 00:00	0.80226	0.80522	0.79211	0.79386	98601
2013-12-13 00:00	0.79387	0.79801	0.79317	0.79647	69826
2013-12-15 00:00	0.79767	0.79807	0.79551	0.79671	3315
2013-12-16 00:00	0.79671	0.79679	0.79051	0.79306	72125
2013-12-17 00:00	0.79307	0.79494	0.78609	0.78923	107838
2013-12-18 00:00	0.78922	0.79315	0.78386	0.79089	142647
2013-12-19 00:00	0.79085	0.79662	0.79012	0.79582	92348
2013-12-20 00:00	0.79586	0.79992	0.79521	0.79862	73509
2013-12-22 00:00	0.79902	0.79986	0.79854	0.79886	2299
2013-12-23 00:00	0.79889	0.80142	0.79656	0.79801	52643
2013-12-24 00:00	0.79801	0.80032	0.79652	0.79917	33862
2013-12-25 00:00	0.79917	0.80011	0.79786	0.79846	4827
2013-12-26 00:00	0.79844	0.79927	0.79454	0.79628	58949
2013-12-27 00:00	0.79625	0.79671	0.78376	0.79027	83418
2013-12-29 00:00	0.78926	0.78951	0.78753	0.78905	3132
2013-12-30 00:00	0.78905	0.79167	0.78792	0.79141	65323
2013-12-31 00:00	0.79142	0.79742	0.79011	0.79469	46467
2014-01-01 00:00	0.79182	0.79347	0.79182	0.79264	3126
2014-01-02 00:00	0.79268	0.80591	0.79257	0.80077	127048
2014-01-03 00:00	0.80077	0.81372	0.79966	0.80927	94360
2014-01-05 00:00	0.81056	0.81148	0.80911	0.81148	3622
2014-01-06 00:00	0.81147	0.81316	0.80796	0.81042	113522
2014-01-07 00:00	0.81046	0.81187	0.80706	0.81087	86735
2014-01-08 00:00	0.81087	0.81426	0.80916	0.81031	90904
2014-01-09 00:00	0.81031	0.81267	0.80531	0.80668	89150
2014-01-10 00:00	0.80668	0.81317	0.80514	0.81142	95575
2014-01-12 00:00	0.81091	0.81319	0.81017	0.81277	3571
2014-01-13 00:00	0.81279	0.82032	0.81117	0.81357	83904
2014-01-14 00:00	0.81359	0.81447	0.80780	0.80926	83958
2014-01-15 00:00	0.80922	0.81217	0.80612	0.80940	78398
2014-01-16 00:00	0.80943	0.80957	0.79563	0.79812	140190
2014-01-17 00:00	0.79814	0.80000	0.79600	0.79846	85580
2014-01-19 00:00	0.79825	0.79987	0.79809	0.79955	3022
2014-01-20 00:00	0.79954	0.80314	0.79903	0.80191	58932
2014-01-21 00:00	0.80197	0.80531	0.79961	0.80147	78285
2014-01-22 00:00	0.80152	0.80957	0.80027	0.80672	78651
2014-01-23 00:00	0.80667	0.80727	0.78472	0.78644	104388
2014-01-24 00:00	0.78646	0.78842	0.77224	0.77606	98364
2014-01-26 00:00	0.77796	0.77802	0.77636	0.77706	4151
2014-01-27 00:00	0.77706	0.78613	0.77536	0.78261	88094
2014-01-28 00:00	0.78256	0.79282	0.78242	0.79032	91368
2014-01-29 00:00	0.79027	0.79369	0.78052	0.78278	109497
2014-01-30 00:00	0.78277	0.79452	0.77942	0.79375	95698
2014-01-31 00:00	0.79375	0.79637	0.78412	0.79277	90138
2014-02-02 00:00	0.79457	0.79462	0.79306	0.79357	4144
2014-02-03 00:00	0.79362	0.79787	0.78727	0.78836	98891
2014-02-04 00:00	0.78835	0.80912	0.78706	0.80562	102908
2014-02-05 00:00	0.80557	0.80876	0.80191	0.80692	86248
2014-02-06 00:00	0.80689	0.81337	0.80366	0.80586	88545
2014-02-07 00:00	0.80587	0.81019	0.80135	0.80430	71404
2014-02-09 00:00	0.80477	0.80487	0.80347	0.80384	2494
2014-02-10 00:00	0.80386	0.80504	0.79846	0.80207	49817
2014-02-11 00:00	0.80207	0.81232	0.80202	0.81015	75637
2014-02-12 00:00	0.81013	0.81742	0.80916	0.81271	68630
2014-02-13 00:00	0.81271	0.81332	0.79924	0.80248	73454
2014-02-14 00:00	0.80257	0.80712	0.80106	0.80551	65610
2014-02-16 00:00	0.80767	0.80792	0.80677	0.80736	2696
2014-02-17 00:00	0.80742	0.80782	0.80419	0.80586	51543
2014-02-18 00:00	0.80586	0.81027	0.80040	0.80052	73834
2014-02-19 00:00	0.80056	0.80362	0.79767	0.79946	71354
2014-02-20 00:00	0.79946	0.80236	0.79276	0.80122	76103
2014-02-21 00:00	0.80122	0.80226	0.79522	0.79660	55665
2014-02-23 00:00	0.79692	0.79724	0.79516	0.79662	3282
2014-02-24 00:00	0.79662	0.80437	0.79321	0.80297	67553
2014-02-25 00:00	0.80302	0.80357	0.79832	0.79916	58068
2014-02-26 00:00	0.79913	0.80117	0.79566	0.79836	71282
2014-02-27 00:00	0.79836	0.79872	0.79331	0.79585	75499
2014-02-28 00:00	0.79585	0.79829	0.78312	0.78486	75385
2014-03-02 00:00	0.78326	0.78356	0.78147	0.78318	5569
2014-03-03 00:00	0.78316	0.78932	0.78191	0.78791	70026
2014-03-04 00:00	0.78786	0.79488	0.78752	0.79467	83727
2014-03-05 00:00	0.79468	0.79814	0.79257	0.79657	69178
2014-03-06 00:00	0.79662	0.80484	0.79643	0.80131	93032
2014-03-07 00:00	0.80124	0.80272	0.79487	0.79550	67928
2014-03-09 00:00	0.79266	0.79531	0.79230	0.79492	4313
2014-03-10 00:00	0.79497	0.79548	0.79091	0.79181	59937
2014-03-11 00:00	0.79176	0.79554	0.78596	0.78661	69621
2014-03-12 00:00	0.78661	0.78790	0.78237	0.78644	79503
2014-03-13 00:00	0.78646	0.79370	0.78640	0.78987	107876
2014-03-14 00:00	0.78983	0.79124	0.78565	0.78725	82393
2014-03-16 00:00	0.78459	0.78764	0.78442	0.78764	4710
2014-03-17 00:00	0.78763	0.79557	0.78641	0.79340	71921
2014-03-18 00:00	0.79340	0.80013	0.79070	0.79722	82600
2014-03-19 00:00	0.79722	0.79861	0.79497	0.79614	91674
2014-03-20 00:00	0.79612	0.79990	0.79327	0.79840	91145
2014-03-21 00:00	0.79840	0.80345	0.79827	0.80120	68708
2014-03-23 00:00	0.80266	0.80328	0.80168	0.80215	4287
2014-03-24 00:00	0.80215	0.80846	0.79876	0.80387	84831
2014-03-25 00:00	0.80387	0.81204	0.80337	0.80902	85561
2014-03-26 00:00	0.80897	0.81912	0.80856	0.81599	86842
2014-03-27 00:00	0.81606	0.82171	0.81546	0.82171	86874
2014-03-28 00:00	0.82171	0.82520	0.81801	0.81991	71544
2014-03-30 00:00	0.81806	0.82109	0.81797	0.82105	4166
2014-03-31 00:00	0.82106	0.82106	0.81477	0.81962	78873
2014-04-01 00:00	0.81962	0.82279	0.81447	0.81588	73614
2014-04-02 00:00	0.81589	0.82040	0.81435	0.81976	64509
2014-04-03 00:00	0.81975	0.82396	0.81641	0.82238	84670
2014-04-04 00:00	0.82241	0.83227	0.82241	0.82836	81916
2014-04-06 00:00	0.82802	0.82892	0.82766	0.82817	3556
2014-04-07 00:00	0.82817	0.82891	0.82131	0.82253	74782
2014-04-08 00:00	0.82252	0.82766	0.82250	0.82621	102788
2014-04-09 00:00	0.82622	0.82990	0.82342	0.82512	99420
2014-04-10 00:00	0.82517	0.83112	0.82302	0.82319	105253
2014-04-11 00:00	0.82322	0.82544	0.82021	0.82262	92546
2014-04-13 00:00	0.82419	0.82419	0.82248	0.82286	5157
2014-04-14 00:00	0.82286	0.82910	0.82286	0.82850	91359
2014-04-15 00:00	0.82852	0.82895	0.82105	0.82256	95745
2014-04-16 00:00	0.82256	0.82737	0.82077	0.82608	92430
2014-04-17 00:00	0.82608	0.82711	0.82021	0.82370	79668
2014-04-18 00:00	0.82376	0.82480	0.82318	0.82391	40543
2014-04-20 00:00	0.82428	0.82487	0.82360	0.82428	3839
2014-04-21 00:00	0.82426	0.82648	0.82266	0.82644	52774
2014-04-22 00:00	0.82648	0.82986	0.82601	0.82902	75271
2014-04-23 00:00	0.82902	0.82976	0.81677	0.82051	88057
2014-04-24 00:00	0.82047	0.82157	0.81566	0.81716	83800
2014-04-25 00:00	0.81716	0.81942	0.81590	0.81720	66304
2014-04-27 00:00	0.81634	0.81715	0.81625	0.81667	2779
2014-04-28 00:00	0.81671	0.82092	0.81314	0.81442	85271
2014-04-29 00:00	0.81442	0.81967	0.81168	0.81888	81782
2014-04-30 00:00	0.81887	0.82209	0.81446	0.81692	96305
2014-05-01 00:00	0.81687	0.81862	0.81361	0.81536	63388
2014-05-02 00:00	0.81531	0.81667	0.81213	0.81422	84974
2014-05-04 00:00	0.81412	0.81467	0.81356	0.81391	2489
2014-05-05 00:00	0.81389	0.81529	0.81165	0.81490	65226
2014-05-06 00:00	0.81490	0.81897	0.81251	0.81726	85858
2014-05-07 00:00	0.81726	0.81824	0.81543	0.81678	79660
2014-05-08 00:00	0.81673	0.82532	0.81667	0.82436	103478
2014-05-09 00:00	0.82436	0.83017	0.82334	0.82967	75911
2014-05-11 00:00	0.82936	0.83039	0.82864	0.82958	3065
2014-05-12 00:00	0.82967	0.83242	0.82930	0.83083	67459
2014-05-13 00:00	0.83087	0.83426	0.82772	0.83302	84638
2014-05-14 00:00	0.83302	0.83692	0.83301	0.83326	80418
2014-05-15 00:00	0.83326	0.83898	0.83023	0.83307	98364
2014-05-16 00:00	0.83307	0.83584	0.83073	0.83506	57716
2014-05-18 00:00	0.83616	0.83647	0.83525	0.83528	3469
2014-05-19 00:00	0.83528	0.83532	0.83162	0.83236	69447
2014-05-20 00:00	0.83241	0.83271	0.82321	0.82322	84352
2014-05-21 00:00	0.82322	0.82657	0.82104	0.82492	93232
2014-05-22 00:00	0.82496	0.82922	0.82376	0.82522	88105
2014-05-23 00:00	0.82522	0.82835	0.82459	0.82656	71215
2014-05-25 00:00	0.82757	0.82797	0.82676	0.82745	2696
2014-05-26 00:00	0.82744	0.82855	0.82611	0.82803	47085
2014-05-27 00:00	0.82803	0.83079	0.82702	0.83051	70363
2014-05-28 00:00	0.83051	0.83134	0.82706	0.82842	76030
2014-05-29 00:00	0.82841	0.83664	0.82726	0.83596	81456
2014-05-30 00:00	0.83591	0.83732	0.83113	0.83315	72099
2014-06-01 00:00	0.83240	0.83401	0.83240	0.83250	4954
2014-06-02 00:00	0.83251	0.83380	0.82774	0.82987	76907
2014-06-03 00:00	0.82988	0.83487	0.82831	0.83011	81969
2014-06-04 00:00	0.83010	0.83425	0.82924	0.83165	76136
2014-06-05 00:00	0.83165	0.84008	0.83016	0.83170	113495
2014-06-06 00:00	0.83170	0.83590	0.83111	0.83380	77501
2014-06-08 00:00	0.83405	0.83425	0.83379	0.83388	2305
2014-06-09 00:00	0.83386	0.83955	0.83380	0.83805	59211
2014-06-10 00:00	0.83818	0.84400	0.83818	0.84280	78427
2014-06-11 00:00	0.84280	0.84657	0.84275	0.84375	76778
2014-06-12 00:00	0.84374	0.84795	0.84113	0.84629	88715
2014-06-13 00:00	0.84630	0.84650	0.84119	0.84590	70461
2014-06-15 00:00	0.84500	0.84640	0.84500	0.84519	3145
2014-06-16 00:00	0.84525	0.84650	0.84160	0.84250	67032
2014-06-17 00:00	0.84245	0.84277	0.83855	0.83945	67407
2014-06-18 00:00	0.83945	0.84319	0.83694	0.84241	88270
2014-06-19 00:00	0.84243	0.84314	0.83865	0.84005	80163
2014-06-20 00:00	0.84010	0.84245	0.83946	0.83985	46985
2014-06-22 00:00	0.83925	0.84062	0.83885	0.84042	3377
2014-06-23 00:00	0.84045	0.84610	0.84040	0.84264	66607
2014-06-24 00:00	0.84264	0.84389	0.83649	0.83694	65527
2014-06-25 00:00	0.83694	0.83990	0.83577	0.83951	69093
2014-06-26 00:00	0.83951	0.84220	0.83845	0.84040	71797
2014-06-27 00:00	0.84040	0.84225	0.83845	0.83920	64536
2014-06-29 00:00	0.83939	0.83960	0.83880	0.83884	2877
2014-06-30 00:00	0.83885	0.84000	0.83529	0.83620	72238
2014-07-01 00:00	0.83620	0.84300	0.83495	0.84222	77373
2014-07-02 00:00	0.84222	0.84265	0.83824	0.83880	68658
2014-07-03 00:00	0.83880	0.83925	0.83195	0.83497	81178
2014-07-04 00:00	0.83495	0.83790	0.83493	0.83709	49829
2014-07-06 00:00	0.83730	0.83776	0.83681	0.83749	4366
2014-07-07 00:00	0.83750	0.83835	0.83636	0.83700	55254
2014-07-08 00:00	0.83700	0.84106	0.83700	0.83985	63737
2014-07-09 00:00	0.83989	0.84055	0.83709	0.83924	69303
2014-07-10 00:00	0.83930	0.84188	0.83409	0.83765	75122
2014-07-11 00:00	0.83765	0.83990	0.83700	0.83741	59247
2014-07-13 00:00	0.83702	0.83775	0.83649	0.83735	3474
2014-07-14 00:00	0.83735	0.83947	0.83601	0.83740	57407
2014-07-15 00:00	0.83740	0.84007	0.83484	0.83830	83230
2014-07-16 00:00	0.83829	0.84165	0.83620	0.84090	54927
2014-07-17 00:00	0.84090	0.84283	0.83792	0.83908	75708
2014-07-18 00:00	0.83909	0.84470	0.83819	0.84355	70996
2014-07-20 00:00	0.84334	0.84395	0.84329	0.84351	2908
2014-07-21 00:00	0.84352	0.84385	0.84069	0.84109	57472
2014-07-22 00:00	0.84109	0.84890	0.84065	0.84695	80382
2014-07-23 00:00	0.84695	0.85356	0.84630	0.85175	77388
2014-07-24 00:00	0.85175	0.85489	0.84911	0.84985	70261
2014-07-25 00:00	0.84985	0.85164	0.84845	0.84984	67198
2014-07-27 00:00	0.84980	0.85060	0.84974	0.85043	3364
2014-07-28 00:00	0.85045	0.85116	0.84915	0.85060	61736
2014-07-29 00:00	0.85065	0.85125	0.84890	0.85070	68719
2014-07-30 00:00	0.85070	0.85105	0.84671	0.84739	86897
2014-07-31 00:00	0.84740	0.84755	0.84341	0.84505	88147
2014-08-01 00:00	0.84505	0.84651	0.84145	0.84341	92538
2014-08-03 00:00	0.84290	0.84368	0.84274	0.84355	3752
2014-08-04 00:00	0.84353	0.84669	0.84348	0.84600	52566
2014-08-05 00:00	0.84600	0.84906	0.84468	0.84574	68612
2014-08-06 00:00	0.84580	0.85085	0.84514	0.84835	77536
2014-08-07 00:00	0.84834	0.84910	0.84060	0.84194	86596
2014-08-08 00:00	0.84194	0.84315	0.83772	0.83955	86132
2014-08-10 00:00	0.83988	0.84055	0.83975	0.84040	5789
2014-08-11 00:00	0.84040	0.84145	0.83887	0.83985	60110
2014-08-12 00:00	0.83985	0.84307	0.83910	0.84115	64721
2014-08-13 00:00	0.84110	0.84530	0.84085	0.84430	72462
2014-08-14 00:00	0.84434	0.84515	0.84205	0.84460	64254
2014-08-15 00:00	0.84460	0.84625	0.83940	0.84100	71511
2014-08-17 00:00	0.84037	0.84210	0.84037	0.84145	4880
2014-08-18 00:00	0.84150	0.84625	0.84084	0.84520	54942
2014-08-19 00:00	0.84515	0.84790	0.84445	0.84509	75933
2014-08-20 00:00	0.84515	0.84895	0.84475	0.84820	91216
2014-08-21 00:00	0.84821	0.84891	0.84420	0.84794	87806
2014-08-22 00:00	0.84794	0.85192	0.84790	0.85110	99100
2014-08-24 00:00	0.85391	0.85400	0.85207	0.85220	9905
2014-08-25 00:00	0.85220	0.85445	0.84965	0.84995	76080
2014-08-26 00:00	0.84990	0.85485	0.84935	0.85474	99430
2014-08-27 00:00	0.85474	0.85627	0.85311	0.85409	96649
2014-08-28 00:00	0.85409	0.85710	0.85300	0.85545	104521
2014-08-29 00:00	0.85545	0.85804	0.85325	0.85725	81381
2014-08-31 00:00	0.85680	0.85780	0.85625	0.85725	4947
2014-09-01 00:00	0.85730	0.85912	0.85695	0.85805	61250
2014-09-02 00:00	0.85805	0.85830	0.85205	0.85275	94778
2014-09-03 00:00	0.85275	0.85885	0.85160	0.85710	110844
2014-09-04 00:00	0.85715	0.87310	0.85686	0.87054	129446
2014-09-05 00:00	0.87054	0.87386	0.87036	0.87289	98654
2014-09-07 00:00	0.87129	0.87245	0.87119	0.87185	6894
2014-09-08 00:00	0.87185	0.87395	0.86604	0.86825	106297
2014-09-09 00:00	0.86825	0.86891	0.85775	0.85835	134580
2014-09-10 00:00	0.85840	0.85947	0.85116	0.85760	162530
2014-09-11 00:00	0.85760	0.86355	0.85065	0.85140	142916
2014-09-12 00:00	0.85137	0.85152	0.84295	0.84305	115915
2014-09-14 00:00	0.83961	0.84194	0.83940	0.84135	7373
2014-09-15 00:00	0.84145	0.84605	0.83935	0.84505	106654
2014-09-16 00:00	0.84510	0.84895	0.84022	0.84690	134042
2014-09-17 00:00	0.84695	0.84833	0.84155	0.84407	182858
2014-09-18 00:00	0.84415	0.84451	0.83772	0.83911	150023
2014-09-19 00:00	0.83915	0.84384	0.83574	0.83895	160113
2014-09-21 00:00	0.83995	0.84095	0.83974	0.84043	5735
2014-09-22 00:00	0.84040	0.84054	0.83170	0.83424	121402
2014-09-23 00:00	0.83427	0.83819	0.82900	0.83168	129136
2014-09-24 00:00	0.83170	0.84020	0.83068	0.83790	134475
2014-09-25 00:00	0.83793	0.83863	0.83100	0.83314	167997
2014-09-26 00:00	0.83311	0.83502	0.82875	0.83336	119069
2014-09-28 00:00	0.83251	0.83360	0.83093	0.83138	10293
2014-09-29 00:00	0.83139	0.83215	0.82752	0.82860	132639
2014-09-30 00:00	0.82860	0.83673	0.82723	0.83445	158244
2014-10-01 00:00	0.83440	0.83630	0.82809	0.83592	159462
2014-10-02 00:00	0.83589	0.84126	0.83561	0.83890	211323
2014-10-03 00:00	0.83890	0.84163	0.83615	0.83876	125416
2014-10-05 00:00	0.84039	0.84039	0.83749	0.83815	4462
2014-10-06 00:00	0.83818	0.84401	0.83818	0.84115	107038
2014-10-07 00:00	0.84114	0.84686	0.83860	0.84302	140893
2014-10-08 00:00	0.84302	0.84447	0.83614	0.84090	134522
2014-10-09 00:00	0.84091	0.84460	0.83575	0.83624	185297
2014-10-10 00:00	0.83624	0.83711	0.83064	0.83064	177065
2014-10-12 00:00	0.83154	0.83240	0.82652	0.82973	12849
2014-10-13 00:00	0.82973	0.83600	0.82750	0.83152	160796
2014-10-14 00:00	0.83152	0.83685	0.82989	0.83155	171825
2014-10-15 00:00	0.83150	0.83507	0.82269	0.82775	258451
2014-10-16 00:00	0.82775	0.82895	0.82005	0.82685	234801
2014-10-17 00:00	0.82685	0.82985	0.82379	0.82714	144417
2014-10-19 00:00	0.82905	0.83046	0.82856	0.82910	7889
2014-10-20 00:00	0.82915	0.83125	0.82630	0.82775	132621
2014-10-21 00:00	0.82775	0.83650	0.82585	0.83246	157650
2014-10-22 00:00	0.83250	0.83970	0.83004	0.83640	141257
2014-10-23 00:00	0.83635	0.83890	0.83435	0.83500	138051
2014-10-24 00:00	0.83500	0.83901	0.83111	0.83625	130137
2014-10-26 00:00	0.83688	0.83798	0.83685	0.83786	7460
2014-10-27 00:00	0.83787	0.83865	0.83426	0.83571	106525
2014-10-28 00:00	0.83571	0.83981	0.83534	0.83880	119888
2014-10-29 00:00	0.83880	0.84211	0.83684	0.83725	117302
2014-10-30 00:00	0.83725	0.84616	0.83685	0.84400	133330
2014-10-31 00:00	0.84400	0.84820	0.84234	0.84630	135927
2014-11-02 00:00	0.84395	0.84457	0.84324	0.84400	4553
2014-11-03 00:00	0.84404	0.84469	0.83764	0.83855	125713
2014-11-04 00:00	0.83855	0.84225	0.83429	0.83905	168797
2014-11-05 00:00	0.83905	0.83970	0.82619	0.82739	184544
2014-11-06 00:00	0.82740	0.83444	0.82489	0.83290	247646
2014-11-07 00:00	0.83290	0.83735	0.83113	0.83369	214726
2014-11-09 00:00	0.83390	0.83480	0.83349	0.83427	8075
2014-11-10 00:00	0.83426	0.83690	0.83334	0.83480	139148
2014-11-11 00:00	0.83480	0.83965	0.83269	0.83950	164984
2014-11-12 00:00	0.83950	0.84353	0.83675	0.84230	161078
2014-11-13 00:00	0.84230	0.84483	0.83835	0.83895	157871
2014-11-14 00:00	0.83895	0.84072	0.83749	0.83843	175373
2014-11-16 00:00	0.84155	0.84175	0.83919	0.83939	10383
2014-11-17 00:00	0.83936	0.84175	0.83730	0.84010	156796
2014-11-18 00:00	0.84010	0.84091	0.83320	0.83475	145786
2014-11-19 00:00	0.83475	0.83482	0.82298	0.82420	160033
2014-11-20 00:00	0.82420	0.82738	0.82079	0.82621	182403
2014-11-21 00:00	0.82626	0.84395	0.82585	0.84015	195041
2014-11-23 00:00	0.84389	0.84400	0.84215	0.84332	11715
2014-11-24 00:00	0.84332	0.84470	0.83094	0.83175	135687
2014-11-25 00:00	0.83174	0.83350	0.82145	0.82460	162718
2014-11-26 00:00	0.82455	0.82592	0.81740	0.82005	133661
2014-11-27 00:00	0.82010	0.82755	0.81985	0.82250	101981
2014-11-28 00:00	0.82245	0.82454	0.81828	0.82080	123552
2014-11-30 00:00	0.81775	0.82007	0.81561	0.81672	12193
2014-12-01 00:00	0.81672	0.82101	0.81430	0.81785	177093
2014-12-02 00:00	0.81780	0.82445	0.81710	0.82200	136847
2014-12-03 00:00	0.82200	0.82359	0.81530	0.82059	155085
2014-12-04 00:00	0.82059	0.82340	0.81030	0.81400	185900
2014-12-05 00:00	0.81400	0.81570	0.81157	0.81399	139085
2014-12-07 00:00	0.81249	0.81360	0.81152	0.81270	5121
2014-12-08 00:00	0.81272	0.81505	0.80866	0.81020	145914
2014-12-09 00:00	0.81016	0.81019	0.80270	0.80520	186283
2014-12-10 00:00	0.80520	0.81013	0.80119	0.80299	196057
2014-12-11 00:00	0.80299	0.80697	0.79404	0.79920	232269
2014-12-12 00:00	0.79920	0.80235	0.79280	0.79399	181671
2014-12-14 00:00	0.79368	0.79469	0.79055	0.79109	14843
2014-12-15 00:00	0.79109	0.79917	0.79109	0.79290	170940
2014-12-16 00:00	0.79289	0.79500	0.78769	0.78920	211674
2014-12-17 00:00	0.78920	0.79375	0.78314	0.79090	185367
2014-12-18 00:00	0.79084	0.80430	0.78996	0.80040	184013
2014-12-19 00:00	0.80040	0.80334	0.79817	0.80104	134048
2014-12-21 00:00	0.80124	0.80210	0.80034	0.80196	5298
2014-12-22 00:00	0.80198	0.80305	0.79807	0.79920	107357
2014-12-23 00:00	0.79920	0.80173	0.79559	0.80070	95654
2014-12-24 00:00	0.80070	0.80215	0.79792	0.79905	45269
2014-12-25 00:00	0.79935	0.80075	0.79658	0.79845	5638
2014-12-26 00:00	0.79845	0.80296	0.79829	0.80194	40388
2014-12-28 00:00	0.80159	0.80217	0.80081	0.80173	4716
2014-12-29 00:00	0.80171	0.80610	0.80080	0.80495	99162
2014-12-30 00:00	0.80494	0.81053	0.80389	0.80889	83228
2014-12-31 00:00	0.80889	0.81390	0.80845	0.81153	75851
2015-01-01 00:00	0.81274	0.81400	0.81109	0.81339	6180
2015-01-02 00:00	0.81339	0.81405	0.80875	0.80995	113231
2015-01-04 00:00	0.81185	0.81610	0.81091	0.81137	10251
2015-01-05 00:00	0.81137	0.81635	0.80839	0.81486	144240
2015-01-06 00:00	0.81484	0.82230	0.81378	0.81705	171188
2015-01-07 00:00	0.81705	0.82017	0.81504	0.81935	158098
2015-01-08 00:00	0.81935	0.82788	0.81935	0.82620	127906
2015-01-09 00:00	0.82620	0.83395	0.82483	0.83170	149494
2015-01-11 00:00	0.83205	0.83289	0.83127	0.83183	8627
2015-01-12 00:00	0.83185	0.83595	0.82610	0.82719	160213
2015-01-13 00:00	0.82717	0.83345	0.82535	0.83305	181345
2015-01-14 00:00	0.83305	0.83484	0.82174	0.82944	218241
2015-01-15 00:00	0.82944	0.84070	0.68411	0.70189	202070
2015-01-16 00:00	0.70189	0.72508	0.69350	0.70535	119574
2015-01-18 00:00	0.70762	0.70986	0.70549	0.70590	2985
2015-01-19 00:00	0.70589	0.72270	0.70168	0.72065	76481
2015-01-20 00:00	0.72065	0.72281	0.71163	0.71378	90404
2015-01-21 00:00	0.71384	0.71949	0.69393	0.69681	114924
2015-01-22 00:00	0.69680	0.70735	0.69145	0.69871	122020
2015-01-23 00:00	0.69871	0.70005	0.68959	0.69487	128376
2015-01-25 00:00	0.69291	0.69510	0.69155	0.69370	12321
2015-01-26 00:00	0.69380	0.71598	0.69169	0.71383	114130
2015-01-27 00:00	0.71385	0.72915	0.71000	0.71211	118122
2015-01-28 00:00	0.71213	0.72668	0.71146	0.71570	113038
2015-01-29 00:00	0.71569	0.71990	0.71173	0.71775	112578
2015-01-30 00:00	0.71780	0.72200	0.71189	0.71494	113964
2015-02-01 00:00	0.71849	0.71914	0.71554	0.71668	8475
2015-02-02 00:00	0.71667	0.72851	0.71534	0.72278	97769
2015-02-03 00:00	0.72283	0.72646	0.70634	0.71790	141657
2015-02-04 00:00	0.71790	0.72611	0.71429	0.71824	128961
2015-02-05 00:00	0.71823	0.72762	0.71525	0.71896	112849
2015-02-06 00:00	0.71900	0.72653	0.71875	0.72013	95860
2015-02-08 00:00	0.71880	0.71987	0.71797	0.71871	10250
2015-02-09 00:00	0.71868	0.72441	0.71685	0.72081	99752
2015-02-10 00:00	0.72079	0.72399	0.71653	0.72102	99056
2015-02-11 00:00	0.72102	0.72171	0.71374	0.71687	81239
2015-02-12 00:00	0.71686	0.72231	0.70929	0.72119	107850
2015-02-13 00:00	0.72118	0.72514	0.71719	0.72248	91327
2015-02-15 00:00	0.72367	0.72420	0.72300	0.72326	2406
2015-02-16 00:00	0.72332	0.72535	0.72190	0.72395	71049
2015-02-17 00:00	0.72395	0.73309	0.72185	0.73115	92558
2015-02-18 00:00	0.73115	0.73786	0.72869	0.73529	88492
2015-02-19 00:00	0.73534	0.74034	0.72953	0.73996	81659
2015-02-20 00:00	0.73996	0.74749	0.73452	0.73489	95567
2015-02-22 00:00	0.73800	0.73820	0.73598	0.73765	5835
2015-02-23 00:00	0.73765	0.74251	0.73609	0.74169	78245
2015-02-24 00:00	0.74166	0.74502	0.73515	0.74397	92830
2015-02-25 00:00	0.74399	0.75008	0.74387	0.74779	93643
2015-02-26 00:00	0.74779	0.74983	0.74185	0.74330	114493
2015-02-27 00:00	0.74330	0.74586	0.73953	0.74438	91957
2015-03-01 00:00	0.74430	0.74460	0.74241	0.74277	5102
2015-03-02 00:00	0.74292	0.74591	0.74103	0.74330	76730
2015-03-03 00:00	0.74335	0.75278	0.74208	0.75114	97568
2015-03-04 00:00	0.75114	0.75608	0.74890	0.75369	92725
2015-03-05 00:00	0.75369	0.75830	0.75193	0.75795	86659
2015-03-06 00:00	0.75790	0.76550	0.75721	0.76015	99985
2015-03-08 00:00	0.76035	0.76124	0.75944	0.76002	7206
2015-03-09 00:00	0.76005	0.76195	0.75729	0.75865	94792
2015-03-10 00:00	0.75865	0.76446	0.75550	0.76270	128385
2015-03-11 00:00	0.76269	0.76799	0.75787	0.76715	130129
2015-03-12 00:00	0.76714	0.77432	0.76554	0.77273	134223
2015-03-13 00:00	0.77273	0.77390	0.76519	0.76699	107620
2015-03-15 00:00	0.76691	0.76809	0.76576	0.76611	7730
2015-03-16 00:00	0.76620	0.77150	0.76550	0.77010	77800
2015-03-17 00:00	0.77015	0.77136	0.76402	0.76628	96098
2015-03-18 00:00	0.76626	0.76717	0.75430	0.76294	117586
2015-03-19 00:00	0.76294	0.76750	0.75401	0.75796	122079
2015-03-20 00:00	0.75796	0.76061	0.75345	0.75689	101688
2015-03-22 00:00	0.75845	0.76170	0.75825	0.76079	12553
2015-03-23 00:00	0.76079	0.76545	0.75640	0.76096	131629
2015-03-24 00:00	0.76095	0.76236	0.75154	0.75430	117079
2015-03-25 00:00	0.75431	0.75666	0.75079	0.75187	102353
2015-03-26 00:00	0.75184	0.75475	0.74697	0.75435	125698
2015-03-27 00:00	0.75430	0.75505	0.74153	0.74440	103110
2015-03-29 00:00	0.74370	0.74460	0.74250	0.74347	3556
2015-03-30 00:00	0.74348	0.74478	0.73682	0.74065	96088
2015-03-31 00:00	0.74065	0.74314	0.73793	0.74015	110924
2015-04-01 00:00	0.74013	0.74211	0.73378	0.73465	101271
2015-04-02 00:00	0.73465	0.73475	0.72345	0.72765	100353
2015-04-03 00:00	0.72760	0.73179	0.72173	0.72270	48527
2015-04-05 00:00	0.72555	0.72760	0.72531	0.72753	5297
2015-04-06 00:00	0.72765	0.73000	0.72466	0.72696	45962
2015-04-07 00:00	0.72694	0.73980	0.72545	0.73770	93824
2015-04-08 00:00	0.73764	0.74422	0.73729	0.74227	94011
2015-04-09 00:00	0.74223	0.75289	0.74122	0.75250	91358
2015-04-10 00:00	0.75250	0.75399	0.75002	0.75165	78484
2015-04-12 00:00	0.75209	0.75245	0.75010	0.75045	3065
2015-04-13 00:00	0.75050	0.75089	0.73942	0.74126	79741
2015-04-14 00:00	0.74126	0.74431	0.73859	0.74067	86176
2015-04-15 00:00	0.74067	0.74312	0.73745	0.74054	96396
2015-04-16 00:00	0.74054	0.75344	0.74041	0.74465	110846
2015-04-17 00:00	0.74465	0.74735	0.73957	0.74024	98205
2015-04-19 00:00	0.74400	0.74420	0.74165	0.74245	4783
2015-04-20 00:00	0.74246	0.74710	0.73576	0.73746	91612
2015-04-21 00:00	0.73750	0.74276	0.73515	0.73645	92044
2015-04-22 00:00	0.73645	0.75406	0.73625	0.75094	112708
2015-04-23 00:00	0.75094	0.75280	0.74120	0.74308	108126
2015-04-24 00:00	0.74310	0.74742	0.74089	0.74580	100098
2015-04-26 00:00	0.74630	0.74729	0.74584	0.74655	3047
2015-04-27 00:00	0.74660	0.75187	0.74550	0.75130	83630
2015-04-28 00:00	0.75130	0.76719	0.75024	0.76430	94827
2015-04-29 00:00	0.76434	0.76530	0.74975	0.75170	133229
2015-04-30 00:00	0.75169	0.75359	0.73645	0.73717	138594
2015-05-01 00:00	0.73719	0.73765	0.72845	0.73150	85586
2015-05-03 00:00	0.73140	0.73205	0.72998	0.73045	3792
2015-05-04 00:00	0.73044	0.73474	0.72829	0.73175	69658
2015-05-05 00:00	0.73175	0.74083	0.72843	0.73539	115170
2015-05-06 00:00	0.73539	0.73966	0.72836	0.72890	109520
2015-05-07 00:00	0.72888	0.73340	0.72117	0.72810	98306
2015-05-08 00:00	0.72815	0.73917	0.72549	0.73774	102738
2015-05-10 00:00	0.73843	0.73853	0.73700	0.73815	4608
2015-05-11 00:00	0.73820	0.73946	0.73373	0.73795	81774
2015-05-12 00:00	0.73794	0.74269	0.73355	0.74159	96363
2015-05-13 00:00	0.74164	0.74701	0.73753	0.74375	109270
2015-05-14 00:00	0.74375	0.74823	0.73474	0.73760	106678
2015-05-15 00:00	0.73756	0.74124	0.73339	0.73529	91546
2015-05-17 00:00	0.73318	0.73690	0.73318	0.73612	3057
2015-05-18 00:00	0.73620	0.74066	0.73320	0.74019	82377
2015-05-19 00:00	0.74019	0.74596	0.73715	0.74245	105344
2015-05-20 00:00	0.74244	0.74297	0.73649	0.73743	102027
2015-05-21 00:00	0.73744	0.74070	0.73435	0.74050	95850
2015-05-22 00:00	0.74049	0.74107	0.73292	0.73658	91968
2015-05-24 00:00	0.73751	0.73865	0.73655	0.73677	5681
2015-05-25 00:00	0.73680	0.74044	0.73569	0.73978	51908
2015-05-26 00:00	0.73982	0.74245	0.73426	0.73714	92396
2015-05-27 00:00	0.73715	0.73834	0.73181	0.73466	92338
2015-05-28 00:00	0.73466	0.73623	0.72048	0.72191	102389
2015-05-29 00:00	0.72188	0.72527	0.71534	0.71819	92232
2015-05-31 00:00	0.71325	0.71968	0.71325	0.71932	4088
2015-06-01 00:00	0.71932	0.72516	0.71833	0.72029	94294
2015-06-02 00:00	0.72031	0.72645	0.71976	0.72432	130949
2015-06-03 00:00	0.72430	0.73113	0.72430	0.72611	127904
2015-06-04 00:00	0.72610	0.72655	0.71580	0.71857	121342
2015-06-05 00:00	0.71857	0.72373	0.71444	0.71600	101343
2015-06-07 00:00	0.71755	0.71759	0.71622	0.71637	3122
2015-06-08 00:00	0.71635	0.71914	0.71198	0.71289	87648
2015-06-09 00:00	0.71289	0.71720	0.70800	0.71506	109038
2015-06-10 00:00	0.71508	0.72350	0.71153	0.72024	121741
2015-06-11 00:00	0.72024	0.72612	0.71761	0.72349	101157
2015-06-12 00:00	0.72349	0.72392	0.71455	0.71724	94085
2015-06-14 00:00	0.72030	0.72035	0.71525	0.71833	4198
2015-06-15 00:00	0.71833	0.72912	0.71735	0.72130	87204
2015-06-16 00:00	0.72128	0.72374	0.71787	0.72163	77405
2015-06-17 00:00	0.72162	0.72200	0.70689	0.71115	102436
2015-06-18 00:00	0.71110	0.72178	0.70984	0.71777	101696
2015-06-19 00:00	0.71776	0.71861	0.71173	0.71286	75447
2015-06-21 00:00	0.71177	0.71327	0.71150	0.71320	2613
2015-06-22 00:00	0.71323	0.71655	0.71002	0.71230	64913
2015-06-23 00:00	0.71225	0.72352	0.71114	0.72279	69305
2015-06-24 00:00	0.72282	0.72405	0.71837	0.71935	67280
2015-06-25 00:00	0.71935	0.72866	0.71933	0.72406	65566
2015-06-26 00:00	0.72408	0.72421	0.71194	0.71364	57035
2015-06-28 00:00	0.71515	0.71793	0.71355	0.71634	12304
2015-06-29 00:00	0.71630	0.72191	0.70928	0.71026	83746
2015-06-30 00:00	0.71031	0.72215	0.70967	0.71890	85387
2015-07-01 00:00	0.71880	0.72613	0.71840	0.72455	77103
2015-07-02 00:00	0.72452	0.72580	0.71306	0.72050	87760
2015-07-03 00:00	0.72050	0.72115	0.70408	0.70463	77197
2015-07-05 00:00	0.70484	0.70775	0.70332	0.70675	8695
2015-07-06 00:00	0.70674	0.71145	0.70467	0.70487	89816
2015-07-07 00:00	0.70490	0.70841	0.70179	0.70562	98390
2015-07-08 00:00	0.70560	0.70687	0.69609	0.70169	98132
2015-07-09 00:00	0.70165	0.70949	0.69889	0.70689	95825
2015-07-10 00:00	0.70690	0.70920	0.69495	0.69631	82185
2015-07-12 00:00	0.69795	0.69983	0.69640	0.69746	3552
2015-07-13 00:00	0.69746	0.70454	0.69714	0.70262	93863
2015-07-14 00:00	0.70263	0.70783	0.69975	0.70355	97582
2015-07-15 00:00	0.70351	0.70846	0.70011	0.70215	99108
2015-07-16 00:00	0.70214	0.71112	0.70121	0.70964	79277
2015-07-17 00:00	0.70965	0.71014	0.70724	0.70865	66901
2015-07-19 00:00	0.70879	0.70948	0.70800	0.70898	2511
2015-07-20 00:00	0.70899	0.71182	0.70549	0.71040	80792
2015-07-21 00:00	0.71040	0.71291	0.70714	0.71115	94561
2015-07-22 00:00	0.71114	0.71175	0.70633	0.70766	76182
2015-07-23 00:00	0.70770	0.70856	0.70438	0.70581	68835
2015-07-24 00:00	0.70582	0.70615	0.69740	0.70045	71601
2015-07-26 00:00	0.69906	0.70097	0.69902	0.70013	1920
2015-07-27 00:00	0.70016	0.70215	0.69431	0.69996	87589
2015-07-28 00:00	0.69996	0.70713	0.69774	0.70655	86456
2015-07-29 00:00	0.70650	0.70662	0.70177	0.70577	78389
2015-07-30 00:00	0.70579	0.70985	0.70454	0.70635	72021
2015-07-31 00:00	0.70635	0.70779	0.69664	0.70429	79589
2015-08-02 00:00	0.70565	0.70715	0.70482	0.70552	3288
2015-08-03 00:00	0.70556	0.70639	0.70261	0.70498	65009
2015-08-04 00:00	0.70498	0.72286	0.70435	0.72125	81172
2015-08-05 00:00	0.72125	0.72295	0.71793	0.71944	85542
2015-08-06 00:00	0.71945	0.72310	0.71645	0.72044	78081
2015-08-07 00:00	0.72045	0.72980	0.71982	0.72904	79812
2015-08-09 00:00	0.72729	0.72908	0.72729	0.72765	2753
2015-08-10 00:00	0.72767	0.72999	0.72290	0.72907	66574
2015-08-11 00:00	0.72907	0.73078	0.71615	0.72255	86359
2015-08-12 00:00	0.72255	0.72340	0.71190	0.71993	88152
2015-08-13 00:00	0.71995	0.72255	0.71429	0.71930	89895
2015-08-14 00:00	0.71930	0.72169	0.71801	0.71953	99789
2015-08-16 00:00	0.71958	0.72060	0.71902	0.71982	3476
2015-08-17 00:00	0.71982	0.72228	0.71747	0.72117	73570
2015-08-18 00:00	0.72110	0.72274	0.71548	0.71729	78055
2015-08-19 00:00	0.71730	0.71793	0.70852	0.71015	105699
2015-08-20 00:00	0.71015	0.71115	0.70105	0.70339	111556
2015-08-21 00:00	0.70342	0.70374	0.69112	0.69144	107154
2015-08-23 00:00	0.69020	0.69262	0.68536	0.68696	9271
2015-08-24 00:00	0.68696	0.68808	0.65267	0.66941	177058
2015-08-25 00:00	0.66942	0.68345	0.66639	0.66660	151454
2015-08-26 00:00	0.66654	0.68019	0.66600	0.67775	166140
2015-08-27 00:00	0.67774	0.69325	0.67577	0.69265	152622
2015-08-28 00:00	0.69265	0.69595	0.68350	0.68969	113495
2015-08-30 00:00	0.68774	0.68985	0.68587	0.68612	7165
2015-08-31 00:00	0.68605	0.68941	0.68392	0.68620	98644
2015-09-01 00:00	0.68615	0.68805	0.67174	0.67296	157187
2015-09-02 00:00	0.67300	0.68456	0.67040	0.68340	131751
2015-09-03 00:00	0.68340	0.68799	0.67756	0.68364	117562
2015-09-04 00:00	0.68364	0.68393	0.67043	0.67043	112520
2015-09-06 00:00	0.67250	0.67433	0.67143	0.67386	6064
2015-09-07 00:00	0.67386	0.67810	0.67204	0.67784	100282
2015-09-08 00:00	0.67785	0.69073	0.67403	0.68801	107347
2015-09-09 00:00	0.68801	0.69332	0.67852	0.67869	120558
2015-09-10 00:00	0.67874	0.69269	0.67594	0.68833	137537
2015-09-11 00:00	0.68833	0.69239	0.68388	0.68673	93977
2015-09-13 00:00	0.68610	0.68788	0.68504	0.68774	4185
2015-09-14 00:00	0.68777	0.69409	0.68343	0.69339	88487
2015-09-15 00:00	0.69339	0.69658	0.68774	0.69408	83283
2015-09-16 00:00	0.69407	0.69941	0.69305	0.69855	97577
2015-09-17 00:00	0.69860	0.70003	0.68717	0.69137	119680
2015-09-18 00:00	0.69145	0.69797	0.68855	0.69585	124189
2015-09-20 00:00	0.69535	0.69729	0.69535	0.69685	5338
2015-09-21 00:00	0.69690	0.69740	0.68989	0.69270	88063
2015-09-22 00:00	0.69270	0.69686	0.68649	0.69000	84024
2015-09-23 00:00	0.69005	0.69145	0.68312	0.68510	102499
2015-09-24 00:00	0.68510	0.68840	0.67521	0.68552	121426
2015-09-25 00:00	0.68553	0.69075	0.68259	0.68664	101284
2015-09-27 00:00	0.68764	0.68797	0.68631	0.68734	3888
2015-09-28 00:00	0.68730	0.69045	0.67932	0.67936	92098
2015-09-29 00:00	0.67936	0.68240	0.67245	0.68040	110472
2015-09-30 00:00	0.68040	0.68675	0.67944	0.68275	110881
2015-10-01 00:00	0.68275	0.69269	0.68227	0.68710	101365
2015-10-02 00:00	0.68710	0.68953	0.67591	0.68424	107553
2015-10-04 00:00	0.68497	0.68579	0.68400	0.68423	5157
2015-10-05 00:00	0.68428	0.69284	0.68390	0.69105	97826
2015-10-06 00:00	0.69105	0.69621	0.68943	0.69250	86259
2015-10-07 00:00	0.69245	0.70329	0.69145	0.70015	108180
2015-10-08 00:00	0.70016	0.70245	0.69299	0.70215	107462
2015-10-09 00:00	0.70210	0.70623	0.70095	0.70492	98570
2015-10-11 00:00	0.70297	0.70415	0.70274	0.70286	7383
2015-10-12 00:00	0.70288	0.70960	0.70219	0.70700	79465
2015-10-13 00:00	0.70700	0.70844	0.68929	0.69198	110311
2015-10-14 00:00	0.69204	0.69636	0.68944	0.69507	108760
2015-10-15 00:00	0.69509	0.69955	0.69304	0.69695	118717
2015-10-16 00:00	0.69699	0.69701	0.69030	0.69107	79135
2015-10-18 00:00	0.68800	0.69315	0.68800	0.69179	4800
2015-10-19 00:00	0.69179	0.69854	0.69000	0.69404	80076
2015-10-20 00:00	0.69404	0.69650	0.69140	0.69470	75098
2015-10-21 00:00	0.69467	0.69527	0.68729	0.69180	87352
2015-10-22 00:00	0.69183	0.70301	0.68904	0.70213	119269
2015-10-23 00:00	0.70211	0.71195	0.70171	0.70584	108797
2015-10-25 00:00	0.70625	0.70695	0.70530	0.70670	6834
2015-10-26 00:00	0.70670	0.71379	0.70649	0.71210	81733
2015-10-27 00:00	0.71212	0.71386	0.70849	0.71001	79391
2015-10-28 00:00	0.71000	0.71020	0.70014	0.70509	104154
2015-10-29 00:00	0.70515	0.70717	0.69921	0.70118	113871
2015-10-30 00:00	0.70114	0.70547	0.70015	0.70425	120667
2015-11-01 00:00	0.70109	0.70408	0.70100	0.70354	8286
2015-11-02 00:00	0.70355	0.70710	0.70269	0.70639	74445
2015-11-03 00:00	0.70637	0.71347	0.70165	0.71239	92714
2015-11-04 00:00	0.71240	0.71653	0.70779	0.70864	97967
2015-11-05 00:00	0.70863	0.71460	0.70813	0.71110	94263
2015-11-06 00:00	0.71110	0.71325	0.70624	0.70759	114132
2015-11-08 00:00	0.70565	0.70771	0.70565	0.70770	3882
2015-11-09 00:00	0.70769	0.70950	0.70480	0.70723	94467
2015-11-10 00:00	0.70719	0.70941	0.70622	0.70795	99979
2015-11-11 00:00	0.70795	0.71081	0.70740	0.70916	89243
2015-11-12 00:00	0.70918	0.71950	0.70789	0.71385	110666
2015-11-13 00:00	0.71385	0.71890	0.71340	0.71659	86374
2015-11-15 00:00	0.71650	0.71719	0.71505	0.71616	7266
2015-11-16 00:00	0.71620	0.71775	0.71318	0.71596	96291
2015-11-17 00:00	0.71599	0.72376	0.71546	0.72126	109147
2015-11-18 00:00	0.72126	0.72599	0.71945	0.72505	91136
2015-11-19 00:00	0.72505	0.73171	0.72469	0.72865	105357
2015-11-20 00:00	0.72869	0.73817	0.72825	0.73670	93565
2015-11-22 00:00	0.73720	0.73755	0.73625	0.73659	4072
2015-11-23 00:00	0.73660	0.73690	0.73020	0.73176	99813
2015-11-24 00:00	0.73176	0.73953	0.73120	0.73765	90691
2015-11-25 00:00	0.73764	0.74227	0.73731	0.74104	112388
2015-11-26 00:00	0.74107	0.74184	0.73669	0.73875	92780
2015-11-27 00:00	0.73865	0.74352	0.73654	0.74045	93879
2015-11-29 00:00	0.74074	0.74095	0.73930	0.74005	3583
2015-11-30 00:00	0.74005	0.74536	0.73896	0.74405	94253
2015-12-01 00:00	0.74405	0.75398	0.74321	0.75147	107399
2015-12-02 00:00	0.75147	0.75482	0.74332	0.74373	104475
2015-12-03 00:00	0.74373	0.75294	0.72569	0.72831	146906
2015-12-04 00:00	0.72830	0.73639	0.72520	0.73038	142298
2015-12-06 00:00	0.73183	0.73201	0.73075	0.73145	3680
2015-12-07 00:00	0.73145	0.73313	0.72579	0.72590	100012
2015-12-08 00:00	0.72590	0.72750	0.71375	0.71704	111486
2015-12-09 00:00	0.71704	0.71902	0.70823	0.71125	112112
2015-12-10 00:00	0.71125	0.72285	0.71099	0.71848	98275
2015-12-11 00:00	0.71850	0.71855	0.70363	0.70435	97924
2015-12-13 00:00	0.70834	0.70890	0.70456	0.70490	5746
2015-12-14 00:00	0.70490	0.71515	0.70454	0.71495	113791
2015-12-15 00:00	0.71500	0.71624	0.70870	0.71323	119672
2015-12-16 00:00	0.71328	0.71654	0.70816	0.71479	130625
2015-12-17 00:00	0.71480	0.71956	0.70564	0.70890	114797
2015-12-18 00:00	0.70890	0.71585	0.70751	0.70948	99484
2015-12-20 00:00	0.71169	0.71232	0.71010	0.71104	6099
2015-12-21 00:00	0.71099	0.71460	0.70945	0.71444	89004
2015-12-22 00:00	0.71444	0.72000	0.71257	0.71425	72652
2015-12-23 00:00	0.71425	0.71829	0.71379	0.71630	73113
2015-12-24 00:00	0.71630	0.71864	0.71163	0.71590	40299
2015-12-25 00:00	0.71585	0.71930	0.71214	0.71640	3640
2015-12-27 00:00	0.71660	0.71870	0.71652	0.71852	3285
2015-12-28 00:00	0.71855	0.71892	0.71554	0.71685	50602
2015-12-29 00:00	0.71685	0.72462	0.71625	0.72324	67644
2015-12-30 00:00	0.72320	0.72400	0.71818	0.71950	69471
2015-12-31 00:00	0.71950	0.73120	0.71905	0.72866	57740
2016-01-03 00:00	0.72890	0.73005	0.72795	0.72809	3501
2016-01-04 00:00	0.72810	0.72920	0.71589	0.72010	104062
2016-01-05 00:00	0.72008	0.72520	0.71949	0.72210	102680
2016-01-06 00:00	0.72210	0.72341	0.70990	0.71308	120103
2016-01-07 00:00	0.71307	0.71359	0.69415	0.69689	137145
2016-01-08 00:00	0.69692	0.70620	0.69095	0.69095	136587
2016-01-10 00:00	0.69317	0.69322	0.68345	0.68839	8679
2016-01-11 00:00	0.68837	0.70251	0.68816	0.69964	136485
2016-01-12 00:00	0.69967	0.70318	0.69206	0.70047	135614
2016-01-13 00:00	0.70043	0.70985	0.69730	0.69765	124949
2016-01-14 00:00	0.69765	0.70444	0.69233	0.70320	150045
2016-01-15 00:00	0.70320	0.70347	0.68059	0.68654	168107
2016-01-17 00:00	0.68321	0.68724	0.68311	0.68689	5879
2016-01-18 00:00	0.68690	0.69605	0.68598	0.69065	105902
2016-01-19 00:00	0.69070	0.70020	0.68705	0.69335	147995
2016-01-20 00:00	0.69329	0.69810	0.68258	0.69803	176291
2016-01-21 00:00	0.69798	0.70900	0.68863	0.70710	189717
2016-01-22 00:00	0.70705	0.71467	0.70350	0.71039	143842
2016-01-24 00:00	0.71115	0.71261	0.71085	0.71120	3747
2016-01-25 00:00	0.71116	0.71294	0.70220	0.70235	120042
2016-01-26 00:00	0.70237	0.71565	0.70040	0.71230	127696
2016-01-27 00:00	0.71230	0.72057	0.70949	0.71106	158627
2016-01-28 00:00	0.71103	0.72250	0.71076	0.71809	134536
2016-01-29 00:00	0.71808	0.72797	0.71734	0.72425	146998
2016-01-31 00:00	0.72295	0.72495	0.72275	0.72405	4628
2016-02-01 00:00	0.72396	0.72578	0.71760	0.72451	128126
2016-02-02 00:00	0.72455	0.72650	0.71484	0.71565	131335
2016-02-03 00:00	0.71569	0.72246	0.71166	0.71943	162821
2016-02-04 00:00	0.71935	0.72476	0.71384	0.71500	159554
2016-02-05 00:00	0.71499	0.71650	0.69941	0.69947	135893
2016-02-07 00:00	0.70140	0.70430	0.70100	0.70320	6897
2016-02-08 00:00	0.70321	0.70789	0.69687	0.69840	162478
2016-02-09 00:00	0.69840	0.69840	0.67959	0.68725	201974
2016-02-10 00:00	0.68725	0.69840	0.68345	0.69100	210096
2016-02-11 00:00	0.69105	0.69537	0.67522	0.69254	217677
2016-02-12 00:00	0.69255	0.69471	0.68879	0.69337	166265
2016-02-14 00:00	0.69400	0.69605	0.69325	0.69590	5697
2016-02-15 00:00	0.69590	0.70701	0.69515	0.70450	128171
2016-02-16 00:00	0.70452	0.70892	0.69906	0.70330	147093
2016-02-17 00:00	0.70335	0.71305	0.69844	0.71189	156233
2016-02-18 00:00	0.71195	0.71299	0.70720	0.70995	142932
2016-02-19 00:00	0.70995	0.71015	0.70089	0.70703	134026
2016-02-21 00:00	0.70825	0.70835	0.70655	0.70752	5462
2016-02-22 00:00	0.70752	0.72387	0.70704	0.72305	130429
2016-02-23 00:00	0.72304	0.72388	0.71235	0.71310	118789
2016-02-24 00:00	0.71310	0.71618	0.70656	0.71138	138672
2016-02-25 00:00	0.71140	0.71695	0.70762	0.71639	126103
2016-02-26 00:00	0.71635	0.72017	0.70866	0.70983	110189
2016-02-28 00:00	0.71005	0.71113	0.70909	0.71019	7087
2016-02-29 00:00	0.71020	0.71774	0.70809	0.71240	123647
2016-03-01 00:00	0.71240	0.71855	0.70898	0.71560	128575
2016-03-02 00:00	0.71560	0.72753	0.71378	0.72594	125509
2016-03-03 00:00	0.72600	0.73196	0.72555	0.73004	117269
2016-03-04 00:00	0.73004	0.73985	0.72769	0.73800	127809
2016-03-06 00:00	0.73485	0.73796	0.73480	0.73635	5373
2016-03-07 00:00	0.73639	0.74586	0.73543	0.74250	110180
2016-03-08 00:00	0.74250	0.74404	0.73455	0.74060	120647
2016-03-09 00:00	0.74062	0.75167	0.73945	0.74524	139985
2016-03-10 00:00	0.74524	0.75549	0.72966	0.73408	172287
2016-03-11 00:00	0.73408	0.74525	0.73244	0.74248	127455
2016-03-13 00:00	0.74185	0.74316	0.74074	0.74305	10515
2016-03-14 00:00	0.74310	0.74700	0.73927	0.74200	116555
2016-03-15 00:00	0.74200	0.74310	0.73424	0.73650	124823
2016-03-16 00:00	0.73650	0.74063	0.73300	0.73755	139731
2016-03-17 00:00	0.73755	0.74592	0.73587	0.73945	150243
2016-03-18 00:00	0.73945	0.74160	0.73486	0.73640	112635
2016-03-20 00:00	0.73554	0.73695	0.73554	0.73625	5587
2016-03-21 00:00	0.73625	0.74167	0.73364	0.73470	105328
2016-03-22 00:00	0.73470	0.74176	0.73370	0.74120	118767
2016-03-23 00:00	0.74125	0.74415	0.73269	0.73485	112622
2016-03-24 00:00	0.73484	0.73520	0.73015	0.73430	99055
2016-03-25 00:00	0.73435	0.73620	0.73080	0.73093	31570
2016-03-27 00:00	0.73342	0.73486	0.73214	0.73394	6134
2016-03-28 00:00	0.73395	0.73684	0.73304	0.73530	56664
2016-03-29 00:00	0.73530	0.73967	0.73124	0.73800	122380
2016-03-30 00:00	0.73795	0.74170	0.73574	0.73889	129447
2016-03-31 00:00	0.73895	0.74070	0.73440	0.73695	122895
2016-04-01 00:00	0.73696	0.73970	0.72959	0.73429	118095
2016-04-03 00:00	0.73415	0.73608	0.73359	0.73485	4783
2016-04-04 00:00	0.73485	0.73532	0.72829	0.72850	100828
2016-04-05 00:00	0.72850	0.73158	0.71816	0.72165	120924
2016-04-06 00:00	0.72165	0.72775	0.72040	0.72730	117145
2016-04-07 00:00	0.72730	0.72895	0.71542	0.71850	126086
2016-04-08 00:00	0.71850	0.72366	0.71834	0.71959	105505
2016-04-10 00:00	0.71830	0.72181	0.71799	0.72095	4846
2016-04-11 00:00	0.72092	0.72620	0.71695	0.72430	106121
2016-04-12 00:00	0.72434	0.73425	0.72360	0.73415	112492
2016-04-13 00:00	0.73415	0.74083	0.73250	0.74019	114708
2016-04-14 00:00	0.74019	0.74595	0.73719	0.74315	110871
2016-04-15 00:00	0.74315	0.74831	0.74252	0.74689	92881
2016-04-17 00:00	0.73829	0.74190	0.73734	0.73865	10456
2016-04-18 00:00	0.73860	0.74981	0.73784	0.74929	105457
2016-04-19 00:00	0.74930	0.75193	0.74760	0.74995	102760
2016-04-20 00:00	0.74997	0.75886	0.74700	0.75751	113691
2016-04-21 00:00	0.75750	0.75967	0.75280	0.75489	134687
2016-04-22 00:00	0.75489	0.75737	0.75282	0.75374	112667
2016-04-24 00:00	0.75311	0.75463	0.75308	0.75420	7207
2016-04-25 00:00	0.75420	0.75453	0.75051	0.75209	90917
2016-04-26 00:00	0.75210	0.75550	0.75095	0.75418	105460
2016-04-27 00:00	0.75419	0.75545	0.73492	0.73820	139304
2016-04-28 00:00	0.73821	0.74085	0.73469	0.73743	130267
2016-04-29 00:00	0.73745	0.73854	0.72822	0.72911	106011
2016-05-01 00:00	0.72745	0.73053	0.72700	0.73000	7277
2016-05-02 00:00	0.73000	0.73263	0.72705	0.73186	86407
2016-05-03 00:00	0.73189	0.73644	0.71298	0.71491	133499
2016-05-04 00:00	0.71488	0.71793	0.71275	0.71431	142391
2016-05-05 00:00	0.71431	0.72419	0.71390	0.72381	104610
2016-05-06 00:00	0.72380	0.72381	0.71090	0.71559	116103
2016-05-08 00:00	0.71487	0.71774	0.71459	0.71705	5392
2016-05-09 00:00	0.71705	0.71795	0.70895	0.71040	100836
2016-05-10 00:00	0.71040	0.72010	0.70879	0.71875	106237
2016-05-11 00:00	0.71872	0.72049	0.71400	0.71400	100994
2016-05-12 00:00	0.71405	0.71561	0.70847	0.71034	98940
2016-05-13 00:00	0.71034	0.71080	0.70628	0.70832	109309
2016-05-15 00:00	0.70645	0.70959	0.70645	0.70939	4947
2016-05-16 00:00	0.70939	0.71330	0.70902	0.71265	72701
2016-05-17 00:00	0.71261	0.71995	0.71198	0.71710	104935
2016-05-18 00:00	0.71715	0.71735	0.71195	0.71340	116669
2016-05-19 00:00	0.71340	0.71645	0.71041	0.71645	121538
2016-05-20 00:00	0.71645	0.71831	0.71459	0.71459	76372
2016-05-22 00:00	0.71565	0.71645	0.71485	0.71595	3719
2016-05-23 00:00	0.71595	0.71816	0.71327	0.71425	84285
2016-05-24 00:00	0.71424	0.71570	0.70874	0.71389	96957
2016-05-25 00:00	0.71390	0.71620	0.71102	0.71230	91925
2016-05-26 00:00	0.71230	0.71642	0.70870	0.71465	87999
2016-05-27 00:00	0.71464	0.71585	0.71281	0.71413	80343
2016-05-29 00:00	0.71359	0.71486	0.71353	0.71400	5581
2016-05-30 00:00	0.71399	0.71439	0.71126	0.71324	56154
2016-05-31 00:00	0.71325	0.72070	0.71233	0.71846	96946
2016-06-01 00:00	0.71845	0.72555	0.71434	0.71643	104176
2016-06-02 00:00	0.71639	0.71797	0.71093	0.71595	99733
2016-06-03 00:00	0.71595	0.71940	0.71403	0.71820	99186
2016-06-05 00:00	0.71914	0.71944	0.71645	0.71651	7249
2016-06-06 00:00	0.71652	0.71900	0.71381	0.71517	92871
2016-06-07 00:00	0.71515	0.72212	0.71445	0.71850	83314
2016-06-08 00:00	0.71845	0.71971	0.71562	0.71785	94743
2016-06-09 00:00	0.71785	0.71903	0.71379	0.71500	95733
2016-06-10 00:00	0.71495	0.71615	0.70984	0.71077	89412
2016-06-12 00:00	0.71109	0.71204	0.71015	0.71105	5768
2016-06-13 00:00	0.71105	0.71609	0.70997	0.71010	87482
2016-06-14 00:00	0.71010	0.71425	0.70673	0.70840	121271
2016-06-15 00:00	0.70844	0.71515	0.70655	0.71239	122218
2016-06-16 00:00	0.71239	0.71435	0.70318	0.71315	145345
2016-06-17 00:00	0.71300	0.71389	0.70819	0.70880	112757
2016-06-19 00:00	0.71310	0.71566	0.71179	0.71280	8865
2016-06-20 00:00	0.71280	0.71809	0.71195	0.71730	90594
2016-06-21 00:00	0.71730	0.72070	0.71439	0.71689	102267
2016-06-22 00:00	0.71685	0.72180	0.71560	0.72065	109487
2016-06-23 00:00	0.72065	0.73640	0.72046	0.72528	148021
2016-06-24 00:00	0.72531	0.73033	0.70990	0.72491	244676
2016-06-26 00:00	0.72275	0.72390	0.72113	0.72255	14610
2016-06-27 00:00	0.72249	0.72527	0.71600	0.71979	178257
2016-06-28 00:00	0.71980	0.72611	0.71874	0.72570	129147
2016-06-29 00:00	0.72570	0.73166	0.72380	0.73134	124093
2016-06-30 00:00	0.73130	0.73150	0.72310	0.72680	152047
2016-07-01 00:00	0.72685	0.73056	0.72559	0.72911	89736
2016-07-03 00:00	0.72487	0.72788	0.72367	0.72705	5948
2016-07-04 00:00	0.72715	0.73391	0.72706	0.73060	72171
2016-07-05 00:00	0.73065	0.73270	0.72509	0.72695	111269
2016-07-06 00:00	0.72695	0.73488	0.72430	0.73254	118954
2016-07-07 00:00	0.73254	0.73675	0.72834	0.73325	110554
2016-07-08 00:00	0.73330	0.74450	0.73123	0.74346	97067
2016-07-10 00:00	0.74239	0.74400	0.74239	0.74294	5983
2016-07-11 00:00	0.74294	0.74457	0.73942	0.74049	101486
2016-07-12 00:00	0.74050	0.75509	0.74010	0.75185	122941
2016-07-13 00:00	0.75185	0.75302	0.74699	0.74755	111386
2016-07-14 00:00	0.74750	0.75155	0.74585	0.74705	123773
2016-07-15 00:00	0.74705	0.75262	0.74192	0.74374	109193
2016-07-17 00:00	0.74535	0.74746	0.74481	0.74639	10130
2016-07-18 00:00	0.74640	0.74836	0.74359	0.74460	85697
2016-07-19 00:00	0.74460	0.74460	0.73575	0.74013	101769
2016-07-20 00:00	0.74013	0.74131	0.73548	0.73630	187189
2016-07-21 00:00	0.73631	0.74197	0.73569	0.73909	301368
2016-07-22 00:00	0.73910	0.73936	0.73454	0.73639	194254
2016-07-24 00:00	0.73625	0.73887	0.73575	0.73843	13399
2016-07-25 00:00	0.73843	0.73990	0.73549	0.73685	183060
2016-07-26 00:00	0.73685	0.74726	0.73579	0.74539	230541
2016-07-27 00:00	0.74540	0.75010	0.73744	0.74030	326388
2016-07-28 00:00	0.74039	0.74280	0.73504	0.73575	230153
2016-07-29 00:00	0.73575	0.73855	0.73104	0.73653	296103
2016-07-31 00:00	0.73554	0.73681	0.73520	0.73545	11085
2016-08-01 00:00	0.73545	0.73810	0.72835	0.72870	183833
2016-08-02 00:00	0.72870	0.73680	0.72471	0.73302	218933
2016-08-03 00:00	0.73300	0.73865	0.73167	0.73809	189611
2016-08-04 00:00	0.73809	0.74412	0.73805	0.74389	207229
2016-08-05 00:00	0.74385	0.74897	0.74245	0.74647	180520
2016-08-07 00:00	0.74540	0.74718	0.74333	0.74624	8494
2016-08-08 00:00	0.74619	0.75428	0.74423	0.75285	143024
2016-08-09 00:00	0.75285	0.75490	0.74916	0.75214	143583
2016-08-10 00:00	0.75214	0.75695	0.74940	0.75094	178387
2016-08-11 00:00	0.75092	0.75300	0.74925	0.74985	154706
2016-08-12 00:00	0.74985	0.75069	0.74490	0.74507	156128
2016-08-14 00:00	0.74504	0.74697	0.74470	0.74595	11812
2016-08-15 00:00	0.74593	0.74868	0.74494	0.74685	127042
2016-08-16 00:00	0.74685	0.74745	0.73830	0.74010	186997
2016-08-17 00:00	0.74005	0.74086	0.73339	0.73665	167023
2016-08-18 00:00	0.73665	0.74090	0.73269	0.73289	170180
2016-08-19 00:00	0.73289	0.73295	0.72764	0.73184	141839
2016-08-21 00:00	0.73030	0.73240	0.73010	0.73146	19280
2016-08-22 00:00	0.73147	0.73558	0.73025	0.73469	182496
2016-08-23 00:00	0.73470	0.73580	0.73275	0.73325	163691
2016-08-24 00:00	0.73330	0.73775	0.73145	0.73580	225549
2016-08-25 00:00	0.73575	0.73826	0.73439	0.73730	142997
2016-08-26 00:00	0.73730	0.74336	0.73638	0.73919	242389
2016-08-28 00:00	0.73907	0.73955	0.73726	0.73726	11283
2016-08-29 00:00	0.73726	0.74165	0.73609	0.74072	190636
2016-08-30 00:00	0.74072	0.74266	0.73722	0.73955	182879
2016-08-31 00:00	0.73955	0.74048	0.73750	0.73950	218778
2016-09-01 00:00	0.73950	0.74385	0.73793	0.73973	202685
2016-09-02 00:00	0.73973	0.74285	0.73869	0.74180	232255
2016-09-04 00:00	0.74114	0.74270	0.74016	0.74122	9830
2016-09-05 00:00	0.74122	0.74415	0.74122	0.74394	158555
2016-09-06 00:00	0.74394	0.75000	0.74389	0.74535	240166
2016-09-07 00:00	0.74529	0.74570	0.74169	0.74350	185858
2016-09-08 00:00	0.74355	0.74900	0.74234	0.74340	273086
2016-09-09 00:00	0.74340	0.74392	0.73489	0.73490	220224
2016-09-11 00:00	0.73472	0.73565	0.73416	0.73515	12390
2016-09-12 00:00	0.73515	0.73570	0.73065	0.73492	238332
2016-09-13 00:00	0.73492	0.73520	0.72569	0.72929	264577
2016-09-14 00:00	0.72930	0.73250	0.72592	0.72810	247698
2016-09-15 00:00	0.72815	0.73077	0.72470	0.72960	252146
2016-09-16 00:00	0.72960	0.73464	0.72844	0.73394	183084
2016-09-18 00:00	0.73247	0.73539	0.73229	0.73487	14578
2016-09-19 00:00	0.73487	0.74160	0.73478	0.73879	169943
2016-09-20 00:00	0.73878	0.74045	0.73723	0.73949	187947
2016-09-21 00:00	0.73950	0.74371	0.73844	0.74305	292414
2016-09-22 00:00	0.74305	0.74425	0.73911	0.74094	266063
2016-09-23 00:00	0.74100	0.74228	0.73755	0.73891	178390
2016-09-25 00:00	0.73781	0.73886	0.73726	0.73790	11306
2016-09-26 00:00	0.73790	0.74070	0.73605	0.73950	178999
2016-09-27 00:00	0.73945	0.74570	0.73802	0.74425	207394
2016-09-28 00:00	0.74425	0.74771	0.74244	0.74659	226229
2016-09-29 00:00	0.74655	0.74838	0.73639	0.73683	243259
2016-09-30 00:00	0.73685	0.74530	0.73424	0.74339	208892
2016-10-02 00:00	0.74340	0.74485	0.74200	0.74275	13329
2016-10-03 00:00	0.74275	0.74870	0.74255	0.74820	147281
2016-10-04 00:00	0.74819	0.75225	0.74415	0.74455	261749
2016-10-05 00:00	0.74455	0.74774	0.74099	0.74218	172305
2016-10-06 00:00	0.74217	0.74430	0.73959	0.74265	172921
2016-10-07 00:00	0.74261	0.74670	0.74073	0.74108	279778
2016-10-09 00:00	0.74305	0.74474	0.74200	0.74291	5244
2016-10-10 00:00	0.74290	0.74940	0.74194	0.74630	123982
2016-10-11 00:00	0.74635	0.74715	0.74170	0.74699	216175
2016-10-12 00:00	0.74700	0.75070	0.74684	0.74795	222222
2016-10-13 00:00	0.74795	0.74815	0.74174	0.74615	194791
2016-10-14 00:00	0.74614	0.75634	0.74574	0.75369	183201
2016-10-16 00:00	0.75485	0.75485	0.75204	0.75215	7352
2016-10-17 00:00	0.75219	0.75521	0.75059	0.75475	139036
2016-10-18 00:00	0.75480	0.76080	0.75474	0.75975	138257
2016-10-19 00:00	0.75970	0.76462	0.75769	0.76415	141020
2016-10-20 00:00	0.76420	0.76525	0.75315	0.75757	148280
2016-10-21 00:00	0.75757	0.76105	0.75491	0.75520	122889
2016-10-23 00:00	0.75660	0.75675	0.75545	0.75575	7111
2016-10-24 00:00	0.75582	0.75945	0.75373	0.75460	85970
2016-10-25 00:00	0.75455	0.76358	0.75455	0.76080	82361
2016-10-26 00:00	0.76078	0.76638	0.75834	0.75975	86666
2016-10-27 00:00	0.75975	0.76020	0.75304	0.75425	87180
2016-10-28 00:00	0.75425	0.75550	0.74794	0.74990	96472
2016-10-30 00:00	0.74880	0.75030	0.74872	0.75005	4284
2016-10-31 00:00	0.75009	0.75339	0.74925	0.75235	74920
2016-11-01 00:00	0.75235	0.75850	0.74436	0.74555	99226
2016-11-02 00:00	0.74547	0.74606	0.74055	0.74446	119211
2016-11-03 00:00	0.74439	0.74895	0.74074	0.74875	104213
2016-11-04 00:00	0.74875	0.74993	0.74194	0.74275	95524
2016-11-06 00:00	0.75080	0.75080	0.74620	0.74810	6517
2016-11-07 00:00	0.74810	0.75305	0.74594	0.75170	93575
2016-11-08 00:00	0.75179	0.76155	0.74974	0.75845	98870
2016-11-09 00:00	0.75840	0.76410	0.72430	0.75308	263482
2016-11-10 00:00	0.75310	0.76479	0.74729	0.75109	194360
2016-11-11 00:00	0.75104	0.75214	0.74344	0.74444	182462
2016-11-13 00:00	0.74594	0.74842	0.74539	0.74725	11126
2016-11-14 00:00	0.74725	0.75525	0.74589	0.75455	171136
2016-11-15 00:00	0.75455	0.75740	0.75064	0.75645	160200
2016-11-16 00:00	0.75645	0.75690	0.74850	0.74980	159487
2016-11-17 00:00	0.74980	0.75073	0.74435	0.74540	150026
2016-11-18 00:00	0.74535	0.74700	0.74033	0.74055	153100
2016-11-20 00:00	0.74055	0.74135	0.73923	0.74050	9026
2016-11-21 00:00	0.74040	0.74425	0.73879	0.74335	128626
2016-11-22 00:00	0.74334	0.74886	0.74318	0.74867	125507
2016-11-23 00:00	0.74869	0.75315	0.74781	0.75010	132073
2016-11-24 00:00	0.75005	0.75405	0.74950	0.75399	111871
2016-11-25 00:00	0.75400	0.75760	0.75179	0.75414	148791
2016-11-27 00:00	0.75290	0.75465	0.75275	0.75360	5068
2016-11-28 00:00	0.75359	0.75980	0.75090	0.75859	139520
2016-11-29 00:00	0.75860	0.75950	0.75550	0.75714	120443
2016-11-30 00:00	0.75710	0.75956	0.74927	0.75125	153316
2016-12-01 00:00	0.75125	0.75310	0.74734	0.74995	141537
2016-12-02 00:00	0.74990	0.75355	0.74719	0.75122	120025
2016-12-04 00:00	0.75405	0.75600	0.75095	0.75464	18915
2016-12-05 00:00	0.75455	0.75799	0.74909	0.75240	142314
2016-12-06 00:00	0.75240	0.75475	0.74709	0.75475	98587
2016-12-07 00:00	0.75470	0.75485	0.74885	0.75365	95586
2016-12-08 00:00	0.75361	0.75871	0.75059	0.75765	133458
2016-12-09 00:00	0.75761	0.76267	0.75690	0.75695	111397
2016-12-11 00:00	0.75799	0.75877	0.75536	0.75814	7591
2016-12-12 00:00	0.75815	0.76205	0.75700	0.75940	115791
2016-12-13 00:00	0.75944	0.76095	0.75710	0.75810	105750
2016-12-14 00:00	0.75810	0.75988	0.75440	0.75755	138038
2016-12-15 00:00	0.75755	0.76150	0.75664	0.75855	180846
2016-12-16 00:00	0.75850	0.75855	0.74768	0.74934	124465
2016-12-18 00:00	0.74750	0.74891	0.74635	0.74835	8758
2016-12-19 00:00	0.74840	0.74994	0.74204	0.74475	116970
2016-12-20 00:00	0.74475	0.74785	0.74360	0.74763	113481
2016-12-21 00:00	0.74763	0.74798	0.74117	0.74270	93527
2016-12-22 00:00	0.74270	0.74395	0.73692	0.74050	91765
2016-12-23 00:00	0.74048	0.74110	0.73449	0.73565	61965
2016-12-25 00:00	0.73391	0.73668	0.73391	0.73613	3991
2016-12-26 00:00	0.73613	0.74140	0.73491	0.73709	53657
2016-12-27 00:00	0.73712	0.74045	0.73684	0.73880	58566
2016-12-28 00:00	0.73880	0.74150	0.73685	0.73858	80858
2016-12-29 00:00	0.73857	0.74026	0.72616	0.73580	95955
2016-12-30 00:00	0.73584	0.73890	0.73067	0.73148	114404
2017-01-01 00:00	0.73489	0.73489	0.73081	0.73466	309
2017-01-02 00:00	0.73469	0.73775	0.73163	0.73683	79485
2017-01-03 00:00	0.73681	0.74428	0.73532	0.74175	104560
2017-01-04 00:00	0.74174	0.74680	0.74168	0.74346	113836
2017-01-05 00:00	0.74349	0.74485	0.74035	0.74084	153378
2017-01-06 00:00	0.74085	0.74435	0.73985	0.74251	121145
2017-01-08 00:00	0.74200	0.74390	0.74130	0.74390	3850
2017-01-09 00:00	0.74384	0.74843	0.74346	0.74601	114176
2017-01-10 00:00	0.74600	0.74945	0.74380	0.74829	122151
2017-01-11 00:00	0.74830	0.75590	0.74783	0.75440	154180
2017-01-12 00:00	0.75445	0.75790	0.75354	0.75665	156501
2017-01-13 00:00	0.75665	0.75845	0.75260	0.75555	123472
2017-01-15 00:00	0.75550	0.75759	0.75485	0.75720	7485
2017-01-16 00:00	0.75720	0.75765	0.75421	0.75540	102693
2017-01-17 00:00	0.75545	0.75885	0.75382	0.75715	157258
2017-01-18 00:00	0.75714	0.75850	0.75551	0.75674	124381
2017-01-19 00:00	0.75681	0.76345	0.75522	0.76139	147661
2017-01-20 00:00	0.76145	0.76220	0.75645	0.75669	143855
2017-01-22 00:00	0.75655	0.75810	0.75620	0.75805	4697
2017-01-23 00:00	0.75804	0.75855	0.75349	0.75604	132921
2017-01-24 00:00	0.75605	0.75995	0.75470	0.75980	110837
2017-01-25 00:00	0.75985	0.76047	0.75160	0.75660	127906
2017-01-26 00:00	0.75664	0.75701	0.75162	0.75310	126278
2017-01-27 00:00	0.75305	0.75580	0.75145	0.75381	113278
2017-01-29 00:00	0.75359	0.75444	0.75325	0.75334	3930
2017-01-30 00:00	0.75336	0.75649	0.75105	0.75224	108530
2017-01-31 00:00	0.75225	0.75315	0.74854	0.74940	127440
2017-02-01 00:00	0.74940	0.75355	0.74784	0.75295	115607
2017-02-02 00:00	0.75300	0.76089	0.75295	0.75960	122173
2017-02-03 00:00	0.75959	0.76415	0.75875	0.76194	114645
2017-02-05 00:00	0.76104	0.76230	0.76090	0.76155	3481
2017-02-06 00:00	0.76150	0.76285	0.75779	0.75790	108164
2017-02-07 00:00	0.75790	0.76330	0.75755	0.76029	114628
2017-02-08 00:00	0.76028	0.76315	0.75905	0.75955	110458
2017-02-09 00:00	0.75954	0.76490	0.75789	0.76344	106348
2017-02-10 00:00	0.76345	0.77136	0.76314	0.76870	104401
2017-02-12 00:00	0.77030	0.77053	0.76864	0.77027	5509
2017-02-13 00:00	0.77029	0.77085	0.76745	0.76835	92342
2017-02-14 00:00	0.76835	0.77250	0.76789	0.77164	111403
2017-02-15 00:00	0.77165	0.77609	0.77099	0.77585	109552
2017-02-16 00:00	0.77585	0.77625	0.76651	0.76750	115764
2017-02-17 00:00	0.76750	0.76915	0.76509	0.76835	97039
2017-02-19 00:00	0.76935	0.76955	0.76784	0.76812	4791
2017-02-20 00:00	0.76815	0.77139	0.76790	0.77139	69510
2017-02-21 00:00	0.77140	0.77535	0.77022	0.77460	88478
2017-02-22 00:00	0.77460	0.78062	0.77350	0.77795	105976
2017-02-23 00:00	0.77795	0.77980	0.77480	0.77595	100966
2017-02-24 00:00	0.77595	0.77674	0.76944	0.77244	87776
2017-02-26 00:00	0.77350	0.77405	0.77256	0.77370	5328
2017-02-27 00:00	0.77365	0.77630	0.77220	0.77475	89557
2017-02-28 00:00	0.77475	0.77560	0.76875	0.76920	101898
2017-03-01 00:00	0.76920	0.77513	0.76884	0.77375	121617
2017-03-02 00:00	0.77375	0.77460	0.76600	0.76712	94247
2017-03-03 00:00	0.76715	0.76715	0.76350	0.76500	104761
2017-03-05 00:00	0.76500	0.76556	0.76439	0.76529	8307
2017-03-06 00:00	0.76530	0.76820	0.76339	0.76810	87820
2017-03-07 00:00	0.76810	0.77347	0.76789	0.76915	89086
2017-03-08 00:00	0.76914	0.77105	0.76254	0.76342	102625
2017-03-09 00:00	0.76345	0.76445	0.75735	0.75985	112864
2017-03-10 00:00	0.75983	0.76410	0.75929	0.76135	107969
2017-03-12 00:00	0.76234	0.76249	0.76124	0.76140	4451
2017-03-13 00:00	0.76140	0.76646	0.76092	0.76230	89952
2017-03-14 00:00	0.76230	0.76410	0.76035	0.76365	82679
2017-03-15 00:00	0.76360	0.77168	0.76237	0.77052	111376
2017-03-16 00:00	0.77052	0.77122	0.76324	0.76408	112964
2017-03-17 00:00	0.76406	0.76918	0.76385	0.76899	81376
2017-03-19 00:00	0.76721	0.76886	0.76697	0.76857	4352
2017-03-20 00:00	0.76857	0.77272	0.76722	0.77200	82340
2017-03-21 00:00	0.77199	0.77208	0.76196	0.76215	107821
2017-03-22 00:00	0.76220	0.76270	0.75718	0.76079	103592
2017-03-23 00:00	0.76080	0.76090	0.75685	0.75818	94849
2017-03-24 00:00	0.75817	0.75964	0.75416	0.75524	86879
2017-03-26 00:00	0.75485	0.75565	0.75352	0.75411	6460
2017-03-27 00:00	0.75409	0.75467	0.74744	0.75185	81892
2017-03-28 00:00	0.75180	0.75933	0.74819	0.75919	79485
2017-03-29 00:00	0.75920	0.76543	0.75777	0.76436	82116
2017-03-30 00:00	0.76435	0.76615	0.76239	0.76549	80453
2017-03-31 00:00	0.76547	0.76685	0.76281	0.76495	88795
2017-04-02 00:00	0.76459	0.76535	0.76450	0.76465	4086
2017-04-03 00:00	0.76460	0.76510	0.76010	0.76165	71983
2017-04-04 00:00	0.76165	0.76272	0.75559	0.75798	76061
2017-04-05 00:00	0.75796	0.76332	0.75745	0.75945	82657
2017-04-06 00:00	0.75945	0.75956	0.75570	0.75795	81241
2017-04-07 00:00	0.75790	0.75825	0.75395	0.75645	101371
2017-04-09 00:00	0.75595	0.75792	0.75570	0.75768	6668
2017-04-10 00:00	0.75769	0.75807	0.75440	0.75655	76045
2017-04-11 00:00	0.75655	0.75777	0.75177	0.75531	90585
2017-04-12 00:00	0.75530	0.75633	0.75227	0.75520	102204
2017-04-13 00:00	0.75520	0.76280	0.75435	0.76053	100195
2017-04-14 00:00	0.76053	0.76185	0.75945	0.76110	56659
2017-04-16 00:00	0.76054	0.76230	0.76035	0.76172	6374
2017-04-17 00:00	0.76172	0.76291	0.76099	0.76230	58055
2017-04-18 00:00	0.76230	0.76305	0.75190	0.75305	95232
2017-04-19 00:00	0.75306	0.75355	0.74744	0.74787	92948
2017-04-20 00:00	0.74788	0.75184	0.74713	0.75090	86579
2017-04-21 00:00	0.75090	0.75337	0.75047	0.75051	72329
2017-04-23 00:00	0.75115	0.75216	0.74756	0.75020	11921
2017-04-24 00:00	0.75020	0.75435	0.75016	0.75261	89746
2017-04-25 00:00	0.75261	0.75360	0.74692	0.74882	78947
2017-04-26 00:00	0.74882	0.74960	0.74162	0.74272	94691
2017-04-27 00:00	0.74272	0.74427	0.73995	0.74260	89491
2017-04-28 00:00	0.74260	0.74525	0.73939	0.74449	80127
2017-04-30 00:00	0.74207	0.74456	0.74203	0.74398	6969
2017-05-01 00:00	0.74399	0.75035	0.74399	0.74984	49950
2017-05-02 00:00	0.74983	0.75213	0.74536	0.74747	69949
2017-05-03 00:00	0.74747	0.74784	0.73710	0.73844	83032
2017-05-04 00:00	0.73844	0.73860	0.73021	0.73065	90193
2017-05-05 00:00	0.73070	0.73322	0.72691	0.73182	87221
2017-05-07 00:00	0.73195	0.73398	0.73164	0.73396	8067
2017-05-08 00:00	0.73396	0.73787	0.73094	0.73764	89177
2017-05-09 00:00	0.73765	0.74067	0.73304	0.73902	97697
2017-05-10 00:00	0.73902	0.74605	0.73882	0.74237	93818
2017-05-11 00:00	0.74237	0.74422	0.73992	0.74335	83414
2017-05-12 00:00	0.74336	0.74625	0.73874	0.73915	76833
2017-05-14 00:00	0.73920	0.74030	0.73855	0.73996	6714
2017-05-15 00:00	0.73996	0.74318	0.73820	0.73873	76421
2017-05-16 00:00	0.73876	0.74019	0.73026	0.73043	89649
2017-05-17 00:00	0.73045	0.73107	0.72450	0.72760	103648
2017-05-18 00:00	0.72759	0.73190	0.72437	0.72680	123889
2017-05-19 00:00	0.72681	0.72978	0.72471	0.72515	82694
2017-05-21 00:00	0.72575	0.72585	0.72350	0.72508	5057
2017-05-22 00:00	0.72508	0.72913	0.72288	0.72690	77838
2017-05-23 00:00	0.72690	0.73086	0.72619	0.72912	96861
2017-05-24 00:00	0.72912	0.73075	0.72630	0.72891	99676
2017-05-25 00:00	0.72892	0.73067	0.72420	0.72532	82774
2017-05-26 00:00	0.72531	0.72694	0.72113	0.72530	85864
2017-05-28 00:00	0.72500	0.72585	0.72462	0.72544	4041
2017-05-29 00:00	0.72544	0.72865	0.72358	0.72837	51941
2017-05-30 00:00	0.72837	0.72988	0.72599	0.72769	85166
2017-05-31 00:00	0.72769	0.72945	0.71829	0.71880	94142
2017-06-01 00:00	0.71885	0.72086	0.71483	0.71675	88609
2017-06-02 00:00	0.71677	0.71891	0.71459	0.71595	78243
2017-06-04 00:00	0.71514	0.71655	0.71488	0.71530	5883
2017-06-05 00:00	0.71531	0.72330	0.71510	0.72238	65232
2017-06-06 00:00	0.72238	0.72474	0.71860	0.72282	98221
2017-06-07 00:00	0.72283	0.73145	0.72171	0.72725	123005
2017-06-08 00:00	0.72725	0.73081	0.72619	0.72921	97642
2017-06-09 00:00	0.72922	0.73280	0.72900	0.72936	78243
2017-06-11 00:00	0.72884	0.72982	0.72884	0.72940	3399
2017-06-12 00:00	0.72940	0.73138	0.72819	0.73135	91418
2017-06-13 00:00	0.73135	0.73305	0.72796	0.73003	80997
2017-06-14 00:00	0.73004	0.73866	0.72945	0.73709	115133
2017-06-15 00:00	0.73709	0.74077	0.73612	0.73966	104857
2017-06-16 00:00	0.73965	0.74286	0.73880	0.74123	76429
2017-06-18 00:00	0.74045	0.74189	0.74039	0.74140	4072
2017-06-19 00:00	0.74141	0.74297	0.73739	0.74081	74161
2017-06-20 00:00	0.74081	0.74300	0.73815	0.73820	82441
2017-06-21 00:00	0.73822	0.73864	0.73365	0.73415	85295
2017-06-22 00:00	0.73415	0.73575	0.73237	0.73284	73708
2017-06-23 00:00	0.73283	0.73573	0.73231	0.73335	63541
2017-06-25 00:00	0.73230	0.73367	0.73230	0.73365	4260
2017-06-26 00:00	0.73367	0.73776	0.73335	0.73740	77532
2017-06-27 00:00	0.73742	0.74105	0.72764	0.72855	97598
2017-06-28 00:00	0.72855	0.73440	0.72771	0.73272	112377
2017-06-29 00:00	0.73273	0.73569	0.73239	0.73432	105381
2017-06-30 00:00	0.73434	0.73770	0.73415	0.73614	95065
2017-07-02 00:00	0.73585	0.73789	0.73529	0.73694	5044
2017-07-03 00:00	0.73693	0.73845	0.73482	0.73826	83509
2017-07-04 00:00	0.73826	0.73965	0.73185	0.73384	80215
2017-07-05 00:00	0.73384	0.73626	0.73146	0.73280	92759
2017-07-06 00:00	0.73280	0.73485	0.72726	0.72780	101917
2017-07-07 00:00	0.72780	0.73407	0.72765	0.73252	85756
2017-07-09 00:00	0.73201	0.73275	0.73193	0.73267	3768
2017-07-10 00:00	0.73267	0.73485	0.73168	0.73470	66821
2017-07-11 00:00	0.73474	0.73795	0.73454	0.73565	81305
2017-07-12 00:00	0.73566	0.74164	0.73534	0.74102	98355
2017-07-13 00:00	0.74100	0.74865	0.73984	0.74825	97416
2017-07-14 00:00	0.74831	0.75485	0.74765	0.75379	87867
2017-07-16 00:00	0.75365	0.75464	0.75320	0.75367	7427
2017-07-17 00:00	0.75375	0.75466	0.74970	0.75022	98620
2017-07-18 00:00	0.75023	0.76046	0.74854	0.75619	130142
2017-07-19 00:00	0.75620	0.76032	0.75501	0.75990	106555
2017-07-20 00:00	0.75995	0.76250	0.75513	0.75595	143343
2017-07-21 00:00	0.75595	0.75640	0.74726	0.74788	110526
2017-07-23 00:00	0.74660	0.74919	0.74660	0.74860	5211
2017-07-24 00:00	0.74858	0.75375	0.74771	0.75085	116461
2017-07-25 00:00	0.75085	0.75631	0.74885	0.75550	109930
2017-07-26 00:00	0.75551	0.76155	0.75095	0.76086	140157
2017-07-27 00:00	0.76090	0.77003	0.76085	0.76845	142902
2017-07-28 00:00	0.76845	0.77606	0.76824	0.77298	130230
2017-07-30 00:00	0.77301	0.77419	0.77207	0.77346	7046
2017-07-31 00:00	0.77346	0.77456	0.76910	0.77409	109707
2017-08-01 00:00	0.77410	0.77774	0.76786	0.76803	118758
2017-08-02 00:00	0.76805	0.77381	0.76771	0.77195	106187
2017-08-03 00:00	0.77204	0.77229	0.76642	0.77000	103388
2017-08-04 00:00	0.77000	0.77235	0.76810	0.77092	99756
2017-08-06 00:00	0.77025	0.77203	0.77009	0.77115	13761
2017-08-07 00:00	0.77115	0.77265	0.76836	0.77055	72359
2017-08-08 00:00	0.77055	0.77215	0.76815	0.76816	92542
2017-08-09 00:00	0.76816	0.76857	0.75682	0.76030	111033
2017-08-10 00:00	0.76029	0.76295	0.75619	0.75675	99885
2017-08-11 00:00	0.75670	0.76025	0.75313	0.75874	109974
2017-08-13 00:00	0.75909	0.76095	0.75854	0.76093	8358
2017-08-14 00:00	0.76093	0.76420	0.75964	0.76390	116831
2017-08-15 00:00	0.76387	0.76661	0.75988	0.76086	125010
2017-08-16 00:00	0.76086	0.76915	0.76071	0.76540	140957
2017-08-17 00:00	0.76544	0.76948	0.75740	0.75765	156234
2017-08-18 00:00	0.75769	0.76772	0.75751	0.76441	135730
2017-08-20 00:00	0.76435	0.76560	0.76428	0.76534	5944
2017-08-21 00:00	0.76533	0.76720	0.76238	0.76370	112323
2017-08-22 00:00	0.76370	0.76720	0.76270	0.76619	113901
2017-08-23 00:00	0.76618	0.76639	0.76125	0.76323	122496
2017-08-24 00:00	0.76323	0.76412	0.75948	0.76225	115340
2017-08-25 00:00	0.76227	0.76456	0.75789	0.75799	125303
2017-08-27 00:00	0.75640	0.75937	0.75624	0.75865	8653
2017-08-28 00:00	0.75864	0.76145	0.75166	0.75475	131824
2017-08-29 00:00	0.75475	0.76140	0.75069	0.76052	163310
2017-08-30 00:00	0.76051	0.76379	0.75691	0.76182	143604
2017-08-31 00:00	0.76182	0.76455	0.75982	0.76194	159752
2017-09-01 00:00	0.76194	0.76940	0.75953	0.76810	139240
2017-09-03 00:00	0.76260	0.76611	0.76170	0.76518	10967
2017-09-04 00:00	0.76524	0.76605	0.75944	0.76156	99256
2017-09-05 00:00	0.76157	0.76893	0.75904	0.76359	165889
2017-09-06 00:00	0.76359	0.76789	0.76023	0.76524	151574
2017-09-07 00:00	0.76524	0.76640	0.76230	0.76495	169849
2017-09-08 00:00	0.76492	0.76790	0.75971	0.76001	174342
2017-09-10 00:00	0.76290	0.76308	0.76179	0.76260	8441
2017-09-11 00:00	0.76261	0.76804	0.76239	0.76721	132247
2017-09-12 00:00	0.76723	0.77206	0.76502	0.76954	140696
2017-09-13 00:00	0.76959	0.77206	0.76870	0.76886	136451
2017-09-14 00:00	0.76886	0.77549	0.76866	0.76931	174081
2017-09-15 00:00	0.76931	0.77177	0.76703	0.76738	130512
2017-09-17 00:00	0.76813	0.76849	0.76737	0.76812	6693
2017-09-18 00:00	0.76813	0.77131	0.76412	0.76623	124632
2017-09-19 00:00	0.76628	0.77180	0.76537	0.77039	132004
2017-09-20 00:00	0.77042	0.77954	0.76995	0.77848	158638
2017-09-21 00:00	0.77853	0.77870	0.76880	0.76941	145118
2017-09-22 00:00	0.76944	0.77350	0.76595	0.77128	127847
2017-09-24 00:00	0.77159	0.77338	0.77088	0.77285	6451
2017-09-25 00:00	0.77284	0.77552	0.76430	0.76685	128468
2017-09-26 00:00	0.76685	0.76937	0.76330	0.76347	137977
2017-09-27 00:00	0.76347	0.76721	0.76235	0.76279	151375
2017-09-28 00:00	0.76275	0.76365	0.75943	0.76167	99111
2017-09-29 00:00	0.76167	0.76216	0.75756	0.75790	86512
2017-10-01 00:00	0.75885	0.75974	0.75805	0.75922	6261
2017-10-02 00:00	0.75922	0.76380	0.75711	0.76267	125797
2017-10-03 00:00	0.76270	0.76508	0.76039	0.76248	125347
2017-10-04 00:00	0.76249	0.76732	0.76230	0.76669	114057
2017-10-05 00:00	0.76669	0.76695	0.76185	0.76214	117375
2017-10-06 00:00	0.76214	0.76299	0.75804	0.75918	127326
2017-10-08 00:00	0.75994	0.76070	0.75945	0.76053	6234
2017-10-09 00:00	0.76052	0.76107	0.75790	0.75995	89329
2017-10-10 00:00	0.75996	0.76232	0.75765	0.75882	122406
2017-10-11 00:00	0.75882	0.76030	0.75589	0.75926	122035
2017-10-12 00:00	0.75926	0.76433	0.75858	0.76311	121906
2017-10-13 00:00	0.76312	0.76915	0.76277	0.76780	117630
2017-10-15 00:00	0.76820	0.76893	0.76725	0.76843	4317
2017-10-16 00:00	0.76843	0.76958	0.76450	0.76505	115047
2017-10-17 00:00	0.76506	0.76854	0.76480	0.76754	123670
2017-10-18 00:00	0.76755	0.77021	0.76670	0.76941	128650
2017-10-19 00:00	0.76942	0.77139	0.76622	0.76869	140623
2017-10-20 00:00	0.76869	0.77200	0.76802	0.76867	133840
2017-10-22 00:00	0.77030	0.77040	0.76908	0.76945	7782
2017-10-23 00:00	0.76945	0.77208	0.76837	0.76909	114853
2017-10-24 00:00	0.76908	0.77089	0.76654	0.77049	132122
2017-10-25 00:00	0.77049	0.77130	0.75969	0.76216	151998
2017-10-26 00:00	0.76215	0.76622	0.75981	0.76452	144762
2017-10-27 00:00	0.76452	0.76697	0.76141	0.76617	138008
2017-10-29 00:00	0.76524	0.76615	0.76432	0.76502	6718
2017-10-30 00:00	0.76502	0.76658	0.76328	0.76568	118320
2017-10-31 00:00	0.76568	0.76594	0.76250	0.76413	118659
2017-11-01 00:00	0.76413	0.77021	0.76373	0.76951	130697
2017-11-02 00:00	0.76951	0.77200	0.76876	0.77077	134997
2017-11-03 00:00	0.77077	0.77085	0.76406	0.76520	105391
2017-11-05 00:00	0.76445	0.76549	0.76391	0.76516	4069
2017-11-06 00:00	0.76515	0.76760	0.76470	0.76691	113255
2017-11-07 00:00	0.76691	0.76849	0.76223	0.76404	106351
2017-11-08 00:00	0.76404	0.76840	0.76350	0.76774	65421
2017-11-09 00:00	0.76776	0.76908	0.76100	0.76354	82213
2017-11-10 00:00	0.76353	0.76495	0.76108	0.76245	67526
2017-11-12 00:00	0.76160	0.76241	0.76075	0.76199	3195
2017-11-13 00:00	0.76197	0.76379	0.75794	0.75872	60998
2017-11-14 00:00	0.75875	0.76104	0.75383	0.75511	77134
2017-11-15 00:00	0.75511	0.75536	0.74742	0.75035	95785
2017-11-16 00:00	0.75036	0.75471	0.74859	0.75372	75130
2017-11-17 00:00	0.75370	0.75381	0.74648	0.74790	82331
2017-11-19 00:00	0.74799	0.74830	0.74693	0.74731	6501
2017-11-20 00:00	0.74733	0.75027	0.74616	0.75027	75604
2017-11-21 00:00	0.75027	0.75358	0.74795	0.75128	71907
2017-11-22 00:00	0.75128	0.75208	0.74528	0.74766	82199
2017-11-23 00:00	0.74764	0.74906	0.74629	0.74845	85751
2017-11-24 00:00	0.74846	0.74878	0.74470	0.74560	82518
2017-11-26 00:00	0.74585	0.74635	0.74514	0.74611	2620
2017-11-27 00:00	0.74611	0.74990	0.74422	0.74644	68864
2017-11-28 00:00	0.74646	0.74910	0.74481	0.74846	77927
2017-11-29 00:00	0.74846	0.74862	0.74441	0.74483	85550
2017-11-30 00:00	0.74483	0.74753	0.74291	0.74408	89503
2017-12-01 00:00	0.74408	0.74952	0.74221	0.74236	106872
2017-12-03 00:00	0.74463	0.74539	0.74334	0.74539	3765
2017-12-04 00:00	0.74537	0.74931	0.74471	0.74867	80309
2017-12-05 00:00	0.74867	0.75441	0.74856	0.75088	76723
2017-12-06 00:00	0.75088	0.75385	0.74686	0.74860	75088
2017-12-07 00:00	0.74859	0.74917	0.74490	0.74713	66005
2017-12-08 00:00	0.74713	0.74965	0.74453	0.74480	64453
2017-12-10 00:00	0.74600	0.74605	0.74480	0.74535	2197
2017-12-11 00:00	0.74536	0.74722	0.74471	0.74640	58033
2017-12-12 00:00	0.74640	0.75135	0.74550	0.74917	68782
2017-12-13 00:00	0.74919	0.75376	0.74891	0.75184	80246
2017-12-14 00:00	0.75188	0.75949	0.75163	0.75801	83578
2017-12-15 00:00	0.75802	0.76081	0.75616	0.75632	71410
2017-12-17 00:00	0.75679	0.75817	0.75660	0.75786	3742
2017-12-18 00:00	0.75788	0.75951	0.75444	0.75535	67502
2017-12-19 00:00	0.75538	0.75701	0.75406	0.75410	68432
2017-12-20 00:00	0.75410	0.75855	0.75328	0.75652	71484
2017-12-21 00:00	0.75652	0.76226	0.75474	0.76189	63943
2017-12-22 00:00	0.76189	0.76477	0.76182	0.76229	54260
2017-12-24 00:00	0.76157	0.76212	0.76140	0.76157	143
2017-12-25 00:00	0.76170	0.76385	0.76139	0.76376	3495
2017-12-26 00:00	0.76376	0.76505	0.76315	0.76505	28843
2017-12-27 00:00	0.76505	0.76947	0.76470	0.76632	61262
2017-12-28 00:00	0.76632	0.76715	0.76148	0.76279	67714
2017-12-29 00:00	0.76280	0.76387	0.75914	0.75914	49684
2018-01-01 00:00	0.75896	0.76079	0.75846	0.76022	4814
2018-01-02 00:00	0.76022	0.76374	0.75929	0.76070	73539
2018-01-03 00:00	0.76070	0.76711	0.75891	0.76470	71146
2018-01-04 00:00	0.76472	0.76749	0.76326	0.76623	68961
2018-01-05 00:00	0.76627	0.76793	0.76420	0.76610	68149
2018-01-07 00:00	0.76640	0.76730	0.76542	0.76628	2149
2018-01-08 00:00	0.76627	0.76728	0.76418	0.76670	60427
2018-01-09 00:00	0.76671	0.76974	0.76659	0.76852	74077
2018-01-10 00:00	0.76852	0.77010	0.76505	0.76710	93438
2018-01-11 00:00	0.76712	0.77286	0.76651	0.76934	90376
2018-01-12 00:00	0.76935	0.77010	0.76299	0.76525	100761
2018-01-14 00:00	0.76486	0.76634	0.76464	0.76558	3020
2018-01-15 00:00	0.76557	0.76876	0.76359	0.76673	85863
2018-01-16 00:00	0.76673	0.76827	0.76155	0.76445	97642
2018-01-17 00:00	0.76450	0.77041	0.76437	0.76933	119193
2018-01-18 00:00	0.76931	0.77085	0.76577	0.76769	102331
2018-01-19 00:00	0.76768	0.77019	0.76522	0.76891	99040
2018-01-21 00:00	0.76855	0.76960	0.76805	0.76935	3321
2018-01-22 00:00	0.76932	0.77143	0.76766	0.77039	77781
2018-01-23 00:00	0.77040	0.77145	0.76446	0.76560	92676
2018-01-24 00:00	0.76561	0.76792	0.76060	0.76176	103782
2018-01-25 00:00	0.76175	0.76435	0.75058	0.75609	147153
2018-01-26 00:00	0.75610	0.75950	0.75436	0.75714	119899
2018-01-28 00:00	0.75610	0.75783	0.75503	0.75759	4370
2018-01-29 00:00	0.75758	0.75919	0.75550	0.75884	107033
2018-01-30 00:00	0.75887	0.75948	0.75302	0.75697	112044
2018-01-31 00:00	0.75697	0.75765	0.74907	0.75050	122482
2018-02-01 00:00	0.75049	0.75080	0.74304	0.74440	121341
2018-02-02 00:00	0.74440	0.74467	0.73692	0.73715	116897
2018-02-04 00:00	0.73771	0.73804	0.73545	0.73606	5493
2018-02-05 00:00	0.73606	0.74420	0.73281	0.73360	123419
2018-02-06 00:00	0.73360	0.74045	0.73009	0.73891	169888
2018-02-07 00:00	0.73891	0.74215	0.73498	0.73663	114175
2018-02-08 00:00	0.73664	0.73983	0.72659	0.72829	139492
2018-02-09 00:00	0.72834	0.73533	0.72722	0.73316	121448
2018-02-11 00:00	0.73311	0.73492	0.73217	0.73480	3135
2018-02-12 00:00	0.73482	0.73852	0.73251	0.73760	92518
2018-02-13 00:00	0.73759	0.73987	0.73149	0.73526	92274
2018-02-14 00:00	0.73527	0.73744	0.72753	0.73546	117544
2018-02-15 00:00	0.73547	0.73758	0.72890	0.73244	108408
2018-02-16 00:00	0.73244	0.73521	0.73154	0.73312	92782
2018-02-18 00:00	0.73326	0.73367	0.73276	0.73356	1913
2018-02-19 00:00	0.73355	0.73631	0.73331	0.73498	61470
2018-02-20 00:00	0.73496	0.73976	0.73401	0.73792	97896
2018-02-21 00:00	0.73792	0.73936	0.73183	0.73192	106385
2018-02-22 00:00	0.73191	0.73454	0.73097	0.73138	91358
2018-02-23 00:00	0.73136	0.73393	0.72984	0.73368	76380
2018-02-25 00:00	0.73299	0.73496	0.73299	0.73459	3444
2018-02-26 00:00	0.73459	0.73685	0.73260	0.73678	78281
2018-02-27 00:00	0.73678	0.73708	0.73082	0.73211	96622
2018-02-28 00:00	0.73212	0.73748	0.73105	0.73315	95231
2018-03-01 00:00	0.73316	0.73481	0.72922	0.73097	118848
2018-03-02 00:00	0.73096	0.73204	0.72416	0.72769	106383
2018-03-04 00:00	0.72662	0.72739	0.72500	0.72676	6222
2018-03-05 00:00	0.72672	0.73057	0.72435	0.72967	98489
2018-03-06 00:00	0.72968	0.73625	0.72877	0.73045	104993
2018-03-07 00:00	0.73045	0.73846	0.72900	0.73834	102251
2018-03-08 00:00	0.73834	0.74155	0.73624	0.74124	98843
2018-03-09 00:00	0.74121	0.74665	0.74033	0.74614	88773
2018-03-11 00:00	0.74489	0.74788	0.74489	0.74742	3675
2018-03-12 00:00	0.74738	0.74807	0.74469	0.74559	73776
2018-03-13 00:00	0.74560	0.74738	0.74044	0.74163	89217
2018-03-14 00:00	0.74163	0.74828	0.74117	0.74417	81172
2018-03-15 00:00	0.74420	0.74471	0.74061	0.74098	86822
2018-03-16 00:00	0.74097	0.74141	0.73388	0.73395	72267
2018-03-18 00:00	0.73482	0.73537	0.73409	0.73526	2953
2018-03-19 00:00	0.73525	0.73575	0.73105	0.73311	92801
2018-03-20 00:00	0.73312	0.73615	0.73153	0.73500	78842
2018-03-21 00:00	0.73503	0.73879	0.73145	0.73745	91056
2018-03-22 00:00	0.73743	0.73784	0.72722	0.72831	115439
2018-03-23 00:00	0.72833	0.73366	0.72803	0.72877	105218
2018-03-25 00:00	0.72929	0.73019	0.72765	0.73016	4588
2018-03-26 00:00	0.73016	0.73402	0.72774	0.73272	87830
2018-03-27 00:00	0.73274	0.73310	0.72622	0.72735	98946
2018-03-28 00:00	0.72738	0.73395	0.72655	0.73278	100427
2018-03-29 00:00	0.73277	0.73552	0.73093	0.73477	100374
2018-03-30 00:00	0.73473	0.73495	0.73128	0.73153	87650
2018-04-01 00:00	0.73237	0.73390	0.73197	0.73336	3871
2018-04-02 00:00	0.73339	0.73431	0.73000	0.73084	65899
2018-04-03 00:00	0.73086	0.73763	0.73086	0.73614	88693
2018-04-04 00:00	0.73614	0.74180	0.73237	0.74116	94216
2018-04-05 00:00	0.74113	0.74155	0.73678	0.73790	85329
2018-04-06 00:00	0.73790	0.74140	0.73491	0.73523	98346
2018-04-08 00:00	0.73580	0.73690	0.73490	0.73654	6039
2018-04-09 00:00	0.73654	0.73894	0.73355	0.73610	84766
2018-04-10 00:00	0.73613	0.74330	0.73537	0.74245	103968
2018-04-11 00:00	0.74245	0.74410	0.74008	0.74306	87756
2018-04-12 00:00	0.74309	0.74747	0.74254	0.74648	99987
2018-04-13 00:00	0.74648	0.75141	0.74594	0.74642	108738
2018-04-15 00:00	0.74653	0.74952	0.74644	0.74851	4868
2018-04-16 00:00	0.74851	0.74893	0.74477	0.74589	101774
2018-04-17 00:00	0.74589	0.75151	0.74506	0.75069	109679
2018-04-18 00:00	0.75069	0.75487	0.74993	0.75423	119298
2018-04-19 00:00	0.75422	0.75669	0.74978	0.75003	127095
2018-04-20 00:00	0.75005	0.75057	0.74642	0.74752	115366
2018-04-22 00:00	0.74725	0.74820	0.74692	0.74736	9352
2018-04-23 00:00	0.74737	0.74932	0.74337	0.74343	102493
2018-04-24 00:00	0.74343	0.74575	0.74155	0.74440	108174
2018-04-25 00:00	0.74440	0.74495	0.74234	0.74370	121672
2018-04-26 00:00	0.74370	0.74762	0.74340	0.74704	139378
2018-04-27 00:00	0.74704	0.74902	0.74585	0.74824	113140
2018-04-29 00:00	0.74840	0.74889	0.74786	0.74826	3622
2018-04-30 00:00	0.74827	0.74879	0.74520	0.74614	122104
2018-05-01 00:00	0.74616	0.74821	0.74444	0.74560	104737
2018-05-02 00:00	0.74560	0.74970	0.74509	0.74808	159392
2018-05-03 00:00	0.74808	0.75225	0.74797	0.75087	157045
2018-05-04 00:00	0.75087	0.75440	0.74970	0.75340	124860
2018-05-06 00:00	0.75401	0.75435	0.75260	0.75273	4103
2018-05-07 00:00	0.75273	0.75463	0.75144	0.75330	114406
2018-05-08 00:00	0.75331	0.75395	0.74469	0.74551	136655
2018-05-09 00:00	0.74551	0.75028	0.74380	0.74978	137468
2018-05-10 00:00	0.74978	0.75563	0.74889	0.75473	152876
2018-05-11 00:00	0.75477	0.75698	0.75354	0.75421	119166
2018-05-13 00:00	0.75404	0.75519	0.75375	0.75492	5177
2018-05-14 00:00	0.75495	0.75563	0.75216	0.75271	109424
2018-05-15 00:00	0.75271	0.75376	0.74646	0.74773	143338
2018-05-16 00:00	0.74775	0.75278	0.74564	0.75203	144765
2018-05-17 00:00	0.75205	0.75453	0.75105	0.75175	129641
2018-05-18 00:00	0.75175	0.75235	0.74750	0.74889	113727
2018-05-20 00:00	0.74980	0.75115	0.74959	0.75070	6862
2018-05-21 00:00	0.75070	0.75640	0.74997	0.75564	123853
2018-05-22 00:00	0.75567	0.75823	0.75128	0.75168	139098
2018-05-23 00:00	0.75170	0.75349	0.74515	0.75217	178565
2018-05-24 00:00	0.75221	0.75241	0.74682	0.75039	155606
2018-05-25 00:00	0.75040	0.75374	0.74624	0.74625	143466
2018-05-27 00:00	0.74915	0.75061	0.74870	0.74966	7447
2018-05-28 00:00	0.74964	0.75196	0.74870	0.74956	115500
2018-05-29 00:00	0.74955	0.75047	0.73941	0.74130	165960
2018-05-30 00:00	0.74133	0.75025	0.74133	0.74830	155969
2018-05-31 00:00	0.74830	0.74955	0.74310	0.74476	165173
2018-06-01 00:00	0.74483	0.74870	0.74243	0.74745	137778
2018-06-03 00:00	0.74675	0.74843	0.74669	0.74817	4721
2018-06-04 00:00	0.74818	0.75645	0.74813	0.75607	126565
2018-06-05 00:00	0.75607	0.75633	0.74906	0.75029	132657
2018-06-06 00:00	0.75029	0.75743	0.75025	0.75554	124567
2018-06-07 00:00	0.75554	0.75609	0.74536	0.74682	127194
2018-06-08 00:00	0.74683	0.75005	0.74285	0.74775	121348
2018-06-10 00:00	0.74704	0.74875	0.74699	0.74865	3469
2018-06-11 00:00	0.74865	0.75108	0.74831	0.74996	90473
2018-06-12 00:00	0.74998	0.75236	0.74636	0.74750	115200
2018-06-13 00:00	0.74751	0.74954	0.74436	0.74523	114226
2018-06-14 00:00	0.74524	0.74930	0.74199	0.74423	137120
2018-06-15 00:00	0.74425	0.74630	0.74087	0.74184	121301
2018-06-17 00:00	0.74150	0.74250	0.74104	0.74229	4168
2018-06-18 00:00	0.74226	0.74322	0.73547	0.73601	93495
2018-06-19 00:00	0.73600	0.73758	0.73112	0.73465	142793
2018-06-20 00:00	0.73467	0.73810	0.73305	0.73421	121366
2018-06-21 00:00	0.73421	0.73600	0.73028	0.73139	149469
2018-06-22 00:00	0.73142	0.73650	0.73130	0.73439	127330
2018-06-24 00:00	0.73485	0.73542	0.73449	0.73483	3872
2018-06-25 00:00	0.73492	0.73492	0.72967	0.73126	132951
2018-06-26 00:00	0.73126	0.73328	0.72999	0.73240	141292
2018-06-27 00:00	0.73242	0.73525	0.72899	0.73170	172624
2018-06-28 00:00	0.73167	0.73425	0.73085	0.73292	142640
2018-06-29 00:00	0.73291	0.73580	0.73174	0.73340	150212
2018-07-01 00:00	0.73230	0.73395	0.73199	0.73252	6254
2018-07-02 00:00	0.73252	0.73349	0.72747	0.72886	119678
2018-07-03 00:00	0.72890	0.73485	0.72758	0.73189	130349
2018-07-04 00:00	0.73187	0.73539	0.73167	0.73226	108263
2018-07-05 00:00	0.73224	0.73455	0.73105	0.73352	134071
2018-07-06 00:00	0.73354	0.73714	0.73305	0.73455	118101
2018-07-08 00:00	0.73548	0.73573	0.73469	0.73567	6009
2018-07-09 00:00	0.73567	0.74090	0.73549	0.74053	123392
2018-07-10 00:00	0.74053	0.74204	0.73560	0.73604	129589
2018-07-11 00:00	0.73605	0.73720	0.73234	0.73319	164015
2018-07-12 00:00	0.73318	0.74304	0.73306	0.74266	126950
2018-07-13 00:00	0.74268	0.74400	0.73937	0.74305	122157
2018-07-15 00:00	0.74280	0.74397	0.74201	0.74340	4215
2018-07-16 00:00	0.74339	0.74467	0.73872	0.73894	124336
2018-07-17 00:00	0.73894	0.74085	0.73585	0.73796	138421
2018-07-18 00:00	0.73797	0.73980	0.73454	0.73885	133458
2018-07-19 00:00	0.73886	0.74282	0.73267	0.73528	172976
2018-07-20 00:00	0.73526	0.73790	0.73227	0.73584	165875
2018-07-22 00:00	0.73579	0.73707	0.73535	0.73636	6413
2018-07-23 00:00	0.73636	0.73653	0.73184	0.73288	137599
2018-07-24 00:00	0.73288	0.73828	0.73130	0.73775	140584
2018-07-25 00:00	0.73773	0.73970	0.73413	0.73913	158934
2018-07-26 00:00	0.73913	0.73922	0.73238	0.73355	144417
2018-07-27 00:00	0.73355	0.73764	0.73286	0.73600	123110
2018-07-29 00:00	0.73540	0.73623	0.73504	0.73540	2979
2018-07-30 00:00	0.73539	0.73641	0.73130	0.73198	102496
2018-07-31 00:00	0.73198	0.73666	0.73151	0.73473	133974
2018-08-01 00:00	0.73473	0.73625	0.73305	0.73430	125867
2018-08-02 00:00	0.73430	0.73485	0.73115	0.73250	124809
2018-08-03 00:00	0.73250	0.73605	0.73177	0.73530	124997
2018-08-05 00:00	0.73470	0.73563	0.73450	0.73529	3607
2018-08-06 00:00	0.73529	0.73710	0.73502	0.73581	113984
2018-08-07 00:00	0.73582	0.74014	0.73581	0.73895	116587
2018-08-08 00:00	0.73894	0.73959	0.73602	0.73750	125451
2018-08-09 00:00	0.73750	0.73960	0.73169	0.73273	130806
2018-08-10 00:00	0.73278	0.73297	0.72461	0.72584	171644
2018-08-12 00:00	0.72200	0.72537	0.72190	0.72467	8954
2018-08-13 00:00	0.72467	0.72499	0.72099	0.72168	161029
2018-08-14 00:00	0.72168	0.72369	0.71811	0.71928	145797
2018-08-15 00:00	0.71929	0.72130	0.71744	0.71847	154395
2018-08-16 00:00	0.71847	0.72507	0.71691	0.72388	157752
2018-08-17 00:00	0.72388	0.72850	0.72273	0.72764	135098
2018-08-19 00:00	0.72782	0.72815	0.72717	0.72731	4590
2018-08-20 00:00	0.72728	0.72825	0.72560	0.72649	126656
2018-08-21 00:00	0.72649	0.72775	0.72384	0.72451	146232
2018-08-22 00:00	0.72451	0.72470	0.72085	0.72107	136713
2018-08-23 00:00	0.72108	0.72110	0.71298	0.71430	126124
2018-08-24 00:00	0.71428	0.72150	0.71375	0.72005	126797
2018-08-26 00:00	0.72047	0.72142	0.72032	0.72118	6033
2018-08-27 00:00	0.72117	0.72145	0.71853	0.71972	114604
2018-08-28 00:00	0.71972	0.72010	0.71509	0.71706	127983
2018-08-29 00:00	0.71705	0.71760	0.70715	0.70943	134621
2018-08-30 00:00	0.70943	0.70946	0.70202	0.70340	135222
2018-08-31 00:00	0.70341	0.70344	0.69568	0.69639	144976
2018-09-02 00:00	0.69589	0.69715	0.69565	0.69694	4373
2018-09-03 00:00	0.69694	0.70039	0.69502	0.69860	97094
2018-09-04 00:00	0.69860	0.70154	0.69690	0.69965	141768
2018-09-05 00:00	0.69967	0.70249	0.69679	0.69872	140648
2018-09-06 00:00	0.69873	0.69945	0.69395	0.69406	142631
2018-09-07 00:00	0.69405	0.69424	0.68743	0.68814	140454
2018-09-09 00:00	0.68752	0.68922	0.68725	0.68910	4460
2018-09-10 00:00	0.68909	0.69425	0.68840	0.69290	112875
2018-09-11 00:00	0.69290	0.69512	0.69005	0.69178	124347
2018-09-12 00:00	0.69178	0.69708	0.69037	0.69565	126554
2018-09-13 00:00	0.69561	0.69881	0.69366	0.69437	123780
2018-09-14 00:00	0.69437	0.69607	0.69157	0.69158	113119
2018-09-16 00:00	0.69145	0.69242	0.69079	0.69079	4343
2018-09-17 00:00	0.69080	0.69282	0.68771	0.68771	109262
2018-09-18 00:00	0.68770	0.69725	0.68763	0.69617	135905
2018-09-19 00:00	0.69616	0.70370	0.69593	0.70215	129660
2018-09-20 00:00	0.70217	0.70315	0.69797	0.69855	122365
2018-09-21 00:00	0.69861	0.69967	0.69467	0.69805	121960
2018-09-23 00:00	0.69571	0.69753	0.69542	0.69741	4224
2018-09-24 00:00	0.69743	0.69991	0.69630	0.69946	107177
2018-09-25 00:00	0.69948	0.70125	0.69816	0.69955	117199
2018-09-26 00:00	0.69955	0.70395	0.69926	0.70021	131430
2018-09-27 00:00	0.70020	0.70598	0.69889	0.70381	130708
2018-09-28 00:00	0.70381	0.70945	0.70235	0.70890	138552
2018-09-30 00:00	0.70817	0.70950	0.70721	0.70879	4885
2018-10-01 00:00	0.70880	0.71147	0.70694	0.71084	137474
2018-10-02 00:00	0.71086	0.71229	0.70395	0.70703	143536
2018-10-03 00:00	0.70705	0.70773	0.70254	0.70381	147319
2018-10-04 00:00	0.70383	0.70428	0.70035	0.70187	153459
2018-10-05 00:00	0.70187	0.70341	0.69852	0.69875	139828
2018-10-07 00:00	0.69946	0.70065	0.69867	0.69930	6754
2018-10-08 00:00	0.69930	0.70281	0.69840	0.70170	125769
2018-10-09 00:00	0.70166	0.70571	0.70117	0.70554	148854
2018-10-10 00:00	0.70554	0.70657	0.69719	0.69795	161971
2018-10-11 00:00	0.69794	0.70655	0.69686	0.70521	207365
2018-10-12 00:00	0.70520	0.70795	0.70367	0.70490	160688
2018-10-14 00:00	0.70422	0.70517	0.70386	0.70408	9802
2018-10-15 00:00	0.70408	0.70636	0.70200	0.70421	156127
2018-10-16 00:00	0.70421	0.70775	0.70290	0.70692	129494
2018-10-17 00:00	0.70692	0.70965	0.70570	0.70725	131495
2018-10-18 00:00	0.70723	0.71130	0.70562	0.70656	150131
2018-10-19 00:00	0.70656	0.71195	0.70623	0.70854	138362
2018-10-21 00:00	0.70820	0.70980	0.70770	0.70865	4443
2018-10-22 00:00	0.70870	0.70945	0.70430	0.70435	124420
2018-10-23 00:00	0.70435	0.70585	0.70201	0.70546	140258
2018-10-24 00:00	0.70547	0.70827	0.70291	0.70400	155450
2018-10-25 00:00	0.70402	0.70975	0.70321	0.70784	137591
2018-10-26 00:00	0.70784	0.70867	0.70210	0.70685	158188
2018-10-28 00:00	0.70760	0.70827	0.70682	0.70796	4901
2018-10-29 00:00	0.70796	0.70972	0.70571	0.70739	147468
2018-10-30 00:00	0.70739	0.71528	0.70703	0.71345	141219
2018-10-31 00:00	0.71341	0.71436	0.71101	0.71392	140926
2018-11-01 00:00	0.71392	0.72256	0.71355	0.72193	148757
2018-11-02 00:00	0.72193	0.72605	0.71977	0.72140	162083
2018-11-04 00:00	0.72129	0.72220	0.72045	0.72150	6583
2018-11-05 00:00	0.72152	0.72475	0.72081	0.72428	128474
2018-11-06 00:00	0.72429	0.72690	0.72369	0.72517	126711
2018-11-07 00:00	0.72517	0.72932	0.72373	0.72874	126927
2018-11-08 00:00	0.72874	0.73193	0.72795	0.73072	117934
2018-11-09 00:00	0.73072	0.73135	0.72569	0.72625	116748
2018-11-11 00:00	0.72540	0.72701	0.72530	0.72689	6207
2018-11-12 00:00	0.72689	0.72813	0.72381	0.72475	105631
2018-11-13 00:00	0.72476	0.72929	0.72354	0.72733	123411
2018-11-14 00:00	0.72732	0.72950	0.72520	0.72758	119926
2018-11-15 00:00	0.72758	0.73361	0.72730	0.73214	128901
2018-11-16 00:00	0.73214	0.73413	0.73017	0.73265	96332
2018-11-18 00:00	0.73020	0.73227	0.72991	0.73127	6010
2018-11-19 00:00	0.73127	0.73225	0.72324	0.72452	86830
2018-11-20 00:00	0.72453	0.72510	0.71619	0.71779	100739
2018-11-21 00:00	0.71779	0.72405	0.71740	0.72205	89293
2018-11-22 00:00	0.72203	0.72254	0.71906	0.72104	67539
2018-11-23 00:00	0.72103	0.72186	0.71939	0.71961	66017
2018-11-25 00:00	0.72030	0.72169	0.72025	0.72120	6142
2018-11-26 00:00	0.72122	0.72496	0.71989	0.72099	77544
2018-11-27 00:00	0.72100	0.72575	0.71945	0.72172	92685
2018-11-28 00:00	0.72170	0.72816	0.72166	0.72514	89272
2018-11-29 00:00	0.72515	0.73132	0.72416	0.72926	92126
2018-11-30 00:00	0.72925	0.73047	0.72682	0.73024	78757
2018-12-02 00:00	0.73659	0.73680	0.73488	0.73630	4853
2018-12-03 00:00	0.73630	0.73761	0.73338	0.73403	89226
2018-12-04 00:00	0.73404	0.73589	0.72907	0.73251	103041
2018-12-05 00:00	0.73251	0.73369	0.72353	0.72419	73002
2018-12-06 00:00	0.72420	0.72428	0.71490	0.71839	120529
2018-12-07 00:00	0.71840	0.71870	0.71214	0.71260	93815
2018-12-09 00:00	0.71205	0.71250	0.71008	0.71070	5444
2018-12-10 00:00	0.71070	0.71479	0.71007	0.71157	97600
2018-12-11 00:00	0.71158	0.71701	0.70994	0.71625	97419
2018-12-12 00:00	0.71624	0.71830	0.71514	0.71641	98422
2018-12-13 00:00	0.71641	0.71950	0.71557	0.71760	88555
2018-12-14 00:00	0.71761	0.71816	0.71240	0.71590	82102
2018-12-16 00:00	0.71464	0.71648	0.71217	0.71573	12704
2018-12-17 00:00	0.71575	0.71637	0.71181	0.71240	76674
2018-12-18 00:00	0.71237	0.71476	0.71159	0.71344	92728
2018-12-19 00:00	0.71344	0.71496	0.70457	0.70688	141379
2018-12-20 00:00	0.70688	0.70880	0.69996	0.70226	177271
2018-12-21 00:00	0.70226	0.70538	0.69955	0.69974	148184
2018-12-23 00:00	0.69909	0.70081	0.69795	0.70047	4875
2018-12-24 00:00	0.70046	0.70284	0.69295	0.69469	101241
2018-12-25 00:00	0.69498	0.69612	0.69092	0.69496	4885
2018-12-26 00:00	0.69495	0.70411	0.69328	0.70335	76712
2018-12-27 00:00	0.70337	0.70339	0.69170	0.69434	160189
2018-12-28 00:00	0.69434	0.69552	0.69000	0.69234	116190
2018-12-30 00:00	0.69149	0.69366	0.69111	0.69281	5311
2018-12-31 00:00	0.69282	0.69687	0.68975	0.68977	76730
2019-01-01 00:00	0.69114	0.69221	0.69031	0.69211	3041
2019-01-02 00:00	0.69211	0.69365	0.67438	0.68409	155375
2019-01-03 00:00	0.68411	0.69452	0.68247	0.69163	189347
2019-01-04 00:00	0.69163	0.70251	0.68942	0.70189	151633
2019-01-06 00:00	0.70128	0.70290	0.69988	0.70217	5768
2019-01-07 00:00	0.70218	0.70254	0.69812	0.69956	118598
2019-01-08 00:00	0.69957	0.70329	0.69817	0.70262	127736
2019-01-09 00:00	0.70265	0.70338	0.69803	0.69845	154409
2019-01-10 00:00	0.69845	0.70772	0.69575	0.70708	136183
2019-01-11 00:00	0.70707	0.71068	0.70645	0.70969	127521
2019-01-13 00:00	0.70957	0.70982	0.70848	0.70854	6743
2019-01-14 00:00	0.70854	0.70999	0.70500	0.70624	100488
2019-01-15 00:00	0.70625	0.71192	0.70624	0.71144	125647
2019-01-16 00:00	0.71144	0.71291	0.70791	0.71009	100801
2019-01-17 00:00	0.71009	0.71736	0.70889	0.71454	112955
2019-01-18 00:00	0.71453	0.71702	0.71253	0.71255	94456
2019-01-20 00:00	0.71200	0.71325	0.71185	0.71298	3432
2019-01-21 00:00	0.71298	0.71457	0.71139	0.71399	79226
2019-01-22 00:00	0.71399	0.71418	0.70904	0.70998	109499
2019-01-23 00:00	0.70999	0.71333	0.70883	0.71068	114445
2019-01-24 00:00	0.71067	0.71257	0.70488	0.70599	145828
2019-01-25 00:00	0.70598	0.71326	0.70458	0.71303	117262
2019-01-27 00:00	0.71235	0.71345	0.71182	0.71249	4799
2019-01-28 00:00	0.71249	0.71475	0.70931	0.71054	107088
2019-01-29 00:00	0.71054	0.71233	0.70804	0.71183	137503
2019-01-30 00:00	0.71184	0.72301	0.71122	0.72078	161387
2019-01-31 00:00	0.72078	0.72407	0.71959	0.72272	163899
2019-02-01 00:00	0.72272	0.72358	0.71961	0.72100	143112
2019-02-03 00:00	0.72095	0.72161	0.72020	0.72148	4985
2019-02-04 00:00	0.72147	0.72204	0.71950	0.71972	122397
2019-02-05 00:00	0.71973	0.72613	0.71781	0.72397	133914
2019-02-06 00:00	0.72397	0.72440	0.71129	0.71259	139255
2019-02-07 00:00	0.71260	0.71329	0.70906	0.71107	135597
2019-02-08 00:00	0.71106	0.71161	0.70763	0.70845	118164
2019-02-10 00:00	0.70835	0.71573	0.70809	0.70949	7599
2019-02-11 00:00	0.70951	0.71090	0.70831	0.70903	121346
2019-02-12 00:00	0.70903	0.71568	0.70853	0.71461	130068
2019-02-13 00:00	0.71460	0.71747	0.71365	0.71543	149995
2019-02-14 00:00	0.71543	0.71897	0.71230	0.71386	172779
2019-02-15 00:00	0.71386	0.71831	0.71191	0.71752	158266
2019-02-17 00:00	0.71665	0.71796	0.71629	0.71774	3490
2019-02-18 00:00	0.71774	0.71819	0.71519	0.71631	111211
2019-02-19 00:00	0.71632	0.71795	0.71370	0.71765	167638
2019-02-20 00:00	0.71763	0.71829	0.71500	0.71699	180833
2019-02-21 00:00	0.71699	0.72091	0.70825	0.71139	227193
2019-02-22 00:00	0.71139	0.71416	0.70906	0.71289	176642
2019-02-24 00:00	0.71323	0.71567	0.71172	0.71556	5506
2019-02-25 00:00	0.71556	0.71846	0.71308	0.71724	174037
2019-02-26 00:00	0.71722	0.71962	0.71398	0.71911	177143
2019-02-27 00:00	0.71911	0.71949	0.71195	0.71517	194285
2019-02-28 00:00	0.71517	0.71707	0.70638	0.70815	205684
2019-03-01 00:00	0.70813	0.71081	0.70660	0.70702	153043
2019-03-03 00:00	0.70880	0.70957	0.70674	0.70886	11466
2019-03-04 00:00	0.70888	0.71021	0.70711	0.70830	164137
2019-03-05 00:00	0.70830	0.71197	0.70608	0.71185	159706
2019-03-06 00:00	0.71185	0.71233	0.70475	0.70613	164063
2019-03-07 00:00	0.70615	0.71076	0.70490	0.70998	170617
2019-03-08 00:00	0.70997	0.71052	0.70684	0.70978	160701
2019-03-10 00:00	0.70839	0.70978	0.70820	0.70935	3730
2019-03-11 00:00	0.70935	0.71517	0.70809	0.71436	131605
2019-03-12 00:00	0.71438	0.71481	0.71066	0.71153	152673
2019-03-13 00:00	0.71153	0.71225	0.70986	0.71094	141992
2019-03-14 00:00	0.71094	0.71095	0.70727	0.70922	159030
2019-03-15 00:00	0.70922	0.71145	0.70922	0.70951	123513
2019-03-17 00:00	0.70997	0.71012	0.70923	0.70998	4258
2019-03-18 00:00	0.70998	0.71293	0.70955	0.71065	128255
2019-03-19 00:00	0.71066	0.71168	0.70745	0.70791	136603
2019-03-20 00:00	0.70790	0.70923	0.70472	0.70686	185127
2019-03-21 00:00	0.70686	0.71007	0.70416	0.70484	208264
2019-03-22 00:00	0.70482	0.70721	0.70309	0.70322	216464
2019-03-24 00:00	0.70315	0.70406	0.70305	0.70377	4425
2019-03-25 00:00	0.70377	0.70608	0.70226	0.70606	169175
2019-03-26 00:00	0.70606	0.71045	0.70570	0.70926	162897
2019-03-27 00:00	0.70927	0.70952	0.70303	0.70453	204257
2019-03-28 00:00	0.70453	0.70716	0.70338	0.70458	187368
2019-03-29 00:00	0.70458	0.70785	0.70400	0.70588	156807
2019-03-31 00:00	0.70785	0.70810	0.70685	0.70776	6280
2019-04-01 00:00	0.70777	0.71104	0.70737	0.71043	142955
2019-04-02 00:00	0.71042	0.71185	0.70420	0.70435	143389
2019-04-03 00:00	0.70432	0.71077	0.70413	0.70973	134151
2019-04-04 00:00	0.70975	0.71199	0.70934	0.71077	114131
2019-04-05 00:00	0.71077	0.71300	0.70950	0.71038	99653
2019-04-07 00:00	0.71012	0.71081	0.70949	0.71003	3466
2019-04-08 00:00	0.71003	0.71236	0.70775	0.71144	101158
2019-04-09 00:00	0.71146	0.71455	0.71113	0.71246	120085
2019-04-10 00:00	0.71247	0.71905	0.71121	0.71818	126471
2019-04-11 00:00	0.71819	0.71851	0.71368	0.71420	107206
2019-04-12 00:00	0.71422	0.71974	0.71369	0.71880	127342
2019-04-14 00:00	0.71870	0.71931	0.71829	0.71874	3659
2019-04-15 00:00	0.71875	0.72087	0.71754	0.71994	105557
2019-04-16 00:00	0.71993	0.72306	0.71675	0.72183	135628
2019-04-17 00:00	0.72184	0.72638	0.72114	0.72484	123206
2019-04-18 00:00	0.72485	0.72728	0.72319	0.72519	129892
2019-04-19 00:00	0.72519	0.72598	0.72433	0.72498	89093
2019-04-21 00:00	0.72455	0.72550	0.72426	0.72500	2256
2019-04-22 00:00	0.72498	0.72537	0.72343	0.72423	55214
2019-04-23 00:00	0.72424	0.72603	0.72285	0.72373	105158
2019-04-24 00:00	0.72374	0.72390	0.71451	0.71559	131534
2019-04-25 00:00	0.71560	0.71648	0.71397	0.71571	130219
2019-04-26 00:00	0.71570	0.71956	0.71491	0.71730	132029
2019-04-28 00:00	0.71695	0.71801	0.71664	0.71788	2165
2019-04-29 00:00	0.71787	0.72024	0.71778	0.71923	79139
2019-04-30 00:00	0.71923	0.72036	0.71671	0.71835	109859
2019-05-01 00:00	0.71836	0.71914	0.71295	0.71354	105775
2019-05-02 00:00	0.71355	0.71643	0.71243	0.71290	112615
2019-05-03 00:00	0.71295	0.71485	0.71198	0.71326	90241
2019-05-05 00:00	0.70840	0.71112	0.70807	0.70880	8742
2019-05-06 00:00	0.70884	0.71280	0.70727	0.71135	83412
2019-05-07 00:00	0.71135	0.71660	0.70950	0.71451	101289
2019-05-08 00:00	0.71451	0.71606	0.71148	0.71335	107301
2019-05-09 00:00	0.71335	0.71355	0.70587	0.70950	109099
2019-05-10 00:00	0.70950	0.71281	0.70647	0.70797	119968
2019-05-12 00:00	0.70716	0.70784	0.70532	0.70566	6692
2019-05-13 00:00	0.70567	0.70619	0.69746	0.69819	92991
2019-05-14 00:00	0.69818	0.70145	0.69815	0.69980	84587
2019-05-15 00:00	0.69980	0.69981	0.69610	0.69820	90425
2019-05-16 00:00	0.69820	0.69927	0.69470	0.69607	84637
2019-05-17 00:00	0.69605	0.69660	0.69345	0.69399	82029
2019-05-19 00:00	0.69811	0.69845	0.69623	0.69752	4945
2019-05-20 00:00	0.69749	0.70076	0.69589	0.69789	76291
2019-05-21 00:00	0.69792	0.69887	0.69395	0.69578	85570
2019-05-22 00:00	0.69580	0.69665	0.69319	0.69390	74768
2019-05-23 00:00	0.69391	0.69411	0.69085	0.69186	90895
2019-05-24 00:00	0.69186	0.69447	0.69010	0.69377	73620
2019-05-27 00:00	0.69427	0.69671	0.69383	0.69476	49537
2019-05-28 00:00	0.69478	0.69945	0.69411	0.69737	81943
2019-05-29 00:00	0.69738	0.69790	0.69480	0.69752	91095
2019-05-30 00:00	0.69755	0.69992	0.69515	0.69527	78301
2019-05-31 00:00	0.69527	0.69712	0.69369	0.69385	115255
2019-06-02 00:00	0.69345	0.69460	0.69252	0.69260	7204
2019-06-03 00:00	0.69260	0.69605	0.69111	0.69182	105789
2019-06-04 00:00	0.69182	0.69495	0.69065	0.69376	97023
2019-06-05 00:00	0.69378	0.69510	0.68963	0.69283	107146
2019-06-06 00:00	0.69285	0.69465	0.69004	0.69135	115071
2019-06-07 00:00	0.69135	0.69325	0.69004	0.69105	97270
2019-06-09 00:00	0.69314	0.69314	0.69197	0.69251	3979
2019-06-10 00:00	0.69252	0.69267	0.68810	0.68858	91363
2019-06-11 00:00	0.68858	0.69110	0.68771	0.69071	114678
2019-06-12 00:00	0.69074	0.69127	0.68800	0.68939	97922
2019-06-13 00:00	0.68941	0.69057	0.68505	0.68667	87824
2019-06-14 00:00	0.68668	0.68753	0.68446	0.68569	90115
2019-06-16 00:00	0.68605	0.68710	0.68575	0.68692	4568
2019-06-17 00:00	0.68690	0.68782	0.68404	0.68422	71832
2019-06-18 00:00	0.68425	0.68860	0.68100	0.68858	107881
2019-06-19 00:00	0.68858	0.68916	0.68291	0.68352	103457
2019-06-20 00:00	0.68354	0.68377	0.67706	0.67896	122738
2019-06-21 00:00	0.67895	0.68109	0.67564	0.67580	102838
2019-06-23 00:00	0.67630	0.67763	0.67605	0.67757	5857
2019-06-24 00:00	0.67756	0.68026	0.67570	0.67710	86952
2019-06-25 00:00	0.67712	0.68121	0.67481	0.67849	128820
2019-06-26 00:00	0.67850	0.68330	0.67849	0.68277	99273
2019-06-27 00:00	0.68276	0.68630	0.68267	0.68410	89180
2019-06-28 00:00	0.68410	0.68565	0.68255	0.68515	75995
2019-06-30 00:00	0.68806	0.68850	0.68755	0.68792	4929
2019-07-01 00:00	0.68791	0.68890	0.68565	0.68762	82820
2019-07-02 00:00	0.68763	0.69198	0.68650	0.68916	70944
2019-07-03 00:00	0.68915	0.69460	0.68709	0.69297	74707
2019-07-04 00:00	0.69294	0.69465	0.69094	0.69178	46433
2019-07-05 00:00	0.69175	0.69387	0.69049	0.69164	75007
2019-07-07 00:00	0.69170	0.69229	0.69144	0.69199	2119
2019-07-08 00:00	0.69202	0.69433	0.69126	0.69309	64881
2019-07-09 00:00	0.69312	0.69340	0.68715	0.68805	60599
2019-07-10 00:00	0.68802	0.68976	0.68556	0.68750	77553
2019-07-11 00:00	0.68750	0.69097	0.68650	0.69060	78488
2019-07-12 00:00	0.69060	0.69258	0.68818	0.69051	71947
2019-07-14 00:00	0.69015	0.69130	0.68980	0.69062	3593
2019-07-15 00:00	0.69063	0.69326	0.69011	0.69280	56949
2019-07-16 00:00	0.69276	0.69471	0.69157	0.69311	80908
2019-07-17 00:00	0.69311	0.69439	0.69140	0.69157	70759
2019-07-18 00:00	0.69160	0.69540	0.69025	0.69450	102105
2019-07-19 00:00	0.69450	0.69550	0.69067	0.69110	90732
2019-07-21 00:00	0.69155	0.69252	0.69140	0.69224	2571
2019-07-22 00:00	0.69223	0.69302	0.69034	0.69075	64850
2019-07-23 00:00	0.69075	0.69212	0.68854	0.68925	69860
2019-07-24 00:00	0.68925	0.68950	0.68637	0.68703	67358
2019-07-25 00:00	0.68703	0.69042	0.68605	0.68875	86962
2019-07-26 00:00	0.68877	0.68895	0.68565	0.68595	62633
2019-07-28 00:00	0.68544	0.68658	0.68535	0.68588	3858
2019-07-29 00:00	0.68591	0.68635	0.68374	0.68410	56174
2019-07-30 00:00	0.68410	0.68480	0.68004	0.68055	74449
2019-07-31 00:00	0.68054	0.68375	0.67904	0.68036	117693
2019-08-01 00:00	0.68036	0.68350	0.67247	0.67327	135689
2019-08-02 00:00	0.67330	0.67404	0.66635	0.66729	144502
2019-08-04 00:00	0.66850	0.66850	0.66703	0.66714	2740
2019-08-05 00:00	0.66714	0.66728	0.65574	0.65628	132202
2019-08-06 00:00	0.65630	0.66440	0.65630	0.65982	124107
2019-08-07 00:00	0.65980	0.66130	0.65073	0.65870	152601
2019-08-08 00:00	0.65874	0.66610	0.65790	0.66332	105590
2019-08-09 00:00	0.66331	0.66421	0.65927	0.65950	91249
2019-08-11 00:00	0.65965	0.65993	0.65820	0.65828	4300
2019-08-12 00:00	0.65830	0.66088	0.65354	0.65471	101575
2019-08-13 00:00	0.65470	0.66582	0.65231	0.66340	167183
2019-08-14 00:00	0.66341	0.66445	0.65435	0.65744	134552
2019-08-15 00:00	0.65746	0.66340	0.65727	0.66121	167603
2019-08-16 00:00	0.66125	0.66550	0.66102	0.66295	88035
2019-08-18 00:00	0.66330	0.66463	0.66225	0.66451	7498
2019-08-19 00:00	0.66453	0.66545	0.66164	0.66287	62325
2019-08-20 00:00	0.66290	0.66615	0.66222	0.66245	74562
2019-08-21 00:00	0.66245	0.66690	0.66240	0.66625	70707
2019-08-22 00:00	0.66625	0.66647	0.66363	0.66447	94592
2019-08-23 00:00	0.66447	0.66740	0.65724	0.65755	128000
2019-08-25 00:00	0.65515	0.65599	0.64997	0.65236	17522
2019-08-26 00:00	0.65237	0.66497	0.65235	0.66272	189882
2019-08-27 00:00	0.66273	0.66490	0.65961	0.66262	110482
2019-08-28 00:00	0.66265	0.66380	0.66030	0.66142	112690
2019-08-29 00:00	0.66142	0.66451	0.65866	0.66404	112196
2019-08-30 00:00	0.66410	0.66704	0.66192	0.66635	107052
2019-09-01 00:00	0.66579	0.66618	0.66508	0.66540	10457
2019-09-02 00:00	0.66539	0.66740	0.66441	0.66478	66130
2019-09-03 00:00	0.66478	0.66777	0.66360	0.66739	112325
2019-09-04 00:00	0.66738	0.67040	0.66570	0.66660	95483
2019-09-05 00:00	0.66660	0.67325	0.66660	0.67172	112755
2019-09-06 00:00	0.67171	0.67793	0.67148	0.67590	95769
2019-09-08 00:00	0.67559	0.67692	0.67540	0.67655	4677
2019-09-09 00:00	0.67656	0.68125	0.67600	0.68115	79101
2019-09-10 00:00	0.68115	0.68194	0.67815	0.67998	83332
2019-09-11 00:00	0.67997	0.68327	0.67927	0.68310	75678
2019-09-12 00:00	0.68315	0.68447	0.67906	0.67977	119955
2019-09-13 00:00	0.67980	0.68226	0.67740	0.68060	78924
2019-09-15 00:00	0.67765	0.67956	0.67760	0.67869	5382
2019-09-16 00:00	0.67868	0.68211	0.67744	0.68125	80814
2019-09-17 00:00	0.68127	0.68210	0.67746	0.68150	91695
2019-09-18 00:00	0.68150	0.68247	0.67915	0.68025	88703
2019-09-19 00:00	0.68025	0.68075	0.67258	0.67421	95377
2019-09-20 00:00	0.67422	0.67487	0.66971	0.66994	76610
2019-09-22 00:00	0.67120	0.67152	0.67015	0.67095	3577
2019-09-23 00:00	0.67096	0.67210	0.66945	0.67027	76710
2019-09-24 00:00	0.67030	0.67355	0.66922	0.67029	86734
2019-09-25 00:00	0.67032	0.67157	0.66545	0.66940	87524
2019-09-26 00:00	0.66938	0.67327	0.66869	0.67076	93898
2019-09-27 00:00	0.67075	0.67329	0.66884	0.66995	97872
2019-09-29 00:00	0.66951	0.67050	0.66925	0.67004	3405
2019-09-30 00:00	0.67004	0.67431	0.66868	0.67336	97033
2019-10-01 00:00	0.67338	0.67688	0.66493	0.66588	140195
2019-10-02 00:00	0.66589	0.66995	0.66560	0.66851	120672
2019-10-03 00:00	0.66856	0.67400	0.66822	0.67312	130011
2019-10-04 00:00	0.67312	0.67600	0.67128	0.67330	121917
2019-10-06 00:00	0.67134	0.67299	0.67133	0.67216	4784
2019-10-07 00:00	0.67217	0.67268	0.66915	0.66970	90602
2019-10-08 00:00	0.66970	0.67182	0.66724	0.66775	114614
2019-10-09 00:00	0.66776	0.67142	0.66592	0.66725	100134
2019-10-10 00:00	0.66725	0.67455	0.66708	0.67354	125049
2019-10-11 00:00	0.67355	0.67914	0.67328	0.67650	120454
2019-10-13 00:00	0.67644	0.67843	0.67592	0.67843	6835
2019-10-14 00:00	0.67841	0.67850	0.67171	0.67592	84436
2019-10-15 00:00	0.67591	0.67698	0.67325	0.67428	114467
2019-10-16 00:00	0.67428	0.67438	0.66989	0.67177	102952
2019-10-17 00:00	0.67175	0.67829	0.67142	0.67391	109114
2019-10-18 00:00	0.67390	0.67646	0.67387	0.67428	86015
2019-10-20 00:00	0.67374	0.67484	0.67361	0.67443	8120
2019-10-21 00:00	0.67444	0.67818	0.67441	0.67740	76554
2019-10-22 00:00	0.67740	0.67910	0.67683	0.67870	99999
2019-10-23 00:00	0.67869	0.67914	0.67622	0.67841	92458
2019-10-24 00:00	0.67842	0.67907	0.67534	0.67634	112000
2019-10-25 00:00	0.67634	0.67946	0.67589	0.67820	71191
2019-10-27 00:00	0.67823	0.67876	0.67761	0.67832	4037
2019-10-28 00:00	0.67830	0.68125	0.67781	0.68035	73269
2019-10-29 00:00	0.68035	0.68286	0.68022	0.68151	89567
2019-10-30 00:00	0.68150	0.68318	0.67996	0.68211	124706
2019-10-31 00:00	0.68218	0.68405	0.67897	0.67984	139025
2019-11-01 00:00	0.67983	0.68324	0.67928	0.68122	111082
2019-11-03 00:00	0.68139	0.68169	0.68070	0.68166	2846
2019-11-04 00:00	0.68167	0.68328	0.67925	0.68082	94454
2019-11-05 00:00	0.68081	0.68629	0.67960	0.68380	118133
2019-11-06 00:00	0.68381	0.68564	0.68176	0.68239	95667
2019-11-07 00:00	0.68240	0.68881	0.68104	0.68622	130025
2019-11-08 00:00	0.68622	0.68738	0.68211	0.68345	94124
2019-11-10 00:00	0.68342	0.68428	0.68330	0.68374	4795
2019-11-11 00:00	0.68374	0.68412	0.67990	0.68009	71502
2019-11-12 00:00	0.68010	0.68206	0.67867	0.67914	102032
2019-11-13 00:00	0.67914	0.68036	0.67511	0.67682	106351
2019-11-14 00:00	0.67683	0.67700	0.66876	0.67100	109886
2019-11-15 00:00	0.67100	0.67502	0.67064	0.67481	80605
2019-11-17 00:00	0.67408	0.67451	0.67358	0.67397	3922
2019-11-18 00:00	0.67397	0.67518	0.67193	0.67315	88408
2019-11-19 00:00	0.67316	0.67740	0.67147	0.67586	82086
2019-11-20 00:00	0.67589	0.67715	0.67241	0.67319	101602
2019-11-21 00:00	0.67320	0.67580	0.67123	0.67387	99341
2019-11-22 00:00	0.67387	0.67701	0.67374	0.67635	85171
2019-11-24 00:00	0.67749	0.67771	0.67717	0.67752	2106
2019-11-25 00:00	0.67753	0.67804	0.67433	0.67543	74176
2019-11-26 00:00	0.67542	0.67807	0.67509	0.67701	80027
2019-11-27 00:00	0.67703	0.67798	0.67486	0.67583	81840
2019-11-28 00:00	0.67589	0.67660	0.67510	0.67574	50889
2019-11-29 00:00	0.67572	0.67800	0.67511	0.67556	81453
2019-12-01 00:00	0.67672	0.67686	0.67620	0.67657	2953
2019-12-02 00:00	0.67658	0.67884	0.67551	0.67590	86742
2019-12-03 00:00	0.67590	0.67950	0.67411	0.67625	122777
2019-12-04 00:00	0.67626	0.67829	0.67168	0.67683	99720
2019-12-05 00:00	0.67683	0.67743	0.67397	0.67445	70239
2019-12-06 00:00	0.67446	0.67803	0.67420	0.67705	67026
2019-12-08 00:00	0.67626	0.67720	0.67618	0.67707	4051
2019-12-09 00:00	0.67710	0.67723	0.67342	0.67429	54231
2019-12-10 00:00	0.67430	0.67525	0.66969	0.67050	69084
2019-12-11 00:00	0.67048	0.67725	0.66976	0.67491	75419
2019-12-12 00:00	0.67492	0.68381	0.67488	0.68215	104883
2019-12-13 00:00	0.68215	0.68298	0.67484	0.67625	112711
2019-12-15 00:00	0.67690	0.67705	0.67551	0.67637	4511
2019-12-16 00:00	0.67635	0.67847	0.67502	0.67568	63757
2019-12-17 00:00	0.67571	0.67625	0.67057	0.67125	73970
2019-12-18 00:00	0.67126	0.67339	0.67062	0.67181	68027
2019-12-19 00:00	0.67181	0.67469	0.67179	0.67400	71428
2019-12-20 00:00	0.67399	0.67868	0.67366	0.67775	54675
2019-12-22 00:00	0.67651	0.67824	0.67596	0.67824	2600
2019-12-23 00:00	0.67825	0.67974	0.67752	0.67968	55675
2019-12-24 00:00	0.67967	0.68031	0.67718	0.67820	41993
2019-12-25 00:00	0.67820	0.67875	0.67714	0.67833	3248
2019-12-26 00:00	0.67833	0.68201	0.67833	0.68172	23286
2019-12-27 00:00	0.68174	0.68196	0.67868	0.68030	66166
2019-12-29 00:00	0.68017	0.68125	0.67933	0.67987	2438
2019-12-30 00:00	0.67987	0.68082	0.67672	0.67817	70026
2019-12-31 00:00	0.67815	0.68135	0.67729	0.67865	59796
2020-01-01 00:00	0.67787	0.67939	0.67637	0.67917	2212
2020-01-02 00:00	0.67922	0.67962	0.67752	0.67834	105196
2020-01-03 00:00	0.67834	0.67843	0.67457	0.67539	94834
2020-01-05 00:00	0.67344	0.67470	0.67318	0.67455	5982
2020-01-06 00:00	0.67454	0.67570	0.67085	0.67180	94519
2020-01-07 00:00	0.67179	0.67243	0.66342	0.66448	112797
2020-01-08 00:00	0.66447	0.66950	0.66210	0.66912	169135
2020-01-09 00:00	0.66912	0.67007	0.66582	0.66689	96422
2020-01-10 00:00	0.66689	0.67231	0.66674	0.67090	91467
2020-01-12 00:00	0.67089	0.67224	0.67031	0.67143	3934
2020-01-13 00:00	0.67141	0.67341	0.66909	0.66961	81566
2020-01-14 00:00	0.66960	0.67054	0.66652	0.66676	102584
2020-01-15 00:00	0.66677	0.66761	0.66317	0.66562	89529
2020-01-16 00:00	0.66563	0.66767	0.66447	0.66563	87015
2020-01-17 00:00	0.66562	0.66737	0.66418	0.66470	81714
2020-01-19 00:00	0.66475	0.66636	0.66470	0.66617	5044
2020-01-20 00:00	0.66619	0.66689	0.66429	0.66579	74580
2020-01-21 00:00	0.66580	0.66634	0.66228	0.66335	91696
2020-01-22 00:00	0.66334	0.66540	0.66173	0.66173	89477
2020-01-23 00:00	0.66174	0.66596	0.66134	0.66391	105174
2020-01-24 00:00	0.66390	0.66498	0.66140	0.66255	76937
2020-01-26 00:00	0.66102	0.66161	0.65948	0.65973	13892
2020-01-27 00:00	0.65973	0.66151	0.65475	0.65578	94820
2020-01-28 00:00	0.65576	0.65835	0.65226	0.65802	82678
2020-01-29 00:00	0.65800	0.66022	0.65645	0.65718	90239
2020-01-30 00:00	0.65717	0.65719	0.64868	0.65004	117950
2020-01-31 00:00	0.65003	0.65283	0.64379	0.64380	112287
2020-02-02 00:00	0.64391	0.64508	0.64371	0.64472	5825
2020-02-03 00:00	0.64471	0.64814	0.64413	0.64604	115001
2020-02-04 00:00	0.64604	0.65348	0.64494	0.65239	97615
2020-02-05 00:00	0.65239	0.65894	0.65151	0.65715	103261
2020-02-06 00:00	0.65714	0.65904	0.65567	0.65600	87044
2020-02-07 00:00	0.65601	0.65608	0.64969	0.65188	96639
2020-02-09 00:00	0.65093	0.65292	0.65091	0.65135	9704
2020-02-10 00:00	0.65136	0.65578	0.65121	0.65378	117733
2020-02-11 00:00	0.65376	0.65850	0.65299	0.65546	99975
2020-02-12 00:00	0.65554	0.65925	0.65490	0.65626	65698
2020-02-13 00:00	0.65626	0.66006	0.65589	0.65775	83872
2020-02-14 00:00	0.65777	0.65981	0.65746	0.65903	63494
2020-02-16 00:00	0.65954	0.66058	0.65910	0.66020	2994
2020-02-17 00:00	0.66018	0.66134	0.65765	0.65799	49007
2020-02-18 00:00	0.65798	0.65818	0.65414	0.65810	85725
2020-02-19 00:00	0.65809	0.65959	0.65574	0.65713	75775
2020-02-20 00:00	0.65713	0.65783	0.64968	0.65041	88969
2020-02-21 00:00	0.65040	0.65167	0.64656	0.64782	94443
2020-02-23 00:00	0.64559	0.64690	0.64473	0.64656	6697
2020-02-24 00:00	0.64657	0.64816	0.64525	0.64774	120446
2020-02-25 00:00	0.64775	0.64862	0.64344	0.64468	130260
2020-02-26 00:00	0.64467	0.64584	0.63875	0.63922	143184
2020-02-27 00:00	0.63921	0.63996	0.63502	0.63744	182526
2020-02-28 00:00	0.63742	0.63785	0.62272	0.62787	228224
2020-03-01 00:00	0.62274	0.62851	0.62239	0.62779	8907
2020-03-02 00:00	0.62779	0.63394	0.62388	0.62759	192611
2020-03-03 00:00	0.62756	0.63426	0.62345	0.62913	198187
2020-03-04 00:00	0.62911	0.63471	0.62911	0.63404	128278
2020-03-05 00:00	0.63403	0.63460	0.62410	0.62576	110123
2020-03-06 00:00	0.62576	0.62675	0.61839	0.62183	186024
2020-03-08 00:00	0.61605	0.61741	0.61236	0.61313	17149
2020-03-09 00:00	0.61314	0.61976	0.57939	0.61245	245877
2020-03-10 00:00	0.61244	0.61534	0.60341	0.60836	231616
2020-03-11 00:00	0.60840	0.61265	0.60570	0.60811	184600
2020-03-12 00:00	0.60817	0.60855	0.58708	0.59249	282017
2020-03-13 00:00	0.59248	0.60157	0.58382	0.58758	263248
2020-03-15 00:00	0.58865	0.59520	0.57735	0.58468	45206
2020-03-16 00:00	0.58465	0.58712	0.57515	0.57800	332859
2020-03-17 00:00	0.57803	0.58386	0.57294	0.57475	269790
2020-03-18 00:00	0.57477	0.57753	0.55562	0.56035	273905
2020-03-19 00:00	0.56043	0.58406	0.53417	0.56779	345151
2020-03-20 00:00	0.56778	0.58552	0.56423	0.57127	368297
2020-03-22 00:00	0.57170	0.57384	0.56325	0.56666	29135
2020-03-23 00:00	0.56668	0.57799	0.56165	0.57672	383188
2020-03-24 00:00	0.57675	0.58741	0.57274	0.58516	263172
2020-03-25 00:00	0.58517	0.59481	0.57566	0.57605	234834
2020-03-26 00:00	0.57605	0.58662	0.57266	0.58441	220825
2020-03-27 00:00	0.58441	0.59068	0.58047	0.58495	226148
2020-03-29 00:00	0.58620	0.58791	0.58266	0.58669	12116
2020-03-30 00:00	0.58669	0.59226	0.58410	0.59172	191196
2020-03-31 00:00	0.59174	0.59628	0.58423	0.59013	250128
2020-04-01 00:00	0.59013	0.59775	0.58373	0.58844	186520
2020-04-02 00:00	0.58841	0.59123	0.58348	0.59087	187623
2020-04-03 00:00	0.59082	0.59162	0.58387	0.58419	151551
2020-04-05 00:00	0.58707	0.58736	0.58452	0.58559	6097
2020-04-06 00:00	0.58564	0.59866	0.58564	0.59831	144018
2020-04-07 00:00	0.59836	0.60285	0.59603	0.59622	189644
2020-04-08 00:00	0.59622	0.60662	0.59447	0.60575	140481
2020-04-09 00:00	0.60581	0.61398	0.60270	0.61205	166932
2020-04-10 00:00	0.61205	0.61485	0.61029	0.61163	57069
2020-04-12 00:00	0.61248	0.61363	0.61068	0.61182	4099
2020-04-13 00:00	0.61186	0.61949	0.61130	0.61859	87957
2020-04-14 00:00	0.61863	0.62064	0.61427	0.61776	123303
2020-04-15 00:00	0.61776	0.61789	0.60824	0.60881	144896
2020-04-16 00:00	0.60883	0.61851	0.60637	0.61624	177662
2020-04-17 00:00	0.61624	0.61762	0.61277	0.61462	151193
2020-04-19 00:00	0.61489	0.61593	0.61333	0.61339	9344
2020-04-20 00:00	0.61341	0.61791	0.61223	0.61384	127593
2020-04-21 00:00	0.61389	0.61437	0.60721	0.61016	150675
2020-04-22 00:00	0.61017	0.61586	0.60934	0.61253	122249
2020-04-23 00:00	0.61255	0.62352	0.61128	0.62245	157970
2020-04-24 00:00	0.62249	0.62323	0.61952	0.62131	111870
2020-04-26 00:00	0.62049	0.62286	0.62049	0.62277	3610
2020-04-27 00:00	0.62277	0.63091	0.62256	0.62932	113604
2020-04-28 00:00	0.62934	0.63477	0.62788	0.63310	117535
2020-04-29 00:00	0.63311	0.63891	0.63306	0.63827	119153
2020-04-30 00:00	0.63829	0.64020	0.62626	0.62758	168731
2020-05-01 00:00	0.62762	0.62790	0.61589	0.61653	110428
2020-05-03 00:00	0.61698	0.61698	0.61338	0.61368	8917
2020-05-04 00:00	0.61369	0.62127	0.61369	0.62043	120874
2020-05-05 00:00	0.62046	0.62825	0.62046	0.62564	117017
2020-05-06 00:00	0.62566	0.62824	0.62193	0.62326	110277
2020-05-07 00:00	0.62328	0.63415	0.62328	0.63245	125536
2020-05-08 00:00	0.63253	0.63608	0.63220	0.63366	91851
2020-05-10 00:00	0.63414	0.63527	0.63292	0.63463	7752
2020-05-11 00:00	0.63465	0.63646	0.62801	0.63075	136423
2020-05-12 00:00	0.63075	0.63325	0.62568	0.62569	144467
2020-05-13 00:00	0.62570	0.63129	0.62544	0.62714	152368
2020-05-14 00:00	0.62721	0.62985	0.62384	0.62965	142038
2020-05-15 00:00	0.62966	0.63001	0.62272	0.62297	118523
2020-05-17 00:00	0.62399	0.62462	0.62297	0.62444	4979
2020-05-18 00:00	0.62446	0.63551	0.62384	0.63384	114856
2020-05-19 00:00	0.63387	0.63902	0.63291	0.63513	116886
2020-05-20 00:00	0.63514	0.63786	0.63240	0.63592	116039
2020-05-21 00:00	0.63596	0.63864	0.63264	0.63735	112382
2020-05-22 00:00	0.63739	0.63793	0.63209	0.63448	98994
2020-05-24 00:00	0.63466	0.63594	0.63432	0.63566	4084
2020-05-25 00:00	0.63568	0.63624	0.63395	0.63617	74420
2020-05-26 00:00	0.63620	0.64423	0.63567	0.64156	129954
2020-05-27 00:00	0.64156	0.64733	0.63682	0.64089	184849
2020-05-28 00:00	0.64092	0.64462	0.63727	0.63948	160578
2020-05-29 00:00	0.63949	0.64296	0.63704	0.64038	185437
2020-05-31 00:00	0.63969	0.64073	0.63895	0.63960	6718
2020-06-01 00:00	0.63958	0.65459	0.63956	0.65198	166375
2020-06-02 00:00	0.65198	0.66571	0.65130	0.66486	182715
2020-06-03 00:00	0.66488	0.67103	0.66127	0.66595	203530
2020-06-04 00:00	0.66594	0.66801	0.66036	0.66302	199027
2020-06-05 00:00	0.66304	0.67425	0.66218	0.67025	190821
2020-06-07 00:00	0.66939	0.67313	0.66886	0.67294	5448
2020-06-08 00:00	0.67295	0.67349	0.66626	0.67255	140092
2020-06-09 00:00	0.67260	0.67390	0.65883	0.65996	162274
2020-06-10 00:00	0.65999	0.66586	0.65735	0.65750	191126
2020-06-11 00:00	0.65751	0.65969	0.64361	0.64469	228139
2020-06-12 00:00	0.64472	0.65448	0.64237	0.65370	238530
2020-06-14 00:00	0.65244	0.65272	0.64912	0.64932	12469
2020-06-15 00:00	0.64934	0.66082	0.64570	0.66075	223616
2020-06-16 00:00	0.66081	0.66195	0.65037	0.65569	217375
2020-06-17 00:00	0.65570	0.65895	0.65172	0.65232	171707
2020-06-18 00:00	0.65233	0.65490	0.64916	0.65251	155868
2020-06-19 00:00	0.65255	0.65598	0.65019	0.65074	137564
2020-06-21 00:00	0.64782	0.65034	0.64765	0.64943	6045
2020-06-22 00:00	0.64946	0.65663	0.64912	0.65604	108054
2020-06-23 00:00	0.65605	0.65843	0.65070	0.65572	139850
2020-06-24 00:00	0.65573	0.65732	0.64979	0.65000	144861
2020-06-25 00:00	0.64999	0.65375	0.64967	0.65322	143617
2020-06-26 00:00	0.65323	0.65376	0.64927	0.65063	110304
2020-06-28 00:00	0.64980	0.65071	0.64849	0.65027	4435
2020-06-29 00:00	0.65027	0.65391	0.64868	0.65349	111777
2020-06-30 00:00	0.65351	0.65504	0.65027	0.65343	119149
2020-07-01 00:00	0.65344	0.65668	0.65217	0.65359	118555
2020-07-02 00:00	0.65359	0.65581	0.65288	0.65418	114164
2020-07-03 00:00	0.65422	0.65689	0.65318	0.65326	82546
2020-07-05 00:00	0.65483	0.65670	0.65449	0.65653	2619
2020-07-06 00:00	0.65654	0.65809	0.65466	0.65686	92138
2020-07-07 00:00	0.65686	0.65846	0.65369	0.65423	113754
2020-07-08 00:00	0.65422	0.65566	0.65247	0.65542	116158
2020-07-09 00:00	0.65541	0.65593	0.65335	0.65440	137115
2020-07-10 00:00	0.65448	0.65534	0.65233	0.65391	104493
2020-07-12 00:00	0.65391	0.65454	0.65340	0.65356	4325
2020-07-13 00:00	0.65360	0.65813	0.65292	0.65321	117639
2020-07-14 00:00	0.65322	0.65682	0.65125	0.65643	142407
2020-07-15 00:00	0.65641	0.66289	0.65623	0.66149	121663
2020-07-16 00:00	0.66152	0.66250	0.65817	0.65941	121890
2020-07-17 00:00	0.65943	0.66061	0.65566	0.65639	66538
2020-07-19 00:00	0.65663	0.65725	0.65627	0.65710	3878
2020-07-20 00:00	0.65711	0.65952	0.65562	0.65919	84750
2020-07-21 00:00	0.65918	0.66684	0.65857	0.66556	114072
2020-07-22 00:00	0.66558	0.66863	0.66260	0.66356	120169
2020-07-23 00:00	0.66356	0.66472	0.65620	0.65681	130719
2020-07-24 00:00	0.65681	0.65843	0.65308	0.65389	125287
2020-07-26 00:00	0.65289	0.65462	0.65174	0.65360	6699
2020-07-27 00:00	0.65360	0.65874	0.65343	0.65820	125550
2020-07-28 00:00	0.65823	0.66023	0.65438	0.65703	131460
2020-07-29 00:00	0.65703	0.65901	0.65430	0.65437	132453
2020-07-30 00:00	0.65438	0.65573	0.64968	0.65430	144164
2020-07-31 00:00	0.65432	0.65537	0.65083	0.65195	150638
2020-08-02 00:00	0.65126	0.65290	0.65098	0.65266	9451
2020-08-03 00:00	0.65266	0.65580	0.65121	0.65296	131626
2020-08-04 00:00	0.65296	0.65569	0.65156	0.65486	110751
2020-08-05 00:00	0.65484	0.65723	0.65237	0.65356	108212
2020-08-06 00:00	0.65358	0.65896	0.65157	0.65798	131632
2020-08-07 00:00	0.65799	0.65955	0.65269	0.65274	123866
2020-08-09 00:00	0.65313	0.65377	0.65257	0.65311	6346
2020-08-10 00:00	0.65312	0.65747	0.65308	0.65508	103152
2020-08-11 00:00	0.65511	0.65749	0.65425	0.65549	123342
2020-08-12 00:00	0.65551	0.65571	0.65063	0.65320	130782
2020-08-13 00:00	0.65320	0.65421	0.64975	0.65017	101046
2020-08-14 00:00	0.65019	0.65253	0.64922	0.65158	80846
2020-08-16 00:00	0.65138	0.65368	0.65113	0.65358	3500
2020-08-17 00:00	0.65356	0.65433	0.65096	0.65393	87211
2020-08-18 00:00	0.65395	0.65533	0.65208	0.65487	115658
2020-08-19 00:00	0.65487	0.66017	0.65361	0.65736	117472
2020-08-20 00:00	0.65738	0.65784	0.65055	0.65334	123393
2020-08-21 00:00	0.65334	0.65502	0.65161	0.65249	113705
2020-08-23 00:00	0.65147	0.65357	0.65061	0.65290	3792
2020-08-24 00:00	0.65287	0.65495	0.65219	0.65374	127114
2020-08-25 00:00	0.65376	0.65422	0.65043	0.65356	103119
2020-08-26 00:00	0.65354	0.65743	0.65326	0.65739	106665
2020-08-27 00:00	0.65739	0.66104	0.65650	0.66087	324835
2020-08-28 00:00	0.66085	0.66590	0.65957	0.66556	175282
2020-08-30 00:00	0.66532	0.66626	0.66463	0.66592	5619
2020-08-31 00:00	0.66594	0.66748	0.66339	0.66691	103494
2020-09-01 00:00	0.66693	0.67109	0.66574	0.67082	149370
2020-09-02 00:00	0.67082	0.67121	0.66539	0.66779	115614
2020-09-03 00:00	0.66779	0.66886	0.65990	0.66009	133615
2020-09-04 00:00	0.66009	0.66620	0.66009	0.66479	127095
2020-09-06 00:00	0.66543	0.66581	0.66441	0.66506	5599
2020-09-07 00:00	0.66506	0.66747	0.66411	0.66714	67590
2020-09-08 00:00	0.66714	0.66998	0.66032	0.66183	127944
2020-09-09 00:00	0.66183	0.66542	0.66171	0.66361	108218
2020-09-10 00:00	0.66359	0.66364	0.65977	0.66093	130026
2020-09-11 00:00	0.66094	0.66412	0.66035	0.66155	85768
2020-09-13 00:00	0.66143	0.66229	0.66108	0.66182	3151
2020-09-14 00:00	0.66182	0.66250	0.65919	0.66158	73610
2020-09-15 00:00	0.66157	0.66558	0.66016	0.66284	80387
2020-09-16 00:00	0.66283	0.66651	0.66256	0.66433	109343
2020-09-17 00:00	0.66430	0.66605	0.66240	0.66423	125485
2020-09-18 00:00	0.66418	0.66599	0.66279	0.66420	82565
2020-09-20 00:00	0.66282	0.66484	0.66254	0.66446	3865
2020-09-21 00:00	0.66447	0.66621	0.65885	0.66161	111125
2020-09-22 00:00	0.66160	0.66206	0.65811	0.65987	116708
2020-09-23 00:00	0.65989	0.66020	0.65249	0.65278	122372
2020-09-24 00:00	0.65279	0.65412	0.64932	0.65378	131986
2020-09-25 00:00	0.65377	0.65630	0.65111	0.65235	97849
2020-09-27 00:00	0.65252	0.65381	0.65229	0.65347	2635
2020-09-28 00:00	0.65347	0.65620	0.65247	0.65528	88248
2020-09-29 00:00	0.65530	0.65818	0.65391	0.65694	87407
2020-09-30 00:00	0.65693	0.66131	0.65393	0.65973	125125
2020-10-01 00:00	0.65974	0.66165	0.65824	0.65981	110643
2020-10-02 00:00	0.65981	0.66030	0.65566	0.65870	129470
2020-10-04 00:00	0.65879	0.65931	0.65661	0.65845	5461
2020-10-05 00:00	0.65845	0.66000	0.65622	0.65822	75550
2020-10-06 00:00	0.65821	0.65923	0.65108	0.65225	102841
2020-10-07 00:00	0.65225	0.65532	0.65154	0.65432	79921
2020-10-08 00:00	0.65431	0.65851	0.65323	0.65785	69609
2020-10-09 00:00	0.65785	0.65922	0.65568	0.65830	66050
2020-10-11 00:00	0.65744	0.65868	0.65728	0.65774	3325
2020-10-12 00:00	0.65773	0.65902	0.65471	0.65529	61831
2020-10-13 00:00	0.65531	0.65603	0.65187	0.65557	86755
2020-10-14 00:00	0.65555	0.65708	0.65121	0.65220	84734
2020-10-15 00:00	0.65221	0.65257	0.64539	0.64822	99196
2020-10-16 00:00	0.64822	0.64907	0.64598	0.64729	82125
2020-10-18 00:00	0.64722	0.64922	0.64660	0.64905	2379
2020-10-19 00:00	0.64906	0.65045	0.64151	0.64227	94472
2020-10-20 00:00	0.64226	0.64243	0.63710	0.63923	89424
2020-10-21 00:00	0.63926	0.64519	0.63924	0.64356	102652
2020-10-22 00:00	0.64354	0.64756	0.64246	0.64685	92991
2020-10-23 00:00	0.64684	0.64749	0.64350	0.64495	86619
2020-10-25 00:00	0.64564	0.64618	0.64387	0.64504	6418
2020-10-26 00:00	0.64504	0.64798	0.64285	0.64616	105573
2020-10-27 00:00	0.64616	0.64884	0.64597	0.64738	91751
2020-10-28 00:00	0.64737	0.65057	0.64085	0.64246	122654
2020-10-29 00:00	0.64246	0.64457	0.64018	0.64409	124846
2020-10-30 00:00	0.64409	0.64698	0.64160	0.64403	118975
2020-11-01 00:00	0.64361	0.64407	0.64171	0.64267	3995
2020-11-02 00:00	0.64269	0.64879	0.64129	0.64801	94696
2020-11-03 00:00	0.64805	0.65609	0.64555	0.65529	95131
2020-11-04 00:00	0.65531	0.65671	0.64666	0.65449	236558
2020-11-05 00:00	0.65444	0.65952	0.65195	0.65669	143388
2020-11-06 00:00	0.65667	0.65794	0.65223	0.65295	137293
2020-11-08 00:00	0.65416	0.65544	0.65349	0.65517	6184
2020-11-09 00:00	0.65524	0.66648	0.65413	0.66436	182790
2020-11-10 00:00	0.66436	0.66812	0.66327	0.66625	153785
2020-11-11 00:00	0.66625	0.67005	0.66546	0.66761	100511
2020-11-12 00:00	0.66762	0.66805	0.66075	0.66226	106464
2020-11-13 00:00	0.66229	0.66421	0.66043	0.66300	77060
2020-11-15 00:00	0.66318	0.66542	0.66283	0.66483	4554
2020-11-16 00:00	0.66482	0.66827	0.66377	0.66777	101094
2020-11-17 00:00	0.66777	0.66838	0.66359	0.66489	91743
2020-11-18 00:00	0.66489	0.66707	0.66288	0.66530	92767
2020-11-19 00:00	0.66530	0.66576	0.66176	0.66209	98266
2020-11-20 00:00	0.66210	0.66688	0.66210	0.66502	78397
2020-11-22 00:00	0.66509	0.66606	0.66456	0.66587	4102
2020-11-23 00:00	0.66588	0.66770	0.66408	0.66558	87364
2020-11-24 00:00	0.66556	0.67147	0.66553	0.67097	93527
2020-11-25 00:00	0.67098	0.67145	0.66681	0.66873	92899
2020-11-26 00:00	0.66872	0.66950	0.66635	0.66682	62617
2020-11-27 00:00	0.66687	0.66983	0.66560	0.66570	71774
2020-11-29 00:00	0.66765	0.66952	0.66749	0.66911	2604
2020-11-30 00:00	0.66913	0.66942	0.66491	0.66830	98582
2020-12-01 00:00	0.66832	0.66866	0.66200	0.66387	96587
2020-12-02 00:00	0.66385	0.66540	0.65905	0.66329	97061
2020-12-03 00:00	0.66328	0.66435	0.66151	0.66242	89949
2020-12-04 00:00	0.66241	0.66286	0.65960	0.66192	89982
2020-12-06 00:00	0.66167	0.66284	0.66164	0.66262	6020
2020-12-07 00:00	0.66263	0.66273	0.65821	0.66054	90354
2020-12-08 00:00	0.66055	0.66187	0.65804	0.65841	84894
2020-12-09 00:00	0.65838	0.66520	0.65828	0.66115	83340
2020-12-10 00:00	0.66115	0.66887	0.66109	0.66646	108417
2020-12-11 00:00	0.66647	0.67167	0.66647	0.66975	91408
2020-12-13 00:00	0.67089	0.67158	0.67030	0.67076	2473
2020-12-14 00:00	0.67077	0.67220	0.66727	0.66808	81838
2020-12-15 00:00	0.66811	0.67061	0.66538	0.66920	82615
2020-12-16 00:00	0.66919	0.67115	0.66799	0.67015	93377
2020-12-17 00:00	0.67013	0.67518	0.67004	0.67364	77966
2020-12-18 00:00	0.67365	0.67428	0.67087	0.67284	79826
2020-12-20 00:00	0.67111	0.67285	0.67104	0.67200	3933
2020-12-21 00:00	0.67201	0.67257	0.66527	0.67085	138503
2020-12-22 00:00	0.67085	0.67144	0.66762	0.67055	107285
2020-12-23 00:00	0.67051	0.67476	0.66906	0.67309	87593
2020-12-24 00:00	0.67306	0.67788	0.67248	0.67499	58203
2020-12-25 00:00	0.67599	0.67698	0.67471	0.67612	1561
2020-12-27 00:00	0.67602	0.67709	0.67415	0.67695	2943
2020-12-28 00:00	0.67694	0.67798	0.67244	0.67398	73503
2020-12-29 00:00	0.67399	0.67471	0.67158	0.67278	80666
2020-12-30 00:00	0.67277	0.67893	0.67231	0.67774	83364
2020-12-31 00:00	0.67777	0.68274	0.67764	0.68051	79312
2021-01-03 00:00	0.68036	0.68141	0.67817	0.68096	5451
2021-01-04 00:00	0.68096	0.68257	0.67344	0.67583	129190
2021-01-05 00:00	0.67585	0.68279	0.67535	0.68164	122406
2021-01-06 00:00	0.68167	0.68702	0.68010	0.68623	181807
2021-01-07 00:00	0.68622	0.68812	0.68318	0.68762	130011
2021-01-08 00:00	0.68764	0.68964	0.68577	0.68705	149273
2021-01-10 00:00	0.68700	0.68723	0.68463	0.68520	4845
2021-01-11 00:00	0.68520	0.68733	0.68334	0.68562	117615
2021-01-12 00:00	0.68562	0.68929	0.68520	0.68896	108599
2021-01-13 00:00	0.68896	0.68937	0.68577	0.68715	105496
2021-01-14 00:00	0.68717	0.69157	0.68697	0.69070	114346
2021-01-15 00:00	0.69070	0.69136	0.68333	0.68632	105345
2021-01-17 00:00	0.68615	0.68685	0.68542	0.68569	4657
2021-01-18 00:00	0.68569	0.68634	0.68272	0.68459	93130
2021-01-19 00:00	0.68460	0.68747	0.68320	0.68498	98046
2021-01-20 00:00	0.68497	0.69045	0.68387	0.68960	98284
2021-01-21 00:00	0.68962	0.69104	0.68629	0.68694	101063
2021-01-22 00:00	0.68699	0.68748	0.68177	0.68243	98230
2021-01-24 00:00	0.68269	0.68360	0.68168	0.68302	4496
2021-01-25 00:00	0.68305	0.68595	0.68297	0.68506	113198
2021-01-26 00:00	0.68506	0.68781	0.68200	0.68737	95991
2021-01-27 00:00	0.68737	0.68797	0.67980	0.68008	158873
2021-01-28 00:00	0.68010	0.68321	0.67530	0.68154	160282
2021-01-29 00:00	0.68154	0.68391	0.67915	0.68030	175048
2021-01-31 00:00	0.67777	0.67956	0.67775	0.67934	7315
2021-02-01 00:00	0.67932	0.68541	0.67930	0.68431	135108
2021-02-02 00:00	0.68431	0.68637	0.68017	0.68291	122515
2021-02-03 00:00	0.68292	0.68610	0.68239	0.68600	97557
2021-02-04 00:00	0.68601	0.68859	0.68542	0.68705	97787
2021-02-05 00:00	0.68706	0.69021	0.68583	0.68992	93501
2021-02-07 00:00	0.68948	0.69054	0.68896	0.69027	5639
2021-02-08 00:00	0.69030	0.69346	0.68935	0.69268	77117
2021-02-09 00:00	0.69268	0.69320	0.68905	0.69079	85332
2021-02-10 00:00	0.69080	0.69089	0.68701	0.68756	96614
2021-02-11 00:00	0.68757	0.69143	0.68678	0.68994	68379
2021-02-12 00:00	0.68993	0.69227	0.68853	0.69184	62722
2021-02-14 00:00	0.69202	0.69255	0.69116	0.69233	4471
2021-02-15 00:00	0.69233	0.69381	0.69177	0.69280	55329
2021-02-16 00:00	0.69277	0.69365	0.69068	0.69117	90910
2021-02-17 00:00	0.69115	0.69711	0.69109	0.69706	106731
2021-02-18 00:00	0.69704	0.69819	0.69404	0.69600	101026
2021-02-19 00:00	0.69600	0.70573	0.69557	0.70503	92425
2021-02-21 00:00	0.70546	0.70753	0.70427	0.70687	4835
2021-02-22 00:00	0.70689	0.71001	0.70624	0.70893	107301
2021-02-23 00:00	0.70895	0.71669	0.70817	0.71582	109824
2021-02-24 00:00	0.71582	0.72327	0.71577	0.72314	133404
2021-02-25 00:00	0.72315	0.72591	0.71151	0.71206	172758
2021-02-26 00:00	0.71206	0.71275	0.69942	0.69943	220363
2021-02-28 00:00	0.70074	0.70417	0.69925	0.70337	5053
2021-03-01 00:00	0.70339	0.71239	0.70250	0.71121	142551
2021-03-02 00:00	0.71119	0.71682	0.70838	0.71596	153572
2021-03-03 00:00	0.71596	0.71771	0.71310	0.71324	146836
2021-03-04 00:00	0.71324	0.72282	0.71324	0.71681	209348
2021-03-05 00:00	0.71681	0.71785	0.70863	0.71463	213730
2021-03-07 00:00	0.71442	0.71809	0.71438	0.71691	6544
2021-03-08 00:00	0.71688	0.71867	0.71334	0.71662	172835
2021-03-09 00:00	0.71662	0.71969	0.71440	0.71606	160035
2021-03-10 00:00	0.71606	0.71957	0.71349	0.71876	151912
2021-03-11 00:00	0.71878	0.72238	0.71771	0.71997	124054
2021-03-12 00:00	0.71997	0.72200	0.71874	0.72114	132886
2021-03-14 00:00	0.71817	0.72148	0.71804	0.72136	10445
2021-03-15 00:00	0.72137	0.72162	0.71626	0.71872	131437
2021-03-16 00:00	0.71876	0.71894	0.71482	0.71645	110440
2021-03-17 00:00	0.71643	0.72062	0.71395	0.72062	128308
2021-03-18 00:00	0.72062	0.72404	0.71824	0.71889	164963
2021-03-19 00:00	0.71889	0.72102	0.71704	0.71851	124707
2021-03-21 00:00	0.71690	0.71866	0.71589	0.71815	5362
2021-03-22 00:00	0.71815	0.71903	0.71401	0.71508	95666
2021-03-23 00:00	0.71507	0.71715	0.70943	0.71076	105366
2021-03-24 00:00	0.71075	0.71365	0.70856	0.71044	104636
2021-03-25 00:00	0.71044	0.71356	0.70980	0.71333	118256
2021-03-26 00:00	0.71334	0.71811	0.71288	0.71687	82742
2021-03-28 00:00	0.71709	0.71786	0.71508	0.71749	3911
2021-03-29 00:00	0.71750	0.71939	0.71502	0.71720	92849
2021-03-30 00:00	0.71724	0.71979	0.71457	0.71651	94776
2021-03-31 00:00	0.71653	0.71887	0.71615	0.71673	103977
2021-04-01 00:00	0.71675	0.71831	0.71229	0.71752	107948
2021-04-02 00:00	0.71757	0.71907	0.71417	0.71534	38957
2021-04-04 00:00	0.71611	0.71790	0.71551	0.71774	5379
2021-04-05 00:00	0.71775	0.71902	0.71459	0.71671	59920
2021-04-06 00:00	0.71669	0.71758	0.71234	0.71357	80378
2021-04-07 00:00	0.71356	0.71435	0.70633	0.70757	87902
2021-04-08 00:00	0.70758	0.71016	0.70593	0.70754	73143
2021-04-09 00:00	0.70757	0.70779	0.70209	0.70398	77199
2021-04-11 00:00	0.70322	0.70565	0.70309	0.70544	3502
2021-04-12 00:00	0.70547	0.70565	0.70193	0.70345	74445
2021-04-13 00:00	0.70344	0.70524	0.70162	0.70369	89379
2021-04-14 00:00	0.70371	0.71370	0.70252	0.71275	87945
2021-04-15 00:00	0.71272	0.71641	0.71170	0.71456	90698
2021-04-16 00:00	0.71456	0.71482	0.71061	0.71104	72048
2021-04-18 00:00	0.71026	0.71130	0.70933	0.71000	2878
2021-04-19 00:00	0.71002	0.71266	0.70834	0.71038	82631
2021-04-20 00:00	0.71038	0.71433	0.70608	0.70734	90215
2021-04-21 00:00	0.70734	0.71162	0.70615	0.71077	85843
2021-04-22 00:00	0.71076	0.71151	0.70485	0.70651	101184
2021-04-23 00:00	0.70651	0.70957	0.70618	0.70747	73940
2021-04-25 00:00	0.70715	0.70818	0.70604	0.70759	2867
2021-04-26 00:00	0.70761	0.71427	0.70744	0.71309	78731
2021-04-27 00:00	0.71311	0.71416	0.70863	0.70995	76769
2021-04-28 00:00	0.70994	0.71024	0.70680	0.70904	99357
2021-04-29 00:00	0.70907	0.71013	0.70499	0.70685	88627
2021-04-30 00:00	0.70686	0.70756	0.70316	0.70364	90640
2021-05-02 00:00	0.70372	0.70473	0.70329	0.70472	2587
2021-05-03 00:00	0.70473	0.70777	0.70417	0.70717	79590
2021-05-04 00:00	0.70715	0.70882	0.70133	0.70465	105159
2021-05-05 00:00	0.70468	0.70805	0.70447	0.70770	79109
2021-05-06 00:00	0.70773	0.70871	0.70335	0.70672	94310
2021-05-07 00:00	0.70670	0.70843	0.70401	0.70591	96541
2021-05-09 00:00	0.70621	0.70771	0.70589	0.70757	8483
2021-05-10 00:00	0.70757	0.70983	0.70484	0.70603	90529
2021-05-11 00:00	0.70602	0.70904	0.70446	0.70837	106472
2021-05-12 00:00	0.70838	0.70870	0.70099	0.70271	131196
2021-05-13 00:00	0.70270	0.70331	0.69833	0.69973	127148
2021-05-14 00:00	0.69976	0.70254	0.69773	0.70099	89077
2021-05-16 00:00	0.70056	0.70173	0.70012	0.70112	3032
2021-05-17 00:00	0.70110	0.70222	0.69746	0.70220	86111
2021-05-18 00:00	0.70220	0.70326	0.69817	0.69893	86823
2021-05-19 00:00	0.69895	0.69966	0.69636	0.69789	125253
2021-05-20 00:00	0.69787	0.70092	0.69639	0.69730	91047
2021-05-21 00:00	0.69729	0.69865	0.69331	0.69369	86275
2021-05-23 00:00	0.69386	0.69405	0.69229	0.69327	3175
2021-05-24 00:00	0.69326	0.69560	0.69248	0.69522	76243
2021-05-25 00:00	0.69521	0.69602	0.69203	0.69408	87782
2021-05-26 00:00	0.69410	0.69731	0.69339	0.69479	86231
2021-05-27 00:00	0.69480	0.69722	0.69329	0.69451	88207
2021-05-28 00:00	0.69450	0.69547	0.69281	0.69346	79612
2021-05-30 00:00	0.69312	0.69404	0.69259	0.69376	3386
2021-05-31 00:00	0.69377	0.69724	0.69332	0.69563	61747
2021-06-01 00:00	0.69563	0.69781	0.69379	0.69572	77794
2021-06-02 00:00	0.69575	0.69716	0.69346	0.69553	73778
2021-06-03 00:00	0.69556	0.69623	0.69102	0.69218	83305
2021-06-04 00:00	0.69218	0.69641	0.69161	0.69571	77988
2021-06-06 00:00	0.69579	0.69619	0.69374	0.69611	6572
2021-06-07 00:00	0.69610	0.69828	0.69516	0.69626	70881
2021-06-08 00:00	0.69624	0.69670	0.69286	0.69389	70743
2021-06-09 00:00	0.69388	0.69523	0.69141	0.69237	56232
2021-06-10 00:00	0.69237	0.69522	0.69199	0.69300	83264
2021-06-11 00:00	0.69299	0.69546	0.69130	0.69131	64237
2021-06-13 00:00	0.69203	0.69244	0.69148	0.69200	2322
2021-06-14 00:00	0.69199	0.69438	0.69155	0.69352	56470
2021-06-15 00:00	0.69352	0.69405	0.68940	0.69056	65385
2021-06-16 00:00	0.69059	0.69346	0.68934	0.69191	99792
2021-06-17 00:00	0.69190	0.69525	0.69065	0.69343	121562
2021-06-18 00:00	0.69341	0.69392	0.68998	0.69002	114806
2021-06-20 00:00	0.69007	0.69216	0.68832	0.69197	4790
2021-06-21 00:00	0.69194	0.69329	0.69014	0.69213	108098
2021-06-22 00:00	0.69212	0.69439	0.68928	0.69393	89349
2021-06-23 00:00	0.69391	0.69623	0.69299	0.69535	85403
2021-06-24 00:00	0.69536	0.69692	0.69522	0.69605	81946
2021-06-25 00:00	0.69607	0.69732	0.69550	0.69591	76704
2021-06-27 00:00	0.69503	0.69680	0.69401	0.69614	6108
2021-06-28 00:00	0.69614	0.69759	0.69474	0.69594	74963
2021-06-29 00:00	0.69596	0.69610	0.69117	0.69188	75521
2021-06-30 00:00	0.69187	0.69451	0.69150	0.69354	84133
2021-07-01 00:00	0.69354	0.69449	0.68960	0.69119	90987
2021-07-02 00:00	0.69118	0.69324	0.68990	0.69248	86819
2021-07-04 00:00	0.69198	0.69334	0.69190	0.69295	5332
2021-07-05 00:00	0.69296	0.69579	0.69233	0.69538	62498
2021-07-06 00:00	0.69537	0.70023	0.69072	0.69301	103148
2021-07-07 00:00	0.69302	0.69513	0.69030	0.69268	94063
2021-07-08 00:00	0.69270	0.69272	0.67811	0.67990	128571
2021-07-09 00:00	0.67990	0.68505	0.67822	0.68430	93155
2021-07-11 00:00	0.68354	0.68498	0.68299	0.68457	4661
2021-07-12 00:00	0.68455	0.68593	0.68174	0.68418	88875
2021-07-13 00:00	0.68418	0.68608	0.68100	0.68358	105272
2021-07-14 00:00	0.68359	0.68611	0.68314	0.68423	108060
2021-07-15 00:00	0.68424	0.68432	0.67985	0.68127	101364
2021-07-16 00:00	0.68127	0.68422	0.67970	0.67970	81996
2021-07-18 00:00	0.67997	0.68027	0.67828	0.67859	4282
2021-07-19 00:00	0.67859	0.67962	0.67180	0.67404	120675
2021-07-20 00:00	0.67404	0.67605	0.67171	0.67601	107106
2021-07-21 00:00	0.67601	0.67625	0.67221	0.67463	85841
2021-07-22 00:00	0.67464	0.67985	0.67383	0.67829	93020
2021-07-23 00:00	0.67830	0.68014	0.67679	0.67679	68246
2021-07-25 00:00	0.67596	0.67776	0.67596	0.67747	2295
2021-07-26 00:00	0.67749	0.67764	0.67331	0.67600	82967
2021-07-27 00:00	0.67600	0.67637	0.67182	0.67351	92231
2021-07-28 00:00	0.67352	0.67456	0.66867	0.67104	104715
2021-07-29 00:00	0.67104	0.67288	0.66894	0.66982	75348
2021-07-30 00:00	0.66983	0.67073	0.66415	0.66452	83843
2021-08-01 00:00	0.66362	0.66544	0.66220	0.66507	2492
2021-08-02 00:00	0.66510	0.66782	0.66407	0.66625	73873
2021-08-03 00:00	0.66627	0.67052	0.66525	0.66847	81910
2021-08-04 00:00	0.66849	0.67197	0.66770	0.66924	66972
2021-08-05 00:00	0.66923	0.67241	0.66914	0.67113	63359
2021-08-06 00:00	0.67114	0.67334	0.66987	0.67264	68680
2021-08-08 00:00	0.67151	0.67328	0.67151	0.67162	7306
2021-08-09 00:00	0.67166	0.67543	0.67130	0.67496	63373
2021-08-10 00:00	0.67495	0.67842	0.67313	0.67776	62030
2021-08-11 00:00	0.67777	0.68039	0.67648	0.67923	61627
2021-08-12 00:00	0.67923	0.67947	0.67631	0.67759	49418
2021-08-13 00:00	0.67760	0.67814	0.67407	0.67407	43453
2021-08-15 00:00	0.67372	0.67478	0.67370	0.67420	2317
2021-08-16 00:00	0.67418	0.67428	0.66738	0.66971	56927
2021-08-17 00:00	0.66971	0.66977	0.66103	0.66376	75289
2021-08-18 00:00	0.66374	0.66509	0.66178	0.66344	79308
2021-08-19 00:00	0.66343	0.66449	0.65433	0.65663	102728
2021-08-20 00:00	0.65663	0.65698	0.65127	0.65377	73756
2021-08-22 00:00	0.65317	0.65516	0.65038	0.65469	3648
2021-08-23 00:00	0.65469	0.65939	0.65415	0.65762	68563
2021-08-24 00:00	0.65764	0.66300	0.65737	0.66189	60460
2021-08-25 00:00	0.66190	0.66519	0.66148	0.66477	63928
2021-08-26 00:00	0.66481	0.66680	0.66319	0.66440	73977
2021-08-27 00:00	0.66439	0.66754	0.66290	0.66575	75346
2021-08-29 00:00	0.66495	0.66669	0.66495	0.66669	3204
2021-08-30 00:00	0.66667	0.66972	0.66447	0.66859	49626
2021-08-31 00:00	0.66861	0.67184	0.66641	0.66978	80043
2021-09-01 00:00	0.66979	0.67508	0.66978	0.67436	69882
2021-09-02 00:00	0.67435	0.67824	0.67333	0.67646	64671
2021-09-03 00:00	0.67645	0.68207	0.67566	0.68074	78460
2021-09-05 00:00	0.67947	0.68128	0.67947	0.68011	2697
2021-09-06 00:00	0.68015	0.68196	0.67930	0.68029	70553
2021-09-07 00:00	0.68028	0.68246	0.67581	0.67909	84614
2021-09-08 00:00	0.67914	0.68041	0.67553	0.67854	90662
2021-09-09 00:00	0.67855	0.67927	0.67463	0.67526	94356
2021-09-10 00:00	0.67528	0.67928	0.67450	0.67450	77325
2021-09-12 00:00	0.67424	0.67640	0.67418	0.67626	4209
2021-09-13 00:00	0.67627	0.67990	0.67441	0.67926	74882
2021-09-14 00:00	0.67926	0.68004	0.67202	0.67315	92929
2021-09-15 00:00	0.67316	0.67530	0.67067	0.67512	78900
2021-09-16 00:00	0.67513	0.67795	0.67271	0.67614	81870
2021-09-17 00:00	0.67612	0.67891	0.67560	0.67679	83704
2021-09-19 00:00	0.67642	0.67747	0.67544	0.67694	2175
2021-09-20 00:00	0.67693	0.67749	0.67071	0.67341	105483
2021-09-21 00:00	0.67344	0.67504	0.66631	0.66750	103566
2021-09-22 00:00	0.66750	0.67281	0.66699	0.66996	121351
2021-09-23 00:00	0.66995	0.67510	0.66933	0.67470	98629
2021-09-24 00:00	0.67469	0.67638	0.66927	0.67063	83171
2021-09-26 00:00	0.66962	0.67197	0.66950	0.67165	2460
2021-09-27 00:00	0.67165	0.67535	0.67164	0.67389	95664
2021-09-28 00:00	0.67389	0.67736	0.67065	0.67303	129256
2021-09-29 00:00	0.67302	0.67468	0.66897	0.67062	121023
2021-09-30 00:00	0.67062	0.67654	0.67049	0.67407	125914
2021-10-01 00:00	0.67405	0.67675	0.66933	0.67559	133124
2021-10-03 00:00	0.67482	0.67686	0.67434	0.67619	4865
2021-10-04 00:00	0.67619	0.67729	0.67198	0.67421	114738
2021-10-05 00:00	0.67420	0.67714	0.67146	0.67657	99131
2021-10-06 00:00	0.67655	0.67713	0.67178	0.67559	132565
2021-10-07 00:00	0.67559	0.67950	0.67456	0.67934	100632
2021-10-08 00:00	0.67934	0.68031	0.67670	0.67719	107218
2021-10-10 00:00	0.67698	0.67778	0.67639	0.67677	4544
2021-10-11 00:00	0.67677	0.68330	0.67654	0.68157	97687
2021-10-12 00:00	0.68156	0.68580	0.67985	0.68238	99073
2021-10-13 00:00	0.68237	0.68350	0.68076	0.68220	102110
2021-10-14 00:00	0.68220	0.68559	0.68065	0.68524	86877
2021-10-15 00:00	0.68525	0.68699	0.68418	0.68443	85476
2021-10-17 00:00	0.68401	0.68654	0.68306	0.68563	9884
2021-10-18 00:00	0.68564	0.68581	0.68152	0.68477	94637
2021-10-19 00:00	0.68478	0.69055	0.68469	0.68996	93305
2021-10-20 00:00	0.68995	0.69314	0.68908	0.69055	97898
2021-10-21 00:00	0.69054	0.69322	0.68462	0.68518	98783
2021-10-22 00:00	0.68520	0.68860	0.68344	0.68349	105611
2021-10-24 00:00	0.68296	0.68467	0.68275	0.68457	4132
2021-10-25 00:00	0.68456	0.68942	0.68381	0.68912	93223
2021-10-26 00:00	0.68912	0.69206	0.68883	0.69089	90811
2021-10-27 00:00	0.69088	0.69306	0.68706	0.68854	117711
2021-10-28 00:00	0.68855	0.69177	0.68610	0.68656	137623
2021-10-29 00:00	0.68657	0.68921	0.68522	0.68801	121884
2021-10-31 00:00	0.68698	0.68885	0.68575	0.68868	2943
2021-11-01 00:00	0.68869	0.68943	0.68218	0.68381	93775
2021-11-02 00:00	0.68382	0.68584	0.67785	0.68019	102805
2021-11-03 00:00	0.68018	0.68097	0.67689	0.68059	119250
2021-11-04 00:00	0.68059	0.68069	0.67444	0.67604	106120
2021-11-05 00:00	0.67604	0.67785	0.67306	0.67494	111859
2021-11-07 00:00	0.67447	0.67528	0.67395	0.67439	2562
2021-11-08 00:00	0.67435	0.67951	0.67405	0.67720	84219
2021-11-09 00:00	0.67720	0.67851	0.67123	0.67190	113426
2021-11-10 00:00	0.67190	0.67480	0.67105	0.67314	127084
2021-11-11 00:00	0.67315	0.67390	0.66977	0.67154	100110
2021-11-12 00:00	0.67156	0.67561	0.67129	0.67487	91678
2021-11-14 00:00	0.67481	0.67581	0.67390	0.67534	1864
2021-11-15 00:00	0.67527	0.67986	0.67421	0.67962	90191
2021-11-16 00:00	0.67961	0.68124	0.67779	0.67921	108662
2021-11-17 00:00	0.67921	0.67990	0.67352	0.67482	110351
2021-11-18 00:00	0.67481	0.67705	0.67152	0.67361	104251
2021-11-19 00:00	0.67361	0.67570	0.66957	0.67150	123803
2021-11-21 00:00	0.67065	0.67226	0.66861	0.67193	15852
2021-11-22 00:00	0.67191	0.67536	0.67141	0.67397	106999
2021-11-23 00:00	0.67397	0.67489	0.67115	0.67403	128160
2021-11-24 00:00	0.67404	0.67601	0.67050	0.67261	126283
2021-11-25 00:00	0.67260	0.67307	0.67025	0.67085	88160
2021-11-26 00:00	0.67081	0.67128	0.65384	0.65590	176131
2021-11-28 00:00	0.65597	0.66095	0.65517	0.66016	6144
2021-11-29 00:00	0.66015	0.66272	0.65651	0.65941	129542
2021-11-30 00:00	0.65941	0.66005	0.65252	0.65509	181791
2021-12-01 00:00	0.65509	0.66009	0.65199	0.65421	148812
2021-12-02 00:00	0.65422	0.65546	0.65021	0.65187	141961
2021-12-03 00:00	0.65182	0.65198	0.64179	0.64185	135454
2021-12-05 00:00	0.64177	0.64471	0.64066	0.64451	3465
2021-12-06 00:00	0.64452	0.65287	0.64380	0.65235	98226
2021-12-07 00:00	0.65233	0.65965	0.65096	0.65840	96951
2021-12-08 00:00	0.65840	0.66138	0.65711	0.65960	112077
2021-12-09 00:00	0.65957	0.66204	0.65813	0.66007	84943
2021-12-10 00:00	0.66008	0.66285	0.65876	0.65987	87423
2021-12-12 00:00	0.65851	0.66042	0.65791	0.66007	3496
2021-12-13 00:00	0.66007	0.66156	0.65567	0.65773	72974
2021-12-14 00:00	0.65776	0.65853	0.65385	0.65645	81090
2021-12-15 00:00	0.65644	0.66342	0.65606	0.66246	118007
2021-12-16 00:00	0.66245	0.66742	0.65889	0.65934	117493
2021-12-17 00:00	0.65933	0.66032	0.65687	0.65785	103466
2021-12-19 00:00	0.65752	0.65895	0.65685	0.65700	3434
2021-12-20 00:00	0.65700	0.65820	0.65336	0.65525	108180
2021-12-21 00:00	0.65525	0.66112	0.65409	0.65969	85758
2021-12-22 00:00	0.65968	0.66432	0.65807	0.66301	78452
2021-12-23 00:00	0.66299	0.66719	0.66147	0.66380	66605
2021-12-24 00:00	0.66375	0.66515	0.66149	0.66149	118399
2021-12-26 00:00	0.66198	0.66447	0.66165	0.66423	2090
2021-12-27 00:00	0.66424	0.66579	0.66206	0.66357	48117
2021-12-28 00:00	0.66358	0.66544	0.66152	0.66324	58083
2021-12-29 00:00	0.66323	0.66490	0.66177	0.66327	67092
2021-12-30 00:00	0.66324	0.66625	0.66147	0.66245	65325
2021-12-31 00:00	0.66246	0.66426	0.66061	0.66273	60284
2022-01-02 00:00	0.66015	0.66362	0.66005	0.66278	2233
2022-01-03 00:00	0.66271	0.66441	0.65742	0.66077	73438
2022-01-04 00:00	0.66080	0.66399	0.65997	0.66315	85841
2022-01-05 00:00	0.66317	0.66564	0.66116	0.66237	97661
2022-01-06 00:00	0.66232	0.66252	0.65637	0.65991	105657
2022-01-07 00:00	0.65989	0.66119	0.65777	0.65906	83559
2022-01-09 00:00	0.65828	0.65999	0.65822	0.65955	3948
2022-01-10 00:00	0.65954	0.66586	0.65946	0.66568	106845
2022-01-11 00:00	0.66572	0.66660	0.66338	0.66579	100882
2022-01-12 00:00	0.66579	0.66774	0.66428	0.66564	102480
2022-01-13 00:00	0.66563	0.66781	0.66233	0.66334	102910
2022-01-14 00:00	0.66336	0.66381	0.65759	0.65899	117252
2022-01-16 00:00	0.65817	0.65996	0.65736	0.65980	3035
2022-01-17 00:00	0.65977	0.66064	0.65761	0.65904	77012
2022-01-18 00:00	0.65904	0.66011	0.65693	0.65909	133196
2022-01-19 00:00	0.65909	0.66309	0.65734	0.66067	117460
2022-01-20 00:00	0.66065	0.66584	0.66060	0.66163	115591
2022-01-21 00:00	0.66162	0.66172	0.65381	0.65403	140139
2022-01-23 00:00	0.65354	0.65584	0.65314	0.65581	3187
2022-01-24 00:00	0.65579	0.65636	0.64832	0.65389	184553
2022-01-25 00:00	0.65390	0.65846	0.65252	0.65701	172060
2022-01-26 00:00	0.65701	0.66090	0.65573	0.65794	176409
2022-01-27 00:00	0.65789	0.65969	0.65318	0.65489	204687
2022-01-28 00:00	0.65494	0.65570	0.64919	0.65047	194084
2022-01-30 00:00	0.64917	0.65159	0.64875	0.65142	4584
2022-01-31 00:00	0.65139	0.65867	0.65089	0.65522	150123
2022-02-01 00:00	0.65522	0.65758	0.65171	0.65700	153178
2022-02-02 00:00	0.65701	0.65812	0.65423	0.65436	134343
2022-02-03 00:00	0.65436	0.65825	0.65416	0.65729	184687
2022-02-04 00:00	0.65729	0.65788	0.65167	0.65426	177703
2022-02-06 00:00	0.65401	0.65564	0.65388	0.65492	3757
2022-02-07 00:00	0.65492	0.65845	0.65375	0.65783	146505
2022-02-08 00:00	0.65778	0.66123	0.65666	0.66091	129803
2022-02-09 00:00	0.66091	0.66407	0.66063	0.66329	106726
2022-02-10 00:00	0.66332	0.66909	0.66165	0.66297	172439
2022-02-11 00:00	0.66299	0.66510	0.65866	0.65987	220178
2022-02-13 00:00	0.65857	0.66106	0.65820	0.66062	5735
2022-02-14 00:00	0.66055	0.66098	0.65489	0.65929	215339
2022-02-15 00:00	0.65929	0.66218	0.65609	0.66150	164177
2022-02-16 00:00	0.66151	0.66487	0.66097	0.66302	143867
2022-02-17 00:00	0.66300	0.66502	0.65936	0.66101	185127
2022-02-18 00:00	0.66099	0.66610	0.65995	0.66071	153083
2022-02-20 00:00	0.66102	0.66121	0.65997	0.66038	6742
2022-02-21 00:00	0.66037	0.66455	0.65681	0.65788	137787
2022-02-22 00:00	0.65788	0.66603	0.65744	0.66592	182968
2022-02-23 00:00	0.66590	0.66933	0.66247	0.66309	138635
2022-02-24 00:00	0.66307	0.66389	0.65801	0.66281	323376
2022-02-25 00:00	0.66281	0.67097	0.65998	0.66891	204565
2022-02-27 00:00	0.66354	0.66647	0.66293	0.66583	14623
2022-02-28 00:00	0.66580	0.66723	0.66402	0.66595	213140
2022-03-01 00:00	0.66599	0.66920	0.66513	0.66692	190647
2022-03-02 00:00	0.66691	0.67266	0.66493	0.67128	195143
2022-03-03 00:00	0.67132	0.67514	0.67028	0.67326	159792
2022-03-04 00:00	0.67327	0.67832	0.67073	0.67563	197737
2022-03-06 00:00	0.67575	0.68042	0.67515	0.68032	8194
2022-03-07 00:00	0.68033	0.68607	0.67654	0.67813	242793
2022-03-08 00:00	0.67815	0.67998	0.67338	0.67552	264596
2022-03-09 00:00	0.67550	0.68077	0.67486	0.67786	175651
2022-03-10 00:00	0.67786	0.68521	0.67626	0.68449	180333
2022-03-11 00:00	0.68452	0.68459	0.67969	0.68127	166635
2022-03-13 00:00	0.67985	0.68225	0.67940	0.68194	5360
2022-03-14 00:00	0.68197	0.68244	0.67365	0.67552	155104
2022-03-15 00:00	0.67553	0.67943	0.67308	0.67645	158485
2022-03-16 00:00	0.67644	0.68699	0.67550	0.68619	179670
2022-03-17 00:00	0.68620	0.69173	0.68523	0.69087	148186
2022-03-18 00:00	0.69088	0.69406	0.68849	0.69039	123080
2022-03-20 00:00	0.68932	0.69138	0.68905	0.69122	5173
2022-03-21 00:00	0.69123	0.69222	0.68587	0.69065	133137
2022-03-22 00:00	0.69064	0.69783	0.68973	0.69650	130179
2022-03-23 00:00	0.69649	0.69973	0.69545	0.69789	128550
2022-03-24 00:00	0.69787	0.70080	0.69599	0.69803	137625
2022-03-25 00:00	0.69799	0.70050	0.69478	0.69890	136488
2022-03-27 00:00	0.69808	0.70049	0.69669	0.69997	5186
2022-03-28 00:00	0.69995	0.70683	0.69821	0.69976	168831
2022-03-29 00:00	0.69975	0.70268	0.69593	0.69966	187333
2022-03-30 00:00	0.69965	0.69979	0.69186	0.69245	165918
2022-03-31 00:00	0.69246	0.69418	0.68732	0.69157	152916
2022-04-01 00:00	0.69154	0.69607	0.68945	0.69363	130606
2022-04-03 00:00	0.69245	0.69420	0.69166	0.69303	3336
2022-04-04 00:00	0.69304	0.69942	0.69235	0.69869	117393
2022-04-05 00:00	0.69869	0.70872	0.69758	0.70511	139606
2022-04-06 00:00	0.70511	0.70938	0.69874	0.70015	155616
2022-04-07 00:00	0.70016	0.70052	0.69626	0.69873	135954
2022-04-08 00:00	0.69877	0.70017	0.69554	0.69655	115905
2022-04-10 00:00	0.69498	0.69685	0.69437	0.69555	5160
2022-04-11 00:00	0.69553	0.69709	0.68969	0.69060	147227
2022-04-12 00:00	0.69060	0.69689	0.68960	0.69512	171982
2022-04-13 00:00	0.69510	0.69692	0.69117	0.69575	161280
2022-04-14 00:00	0.69575	0.70008	0.69441	0.69845	149974
2022-04-15 00:00	0.69849	0.69918	0.69581	0.69639	138768
2022-04-17 00:00	0.69554	0.69817	0.69510	0.69702	5748
2022-04-18 00:00	0.69702	0.69709	0.69254	0.69506	100036
2022-04-19 00:00	0.69508	0.70404	0.69454	0.70392	148799
2022-04-20 00:00	0.70391	0.70716	0.70262	0.70642	150906
2022-04-21 00:00	0.70644	0.70772	0.70181	0.70187	157468
2022-04-22 00:00	0.70191	0.70303	0.69208	0.69253	156965
2022-04-24 00:00	0.69280	0.69347	0.69109	0.69111	6255
2022-04-25 00:00	0.69111	0.69133	0.68217	0.68783	199323
2022-04-26 00:00	0.68783	0.69292	0.68447	0.68722	170853
2022-04-27 00:00	0.68726	0.69253	0.68625	0.68987	191103
2022-04-28 00:00	0.68991	0.69383	0.68682	0.69077	216980
2022-04-29 00:00	0.69076	0.69721	0.68663	0.68663	166165
2022-05-01 00:00	0.68513	0.68878	0.68393	0.68802	7623
2022-05-02 00:00	0.68802	0.69048	0.68527	0.68924	123017
2022-05-03 00:00	0.68926	0.69845	0.68925	0.69494	140188
2022-05-04 00:00	0.69494	0.70689	0.69401	0.70582	167528
2022-05-05 00:00	0.70582	0.70661	0.69818	0.70137	207792
2022-05-06 00:00	0.70138	0.70267	0.69576	0.69889	243459
2022-05-08 00:00	0.69578	0.69829	0.69429	0.69671	9555
2022-05-09 00:00	0.69667	0.69759	0.68848	0.69043	217577
2022-05-10 00:00	0.69041	0.69459	0.68599	0.69038	255129
2022-05-11 00:00	0.69036	0.69657	0.68654	0.68881	220575
2022-05-12 00:00	0.68881	0.69111	0.68300	0.68905	265662
2022-05-13 00:00	0.68905	0.69534	0.68735	0.69463	171938
2022-05-15 00:00	0.69174	0.69685	0.69133	0.69627	6368
2022-05-16 00:00	0.69624	0.69922	0.68924	0.69862	164367
2022-05-17 00:00	0.69860	0.70225	0.69437	0.69849	171500
2022-05-18 00:00	0.69846	0.70041	0.68603	0.68683	154884
2022-05-19 00:00	0.68683	0.69203	0.68065	0.68457	223526
2022-05-20 00:00	0.68458	0.68827	0.67975	0.68585	167927
2022-05-22 00:00	0.68574	0.68915	0.68366	0.68847	5899
2022-05-23 00:00	0.68845	0.69232	0.68399	0.68431	168265
2022-05-24 00:00	0.68430	0.68499	0.67708	0.68194	170730
2022-05-25 00:00	0.68193	0.68505	0.67700	0.68166	185577
2022-05-26 00:00	0.68156	0.68327	0.67881	0.68037	146285
2022-05-27 00:00	0.68033	0.68556	0.67973	0.68498	132503
2022-05-29 00:00	0.68386	0.68637	0.68312	0.68566	5949
2022-05-30 00:00	0.68571	0.68962	0.68555	0.68931	112643
2022-05-31 00:00	0.68933	0.69164	0.68612	0.68917	171475
2022-06-01 00:00	0.68923	0.69439	0.68792	0.69055	157381
2022-06-02 00:00	0.69056	0.69662	0.68640	0.69565	144743
2022-06-03 00:00	0.69565	0.69691	0.69327	0.69340	131929
2022-06-05 00:00	0.69346	0.69439	0.69286	0.69288	7354
2022-06-06 00:00	0.69289	0.69973	0.69113	0.69797	145712
2022-06-07 00:00	0.69795	0.70403	0.69595	0.70297	206407
2022-06-08 00:00	0.70293	0.70446	0.70079	0.70333	187493
2022-06-09 00:00	0.70331	0.70390	0.69356	0.69570	236312
2022-06-10 00:00	0.69570	0.70142	0.69427	0.69505	255971
2022-06-12 00:00	0.69478	0.69585	0.69399	0.69434	11329
2022-06-13 00:00	0.69435	0.69599	0.68938	0.69173	256422
2022-06-14 00:00	0.69172	0.69387	0.68400	0.68831	276417
2022-06-15 00:00	0.68832	0.69841	0.68813	0.69774	309577
2022-06-16 00:00	0.69774	0.70014	0.67428	0.68060	310127
2022-06-17 00:00	0.68062	0.68185	0.67048	0.67245	245990
2022-06-19 00:00	0.67102	0.67458	0.66982	0.67404	11079
2022-06-20 00:00	0.67402	0.67554	0.67025	0.67404	180206
2022-06-21 00:00	0.67405	0.67500	0.67096	0.67235	198895
2022-06-22 00:00	0.67233	0.67260	0.66367	0.66398	218060
2022-06-23 00:00	0.66396	0.66617	0.66033	0.66349	255383
2022-06-24 00:00	0.66351	0.66606	0.65899	0.66515	199664
2022-06-26 00:00	0.66203	0.66577	0.66200	0.66473	10937
2022-06-27 00:00	0.66473	0.66515	0.66109	0.66183	213961
2022-06-28 00:00	0.66183	0.66530	0.66034	0.66044	237334
2022-06-29 00:00	0.66046	0.66190	0.65376	0.65622	245721
2022-06-30 00:00	0.65619	0.66110	0.65436	0.65874	256162
2022-07-01 00:00	0.65869	0.65931	0.65091	0.65349	267768
2022-07-03 00:00	0.65302	0.65451	0.65286	0.65303	16251
2022-07-04 00:00	0.65305	0.66097	0.65111	0.66024	159358
2022-07-05 00:00	0.66023	0.66250	0.65347	0.65789	229907
2022-07-06 00:00	0.65789	0.66284	0.65585	0.65794	252555
2022-07-07 00:00	0.65794	0.66720	0.65643	0.66676	208887
2022-07-08 00:00	0.66676	0.67094	0.66363	0.66900	210553
2022-07-10 00:00	0.66735	0.66977	0.66729	0.66918	10090
2022-07-11 00:00	0.66920	0.66942	0.65954	0.66245	187779
2022-07-12 00:00	0.66247	0.66517	0.66012	0.66232	228159
2022-07-13 00:00	0.66233	0.66518	0.65851	0.66028	260965
2022-07-14 00:00	0.66027	0.66704	0.65938	0.66403	290160
2022-07-15 00:00	0.66402	0.66585	0.65900	0.66270	208878
2022-07-17 00:00	0.66201	0.66476	0.66185	0.66452	10355
2022-07-18 00:00	0.66452	0.66790	0.66276	0.66562	191234
2022-07-19 00:00	0.66561	0.66923	0.66521	0.66802	196464
2022-07-20 00:00	0.66805	0.67147	0.66662	0.66875	194934
2022-07-21 00:00	0.66874	0.67065	0.66632	0.66886	234059
2022-07-22 00:00	0.66882	0.67092	0.66486	0.66507	200305
2022-07-24 00:00	0.66542	0.66592	0.66446	0.66490	9995
2022-07-25 00:00	0.66492	0.67164	0.66328	0.67012	173871
2022-07-26 00:00	0.67013	0.67251	0.66712	0.66828	163320
2022-07-27 00:00	0.66828	0.67207	0.66527	0.67019	191647
2022-07-28 00:00	0.67017	0.67224	0.66527	0.66777	229267
2022-07-29 00:00	0.66781	0.66927	0.66247	0.66490	212217
2022-07-31 00:00	0.66381	0.66520	0.66242	0.66410	8552
2022-08-01 00:00	0.66410	0.66897	0.66340	0.66725	217807
2022-08-02 00:00	0.66726	0.66752	0.65804	0.66028	285209
2022-08-03 00:00	0.66028	0.66849	0.65992	0.66672	248249
2022-08-04 00:00	0.66667	0.67074	0.66277	0.66388	210415
2022-08-05 00:00	0.66388	0.66733	0.66171	0.66419	207306
2022-08-07 00:00	0.66216	0.66473	0.66153	0.66408	8706
2022-08-08 00:00	0.66410	0.66934	0.66394	0.66732	174813
2022-08-09 00:00	0.66733	0.66785	0.66179	0.66347	143774
2022-08-10 00:00	0.66350	0.66905	0.65927	0.66732	199561
2022-08-11 00:00	0.66730	0.66951	0.66603	0.66854	203069
2022-08-12 00:00	0.66855	0.67133	0.66755	0.66990	172626
2022-08-14 00:00	0.66742	0.67084	0.66717	0.67009	4867
2022-08-15 00:00	0.67009	0.67091	0.66151	0.66388	177365
2022-08-16 00:00	0.66389	0.66777	0.66230	0.66657	191041
2022-08-17 00:00	0.66657	0.66669	0.65787	0.65931	227489
2022-08-18 00:00	0.65931	0.66362	0.65774	0.66112	241817
2022-08-19 00:00	0.66111	0.66307	0.65784	0.65895	232530
2022-08-21 00:00	0.65848	0.65932	0.65591	0.65925	7761
2022-08-22 00:00	0.65925	0.66390	0.65916	0.66335	246642
2022-08-23 00:00	0.66335	0.66916	0.66123	0.66743	275454
2022-08-24 00:00	0.66740	0.66833	0.66421	0.66736	238552
2022-08-25 00:00	0.66738	0.67269	0.66727	0.67082	248613
2022-08-26 00:00	0.67084	0.67323	0.66511	0.66511	268867
2022-08-28 00:00	0.66256	0.66535	0.66244	0.66490	10940
2022-08-29 00:00	0.66491	0.66947	0.66230	0.66808	299173
2022-08-30 00:00	0.66807	0.67495	0.66529	0.66755	326901
2022-08-31 00:00	0.66753	0.67255	0.66611	0.66851	333951
2022-09-01 00:00	0.66850	0.67021	0.66412	0.66664	359638
2022-09-02 00:00	0.66668	0.67263	0.66484	0.66706	300095
2022-09-04 00:00	0.66347	0.66837	0.66324	0.66741	11667
2022-09-05 00:00	0.66741	0.66835	0.66494	0.66645	224343
2022-09-06 00:00	0.66646	0.66737	0.65946	0.66237	387722
2022-09-07 00:00	0.66236	0.66285	0.65915	0.65940	352061
2022-09-08 00:00	0.65940	0.66014	0.65303	0.65516	408445
2022-09-09 00:00	0.65517	0.65955	0.65475	0.65654	363608
2022-09-11 00:00	0.65414	0.65773	0.65414	0.65688	13497
2022-09-12 00:00	0.65688	0.65860	0.65453	0.65678	349767
2022-09-13 00:00	0.65680	0.65730	0.64540	0.64742	364397
2022-09-14 00:00	0.64743	0.65036	0.64466	0.64960	430792
2022-09-15 00:00	0.64959	0.65157	0.64202	0.64310	324780
2022-09-16 00:00	0.64310	0.64841	0.64228	0.64783	347261
2022-09-18 00:00	0.64538	0.64885	0.64538	0.64763	12843
2022-09-19 00:00	0.64762	0.64913	0.64476	0.64880	267749
2022-09-20 00:00	0.64879	0.64959	0.64236	0.64499	361273
2022-09-21 00:00	0.64499	0.64576	0.63773	0.63981	433674
2022-09-22 00:00	0.63982	0.65292	0.63323	0.64829	477579
2022-09-23 00:00	0.64824	0.64977	0.64008	0.64066	425889
2022-09-25 00:00	0.63859	0.64174	0.63849	0.64153	22105
2022-09-26 00:00	0.64153	0.64436	0.63869	0.64203	578665
2022-09-27 00:00	0.64205	0.64379	0.63403	0.63801	495319
2022-09-28 00:00	0.63800	0.63947	0.63205	0.63564	600505
2022-09-29 00:00	0.63563	0.63716	0.63195	0.63450	443540
2022-09-30 00:00	0.63450	0.63637	0.63036	0.63102	458065
2022-10-02 00:00	0.63018	0.63332	0.62919	0.63260	17772
2022-10-03 00:00	0.63259	0.64750	0.63225	0.64552	450425
2022-10-04 00:00	0.64552	0.64788	0.63355	0.63738	456201
2022-10-05 00:00	0.63736	0.63936	0.63227	0.63896	408789
2022-10-06 00:00	0.63890	0.64108	0.63073	0.63495	460486
2022-10-07 00:00	0.63495	0.63674	0.63211	0.63314	385349
2022-10-09 00:00	0.63234	0.63260	0.63093	0.63251	14403
2022-10-10 00:00	0.63251	0.63363	0.62715	0.62913	362698
2022-10-11 00:00	0.62915	0.62965	0.62366	0.62493	465386
2022-10-12 00:00	0.62494	0.62714	0.62135	0.62597	415296
2022-10-13 00:00	0.62597	0.63095	0.62106	0.63046	414660
2022-10-14 00:00	0.63046	0.63319	0.62290	0.62339	483511
2022-10-16 00:00	0.62166	0.62447	0.62166	0.62435	14409
2022-10-17 00:00	0.62436	0.62812	0.62313	0.62690	333025
2022-10-18 00:00	0.62689	0.62954	0.62454	0.62743	239524
2022-10-19 00:00	0.62744	0.63201	0.62708	0.62932	248534
2022-10-20 00:00	0.62931	0.63590	0.62654	0.62978	272107
2022-10-21 00:00	0.62979	0.63756	0.62921	0.63647	313374
2022-10-23 00:00	0.63554	0.63795	0.63477	0.63520	32644
2022-10-24 00:00	0.63519	0.63629	0.62840	0.63240	341473
2022-10-25 00:00	0.63240	0.63752	0.63094	0.63495	249091
2022-10-26 00:00	0.63491	0.64204	0.63436	0.63957	255541
2022-10-27 00:00	0.63953	0.64269	0.63673	0.63872	268683
2022-10-28 00:00	0.63873	0.64042	0.63724	0.63811	216130
2022-10-30 00:00	0.63761	0.63902	0.63607	0.63765	15902
2022-10-31 00:00	0.63763	0.64195	0.63755	0.64181	196642
2022-11-01 00:00	0.64181	0.64468	0.63567	0.63946	234167
2022-11-02 00:00	0.63946	0.64343	0.63522	0.63588	200733
2022-11-03 00:00	0.63588	0.63876	0.63384	0.63728	240697
2022-11-04 00:00	0.63728	0.64533	0.63638	0.64281	263324
2022-11-06 00:00	0.64014	0.64214	0.63767	0.64167	7833
2022-11-07 00:00	0.64166	0.64212	0.63803	0.64015	222759
2022-11-08 00:00	0.64015	0.64445	0.63745	0.64075	192152
2022-11-09 00:00	0.64074	0.64163	0.63070	0.63242	230217
2022-11-10 00:00	0.63241	0.63904	0.62982	0.63738	252467
2022-11-11 00:00	0.63741	0.64180	0.63058	0.63091	263637
2022-11-13 00:00	0.62881	0.63220	0.62737	0.63191	10849
2022-11-14 00:00	0.63193	0.63486	0.63005	0.63116	228130
2022-11-15 00:00	0.63118	0.64077	0.63118	0.63816	299546
2022-11-16 00:00	0.63819	0.63937	0.63383	0.63643	218504
2022-11-17 00:00	0.63642	0.63728	0.63098	0.63706	203814
2022-11-18 00:00	0.63709	0.64071	0.63531	0.63675	170567
2022-11-20 00:00	0.63518	0.63705	0.63309	0.63697	6404
2022-11-21 00:00	0.63697	0.63697	0.63125	0.63319	180638
2022-11-22 00:00	0.63318	0.63521	0.63008	0.63230	148502
2022-11-23 00:00	0.63231	0.63473	0.63032	0.63466	173473
2022-11-24 00:00	0.63467	0.63949	0.63397	0.63815	121709
2022-11-25 00:00	0.63817	0.63965	0.63575	0.63695	133167
2022-11-27 00:00	0.63532	0.63677	0.63431	0.63567	6378
2022-11-28 00:00	0.63568	0.63593	0.62792	0.63108	191186
2022-11-29 00:00	0.63108	0.64066	0.63056	0.63777	165468
2022-11-30 00:00	0.63778	0.64259	0.63620	0.64166	223042
2022-12-01 00:00	0.64166	0.64414	0.63669	0.63758	257917
2022-12-02 00:00	0.63758	0.63931	0.63395	0.63614	221298
2022-12-04 00:00	0.63658	0.63832	0.63431	0.63785	9745
2022-12-05 00:00	0.63785	0.64034	0.62753	0.63192	202925
2022-12-06 00:00	0.63191	0.63499	0.62780	0.63091	202228
2022-12-07 00:00	0.63091	0.63346	0.62776	0.63233	208080
2022-12-08 00:00	0.63235	0.63541	0.63101	0.63414	177213
2022-12-09 00:00	0.63414	0.63533	0.63064	0.63478	190680
2022-12-11 00:00	0.63326	0.63481	0.63203	0.63378	3490
2022-12-12 00:00	0.63380	0.63460	0.62849	0.63176	152191
2022-12-13 00:00	0.63174	0.63897	0.63004	0.63558	195780
2022-12-14 00:00	0.63557	0.63743	0.63071	0.63378	202126
2022-12-15 00:00	0.63377	0.63468	0.61950	0.62199	196400
2022-12-16 00:00	0.62199	0.62488	0.61987	0.62414	156780
2022-12-18 00:00	0.62377	0.62531	0.62305	0.62493	4891
2022-12-19 00:00	0.62494	0.62657	0.62088	0.62265	129029
2022-12-20 00:00	0.62265	0.62436	0.61588	0.61945	214425
2022-12-21 00:00	0.61946	0.62226	0.61719	0.62187	142988
2022-12-22 00:00	0.62186	0.62535	0.61929	0.62142	135560
2022-12-23 00:00	0.62142	0.62766	0.62066	0.62655	137099
2022-12-25 00:00	0.62390	0.62605	0.62390	0.62523	1388
2022-12-26 00:00	0.62511	0.62946	0.62210	0.62846	18544
2022-12-27 00:00	0.62845	0.63026	0.62253	0.62531	122398
2022-12-28 00:00	0.62530	0.63037	0.62258	0.62596	120197
2022-12-29 00:00	0.62597	0.62635	0.62023	0.62442	107235
2022-12-30 00:00	0.62444	0.63049	0.62310	0.63002	132346
2023-01-01 00:00	0.62624	0.62910	0.62623	0.62890	64
2023-01-02 00:00	0.62880	0.63101	0.62566	0.62830	101507
2023-01-03 00:00	0.62816	0.63274	0.62623	0.62959	186711
2023-01-04 00:00	0.62959	0.63851	0.62923	0.63481	192104
2023-01-05 00:00	0.63483	0.63535	0.63007	0.63213	186178
2023-01-06 00:00	0.63211	0.63872	0.63161	0.63767	181575
2023-01-08 00:00	0.63671	0.63922	0.63671	0.63884	7243
2023-01-09 00:00	0.63885	0.64223	0.63539	0.63634	158251
2023-01-10 00:00	0.63634	0.63777	0.63326	0.63576	153481
2023-01-11 00:00	0.63577	0.64387	0.63544	0.64316	131545
2023-01-12 00:00	0.64318	0.64832	0.64082	0.64599	199192
2023-01-13 00:00	0.64601	0.64967	0.64369	0.64575	159578
2023-01-15 00:00	0.64541	0.64651	0.64524	0.64618	4737
2023-01-16 00:00	0.64619	0.64766	0.64132	0.64472	115519
2023-01-17 00:00	0.64471	0.64622	0.63833	0.64419	157772
2023-01-18 00:00	0.64418	0.64730	0.63249	0.63596	208624
2023-01-19 00:00	0.63597	0.63631	0.62997	0.63294	154441
2023-01-20 00:00	0.63296	0.64202	0.63268	0.64079	118581
2023-01-22 00:00	0.63846	0.64243	0.63825	0.64242	4280
2023-01-23 00:00	0.64243	0.64949	0.64014	0.64772	127894
2023-01-24 00:00	0.64773	0.65194	0.64539	0.64995	118602
2023-01-25 00:00	0.64995	0.65690	0.64928	0.65181	125230
2023-01-26 00:00	0.65182	0.65490	0.65082	0.65454	132149
2023-01-27 00:00	0.65455	0.65668	0.65384	0.65475	111210
2023-01-29 00:00	0.65280	0.65457	0.65237	0.65435	2987
2023-01-30 00:00	0.65434	0.65583	0.65041	0.65306	123214
2023-01-31 00:00	0.65305	0.65330	0.64499	0.64611	150865
2023-02-01 00:00	0.64612	0.64915	0.64527	0.64839	176070
2023-02-02 00:00	0.64839	0.65000	0.64264	0.64585	188140
2023-02-03 00:00	0.64585	0.64679	0.64059	0.64059	176131
2023-02-05 00:00	0.63928	0.64218	0.63832	0.64094	7886
2023-02-06 00:00	0.64093	0.64284	0.63569	0.63924	138554
2023-02-07 00:00	0.63923	0.64388	0.63758	0.64181	199130
2023-02-08 00:00	0.64181	0.64280	0.63605	0.63796	136037
2023-02-09 00:00	0.63795	0.64264	0.63717	0.63975	124798
2023-02-10 00:00	0.63974	0.64172	0.63815	0.63822	148859
2023-02-12 00:00	0.63662	0.63908	0.63662	0.63855	4841
2023-02-13 00:00	0.63855	0.64138	0.63768	0.64017	116694
2023-02-14 00:00	0.64017	0.64435	0.63795	0.64382	199082
2023-02-15 00:00	0.64380	0.64383	0.63498	0.63769	147247
2023-02-16 00:00	0.63766	0.63942	0.63389	0.63579	153976
2023-02-17 00:00	0.63578	0.63718	0.63435	0.63519	136997
2023-02-19 00:00	0.63440	0.63603	0.63394	0.63559	4114
2023-02-20 00:00	0.63558	0.63932	0.63522	0.63777	91242
2023-02-21 00:00	0.63779	0.63866	0.63330	0.63653	148866
2023-02-22 00:00	0.63655	0.63655	0.63108	0.63425	146868
2023-02-23 00:00	0.63426	0.63726	0.63356	0.63565	128517
2023-02-24 00:00	0.63565	0.63693	0.63069	0.63235	142701
2023-02-26 00:00	0.63183	0.63348	0.63143	0.63312	3674
2023-02-27 00:00	0.63312	0.63373	0.62876	0.63067	108698
2023-02-28 00:00	0.63067	0.63412	0.62892	0.63396	122632
2023-03-01 00:00	0.63396	0.63601	0.63093	0.63500	146184
2023-03-02 00:00	0.63502	0.63569	0.63201	0.63408	136119
2023-03-03 00:00	0.63409	0.63527	0.63274	0.63315	114081
2023-03-05 00:00	0.63122	0.63319	0.63122	0.63277	4022
2023-03-06 00:00	0.63276	0.63326	0.62518	0.62644	107553
2023-03-07 00:00	0.62643	0.62771	0.61682	0.62082	157936
2023-03-08 00:00	0.62082	0.62291	0.61886	0.62036	126230
2023-03-09 00:00	0.62037	0.62204	0.61342	0.61462	113435
2023-03-10 00:00	0.61463	0.61472	0.60542	0.60595	211537
2023-03-12 00:00	0.60648	0.60986	0.60391	0.60967	21466
2023-03-13 00:00	0.60966	0.61172	0.60271	0.60724	309066
2023-03-14 00:00	0.60727	0.61186	0.60450	0.61154	251587
2023-03-15 00:00	0.61156	0.61803	0.60876	0.61635	278834
2023-03-16 00:00	0.61637	0.62048	0.61423	0.61913	236191
2023-03-17 00:00	0.61914	0.62302	0.61841	0.62007	158435
2023-03-19 00:00	0.62077	0.62288	0.61928	0.62220	14339
2023-03-20 00:00	0.62221	0.62429	0.61708	0.62407	177547
2023-03-21 00:00	0.62409	0.62486	0.61286	0.61551	134344
2023-03-22 00:00	0.61551	0.61889	0.61150	0.61385	153485
2023-03-23 00:00	0.61385	0.61776	0.61102	0.61241	153279
2023-03-24 00:00	0.61243	0.61417	0.60876	0.61059	140039
2023-03-26 00:00	0.60928	0.61185	0.60919	0.61148	11019
2023-03-27 00:00	0.61149	0.61190	0.60794	0.60936	119965
2023-03-28 00:00	0.60934	0.61740	0.60884	0.61718	91215
2023-03-29 00:00	0.61722	0.61751	0.61152	0.61348	97200
2023-03-30 00:00	0.61348	0.61589	0.61111	0.61333	98248
2023-03-31 00:00	0.61334	0.61486	0.60979	0.61138	105720
2023-04-02 00:00	0.61174	0.61270	0.61010	0.61102	12949
2023-04-03 00:00	0.61102	0.61987	0.61060	0.61941	122218
2023-04-04 00:00	0.61943	0.62007	0.60976	0.61222	117100
2023-04-05 00:00	0.61221	0.61398	0.60443	0.60871	113822
2023-04-06 00:00	0.60872	0.60892	0.60205	0.60366	93873
2023-04-07 00:00	0.60366	0.60520	0.60108	0.60310	62572
2023-04-09 00:00	0.60033	0.60367	0.60033	0.60351	4172
2023-04-10 00:00	0.60352	0.60506	0.60229	0.60415	71464
2023-04-11 00:00	0.60414	0.60601	0.60021	0.60074	80863
2023-04-12 00:00	0.60075	0.60325	0.59808	0.59986	101520
2023-04-13 00:00	0.59987	0.60349	0.59855	0.60309	98669
2023-04-14 00:00	0.60309	0.60427	0.59907	0.59907	101693
2023-04-16 00:00	0.59901	0.60003	0.59848	0.60001	5336
2023-04-17 00:00	0.60002	0.60258	0.59813	0.60186	83628
2023-04-18 00:00	0.60187	0.60493	0.60106	0.60347	88442
2023-04-19 00:00	0.60349	0.60411	0.60157	0.60189	89518
2023-04-20 00:00	0.60189	0.60472	0.60044	0.60162	85545
2023-04-21 00:00	0.60163	0.60187	0.59653	0.59675	78009
2023-04-23 00:00	0.59664	0.59744	0.59664	0.59669	3226
2023-04-24 00:00	0.59669	0.59714	0.59341	0.59460	66033
2023-04-25 00:00	0.59459	0.59463	0.58918	0.59180	76255
2023-04-26 00:00	0.59180	0.59205	0.58505	0.58867	95783
2023-04-27 00:00	0.58867	0.59353	0.58795	0.59266	87668
2023-04-28 00:00	0.59266	0.59330	0.58731	0.59119	96959
2023-04-30 00:00	0.58905	0.59187	0.58898	0.59138	4005
2023-05-01 00:00	0.59137	0.59574	0.59133	0.59331	65193
2023-05-02 00:00	0.59330	0.60197	0.59294	0.59522	97440
2023-05-03 00:00	0.59524	0.59524	0.58645	0.58670	106467
2023-05-04 00:00	0.58670	0.59371	0.58662	0.59286	121712
2023-05-05 00:00	0.59287	0.60238	0.59279	0.60071	86280
2023-05-07 00:00	0.59937	0.60181	0.59929	0.60126	5418
2023-05-08 00:00	0.60128	0.60492	0.60012	0.60339	57863
2023-05-09 00:00	0.60337	0.60391	0.60094	0.60230	59751
2023-05-10 00:00	0.60231	0.60505	0.59974	0.60304	86410
2023-05-11 00:00	0.60304	0.60406	0.59831	0.59904	88594
2023-05-12 00:00	0.59903	0.59941	0.59571	0.59623	69054
2023-05-14 00:00	0.59487	0.59719	0.59379	0.59711	8633
2023-05-15 00:00	0.59711	0.60028	0.59670	0.60013	60684
2023-05-16 00:00	0.60013	0.60057	0.59563	0.59677	70281
2023-05-17 00:00	0.59679	0.60074	0.59510	0.59805	74818
2023-05-18 00:00	0.59807	0.59990	0.59546	0.59963	71789
2023-05-19 00:00	0.59964	0.60129	0.59741	0.59779	79723
2023-05-21 00:00	0.59683	0.59808	0.59669	0.59808	3184
2023-05-22 00:00	0.59809	0.59851	0.59407	0.59720	78021
2023-05-23 00:00	0.59721	0.59854	0.59397	0.59615	78248
2023-05-24 00:00	0.59614	0.59616	0.58960	0.59167	91708
2023-05-25 00:00	0.59168	0.59256	0.58671	0.58813	83680
2023-05-26 00:00	0.58820	0.59067	0.58777	0.58947	75141
2023-05-28 00:00	0.58962	0.59119	0.58912	0.59102	4716
2023-05-29 00:00	0.59100	0.59258	0.58898	0.59043	34017
2023-05-30 00:00	0.59041	0.59251	0.58801	0.59049	80586
2023-05-31 00:00	0.59050	0.59251	0.58861	0.59201	90360
2023-06-01 00:00	0.59200	0.59710	0.59068	0.59563	84132
2023-06-02 00:00	0.59564	0.60163	0.59511	0.59990	75068
2023-06-04 00:00	0.59824	0.60041	0.59824	0.60017	4394
2023-06-05 00:00	0.60016	0.60233	0.59850	0.59911	71533
2023-06-06 00:00	0.59913	0.60606	0.59872	0.60592	72323
2023-06-07 00:00	0.60592	0.60752	0.60331	0.60553	73174
2023-06-08 00:00	0.60551	0.60826	0.60166	0.60328	70383
2023-06-09 00:00	0.60331	0.60907	0.60202	0.60843	58368
2023-06-11 00:00	0.60724	0.60940	0.60674	0.60921	2391
2023-06-12 00:00	0.60922	0.61441	0.60869	0.61346	56490
2023-06-13 00:00	0.61347	0.61588	0.61023	0.61283	82578
2023-06-14 00:00	0.61282	0.61394	0.60951	0.61178	82959
2023-06-15 00:00	0.61181	0.61683	0.61029	0.61347	84771
2023-06-16 00:00	0.61345	0.61493	0.61208	0.61419	81440
2023-06-18 00:00	0.61462	0.61547	0.61331	0.61464	11133
2023-06-19 00:00	0.61468	0.61498	0.61121	0.61359	59496
2023-06-20 00:00	0.61358	0.61409	0.60720	0.60947	86103
2023-06-21 00:00	0.60945	0.61076	0.60539	0.60676	93900
2023-06-22 00:00	0.60675	0.60776	0.60290	0.60489	103835
2023-06-23 00:00	0.60490	0.60578	0.59759	0.59823	92088
2023-06-25 00:00	0.59711	0.59863	0.59710	0.59842	6706
2023-06-26 00:00	0.59843	0.59952	0.59483	0.59777	73473
2023-06-27 00:00	0.59779	0.60153	0.59612	0.59717	84828
2023-06-28 00:00	0.59718	0.59763	0.59105	0.59169	86076
2023-06-29 00:00	0.59170	0.59597	0.59160	0.59495	82704
2023-06-30 00:00	0.59493	0.59744	0.59360	0.59607	84471
2023-07-02 00:00	0.59461	0.59627	0.59441	0.59601	2734
2023-07-03 00:00	0.59601	0.59941	0.59420	0.59788	75457
2023-07-04 00:00	0.59790	0.60070	0.59568	0.60022	52625
2023-07-05 00:00	0.60021	0.60053	0.59629	0.59793	69696
2023-07-06 00:00	0.59794	0.59993	0.59158	0.59343	97482
2023-07-07 00:00	0.59344	0.59551	0.59199	0.59438	88916
2023-07-09 00:00	0.59253	0.59488	0.59184	0.59451	8238
2023-07-10 00:00	0.59451	0.59538	0.58913	0.59095	72023
2023-07-11 00:00	0.59097	0.59216	0.58617	0.58814	76892
2023-07-12 00:00	0.58813	0.59174	0.58548	0.58866	111461
2023-07-13 00:00	0.58865	0.59289	0.58825	0.59172	93788
2023-07-14 00:00	0.59174	0.59205	0.58887	0.58895	83983
2023-07-16 00:00	0.58661	0.58948	0.58578	0.58934	3335
2023-07-17 00:00	0.58933	0.58943	0.58422	0.58586	67662
2023-07-18 00:00	0.58583	0.58728	0.58270	0.58436	99823
2023-07-19 00:00	0.58436	0.58475	0.57985	0.58089	90983
2023-07-20 00:00	0.58089	0.58868	0.58083	0.58713	99844
2023-07-21 00:00	0.58711	0.58752	0.58187	0.58240	77222
2023-07-23 00:00	0.58120	0.58298	0.58041	0.58257	3132
2023-07-24 00:00	0.58258	0.58622	0.58176	0.58558	91184
2023-07-25 00:00	0.58558	0.58875	0.58413	0.58677	83799
2023-07-26 00:00	0.58678	0.58702	0.57989	0.58246	106219
2023-07-27 00:00	0.58245	0.58579	0.57943	0.58316	121903
2023-07-28 00:00	0.58315	0.58315	0.57705	0.57824	123094
2023-07-30 00:00	0.57533	0.57963	0.57532	0.57924	4734
2023-07-31 00:00	0.57924	0.58593	0.57918	0.58542	84115
2023-08-01 00:00	0.58542	0.58598	0.57681	0.57740	85557
2023-08-02 00:00	0.57741	0.57880	0.57166	0.57384	94418
2023-08-03 00:00	0.57384	0.57473	0.57034	0.57348	109770
2023-08-04 00:00	0.57349	0.57591	0.57267	0.57283	96909
2023-08-06 00:00	0.57098	0.57473	0.57095	0.57462	4428
2023-08-07 00:00	0.57461	0.57688	0.57282	0.57369	64065
2023-08-08 00:00	0.57370	0.57408	0.56924	0.57201	85285
2023-08-09 00:00	0.57201	0.57406	0.57052	0.57308	76624
2023-08-10 00:00	0.57308	0.57529	0.56989	0.57094	104990
2023-08-11 00:00	0.57097	0.57280	0.56871	0.56871	83874
2023-08-13 00:00	0.56774	0.56982	0.56715	0.56939	4621
2023-08-14 00:00	0.56937	0.57076	0.56669	0.56962	87125
2023-08-15 00:00	0.56964	0.57201	0.56608	0.56734	111694
2023-08-16 00:00	0.56736	0.56900	0.56401	0.56443	98894
2023-08-17 00:00	0.56445	0.56525	0.55895	0.56261	107663
2023-08-18 00:00	0.56260	0.56558	0.56176	0.56475	82564
2023-08-20 00:00	0.56426	0.56594	0.56412	0.56592	5037
2023-08-21 00:00	0.56592	0.56592	0.56214	0.56337	79528
2023-08-22 00:00	0.56335	0.56689	0.56231	0.56537	82528
2023-08-23 00:00	0.56537	0.56909	0.56460	0.56859	91842
2023-08-24 00:00	0.56860	0.56893	0.56579	0.56764	83148
2023-08-25 00:00	0.56765	0.56933	0.56586	0.56595	83642
2023-08-27 00:00	0.56457	0.56767	0.56457	0.56765	4341
2023-08-28 00:00	0.56762	0.56897	0.56554	0.56785	65254
2023-08-29 00:00	0.56784	0.57069	0.56664	0.56918	90445
2023-08-30 00:00	0.56918	0.57110	0.56678	0.56887	91834
2023-08-31 00:00	0.56887	0.57307	0.56879	0.57290	89151
2023-09-01 00:00	0.57290	0.57391	0.56940	0.57099	93275
2023-09-03 00:00	0.56941	0.57136	0.56938	0.57107	3304
2023-09-04 00:00	0.57107	0.57293	0.56941	0.57132	46081
2023-09-05 00:00	0.57133	0.57147	0.56483	0.56691	88866
2023-09-06 00:00	0.56689	0.57057	0.56586	0.56876	81386
2023-09-07 00:00	0.56875	0.57094	0.56723	0.56931	71238
2023-09-08 00:00	0.56932	0.57085	0.56786	0.56923	64935
2023-09-10 00:00	0.56851	0.57096	0.56803	0.57059	11417
2023-09-11 00:00	0.57059	0.57470	0.56992	0.57298	73567
2023-09-12 00:00	0.57298	0.57368	0.57042	0.57302	63131
2023-09-13 00:00	0.57301	0.57393	0.57066	0.57363	82996
2023-09-14 00:00	0.57362	0.57778	0.57326	0.57626	90947
2023-09-15 00:00	0.57628	0.57945	0.57620	0.57690	66012
2023-09-17 00:00	0.57556	0.57765	0.57522	0.57754	2508
2023-09-18 00:00	0.57754	0.57828	0.57580	0.57777	60403
2023-09-19 00:00	0.57777	0.58066	0.57683	0.58001	58348
2023-09-20 00:00	0.57999	0.58213	0.57709	0.57883	89523
2023-09-21 00:00	0.57880	0.58142	0.57599	0.57983	93409
2023-09-22 00:00	0.57983	0.58544	0.57955	0.58395	74119
2023-09-24 00:00	0.58227	0.58437	0.58225	0.58424	5109
2023-09-25 00:00	0.58424	0.58668	0.58256	0.58571	62072
2023-09-26 00:00	0.58573	0.58666	0.58241	0.58545	79768
2023-09-27 00:00	0.58547	0.58702	0.58268	0.58446	86385
2023-09-28 00:00	0.58446	0.58881	0.58435	0.58780	97968
2023-09-29 00:00	0.58781	0.59237	0.58733	0.58843	100498
2023-10-01 00:00	0.58698	0.58938	0.58697	0.58926	5908
2023-10-02 00:00	0.58925	0.58998	0.58214	0.58395	85222
2023-10-03 00:00	0.58396	0.58444	0.57916	0.58101	119886
2023-10-04 00:00	0.58101	0.58291	0.57770	0.58012	109460
2023-10-05 00:00	0.58013	0.58261	0.57972	0.58132	96741
2023-10-06 00:00	0.58133	0.58253	0.57875	0.58051	107831
2023-10-08 00:00	0.57772	0.57922	0.57718	0.57890	10028
2023-10-09 00:00	0.57889	0.58124	0.57770	0.58110	80960
2023-10-10 00:00	0.58109	0.58205	0.57897	0.58177	96518
2023-10-11 00:00	0.58175	0.58255	0.57617	0.57823	93026
2023-10-12 00:00	0.57824	0.57872	0.57211	0.57336	85667
2023-10-13 00:00	0.57337	0.57445	0.56640	0.56795	81032
2023-10-15 00:00	0.56695	0.56952	0.56691	0.56951	5740
2023-10-16 00:00	0.56952	0.57183	0.56869	0.57063	73047
2023-10-17 00:00	0.57062	0.57407	0.57042	0.57270	84086
2023-10-18 00:00	0.57270	0.57436	0.56861	0.56916	85082
2023-10-19 00:00	0.56918	0.56936	0.56310	0.56393	104946
2023-10-20 00:00	0.56395	0.56412	0.56133	0.56294	72967
2023-10-22 00:00	0.56194	0.56456	0.56194	0.56450	9454
2023-10-23 00:00	0.56449	0.56556	0.56129	0.56443	70801
2023-10-24 00:00	0.56443	0.56884	0.56441	0.56797	80879
2023-10-25 00:00	0.56796	0.57126	0.56352	0.56432	76017
2023-10-26 00:00	0.56434	0.56940	0.56300	0.56924	93480
2023-10-27 00:00	0.56924	0.57380	0.56878	0.57159	76336
2023-10-29 00:00	0.56944	0.57235	0.56943	0.57195	5832
2023-10-30 00:00	0.57197	0.57662	0.57190	0.57439	65285
2023-10-31 00:00	0.57438	0.57705	0.57223	0.57663	85194
2023-11-01 00:00	0.57663	0.58168	0.57518	0.58155	99685
2023-11-02 00:00	0.58156	0.58284	0.58003	0.58242	72643
2023-11-03 00:00	0.58242	0.58573	0.58160	0.58531	81601
2023-11-05 00:00	0.58341	0.58593	0.58281	0.58583	7405
2023-11-06 00:00	0.58584	0.58601	0.58112	0.58346	61500
2023-11-07 00:00	0.58347	0.58464	0.57676	0.57868	67358
2023-11-08 00:00	0.57869	0.58095	0.57367	0.57599	67506
2023-11-09 00:00	0.57601	0.57844	0.57330	0.57456	72115
2023-11-10 00:00	0.57454	0.57520	0.57222	0.57316	58993
2023-11-12 00:00	0.57268	0.57450	0.57235	0.57396	6662
2023-11-13 00:00	0.57398	0.57689	0.57299	0.57495	51614
2023-11-14 00:00	0.57497	0.57865	0.57104	0.57767	80385
2023-11-15 00:00	0.57766	0.57977	0.57572	0.57761	77746
2023-11-16 00:00	0.57759	0.57801	0.57348	0.57474	76754
2023-11-17 00:00	0.57474	0.57747	0.57368	0.57675	72434
2023-11-19 00:00	0.57530	0.57737	0.57530	0.57677	3947
2023-11-20 00:00	0.57677	0.58064	0.57626	0.58014	70520
2023-11-21 00:00	0.58013	0.58179	0.57837	0.57922	69128
2023-11-22 00:00	0.57920	0.58056	0.57691	0.57835	71426
2023-11-23 00:00	0.57834	0.58046	0.57788	0.58020	47351
2023-11-24 00:00	0.58019	0.58130	0.57943	0.57959	58612
2023-11-26 00:00	0.57960	0.58080	0.57960	0.58052	2531
2023-11-27 00:00	0.58051	0.58205	0.57937	0.58194	66702
2023-11-28 00:00	0.58195	0.58403	0.58109	0.58375	76493
2023-11-29 00:00	0.58373	0.58492	0.57685	0.57785	72079
2023-11-30 00:00	0.57786	0.58029	0.57493	0.57786	102310
2023-12-01 00:00	0.57785	0.58070	0.57684	0.57986	86590
2023-12-03 00:00	0.57970	0.58046	0.57837	0.57969	8947
2023-12-04 00:00	0.57970	0.58133	0.57602	0.57734	88668
2023-12-05 00:00	0.57733	0.57737	0.57058	0.57350	92968
2023-12-06 00:00	0.57352	0.57698	0.57187	0.57296	77417
2023-12-07 00:00	0.57294	0.57833	0.57113	0.57723	92300
2023-12-08 00:00	0.57722	0.57991	0.57699	0.57850	98138
2023-12-10 00:00	0.57669	0.57907	0.57669	0.57870	5623
2023-12-11 00:00	0.57871	0.57887	0.57559	0.57652	68078
2023-12-12 00:00	0.57654	0.57888	0.57167	0.57444	76438
2023-12-13 00:00	0.57444	0.58188	0.57326	0.58048	96677
2023-12-14 00:00	0.58047	0.58644	0.57907	0.58106	128777
2023-12-15 00:00	0.58113	0.58417	0.57947	0.58291	88249
2023-12-17 00:00	0.58186	0.58329	0.58135	0.58318	10716
2023-12-18 00:00	0.58319	0.58486	0.58062	0.58126	68181
2023-12-19 00:00	0.58128	0.58388	0.57980	0.58164	71291
2023-12-20 00:00	0.58164	0.58507	0.57828	0.58140	69748
2023-12-21 00:00	0.58140	0.58291	0.57993	0.58192	84476
2023-12-22 00:00	0.58191	0.58272	0.58021	0.58185	80924
2023-12-25 00:00	0.58046	0.58276	0.57839	0.58238	3457
2023-12-26 00:00	0.58236	0.58389	0.58165	0.58257	30276
2023-12-27 00:00	0.58257	0.58393	0.57562	0.57730	55768
2023-12-28 00:00	0.57731	0.57795	0.56939	0.57571	55826
2023-12-29 00:00	0.57574	0.57704	0.56816	0.57295	58990
2024-01-01 00:00	0.57108	0.57356	0.57014	0.57328	2812
2024-01-02 00:00	0.57328	0.57831	0.57214	0.57516	85601
2024-01-03 00:00	0.57517	0.57597	0.56995	0.57186	103826
2024-01-04 00:00	0.57187	0.57406	0.56806	0.57012	78844
2024-01-05 00:00	0.57013	0.57128	0.56837	0.57059	96415
2024-01-07 00:00	0.56998	0.57155	0.56906	0.57132	4047
2024-01-08 00:00	0.57131	0.57233	0.56758	0.56956	72311
2024-01-09 00:00	0.56956	0.57035	0.56798	0.56973	76655
2024-01-10 00:00	0.56975	0.57224	0.56880	0.56999	63730
2024-01-11 00:00	0.56998	0.57170	0.56846	0.57009	111650
2024-01-12 00:00	0.57011	0.57208	0.56943	0.56971	78791
2024-01-14 00:00	0.56811	0.57084	0.56810	0.57081	4835
2024-01-15 00:00	0.57081	0.57140	0.56786	0.56923	60581
2024-01-16 00:00	0.56923	0.56945	0.56579	0.56759	104967
2024-01-17 00:00	0.56759	0.56800	0.56387	0.56625	91319
2024-01-18 00:00	0.56624	0.57133	0.56412	0.57125	85854
2024-01-19 00:00	0.57126	0.57361	0.57055	0.57219	68558
2024-01-21 00:00	0.57088	0.57321	0.57086	0.57274	8804
2024-01-22 00:00	0.57276	0.57388	0.57043	0.57105	69880
2024-01-23 00:00	0.57106	0.57342	0.57098	0.57255	77642
2024-01-24 00:00	0.57255	0.57257	0.56616	0.56741	87030
2024-01-25 00:00	0.56742	0.57189	0.56737	0.57071	93637
2024-01-26 00:00	0.57070	0.57166	0.56747	0.56747	71697
2024-01-28 00:00	0.56582	0.56866	0.56582	0.56843	4662
2024-01-29 00:00	0.56843	0.56991	0.56776	0.56963	69989
2024-01-30 00:00	0.56964	0.57040	0.56709	0.56832	72558
2024-01-31 00:00	0.56832	0.56868	0.56453	0.56591	125774
2024-02-01 00:00	0.56591	0.56717	0.56166	0.56375	98036
2024-02-02 00:00	0.56375	0.56580	0.56323	0.56435	85795
2024-02-04 00:00	0.56310	0.56438	0.56232	0.56393	6098
2024-02-05 00:00	0.56392	0.56603	0.56298	0.56420	73262
2024-02-06 00:00	0.56421	0.56774	0.56412	0.56760	75716
2024-02-07 00:00	0.56756	0.57062	0.56736	0.56992	73776
2024-02-08 00:00	0.56991	0.57027	0.56638	0.56758	62660
2024-02-09 00:00	0.56758	0.57087	0.56689	0.57035	56773
2024-02-11 00:00	0.56967	0.57048	0.56820	0.57036	4058
2024-02-12 00:00	0.57034	0.57269	0.56941	0.57178	51377
2024-02-13 00:00	0.57178	0.57441	0.57073	0.57264	84432
2024-02-14 00:00	0.57264	0.57531	0.57196	0.57525	62626
2024-02-15 00:00	0.57525	0.57540	0.57288	0.57410	69165
2024-02-16 00:00	0.57412	0.57607	0.57307	0.57514	60419
2024-02-18 00:00	0.57263	0.57572	0.57262	0.57568	2957
2024-02-19 00:00	0.57569	0.57713	0.57429	0.57647	41378
2024-02-20 00:00	0.57646	0.57906	0.57594	0.57788	60227
2024-02-21 00:00	0.57790	0.57883	0.57523	0.57614	64686
2024-02-22 00:00	0.57614	0.57820	0.57521	0.57717	73342
2024-02-23 00:00	0.57716	0.57925	0.57688	0.57803	51131
2024-02-25 00:00	0.57700	0.57866	0.57605	0.57838	3223
2024-02-26 00:00	0.57838	0.57850	0.57441	0.57543	50617
2024-02-27 00:00	0.57543	0.57684	0.57430	0.57516	59172
2024-02-28 00:00	0.57515	0.57575	0.56965	0.57063	63024
2024-02-29 00:00	0.57065	0.57500	0.57030	0.57482	72996
2024-03-01 00:00	0.57483	0.57819	0.57448	0.57615	65101
2024-03-03 00:00	0.57523	0.57674	0.57522	0.57658	4064
2024-03-04 00:00	0.57658	0.57731	0.57440	0.57594	57058
2024-03-05 00:00	0.57596	0.57636	0.57332	0.57461	60546
2024-03-06 00:00	0.57460	0.57985	0.57418	0.57915	69104
2024-03-07 00:00	0.57915	0.58169	0.57870	0.58082	70075
2024-03-08 00:00	0.58083	0.58260	0.58026	0.58115	76943
2024-03-10 00:00	0.57856	0.58147	0.57853	0.58130	6882
2024-03-11 00:00	0.58129	0.58133	0.57887	0.58026	56922
2024-03-12 00:00	0.58025	0.58083	0.57813	0.57969	75186
2024-03-13 00:00	0.57968	0.58225	0.57913	0.58209	51969
2024-03-14 00:00	0.58208	0.58286	0.57883	0.58169	71463
2024-03-15 00:00	0.58169	0.58171	0.57895	0.57926	50374
2024-03-17 00:00	0.57863	0.57977	0.57801	0.57937	3753
2024-03-18 00:00	0.57938	0.58246	0.57919	0.58192	51157
2024-03-19 00:00	0.58194	0.58280	0.57728	0.57975	68516
2024-03-20 00:00	0.57976	0.58440	0.57943	0.58440	80747
2024-03-21 00:00	0.58440	0.59324	0.58347	0.58990	89979
2024-03-22 00:00	0.58990	0.59027	0.58379	0.58431	63027
2024-03-24 00:00	0.58358	0.58500	0.58357	0.58481	5568
2024-03-25 00:00	0.58481	0.58839	0.58472	0.58808	52873
2024-03-26 00:00	0.58809	0.59213	0.58806	0.59080	54764
2024-03-27 00:00	0.59081	0.59190	0.58868	0.59072	54999
2024-03-28 00:00	0.59071	0.59152	0.58566	0.58704	91166
2024-03-29 00:00	0.58704	0.58876	0.58573	0.58599	120168
2024-03-31 00:00	0.58621	0.58931	0.58581	0.58929	5415
2024-04-01 00:00	0.58928	0.58956	0.58570	0.58712	41087
2024-04-02 00:00	0.58712	0.59197	0.58701	0.59122	55337
2024-04-03 00:00	0.59120	0.59364	0.59057	0.59305	57888
2024-04-04 00:00	0.59303	0.59917	0.59270	0.59385	62169
2024-04-05 00:00	0.59386	0.59525	0.59165	0.59311	68630
2024-04-07 00:00	0.59065	0.59384	0.58974	0.59333	21249
2024-04-08 00:00	0.59333	0.59828	0.59276	0.59774	62133
2024-04-09 00:00	0.59774	0.59951	0.59675	0.59851	57656
2024-04-10 00:00	0.59850	0.59891	0.59304	0.59419	102624
2024-04-11 00:00	0.59420	0.59648	0.59176	0.59501	84031
2024-04-12 00:00	0.59501	0.59535	0.58862	0.59062	76788
2024-04-14 00:00	0.58865	0.59182	0.58864	0.59157	8846
2024-04-15 00:00	0.59158	0.59315	0.58666	0.58734	83319
2024-04-16 00:00	0.58733	0.58757	0.58356	0.58517	103167
2024-04-17 00:00	0.58517	0.58652	0.58419	0.58628	74661
2024-04-18 00:00	0.58627	0.58739	0.58480	0.58606	74184
2024-04-19 00:00	0.58605	0.58608	0.57405	0.58407	107182
2024-04-21 00:00	0.58227	0.58551	0.58222	0.58544	4823
2024-04-22 00:00	0.58541	0.58824	0.58492	0.58820	61035
2024-04-23 00:00	0.58822	0.59153	0.58691	0.59132	65773
2024-04-24 00:00	0.59131	0.59510	0.59122	0.59413	66034
2024-04-25 00:00	0.59415	0.59663	0.59337	0.59520	73486
2024-04-26 00:00	0.59518	0.59802	0.59507	0.59719	71085
2024-04-28 00:00	0.59476	0.59773	0.59476	0.59770	2661
2024-04-29 00:00	0.59770	0.59992	0.59633	0.59747	90246
2024-04-30 00:00	0.59747	0.59799	0.59291	0.59536	82734
2024-05-01 00:00	0.59542	0.59908	0.59472	0.59832	88804
2024-05-02 00:00	0.59830	0.59937	0.59464	0.59766	87778
2024-05-03 00:00	0.59764	0.60003	0.59551	0.59785	96765
2024-05-05 00:00	0.59762	0.59892	0.59700	0.59863	3511
2024-05-06 00:00	0.59864	0.60069	0.59830	0.60057	46795
2024-05-07 00:00	0.60056	0.60204	0.59737	0.59855	60124
2024-05-08 00:00	0.59852	0.59882	0.59605	0.59710	47676
2024-05-09 00:00	0.59709	0.59978	0.59642	0.59938	54170
2024-05-10 00:00	0.59937	0.59999	0.59800	0.59818	47871
2024-05-12 00:00	0.59738	0.59871	0.59624	0.59823	2449
2024-05-13 00:00	0.59823	0.60030	0.59717	0.60023	43011
2024-05-14 00:00	0.60022	0.60082	0.59852	0.60066	59570
2024-05-15 00:00	0.60067	0.60416	0.59842	0.60341	80477
2024-05-16 00:00	0.60340	0.60560	0.60124	0.60539	63106
2024-05-17 00:00	0.60540	0.60850	0.60401	0.60835	45351
2024-05-19 00:00	0.60791	0.60918	0.60704	0.60890	3063
2024-05-20 00:00	0.60891	0.60988	0.60574	0.60716	53065
2024-05-21 00:00	0.60717	0.60792	0.60528	0.60739	56063
2024-05-22 00:00	0.60741	0.60934	0.60225	0.60570	76817
2024-05-23 00:00	0.60571	0.60721	0.60314	0.60350	99470
2024-05-24 00:00	0.60352	0.60668	0.60317	0.60599	48040
2024-05-26 00:00	0.60429	0.60655	0.60429	0.60560	3189
2024-05-27 00:00	0.60560	0.60855	0.60555	0.60782	42553
2024-05-28 00:00	0.60781	0.60850	0.60466	0.60644	73407
2024-05-29 00:00	0.60643	0.60791	0.60303	0.60390	62402
2024-05-30 00:00	0.60391	0.60455	0.59711	0.59884	74774
2024-05-31 00:00	0.59884	0.60292	0.59853	0.59995	73900
2024-06-02 00:00	0.59899	0.60046	0.59899	0.59985	5763
2024-06-03 00:00	0.59984	0.60100	0.59595	0.59871	76786
2024-06-04 00:00	0.59870	0.59932	0.58986	0.59142	84006
2024-06-05 00:00	0.59143	0.59455	0.59100	0.59396	66647
2024-06-06 00:00	0.59397	0.59519	0.59124	0.59328	60816
2024-06-07 00:00	0.59328	0.59407	0.58916	0.58926	66751
2024-06-09 00:00	0.58915	0.59033	0.58906	0.58973	6120
2024-06-10 00:00	0.58973	0.59284	0.58949	0.59232	47751
2024-06-11 00:00	0.59234	0.59343	0.59098	0.59318	48570
2024-06-12 00:00	0.59318	0.59769	0.59024	0.59575	89004
2024-06-13 00:00	0.59576	0.59637	0.59130	0.59273	62354
2024-06-14 00:00	0.59275	0.59328	0.58743	0.58847	70834
2024-06-16 00:00	0.58671	0.58931	0.58671	0.58896	4743
2024-06-17 00:00	0.58897	0.58953	0.58672	0.58785	50423
2024-06-18 00:00	0.58786	0.59012	0.58608	0.58890	71361
2024-06-19 00:00	0.58892	0.59094	0.58854	0.59011	34908
2024-06-20 00:00	0.59010	0.59519	0.58858	0.59373	65440
2024-06-21 00:00	0.59375	0.59501	0.59201	0.59355	55231
2024-06-23 00:00	0.59208	0.59377	0.59194	0.59333	3536
2024-06-24 00:00	0.59335	0.59528	0.59220	0.59430	49237
2024-06-25 00:00	0.59434	0.59601	0.59322	0.59482	44943
2024-06-26 00:00	0.59481	0.59952	0.59425	0.59607	57927
2024-06-27 00:00	0.59607	0.59853	0.59579	0.59747	50579
2024-06-28 00:00	0.59748	0.60082	0.59546	0.59904	66408
2024-06-30 00:00	0.59891	0.60120	0.59841	0.60081	5502
2024-07-01 00:00	0.60084	0.60258	0.59900	0.60100	62422
2024-07-02 00:00	0.60099	0.60299	0.59941	0.60262	52992
2024-07-03 00:00	0.60262	0.60581	0.60200	0.60457	56404
2024-07-04 00:00	0.60457	0.60697	0.60430	0.60535	34668
2024-07-05 00:00	0.60535	0.60616	0.60266	0.60415	58992
2024-07-07 00:00	0.60317	0.60401	0.60265	0.60390	5889
2024-07-08 00:00	0.60389	0.60541	0.60280	0.60529	46335
2024-07-09 00:00	0.60530	0.60593	0.60382	0.60506	49093
2024-07-10 00:00	0.60507	0.60719	0.60417	0.60703	40480
2024-07-11 00:00	0.60705	0.60819	0.60362	0.60658	81601
2024-07-12 00:00	0.60657	0.60745	0.60525	0.60625	64163
2024-07-14 00:00	0.60489	0.60733	0.60489	0.60723	5457
2024-07-15 00:00	0.60722	0.60732	0.60411	0.60552	57234
2024-07-16 00:00	0.60552	0.60563	0.60094	0.60142	57253
2024-07-17 00:00	0.60142	0.60257	0.59328	0.59373	74707
2024-07-18 00:00	0.59375	0.59619	0.59259	0.59486	71256
2024-07-19 00:00	0.59487	0.59612	0.59385	0.59390	54685
2024-07-21 00:00	0.59322	0.59490	0.59189	0.59456	6860
2024-07-22 00:00	0.59456	0.59456	0.58927	0.59053	56551
2024-07-23 00:00	0.59053	0.59100	0.58873	0.58941	52053
2024-07-24 00:00	0.58941	0.58964	0.58000	0.58179	72657
2024-07-25 00:00	0.58179	0.58188	0.57194	0.57591	93158
2024-07-26 00:00	0.57591	0.58007	0.57587	0.57825	51643
2024-07-28 00:00	0.57793	0.58004	0.57710	0.57953	4376
2024-07-29 00:00	0.57953	0.58101	0.57809	0.58048	46284
2024-07-30 00:00	0.58048	0.58224	0.57595	0.57671	59745
2024-07-31 00:00	0.57672	0.57704	0.57112	0.57494	105056
2024-08-01 00:00	0.57497	0.57497	0.56618	0.56671	91718
2024-08-02 00:00	0.56670	0.56934	0.55791	0.55795	118371
2024-08-04 00:00	0.55709	0.55926	0.55572	0.55639	14926
2024-08-05 00:00	0.55639	0.55753	0.53642	0.55688	269834
2024-08-06 00:00	0.55694	0.55947	0.55155	0.55545	171646
2024-08-07 00:00	0.55545	0.56839	0.55516	0.56055	133011
2024-08-08 00:00	0.56057	0.57160	0.55809	0.57135	132167
2024-08-09 00:00	0.57135	0.57240	0.56719	0.56843	68915
2024-08-11 00:00	0.56614	0.56948	0.56614	0.56812	4846
2024-08-12 00:00	0.56810	0.57492	0.56801	0.56943	65960
2024-08-13 00:00	0.56944	0.57434	0.56941	0.57416	73297
2024-08-14 00:00	0.57414	0.57497	0.56939	0.57067	84251
2024-08-15 00:00	0.57065	0.57806	0.56850	0.57688	72625
2024-08-16 00:00	0.57689	0.57841	0.57407	0.57743	47817
2024-08-18 00:00	0.57538	0.57895	0.57360	0.57886	4302
2024-08-19 00:00	0.57888	0.58142	0.57548	0.58078	59183
2024-08-20 00:00	0.58081	0.58082	0.57480	0.57582	60144
2024-08-21 00:00	0.57578	0.57683	0.57248	0.57441	68458
2024-08-22 00:00	0.57438	0.57471	0.56940	0.57124	63863
2024-08-23 00:00	0.57124	0.57657	0.57101	0.57595	71756
2024-08-25 00:00	0.57495	0.57605	0.57464	0.57495	6042
2024-08-26 00:00	0.57495	0.57516	0.57198	0.57369	56325
2024-08-27 00:00	0.57370	0.57543	0.57065	0.57121	60353
2024-08-28 00:00	0.57121	0.57372	0.56959	0.57095	61878
2024-08-29 00:00	0.57097	0.57692	0.57071	0.57548	70609
2024-08-30 00:00	0.57548	0.57804	0.57407	0.57475	52866
2024-09-01 00:00	0.57344	0.57630	0.57319	0.57571	4318
2024-09-02 00:00	0.57569	0.57856	0.57420	0.57780	36041
2024-09-03 00:00	0.57781	0.57855	0.57005	0.57050	75395
2024-09-04 00:00	0.57051	0.57304	0.56722	0.56818	76691
2024-09-05 00:00	0.56815	0.57130	0.56768	0.56875	66799
2024-09-06 00:00	0.56872	0.57049	0.56162	0.56191	104296
2024-09-08 00:00	0.56113	0.56323	0.56113	0.56291	5592
2024-09-09 00:00	0.56291	0.56601	0.56272	0.56548	63499
2024-09-10 00:00	0.56549	0.56640	0.56200	0.56322	75950
2024-09-11 00:00	0.56323	0.56961	0.56031	0.56904	101278
2024-09-12 00:00	0.56904	0.57279	0.56837	0.57155	91358
2024-09-13 00:00	0.57156	0.57191	0.56660	0.56891	77608
2024-09-15 00:00	0.56671	0.56934	0.56671	0.56932	4308
2024-09-16 00:00	0.56932	0.57063	0.56768	0.57023	67454
2024-09-17 00:00	0.57021	0.57277	0.56902	0.57215	66753
2024-09-18 00:00	0.57214	0.57342	0.57011	0.57323	108772
2024-09-19 00:00	0.57326	0.57932	0.57277	0.57722	117119
2024-09-20 00:00	0.57722	0.57979	0.57578	0.57845	95947
2024-09-22 00:00	0.57682	0.57954	0.57677	0.57951	4074
2024-09-23 00:00	0.57952	0.58178	0.57819	0.57893	85452
2024-09-24 00:00	0.57892	0.58287	0.57807	0.58110	92020
2024-09-25 00:00	0.58112	0.58447	0.57824	0.58006	80307
2024-09-26 00:00	0.58006	0.58484	0.58006	0.58327	97643
2024-09-27 00:00	0.58325	0.58433	0.57965	0.57990	101636
2024-09-29 00:00	0.57976	0.58216	0.57928	0.58208	5339
2024-09-30 00:00	0.58210	0.58640	0.58127	0.58452	94816
2024-10-01 00:00	0.58452	0.58695	0.57989	0.58210	112092
2024-10-02 00:00	0.58208	0.58660	0.58106	0.58500	80465
2024-10-03 00:00	0.58498	0.58660	0.58078	0.58340	92868
2024-10-04 00:00	0.58341	0.58481	0.58160	0.58267	84965
2024-10-06 00:00	0.58162	0.58486	0.58120	0.58365	6438
2024-10-07 00:00	0.58366	0.58411	0.57584	0.57721	79158
2024-10-08 00:00	0.57720	0.57898	0.57303	0.57774	81288
2024-10-09 00:00	0.57775	0.58003	0.57602	0.57783	72523
2024-10-10 00:00	0.57789	0.58036	0.57516	0.57737	88748
2024-10-11 00:00	0.57740	0.57924	0.57667	0.57831	45795
2024-10-13 00:00	0.57626	0.57822	0.57542	0.57759	5369
2024-10-14 00:00	0.57759	0.58137	0.57707	0.57987	49131
2024-10-15 00:00	0.57989	0.58057	0.57559	0.57595	62448
2024-10-16 00:00	0.57594	0.57776	0.57446	0.57671	57473
2024-10-17 00:00	0.57671	0.58068	0.57662	0.58017	70488
2024-10-18 00:00	0.58018	0.58221	0.57950	0.57963	52363
2024-10-20 00:00	0.57740	0.58078	0.57735	0.58067	3248
2024-10-21 00:00	0.58072	0.58139	0.57396	0.57589	48039
2024-10-22 00:00	0.57590	0.57923	0.57543	0.57829	51323
2024-10-23 00:00	0.57827	0.57985	0.57312	0.57502	54550
2024-10-24 00:00	0.57502	0.57704	0.57351	0.57447	56701
2024-10-25 00:00	0.57446	0.57596	0.57144	0.57186	42290
2024-10-27 00:00	0.57322	0.57416	0.57240	0.57339	6019
2024-10-28 00:00	0.57340	0.57427	0.56905	0.56923	50387
2024-10-29 00:00	0.56922	0.57051	0.56744	0.56871	61191
2024-10-30 00:00	0.56871	0.57147	0.56707	0.56945	63268
2024-10-31 00:00	0.56948	0.56976	0.56567	0.56786	68210
2024-11-01 00:00	0.56784	0.57310	0.56668	0.57015	65620
2024-11-03 00:00	0.57301	0.57301	0.57103	0.57177	5155
2024-11-04 00:00	0.57176	0.57226	0.56725	0.56893	58357
2024-11-05 00:00	0.56891	0.57363	0.56837	0.57261	53853
2024-11-06 00:00	0.57261	0.57700	0.56864	0.57502	202737
2024-11-07 00:00	0.57501	0.58322	0.57490	0.58252	103124
2024-11-08 00:00	0.58250	0.58256	0.57472	0.57645	81364
2024-11-10 00:00	0.57522	0.57703	0.57499	0.57678	5021
2024-11-11 00:00	0.57679	0.57930	0.57669	0.57910	63857
2024-11-12 00:00	0.57909	0.57964	0.57457	0.57593	80630
2024-11-13 00:00	0.57592	0.57690	0.57147	0.57507	90754
2024-11-14 00:00	0.57507	0.57582	0.57141	0.57477	101288
2024-11-15 00:00	0.57478	0.57519	0.57246	0.57385	91461
2024-11-17 00:00	0.57198	0.57442	0.57174	0.57433	2706
2024-11-18 00:00	0.57435	0.57523	0.57205	0.57457	68467
2024-11-19 00:00	0.57456	0.57696	0.57242	0.57693	91054
2024-11-20 00:00	0.57695	0.57737	0.57319	0.57536	65370
2024-11-21 00:00	0.57537	0.57788	0.57449	0.57723	88601
2024-11-22 00:00	0.57725	0.58192	0.57506	0.58105	104970
2024-11-24 00:00	0.58030	0.58314	0.58016	0.58228	8380
2024-11-25 00:00	0.58230	0.58316	0.57332	0.57443	96603
2024-11-26 00:00	0.57442	0.57646	0.57192	0.57363	105246
2024-11-27 00:00	0.57363	0.57450	0.56934	0.57314	99784
2024-11-28 00:00	0.57313	0.57487	0.57153	0.57410	47684
2024-11-29 00:00	0.57409	0.57477	0.57224	0.57243	88844
2024-12-01 00:00	0.57262	0.57386	0.57261	0.57348	5591
2024-12-02 00:00	0.57347	0.57563	0.57204	0.57379	88386
2024-12-03 00:00	0.57378	0.57615	0.57205	0.57477	76212
2024-12-04 00:00	0.57478	0.57504	0.56709	0.56833	87220
2024-12-05 00:00	0.56834	0.57027	0.56524	0.56653	66796
2024-12-06 00:00	0.56653	0.56659	0.55921	0.56119	78704
2024-12-08 00:00	0.56053	0.56256	0.56053	0.56221	3987
2024-12-09 00:00	0.56221	0.56807	0.56128	0.56554	60879
2024-12-10 00:00	0.56555	0.56566	0.56021	0.56276	70991
2024-12-11 00:00	0.56275	0.56414	0.56045	0.56375	84868
2024-12-12 00:00	0.56375	0.56992	0.56326	0.56826	95142
2024-12-13 00:00	0.56827	0.56978	0.56699	0.56771	60790
2024-12-15 00:00	0.56441	0.56799	0.56441	0.56769	3711
2024-12-16 00:00	0.56770	0.57014	0.56639	0.57001	61835
2024-12-17 00:00	0.57001	0.57010	0.56430	0.56570	59920
2024-12-18 00:00	0.56569	0.56572	0.55909	0.55940	89043
2024-12-19 00:00	0.55941	0.56256	0.55672	0.56010	106942
2024-12-20 00:00	0.56011	0.56054	0.55647	0.55799	89925
2024-12-22 00:00	0.55710	0.55855	0.55689	0.55851	5948
2024-12-23 00:00	0.55854	0.56181	0.55785	0.56091	66510
2024-12-24 00:00	0.56090	0.56201	0.55881	0.55984	50513
2024-12-25 00:00	0.55984	0.56193	0.55895	0.56147	5276
2024-12-26 00:00	0.56146	0.56250	0.55829	0.55940	39508
2024-12-27 00:00	0.55939	0.56103	0.55818	0.55995	58650
2024-12-29 00:00	0.55896	0.56190	0.55855	0.56133	3716
2024-12-30 00:00	0.56135	0.56395	0.56031	0.56162	63769
2024-12-31 00:00	0.56162	0.56248	0.56013	0.56130	66862
2025-01-01 00:00	0.55878	0.56221	0.55806	0.56211	4931
2025-01-02 00:00	0.56210	0.56683	0.56112	0.56552	98134
2025-01-03 00:00	0.56554	0.56701	0.56393	0.56455	54338
2025-01-05 00:00	0.56322	0.56578	0.56322	0.56563	2263
2025-01-06 00:00	0.56564	0.56796	0.56377	0.56445	88956
2025-01-07 00:00	0.56447	0.56975	0.56447	0.56696	79280
2025-01-08 00:00	0.56697	0.56790	0.56428	0.56575	81109
2025-01-09 00:00	0.56576	0.56589	0.56339	0.56450	54522
2025-01-10 00:00	0.56449	0.56596	0.56278	0.56279	83068
2025-01-12 00:00	0.56207	0.56448	0.56207	0.56420	3386
2025-01-13 00:00	0.56420	0.56766	0.56263	0.56697	58661
2025-01-14 00:00	0.56697	0.56743	0.56421	0.56486	59074
2025-01-15 00:00	0.56486	0.56877	0.56398	0.56869	57528
2025-01-16 00:00	0.56868	0.56957	0.56351	0.56576	58812
2025-01-17 00:00	0.56575	0.56832	0.56354	0.56635	53692
2025-01-19 00:00	0.56442	0.56691	0.56436	0.56670	3484
2025-01-20 00:00	0.56670	0.57051	0.56604	0.56900	66649
2025-01-21 00:00	0.56901	0.56927	0.56456	0.56769	77115
2025-01-22 00:00	0.56769	0.56944	0.56599	0.56843	50573
2025-01-23 00:00	0.56845	0.57077	0.56761	0.57001	69367
2025-01-24 00:00	0.57001	0.57259	0.56956	0.57178	72011
2025-01-26 00:00	0.56918	0.57104	0.56918	0.57066	4348
2025-01-27 00:00	0.57068	0.57095	0.56471	0.56610	79802
2025-01-28 00:00	0.56609	0.56724	0.56354	0.56518	55181
2025-01-29 00:00	0.56519	0.56595	0.56280	0.56543	69870
2025-01-30 00:00	0.56543	0.56673	0.56252	0.56516	66463
2025-01-31 00:00	0.56516	0.56833	0.56467	0.56570	73857
2025-02-02 00:00	0.56238	0.56399	0.56184	0.56197	13892
2025-02-03 00:00	0.56198	0.56730	0.55768	0.56671	142120
2025-02-04 00:00	0.56670	0.56701	0.56307	0.56578	65170
2025-02-05 00:00	0.56581	0.56775	0.56503	0.56641	58275
2025-02-06 00:00	0.56639	0.56883	0.56497	0.56850	47335
2025-02-07 00:00	0.56847	0.57156	0.56847	0.57038	70445
2025-02-09 00:00	0.56739	0.57013	0.56739	0.57000	5637
2025-02-10 00:00	0.56999	0.57235	0.56993	0.57140	47175
2025-02-11 00:00	0.57142	0.57512	0.57071	0.57490	41112
2025-02-12 00:00	0.57492	0.57586	0.56961	0.57374	64848
2025-02-13 00:00	0.57373	0.57414	0.56770	0.57048	72178
2025-02-14 00:00	0.57049	0.57293	0.56973	0.57131	52426
2025-02-16 00:00	0.56947	0.57197	0.56914	0.57197	7634
2025-02-17 00:00	0.57196	0.57379	0.57119	0.57238	36373
2025-02-18 00:00	0.57238	0.57438	0.57099	0.57395	50529
2025-02-19 00:00	0.57398	0.57569	0.57157	0.57353	47130
2025-02-20 00:00	0.57352	0.57621	0.57193	0.57501	53759
2025-02-21 00:00	0.57500	0.57562	0.56978	0.57045	53643
2025-02-23 00:00	0.56996	0.57240	0.56989	0.57220	8115
2025-02-24 00:00	0.57219	0.57300	0.56862	0.56876	55671
2025-02-25 00:00	0.56876	0.57016	0.56385	0.56676	59685
2025-02-26 00:00	0.56675	0.56688	0.56304	0.56430	60736
2025-02-27 00:00	0.56429	0.56615	0.56008	0.56083	67778
2025-02-28 00:00	0.56082	0.56137	0.55809	0.56035	62883
2025-03-02 00:00	0.56015	0.56171	0.55999	0.56137	4792
2025-03-03 00:00	0.56139	0.56217	0.55612	0.55739	73680
2025-03-04 00:00	0.55738	0.55883	0.55142	0.55776	105734
2025-03-05 00:00	0.55773	0.56493	0.55540	0.56439	99487
2025-03-06 00:00	0.56437	0.56608	0.55786	0.55924	96138
2025-03-07 00:00	0.55925	0.55941	0.55141	0.55479	79968
2025-03-09 00:00	0.55281	0.55494	0.55226	0.55292	7968
2025-03-10 00:00	0.55294	0.55640	0.54951	0.55258	72851
2025-03-11 00:00	0.55259	0.55672	0.54937	0.55607	95736
2025-03-12 00:00	0.55608	0.55799	0.55397	0.55799	62985
2025-03-13 00:00	0.55799	0.55841	0.55296	0.55481	59151
2025-03-14 00:00	0.55476	0.56025	0.55431	0.55951	43465
2025-03-16 00:00	0.55758	0.56035	0.55758	0.55921	3735
2025-03-17 00:00	0.55920	0.56278	0.55895	0.56228	39449
2025-03-18 00:00	0.56230	0.56307	0.55684	0.55769	45724
2025-03-19 00:00	0.55768	0.55855	0.55436	0.55769	50781
2025-03-20 00:00	0.55770	0.55771	0.55326	0.55563	53484
2025-03-21 00:00	0.55561	0.55654	0.55282	0.55326	41814
2025-03-23 00:00	0.55303	0.55522	0.55284	0.55518	3383
2025-03-24 00:00	0.55519	0.55586	0.55378	0.55490	37553
2025-03-25 00:00	0.55492	0.55743	0.55449	0.55660	39066
2025-03-26 00:00	0.55657	0.55935	0.55456	0.55582	50612
2025-03-27 00:00	0.55581	0.55866	0.55405	0.55545	53260
2025-03-28 00:00	0.55544	0.55683	0.55350	0.55359	43240
2025-03-30 00:00	0.55156	0.55336	0.55156	0.55336	6469
2025-03-31 00:00	0.55336	0.55370	0.54887	0.55148	56120
2025-04-01 00:00	0.55149	0.55586	0.55041	0.55562	54390
2025-04-02 00:00	0.55563	0.55893	0.54859	0.54919	88259
2025-04-03 00:00	0.54919	0.55128	0.54127	0.54342	129079
2025-04-04 00:00	0.54341	0.54392	0.51367	0.51965	219143
2025-04-06 00:00	0.51148	0.51318	0.50653	0.50978	42566
2025-04-07 00:00	0.50980	0.52959	0.50736	0.51554	401421
2025-04-08 00:00	0.51555	0.52134	0.50193	0.50358	202374
2025-04-09 00:00	0.50358	0.52863	0.49980	0.52468	374125
2025-04-10 00:00	0.52468	0.53100	0.50976	0.51077	270102
2025-04-11 00:00	0.51079	0.51459	0.50419	0.51219	311553
2025-04-13 00:00	0.51493	0.51631	0.51304	0.51545	17365
2025-04-14 00:00	0.51544	0.51999	0.51246	0.51575	144777
2025-04-15 00:00	0.51577	0.52280	0.51577	0.52001	93735
2025-04-16 00:00	0.52001	0.52253	0.51592	0.51828	116088
2025-04-17 00:00	0.51828	0.52519	0.51750	0.52249	82357
2025-04-18 00:00	0.52269	0.52323	0.51922	0.51934	737759
2025-04-20 00:00	0.51869	0.52074	0.51818	0.51910	13065
2025-04-21 00:00	0.51908	0.51983	0.51475	0.51952	70798
2025-04-22 00:00	0.51952	0.52688	0.51837	0.52647	98907
2025-04-23 00:00	0.52648	0.53090	0.52469	0.52785	119341
2025-04-24 00:00	0.52785	0.53048	0.52554	0.53023	75622
2025-04-25 00:00	0.53024	0.53409	0.52830	0.52925	67537
2025-04-27 00:00	0.52808	0.52994	0.52710	0.52873	5464
2025-04-28 00:00	0.52875	0.53157	0.52626	0.52789	63499
2025-04-29 00:00	0.52788	0.53012	0.52426	0.52578	68227
2025-04-30 00:00	0.52574	0.52982	0.52256	0.52949	88358
2025-05-01 00:00	0.52947	0.53179	0.52730	0.52931	68613
2025-05-02 00:00	0.52932	0.53421	0.52854	0.53271	78681
2025-05-04 00:00	0.53063	0.53304	0.53063	0.53106	4612
2025-05-05 00:00	0.53107	0.53544	0.52981	0.53114	61388
2025-05-06 00:00	0.53114	0.53840	0.53060	0.53708	68470
2025-05-07 00:00	0.53707	0.53765	0.52777	0.52991	75576
2025-05-08 00:00	0.52993	0.53339	0.52868	0.53168	75231
2025-05-09 00:00	0.53166	0.53339	0.53083	0.53267	46178
2025-05-11 00:00	0.53475	0.53648	0.53448	0.53529	8545
2025-05-12 00:00	0.53530	0.54227	0.53464	0.53833	95282
2025-05-13 00:00	0.53834	0.54514	0.53678	0.54327	70141
2025-05-14 00:00	0.54327	0.54404	0.53852	0.54067	73939
2025-05-15 00:00	0.54066	0.54205	0.53354	0.53461	67588
2025-05-16 00:00	0.53459	0.53772	0.53286	0.53619	53961
2025-05-18 00:00	0.53359	0.53569	0.53330	0.53530	5663
2025-05-19 00:00	0.53533	0.53907	0.53463	0.53888	65131
2025-05-20 00:00	0.53890	0.53944	0.53021	0.53114	69339
2025-05-21 00:00	0.53116	0.53371	0.52955	0.53054	82181
2025-05-22 00:00	0.53051	0.53264	0.52978	0.53084	71080
2025-05-23 00:00	0.53082	0.53421	0.52893	0.53307	80768
2025-05-25 00:00	0.53152	0.53503	0.53136	0.53463	8402
2025-05-26 00:00	0.53461	0.53570	0.53046	0.53154	41999
2025-05-27 00:00	0.53152	0.53342	0.53045	0.53329	66171
2025-05-28 00:00	0.53327	0.53574	0.52947	0.53471	64822
2025-05-29 00:00	0.53472	0.53551	0.52798	0.52966	86860
2025-05-30 00:00	0.52967	0.53045	0.52755	0.52875	75220
2025-06-01 00:00	0.52834	0.53011	0.52790	0.52973	7035
2025-06-02 00:00	0.52974	0.53153	0.52871	0.53019	68145
2025-06-03 00:00	0.53020	0.53286	0.52741	0.53194	57028
2025-06-04 00:00	0.53195	0.53421	0.52927	0.53091	61094
2025-06-05 00:00	0.53089	0.53544	0.53080	0.53333	73070
2025-06-06 00:00	0.53334	0.53503	0.53278	0.53355	58248
2025-06-08 00:00	0.53348	0.53386	0.53324	0.53373	3588
2025-06-09 00:00	0.53372	0.53587	0.53369	0.53514	39455
2025-06-10 00:00	0.53516	0.53721	0.53372	0.53664	62960
2025-06-11 00:00	0.53661	0.53663	0.53172	0.53269	62339
2025-06-12 00:00	0.53267	0.53278	0.52710	0.52710	73239
2025-06-13 00:00	0.52718	0.52883	0.52121	0.52595	99476
2025-06-15 00:00	0.52495	0.52709	0.52495	0.52704	23579
2025-06-16 00:00	0.52701	0.53157	0.52531	0.52976	56512
2025-06-17 00:00	0.52978	0.53238	0.52546	0.52935	64295
2025-06-18 00:00	0.52937	0.53340	0.52907	0.53290	71507
2025-06-19 00:00	0.53291	0.53308	0.52676	0.52942	57952
2025-06-20 00:00	0.52943	0.53072	0.52674	0.52747	53501
2025-06-22 00:00	0.52446	0.52732	0.52434	0.52707	8886
2025-06-23 00:00	0.52706	0.52728	0.52139	0.52632	74458
2025-06-24 00:00	0.52634	0.52852	0.52175	0.52293	74128
2025-06-25 00:00	0.52295	0.52448	0.52233	0.52410	55715
2025-06-26 00:00	0.52412	0.52480	0.52187	0.52423	63019
2025-06-27 00:00	0.52422	0.52516	0.52086	0.52159	56112
2025-06-29 00:00	0.52157	0.52206	0.52134	0.52138	6687
2025-06-30 00:00	0.52141	0.52293	0.52002	0.52133	54718
2025-07-01 00:00	0.52135	0.52151	0.51639	0.52017	62584
2025-07-02 00:00	0.52014	0.52157	0.51857	0.52106	50786
2025-07-03 00:00	0.52107	0.52309	0.51947	0.52232	49361
2025-07-04 00:00	0.52230	0.52255	0.51891	0.51895	121432
2025-07-06 00:00	0.51968	0.52069	0.51902	0.52013	2992
2025-07-07 00:00	0.52013	0.52017	0.51666	0.51859	44498
2025-07-08 00:00	0.51860	0.52228	0.51813	0.51925	52584
2025-07-09 00:00	0.51923	0.52173	0.51647	0.51801	40483
2025-07-10 00:00	0.51801	0.52536	0.51778	0.52525	39033
2025-07-11 00:00	0.52525	0.52569	0.52296	0.52363	39201
2025-07-13 00:00	0.52265	0.52414	0.52160	0.52384	4601
2025-07-14 00:00	0.52382	0.52455	0.52050	0.52219	35330
2025-07-15 00:00	0.52215	0.52376	0.52096	0.52238	43671
2025-07-16 00:00	0.52238	0.52451	0.52037	0.52239	61159
2025-07-17 00:00	0.52241	0.52301	0.51926	0.52166	45594
2025-07-18 00:00	0.52165	0.52322	0.52116	0.52143	27368
2025-07-20 00:00	0.51924	0.52176	0.51924	0.52172	5060
2025-07-21 00:00	0.52174	0.52196	0.51865	0.52091	30844
2025-07-22 00:00	0.52091	0.52149	0.51723	0.52009	37517
2025-07-23 00:00	0.52010	0.52370	0.51982	0.52291	45931
2025-07-24 00:00	0.52293	0.52604	0.52174	0.52414	44920
2025-07-25 00:00	0.52415	0.52463	0.52152	0.52155	39771
2025-07-27 00:00	0.52244	0.52295	0.52222	0.52261	3465
2025-07-28 00:00	0.52261	0.52419	0.52023	0.52379	46653
2025-07-29 00:00	0.52379	0.52550	0.52299	0.52453	47919
2025-07-30 00:00	0.52453	0.52491	0.52075	0.52413	59777
2025-07-31 00:00	0.52411	0.52571	0.52092	0.52308	52535
2025-08-01 00:00	0.52306	0.52496	0.51930	0.51980	77115
2025-08-03 00:00	0.51804	0.52025	0.51795	0.52003	6059
2025-08-04 00:00	0.52000	0.52449	0.51997	0.52245	51597
2025-08-05 00:00	0.52244	0.52377	0.52020	0.52221	50417
2025-08-06 00:00	0.52219	0.52514	0.52216	0.52384	46695
2025-08-07 00:00	0.52386	0.52752	0.52308	0.52564	55795
2025-08-08 00:00	0.52563	0.52769	0.52543	0.52700	33743
2025-08-10 00:00	0.52576	0.52692	0.52489	0.52617	3824
2025-08-11 00:00	0.52616	0.52949	0.52590	0.52887	37251
2025-08-12 00:00	0.52885	0.52943	0.52511	0.52635	61921
2025-08-13 00:00	0.52634	0.52746	0.52412	0.52715	45286
2025-08-14 00:00	0.52716	0.52855	0.52164	0.52466	50701
2025-08-15 00:00	0.52469	0.52539	0.52372	0.52491	31694
2025-08-17 00:00	0.52303	0.52523	0.52255	0.52518	3979
2025-08-18 00:00	0.52517	0.52615	0.52320	0.52431	29810
2025-08-19 00:00	0.52435	0.52448	0.51941	0.52130	37174
2025-08-20 00:00	0.52131	0.52180	0.51612	0.51741	44047
2025-08-21 00:00	0.51743	0.51976	0.51634	0.51957	44489
2025-08-22 00:00	0.51956	0.52098	0.51884	0.52007	49337
2025-08-24 00:00	0.51853	0.52056	0.51823	0.52028	6762
2025-08-25 00:00	0.52029	0.52290	0.51876	0.52252	29186
2025-08-26 00:00	0.52250	0.52301	0.51937	0.52206	41877
2025-08-27 00:00	0.52206	0.52298	0.52066	0.52196	46636
2025-08-28 00:00	0.52195	0.52403	0.52047	0.52356	44888
2025-08-29 00:00	0.52355	0.52519	0.52238	0.52342	39622
2025-08-31 00:00	0.52188	0.52401	0.52155	0.52381	2934
2025-09-01 00:00	0.52382	0.52533	0.52258	0.52464	30045
2025-09-02 00:00	0.52466	0.52504	0.52094	0.52492	54826
2025-09-03 00:00	0.52491	0.52669	0.52394	0.52604	43866
2025-09-04 00:00	0.52605	0.52663	0.52177	0.52509	39219
2025-09-05 00:00	0.52510	0.52610	0.52224	0.52303	43304
2025-09-07 00:00	0.52237	0.52385	0.52014	0.52385	6315
2025-09-08 00:00	0.52382	0.52446	0.52094	0.52304	38756
2025-09-09 00:00	0.52303	0.52529	0.52166	0.52512	47284
2025-09-10 00:00	0.52510	0.52915	0.52510	0.52862	43400
2025-09-11 00:00	0.52863	0.53057	0.52680	0.53050	49467
2025-09-12 00:00	0.53053	0.53089	0.52869	0.52951	36993
2025-09-14 00:00	0.52714	0.52969	0.52671	0.52969	3534
2025-09-15 00:00	0.52969	0.53074	0.52846	0.53021	25444
2025-09-16 00:00	0.53019	0.53041	0.52364	0.52562	49789
2025-09-17 00:00	0.52561	0.52593	0.52221	0.52439	62678
2025-09-18 00:00	0.52438	0.52520	0.52125	0.52435	62625
2025-09-19 00:00	0.52438	0.52547	0.52291	0.52431	42200
2025-09-21 00:00	0.52207	0.52484	0.52185	0.52456	5894
2025-09-22 00:00	0.52453	0.52566	0.52157	0.52301	40186
2025-09-23 00:00	0.52302	0.52387	0.52042	0.52218	54113
2025-09-24 00:00	0.52218	0.52530	0.52099	0.52341	50736
2025-09-25 00:00	0.52343	0.52552	0.52136	0.52306	60491
2025-09-26 00:00	0.52304	0.52316	0.52164	0.52215	46025
2025-09-28 00:00	0.52026	0.52251	0.52017	0.52246	7010
2025-09-29 00:00	0.52246	0.52477	0.52180	0.52448	48653
2025-09-30 00:00	0.52450	0.52799	0.52357	0.52646	64065
2025-10-01 00:00	0.52647	0.52814	0.52416	0.52709	66216
2025-10-02 00:00	0.52712	0.52764	0.52464	0.52584	38733
2025-10-03 00:00	0.52585	0.52682	0.52470	0.52471	36060
2025-10-05 00:00	0.52381	0.52577	0.52350	0.52563	15756
2025-10-06 00:00	0.52562	0.52783	0.52483	0.52592	40955
2025-10-07 00:00	0.52595	0.52687	0.52385	0.52545	40418
2025-10-08 00:00	0.52547	0.52824	0.52480	0.52771	34082
2025-10-09 00:00	0.52773	0.53034	0.52719	0.52888	40356
2025-10-10 00:00	0.52890	0.52980	0.51652	0.51703	49372
2025-10-12 00:00	0.51922	0.52251	0.51868	0.52128	9347
2025-10-13 00:00	0.52128	0.52492	0.52112	0.52370	38659
2025-10-14 00:00	0.52371	0.52480	0.51644	0.52020	52662
2025-10-15 00:00	0.52018	0.52221	0.51646	0.51832	42502
2025-10-16 00:00	0.51835	0.51940	0.51267	0.51326	56269
2025-10-17 00:00	0.51328	0.51541	0.50768	0.51515	70109
2025-10-19 00:00	0.51263	0.51652	0.51263	0.51590	3428
2025-10-20 00:00	0.51590	0.51677	0.51401	0.51632	36082
2025-10-21 00:00	0.51633	0.51730	0.51352	0.51715	51129
2025-10-22 00:00	0.51711	0.51787	0.51500	0.51648	57526
2025-10-23 00:00	0.51650	0.51969	0.51617	0.51794	34100
2025-10-24 00:00	0.51793	0.51835	0.51661	0.51779	35993
2025-10-26 00:00	0.52080	0.52107	0.51899	0.52007	5946
2025-10-27 00:00	0.52007	0.52239	0.51922	0.52110	36549
2025-10-28 00:00	0.52108	0.52274	0.51936	0.52202	35028
2025-10-29 00:00	0.52203	0.52724	0.52146	0.52613	63855
2025-10-30 00:00	0.52611	0.52693	0.52393	0.52574	51679
2025-10-31 00:00	0.52576	0.52698	0.52415	0.52603	35202
2025-11-02 00:00	0.52427	0.52696	0.52427	0.52677	9119
2025-11-03 00:00	0.52677	0.52889	0.52648	0.52835	41407
2025-11-04 00:00	0.52835	0.52910	0.52402	0.52544	43959
2025-11-05 00:00	0.52542	0.52808	0.52199	0.52710	47348
2025-11-06 00:00	0.52711	0.52736	0.52164	0.52262	46163
2025-11-07 00:00	0.52263	0.52414	0.52004	0.52270	50189
2025-11-09 00:00	0.52147	0.52477	0.52147	0.52468	6687
2025-11-10 00:00	0.52467	0.52691	0.52383	0.52607	34970
2025-11-11 00:00	0.52609	0.52641	0.52014	0.52252	46254
2025-11-12 00:00	0.52252	0.52330	0.52050	0.52141	52758
2025-11-13 00:00	0.52142	0.52486	0.51582	0.51767	69873
2025-11-14 00:00	0.51767	0.52001	0.51372	0.51867	79850
2025-11-16 00:00	0.51649	0.51903	0.51649	0.51884	3336
2025-11-17 00:00	0.51885	0.51899	0.51560	0.51692	54882
2025-11-18 00:00	0.51692	0.52093	0.51348	0.52076	75786
2025-11-19 00:00	0.52074	0.52281	0.51800	0.52269	68167
2025-11-20 00:00	0.52268	0.52400	0.51603	0.51945	84636
2025-11-21 00:00	0.51943	0.52253	0.51725	0.52163	91595
2025-11-23 00:00	0.52076	0.52281	0.52075	0.52245	3262
2025-11-24 00:00	0.52244	0.52330	0.51969	0.52267	43215
2025-11-25 00:00	0.52267	0.52337	0.51950	0.52270	59897
2025-11-26 00:00	0.52271	0.52487	0.52254	0.52404	66562
2025-11-27 00:00	0.52404	0.52628	0.52394	0.52578	31122
2025-11-28 00:00	0.52577	0.52712	0.52479	0.52543	175810
2025-11-30 00:00	0.52499	0.52635	0.52499	0.52627	3176
2025-12-01 00:00	0.52627	0.52670	0.52471	0.52641	69857
2025-12-02 00:00	0.52642	0.52847	0.52609	0.52767	49658
2025-12-03 00:00	0.52767	0.52838	0.52560	0.52812	59987
2025-12-04 00:00	0.52812	0.53158	0.52811	0.53094	60167
2025-12-05 00:00	0.53092	0.53435	0.53078	0.53414	56228
2025-12-07 00:00	0.53210	0.53424	0.53210	0.53391	10322
2025-12-08 00:00	0.53393	0.53512	0.53283	0.53453	55528
2025-12-09 00:00	0.53450	0.53684	0.53255	0.53510	58991
2025-12-10 00:00	0.53510	0.53573	0.53233	0.53338	74679
2025-12-11 00:00	0.53340	0.53373	0.52761	0.52934	78167
2025-12-12 00:00	0.52932	0.53077	0.52783	0.52919	64578
2025-12-14 00:00	0.52633	0.52919	0.52620	0.52919	6885
2025-12-15 00:00	0.52918	0.53019	0.52595	0.52872	63048
2025-12-16 00:00	0.52874	0.52927	0.52546	0.52741	77781
2025-12-17 00:00	0.52741	0.52873	0.52397	0.52482	73162
2025-12-18 00:00	0.52482	0.52636	0.52424	0.52511	72668
2025-12-19 00:00	0.52512	0.52696	0.52480	0.52555	55475
2025-12-21 00:00	0.52354	0.52605	0.52354	0.52586	15300
2025-12-22 00:00	0.52585	0.52760	0.52540	0.52688	58169
2025-12-23 00:00	0.52689	0.52875	0.52602	0.52776	57435
2025-12-24 00:00	0.52778	0.52975	0.52692	0.52744	34386
2025-12-25 00:00	0.52744	0.52842	0.52627	0.52836	22346
2025-12-26 00:00	0.52836	0.53003	0.52834	0.52994	44757
2025-12-28 00:00	0.52708	0.52988	0.52643	0.52986	7292
2025-12-29 00:00	0.52984	0.53110	0.52702	0.52805	73109
2025-12-30 00:00	0.52805	0.53040	0.52767	0.53018	54475
2025-12-31 00:00	0.53015	0.53083	0.52797	0.52860	40439
2026-01-01 00:00	0.52702	0.52912	0.52695	0.52886	4276
2026-01-02 00:00	0.52888	0.53208	0.52828	0.53015	54926
2026-01-04 00:00	0.52807	0.53057	0.52806	0.53013	3301
2026-01-05 00:00	0.53014	0.53274	0.52880	0.53177	72015
2026-01-06 00:00	0.53178	0.53626	0.53092	0.53585	61170
2026-01-07 00:00	0.53586	0.53773	0.53402	0.53617	66092
2026-01-08 00:00	0.53616	0.53649	0.53319	0.53519	60955
2026-01-09 00:00	0.53517	0.53575	0.53328	0.53549	67462
2026-01-11 00:00	0.53368	0.53603	0.53343	0.53592	1961
2026-01-12 00:00	0.53591	0.53592	0.53341	0.53478	64176
2026-01-13 00:00	0.53477	0.53647	0.53407	0.53531	67161
2026-01-14 00:00	0.53530	0.53744	0.53306	0.53434	72770
2026-01-15 00:00	0.53435	0.53871	0.53347	0.53828	62020
2026-01-16 00:00	0.53827	0.53863	0.53558	0.53647	53927
2026-01-18 00:00	0.53387	0.53515	0.53357	0.53411	7155
2026-01-19 00:00	0.53410	0.53561	0.53354	0.53530	51383
2026-01-20 00:00	0.53529	0.53674	0.53002	0.53144	97314
2026-01-21 00:00	0.53146	0.53855	0.53146	0.53779	71318
2026-01-22 00:00	0.53781	0.54151	0.53770	0.53957	45147
2026-01-23 00:00	0.53958	0.54292	0.53718	0.53755	48343
2026-01-25 00:00	0.53686	0.53795	0.53547	0.53782	7362
2026-01-26 00:00	0.53784	0.53874	0.53612	0.53738	74818
2026-01-27 00:00	0.53739	0.53807	0.53202	0.53370	93650
2026-01-28 00:00	0.53372	0.54139	0.53360	0.53881	85657
2026-01-29 00:00	0.53878	0.54299	0.53552	0.53865	101506
2026-01-30 00:00	0.53865	0.54048	0.53603	0.53807	101695
2026-02-01 00:00	0.53618	0.53766	0.53596	0.53722	9325
2026-02-02 00:00	0.53720	0.54353	0.53406	0.54196	98053
2026-02-03 00:00	0.54196	0.54784	0.54175	0.54477	72970
2026-02-04 00:00	0.54476	0.54659	0.54138	0.54368	69602
2026-02-05 00:00	0.54363	0.54454	0.53763	0.53783	82417
2026-02-06 00:00	0.53783	0.54483	0.53646	0.54395	50644
2026-02-08 00:00	0.54155	0.54602	0.54155	0.54583	3681
2026-02-09 00:00	0.54580	0.54580	0.54180	0.54328	42919
2026-02-10 00:00	0.54330	0.54371	0.53971	0.54366	45414
2026-02-11 00:00	0.54365	0.55036	0.54339	0.54942	77128
2026-02-12 00:00	0.54941	0.55060	0.54210	0.54537	72068
2026-02-13 00:00	0.54533	0.54617	0.54136	0.54255	83441
2026-02-15 00:00	0.54143	0.54336	0.54105	0.54318	3126
2026-02-16 00:00	0.54318	0.54572	0.54242	0.54432	29533
2026-02-17 00:00	0.54434	0.54616	0.54228	0.54545	73303
2026-02-18 00:00	0.54547	0.54622	0.54122	0.54397	44520
2026-02-19 00:00	0.54400	0.54743	0.54370	0.54705	57990
2026-02-20 00:00	0.54707	0.54967	0.54444	0.54931	75179
2026-02-22 00:00	0.54580	0.54884	0.54569	0.54882	4375
2026-02-23 00:00	0.54882	0.54898	0.54448	0.54658	59998
2026-02-24 00:00	0.54658	0.54847	0.54417	0.54619	52633
2026-02-25 00:00	0.54617	0.55075	0.54604	0.54972	55991
2026-02-26 00:00	0.54971	0.55171	0.54743	0.54912	56752
2026-02-27 00:00	0.54914	0.55111	0.54603	0.54719	66559
2026-03-01 00:00	0.53967	0.54423	0.53967	0.54291	9179
2026-03-02 00:00	0.54292	0.55347	0.54273	0.55306	94384
2026-03-03 00:00	0.55307	0.55527	0.54557	0.55040	157248
2026-03-04 00:00	0.55045	0.55270	0.54589	0.55127	106941
2026-03-05 00:00	0.55125	0.55180	0.54612	0.54727	105125
2026-03-06 00:00	0.54729	0.54981	0.54442	0.54531	113391
2026-03-08 00:00	0.54386	0.54497	0.54297	0.54432	16958
2026-03-09 00:00	0.54434	0.55065	0.54379	0.54981	137415
2026-03-10 00:00	0.54979	0.55597	0.54864	0.55425	95471
2026-03-11 00:00	0.55429	0.55950	0.55422	0.55724	82903
2026-03-12 00:00	0.55726	0.55908	0.55472	0.55570	79164
2026-03-13 00:00	0.55572	0.55691	0.55211	0.55214	71551
2026-03-15 00:00	0.55059	0.55350	0.55038	0.55329	8937
2026-03-16 00:00	0.55325	0.55710	0.55272	0.55694	53950
2026-03-17 00:00	0.55695	0.55948	0.55553	0.55788	52893
2026-03-18 00:00	0.55784	0.55996	0.55585	0.55717	72812
2026-03-19 00:00	0.55719	0.56128	0.55557	0.55853	120173
2026-03-20 00:00	0.55852	0.56003	0.55255	0.55314	71097
2026-03-22 00:00	0.54892	0.55238	0.54892	0.55218	6358
2026-03-23 00:00	0.55219	0.55551	0.54826	0.55124	190453
2026-03-24 00:00	0.55123	0.55204	0.54739	0.55119	132704
2026-03-25 00:00	0.55118	0.55156	0.54889	0.54952	79544
2026-03-26 00:00	0.54950	0.55075	0.54608	0.54723	80173
2026-03-27 00:00	0.54722	0.55003	0.54631	0.54927	64351
2026-03-29 00:00	0.54529	0.54885	0.54443	0.54788	8122
2026-03-30 00:00	0.54785	0.54926	0.54317	0.54751	49248
2026-03-31 00:00	0.54750	0.55241	0.54623	0.55199	98144
2026-04-01 00:00	0.55197	0.55248	0.54845	0.54966	83862
2026-04-02 00:00	0.54965	0.55228	0.54786	0.55191	75148
2026-04-03 00:00	0.55193	0.55315	0.54848	0.54910	29518
2026-04-05 00:00	0.54892	0.55160	0.54850	0.55157	9810
2026-04-06 00:00	0.55159	0.55371	0.55015	0.55196	30625
2026-04-07 00:00	0.55195	0.56034	0.55162	0.55922	93163
2026-04-08 00:00	0.55922	0.55974	0.55475	0.55703	82439
2026-04-09 00:00	0.55703	0.56010	0.55560	0.55951	58381
2026-04-10 00:00	0.55954	0.55984	0.55646	0.55718	48872
2026-04-12 00:00	0.55176	0.55673	0.55171	0.55635	10153
2026-04-13 00:00	0.55636	0.55781	0.55399	0.55596	50382
2026-04-14 00:00	0.55591	0.55719	0.55370	0.55667	62439
2026-04-15 00:00	0.55665	0.56083	0.55629	0.56058	54789
2026-04-16 00:00	0.56056	0.56209	0.55930	0.56060	53756
2026-04-17 00:00	0.56061	0.56224	0.55973	0.56011	62369
2026-04-19 00:00	0.55634	0.55957	0.55575	0.55912	5620
2026-04-20 00:00	0.55913	0.55998	0.55632	0.55847	50564
2026-04-21 00:00	0.55846	0.55947	0.55659	0.55852	51596
2026-04-22 00:00	0.55851	0.56201	0.55832	0.56167	39955
2026-04-23 00:00	0.56164	0.56190	0.55780	0.56044	53934
2026-04-24 00:00	0.56044	0.56154	0.55998	0.56061	43817
2026-04-26 00:00	0.56052	0.56185	0.55987	0.56168	3621
2026-04-27 00:00	0.56168	0.56485	0.56154	0.56465	39181
2026-04-28 00:00	0.56465	0.56719	0.56433	0.56695	52436
2026-04-29 00:00	0.56698	0.56710	0.56021	0.56345	67843
2026-04-30 00:00	0.56345	0.56421	0.56024	0.56279	80841
2026-05-01 00:00	0.56277	0.56330	0.56119	0.56271	58420
2026-05-03 00:00	0.56068	0.56365	0.56050	0.56318	3012
2026-05-04 00:00	0.56316	0.56360	0.56079	0.56187	63796
2026-05-05 00:00	0.56189	0.56302	0.55944	0.56284	43114
2026-05-06 00:00	0.56284	0.56604	0.56171	0.56346	69263
2026-05-07 00:00	0.56346	0.56492	0.56080	0.56254	55816
2026-05-08 00:00	0.56253	0.56361	0.56208	0.56239	49239
2026-05-10 00:00	0.56047	0.56290	0.56029	0.56260	5457
2026-05-11 00:00	0.56258	0.56422	0.56232	0.56381	38775
2026-05-12 00:00	0.56381	0.56512	0.56249	0.56484	58089
2026-05-13 00:00	0.56481	0.56861	0.56434	0.56698	42109
2026-05-14 00:00	0.56702	0.56769	0.56477	0.56571	44403
2026-05-15 00:00	0.56571	0.56600	0.56137	0.56211	59483
2026-05-17 00:00	0.56105	0.56277	0.56084	0.56129	5032
2026-05-18 00:00	0.56129	0.56364	0.56016	0.56244	56918
2026-05-19 00:00	0.56246	0.56259	0.55905	0.56035	60334
2026-05-20 00:00	0.56031	0.56397	0.55968	0.56269	58432
2026-05-21 00:00	0.56273	0.56342	0.55912	0.56216	68213
2026-05-22 00:00	0.56213	0.56219	0.55919	0.55923	40249
2026-05-24 00:00	0.56075	0.56104	0.55954	0.55985	3746
2026-05-25 00:00	0.55983	0.56218	0.55949	0.56139	22537
2026-05-26 00:00	0.56142	0.56330	0.56064	0.56297	39146
2026-05-27 00:00	0.56299	0.56363	0.55988	0.56191	59014
2026-05-28 00:00	0.56191	0.56224	0.56012	0.56140	56938
2026-05-29 00:00	0.56139	0.56281	0.56010	0.56065	75789
2026-05-31 00:00	0.55884	0.56154	0.55829	0.56133	4137
2026-06-01 00:00	0.56131	0.56351	0.56124	0.56330	60879
2026-06-02 00:00	0.56329	0.56549	0.56271	0.56547	46047
2026-06-03 00:00	0.56551	0.56611	0.56313	0.56423	58098
2026-06-04 00:00	0.56424	0.56466	0.56174	0.56263	53098
2026-06-05 00:00	0.56262	0.56374	0.56023	0.56069	57745
2026-06-07 00:00	0.55649	0.56092	0.55643	0.56090	3982
2026-06-08 00:00	0.56089	0.56339	0.56074	0.56181	74407
2026-06-09 00:00	0.56178	0.56278	0.55895	0.56135	77800
2026-06-10 00:00	0.56134	0.56176	0.55670	0.55944	99673
2026-06-11 00:00	0.55943	0.56075	0.55815	0.56029	97815
2026-06-12 00:00	0.56028	0.56180	0.55945	0.56099	73784
2026-06-14 00:00	0.55985	0.56253	0.55973	0.56165	10564
2026-06-15 00:00	0.56162	0.56230	0.55994	0.56179	43877
2026-06-16 00:00	0.56179	0.56235	0.55901	0.56034	42362
2026-06-17 00:00	0.56035	0.56170	0.55842	0.56101	72958
2026-06-18 00:00	0.56102	0.56502	0.56090	0.56442	61390
2026-06-19 00:00	0.56443	0.56659	0.56387	0.56453	47224
2026-06-21 00:00	0.56550	0.56624	0.56496	0.56579	4186
2026-06-22 00:00	0.56580	0.56724	0.56489	0.56566	45939
2026-06-23 00:00	0.56566	0.56566	0.55938	0.55990	57642
2026-06-24 00:00	0.55991	0.56084	0.55730	0.56053	68382
2026-06-25 00:00	0.56054	0.56082	0.55767	0.55933	64149
2026-06-26 00:00	0.55934	0.55942	0.55669	0.55814	61064
2026-06-28 00:00	0.55772	0.55865	0.55707	0.55854	3254
2026-06-29 00:00	0.55855	0.55857	0.55531	0.55587	53930
2026-06-30 00:00	0.55590	0.55951	0.55497	0.55895	52129
2026-07-01 00:00	0.55896	0.55944	0.55603	0.55746	58882
2026-07-02 00:00	0.55748	0.55799	0.55374	0.55625	65965
2026-07-03 00:00	0.55624	0.55764	0.55594	0.55608	37903
2026-07-05 00:00	0.55635	0.55768	0.55629	0.55750	2003
2026-07-06 00:00	0.55748	0.56019	0.55679	0.55988	39122
2026-07-07 00:00	0.55987	0.56050	0.55733	0.55995	40266
2026-07-08 00:00	0.55997	0.56147	0.55809	0.56045	60570
2026-07-09 00:00	0.56046	0.56049	0.55829	0.55994	43661
2026-07-10 00:00	0.55995	0.56228	0.55887	0.56163	45970
2026-07-12 00:00	0.56041	0.56225	0.55999	0.56183	3306
2026-07-13 00:00	0.56184	0.56362	0.56059	0.56305	48821