2010-06-29 00:00	0.80940	0.81070	0.80670	0.80930	155071
2010-06-30 00:00	0.80930	0.82265	0.80920	0.81745	390384
2010-07-01 00:00	0.81745	0.82565	0.81660	0.82500	392101
2010-07-02 00:00	0.82505	0.82985	0.82175	0.82555	338614
2010-07-04 00:00	0.82550	0.82670	0.82490	0.82595	15916
2010-07-05 00:00	0.82600	0.82970	0.82515	0.82815	395875
2010-07-06 00:00	0.82815	0.83405	0.82640	0.83270	513008
2010-07-07 00:00	0.83270	0.83390	0.82910	0.83140	587656
2010-07-08 00:00	0.83145	0.83805	0.83100	0.83770	339987
2010-07-09 00:00	0.83770	0.83975	0.83330	0.83910	338016
2010-07-11 00:00	0.83685	0.83955	0.83685	0.83830	12490
2010-07-12 00:00	0.83830	0.84185	0.83400	0.83845	490488
2010-07-13 00:00	0.83850	0.83920	0.83155	0.83690	529733
2010-07-14 00:00	0.83690	0.83690	0.83190	0.83435	495272
2010-07-15 00:00	0.83440	0.84030	0.83250	0.83745	573866
2010-07-16 00:00	0.83750	0.84610	0.83640	0.84475	499438
2010-07-18 00:00	0.84460	0.84460	0.84272	0.84285	9447
2010-07-19 00:00	0.84280	0.85315	0.84235	0.85015	490314
2010-07-20 00:00	0.85015	0.85310	0.84285	0.84395	495872
2010-07-21 00:00	0.84395	0.84780	0.83760	0.84025	477827
2010-07-22 00:00	0.84025	0.84655	0.83885	0.84465	491635
2010-07-23 00:00	0.84465	0.84520	0.83170	0.83675	383692
2010-07-25 00:00	0.83568	0.83730	0.83480	0.83660	13548
2010-07-26 00:00	0.83660	0.83965	0.83235	0.83860	461521
2010-07-27 00:00	0.83860	0.84155	0.83298	0.83340	552514
2010-07-28 00:00	0.83340	0.83675	0.83125	0.83310	536178
2010-07-29 00:00	0.83310	0.83950	0.83240	0.83735	495172
2010-07-30 00:00	0.83735	0.83755	0.83025	0.83175	488718
2010-08-01 00:00	0.83135	0.83185	0.83004	0.83120	13346
2010-08-02 00:00	0.83120	0.83255	0.82540	0.82900	478610
2010-08-03 00:00	0.82900	0.83145	0.82695	0.82930	424063
2010-08-04 00:00	0.82925	0.83075	0.82745	0.82800	483577
2010-08-05 00:00	0.82800	0.83245	0.82740	0.83000	371636
2010-08-06 00:00	0.83000	0.83370	0.82900	0.83285	283727
2010-08-08 00:00	0.83195	0.83259	0.83070	0.83205	8923
2010-08-09 00:00	0.83205	0.83375	0.82920	0.83190	444822
2010-08-10 00:00	0.83190	0.83620	0.82960	0.83175	494066
2010-08-11 00:00	0.83175	0.83175	0.82055	0.82170	477533
2010-08-12 00:00	0.82170	0.82655	0.82030	0.82355	448353
2010-08-13 00:00	0.82355	0.82585	0.81745	0.81785	353516
2010-08-15 00:00	0.81705	0.81980	0.81705	0.81840	16662
2010-08-16 00:00	0.81840	0.82270	0.81800	0.81875	463415
2010-08-17 00:00	0.81870	0.82810	0.81845	0.82640	484780
2010-08-18 00:00	0.82640	0.82820	0.82215	0.82240	441550
2010-08-19 00:00	0.82240	0.82485	0.81935	0.82225	544541
2010-08-20 00:00	0.82225	0.82465	0.81725	0.81815	348889
2010-08-22 00:00	0.81740	0.81822	0.81630	0.81645	14386
2010-08-23 00:00	0.81645	0.81775	0.81415	0.81525	400226
2010-08-24 00:00	0.81525	0.82180	0.81525	0.82010	417669
2010-08-25 00:00	0.82010	0.82360	0.81785	0.81865	513617
2010-08-26 00:00	0.81865	0.81970	0.81550	0.81840	552068
2010-08-27 00:00	0.81840	0.82315	0.81770	0.82165	386200
2010-08-29 00:00	0.82140	0.82165	0.82010	0.82060	14504
2010-08-30 00:00	0.82060	0.82100	0.81615	0.81835	317087
2010-08-31 00:00	0.81840	0.82885	0.81705	0.82600	466810
2010-09-01 00:00	0.82600	0.83275	0.82475	0.82835	428970
2010-09-02 00:00	0.82835	0.83475	0.82795	0.83250	319445
2010-09-03 00:00	0.83250	0.83495	0.82975	0.83445	259883
2010-09-05 00:00	0.83470	0.83525	0.83360	0.83400	14228
2010-09-06 00:00	0.83395	0.83895	0.83278	0.83450	298232
2010-09-07 00:00	0.83450	0.83450	0.82525	0.82670	416774
2010-09-08 00:00	0.82670	0.82715	0.82015	0.82250	609165
2010-09-09 00:00	0.82250	0.82670	0.82090	0.82240	490346
2010-09-10 00:00	0.82245	0.82875	0.82125	0.82560	419847
2010-09-12 00:00	0.82767	0.82865	0.82688	0.82860	14237
2010-09-13 00:00	0.82860	0.83630	0.82730	0.83615	395683
2010-09-14 00:00	0.83615	0.83870	0.83285	0.83630	379253
2010-09-15 00:00	0.83630	0.83995	0.83105	0.83200	398287
2010-09-16 00:00	0.83200	0.84025	0.83095	0.83730	357214
2010-09-17 00:00	0.83730	0.83795	0.83295	0.83455	335242
2010-09-19 00:00	0.83402	0.83405	0.83290	0.83375	7033
2010-09-20 00:00	0.83375	0.84105	0.83355	0.84005	284044
2010-09-21 00:00	0.84005	0.84980	0.83885	0.84970	288124
2010-09-22 00:00	0.84970	0.85770	0.84625	0.85620	438371
2010-09-23 00:00	0.85605	0.85645	0.84720	0.84875	290958
2010-09-24 00:00	0.84875	0.85455	0.84825	0.85225	312606
2010-09-26 00:00	0.85238	0.85238	0.85120	0.85155	10249
2010-09-27 00:00	0.85160	0.85200	0.84900	0.84935	380522
2010-09-28 00:00	0.84940	0.86035	0.84660	0.85865	495489
2010-09-29 00:00	0.85865	0.86445	0.85695	0.86205	454649
2010-09-30 00:00	0.86205	0.86850	0.85615	0.86635	312898
2010-10-01 00:00	0.86640	0.87180	0.86585	0.87165	361632
2010-10-03 00:00	0.87315	0.87335	0.87056	0.87065	10192
2010-10-04 00:00	0.87065	0.87265	0.86305	0.86345	245642
2010-10-05 00:00	0.86345	0.87155	0.86265	0.87070	296056
2010-10-06 00:00	0.87070	0.87775	0.86880	0.87710	415648
2010-10-07 00:00	0.87710	0.88045	0.87320	0.87690	337951
2010-10-08 00:00	0.87690	0.88045	0.87130	0.87290	283032
2010-10-10 00:00	0.87660	0.87785	0.87608	0.87700	10032
2010-10-11 00:00	0.87700	0.87730	0.87275	0.87325	357415
2010-10-12 00:00	0.87325	0.88210	0.86980	0.88085	364179
2010-10-13 00:00	0.88085	0.88390	0.87719	0.87755	385261
2010-10-14 00:00	0.87755	0.88200	0.87695	0.87720	419288
2010-10-15 00:00	0.87720	0.87940	0.87205	0.87400	284522
2010-10-17 00:00	0.87530	0.87550	0.87165	0.87220	7072
2010-10-18 00:00	0.87220	0.87940	0.87050	0.87785	429956
2010-10-19 00:00	0.87785	0.88245	0.87385	0.87490	410168
2010-10-20 00:00	0.87495	0.88215	0.87445	0.88175	291043
2010-10-21 00:00	0.88180	0.89070	0.87720	0.88515	385470
2010-10-22 00:00	0.88515	0.88960	0.88475	0.88955	334124
2010-10-24 00:00	0.89056	0.89112	0.88865	0.89012	30463
2010-10-25 00:00	0.89013	0.89412	0.88614	0.88615	146761
2010-10-26 00:00	0.88616	0.88790	0.87280	0.87393	84351
2010-10-27 00:00	0.87384	0.87533	0.87129	0.87351	84359
2010-10-28 00:00	0.87354	0.87712	0.87016	0.87344	79773
2010-10-29 00:00	0.87341	0.87378	0.86697	0.86937	75633
2010-10-31 00:00	0.86986	0.87091	0.86932	0.87078	8251
2010-11-01 00:00	0.87078	0.87222	0.86517	0.86612	85482
2010-11-02 00:00	0.86612	0.87677	0.86526	0.87540	89468
2010-11-03 00:00	0.87529	0.87915	0.86966	0.87700	84626
2010-11-04 00:00	0.87700	0.88173	0.87183	0.87414	82175
2010-11-05 00:00	0.87419	0.87767	0.86531	0.86699	79354
2010-11-07 00:00	0.86742	0.86859	0.86736	0.86839	6187
2010-11-08 00:00	0.86845	0.86908	0.86019	0.86034	79754
2010-11-09 00:00	0.86025	0.86451	0.85897	0.86055	89839
2010-11-10 00:00	0.86053	0.86379	0.85246	0.85439	91515
2010-11-11 00:00	0.85440	0.85512	0.84501	0.84580	86169
2010-11-12 00:00	0.84584	0.85589	0.84491	0.84952	78361
2010-11-14 00:00	0.84837	0.84937	0.84776	0.84868	1984
2010-11-15 00:00	0.84873	0.85126	0.84529	0.84610	52732
2010-11-16 00:00	0.84609	0.85251	0.84546	0.84931	51833
2010-11-17 00:00	0.84933	0.85145	0.84746	0.85134	47874
2010-11-18 00:00	0.85132	0.85511	0.84872	0.85082	49629
2010-11-19 00:00	0.85075	0.85689	0.84954	0.85527	45017
2010-11-21 00:00	0.85801	0.85881	0.85785	0.85865	2297
2010-11-22 00:00	0.85865	0.85946	0.85236	0.85299	45542
2010-11-23 00:00	0.85299	0.85399	0.84457	0.84709	54712
2010-11-24 00:00	0.84713	0.84983	0.84280	0.84585	56578
2010-11-25 00:00	0.84588	0.84868	0.84330	0.84646	40098
2010-11-26 00:00	0.84644	0.84997	0.84203	0.84923	45507
2010-11-28 00:00	0.85135	0.85181	0.84875	0.84897	2644
2010-11-29 00:00	0.84901	0.85147	0.84077	0.84245	115386
2010-11-30 00:00	0.84244	0.84482	0.83375	0.83446	193693
2010-12-01 00:00	0.83447	0.84380	0.83340	0.84064	168324
2010-12-02 00:00	0.84065	0.84898	0.83891	0.84741	158487
2010-12-03 00:00	0.84741	0.85254	0.84458	0.85025	143184
2010-12-05 00:00	0.84856	0.85082	0.84823	0.85073	4286
2010-12-06 00:00	0.85073	0.85100	0.84537	0.84580	144192
2010-12-07 00:00	0.84578	0.84804	0.84065	0.84081	154447
2010-12-08 00:00	0.84082	0.84282	0.83622	0.83869	158303
2010-12-09 00:00	0.83867	0.84149	0.83606	0.83942	149437
2010-12-10 00:00	0.83935	0.84048	0.83557	0.83675	122141
2010-12-12 00:00	0.83518	0.83586	0.83495	0.83550	2189
2010-12-13 00:00	0.83549	0.84563	0.83455	0.84444	165622
2010-12-14 00:00	0.84443	0.85087	0.84319	0.84737	184009
2010-12-15 00:00	0.84737	0.85476	0.84504	0.84981	181813
2010-12-16 00:00	0.84981	0.85114	0.84566	0.84696	158703
2010-12-17 00:00	0.84696	0.85526	0.84689	0.84898	149227
2010-12-19 00:00	0.84938	0.84945	0.84799	0.84848	2991
2010-12-20 00:00	0.84848	0.84945	0.84457	0.84585	144332
2010-12-21 00:00	0.84582	0.85185	0.84476	0.84638	139415
2010-12-22 00:00	0.84638	0.85228	0.84638	0.85113	134681
2010-12-23 00:00	0.85113	0.85253	0.84653	0.84957	107738
2010-12-24 00:00	0.84957	0.85139	0.84771	0.84913	49888
2010-12-26 00:00	0.84898	0.85022	0.84782	0.84870	4642
2010-12-27 00:00	0.84873	0.85583	0.84853	0.85370	91281
2010-12-28 00:00	0.85374	0.85919	0.85204	0.85220	118113
2010-12-29 00:00	0.85220	0.85535	0.85022	0.85294	116663
2010-12-30 00:00	0.85287	0.86328	0.85179	0.86163	105366
2010-12-31 00:00	0.86164	0.86476	0.85407	0.85715	85376
2011-01-02 00:00	0.85685	0.85897	0.85617	0.85764	4727
2011-01-03 00:00	0.85765	0.86448	0.85403	0.86229	110045
2011-01-04 00:00	0.86228	0.86364	0.85254	0.85380	189712
2011-01-05 00:00	0.85381	0.85413	0.84707	0.84804	181648
2011-01-06 00:00	0.84805	0.84877	0.83936	0.83985	180247
2011-01-07 00:00	0.83985	0.84257	0.82978	0.83004	165576
2011-01-09 00:00	0.82928	0.83007	0.82915	0.82960	3478
2011-01-10 00:00	0.82960	0.83386	0.82845	0.83161	158281
2011-01-11 00:00	0.83159	0.83366	0.82940	0.83174	176125
2011-01-12 00:00	0.83174	0.83376	0.82995	0.83340	176907
2011-01-13 00:00	0.83350	0.84415	0.83125	0.84260	165487
2011-01-14 00:00	0.84261	0.84983	0.83898	0.84337	161337
2011-01-16 00:00	0.84352	0.84352	0.84138	0.84243	3683
2011-01-17 00:00	0.84243	0.84271	0.83478	0.83538	128590
2011-01-18 00:00	0.83537	0.84056	0.83307	0.83823	187895
2011-01-19 00:00	0.83826	0.84523	0.83764	0.84205	187301
2011-01-20 00:00	0.84205	0.84804	0.84123	0.84646	177375
2011-01-21 00:00	0.84645	0.85278	0.84595	0.85085	164533
2011-01-23 00:00	0.85192	0.85210	0.85038	0.85144	4780
2011-01-24 00:00	0.85144	0.85523	0.84919	0.85346	158580
2011-01-25 00:00	0.85344	0.86681	0.85302	0.86514	188471
2011-01-26 00:00	0.86514	0.86716	0.85958	0.86066	169382
2011-01-27 00:00	0.86068	0.86286	0.85810	0.86164	150919
2011-01-28 00:00	0.86164	0.86529	0.85708	0.85812	154132
2011-01-30 00:00	0.85650	0.85859	0.85650	0.85738	5439
2011-01-31 00:00	0.85738	0.86186	0.85303	0.85556	178321
2011-02-01 00:00	0.85557	0.85706	0.85095	0.85692	191002
2011-02-02 00:00	0.85691	0.85764	0.85128	0.85265	175374
2011-02-03 00:00	0.85265	0.85288	0.84384	0.84438	155177
2011-02-04 00:00	0.84434	0.84767	0.84229	0.84310	144621
2011-02-06 00:00	0.84175	0.84323	0.84175	0.84306	3218
2011-02-07 00:00	0.84306	0.84456	0.83886	0.84273	154068
2011-02-08 00:00	0.84270	0.85075	0.84188	0.84809	171601
2011-02-09 00:00	0.84809	0.85288	0.84741	0.85211	140407
2011-02-10 00:00	0.85211	0.85264	0.84436	0.84499	142321
2011-02-11 00:00	0.84500	0.84760	0.84225	0.84626	137059
2011-02-13 00:00	0.84480	0.84599	0.84373	0.84427	4403
2011-02-14 00:00	0.84430	0.84432	0.83982	0.84106	146798
2011-02-15 00:00	0.84108	0.84483	0.83556	0.83646	189262
2011-02-16 00:00	0.83645	0.84493	0.83634	0.84349	196041
2011-02-17 00:00	0.84348	0.84439	0.83997	0.84204	181357
2011-02-18 00:00	0.84201	0.84346	0.83583	0.84235	167605
2011-02-20 00:00	0.84241	0.84387	0.84203	0.84381	3902
2011-02-21 00:00	0.84380	0.84443	0.84097	0.84295	113170
2011-02-22 00:00	0.84295	0.84765	0.83831	0.84612	198067
2011-02-23 00:00	0.84612	0.84950	0.84212	0.84757	185966
2011-02-24 00:00	0.84757	0.85651	0.84698	0.85593	192320
2011-02-25 00:00	0.85593	0.85931	0.85239	0.85311	155400
2011-02-27 00:00	0.85325	0.85500	0.85308	0.85312	5778
2011-02-28 00:00	0.85311	0.85544	0.84798	0.84937	171282
2011-03-01 00:00	0.84938	0.85038	0.84600	0.84689	172667
2011-03-02 00:00	0.84688	0.85034	0.84632	0.84902	160668
2011-03-03 00:00	0.84902	0.85834	0.84786	0.85739	145643
2011-03-04 00:00	0.85738	0.86063	0.85651	0.85968	112185
2011-03-06 00:00	0.85922	0.86004	0.85917	0.86004	3096
2011-03-07 00:00	0.86004	0.86346	0.85710	0.86200	125857
2011-03-08 00:00	0.86200	0.86356	0.85885	0.85973	146078
2011-03-09 00:00	0.85974	0.86031	0.85639	0.85806	134358
2011-03-10 00:00	0.85806	0.86071	0.85331	0.85897	183683
2011-03-11 00:00	0.85897	0.86553	0.85890	0.86442	174374
2011-03-13 00:00	0.86805	0.86836	0.86635	0.86711	13036
2011-03-14 00:00	0.86711	0.86917	0.86355	0.86512	169654
2011-03-15 00:00	0.86512	0.87090	0.86253	0.87018	216370
2011-03-16 00:00	0.87020	0.87163	0.86584	0.86817	218767
2011-03-17 00:00	0.86824	0.87063	0.86717	0.86887	186786
2011-03-18 00:00	0.86885	0.87609	0.86760	0.87342	187614
2011-03-20 00:00	0.87423	0.87447	0.87306	0.87340	8523
2011-03-21 00:00	0.87343	0.87433	0.86972	0.87164	144282
2011-03-22 00:00	0.87168	0.87289	0.86591	0.86606	149580
2011-03-23 00:00	0.86606	0.87243	0.86539	0.86807	162677
2011-03-24 00:00	0.86806	0.88082	0.86627	0.87892	152316
2011-03-25 00:00	0.87892	0.88108	0.87734	0.87801	149357
2011-03-27 00:00	0.87732	0.87776	0.87598	0.87646	7738
2011-03-28 00:00	0.87646	0.88190	0.87644	0.88048	148460
2011-03-29 00:00	0.88050	0.88354	0.87981	0.88136	143023
2011-03-30 00:00	0.88137	0.88162	0.87523	0.87834	161366
2011-03-31 00:00	0.87833	0.88525	0.87748	0.88341	164416
2011-04-01 00:00	0.88341	0.88438	0.88009	0.88334	137916
2011-04-03 00:00	0.88291	0.88344	0.88195	0.88279	3888
2011-04-04 00:00	0.88276	0.88395	0.87919	0.88145	134082
2011-04-05 00:00	0.88147	0.88169	0.87137	0.87278	129983
2011-04-06 00:00	0.87277	0.87966	0.87192	0.87745	136013
2011-04-07 00:00	0.87748	0.87920	0.87285	0.87616	146298
2011-04-08 00:00	0.87616	0.88435	0.87576	0.88358	145222
2011-04-10 00:00	0.88367	0.88369	0.88207	0.88324	6060
2011-04-11 00:00	0.88324	0.88587	0.87920	0.88272	125742
2011-04-12 00:00	0.88272	0.89150	0.88222	0.89057	158283
2011-04-13 00:00	0.89054	0.89229	0.88701	0.88774	146290
2011-04-14 00:00	0.88773	0.88807	0.88070	0.88587	143274
2011-04-15 00:00	0.88588	0.88661	0.88135	0.88350	125856
2011-04-17 00:00	0.88344	0.88418	0.88225	0.88231	8991
2011-04-18 00:00	0.88231	0.88337	0.87404	0.87519	160066
2011-04-19 00:00	0.87519	0.87984	0.87440	0.87944	169291
2011-04-20 00:00	0.87944	0.88768	0.87932	0.88566	177152
2011-04-21 00:00	0.88558	0.88778	0.87829	0.88119	181450
2011-04-22 00:00	0.88120	0.88339	0.87987	0.88146	41123
2011-04-24 00:00	0.88108	0.88205	0.87945	0.88141	6108
2011-04-25 00:00	0.88144	0.88516	0.88070	0.88222	99680
2011-04-26 00:00	0.88221	0.89144	0.88078	0.89052	172807
2011-04-27 00:00	0.89052	0.89228	0.88458	0.88815	175172
2011-04-28 00:00	0.88815	0.89182	0.88685	0.89140	158802
2011-04-29 00:00	0.89139	0.89368	0.88574	0.88586	117236
2011-05-01 00:00	0.88633	0.88746	0.88560	0.88730	13218
2011-05-02 00:00	0.88730	0.89198	0.88576	0.88883	135967
2011-05-03 00:00	0.88884	0.90061	0.88868	0.89974	184305
2011-05-04 00:00	0.89974	0.90284	0.89762	0.89918	192493
2011-05-05 00:00	0.89920	0.90418	0.88635	0.88754	215068
2011-05-06 00:00	0.88749	0.88983	0.87414	0.87446	216177
2011-05-08 00:00	0.87794	0.87904	0.87634	0.87884	10005
2011-05-09 00:00	0.87884	0.88173	0.87408	0.87568	207182
2011-05-10 00:00	0.87565	0.88077	0.87199	0.88001	207271
2011-05-11 00:00	0.88000	0.88105	0.86769	0.86796	222912
2011-05-12 00:00	0.86797	0.87521	0.86729	0.87441	211349
2011-05-13 00:00	0.87443	0.87991	0.87033	0.87140	205309
2011-05-15 00:00	0.86884	0.87070	0.86815	0.86965	8323
2011-05-16 00:00	0.86963	0.87701	0.86874	0.87320	204686
2011-05-17 00:00	0.87319	0.87831	0.86814	0.87784	216943
2011-05-18 00:00	0.87780	0.88408	0.87597	0.88236	190208
2011-05-19 00:00	0.88235	0.88446	0.87913	0.88268	183058
2011-05-20 00:00	0.88267	0.88380	0.87036	0.87210	171575
2011-05-22 00:00	0.87031	0.87166	0.86935	0.86980	10151
2011-05-23 00:00	0.86981	0.87291	0.86638	0.87180	216656
2011-05-24 00:00	0.87179	0.87516	0.87045	0.87091	197617
2011-05-25 00:00	0.87091	0.87123	0.86319	0.86409	200394
2011-05-26 00:00	0.86409	0.87107	0.86105	0.86276	192436
2011-05-27 00:00	0.86276	0.86913	0.86202	0.86714	180382
2011-05-29 00:00	0.86783	0.86840	0.86550	0.86676	6901
2011-05-30 00:00	0.86676	0.86970	0.86563	0.86856	86552
2011-05-31 00:00	0.86856	0.87698	0.86828	0.87599	181065
2011-06-01 00:00	0.87589	0.88081	0.87438	0.87795	188332
2011-06-02 00:00	0.87792	0.88635	0.87701	0.88475	182446
2011-06-03 00:00	0.88474	0.89228	0.88465	0.89039	173246
2011-06-05 00:00	0.89020	0.89122	0.88970	0.89045	8681
2011-06-06 00:00	0.89050	0.89377	0.88922	0.89214	165257
2011-06-07 00:00	0.89213	0.89451	0.89070	0.89284	169369
2011-06-08 00:00	0.89291	0.89758	0.88833	0.88948	171518
2011-06-09 00:00	0.88949	0.89179	0.88459	0.88769	167901
2011-06-10 00:00	0.88769	0.89206	0.88284	0.88412	175384
2011-06-12 00:00	0.88246	0.88377	0.88199	0.88320	4754
2011-06-13 00:00	0.88319	0.88423	0.87952	0.88066	158694
2011-06-14 00:00	0.88065	0.88433	0.87840	0.88149	171094
2011-06-15 00:00	0.88150	0.88207	0.87497	0.87593	189951
2011-06-16 00:00	0.87593	0.87995	0.87206	0.87851	210313
2011-06-17 00:00	0.87855	0.88541	0.87702	0.88433	167969
2011-06-19 00:00	0.88330	0.88425	0.88233	0.88253	6601
2011-06-20 00:00	0.88253	0.88497	0.87897	0.88453	154812
2011-06-21 00:00	0.88453	0.88836	0.88250	0.88630	165825
2011-06-22 00:00	0.88630	0.89525	0.88532	0.89286	179845
2011-06-23 00:00	0.89286	0.89317	0.88488	0.89009	197317
2011-06-24 00:00	0.89010	0.89259	0.88598	0.88872	183411
2011-06-26 00:00	0.88876	0.88933	0.88691	0.88719	7471
2011-06-27 00:00	0.88724	0.89568	0.88581	0.89509	188630
2011-06-28 00:00	0.89506	0.89840	0.89273	0.89798	197016
2011-06-29 00:00	0.89798	0.90143	0.89669	0.90019	191959
2011-06-30 00:00	0.90022	0.90686	0.89952	0.90346	187711
2011-07-01 00:00	0.90346	0.90828	0.90155	0.90388	166304
2011-07-03 00:00	0.90428	0.90674	0.90421	0.90588	7768
2011-07-04 00:00	0.90590	0.90604	0.90047	0.90392	119183
2011-07-05 00:00	0.90392	0.90487	0.89719	0.89866	173634
2011-07-06 00:00	0.89865	0.90180	0.89410	0.89486	174458
2011-07-07 00:00	0.89487	0.89957	0.89033	0.89899	177610
2011-07-08 00:00	0.89896	0.90008	0.88634	0.88784	182781
2011-07-10 00:00	0.88655	0.88749	0.88611	0.88661	10250
2011-07-11 00:00	0.88658	0.88911	0.87953	0.88283	202833
2011-07-12 00:00	0.88283	0.88386	0.87485	0.87833	253952
2011-07-13 00:00	0.87832	0.88466	0.87643	0.88164	221664
2011-07-14 00:00	0.88175	0.88310	0.87549	0.87665	215005
2011-07-15 00:00	0.87665	0.87943	0.87450	0.87735	179176
2011-07-17 00:00	0.87566	0.87692	0.87478	0.87630	8238
2011-07-18 00:00	0.87630	0.87960	0.87050	0.87899	197136
2011-07-19 00:00	0.87899	0.88083	0.87559	0.87868	188345
2011-07-20 00:00	0.87866	0.88299	0.87687	0.88206	182152
2011-07-21 00:00	0.88206	0.88435	0.87626	0.88264	208209
2011-07-22 00:00	0.88265	0.88538	0.87975	0.88062	165790
2011-07-24 00:00	0.88043	0.88207	0.88039	0.88142	8048
2011-07-25 00:00	0.88142	0.88437	0.87973	0.88274	169690
2011-07-26 00:00	0.88274	0.88830	0.88168	0.88357	184567
2011-07-27 00:00	0.88356	0.88472	0.87719	0.87957	190231
2011-07-28 00:00	0.87959	0.88032	0.87361	0.87565	184997
2011-07-29 00:00	0.87564	0.87837	0.87338	0.87615	197282
2011-07-31 00:00	0.87526	0.87638	0.87433	0.87450	10002
2011-08-01 00:00	0.87451	0.88046	0.87220	0.87478	201789
2011-08-02 00:00	0.87478	0.87697	0.86994	0.87130	211701
2011-08-03 00:00	0.87129	0.87576	0.86944	0.87296	227007
2011-08-04 00:00	0.87296	0.87497	0.86549	0.86662	261811
2011-08-05 00:00	0.86662	0.87317	0.86427	0.87099	251246
2011-08-07 00:00	0.87524	0.87582	0.87044	0.87118	14994
2011-08-08 00:00	0.87119	0.87485	0.86618	0.86859	270050
2011-08-09 00:00	0.86855	0.88185	0.86771	0.88036	279576
2011-08-10 00:00	0.88037	0.88854	0.87594	0.87736	254890
2011-08-11 00:00	0.87732	0.88258	0.87374	0.87579	257622
2011-08-12 00:00	0.87579	0.87766	0.87310	0.87493	184597
2011-08-14 00:00	0.87645	0.88547	0.87446	0.87709	7298
2011-08-15 00:00	0.87709	0.88296	0.87564	0.88141	184610
2011-08-16 00:00	0.88140	0.88242	0.87372	0.87458	200994
2011-08-17 00:00	0.87459	0.88074	0.86991	0.87263	199891
2011-08-18 00:00	0.87263	0.87447	0.86642	0.86760	212120
2011-08-19 00:00	0.86761	0.87452	0.86532	0.87407	200658
2011-08-21 00:00	0.87312	0.87316	0.87153	0.87196	6953
2011-08-22 00:00	0.87197	0.87511	0.86959	0.87232	162969
2011-08-23 00:00	0.87231	0.87687	0.87010	0.87522	155289
2011-08-24 00:00	0.87523	0.88131	0.87269	0.88028	152330
2011-08-25 00:00	0.88028	0.88342	0.87944	0.88307	144769
2011-08-26 00:00	0.88309	0.88666	0.88307	0.88560	139654
2011-08-28 00:00	0.88660	0.88776	0.88563	0.88573	6317
2011-08-29 00:00	0.88574	0.88792	0.88332	0.88516	110831
2011-08-30 00:00	0.88516	0.88757	0.88144	0.88519	140265
2011-08-31 00:00	0.88519	0.88842	0.88273	0.88401	139933
2011-09-01 00:00	0.88403	0.88566	0.87965	0.88107	153225
2011-09-02 00:00	0.88104	0.88212	0.87465	0.87617	142446
2011-09-04 00:00	0.87650	0.87721	0.87455	0.87520	8502
2011-09-05 00:00	0.87520	0.87937	0.87347	0.87432	127109
2011-09-06 00:00	0.87431	0.88197	0.87327	0.87822	183331
2011-09-07 00:00	0.87822	0.88285	0.87723	0.88161	156580
2011-09-08 00:00	0.88159	0.88419	0.86929	0.87037	167497
2011-09-09 00:00	0.87037	0.87189	0.85941	0.85973	174748
2011-09-11 00:00	0.85746	0.85904	0.85618	0.85661	11692
2011-09-12 00:00	0.85660	0.86369	0.85286	0.86062	201226
2011-09-13 00:00	0.86061	0.86856	0.85949	0.86680	192009
2011-09-14 00:00	0.86680	0.87253	0.86386	0.87165	188934
2011-09-15 00:00	0.87164	0.87894	0.86958	0.87863	176107
2011-09-16 00:00	0.87863	0.87868	0.87125	0.87345	148474
2011-09-18 00:00	0.87021	0.87178	0.86904	0.87085	11553
2011-09-19 00:00	0.87087	0.87261	0.86705	0.86910	176017
2011-09-20 00:00	0.86912	0.87363	0.86751	0.87099	177040
2011-09-21 00:00	0.87098	0.87945	0.86869	0.87590	203408
2011-09-22 00:00	0.87592	0.87875	0.87090	0.87757	229834
2011-09-23 00:00	0.87761	0.87919	0.87099	0.87305	201132
2011-09-25 00:00	0.87306	0.87463	0.87190	0.87336	10379
2011-09-26 00:00	0.87336	0.87357	0.86516	0.86776	221236
2011-09-27 00:00	0.86776	0.87180	0.86727	0.86893	197635
2011-09-28 00:00	0.86893	0.87391	0.86708	0.86955	193470
2011-09-29 00:00	0.86959	0.87255	0.86745	0.87087	197849
2011-09-30 00:00	0.87086	0.87090	0.85783	0.85867	179298
2011-10-02 00:00	0.85775	0.85857	0.85617	0.85776	9391
2011-10-03 00:00	0.85777	0.86319	0.85294	0.85468	205016
2011-10-04 00:00	0.85468	0.86451	0.85339	0.86105	216641
2011-10-05 00:00	0.86105	0.86481	0.85908	0.86271	194978
2011-10-06 00:00	0.86271	0.87334	0.86203	0.86966	195723
2011-10-07 00:00	0.86964	0.87004	0.85913	0.85975	173575
2011-10-09 00:00	0.86036	0.86227	0.86012	0.86164	8134
2011-10-10 00:00	0.86167	0.87312	0.86137	0.87080	163649
2011-10-11 00:00	0.87081	0.87646	0.86875	0.87497	184174
2011-10-12 00:00	0.87498	0.87864	0.87348	0.87558	189424
2011-10-13 00:00	0.87559	0.87805	0.87068	0.87352	187051
2011-10-14 00:00	0.87353	0.87796	0.87233	0.87709	159761
2011-10-16 00:00	0.87579	0.87765	0.87571	0.87703	8279
2011-10-17 00:00	0.87703	0.87962	0.87146	0.87290	172191
2011-10-18 00:00	0.87290	0.87667	0.86888	0.87449	190473
2011-10-19 00:00	0.87450	0.87877	0.87145	0.87286	183071
2011-10-20 00:00	0.87287	0.87665	0.86883	0.87294	193541
2011-10-21 00:00	0.87293	0.87327	0.86693	0.87059	164911
2011-10-23 00:00	0.86870	0.86987	0.86732	0.86880	8723
2011-10-24 00:00	0.86879	0.87244	0.86796	0.87004	158734
2011-10-25 00:00	0.87005	0.87242	0.86723	0.86855	178417
2011-10-26 00:00	0.86855	0.87216	0.86735	0.86930	174537
2011-10-27 00:00	0.86929	0.88302	0.86928	0.88194	202201
2011-10-28 00:00	0.88194	0.88196	0.87689	0.87689	160694
2011-10-30 00:00	0.87646	0.87824	0.87627	0.87752	4620
2011-10-31 00:00	0.87750	0.87837	0.85971	0.86200	215748
2011-11-01 00:00	0.86200	0.86226	0.85479	0.85660	234547
2011-11-02 00:00	0.85661	0.86413	0.85661	0.86044	204268
2011-11-03 00:00	0.86043	0.86418	0.85624	0.86205	212187
2011-11-04 00:00	0.86203	0.86565	0.85742	0.86015	172679
2011-11-06 00:00	0.86043	0.86094	0.85968	0.85979	6929
2011-11-07 00:00	0.85979	0.86075	0.85586	0.85657	175233
2011-11-08 00:00	0.85656	0.85995	0.85570	0.85873	168499
2011-11-09 00:00	0.85873	0.85973	0.84992	0.85006	199017
2011-11-10 00:00	0.85006	0.85576	0.84853	0.85376	190137
2011-11-11 00:00	0.85375	0.85863	0.85277	0.85530	160555
2011-11-13 00:00	0.85813	0.85818	0.85685	0.85741	6525
2011-11-14 00:00	0.85740	0.86019	0.85564	0.85691	159293
2011-11-15 00:00	0.85688	0.85742	0.85180	0.85452	165188
2011-11-16 00:00	0.85453	0.85841	0.85197	0.85558	177476
2011-11-17 00:00	0.85565	0.85763	0.85366	0.85422	180999
2011-11-18 00:00	0.85424	0.85856	0.85186	0.85570	166509
2011-11-20 00:00	0.85508	0.85805	0.85498	0.85796	6356
2011-11-21 00:00	0.85794	0.86406	0.85579	0.86218	166089
2011-11-22 00:00	0.86217	0.86644	0.86175	0.86394	157077
2011-11-23 00:00	0.86393	0.86476	0.85882	0.85965	160292
2011-11-24 00:00	0.85963	0.86194	0.85840	0.86128	121103
2011-11-25 00:00	0.86128	0.86176	0.85451	0.85699	130022
2011-11-27 00:00	0.86007	0.86035	0.85799	0.85934	10085
2011-11-28 00:00	0.85936	0.86087	0.85687	0.85904	158195
2011-11-29 00:00	0.85902	0.86100	0.85285	0.85417	167229
2011-11-30 00:00	0.85417	0.85896	0.85202	0.85592	180604
2011-12-01 00:00	0.85592	0.85994	0.85576	0.85860	156033
2011-12-02 00:00	0.85857	0.86178	0.85740	0.85856	132540
2011-12-04 00:00	0.85874	0.86036	0.85856	0.85963	5723
2011-12-05 00:00	0.85964	0.86043	0.85558	0.85572	135899
2011-12-06 00:00	0.85572	0.86029	0.85382	0.85934	143969
2011-12-07 00:00	0.85934	0.86129	0.85103	0.85345	147164
2011-12-08 00:00	0.85345	0.85518	0.84952	0.85347	169281
2011-12-09 00:00	0.85347	0.85619	0.85149	0.85408	163981
2011-12-11 00:00	0.85459	0.85486	0.85339	0.85412	5418
2011-12-12 00:00	0.85412	0.85543	0.84487	0.84517	174603
2011-12-13 00:00	0.84517	0.84805	0.84024	0.84103	177675
2011-12-14 00:00	0.84103	0.84240	0.83728	0.83915	163665
2011-12-15 00:00	0.83915	0.84249	0.83751	0.83922	151881
2011-12-16 00:00	0.83921	0.84132	0.83798	0.83895	141859
2011-12-18 00:00	0.83884	0.84025	0.83855	0.83981	4090
2011-12-19 00:00	0.83981	0.84163	0.83783	0.83865	144245
2011-12-20 00:00	0.83865	0.83888	0.83395	0.83515	152292
2011-12-21 00:00	0.83515	0.83756	0.83024	0.83198	156830
2011-12-22 00:00	0.83198	0.83470	0.83056	0.83258	137321
2011-12-23 00:00	0.83252	0.83717	0.83196	0.83655	93559
2011-12-25 00:00	0.83572	0.83666	0.83472	0.83622	1888
2011-12-26 00:00	0.83601	0.83699	0.83441	0.83482	30450
2011-12-27 00:00	0.83477	0.83731	0.83335	0.83429	69473
2011-12-28 00:00	0.83429	0.83772	0.83315	0.83722	109955
2011-12-29 00:00	0.83722	0.84214	0.83489	0.84021	126120
2011-12-30 00:00	0.84021	0.84089	0.83279	0.83321	105540
2012-01-01 00:00	0.83477	0.83532	0.83356	0.83426	1630
2012-01-02 00:00	0.83426	0.83590	0.83293	0.83358	35966
2012-01-03 00:00	0.83358	0.83718	0.83285	0.83433	148226
2012-01-04 00:00	0.83430	0.83472	0.82639	0.82838	145473
2012-01-05 00:00	0.82837	0.82883	0.82489	0.82526	150689
2012-01-06 00:00	0.82526	0.82653	0.82387	0.82433	138680
2012-01-08 00:00	0.82287	0.82376	0.82212	0.82231	6642
2012-01-09 00:00	0.82231	0.82770	0.82231	0.82630	143893
2012-01-10 00:00	0.82630	0.82873	0.82408	0.82420	149232
2012-01-11 00:00	0.82419	0.82975	0.82398	0.82957	156104
2012-01-12 00:00	0.82957	0.83739	0.82922	0.83565	164058
2012-01-13 00:00	0.83565	0.83761	0.82647	0.82744	176278
2012-01-15 00:00	0.82676	0.82740	0.82615	0.82649	6278
2012-01-16 00:00	0.82648	0.82834	0.82545	0.82663	122605
2012-01-17 00:00	0.82662	0.83211	0.82651	0.83092	148086
2012-01-18 00:00	0.83092	0.83536	0.83047	0.83377	167497
2012-01-19 00:00	0.83377	0.83753	0.83245	0.83711	162471
2012-01-20 00:00	0.83708	0.83779	0.83007	0.83019	142487
2012-01-22 00:00	0.82771	0.82930	0.82771	0.82910	6916
2012-01-23 00:00	0.82907	0.83736	0.82871	0.83600	145791
2012-01-24 00:00	0.83600	0.83907	0.83119	0.83419	155880
2012-01-25 00:00	0.83419	0.83851	0.83095	0.83701	169890
2012-01-26 00:00	0.83701	0.83983	0.83482	0.83495	151796
2012-01-27 00:00	0.83495	0.84079	0.83370	0.84029	159882
2012-01-29 00:00	0.83995	0.84059	0.83940	0.83999	5013
2012-01-30 00:00	0.83999	0.84005	0.83507	0.83646	164635
2012-01-31 00:00	0.83644	0.83841	0.82800	0.82962	176160
2012-02-01 00:00	0.82962	0.83430	0.82813	0.83107	190152
2012-02-02 00:00	0.83107	0.83315	0.82753	0.83116	169352
2012-02-03 00:00	0.83117	0.83393	0.82900	0.83183	160320
2012-02-05 00:00	0.82927	0.83096	0.82916	0.83053	8241
2012-02-06 00:00	0.83054	0.83090	0.82641	0.82960	144690
2012-02-07 00:00	0.82960	0.83529	0.82826	0.83356	160045
2012-02-08 00:00	0.83356	0.83874	0.83300	0.83793	161904
2012-02-09 00:00	0.83788	0.84018	0.83356	0.83955	152392
2012-02-10 00:00	0.83952	0.84061	0.83503	0.83740	139282
2012-02-12 00:00	0.83699	0.83924	0.83694	0.83916	8887
2012-02-13 00:00	0.83916	0.84018	0.83596	0.83660	137770
2012-02-14 00:00	0.83661	0.83990	0.83558	0.83666	150280
2012-02-15 00:00	0.83666	0.84011	0.83160	0.83231	162087
2012-02-16 00:00	0.83231	0.83236	0.82768	0.83050	157581
2012-02-17 00:00	0.83049	0.83366	0.82879	0.83020	120280
2012-02-19 00:00	0.83157	0.83383	0.83101	0.83342	11472
2012-02-20 00:00	0.83341	0.83668	0.83150	0.83435	100080
2012-02-21 00:00	0.83435	0.84022	0.83398	0.83894	149509
2012-02-22 00:00	0.83894	0.84595	0.83780	0.84585	138465
2012-02-23 00:00	0.84585	0.84986	0.84530	0.84945	131163
2012-02-24 00:00	0.84945	0.85054	0.84643	0.84706	125978
2012-02-26 00:00	0.84730	0.84790	0.84690	0.84779	9142
2012-02-27 00:00	0.84776	0.84860	0.84400	0.84686	140546
2012-02-28 00:00	0.84686	0.84895	0.84609	0.84649	142339
2012-02-29 00:00	0.84649	0.84668	0.83650	0.83689	160488
2012-03-01 00:00	0.83689	0.83828	0.83347	0.83500	138778
2012-03-02 00:00	0.83500	0.83504	0.83134	0.83329	129636
2012-03-04 00:00	0.83284	0.83358	0.83234	0.83283	4465
2012-03-05 00:00	0.83282	0.83528	0.83253	0.83295	121266
2012-03-06 00:00	0.83295	0.83503	0.83186	0.83453	133486
2012-03-07 00:00	0.83455	0.83624	0.83389	0.83532	117182
2012-03-08 00:00	0.83532	0.83983	0.83426	0.83877	127159
2012-03-09 00:00	0.83874	0.83937	0.83457	0.83711	124056
2012-03-11 00:00	0.83618	0.83754	0.83588	0.83750	4346
2012-03-12 00:00	0.83750	0.84164	0.83511	0.84142	119104
2012-03-13 00:00	0.84137	0.84232	0.83235	0.83281	130765
2012-03-14 00:00	0.83281	0.83340	0.82946	0.83186	126769
2012-03-15 00:00	0.83186	0.83502	0.83124	0.83277	126302
2012-03-16 00:00	0.83277	0.83311	0.82930	0.83141	108339
2012-03-18 00:00	0.83148	0.83220	0.83124	0.83204	5935
2012-03-19 00:00	0.83205	0.83429	0.82831	0.83269	107738
2012-03-20 00:00	0.83268	0.83542	0.83150	0.83443	110195
2012-03-21 00:00	0.83443	0.83711	0.83214	0.83258	126429
2012-03-22 00:00	0.83258	0.83479	0.82989	0.83445	146932
2012-03-23 00:00	0.83445	0.83655	0.83352	0.83600	128018
2012-03-25 00:00	0.83580	0.83663	0.83529	0.83654	6625
2012-03-26 00:00	0.83647	0.83706	0.83357	0.83682	131985
2012-03-27 00:00	0.83683	0.83707	0.83344	0.83545	130744
2012-03-28 00:00	0.83545	0.83948	0.83485	0.83849	144455
2012-03-29 00:00	0.83849	0.83851	0.83326	0.83429	136414
2012-03-30 00:00	0.83429	0.83597	0.83241	0.83275	132395
2012-04-01 00:00	0.83343	0.83498	0.83343	0.83415	5455
2012-04-02 00:00	0.83417	0.83483	0.82938	0.83119	128153
2012-04-03 00:00	0.83120	0.83575	0.83120	0.83134	134082
2012-04-04 00:00	0.83134	0.83252	0.82614	0.82643	146201
2012-04-05 00:00	0.82643	0.82791	0.82371	0.82517	116544
2012-04-06 00:00	0.82517	0.82567	0.82347	0.82447	54936
2012-04-08 00:00	0.82431	0.82497	0.82320	0.82415	5306
2012-04-09 00:00	0.82413	0.82562	0.82293	0.82407	79631
2012-04-10 00:00	0.82407	0.82765	0.82337	0.82458	160647
2012-04-11 00:00	0.82454	0.82641	0.82331	0.82380	141084
2012-04-12 00:00	0.82380	0.82693	0.82262	0.82642	137711
2012-04-13 00:00	0.82641	0.82675	0.82286	0.82495	128108
2012-04-15 00:00	0.82392	0.82466	0.82343	0.82352	7296
2012-04-16 00:00	0.82355	0.82684	0.82097	0.82575	160158
2012-04-17 00:00	0.82572	0.82612	0.82300	0.82395	133575
2012-04-18 00:00	0.82395	0.82438	0.81736	0.81875	144290
2012-04-19 00:00	0.81874	0.81934	0.81616	0.81837	145528
2012-04-20 00:00	0.81837	0.82038	0.81644	0.81955	129361
2012-04-22 00:00	0.81762	0.81882	0.81750	0.81868	5204
2012-04-23 00:00	0.81868	0.81894	0.81481	0.81578	129897
2012-04-24 00:00	0.81578	0.81866	0.81439	0.81732	124985
2012-04-25 00:00	0.81736	0.82213	0.81637	0.81776	141336
2012-04-26 00:00	0.81776	0.81852	0.81468	0.81532	141266
2012-04-27 00:00	0.81533	0.81688	0.81335	0.81468	136079
2012-04-29 00:00	0.81327	0.81392	0.81316	0.81322	4354
2012-04-30 00:00	0.81322	0.81592	0.81221	0.81562	126950
2012-05-01 00:00	0.81563	0.81976	0.81483	0.81604	100294
2012-05-02 00:00	0.81603	0.81603	0.81119	0.81189	129536
2012-05-03 00:00	0.81188	0.81430	0.81025	0.81240	122788
2012-05-04 00:00	0.81240	0.81383	0.80947	0.80989	116715
2012-05-06 00:00	0.80629	0.80708	0.80346	0.80404	16370
2012-05-07 00:00	0.80404	0.80789	0.80403	0.80659	125178
2012-05-08 00:00	0.80656	0.80726	0.80419	0.80469	144708
2012-05-09 00:00	0.80467	0.80604	0.80019	0.80155	163945
2012-05-10 00:00	0.80154	0.80452	0.80007	0.80155	142820
2012-05-11 00:00	0.80155	0.80486	0.79954	0.80368	141690
2012-05-13 00:00	0.80283	0.80296	0.80146	0.80232	8810
2012-05-14 00:00	0.80232	0.80272	0.79629	0.79694	119844
2012-05-15 00:00	0.79697	0.80138	0.79525	0.79665	127828
2012-05-16 00:00	0.79665	0.80072	0.79500	0.79961	150910
2012-05-17 00:00	0.79961	0.80454	0.79941	0.80436	140831
2012-05-18 00:00	0.80436	0.80795	0.80247	0.80790	137620
2012-05-20 00:00	0.80765	0.80818	0.80696	0.80764	7620
2012-05-21 00:00	0.80764	0.80982	0.80620	0.80937	129683
2012-05-22 00:00	0.80939	0.81015	0.80318	0.80347	133255
2012-05-23 00:00	0.80347	0.80613	0.79972	0.80102	160689
2012-05-24 00:00	0.80103	0.80271	0.79957	0.80053	146942
2012-05-25 00:00	0.80054	0.80452	0.79796	0.79914	120618
2012-05-27 00:00	0.80124	0.80171	0.80051	0.80140	7892
2012-05-28 00:00	0.80140	0.80367	0.79831	0.79923	88418
2012-05-29 00:00	0.79923	0.80054	0.79804	0.79814	124785
2012-05-30 00:00	0.79816	0.79996	0.79710	0.79919	141996
2012-05-31 00:00	0.79917	0.80350	0.79883	0.80284	142846
2012-06-01 00:00	0.80286	0.80945	0.80168	0.80918	150196
2012-06-03 00:00	0.80809	0.80937	0.80759	0.80773	10163
2012-06-04 00:00	0.80774	0.81361	0.80666	0.81355	105982
2012-06-05 00:00	0.81355	0.81403	0.80881	0.81001	116997
2012-06-06 00:00	0.81000	0.81243	0.80502	0.81225	138641
2012-06-07 00:00	0.81228	0.81311	0.80648	0.80959	149376
2012-06-08 00:00	0.80959	0.80972	0.80705	0.80883	135089
2012-06-10 00:00	0.81469	0.81573	0.81278	0.81388	12509
2012-06-11 00:00	0.81387	0.81389	0.80514	0.80579	138280
2012-06-12 00:00	0.80579	0.80792	0.80114	0.80308	148150
2012-06-13 00:00	0.80308	0.81061	0.80228	0.81014	135777
2012-06-14 00:00	0.81013	0.81218	0.80835	0.81181	139836
2012-06-15 00:00	0.81181	0.81527	0.80383	0.80399	127178
2012-06-17 00:00	0.80803	0.81094	0.80801	0.80839	10309
2012-06-18 00:00	0.80839	0.80996	0.80220	0.80304	146633
2012-06-19 00:00	0.80304	0.80791	0.80260	0.80662	138038
2012-06-20 00:00	0.80663	0.80984	0.80563	0.80732	144757
2012-06-21 00:00	0.80734	0.80908	0.80397	0.80450	148590
2012-06-22 00:00	0.80451	0.80668	0.80230	0.80635	123444
2012-06-24 00:00	0.80564	0.80607	0.80422	0.80457	5365
2012-06-25 00:00	0.80458	0.80470	0.80193	0.80319	111596
2012-06-26 00:00	0.80319	0.80382	0.79841	0.79857	131363
2012-06-27 00:00	0.79857	0.80152	0.79854	0.80085	114970
2012-06-28 00:00	0.80087	0.80289	0.79855	0.80171	125592
2012-06-29 00:00	0.80171	0.80940	0.80093	0.80631	152577
2012-07-01 00:00	0.80742	0.80758	0.80661	0.80708	8103
2012-07-02 00:00	0.80704	0.80770	0.80061	0.80166	123134
2012-07-03 00:00	0.80167	0.80437	0.80117	0.80338	110119
2012-07-04 00:00	0.80337	0.80533	0.80253	0.80313	101916
2012-07-05 00:00	0.80313	0.80417	0.79645	0.79795	138341
2012-07-06 00:00	0.79796	0.79814	0.79252	0.79312	132461
2012-07-08 00:00	0.79212	0.79314	0.79187	0.79263	9707
2012-07-09 00:00	0.79263	0.79479	0.79149	0.79318	122410
2012-07-10 00:00	0.79322	0.79337	0.78919	0.78976	136298
2012-07-11 00:00	0.78976	0.79038	0.78706	0.78949	127712
2012-07-12 00:00	0.78949	0.79130	0.78811	0.79023	135949
2012-07-13 00:00	0.79023	0.79108	0.78563	0.78623	121646
2012-07-15 00:00	0.78745	0.78770	0.78581	0.78596	5280
2012-07-16 00:00	0.78595	0.78683	0.78313	0.78495	118703
2012-07-17 00:00	0.78495	0.78751	0.78312	0.78488	141694
2012-07-18 00:00	0.78489	0.78685	0.78294	0.78458	134544
2012-07-19 00:00	0.78461	0.78539	0.77912	0.78103	140616
2012-07-20 00:00	0.78103	0.78198	0.77708	0.77795	116205
2012-07-22 00:00	0.77536	0.77726	0.77536	0.77692	7856
2012-07-23 00:00	0.77692	0.78242	0.77640	0.78130	131821
2012-07-24 00:00	0.78130	0.78199	0.77682	0.77818	130050
2012-07-25 00:00	0.77820	0.78535	0.77778	0.78385	140751
2012-07-26 00:00	0.78387	0.78594	0.78149	0.78281	157244
2012-07-27 00:00	0.78282	0.78728	0.77994	0.78211	143644
2012-07-29 00:00	0.78132	0.78258	0.78081	0.78228	5151
2012-07-30 00:00	0.78228	0.78276	0.77902	0.78022	114490
2012-07-31 00:00	0.78022	0.78646	0.77994	0.78451	114698
2012-08-01 00:00	0.78449	0.78936	0.78414	0.78743	122122
2012-08-02 00:00	0.78740	0.79108	0.78240	0.78502	141990
2012-08-03 00:00	0.78502	0.79233	0.78428	0.79167	127235
2012-08-05 00:00	0.79363	0.79427	0.79197	0.79385	7958
2012-08-06 00:00	0.79388	0.79625	0.79165	0.79468	109391
2012-08-07 00:00	0.79471	0.79586	0.79238	0.79324	109358
2012-08-08 00:00	0.79323	0.79471	0.78798	0.78961	107069
2012-08-09 00:00	0.78961	0.79008	0.78560	0.78648	96367
2012-08-10 00:00	0.78648	0.78767	0.78277	0.78299	84882
2012-08-12 00:00	0.78392	0.78405	0.78335	0.78348	3645
2012-08-13 00:00	0.78346	0.78735	0.78275	0.78626	82266
2012-08-14 00:00	0.78625	0.78840	0.78546	0.78622	101242
2012-08-15 00:00	0.78622	0.78785	0.78240	0.78371	95198
2012-08-16 00:00	0.78371	0.78592	0.78122	0.78525	102109
2012-08-17 00:00	0.78524	0.78769	0.78359	0.78558	99188
2012-08-19 00:00	0.78608	0.78643	0.78505	0.78601	5452
2012-08-20 00:00	0.78601	0.78709	0.78328	0.78613	96775
2012-08-21 00:00	0.78614	0.79080	0.78542	0.79073	126293
2012-08-22 00:00	0.79073	0.79091	0.78763	0.78907	129822
2012-08-23 00:00	0.78906	0.79236	0.78832	0.79201	134812
2012-08-24 00:00	0.79203	0.79329	0.78891	0.79119	118532
2012-08-26 00:00	0.79102	0.79177	0.79055	0.79137	5219
2012-08-27 00:00	0.79137	0.79278	0.79009	0.79165	82579
2012-08-28 00:00	0.79165	0.79544	0.79060	0.79424	120726
2012-08-29 00:00	0.79424	0.79461	0.79053	0.79167	102961
2012-08-30 00:00	0.79169	0.79353	0.79019	0.79231	108313
2012-08-31 00:00	0.79231	0.79559	0.79158	0.79274	126088
2012-09-02 00:00	0.79144	0.79264	0.79144	0.79242	4839
2012-09-03 00:00	0.79242	0.79335	0.79071	0.79251	87765
2012-09-04 00:00	0.79250	0.79423	0.78993	0.78998	115423
2012-09-05 00:00	0.78998	0.79293	0.78869	0.79225	133329
2012-09-06 00:00	0.79229	0.79462	0.79063	0.79274	131730
2012-09-07 00:00	0.79274	0.80066	0.79269	0.80041	126497
2012-09-09 00:00	0.79962	0.79985	0.79907	0.79932	4792
2012-09-10 00:00	0.79932	0.80105	0.79763	0.79795	109527
2012-09-11 00:00	0.79797	0.80059	0.79667	0.79953	133212
2012-09-12 00:00	0.79953	0.80279	0.79690	0.80103	133036
2012-09-13 00:00	0.80103	0.80458	0.79876	0.80434	125758
2012-09-14 00:00	0.80432	0.81143	0.80371	0.80945	137389
2012-09-16 00:00	0.80873	0.80918	0.80817	0.80827	4686
2012-09-17 00:00	0.80827	0.81012	0.80606	0.80706	117411
2012-09-18 00:00	0.80706	0.80717	0.80210	0.80312	117675
2012-09-19 00:00	0.80312	0.80581	0.80164	0.80437	124480
2012-09-20 00:00	0.80437	0.80454	0.79871	0.79973	133843
2012-09-21 00:00	0.79974	0.80078	0.79745	0.79970	119946
2012-09-23 00:00	0.79913	0.79944	0.79834	0.79886	4816
2012-09-24 00:00	0.79886	0.79961	0.79541	0.79750	104246
2012-09-25 00:00	0.79751	0.79853	0.79360	0.79657	117863
2012-09-26 00:00	0.79658	0.79696	0.79400	0.79618	112421
2012-09-27 00:00	0.79618	0.79641	0.79228	0.79545	125481
2012-09-28 00:00	0.79546	0.79941	0.79476	0.79538	141421
2012-09-30 00:00	0.79566	0.79620	0.79418	0.79438	7138
2012-10-01 00:00	0.79438	0.80034	0.79430	0.79896	124883
2012-10-02 00:00	0.79896	0.80172	0.79781	0.80045	117554
2012-10-03 00:00	0.80045	0.80323	0.79951	0.80256	120712
2012-10-04 00:00	0.80256	0.80509	0.80217	0.80399	123028
2012-10-05 00:00	0.80402	0.80798	0.80301	0.80782	121513
2012-10-07 00:00	0.80715	0.80718	0.80639	0.80655	5279
2012-10-08 00:00	0.80655	0.80952	0.80579	0.80929	103098
2012-10-09 00:00	0.80928	0.80988	0.80360	0.80390	127581
2012-10-10 00:00	0.80389	0.80617	0.80235	0.80341	120445
2012-10-11 00:00	0.80340	0.80709	0.80225	0.80594	115361
2012-10-12 00:00	0.80594	0.80871	0.80510	0.80583	106429
2012-10-14 00:00	0.80535	0.80619	0.80503	0.80545	4832
2012-10-15 00:00	0.80545	0.80772	0.80397	0.80636	126434
2012-10-16 00:00	0.80636	0.81366	0.80615	0.81260	130889
2012-10-17 00:00	0.81259	0.81295	0.81077	0.81257	129505
2012-10-18 00:00	0.81257	0.81461	0.81095	0.81389	129849
2012-10-19 00:00	0.81386	0.81463	0.81213	0.81348	111672
2012-10-21 00:00	0.81304	0.81414	0.81275	0.81393	5738
2012-10-22 00:00	0.81393	0.81641	0.81226	0.81578	116801
2012-10-23 00:00	0.81578	0.81585	0.81243	0.81341	128556
2012-10-24 00:00	0.81340	0.81471	0.80770	0.80870	133257
2012-10-25 00:00	0.80870	0.80979	0.80188	0.80269	134655
2012-10-26 00:00	0.80269	0.80407	0.80016	0.80337	130977
2012-10-28 00:00	0.80340	0.80414	0.80305	0.80323	5960
2012-10-29 00:00	0.80322	0.80555	0.80229	0.80509	92568
2012-10-30 00:00	0.80507	0.80720	0.80398	0.80631	99098
2012-10-31 00:00	0.80632	0.80750	0.80288	0.80353	123531
2012-11-01 00:00	0.80353	0.80407	0.80031	0.80241	112899
2012-11-02 00:00	0.80242	0.80281	0.79960	0.80084	134744
2012-11-04 00:00	0.80032	0.80101	0.80014	0.80041	4068
2012-11-05 00:00	0.80041	0.80117	0.79855	0.80069	117825
2012-11-06 00:00	0.80070	0.80202	0.79834	0.80085	122241
2012-11-07 00:00	0.80085	0.80304	0.79711	0.79836	166404
2012-11-08 00:00	0.79836	0.79943	0.79603	0.79750	137778
2012-11-09 00:00	0.79750	0.79980	0.79667	0.79934	146656
2012-11-11 00:00	0.79917	0.80071	0.79903	0.80036	4301
2012-11-12 00:00	0.80036	0.80199	0.79880	0.80037	75667
2012-11-13 00:00	0.80037	0.80075	0.79697	0.80053	126787
2012-11-14 00:00	0.80053	0.80489	0.80003	0.80362	124980
2012-11-15 00:00	0.80364	0.80643	0.80297	0.80553	122023
2012-11-16 00:00	0.80553	0.80577	0.80093	0.80226	112874
2012-11-18 00:00	0.80230	0.80254	0.80142	0.80247	4348
2012-11-19 00:00	0.80247	0.80555	0.80138	0.80323	110144
2012-11-20 00:00	0.80323	0.80523	0.80314	0.80456	105090
2012-11-21 00:00	0.80458	0.80575	0.80054	0.80555	108672
2012-11-22 00:00	0.80555	0.80849	0.80426	0.80778	83807
2012-11-23 00:00	0.80778	0.81082	0.80741	0.80886	86704
2012-11-25 00:00	0.80866	0.80965	0.80864	0.80920	3855
2012-11-26 00:00	0.80918	0.81129	0.80806	0.81006	94014
2012-11-27 00:00	0.81007	0.81094	0.80594	0.80755	110207
2012-11-28 00:00	0.80755	0.80902	0.80617	0.80864	112213
2012-11-29 00:00	0.80865	0.81125	0.80808	0.80878	102772
2012-11-30 00:00	0.80876	0.81320	0.80867	0.81076	109370
2012-12-02 00:00	0.81043	0.81130	0.81042	0.81103	4042
2012-12-03 00:00	0.81100	0.81306	0.81066	0.81147	104104
2012-12-04 00:00	0.81147	0.81383	0.80999	0.81359	94015
2012-12-05 00:00	0.81357	0.81469	0.81110	0.81234	107669
2012-12-06 00:00	0.81234	0.81247	0.80650	0.80759	111005
2012-12-07 00:00	0.80759	0.80808	0.80449	0.80577	101610
2012-12-09 00:00	0.80369	0.80498	0.80365	0.80482	4829
2012-12-10 00:00	0.80482	0.80579	0.80350	0.80485	83288
2012-12-11 00:00	0.80485	0.80768	0.80430	0.80720	93391
2012-12-12 00:00	0.80719	0.81000	0.80618	0.80967	98119
2012-12-13 00:00	0.80967	0.81198	0.80890	0.81149	96459
2012-12-14 00:00	0.81149	0.81446	0.80974	0.81352	95862
2012-12-16 00:00	0.81437	0.81523	0.81340	0.81393	6556
2012-12-17 00:00	0.81395	0.81459	0.81120	0.81220	84848
2012-12-18 00:00	0.81218	0.81445	0.81175	0.81400	89595
2012-12-19 00:00	0.81398	0.81680	0.81160	0.81298	105114
2012-12-20 00:00	0.81297	0.81611	0.81255	0.81339	98382
2012-12-21 00:00	0.81339	0.81545	0.81144	0.81503	121979
2012-12-23 00:00	0.81534	0.81604	0.81525	0.81592	4451
2012-12-24 00:00	0.81593	0.81843	0.81485	0.81698	70056
2012-12-25 00:00	0.81698	0.81873	0.81631	0.81676	18755
2012-12-26 00:00	0.81677	0.82081	0.81653	0.82029	67713
2012-12-27 00:00	0.82031	0.82241	0.81844	0.82203	96889
2012-12-28 00:00	0.82205	0.82246	0.81665	0.81744	85456
2012-12-30 00:00	0.81663	0.81840	0.81656	0.81830	3193
2012-12-31 00:00	0.81831	0.81861	0.81032	0.81289	89307
2013-01-01 00:00	0.81184	0.81293	0.81173	0.81235	3941
2013-01-02 00:00	0.81235	0.81503	0.81061	0.81117	126252
2013-01-03 00:00	0.81118	0.81202	0.80851	0.81007	113498
2013-01-04 00:00	0.81008	0.81430	0.80965	0.81310	113567
2013-01-06 00:00	0.81337	0.81370	0.81320	0.81326	3494
2013-01-07 00:00	0.81324	0.81493	0.81046	0.81396	104478
2013-01-08 00:00	0.81395	0.81609	0.81365	0.81453	108047
2013-01-09 00:00	0.81455	0.81621	0.81336	0.81504	106120
2013-01-10 00:00	0.81503	0.82136	0.81438	0.82103	120171
2013-01-11 00:00	0.82103	0.82868	0.82040	0.82698	109967
2013-01-13 00:00	0.82814	0.82869	0.82776	0.82844	8832
2013-01-14 00:00	0.82844	0.83251	0.82800	0.83203	118262
2013-01-15 00:00	0.83203	0.83243	0.82656	0.82791	135138
2013-01-16 00:00	0.82791	0.83182	0.82654	0.83053	130782
2013-01-17 00:00	0.83053	0.83697	0.82996	0.83689	144096
2013-01-18 00:00	0.83690	0.83962	0.83549	0.83938	132969
2013-01-20 00:00	0.83972	0.84053	0.83951	0.83988	5331
2013-01-21 00:00	0.83988	0.84203	0.83775	0.84044	88218
2013-01-22 00:00	0.84046	0.84402	0.83639	0.84064	137845
2013-01-23 00:00	0.84064	0.84199	0.83786	0.84056	119561
2013-01-24 00:00	0.84056	0.84806	0.83906	0.84702	124155
2013-01-25 00:00	0.84701	0.85363	0.84624	0.85184	140416
2013-01-27 00:00	0.85419	0.85428	0.85259	0.85352	5573
2013-01-28 00:00	0.85352	0.85861	0.85296	0.85661	121145
2013-01-29 00:00	0.85663	0.85695	0.85276	0.85658	121965
2013-01-30 00:00	0.85659	0.86058	0.85589	0.85885	127935
2013-01-31 00:00	0.85885	0.85910	0.85536	0.85766	127396
2013-02-01 00:00	0.85766	0.87084	0.85710	0.86897	145270
2013-02-03 00:00	0.86958	0.87018	0.86864	0.86896	4476
2013-02-04 00:00	0.86895	0.86931	0.85678	0.85736	122753
2013-02-05 00:00	0.85735	0.86869	0.85537	0.86705	144544
2013-02-06 00:00	0.86704	0.86808	0.86151	0.86324	132023
2013-02-07 00:00	0.86324	0.86617	0.85157	0.85204	157984
2013-02-08 00:00	0.85202	0.85331	0.84462	0.84560	127977
2013-02-10 00:00	0.84601	0.84685	0.84558	0.84592	5698
2013-02-11 00:00	0.84592	0.85734	0.84569	0.85598	117406
2013-02-12 00:00	0.85599	0.86305	0.85400	0.85809	132898
2013-02-13 00:00	0.85808	0.86835	0.85708	0.86555	128407
2013-02-14 00:00	0.86555	0.86663	0.85841	0.86207	125752
2013-02-15 00:00	0.86207	0.86326	0.85738	0.86083	129704
2013-02-17 00:00	0.86093	0.86245	0.86063	0.86180	4652
2013-02-18 00:00	0.86176	0.86480	0.86030	0.86241	85071
2013-02-19 00:00	0.86241	0.86842	0.86000	0.86824	111211
2013-02-20 00:00	0.86819	0.87641	0.86813	0.87162	144167
2013-02-21 00:00	0.87162	0.87579	0.86294	0.86439	155990
2013-02-22 00:00	0.86440	0.86984	0.86040	0.86984	128584
2013-02-24 00:00	0.87643	0.87663	0.87247	0.87384	9357
2013-02-25 00:00	0.87380	0.88148	0.86014	0.86155	192173
2013-02-26 00:00	0.86158	0.86474	0.85758	0.86362	185632
2013-02-27 00:00	0.86362	0.86785	0.86223	0.86733	174446
2013-02-28 00:00	0.86733	0.86746	0.86010	0.86124	153026
2013-03-01 00:00	0.86124	0.86844	0.86086	0.86565	164894
2013-03-03 00:00	0.86473	0.86643	0.86473	0.86578	5380
2013-03-04 00:00	0.86578	0.86634	0.86090	0.86153	125463
2013-03-05 00:00	0.86153	0.86347	0.85875	0.86192	126166
2013-03-06 00:00	0.86194	0.86682	0.86194	0.86541	125976
2013-03-07 00:00	0.86541	0.87324	0.86361	0.87227	156986
2013-03-08 00:00	0.87228	0.87423	0.86758	0.87093	144804
2013-03-10 00:00	0.87003	0.87175	0.86990	0.87113	6618
2013-03-11 00:00	0.87112	0.87483	0.87028	0.87426	110429
2013-03-12 00:00	0.87430	0.87934	0.87182	0.87418	124196
2013-03-13 00:00	0.87418	0.87454	0.86630	0.86826	122723
2013-03-14 00:00	0.86822	0.86845	0.86114	0.86223	142801
2013-03-15 00:00	0.86224	0.86585	0.86020	0.86492	123536
2013-03-17 00:00	0.85314	0.85467	0.85291	0.85347	15715
2013-03-18 00:00	0.85346	0.85909	0.85316	0.85739	148185
2013-03-19 00:00	0.85739	0.85861	0.85051	0.85212	162932
2013-03-20 00:00	0.85211	0.86008	0.85186	0.85718	174503
2013-03-21 00:00	0.85718	0.85727	0.84890	0.84995	164017
2013-03-22 00:00	0.84995	0.85452	0.84841	0.85246	144306
2013-03-24 00:00	0.84980	0.85538	0.84937	0.85414	12171
2013-03-25 00:00	0.85411	0.85608	0.84576	0.84704	162490
2013-03-26 00:00	0.84703	0.84978	0.84592	0.84821	135734
2013-03-27 00:00	0.84821	0.84851	0.84361	0.84443	151839
2013-03-28 00:00	0.84443	0.84757	0.84150	0.84291	159586
2013-03-29 00:00	0.84292	0.84428	0.84240	0.84269	81490
2013-03-31 00:00	0.84255	0.84305	0.84231	0.84264	4319
2013-04-01 00:00	0.84262	0.84452	0.84102	0.84404	81786
2013-04-02 00:00	0.84404	0.84935	0.84250	0.84841	146760
2013-04-03 00:00	0.84841	0.84942	0.84683	0.84871	141454
2013-04-04 00:00	0.84871	0.85209	0.84349	0.84900	186270
2013-04-05 00:00	0.84899	0.85151	0.84685	0.84725	165825
2013-04-07 00:00	0.84692	0.84798	0.84631	0.84632	8947
2013-04-08 00:00	0.84630	0.85376	0.84627	0.85361	148162
2013-04-09 00:00	0.85360	0.85592	0.85068	0.85368	162633
2013-04-10 00:00	0.85367	0.85600	0.85169	0.85172	140095
2013-04-11 00:00	0.85172	0.85351	0.85040	0.85198	156033
2013-04-12 00:00	0.85198	0.85482	0.84895	0.85428	142368
2013-04-14 00:00	0.85460	0.85481	0.85298	0.85298	7955
2013-04-15 00:00	0.85298	0.85490	0.85143	0.85329	177193
2013-04-16 00:00	0.85329	0.86013	0.85224	0.85798	181532
2013-04-17 00:00	0.85799	0.86364	0.85330	0.85484	189969
2013-04-18 00:00	0.85484	0.85735	0.85291	0.85398	168405
2013-04-19 00:00	0.85394	0.85821	0.85031	0.85668	146968
2013-04-21 00:00	0.85816	0.85855	0.85689	0.85758	66100
2013-04-22 00:00	0.85759	0.85897	0.85360	0.85362	196670
2013-04-23 00:00	0.85362	0.85683	0.85101	0.85327	157724
2013-04-24 00:00	0.85327	0.85375	0.84968	0.85187	138405
2013-04-25 00:00	0.85188	0.85324	0.84095	0.84249	181155
2013-04-26 00:00	0.84249	0.84473	0.83974	0.84172	158489
2013-04-28 00:00	0.84235	0.84378	0.84168	0.84179	6624
2013-04-29 00:00	0.84181	0.84574	0.84040	0.84529	139003
2013-04-30 00:00	0.84527	0.84847	0.84246	0.84748	158618
2013-05-01 00:00	0.84748	0.84971	0.84598	0.84637	128114
2013-05-02 00:00	0.84637	0.84816	0.84041	0.84108	154952
2013-05-03 00:00	0.84108	0.84494	0.84061	0.84185	136643
2013-05-05 00:00	0.84222	0.84279	0.84180	0.84234	6300
2013-05-06 00:00	0.84234	0.84374	0.84000	0.84130	93940
2013-05-07 00:00	0.84129	0.84664	0.84087	0.84478	127813
2013-05-08 00:00	0.84476	0.84884	0.84464	0.84676	144145
2013-05-09 00:00	0.84677	0.84733	0.84303	0.84374	161676
2013-05-10 00:00	0.84375	0.84604	0.84305	0.84529	162497
2013-05-12 00:00	0.84466	0.84531	0.84419	0.84502	9119
2013-05-13 00:00	0.84502	0.84926	0.84313	0.84840	158772
2013-05-14 00:00	0.84840	0.85160	0.84735	0.84954	177127
2013-05-15 00:00	0.84954	0.84963	0.84351	0.84533	181782
2013-05-16 00:00	0.84531	0.84638	0.84202	0.84324	170573
2013-05-17 00:00	0.84324	0.84618	0.84296	0.84611	146316
2013-05-19 00:00	0.84511	0.84617	0.84459	0.84546	7730
2013-05-20 00:00	0.84544	0.84696	0.84397	0.84456	142623
2013-05-21 00:00	0.84455	0.85232	0.84445	0.85214	164717
2013-05-22 00:00	0.85213	0.85896	0.85181	0.85410	197531
2013-05-23 00:00	0.85410	0.85702	0.85316	0.85615	202702
2013-05-24 00:00	0.85616	0.85969	0.85350	0.85469	157738
2013-05-26 00:00	0.85404	0.85527	0.85394	0.85496	6475
2013-05-27 00:00	0.85496	0.85721	0.85346	0.85602	76048
2013-05-28 00:00	0.85601	0.85618	0.85420	0.85483	164477
2013-05-29 00:00	0.85483	0.85944	0.85399	0.85561	173838
2013-05-30 00:00	0.85562	0.85981	0.85449	0.85641	173979
2013-05-31 00:00	0.85642	0.85777	0.85280	0.85502	172023
2013-06-02 00:00	0.85406	0.85498	0.85405	0.85445	6444
2013-06-03 00:00	0.85446	0.85524	0.85021	0.85303	164247
2013-06-04 00:00	0.85302	0.85582	0.85212	0.85419	157723
2013-06-05 00:00	0.85419	0.85477	0.84913	0.84982	173803
2013-06-06 00:00	0.84981	0.85203	0.84759	0.84879	187068
2013-06-07 00:00	0.84879	0.85266	0.84820	0.84918	182937
2013-06-09 00:00	0.84947	0.85063	0.84848	0.85032	8155
2013-06-10 00:00	0.85032	0.85172	0.84897	0.85130	154053
2013-06-11 00:00	0.85130	0.85508	0.85004	0.85090	186067
2013-06-12 00:00	0.85089	0.85133	0.84680	0.85083	157318
2013-06-13 00:00	0.85083	0.85413	0.84757	0.85053	171527
2013-06-14 00:00	0.85056	0.85344	0.84888	0.84933	131283
2013-06-16 00:00	0.84834	0.84950	0.84834	0.84890	6440
2013-06-17 00:00	0.84883	0.85072	0.84750	0.85012	119072
2013-06-18 00:00	0.85011	0.85843	0.84988	0.85674	142996
2013-06-19 00:00	0.85674	0.85896	0.85429	0.85828	148858
2013-06-20 00:00	0.85826	0.85904	0.85169	0.85263	201594
2013-06-21 00:00	0.85264	0.85514	0.85040	0.85040	162481
2013-06-23 00:00	0.85123	0.85196	0.85072	0.85172	9324
2013-06-24 00:00	0.85170	0.85418	0.84823	0.84989	171789
2013-06-25 00:00	0.84989	0.85116	0.84712	0.84848	155898
2013-06-26 00:00	0.84848	0.84982	0.84687	0.84968	157302
2013-06-27 00:00	0.84969	0.85601	0.84917	0.85444	142135
2013-06-28 00:00	0.85443	0.85899	0.85428	0.85492	135938
2013-06-30 00:00	0.85538	0.85593	0.85491	0.85524	7078
2013-07-01 00:00	0.85521	0.85927	0.85473	0.85870	118968
2013-07-02 00:00	0.85868	0.85935	0.85544	0.85633	127745
2013-07-03 00:00	0.85633	0.85745	0.84817	0.85201	148627
2013-07-04 00:00	0.85200	0.86322	0.85106	0.85719	138235
2013-07-05 00:00	0.85719	0.86285	0.85663	0.86175	143605
2013-07-07 00:00	0.86102	0.86238	0.86091	0.86221	6544
2013-07-08 00:00	0.86221	0.86270	0.86040	0.86112	112638
2013-07-09 00:00	0.86112	0.86684	0.85859	0.86050	147894
2013-07-10 00:00	0.86050	0.86923	0.85747	0.86697	178882
2013-07-11 00:00	0.86700	0.86759	0.86105	0.86251	194767
2013-07-12 00:00	0.86251	0.86536	0.86128	0.86456	126977
2013-07-14 00:00	0.86461	0.86512	0.86333	0.86436	6088
2013-07-15 00:00	0.86435	0.86645	0.86306	0.86500	126484
2013-07-16 00:00	0.86500	0.87066	0.86421	0.86903	156626
2013-07-17 00:00	0.86900	0.87104	0.86145	0.86235	157511
2013-07-18 00:00	0.86232	0.86457	0.86000	0.86115	134772
2013-07-19 00:00	0.86114	0.86291	0.85893	0.86076	111903
2013-07-21 00:00	0.85989	0.86112	0.85968	0.86082	5667
2013-07-22 00:00	0.86081	0.86115	0.85818	0.85845	105373
2013-07-23 00:00	0.85845	0.86079	0.85817	0.85998	122690
2013-07-24 00:00	0.85998	0.86285	0.85871	0.86166	127435
2013-07-25 00:00	0.86167	0.86433	0.85873	0.86298	142039
2013-07-26 00:00	0.86299	0.86375	0.86061	0.86266	153447
2013-07-28 00:00	0.86367	0.86367	0.86264	0.86313	4295
2013-07-29 00:00	0.86312	0.86466	0.86208	0.86446	210091
2013-07-30 00:00	0.86452	0.87059	0.86406	0.87022	218841
2013-07-31 00:00	0.87028	0.87658	0.87015	0.87641	264179
2013-08-01 00:00	0.87650	0.87687	0.86790	0.87385	165499
2013-08-02 00:00	0.87383	0.87442	0.86767	0.86799	121931
2013-08-04 00:00	0.86808	0.86921	0.86788	0.86849	6408
2013-08-05 00:00	0.86846	0.86961	0.86305	0.86328	110905
2013-08-06 00:00	0.86330	0.86731	0.86180	0.86726	115185
2013-08-07 00:00	0.86723	0.87306	0.85783	0.86078	155980
2013-08-08 00:00	0.86072	0.86222	0.85926	0.86125	112574
2013-08-09 00:00	0.86125	0.86180	0.85961	0.86051	81309
2013-08-11 00:00	0.85969	0.86048	0.85949	0.85967	4713
2013-08-12 00:00	0.85967	0.86085	0.85800	0.85991	79223
2013-08-13 00:00	0.85990	0.86095	0.85347	0.85860	103960
2013-08-14 00:00	0.85860	0.85983	0.85277	0.85479	102855
2013-08-15 00:00	0.85479	0.85682	0.85049	0.85359	128784
2013-08-16 00:00	0.85360	0.85543	0.85234	0.85246	89346
2013-08-18 00:00	0.85307	0.85352	0.85255	0.85299	5910
2013-08-19 00:00	0.85299	0.85384	0.85119	0.85217	83744
2013-08-20 00:00	0.85214	0.85734	0.85173	0.85678	98472
2013-08-21 00:00	0.85678	0.85774	0.85089	0.85426	112670
2013-08-22 00:00	0.85426	0.85775	0.85356	0.85638	105949
2013-08-23 00:00	0.85637	0.86028	0.85416	0.85913	109699
2013-08-25 00:00	0.85935	0.85990	0.85882	0.85920	3896
2013-08-26 00:00	0.85918	0.85963	0.85769	0.85847	73630
2013-08-27 00:00	0.85847	0.86233	0.85807	0.86138	107941
2013-08-28 00:00	0.86138	0.86512	0.85716	0.85879	106708
2013-08-29 00:00	0.85878	0.85896	0.85289	0.85365	107978
2013-08-30 00:00	0.85366	0.85524	0.85190	0.85220	91301
2013-09-01 00:00	0.85036	0.85200	0.85026	0.85105	5061
2013-09-02 00:00	0.85104	0.85120	0.84716	0.84838	81721
2013-09-03 00:00	0.84837	0.84841	0.84453	0.84633	95739
2013-09-04 00:00	0.84632	0.84639	0.84262	0.84498	88946
2013-09-05 00:00	0.84497	0.84647	0.84080	0.84149	102074
2013-09-06 00:00	0.84149	0.84350	0.83919	0.84285	95772
2013-09-08 00:00	0.84246	0.84318	0.84224	0.84255	6480
2013-09-09 00:00	0.84254	0.84495	0.84101	0.84440	81513
2013-09-10 00:00	0.84440	0.84529	0.84227	0.84334	85617
2013-09-11 00:00	0.84334	0.84386	0.83825	0.84130	94115
2013-09-12 00:00	0.84130	0.84254	0.83926	0.84143	94684
2013-09-13 00:00	0.84144	0.84173	0.83563	0.83706	85978
2013-09-15 00:00	0.83788	0.83907	0.83762	0.83820	8410
2013-09-16 00:00	0.83820	0.83911	0.83706	0.83853	82946
2013-09-17 00:00	0.83854	0.84111	0.83794	0.83978	83732
2013-09-18 00:00	0.83981	0.83990	0.83520	0.83822	123081
2013-09-19 00:00	0.83822	0.84422	0.83779	0.84396	117778
2013-09-20 00:00	0.84395	0.84592	0.84215	0.84476	88984
2013-09-22 00:00	0.84594	0.84632	0.84482	0.84493	4182
2013-09-23 00:00	0.84493	0.84511	0.84030	0.84139	86844
2013-09-24 00:00	0.84139	0.84485	0.84129	0.84233	87668
2013-09-25 00:00	0.84231	0.84465	0.83973	0.84087	90823
2013-09-26 00:00	0.84086	0.84288	0.83940	0.84091	80542
2013-09-27 00:00	0.84091	0.84194	0.83615	0.83776	88800
2013-09-29 00:00	0.83575	0.83582	0.83440	0.83458	7131
2013-09-30 00:00	0.83459	0.83883	0.83395	0.83539	99344
2013-10-01 00:00	0.83539	0.83667	0.83323	0.83510	110423
2013-10-02 00:00	0.83509	0.83814	0.83344	0.83695	113089
2013-10-03 00:00	0.83693	0.84385	0.83688	0.84309	113931
2013-10-04 00:00	0.84309	0.84753	0.84221	0.84661	81235
2013-10-06 00:00	0.84645	0.84678	0.84567	0.84589	4040
2013-10-07 00:00	0.84589	0.84652	0.84292	0.84357	65470
2013-10-08 00:00	0.84358	0.84684	0.84245	0.84357	75094
2013-10-09 00:00	0.84360	0.84866	0.84292	0.84723	89868
2013-10-10 00:00	0.84725	0.84924	0.84639	0.84670	76202
2013-10-11 00:00	0.84669	0.85092	0.84612	0.84861	63275
2013-10-13 00:00	0.84897	0.84927	0.84857	0.84894	2431
2013-10-14 00:00	0.84893	0.84957	0.84794	0.84877	53502
2013-10-15 00:00	0.84875	0.84943	0.84452	0.84593	83155
2013-10-16 00:00	0.84589	0.84891	0.84297	0.84794	89555
2013-10-17 00:00	0.84793	0.84959	0.84493	0.84629	104044
2013-10-18 00:00	0.84631	0.84695	0.84414	0.84625	66180
2013-10-20 00:00	0.84596	0.84633	0.84577	0.84603	2294
2013-10-21 00:00	0.84602	0.84787	0.84505	0.84750	57187
2013-10-22 00:00	0.84749	0.84988	0.84674	0.84886	74081
2013-10-23 00:00	0.84881	0.85309	0.84836	0.85240	86071
2013-10-24 00:00	0.85238	0.85548	0.85070	0.85206	88306
2013-10-25 00:00	0.85207	0.85424	0.85040	0.85364	82299
2013-10-27 00:00	0.85376	0.85393	0.85327	0.85353	3379
2013-10-28 00:00	0.85353	0.85472	0.85194	0.85428	69990
2013-10-29 00:00	0.85428	0.85846	0.85419	0.85632	106868
2013-10-30 00:00	0.85632	0.85762	0.85570	0.85637	95796
2013-10-31 00:00	0.85639	0.85658	0.84606	0.84638	102281
2013-11-01 00:00	0.84637	0.84764	0.84444	0.84658	86727
2013-11-03 00:00	0.84663	0.84746	0.84663	0.84733	3411
2013-11-04 00:00	0.84732	0.84766	0.84515	0.84620	71017
2013-11-05 00:00	0.84620	0.84627	0.83917	0.83960	88873
2013-11-06 00:00	0.83960	0.84158	0.83780	0.84037	88473
2013-11-07 00:00	0.84039	0.84114	0.83000	0.83347	116443
2013-11-08 00:00	0.83347	0.83620	0.83230	0.83439	94450
2013-11-10 00:00	0.83440	0.83495	0.83390	0.83398	3513
2013-11-11 00:00	0.83398	0.83958	0.83390	0.83869	80845
2013-11-12 00:00	0.83869	0.84604	0.83768	0.84563	109920
2013-11-13 00:00	0.84565	0.84631	0.83764	0.84037	119716
2013-11-14 00:00	0.84036	0.84151	0.83608	0.83756	105154
2013-11-15 00:00	0.83755	0.83866	0.83577	0.83712	83956
2013-11-17 00:00	0.83684	0.83727	0.83654	0.83670	3137
2013-11-18 00:00	0.83669	0.83998	0.83615	0.83789	82288
2013-11-19 00:00	0.83787	0.84115	0.83780	0.84057	102213
2013-11-20 00:00	0.84057	0.84141	0.83249	0.83425	122262
2013-11-21 00:00	0.83425	0.83570	0.83198	0.83255	129691
2013-11-22 00:00	0.83252	0.83615	0.83165	0.83514	83470
2013-11-24 00:00	0.83499	0.83521	0.83451	0.83479	2825
2013-11-25 00:00	0.83481	0.83734	0.83404	0.83685	88453
2013-11-26 00:00	0.83686	0.83905	0.83606	0.83698	89090
2013-11-27 00:00	0.83698	0.83861	0.83305	0.83353	115744
2013-11-28 00:00	0.83353	0.83519	0.83131	0.83247	82935
2013-11-29 00:00	0.83247	0.83445	0.82971	0.82995	99863
2013-12-01 00:00	0.82992	0.83014	0.82934	0.82942	3141
2013-12-02 00:00	0.82942	0.82964	0.82520	0.82772	111923
2013-12-03 00:00	0.82772	0.82945	0.82579	0.82928	111645
2013-12-04 00:00	0.82928	0.83194	0.82734	0.82947	128922
2013-12-05 00:00	0.82947	0.83796	0.82921	0.83695	117241
2013-12-06 00:00	0.83693	0.83887	0.83471	0.83814	79394
2013-12-08 00:00	0.83885	0.83955	0.83853	0.83951	3592
2013-12-09 00:00	0.83950	0.83950	0.83606	0.83641	54597
2013-12-10 00:00	0.83643	0.83909	0.83500	0.83631	64243
2013-12-11 00:00	0.83630	0.84312	0.83630	0.84174	69390
2013-12-12 00:00	0.84175	0.84312	0.83906	0.84152	74057
2013-12-13 00:00	0.84151	0.84403	0.84078	0.84289	59685
2013-12-15 00:00	0.84231	0.84303	0.84214	0.84283	2579
2013-12-16 00:00	0.84285	0.84549	0.84149	0.84425	61534
2013-12-17 00:00	0.84424	0.84664	0.84314	0.84599	57594
2013-12-18 00:00	0.84599	0.84614	0.83428	0.83508	83264
2013-12-19 00:00	0.83508	0.83675	0.83344	0.83440	64443
2013-12-20 00:00	0.83438	0.83786	0.83306	0.83652	64731
2013-12-22 00:00	0.83661	0.83774	0.83638	0.83759	1536
2013-12-23 00:00	0.83758	0.83886	0.83546	0.83775	48691
2013-12-24 00:00	0.83774	0.83788	0.83439	0.83507	32415
2013-12-25 00:00	0.83508	0.83653	0.83440	0.83570	4814
2013-12-26 00:00	0.83570	0.83646	0.83294	0.83428	50483
2013-12-27 00:00	0.83429	0.83920	0.83346	0.83377	75392
2013-12-29 00:00	0.83467	0.83499	0.83374	0.83431	3218
2013-12-30 00:00	0.83428	0.83731	0.83289	0.83710	62183
2013-12-31 00:00	0.83710	0.83729	0.82968	0.82982	44708
2014-01-01 00:00	0.82973	0.83042	0.82973	0.83022	2058
2014-01-02 00:00	0.83016	0.83194	0.82700	0.83075	99899
2014-01-03 00:00	0.83074	0.83163	0.82748	0.82748	89056
2014-01-05 00:00	0.82864	0.82878	0.82793	0.82836	2772
2014-01-06 00:00	0.82835	0.83315	0.82797	0.83036	74867
2014-01-07 00:00	0.83038	0.83204	0.82919	0.83031	65000
2014-01-08 00:00	0.83030	0.83163	0.82420	0.82524	71988
2014-01-09 00:00	0.82529	0.82769	0.82304	0.82573	68694
2014-01-10 00:00	0.82572	0.83065	0.82560	0.82912	68986
2014-01-12 00:00	0.82950	0.82976	0.82881	0.82886	2018
2014-01-13 00:00	0.82885	0.83483	0.82845	0.83402	65269
2014-01-14 00:00	0.83402	0.83427	0.83074	0.83165	66149
2014-01-15 00:00	0.83166	0.83298	0.82860	0.83117	72356
2014-01-16 00:00	0.83116	0.83408	0.83079	0.83291	68248
2014-01-17 00:00	0.83291	0.83395	0.82336	0.82412	61444
2014-01-19 00:00	0.82410	0.82448	0.82368	0.82390	2547
2014-01-20 00:00	0.82392	0.82629	0.82326	0.82461	46192
2014-01-21 00:00	0.82459	0.82547	0.82145	0.82293	59504
2014-01-22 00:00	0.82293	0.82359	0.81681	0.81778	61385
2014-01-23 00:00	0.81778	0.82476	0.81719	0.82292	75878
2014-01-24 00:00	0.82298	0.83006	0.82095	0.82943	91844
2014-01-26 00:00	0.82869	0.83056	0.82851	0.82984	2989
2014-01-27 00:00	0.82983	0.83024	0.82370	0.82506	74697
2014-01-28 00:00	0.82507	0.82532	0.82224	0.82410	71519
2014-01-29 00:00	0.82409	0.82585	0.82200	0.82481	80953
2014-01-30 00:00	0.82480	0.82684	0.82146	0.82178	78990
2014-01-31 00:00	0.82179	0.82422	0.81880	0.82007	85401
2014-02-02 00:00	0.82086	0.82114	0.82023	0.82051	2772
2014-02-03 00:00	0.82049	0.83015	0.82022	0.82908	83433
2014-02-04 00:00	0.82911	0.83259	0.82656	0.82764	74178
2014-02-05 00:00	0.82765	0.83333	0.82659	0.82904	71058
2014-02-06 00:00	0.82905	0.83497	0.82798	0.83268	70033
2014-02-07 00:00	0.83268	0.83286	0.82880	0.83052	67264
2014-02-09 00:00	0.83027	0.83027	0.82973	0.82994	2195
2014-02-10 00:00	0.82994	0.83259	0.82951	0.83173	50801
2014-02-11 00:00	0.83172	0.83370	0.82858	0.82909	69172
2014-02-12 00:00	0.82909	0.82993	0.81803	0.81808	79815
2014-02-13 00:00	0.81808	0.82267	0.81798	0.82108	74616
2014-02-14 00:00	0.82109	0.82268	0.81742	0.81750	60322
2014-02-16 00:00	0.81743	0.81778	0.81725	0.81746	2042
2014-02-17 00:00	0.81743	0.82086	0.81574	0.81963	54491
2014-02-18 00:00	0.81963	0.82497	0.81904	0.82479	77499
2014-02-19 00:00	0.82478	0.82609	0.82212	0.82324	75596
2014-02-20 00:00	0.82324	0.82532	0.82148	0.82345	71760
2014-02-21 00:00	0.82344	0.82675	0.82158	0.82672	67620
2014-02-23 00:00	0.82578	0.82628	0.82555	0.82596	1845
2014-02-24 00:00	0.82596	0.82863	0.82401	0.82459	63554
2014-02-25 00:00	0.82459	0.82564	0.82247	0.82428	69007
2014-02-26 00:00	0.82429	0.82515	0.82078	0.82083	65832
2014-02-27 00:00	0.82082	0.82231	0.81977	0.82113	65239
2014-02-28 00:00	0.82114	0.82675	0.81905	0.82394	78247
2014-03-02 00:00	0.82325	0.82384	0.82279	0.82308	4866
2014-03-03 00:00	0.82308	0.82498	0.82232	0.82415	67499
2014-03-04 00:00	0.82416	0.82609	0.82276	0.82454	62471
2014-03-05 00:00	0.82454	0.82476	0.82038	0.82152	64275
2014-03-06 00:00	0.82151	0.82871	0.82061	0.82805	79769
2014-03-07 00:00	0.82805	0.83009	0.82739	0.82999	61136
2014-03-09 00:00	0.82916	0.82982	0.82894	0.82947	2675
2014-03-10 00:00	0.82946	0.83499	0.82916	0.83395	53240
2014-03-11 00:00	0.83395	0.83466	0.83207	0.83370	53406
2014-03-12 00:00	0.83370	0.83740	0.83247	0.83660	63577
2014-03-13 00:00	0.83660	0.83780	0.83303	0.83411	81366
2014-03-14 00:00	0.83410	0.83802	0.83354	0.83537	68624
2014-03-16 00:00	0.83542	0.83653	0.83512	0.83581	3983
2014-03-17 00:00	0.83582	0.83764	0.83414	0.83686	51012
2014-03-18 00:00	0.83688	0.83998	0.83615	0.83929	62778
2014-03-19 00:00	0.83931	0.83947	0.83549	0.83578	70130
2014-03-20 00:00	0.83578	0.83686	0.83286	0.83467	65077
2014-03-21 00:00	0.83468	0.83710	0.83433	0.83643	51052
2014-03-23 00:00	0.83824	0.83825	0.83629	0.83647	3330
2014-03-24 00:00	0.83646	0.83909	0.83441	0.83869	57446
2014-03-25 00:00	0.83867	0.83932	0.83350	0.83588	73135
2014-03-26 00:00	0.83590	0.83634	0.83098	0.83153	63701
2014-03-27 00:00	0.83152	0.83219	0.82626	0.82739	70167
2014-03-28 00:00	0.82739	0.82818	0.82456	0.82640	55433
2014-03-30 00:00	0.82618	0.82671	0.82594	0.82613	3271
2014-03-31 00:00	0.82616	0.82969	0.82496	0.82650	64753
2014-04-01 00:00	0.82652	0.83063	0.82614	0.82939	53952
2014-04-02 00:00	0.82939	0.83088	0.82711	0.82800	50648
2014-04-03 00:00	0.82802	0.83143	0.82603	0.82675	68298
2014-04-04 00:00	0.82673	0.82773	0.82496	0.82635	56805
2014-04-06 00:00	0.82598	0.82674	0.82598	0.82654	4039
2014-04-07 00:00	0.82654	0.82848	0.82607	0.82739	59895
2014-04-08 00:00	0.82739	0.82751	0.82329	0.82354	71071
2014-04-09 00:00	0.82355	0.82558	0.82310	0.82452	67599
2014-04-10 00:00	0.82452	0.82793	0.82406	0.82769	74056
2014-04-11 00:00	0.82769	0.83098	0.82766	0.82967	63698
2014-04-13 00:00	0.82779	0.82821	0.82708	0.82770	4180
2014-04-14 00:00	0.82770	0.82840	0.82525	0.82592	64944
2014-04-15 00:00	0.82592	0.82828	0.82455	0.82576	72626
2014-04-16 00:00	0.82577	0.82679	0.82199	0.82266	71792
2014-04-17 00:00	0.82268	0.82466	0.82146	0.82289	64474
2014-04-18 00:00	0.82288	0.82381	0.82201	0.82254	35796
2014-04-20 00:00	0.82238	0.82304	0.82210	0.82301	3071
2014-04-21 00:00	0.82301	0.82301	0.82095	0.82136	36220
2014-04-22 00:00	0.82136	0.82167	0.81978	0.82072	61691
2014-04-23 00:00	0.82071	0.82460	0.82012	0.82326	68513
2014-04-24 00:00	0.82326	0.82444	0.82202	0.82279	66898
2014-04-25 00:00	0.82280	0.82413	0.82221	0.82309	51084
2014-04-27 00:00	0.82354	0.82387	0.82336	0.82350	2510
2014-04-28 00:00	0.82349	0.82434	0.82173	0.82405	68018
2014-04-29 00:00	0.82405	0.82586	0.82007	0.82100	67918
2014-04-30 00:00	0.82099	0.82343	0.81960	0.82177	80711
2014-05-01 00:00	0.82176	0.82280	0.82033	0.82093	52816
2014-05-02 00:00	0.82093	0.82246	0.81998	0.82192	65993
2014-05-04 00:00	0.82212	0.82229	0.82169	0.82183	1685
2014-05-05 00:00	0.82182	0.82325	0.82143	0.82254	45366
2014-05-06 00:00	0.82253	0.82256	0.81941	0.82051	68122
2014-05-07 00:00	0.82051	0.82134	0.81929	0.82044	56910
2014-05-08 00:00	0.82045	0.82482	0.81684	0.81740	81767
2014-05-09 00:00	0.81740	0.81827	0.81607	0.81616	65775
2014-05-11 00:00	0.81642	0.81664	0.81600	0.81616	2560
2014-05-12 00:00	0.81616	0.81679	0.81430	0.81522	52275
2014-05-13 00:00	0.81522	0.81735	0.81348	0.81439	69921
2014-05-14 00:00	0.81439	0.81829	0.81265	0.81805	70587
2014-05-15 00:00	0.81802	0.81826	0.81443	0.81678	71090
2014-05-16 00:00	0.81678	0.81712	0.81397	0.81431	53005
2014-05-18 00:00	0.81429	0.81466	0.81399	0.81445	2811
2014-05-19 00:00	0.81445	0.81580	0.81410	0.81552	56854
2014-05-20 00:00	0.81546	0.81563	0.81190	0.81384	56381
2014-05-21 00:00	0.81384	0.81446	0.80853	0.80968	68481
2014-05-22 00:00	0.80969	0.81123	0.80849	0.80945	64986
2014-05-23 00:00	0.80946	0.81042	0.80814	0.80951	57857
2014-05-25 00:00	0.80876	0.80977	0.80847	0.80956	3258
2014-05-26 00:00	0.80956	0.81056	0.80849	0.81044	41383
2014-05-27 00:00	0.81044	0.81169	0.80858	0.81099	67546
2014-05-28 00:00	0.81100	0.81431	0.81054	0.81319	68277
2014-05-29 00:00	0.81319	0.81524	0.81283	0.81339	61370
2014-05-30 00:00	0.81339	0.81391	0.81200	0.81345	59575
2014-06-01 00:00	0.81296	0.81350	0.81296	0.81334	3232
2014-06-02 00:00	0.81333	0.81430	0.81148	0.81205	63055
2014-06-03 00:00	0.81205	0.81480	0.81052	0.81364	67162
2014-06-04 00:00	0.81364	0.81496	0.81195	0.81256	76029
2014-06-05 00:00	0.81256	0.81389	0.80645	0.81274	107834
2014-06-06 00:00	0.81274	0.81278	0.81006	0.81169	76296
2014-06-08 00:00	0.81168	0.81201	0.81158	0.81197	2606
2014-06-09 00:00	0.81197	0.81220	0.80874	0.80890	63013
2014-06-10 00:00	0.80889	0.80941	0.80635	0.80837	76782
2014-06-11 00:00	0.80837	0.80845	0.80522	0.80613	79170
2014-06-12 00:00	0.80610	0.80643	0.79919	0.79919	90530
2014-06-13 00:00	0.79918	0.80029	0.79721	0.79776	86847
2014-06-15 00:00	0.79771	0.79785	0.79696	0.79728	3400
2014-06-16 00:00	0.79726	0.79964	0.79589	0.79957	70586
2014-06-17 00:00	0.79959	0.80088	0.79809	0.79879	78603
2014-06-18 00:00	0.79878	0.80160	0.79690	0.79945	84305
2014-06-19 00:00	0.79946	0.80248	0.79826	0.79873	82645
2014-06-20 00:00	0.79874	0.79964	0.79686	0.79924	63420
2014-06-22 00:00	0.79830	0.79895	0.79830	0.79846	3528
2014-06-23 00:00	0.79846	0.79972	0.79768	0.79881	70178
2014-06-24 00:00	0.79881	0.80245	0.79835	0.80121	76811
2014-06-25 00:00	0.80121	0.80335	0.80105	0.80249	75533
2014-06-26 00:00	0.80247	0.80314	0.79825	0.79958	83507
2014-06-27 00:00	0.79957	0.80181	0.79919	0.80090	66888
2014-06-29 00:00	0.80068	0.80139	0.80063	0.80087	2532
2014-06-30 00:00	0.80087	0.80273	0.79982	0.80025	77829
2014-07-01 00:00	0.80025	0.80074	0.79730	0.79779	72813
2014-07-02 00:00	0.79780	0.79797	0.79504	0.79555	66279
2014-07-03 00:00	0.79556	0.79721	0.79306	0.79341	81655
2014-07-04 00:00	0.79341	0.79341	0.79192	0.79215	51939
2014-07-06 00:00	0.79182	0.79227	0.79181	0.79214	5311
2014-07-07 00:00	0.79211	0.79469	0.79147	0.79408	63775
2014-07-08 00:00	0.79411	0.79593	0.79260	0.79452	69039
2014-07-09 00:00	0.79450	0.79627	0.79434	0.79516	78897
2014-07-10 00:00	0.79516	0.79683	0.79339	0.79417	76006
2014-07-11 00:00	0.79417	0.79583	0.79364	0.79530	64189
2014-07-13 00:00	0.79411	0.79491	0.79411	0.79440	2812
2014-07-14 00:00	0.79441	0.79800	0.79430	0.79712	73870
2014-07-15 00:00	0.79712	0.79804	0.79106	0.79156	90857
2014-07-16 00:00	0.79157	0.79178	0.78902	0.78929	74909
2014-07-17 00:00	0.78929	0.79143	0.78885	0.79088	79188
2014-07-18 00:00	0.79087	0.79331	0.79033	0.79142	72804
2014-07-20 00:00	0.79143	0.79220	0.79129	0.79172	5062
2014-07-21 00:00	0.79171	0.79283	0.79122	0.79218	59579
2014-07-22 00:00	0.79218	0.79224	0.78893	0.78919	76209
2014-07-23 00:00	0.78918	0.79102	0.78738	0.78996	74746
2014-07-24 00:00	0.78996	0.79391	0.78880	0.79249	76698
2014-07-25 00:00	0.79250	0.79335	0.79056	0.79092	69041
2014-07-27 00:00	0.79094	0.79127	0.79068	0.79074	3225
2014-07-28 00:00	0.79075	0.79175	0.79039	0.79118	60181
2014-07-29 00:00	0.79118	0.79264	0.79067	0.79126	72883
2014-07-30 00:00	0.79126	0.79231	0.79090	0.79212	85612
2014-07-31 00:00	0.79211	0.79418	0.79140	0.79264	88407
2014-08-01 00:00	0.79264	0.79844	0.79249	0.79801	90659
2014-08-03 00:00	0.79696	0.79827	0.79696	0.79802	4276
2014-08-04 00:00	0.79802	0.79836	0.79570	0.79574	60880
2014-08-05 00:00	0.79573	0.79644	0.79185	0.79225	72930
2014-08-06 00:00	0.79225	0.79456	0.79156	0.79385	85713
2014-08-07 00:00	0.79386	0.79559	0.79240	0.79374	89059
2014-08-08 00:00	0.79372	0.79971	0.79370	0.79914	90846
2014-08-10 00:00	0.79889	0.79940	0.79878	0.79897	5605
2014-08-11 00:00	0.79897	0.79922	0.79705	0.79740	64031
2014-08-12 00:00	0.79741	0.79798	0.79444	0.79525	75046
2014-08-13 00:00	0.79525	0.80198	0.79210	0.80090	88089
2014-08-14 00:00	0.80090	0.80359	0.79998	0.80075	81019
2014-08-15 00:00	0.80075	0.80326	0.80046	0.80242	74538
2014-08-17 00:00	0.80006	0.80143	0.80005	0.80086	4077
2014-08-18 00:00	0.80086	0.80111	0.79833	0.79889	62124
2014-08-19 00:00	0.79889	0.80276	0.79823	0.80146	82646
2014-08-20 00:00	0.80146	0.80151	0.79697	0.79873	89320
2014-08-21 00:00	0.79873	0.80115	0.79861	0.80090	75140
2014-08-22 00:00	0.80089	0.80157	0.79789	0.79888	77003
2014-08-24 00:00	0.79729	0.79787	0.79702	0.79742	6115
2014-08-25 00:00	0.79742	0.79784	0.79518	0.79578	70708
2014-08-26 00:00	0.79578	0.79675	0.79550	0.79588	83824
2014-08-27 00:00	0.79587	0.79641	0.79382	0.79584	85386
2014-08-28 00:00	0.79584	0.79667	0.79378	0.79473	89523
2014-08-29 00:00	0.79474	0.79577	0.79083	0.79103	78805
2014-08-31 00:00	0.79109	0.79170	0.79099	0.79117	3735
2014-09-01 00:00	0.79118	0.79142	0.78913	0.79030	68490
2014-09-02 00:00	0.79029	0.79752	0.79029	0.79735	88753
2014-09-03 00:00	0.79735	0.79956	0.79647	0.79875	91873
2014-09-04 00:00	0.79876	0.79931	0.79025	0.79358	113051
2014-09-05 00:00	0.79359	0.79565	0.79203	0.79314	89341
2014-09-07 00:00	0.80096	0.80120	0.79828	0.79879	8065
2014-09-08 00:00	0.79879	0.80369	0.79780	0.80103	110008
2014-09-09 00:00	0.80103	0.80370	0.79790	0.80264	113405
2014-09-10 00:00	0.80264	0.80654	0.79531	0.79735	124980
2014-09-11 00:00	0.79735	0.79780	0.79400	0.79525	118164
2014-09-12 00:00	0.79525	0.79817	0.79442	0.79674	98247
2014-09-14 00:00	0.79680	0.79743	0.79666	0.79703	3827
2014-09-15 00:00	0.79703	0.79841	0.79447	0.79738	90938
2014-09-16 00:00	0.79736	0.80090	0.79570	0.79664	108386
2014-09-17 00:00	0.79664	0.79692	0.78902	0.78984	126233
2014-09-18 00:00	0.78984	0.79144	0.78471	0.78651	124391
2014-09-19 00:00	0.78650	0.78786	0.78098	0.78746	144667
2014-09-21 00:00	0.78694	0.78752	0.78548	0.78721	4120
2014-09-22 00:00	0.78721	0.78725	0.78439	0.78500	95422
2014-09-23 00:00	0.78500	0.78888	0.78347	0.78369	107755
2014-09-24 00:00	0.78371	0.78508	0.78120	0.78258	104683
2014-09-25 00:00	0.78260	0.78294	0.77848	0.78100	114360
2014-09-26 00:00	0.78099	0.78226	0.77993	0.78051	94458
2014-09-28 00:00	0.78077	0.78180	0.77994	0.78051	5110
2014-09-29 00:00	0.78051	0.78284	0.78025	0.78128	94724
2014-09-30 00:00	0.78130	0.78172	0.77662	0.77877	118115
2014-10-01 00:00	0.77877	0.77993	0.77668	0.77963	117563
2014-10-02 00:00	0.77963	0.78579	0.77900	0.78404	130890
2014-10-03 00:00	0.78404	0.78605	0.78200	0.78317	98353
2014-10-05 00:00	0.78382	0.78408	0.78317	0.78384	3291
2014-10-06 00:00	0.78384	0.78738	0.78283	0.78656	94532
2014-10-07 00:00	0.78655	0.78749	0.78367	0.78725	114326
2014-10-08 00:00	0.78724	0.78997	0.78590	0.78826	116164
2014-10-09 00:00	0.78826	0.78948	0.78548	0.78702	129906
2014-10-10 00:00	0.78702	0.78946	0.78500	0.78527	100967
2014-10-12 00:00	0.78580	0.78604	0.78526	0.78540	6348
2014-10-13 00:00	0.78540	0.79334	0.78524	0.79191	103694
2014-10-14 00:00	0.79191	0.79610	0.79055	0.79550	120422
2014-10-15 00:00	0.79551	0.80462	0.79357	0.80187	164945
2014-10-16 00:00	0.80187	0.80273	0.79466	0.79545	142763
2014-10-17 00:00	0.79544	0.79810	0.79248	0.79269	96120
2014-10-19 00:00	0.79118	0.79269	0.79118	0.79221	5694
2014-10-20 00:00	0.79223	0.79301	0.79034	0.79191	89772
2014-10-21 00:00	0.79192	0.79418	0.78773	0.78901	114426
2014-10-22 00:00	0.78899	0.79254	0.78724	0.78790	113639
2014-10-23 00:00	0.78790	0.79169	0.78707	0.78925	116098
2014-10-24 00:00	0.78925	0.79007	0.78708	0.78746	89777
2014-10-26 00:00	0.78803	0.78821	0.78723	0.78778	4598
2014-10-27 00:00	0.78778	0.78935	0.78616	0.78774	86262
2014-10-28 00:00	0.78775	0.79008	0.78719	0.78906	92880
2014-10-29 00:00	0.78908	0.79122	0.78868	0.78930	96714
2014-10-30 00:00	0.78930	0.79040	0.78602	0.78807	104366
2014-10-31 00:00	0.78807	0.78817	0.78231	0.78277	106795
2014-11-02 00:00	0.78325	0.78344	0.78247	0.78271	5458
2014-11-03 00:00	0.78269	0.78360	0.77990	0.78192	106003
2014-11-04 00:00	0.78193	0.78535	0.78125	0.78425	109456
2014-11-05 00:00	0.78425	0.78636	0.78079	0.78159	125722
2014-11-06 00:00	0.78159	0.78636	0.77989	0.78149	140277
2014-11-07 00:00	0.78150	0.78578	0.78121	0.78479	116091
2014-11-09 00:00	0.78515	0.78538	0.78441	0.78452	4613
2014-11-10 00:00	0.78452	0.78620	0.78279	0.78391	100185
2014-11-11 00:00	0.78389	0.78477	0.78211	0.78332	100320
2014-11-12 00:00	0.78333	0.78894	0.78018	0.78818	130128
2014-11-13 00:00	0.78818	0.79463	0.78811	0.79439	110997
2014-11-14 00:00	0.79438	0.79997	0.79349	0.79906	118911
2014-11-16 00:00	0.79874	0.79954	0.79852	0.79928	6703
2014-11-17 00:00	0.79928	0.80024	0.79546	0.79610	105953
2014-11-18 00:00	0.79610	0.80228	0.79605	0.80189	110184
2014-11-19 00:00	0.80188	0.80384	0.79886	0.80010	125725
2014-11-20 00:00	0.80010	0.80270	0.79731	0.79926	125974
2014-11-21 00:00	0.79924	0.80026	0.79060	0.79081	119685
2014-11-23 00:00	0.79051	0.79090	0.79028	0.79073	5863
2014-11-24 00:00	0.79072	0.79345	0.79050	0.79203	103943
2014-11-25 00:00	0.79203	0.79431	0.79171	0.79381	100473
2014-11-26 00:00	0.79382	0.79496	0.78967	0.79195	95588
2014-11-27 00:00	0.79195	0.79426	0.79062	0.79225	100632
2014-11-28 00:00	0.79223	0.79704	0.79129	0.79564	98176
2014-11-30 00:00	0.79627	0.79683	0.79519	0.79659	6192
2014-12-01 00:00	0.79659	0.79765	0.79221	0.79251	123841
2014-12-02 00:00	0.79251	0.79409	0.79100	0.79169	108010
2014-12-03 00:00	0.79169	0.79202	0.78320	0.78468	111826
2014-12-04 00:00	0.78468	0.79218	0.78392	0.78993	131985
2014-12-05 00:00	0.78995	0.79233	0.78500	0.78813	112385
2014-12-07 00:00	0.78875	0.79014	0.78821	0.78972	4161
2014-12-08 00:00	0.78973	0.78993	0.78441	0.78680	106871
2014-12-09 00:00	0.78681	0.79294	0.78634	0.78978	133946
2014-12-10 00:00	0.78979	0.79268	0.78843	0.79232	123270
2014-12-11 00:00	0.79232	0.79538	0.78780	0.78841	134242
2014-12-12 00:00	0.78841	0.79397	0.78736	0.79241	110827
2014-12-14 00:00	0.79284	0.79355	0.79198	0.79263	7626
2014-12-15 00:00	0.79263	0.79716	0.79070	0.79525	114532
2014-12-16 00:00	0.79527	0.80062	0.79347	0.79469	148530
2014-12-17 00:00	0.79469	0.79542	0.79090	0.79215	148307
2014-12-18 00:00	0.79215	0.79215	0.78358	0.78428	130714
2014-12-19 00:00	0.78424	0.78584	0.78126	0.78215	111087
2014-12-21 00:00	0.78192	0.78246	0.78192	0.78221	3138
2014-12-22 00:00	0.78217	0.78591	0.78214	0.78459	87449
2014-12-23 00:00	0.78457	0.78677	0.78374	0.78443	89173
2014-12-24 00:00	0.78444	0.78655	0.78325	0.78394	55910
2014-12-25 00:00	0.78379	0.78582	0.78354	0.78448	9277
2014-12-26 00:00	0.78448	0.78541	0.78200	0.78242	50883
2014-12-28 00:00	0.78222	0.78297	0.78200	0.78235	3723
2014-12-29 00:00	0.78242	0.78532	0.78207	0.78331	79169
2014-12-30 00:00	0.78330	0.78440	0.78090	0.78121	78929
2014-12-31 00:00	0.78121	0.78167	0.77595	0.77645	71630
2015-01-01 00:00	0.77640	0.77695	0.77564	0.77583	6271
2015-01-02 00:00	0.77581	0.78332	0.77448	0.78292	104970
2015-01-04 00:00	0.78072	0.78501	0.78053	0.78160	10200
2015-01-05 00:00	0.78161	0.78438	0.78000	0.78237	118597
2015-01-06 00:00	0.78237	0.78743	0.78199	0.78441	117656
2015-01-07 00:00	0.78440	0.78538	0.78143	0.78336	122690
2015-01-08 00:00	0.78336	0.78559	0.78050	0.78165	116254
2015-01-09 00:00	0.78165	0.78246	0.77842	0.78063	119403
2015-01-11 00:00	0.78044	0.78150	0.78041	0.78140	4555
2015-01-12 00:00	0.78140	0.78303	0.77857	0.77987	118388
2015-01-13 00:00	0.77985	0.78298	0.77563	0.77639	129061
2015-01-14 00:00	0.77640	0.77814	0.77325	0.77350	145342
2015-01-15 00:00	0.77350	0.77462	0.76272	0.76643	211580
2015-01-16 00:00	0.76643	0.76723	0.75953	0.76264	143882
2015-01-18 00:00	0.76332	0.76470	0.76328	0.76357	4167
2015-01-19 00:00	0.76357	0.76864	0.76296	0.76838	103179
2015-01-20 00:00	0.76838	0.76923	0.76126	0.76230	111755
2015-01-21 00:00	0.76231	0.77143	0.76173	0.76692	144919
2015-01-22 00:00	0.76692	0.76698	0.75534	0.75610	171881
2015-01-23 00:00	0.75610	0.75823	0.74278	0.74701	162225
2015-01-25 00:00	0.74290	0.74342	0.74047	0.74307	9361
2015-01-26 00:00	0.74304	0.75057	0.74262	0.74567	146128
2015-01-27 00:00	0.74567	0.75116	0.74349	0.74837	145923
2015-01-28 00:00	0.74834	0.74966	0.74435	0.74519	132243
2015-01-29 00:00	0.74518	0.75272	0.74420	0.75165	126755
2015-01-30 00:00	0.75163	0.75361	0.74811	0.74886	123927
2015-02-01 00:00	0.74910	0.75019	0.74887	0.74955	6502
2015-02-02 00:00	0.74955	0.75646	0.74908	0.75454	120749
2015-02-03 00:00	0.75454	0.75920	0.75248	0.75663	126483
2015-02-04 00:00	0.75662	0.75741	0.74493	0.74552	134860
2015-02-05 00:00	0.74552	0.75102	0.74550	0.74872	126179
2015-02-06 00:00	0.74872	0.74872	0.74171	0.74202	105941
2015-02-08 00:00	0.74162	0.74271	0.74160	0.74236	6620
2015-02-09 00:00	0.74236	0.74587	0.74126	0.74428	104876
2015-02-10 00:00	0.74428	0.74452	0.74086	0.74172	117594
2015-02-11 00:00	0.74173	0.74472	0.73848	0.74197	114022
2015-02-12 00:00	0.74197	0.74549	0.73716	0.74092	137374
2015-02-13 00:00	0.74093	0.74334	0.73912	0.73933	113749
2015-02-15 00:00	0.73887	0.74028	0.73871	0.73995	6892
2015-02-16 00:00	0.73995	0.74270	0.73778	0.73805	115946
2015-02-17 00:00	0.73805	0.74434	0.73746	0.74278	128527
2015-02-18 00:00	0.74278	0.74316	0.73478	0.73851	139385
2015-02-19 00:00	0.73851	0.74089	0.73568	0.73706	124520
2015-02-20 00:00	0.73707	0.74287	0.73395	0.73828	152056
2015-02-22 00:00	0.73993	0.74006	0.73923	0.73954	3856
2015-02-23 00:00	0.73954	0.74050	0.73254	0.73346	111532
2015-02-24 00:00	0.73347	0.73487	0.73163	0.73359	121894
2015-02-25 00:00	0.73359	0.73448	0.73136	0.73185	118127
2015-02-26 00:00	0.73183	0.73262	0.72610	0.72673	137023
2015-02-27 00:00	0.72672	0.72974	0.72457	0.72491	129744
2015-03-01 00:00	0.72482	0.72515	0.72389	0.72442	7918
2015-03-02 00:00	0.72443	0.73010	0.72426	0.72771	110697
2015-03-03 00:00	0.72771	0.72884	0.72584	0.72767	113337
2015-03-04 00:00	0.72767	0.72803	0.72358	0.72586	111787
2015-03-05 00:00	0.72586	0.72861	0.72196	0.72348	138230
2015-03-06 00:00	0.72348	0.72385	0.71810	0.72081	130962
2015-03-08 00:00	0.71990	0.72047	0.71952	0.72017	11246
2015-03-09 00:00	0.72017	0.72193	0.71698	0.71717	116803
2015-03-10 00:00	0.71716	0.71761	0.70841	0.71009	165733
2015-03-11 00:00	0.71009	0.71054	0.70138	0.70625	176000
2015-03-12 00:00	0.70625	0.71461	0.70340	0.71357	177848
2015-03-13 00:00	0.71357	0.71718	0.71034	0.71162	150218
2015-03-15 00:00	0.70978	0.71213	0.70978	0.71053	7242
2015-03-16 00:00	0.71053	0.71646	0.71049	0.71307	130432
2015-03-17 00:00	0.71307	0.72162	0.71188	0.71825	125598
2015-03-18 00:00	0.71825	0.72920	0.71701	0.72510	154002
2015-03-19 00:00	0.72511	0.72757	0.71535	0.72278	164084
2015-03-20 00:00	0.72280	0.72652	0.72243	0.72259	131333
2015-03-22 00:00	0.72373	0.72599	0.72351	0.72441	11632
2015-03-23 00:00	0.72441	0.73313	0.72276	0.73200	166817
2015-03-24 00:00	0.73200	0.73715	0.73028	0.73508	159117
2015-03-25 00:00	0.73506	0.73848	0.73429	0.73685	141168
2015-03-26 00:00	0.73685	0.73844	0.73192	0.73269	156400
2015-03-27 00:00	0.73269	0.73419	0.72654	0.73198	146116
2015-03-29 00:00	0.73114	0.73149	0.73044	0.73114	7165
2015-03-30 00:00	0.73115	0.73391	0.72926	0.73124	146351
2015-03-31 00:00	0.73125	0.73218	0.72222	0.72410	142118
2015-04-01 00:00	0.72410	0.72981	0.72303	0.72597	151004
2015-04-02 00:00	0.72597	0.73503	0.72530	0.73305	139276
2015-04-03 00:00	0.73305	0.73788	0.73253	0.73449	87752
2015-04-05 00:00	0.73665	0.73781	0.73586	0.73678	8576
2015-04-06 00:00	0.73680	0.73732	0.73339	0.73435	75787
2015-04-07 00:00	0.73435	0.73505	0.72842	0.73012	132555
2015-04-08 00:00	0.73012	0.73140	0.72273	0.72492	134326
2015-04-09 00:00	0.72495	0.72772	0.72341	0.72479	129214
2015-04-10 00:00	0.72480	0.72594	0.72236	0.72452	113673
2015-04-12 00:00	0.72382	0.72504	0.72362	0.72460	4592
2015-04-13 00:00	0.72459	0.72696	0.71973	0.72071	119887
2015-04-14 00:00	0.72070	0.72351	0.71814	0.72072	125683
2015-04-15 00:00	0.72067	0.72165	0.71659	0.71996	135557
2015-04-16 00:00	0.71995	0.72305	0.71633	0.72071	141240
2015-04-17 00:00	0.72072	0.72293	0.71684	0.72176	131682
2015-04-19 00:00	0.72302	0.72329	0.72159	0.72224	4602
2015-04-20 00:00	0.72225	0.72255	0.71853	0.72087	114286
2015-04-21 00:00	0.72086	0.72105	0.71698	0.71922	120975
2015-04-22 00:00	0.71922	0.72060	0.71218	0.71316	121884
2015-04-23 00:00	0.71315	0.71979	0.71168	0.71843	127239
2015-04-24 00:00	0.71844	0.72119	0.71473	0.71577	122689
2015-04-26 00:00	0.71563	0.71629	0.71524	0.71610	3589
2015-04-27 00:00	0.71606	0.71711	0.71397	0.71449	112673
2015-04-28 00:00	0.71447	0.71714	0.71317	0.71540	121955
2015-04-29 00:00	0.71537	0.72243	0.71365	0.72031	146613
2015-04-30 00:00	0.72033	0.73348	0.71873	0.73022	152161
2015-05-01 00:00	0.73022	0.74194	0.73002	0.73930	107692
2015-05-03 00:00	0.73866	0.73967	0.73803	0.73829	8694
2015-05-04 00:00	0.73829	0.73972	0.73515	0.73727	99462
2015-05-05 00:00	0.73725	0.73831	0.73149	0.73698	128689
2015-05-06 00:00	0.73699	0.74496	0.73670	0.74402	136116
2015-05-07 00:00	0.74401	0.74828	0.72799	0.73030	146181
2015-05-08 00:00	0.73030	0.73131	0.72248	0.72464	143312
2015-05-10 00:00	0.72482	0.72553	0.72463	0.72522	4754
2015-05-11 00:00	0.72522	0.72565	0.71406	0.71545	135495
2015-05-12 00:00	0.71545	0.72265	0.71515	0.71595	129262
2015-05-13 00:00	0.71596	0.72278	0.71226	0.72106	142844
2015-05-14 00:00	0.72105	0.72441	0.72045	0.72294	154435
2015-05-15 00:00	0.72294	0.72825	0.72055	0.72767	129234
2015-05-17 00:00	0.72688	0.72761	0.72668	0.72711	3830
2015-05-18 00:00	0.72711	0.72832	0.72168	0.72298	116005
2015-05-19 00:00	0.72299	0.72323	0.71497	0.71829	135474
2015-05-20 00:00	0.71827	0.71856	0.71265	0.71425	146557
2015-05-21 00:00	0.71426	0.71673	0.70895	0.70947	127491
2015-05-22 00:00	0.70945	0.71626	0.70932	0.71043	118847
2015-05-24 00:00	0.71065	0.71125	0.70885	0.71034	6622
2015-05-25 00:00	0.71033	0.71074	0.70730	0.70895	65008
2015-05-26 00:00	0.70896	0.70991	0.70604	0.70717	124852
2015-05-27 00:00	0.70717	0.71134	0.70554	0.71001	117493
2015-05-28 00:00	0.71001	0.71630	0.70973	0.71553	120667
2015-05-29 00:00	0.71554	0.72014	0.71396	0.71850	116765
2015-05-31 00:00	0.71764	0.71881	0.71663	0.71675	4854
2015-06-01 00:00	0.71673	0.71966	0.71453	0.71864	131068
2015-06-02 00:00	0.71865	0.73039	0.71794	0.72688	147229
2015-06-03 00:00	0.72686	0.73574	0.72523	0.73468	139171
2015-06-04 00:00	0.73467	0.73854	0.72810	0.72962	139612
2015-06-05 00:00	0.72961	0.73598	0.72693	0.72762	126992
2015-06-07 00:00	0.72716	0.72772	0.72664	0.72740	3777
2015-06-08 00:00	0.72740	0.73636	0.72655	0.73521	128228
2015-06-09 00:00	0.73520	0.73886	0.73273	0.73386	134672
2015-06-10 00:00	0.73387	0.73648	0.72671	0.72956	147762
2015-06-11 00:00	0.72956	0.73154	0.72365	0.72476	123195
2015-06-12 00:00	0.72477	0.72570	0.71960	0.72375	122146
2015-06-14 00:00	0.72091	0.72194	0.72037	0.72106	5807
2015-06-15 00:00	0.72106	0.72478	0.72030	0.72283	115301
2015-06-16 00:00	0.72284	0.72503	0.71751	0.71877	112957
2015-06-17 00:00	0.71876	0.72128	0.71449	0.71695	129626
2015-06-18 00:00	0.71696	0.72003	0.71513	0.71609	131962
2015-06-19 00:00	0.71609	0.71637	0.71250	0.71431	97098
2015-06-21 00:00	0.71607	0.71659	0.71540	0.71575	3905
2015-06-22 00:00	0.71573	0.72110	0.71349	0.71684	107981
2015-06-23 00:00	0.71684	0.71792	0.70801	0.70999	120636
2015-06-24 00:00	0.70999	0.71442	0.70847	0.71346	109744
2015-06-25 00:00	0.71347	0.71480	0.71003	0.71145	101416
2015-06-26 00:00	0.71144	0.71263	0.70743	0.70858	93234
2015-06-28 00:00	0.70074	0.70157	0.69879	0.69948	13723
2015-06-29 00:00	0.69948	0.71673	0.69926	0.71326	130665
2015-06-30 00:00	0.71325	0.71325	0.70737	0.70971	129193
2015-07-01 00:00	0.70957	0.71288	0.70607	0.70729	122430
2015-07-02 00:00	0.70728	0.71185	0.70723	0.71016	109667
2015-07-03 00:00	0.71016	0.71350	0.70966	0.71295	94189
2015-07-05 00:00	0.70689	0.70897	0.70537	0.70699	9464
2015-07-06 00:00	0.70698	0.71214	0.70682	0.70819	119164
2015-07-07 00:00	0.70820	0.71402	0.70599	0.71188	138539
2015-07-08 00:00	0.71189	0.72236	0.71114	0.72043	130204
2015-07-09 00:00	0.72041	0.72223	0.71611	0.71955	115444
2015-07-10 00:00	0.71957	0.72236	0.71745	0.71841	112888
2015-07-12 00:00	0.71558	0.71832	0.71505	0.71734	5646
2015-07-13 00:00	0.71733	0.72017	0.70873	0.70951	129072
2015-07-14 00:00	0.70951	0.71378	0.70367	0.70393	117227
2015-07-15 00:00	0.70391	0.70680	0.69926	0.69990	121840
2015-07-16 00:00	0.69990	0.70022	0.69618	0.69712	113369
2015-07-17 00:00	0.69710	0.69892	0.69359	0.69363	91576
2015-07-19 00:00	0.69367	0.69464	0.69365	0.69401	3290
2015-07-20 00:00	0.69399	0.69767	0.69378	0.69580	88432
2015-07-21 00:00	0.69580	0.70452	0.69468	0.70306	110002
2015-07-22 00:00	0.70304	0.70364	0.69634	0.69962	106219
2015-07-23 00:00	0.69961	0.71025	0.69890	0.70798	114083
2015-07-24 00:00	0.70797	0.70924	0.70532	0.70779	86455
2015-07-26 00:00	0.70771	0.70784	0.70670	0.70686	2756
2015-07-27 00:00	0.70685	0.71601	0.70677	0.71249	110691
2015-07-28 00:00	0.71248	0.71305	0.70718	0.70887	104071
2015-07-29 00:00	0.70887	0.70991	0.70317	0.70395	108867
2015-07-30 00:00	0.70393	0.70413	0.69849	0.70111	104740
2015-07-31 00:00	0.70111	0.70978	0.70031	0.70283	107943
2015-08-02 00:00	0.70161	0.70278	0.70146	0.70198	3988
2015-08-03 00:00	0.70198	0.70417	0.70114	0.70241	89748
2015-08-04 00:00	0.70242	0.70452	0.69900	0.69924	101620
2015-08-05 00:00	0.69924	0.69946	0.69506	0.69875	118100
2015-08-06 00:00	0.69875	0.70462	0.69687	0.70406	105979
2015-08-07 00:00	0.70406	0.70950	0.70156	0.70745	95436
2015-08-09 00:00	0.70729	0.70788	0.70729	0.70751	3001
2015-08-10 00:00	0.70751	0.70966	0.70525	0.70678	87135
2015-08-11 00:00	0.70677	0.71171	0.70387	0.70854	101855
2015-08-12 00:00	0.70854	0.71699	0.70826	0.71455	107281
2015-08-13 00:00	0.71454	0.71565	0.71009	0.71459	107128
2015-08-14 00:00	0.71459	0.71585	0.70960	0.70986	96809
2015-08-16 00:00	0.70991	0.71045	0.70869	0.70893	4559
2015-08-17 00:00	0.70893	0.71135	0.70640	0.71078	95762
2015-08-18 00:00	0.71078	0.71163	0.70260	0.70415	93334
2015-08-19 00:00	0.70416	0.70963	0.70367	0.70892	100758
2015-08-20 00:00	0.70892	0.71640	0.70892	0.71611	109588
2015-08-21 00:00	0.71610	0.72590	0.71508	0.72525	111621
2015-08-23 00:00	0.72553	0.72687	0.72476	0.72574	8765
2015-08-24 00:00	0.72573	0.74212	0.72552	0.73476	165676
2015-08-25 00:00	0.73477	0.73613	0.72584	0.73596	145636
2015-08-26 00:00	0.73605	0.73643	0.72918	0.73248	164494
2015-08-27 00:00	0.73248	0.73346	0.72762	0.72953	145405
2015-08-28 00:00	0.72955	0.73541	0.72585	0.72618	116438
2015-08-30 00:00	0.72479	0.72750	0.72389	0.72726	6410
2015-08-31 00:00	0.72725	0.73219	0.72620	0.73059	91290
2015-09-01 00:00	0.73058	0.73944	0.73051	0.73813	130828
2015-09-02 00:00	0.73812	0.73881	0.73251	0.73254	116710
2015-09-03 00:00	0.73254	0.73743	0.72761	0.72902	104861
2015-09-04 00:00	0.72900	0.73509	0.72836	0.73449	98660
2015-09-06 00:00	0.73505	0.73524	0.73340	0.73398	4575
2015-09-07 00:00	0.73399	0.73571	0.72989	0.73054	100692
2015-09-08 00:00	0.73054	0.73297	0.72412	0.72783	115144
2015-09-09 00:00	0.72784	0.73067	0.72399	0.73046	117051
2015-09-10 00:00	0.73046	0.73194	0.72423	0.73068	130078
2015-09-11 00:00	0.73066	0.73558	0.72939	0.73447	98110
2015-09-13 00:00	0.73421	0.73567	0.73404	0.73428	4771
2015-09-14 00:00	0.73429	0.73587	0.73247	0.73300	92838
2015-09-15 00:00	0.73299	0.73570	0.73122	0.73449	98381
2015-09-16 00:00	0.73450	0.73590	0.72656	0.72783	105729
2015-09-17 00:00	0.72783	0.73387	0.72754	0.73245	119454
2015-09-18 00:00	0.73244	0.73405	0.72625	0.72726	114658
2015-09-20 00:00	0.72654	0.72785	0.72638	0.72712	5420
2015-09-21 00:00	0.72714	0.72846	0.72102	0.72148	94113
2015-09-22 00:00	0.72146	0.72565	0.71963	0.72431	101514
2015-09-23 00:00	0.72430	0.73465	0.72358	0.73363	107234
2015-09-24 00:00	0.73361	0.74103	0.73219	0.73402	118499
2015-09-25 00:00	0.73405	0.73969	0.73022	0.73738	101500
2015-09-27 00:00	0.73627	0.73679	0.73544	0.73666	4435
2015-09-28 00:00	0.73664	0.74121	0.73353	0.74057	105767
2015-09-29 00:00	0.74058	0.74363	0.73802	0.74252	126057
2015-09-30 00:00	0.74251	0.74303	0.73616	0.73867	119727
2015-10-01 00:00	0.73866	0.73988	0.73556	0.73930	101432
2015-10-02 00:00	0.73930	0.74422	0.73544	0.73805	107190
2015-10-04 00:00	0.73820	0.73915	0.73815	0.73875	8381
2015-10-05 00:00	0.73871	0.74230	0.73729	0.73874	110162
2015-10-06 00:00	0.73874	0.74084	0.73697	0.73996	103069
2015-10-07 00:00	0.73996	0.74041	0.73327	0.73374	122763
2015-10-08 00:00	0.73374	0.73780	0.73363	0.73509	121943
2015-10-09 00:00	0.73510	0.74298	0.73360	0.74137	111818
2015-10-11 00:00	0.74155	0.74202	0.74141	0.74195	9275
2015-10-12 00:00	0.74195	0.74251	0.73963	0.74021	84422
2015-10-13 00:00	0.74021	0.74926	0.73924	0.74616	110911
2015-10-14 00:00	0.74616	0.74743	0.74010	0.74129	122195
2015-10-15 00:00	0.74128	0.74236	0.73422	0.73469	118455
2015-10-16 00:00	0.73468	0.73688	0.73381	0.73468	93909
2015-10-18 00:00	0.73563	0.73589	0.73511	0.73581	5559
2015-10-19 00:00	0.73580	0.73722	0.73036	0.73225	89185
2015-10-20 00:00	0.73224	0.73560	0.73131	0.73508	90751
2015-10-21 00:00	0.73507	0.73732	0.73326	0.73574	93899
2015-10-22 00:00	0.73576	0.73581	0.72001	0.72028	130300
2015-10-23 00:00	0.72030	0.72316	0.71682	0.71928	114218
2015-10-25 00:00	0.71803	0.71978	0.71801	0.71948	7707
2015-10-26 00:00	0.71948	0.72111	0.71784	0.72026	91795
2015-10-27 00:00	0.72026	0.72270	0.71908	0.72050	93095
2015-10-28 00:00	0.72052	0.72498	0.71455	0.71537	110453
2015-10-29 00:00	0.71536	0.71916	0.71438	0.71722	116607
2015-10-30 00:00	0.71722	0.71992	0.71233	0.71314	124251
2015-11-01 00:00	0.71378	0.71470	0.71361	0.71392	5617
2015-11-02 00:00	0.71392	0.71638	0.71071	0.71416	91119
2015-11-03 00:00	0.71416	0.71472	0.70998	0.71092	93929
2015-11-04 00:00	0.71092	0.71100	0.70538	0.70600	105639
2015-11-05 00:00	0.70600	0.71600	0.70413	0.71553	107302
2015-11-06 00:00	0.71553	0.71969	0.71086	0.71311	109151
2015-11-08 00:00	0.71260	0.71335	0.71247	0.71272	4614
2015-11-09 00:00	0.71271	0.71540	0.71080	0.71164	114511
2015-11-10 00:00	0.71163	0.71273	0.70675	0.70927	103772
2015-11-11 00:00	0.70930	0.71041	0.70493	0.70702	98309
2015-11-12 00:00	0.70704	0.71097	0.70404	0.70955	117551
2015-11-13 00:00	0.70955	0.70984	0.70413	0.70682	107548
2015-11-15 00:00	0.70492	0.70557	0.70227	0.70308	6797
2015-11-16 00:00	0.70309	0.70789	0.70211	0.70304	108174
2015-11-17 00:00	0.70304	0.70330	0.69845	0.69944	111429
2015-11-18 00:00	0.69944	0.70200	0.69818	0.70020	108345
2015-11-19 00:00	0.70020	0.70265	0.69828	0.70164	116849
2015-11-20 00:00	0.70163	0.70194	0.69847	0.70072	101425
2015-11-22 00:00	0.70031	0.70096	0.69993	0.70031	3975
2015-11-23 00:00	0.70031	0.70348	0.69917	0.70316	107801
2015-11-24 00:00	0.70318	0.70798	0.70146	0.70573	107197
2015-11-25 00:00	0.70573	0.70794	0.70029	0.70238	115116
2015-11-26 00:00	0.70237	0.70437	0.70151	0.70230	79913
2015-11-27 00:00	0.70230	0.70510	0.70184	0.70451	92194
2015-11-29 00:00	0.70402	0.70449	0.70358	0.70372	3162
2015-11-30 00:00	0.70373	0.70514	0.70127	0.70196	102057
2015-12-01 00:00	0.70197	0.70514	0.70067	0.70477	125471
2015-12-02 00:00	0.70477	0.71107	0.70297	0.70982	128479
2015-12-03 00:00	0.70982	0.72509	0.70483	0.72139	160607
2015-12-04 00:00	0.72139	0.72364	0.71800	0.71983	143923
2015-12-06 00:00	0.71904	0.72047	0.71904	0.72009	5166
2015-12-07 00:00	0.72009	0.72110	0.71636	0.71986	110163
2015-12-08 00:00	0.71986	0.72793	0.71979	0.72568	119883
2015-12-09 00:00	0.72568	0.72738	0.72193	0.72564	131862
2015-12-10 00:00	0.72563	0.72579	0.72035	0.72202	116795
2015-12-11 00:00	0.72201	0.72505	0.72071	0.72178	112731
2015-12-13 00:00	0.72098	0.72285	0.72088	0.72255	4161
2015-12-14 00:00	0.72252	0.73006	0.72063	0.72508	133738
2015-12-15 00:00	0.72507	0.73013	0.72148	0.72672	130876
2015-12-16 00:00	0.72672	0.73059	0.72528	0.72604	150776
2015-12-17 00:00	0.72604	0.72959	0.72391	0.72623	122485
2015-12-18 00:00	0.72625	0.72983	0.72399	0.72949	119801
2015-12-20 00:00	0.72797	0.72933	0.72797	0.72906	3573
2015-12-21 00:00	0.72907	0.73456	0.72787	0.73262	103660
2015-12-22 00:00	0.73260	0.74157	0.73201	0.73869	96256
2015-12-23 00:00	0.73868	0.73871	0.73070	0.73331	93930
2015-12-24 00:00	0.73332	0.73706	0.73190	0.73438	58290
2015-12-25 00:00	0.73437	0.73494	0.73173	0.73359	3671
2015-12-27 00:00	0.73378	0.73528	0.73306	0.73458	4729
2015-12-28 00:00	0.73458	0.73812	0.73439	0.73689	83625
2015-12-29 00:00	0.73690	0.74082	0.73522	0.73711	86982
2015-12-30 00:00	0.73710	0.73882	0.73488	0.73789	87625
2015-12-31 00:00	0.73788	0.73839	0.73342	0.73705	78945
2016-01-03 00:00	0.73780	0.73780	0.73615	0.73638	4229
2016-01-04 00:00	0.73638	0.74238	0.73463	0.73569	121189
2016-01-05 00:00	0.73569	0.73641	0.73122	0.73254	126359
2016-01-06 00:00	0.73255	0.73788	0.73193	0.73665	147327
2016-01-07 00:00	0.73662	0.74832	0.73627	0.74712	160161
2016-01-08 00:00	0.74712	0.75297	0.74210	0.75221	149482
2016-01-10 00:00	0.75116	0.75542	0.75116	0.75293	9922
2016-01-11 00:00	0.75292	0.75400	0.74423	0.74643	142549
2016-01-12 00:00	0.74643	0.75480	0.74518	0.75108	153285
2016-01-13 00:00	0.75108	0.75574	0.74662	0.75533	147075
2016-01-14 00:00	0.75534	0.76066	0.75219	0.75267	178980
2016-01-15 00:00	0.75267	0.76942	0.75266	0.76550	191941
2016-01-17 00:00	0.76623	0.76633	0.76486	0.76491	4851
2016-01-18 00:00	0.76491	0.76607	0.75953	0.76423	118621
2016-01-19 00:00	0.76424	0.77129	0.75824	0.76943	160130
2016-01-20 00:00	0.76943	0.77554	0.76573	0.76584	190541
2016-01-21 00:00	0.76586	0.77419	0.76168	0.76322	231556
2016-01-22 00:00	0.76322	0.76361	0.75254	0.75646	195872
2016-01-24 00:00	0.75616	0.75745	0.75601	0.75745	3528
2016-01-25 00:00	0.75741	0.76208	0.75523	0.76200	171354
2016-01-26 00:00	0.76198	0.76638	0.75498	0.75730	172755
2016-01-27 00:00	0.75730	0.76659	0.75637	0.76534	178619
2016-01-28 00:00	0.76533	0.76628	0.75941	0.76155	178154
2016-01-29 00:00	0.76151	0.76488	0.75611	0.76026	185770
2016-01-31 00:00	0.75985	0.76096	0.75972	0.75995	5685
2016-02-01 00:00	0.75991	0.76229	0.75398	0.75530	165256
2016-02-02 00:00	0.75529	0.76162	0.75486	0.75784	156599
2016-02-03 00:00	0.75783	0.76147	0.75258	0.76050	175466
2016-02-04 00:00	0.76050	0.77017	0.75924	0.76814	202537
2016-02-05 00:00	0.76814	0.77163	0.76697	0.76912	157938
2016-02-07 00:00	0.76903	0.76909	0.76782	0.76803	4871
2016-02-08 00:00	0.76802	0.77667	0.76608	0.77510	167400
2016-02-09 00:00	0.77510	0.78507	0.77305	0.78051	212307
2016-02-10 00:00	0.78051	0.78182	0.77128	0.77694	197354
2016-02-11 00:00	0.77693	0.78972	0.77567	0.78151	201956
2016-02-12 00:00	0.78150	0.78276	0.77420	0.77578	170008
2016-02-14 00:00	0.77482	0.77598	0.77274	0.77293	7624
2016-02-15 00:00	0.77294	0.77463	0.76973	0.77318	138078
2016-02-16 00:00	0.77318	0.78123	0.76953	0.77902	143872
2016-02-17 00:00	0.77902	0.78447	0.77616	0.77856	151015
2016-02-18 00:00	0.77856	0.78161	0.77073	0.77512	148503
2016-02-19 00:00	0.77512	0.77931	0.77239	0.77257	138673
2016-02-21 00:00	0.77868	0.77991	0.77673	0.77974	9113
2016-02-22 00:00	0.77972	0.78434	0.77683	0.77918	147420
2016-02-23 00:00	0.77919	0.78701	0.77759	0.78701	157874
2016-02-24 00:00	0.78700	0.79247	0.78544	0.79068	170502
2016-02-25 00:00	0.79068	0.79285	0.78795	0.78914	147342
2016-02-26 00:00	0.78915	0.79224	0.78432	0.78781	147939
2016-02-28 00:00	0.78727	0.78824	0.78715	0.78803	8397
2016-02-29 00:00	0.78803	0.78971	0.77909	0.78158	151653
2016-03-01 00:00	0.78158	0.78208	0.77571	0.77902	149346
2016-03-02 00:00	0.77903	0.78133	0.76909	0.77197	164895
2016-03-03 00:00	0.77199	0.77498	0.77046	0.77229	148641
2016-03-04 00:00	0.77230	0.77723	0.77210	0.77266	138590
2016-03-06 00:00	0.77282	0.77349	0.77272	0.77342	5955
2016-03-07 00:00	0.77343	0.77488	0.77131	0.77221	121670
2016-03-08 00:00	0.77221	0.77924	0.77202	0.77431	131884
2016-03-09 00:00	0.77433	0.77561	0.77004	0.77325	125775
2016-03-10 00:00	0.77325	0.78478	0.76521	0.78234	183715
2016-03-11 00:00	0.78234	0.78470	0.77378	0.77502	134027
2016-03-13 00:00	0.77445	0.77691	0.77394	0.77647	11421
2016-03-14 00:00	0.77647	0.77785	0.77352	0.77727	112858
2016-03-15 00:00	0.77728	0.78608	0.77692	0.78461	125184
2016-03-16 00:00	0.78460	0.78854	0.78423	0.78702	135237
2016-03-17 00:00	0.78703	0.79109	0.78074	0.78167	155490
2016-03-18 00:00	0.78167	0.78296	0.77742	0.77808	115461
2016-03-20 00:00	0.77938	0.77987	0.77851	0.77957	6310
2016-03-21 00:00	0.77958	0.78375	0.77945	0.78199	119185
2016-03-22 00:00	0.78201	0.79055	0.78138	0.78889	118182
2016-03-23 00:00	0.78889	0.79335	0.78816	0.79191	95832
2016-03-24 00:00	0.79191	0.79463	0.78823	0.78991	97624
2016-03-25 00:00	0.78989	0.79116	0.78854	0.78983	32997
2016-03-27 00:00	0.79020	0.79020	0.78921	0.78961	4883
2016-03-28 00:00	0.78960	0.79015	0.78431	0.78542	48089
2016-03-29 00:00	0.78543	0.78723	0.78304	0.78475	118543
2016-03-30 00:00	0.78476	0.78861	0.78343	0.78849	106976
2016-03-31 00:00	0.78849	0.79444	0.78788	0.79203	100571
2016-04-01 00:00	0.79203	0.80199	0.79186	0.80066	114800
2016-04-03 00:00	0.80148	0.80150	0.80063	0.80097	3211
2016-04-04 00:00	0.80100	0.80159	0.79597	0.79831	91060
2016-04-05 00:00	0.79831	0.80542	0.79799	0.80386	102279
2016-04-06 00:00	0.80386	0.81045	0.80230	0.80666	107121
2016-04-07 00:00	0.80665	0.81167	0.80452	0.80883	112979
2016-04-08 00:00	0.80884	0.80930	0.80465	0.80675	102595
2016-04-10 00:00	0.80857	0.80867	0.80693	0.80703	5769
2016-04-11 00:00	0.80703	0.80890	0.79948	0.80164	102821
2016-04-12 00:00	0.80164	0.80283	0.79608	0.79789	122282
2016-04-13 00:00	0.79786	0.79836	0.79249	0.79482	124083
2016-04-14 00:00	0.79481	0.79813	0.79429	0.79662	109986
2016-04-15 00:00	0.79662	0.79758	0.79383	0.79435	90188
2016-04-17 00:00	0.79537	0.79708	0.79536	0.79665	9814
2016-04-18 00:00	0.79667	0.79932	0.79113	0.79157	98046
2016-04-19 00:00	0.79156	0.79246	0.78819	0.78946	108279
2016-04-20 00:00	0.78946	0.79152	0.78634	0.78832	113462
2016-04-21 00:00	0.78830	0.78976	0.78541	0.78820	119705
2016-04-22 00:00	0.78820	0.78835	0.77803	0.77877	108872
2016-04-24 00:00	0.77518	0.77781	0.77512	0.77749	9175
2016-04-25 00:00	0.77748	0.78111	0.77545	0.77766	114582
2016-04-26 00:00	0.77767	0.77792	0.77349	0.77505	120422
2016-04-27 00:00	0.77505	0.77936	0.77382	0.77902	140340
2016-04-28 00:00	0.77902	0.78038	0.77543	0.77728	130616
2016-04-29 00:00	0.77728	0.78421	0.77653	0.78346	131665
2016-05-01 00:00	0.78536	0.78550	0.78455	0.78474	7755
2016-05-02 00:00	0.78474	0.78650	0.78212	0.78589	104903
2016-05-03 00:00	0.78588	0.79202	0.78418	0.79048	128555
2016-05-04 00:00	0.79051	0.79467	0.78925	0.79216	116469
2016-05-05 00:00	0.79216	0.79228	0.78617	0.78667	100984
2016-05-06 00:00	0.78666	0.79180	0.78649	0.78989	106540
2016-05-08 00:00	0.79032	0.79060	0.78893	0.78923	6159
2016-05-09 00:00	0.78921	0.79275	0.78670	0.78982	99462
2016-05-10 00:00	0.78982	0.79037	0.78663	0.78702	100781
2016-05-11 00:00	0.78703	0.79191	0.78652	0.79138	92150
2016-05-12 00:00	0.79138	0.79186	0.78456	0.78739	104841
2016-05-13 00:00	0.78739	0.78827	0.78582	0.78730	111310
2016-05-15 00:00	0.78759	0.78880	0.78717	0.78859	4480
2016-05-16 00:00	0.78859	0.78934	0.78212	0.78335	82075
2016-05-17 00:00	0.78337	0.78560	0.78006	0.78261	103994
2016-05-18 00:00	0.78262	0.78311	0.76814	0.76873	124466
2016-05-19 00:00	0.76876	0.77029	0.76493	0.76735	117729
2016-05-20 00:00	0.76735	0.77427	0.76695	0.77375	93740
2016-05-22 00:00	0.77265	0.77447	0.77265	0.77434	3331
2016-05-23 00:00	0.77434	0.77539	0.77047	0.77441	99658
2016-05-24 00:00	0.77440	0.77471	0.76098	0.76199	114692
2016-05-25 00:00	0.76197	0.76391	0.75647	0.75903	117421
2016-05-26 00:00	0.75906	0.76347	0.75786	0.76312	114980
2016-05-27 00:00	0.76311	0.76443	0.75989	0.75990	111132
2016-05-29 00:00	0.76056	0.76081	0.75949	0.75959	7266
2016-05-30 00:00	0.75960	0.76320	0.75890	0.76174	82519
2016-05-31 00:00	0.76174	0.76960	0.75724	0.76873	139515
2016-06-01 00:00	0.76870	0.77672	0.76709	0.77582	135165
2016-06-02 00:00	0.77582	0.77753	0.77199	0.77404	125219
2016-06-03 00:00	0.77407	0.78338	0.77199	0.78259	132642
2016-06-05 00:00	0.78466	0.79053	0.78443	0.78888	13368
2016-06-06 00:00	0.78889	0.79002	0.78490	0.78592	148218
2016-06-07 00:00	0.78591	0.78600	0.77520	0.78084	129522
2016-06-08 00:00	0.78085	0.78594	0.77953	0.78561	116720
2016-06-09 00:00	0.78560	0.78785	0.78068	0.78189	119145
2016-06-10 00:00	0.78191	0.79314	0.78089	0.78885	119600
2016-06-12 00:00	0.78795	0.79350	0.78795	0.79198	12620
2016-06-13 00:00	0.79195	0.79856	0.78771	0.79460	151146
2016-06-14 00:00	0.79460	0.79724	0.79096	0.79399	128928
2016-06-15 00:00	0.79399	0.79672	0.78923	0.79330	127711
2016-06-16 00:00	0.79328	0.79947	0.78737	0.78839	149251
2016-06-17 00:00	0.78849	0.79083	0.78417	0.78486	121141
2016-06-19 00:00	0.78278	0.78339	0.77707	0.77809	14276
2016-06-20 00:00	0.77810	0.78076	0.76914	0.77152	163102
2016-06-21 00:00	0.77154	0.77438	0.76548	0.76709	141396
2016-06-22 00:00	0.76711	0.77167	0.76411	0.76581	157460
2016-06-23 00:00	0.76581	0.79142	0.75993	0.77828	213839
2016-06-24 00:00	0.77828	0.83142	0.77315	0.81204	297966
2016-06-26 00:00	0.81987	0.82434	0.81797	0.82125	17936
2016-06-27 00:00	0.82128	0.83789	0.82014	0.83267	205060
2016-06-28 00:00	0.83266	0.83376	0.82564	0.82930	167004
2016-06-29 00:00	0.82930	0.83203	0.82056	0.82670	172759
2016-06-30 00:00	0.82670	0.83823	0.82406	0.83278	197107
2016-07-01 00:00	0.83278	0.84056	0.83153	0.83871	139203
2016-07-03 00:00	0.83827	0.83994	0.83750	0.83759	6216
2016-07-04 00:00	0.83759	0.83987	0.83525	0.83915	114945
2016-07-05 00:00	0.83916	0.85475	0.83891	0.85346	157904
2016-07-06 00:00	0.85347	0.86268	0.85076	0.85893	177292
2016-07-07 00:00	0.85892	0.85936	0.84903	0.85688	144633
2016-07-08 00:00	0.85687	0.85758	0.85028	0.85254	119600
2016-07-10 00:00	0.85286	0.85411	0.85281	0.85325	10646
2016-07-11 00:00	0.85326	0.85789	0.84844	0.85150	145566
2016-07-12 00:00	0.85150	0.85191	0.83275	0.83341	172364
2016-07-13 00:00	0.83341	0.84694	0.82994	0.84564	169105
2016-07-14 00:00	0.84563	0.84649	0.82491	0.83175	168707
2016-07-15 00:00	0.83175	0.84167	0.82616	0.83604	168604
2016-07-17 00:00	0.83722	0.83787	0.83300	0.83539	11432
2016-07-18 00:00	0.83542	0.83719	0.83197	0.83433	126436
2016-07-19 00:00	0.83435	0.84269	0.83414	0.84030	140742
2016-07-20 00:00	0.84032	0.84236	0.83012	0.83168	331757
2016-07-21 00:00	0.83168	0.83828	0.83109	0.83343	524088
2016-07-22 00:00	0.83343	0.84197	0.82995	0.83721	457749
2016-07-24 00:00	0.83469	0.83613	0.83439	0.83578	18409
2016-07-25 00:00	0.83578	0.83956	0.83371	0.83850	385308
2016-07-26 00:00	0.83850	0.84260	0.83514	0.83559	499584
2016-07-27 00:00	0.83559	0.84118	0.83495	0.83656	539729
2016-07-28 00:00	0.83657	0.84504	0.83573	0.84191	485136
2016-07-29 00:00	0.84192	0.84777	0.83871	0.84449	491616
2016-07-31 00:00	0.84462	0.84591	0.84390	0.84486	15342
2016-08-01 00:00	0.84485	0.84874	0.84169	0.84689	387632
2016-08-02 00:00	0.84688	0.84921	0.83995	0.84107	491892
2016-08-03 00:00	0.84109	0.84324	0.83637	0.83662	420703
2016-08-04 00:00	0.83662	0.84961	0.83438	0.84813	451526
2016-08-05 00:00	0.84813	0.85042	0.84633	0.84794	335465
2016-08-07 00:00	0.84694	0.84830	0.84693	0.84792	12211
2016-08-08 00:00	0.84792	0.85083	0.84689	0.85055	270020
2016-08-09 00:00	0.85057	0.85659	0.85054	0.85436	282006
2016-08-10 00:00	0.85436	0.85976	0.85171	0.85902	320525
2016-08-11 00:00	0.85902	0.86233	0.85764	0.85976	287331
2016-08-12 00:00	0.85976	0.86525	0.85838	0.86374	266482
2016-08-14 00:00	0.86355	0.86503	0.86355	0.86481	15007
2016-08-15 00:00	0.86481	0.87027	0.86209	0.86812	242632
2016-08-16 00:00	0.86812	0.87244	0.86295	0.86537	319212
2016-08-17 00:00	0.86537	0.86727	0.86277	0.86610	291160
2016-08-18 00:00	0.86609	0.86721	0.85908	0.86204	327487
2016-08-19 00:00	0.86206	0.86918	0.86093	0.86592	271176
2016-08-21 00:00	0.86591	0.86638	0.86480	0.86485	23369
2016-08-22 00:00	0.86485	0.86534	0.86092	0.86170	308128
2016-08-23 00:00	0.86170	0.86289	0.85622	0.85631	331237
2016-08-24 00:00	0.85631	0.85786	0.84851	0.85069	321707
2016-08-25 00:00	0.85069	0.85662	0.84994	0.85553	276834
2016-08-26 00:00	0.85553	0.85651	0.85179	0.85208	351905
2016-08-28 00:00	0.85236	0.85326	0.85197	0.85301	17243
2016-08-29 00:00	0.85302	0.85502	0.85292	0.85380	334310
2016-08-30 00:00	0.85379	0.85518	0.84973	0.85171	325188
2016-08-31 00:00	0.85170	0.85258	0.84729	0.84942	364486
2016-09-01 00:00	0.84942	0.84975	0.83876	0.84353	386875
2016-09-02 00:00	0.84354	0.84447	0.83754	0.83891	345891
2016-09-04 00:00	0.83807	0.83943	0.83792	0.83926	13672
2016-09-05 00:00	0.83926	0.84061	0.83521	0.83765	284631
2016-09-06 00:00	0.83765	0.83874	0.83330	0.83827	356008
2016-09-07 00:00	0.83827	0.84346	0.83743	0.84252	336568
2016-09-08 00:00	0.84251	0.84949	0.84216	0.84672	395913
2016-09-09 00:00	0.84672	0.84844	0.84395	0.84644	360219
2016-09-11 00:00	0.84639	0.84755	0.84614	0.84685	14384
2016-09-12 00:00	0.84685	0.84839	0.84211	0.84283	375939
2016-09-13 00:00	0.84283	0.85342	0.84198	0.85039	371648
2016-09-14 00:00	0.85038	0.85447	0.84672	0.84785	428350
2016-09-15 00:00	0.84785	0.85389	0.84733	0.84899	392813
2016-09-16 00:00	0.84900	0.85814	0.84860	0.85761	345492
2016-09-18 00:00	0.85749	0.85806	0.85689	0.85745	18554
2016-09-19 00:00	0.85747	0.85803	0.85349	0.85709	340618
2016-09-20 00:00	0.85709	0.86311	0.85627	0.85900	345748
2016-09-21 00:00	0.85899	0.86075	0.85665	0.85851	519360
2016-09-22 00:00	0.85851	0.86106	0.85617	0.85666	435680
2016-09-23 00:00	0.85667	0.86793	0.85629	0.86553	457899
2016-09-25 00:00	0.86583	0.86663	0.86531	0.86585	15630
2016-09-26 00:00	0.86585	0.87162	0.86464	0.86749	432534
2016-09-27 00:00	0.86749	0.86932	0.86096	0.86219	430136
2016-09-28 00:00	0.86218	0.86391	0.85890	0.86083	513217
2016-09-29 00:00	0.86084	0.86684	0.85993	0.86521	498834
2016-09-30 00:00	0.86519	0.86723	0.86042	0.86560	496884
2016-10-02 00:00	0.86898	0.86944	0.86796	0.86872	23404
2016-10-03 00:00	0.86872	0.87467	0.86768	0.87162	359104
2016-10-04 00:00	0.87164	0.88105	0.87079	0.88050	509820
2016-10-05 00:00	0.88049	0.88427	0.87764	0.87865	477737
2016-10-06 00:00	0.87865	0.93260	0.87850	0.89923	454760
2016-10-07 00:00	0.89922	0.91006	0.89022	0.90035	519508
2016-10-09 00:00	0.90177	0.90222	0.89916	0.90018	17993
2016-10-10 00:00	0.90017	0.90393	0.89799	0.90227	336742
2016-10-11 00:00	0.90228	0.91411	0.89954	0.90087	509132
2016-10-12 00:00	0.90088	0.90545	0.89667	0.90341	437307
2016-10-13 00:00	0.90341	0.90674	0.89994	0.90359	431628
2016-10-14 00:00	0.90359	0.90467	0.89744	0.90020	385298
2016-10-16 00:00	0.90248	0.90271	0.90011	0.90049	19944
2016-10-17 00:00	0.90048	0.90577	0.89980	0.90105	344099
2016-10-18 00:00	0.90106	0.90170	0.89133	0.89212	362123
2016-10-19 00:00	0.89212	0.89571	0.89000	0.89262	328147
2016-10-20 00:00	0.89262	0.90261	0.89099	0.89171	340867
2016-10-21 00:00	0.89171	0.89402	0.88802	0.88922	353267
2016-10-23 00:00	0.88996	0.89082	0.88973	0.89043	11282
2016-10-24 00:00	0.89044	0.89262	0.88842	0.88945	194498
2016-10-25 00:00	0.88945	0.89801	0.88896	0.89399	135758
2016-10-26 00:00	0.89397	0.89646	0.89034	0.89157	118809
2016-10-27 00:00	0.89156	0.89792	0.88938	0.89537	130946
2016-10-28 00:00	0.89536	0.90180	0.89450	0.90089	137021
2016-10-30 00:00	0.90223	0.90236	0.89918	0.89966	11617
2016-10-31 00:00	0.89968	0.90146	0.89538	0.89656	123795
2016-11-01 00:00	0.89657	0.90443	0.89478	0.90342	142842
2016-11-02 00:00	0.90344	0.90485	0.89803	0.90164	155859
2016-11-03 00:00	0.90164	0.90221	0.88587	0.89038	181709
2016-11-04 00:00	0.89039	0.89156	0.88570	0.88985	141028
2016-11-06 00:00	0.88784	0.89033	0.88752	0.88844	12569
2016-11-07 00:00	0.88843	0.89376	0.88807	0.89113	141599
2016-11-08 00:00	0.89112	0.89325	0.88842	0.88956	142030
2016-11-09 00:00	0.88957	0.90251	0.87629	0.87914	304158
2016-11-10 00:00	0.87918	0.88248	0.86620	0.86742	208289
2016-11-11 00:00	0.86740	0.86899	0.85668	0.86140	193669
2016-11-13 00:00	0.86141	0.86257	0.86022	0.86048	11681
2016-11-14 00:00	0.86047	0.86357	0.85807	0.85846	213832
2016-11-15 00:00	0.85845	0.87068	0.85683	0.86122	198702
2016-11-16 00:00	0.86122	0.86266	0.85724	0.86064	178865
2016-11-17 00:00	0.86064	0.86242	0.85473	0.85589	179661
2016-11-18 00:00	0.85589	0.86355	0.85263	0.85705	193363
2016-11-20 00:00	0.85780	0.85887	0.85687	0.85867	9248
2016-11-21 00:00	0.85867	0.86386	0.84887	0.85147	165404
2016-11-22 00:00	0.85146	0.85713	0.84951	0.85586	147668
2016-11-23 00:00	0.85583	0.85941	0.84648	0.84824	161227
2016-11-24 00:00	0.84825	0.85018	0.84597	0.84802	148326
2016-11-25 00:00	0.84801	0.85446	0.84691	0.84807	171230
2016-11-27 00:00	0.85089	0.85094	0.84971	0.85005	5086
2016-11-28 00:00	0.85003	0.85666	0.85001	0.85570	153652
2016-11-29 00:00	0.85570	0.85580	0.84666	0.85237	145731
2016-11-30 00:00	0.85237	0.85778	0.84557	0.84623	171570
2016-12-01 00:00	0.84621	0.84852	0.83690	0.84694	192872
2016-12-02 00:00	0.84692	0.84837	0.83727	0.83761	176760
2016-12-04 00:00	0.83742	0.83797	0.83104	0.83408	21720
2016-12-05 00:00	0.83408	0.84790	0.83044	0.84513	226583
2016-12-06 00:00	0.84514	0.84627	0.84063	0.84585	169122
2016-12-07 00:00	0.84586	0.85498	0.84565	0.85198	147926
2016-12-08 00:00	0.85198	0.85719	0.84246	0.84394	191964
2016-12-09 00:00	0.84393	0.84574	0.83717	0.83981	152423
2016-12-11 00:00	0.83735	0.83808	0.83696	0.83734	6867
2016-12-12 00:00	0.83733	0.84284	0.83613	0.83944	170378
2016-12-13 00:00	0.83943	0.84103	0.83419	0.83934	168950
2016-12-14 00:00	0.83935	0.84206	0.83517	0.83850	196754
2016-12-15 00:00	0.83851	0.83999	0.83320	0.83855	247566
2016-12-16 00:00	0.83854	0.84262	0.83549	0.83619	199075
2016-12-18 00:00	0.83625	0.83736	0.83572	0.83639	6642
2016-12-19 00:00	0.83636	0.84499	0.83609	0.83971	185623
2016-12-20 00:00	0.83971	0.84260	0.83743	0.84033	170845
2016-12-21 00:00	0.84035	0.84542	0.84032	0.84402	163971
2016-12-22 00:00	0.84403	0.85103	0.84331	0.84970	151484
2016-12-23 00:00	0.84969	0.85388	0.84917	0.85051	134306
2016-12-25 00:00	0.84984	0.85224	0.84981	0.85020	5528
2016-12-26 00:00	0.85022	0.85268	0.84876	0.85162	80064
2016-12-27 00:00	0.85162	0.85395	0.84993	0.85225	111967
2016-12-28 00:00	0.85226	0.85366	0.84892	0.85215	149027
2016-12-29 00:00	0.85216	0.86670	0.85160	0.86021	176418
2016-12-30 00:00	0.86019	0.86094	0.85154	0.85184	200079
2017-01-01 00:00	0.85136	0.85329	0.85128	0.85183	718
2017-01-02 00:00	0.85177	0.85302	0.84898	0.85144	77821
2017-01-03 00:00	0.85147	0.85296	0.84499	0.85075	174462
2017-01-04 00:00	0.85074	0.85373	0.84794	0.85161	195680
2017-01-05 00:00	0.85159	0.85819	0.85156	0.85360	216791
2017-01-06 00:00	0.85359	0.85892	0.85329	0.85686	176084
2017-01-08 00:00	0.85946	0.85958	0.85829	0.85895	5122
2017-01-09 00:00	0.85893	0.87022	0.85853	0.86974	183816
2017-01-10 00:00	0.86977	0.87632	0.86647	0.86673	201870
2017-01-11 00:00	0.86673	0.87052	0.86474	0.86766	232487
2017-01-12 00:00	0.86766	0.87478	0.86549	0.87260	239416
2017-01-13 00:00	0.87259	0.87675	0.86932	0.87329	202387
2017-01-15 00:00	0.88366	0.88519	0.88145	0.88279	9724
2017-01-16 00:00	0.88279	0.88518	0.87627	0.88056	214959
2017-01-17 00:00	0.88053	0.88136	0.86246	0.86347	252372
2017-01-18 00:00	0.86349	0.87068	0.86320	0.86680	214771
2017-01-19 00:00	0.86680	0.86785	0.86096	0.86395	228588
2017-01-20 00:00	0.86395	0.86721	0.86298	0.86462	213824
2017-01-22 00:00	0.86455	0.86528	0.86432	0.86485	7449
2017-01-23 00:00	0.86485	0.86632	0.85827	0.85964	208419
2017-01-24 00:00	0.85963	0.86508	0.85585	0.85604	211443
2017-01-25 00:00	0.85604	0.85792	0.84969	0.85103	201361
2017-01-26 00:00	0.85102	0.85331	0.84702	0.84810	194921
2017-01-27 00:00	0.84813	0.85382	0.84773	0.85227	170266
2017-01-29 00:00	0.85130	0.85293	0.85012	0.85079	6255
2017-01-30 00:00	0.85083	0.85782	0.84893	0.85652	163808
2017-01-31 00:00	0.85651	0.86338	0.85463	0.85805	204961
2017-02-01 00:00	0.85802	0.85941	0.84928	0.85036	190936
2017-02-02 00:00	0.85036	0.86250	0.85000	0.85956	189276
2017-02-03 00:00	0.85957	0.86418	0.85738	0.86347	171940
2017-02-05 00:00	0.86377	0.86439	0.86322	0.86367	3964
2017-02-06 00:00	0.86369	0.86392	0.85917	0.86159	160632
2017-02-07 00:00	0.86160	0.86389	0.85319	0.85453	180898
2017-02-08 00:00	0.85452	0.85518	0.85090	0.85362	165006
2017-02-09 00:00	0.85363	0.85475	0.84935	0.85286	156842
2017-02-10 00:00	0.85284	0.85510	0.85021	0.85167	160566
2017-02-12 00:00	0.85114	0.85185	0.85039	0.85065	7331
2017-02-13 00:00	0.85067	0.85136	0.84556	0.84631	152248
2017-02-14 00:00	0.84631	0.85296	0.84579	0.84823	175221
2017-02-15 00:00	0.84824	0.85213	0.84657	0.85041	178240
2017-02-16 00:00	0.85041	0.85521	0.84863	0.85457	170328
2017-02-17 00:00	0.85458	0.85914	0.85192	0.85522	155265
2017-02-19 00:00	0.85484	0.85557	0.85436	0.85480	7171
2017-02-20 00:00	0.85478	0.85528	0.85039	0.85056	128057
2017-02-21 00:00	0.85055	0.85149	0.84387	0.84410	149475
2017-02-22 00:00	0.84409	0.84914	0.84024	0.84723	167548
2017-02-23 00:00	0.84725	0.84936	0.84216	0.84298	150722
2017-02-24 00:00	0.84299	0.84917	0.84217	0.84712	148422
2017-02-26 00:00	0.84671	0.85197	0.84655	0.85090	12464
2017-02-27 00:00	0.85092	0.85397	0.84954	0.85097	157672
2017-02-28 00:00	0.85096	0.85495	0.85052	0.85380	163150
2017-03-01 00:00	0.85380	0.85881	0.85095	0.85857	186692
2017-03-02 00:00	0.85858	0.85903	0.85472	0.85598	156505
2017-03-03 00:00	0.85599	0.86408	0.85594	0.86338	164838
2017-03-05 00:00	0.86329	0.86381	0.86253	0.86340	5691
2017-03-06 00:00	0.86341	0.86692	0.86246	0.86430	144516
2017-03-07 00:00	0.86430	0.86831	0.86388	0.86604	145978
2017-03-08 00:00	0.86604	0.86949	0.86535	0.86616	145818
2017-03-09 00:00	0.86615	0.87193	0.86556	0.87027	163585
2017-03-10 00:00	0.87027	0.87827	0.87009	0.87712	149310
2017-03-12 00:00	0.87762	0.87870	0.87762	0.87828	5890
2017-03-13 00:00	0.87827	0.87868	0.87088	0.87252	150181
2017-03-14 00:00	0.87255	0.87856	0.87221	0.87288	131774
2017-03-15 00:00	0.87288	0.87442	0.86660	0.87418	161118
2017-03-16 00:00	0.87418	0.87593	0.86687	0.87213	163464
2017-03-17 00:00	0.87212	0.87366	0.86603	0.86615	134625
2017-03-19 00:00	0.86668	0.86744	0.86640	0.86738	4136
2017-03-20 00:00	0.86738	0.87078	0.86590	0.86812	123217
2017-03-21 00:00	0.86812	0.87265	0.86494	0.86619	148115
2017-03-22 00:00	0.86619	0.86997	0.86431	0.86508	139551
2017-03-23 00:00	0.86506	0.86529	0.86047	0.86146	142504
2017-03-24 00:00	0.86148	0.86617	0.86130	0.86560	116425
2017-03-26 00:00	0.86733	0.86740	0.86631	0.86666	10216
2017-03-27 00:00	0.86666	0.86680	0.86244	0.86482	127329
2017-03-28 00:00	0.86483	0.87108	0.86177	0.87106	125232
2017-03-29 00:00	0.87106	0.87349	0.86241	0.86475	140877
2017-03-30 00:00	0.86474	0.86609	0.85565	0.85656	124989
2017-03-31 00:00	0.85657	0.85964	0.84842	0.84851	134848
2017-04-02 00:00	0.84969	0.85086	0.84945	0.85076	7453
2017-04-03 00:00	0.85079	0.85574	0.85042	0.85416	115403
2017-04-04 00:00	0.85417	0.85904	0.85368	0.85834	117707
2017-04-05 00:00	0.85834	0.85895	0.85315	0.85458	139835
2017-04-06 00:00	0.85457	0.85671	0.85107	0.85360	118399
2017-04-07 00:00	0.85360	0.85796	0.85309	0.85558	141106
2017-04-09 00:00	0.85472	0.85533	0.85460	0.85496	6914
2017-04-10 00:00	0.85497	0.85519	0.85237	0.85295	111345
2017-04-11 00:00	0.85295	0.85484	0.84876	0.84951	123023
2017-04-12 00:00	0.84947	0.85117	0.84768	0.85024	137705
2017-04-13 00:00	0.85023	0.85028	0.84746	0.84884	122382
2017-04-14 00:00	0.84885	0.84950	0.84669	0.84693	93731
2017-04-16 00:00	0.84669	0.84709	0.84606	0.84633	12656
2017-04-17 00:00	0.84634	0.84900	0.84608	0.84757	87198
2017-04-18 00:00	0.84757	0.85119	0.83132	0.83517	166041
2017-04-19 00:00	0.83517	0.83891	0.83370	0.83823	141977
2017-04-20 00:00	0.83825	0.84137	0.83589	0.83696	125952
2017-04-21 00:00	0.83698	0.83868	0.83513	0.83704	118422
2017-04-23 00:00	0.84981	0.85051	0.84711	0.84788	13832
2017-04-24 00:00	0.84787	0.85089	0.84506	0.85026	144625
2017-04-25 00:00	0.85026	0.85301	0.84774	0.85151	143605
2017-04-26 00:00	0.85151	0.85306	0.84582	0.84900	148203
2017-04-27 00:00	0.84899	0.84952	0.84152	0.84270	143849
2017-04-28 00:00	0.84271	0.84621	0.84047	0.84096	139619
2017-04-30 00:00	0.84339	0.84383	0.84168	0.84328	10294
2017-05-01 00:00	0.84328	0.84637	0.84243	0.84580	86466
2017-05-02 00:00	0.84580	0.84841	0.84224	0.84495	119699
2017-05-03 00:00	0.84494	0.84762	0.84372	0.84579	130807
2017-05-04 00:00	0.84580	0.85003	0.84558	0.84948	135606
2017-05-05 00:00	0.84951	0.85085	0.84652	0.84687	137651
2017-05-07 00:00	0.84858	0.84878	0.84547	0.84547	11061
2017-05-08 00:00	0.84547	0.84791	0.84335	0.84427	134204
2017-05-09 00:00	0.84427	0.84467	0.84008	0.84068	142211
2017-05-10 00:00	0.84067	0.84165	0.83836	0.84047	134068
2017-05-11 00:00	0.84046	0.84516	0.83977	0.84288	127102
2017-05-12 00:00	0.84288	0.84884	0.84277	0.84800	122143
2017-05-14 00:00	0.84801	0.84838	0.84757	0.84814	10537
2017-05-15 00:00	0.84812	0.85143	0.84576	0.85098	114123
2017-05-16 00:00	0.85097	0.85950	0.85033	0.85880	140988
2017-05-17 00:00	0.85880	0.86150	0.85600	0.85991	150708
2017-05-18 00:00	0.85993	0.86132	0.85237	0.85760	176602
2017-05-19 00:00	0.85759	0.86026	0.85687	0.85938	120749
2017-05-21 00:00	0.86108	0.86149	0.86024	0.86108	7023
2017-05-22 00:00	0.86108	0.86510	0.85997	0.86487	126284
2017-05-23 00:00	0.86487	0.86748	0.86187	0.86276	151234
2017-05-24 00:00	0.86276	0.86558	0.86025	0.86531	147006
2017-05-25 00:00	0.86531	0.86720	0.86398	0.86695	119311
2017-05-26 00:00	0.86696	0.87503	0.86694	0.87264	125659
2017-05-28 00:00	0.87220	0.87277	0.87191	0.87214	5805
2017-05-29 00:00	0.87210	0.87217	0.86778	0.86840	92833
2017-05-30 00:00	0.86840	0.87398	0.86555	0.87222	123547
2017-05-31 00:00	0.87223	0.87481	0.87032	0.87285	133500
2017-06-01 00:00	0.87283	0.87547	0.86834	0.87008	117537
2017-06-02 00:00	0.87006	0.87674	0.86948	0.87487	106503
2017-06-04 00:00	0.87619	0.87675	0.87575	0.87637	7239
2017-06-05 00:00	0.87637	0.87655	0.86941	0.87221	96705
2017-06-06 00:00	0.87221	0.87551	0.86920	0.87320	116993
2017-06-07 00:00	0.87320	0.87363	0.86768	0.86822	125733
2017-06-08 00:00	0.86821	0.88232	0.86499	0.87927	161979
2017-06-09 00:00	0.87929	0.88592	0.87443	0.87797	175435
2017-06-11 00:00	0.88126	0.88139	0.87887	0.87897	8144
2017-06-12 00:00	0.87897	0.88660	0.87786	0.88378	118678
2017-06-13 00:00	0.88376	0.88501	0.87803	0.87920	115975
2017-06-14 00:00	0.87919	0.88356	0.87659	0.87913	153969
2017-06-15 00:00	0.87913	0.88067	0.87224	0.87364	145977
2017-06-16 00:00	0.87369	0.87644	0.87192	0.87597	111918
2017-06-18 00:00	0.87778	0.87797	0.87674	0.87699	7455
2017-06-19 00:00	0.87700	0.87761	0.87341	0.87536	110249
2017-06-20 00:00	0.87534	0.88347	0.87385	0.88154	124155
2017-06-21 00:00	0.88154	0.88453	0.87707	0.88097	114619
2017-06-22 00:00	0.88097	0.88282	0.87855	0.87938	104809
2017-06-23 00:00	0.87938	0.88048	0.87632	0.87991	89891
2017-06-25 00:00	0.87899	0.87911	0.87839	0.87870	4796
2017-06-26 00:00	0.87871	0.88075	0.87726	0.87885	100529
2017-06-27 00:00	0.87884	0.88626	0.87828	0.88474	129141
2017-06-28 00:00	0.88474	0.88799	0.87716	0.87930	147641
2017-06-29 00:00	0.87933	0.88086	0.87796	0.87933	129711
2017-06-30 00:00	0.87934	0.88137	0.87627	0.87695	120669
2017-07-02 00:00	0.87775	0.87788	0.87681	0.87762	5980
2017-07-03 00:00	0.87764	0.87899	0.87568	0.87824	109631
2017-07-04 00:00	0.87824	0.87903	0.87634	0.87811	107292
2017-07-05 00:00	0.87810	0.88088	0.87617	0.87742	124499
2017-07-06 00:00	0.87743	0.88182	0.87564	0.88069	129825
2017-07-07 00:00	0.88067	0.88603	0.87965	0.88389	110029
2017-07-09 00:00	0.88435	0.88509	0.88409	0.88458	6867
2017-07-10 00:00	0.88460	0.88588	0.88326	0.88471	90042
2017-07-11 00:00	0.88471	0.89328	0.88145	0.89224	116677
2017-07-12 00:00	0.89225	0.89490	0.88384	0.88563	133722
2017-07-13 00:00	0.88563	0.88736	0.88018	0.88081	119589
2017-07-14 00:00	0.88080	0.88171	0.87426	0.87550	120364
2017-07-16 00:00	0.87551	0.87570	0.87485	0.87518	11006
2017-07-17 00:00	0.87518	0.87976	0.87444	0.87902	110880
2017-07-18 00:00	0.87902	0.88984	0.87812	0.88579	145996
2017-07-19 00:00	0.88579	0.88611	0.88287	0.88469	117034
2017-07-20 00:00	0.88470	0.89772	0.88323	0.89683	186479
2017-07-21 00:00	0.89684	0.89944	0.89394	0.89724	193829
2017-07-23 00:00	0.89761	0.89838	0.89739	0.89817	8114
2017-07-24 00:00	0.89816	0.89826	0.89204	0.89343	121804
2017-07-25 00:00	0.89342	0.89593	0.89269	0.89382	133433
2017-07-26 00:00	0.89382	0.89548	0.89041	0.89448	155376
2017-07-27 00:00	0.89449	0.89512	0.88909	0.89394	153262
2017-07-28 00:00	0.89394	0.89689	0.89283	0.89423	131288
2017-07-30 00:00	0.89424	0.89481	0.89356	0.89369	8832
2017-07-31 00:00	0.89367	0.89755	0.89328	0.89567	132775
2017-08-01 00:00	0.89568	0.89604	0.89222	0.89417	131586
2017-08-02 00:00	0.89419	0.89887	0.89357	0.89591	134500
2017-08-03 00:00	0.89588	0.90485	0.89235	0.90398	137918
2017-08-04 00:00	0.90398	0.90545	0.89957	0.90282	118306
2017-08-06 00:00	0.90243	0.90364	0.90228	0.90269	10597
2017-08-07 00:00	0.90270	0.90606	0.90257	0.90517	106763
2017-08-08 00:00	0.90516	0.90874	0.90364	0.90508	122610
2017-08-09 00:00	0.90506	0.90560	0.90087	0.90400	138335
2017-08-10 00:00	0.90400	0.90756	0.90075	0.90694	138768
2017-08-11 00:00	0.90694	0.91185	0.90508	0.90838	134637
2017-08-13 00:00	0.90770	0.90942	0.90770	0.90920	8697
2017-08-14 00:00	0.90920	0.90977	0.90703	0.90817	133162
2017-08-15 00:00	0.90819	0.91327	0.90506	0.91236	154048
2017-08-16 00:00	0.91237	0.91427	0.90824	0.91332	146447
2017-08-17 00:00	0.91332	0.91361	0.90630	0.91073	152627
2017-08-18 00:00	0.91073	0.91490	0.90906	0.91316	137222
2017-08-20 00:00	0.91391	0.91403	0.91265	0.91330	6373
2017-08-21 00:00	0.91327	0.91616	0.91108	0.91570	123026
2017-08-22 00:00	0.91570	0.91763	0.91534	0.91721	131834
2017-08-23 00:00	0.91722	0.92362	0.91602	0.92277	160083
2017-08-24 00:00	0.92278	0.92346	0.91895	0.92165	176494
2017-08-25 00:00	0.92166	0.92701	0.91954	0.92549	172738
2017-08-27 00:00	0.92361	0.92655	0.92357	0.92613	15447
2017-08-28 00:00	0.92615	0.92686	0.92301	0.92549	163441
2017-08-29 00:00	0.92550	0.93063	0.92465	0.92622	197527
2017-08-30 00:00	0.92623	0.92687	0.91919	0.92031	192398
2017-08-31 00:00	0.92031	0.92372	0.91857	0.92033	189916
2017-09-01 00:00	0.92032	0.92220	0.91497	0.91548	163262
2017-09-03 00:00	0.91670	0.91729	0.91625	0.91646	9937
2017-09-04 00:00	0.91646	0.92261	0.91626	0.92026	154354
2017-09-05 00:00	0.92023	0.92128	0.91322	0.91434	192159
2017-09-06 00:00	0.91434	0.91642	0.91237	0.91415	195403
2017-09-07 00:00	0.91415	0.92023	0.91180	0.91777	261688
2017-09-08 00:00	0.91777	0.92024	0.91092	0.91188	197348
2017-09-10 00:00	0.91113	0.91163	0.91037	0.91051	9617
2017-09-11 00:00	0.91049	0.91217	0.90750	0.90799	171178
2017-09-12 00:00	0.90798	0.90828	0.89821	0.90078	174753
2017-09-13 00:00	0.90078	0.90383	0.89825	0.90006	162219
2017-09-14 00:00	0.90009	0.90463	0.88662	0.88975	208296
2017-09-15 00:00	0.88976	0.89003	0.87737	0.87883	195155
2017-09-17 00:00	0.87878	0.87963	0.87806	0.87922	7286
2017-09-18 00:00	0.87922	0.88628	0.87785	0.88489	195287
2017-09-19 00:00	0.88487	0.88989	0.88431	0.88735	200842
2017-09-20 00:00	0.88734	0.88876	0.87975	0.88017	231966
2017-09-21 00:00	0.88018	0.88339	0.87833	0.87956	244027
2017-09-22 00:00	0.87956	0.88844	0.87946	0.88512	198282
2017-09-24 00:00	0.88201	0.88385	0.88195	0.88308	13767
2017-09-25 00:00	0.88308	0.88310	0.87748	0.87963	198845
2017-09-26 00:00	0.87964	0.87996	0.87539	0.87666	185951
2017-09-27 00:00	0.87666	0.87995	0.87458	0.87690	198079
2017-09-28 00:00	0.87690	0.88093	0.87595	0.87720	196632
2017-09-29 00:00	0.87721	0.88416	0.87707	0.88153	161104
2017-10-01 00:00	0.88154	0.88239	0.88125	0.88159	7024
2017-10-02 00:00	0.88158	0.88682	0.88009	0.88380	169406
2017-10-03 00:00	0.88381	0.88810	0.88216	0.88712	161164
2017-10-04 00:00	0.88712	0.88845	0.88501	0.88836	164262
2017-10-05 00:00	0.88836	0.89346	0.88752	0.89324	159576
2017-10-06 00:00	0.89323	0.89920	0.89305	0.89756	165482
2017-10-08 00:00	0.89404	0.89761	0.89404	0.89749	9705
2017-10-09 00:00	0.89748	0.89761	0.89060	0.89336	140432
2017-10-10 00:00	0.89336	0.89542	0.89248	0.89428	175363
2017-10-11 00:00	0.89423	0.89882	0.89388	0.89614	166615
2017-10-12 00:00	0.89614	0.90327	0.89138	0.89189	186425
2017-10-13 00:00	0.89189	0.89305	0.88756	0.88948	185479
2017-10-15 00:00	0.88814	0.88951	0.88745	0.88907	6918
2017-10-16 00:00	0.88907	0.89225	0.88556	0.88989	151600
2017-10-17 00:00	0.88988	0.89297	0.88571	0.89227	165406
2017-10-18 00:00	0.89225	0.89466	0.88986	0.89266	157086
2017-10-19 00:00	0.89268	0.90124	0.89258	0.90089	170754
2017-10-20 00:00	0.90088	0.90224	0.89237	0.89321	164958
2017-10-22 00:00	0.89205	0.89273	0.89095	0.89105	7470
2017-10-23 00:00	0.89107	0.89272	0.88859	0.89028	148866
2017-10-24 00:00	0.89030	0.89752	0.88939	0.89560	147375
2017-10-25 00:00	0.89560	0.89731	0.88796	0.89051	186279
2017-10-26 00:00	0.89053	0.89565	0.88500	0.88634	176262
2017-10-27 00:00	0.88633	0.89011	0.88256	0.88404	162144
2017-10-29 00:00	0.88394	0.88442	0.88338	0.88360	5608
2017-10-30 00:00	0.88359	0.88484	0.87928	0.88173	147659
2017-10-31 00:00	0.88173	0.88234	0.87645	0.87667	152403
2017-11-01 00:00	0.87668	0.87835	0.87327	0.87718	173449
2017-11-02 00:00	0.87717	0.89385	0.87673	0.89316	188361
2017-11-03 00:00	0.89316	0.89345	0.88729	0.88757	150983
2017-11-05 00:00	0.88823	0.88878	0.88750	0.88796	4908
2017-11-06 00:00	0.88797	0.88880	0.88101	0.88135	144584
2017-11-07 00:00	0.88135	0.88344	0.87912	0.88073	157772
2017-11-08 00:00	0.88073	0.88624	0.88010	0.88418	132890
2017-11-09 00:00	0.88416	0.88768	0.88241	0.88608	155752
2017-11-10 00:00	0.88608	0.88741	0.88114	0.88409	127100
2017-11-12 00:00	0.88543	0.88892	0.88445	0.88876	6865
2017-11-13 00:00	0.88879	0.89226	0.88722	0.88901	128422
2017-11-14 00:00	0.88901	0.89743	0.88890	0.89608	130917
2017-11-15 00:00	0.89608	0.90140	0.89337	0.89440	161443
2017-11-16 00:00	0.89439	0.89673	0.89117	0.89225	139658
2017-11-17 00:00	0.89226	0.89537	0.88978	0.89190	149098
2017-11-19 00:00	0.89174	0.89228	0.88784	0.88896	10562
2017-11-20 00:00	0.88896	0.89047	0.88562	0.88632	142349
2017-11-21 00:00	0.88630	0.88852	0.88418	0.88628	127098
2017-11-22 00:00	0.88628	0.88915	0.88540	0.88727	140876
2017-11-23 00:00	0.88725	0.89116	0.88675	0.89057	117354
2017-11-24 00:00	0.89057	0.89618	0.88925	0.89397	129601
2017-11-26 00:00	0.89464	0.89571	0.89464	0.89515	3804
2017-11-27 00:00	0.89516	0.89670	0.89243	0.89360	150115
2017-11-28 00:00	0.89356	0.89814	0.88468	0.88656	188881
2017-11-29 00:00	0.88656	0.88726	0.88168	0.88340	183684
2017-11-30 00:00	0.88340	0.88387	0.87762	0.87934	193537
2017-12-01 00:00	0.87935	0.88441	0.87882	0.88266	196698
2017-12-03 00:00	0.88216	0.88304	0.87842	0.87881	8572
2017-12-04 00:00	0.87884	0.88329	0.87554	0.88079	190015
2017-12-05 00:00	0.88079	0.88674	0.87794	0.88189	177932
2017-12-06 00:00	0.88187	0.88532	0.88003	0.88142	171537
2017-12-07 00:00	0.88142	0.88497	0.87298	0.87310	162358
2017-12-08 00:00	0.87310	0.88058	0.86895	0.87967	166681
2017-12-10 00:00	0.87890	0.87936	0.87826	0.87875	3696
2017-12-11 00:00	0.87872	0.88443	0.87728	0.88222	144546
2017-12-12 00:00	0.88222	0.88455	0.87908	0.88154	158743
2017-12-13 00:00	0.88155	0.88345	0.87821	0.88263	174793
2017-12-14 00:00	0.88263	0.88333	0.87605	0.87652	189607
2017-12-15 00:00	0.87652	0.88592	0.87628	0.88162	179574
2017-12-17 00:00	0.88157	0.88230	0.88146	0.88183	5996
2017-12-18 00:00	0.88184	0.88404	0.87921	0.88071	167861
2017-12-19 00:00	0.88070	0.88665	0.88048	0.88426	177408
2017-12-20 00:00	0.88426	0.88837	0.88285	0.88831	162666
2017-12-21 00:00	0.88832	0.88898	0.88588	0.88588	154109
2017-12-22 00:00	0.88591	0.88868	0.88353	0.88754	154694
2017-12-24 00:00	0.88505	0.88609	0.88505	0.88544	97
2017-12-25 00:00	0.88544	0.88787	0.88493	0.88756	9661
2017-12-26 00:00	0.88754	0.88927	0.88634	0.88654	107569
2017-12-27 00:00	0.88655	0.88870	0.88534	0.88783	146798
2017-12-28 00:00	0.88783	0.88939	0.88663	0.88832	143509
2017-12-29 00:00	0.88829	0.88913	0.88574	0.88777	138555
2018-01-01 00:00	0.88906	0.88906	0.88722	0.88897	6811
2018-01-02 00:00	0.88897	0.89178	0.88586	0.88720	150885
2018-01-03 00:00	0.88722	0.88998	0.88479	0.88892	157146
2018-01-04 00:00	0.88892	0.89241	0.88801	0.89034	154935
2018-01-05 00:00	0.89037	0.89079	0.88652	0.88660	147907
2018-01-07 00:00	0.88666	0.88748	0.88644	0.88664	4835
2018-01-08 00:00	0.88664	0.88755	0.88149	0.88203	110254
2018-01-09 00:00	0.88202	0.88339	0.88086	0.88157	133059
2018-01-10 00:00	0.88156	0.88727	0.88128	0.88479	159622
2018-01-11 00:00	0.88479	0.89121	0.88459	0.88931	174337
2018-01-12 00:00	0.88931	0.89283	0.88554	0.88832	192267
2018-01-14 00:00	0.88823	0.88888	0.88766	0.88785	7221
2018-01-15 00:00	0.88785	0.89095	0.88723	0.88920	173338
2018-01-16 00:00	0.88921	0.89010	0.88619	0.88929	173869
2018-01-17 00:00	0.88928	0.89079	0.88080	0.88102	212603
2018-01-18 00:00	0.88102	0.88371	0.88013	0.88058	199114
2018-01-19 00:00	0.88057	0.88454	0.88045	0.88171	204321
2018-01-21 00:00	0.88292	0.88331	0.88176	0.88224	8138
2018-01-22 00:00	0.88224	0.88255	0.87617	0.87642	174910
2018-01-23 00:00	0.87642	0.87956	0.87612	0.87838	188356
2018-01-24 00:00	0.87838	0.87871	0.86990	0.87143	228477
2018-01-25 00:00	0.87140	0.87849	0.86866	0.87568	281951
2018-01-26 00:00	0.87568	0.87843	0.87227	0.87747	249269
2018-01-28 00:00	0.87856	0.87890	0.87758	0.87841	7553
2018-01-29 00:00	0.87840	0.88160	0.87669	0.87972	225160
2018-01-30 00:00	0.87973	0.88332	0.87537	0.87655	239452
2018-01-31 00:00	0.87655	0.88162	0.87367	0.87444	236196
2018-02-01 00:00	0.87444	0.87740	0.87159	0.87689	202726
2018-02-02 00:00	0.87689	0.88247	0.87565	0.88187	210724
2018-02-04 00:00	0.88143	0.88286	0.88122	0.88201	9387
2018-02-05 00:00	0.88201	0.88731	0.88127	0.88682	227954
2018-02-06 00:00	0.88684	0.89104	0.88549	0.88693	286841
2018-02-07 00:00	0.88693	0.88977	0.88320	0.88401	212408
2018-02-08 00:00	0.88400	0.88410	0.87319	0.87973	267557
2018-02-09 00:00	0.87975	0.88791	0.87786	0.88595	245751
2018-02-11 00:00	0.88637	0.88664	0.88584	0.88626	4662
2018-02-12 00:00	0.88626	0.88918	0.88427	0.88813	205850
2018-02-13 00:00	0.88816	0.89099	0.88573	0.88969	197504
2018-02-14 00:00	0.88969	0.89194	0.88741	0.88956	235913
2018-02-15 00:00	0.88955	0.89018	0.88577	0.88638	220467
2018-02-16 00:00	0.88638	0.88886	0.88391	0.88391	206583
2018-02-18 00:00	0.88464	0.88519	0.88455	0.88455	4483
2018-02-19 00:00	0.88455	0.88689	0.88451	0.88614	153759
2018-02-20 00:00	0.88614	0.88697	0.88046	0.88106	185975
2018-02-21 00:00	0.88108	0.88575	0.88053	0.88281	216738
2018-02-22 00:00	0.88281	0.88632	0.88225	0.88343	198821
2018-02-23 00:00	0.88342	0.88376	0.87863	0.87988	173831
2018-02-25 00:00	0.87864	0.88002	0.87854	0.87967	6527
2018-02-26 00:00	0.87968	0.88228	0.87716	0.88186	166290
2018-02-27 00:00	0.88185	0.88437	0.87863	0.87923	194226
2018-02-28 00:00	0.87922	0.88674	0.87788	0.88629	206814
2018-03-01 00:00	0.88631	0.89096	0.88366	0.89074	217473
2018-03-02 00:00	0.89073	0.89511	0.88958	0.89223	211353
2018-03-04 00:00	0.89288	0.89496	0.89230	0.89284	14442
2018-03-05 00:00	0.89284	0.89390	0.88844	0.89074	185564
2018-03-06 00:00	0.89075	0.89438	0.89056	0.89321	202750
2018-03-07 00:00	0.89321	0.89677	0.89188	0.89267	211841
2018-03-08 00:00	0.89268	0.89569	0.89060	0.89150	198871
2018-03-09 00:00	0.89151	0.89258	0.88746	0.88813	191316
2018-03-11 00:00	0.88890	0.88900	0.88810	0.88830	7687
2018-03-12 00:00	0.88830	0.88965	0.88493	0.88729	165092
2018-03-13 00:00	0.88729	0.88860	0.88510	0.88696	185366
2018-03-14 00:00	0.88696	0.88792	0.88443	0.88578	176486
2018-03-15 00:00	0.88577	0.88735	0.88235	0.88294	170618
2018-03-16 00:00	0.88297	0.88388	0.88096	0.88102	146231
2018-03-18 00:00	0.88120	0.88164	0.88071	0.88074	5224
2018-03-19 00:00	0.88076	0.88161	0.87448	0.87957	184834
2018-03-20 00:00	0.87958	0.87989	0.87440	0.87457	143128
2018-03-21 00:00	0.87457	0.87583	0.87071	0.87291	159321
2018-03-22 00:00	0.87291	0.87415	0.86675	0.87323	161332
2018-03-23 00:00	0.87321	0.87534	0.87092	0.87395	152298
2018-03-25 00:00	0.87283	0.87420	0.87281	0.87317	4740
2018-03-26 00:00	0.87317	0.87623	0.87166	0.87487	129530
2018-03-27 00:00	0.87488	0.87972	0.87451	0.87524	142367
2018-03-28 00:00	0.87524	0.87676	0.87333	0.87424	152538
2018-03-29 00:00	0.87423	0.87736	0.87402	0.87698	145641
2018-03-30 00:00	0.87698	0.87940	0.87664	0.87885	118904
2018-04-01 00:00	0.87763	0.87838	0.87712	0.87714	5354
2018-04-02 00:00	0.87714	0.87764	0.87506	0.87511	92457
2018-04-03 00:00	0.87511	0.87637	0.87127	0.87264	124863
2018-04-04 00:00	0.87264	0.87585	0.87150	0.87216	123123
2018-04-05 00:00	0.87216	0.87495	0.87155	0.87448	130632
2018-04-06 00:00	0.87448	0.87498	0.87009	0.87115	135987
2018-04-08 00:00	0.87152	0.87171	0.87063	0.87082	4512
2018-04-09 00:00	0.87083	0.87222	0.86974	0.87169	120728
2018-04-10 00:00	0.87170	0.87275	0.86920	0.87171	129542
2018-04-11 00:00	0.87171	0.87394	0.87003	0.87198	131632
2018-04-12 00:00	0.87198	0.87274	0.86427	0.86582	133833
2018-04-13 00:00	0.86581	0.86656	0.86276	0.86573	105470
2018-04-15 00:00	0.86545	0.86615	0.86531	0.86557	4913
2018-04-16 00:00	0.86558	0.86688	0.86270	0.86352	103010
2018-04-17 00:00	0.86350	0.86601	0.86205	0.86536	125591
2018-04-18 00:00	0.86537	0.87223	0.86437	0.87153	127373
2018-04-19 00:00	0.87152	0.87702	0.86884	0.87634	133238
2018-04-20 00:00	0.87636	0.87912	0.87341	0.87734	120985
2018-04-22 00:00	0.87614	0.87749	0.87607	0.87657	5957
2018-04-23 00:00	0.87657	0.87746	0.87446	0.87597	119414
2018-04-24 00:00	0.87598	0.87662	0.87406	0.87442	122444
2018-04-25 00:00	0.87442	0.87512	0.87272	0.87327	120548
2018-04-26 00:00	0.87328	0.87504	0.86805	0.86989	130626
2018-04-27 00:00	0.86989	0.88037	0.86820	0.87998	123167
2018-04-29 00:00	0.88006	0.88033	0.87969	0.88031	4645
2018-04-30 00:00	0.88031	0.88267	0.87650	0.87720	119320
2018-05-01 00:00	0.87720	0.88222	0.87607	0.88106	118531
2018-05-02 00:00	0.88106	0.88305	0.87824	0.88053	152232
2018-05-03 00:00	0.88052	0.88400	0.88045	0.88336	154968
2018-05-04 00:00	0.88336	0.88434	0.88155	0.88388	123283
2018-05-06 00:00	0.88317	0.88404	0.88317	0.88341	3508
2018-05-07 00:00	0.88340	0.88372	0.87784	0.87944	121209
2018-05-08 00:00	0.87943	0.88095	0.87516	0.87555	155237
2018-05-09 00:00	0.87555	0.87668	0.87275	0.87468	144486
2018-05-10 00:00	0.87466	0.88364	0.87288	0.88104	185194
2018-05-11 00:00	0.88105	0.88260	0.87885	0.88149	128995
2018-05-13 00:00	0.88156	0.88222	0.88099	0.88200	3280
2018-05-14 00:00	0.88201	0.88270	0.87933	0.87974	121766
2018-05-15 00:00	0.87973	0.88174	0.87541	0.87555	152869
2018-05-16 00:00	0.87557	0.87825	0.87203	0.87209	157472
2018-05-17 00:00	0.87208	0.87524	0.87125	0.87260	145264
2018-05-18 00:00	0.87260	0.87533	0.87246	0.87382	113536
2018-05-20 00:00	0.87395	0.87404	0.87283	0.87296	4385
2018-05-21 00:00	0.87297	0.87841	0.87254	0.87774	127193
2018-05-22 00:00	0.87775	0.87887	0.87579	0.87696	132622
2018-05-23 00:00	0.87697	0.87967	0.87389	0.87573	174037
2018-05-24 00:00	0.87573	0.87775	0.87377	0.87592	163561
2018-05-25 00:00	0.87592	0.87802	0.87415	0.87586	150737
2018-05-27 00:00	0.87745	0.87848	0.87668	0.87824	7248
2018-05-28 00:00	0.87825	0.87948	0.87249	0.87332	130598
2018-05-29 00:00	0.87333	0.87415	0.86973	0.87043	181917
2018-05-30 00:00	0.87043	0.87834	0.86977	0.87803	181729
2018-05-31 00:00	0.87802	0.88021	0.87558	0.87981	163119
2018-06-01 00:00	0.87981	0.88092	0.87263	0.87308	147962
2018-06-03 00:00	0.87374	0.87413	0.87277	0.87370	4847
2018-06-04 00:00	0.87370	0.87874	0.87324	0.87861	139319
2018-06-05 00:00	0.87862	0.87879	0.87233	0.87462	153157
2018-06-06 00:00	0.87461	0.87877	0.87397	0.87785	138294
2018-06-07 00:00	0.87788	0.88375	0.87766	0.87898	155005
2018-06-08 00:00	0.87898	0.87990	0.87585	0.87741	130201
2018-06-10 00:00	0.87745	0.87859	0.87737	0.87852	2340
2018-06-11 00:00	0.87852	0.88312	0.87838	0.88038	122593
2018-06-12 00:00	0.88038	0.88319	0.87696	0.87836	147172
2018-06-13 00:00	0.87837	0.88252	0.87832	0.88200	139811
2018-06-14 00:00	0.88198	0.88204	0.87211	0.87234	155642
2018-06-15 00:00	0.87232	0.87557	0.87177	0.87365	140090
2018-06-17 00:00	0.87335	0.87376	0.87265	0.87320	8496
2018-06-18 00:00	0.87321	0.87805	0.87283	0.87714	118608
2018-06-19 00:00	0.87714	0.87996	0.87527	0.87960	154202
2018-06-20 00:00	0.87961	0.88010	0.87686	0.87890	145009
2018-06-21 00:00	0.87889	0.87990	0.87256	0.87607	178990
2018-06-22 00:00	0.87608	0.88049	0.87513	0.87857	159543
2018-06-24 00:00	0.87955	0.87976	0.87878	0.87918	8513
2018-06-25 00:00	0.87923	0.88188	0.87805	0.88122	162977
2018-06-26 00:00	0.88122	0.88224	0.87981	0.88110	172035
2018-06-27 00:00	0.88110	0.88278	0.87966	0.88130	198499
2018-06-28 00:00	0.88129	0.88702	0.88118	0.88434	176967
2018-06-29 00:00	0.88435	0.88905	0.88357	0.88437	188680
2018-07-01 00:00	0.88541	0.88561	0.88323	0.88414	10665
2018-07-02 00:00	0.88414	0.88686	0.88347	0.88575	161228
2018-07-03 00:00	0.88575	0.88621	0.88291	0.88359	167644
2018-07-04 00:00	0.88358	0.88402	0.87993	0.88143	149827
2018-07-05 00:00	0.88144	0.88575	0.88119	0.88423	184096
2018-07-06 00:00	0.88426	0.88675	0.88351	0.88351	149873
2018-07-08 00:00	0.88119	0.88396	0.88114	0.88386	10497
2018-07-09 00:00	0.88385	0.89015	0.88132	0.88691	168817
2018-07-10 00:00	0.88691	0.88746	0.88198	0.88452	161227
2018-07-11 00:00	0.88455	0.88614	0.88292	0.88400	181940
2018-07-12 00:00	0.88399	0.88539	0.88206	0.88501	166383
2018-07-13 00:00	0.88502	0.88659	0.88248	0.88261	152363
2018-07-15 00:00	0.88338	0.88352	0.88272	0.88287	5446
2018-07-16 00:00	0.88288	0.88534	0.88161	0.88456	151940
2018-07-17 00:00	0.88456	0.89149	0.88431	0.88917	175004
2018-07-18 00:00	0.88915	0.89316	0.88738	0.89040	173527
2018-07-19 00:00	0.89039	0.89545	0.89034	0.89487	191841
2018-07-20 00:00	0.89487	0.89576	0.89198	0.89227	184064
2018-07-22 00:00	0.89293	0.89365	0.89266	0.89303	7023
2018-07-23 00:00	0.89305	0.89360	0.89106	0.89237	144373
2018-07-24 00:00	0.89237	0.89265	0.88830	0.88854	148010
2018-07-25 00:00	0.88856	0.89020	0.88724	0.88924	154095
2018-07-26 00:00	0.88923	0.88953	0.88647	0.88821	150778
2018-07-27 00:00	0.88821	0.88989	0.88735	0.88934	123887
2018-07-29 00:00	0.88861	0.88981	0.88813	0.88929	13169
2018-07-30 00:00	0.88929	0.89185	0.88806	0.89120	125728
2018-07-31 00:00	0.89121	0.89353	0.89038	0.89098	144521
2018-08-01 00:00	0.89100	0.89172	0.88822	0.88858	137098
2018-08-02 00:00	0.88856	0.89246	0.88545	0.89000	153523
2018-08-03 00:00	0.89000	0.89189	0.88929	0.88937	133265
2018-08-05 00:00	0.88867	0.89004	0.88824	0.88915	4745
2018-08-06 00:00	0.88914	0.89365	0.88912	0.89291	114744
2018-08-07 00:00	0.89289	0.89659	0.89237	0.89625	112847
2018-08-08 00:00	0.89625	0.90166	0.89620	0.90146	109132
2018-08-09 00:00	0.90146	0.90303	0.89803	0.89830	121763
2018-08-10 00:00	0.89827	0.89912	0.89257	0.89321	161478
2018-08-12 00:00	0.89158	0.89316	0.89157	0.89298	8950
2018-08-13 00:00	0.89299	0.89458	0.89125	0.89348	152358
2018-08-14 00:00	0.89345	0.89384	0.88962	0.89212	144652
2018-08-15 00:00	0.89212	0.89398	0.89008	0.89349	139788
2018-08-16 00:00	0.89349	0.89597	0.89341	0.89450	138304
2018-08-17 00:00	0.89450	0.89774	0.89356	0.89684	125161
2018-08-19 00:00	0.89679	0.89748	0.89679	0.89728	6261
2018-08-20 00:00	0.89728	0.89792	0.89391	0.89747	108590
2018-08-21 00:00	0.89748	0.90021	0.89486	0.89694	131587
2018-08-22 00:00	0.89695	0.90047	0.89617	0.89776	111635
2018-08-23 00:00	0.89779	0.90232	0.89698	0.90105	127174
2018-08-24 00:00	0.90109	0.90519	0.90016	0.90422	109563
2018-08-26 00:00	0.90424	0.90586	0.90414	0.90560	7402
2018-08-27 00:00	0.90561	0.90657	0.90341	0.90585	110002
2018-08-28 00:00	0.90584	0.90982	0.90576	0.90861	124493
2018-08-29 00:00	0.90860	0.90912	0.89814	0.89822	145282
2018-08-30 00:00	0.89822	0.89926	0.89533	0.89655	125709
2018-08-31 00:00	0.89655	0.89874	0.89376	0.89478	134005
2018-09-02 00:00	0.89769	0.89816	0.89676	0.89752	6315
2018-09-03 00:00	0.89750	0.90329	0.89702	0.90245	108664
2018-09-04 00:00	0.90245	0.90266	0.89888	0.90111	130059
2018-09-05 00:00	0.90110	0.90517	0.89557	0.90084	151877
2018-09-06 00:00	0.90084	0.90190	0.89739	0.89898	137030
2018-09-07 00:00	0.89901	0.90062	0.89128	0.89386	154148
2018-09-09 00:00	0.89328	0.89424	0.89317	0.89410	4508
2018-09-10 00:00	0.89409	0.89572	0.88946	0.88989	125924
2018-09-11 00:00	0.88990	0.89372	0.88765	0.89080	148921
2018-09-12 00:00	0.89080	0.89365	0.88812	0.89117	148333
2018-09-13 00:00	0.89115	0.89300	0.88926	0.89173	139837
2018-09-14 00:00	0.89173	0.89325	0.88899	0.88902	128494
2018-09-16 00:00	0.88895	0.88959	0.88890	0.88919	3516
2018-09-17 00:00	0.88919	0.89037	0.88713	0.88759	129866
2018-09-18 00:00	0.88759	0.89089	0.88647	0.88687	150086
2018-09-19 00:00	0.88687	0.89188	0.88612	0.88834	164825
2018-09-20 00:00	0.88834	0.88902	0.88476	0.88734	159850
2018-09-21 00:00	0.88734	0.89955	0.88734	0.89787	156534
2018-09-23 00:00	0.89764	0.89879	0.89717	0.89818	5427
2018-09-24 00:00	0.89816	0.89833	0.89348	0.89597	142100
2018-09-25 00:00	0.89599	0.89752	0.89203	0.89245	134222
2018-09-26 00:00	0.89245	0.89457	0.89007	0.89187	145055
2018-09-27 00:00	0.89187	0.89364	0.88846	0.88983	136268
2018-09-28 00:00	0.88983	0.89140	0.88726	0.89036	139272
2018-09-30 00:00	0.89034	0.89083	0.88990	0.89003	3570
2018-10-01 00:00	0.89004	0.89149	0.88582	0.88753	134651
2018-10-02 00:00	0.88753	0.89140	0.88665	0.88985	133735
2018-10-03 00:00	0.88985	0.89174	0.88590	0.88683	175478
2018-10-04 00:00	0.88685	0.88753	0.88336	0.88436	156077
2018-10-05 00:00	0.88435	0.88471	0.87765	0.87808	149093
2018-10-07 00:00	0.87754	0.87841	0.87750	0.87783	8596
2018-10-08 00:00	0.87783	0.88067	0.87724	0.87786	132621
2018-10-09 00:00	0.87786	0.87910	0.87324	0.87440	158373
2018-10-10 00:00	0.87440	0.87499	0.87230	0.87334	143001
2018-10-11 00:00	0.87335	0.87730	0.87297	0.87575	185356
2018-10-12 00:00	0.87577	0.87946	0.87452	0.87888	143176
2018-10-14 00:00	0.88148	0.88200	0.88054	0.88147	6802
2018-10-15 00:00	0.88148	0.88254	0.87955	0.88050	125919
2018-10-16 00:00	0.88049	0.88097	0.87524	0.87778	127572
2018-10-17 00:00	0.87780	0.88086	0.87645	0.87784	116556
2018-10-18 00:00	0.87783	0.88061	0.87708	0.87977	126930
2018-10-19 00:00	0.87977	0.88327	0.87754	0.88106	123902
2018-10-21 00:00	0.88053	0.88173	0.88027	0.88089	4893
2018-10-22 00:00	0.88090	0.88568	0.88060	0.88421	122362
2018-10-23 00:00	0.88420	0.88474	0.87980	0.88371	136507
2018-10-24 00:00	0.88371	0.88487	0.88154	0.88468	142118
2018-10-25 00:00	0.88467	0.88828	0.88313	0.88723	139382
2018-10-26 00:00	0.88723	0.88962	0.88614	0.88861	145402
2018-10-28 00:00	0.88817	0.88877	0.88815	0.88834	3738
2018-10-29 00:00	0.88835	0.89002	0.88682	0.88854	136609
2018-10-30 00:00	0.88853	0.89393	0.88828	0.89275	127443
2018-10-31 00:00	0.89274	0.89320	0.88423	0.88622	129462
2018-11-01 00:00	0.88622	0.88630	0.87568	0.87689	150936
2018-11-02 00:00	0.87690	0.88001	0.87690	0.87794	136802
2018-11-04 00:00	0.87419	0.87643	0.87419	0.87629	8476
2018-11-05 00:00	0.87629	0.87722	0.87298	0.87364	122851
2018-11-06 00:00	0.87366	0.87542	0.87115	0.87241	127688
2018-11-07 00:00	0.87242	0.87464	0.87022	0.87089	155734
2018-11-08 00:00	0.87091	0.87378	0.86904	0.86995	141176
2018-11-09 00:00	0.86999	0.87442	0.86914	0.87342	139924
2018-11-11 00:00	0.87639	0.87654	0.87512	0.87519	7634
2018-11-12 00:00	0.87519	0.87735	0.87091	0.87306	143917
2018-11-13 00:00	0.87306	0.87416	0.86558	0.86906	178221
2018-11-14 00:00	0.86906	0.87572	0.86769	0.87118	177791
2018-11-15 00:00	0.87118	0.88885	0.87066	0.88706	173562
2018-11-16 00:00	0.88706	0.89061	0.88240	0.88966	149452
2018-11-18 00:00	0.88834	0.89017	0.88833	0.88928	5484
2018-11-19 00:00	0.88927	0.89320	0.88668	0.89087	124904
2018-11-20 00:00	0.89087	0.89221	0.88745	0.88925	141420
2018-11-21 00:00	0.88925	0.89234	0.88866	0.89129	116691
2018-11-22 00:00	0.89129	0.89228	0.88407	0.88548	108284
2018-11-23 00:00	0.88549	0.88774	0.88346	0.88362	116587
2018-11-25 00:00	0.88393	0.88477	0.88360	0.88472	4743
2018-11-26 00:00	0.88472	0.88686	0.88360	0.88443	115152
2018-11-27 00:00	0.88445	0.88875	0.88434	0.88653	141398
2018-11-28 00:00	0.88653	0.88757	0.88101	0.88647	141506
2018-11-29 00:00	0.88647	0.89199	0.88598	0.89099	127685
2018-11-30 00:00	0.89099	0.89246	0.88601	0.88726	136657
2018-12-02 00:00	0.88902	0.89118	0.88902	0.88940	6186
2018-12-03 00:00	0.88940	0.89249	0.88629	0.89222	133876
2018-12-04 00:00	0.89223	0.89448	0.88892	0.89172	157256
2018-12-05 00:00	0.89172	0.89316	0.88742	0.89184	119894
2018-12-06 00:00	0.89184	0.89273	0.88787	0.89005	150414
2018-12-07 00:00	0.89007	0.89676	0.88989	0.89350	133580
2018-12-09 00:00	0.89662	0.89669	0.89579	0.89620	7217
2018-12-10 00:00	0.89620	0.90871	0.89594	0.90407	150351
2018-12-11 00:00	0.90408	0.90694	0.90057	0.90623	150392
2018-12-12 00:00	0.90623	0.90689	0.89682	0.90080	162037
2018-12-13 00:00	0.90081	0.90140	0.89519	0.89791	139813
2018-12-14 00:00	0.89793	0.90047	0.89607	0.89790	134439
2018-12-16 00:00	0.89672	0.89876	0.89664	0.89820	10485
2018-12-17 00:00	0.89819	0.90046	0.89730	0.89963	127129
2018-12-18 00:00	0.89963	0.90105	0.89627	0.89889	145003
2018-12-19 00:00	0.89890	0.90410	0.89820	0.90178	229271
2018-12-20 00:00	0.90180	0.90542	0.90076	0.90423	249447
2018-12-21 00:00	0.90422	0.90499	0.89824	0.89974	235256
2018-12-23 00:00	0.89851	0.89950	0.89814	0.89890	5116
2018-12-24 00:00	0.89890	0.90264	0.89599	0.89667	187575
2018-12-25 00:00	0.89668	0.90077	0.89642	0.89952	19073
2018-12-26 00:00	0.89952	0.90078	0.89663	0.89815	125679
2018-12-27 00:00	0.89816	0.90607	0.89797	0.90390	285900
2018-12-28 00:00	0.90389	0.90595	0.90036	0.90077	188286
2018-12-30 00:00	0.90034	0.90147	0.90034	0.90135	4935
2018-12-31 00:00	0.90137	0.90209	0.89270	0.89814	151528
2019-01-01 00:00	0.89803	0.89970	0.89742	0.89861	5819
2019-01-02 00:00	0.89862	0.91122	0.89812	0.90380	244210
2019-01-03 00:00	0.90379	0.90637	0.90073	0.90191	269945
2019-01-04 00:00	0.90191	0.90291	0.89437	0.89524	233416
2019-01-06 00:00	0.89554	0.89645	0.89491	0.89609	8226
2019-01-07 00:00	0.89608	0.89913	0.89516	0.89778	184206
2019-01-08 00:00	0.89778	0.90061	0.89478	0.89932	189330
2019-01-09 00:00	0.89935	0.90410	0.89749	0.90269	234548
2019-01-10 00:00	0.90268	0.90594	0.90111	0.90231	210600
2019-01-11 00:00	0.90232	0.90622	0.89221	0.89283	201867
2019-01-13 00:00	0.89130	0.89200	0.89093	0.89192	5000
2019-01-14 00:00	0.89190	0.89521	0.88750	0.89102	196673
2019-01-15 00:00	0.89101	0.89847	0.88551	0.88671	234931
2019-01-16 00:00	0.88671	0.88892	0.88355	0.88445	204244
2019-01-17 00:00	0.88444	0.88700	0.87632	0.87741	209381
2019-01-18 00:00	0.87739	0.88382	0.87706	0.88246	185697
2019-01-20 00:00	0.88196	0.88447	0.88168	0.88426	3574
2019-01-21 00:00	0.88426	0.88622	0.88061	0.88192	138267
2019-01-22 00:00	0.88191	0.88283	0.87599	0.87702	192026
2019-01-23 00:00	0.87701	0.87820	0.86979	0.87032	203118
2019-01-24 00:00	0.87033	0.87248	0.86176	0.86221	226574
2019-01-25 00:00	0.86221	0.86813	0.86178	0.86373	222969
2019-01-27 00:00	0.86440	0.86454	0.86355	0.86404	3455
2019-01-28 00:00	0.86403	0.86949	0.86396	0.86848	164476
2019-01-29 00:00	0.86849	0.87560	0.86558	0.87421	221334
2019-01-30 00:00	0.87421	0.87633	0.87142	0.87561	212959
2019-01-31 00:00	0.87560	0.87666	0.87109	0.87327	209894
2019-02-01 00:00	0.87327	0.87931	0.87267	0.87553	182950
2019-02-03 00:00	0.87586	0.87635	0.87535	0.87586	9869
2019-02-04 00:00	0.87586	0.87777	0.87259	0.87775	174617
2019-02-05 00:00	0.87774	0.88214	0.87476	0.88047	173719
2019-02-06 00:00	0.88047	0.88072	0.87719	0.87873	170239
2019-02-07 00:00	0.87875	0.88138	0.87280	0.87559	186669
2019-02-08 00:00	0.87556	0.87648	0.87419	0.87437	149845
2019-02-10 00:00	0.87480	0.87556	0.87445	0.87528	4004
2019-02-11 00:00	0.87526	0.87764	0.87449	0.87672	177746
2019-02-12 00:00	0.87673	0.87918	0.87561	0.87914	162449
2019-02-13 00:00	0.87917	0.87926	0.87431	0.87628	169590
2019-02-14 00:00	0.87626	0.88400	0.87604	0.88247	176928
2019-02-15 00:00	0.88247	0.88274	0.87521	0.87613	173137
2019-02-17 00:00	0.87445	0.87529	0.87439	0.87523	4641
2019-02-18 00:00	0.87523	0.87675	0.87418	0.87525	162805
2019-02-19 00:00	0.87524	0.87626	0.86719	0.86829	179208
2019-02-20 00:00	0.86828	0.87141	0.86729	0.86981	174845
2019-02-21 00:00	0.86983	0.87037	0.86659	0.86954	190362
2019-02-22 00:00	0.86953	0.87283	0.86761	0.86783	164120
2019-02-24 00:00	0.86714	0.86844	0.86712	0.86810	8529
2019-02-25 00:00	0.86810	0.86994	0.86380	0.86572	183422
2019-02-26 00:00	0.86573	0.86575	0.85620	0.85923	225746
2019-02-27 00:00	0.85924	0.85962	0.85289	0.85443	213785
2019-02-28 00:00	0.85444	0.85861	0.85422	0.85737	216456
2019-03-01 00:00	0.85736	0.86227	0.85711	0.86011	187362
2019-03-03 00:00	0.85881	0.85999	0.85850	0.85927	7176
2019-03-04 00:00	0.85926	0.86085	0.85576	0.86019	169762
2019-03-05 00:00	0.86019	0.86453	0.85766	0.85935	174662
2019-03-06 00:00	0.85935	0.86191	0.85798	0.85828	143169
2019-03-07 00:00	0.85826	0.86245	0.85360	0.85540	178658
2019-03-08 00:00	0.85540	0.86544	0.85477	0.86276	332372
2019-03-10 00:00	0.86584	0.86597	0.86453	0.86494	5703
2019-03-11 00:00	0.86494	0.86758	0.84751	0.84998	190049
2019-03-12 00:00	0.84998	0.86541	0.84985	0.86388	205147
2019-03-13 00:00	0.86387	0.86396	0.84717	0.85268	182497
2019-03-14 00:00	0.85270	0.85618	0.84986	0.85282	194748
2019-03-15 00:00	0.85282	0.85745	0.85088	0.85159	160725
2019-03-17 00:00	0.85124	0.85210	0.85092	0.85126	3774
2019-03-18 00:00	0.85126	0.85945	0.85122	0.85458	138683
2019-03-19 00:00	0.85456	0.85695	0.85332	0.85561	141138
2019-03-20 00:00	0.85562	0.86659	0.85558	0.86544	199647
2019-03-21 00:00	0.86544	0.87227	0.86371	0.86623	202433
2019-03-22 00:00	0.86623	0.86710	0.85325	0.85529	231856
2019-03-24 00:00	0.85398	0.85571	0.85398	0.85532	6018
2019-03-25 00:00	0.85532	0.85983	0.85451	0.85640	193997
2019-03-26 00:00	0.85640	0.85958	0.85188	0.85341	174791
2019-03-27 00:00	0.85341	0.85594	0.84832	0.85551	231259
2019-03-28 00:00	0.85549	0.86087	0.85272	0.86022	205453
2019-03-29 00:00	0.86023	0.86491	0.85507	0.86042	191637
2019-03-31 00:00	0.86069	0.86216	0.86038	0.86192	4811
2019-04-01 00:00	0.86189	0.86265	0.85246	0.85743	184863
2019-04-02 00:00	0.85742	0.86077	0.85186	0.85345	185630
2019-04-03 00:00	0.85344	0.85580	0.85026	0.85336	164831
2019-04-04 00:00	0.85335	0.85929	0.85179	0.85836	166994
2019-04-05 00:00	0.85837	0.86367	0.85564	0.86022	142545
2019-04-07 00:00	0.85992	0.86082	0.85947	0.86035	3941
2019-04-08 00:00	0.86034	0.86450	0.85901	0.86169	139265
2019-04-09 00:00	0.86170	0.86517	0.85933	0.86288	148585
2019-04-10 00:00	0.86288	0.86319	0.85909	0.86086	152515
2019-04-11 00:00	0.86086	0.86347	0.86047	0.86248	134128
2019-04-12 00:00	0.86248	0.86565	0.86211	0.86436	121910
2019-04-14 00:00	0.86368	0.86455	0.86270	0.86388	3740
2019-04-15 00:00	0.86386	0.86490	0.86182	0.86292	100620
2019-04-16 00:00	0.86292	0.86595	0.86252	0.86507	142827
2019-04-17 00:00	0.86504	0.86808	0.86504	0.86638	128154
2019-04-18 00:00	0.86638	0.86660	0.86339	0.86468	149016
2019-04-19 00:00	0.86468	0.86568	0.86423	0.86507	148508
2019-04-21 00:00	0.86451	0.86568	0.86425	0.86540	2785
2019-04-22 00:00	0.86543	0.86758	0.86466	0.86725	59472
2019-04-23 00:00	0.86726	0.86816	0.86356	0.86749	115295
2019-04-24 00:00	0.86750	0.86781	0.86302	0.86433	139038
2019-04-25 00:00	0.86433	0.86543	0.86264	0.86354	129384
2019-04-26 00:00	0.86354	0.86391	0.86216	0.86227	120837
2019-04-28 00:00	0.86252	0.86314	0.86208	0.86290	2734
2019-04-29 00:00	0.86290	0.86498	0.86204	0.86482	96198
2019-04-30 00:00	0.86481	0.86489	0.85901	0.86007	132440
2019-05-01 00:00	0.86008	0.86059	0.85755	0.85823	117864
2019-05-02 00:00	0.85823	0.85990	0.85679	0.85736	126643
2019-05-03 00:00	0.85736	0.85870	0.84968	0.85010	132591
2019-05-05 00:00	0.84968	0.85067	0.84899	0.85047	6802
2019-05-06 00:00	0.85048	0.85565	0.85043	0.85517	111826
2019-05-07 00:00	0.85515	0.85811	0.85376	0.85624	121572
2019-05-08 00:00	0.85626	0.86237	0.85601	0.86081	140276
2019-05-09 00:00	0.86080	0.86482	0.85967	0.86233	139201
2019-05-10 00:00	0.86232	0.86419	0.86191	0.86383	123625
2019-05-12 00:00	0.86365	0.86419	0.86339	0.86372	4338
2019-05-13 00:00	0.86370	0.86804	0.86241	0.86638	118478
2019-05-14 00:00	0.86640	0.86914	0.86615	0.86799	101531
2019-05-15 00:00	0.86800	0.87360	0.86683	0.87230	120326
2019-05-16 00:00	0.87230	0.87477	0.87209	0.87308	98869
2019-05-17 00:00	0.87308	0.87784	0.87305	0.87704	113966
2019-05-19 00:00	0.87566	0.87738	0.87566	0.87696	2675
2019-05-20 00:00	0.87695	0.87844	0.87494	0.87732	88832
2019-05-21 00:00	0.87734	0.87893	0.87245	0.87854	131171
2019-05-22 00:00	0.87854	0.88396	0.87719	0.88083	120582
2019-05-23 00:00	0.88085	0.88380	0.87897	0.88323	138914
2019-05-24 00:00	0.88324	0.88499	0.88023	0.88120	153233
2019-05-27 00:00	0.88082	0.88351	0.87899	0.88266	101612
2019-05-28 00:00	0.88266	0.88412	0.88056	0.88221	121355
2019-05-29 00:00	0.88219	0.88323	0.87980	0.88177	125518
2019-05-30 00:00	0.88177	0.88407	0.88078	0.88281	102572
2019-05-31 00:00	0.88278	0.88744	0.88220	0.88410	150859
2019-06-02 00:00	0.88355	0.88429	0.88297	0.88402	3511
2019-06-03 00:00	0.88401	0.88877	0.88246	0.88799	138996
2019-06-04 00:00	0.88799	0.89019	0.88518	0.88585	158047
2019-06-05 00:00	0.88585	0.88780	0.88405	0.88494	160412
2019-06-06 00:00	0.88495	0.88905	0.88284	0.88816	165613
2019-06-07 00:00	0.88814	0.89011	0.88492	0.88949	144086
2019-06-09 00:00	0.88814	0.88990	0.88814	0.88966	4198
2019-06-10 00:00	0.88966	0.89295	0.88802	0.89179	122500
2019-06-11 00:00	0.89178	0.89322	0.88908	0.89034	144222
2019-06-12 00:00	0.89033	0.89152	0.88714	0.88964	152644
2019-06-13 00:00	0.88967	0.89197	0.88772	0.88956	134432
2019-06-14 00:00	0.88957	0.89176	0.88906	0.89022	163542
2019-06-16 00:00	0.89078	0.89113	0.88901	0.89052	6181
2019-06-17 00:00	0.89051	0.89513	0.89035	0.89497	101010
2019-06-18 00:00	0.89496	0.89744	0.89077	0.89109	169047
2019-06-19 00:00	0.89107	0.89265	0.88732	0.88793	143308
2019-06-20 00:00	0.88794	0.89229	0.88724	0.88875	181767
2019-06-21 00:00	0.88875	0.89451	0.88846	0.89177	170925
2019-06-23 00:00	0.89282	0.89293	0.89211	0.89278	6144
2019-06-24 00:00	0.89278	0.89604	0.89185	0.89481	122314
2019-06-25 00:00	0.89481	0.89631	0.89154	0.89576	154804
2019-06-26 00:00	0.89576	0.89759	0.89406	0.89585	156393
2019-06-27 00:00	0.89585	0.89813	0.89370	0.89717	152934
2019-06-28 00:00	0.89719	0.89918	0.89396	0.89505	130270
2019-06-30 00:00	0.89396	0.89558	0.89380	0.89492	6354
2019-07-01 00:00	0.89492	0.89798	0.89214	0.89259	131653
2019-07-02 00:00	0.89259	0.89725	0.89205	0.89619	117685
2019-07-03 00:00	0.89619	0.89896	0.89607	0.89699	118470
2019-07-04 00:00	0.89699	0.89774	0.89625	0.89686	95791
2019-07-05 00:00	0.89685	0.89842	0.89576	0.89590	126250
2019-07-07 00:00	0.89573	0.89649	0.89573	0.89634	2302
2019-07-08 00:00	0.89635	0.89732	0.89537	0.89609	86241
2019-07-09 00:00	0.89607	0.90019	0.89591	0.89934	107831
2019-07-10 00:00	0.89934	0.90099	0.89836	0.90017	143248
2019-07-11 00:00	0.90017	0.90053	0.89662	0.89844	138558
2019-07-12 00:00	0.89844	0.89899	0.89553	0.89593	119635
2019-07-14 00:00	0.89585	0.89703	0.89504	0.89657	3631
2019-07-15 00:00	0.89656	0.90007	0.89644	0.89956	88548
2019-07-16 00:00	0.89956	0.90473	0.89950	0.90340	128609
2019-07-17 00:00	0.90340	0.90510	0.90144	0.90289	114273
2019-07-18 00:00	0.90290	0.90387	0.89719	0.89777	148160
2019-07-19 00:00	0.89776	0.89975	0.89566	0.89694	106334
2019-07-21 00:00	0.89729	0.89750	0.89582	0.89653	5962
2019-07-22 00:00	0.89653	0.89998	0.89642	0.89830	80980
2019-07-23 00:00	0.89831	0.90050	0.89526	0.89653	94483
2019-07-24 00:00	0.89652	0.89662	0.89057	0.89236	102897
2019-07-25 00:00	0.89236	0.89590	0.88912	0.89492	133872
2019-07-26 00:00	0.89491	0.89870	0.89475	0.89848	91474
2019-07-28 00:00	0.89883	0.89935	0.89840	0.89927	2237
2019-07-29 00:00	0.89925	0.91256	0.89920	0.91200	117885
2019-07-30 00:00	0.91198	0.91898	0.91170	0.91764	164358
2019-07-31 00:00	0.91764	0.91803	0.90884	0.91097	188797
2019-08-01 00:00	0.91096	0.91487	0.90954	0.91379	228919
2019-08-02 00:00	0.91377	0.91700	0.91252	0.91281	210079
2019-08-04 00:00	0.91317	0.91451	0.91276	0.91415	3623
2019-08-05 00:00	0.91416	0.92475	0.91319	0.92468	223783
2019-08-06 00:00	0.92468	0.92495	0.91552	0.92066	203797
2019-08-07 00:00	0.92066	0.92479	0.91883	0.92285	212932
2019-08-08 00:00	0.92281	0.92650	0.92032	0.92118	174066
2019-08-09 00:00	0.92121	0.93170	0.92116	0.93099	138826
2019-08-11 00:00	0.92877	0.93238	0.92812	0.93234	15125
2019-08-12 00:00	0.93234	0.93234	0.92470	0.92863	159400
2019-08-13 00:00	0.92861	0.92945	0.92404	0.92646	174782
2019-08-14 00:00	0.92646	0.92755	0.92285	0.92390	155564
2019-08-15 00:00	0.92392	0.92505	0.91546	0.91886	262923
2019-08-16 00:00	0.91886	0.91920	0.90901	0.91299	134215
2019-08-18 00:00	0.91207	0.91348	0.91167	0.91222	3712
2019-08-19 00:00	0.91223	0.91696	0.91117	0.91367	102038
2019-08-20 00:00	0.91367	0.91837	0.91010	0.91237	140449
2019-08-21 00:00	0.91237	0.91619	0.91157	0.91416	124159
2019-08-22 00:00	0.91414	0.91576	0.90279	0.90469	173862
2019-08-23 00:00	0.90470	0.90943	0.90386	0.90645	183760
2019-08-25 00:00	0.90886	0.90965	0.90755	0.90879	12028
2019-08-26 00:00	0.90878	0.91089	0.90623	0.90825	212659
2019-08-27 00:00	0.90827	0.90942	0.90156	0.90297	166695
2019-08-28 00:00	0.90297	0.91236	0.90247	0.90728	191227
2019-08-29 00:00	0.90727	0.90938	0.90509	0.90763	166542
2019-08-30 00:00	0.90764	0.90839	0.90200	0.90350	167408
2019-09-01 00:00	0.90389	0.90490	0.90346	0.90388	5005
2019-09-02 00:00	0.90387	0.91087	0.90258	0.90873	135137
2019-09-03 00:00	0.90874	0.91481	0.90502	0.90747	197461
2019-09-04 00:00	0.90746	0.90815	0.89997	0.90100	187644
2019-09-05 00:00	0.90104	0.90305	0.89379	0.89520	185172
2019-09-06 00:00	0.89521	0.89860	0.89451	0.89713	158282
2019-09-08 00:00	0.89837	0.89863	0.89698	0.89704	3374
2019-09-09 00:00	0.89703	0.90149	0.89040	0.89474	148070
2019-09-10 00:00	0.89475	0.89742	0.89207	0.89413	143085
2019-09-11 00:00	0.89413	0.89513	0.89051	0.89284	149359
2019-09-12 00:00	0.89285	0.89726	0.88854	0.89669	204576
2019-09-13 00:00	0.89668	0.89742	0.88540	0.88543	171677
2019-09-15 00:00	0.88685	0.88690	0.88550	0.88684	4116
2019-09-16 00:00	0.88686	0.89019	0.88490	0.88547	139759
2019-09-17 00:00	0.88548	0.88889	0.88382	0.88575	147148
2019-09-18 00:00	0.88576	0.88805	0.88197	0.88445	152413
2019-09-19 00:00	0.88445	0.88939	0.88033	0.88188	173937
2019-09-20 00:00	0.88189	0.88458	0.87862	0.88311	175437
2019-09-22 00:00	0.88309	0.88373	0.88251	0.88356	4684
2019-09-23 00:00	0.88356	0.88553	0.88149	0.88417	157109
2019-09-24 00:00	0.88418	0.88526	0.88030	0.88210	164739
2019-09-25 00:00	0.88209	0.88801	0.88135	0.88609	165761
2019-09-26 00:00	0.88609	0.88861	0.88433	0.88588	151440
2019-09-27 00:00	0.88588	0.89033	0.88463	0.88959	140252
2019-09-29 00:00	0.88952	0.89046	0.88918	0.89010	3578
2019-09-30 00:00	0.89010	0.89032	0.88312	0.88681	147458
2019-10-01 00:00	0.88681	0.89367	0.88462	0.88950	200285
2019-10-02 00:00	0.88951	0.89243	0.88855	0.89073	185751
2019-10-03 00:00	0.89076	0.89217	0.88473	0.88918	177708
2019-10-04 00:00	0.88919	0.89368	0.88803	0.88973	148415
2019-10-06 00:00	0.89161	0.89162	0.89011	0.89039	5879
2019-10-07 00:00	0.89037	0.89307	0.89020	0.89286	126887
2019-10-08 00:00	0.89284	0.89997	0.89230	0.89683	178863
2019-10-09 00:00	0.89684	0.89967	0.89379	0.89943	151257
2019-10-10 00:00	0.89945	0.90192	0.88303	0.88575	202937
2019-10-11 00:00	0.88573	0.88682	0.86948	0.87213	230860
2019-10-13 00:00	0.87283	0.87410	0.87240	0.87402	5821
2019-10-14 00:00	0.87401	0.88109	0.87148	0.87439	158932
2019-10-15 00:00	0.87438	0.87506	0.86254	0.86471	229001
2019-10-16 00:00	0.86470	0.87160	0.85974	0.86377	222382
2019-10-17 00:00	0.86378	0.87033	0.85749	0.86469	226734
2019-10-18 00:00	0.86469	0.86636	0.85980	0.86047	173207
2019-10-20 00:00	0.86163	0.86605	0.86163	0.86445	15211
2019-10-21 00:00	0.86445	0.86556	0.85781	0.85963	162132
2019-10-22 00:00	0.85963	0.86468	0.85762	0.86376	195944
2019-10-23 00:00	0.86376	0.86598	0.86147	0.86148	161438
2019-10-24 00:00	0.86147	0.86760	0.85999	0.86475	164203
2019-10-25 00:00	0.86475	0.86702	0.86307	0.86310	110071
2019-10-27 00:00	0.86452	0.86452	0.86315	0.86400	4805
2019-10-28 00:00	0.86399	0.86519	0.86153	0.86321	110392
2019-10-29 00:00	0.86321	0.86503	0.86074	0.86368	131337
2019-10-30 00:00	0.86368	0.86458	0.86114	0.86436	125704
2019-10-31 00:00	0.86436	0.86448	0.86002	0.86217	148034
2019-11-01 00:00	0.86215	0.86365	0.85949	0.86250	115879
2019-11-03 00:00	0.86373	0.86382	0.86275	0.86306	3929
2019-11-04 00:00	0.86305	0.86462	0.86208	0.86332	105012
2019-11-05 00:00	0.86331	0.86449	0.85851	0.85969	125561
2019-11-06 00:00	0.85969	0.86169	0.85939	0.86105	94053
2019-11-07 00:00	0.86107	0.86574	0.86021	0.86208	131657
2019-11-08 00:00	0.86209	0.86300	0.85980	0.86210	95022
2019-11-10 00:00	0.86079	0.86165	0.86079	0.86139	3376
2019-11-11 00:00	0.86139	0.86216	0.85577	0.85842	96952
2019-11-12 00:00	0.85842	0.86052	0.85578	0.85687	109232
2019-11-13 00:00	0.85686	0.85891	0.85600	0.85651	103816
2019-11-14 00:00	0.85650	0.85815	0.85447	0.85539	106308
2019-11-15 00:00	0.85539	0.85737	0.85496	0.85627	84457
2019-11-17 00:00	0.85475	0.85600	0.85470	0.85554	7131
2019-11-18 00:00	0.85554	0.85598	0.85215	0.85495	100647
2019-11-19 00:00	0.85495	0.85800	0.85373	0.85682	99553
2019-11-20 00:00	0.85679	0.85832	0.85598	0.85698	102090
2019-11-21 00:00	0.85700	0.85803	0.85446	0.85648	119254
2019-11-22 00:00	0.85648	0.86049	0.85610	0.85825	115104
2019-11-24 00:00	0.85683	0.85807	0.85683	0.85764	4967
2019-11-25 00:00	0.85763	0.85839	0.85297	0.85368	105206
2019-11-26 00:00	0.85368	0.85798	0.85324	0.85700	106952
2019-11-27 00:00	0.85699	0.85841	0.84995	0.85111	123454
2019-11-28 00:00	0.85108	0.85319	0.85003	0.85273	95604
2019-11-29 00:00	0.85276	0.85427	0.85100	0.85114	101642
2019-12-01 00:00	0.85375	0.85395	0.85306	0.85328	3258
2019-12-02 00:00	0.85331	0.85746	0.85142	0.85590	108654
2019-12-03 00:00	0.85590	0.85645	0.85121	0.85258	113945
2019-12-04 00:00	0.85257	0.85296	0.84512	0.84535	124157
2019-12-05 00:00	0.84534	0.84553	0.84300	0.84386	97632
2019-12-06 00:00	0.84386	0.84672	0.84110	0.84152	87825
2019-12-08 00:00	0.84180	0.84186	0.84145	0.84162	3201
2019-12-09 00:00	0.84164	0.84264	0.83927	0.84161	81584
2019-12-10 00:00	0.84161	0.84612	0.83970	0.84480	104661
2019-12-11 00:00	0.84480	0.84518	0.84105	0.84336	114097
2019-12-12 00:00	0.84336	0.85085	0.82798	0.82998	179025
2019-12-13 00:00	0.82995	0.83879	0.82764	0.83397	190466
2019-12-15 00:00	0.83400	0.83408	0.83299	0.83300	8517
2019-12-16 00:00	0.83298	0.84136	0.83015	0.83925	133813
2019-12-17 00:00	0.83924	0.85100	0.83800	0.84974	152675
2019-12-18 00:00	0.84974	0.85171	0.84832	0.84942	139691
2019-12-19 00:00	0.84941	0.85566	0.84762	0.85442	138349
2019-12-20 00:00	0.85442	0.85479	0.84766	0.85154	113146
2019-12-22 00:00	0.85196	0.85270	0.85127	0.85190	12122
2019-12-23 00:00	0.85190	0.85916	0.85046	0.85691	103461
2019-12-24 00:00	0.85693	0.85794	0.85431	0.85676	95999
2019-12-25 00:00	0.85675	0.85701	0.85308	0.85530	8531
2019-12-26 00:00	0.85529	0.85558	0.85261	0.85381	64209
2019-12-27 00:00	0.85381	0.85648	0.85087	0.85386	106463
2019-12-29 00:00	0.85309	0.85473	0.85274	0.85411	5393
2019-12-30 00:00	0.85410	0.85565	0.85118	0.85426	118697
2019-12-31 00:00	0.85423	0.85488	0.84507	0.84511	109672
2020-01-01 00:00	0.84593	0.84674	0.84560	0.84663	13866
2020-01-02 00:00	0.84661	0.85142	0.84584	0.84961	223004
2020-01-03 00:00	0.84962	0.85429	0.84927	0.85261	126105
2020-01-05 00:00	0.85305	0.85421	0.85143	0.85337	4612
2020-01-06 00:00	0.85337	0.85447	0.84923	0.84991	102187
2020-01-07 00:00	0.84989	0.85269	0.84652	0.85048	133448
2020-01-08 00:00	0.85047	0.85163	0.84545	0.84792	138843
2020-01-09 00:00	0.84792	0.85332	0.84710	0.84996	122607
2020-01-10 00:00	0.84996	0.85195	0.84789	0.85093	120734
2020-01-12 00:00	0.85260	0.85308	0.85212	0.85217	3191
2020-01-13 00:00	0.85217	0.85817	0.85214	0.85734	110291
2020-01-14 00:00	0.85734	0.85957	0.85397	0.85450	119838
2020-01-15 00:00	0.85451	0.85771	0.85370	0.85518	110312
2020-01-16 00:00	0.85518	0.85611	0.85090	0.85159	112424
2020-01-17 00:00	0.85157	0.85328	0.84873	0.85229	110594
2020-01-19 00:00	0.85345	0.85347	0.85266	0.85297	3853
2020-01-20 00:00	0.85298	0.85532	0.85201	0.85325	75797
2020-01-21 00:00	0.85325	0.85350	0.84903	0.84967	111877
2020-01-22 00:00	0.84967	0.85006	0.84239	0.84410	131143
2020-01-23 00:00	0.84410	0.84571	0.84167	0.84266	122601
2020-01-24 00:00	0.84266	0.84439	0.83868	0.84305	121995
2020-01-26 00:00	0.84335	0.84438	0.84283	0.84403	11452
2020-01-27 00:00	0.84400	0.84489	0.84085	0.84374	103642
2020-01-28 00:00	0.84374	0.84786	0.84348	0.84628	100501
2020-01-29 00:00	0.84626	0.84677	0.84467	0.84577	86586
2020-01-30 00:00	0.84577	0.84872	0.84118	0.84278	123772
2020-01-31 00:00	0.84278	0.84280	0.83870	0.83983	116947
2020-02-02 00:00	0.84185	0.84196	0.84083	0.84123	4990
2020-02-03 00:00	0.84123	0.85183	0.84064	0.85110	132331
2020-02-04 00:00	0.85106	0.85376	0.84642	0.84753	113898
2020-02-05 00:00	0.84754	0.84909	0.84337	0.84644	116781
2020-02-06 00:00	0.84643	0.84972	0.84624	0.84918	109484
2020-02-07 00:00	0.84918	0.84975	0.84614	0.84922	116520
2020-02-09 00:00	0.84861	0.84948	0.84854	0.84941	4224
2020-02-10 00:00	0.84940	0.85043	0.84421	0.84467	103038
2020-02-11 00:00	0.84467	0.84585	0.84200	0.84271	100109
2020-02-12 00:00	0.84273	0.84276	0.83815	0.83927	70115
2020-02-13 00:00	0.83925	0.83999	0.82952	0.83100	98998
2020-02-14 00:00	0.83102	0.83438	0.82983	0.82999	97607
2020-02-16 00:00	0.83086	0.83097	0.83030	0.83060	4765
2020-02-17 00:00	0.83059	0.83348	0.83034	0.83317	72675
2020-02-18 00:00	0.83316	0.83479	0.82820	0.83037	115420
2020-02-19 00:00	0.83037	0.83676	0.82946	0.83625	105148
2020-02-20 00:00	0.83624	0.84155	0.83572	0.83744	91097
2020-02-21 00:00	0.83744	0.83848	0.83429	0.83685	117004
2020-02-23 00:00	0.83588	0.83708	0.83551	0.83677	8938
2020-02-24 00:00	0.83679	0.84071	0.83438	0.83933	146808
2020-02-25 00:00	0.83933	0.84004	0.83381	0.83670	154182
2020-02-26 00:00	0.83670	0.84418	0.83564	0.84346	166823
2020-02-27 00:00	0.84346	0.85423	0.84333	0.85318	185062
2020-02-28 00:00	0.85319	0.86417	0.85209	0.86004	223758
2020-03-01 00:00	0.86264	0.86507	0.86059	0.86306	11987
2020-03-02 00:00	0.86306	0.87417	0.85941	0.87287	259211
2020-03-03 00:00	0.87285	0.87438	0.86817	0.87175	251413
2020-03-04 00:00	0.87175	0.87443	0.86484	0.86528	194583
2020-03-05 00:00	0.86527	0.86811	0.86208	0.86659	180436
2020-03-06 00:00	0.86659	0.87174	0.86474	0.86492	264275
2020-03-08 00:00	0.86748	0.86999	0.86587	0.86945	24366
2020-03-09 00:00	0.86945	0.87688	0.86563	0.87187	386949
2020-03-10 00:00	0.87185	0.87810	0.86808	0.87665	317775
2020-03-11 00:00	0.87665	0.88471	0.87147	0.87854	287338
2020-03-12 00:00	0.87853	0.89130	0.87824	0.88922	399691
2020-03-13 00:00	0.88923	0.90476	0.88428	0.90365	390613
2020-03-15 00:00	0.90398	0.90548	0.89805	0.89950	46829
2020-03-16 00:00	0.89945	0.91496	0.89862	0.90995	460718
2020-03-17 00:00	0.90995	0.91409	0.90649	0.90906	442906
2020-03-18 00:00	0.90904	0.94600	0.90675	0.94252	460392
2020-03-19 00:00	0.94250	0.94996	0.91203	0.92701	542827
2020-03-20 00:00	0.92703	0.92835	0.89942	0.91802	498540
2020-03-22 00:00	0.91655	0.92478	0.91558	0.91960	44890
2020-03-23 00:00	0.91961	0.93872	0.91636	0.92816	476473
2020-03-24 00:00	0.92814	0.93245	0.91437	0.91581	416185
2020-03-25 00:00	0.91582	0.92752	0.90547	0.91880	387599
2020-03-26 00:00	0.91881	0.92233	0.90276	0.90599	363768
2020-03-27 00:00	0.90599	0.90716	0.89039	0.89349	334903
2020-03-29 00:00	0.89263	0.89619	0.89185	0.89427	16325
2020-03-30 00:00	0.89426	0.89877	0.88664	0.89147	231588
2020-03-31 00:00	0.89146	0.89719	0.88112	0.88859	285311
2020-04-01 00:00	0.88861	0.89111	0.87850	0.88443	227743
2020-04-02 00:00	0.88443	0.88445	0.87390	0.87516	237832
2020-04-03 00:00	0.87515	0.88356	0.87405	0.87991	219515
2020-04-05 00:00	0.88302	0.88529	0.88162	0.88429	16152
2020-04-06 00:00	0.88429	0.88637	0.87647	0.88278	220108
2020-04-07 00:00	0.88278	0.88588	0.88000	0.88285	233672
2020-04-08 00:00	0.88285	0.88322	0.87454	0.87637	190549
2020-04-09 00:00	0.87637	0.87867	0.87245	0.87696	211277
2020-04-10 00:00	0.87696	0.87848	0.87604	0.87683	108601
2020-04-12 00:00	0.87688	0.87773	0.87616	0.87723	7237
2020-04-13 00:00	0.87724	0.87784	0.87059	0.87204	130125
2020-04-14 00:00	0.87202	0.87387	0.86816	0.86991	180298
2020-04-15 00:00	0.86985	0.87452	0.86976	0.87089	175668
2020-04-16 00:00	0.87086	0.87287	0.86860	0.86944	217211
2020-04-17 00:00	0.86944	0.87216	0.86831	0.86967	176168
2020-04-19 00:00	0.86863	0.87027	0.86863	0.87005	6423
2020-04-20 00:00	0.87004	0.87432	0.86981	0.87318	141480
2020-04-21 00:00	0.87318	0.88631	0.87260	0.88244	202830
2020-04-22 00:00	0.88245	0.88366	0.87654	0.87685	153176
2020-04-23 00:00	0.87685	0.87764	0.87083	0.87221	180417
2020-04-24 00:00	0.87219	0.87682	0.87118	0.87501	153409
2020-04-26 00:00	0.87472	0.87501	0.87445	0.87491	3363
2020-04-27 00:00	0.87491	0.87492	0.87088	0.87136	136214
2020-04-28 00:00	0.87137	0.87247	0.86888	0.87109	126141
2020-04-29 00:00	0.87110	0.87547	0.86936	0.87220	116465
2020-04-30 00:00	0.87220	0.87425	0.86707	0.86990	169201
2020-05-01 00:00	0.86987	0.87961	0.86983	0.87876	117735
2020-05-03 00:00	0.87846	0.88022	0.87820	0.87997	6680
2020-05-04 00:00	0.87997	0.88139	0.87542	0.87606	134344
2020-05-05 00:00	0.87604	0.87608	0.86901	0.87098	140862
2020-05-06 00:00	0.87098	0.87629	0.86978	0.87614	151697
2020-05-07 00:00	0.87613	0.87897	0.87084	0.87573	162300
2020-05-08 00:00	0.87570	0.87653	0.87124	0.87342	118389
2020-05-10 00:00	0.87276	0.87379	0.87151	0.87279	6766
2020-05-11 00:00	0.87280	0.88065	0.87211	0.87653	142844
2020-05-12 00:00	0.87653	0.88539	0.87584	0.88516	166070
2020-05-13 00:00	0.88515	0.88772	0.88074	0.88411	186630
2020-05-14 00:00	0.88411	0.88709	0.88256	0.88327	178188
2020-05-15 00:00	0.88324	0.89393	0.88289	0.89300	162420
2020-05-17 00:00	0.89358	0.89578	0.89346	0.89511	7837
2020-05-18 00:00	0.89512	0.89597	0.88939	0.89454	159630
2020-05-19 00:00	0.89455	0.89573	0.89021	0.89147	164717
2020-05-20 00:00	0.89144	0.89827	0.89113	0.89720	158647
2020-05-21 00:00	0.89719	0.90001	0.89454	0.89582	152154
2020-05-22 00:00	0.89582	0.89712	0.89292	0.89596	119473
2020-05-24 00:00	0.89447	0.89547	0.89385	0.89505	6840
2020-05-25 00:00	0.89506	0.89541	0.89277	0.89340	107656
2020-05-26 00:00	0.89342	0.89412	0.88808	0.89019	156938
2020-05-27 00:00	0.89018	0.89939	0.88889	0.89831	212248
2020-05-28 00:00	0.89831	0.89939	0.89631	0.89923	182954
2020-05-29 00:00	0.89922	0.90544	0.89792	0.89897	215003
2020-05-31 00:00	0.90157	0.90162	0.89918	0.90034	8111
2020-06-01 00:00	0.90033	0.90033	0.89017	0.89093	178498
2020-06-02 00:00	0.89093	0.89209	0.88660	0.88901	204527
2020-06-03 00:00	0.88901	0.89385	0.88780	0.89345	209733
2020-06-04 00:00	0.89345	0.90070	0.89306	0.89917	230309
2020-06-05 00:00	0.89917	0.90044	0.88852	0.89108	233369
2020-06-07 00:00	0.89017	0.89099	0.88884	0.88965	9174
2020-06-08 00:00	0.88965	0.89283	0.88676	0.88762	130036
2020-06-09 00:00	0.88764	0.89383	0.88640	0.89158	160574
2020-06-10 00:00	0.89158	0.89423	0.88825	0.89415	190938
2020-06-11 00:00	0.89413	0.90148	0.89331	0.89779	219568
2020-06-12 00:00	0.89779	0.89971	0.89479	0.89741	210701
2020-06-14 00:00	0.89754	0.89968	0.89754	0.89946	8370
2020-06-15 00:00	0.89945	0.90245	0.89611	0.89707	207152
2020-06-16 00:00	0.89707	0.89805	0.89118	0.89525	214827
2020-06-17 00:00	0.89525	0.89899	0.89382	0.89573	174340
2020-06-18 00:00	0.89572	0.90414	0.89522	0.90200	188411
2020-06-19 00:00	0.90200	0.90724	0.90060	0.90491	153284
2020-06-21 00:00	0.90509	0.90573	0.90456	0.90524	5408
2020-06-22 00:00	0.90524	0.90602	0.90187	0.90214	133911
2020-06-23 00:00	0.90215	0.90788	0.90193	0.90318	154334
2020-06-24 00:00	0.90318	0.90732	0.90155	0.90633	157611
2020-06-25 00:00	0.90631	0.90646	0.90009	0.90284	150877
2020-06-26 00:00	0.90286	0.91000	0.90251	0.90901	123994
2020-06-28 00:00	0.90849	0.91007	0.90848	0.90930	3902
2020-06-29 00:00	0.90930	0.91755	0.90842	0.91351	127641
2020-06-30 00:00	0.91348	0.91444	0.90570	0.90677	134709
2020-07-01 00:00	0.90678	0.90792	0.90105	0.90265	137922
2020-07-02 00:00	0.90265	0.90316	0.90026	0.90139	119793
2020-07-03 00:00	0.90139	0.90292	0.89991	0.89991	105216
2020-07-05 00:00	0.90138	0.90183	0.90084	0.90154	2372
2020-07-06 00:00	0.90155	0.90672	0.90133	0.90536	112693
2020-07-07 00:00	0.90536	0.90550	0.89670	0.89895	123883
2020-07-08 00:00	0.89898	0.90103	0.89747	0.89881	124174
2020-07-09 00:00	0.89880	0.89999	0.89456	0.89545	134551
2020-07-10 00:00	0.89543	0.89693	0.89376	0.89502	112031
2020-07-12 00:00	0.89465	0.89579	0.89329	0.89558	5767
2020-07-13 00:00	0.89558	0.90392	0.89454	0.90380	129391
2020-07-14 00:00	0.90379	0.91125	0.90339	0.90776	165677
2020-07-15 00:00	0.90776	0.90778	0.90437	0.90675	159346
2020-07-16 00:00	0.90675	0.90951	0.90556	0.90671	155212
2020-07-17 00:00	0.90671	0.91345	0.90575	0.90916	91706
2020-07-19 00:00	0.90920	0.91042	0.90800	0.91017	6395
2020-07-20 00:00	0.91015	0.91377	0.90304	0.90478	123265
2020-07-21 00:00	0.90479	0.90656	0.90009	0.90591	135609
2020-07-22 00:00	0.90591	0.91364	0.90522	0.90860	167093
2020-07-23 00:00	0.90860	0.91243	0.90845	0.91083	168941
2020-07-24 00:00	0.91084	0.91247	0.90833	0.91091	263636
2020-07-26 00:00	0.90977	0.91100	0.90965	0.91050	7316
2020-07-27 00:00	0.91050	0.91480	0.90999	0.91305	159789
2020-07-28 00:00	0.91305	0.91344	0.90528	0.90667	156906
2020-07-29 00:00	0.90667	0.90870	0.90349	0.90762	164019
2020-07-30 00:00	0.90763	0.90786	0.90163	0.90512	186995
2020-07-31 00:00	0.90511	0.90628	0.89804	0.89976	243120
2020-08-02 00:00	0.89978	0.90075	0.89923	0.89931	8567
2020-08-03 00:00	0.89934	0.90147	0.89820	0.89917	144380
2020-08-04 00:00	0.89918	0.90406	0.89911	0.90281	168855
2020-08-05 00:00	0.90279	0.90584	0.90119	0.90448	123851
2020-08-06 00:00	0.90446	0.90531	0.89843	0.90387	198601
2020-08-07 00:00	0.90386	0.90419	0.90150	0.90295	159041
2020-08-09 00:00	0.90268	0.90290	0.90185	0.90267	4391
2020-08-10 00:00	0.90267	0.90294	0.89746	0.89747	107988
2020-08-11 00:00	0.89747	0.90088	0.89693	0.89909	149625
2020-08-12 00:00	0.89909	0.90528	0.89889	0.90399	151189
2020-08-13 00:00	0.90399	0.90518	0.90301	0.90397	141372
2020-08-14 00:00	0.90396	0.90507	0.90004	0.90473	106595
2020-08-16 00:00	0.90396	0.90463	0.90273	0.90431	30110
2020-08-17 00:00	0.90431	0.90699	0.90349	0.90595	124586
2020-08-18 00:00	0.90595	0.90606	0.90037	0.90138	157121
2020-08-19 00:00	0.90135	0.90454	0.90032	0.90338	158255
2020-08-20 00:00	0.90341	0.90682	0.89693	0.89788	156951
2020-08-21 00:00	0.89790	0.90155	0.89439	0.90105	170400
2020-08-23 00:00	0.90077	0.90130	0.90048	0.90109	2981
2020-08-24 00:00	0.90108	0.90439	0.90015	0.90224	194212
2020-08-25 00:00	0.90225	0.90371	0.89825	0.89988	166391
2020-08-26 00:00	0.89990	0.90036	0.89467	0.89568	147373
2020-08-27 00:00	0.89568	0.89644	0.89292	0.89549	265380
2020-08-28 00:00	0.89550	0.89743	0.89085	0.89145	159695
2020-08-30 00:00	0.89182	0.89241	0.89157	0.89227	10275
2020-08-31 00:00	0.89229	0.89665	0.89169	0.89319	169592
2020-09-01 00:00	0.89319	0.89457	0.88883	0.88969	160666
2020-09-02 00:00	0.88968	0.89074	0.88726	0.88741	134661
2020-09-03 00:00	0.88743	0.89340	0.88657	0.89273	142526
2020-09-04 00:00	0.89273	0.89515	0.88996	0.89126	146804
2020-09-06 00:00	0.89343	0.89416	0.89244	0.89330	9169
2020-09-07 00:00	0.89332	0.89935	0.89292	0.89797	110095
2020-09-08 00:00	0.89796	0.90791	0.89739	0.90757	160570
2020-09-09 00:00	0.90755	0.91305	0.90675	0.90804	136491
2020-09-10 00:00	0.90804	0.92704	0.90772	0.92314	186840
2020-09-11 00:00	0.92316	0.92914	0.92096	0.92563	125441
2020-09-13 00:00	0.92582	0.92619	0.92367	0.92448	15893
2020-09-14 00:00	0.92448	0.92506	0.92005	0.92355	108183
2020-09-15 00:00	0.92357	0.92587	0.91835	0.91913	97244
2020-09-16 00:00	0.91916	0.92072	0.90943	0.91075	153315
2020-09-17 00:00	0.91074	0.91692	0.90825	0.91300	149586
2020-09-18 00:00	0.91302	0.91774	0.91146	0.91646	104989
2020-09-20 00:00	0.91529	0.91623	0.91496	0.91590	6643
2020-09-21 00:00	0.91591	0.91969	0.91463	0.91766	132293
2020-09-22 00:00	0.91765	0.92201	0.91435	0.91863	144592
2020-09-23 00:00	0.91863	0.92178	0.91362	0.91679	137508
2020-09-24 00:00	0.91678	0.91803	0.91124	0.91511	141461
2020-09-25 00:00	0.91512	0.91682	0.91182	0.91194	143524
2020-09-27 00:00	0.90953	0.91192	0.90952	0.91143	2788
2020-09-28 00:00	0.91145	0.91173	0.90248	0.90701	115583
2020-09-29 00:00	0.90702	0.91456	0.90620	0.91263	114702
2020-09-30 00:00	0.91263	0.91569	0.90664	0.90757	127787
2020-10-01 00:00	0.90759	0.91552	0.90619	0.91134	150655
2020-10-02 00:00	0.91130	0.91233	0.90438	0.90543	150715
2020-10-04 00:00	0.90529	0.90682	0.90503	0.90640	5602
2020-10-05 00:00	0.90640	0.90901	0.90532	0.90731	97109
2020-10-06 00:00	0.90732	0.91256	0.90604	0.91095	131507
2020-10-07 00:00	0.91094	0.91612	0.90947	0.91087	131126
2020-10-08 00:00	0.91086	0.91225	0.90696	0.90933	125718
2020-10-09 00:00	0.90934	0.91318	0.90631	0.90638	106223
2020-10-11 00:00	0.90636	0.90735	0.90631	0.90674	7785
2020-10-12 00:00	0.90672	0.90784	0.90280	0.90415	102687
2020-10-13 00:00	0.90416	0.90848	0.90191	0.90775	126170
2020-10-14 00:00	0.90776	0.91214	0.90070	0.90259	132526
2020-10-15 00:00	0.90258	0.90772	0.90160	0.90721	151193
2020-10-16 00:00	0.90724	0.91096	0.90435	0.90663	130600
2020-10-18 00:00	0.90816	0.90816	0.90610	0.90629	6723
2020-10-19 00:00	0.90628	0.90978	0.90222	0.90889	128941
2020-10-20 00:00	0.90889	0.91483	0.90792	0.91293	116372
2020-10-21 00:00	0.91290	0.91328	0.90109	0.90264	144009
2020-10-22 00:00	0.90265	0.90457	0.90141	0.90336	124540
2020-10-23 00:00	0.90336	0.91071	0.90210	0.90903	125161
2020-10-25 00:00	0.90769	0.90853	0.90701	0.90763	12253
2020-10-26 00:00	0.90762	0.91056	0.90409	0.90728	127157
2020-10-27 00:00	0.90728	0.90846	0.90286	0.90411	114401
2020-10-28 00:00	0.90411	0.90755	0.90144	0.90440	155807
2020-10-29 00:00	0.90441	0.90591	0.90062	0.90304	165761
2020-10-30 00:00	0.90304	0.90524	0.89836	0.89907	155815
2020-11-01 00:00	0.90099	0.90138	0.89979	0.90056	4881
2020-11-02 00:00	0.90056	0.90486	0.89950	0.90077	130772
2020-11-03 00:00	0.90077	0.90245	0.89581	0.89640	114822
2020-11-04 00:00	0.89640	0.90642	0.89451	0.90478	257018
2020-11-05 00:00	0.90478	0.90686	0.89883	0.89934	192184
2020-11-06 00:00	0.89934	0.90546	0.89897	0.90247	152786
2020-11-08 00:00	0.90321	0.90376	0.90218	0.90228	10650
2020-11-09 00:00	0.90225	0.90481	0.89707	0.89782	197001
2020-11-10 00:00	0.89783	0.89791	0.88836	0.89117	185628
2020-11-11 00:00	0.89117	0.89181	0.88607	0.89073	134805
2020-11-12 00:00	0.89073	0.90040	0.89057	0.89957	153353
2020-11-13 00:00	0.89957	0.90032	0.89630	0.89651	106038
2020-11-15 00:00	0.89885	0.89885	0.89570	0.89596	4725
2020-11-16 00:00	0.89597	0.89946	0.89546	0.89691	145627
2020-11-17 00:00	0.89691	0.89817	0.89420	0.89485	117647
2020-11-18 00:00	0.89485	0.89580	0.89147	0.89380	109168
2020-11-19 00:00	0.89380	0.89634	0.89236	0.89563	133877
2020-11-20 00:00	0.89563	0.89596	0.89177	0.89190	92702
2020-11-22 00:00	0.89170	0.89232	0.89151	0.89185	14045
2020-11-23 00:00	0.89187	0.89210	0.88661	0.88858	134395
2020-11-24 00:00	0.88860	0.89130	0.88742	0.89037	135599
2020-11-25 00:00	0.89038	0.89383	0.88897	0.89030	130886
2020-11-26 00:00	0.89030	0.89345	0.89024	0.89191	97294
2020-11-27 00:00	0.89193	0.89998	0.89148	0.89809	110624
2020-11-29 00:00	0.89674	0.89831	0.89674	0.89797	3545
2020-11-30 00:00	0.89797	0.90011	0.89449	0.89511	135289
2020-12-01 00:00	0.89511	0.90073	0.89284	0.89928	151071
2020-12-02 00:00	0.89927	0.90837	0.89851	0.90608	150926
2020-12-03 00:00	0.90610	0.90652	0.89981	0.90279	146021
2020-12-04 00:00	0.90280	0.90668	0.89828	0.90205	139644
2020-12-06 00:00	0.90439	0.90449	0.90298	0.90341	5609
2020-12-07 00:00	0.90341	0.91419	0.90281	0.90667	137983
2020-12-08 00:00	0.90666	0.91160	0.90479	0.90601	141802
2020-12-09 00:00	0.90601	0.90801	0.89830	0.90362	131510
2020-12-10 00:00	0.90366	0.91419	0.90228	0.91281	145432
2020-12-11 00:00	0.91282	0.92296	0.91149	0.91541	129060
2020-12-13 00:00	0.90793	0.91122	0.90759	0.91108	10398
2020-12-14 00:00	0.91106	0.91211	0.90448	0.91162	141040
2020-12-15 00:00	0.91160	0.91483	0.90207	0.90378	143369
2020-12-16 00:00	0.90381	0.90556	0.89917	0.90325	142698
2020-12-17 00:00	0.90325	0.90504	0.89818	0.90359	120498
2020-12-18 00:00	0.90361	0.90843	0.90313	0.90571	107771
2020-12-20 00:00	0.91165	0.91189	0.90959	0.91118	5532
2020-12-21 00:00	0.91116	0.92169	0.90695	0.90977	182657
2020-12-22 00:00	0.90978	0.91565	0.90837	0.90932	140777
2020-12-23 00:00	0.90931	0.90971	0.90006	0.90236	156456
2020-12-24 00:00	0.90238	0.90310	0.89529	0.89848	92539
2020-12-25 00:00	0.89848	0.89937	0.89677	0.89855	1410
2020-12-27 00:00	0.89901	0.90018	0.89833	0.89928	3404
2020-12-28 00:00	0.89930	0.90913	0.89908	0.90747	128700
2020-12-29 00:00	0.90745	0.90928	0.90562	0.90768	127900
2020-12-30 00:00	0.90770	0.90854	0.90128	0.90231	120855
2020-12-31 00:00	0.90233	0.90312	0.89316	0.89365	118555
2021-01-03 00:00	0.89588	0.89635	0.89504	0.89539	4463
2021-01-04 00:00	0.89536	0.90486	0.89434	0.90278	138456
2021-01-05 00:00	0.90278	0.90540	0.90134	0.90249	155555
2021-01-06 00:00	0.90249	0.90848	0.90169	0.90559	178943
2021-01-07 00:00	0.90560	0.90768	0.90151	0.90418	137788
2021-01-08 00:00	0.90416	0.90452	0.89930	0.90089	155077
2021-01-10 00:00	0.89970	0.90185	0.89937	0.90146	5438
2021-01-11 00:00	0.90147	0.90367	0.89881	0.89917	122400
2021-01-12 00:00	0.89918	0.89952	0.89201	0.89325	131361
2021-01-13 00:00	0.89326	0.89341	0.88833	0.89109	128093
2021-01-14 00:00	0.89108	0.89157	0.88690	0.88796	137682
2021-01-15 00:00	0.88798	0.89071	0.88656	0.88843	127553
2021-01-17 00:00	0.88798	0.88915	0.88765	0.88906	4971
2021-01-18 00:00	0.88904	0.89247	0.88857	0.88916	97049
2021-01-19 00:00	0.88915	0.89182	0.88831	0.88964	104800
2021-01-20 00:00	0.88963	0.89035	0.88374	0.88636	117037
2021-01-21 00:00	0.88636	0.88688	0.88294	0.88608	117646
2021-01-22 00:00	0.88608	0.89182	0.88596	0.88943	101495
2021-01-24 00:00	0.88938	0.88950	0.88886	0.88898	2347
2021-01-25 00:00	0.88899	0.88965	0.88681	0.88786	116359
2021-01-26 00:00	0.88786	0.89043	0.88466	0.88515	111088
2021-01-27 00:00	0.88516	0.88566	0.88122	0.88525	149711
2021-01-28 00:00	0.88523	0.88835	0.88267	0.88310	138894
2021-01-29 00:00	0.88309	0.88702	0.88252	0.88567	151902
2021-01-31 00:00	0.88487	0.88525	0.88450	0.88504	4982
2021-02-01 00:00	0.88502	0.88513	0.88044	0.88236	117168
2021-02-02 00:00	0.88235	0.88367	0.87951	0.88117	112291
2021-02-03 00:00	0.88119	0.88259	0.87971	0.88211	105215
2021-02-04 00:00	0.88211	0.88392	0.87475	0.87518	115864
2021-02-05 00:00	0.87514	0.87773	0.87381	0.87675	100879
2021-02-07 00:00	0.87720	0.87768	0.87645	0.87696	8238
2021-02-08 00:00	0.87696	0.87927	0.87616	0.87678	93818
2021-02-09 00:00	0.87677	0.87970	0.87619	0.87695	109206
2021-02-10 00:00	0.87692	0.87798	0.87510	0.87617	92806
2021-02-11 00:00	0.87620	0.87878	0.87525	0.87826	73140
2021-02-12 00:00	0.87826	0.87910	0.87435	0.87451	70447
2021-02-14 00:00	0.87497	0.87527	0.87383	0.87384	6170
2021-02-15 00:00	0.87386	0.87397	0.87168	0.87188	61013
2021-02-16 00:00	0.87188	0.87384	0.86969	0.87052	88615
2021-02-17 00:00	0.87055	0.87190	0.86796	0.86865	93598
2021-02-18 00:00	0.86863	0.86999	0.86409	0.86569	86631
2021-02-19 00:00	0.86571	0.86782	0.86400	0.86457	78860
2021-02-21 00:00	0.86410	0.86507	0.86410	0.86435	12152
2021-02-22 00:00	0.86436	0.86608	0.86329	0.86462	82730
2021-02-23 00:00	0.86460	0.86538	0.86047	0.86051	83308
2021-02-24 00:00	0.86051	0.86160	0.85391	0.86023	117524
2021-02-25 00:00	0.86023	0.86990	0.85962	0.86816	142314
2021-02-26 00:00	0.86816	0.87307	0.86560	0.86670	180375
2021-02-28 00:00	0.86581	0.86678	0.86477	0.86517	9139
2021-03-01 00:00	0.86517	0.86611	0.86197	0.86496	117047
2021-03-02 00:00	0.86497	0.86670	0.86367	0.86604	114494
2021-03-03 00:00	0.86604	0.86680	0.86218	0.86528	116590
2021-03-04 00:00	0.86529	0.86535	0.85958	0.86130	150562
2021-03-05 00:00	0.86129	0.86517	0.86021	0.86101	149469
2021-03-07 00:00	0.86205	0.86259	0.86039	0.86105	12290
2021-03-08 00:00	0.86105	0.86176	0.85657	0.85739	125410
2021-03-09 00:00	0.85738	0.85860	0.85501	0.85665	115641
2021-03-10 00:00	0.85666	0.85788	0.85495	0.85594	107146
2021-03-11 00:00	0.85593	0.85817	0.85478	0.85646	104363
2021-03-12 00:00	0.85646	0.85988	0.85537	0.85858	110625
2021-03-14 00:00	0.85785	0.85851	0.85772	0.85782	6107
2021-03-15 00:00	0.85780	0.85998	0.85541	0.85808	91343
2021-03-16 00:00	0.85808	0.86393	0.85583	0.85612	104093
2021-03-17 00:00	0.85612	0.86050	0.85401	0.85741	121006
2021-03-18 00:00	0.85738	0.85843	0.85330	0.85591	127190
2021-03-19 00:00	0.85593	0.85900	0.85352	0.85805	110638
2021-03-21 00:00	0.85751	0.85920	0.85751	0.85900	3716
2021-03-22 00:00	0.85900	0.86277	0.85765	0.86096	92147
2021-03-23 00:00	0.86093	0.86451	0.85974	0.86220	115527
2021-03-24 00:00	0.86219	0.86453	0.86139	0.86293	105810
2021-03-25 00:00	0.86292	0.86412	0.85609	0.85658	108473
2021-03-26 00:00	0.85660	0.85714	0.85345	0.85455	86682
2021-03-28 00:00	0.85453	0.85557	0.85453	0.85474	2629
2021-03-29 00:00	0.85473	0.85624	0.85056	0.85435	96118
2021-03-30 00:00	0.85434	0.85564	0.85230	0.85280	87562
2021-03-31 00:00	0.85281	0.85374	0.85023	0.85064	96341
2021-04-01 00:00	0.85062	0.85331	0.84927	0.85131	94176
2021-04-02 00:00	0.85130	0.85198	0.84972	0.85021	94436
2021-04-04 00:00	0.85035	0.85109	0.84987	0.85079	5284
2021-04-05 00:00	0.85078	0.85094	0.84717	0.84933	53266
2021-04-06 00:00	0.84935	0.85921	0.84856	0.85848	93810
2021-04-07 00:00	0.85848	0.86632	0.85816	0.86390	105151
2021-04-08 00:00	0.86391	0.86807	0.86212	0.86760	86810
2021-04-09 00:00	0.86759	0.86974	0.86462	0.86808	76012
2021-04-11 00:00	0.86681	0.86828	0.86680	0.86780	3680
2021-04-12 00:00	0.86779	0.86951	0.86395	0.86605	73233
2021-04-13 00:00	0.86605	0.87113	0.86404	0.86878	89878
2021-04-14 00:00	0.86878	0.86983	0.86686	0.86972	86122
2021-04-15 00:00	0.86971	0.86974	0.86698	0.86837	83615
2021-04-16 00:00	0.86834	0.87191	0.86494	0.86494	78419
2021-04-18 00:00	0.86515	0.86627	0.86515	0.86616	3168
2021-04-19 00:00	0.86616	0.86722	0.85885	0.86064	93202
2021-04-20 00:00	0.86065	0.86433	0.86050	0.86326	89629
2021-04-21 00:00	0.86326	0.86444	0.86125	0.86403	82178
2021-04-22 00:00	0.86402	0.87023	0.86343	0.86815	98484
2021-04-23 00:00	0.86815	0.87176	0.86715	0.87116	81913
2021-04-25 00:00	0.87120	0.87193	0.87105	0.87190	2475
2021-04-26 00:00	0.87189	0.87192	0.86822	0.86930	80904
2021-04-27 00:00	0.86929	0.87011	0.86739	0.86949	74672
2021-04-28 00:00	0.86948	0.87074	0.86853	0.86961	94649
2021-04-29 00:00	0.86960	0.87016	0.86740	0.86908	85976
2021-04-30 00:00	0.86909	0.87175	0.86814	0.86970	100090
2021-05-02 00:00	0.87061	0.87086	0.86985	0.87036	2200
2021-05-03 00:00	0.87033	0.87095	0.86645	0.86730	71205
2021-05-04 00:00	0.86730	0.86891	0.86455	0.86509	98796
2021-05-05 00:00	0.86510	0.86510	0.86233	0.86325	76188
2021-05-06 00:00	0.86326	0.86983	0.86290	0.86824	95762
2021-05-07 00:00	0.86823	0.87006	0.86650	0.86948	98735
2021-05-09 00:00	0.86799	0.86918	0.86675	0.86676	4702
2021-05-10 00:00	0.86676	0.86720	0.85866	0.85911	93769
2021-05-11 00:00	0.85912	0.86134	0.85815	0.85909	91998
2021-05-12 00:00	0.85910	0.85973	0.85602	0.85883	107750
2021-05-13 00:00	0.85883	0.86171	0.85842	0.85978	108405
2021-05-14 00:00	0.85977	0.86271	0.85959	0.86124	81300
2021-05-16 00:00	0.86066	0.86166	0.86061	0.86163	2811
2021-05-17 00:00	0.86159	0.86316	0.85912	0.85921	75558
2021-05-18 00:00	0.85920	0.86188	0.85817	0.86147	78616
2021-05-19 00:00	0.86146	0.86431	0.86094	0.86266	105986
2021-05-20 00:00	0.86266	0.86423	0.86117	0.86183	84724
2021-05-21 00:00	0.86183	0.86294	0.85830	0.86033	90559
2021-05-23 00:00	0.85981	0.86146	0.85963	0.86141	3393
2021-05-24 00:00	0.86141	0.86495	0.86073	0.86284	81433
2021-05-25 00:00	0.86285	0.86713	0.86185	0.86590	95131
2021-05-26 00:00	0.86591	0.86604	0.86288	0.86373	87484
2021-05-27 00:00	0.86373	0.86464	0.85785	0.85843	101002
2021-05-28 00:00	0.85842	0.86064	0.85748	0.85881	95628
2021-05-30 00:00	0.85943	0.85971	0.85849	0.85962	1709
2021-05-31 00:00	0.85964	0.86143	0.85905	0.85979	68156
2021-06-01 00:00	0.85979	0.86452	0.85846	0.86307	103342
2021-06-02 00:00	0.86307	0.86390	0.85998	0.86154	86771
2021-06-03 00:00	0.86153	0.86188	0.85855	0.85976	101024
2021-06-04 00:00	0.85977	0.86003	0.85650	0.85879	93662
2021-06-06 00:00	0.85857	0.85916	0.85801	0.85892	2135
2021-06-07 00:00	0.85892	0.86125	0.85778	0.85991	71868
2021-06-08 00:00	0.85991	0.86271	0.85932	0.86026	77257
2021-06-09 00:00	0.86027	0.86379	0.85887	0.86298	63934
2021-06-10 00:00	0.86298	0.86421	0.85843	0.85897	102413
2021-06-11 00:00	0.85895	0.86058	0.85680	0.85772	75968
2021-06-13 00:00	0.85813	0.85829	0.85749	0.85772	2462
2021-06-14 00:00	0.85770	0.86055	0.85720	0.85907	67340
2021-06-15 00:00	0.85907	0.86282	0.85827	0.86100	76091
2021-06-16 00:00	0.86101	0.86113	0.85700	0.85740	103748
2021-06-17 00:00	0.85740	0.85800	0.85417	0.85470	125878
2021-06-18 00:00	0.85470	0.86002	0.85428	0.85910	118472
2021-06-20 00:00	0.85731	0.85987	0.85706	0.85910	3901
2021-06-21 00:00	0.85911	0.86014	0.85474	0.85543	102075
2021-06-22 00:00	0.85545	0.85822	0.85474	0.85567	91283
2021-06-23 00:00	0.85568	0.85640	0.85303	0.85411	75140
2021-06-24 00:00	0.85410	0.85917	0.85333	0.85707	83496
2021-06-25 00:00	0.85707	0.86044	0.85681	0.85949	68510
2021-06-27 00:00	0.85774	0.85993	0.85774	0.85927	2410
2021-06-28 00:00	0.85929	0.85966	0.85660	0.85947	71591
2021-06-29 00:00	0.85946	0.86091	0.85871	0.85979	76414
2021-06-30 00:00	0.85980	0.86091	0.85677	0.85734	86519
2021-07-01 00:00	0.85733	0.86154	0.85635	0.86088	85343
2021-07-02 00:00	0.86088	0.86102	0.85737	0.85752	83220
2021-07-04 00:00	0.85769	0.85777	0.85714	0.85715	3133
2021-07-05 00:00	0.85715	0.85820	0.85609	0.85627	66110
2021-07-06 00:00	0.85628	0.85763	0.85351	0.85638	99716
2021-07-07 00:00	0.85638	0.85828	0.85385	0.85455	90533
2021-07-08 00:00	0.85456	0.86179	0.85449	0.85902	109207
2021-07-09 00:00	0.85901	0.85966	0.85390	0.85395	104936
2021-07-11 00:00	0.85457	0.85509	0.85409	0.85419	3688
2021-07-12 00:00	0.85421	0.85665	0.85356	0.85421	87385
2021-07-13 00:00	0.85421	0.85577	0.85195	0.85291	99628
2021-07-14 00:00	0.85290	0.85431	0.85031	0.85392	96233
2021-07-15 00:00	0.85393	0.85676	0.85105	0.85413	95607
2021-07-16 00:00	0.85412	0.85797	0.85235	0.85737	79671
2021-07-18 00:00	0.85609	0.85844	0.85609	0.85821	2201
2021-07-19 00:00	0.85819	0.86414	0.85688	0.86262	114879
2021-07-20 00:00	0.86261	0.86696	0.86194	0.86403	104374
2021-07-21 00:00	0.86404	0.86584	0.85948	0.85996	77431
2021-07-22 00:00	0.85996	0.86095	0.85393	0.85470	91162
2021-07-23 00:00	0.85471	0.85843	0.85469	0.85608	69275
2021-07-25 00:00	0.85472	0.85579	0.85472	0.85572	2272
2021-07-26 00:00	0.85572	0.85733	0.85338	0.85373	77103
2021-07-27 00:00	0.85375	0.85558	0.85082	0.85147	77735
2021-07-28 00:00	0.85148	0.85226	0.84995	0.85179	85721
2021-07-29 00:00	0.85178	0.85197	0.84997	0.85149	65114
2021-07-30 00:00	0.85150	0.85372	0.85098	0.85337	72733
2021-08-01 00:00	0.85293	0.85392	0.85293	0.85391	2222
2021-08-02 00:00	0.85390	0.85579	0.85299	0.85477	69236
2021-08-03 00:00	0.85478	0.85504	0.85210	0.85283	67700
2021-08-04 00:00	0.85282	0.85322	0.85045	0.85219	67848
2021-08-05 00:00	0.85220	0.85279	0.84903	0.84959	66843
2021-08-06 00:00	0.84959	0.84989	0.84697	0.84736	55327
2021-08-08 00:00	0.84656	0.84772	0.84656	0.84714	7186
2021-08-09 00:00	0.84715	0.84861	0.84606	0.84751	64973
2021-08-10 00:00	0.84751	0.84802	0.84498	0.84704	53699
2021-08-11 00:00	0.84703	0.84838	0.84607	0.84675	58964
2021-08-12 00:00	0.84675	0.85043	0.84600	0.84970	51295
2021-08-13 00:00	0.84969	0.85179	0.84956	0.85033	43662
2021-08-15 00:00	0.85029	0.85079	0.85021	0.85066	2522
2021-08-16 00:00	0.85067	0.85151	0.84835	0.85091	51049
2021-08-17 00:00	0.85091	0.85363	0.85078	0.85216	53886
2021-08-18 00:00	0.85217	0.85328	0.85054	0.85153	56396
2021-08-19 00:00	0.85151	0.85677	0.85051	0.85661	75477
2021-08-20 00:00	0.85662	0.85896	0.85640	0.85823	54756
2021-08-22 00:00	0.85761	0.85892	0.85761	0.85847	2498
2021-08-23 00:00	0.85844	0.85936	0.85502	0.85574	57914
2021-08-24 00:00	0.85575	0.85725	0.85423	0.85631	52070
2021-08-25 00:00	0.85631	0.85693	0.85476	0.85520	52434
2021-08-26 00:00	0.85520	0.85835	0.85494	0.85788	59493
2021-08-27 00:00	0.85788	0.85886	0.85577	0.85682	64304
2021-08-29 00:00	0.85645	0.85763	0.85645	0.85723	3747
2021-08-30 00:00	0.85726	0.85816	0.85610	0.85731	41546
2021-08-31 00:00	0.85731	0.85985	0.85652	0.85872	68172
2021-09-01 00:00	0.85874	0.86025	0.85734	0.85975	53746
2021-09-02 00:00	0.85976	0.86005	0.85764	0.85813	44485
2021-09-03 00:00	0.85813	0.85937	0.85619	0.85665	59540
2021-09-05 00:00	0.85602	0.85765	0.85601	0.85763	2784
2021-09-06 00:00	0.85763	0.85856	0.85659	0.85792	53992
2021-09-07 00:00	0.85791	0.86133	0.85750	0.85945	64301
2021-09-08 00:00	0.85945	0.86027	0.85746	0.85848	60711
2021-09-09 00:00	0.85848	0.85882	0.85234	0.85432	68658
2021-09-10 00:00	0.85430	0.85449	0.85200	0.85337	58104
2021-09-12 00:00	0.85290	0.85385	0.85238	0.85344	2098
2021-09-13 00:00	0.85343	0.85383	0.85100	0.85341	54517
2021-09-14 00:00	0.85339	0.85514	0.85105	0.85470	62639
2021-09-15 00:00	0.85469	0.85622	0.85284	0.85341	56931
2021-09-16 00:00	0.85341	0.85473	0.85003	0.85265	61089
2021-09-17 00:00	0.85262	0.85529	0.85218	0.85349	56557
2021-09-19 00:00	0.85243	0.85465	0.85243	0.85432	2550
2021-09-20 00:00	0.85433	0.85942	0.85404	0.85830	93574
2021-09-21 00:00	0.85829	0.85948	0.85629	0.85829	73453
2021-09-22 00:00	0.85831	0.86129	0.85709	0.85828	88105
2021-09-23 00:00	0.85826	0.85894	0.85363	0.85556	78425
2021-09-24 00:00	0.85556	0.85765	0.85491	0.85651	59983
2021-09-26 00:00	0.85741	0.85770	0.85545	0.85758	2947
2021-09-27 00:00	0.85758	0.85771	0.85271	0.85360	73173
2021-09-28 00:00	0.85361	0.86405	0.85250	0.86295	108334
2021-09-29 00:00	0.86294	0.86582	0.86123	0.86400	89296
2021-09-30 00:00	0.86399	0.86425	0.85773	0.85925	100290
2021-10-01 00:00	0.85927	0.86236	0.85441	0.85525	96492
2021-10-03 00:00	0.85436	0.85648	0.85435	0.85527	3168
2021-10-04 00:00	0.85526	0.85728	0.85309	0.85367	80191
2021-10-05 00:00	0.85367	0.85448	0.85028	0.85091	74154
2021-10-06 00:00	0.85092	0.85267	0.84946	0.85011	95816
2021-10-07 00:00	0.85007	0.85222	0.84738	0.84868	70758
2021-10-08 00:00	0.84868	0.85004	0.84778	0.84962	67638
2021-10-10 00:00	0.84922	0.84974	0.84907	0.84936	2565
2021-10-11 00:00	0.84936	0.85023	0.84718	0.85001	56832
2021-10-12 00:00	0.85000	0.85181	0.84731	0.84924	64800
2021-10-13 00:00	0.84925	0.84976	0.84726	0.84839	73299
2021-10-14 00:00	0.84839	0.84872	0.84542	0.84793	60568
2021-10-15 00:00	0.84793	0.84864	0.84234	0.84402	60975
2021-10-17 00:00	0.84206	0.84346	0.84206	0.84267	5677
2021-10-18 00:00	0.84267	0.84636	0.84247	0.84544	65419
2021-10-19 00:00	0.84544	0.84631	0.84209	0.84329	63091
2021-10-20 00:00	0.84327	0.84606	0.84219	0.84299	63194
2021-10-21 00:00	0.84298	0.84434	0.84219	0.84288	65050
2021-10-22 00:00	0.84287	0.84687	0.84210	0.84592	78132
2021-10-24 00:00	0.84588	0.84663	0.84531	0.84571	2122
2021-10-25 00:00	0.84570	0.84654	0.84268	0.84340	65225
2021-10-26 00:00	0.84339	0.84342	0.84022	0.84239	69071
2021-10-27 00:00	0.84237	0.84644	0.84201	0.84457	92251
2021-10-28 00:00	0.84458	0.84755	0.84224	0.84659	109624
2021-10-29 00:00	0.84659	0.84724	0.84328	0.84456	92877
2021-10-31 00:00	0.84453	0.84516	0.84445	0.84455	3140
2021-11-01 00:00	0.84456	0.84992	0.84420	0.84945	83734
2021-11-02 00:00	0.84945	0.85133	0.84920	0.85033	86094
2021-11-03 00:00	0.85032	0.85124	0.84722	0.84814	91675
2021-11-04 00:00	0.84816	0.85645	0.84618	0.85539	104860
2021-11-05 00:00	0.85540	0.85947	0.85481	0.85661	104853
2021-11-07 00:00	0.85699	0.85762	0.85618	0.85744	9028
2021-11-08 00:00	0.85744	0.85882	0.85353	0.85427	74627
2021-11-09 00:00	0.85427	0.85606	0.85201	0.85498	81484
2021-11-10 00:00	0.85494	0.85643	0.85317	0.85634	114722
2021-11-11 00:00	0.85633	0.85732	0.85427	0.85647	89339
2021-11-12 00:00	0.85647	0.85651	0.85251	0.85277	77306
2021-11-14 00:00	0.85288	0.85327	0.85259	0.85274	5975
2021-11-15 00:00	0.85274	0.85372	0.84697	0.84756	81874
2021-11-16 00:00	0.84756	0.84820	0.84239	0.84297	95969
2021-11-17 00:00	0.84298	0.84360	0.83847	0.83902	94736
2021-11-18 00:00	0.83900	0.84264	0.83830	0.84208	84822
2021-11-19 00:00	0.84206	0.84263	0.83852	0.83912	112423
2021-11-21 00:00	0.83909	0.83975	0.83868	0.83931	6358
2021-11-22 00:00	0.83932	0.84034	0.83802	0.83909	94439
2021-11-23 00:00	0.83904	0.84309	0.83849	0.84065	97604
2021-11-24 00:00	0.84063	0.84144	0.83847	0.84036	94666
2021-11-25 00:00	0.84035	0.84358	0.83987	0.84195	93178
2021-11-26 00:00	0.84193	0.84956	0.84166	0.84738	149259
2021-11-28 00:00	0.84721	0.84843	0.84560	0.84641	5796
2021-11-29 00:00	0.84641	0.84839	0.84458	0.84809	103387
2021-11-30 00:00	0.84810	0.85378	0.84729	0.85212	164505
2021-12-01 00:00	0.85212	0.85295	0.84925	0.85243	125455
2021-12-02 00:00	0.85243	0.85262	0.84891	0.85004	102085
2021-12-03 00:00	0.85005	0.85504	0.84927	0.85483	126980
2021-12-05 00:00	0.85422	0.85448	0.85289	0.85400	3702
2021-12-06 00:00	0.85400	0.85416	0.85001	0.85075	82798
2021-12-07 00:00	0.85075	0.85124	0.84885	0.85099	92022
2021-12-08 00:00	0.85099	0.85990	0.85087	0.85874	120021
2021-12-09 00:00	0.85875	0.85901	0.85356	0.85396	79735
2021-12-10 00:00	0.85395	0.85528	0.85241	0.85247	88729
2021-12-12 00:00	0.85301	0.85366	0.85277	0.85313	4471
2021-12-13 00:00	0.85313	0.85498	0.85003	0.85392	86576
2021-12-14 00:00	0.85392	0.85527	0.85056	0.85087	83862
2021-12-15 00:00	0.85086	0.85277	0.84855	0.85124	133938
2021-12-16 00:00	0.85124	0.85279	0.84531	0.85064	122431
2021-12-17 00:00	0.85064	0.85271	0.84856	0.84860	108245
2021-12-19 00:00	0.84824	0.84995	0.84824	0.84981	4333
2021-12-20 00:00	0.84980	0.85502	0.84952	0.85367	99192
2021-12-21 00:00	0.85367	0.85487	0.84977	0.85063	87117
2021-12-22 00:00	0.85062	0.85106	0.84768	0.84835	82129
2021-12-23 00:00	0.84834	0.84979	0.84153	0.84452	76284
2021-12-24 00:00	0.84451	0.84635	0.84308	0.84308	211724
2021-12-26 00:00	0.84388	0.84505	0.84322	0.84481	1646
2021-12-27 00:00	0.84479	0.84548	0.84206	0.84283	48067
2021-12-28 00:00	0.84283	0.84330	0.84018	0.84209	57295
2021-12-29 00:00	0.84210	0.84241	0.84024	0.84159	71195
2021-12-30 00:00	0.84158	0.84161	0.83794	0.83880	67695
2021-12-31 00:00	0.83878	0.84146	0.83677	0.84073	67833
2022-01-02 00:00	0.83937	0.84121	0.83906	0.84103	2794
2022-01-03 00:00	0.84103	0.84187	0.83717	0.83820	75461
2022-01-04 00:00	0.83820	0.83943	0.83356	0.83387	90169
2022-01-05 00:00	0.83387	0.83721	0.83344	0.83437	90094
2022-01-06 00:00	0.83438	0.83721	0.83412	0.83456	105334
2022-01-07 00:00	0.83458	0.83654	0.83367	0.83529	83578
2022-01-09 00:00	0.83531	0.83596	0.83513	0.83528	2688
2022-01-10 00:00	0.83528	0.83566	0.83317	0.83429	95051
2022-01-11 00:00	0.83428	0.83493	0.83234	0.83367	93515
2022-01-12 00:00	0.83366	0.83548	0.83278	0.83459	85762
2022-01-13 00:00	0.83458	0.83601	0.83361	0.83538	90620
2022-01-14 00:00	0.83537	0.83620	0.83410	0.83410	99692
2022-01-16 00:00	0.83423	0.83494	0.83398	0.83454	4961
2022-01-17 00:00	0.83453	0.83616	0.83421	0.83600	72304
2022-01-18 00:00	0.83600	0.83785	0.83253	0.83297	118322
2022-01-19 00:00	0.83296	0.83413	0.83128	0.83345	101663
2022-01-20 00:00	0.83341	0.83385	0.83050	0.83197	102352
2022-01-21 00:00	0.83197	0.83764	0.83180	0.83647	116813
2022-01-23 00:00	0.83643	0.83693	0.83608	0.83660	3257
2022-01-24 00:00	0.83662	0.84223	0.83505	0.83946	153571
2022-01-25 00:00	0.83946	0.84013	0.83575	0.83662	135780
2022-01-26 00:00	0.83660	0.83702	0.83414	0.83462	136457
2022-01-27 00:00	0.83462	0.83574	0.83202	0.83240	161829
2022-01-28 00:00	0.83239	0.83337	0.83050	0.83174	143950
2022-01-30 00:00	0.83161	0.83217	0.83142	0.83202	5602
2022-01-31 00:00	0.83205	0.83581	0.83045	0.83516	135797
2022-02-01 00:00	0.83513	0.83598	0.83178	0.83345	119144
2022-02-02 00:00	0.83345	0.83508	0.83226	0.83298	97563
2022-02-03 00:00	0.83296	0.84164	0.82845	0.84093	157608
2022-02-04 00:00	0.84091	0.84698	0.84058	0.84593	146874
2022-02-06 00:00	0.84642	0.84677	0.84525	0.84637	3764
2022-02-07 00:00	0.84640	0.84778	0.84381	0.84511	118443
2022-02-08 00:00	0.84512	0.84568	0.84124	0.84298	111852
2022-02-09 00:00	0.84299	0.84503	0.84127	0.84392	89199
2022-02-10 00:00	0.84390	0.84458	0.84104	0.84217	142970
2022-02-11 00:00	0.84217	0.84230	0.83591	0.83629	155270
2022-02-13 00:00	0.83661	0.83759	0.83557	0.83747	8719
2022-02-14 00:00	0.83747	0.83866	0.83461	0.83543	151563
2022-02-15 00:00	0.83542	0.83995	0.83506	0.83855	124505
2022-02-16 00:00	0.83855	0.84019	0.83648	0.83730	110357
2022-02-17 00:00	0.83733	0.83770	0.83337	0.83460	145041
2022-02-18 00:00	0.83461	0.83559	0.83258	0.83259	109302
2022-02-20 00:00	0.83298	0.83303	0.83247	0.83257	5571
2022-02-21 00:00	0.83258	0.83512	0.83102	0.83180	104014
2022-02-22 00:00	0.83180	0.83826	0.83103	0.83366	134402
2022-02-23 00:00	0.83365	0.83538	0.83249	0.83461	105469
2022-02-24 00:00	0.83459	0.83779	0.83055	0.83682	257537
2022-02-25 00:00	0.83680	0.84063	0.83453	0.84026	168762
2022-02-27 00:00	0.83519	0.83689	0.83449	0.83602	20844
2022-02-28 00:00	0.83602	0.83823	0.83416	0.83546	198759
2022-03-01 00:00	0.83546	0.83672	0.83157	0.83472	176079
2022-03-02 00:00	0.83472	0.83600	0.82878	0.82942	200081
2022-03-03 00:00	0.82945	0.82995	0.82746	0.82879	136560
2022-03-04 00:00	0.82879	0.82899	0.82301	0.82551	169299
2022-03-06 00:00	0.82618	0.82634	0.82245	0.82294	12245
2022-03-07 00:00	0.82293	0.83045	0.82022	0.82856	263272
2022-03-08 00:00	0.82855	0.83468	0.82780	0.83193	256523
2022-03-09 00:00	0.83196	0.84173	0.83164	0.83980	191444
2022-03-10 00:00	0.83982	0.84356	0.83664	0.84049	197072
2022-03-11 00:00	0.84046	0.84190	0.83600	0.83652	182565
2022-03-13 00:00	0.83701	0.83845	0.83652	0.83768	6426
2022-03-14 00:00	0.83768	0.84293	0.83739	0.84105	161063
2022-03-15 00:00	0.84106	0.84554	0.83856	0.84069	162613
2022-03-16 00:00	0.84068	0.84287	0.83823	0.83868	191396
2022-03-17 00:00	0.83870	0.84577	0.83669	0.84341	148022
2022-03-18 00:00	0.84341	0.84374	0.83769	0.83827	128452
2022-03-20 00:00	0.83796	0.83913	0.83793	0.83908	4915
2022-03-21 00:00	0.83909	0.84160	0.83600	0.83651	112676
2022-03-22 00:00	0.83651	0.83715	0.83079	0.83135	157458
2022-03-23 00:00	0.83135	0.83425	0.82956	0.83338	133078
2022-03-24 00:00	0.83337	0.83498	0.83160	0.83427	134848
2022-03-25 00:00	0.83427	0.83695	0.83237	0.83287	137008
2022-03-27 00:00	0.83241	0.83390	0.83216	0.83359	5147
2022-03-28 00:00	0.83360	0.83995	0.83216	0.83901	155521
2022-03-29 00:00	0.83901	0.84817	0.83850	0.84707	189442
2022-03-30 00:00	0.84706	0.84977	0.84500	0.84952	167893
2022-03-31 00:00	0.84950	0.85120	0.84142	0.84226	159784
2022-04-01 00:00	0.84227	0.84405	0.84077	0.84179	123525
2022-04-03 00:00	0.84235	0.84285	0.84184	0.84282	4080
2022-04-04 00:00	0.84281	0.84305	0.83614	0.83692	107712
2022-04-05 00:00	0.83691	0.83733	0.83250	0.83393	132550
2022-04-06 00:00	0.83394	0.83531	0.83256	0.83379	144092
2022-04-07 00:00	0.83378	0.83644	0.83110	0.83126	138515
2022-04-08 00:00	0.83124	0.83620	0.83070	0.83400	114726
2022-04-10 00:00	0.83730	0.83739	0.83501	0.83527	6374
2022-04-11 00:00	0.83528	0.83796	0.83425	0.83517	126978
2022-04-12 00:00	0.83517	0.83603	0.83191	0.83260	151650
2022-04-13 00:00	0.83259	0.83432	0.82879	0.83045	139349
2022-04-14 00:00	0.83045	0.83144	0.82495	0.82792	199561
2022-04-15 00:00	0.82793	0.82837	0.82610	0.82730	304021
2022-04-17 00:00	0.82738	0.82869	0.82681	0.82817	6557
2022-04-18 00:00	0.82817	0.82960	0.82756	0.82869	81632
2022-04-19 00:00	0.82867	0.83145	0.82792	0.82938	129021
2022-04-20 00:00	0.82938	0.83350	0.82828	0.83015	133641
2022-04-21 00:00	0.83015	0.83666	0.82953	0.83185	140302
2022-04-22 00:00	0.83185	0.84152	0.83175	0.84071	149192
2022-04-24 00:00	0.84131	0.84263	0.84086	0.84257	8325
2022-04-25 00:00	0.84256	0.84409	0.83969	0.84093	185781
2022-04-26 00:00	0.84094	0.84664	0.83926	0.84584	161724
2022-04-27 00:00	0.84586	0.84640	0.83887	0.84163	175323
2022-04-28 00:00	0.84161	0.84600	0.83820	0.84257	198253
2022-04-29 00:00	0.84257	0.84296	0.83808	0.83834	156883
2022-05-01 00:00	0.83859	0.83859	0.83757	0.83803	8065
2022-05-02 00:00	0.83803	0.84171	0.83666	0.84077	132527
2022-05-03 00:00	0.84076	0.84301	0.83717	0.84206	131392
2022-05-04 00:00	0.84206	0.84498	0.83959	0.84172	165550
2022-05-05 00:00	0.84173	0.85452	0.84114	0.85250	200878
2022-05-06 00:00	0.85248	0.85911	0.85090	0.85440	209240
2022-05-08 00:00	0.85358	0.85453	0.85350	0.85442	6471
2022-05-09 00:00	0.85442	0.85709	0.85154	0.85624	181113
2022-05-10 00:00	0.85623	0.85783	0.85349	0.85545	191659
2022-05-11 00:00	0.85545	0.85929	0.85249	0.85920	206040
2022-05-12 00:00	0.85920	0.86183	0.84926	0.85030	213728
2022-05-13 00:00	0.85032	0.85280	0.84846	0.84887	153347
2022-05-15 00:00	0.84916	0.84932	0.84806	0.84826	9880
2022-05-16 00:00	0.84825	0.85335	0.84619	0.84687	141531
2022-05-17 00:00	0.84689	0.84742	0.83927	0.84474	151192
2022-05-18 00:00	0.84473	0.84938	0.84335	0.84835	129736
2022-05-19 00:00	0.84837	0.84950	0.84472	0.84880	195455
2022-05-20 00:00	0.84879	0.84925	0.84478	0.84491	158366
2022-05-22 00:00	0.84564	0.84619	0.84515	0.84525	5185
2022-05-23 00:00	0.84524	0.85034	0.84326	0.85009	152709
2022-05-24 00:00	0.85005	0.85866	0.84797	0.85571	153957
2022-05-25 00:00	0.85569	0.85615	0.84836	0.84905	152324
2022-05-26 00:00	0.84904	0.85289	0.84846	0.85056	140266
2022-05-27 00:00	0.85056	0.85152	0.84808	0.84947	129247
2022-05-29 00:00	0.84934	0.85002	0.84864	0.84982	3546
2022-05-30 00:00	0.84982	0.85279	0.84944	0.85197	104749
2022-05-31 00:00	0.85197	0.85285	0.84892	0.85133	155883
2022-06-01 00:00	0.85133	0.85439	0.85032	0.85317	134853
2022-06-02 00:00	0.85315	0.85497	0.85099	0.85458	109004
2022-06-03 00:00	0.85458	0.85841	0.85405	0.85779	97142
2022-06-05 00:00	0.85626	0.85867	0.85626	0.85863	5089
2022-06-06 00:00	0.85864	0.85890	0.85251	0.85352	115206
2022-06-07 00:00	0.85352	0.85840	0.84918	0.84977	147547
2022-06-08 00:00	0.84979	0.85641	0.84963	0.85455	141437
2022-06-09 00:00	0.85456	0.85915	0.84855	0.85000	173880
2022-06-10 00:00	0.84995	0.85489	0.84905	0.85380	180510
2022-06-12 00:00	0.85173	0.85530	0.85173	0.85446	12580
2022-06-13 00:00	0.85447	0.85938	0.85309	0.85771	229206
2022-06-14 00:00	0.85769	0.87157	0.85516	0.86896	250576
2022-06-15 00:00	0.86895	0.87207	0.85648	0.85887	272836
2022-06-16 00:00	0.85887	0.86329	0.85109	0.85390	290738
2022-06-17 00:00	0.85390	0.85949	0.85219	0.85809	229817
2022-06-19 00:00	0.85688	0.85864	0.85686	0.85781	8050
2022-06-20 00:00	0.85780	0.86114	0.85701	0.85862	154162
2022-06-21 00:00	0.85864	0.86099	0.85677	0.85867	165530
2022-06-22 00:00	0.85866	0.86249	0.85739	0.86222	197293
2022-06-23 00:00	0.86226	0.86409	0.85733	0.85798	206055
2022-06-24 00:00	0.85797	0.86015	0.85611	0.85969	147595
2022-06-26 00:00	0.85925	0.86026	0.85925	0.86022	7941
2022-06-27 00:00	0.86023	0.86295	0.85770	0.86245	159236
2022-06-28 00:00	0.86245	0.86458	0.86107	0.86327	197534
2022-06-29 00:00	0.86328	0.86611	0.86000	0.86117	189404
2022-06-30 00:00	0.86117	0.86199	0.85505	0.86164	193591
2022-07-01 00:00	0.86164	0.86783	0.86120	0.86147	191277
2022-07-03 00:00	0.86041	0.86218	0.86041	0.86212	6796
2022-07-04 00:00	0.86213	0.86266	0.85947	0.86116	137672
2022-07-05 00:00	0.86117	0.86233	0.85427	0.85815	211110
2022-07-06 00:00	0.85814	0.86024	0.85321	0.85418	220928
2022-07-07 00:00	0.85418	0.85536	0.84445	0.84528	188419
2022-07-08 00:00	0.84529	0.84751	0.84402	0.84596	196076
2022-07-10 00:00	0.84612	0.84650	0.84519	0.84600	6435
2022-07-11 00:00	0.84600	0.84897	0.84390	0.84420	185420
2022-07-12 00:00	0.84423	0.84841	0.84325	0.84440	196963
2022-07-13 00:00	0.84442	0.84678	0.84029	0.84575	243604
2022-07-14 00:00	0.84572	0.84987	0.84401	0.84671	240698
2022-07-15 00:00	0.84673	0.85134	0.84641	0.84963	185639
2022-07-17 00:00	0.84901	0.84997	0.84901	0.84917	10036
2022-07-18 00:00	0.84918	0.85046	0.84572	0.84911	182554
2022-07-19 00:00	0.84910	0.85396	0.84765	0.85231	223548
2022-07-20 00:00	0.85234	0.85403	0.84919	0.85063	208668
2022-07-21 00:00	0.85064	0.85840	0.85044	0.85197	241159
2022-07-22 00:00	0.85197	0.85230	0.84862	0.85044	220449
2022-07-24 00:00	0.84980	0.85141	0.84980	0.85091	6682
2022-07-25 00:00	0.85092	0.85241	0.84748	0.84808	176908
2022-07-26 00:00	0.84805	0.84912	0.84014	0.84147	177551
2022-07-27 00:00	0.84148	0.84257	0.83753	0.83906	192892
2022-07-28 00:00	0.83905	0.84032	0.83456	0.83721	235383
2022-07-29 00:00	0.83723	0.84150	0.83681	0.83949	224402
2022-07-31 00:00	0.83811	0.83988	0.83798	0.83904	8530
2022-08-01 00:00	0.83903	0.83990	0.83522	0.83723	227733
2022-08-02 00:00	0.83723	0.83998	0.83393	0.83627	285609
2022-08-03 00:00	0.83628	0.83730	0.83415	0.83668	243541
2022-08-04 00:00	0.83668	0.84368	0.83440	0.84272	241503
2022-08-05 00:00	0.84272	0.84526	0.84101	0.84305	205018
2022-08-07 00:00	0.84301	0.84367	0.84267	0.84332	6656
2022-08-08 00:00	0.84333	0.84446	0.84097	0.84381	200598
2022-08-09 00:00	0.84380	0.84614	0.84332	0.84555	180145
2022-08-10 00:00	0.84556	0.84700	0.84178	0.84337	234411
2022-08-11 00:00	0.84336	0.84699	0.84296	0.84621	260109
2022-08-12 00:00	0.84621	0.84922	0.84457	0.84504	202754
2022-08-14 00:00	0.84466	0.84579	0.84466	0.84545	4868
2022-08-15 00:00	0.84543	0.84703	0.84185	0.84274	187855
2022-08-16 00:00	0.84275	0.84394	0.84014	0.84076	205751
2022-08-17 00:00	0.84076	0.84498	0.83864	0.84487	209819
2022-08-18 00:00	0.84485	0.84660	0.84246	0.84557	216563
2022-08-19 00:00	0.84556	0.85111	0.84534	0.84851	183126
2022-08-21 00:00	0.84703	0.84929	0.84703	0.84908	9068
2022-08-22 00:00	0.84909	0.84914	0.84344	0.84461	219768
2022-08-23 00:00	0.84461	0.84531	0.84147	0.84239	220801
2022-08-24 00:00	0.84240	0.84564	0.84077	0.84537	211038
2022-08-25 00:00	0.84536	0.84608	0.84232	0.84331	221894
2022-08-26 00:00	0.84331	0.85022	0.84297	0.84867	232554
2022-08-28 00:00	0.84881	0.85040	0.84846	0.84995	13761
2022-08-29 00:00	0.84996	0.85495	0.84958	0.85395	207083
2022-08-30 00:00	0.85399	0.86033	0.85212	0.85966	232306
2022-08-31 00:00	0.85967	0.86610	0.85709	0.86552	237230
2022-09-01 00:00	0.86553	0.86697	0.86095	0.86173	252376
2022-09-02 00:00	0.86173	0.86762	0.86135	0.86451	223922
2022-09-04 00:00	0.86415	0.86468	0.86267	0.86354	14006
2022-09-05 00:00	0.86353	0.86541	0.85971	0.86031	190585
2022-09-06 00:00	0.86031	0.86203	0.85662	0.85977	269122
2022-09-07 00:00	0.85975	0.86885	0.85968	0.86764	255400
2022-09-08 00:00	0.86764	0.87114	0.86539	0.86883	290064
2022-09-09 00:00	0.86884	0.87060	0.86591	0.86652	229597
2022-09-11 00:00	0.86753	0.86836	0.86617	0.86658	13401
2022-09-12 00:00	0.86658	0.87219	0.86489	0.86649	248005
2022-09-13 00:00	0.86648	0.86935	0.86473	0.86741	264970
2022-09-14 00:00	0.86741	0.86834	0.86252	0.86463	270907
2022-09-15 00:00	0.86462	0.87228	0.86418	0.87211	208127
2022-09-16 00:00	0.87212	0.87838	0.87153	0.87685	263068
2022-09-18 00:00	0.87612	0.87700	0.87612	0.87645	9336
2022-09-19 00:00	0.87644	0.87871	0.87472	0.87636	199306
2022-09-20 00:00	0.87636	0.87824	0.87239	0.87608	254300
2022-09-21 00:00	0.87608	0.87637	0.87086	0.87326	292526
2022-09-22 00:00	0.87325	0.87597	0.86901	0.87348	345982
2022-09-23 00:00	0.87349	0.89351	0.87105	0.89235	339537
2022-09-25 00:00	0.89500	0.89816	0.89380	0.89731	27374
2022-09-26 00:00	0.89730	0.92792	0.88519	0.89336	588742
2022-09-27 00:00	0.89336	0.89845	0.88959	0.89445	474679
2022-09-28 00:00	0.89445	0.90654	0.88530	0.89603	575190
2022-09-29 00:00	0.89603	0.89786	0.87807	0.87973	527058
2022-09-30 00:00	0.87973	0.88497	0.87517	0.87729	448052
2022-10-02 00:00	0.87569	0.88004	0.87473	0.87933	18425
2022-10-03 00:00	0.87931	0.88305	0.86699	0.86722	414607
2022-10-04 00:00	0.86722	0.87442	0.86486	0.87178	412078
2022-10-05 00:00	0.87178	0.87763	0.86932	0.87273	433269
2022-10-06 00:00	0.87271	0.88189	0.87175	0.87696	465330
2022-10-07 00:00	0.87697	0.88066	0.87356	0.87791	386569
2022-10-09 00:00	0.87711	0.87952	0.87696	0.87904	20285
2022-10-10 00:00	0.87905	0.88134	0.87442	0.87646	349734
2022-10-11 00:00	0.87646	0.88598	0.87246	0.88462	386288
2022-10-12 00:00	0.88464	0.88666	0.87250	0.87421	373980
2022-10-13 00:00	0.87425	0.87663	0.86032	0.86416	394628
2022-10-14 00:00	0.86420	0.87144	0.86124	0.86942	361650
2022-10-16 00:00	0.86527	0.86737	0.86500	0.86631	17336
2022-10-17 00:00	0.86631	0.86861	0.85785	0.86701	342419
2022-10-18 00:00	0.86701	0.87309	0.86332	0.86942	341330
2022-10-19 00:00	0.86941	0.87290	0.86794	0.87126	306729
2022-10-20 00:00	0.87122	0.87565	0.86732	0.87128	361592
2022-10-21 00:00	0.87128	0.87801	0.87122	0.87273	353071
2022-10-23 00:00	0.86560	0.87069	0.86560	0.86959	39949
2022-10-24 00:00	0.86960	0.87637	0.86613	0.87414	336245
2022-10-25 00:00	0.87414	0.87565	0.86646	0.86925	303683
2022-10-26 00:00	0.86925	0.86991	0.86453	0.86708	353668
2022-10-27 00:00	0.86707	0.86879	0.86084	0.86176	334396
2022-10-28 00:00	0.86172	0.86508	0.85709	0.85772	301750
2022-10-30 00:00	0.85752	0.85875	0.85752	0.85841	12576
2022-10-31 00:00	0.85841	0.86253	0.85716	0.86196	253213
2022-11-01 00:00	0.86195	0.86239	0.85926	0.85971	303851
2022-11-02 00:00	0.85971	0.86295	0.85841	0.86204	287428
2022-11-03 00:00	0.86203	0.87425	0.86072	0.87267	307198
2022-11-04 00:00	0.87266	0.87844	0.86991	0.87528	328806
2022-11-06 00:00	0.87508	0.87732	0.87466	0.87611	13258
2022-11-07 00:00	0.87610	0.87900	0.86898	0.86993	279326
2022-11-08 00:00	0.86997	0.87435	0.86909	0.87252	252558
2022-11-09 00:00	0.87252	0.88275	0.87146	0.88121	308177
2022-11-10 00:00	0.88122	0.88129	0.86992	0.87138	338745
2022-11-11 00:00	0.87139	0.87778	0.87104	0.87424	324912
2022-11-13 00:00	0.87365	0.87657	0.87350	0.87527	13961
2022-11-14 00:00	0.87527	0.88219	0.87264	0.87802	309439
2022-11-15 00:00	0.87802	0.88049	0.87084	0.87177	359675
2022-11-16 00:00	0.87177	0.87750	0.87123	0.87224	308130
2022-11-17 00:00	0.87223	0.87720	0.86945	0.87360	269504
2022-11-18 00:00	0.87360	0.87361	0.86777	0.86777	221371
2022-11-20 00:00	0.86747	0.86924	0.86715	0.86907	10184
2022-11-21 00:00	0.86906	0.86966	0.86552	0.86618	225644
2022-11-22 00:00	0.86618	0.86801	0.86314	0.86678	200943
2022-11-23 00:00	0.86679	0.87004	0.85857	0.86247	227498
2022-11-24 00:00	0.86247	0.86341	0.85715	0.85914	197180
2022-11-25 00:00	0.85914	0.86148	0.85764	0.85973	198111
2022-11-27 00:00	0.85828	0.86032	0.85828	0.85990	10649
2022-11-28 00:00	0.85990	0.86749	0.85859	0.86477	231516
2022-11-29 00:00	0.86477	0.86517	0.86064	0.86409	230988
2022-11-30 00:00	0.86410	0.86602	0.86201	0.86307	249134
2022-12-01 00:00	0.86308	0.86413	0.85466	0.85871	275181
2022-12-02 00:00	0.85872	0.86078	0.85550	0.85645	214705
2022-12-04 00:00	0.85621	0.85836	0.85621	0.85740	5010
2022-12-05 00:00	0.85740	0.86339	0.85655	0.86078	204252
2022-12-06 00:00	0.86077	0.86322	0.85753	0.86263	227305
2022-12-07 00:00	0.86263	0.86426	0.85975	0.86085	226864
2022-12-08 00:00	0.86084	0.86462	0.86044	0.86271	212592
2022-12-09 00:00	0.86272	0.86370	0.85618	0.85855	213418
2022-12-11 00:00	0.85861	0.85977	0.85776	0.85974	3859
2022-12-12 00:00	0.85976	0.86165	0.85738	0.85905	183034
2022-12-13 00:00	0.85905	0.86050	0.85612	0.85992	245175
2022-12-14 00:00	0.85992	0.86165	0.85737	0.85958	245394
2022-12-15 00:00	0.85957	0.87281	0.85932	0.87260	267054
2022-12-16 00:00	0.87260	0.87714	0.87036	0.87191	225305
2022-12-18 00:00	0.87051	0.87106	0.87014	0.87040	9608
2022-12-19 00:00	0.87040	0.87365	0.86899	0.87301	184747
2022-12-20 00:00	0.87301	0.87708	0.87084	0.87165	281432
2022-12-21 00:00	0.87167	0.87892	0.87150	0.87833	194605
2022-12-22 00:00	0.87834	0.88337	0.87658	0.88058	183657
2022-12-23 00:00	0.88059	0.88242	0.87832	0.88147	180135
2022-12-25 00:00	0.88052	0.88099	0.87942	0.87973	2010
2022-12-26 00:00	0.87943	0.88133	0.87810	0.88050	61483
2022-12-27 00:00	0.88050	0.88625	0.88001	0.88444	177467
2022-12-28 00:00	0.88443	0.88604	0.87935	0.88360	173986
2022-12-29 00:00	0.88362	0.88593	0.88218	0.88426	154340
2022-12-30 00:00	0.88424	0.88767	0.88220	0.88470	194661
2023-01-01 00:00	0.88372	0.88395	0.88261	0.88320	224
2023-01-02 00:00	0.88320	0.88724	0.88282	0.88494	88951
2023-01-03 00:00	0.88492	0.88623	0.87824	0.88112	248358
2023-01-04 00:00	0.88112	0.88204	0.87763	0.87960	233623
2023-01-05 00:00	0.87960	0.88628	0.87957	0.88337	226748
2023-01-06 00:00	0.88336	0.88706	0.87967	0.88001	226997
2023-01-08 00:00	0.87974	0.88058	0.87930	0.87966	7643
2023-01-09 00:00	0.87966	0.88235	0.87687	0.88079	214587
2023-01-10 00:00	0.88080	0.88458	0.88011	0.88352	201748
2023-01-11 00:00	0.88352	0.88813	0.88284	0.88531	171712
2023-01-12 00:00	0.88533	0.88946	0.88317	0.88885	245556
2023-01-13 00:00	0.88883	0.88964	0.88502	0.88578	195521
2023-01-15 00:00	0.88533	0.88595	0.88500	0.88536	9989
2023-01-16 00:00	0.88537	0.88785	0.88461	0.88704	148915
2023-01-17 00:00	0.88700	0.88866	0.87730	0.87832	194797
2023-01-18 00:00	0.87830	0.88033	0.87340	0.87445	240493
2023-01-19 00:00	0.87444	0.87868	0.87215	0.87415	176272
2023-01-20 00:00	0.87415	0.87859	0.87407	0.87558	140466
2023-01-22 00:00	0.87577	0.87602	0.87533	0.87561	7130
2023-01-23 00:00	0.87561	0.88147	0.87556	0.87813	143717
2023-01-24 00:00	0.87813	0.88465	0.87667	0.88299	139013
2023-01-25 00:00	0.88299	0.88517	0.87912	0.87992	133285
2023-01-26 00:00	0.87990	0.88145	0.87714	0.87737	128848
2023-01-27 00:00	0.87736	0.88042	0.87636	0.87660	120999
2023-01-29 00:00	0.87659	0.87700	0.87588	0.87663	4602
2023-01-30 00:00	0.87662	0.88029	0.87619	0.87845	137734
2023-01-31 00:00	0.87846	0.88293	0.87712	0.88232	158082
2023-02-01 00:00	0.88233	0.88970	0.88166	0.88892	188998
2023-02-02 00:00	0.88892	0.89550	0.88765	0.89219	224011
2023-02-03 00:00	0.89220	0.89786	0.89122	0.89535	194676
2023-02-05 00:00	0.89573	0.89634	0.89543	0.89576	9773
2023-02-06 00:00	0.89576	0.89633	0.89139	0.89208	148074
2023-02-07 00:00	0.89207	0.89402	0.88972	0.89011	180649
2023-02-08 00:00	0.89011	0.89104	0.88645	0.88762	141829
2023-02-09 00:00	0.88763	0.88838	0.88381	0.88634	154943
2023-02-10 00:00	0.88630	0.88722	0.88235	0.88521	199745
2023-02-12 00:00	0.88477	0.88594	0.88442	0.88589	5069
2023-02-13 00:00	0.88591	0.88746	0.88228	0.88310	120670
2023-02-14 00:00	0.88310	0.88477	0.88007	0.88174	187808
2023-02-15 00:00	0.88175	0.89020	0.88153	0.88813	183530
2023-02-16 00:00	0.88812	0.89091	0.88694	0.89059	182535
2023-02-17 00:00	0.89059	0.89282	0.88727	0.88795	141298
2023-02-19 00:00	0.88789	0.88845	0.88782	0.88812	13745
2023-02-20 00:00	0.88812	0.88910	0.88685	0.88727	107723
2023-02-21 00:00	0.88727	0.88864	0.87781	0.87954	172049
2023-02-22 00:00	0.87953	0.88220	0.87834	0.88025	147597
2023-02-23 00:00	0.88024	0.88234	0.87929	0.88179	135473
2023-02-24 00:00	0.88179	0.88355	0.87978	0.88293	159548
2023-02-26 00:00	0.88183	0.88312	0.88171	0.88305	5027
2023-02-27 00:00	0.88305	0.88356	0.87878	0.87948	135396
2023-02-28 00:00	0.87948	0.88117	0.87545	0.87893	157733
2023-03-01 00:00	0.87893	0.88963	0.87873	0.88699	240269
2023-03-02 00:00	0.88701	0.88917	0.88558	0.88685	147956
2023-03-03 00:00	0.88684	0.88689	0.88253	0.88254	105923
2023-03-05 00:00	0.88248	0.88335	0.88233	0.88333	6849
2023-03-06 00:00	0.88333	0.88870	0.88303	0.88850	119916
2023-03-07 00:00	0.88850	0.89248	0.88562	0.89180	155265
2023-03-08 00:00	0.89179	0.89217	0.88946	0.89023	136654
2023-03-09 00:00	0.89022	0.89134	0.88653	0.88779	116969
2023-03-10 00:00	0.88779	0.88893	0.88196	0.88404	192914
2023-03-12 00:00	0.88337	0.88517	0.88285	0.88436	25224
2023-03-13 00:00	0.88437	0.88630	0.87901	0.88121	291283
2023-03-14 00:00	0.88122	0.88360	0.87772	0.88273	232179
2023-03-15 00:00	0.88274	0.88435	0.87178	0.87688	287776
2023-03-16 00:00	0.87688	0.88189	0.87473	0.87635	237164
2023-03-17 00:00	0.87637	0.87829	0.87445	0.87543	147801
2023-03-19 00:00	0.87310	0.87637	0.87309	0.87624	11891
2023-03-20 00:00	0.87623	0.87683	0.87270	0.87324	153747
2023-03-21 00:00	0.87326	0.88395	0.87299	0.88114	132509
2023-03-22 00:00	0.88114	0.88550	0.87712	0.88517	160325
2023-03-23 00:00	0.88518	0.88651	0.88094	0.88215	153671
2023-03-24 00:00	0.88216	0.88263	0.87767	0.87941	137327
2023-03-26 00:00	0.87993	0.88067	0.87923	0.88010	8252
2023-03-27 00:00	0.88008	0.88035	0.87755	0.87878	104363
2023-03-28 00:00	0.87878	0.88066	0.87706	0.87900	106066
2023-03-29 00:00	0.87901	0.88113	0.87805	0.88072	103073
2023-03-30 00:00	0.88073	0.88280	0.87793	0.88025	113772
2023-03-31 00:00	0.88025	0.88075	0.87764	0.87870	115534
2023-04-02 00:00	0.87840	0.87943	0.87799	0.87918	10333
2023-04-03 00:00	0.87919	0.88066	0.87707	0.87807	116826
2023-04-04 00:00	0.87808	0.87855	0.87289	0.87662	118379
2023-04-05 00:00	0.87665	0.87850	0.87373	0.87478	108090
2023-04-06 00:00	0.87480	0.87852	0.87386	0.87782	85188
2023-04-07 00:00	0.87783	0.87903	0.87650	0.87745	81912
2023-04-09 00:00	0.87580	0.87826	0.87488	0.87780	4793
2023-04-10 00:00	0.87781	0.87910	0.87630	0.87708	88288
2023-04-11 00:00	0.87708	0.87892	0.87624	0.87820	87319
2023-04-12 00:00	0.87821	0.88191	0.87819	0.88026	99926
2023-04-13 00:00	0.88025	0.88384	0.87916	0.88231	93722
2023-04-14 00:00	0.88231	0.88593	0.88227	0.88531	99619
2023-04-16 00:00	0.88452	0.88590	0.88418	0.88568	3816
2023-04-17 00:00	0.88568	0.88638	0.88087	0.88286	92444
2023-04-18 00:00	0.88285	0.88332	0.88090	0.88325	93207
2023-04-19 00:00	0.88325	0.88376	0.87913	0.88114	95661
2023-04-20 00:00	0.88114	0.88250	0.88047	0.88161	93125
2023-04-21 00:00	0.88161	0.88609	0.88127	0.88277	81390
2023-04-23 00:00	0.88254	0.88329	0.88248	0.88299	2423
2023-04-24 00:00	0.88298	0.88591	0.88249	0.88458	81214
2023-04-25 00:00	0.88462	0.88748	0.88368	0.88425	91158
2023-04-26 00:00	0.88425	0.88732	0.88365	0.88561	99804
2023-04-27 00:00	0.88561	0.88717	0.88158	0.88269	93353
2023-04-28 00:00	0.88270	0.88388	0.87634	0.87634	113517
2023-04-30 00:00	0.87608	0.87696	0.87608	0.87675	5141
2023-05-01 00:00	0.87674	0.87942	0.87596	0.87851	77116
2023-05-02 00:00	0.87852	0.88269	0.87832	0.88247	98429
2023-05-03 00:00	0.88246	0.88347	0.87946	0.88064	107096
2023-05-04 00:00	0.88063	0.88133	0.87455	0.87600	117492
2023-05-05 00:00	0.87602	0.87674	0.87126	0.87202	75878
2023-05-07 00:00	0.87156	0.87258	0.87107	0.87232	3954
2023-05-08 00:00	0.87233	0.87462	0.87039	0.87179	58528
2023-05-09 00:00	0.87180	0.87182	0.86770	0.86847	69124
2023-05-10 00:00	0.86850	0.87005	0.86693	0.86985	80304
2023-05-11 00:00	0.86986	0.87343	0.86608	0.87239	90995
2023-05-12 00:00	0.87240	0.87318	0.86929	0.87141	74477
2023-05-14 00:00	0.87066	0.87174	0.86977	0.87157	4733
2023-05-15 00:00	0.87158	0.87185	0.86691	0.86813	63190
2023-05-16 00:00	0.86814	0.87181	0.86812	0.87029	71125
2023-05-17 00:00	0.87029	0.87205	0.86679	0.86820	72204
2023-05-18 00:00	0.86821	0.87017	0.86705	0.86810	72277
2023-05-19 00:00	0.86811	0.86952	0.86679	0.86793	81835
2023-05-21 00:00	0.86747	0.86874	0.86714	0.86840	3135
2023-05-22 00:00	0.86842	0.87042	0.86805	0.86936	73002
2023-05-23 00:00	0.86937	0.87186	0.86673	0.86729	79236
2023-05-24 00:00	0.86729	0.87093	0.86484	0.86941	94581
2023-05-25 00:00	0.86943	0.87069	0.86654	0.87064	78313
2023-05-26 00:00	0.87064	0.87094	0.86762	0.86847	72141
2023-05-28 00:00	0.86743	0.86868	0.86720	0.86843	5563
2023-05-29 00:00	0.86844	0.86946	0.86523	0.86705	36742
2023-05-30 00:00	0.86706	0.86729	0.86278	0.86456	81791
2023-05-31 00:00	0.86455	0.86481	0.85831	0.85919	96767
2023-06-01 00:00	0.85921	0.86041	0.85669	0.85897	82182
2023-06-02 00:00	0.85896	0.86049	0.85779	0.85971	71409
2023-06-04 00:00	0.85795	0.86067	0.85795	0.86045	3596
2023-06-05 00:00	0.86049	0.86357	0.86004	0.86150	73459
2023-06-06 00:00	0.86151	0.86242	0.85996	0.86068	65702
2023-06-07 00:00	0.86069	0.86125	0.85833	0.86030	71381
2023-06-08 00:00	0.86032	0.86134	0.85804	0.85850	72421
2023-06-09 00:00	0.85851	0.85900	0.85405	0.85405	59858
2023-06-11 00:00	0.85403	0.85453	0.85384	0.85447	3618
2023-06-12 00:00	0.85447	0.86064	0.85406	0.85990	68901
2023-06-13 00:00	0.85990	0.86123	0.85527	0.85583	82301
2023-06-14 00:00	0.85582	0.85600	0.85406	0.85567	76480
2023-06-15 00:00	0.85567	0.85914	0.85433	0.85610	85863
2023-06-16 00:00	0.85610	0.85656	0.85211	0.85307	71237
2023-06-18 00:00	0.85152	0.85295	0.85152	0.85254	3413
2023-06-19 00:00	0.85254	0.85473	0.85181	0.85378	49674
2023-06-20 00:00	0.85379	0.85805	0.85273	0.85538	75915
2023-06-21 00:00	0.85537	0.86082	0.85242	0.86063	92213
2023-06-22 00:00	0.86064	0.86357	0.85726	0.85943	92013
2023-06-23 00:00	0.85944	0.86077	0.85352	0.85637	85629
2023-06-25 00:00	0.85647	0.85734	0.85617	0.85674	4797
2023-06-26 00:00	0.85674	0.85945	0.85422	0.85827	72753
2023-06-27 00:00	0.85825	0.86133	0.85673	0.85967	69162
2023-06-28 00:00	0.85965	0.86579	0.85937	0.86335	85010
2023-06-29 00:00	0.86334	0.86428	0.86093	0.86154	73712
2023-06-30 00:00	0.86154	0.86170	0.85757	0.85900	80964
2023-07-02 00:00	0.85783	0.85923	0.85779	0.85921	5371
2023-07-03 00:00	0.85921	0.86052	0.85802	0.85970	69224
2023-07-04 00:00	0.85971	0.85973	0.85462	0.85566	45682
2023-07-05 00:00	0.85564	0.85755	0.85345	0.85440	73601
2023-07-06 00:00	0.85440	0.85636	0.85203	0.85459	91709
2023-07-07 00:00	0.85458	0.85536	0.85245	0.85419	84508
2023-07-09 00:00	0.85296	0.85439	0.85296	0.85419	2994
2023-07-10 00:00	0.85418	0.85838	0.85416	0.85546	64088
2023-07-11 00:00	0.85547	0.85610	0.85021	0.85150	69912
2023-07-12 00:00	0.85150	0.85750	0.85053	0.85717	78988
2023-07-13 00:00	0.85719	0.85744	0.85345	0.85486	78642
2023-07-14 00:00	0.85487	0.85767	0.85472	0.85744	65226
2023-07-16 00:00	0.85527	0.85773	0.85527	0.85765	3518
2023-07-17 00:00	0.85765	0.85982	0.85714	0.85965	55318
2023-07-18 00:00	0.85965	0.86147	0.85765	0.86143	80957
2023-07-19 00:00	0.86143	0.87007	0.86127	0.86603	94563
2023-07-20 00:00	0.86604	0.86978	0.86466	0.86492	73023
2023-07-21 00:00	0.86488	0.86793	0.86335	0.86517	70915
2023-07-23 00:00	0.86484	0.86586	0.86436	0.86549	2606
2023-07-24 00:00	0.86548	0.86553	0.86188	0.86341	79453
2023-07-25 00:00	0.86343	0.86366	0.85633	0.85700	72087
2023-07-26 00:00	0.85700	0.85863	0.85567	0.85691	80103
2023-07-27 00:00	0.85691	0.85993	0.85440	0.85808	105614
2023-07-28 00:00	0.85807	0.85891	0.85494	0.85725	99936
2023-07-30 00:00	0.85658	0.85784	0.85544	0.85758	6223
2023-07-31 00:00	0.85759	0.85905	0.85562	0.85697	69270
2023-08-01 00:00	0.85696	0.86155	0.85500	0.86030	81989
2023-08-02 00:00	0.86030	0.86286	0.85841	0.86038	86696
2023-08-03 00:00	0.86039	0.86551	0.85962	0.86117	102978
2023-08-04 00:00	0.86118	0.86477	0.86009	0.86336	85095
2023-08-06 00:00	0.86257	0.86354	0.86215	0.86298	5869
2023-08-07 00:00	0.86298	0.86362	0.85982	0.86080	65151
2023-08-08 00:00	0.86082	0.86248	0.85888	0.85993	83685
2023-08-09 00:00	0.85994	0.86344	0.85890	0.86296	70196
2023-08-10 00:00	0.86296	0.86674	0.86234	0.86670	87708
2023-08-11 00:00	0.86671	0.86688	0.86176	0.86203	76406
2023-08-13 00:00	0.86148	0.86245	0.86143	0.86202	3620
2023-08-14 00:00	0.86202	0.86324	0.85868	0.85981	78296
2023-08-15 00:00	0.85980	0.86091	0.85691	0.85848	88501
2023-08-16 00:00	0.85847	0.85927	0.85295	0.85433	79347
2023-08-17 00:00	0.85437	0.85568	0.85223	0.85299	83158
2023-08-18 00:00	0.85300	0.85575	0.85275	0.85352	79062
2023-08-20 00:00	0.85220	0.85396	0.85185	0.85350	3569
2023-08-21 00:00	0.85350	0.85627	0.85326	0.85399	75263
2023-08-22 00:00	0.85400	0.85451	0.85125	0.85193	71277
2023-08-23 00:00	0.85194	0.85653	0.84922	0.85421	98916
2023-08-24 00:00	0.85420	0.85817	0.85379	0.85754	81161
2023-08-25 00:00	0.85756	0.85854	0.85600	0.85812	82941
2023-08-27 00:00	0.85620	0.85821	0.85619	0.85756	4763
2023-08-28 00:00	0.85756	0.85986	0.85737	0.85838	55276
2023-08-29 00:00	0.85840	0.86098	0.85648	0.86014	81616
2023-08-30 00:00	0.86014	0.86103	0.85752	0.85977	81193
2023-08-31 00:00	0.85976	0.85978	0.85426	0.85567	85327
2023-09-01 00:00	0.85566	0.85728	0.85476	0.85550	77019
2023-09-03 00:00	0.85506	0.85594	0.85453	0.85579	2812
2023-09-04 00:00	0.85577	0.85595	0.85425	0.85489	33926
2023-09-05 00:00	0.85488	0.85764	0.85217	0.85319	76542
2023-09-06 00:00	0.85319	0.85798	0.85280	0.85793	76224
2023-09-07 00:00	0.85794	0.86010	0.85697	0.85743	72259
2023-09-08 00:00	0.85743	0.85920	0.85683	0.85792	61063
2023-09-10 00:00	0.85728	0.85893	0.85728	0.85804	6657
2023-09-11 00:00	0.85807	0.85932	0.85576	0.85923	64189
2023-09-12 00:00	0.85923	0.86122	0.85694	0.86082	63579
2023-09-13 00:00	0.86083	0.86303	0.85875	0.85928	78728
2023-09-14 00:00	0.85928	0.86154	0.85653	0.85757	82197
2023-09-15 00:00	0.85758	0.86153	0.85687	0.86063	62784
2023-09-17 00:00	0.85889	0.86097	0.85889	0.86046	1777
2023-09-18 00:00	0.86047	0.86353	0.85983	0.86339	52171
2023-09-19 00:00	0.86339	0.86362	0.86083	0.86183	56704
2023-09-20 00:00	0.86183	0.86591	0.86174	0.86388	87665
2023-09-21 00:00	0.86388	0.86928	0.86268	0.86716	91110
2023-09-22 00:00	0.86715	0.87000	0.86596	0.86962	76840
2023-09-24 00:00	0.86813	0.86986	0.86672	0.86982	8699
2023-09-25 00:00	0.86981	0.87021	0.86660	0.86719	55749
2023-09-26 00:00	0.86718	0.87058	0.86675	0.87009	66067
2023-09-27 00:00	0.87010	0.87022	0.86481	0.86560	81527
2023-09-28 00:00	0.86561	0.86608	0.86299	0.86542	83844
2023-09-29 00:00	0.86543	0.86801	0.86418	0.86644	76888
2023-10-01 00:00	0.86520	0.86713	0.86506	0.86635	3855
2023-10-02 00:00	0.86636	0.86749	0.86526	0.86678	68329
2023-10-03 00:00	0.86679	0.86910	0.86550	0.86678	78981
2023-10-04 00:00	0.86677	0.86822	0.86392	0.86565	84370
2023-10-05 00:00	0.86565	0.86739	0.86388	0.86529	76956
2023-10-06 00:00	0.86532	0.86626	0.86365	0.86501	81213
2023-10-08 00:00	0.86369	0.86524	0.86363	0.86464	7976
2023-10-09 00:00	0.86467	0.86579	0.86126	0.86353	65991
2023-10-10 00:00	0.86355	0.86555	0.86139	0.86282	78850
2023-10-11 00:00	0.86283	0.86425	0.86102	0.86257	78614
2023-10-12 00:00	0.86257	0.86517	0.86210	0.86478	83167
2023-10-13 00:00	0.86477	0.86643	0.86333	0.86521	70303
2023-10-15 00:00	0.86389	0.86610	0.86377	0.86561	5895
2023-10-16 00:00	0.86561	0.86714	0.86390	0.86422	65616
2023-10-17 00:00	0.86423	0.86903	0.86423	0.86814	82335
2023-10-18 00:00	0.86814	0.86881	0.86600	0.86791	80871
2023-10-19 00:00	0.86789	0.87245	0.86771	0.87232	91723
2023-10-20 00:00	0.87232	0.87403	0.87058	0.87074	72099
2023-10-22 00:00	0.87073	0.87112	0.87055	0.87056	2857
2023-10-23 00:00	0.87054	0.87254	0.86980	0.87103	68846
2023-10-24 00:00	0.87103	0.87131	0.86827	0.87109	80431
2023-10-25 00:00	0.87108	0.87334	0.87040	0.87303	76655
2023-10-26 00:00	0.87304	0.87341	0.86910	0.87040	76572
2023-10-27 00:00	0.87041	0.87266	0.86952	0.87130	73637
2023-10-29 00:00	0.87023	0.87199	0.87018	0.87190	3586
2023-10-30 00:00	0.87190	0.87405	0.87071	0.87253	69335
2023-10-31 00:00	0.87254	0.87537	0.86978	0.87061	79131
2023-11-01 00:00	0.87060	0.87119	0.86821	0.86903	83789
2023-11-02 00:00	0.86901	0.87355	0.86865	0.87085	80803
2023-11-03 00:00	0.87085	0.87211	0.86634	0.86640	78875
2023-11-05 00:00	0.86629	0.86733	0.86606	0.86732	2563
2023-11-06 00:00	0.86733	0.86861	0.86494	0.86828	67413
2023-11-07 00:00	0.86828	0.87037	0.86770	0.87016	65704
2023-11-08 00:00	0.87014	0.87190	0.86956	0.87183	66147
2023-11-09 00:00	0.87181	0.87312	0.86928	0.87312	78859
2023-11-10 00:00	0.87313	0.87551	0.87154	0.87380	65187
2023-11-12 00:00	0.87294	0.87422	0.87294	0.87410	4441
2023-11-13 00:00	0.87408	0.87409	0.87073	0.87141	55396
2023-11-14 00:00	0.87142	0.87305	0.86886	0.87066	77851
2023-11-15 00:00	0.87065	0.87401	0.87012	0.87379	77119
2023-11-16 00:00	0.87377	0.87656	0.87245	0.87417	68731
2023-11-17 00:00	0.87415	0.87627	0.87349	0.87568	66232
2023-11-19 00:00	0.87527	0.87583	0.87500	0.87565	5336
2023-11-20 00:00	0.87566	0.87651	0.87346	0.87494	65294
2023-11-21 00:00	0.87494	0.87514	0.86923	0.87031	70400
2023-11-22 00:00	0.87031	0.87250	0.86917	0.87173	71410
2023-11-23 00:00	0.87175	0.87239	0.86803	0.86997	48126
2023-11-24 00:00	0.86998	0.87069	0.86693	0.86719	72190
2023-11-26 00:00	0.86804	0.86850	0.86742	0.86821	1607
2023-11-27 00:00	0.86820	0.86881	0.86575	0.86733	64013
2023-11-28 00:00	0.86734	0.86832	0.86521	0.86555	77399
2023-11-29 00:00	0.86556	0.86628	0.86333	0.86432	62748
2023-11-30 00:00	0.86432	0.86491	0.86130	0.86229	94915
2023-12-01 00:00	0.86229	0.86344	0.85577	0.85593	77416
2023-12-03 00:00	0.85539	0.85674	0.85539	0.85639	4794
2023-12-04 00:00	0.85639	0.85847	0.85622	0.85781	77472
2023-12-05 00:00	0.85780	0.85879	0.85571	0.85697	79740
2023-12-06 00:00	0.85697	0.85741	0.85530	0.85725	69346
2023-12-07 00:00	0.85724	0.85840	0.85542	0.85712	86159
2023-12-08 00:00	0.85713	0.85882	0.85637	0.85755	92773
2023-12-10 00:00	0.85688	0.85810	0.85688	0.85746	2984
2023-12-11 00:00	0.85747	0.85879	0.85487	0.85750	62280
2023-12-12 00:00	0.85748	0.86081	0.85572	0.85908	81802
2023-12-13 00:00	0.85908	0.86291	0.85872	0.86221	91086
2023-12-14 00:00	0.86221	0.86337	0.85866	0.86079	118807
2023-12-15 00:00	0.86081	0.86167	0.85710	0.85920	93971
2023-12-17 00:00	0.85832	0.86001	0.85832	0.85973	3819
2023-12-18 00:00	0.85974	0.86461	0.85917	0.86325	75632
2023-12-19 00:00	0.86324	0.86363	0.85979	0.86241	80299
2023-12-20 00:00	0.86242	0.86682	0.86175	0.86572	90444
2023-12-21 00:00	0.86573	0.86851	0.86566	0.86771	94814
2023-12-22 00:00	0.86771	0.86777	0.86502	0.86720	88990
2023-12-24 00:00	0.86482	0.86524	0.86482	0.86495	42
2023-12-25 00:00	0.86495	0.86775	0.86448	0.86733	4909
2023-12-26 00:00	0.86732	0.86860	0.86650	0.86762	45274
2023-12-27 00:00	0.86761	0.86989	0.86668	0.86774	64675
2023-12-28 00:00	0.86775	0.87142	0.86688	0.86905	92080
2023-12-29 00:00	0.86904	0.87006	0.86597	0.86660	91069
2024-01-01 00:00	0.86692	0.86790	0.86682	0.86704	2659
2024-01-02 00:00	0.86703	0.86821	0.86454	0.86676	89206
2024-01-03 00:00	0.86678	0.86759	0.86047	0.86209	95056
2024-01-04 00:00	0.86207	0.86392	0.86099	0.86312	84674
2024-01-05 00:00	0.86313	0.86338	0.85990	0.86005	91636
2024-01-07 00:00	0.85980	0.86057	0.85980	0.86031	2658
2024-01-08 00:00	0.86029	0.86207	0.85786	0.85932	68100
2024-01-09 00:00	0.85930	0.86071	0.85860	0.86001	67898
2024-01-10 00:00	0.86000	0.86204	0.85954	0.86102	65235
2024-01-11 00:00	0.86105	0.86171	0.85882	0.85939	100710
2024-01-12 00:00	0.85936	0.86060	0.85849	0.85867	83460
2024-01-14 00:00	0.85820	0.85946	0.85819	0.85935	3775
2024-01-15 00:00	0.85936	0.86117	0.85888	0.86071	53875
2024-01-16 00:00	0.86070	0.86198	0.85907	0.86073	88159
2024-01-17 00:00	0.86072	0.86179	0.85675	0.85870	90812
2024-01-18 00:00	0.85871	0.85912	0.85531	0.85587	87535
2024-01-19 00:00	0.85586	0.85926	0.85580	0.85749	63176
2024-01-21 00:00	0.85740	0.85785	0.85680	0.85768	5264
2024-01-22 00:00	0.85768	0.85826	0.85512	0.85601	61748
2024-01-23 00:00	0.85599	0.85651	0.85461	0.85545	76253
2024-01-24 00:00	0.85545	0.85609	0.85356	0.85553	79865
2024-01-25 00:00	0.85551	0.85640	0.85207	0.85351	79766
2024-01-26 00:00	0.85352	0.85476	0.85247	0.85424	66450
2024-01-28 00:00	0.85349	0.85440	0.85321	0.85390	6894
2024-01-29 00:00	0.85391	0.85434	0.85128	0.85219	66075
2024-01-30 00:00	0.85219	0.85673	0.85165	0.85408	68780
2024-01-31 00:00	0.85407	0.85476	0.85125	0.85207	102926
2024-02-01 00:00	0.85207	0.85584	0.85202	0.85310	90014
2024-02-02 00:00	0.85309	0.85475	0.85202	0.85385	80137
2024-02-04 00:00	0.85364	0.85421	0.85257	0.85403	8345
2024-02-05 00:00	0.85404	0.85717	0.85287	0.85691	82127
2024-02-06 00:00	0.85690	0.85696	0.85302	0.85341	78191
2024-02-07 00:00	0.85344	0.85399	0.85155	0.85335	67957
2024-02-08 00:00	0.85335	0.85444	0.85264	0.85396	67410
2024-02-09 00:00	0.85396	0.85470	0.85319	0.85385	62416
2024-02-11 00:00	0.85321	0.85444	0.85315	0.85443	4439
2024-02-12 00:00	0.85442	0.85464	0.85212	0.85306	57063
2024-02-13 00:00	0.85306	0.85348	0.84997	0.85049	81884
2024-02-14 00:00	0.85047	0.85485	0.84979	0.85390	75287
2024-02-15 00:00	0.85391	0.85698	0.85349	0.85506	65005
2024-02-16 00:00	0.85506	0.85648	0.85359	0.85515	78409
2024-02-18 00:00	0.85376	0.85527	0.85371	0.85511	2919
2024-02-19 00:00	0.85512	0.85605	0.85368	0.85598	48391
2024-02-20 00:00	0.85600	0.85778	0.85455	0.85618	74701
2024-02-21 00:00	0.85618	0.85713	0.85566	0.85612	70525
2024-02-22 00:00	0.85613	0.85750	0.85417	0.85491	82162
2024-02-23 00:00	0.85490	0.85515	0.85280	0.85346	50890
2024-02-25 00:00	0.85395	0.85399	0.85340	0.85383	2443
2024-02-26 00:00	0.85384	0.85609	0.85367	0.85540	47498
2024-02-27 00:00	0.85539	0.85670	0.85426	0.85496	54902
2024-02-28 00:00	0.85495	0.85654	0.85458	0.85600	62767
2024-02-29 00:00	0.85599	0.85701	0.85501	0.85577	80082
2024-03-01 00:00	0.85575	0.85757	0.85542	0.85609	59377
2024-03-03 00:00	0.85603	0.85661	0.85589	0.85632	5627
2024-03-04 00:00	0.85632	0.85662	0.85448	0.85533	53449
2024-03-05 00:00	0.85532	0.85605	0.85350	0.85447	64124
2024-03-06 00:00	0.85444	0.85627	0.85408	0.85579	51962
2024-03-07 00:00	0.85580	0.85626	0.85236	0.85462	56871
2024-03-08 00:00	0.85463	0.85481	0.85036	0.85042	57339
2024-03-10 00:00	0.85005	0.85133	0.84983	0.85118	3594
2024-03-11 00:00	0.85118	0.85347	0.85092	0.85268	57818
2024-03-12 00:00	0.85270	0.85544	0.85254	0.85396	72875
2024-03-13 00:00	0.85397	0.85594	0.85379	0.85558	66346
2024-03-14 00:00	0.85557	0.85567	0.85298	0.85387	71205
2024-03-15 00:00	0.85388	0.85528	0.85368	0.85480	58392
2024-03-17 00:00	0.85443	0.85504	0.85386	0.85485	3033
2024-03-18 00:00	0.85485	0.85622	0.85352	0.85433	51154
2024-03-19 00:00	0.85434	0.85556	0.85294	0.85402	70294
2024-03-20 00:00	0.85403	0.85577	0.85345	0.85455	70835
2024-03-21 00:00	0.85456	0.85822	0.85290	0.85791	89201
2024-03-22 00:00	0.85792	0.86020	0.85673	0.85756	67512
2024-03-24 00:00	0.85647	0.85812	0.85644	0.85786	3539
2024-03-25 00:00	0.85786	0.85844	0.85639	0.85757	88836
2024-03-26 00:00	0.85758	0.85881	0.85689	0.85780	111703
2024-03-27 00:00	0.85780	0.85851	0.85612	0.85693	105770
2024-03-28 00:00	0.85694	0.85705	0.85384	0.85495	140556
2024-03-29 00:00	0.85496	0.85541	0.85296	0.85389	106019
2024-03-31 00:00	0.85297	0.85449	0.85295	0.85402	11079
2024-04-01 00:00	0.85402	0.85630	0.85388	0.85578	92600
2024-04-02 00:00	0.85579	0.85749	0.85403	0.85621	98098
2024-04-03 00:00	0.85621	0.85823	0.85567	0.85664	97704
2024-04-04 00:00	0.85664	0.85804	0.85642	0.85731	96767
2024-04-05 00:00	0.85732	0.85860	0.85710	0.85725	91118
2024-04-07 00:00	0.85756	0.85800	0.85733	0.85782	5314
2024-04-08 00:00	0.85783	0.85842	0.85716	0.85810	91416
2024-04-09 00:00	0.85811	0.85821	0.85517	0.85652	77705
2024-04-10 00:00	0.85653	0.85706	0.85465	0.85676	116098
2024-04-11 00:00	0.85678	0.85693	0.85392	0.85432	74797
2024-04-12 00:00	0.85434	0.85515	0.85281	0.85448	82669
2024-04-14 00:00	0.85357	0.85474	0.85311	0.85437	7249
2024-04-15 00:00	0.85437	0.85525	0.85218	0.85364	84292
2024-04-16 00:00	0.85360	0.85497	0.85278	0.85441	109372
2024-04-17 00:00	0.85441	0.85719	0.85205	0.85670	93506
2024-04-18 00:00	0.85671	0.85709	0.85509	0.85581	75560
2024-04-19 00:00	0.85580	0.86153	0.85544	0.86132	96634
2024-04-21 00:00	0.85992	0.86165	0.85958	0.86114	3430
2024-04-22 00:00	0.86113	0.86438	0.86082	0.86264	62637
2024-04-23 00:00	0.86265	0.86445	0.85823	0.85931	77314
2024-04-24 00:00	0.85929	0.85997	0.85788	0.85874	68969
2024-04-25 00:00	0.85875	0.85917	0.85643	0.85760	87746
2024-04-26 00:00	0.85760	0.85836	0.85541	0.85541	71640
2024-04-28 00:00	0.85529	0.85620	0.85529	0.85586	2700
2024-04-29 00:00	0.85587	0.85609	0.85272	0.85309	71666
2024-04-30 00:00	0.85310	0.85547	0.85283	0.85400	77198
2024-05-01 00:00	0.85401	0.85581	0.85363	0.85487	70438
2024-05-02 00:00	0.85488	0.85648	0.85463	0.85567	77449
2024-05-03 00:00	0.85569	0.85861	0.85478	0.85759	78173
2024-05-05 00:00	0.85724	0.85785	0.85688	0.85784	1912
2024-05-06 00:00	0.85783	0.85812	0.85519	0.85726	49982
2024-05-07 00:00	0.85725	0.85997	0.85715	0.85985	59128
2024-05-08 00:00	0.85986	0.86176	0.85875	0.86018	54955
2024-05-09 00:00	0.86017	0.86203	0.85906	0.86079	67998
2024-05-10 00:00	0.86081	0.86104	0.85929	0.85970	53729
2024-05-12 00:00	0.85963	0.86015	0.85949	0.86007	2343
2024-05-13 00:00	0.86007	0.86086	0.85851	0.85920	50340
2024-05-14 00:00	0.85920	0.86140	0.85866	0.85927	62457
2024-05-15 00:00	0.85927	0.85998	0.85710	0.85807	69947
2024-05-16 00:00	0.85808	0.85872	0.85672	0.85762	57908
2024-05-17 00:00	0.85762	0.85801	0.85542	0.85557	50855
2024-05-19 00:00	0.85512	0.85610	0.85508	0.85565	2501
2024-05-20 00:00	0.85563	0.85675	0.85350	0.85446	49929
2024-05-21 00:00	0.85445	0.85508	0.85316	0.85396	70109
2024-05-22 00:00	0.85394	0.85413	0.85017	0.85096	51926
2024-05-23 00:00	0.85097	0.85270	0.84991	0.85176	77383
2024-05-24 00:00	0.85174	0.85317	0.85118	0.85147	57758
2024-05-26 00:00	0.85089	0.85177	0.85066	0.85176	1769
2024-05-27 00:00	0.85177	0.85201	0.84930	0.85038	42613
2024-05-28 00:00	0.85036	0.85175	0.84843	0.85052	77278
2024-05-29 00:00	0.85052	0.85167	0.84834	0.85058	75965
2024-05-30 00:00	0.85059	0.85171	0.84983	0.85089	73590
2024-05-31 00:00	0.85089	0.85403	0.85006	0.85125	70417
2024-06-02 00:00	0.85083	0.85175	0.85066	0.85153	2021
2024-06-03 00:00	0.85153	0.85352	0.85094	0.85143	67414
2024-06-04 00:00	0.85144	0.85245	0.84992	0.85194	79109
2024-06-05 00:00	0.85192	0.85202	0.84950	0.84993	67108
2024-06-06 00:00	0.84994	0.85243	0.84985	0.85138	66582
2024-06-07 00:00	0.85137	0.85201	0.84886	0.84909	79638
2024-06-09 00:00	0.84567	0.84694	0.84502	0.84681	3835
2024-06-10 00:00	0.84681	0.84713	0.84396	0.84575	62163
2024-06-11 00:00	0.84574	0.84676	0.84159	0.84300	66172
2024-06-12 00:00	0.84301	0.84513	0.84177	0.84496	81794
2024-06-13 00:00	0.84495	0.84578	0.84109	0.84189	69791
2024-06-14 00:00	0.84189	0.84406	0.83970	0.84360	87290
2024-06-16 00:00	0.84252	0.84411	0.84248	0.84378	2437
2024-06-17 00:00	0.84379	0.84611	0.84363	0.84471	68392
2024-06-18 00:00	0.84469	0.84644	0.84402	0.84507	74515
2024-06-19 00:00	0.84506	0.84544	0.84296	0.84485	52223
2024-06-20 00:00	0.84484	0.84607	0.84341	0.84563	69160
2024-06-21 00:00	0.84563	0.84651	0.84425	0.84524	75623
2024-06-23 00:00	0.84466	0.84595	0.84423	0.84566	2635
2024-06-24 00:00	0.84565	0.84777	0.84488	0.84621	75597
2024-06-25 00:00	0.84621	0.84628	0.84256	0.84428	65348
2024-06-26 00:00	0.84428	0.84633	0.84327	0.84615	80381
2024-06-27 00:00	0.84616	0.84752	0.84532	0.84680	78312
2024-06-28 00:00	0.84681	0.84818	0.84574	0.84713	85137
2024-06-30 00:00	0.84809	0.84921	0.84749	0.84868	4438
2024-07-01 00:00	0.84867	0.84989	0.84685	0.84902	77228
2024-07-02 00:00	0.84902	0.84954	0.84572	0.84711	66791
2024-07-03 00:00	0.84710	0.84780	0.84498	0.84649	64737
2024-07-04 00:00	0.84650	0.84753	0.84600	0.84750	36611
2024-07-05 00:00	0.84750	0.84779	0.84512	0.84529	63666
2024-07-07 00:00	0.84355	0.84538	0.84287	0.84532	4776
2024-07-08 00:00	0.84534	0.84599	0.84390	0.84508	52141
2024-07-09 00:00	0.84510	0.84597	0.84418	0.84563	53606
2024-07-10 00:00	0.84563	0.84591	0.84219	0.84277	48293
2024-07-11 00:00	0.84276	0.84318	0.84067	0.84136	83767
2024-07-12 00:00	0.84136	0.84214	0.83915	0.83927	68623
2024-07-14 00:00	0.83842	0.83975	0.83827	0.83944	5363
2024-07-15 00:00	0.83945	0.84115	0.83891	0.84027	56324
2024-07-16 00:00	0.84027	0.84103	0.83976	0.84003	57379
2024-07-17 00:00	0.84003	0.84110	0.83826	0.84099	71431
2024-07-18 00:00	0.84100	0.84222	0.84031	0.84177	55417
2024-07-19 00:00	0.84175	0.84326	0.84126	0.84243	57878
2024-07-21 00:00	0.84148	0.84287	0.84118	0.84271	6644
2024-07-22 00:00	0.84272	0.84310	0.84134	0.84206	54432
2024-07-23 00:00	0.84208	0.84263	0.83955	0.84097	49393
2024-07-24 00:00	0.84097	0.84176	0.83760	0.84024	69360
2024-07-25 00:00	0.84024	0.84408	0.84022	0.84407	74374
2024-07-26 00:00	0.84408	0.84493	0.84278	0.84322	49818
2024-07-28 00:00	0.84356	0.84379	0.84186	0.84344	2549
2024-07-29 00:00	0.84344	0.84603	0.84067	0.84128	67893
2024-07-30 00:00	0.84128	0.84292	0.84127	0.84247	61519
2024-07-31 00:00	0.84247	0.84485	0.84104	0.84211	90434
2024-08-01 00:00	0.84210	0.84749	0.84210	0.84743	102573
2024-08-02 00:00	0.84743	0.85348	0.84741	0.85200	109042
2024-08-04 00:00	0.85187	0.85320	0.85087	0.85317	5324
2024-08-05 00:00	0.85317	0.86191	0.85317	0.85630	184263
2024-08-06 00:00	0.85629	0.86157	0.85616	0.86135	137725
2024-08-07 00:00	0.86137	0.86229	0.85755	0.86156	97684
2024-08-08 00:00	0.86156	0.86247	0.85509	0.85632	97475
2024-08-09 00:00	0.85633	0.85787	0.85494	0.85542	65319
2024-08-11 00:00	0.85497	0.85599	0.85406	0.85596	2654
2024-08-12 00:00	0.85595	0.85684	0.85364	0.85631	68440
2024-08-13 00:00	0.85630	0.85637	0.85229	0.85466	86107
2024-08-14 00:00	0.85467	0.85923	0.85427	0.85859	84681
2024-08-15 00:00	0.85859	0.85869	0.85149	0.85326	70361
2024-08-16 00:00	0.85325	0.85349	0.85099	0.85176	58298
2024-08-18 00:00	0.85091	0.85202	0.85049	0.85152	2792
2024-08-19 00:00	0.85152	0.85341	0.85081	0.85340	67528
2024-08-20 00:00	0.85339	0.85403	0.85149	0.85372	78980
2024-08-21 00:00	0.85372	0.85442	0.85055	0.85200	86165
2024-08-22 00:00	0.85200	0.85206	0.84730	0.84875	83976
2024-08-23 00:00	0.84874	0.84924	0.84517	0.84676	82685
2024-08-25 00:00	0.84592	0.84726	0.84554	0.84673	5067
2024-08-26 00:00	0.84672	0.84750	0.84499	0.84630	75574
2024-08-27 00:00	0.84631	0.84675	0.84282	0.84318	71189
2024-08-28 00:00	0.84319	0.84344	0.84100	0.84317	79904
2024-08-29 00:00	0.84316	0.84327	0.84021	0.84160	82817
2024-08-30 00:00	0.84159	0.84277	0.83998	0.84144	85085
2024-09-01 00:00	0.84054	0.84149	0.84019	0.84115	2107
2024-09-02 00:00	0.84118	0.84323	0.84116	0.84220	45179
2024-09-03 00:00	0.84220	0.84344	0.84057	0.84254	86263
2024-09-04 00:00	0.84253	0.84350	0.84158	0.84295	80937
2024-09-05 00:00	0.84296	0.84376	0.84177	0.84325	74162
2024-09-06 00:00	0.84326	0.84467	0.84111	0.84398	114119
2024-09-08 00:00	0.84398	0.84439	0.84361	0.84423	3286
2024-09-09 00:00	0.84425	0.84470	0.84328	0.84425	80030
2024-09-10 00:00	0.84426	0.84473	0.84192	0.84249	72559
2024-09-11 00:00	0.84249	0.84633	0.84245	0.84444	96563
2024-09-12 00:00	0.84442	0.84553	0.84335	0.84358	87871
2024-09-13 00:00	0.84357	0.84526	0.84269	0.84360	89312
2024-09-15 00:00	0.84289	0.84434	0.84239	0.84408	2749
2024-09-16 00:00	0.84408	0.84433	0.84163	0.84243	69149
2024-09-17 00:00	0.84245	0.84539	0.84178	0.84467	78653
2024-09-18 00:00	0.84464	0.84529	0.84039	0.84173	117929
2024-09-19 00:00	0.84174	0.84228	0.83914	0.84022	110491
2024-09-20 00:00	0.84023	0.84064	0.83774	0.83780	95948
2024-09-22 00:00	0.83746	0.83833	0.83746	0.83824	3732
2024-09-23 00:00	0.83823	0.83864	0.83207	0.83232	105154
2024-09-24 00:00	0.83233	0.83391	0.83169	0.83341	91731
2024-09-25 00:00	0.83342	0.83717	0.83335	0.83593	105294
2024-09-26 00:00	0.83595	0.83597	0.83180	0.83338	100292
2024-09-27 00:00	0.83339	0.83496	0.83213	0.83415	110995
2024-09-29 00:00	0.83390	0.83486	0.83388	0.83457	2992
2024-09-30 00:00	0.83456	0.83598	0.83077	0.83246	111046
2024-10-01 00:00	0.83245	0.83450	0.83106	0.83347	122559
2024-10-02 00:00	0.83349	0.83380	0.83153	0.83281	84241
2024-10-03 00:00	0.83283	0.84341	0.83234	0.84050	119468
2024-10-04 00:00	0.84049	0.84061	0.83528	0.83597	112317
2024-10-06 00:00	0.83465	0.83632	0.83465	0.83593	5394
2024-10-07 00:00	0.83594	0.83993	0.83555	0.83869	105294
2024-10-08 00:00	0.83868	0.84043	0.83695	0.83823	118709
2024-10-09 00:00	0.83823	0.83883	0.83641	0.83734	112031
2024-10-10 00:00	0.83703	0.83852	0.83541	0.83703	113211
2024-10-11 00:00	0.83704	0.83832	0.83640	0.83671	80992
2024-10-13 00:00	0.83609	0.83733	0.83607	0.83710	2530
2024-10-14 00:00	0.83710	0.83735	0.83399	0.83480	72828
2024-10-15 00:00	0.83480	0.83508	0.83240	0.83298	96696
2024-10-16 00:00	0.83298	0.83799	0.83258	0.83583	98136
2024-10-17 00:00	0.83583	0.83643	0.83123	0.83204	115484
2024-10-18 00:00	0.83204	0.83357	0.82947	0.83229	91579
2024-10-20 00:00	0.83083	0.83287	0.83083	0.83264	3389
2024-10-21 00:00	0.83264	0.83392	0.83215	0.83301	79333
2024-10-22 00:00	0.83302	0.83464	0.83112	0.83168	92547
2024-10-23 00:00	0.83169	0.83515	0.83030	0.83463	108617
2024-10-24 00:00	0.83462	0.83487	0.83143	0.83438	102917
2024-10-25 00:00	0.83439	0.83498	0.83260	0.83271	83721
2024-10-27 00:00	0.83194	0.83324	0.83153	0.83315	3809
2024-10-28 00:00	0.83314	0.83430	0.83230	0.83371	85214
2024-10-29 00:00	0.83370	0.83402	0.82961	0.83153	114774
2024-10-30 00:00	0.83154	0.83801	0.83130	0.83788	132145
2024-10-31 00:00	0.83788	0.84475	0.83532	0.84387	135396
2024-11-01 00:00	0.84388	0.84427	0.83689	0.83837	113254
2024-11-03 00:00	0.83816	0.83964	0.83816	0.83938	3219
2024-11-04 00:00	0.83938	0.84185	0.83846	0.83935	130677
2024-11-05 00:00	0.83934	0.83975	0.83754	0.83826	109611
2024-11-06 00:00	0.83825	0.83841	0.83129	0.83301	309210
2024-11-07 00:00	0.83301	0.83397	0.83059	0.83146	182999
2024-11-08 00:00	0.83146	0.83255	0.82918	0.82919	130450
2024-11-10 00:00	0.82917	0.82967	0.82916	0.82943	4267
2024-11-11 00:00	0.82943	0.83018	0.82598	0.82824	121420
2024-11-12 00:00	0.82824	0.83350	0.82755	0.83348	164910
2024-11-13 00:00	0.83347	0.83451	0.82996	0.83142	178127
2024-11-14 00:00	0.83143	0.83234	0.83063	0.83122	177759
2024-11-15 00:00	0.83123	0.83590	0.83118	0.83486	165926
2024-11-17 00:00	0.83345	0.83514	0.83321	0.83491	4140
2024-11-18 00:00	0.83489	0.83729	0.83397	0.83557	143587
2024-11-19 00:00	0.83558	0.83753	0.83316	0.83554	162792
2024-11-20 00:00	0.83554	0.83583	0.83128	0.83325	134242
2024-11-21 00:00	0.83325	0.83410	0.83148	0.83185	154096
2024-11-22 00:00	0.83184	0.83462	0.82675	0.83091	185474
2024-11-24 00:00	0.83189	0.83359	0.83110	0.83211	10807
2024-11-25 00:00	0.83211	0.83611	0.83090	0.83334	167668
2024-11-26 00:00	0.83334	0.83645	0.83299	0.83437	200397
2024-11-27 00:00	0.83436	0.83552	0.83236	0.83310	171250
2024-11-28 00:00	0.83311	0.83389	0.83044	0.83177	115893
2024-11-29 00:00	0.83179	0.83315	0.82985	0.82998	181438
2024-12-01 00:00	0.82997	0.83037	0.82954	0.83008	7683
2024-12-02 00:00	0.83006	0.83032	0.82695	0.82949	188909
2024-12-03 00:00	0.82950	0.83123	0.82833	0.82918	161992
2024-12-04 00:00	0.82918	0.83013	0.82687	0.82765	161291
2024-12-05 00:00	0.82764	0.83007	0.82720	0.82959	149647
2024-12-06 00:00	0.82959	0.83004	0.82788	0.82877	142236
2024-12-08 00:00	0.82757	0.82902	0.82757	0.82875	4177
2024-12-09 00:00	0.82874	0.82885	0.82689	0.82783	129962
2024-12-10 00:00	0.82782	0.82830	0.82376	0.82400	125016
2024-12-11 00:00	0.82401	0.82514	0.82198	0.82298	152490
2024-12-12 00:00	0.82288	0.82721	0.82268	0.82614	157950
2024-12-13 00:00	0.82614	0.83218	0.82601	0.83190	138870
2024-12-15 00:00	0.83053	0.83239	0.83049	0.83229	4581
2024-12-16 00:00	0.83228	0.83274	0.82725	0.82869	124466
2024-12-17 00:00	0.82869	0.82953	0.82492	0.82564	96804
2024-12-18 00:00	0.82562	0.82779	0.82297	0.82360	120285
2024-12-19 00:00	0.82358	0.82930	0.82220	0.82930	142394
2024-12-20 00:00	0.82930	0.83126	0.82707	0.82973	107625
2024-12-22 00:00	0.82934	0.83132	0.82934	0.82998	4664
2024-12-23 00:00	0.82999	0.83121	0.82773	0.83011	80134
2024-12-24 00:00	0.83012	0.83022	0.82703	0.82814	58433
2024-12-25 00:00	0.82749	0.82970	0.82703	0.82899	2957
2024-12-26 00:00	0.82900	0.83242	0.82863	0.83182	55584
2024-12-27 00:00	0.83183	0.83284	0.82818	0.82836	91059
2024-12-29 00:00	0.82834	0.82976	0.82807	0.82913	2764
2024-12-30 00:00	0.82913	0.82990	0.82720	0.82921	92414
2024-12-31 00:00	0.82922	0.83075	0.82626	0.82713	92915
2025-01-01 00:00	0.82563	0.82771	0.82522	0.82670	3094
2025-01-02 00:00	0.82672	0.83251	0.82660	0.82936	123854
2025-01-03 00:00	0.82935	0.83029	0.82845	0.82911	81786
2025-01-05 00:00	0.82747	0.82988	0.82747	0.82937	3761
2025-01-06 00:00	0.82938	0.83174	0.82852	0.82996	136396
2025-01-07 00:00	0.82995	0.83053	0.82858	0.82888	131729
2025-01-08 00:00	0.82888	0.83515	0.82832	0.83447	158445
2025-01-09 00:00	0.83446	0.84062	0.83421	0.83715	123248
2025-01-10 00:00	0.83716	0.83934	0.83636	0.83888	130805
2025-01-12 00:00	0.83831	0.83938	0.83831	0.83928	4236
2025-01-13 00:00	0.83930	0.84240	0.83817	0.83907	145112
2025-01-14 00:00	0.83907	0.84504	0.83865	0.84396	132529
2025-01-15 00:00	0.84394	0.84618	0.83987	0.84090	131704
2025-01-16 00:00	0.84088	0.84376	0.84073	0.84196	123129
2025-01-17 00:00	0.84195	0.84533	0.84177	0.84368	119836
2025-01-19 00:00	0.84314	0.84459	0.84306	0.84435	4676
2025-01-20 00:00	0.84435	0.84731	0.84363	0.84499	145276
2025-01-21 00:00	0.84495	0.84622	0.84306	0.84331	162608
2025-01-22 00:00	0.84332	0.84634	0.84330	0.84520	105633
2025-01-23 00:00	0.84518	0.84574	0.84276	0.84305	114964
2025-01-24 00:00	0.84306	0.84619	0.84005	0.84005	131222
2025-01-26 00:00	0.84015	0.84067	0.83957	0.84017	4281
2025-01-27 00:00	0.84016	0.84204	0.83797	0.83822	134164
2025-01-28 00:00	0.83822	0.83956	0.83784	0.83811	98680
2025-01-29 00:00	0.83812	0.83873	0.83603	0.83694	122820
2025-01-30 00:00	0.83692	0.83900	0.83593	0.83690	110446
2025-01-31 00:00	0.83689	0.83740	0.83540	0.83560	137139
2025-02-02 00:00	0.83272	0.83373	0.83100	0.83369	16950
2025-02-03 00:00	0.83370	0.83453	0.82911	0.83061	235023
2025-02-04 00:00	0.83062	0.83300	0.82966	0.83132	128209
2025-02-05 00:00	0.83132	0.83357	0.83040	0.83173	122425
2025-02-06 00:00	0.83173	0.83780	0.83147	0.83516	124019
2025-02-07 00:00	0.83517	0.83551	0.83183	0.83255	142312
2025-02-09 00:00	0.83096	0.83218	0.83027	0.83209	7179
2025-02-10 00:00	0.83208	0.83357	0.83093	0.83335	93073
2025-02-11 00:00	0.83333	0.83524	0.83195	0.83225	97803
2025-02-12 00:00	0.83226	0.83558	0.83204	0.83464	127912
2025-02-13 00:00	0.83464	0.83560	0.83131	0.83256	146334
2025-02-14 00:00	0.83258	0.83376	0.83155	0.83336	106069
2025-02-16 00:00	0.83197	0.83364	0.83190	0.83342	4428
2025-02-17 00:00	0.83342	0.83389	0.82947	0.83073	82860
2025-02-18 00:00	0.83072	0.83091	0.82649	0.82760	107252
2025-02-19 00:00	0.82756	0.82892	0.82712	0.82811	110375
2025-02-20 00:00	0.82811	0.82916	0.82695	0.82876	120294
2025-02-21 00:00	0.82878	0.82917	0.82650	0.82777	114446
2025-02-23 00:00	0.82753	0.82873	0.82687	0.82803	5600
2025-02-24 00:00	0.82801	0.83018	0.82752	0.82910	141195
2025-02-25 00:00	0.82911	0.83022	0.82852	0.83018	120163
2025-02-26 00:00	0.83017	0.83051	0.82654	0.82704	129260
2025-02-27 00:00	0.82704	0.82742	0.82411	0.82510	140217
2025-02-28 00:00	0.82511	0.82668	0.82418	0.82469	127904
2025-03-02 00:00	0.82597	0.82663	0.82560	0.82617	5634
2025-03-03 00:00	0.82616	0.82664	0.82471	0.82547	138037
2025-03-04 00:00	0.82548	0.83120	0.82536	0.83020	168633
2025-03-05 00:00	0.83021	0.83804	0.82987	0.83736	200061
2025-03-06 00:00	0.83738	0.84107	0.83595	0.83726	202987
2025-03-07 00:00	0.83725	0.84176	0.83716	0.83816	191569
2025-03-09 00:00	0.83757	0.83982	0.83757	0.83973	14252
2025-03-10 00:00	0.83973	0.84204	0.83770	0.84182	209149
2025-03-11 00:00	0.84183	0.84491	0.84149	0.84314	201227
2025-03-12 00:00	0.84313	0.84414	0.83916	0.83962	170538
2025-03-13 00:00	0.83962	0.84038	0.83602	0.83774	161329
2025-03-14 00:00	0.83775	0.84279	0.83737	0.84089	130542
2025-03-16 00:00	0.84016	0.84165	0.84016	0.84155	4453
2025-03-17 00:00	0.84156	0.84165	0.83978	0.84085	88731
2025-03-18 00:00	0.84084	0.84282	0.84053	0.84138	101914
2025-03-19 00:00	0.84137	0.84200	0.83804	0.83864	114782
2025-03-20 00:00	0.83866	0.83900	0.83504	0.83707	102676
2025-03-21 00:00	0.83708	0.83851	0.83671	0.83710	98859
2025-03-23 00:00	0.83809	0.83837	0.83718	0.83831	4145
2025-03-24 00:00	0.83830	0.83839	0.83453	0.83585	109828
2025-03-25 00:00	0.83586	0.83629	0.83320	0.83338	97330
2025-03-26 00:00	0.83339	0.83741	0.83322	0.83405	102076
2025-03-27 00:00	0.83406	0.83486	0.83231	0.83391	101363
2025-03-28 00:00	0.83391	0.83689	0.83152	0.83647	87064
2025-03-30 00:00	0.83601	0.83691	0.83568	0.83657	6504
2025-03-31 00:00	0.83657	0.83791	0.83492	0.83730	112800
2025-04-01 00:00	0.83729	0.83784	0.83470	0.83534	107468
2025-04-02 00:00	0.83534	0.83874	0.83222	0.83581	129947
2025-04-03 00:00	0.83579	0.84482	0.83486	0.84380	226816
2025-04-04 00:00	0.84381	0.85238	0.84332	0.84960	285224
2025-04-06 00:00	0.84755	0.85318	0.84660	0.85076	31111
2025-04-07 00:00	0.85075	0.85899	0.84874	0.85716	344821
2025-04-08 00:00	0.85718	0.85944	0.85293	0.85846	217093
2025-04-09 00:00	0.85846	0.86620	0.85258	0.85383	343158
2025-04-10 00:00	0.85386	0.86662	0.85190	0.86645	273795
2025-04-11 00:00	0.86646	0.87382	0.86464	0.86792	382813
2025-04-13 00:00	0.86359	0.86745	0.86300	0.86681	15354
2025-04-14 00:00	0.86685	0.86940	0.85890	0.86055	197915
2025-04-15 00:00	0.86055	0.86056	0.85245	0.85356	149957
2025-04-16 00:00	0.85355	0.86163	0.85339	0.86113	159375
2025-04-17 00:00	0.86116	0.86141	0.85513	0.85696	150484
2025-04-18 00:00	0.85696	0.85822	0.85551	0.85662	743509
2025-04-20 00:00	0.85791	0.86046	0.85667	0.85984	12264
2025-04-21 00:00	0.85984	0.86238	0.85797	0.86052	125175
2025-04-22 00:00	0.86052	0.86086	0.85385	0.85515	165104
2025-04-23 00:00	0.85516	0.85831	0.85300	0.85405	177411
2025-04-24 00:00	0.85406	0.85652	0.85271	0.85328	123257
2025-04-25 00:00	0.85329	0.85473	0.85108	0.85317	106821
2025-04-27 00:00	0.85326	0.85379	0.85294	0.85363	5688
2025-04-28 00:00	0.85363	0.85446	0.84888	0.84907	112812
2025-04-29 00:00	0.84907	0.85116	0.84862	0.84929	112517
2025-04-30 00:00	0.84929	0.85382	0.84817	0.84999	128825
2025-05-01 00:00	0.84997	0.85103	0.84795	0.85022	97125
2025-05-02 00:00	0.85024	0.85405	0.84900	0.85117	121200
2025-05-04 00:00	0.85145	0.85327	0.85107	0.85310	4754
2025-05-05 00:00	0.85310	0.85323	0.85052	0.85108	95199
2025-05-06 00:00	0.85109	0.85201	0.84616	0.84927	116362
2025-05-07 00:00	0.84926	0.85220	0.84881	0.85045	114824
2025-05-08 00:00	0.85044	0.85223	0.84582	0.84796	129808
2025-05-09 00:00	0.84794	0.84921	0.84543	0.84543	78693
2025-05-11 00:00	0.84361	0.84542	0.84309	0.84512	7297
2025-05-12 00:00	0.84513	0.84575	0.84049	0.84197	137905
2025-05-13 00:00	0.84195	0.84269	0.84017	0.84076	107686
2025-05-14 00:00	0.84077	0.84360	0.84043	0.84298	117050
2025-05-15 00:00	0.84298	0.84406	0.84025	0.84125	99084
2025-05-16 00:00	0.84127	0.84323	0.83933	0.84032	87115
2025-05-18 00:00	0.84082	0.84155	0.84073	0.84090	4811
2025-05-19 00:00	0.84087	0.84268	0.84023	0.84077	100165
2025-05-20 00:00	0.84075	0.84290	0.84049	0.84254	89010
2025-05-21 00:00	0.84255	0.84589	0.84223	0.84434	119127
2025-05-22 00:00	0.84433	0.84489	0.83971	0.84072	122622
2025-05-23 00:00	0.84072	0.84186	0.83798	0.83896	120032
2025-05-25 00:00	0.83979	0.84079	0.83953	0.84016	7999
2025-05-26 00:00	0.84017	0.84084	0.83844	0.83950	64911
2025-05-27 00:00	0.83950	0.83980	0.83727	0.83886	96114
2025-05-28 00:00	0.83885	0.84018	0.83551	0.83623	106933
2025-05-29 00:00	0.83621	0.84310	0.83621	0.84273	112369
2025-05-30 00:00	0.84272	0.84369	0.84027	0.84313	112251
2025-06-01 00:00	0.84226	0.84366	0.84226	0.84289	4591
2025-06-02 00:00	0.84290	0.84497	0.84231	0.84476	97225
2025-06-03 00:00	0.84476	0.84499	0.84072	0.84132	85685
2025-06-04 00:00	0.84131	0.84309	0.84069	0.84278	100154
2025-06-05 00:00	0.84278	0.84475	0.84106	0.84343	112482
2025-06-06 00:00	0.84342	0.84420	0.84167	0.84211	92708
2025-06-08 00:00	0.84142	0.84281	0.84129	0.84256	2794
2025-06-09 00:00	0.84258	0.84296	0.84112	0.84296	68208
2025-06-10 00:00	0.84294	0.84682	0.84174	0.84670	80736
2025-06-11 00:00	0.84672	0.84886	0.84629	0.84829	85244
2025-06-12 00:00	0.84831	0.85461	0.84768	0.85176	104075
2025-06-13 00:00	0.85176	0.85310	0.84928	0.85077	140933
2025-06-15 00:00	0.84940	0.85153	0.84931	0.85153	11000
2025-06-16 00:00	0.85151	0.85315	0.85068	0.85148	100755
2025-06-17 00:00	0.85148	0.85555	0.85118	0.85495	108016
2025-06-18 00:00	0.85495	0.85641	0.85370	0.85548	127125
2025-06-19 00:00	0.85548	0.85598	0.85297	0.85415	88915
2025-06-20 00:00	0.85415	0.85682	0.85257	0.85650	88290
2025-06-22 00:00	0.85415	0.85661	0.85415	0.85592	10067
2025-06-23 00:00	0.85593	0.85748	0.85454	0.85619	125624
2025-06-24 00:00	0.85617	0.85651	0.85147	0.85286	119153
2025-06-25 00:00	0.85287	0.85382	0.85123	0.85340	88064
2025-06-26 00:00	0.85339	0.85393	0.85108	0.85191	119913
2025-06-27 00:00	0.85192	0.85524	0.85078	0.85396	105538
2025-06-29 00:00	0.85494	0.85518	0.85414	0.85474	6268
2025-06-30 00:00	0.85474	0.85861	0.85392	0.85833	95590
2025-07-01 00:00	0.85832	0.85972	0.85568	0.85877	97129
2025-07-02 00:00	0.85877	0.86699	0.85771	0.86438	103324
2025-07-03 00:00	0.86435	0.86541	0.86047	0.86117	97944
2025-07-04 00:00	0.86119	0.86371	0.86095	0.86212	103277
2025-07-06 00:00	0.86155	0.86300	0.86155	0.86292	3837
2025-07-07 00:00	0.86293	0.86433	0.85916	0.86142	90627
2025-07-08 00:00	0.86142	0.86429	0.86090	0.86292	98925
2025-07-09 00:00	0.86294	0.86325	0.86056	0.86315	81451
2025-07-10 00:00	0.86316	0.86339	0.86096	0.86163	80804
2025-07-11 00:00	0.86164	0.86668	0.86088	0.86625	94478
2025-07-13 00:00	0.86401	0.86576	0.86363	0.86562	5050
2025-07-14 00:00	0.86562	0.86927	0.86537	0.86870	81736
2025-07-15 00:00	0.86868	0.86961	0.86579	0.86664	87038
2025-07-16 00:00	0.86665	0.86977	0.86473	0.86762	119202
2025-07-17 00:00	0.86761	0.86794	0.86295	0.86475	82472
2025-07-18 00:00	0.86474	0.86711	0.86473	0.86646	67837
2025-07-20 00:00	0.86471	0.86710	0.86471	0.86687	5426
2025-07-21 00:00	0.86687	0.86736	0.86500	0.86692	74694
2025-07-22 00:00	0.86691	0.86935	0.86637	0.86810	78495
2025-07-23 00:00	0.86808	0.86850	0.86464	0.86700	97874
2025-07-24 00:00	0.86700	0.87099	0.86657	0.87013	94027
2025-07-25 00:00	0.87012	0.87431	0.86965	0.87356	88754
2025-07-27 00:00	0.87512	0.87540	0.87466	0.87476	4454
2025-07-28 00:00	0.87477	0.87521	0.86634	0.86797	97773
2025-07-29 00:00	0.86796	0.86849	0.86401	0.86497	93727
2025-07-30 00:00	0.86495	0.86587	0.86090	0.86207	119598
2025-07-31 00:00	0.86208	0.86590	0.86106	0.86474	102026
2025-08-01 00:00	0.86475	0.87294	0.86433	0.87222	137394
2025-08-03 00:00	0.87150	0.87298	0.87121	0.87180	4395
2025-08-04 00:00	0.87178	0.87216	0.86866	0.87107	86550
2025-08-05 00:00	0.87107	0.87128	0.86791	0.87063	88285
2025-08-06 00:00	0.87064	0.87317	0.86962	0.87311	77166
2025-08-07 00:00	0.87311	0.87435	0.86631	0.86804	100631
2025-08-08 00:00	0.86805	0.86816	0.86504	0.86507	76849
2025-08-10 00:00	0.86491	0.86640	0.86491	0.86638	2644
2025-08-11 00:00	0.86639	0.86720	0.86339	0.86469	73449
2025-08-12 00:00	0.86470	0.86544	0.86180	0.86468	106896
2025-08-13 00:00	0.86470	0.86535	0.86055	0.86209	79730
2025-08-14 00:00	0.86211	0.86248	0.85958	0.86106	95319
2025-08-15 00:00	0.86107	0.86376	0.86054	0.86331	72530
2025-08-17 00:00	0.86350	0.86409	0.86291	0.86352	2345
2025-08-18 00:00	0.86353	0.86397	0.86183	0.86375	56350
2025-08-19 00:00	0.86375	0.86478	0.86191	0.86328	55678
2025-08-20 00:00	0.86327	0.86673	0.86082	0.86526	64507
2025-08-21 00:00	0.86526	0.86656	0.86457	0.86545	67120
2025-08-22 00:00	0.86546	0.86717	0.86393	0.86617	75524
2025-08-24 00:00	0.86657	0.86701	0.86568	0.86670	3696
2025-08-25 00:00	0.86669	0.86710	0.86082	0.86321	57700
2025-08-26 00:00	0.86319	0.86492	0.86221	0.86347	88892
2025-08-27 00:00	0.86348	0.86398	0.86093	0.86249	69629
2025-08-28 00:00	0.86251	0.86482	0.86149	0.86453	73755
2025-08-29 00:00	0.86453	0.86737	0.86351	0.86513	77532
2025-08-31 00:00	0.86608	0.86611	0.86498	0.86569	2176
2025-09-01 00:00	0.86567	0.86700	0.86376	0.86476	51442
2025-09-02 00:00	0.86476	0.87127	0.86412	0.86928	111214
2025-09-03 00:00	0.86929	0.87112	0.86692	0.86755	88292
2025-09-04 00:00	0.86755	0.86806	0.86590	0.86703	76455
2025-09-05 00:00	0.86702	0.86869	0.86646	0.86728	90995
2025-09-07 00:00	0.86708	0.86825	0.86653	0.86801	5049
2025-09-08 00:00	0.86802	0.86846	0.86625	0.86832	70727
2025-09-09 00:00	0.86830	0.86839	0.86518	0.86547	82885
2025-09-10 00:00	0.86548	0.86553	0.86374	0.86468	86561
2025-09-11 00:00	0.86468	0.86623	0.86349	0.86434	97993
2025-09-12 00:00	0.86433	0.86642	0.86396	0.86498	74470
2025-09-14 00:00	0.86400	0.86535	0.86400	0.86517	3604
2025-09-15 00:00	0.86517	0.86539	0.86321	0.86482	58466
2025-09-16 00:00	0.86480	0.86965	0.86446	0.86947	92800
2025-09-17 00:00	0.86948	0.86951	0.86533	0.86760	107117
2025-09-18 00:00	0.86761	0.86987	0.86641	0.86969	107342
2025-09-19 00:00	0.86968	0.87284	0.86897	0.87158	91233
2025-09-21 00:00	0.87125	0.87240	0.87086	0.87174	6546
2025-09-22 00:00	0.87173	0.87340	0.87084	0.87317	67766
2025-09-23 00:00	0.87320	0.87454	0.87168	0.87361	79800
2025-09-24 00:00	0.87363	0.87447	0.87199	0.87304	74785
2025-09-25 00:00	0.87305	0.87510	0.87223	0.87446	88973
2025-09-26 00:00	0.87449	0.87482	0.87206	0.87298	74597
2025-09-28 00:00	0.87234	0.87339	0.87234	0.87295	3741
2025-09-29 00:00	0.87296	0.87443	0.87152	0.87312	70393
2025-09-30 00:00	0.87314	0.87449	0.87227	0.87290	87508
2025-10-01 00:00	0.87292	0.87416	0.86893	0.87047	108392
2025-10-02 00:00	0.87046	0.87294	0.87015	0.87193	74595
2025-10-03 00:00	0.87193	0.87295	0.87064	0.87072	64258
2025-10-05 00:00	0.87157	0.87275	0.87007	0.87189	9295
2025-10-06 00:00	0.87187	0.87225	0.86734	0.86836	74359
2025-10-07 00:00	0.86837	0.87046	0.86684	0.86827	66891
2025-10-08 00:00	0.86825	0.86840	0.86533	0.86781	76354
2025-10-09 00:00	0.86780	0.86983	0.86740	0.86936	86991
2025-10-10 00:00	0.86937	0.87250	0.86910	0.86959	99862
2025-10-12 00:00	0.86911	0.87067	0.86885	0.86991	7617
2025-10-13 00:00	0.86992	0.87069	0.86677	0.86747	69335
2025-10-14 00:00	0.86748	0.87218	0.86663	0.87097	100873
2025-10-15 00:00	0.87097	0.87209	0.86835	0.86883	78065
2025-10-16 00:00	0.86885	0.87041	0.86641	0.87018	88538
2025-10-17 00:00	0.87016	0.87247	0.86765	0.86773	97414
2025-10-19 00:00	0.86821	0.86867	0.86770	0.86833	2808
2025-10-20 00:00	0.86834	0.86949	0.86745	0.86865	64593
2025-10-21 00:00	0.86865	0.86939	0.86651	0.86786	85712
2025-10-22 00:00	0.86787	0.87123	0.86753	0.86939	82595
2025-10-23 00:00	0.86937	0.87211	0.86815	0.87169	66732
2025-10-24 00:00	0.87168	0.87468	0.87057	0.87330	77430
2025-10-26 00:00	0.87267	0.87337	0.87238	0.87306	4309
2025-10-27 00:00	0.87305	0.87362	0.87197	0.87333	67391
2025-10-28 00:00	0.87334	0.87893	0.87249	0.87785	83320
2025-10-29 00:00	0.87784	0.88176	0.87774	0.87935	115822
2025-10-30 00:00	0.87933	0.88130	0.87886	0.87935	100446
2025-10-31 00:00	0.87936	0.88174	0.87681	0.87681	75396
2025-11-02 00:00	0.87737	0.87814	0.87711	0.87761	6478
2025-11-03 00:00	0.87762	0.87835	0.87602	0.87695	64816
2025-11-04 00:00	0.87694	0.88210	0.87642	0.88200	81062
2025-11-05 00:00	0.88198	0.88294	0.87991	0.88075	71508
2025-11-06 00:00	0.88071	0.88181	0.87869	0.87885	88253
2025-11-07 00:00	0.87885	0.88160	0.87810	0.87810	85222
2025-11-09 00:00	0.87842	0.87861	0.87746	0.87836	6003
2025-11-10 00:00	0.87836	0.87944	0.87663	0.87732	70810
2025-11-11 00:00	0.87732	0.88131	0.87727	0.88094	72278
2025-11-12 00:00	0.88093	0.88382	0.88044	0.88292	72102
2025-11-13 00:00	0.88294	0.88483	0.88049	0.88419	90912
2025-11-14 00:00	0.88418	0.88651	0.88128	0.88190	99126
2025-11-16 00:00	0.88194	0.88300	0.88174	0.88260	2885
2025-11-17 00:00	0.88260	0.88287	0.87924	0.88099	74710
2025-11-18 00:00	0.88100	0.88237	0.88014	0.88078	87553
2025-11-19 00:00	0.88079	0.88396	0.88069	0.88353	88087
2025-11-20 00:00	0.88351	0.88367	0.87954	0.88152	88864
2025-11-21 00:00	0.88154	0.88311	0.87799	0.87866	109895
2025-11-23 00:00	0.87838	0.87904	0.87779	0.87867	2677
2025-11-24 00:00	0.87868	0.88197	0.87852	0.87895	76412
2025-11-25 00:00	0.87896	0.87986	0.87653	0.87887	101789
2025-11-26 00:00	0.87889	0.88177	0.87516	0.87591	116722
2025-11-27 00:00	0.87590	0.87699	0.87455	0.87608	57942
2025-11-28 00:00	0.87606	0.87726	0.87477	0.87542	261356
2025-11-30 00:00	0.87623	0.87669	0.87533	0.87624	5233
2025-12-01 00:00	0.87625	0.87934	0.87591	0.87867	98989
2025-12-02 00:00	0.87869	0.88016	0.87833	0.87959	77741
2025-12-03 00:00	0.87958	0.87988	0.87337	0.87401	85169
2025-12-04 00:00	0.87403	0.87537	0.87215	0.87395	85101
2025-12-05 00:00	0.87395	0.87415	0.87244	0.87291	68925
2025-12-07 00:00	0.87272	0.87372	0.87272	0.87351	4613
2025-12-08 00:00	0.87349	0.87522	0.87247	0.87345	71936
2025-12-09 00:00	0.87345	0.87471	0.87202	0.87406	75424
2025-12-10 00:00	0.87407	0.87509	0.87242	0.87394	90170
2025-12-11 00:00	0.87395	0.87705	0.87383	0.87661	83856
2025-12-12 00:00	0.87663	0.87920	0.87605	0.87764	77079
2025-12-14 00:00	0.87611	0.87812	0.87611	0.87800	4458
2025-12-15 00:00	0.87799	0.87876	0.87704	0.87844	75173
2025-12-16 00:00	0.87844	0.87954	0.87441	0.87512	116343
2025-12-17 00:00	0.87512	0.87966	0.87496	0.87793	108608
2025-12-18 00:00	0.87792	0.87874	0.87351	0.87604	101428
2025-12-19 00:00	0.87604	0.87735	0.87489	0.87489	90771
2025-12-21 00:00	0.87461	0.87561	0.87461	0.87518	8404
2025-12-22 00:00	0.87518	0.87532	0.87231	0.87342	89656
2025-12-23 00:00	0.87341	0.87369	0.87194	0.87280	86194
2025-12-24 00:00	0.87282	0.87313	0.87075	0.87181	85140
2025-12-25 00:00	0.87180	0.87345	0.87012	0.87230	10402
2025-12-26 00:00	0.87232	0.87357	0.87160	0.87181	69843
2025-12-28 00:00	0.87045	0.87279	0.87045	0.87217	6895
2025-12-29 00:00	0.87217	0.87397	0.87094	0.87143	102970
2025-12-30 00:00	0.87143	0.87363	0.87026	0.87220	72005
2025-12-31 00:00	0.87219	0.87459	0.87150	0.87158	82634
2026-01-01 00:00	0.87152	0.87244	0.87137	0.87209	3780
2026-01-02 00:00	0.87207	0.87250	0.87003	0.87037	76931
2026-01-04 00:00	0.87051	0.87107	0.86994	0.87102	3631
2026-01-05 00:00	0.87101	0.87106	0.86525	0.86563	85180
2026-01-06 00:00	0.86564	0.86632	0.86440	0.86571	78062
2026-01-07 00:00	0.86572	0.86784	0.86535	0.86756	67476
2026-01-08 00:00	0.86757	0.86909	0.86695	0.86762	61234
2026-01-09 00:00	0.86762	0.86863	0.86664	0.86783	71046
2026-01-11 00:00	0.86747	0.86830	0.86728	0.86782	1796
2026-01-12 00:00	0.86783	0.86923	0.86608	0.86639	74449
2026-01-13 00:00	0.86639	0.86744	0.86513	0.86712	68076
2026-01-14 00:00	0.86713	0.86730	0.86567	0.86641	74697
2026-01-15 00:00	0.86640	0.86785	0.86531	0.86754	77063
2026-01-16 00:00	0.86754	0.86798	0.86602	0.86663	88168
2026-01-18 00:00	0.86716	0.86772	0.86665	0.86732	7537
2026-01-19 00:00	0.86732	0.86859	0.86657	0.86734	73486
2026-01-20 00:00	0.86734	0.87311	0.86698	0.87250	126853
2026-01-21 00:00	0.87248	0.87454	0.86950	0.86991	113566
2026-01-22 00:00	0.86992	0.87326	0.86924	0.87066	88717
2026-01-23 00:00	0.87065	0.87086	0.86578	0.86664	98086
2026-01-25 00:00	0.86749	0.86969	0.86683	0.86791	9769
2026-01-26 00:00	0.86790	0.86867	0.86680	0.86826	119456
2026-01-27 00:00	0.86824	0.87156	0.86704	0.86949	153595
2026-01-28 00:00	0.86950	0.86967	0.86487	0.86644	152890
2026-01-29 00:00	0.86643	0.86710	0.86493	0.86665	145126
2026-01-30 00:00	0.86665	0.86751	0.86549	0.86552	169492
2026-02-01 00:00	0.86517	0.86661	0.86517	0.86615	10486
2026-02-02 00:00	0.86616	0.86738	0.86220	0.86289	158610
2026-02-03 00:00	0.86289	0.86364	0.86194	0.86260	109918
2026-02-04 00:00	0.86259	0.86498	0.86122	0.86478	118282
2026-02-05 00:00	0.86480	0.87208	0.86453	0.87095	133217
2026-02-06 00:00	0.87095	0.87134	0.86728	0.86779	89211
2026-02-08 00:00	0.86797	0.86935	0.86783	0.86896	4267
2026-02-09 00:00	0.86895	0.87413	0.86855	0.86996	112316
2026-02-10 00:00	0.86995	0.87215	0.86858	0.87196	87967
2026-02-11 00:00	0.87194	0.87237	0.86827	0.87164	117612
2026-02-12 00:00	0.87165	0.87173	0.86937	0.87152	105923
2026-02-13 00:00	0.87153	0.87211	0.86882	0.86882	94695
2026-02-15 00:00	0.86900	0.86986	0.86894	0.86951	4491
2026-02-16 00:00	0.86952	0.86995	0.86865	0.86957	44327
2026-02-17 00:00	0.86957	0.87488	0.86944	0.87373	85368
2026-02-18 00:00	0.87374	0.87384	0.87167	0.87349	75703
2026-02-19 00:00	0.87350	0.87515	0.87311	0.87430	89992
2026-02-20 00:00	0.87432	0.87485	0.87250	0.87371	108352
2026-02-22 00:00	0.87345	0.87491	0.87310	0.87442	6793
2026-02-23 00:00	0.87441	0.87493	0.87274	0.87381	103481
2026-02-24 00:00	0.87380	0.87430	0.87073	0.87238	70789
2026-02-25 00:00	0.87240	0.87315	0.87055	0.87144	76697
2026-02-26 00:00	0.87144	0.87580	0.87114	0.87484	86282
2026-02-27 00:00	0.87481	0.87890	0.87454	0.87569	99268
2026-03-01 00:00	0.87677	0.87785	0.87640	0.87716	11799
2026-03-02 00:00	0.87717	0.87873	0.87168	0.87217	168941
2026-03-03 00:00	0.87216	0.87393	0.86882	0.86959	196604
2026-03-04 00:00	0.86959	0.87124	0.86855	0.87022	146984
2026-03-05 00:00	0.87023	0.87117	0.86846	0.86900	164728
2026-03-06 00:00	0.86899	0.86920	0.86575	0.86580	163374
2026-03-08 00:00	0.86539	0.86632	0.86511	0.86614	17197
2026-03-09 00:00	0.86612	0.86766	0.86436	0.86531	198019
2026-03-10 00:00	0.86530	0.86608	0.86417	0.86521	140335
2026-03-11 00:00	0.86521	0.86572	0.86196	0.86249	124235
2026-03-12 00:00	0.86250	0.86367	0.86170	0.86283	116076
2026-03-13 00:00	0.86283	0.86541	0.86197	0.86300	118304
2026-03-15 00:00	0.86154	0.86396	0.86109	0.86322	9292
2026-03-16 00:00	0.86321	0.86499	0.86249	0.86368	103446
2026-03-17 00:00	0.86365	0.86452	0.86269	0.86374	103825
2026-03-18 00:00	0.86376	0.86507	0.86278	0.86417	132929
2026-03-19 00:00	0.86416	0.86486	0.86114	0.86231	178237
2026-03-20 00:00	0.86228	0.86789	0.86145	0.86702	120890
2026-03-22 00:00	0.86595	0.86793	0.86502	0.86702	8585
2026-03-23 00:00	0.86701	0.86790	0.86306	0.86458	231761
2026-03-24 00:00	0.86457	0.86592	0.86375	0.86566	163719
2026-03-25 00:00	0.86566	0.86679	0.86445	0.86512	124400
2026-03-26 00:00	0.86512	0.86622	0.86365	0.86493	111150
2026-03-27 00:00	0.86493	0.86788	0.86469	0.86751	106051
2026-03-29 00:00	0.86712	0.86839	0.86641	0.86805	8833
2026-03-30 00:00	0.86804	0.86981	0.86722	0.86971	110903
2026-03-31 00:00	0.86973	0.87424	0.86759	0.87390	156859
2026-04-01 00:00	0.87388	0.87422	0.87034	0.87123	148797
2026-04-02 00:00	0.87122	0.87340	0.87089	0.87233	142555
2026-04-03 00:00	0.87234	0.87318	0.87113	0.87113	54415
2026-04-05 00:00	0.87313	0.87342	0.87247	0.87285	5720
2026-04-06 00:00	0.87283	0.87295	0.87092	0.87203	90518
2026-04-07 00:00	0.87203	0.87405	0.87120	0.87198	157260
2026-04-08 00:00	0.87199	0.87241	0.86857	0.87050	166218
2026-04-09 00:00	0.87050	0.87133	0.87009	0.87055	101925
2026-04-10 00:00	0.87054	0.87186	0.86987	0.87073	81233
2026-04-12 00:00	0.87113	0.87182	0.87011	0.87162	9405
2026-04-13 00:00	0.87161	0.87219	0.86961	0.87055	91422
2026-04-14 00:00	0.87056	0.87137	0.86843	0.86912	92736
2026-04-15 00:00	0.86912	0.87018	0.86757	0.86985	92318
2026-04-16 00:00	0.86985	0.87125	0.86895	0.87097	90626
2026-04-17 00:00	0.87098	0.87230	0.86989	0.86989	109335
2026-04-19 00:00	0.86989	0.87080	0.86928	0.87063	7609
2026-04-20 00:00	0.87062	0.87157	0.86990	0.87088	104062
2026-04-21 00:00	0.87086	0.87198	0.86889	0.86929	114653
2026-04-22 00:00	0.86929	0.86943	0.86582	0.86707	90943
2026-04-23 00:00	0.86706	0.86785	0.86532	0.86757	118925
2026-04-24 00:00	0.86758	0.86825	0.86575	0.86583	89115
2026-04-26 00:00	0.86544	0.86641	0.86520	0.86618	3778
2026-04-27 00:00	0.86618	0.86757	0.86470	0.86592	85450
2026-04-28 00:00	0.86591	0.86782	0.86531	0.86643	103235
2026-04-29 00:00	0.86643	0.86737	0.86525	0.86623	105951
2026-04-30 00:00	0.86622	0.86661	0.86162	0.86228	163864
2026-05-01 00:00	0.86226	0.86405	0.86199	0.86295	96522
2026-05-03 00:00	0.86303	0.86364	0.86284	0.86334	4684
2026-05-04 00:00	0.86335	0.86480	0.86287	0.86401	118443
2026-05-05 00:00	0.86403	0.86421	0.86196	0.86339	92995
2026-05-06 00:00	0.86337	0.86489	0.86274	0.86434	129132
2026-05-07 00:00	0.86435	0.86557	0.86363	0.86534	114192
2026-05-08 00:00	0.86536	0.86558	0.86383	0.86430	78729
2026-05-10 00:00	0.86610	0.86694	0.86528	0.86558	5444
2026-05-11 00:00	0.86558	0.86631	0.86294	0.86575	78660
2026-05-12 00:00	0.86577	0.86974	0.86527	0.86695	104769
2026-05-13 00:00	0.86695	0.86762	0.86475	0.86608	78569
2026-05-14 00:00	0.86609	0.87175	0.86569	0.87084	89598
2026-05-15 00:00	0.87085	0.87289	0.87008	0.87225	105661
2026-05-17 00:00	0.87146	0.87293	0.87131	0.87256	5041
2026-05-18 00:00	0.87254	0.87296	0.86652	0.86767	107993
2026-05-19 00:00	0.86767	0.86867	0.86551	0.86640	88034
2026-05-20 00:00	0.86642	0.86676	0.86424	0.86529	99762
2026-05-21 00:00	0.86530	0.86565	0.86394	0.86493	107373
2026-05-22 00:00	0.86492	0.86525	0.86296	0.86333	72724
2026-05-24 00:00	0.86394	0.86452	0.86325	0.86351	5445
2026-05-25 00:00	0.86353	0.86363	0.86138	0.86215	50490
2026-05-26 00:00	0.86215	0.86503	0.86214	0.86481	69827
2026-05-27 00:00	0.86483	0.86669	0.86478	0.86591	83277
2026-05-28 00:00	0.86592	0.86737	0.86571	0.86670	92143
2026-05-29 00:00	0.86669	0.86813	0.86548	0.86617	92206
2026-05-31 00:00	0.86538	0.86658	0.86538	0.86595	8520
2026-06-01 00:00	0.86594	0.86620	0.86355	0.86442	89998
2026-06-02 00:00	0.86440	0.86498	0.86280	0.86380	71230
2026-06-03 00:00	0.86380	0.86473	0.86313	0.86460	86240
2026-06-04 00:00	0.86460	0.86562	0.86408	0.86509	80579
2026-06-05 00:00	0.86509	0.86548	0.86302	0.86336	103693
2026-06-07 00:00	0.86285	0.86428	0.86285	0.86399	5884
2026-06-08 00:00	0.86400	0.86514	0.86321	0.86455	112059
2026-06-09 00:00	0.86456	0.86470	0.86230	0.86263	104831
2026-06-10 00:00	0.86262	0.86336	0.86196	0.86326	115916
2026-06-11 00:00	0.86327	0.86439	0.86205	0.86290	115313
2026-06-12 00:00	0.86290	0.86362	0.86252	0.86252	105159
2026-06-14 00:00	0.86251	0.86460	0.86251	0.86267	10220
2026-06-15 00:00	0.86267	0.86518	0.86245	0.86399	84223
2026-06-16 00:00	0.86400	0.86509	0.86364	0.86473	76204
2026-06-17 00:00	0.86472	0.86599	0.86436	0.86509	106118
2026-06-18 00:00	0.86509	0.86819	0.86481	0.86789	116873
2026-06-19 00:00	0.86789	0.86808	0.86570	0.86667	95858
2026-06-21 00:00	0.86834	0.86870	0.86770	0.86783	3900
2026-06-22 00:00	0.86785	0.86794	0.86135	0.86257	105939
2026-06-23 00:00	0.86256	0.86347	0.86147	0.86204	89722
2026-06-24 00:00	0.86204	0.86283	0.86025	0.86244	105130
2026-06-25 00:00	0.86244	0.86261	0.86102	0.86150	97511
2026-06-26 00:00	0.86151	0.86513	0.86105	0.86229	133820
2026-06-28 00:00	0.86142	0.86292	0.86142	0.86269	7357
2026-06-29 00:00	0.86269	0.86321	0.86107	0.86156	144521
2026-06-30 00:00	0.86157	0.86241	0.86044	0.86132	165300
2026-07-01 00:00	0.86132	0.86177	0.85623	0.85680	179461
2026-07-02 00:00	0.85681	0.85740	0.85458	0.85633	217489
2026-07-03 00:00	0.85634	0.85740	0.85613	0.85640	145452
2026-07-05 00:00	0.85599	0.85676	0.85599	0.85648	9475
2026-07-06 00:00	0.85651	0.85686	0.85383	0.85419	137574
2026-07-07 00:00	0.85421	0.85543	0.85327	0.85423	150738
2026-07-08 00:00	0.85423	0.85550	0.85191	0.85269	169833
2026-07-09 00:00	0.85269	0.85407	0.85177	0.85232	154202
2026-07-10 00:00	0.85232	0.85254	0.85085	0.85140	154643
2026-07-13 00:00	0.85157	0.85407	0.85157	0.85246	170413