2010-06-29 00:00	1.08680	1.08815	1.08010	1.08245	133014
2010-06-30 00:00	1.08245	1.08550	1.07520	1.07840	293292
2010-07-01 00:00	1.07840	1.07890	1.05780	1.06065	247942
2010-07-02 00:00	1.06065	1.06970	1.05855	1.06250	200862
2010-07-04 00:00	1.06267	1.06470	1.06258	1.06455	17455
2010-07-05 00:00	1.06455	1.06735	1.06185	1.06620	197715
2010-07-06 00:00	1.06620	1.06665	1.05615	1.06025	294392
2010-07-07 00:00	1.06035	1.06365	1.05035	1.05035	311530
2010-07-08 00:00	1.05035	1.05630	1.04810	1.05005	200783
2010-07-09 00:00	1.05000	1.05925	1.04900	1.05750	207370
2010-07-11 00:00	1.05685	1.05784	1.05445	1.05495	16113
2010-07-12 00:00	1.05495	1.06755	1.05465	1.06085	274827
2010-07-13 00:00	1.06085	1.06455	1.05135	1.05525	262659
2010-07-14 00:00	1.05530	1.06175	1.05079	1.05250	254601
2010-07-15 00:00	1.05250	1.05465	1.04005	1.04235	347263
2010-07-16 00:00	1.04230	1.05420	1.03995	1.05030	241766
2010-07-18 00:00	1.04997	1.05010	1.04760	1.04885	11193
2010-07-19 00:00	1.04885	1.05605	1.04465	1.05400	241152
2010-07-20 00:00	1.05400	1.05475	1.04525	1.05045	241984
2010-07-21 00:00	1.05045	1.05425	1.04840	1.05030	262494
2010-07-22 00:00	1.05030	1.05095	1.03940	1.04200	221171
2010-07-23 00:00	1.04200	1.05640	1.04075	1.05450	156556
2010-07-25 00:00	1.05457	1.05470	1.05255	1.05295	4952
2010-07-26 00:00	1.05285	1.05560	1.04595	1.04950	241957
2010-07-27 00:00	1.04950	1.06400	1.04810	1.06120	321962
2010-07-28 00:00	1.06105	1.06230	1.05375	1.05650	291602
2010-07-29 00:00	1.05650	1.05805	1.03730	1.04005	244915
2010-07-30 00:00	1.04005	1.04665	1.03615	1.04095	241592
2010-08-01 00:00	1.04011	1.04380	1.03944	1.04310	16700
2010-08-02 00:00	1.04310	1.04755	1.03475	1.03925	245435
2010-08-03 00:00	1.03925	1.04140	1.03480	1.03990	260643
2010-08-04 00:00	1.03990	1.05540	1.03785	1.05380	316027
2010-08-05 00:00	1.05380	1.05420	1.04125	1.04665	302197
2010-08-06 00:00	1.04655	1.05080	1.03315	1.03890	199154
2010-08-08 00:00	1.03784	1.03885	1.03669	1.03845	5300
2010-08-09 00:00	1.03845	1.05000	1.03750	1.04940	276274
2010-08-10 00:00	1.04940	1.06175	1.04605	1.04915	336621
2010-08-11 00:00	1.04915	1.06240	1.04915	1.05935	318367
2010-08-12 00:00	1.05935	1.05960	1.04650	1.04910	272291
2010-08-13 00:00	1.04910	1.05480	1.04820	1.05080	262133
2010-08-15 00:00	1.05072	1.05200	1.04715	1.05195	8915
2010-08-16 00:00	1.05200	1.05340	1.03505	1.03945	279493
2010-08-17 00:00	1.03945	1.04480	1.03620	1.04435	302649
2010-08-18 00:00	1.04435	1.04525	1.03850	1.04375	200561
2010-08-19 00:00	1.04385	1.04650	1.02570	1.03190	315603
2010-08-20 00:00	1.03195	1.03925	1.02860	1.03385	212573
2010-08-22 00:00	1.03455	1.03615	1.03401	1.03485	10564
2010-08-23 00:00	1.03485	1.04235	1.03015	1.04185	214072
2010-08-24 00:00	1.04185	1.04505	1.02860	1.03125	254089
2010-08-25 00:00	1.03125	1.03285	1.02475	1.02980	266566
2010-08-26 00:00	1.02980	1.03185	1.02220	1.02415	263859
2010-08-27 00:00	1.02410	1.03045	1.02205	1.02780	188443
2010-08-29 00:00	1.02788	1.02905	1.02644	1.02835	13024
2010-08-30 00:00	1.02835	1.03090	1.02370	1.02520	170391
2010-08-31 00:00	1.02520	1.02590	1.01350	1.01555	290019
2010-09-01 00:00	1.01555	1.01815	1.00645	1.01655	272823
2010-09-02 00:00	1.01655	1.01845	1.00945	1.01345	192912
2010-09-03 00:00	1.01345	1.02385	1.01164	1.01605	150120
2010-09-05 00:00	1.01623	1.01775	1.01555	1.01720	8837
2010-09-06 00:00	1.01720	1.01830	1.00905	1.00940	163200
2010-09-07 00:00	1.00940	1.01470	1.00780	1.01115	247213
2010-09-08 00:00	1.01115	1.01395	1.00605	1.01135	258411
2010-09-09 00:00	1.01135	1.01670	1.01000	1.01530	287770
2010-09-10 00:00	1.01525	1.02775	1.01345	1.01960	234102
2010-09-12 00:00	1.01930	1.02070	1.01790	1.01895	12245
2010-09-13 00:00	1.01895	1.01895	1.00671	1.00805	276277
2010-09-14 00:00	1.00805	1.00865	0.99325	0.99630	280274
2010-09-15 00:00	0.99625	1.00485	0.99475	1.00195	311948
2010-09-16 00:00	1.00200	1.01705	0.99980	1.01585	251118
2010-09-17 00:00	1.01585	1.01825	1.00685	1.00965	281165
2010-09-19 00:00	1.00909	1.01090	1.00814	1.01055	6347
2010-09-20 00:00	1.01050	1.01180	1.00280	1.00440	227802
2010-09-21 00:00	1.00440	1.00745	0.99585	0.99620	238840
2010-09-22 00:00	0.99625	0.99825	0.98375	0.98685	238822
2010-09-23 00:00	0.98685	0.98990	0.98040	0.98660	242648
2010-09-24 00:00	0.98665	0.98825	0.97785	0.98350	231901
2010-09-26 00:00	0.98160	0.98515	0.98120	0.98365	10915
2010-09-27 00:00	0.98360	0.98710	0.98165	0.98570	266659
2010-09-28 00:00	0.98575	0.98775	0.97375	0.97620	252796
2010-09-29 00:00	0.97615	0.98145	0.97335	0.97666	224921
2010-09-30 00:00	0.97675	0.98425	0.97080	0.98205	220308
2010-10-01 00:00	0.98205	0.98280	0.97210	0.97360	201003
2010-10-03 00:00	0.97280	0.97655	0.97260	0.97555	7865
2010-10-04 00:00	0.97555	0.97895	0.97035	0.97175	230135
2010-10-05 00:00	0.97170	0.97380	0.96445	0.96530	205921
2010-10-06 00:00	0.96545	0.96840	0.95985	0.96240	206417
2010-10-07 00:00	0.96235	0.97005	0.95535	0.96605	194272
2010-10-08 00:00	0.96620	0.96970	0.95910	0.96270	194601
2010-10-10 00:00	0.96060	0.96210	0.95870	0.96205	6534
2010-10-11 00:00	0.96200	0.96630	0.95940	0.96560	197835
2010-10-12 00:00	0.96560	0.97275	0.95540	0.95725	248130
2010-10-13 00:00	0.95720	0.96410	0.95445	0.95700	227379
2010-10-14 00:00	0.95700	0.95700	0.94630	0.95550	244618
2010-10-15 00:00	0.95550	0.96015	0.94845	0.95865	164060
2010-10-17 00:00	0.95768	0.95915	0.95708	0.95885	7449
2010-10-18 00:00	0.95885	0.96490	0.95415	0.95950	290021
2010-10-19 00:00	0.95950	0.97555	0.95770	0.97160	303695
2010-10-20 00:00	0.97160	0.97160	0.95715	0.96195	224248
2010-10-21 00:00	0.96190	0.96910	0.96115	0.96815	257524
2010-10-22 00:00	0.96815	0.98045	0.96645	0.97705	227880
2010-10-24 00:00	0.97342	0.97840	0.97342	0.97759	36353
2010-10-25 00:00	0.97759	0.97827	0.96628	0.97337	155563
2010-10-26 00:00	0.97339	0.98816	0.97019	0.98461	78240
2010-10-27 00:00	0.98459	0.99285	0.98387	0.98927	87737
2010-10-28 00:00	0.98934	0.99001	0.98038	0.98406	95057
2010-10-29 00:00	0.98407	0.99102	0.98206	0.98222	76320
2010-10-31 00:00	0.98213	0.98288	0.98122	0.98199	11993
2010-11-01 00:00	0.98206	0.99707	0.98120	0.99192	87896
2010-11-02 00:00	0.99191	0.99320	0.97580	0.97945	84215
2010-11-03 00:00	0.97940	0.98232	0.96918	0.97214	87748
2010-11-04 00:00	0.97213	0.97370	0.95618	0.95796	85722
2010-11-05 00:00	0.95796	0.96406	0.95478	0.96126	78923
2010-11-07 00:00	0.96147	0.96254	0.96028	0.96049	5723
2010-11-08 00:00	0.96067	0.96814	0.96020	0.96743	84253
2010-11-09 00:00	0.96748	0.96964	0.95871	0.96855	87445
2010-11-10 00:00	0.96862	0.97672	0.96728	0.97055	86935
2010-11-11 00:00	0.97055	0.97865	0.96705	0.97631	87105
2010-11-12 00:00	0.97627	0.98132	0.97234	0.98073	84098
2010-11-14 00:00	0.97819	0.98050	0.97797	0.97926	1875
2010-11-15 00:00	0.97916	0.98709	0.97621	0.98512	51096
2010-11-16 00:00	0.98510	0.99765	0.98286	0.99631	55564
2010-11-17 00:00	0.99641	0.99759	0.98821	0.99065	46365
2010-11-18 00:00	0.99067	0.99975	0.98553	0.99539	50364
2010-11-19 00:00	0.99537	0.99966	0.98754	0.99217	42474
2010-11-21 00:00	0.99145	0.99364	0.99108	0.99230	2247
2010-11-22 00:00	0.99226	0.99405	0.98748	0.98783	40926
2010-11-23 00:00	0.98787	0.99745	0.98485	0.99658	51290
2010-11-24 00:00	0.99654	0.99885	0.98982	0.99446	50824
2010-11-25 00:00	0.99445	1.00197	0.99440	1.00019	56936
2010-11-26 00:00	1.00020	1.00533	0.99834	1.00276	41565
2010-11-28 00:00	1.00203	1.00348	1.00160	1.00285	2982
2010-11-29 00:00	1.00280	1.00456	0.99878	1.00116	82178
2010-11-30 00:00	1.00113	1.00427	0.99257	1.00271	150880
2010-12-01 00:00	1.00270	1.00659	0.99847	1.00286	136274
2010-12-02 00:00	1.00286	1.00534	0.98874	0.99269	122668
2010-12-03 00:00	0.99269	0.99498	0.97251	0.97336	104499
2010-12-05 00:00	0.97468	0.97580	0.97383	0.97497	4110
2010-12-06 00:00	0.97497	0.98739	0.97256	0.98213	129338
2010-12-07 00:00	0.98215	0.98838	0.97561	0.98790	112588
2010-12-08 00:00	0.98794	0.99149	0.98481	0.98637	114569
2010-12-09 00:00	0.98637	0.98948	0.98086	0.98326	120802
2010-12-10 00:00	0.98324	0.98408	0.97945	0.98045	89091
2010-12-12 00:00	0.98329	0.98382	0.98139	0.98181	3232
2010-12-13 00:00	0.98181	0.98507	0.96483	0.96789	119365
2010-12-14 00:00	0.96794	0.96898	0.95589	0.96099	140017
2010-12-15 00:00	0.96101	0.96954	0.95740	0.96729	142918
2010-12-16 00:00	0.96729	0.97335	0.96357	0.96457	134730
2010-12-17 00:00	0.96457	0.97194	0.95578	0.96833	126007
2010-12-19 00:00	0.96792	0.97106	0.96720	0.96979	3374
2010-12-20 00:00	0.96983	0.97202	0.96309	0.96477	131733
2010-12-21 00:00	0.96477	0.96493	0.95621	0.95790	134086
2010-12-22 00:00	0.95790	0.95872	0.95024	0.95137	137242
2010-12-23 00:00	0.95142	0.96640	0.94965	0.95744	111545
2010-12-24 00:00	0.95742	0.96340	0.95538	0.96174	45247
2010-12-26 00:00	0.96076	0.96391	0.96055	0.96354	2948
2010-12-27 00:00	0.96363	0.96454	0.95751	0.95867	74180
2010-12-28 00:00	0.95867	0.95872	0.94339	0.95191	112341
2010-12-29 00:00	0.95192	0.95321	0.94379	0.94467	84052
2010-12-30 00:00	0.94467	0.94487	0.93417	0.93459	81244
2010-12-31 00:00	0.93459	0.93967	0.92993	0.93363	67045
2011-01-02 00:00	0.93450	0.93469	0.93204	0.93207	3038
2011-01-03 00:00	0.93204	0.93826	0.93192	0.93415	78994
2011-01-04 00:00	0.93415	0.95163	0.93265	0.94723	140366
2011-01-05 00:00	0.94723	0.96848	0.94684	0.96589	125101
2011-01-06 00:00	0.96589	0.97075	0.96100	0.96590	121038
2011-01-07 00:00	0.96590	0.96899	0.96038	0.96713	117125
2011-01-09 00:00	0.96776	0.96962	0.96552	0.96676	4205
2011-01-10 00:00	0.96675	0.97264	0.96302	0.96601	114882
2011-01-11 00:00	0.96598	0.97831	0.96598	0.97360	116808
2011-01-12 00:00	0.97359	0.97554	0.96609	0.96714	133878
2011-01-13 00:00	0.96714	0.97634	0.96120	0.96395	126614
2011-01-14 00:00	0.96395	0.96868	0.96045	0.96319	103663
2011-01-16 00:00	0.96174	0.96422	0.96174	0.96386	3094
2011-01-17 00:00	0.96388	0.96759	0.96348	0.96467	111035
2011-01-18 00:00	0.96467	0.96556	0.95510	0.96377	142073
2011-01-19 00:00	0.96380	0.96407	0.95195	0.95599	127900
2011-01-20 00:00	0.95599	0.96841	0.95266	0.96691	152199
2011-01-21 00:00	0.96691	0.96863	0.95722	0.95807	119129
2011-01-23 00:00	0.95560	0.95881	0.95525	0.95833	3609
2011-01-24 00:00	0.95833	0.96221	0.94709	0.94924	132958
2011-01-25 00:00	0.94925	0.95222	0.94030	0.94219	137001
2011-01-26 00:00	0.94219	0.94644	0.94001	0.94269	129352
2011-01-27 00:00	0.94265	0.94812	0.93895	0.94613	138856
2011-01-28 00:00	0.94609	0.94706	0.94013	0.94184	128636
2011-01-30 00:00	0.94083	0.94263	0.94051	0.94185	3927
2011-01-31 00:00	0.94185	0.94484	0.93686	0.94339	123235
2011-02-01 00:00	0.94339	0.94561	0.93364	0.93540	155546
2011-02-02 00:00	0.93540	0.94413	0.93283	0.93965	156184
2011-02-03 00:00	0.93965	0.95247	0.93949	0.94630	185701
2011-02-04 00:00	0.94628	0.95931	0.94526	0.95500	167481
2011-02-06 00:00	0.95741	0.95741	0.95450	0.95460	6974
2011-02-07 00:00	0.95457	0.95975	0.95293	0.95485	189421
2011-02-08 00:00	0.95493	0.96424	0.95230	0.96327	196737
2011-02-09 00:00	0.96329	0.96605	0.95521	0.95826	158785
2011-02-10 00:00	0.95824	0.97024	0.95794	0.96874	159838
2011-02-11 00:00	0.96874	0.97744	0.96779	0.97307	135935
2011-02-13 00:00	0.97425	0.97440	0.97250	0.97380	5327
2011-02-14 00:00	0.97380	0.97442	0.96912	0.97074	134596
2011-02-15 00:00	0.97076	0.97287	0.96493	0.96613	175080
2011-02-16 00:00	0.96613	0.97387	0.95527	0.95912	182754
2011-02-17 00:00	0.95912	0.96015	0.94772	0.94957	174964
2011-02-18 00:00	0.94944	0.95386	0.94341	0.94407	161659
2011-02-20 00:00	0.94318	0.94604	0.94286	0.94392	4467
2011-02-21 00:00	0.94392	0.94883	0.94386	0.94596	116980
2011-02-22 00:00	0.94596	0.95050	0.93660	0.93762	198143
2011-02-23 00:00	0.93762	0.93915	0.93073	0.93186	169254
2011-02-24 00:00	0.93186	0.93249	0.92258	0.92494	220304
2011-02-25 00:00	0.92490	0.93183	0.92397	0.92801	163523
2011-02-27 00:00	0.92777	0.92862	0.92761	0.92810	4814
2011-02-28 00:00	0.92822	0.93063	0.92585	0.92893	169290
2011-03-01 00:00	0.92893	0.93212	0.92730	0.92837	168108
2011-03-02 00:00	0.92834	0.92904	0.92016	0.92364	157232
2011-03-03 00:00	0.92363	0.93269	0.92325	0.93210	158984
2011-03-04 00:00	0.93210	0.93291	0.92230	0.92453	130551
2011-03-06 00:00	0.92500	0.92624	0.92463	0.92624	3925
2011-03-07 00:00	0.92624	0.92750	0.92358	0.92642	143900
2011-03-08 00:00	0.92642	0.93630	0.92612	0.93523	138831
2011-03-09 00:00	0.93521	0.93686	0.92690	0.92982	134087
2011-03-10 00:00	0.92983	0.93624	0.92806	0.93194	190298
2011-03-11 00:00	0.93194	0.93580	0.92678	0.92968	173969
2011-03-13 00:00	0.92941	0.92941	0.92565	0.92838	15014
2011-03-14 00:00	0.92838	0.93160	0.92291	0.92478	158514
2011-03-15 00:00	0.92481	0.92509	0.91404	0.91818	229133
2011-03-16 00:00	0.91819	0.91978	0.89210	0.90386	210646
2011-03-17 00:00	0.90381	0.90582	0.89621	0.89942	206429
2011-03-18 00:00	0.89941	0.90898	0.89875	0.90021	176513
2011-03-20 00:00	0.89992	0.90360	0.89889	0.90358	7531
2011-03-21 00:00	0.90359	0.90741	0.90293	0.90509	161599
2011-03-22 00:00	0.90508	0.90567	0.90125	0.90414	149042
2011-03-23 00:00	0.90414	0.90874	0.89783	0.90798	176483
2011-03-24 00:00	0.90799	0.91235	0.90284	0.90834	153584
2011-03-25 00:00	0.90834	0.92139	0.90779	0.91960	139547
2011-03-27 00:00	0.92011	0.92277	0.91999	0.92257	7049
2011-03-28 00:00	0.92257	0.92341	0.91516	0.91651	146607
2011-03-29 00:00	0.91651	0.92238	0.91397	0.91986	147886
2011-03-30 00:00	0.91988	0.92750	0.91757	0.91927	170599
2011-03-31 00:00	0.91927	0.91999	0.91260	0.91995	160497
2011-04-01 00:00	0.91995	0.93397	0.91867	0.92349	157592
2011-04-03 00:00	0.92344	0.92589	0.92330	0.92547	5006
2011-04-04 00:00	0.92546	0.92611	0.91911	0.92431	133587
2011-04-05 00:00	0.92431	0.92726	0.92047	0.92521	127804
2011-04-06 00:00	0.92520	0.92950	0.91300	0.91803	161041
2011-04-07 00:00	0.91804	0.91995	0.91525	0.91587	143913
2011-04-08 00:00	0.91588	0.91649	0.90577	0.90616	130654
2011-04-10 00:00	0.90697	0.90938	0.90653	0.90901	6906
2011-04-11 00:00	0.90901	0.91045	0.90464	0.90621	118058
2011-04-12 00:00	0.90620	0.90744	0.89419	0.89707	158555
2011-04-13 00:00	0.89709	0.89908	0.89282	0.89534	138042
2011-04-14 00:00	0.89536	0.89690	0.88955	0.89229	144764
2011-04-15 00:00	0.89229	0.89587	0.89151	0.89181	112634
2011-04-17 00:00	0.89207	0.89313	0.89184	0.89282	6509
2011-04-18 00:00	0.89280	0.89991	0.89050	0.89557	147555
2011-04-19 00:00	0.89557	0.90094	0.89453	0.89914	166652
2011-04-20 00:00	0.89914	0.89966	0.88745	0.88856	180132
2011-04-21 00:00	0.88859	0.88882	0.87800	0.88599	151814
2011-04-22 00:00	0.88599	0.88780	0.88449	0.88574	34020
2011-04-24 00:00	0.88514	0.88628	0.88368	0.88378	8176
2011-04-25 00:00	0.88377	0.88731	0.87714	0.88134	120958
2011-04-26 00:00	0.88133	0.88518	0.86694	0.87025	169395
2011-04-27 00:00	0.87027	0.88337	0.87026	0.87530	174592
2011-04-28 00:00	0.87534	0.87593	0.86883	0.87300	139467
2011-04-29 00:00	0.87300	0.87473	0.86256	0.86487	110047
2011-05-01 00:00	0.86493	0.86635	0.86368	0.86423	15108
2011-05-02 00:00	0.86423	0.86959	0.86246	0.86606	123990
2011-05-03 00:00	0.86606	0.86734	0.85955	0.86141	134849
2011-05-04 00:00	0.86141	0.86479	0.85526	0.86109	186560
2011-05-05 00:00	0.86109	0.87125	0.85564	0.87009	174535
2011-05-06 00:00	0.87011	0.87983	0.86766	0.87797	182022
2011-05-08 00:00	0.87807	0.87861	0.87602	0.87650	11810
2011-05-09 00:00	0.87653	0.87874	0.87072	0.87147	172389
2011-05-10 00:00	0.87147	0.88230	0.87147	0.88055	215099
2011-05-11 00:00	0.88055	0.88831	0.87830	0.88606	182716
2011-05-12 00:00	0.88609	0.89038	0.88255	0.88458	179118
2011-05-13 00:00	0.88462	0.89460	0.87974	0.89215	174415
2011-05-15 00:00	0.89241	0.89370	0.89198	0.89359	10515
2011-05-16 00:00	0.89357	0.89380	0.87990	0.88510	148377
2011-05-17 00:00	0.88510	0.88819	0.87838	0.87989	165827
2011-05-18 00:00	0.87989	0.88438	0.87830	0.88115	132384
2011-05-19 00:00	0.88115	0.88790	0.87646	0.88052	138020
2011-05-20 00:00	0.88052	0.88551	0.87475	0.87710	140312
2011-05-22 00:00	0.87864	0.87925	0.87707	0.87733	9605
2011-05-23 00:00	0.87733	0.88923	0.87549	0.88843	145407
2011-05-24 00:00	0.88843	0.88852	0.87819	0.88016	118821
2011-05-25 00:00	0.88016	0.88135	0.87086	0.87320	123869
2011-05-26 00:00	0.87320	0.87324	0.86399	0.86549	127391
2011-05-27 00:00	0.86549	0.86618	0.84634	0.85039	151143
2011-05-29 00:00	0.84840	0.85124	0.84827	0.85102	6303
2011-05-30 00:00	0.85104	0.85307	0.84814	0.84900	78639
2011-05-31 00:00	0.84900	0.85459	0.84659	0.85165	132956
2011-06-01 00:00	0.85163	0.85422	0.83827	0.84210	132172
2011-06-02 00:00	0.84212	0.84528	0.84016	0.84270	115230
2011-06-03 00:00	0.84268	0.84452	0.83303	0.83355	112180
2011-06-05 00:00	0.83443	0.83520	0.83272	0.83310	8435
2011-06-06 00:00	0.83310	0.83855	0.83288	0.83494	119257
2011-06-07 00:00	0.83494	0.83904	0.83263	0.83676	122741
2011-06-08 00:00	0.83676	0.83798	0.83462	0.83623	122189
2011-06-09 00:00	0.83623	0.84453	0.83546	0.84119	127592
2011-06-10 00:00	0.84119	0.84395	0.83961	0.84268	105261
2011-06-12 00:00	0.84290	0.84339	0.84184	0.84198	4731
2011-06-13 00:00	0.84198	0.84675	0.83531	0.83676	112387
2011-06-14 00:00	0.83675	0.84564	0.83470	0.84500	137343
2011-06-15 00:00	0.84499	0.85508	0.84422	0.85180	142272
2011-06-16 00:00	0.85182	0.85490	0.84664	0.84878	157704
2011-06-17 00:00	0.84880	0.85098	0.84422	0.84820	123803
2011-06-19 00:00	0.84893	0.84932	0.84691	0.84877	6329
2011-06-20 00:00	0.84877	0.85160	0.84061	0.84417	132061
2011-06-21 00:00	0.84417	0.84519	0.83995	0.84199	108815
2011-06-22 00:00	0.84198	0.84320	0.83397	0.84029	103583
2011-06-23 00:00	0.84029	0.84379	0.83640	0.83855	130466
2011-06-24 00:00	0.83858	0.83945	0.83169	0.83322	110268
2011-06-26 00:00	0.83203	0.83550	0.83149	0.83485	6620
2011-06-27 00:00	0.83485	0.83834	0.83186	0.83401	111658
2011-06-28 00:00	0.83401	0.83574	0.82750	0.83246	127446
2011-06-29 00:00	0.83246	0.83675	0.82966	0.83399	132247
2011-06-30 00:00	0.83397	0.84641	0.83050	0.84210	114685
2011-07-01 00:00	0.84210	0.85258	0.84065	0.84736	106410
2011-07-03 00:00	0.84754	0.84848	0.84616	0.84699	6062
2011-07-04 00:00	0.84699	0.85027	0.84629	0.84834	84189
2011-07-05 00:00	0.84835	0.85067	0.83833	0.84059	109653
2011-07-06 00:00	0.84058	0.84425	0.83638	0.83922	123883
2011-07-07 00:00	0.83919	0.84948	0.83792	0.84486	115851
2011-07-08 00:00	0.84486	0.85198	0.83595	0.83641	114974
2011-07-10 00:00	0.83823	0.83827	0.83588	0.83738	7575
2011-07-11 00:00	0.83738	0.83872	0.83299	0.83598	126295
2011-07-12 00:00	0.83598	0.83972	0.82810	0.83156	159610
2011-07-13 00:00	0.83156	0.83298	0.80797	0.80992	138809
2011-07-14 00:00	0.80995	0.81987	0.80994	0.81382	123714
2011-07-15 00:00	0.81383	0.81911	0.81235	0.81461	118403
2011-07-17 00:00	0.80887	0.81114	0.80814	0.81050	8507
2011-07-18 00:00	0.81049	0.81931	0.81049	0.81647	123470
2011-07-19 00:00	0.81647	0.82772	0.81506	0.82437	125392
2011-07-20 00:00	0.82436	0.82547	0.81772	0.82230	111361
2011-07-21 00:00	0.82230	0.82367	0.81357	0.81745	133881
2011-07-22 00:00	0.81745	0.82468	0.81528	0.81940	112025
2011-07-24 00:00	0.81097	0.81459	0.81097	0.81370	8257
2011-07-25 00:00	0.81375	0.81547	0.80202	0.80546	111402
2011-07-26 00:00	0.80546	0.80660	0.79974	0.80155	124836
2011-07-27 00:00	0.80155	0.80464	0.79958	0.80121	113088
2011-07-28 00:00	0.80121	0.80457	0.79897	0.80163	116788
2011-07-29 00:00	0.80164	0.80311	0.78498	0.78533	124463
2011-07-31 00:00	0.79181	0.79454	0.79038	0.79209	11510
2011-08-01 00:00	0.79210	0.79521	0.77296	0.78448	145150
2011-08-02 00:00	0.78449	0.78480	0.76085	0.76617	159757
2011-08-03 00:00	0.76619	0.77876	0.76275	0.77075	158306
2011-08-04 00:00	0.77075	0.78009	0.76155	0.76504	168225
2011-08-05 00:00	0.76512	0.77399	0.75783	0.76678	148032
2011-08-07 00:00	0.75886	0.76320	0.75550	0.76120	15276
2011-08-08 00:00	0.76120	0.76509	0.74814	0.75413	172420
2011-08-09 00:00	0.75414	0.75923	0.70663	0.72304	191260
2011-08-10 00:00	0.72299	0.73299	0.71790	0.72602	161623
2011-08-11 00:00	0.72596	0.76860	0.72370	0.76242	172528
2011-08-12 00:00	0.76241	0.77854	0.75477	0.77800	137832
2011-08-14 00:00	0.78270	0.79149	0.78173	0.79018	9260
2011-08-15 00:00	0.79017	0.79965	0.77874	0.78396	132767
2011-08-16 00:00	0.78395	0.79766	0.77689	0.79546	138623
2011-08-17 00:00	0.79544	0.80168	0.78237	0.79062	153296
2011-08-18 00:00	0.79063	0.79874	0.78570	0.79453	148362
2011-08-19 00:00	0.79453	0.79596	0.78069	0.78457	140483
2011-08-21 00:00	0.79021	0.79043	0.78589	0.78687	8271
2011-08-22 00:00	0.78693	0.79104	0.78382	0.78924	130695
2011-08-23 00:00	0.78924	0.79352	0.78519	0.79274	122895
2011-08-24 00:00	0.79274	0.79654	0.78745	0.79580	126231
2011-08-25 00:00	0.79579	0.79883	0.79097	0.79353	127447
2011-08-26 00:00	0.79353	0.81569	0.78920	0.80595	132902
2011-08-28 00:00	0.80680	0.80921	0.80669	0.80910	5008
2011-08-29 00:00	0.80910	0.82403	0.80742	0.81695	109526
2011-08-30 00:00	0.81695	0.82318	0.81205	0.82028	114874
2011-08-31 00:00	0.82029	0.82076	0.79927	0.80509	125166
2011-09-01 00:00	0.80508	0.80876	0.79257	0.79423	125276
2011-09-02 00:00	0.79424	0.79512	0.77107	0.78799	121364
2011-09-04 00:00	0.78684	0.79052	0.78682	0.78957	7036
2011-09-05 00:00	0.78959	0.79128	0.78203	0.78500	108787
2011-09-06 00:00	0.78502	0.86258	0.78395	0.86100	173276
2011-09-07 00:00	0.86100	0.86150	0.85388	0.85862	126686
2011-09-08 00:00	0.85862	0.87684	0.85818	0.87466	144164
2011-09-09 00:00	0.87466	0.88635	0.87052	0.88343	156005
2011-09-11 00:00	0.88740	0.88932	0.88578	0.88771	11250
2011-09-12 00:00	0.88769	0.89269	0.87965	0.88284	200561
2011-09-13 00:00	0.88286	0.88790	0.87576	0.88010	183056
2011-09-14 00:00	0.88010	0.88536	0.87286	0.87605	201472
2011-09-15 00:00	0.87605	0.87968	0.86470	0.86963	162852
2011-09-16 00:00	0.86964	0.87771	0.86951	0.87529	145762
2011-09-18 00:00	0.88052	0.88289	0.87937	0.88170	9787
2011-09-19 00:00	0.88169	0.88747	0.87985	0.88525	177668
2011-09-20 00:00	0.88523	0.89208	0.87900	0.88698	174895
2011-09-21 00:00	0.88698	0.90100	0.88546	0.90012	158994
2011-09-22 00:00	0.90012	0.91819	0.89915	0.90730	180432
2011-09-23 00:00	0.90731	0.90821	0.89958	0.90467	158433
2011-09-25 00:00	0.90436	0.90642	0.90297	0.90609	7198
2011-09-26 00:00	0.90611	0.91423	0.90056	0.90264	175762
2011-09-27 00:00	0.90265	0.90570	0.89244	0.89637	155866
2011-09-28 00:00	0.89642	0.90210	0.89257	0.90198	150042
2011-09-29 00:00	0.90191	0.90199	0.89178	0.89708	147852
2011-09-30 00:00	0.89709	0.90848	0.89647	0.90766	133572
2011-10-02 00:00	0.90981	0.91088	0.90823	0.90954	6888
2011-10-03 00:00	0.90953	0.92168	0.90770	0.92064	159938
2011-10-04 00:00	0.92064	0.92613	0.91455	0.91831	173778
2011-10-05 00:00	0.91832	0.92505	0.91612	0.92324	174539
2011-10-06 00:00	0.92324	0.93147	0.91852	0.91949	160760
2011-10-07 00:00	0.91947	0.92875	0.91459	0.92715	146458
2011-10-09 00:00	0.92697	0.92720	0.92530	0.92600	5687
2011-10-10 00:00	0.92601	0.92613	0.90020	0.90449	157265
2011-10-11 00:00	0.90449	0.91216	0.90241	0.90861	162341
2011-10-12 00:00	0.90861	0.91109	0.89175	0.89634	171285
2011-10-13 00:00	0.89633	0.90389	0.89272	0.89982	166808
2011-10-14 00:00	0.89979	0.90088	0.89031	0.89088	139693
2011-10-16 00:00	0.89156	0.89266	0.89094	0.89204	7691
2011-10-17 00:00	0.89207	0.89970	0.88807	0.89835	154568
2011-10-18 00:00	0.89831	0.90479	0.89450	0.89954	172271
2011-10-19 00:00	0.89952	0.90381	0.89497	0.90285	157356
2011-10-20 00:00	0.90281	0.90825	0.89287	0.89341	164481
2011-10-21 00:00	0.89342	0.89518	0.88055	0.88189	140649
2011-10-23 00:00	0.88456	0.88509	0.88200	0.88378	11274
2011-10-24 00:00	0.88378	0.88773	0.87881	0.87964	147301
2011-10-25 00:00	0.87961	0.88447	0.87714	0.87853	148505
2011-10-26 00:00	0.87853	0.88585	0.87284	0.88094	133268
2011-10-27 00:00	0.88093	0.88117	0.85671	0.85977	161859
2011-10-28 00:00	0.85977	0.86508	0.85973	0.86287	105729
2011-10-30 00:00	0.86274	0.86321	0.86126	0.86246	7631
2011-10-31 00:00	0.86251	0.87861	0.86103	0.87725	148035
2011-11-01 00:00	0.87724	0.89593	0.87653	0.88942	169581
2011-11-02 00:00	0.88944	0.88951	0.87935	0.88627	144760
2011-11-03 00:00	0.88626	0.88931	0.87609	0.87789	151455
2011-11-04 00:00	0.87789	0.89049	0.87743	0.88442	132909
2011-11-06 00:00	0.88714	0.89140	0.88673	0.89043	6061
2011-11-07 00:00	0.89043	0.90306	0.88926	0.90134	144569
2011-11-08 00:00	0.90134	0.90670	0.89224	0.89474	138751
2011-11-09 00:00	0.89474	0.91098	0.89211	0.91077	140589
2011-11-10 00:00	0.91077	0.91509	0.90179	0.90576	145092
2011-11-11 00:00	0.90571	0.90831	0.89526	0.89974	122582
2011-11-13 00:00	0.89810	0.90098	0.89772	0.89922	5938
2011-11-14 00:00	0.89924	0.90921	0.89611	0.90855	168422
2011-11-15 00:00	0.90854	0.91979	0.90806	0.91779	176846
2011-11-16 00:00	0.91779	0.92290	0.91389	0.92153	192726
2011-11-17 00:00	0.92153	0.92359	0.91518	0.92195	191536
2011-11-18 00:00	0.92195	0.92232	0.90846	0.91614	175309
2011-11-20 00:00	0.91702	0.91807	0.91617	0.91632	4755
2011-11-21 00:00	0.91632	0.92092	0.91399	0.91769	176482
2011-11-22 00:00	0.91767	0.91858	0.91070	0.91333	163802
2011-11-23 00:00	0.91334	0.92133	0.91275	0.91975	178913
2011-11-24 00:00	0.91981	0.92156	0.91534	0.92057	127163
2011-11-25 00:00	0.92052	0.93303	0.92045	0.92947	147603
2011-11-27 00:00	0.92758	0.92862	0.92681	0.92766	8080
2011-11-28 00:00	0.92764	0.93068	0.91753	0.92273	161800
2011-11-29 00:00	0.92275	0.92440	0.91391	0.92122	177025
2011-11-30 00:00	0.92122	0.92514	0.90654	0.91373	174431
2011-12-01 00:00	0.91373	0.91896	0.90709	0.91549	161957
2011-12-02 00:00	0.91549	0.92416	0.91096	0.92144	140833
2011-12-04 00:00	0.92056	0.92257	0.91979	0.92019	6788
2011-12-05 00:00	0.92016	0.92314	0.91649	0.92150	162789
2011-12-06 00:00	0.92150	0.92960	0.92064	0.92521	164252
2011-12-07 00:00	0.92521	0.92880	0.92270	0.92421	159216
2011-12-08 00:00	0.92425	0.92902	0.91762	0.92560	171009
2011-12-09 00:00	0.92562	0.92842	0.91816	0.92315	167745
2011-12-11 00:00	0.92505	0.92644	0.92474	0.92567	5520
2011-12-12 00:00	0.92567	0.93876	0.92474	0.93863	185501
2011-12-13 00:00	0.93860	0.94776	0.93414	0.94625	197994
2011-12-14 00:00	0.94625	0.95395	0.94291	0.95385	190299
2011-12-15 00:00	0.95385	0.95471	0.93880	0.93952	201745
2011-12-16 00:00	0.93950	0.94144	0.93513	0.93592	177440
2011-12-18 00:00	0.93615	0.93673	0.93595	0.93634	3663
2011-12-19 00:00	0.93634	0.93994	0.93478	0.93679	186285
2011-12-20 00:00	0.93685	0.93806	0.92671	0.93141	170143
2011-12-21 00:00	0.93145	0.93930	0.92422	0.93631	183892
2011-12-22 00:00	0.93630	0.93994	0.93062	0.93539	160621
2011-12-23 00:00	0.93541	0.93880	0.93338	0.93633	128851
2011-12-25 00:00	0.93697	0.93848	0.93538	0.93638	1780
2011-12-26 00:00	0.93638	0.93707	0.93379	0.93659	19724
2011-12-27 00:00	0.93659	0.93825	0.93321	0.93418	87616
2011-12-28 00:00	0.93417	0.94409	0.93200	0.94343	160978
2011-12-29 00:00	0.94343	0.94701	0.93947	0.94021	178006
2011-12-30 00:00	0.94022	0.94268	0.93404	0.93868	151517
2012-01-01 00:00	0.93836	0.93966	0.93767	0.93789	1664
2012-01-02 00:00	0.93797	0.94117	0.93452	0.93938	36573
2012-01-03 00:00	0.93938	0.94003	0.93035	0.93177	193761
2012-01-04 00:00	0.93177	0.94485	0.93166	0.94218	212859
2012-01-05 00:00	0.94218	0.95374	0.94139	0.95229	221605
2012-01-06 00:00	0.95229	0.95784	0.95054	0.95510	187525
2012-01-08 00:00	0.95732	0.95944	0.95630	0.95833	7085
2012-01-09 00:00	0.95833	0.95837	0.94763	0.94809	218830
2012-01-10 00:00	0.94809	0.95140	0.94647	0.95060	202325
2012-01-11 00:00	0.95061	0.95664	0.94822	0.95331	217313
2012-01-12 00:00	0.95331	0.95451	0.94112	0.94401	212269
2012-01-13 00:00	0.94386	0.95741	0.94065	0.95170	230533
2012-01-15 00:00	0.95490	0.95525	0.95398	0.95405	7281
2012-01-16 00:00	0.95405	0.95749	0.95250	0.95550	176643
2012-01-17 00:00	0.95550	0.95559	0.94472	0.94896	214439
2012-01-18 00:00	0.94895	0.94963	0.93826	0.93875	221034
2012-01-19 00:00	0.93875	0.94118	0.93162	0.93247	215307
2012-01-20 00:00	0.93246	0.93696	0.93062	0.93431	188815
2012-01-22 00:00	0.93743	0.93796	0.93650	0.93700	4639
2012-01-23 00:00	0.93700	0.93749	0.92515	0.92674	183074
2012-01-24 00:00	0.92673	0.93110	0.92345	0.92757	190550
2012-01-25 00:00	0.92758	0.93386	0.92039	0.92183	200042
2012-01-26 00:00	0.92183	0.92282	0.91560	0.92170	190230
2012-01-27 00:00	0.92170	0.92282	0.91096	0.91199	189008
2012-01-29 00:00	0.91162	0.91336	0.91162	0.91324	3870
2012-01-30 00:00	0.91324	0.92092	0.91304	0.91754	187424
2012-01-31 00:00	0.91754	0.92275	0.91223	0.92036	214182
2012-02-01 00:00	0.92036	0.92494	0.91145	0.91445	219213
2012-02-02 00:00	0.91445	0.92072	0.91300	0.91748	187867
2012-02-03 00:00	0.91751	0.92337	0.91275	0.91786	180236
2012-02-05 00:00	0.92011	0.92054	0.91899	0.91920	5602
2012-02-06 00:00	0.91920	0.92625	0.91782	0.91947	167909
2012-02-07 00:00	0.91947	0.92267	0.91090	0.91228	178237
2012-02-08 00:00	0.91231	0.91513	0.91060	0.91335	176587
2012-02-09 00:00	0.91335	0.91466	0.90887	0.91217	179639
2012-02-10 00:00	0.91217	0.92001	0.91024	0.91644	153786
2012-02-12 00:00	0.91477	0.91554	0.91185	0.91357	8958
2012-02-13 00:00	0.91357	0.91909	0.91026	0.91859	164882
2012-02-14 00:00	0.91859	0.92292	0.91425	0.91969	167774
2012-02-15 00:00	0.91968	0.92510	0.91551	0.92441	182927
2012-02-16 00:00	0.92440	0.93000	0.91753	0.91916	185334
2012-02-17 00:00	0.91916	0.92064	0.91594	0.91991	139090
2012-02-19 00:00	0.91734	0.91787	0.91361	0.91482	8596
2012-02-20 00:00	0.91482	0.91640	0.90869	0.91350	118763
2012-02-21 00:00	0.91350	0.91488	0.90825	0.91160	175663
2012-02-22 00:00	0.91160	0.91373	0.90966	0.91015	159509
2012-02-23 00:00	0.91015	0.91139	0.90080	0.90093	166561
2012-02-24 00:00	0.90093	0.90268	0.89307	0.89582	149480
2012-02-26 00:00	0.89463	0.89523	0.89360	0.89425	7954
2012-02-27 00:00	0.89425	0.90107	0.89425	0.89851	168250
2012-02-28 00:00	0.89851	0.90016	0.89408	0.89412	182555
2012-02-29 00:00	0.89410	0.90519	0.89355	0.90468	204297
2012-03-01 00:00	0.90467	0.90722	0.90210	0.90501	190549
2012-03-02 00:00	0.90503	0.91490	0.90459	0.91386	168404
2012-03-04 00:00	0.91425	0.91485	0.91364	0.91473	5383
2012-03-05 00:00	0.91475	0.91619	0.91058	0.91185	175505
2012-03-06 00:00	0.91185	0.91960	0.91140	0.91866	195808
2012-03-07 00:00	0.91864	0.92014	0.91561	0.91701	166298
2012-03-08 00:00	0.91701	0.91752	0.90709	0.90834	164224
2012-03-09 00:00	0.90836	0.92066	0.90831	0.91858	166187
2012-03-11 00:00	0.91974	0.91993	0.91880	0.91907	2939
2012-03-12 00:00	0.91907	0.92183	0.91512	0.91528	140368
2012-03-13 00:00	0.91529	0.92493	0.91398	0.92360	162993
2012-03-14 00:00	0.92359	0.93311	0.92315	0.93159	171407
2012-03-15 00:00	0.93159	0.93346	0.92012	0.92334	165943
2012-03-16 00:00	0.92334	0.92537	0.91506	0.91526	138704
2012-03-18 00:00	0.91539	0.91574	0.91500	0.91567	5633
2012-03-19 00:00	0.91567	0.91776	0.90912	0.91172	133196
2012-03-20 00:00	0.91172	0.91529	0.90996	0.91110	153207
2012-03-21 00:00	0.91108	0.91483	0.90768	0.91222	156515
2012-03-22 00:00	0.91222	0.91782	0.90947	0.91299	174989
2012-03-23 00:00	0.91299	0.91393	0.90664	0.90781	155759
2012-03-25 00:00	0.90764	0.90815	0.90696	0.90724	4384
2012-03-26 00:00	0.90724	0.91361	0.90219	0.90305	167802
2012-03-27 00:00	0.90305	0.90529	0.90159	0.90448	156395
2012-03-28 00:00	0.90448	0.90814	0.90160	0.90454	164326
2012-03-29 00:00	0.90454	0.90930	0.90323	0.90541	170140
2012-03-30 00:00	0.90541	0.90564	0.90084	0.90199	152024
2012-04-01 00:00	0.90084	0.90141	0.90030	0.90132	5249
2012-04-02 00:00	0.90132	0.90710	0.90014	0.90291	156071
2012-04-03 00:00	0.90290	0.91144	0.90034	0.91100	162425
2012-04-04 00:00	0.91098	0.91825	0.91004	0.91552	172217
2012-04-05 00:00	0.91552	0.92221	0.91429	0.92005	140089
2012-04-06 00:00	0.91999	0.92057	0.91602	0.91657	50384
2012-04-08 00:00	0.91642	0.91951	0.91582	0.91793	5151
2012-04-09 00:00	0.91793	0.92164	0.91506	0.91712	92701
2012-04-10 00:00	0.91712	0.92102	0.91453	0.91891	177644
2012-04-11 00:00	0.91895	0.91938	0.91288	0.91718	171131
2012-04-12 00:00	0.91719	0.91784	0.90910	0.91119	170752
2012-04-13 00:00	0.91119	0.92018	0.91032	0.91921	152594
2012-04-15 00:00	0.92011	0.92188	0.91966	0.92178	6990
2012-04-16 00:00	0.92177	0.92513	0.91400	0.91563	192826
2012-04-17 00:00	0.91564	0.91819	0.91246	0.91460	170976
2012-04-18 00:00	0.91460	0.92099	0.91435	0.91623	173809
2012-04-19 00:00	0.91623	0.91953	0.91275	0.91461	184336
2012-04-20 00:00	0.91459	0.91544	0.90823	0.90877	170848
2012-04-22 00:00	0.91112	0.91112	0.90957	0.90966	4608
2012-04-23 00:00	0.90966	0.91719	0.90950	0.91382	157668
2012-04-24 00:00	0.91382	0.91420	0.90905	0.91060	154388
2012-04-25 00:00	0.91060	0.91212	0.90781	0.90813	163488
2012-04-26 00:00	0.90814	0.91169	0.90578	0.91085	157259
2012-04-27 00:00	0.91088	0.91332	0.90515	0.90621	161157
2012-04-29 00:00	0.90725	0.90738	0.90661	0.90715	4986
2012-04-30 00:00	0.90715	0.90966	0.90554	0.90746	141709
2012-05-01 00:00	0.90747	0.90994	0.90423	0.90759	108719
2012-05-02 00:00	0.90760	0.91569	0.90754	0.91378	154690
2012-05-03 00:00	0.91376	0.91737	0.91143	0.91338	141270
2012-05-04 00:00	0.91343	0.91840	0.91147	0.91804	140257
2012-05-06 00:00	0.92270	0.92698	0.92127	0.92657	15567
2012-05-07 00:00	0.92657	0.92657	0.91945	0.91989	159822
2012-05-08 00:00	0.91992	0.92509	0.91983	0.92437	173178
2012-05-09 00:00	0.92437	0.93015	0.92366	0.92850	207246
2012-05-10 00:00	0.92850	0.92926	0.92564	0.92868	181917
2012-05-11 00:00	0.92868	0.93063	0.92708	0.92970	169660
2012-05-13 00:00	0.93062	0.93228	0.92959	0.93137	11043
2012-05-14 00:00	0.93135	0.93706	0.93078	0.93615	195436
2012-05-15 00:00	0.93614	0.94402	0.93339	0.94308	220998
2012-05-16 00:00	0.94306	0.94702	0.94136	0.94329	244426
2012-05-17 00:00	0.94326	0.94820	0.94200	0.94582	224908
2012-05-18 00:00	0.94582	0.94999	0.93867	0.93942	225240
2012-05-20 00:00	0.94062	0.94214	0.93919	0.94039	10422
2012-05-21 00:00	0.94038	0.94377	0.93677	0.93742	213565
2012-05-22 00:00	0.93740	0.94915	0.93727	0.94854	229259
2012-05-23 00:00	0.94854	0.95724	0.94661	0.95607	259099
2012-05-24 00:00	0.95605	0.95949	0.95339	0.95867	251987
2012-05-25 00:00	0.95865	0.96105	0.95403	0.95885	196103
2012-05-27 00:00	0.95587	0.95710	0.95582	0.95630	10017
2012-05-28 00:00	0.95630	0.96018	0.95285	0.95988	135961
2012-05-29 00:00	0.95986	0.96374	0.95587	0.96254	214281
2012-05-30 00:00	0.96254	0.97169	0.96187	0.97073	241867
2012-05-31 00:00	0.97074	0.97358	0.96657	0.97148	229643
2012-06-01 00:00	0.97150	0.97710	0.96394	0.96576	242219
2012-06-03 00:00	0.96700	0.96889	0.96511	0.96869	12117
2012-06-04 00:00	0.96868	0.96957	0.95877	0.95886	204202
2012-06-05 00:00	0.95887	0.96762	0.95765	0.96377	217770
2012-06-06 00:00	0.96377	0.96507	0.95397	0.95498	252564
2012-06-07 00:00	0.95497	0.95776	0.95134	0.95555	219513
2012-06-08 00:00	0.95554	0.96573	0.95523	0.95934	211140
2012-06-10 00:00	0.95009	0.95092	0.94757	0.94980	15252
2012-06-11 00:00	0.94980	0.96457	0.94979	0.96255	221737
2012-06-12 00:00	0.96257	0.96500	0.95841	0.96070	225980
2012-06-13 00:00	0.96090	0.96276	0.95219	0.95517	225328
2012-06-14 00:00	0.95513	0.95734	0.95030	0.95111	218993
2012-06-15 00:00	0.95112	0.95373	0.94796	0.94958	188044
2012-06-17 00:00	0.94553	0.94590	0.94214	0.94546	10744
2012-06-18 00:00	0.94547	0.95633	0.94398	0.95338	208289
2012-06-19 00:00	0.95338	0.95545	0.94325	0.94712	229470
2012-06-20 00:00	0.94712	0.95009	0.94238	0.94720	212988
2012-06-21 00:00	0.94720	0.95830	0.94569	0.95700	232553
2012-06-22 00:00	0.95699	0.95916	0.95431	0.95531	182510
2012-06-24 00:00	0.95677	0.95813	0.95625	0.95788	6037
2012-06-25 00:00	0.95789	0.96288	0.95733	0.96051	175834
2012-06-26 00:00	0.96050	0.96518	0.95840	0.96181	191865
2012-06-27 00:00	0.96181	0.96498	0.96011	0.96304	172929
2012-06-28 00:00	0.96301	0.96783	0.95906	0.96522	204120
2012-06-29 00:00	0.96522	0.96590	0.94630	0.94791	221061
2012-07-01 00:00	0.94723	0.94995	0.94723	0.94964	10235
2012-07-02 00:00	0.94962	0.95586	0.94835	0.95477	174798
2012-07-03 00:00	0.95477	0.95632	0.95118	0.95284	149577
2012-07-04 00:00	0.95286	0.96044	0.95269	0.95969	114106
2012-07-05 00:00	0.95966	0.97151	0.95804	0.96923	177032
2012-07-06 00:00	0.96924	0.97940	0.96850	0.97734	164069
2012-07-08 00:00	0.97904	0.97993	0.97800	0.97877	9556
2012-07-09 00:00	0.97877	0.97886	0.97443	0.97501	162574
2012-07-10 00:00	0.97498	0.98149	0.97371	0.97988	158516
2012-07-11 00:00	0.97988	0.98313	0.97668	0.98067	153366
2012-07-12 00:00	0.98067	0.98697	0.98063	0.98519	161544
2012-07-13 00:00	0.98517	0.98725	0.97980	0.98028	142964
2012-07-15 00:00	0.97877	0.98079	0.97850	0.98060	5310
2012-07-16 00:00	0.98060	0.98632	0.97726	0.97907	148463
2012-07-17 00:00	0.97907	0.98518	0.97509	0.97689	167977
2012-07-18 00:00	0.97687	0.98294	0.97600	0.97818	163783
2012-07-19 00:00	0.97817	0.98203	0.97467	0.97831	167127
2012-07-20 00:00	0.97830	0.98872	0.97774	0.98761	157089
2012-07-22 00:00	0.99055	0.99118	0.98987	0.99022	10745
2012-07-23 00:00	0.99022	0.99513	0.98878	0.99053	190486
2012-07-24 00:00	0.99053	0.99715	0.98942	0.99561	187991
2012-07-25 00:00	0.99562	0.99630	0.98676	0.98927	190581
2012-07-26 00:00	0.98926	0.99102	0.97410	0.97809	189324
2012-07-27 00:00	0.97811	0.98084	0.96947	0.97479	198562
2012-07-29 00:00	0.97634	0.97660	0.97554	0.97616	5832
2012-07-30 00:00	0.97616	0.98233	0.97595	0.97968	176132
2012-07-31 00:00	0.97968	0.98051	0.97412	0.97703	180762
2012-08-01 00:00	0.97701	0.98331	0.97369	0.98141	159736
2012-08-02 00:00	0.98142	0.98981	0.96897	0.98638	178748
2012-08-03 00:00	0.98640	0.98726	0.96944	0.97011	170091
2012-08-05 00:00	0.96867	0.97030	0.96562	0.96679	11467
2012-08-06 00:00	0.96680	0.97393	0.96654	0.96950	160693
2012-08-07 00:00	0.96950	0.97058	0.96576	0.97000	145876
2012-08-08 00:00	0.97000	0.97442	0.96860	0.97089	144234
2012-08-09 00:00	0.97090	0.97897	0.96975	0.97697	144395
2012-08-10 00:00	0.97697	0.98093	0.97488	0.97686	133188
2012-08-12 00:00	0.97691	0.97838	0.97674	0.97835	5626
2012-08-13 00:00	0.97836	0.97943	0.97057	0.97433	145886
2012-08-14 00:00	0.97433	0.97518	0.96967	0.97457	132307
2012-08-15 00:00	0.97458	0.97920	0.97312	0.97728	117172
2012-08-16 00:00	0.97726	0.97988	0.97062	0.97198	124936
2012-08-17 00:00	0.97190	0.97726	0.96996	0.97360	114658
2012-08-19 00:00	0.97236	0.97433	0.97206	0.97400	6059
2012-08-20 00:00	0.97398	0.97672	0.97100	0.97237	121221
2012-08-21 00:00	0.97239	0.97272	0.96157	0.96260	151769
2012-08-22 00:00	0.96258	0.96595	0.95736	0.95817	149164
2012-08-23 00:00	0.95818	0.95894	0.95381	0.95608	160292
2012-08-24 00:00	0.95609	0.96213	0.95564	0.95960	142366
2012-08-26 00:00	0.95953	0.96046	0.95884	0.96033	6884
2012-08-27 00:00	0.96033	0.96147	0.95802	0.96074	85732
2012-08-28 00:00	0.96074	0.96349	0.95479	0.95534	144726
2012-08-29 00:00	0.95532	0.95926	0.95517	0.95841	130031
2012-08-30 00:00	0.95841	0.96169	0.95584	0.96002	127450
2012-08-31 00:00	0.96002	0.96115	0.95019	0.95475	153669
2012-09-02 00:00	0.95502	0.95543	0.95397	0.95496	6442
2012-09-03 00:00	0.95498	0.95605	0.95218	0.95412	103406
2012-09-04 00:00	0.95412	0.95891	0.95086	0.95822	136166
2012-09-05 00:00	0.95825	0.96076	0.95295	0.95555	157746
2012-09-06 00:00	0.95555	0.95968	0.95185	0.95382	157946
2012-09-07 00:00	0.95382	0.95800	0.94337	0.94398	137803
2012-09-09 00:00	0.94326	0.94596	0.94293	0.94537	6500
2012-09-10 00:00	0.94541	0.94832	0.94358	0.94639	117903
2012-09-11 00:00	0.94639	0.94667	0.93780	0.93915	134656
2012-09-12 00:00	0.93915	0.94043	0.93409	0.93713	142996
2012-09-13 00:00	0.93715	0.94185	0.93467	0.93496	145264
2012-09-14 00:00	0.93496	0.93529	0.92384	0.92708	143785
2012-09-16 00:00	0.92615	0.92750	0.92544	0.92635	6098
2012-09-17 00:00	0.92636	0.92961	0.92459	0.92721	129461
2012-09-18 00:00	0.92719	0.92968	0.92452	0.92819	142336
2012-09-19 00:00	0.92819	0.93068	0.92579	0.92627	149186
2012-09-20 00:00	0.92627	0.93556	0.92623	0.93231	149596
2012-09-21 00:00	0.93231	0.93438	0.92845	0.93316	135860
2012-09-23 00:00	0.93256	0.93403	0.93172	0.93314	6291
2012-09-24 00:00	0.93314	0.93913	0.93294	0.93464	117305
2012-09-25 00:00	0.93464	0.93839	0.93278	0.93760	136136
2012-09-26 00:00	0.93758	0.94172	0.93675	0.93913	131816
2012-09-27 00:00	0.93915	0.94166	0.93602	0.93726	123936
2012-09-28 00:00	0.93726	0.94145	0.93348	0.93975	136488
2012-09-30 00:00	0.94039	0.94352	0.93943	0.94337	9214
2012-10-01 00:00	0.94337	0.94374	0.93518	0.93831	138097
2012-10-02 00:00	0.93831	0.93879	0.93324	0.93698	128786
2012-10-03 00:00	0.93698	0.93982	0.93551	0.93730	135298
2012-10-04 00:00	0.93730	0.93829	0.92946	0.93097	145842
2012-10-05 00:00	0.93097	0.93231	0.92750	0.92923	130171
2012-10-07 00:00	0.92950	0.93121	0.92921	0.93101	6196
2012-10-08 00:00	0.93101	0.93573	0.93099	0.93272	117827
2012-10-09 00:00	0.93274	0.94243	0.93223	0.94189	151474
2012-10-10 00:00	0.94191	0.94314	0.93741	0.94001	150341
2012-10-11 00:00	0.93997	0.94181	0.93365	0.93493	137308
2012-10-12 00:00	0.93492	0.93566	0.93058	0.93330	122562
2012-10-14 00:00	0.93292	0.93493	0.93246	0.93480	5570
2012-10-15 00:00	0.93481	0.93710	0.93161	0.93193	125556
2012-10-16 00:00	0.93194	0.93327	0.92144	0.92294	138300
2012-10-17 00:00	0.92294	0.92476	0.92140	0.92241	146166
2012-10-18 00:00	0.92241	0.92561	0.92150	0.92457	133840
2012-10-19 00:00	0.92458	0.92895	0.92413	0.92829	118202
2012-10-21 00:00	0.92802	0.92877	0.92746	0.92798	4990
2012-10-22 00:00	0.92800	0.92880	0.92487	0.92626	122511
2012-10-23 00:00	0.92626	0.93426	0.92626	0.93292	132871
2012-10-24 00:00	0.93291	0.93613	0.93139	0.93284	141305
2012-10-25 00:00	0.93285	0.93563	0.92903	0.93505	140590
2012-10-26 00:00	0.93504	0.93858	0.93329	0.93457	135727
2012-10-28 00:00	0.93428	0.93604	0.93369	0.93591	4331
2012-10-29 00:00	0.93589	0.93803	0.93440	0.93617	96773
2012-10-30 00:00	0.93616	0.93745	0.92999	0.93226	108141
2012-10-31 00:00	0.93225	0.93327	0.92762	0.93136	129114
2012-11-01 00:00	0.93136	0.93419	0.92954	0.93152	119106
2012-11-02 00:00	0.93152	0.94142	0.93151	0.94025	129942
2012-11-04 00:00	0.94129	0.94148	0.94011	0.94143	3529
2012-11-05 00:00	0.94141	0.94484	0.93988	0.94321	128536
2012-11-06 00:00	0.94319	0.94558	0.94194	0.94331	126928
2012-11-07 00:00	0.94332	0.94710	0.93807	0.94559	176797
2012-11-08 00:00	0.94558	0.94813	0.94404	0.94636	151162
2012-11-09 00:00	0.94634	0.94983	0.94284	0.94858	131415
2012-11-11 00:00	0.94825	0.94861	0.94680	0.94798	2848
2012-11-12 00:00	0.94798	0.94949	0.94682	0.94840	88384
2012-11-13 00:00	0.94840	0.95121	0.94655	0.94714	131760
2012-11-14 00:00	0.94714	0.94747	0.94224	0.94547	122252
2012-11-15 00:00	0.94547	0.94627	0.94031	0.94233	111641
2012-11-16 00:00	0.94235	0.94908	0.94214	0.94530	112456
2012-11-18 00:00	0.94467	0.94552	0.94410	0.94431	4058
2012-11-19 00:00	0.94431	0.94554	0.93938	0.94275	107954
2012-11-20 00:00	0.94275	0.94288	0.93915	0.94023	113086
2012-11-21 00:00	0.94023	0.94580	0.93568	0.93642	114300
2012-11-22 00:00	0.93642	0.93848	0.93372	0.93537	87769
2012-11-23 00:00	0.93536	0.93580	0.92647	0.92778	95878
2012-11-25 00:00	0.92796	0.92855	0.92770	0.92791	4326
2012-11-26 00:00	0.92791	0.92998	0.92528	0.92659	101653
2012-11-27 00:00	0.92659	0.93245	0.92567	0.93057	113027
2012-11-28 00:00	0.93056	0.93407	0.92839	0.92938	120145
2012-11-29 00:00	0.92935	0.93032	0.92530	0.92794	97855
2012-11-30 00:00	0.92793	0.92917	0.92452	0.92797	109798
2012-12-02 00:00	0.92794	0.92794	0.92710	0.92732	5319
2012-12-03 00:00	0.92732	0.92752	0.92408	0.92470	101946
2012-12-04 00:00	0.92470	0.92931	0.92445	0.92643	101327
2012-12-05 00:00	0.92645	0.92989	0.92500	0.92655	111391
2012-12-06 00:00	0.92655	0.93395	0.92555	0.93269	120873
2012-12-07 00:00	0.93269	0.93824	0.93124	0.93427	110793
2012-12-09 00:00	0.93688	0.93705	0.93560	0.93582	5077
2012-12-10 00:00	0.93582	0.93694	0.93260	0.93366	96791
2012-12-11 00:00	0.93366	0.93688	0.93138	0.93152	110487
2012-12-12 00:00	0.93152	0.93261	0.92433	0.92665	105885
2012-12-13 00:00	0.92665	0.92750	0.92253	0.92372	109144
2012-12-14 00:00	0.92372	0.92472	0.91664	0.91725	103645
2012-12-16 00:00	0.91646	0.91834	0.91546	0.91817	7820
2012-12-17 00:00	0.91818	0.91943	0.91660	0.91787	90919
2012-12-18 00:00	0.91787	0.91857	0.91207	0.91311	93933
2012-12-19 00:00	0.91309	0.91538	0.90873	0.91362	108525
2012-12-20 00:00	0.91362	0.91473	0.90833	0.91207	105218
2012-12-21 00:00	0.91207	0.91784	0.91196	0.91544	114514
2012-12-23 00:00	0.91617	0.91664	0.91581	0.91617	3799
2012-12-24 00:00	0.91620	0.91708	0.91254	0.91604	61612
2012-12-25 00:00	0.91596	0.91704	0.91263	0.91587	36837
2012-12-26 00:00	0.91587	0.91672	0.91113	0.91312	74415
2012-12-27 00:00	0.91313	0.91565	0.90954	0.91252	94337
2012-12-28 00:00	0.91252	0.91814	0.91170	0.91337	97665
2012-12-30 00:00	0.91282	0.91354	0.91246	0.91268	3341
2012-12-31 00:00	0.91266	0.91778	0.91202	0.91778	96155
2013-01-01 00:00	0.91450	0.91575	0.91376	0.91538	4888
2013-01-02 00:00	0.91536	0.91990	0.90770	0.91787	139560
2013-01-03 00:00	0.91787	0.92816	0.91745	0.92814	122051
2013-01-04 00:00	0.92814	0.93028	0.92312	0.92453	119506
2013-01-06 00:00	0.92436	0.92556	0.92399	0.92472	3354
2013-01-07 00:00	0.92476	0.92863	0.92033	0.92084	106951
2013-01-08 00:00	0.92085	0.92567	0.92005	0.92381	112117
2013-01-09 00:00	0.92380	0.92729	0.92310	0.92598	112762
2013-01-10 00:00	0.92598	0.92681	0.91283	0.91407	140314
2013-01-11 00:00	0.91407	0.91781	0.91103	0.91346	132685
2013-01-13 00:00	0.91224	0.91429	0.91224	0.91381	6449
2013-01-14 00:00	0.91382	0.92285	0.91193	0.92264	134814
2013-01-15 00:00	0.92263	0.93321	0.92111	0.93140	167142
2013-01-16 00:00	0.93144	0.93289	0.92857	0.93128	143430
2013-01-17 00:00	0.93127	0.93597	0.92975	0.93314	154004
2013-01-18 00:00	0.93314	0.93883	0.93040	0.93400	153750
2013-01-20 00:00	0.93426	0.93477	0.93383	0.93405	4333
2013-01-21 00:00	0.93406	0.93491	0.93077	0.93456	102116
2013-01-22 00:00	0.93453	0.93462	0.92745	0.92948	156673
2013-01-23 00:00	0.92947	0.93153	0.92769	0.92995	124512
2013-01-24 00:00	0.92994	0.93243	0.92794	0.92944	139803
2013-01-25 00:00	0.92944	0.93065	0.92215	0.92625	144722
2013-01-27 00:00	0.92676	0.92872	0.92653	0.92694	7394
2013-01-28 00:00	0.92694	0.92921	0.92571	0.92628	127115
2013-01-29 00:00	0.92628	0.92674	0.91931	0.92221	133769
2013-01-30 00:00	0.92221	0.92267	0.90930	0.91106	145727
2013-01-31 00:00	0.91105	0.91202	0.90750	0.90911	133881
2013-02-01 00:00	0.90912	0.91086	0.90217	0.90804	157749
2013-02-03 00:00	0.90804	0.90871	0.90743	0.90828	7145
2013-02-04 00:00	0.90825	0.91168	0.90721	0.90886	128595
2013-02-05 00:00	0.90884	0.91157	0.90724	0.90792	149353
2013-02-06 00:00	0.90792	0.91492	0.90563	0.91008	148070
2013-02-07 00:00	0.91009	0.92007	0.90651	0.91865	153719
2013-02-08 00:00	0.91863	0.91894	0.91533	0.91690	122095
2013-02-10 00:00	0.91762	0.91794	0.91704	0.91736	8854
2013-02-11 00:00	0.91736	0.92130	0.91564	0.92068	133942
2013-02-12 00:00	0.92067	0.92141	0.91494	0.91661	137034
2013-02-13 00:00	0.91664	0.91961	0.91521	0.91739	121413
2013-02-14 00:00	0.91738	0.92455	0.91680	0.92224	134925
2013-02-15 00:00	0.92224	0.92409	0.92044	0.92169	123242
2013-02-17 00:00	0.92261	0.92327	0.92176	0.92311	5117
2013-02-18 00:00	0.92311	0.92576	0.92095	0.92322	105692
2013-02-19 00:00	0.92321	0.92488	0.92151	0.92216	105217
2013-02-20 00:00	0.92216	0.92855	0.91842	0.92807	123813
2013-02-21 00:00	0.92810	0.93325	0.92721	0.93071	137096
2013-02-22 00:00	0.93070	0.93281	0.92831	0.92945	123916
2013-02-24 00:00	0.92911	0.93140	0.92892	0.93050	10090
2013-02-25 00:00	0.93052	0.93383	0.92310	0.93168	203923
2013-02-26 00:00	0.93168	0.93349	0.92859	0.93163	212102
2013-02-27 00:00	0.93160	0.93320	0.92794	0.92870	181210
2013-02-28 00:00	0.92870	0.93732	0.92822	0.93704	152695
2013-03-01 00:00	0.93704	0.94626	0.93511	0.94242	162388
2013-03-03 00:00	0.94213	0.94276	0.94158	0.94216	6822
2013-03-04 00:00	0.94216	0.94400	0.94002	0.94031	122675
2013-03-05 00:00	0.94033	0.94332	0.93930	0.94120	128075
2013-03-06 00:00	0.94120	0.94889	0.94020	0.94853	122720
2013-03-07 00:00	0.94854	0.94884	0.94096	0.94240	152625
2013-03-08 00:00	0.94241	0.95516	0.94171	0.95093	140226
2013-03-10 00:00	0.95221	0.95291	0.95135	0.95239	10877
2013-03-11 00:00	0.95239	0.95256	0.94655	0.94831	120038
2013-03-12 00:00	0.94828	0.95042	0.94358	0.94715	140636
2013-03-13 00:00	0.94716	0.95323	0.94293	0.95260	128465
2013-03-14 00:00	0.95260	0.95664	0.94508	0.94696	142298
2013-03-15 00:00	0.94696	0.94759	0.93789	0.93828	134786
2013-03-17 00:00	0.94426	0.94557	0.94182	0.94517	20207
2013-03-18 00:00	0.94523	0.94864	0.94162	0.94725	158570
2013-03-19 00:00	0.94727	0.94909	0.94253	0.94767	163713
2013-03-20 00:00	0.94766	0.94807	0.94108	0.94474	147698
2013-03-21 00:00	0.94474	0.94819	0.94381	0.94631	164380
2013-03-22 00:00	0.94631	0.94741	0.93961	0.94091	143860
2013-03-24 00:00	0.94294	0.94344	0.93509	0.93867	12655
2013-03-25 00:00	0.93871	0.94965	0.93803	0.94831	164748
2013-03-26 00:00	0.94829	0.95045	0.94718	0.94811	124033
2013-03-27 00:00	0.94812	0.95533	0.94771	0.95394	120468
2013-03-28 00:00	0.95394	0.95480	0.94660	0.94923	118337
2013-03-29 00:00	0.94923	0.95114	0.94801	0.94885	59425
2013-03-31 00:00	0.94978	0.95058	0.94954	0.95014	4584
2013-04-01 00:00	0.95012	0.95265	0.94556	0.94640	70601
2013-04-02 00:00	0.94641	0.94969	0.94441	0.94869	125140
2013-04-03 00:00	0.94868	0.95201	0.94416	0.94486	112784
2013-04-04 00:00	0.94486	0.95260	0.93820	0.94062	155818
2013-04-05 00:00	0.94058	0.94332	0.93126	0.93446	125739
2013-04-07 00:00	0.93480	0.93527	0.93279	0.93381	8727
2013-04-08 00:00	0.93379	0.93609	0.93307	0.93420	110617
2013-04-09 00:00	0.93419	0.93663	0.93073	0.93239	123685
2013-04-10 00:00	0.93239	0.93362	0.92947	0.93333	109908
2013-04-11 00:00	0.93331	0.93396	0.92785	0.93006	116896
2013-04-12 00:00	0.93007	0.93320	0.92638	0.92746	111640
2013-04-14 00:00	0.92684	0.92843	0.92640	0.92840	5351
2013-04-15 00:00	0.92839	0.93275	0.92682	0.93008	150577
2013-04-16 00:00	0.93007	0.93265	0.92076	0.92227	152597
2013-04-17 00:00	0.92227	0.93385	0.92059	0.93253	165294
2013-04-18 00:00	0.93253	0.93344	0.92891	0.93236	160954
2013-04-19 00:00	0.93235	0.93424	0.92761	0.93358	141981
2013-04-21 00:00	0.93163	0.93347	0.93157	0.93335	5858
2013-04-22 00:00	0.93336	0.93707	0.93145	0.93444	122402
2013-04-23 00:00	0.93444	0.94600	0.93270	0.94576	148851
2013-04-24 00:00	0.94576	0.94985	0.94434	0.94739	127054
2013-04-25 00:00	0.94738	0.94839	0.94220	0.94523	131008
2013-04-26 00:00	0.94523	0.94558	0.94019	0.94232	124827
2013-04-28 00:00	0.94071	0.94243	0.93995	0.94220	8231
2013-04-29 00:00	0.94221	0.94294	0.93540	0.93729	115235
2013-04-30 00:00	0.93729	0.93839	0.92781	0.92941	132169
2013-05-01 00:00	0.92941	0.93089	0.92467	0.92700	110241
2013-05-02 00:00	0.92698	0.93623	0.92664	0.93470	142741
2013-05-03 00:00	0.93470	0.93991	0.93023	0.93532	139614
2013-05-05 00:00	0.93492	0.93565	0.93453	0.93541	6014
2013-05-06 00:00	0.93539	0.93968	0.93382	0.93858	89567
2013-05-07 00:00	0.93858	0.94363	0.93664	0.94088	111913
2013-05-08 00:00	0.94088	0.94106	0.93367	0.93504	121622
2013-05-09 00:00	0.93504	0.94984	0.93334	0.94958	136423
2013-05-10 00:00	0.94954	0.96277	0.94758	0.95671	166312
2013-05-12 00:00	0.95847	0.95955	0.95797	0.95866	8588
2013-05-13 00:00	0.95867	0.95952	0.95469	0.95625	143669
2013-05-14 00:00	0.95625	0.96741	0.95208	0.96529	168381
2013-05-15 00:00	0.96530	0.97473	0.96424	0.96536	165064
2013-05-16 00:00	0.96539	0.97081	0.95777	0.96470	151472
2013-05-17 00:00	0.96470	0.97604	0.96364	0.97209	133355
2013-05-19 00:00	0.97003	0.97188	0.96861	0.97058	6218
2013-05-20 00:00	0.97059	0.97173	0.96476	0.96681	119968
2013-05-21 00:00	0.96681	0.97504	0.96549	0.96922	151256
2013-05-22 00:00	0.96923	0.98384	0.96787	0.98029	190252
2013-05-23 00:00	0.98027	0.98172	0.96328	0.97027	199801
2013-05-24 00:00	0.97027	0.97166	0.95900	0.96129	140316
2013-05-26 00:00	0.96153	0.96246	0.96073	0.96172	7550
2013-05-27 00:00	0.96172	0.96475	0.95920	0.96298	82082
2013-05-28 00:00	0.96298	0.97802	0.96296	0.97709	150962
2013-05-29 00:00	0.97709	0.97899	0.95994	0.96132	186667
2013-05-30 00:00	0.96132	0.96505	0.95250	0.95361	176487
2013-05-31 00:00	0.95358	0.96244	0.95110	0.95476	162712
2013-06-02 00:00	0.95565	0.95807	0.95518	0.95695	8247
2013-06-03 00:00	0.95695	0.96240	0.94077	0.94777	163071
2013-06-04 00:00	0.94777	0.95199	0.94528	0.94830	157596
2013-06-05 00:00	0.94830	0.94933	0.93946	0.94220	171457
2013-06-06 00:00	0.94220	0.94385	0.92249	0.92953	188059
2013-06-07 00:00	0.92953	0.93737	0.92490	0.93587	177858
2013-06-09 00:00	0.93660	0.93769	0.93570	0.93736	7572
2013-06-10 00:00	0.93736	0.94182	0.93180	0.93433	146554
2013-06-11 00:00	0.93434	0.93490	0.92217	0.92520	177326
2013-06-12 00:00	0.92520	0.92863	0.91729	0.91985	161221
2013-06-13 00:00	0.91985	0.92584	0.91298	0.92344	183259
2013-06-14 00:00	0.92344	0.92696	0.91956	0.92100	143057
2013-06-16 00:00	0.92117	0.92240	0.92075	0.92155	4291
2013-06-17 00:00	0.92155	0.92714	0.92144	0.92225	112557
2013-06-18 00:00	0.92223	0.92620	0.91756	0.92021	126896
2013-06-19 00:00	0.92021	0.93214	0.91799	0.92916	133863
2013-06-20 00:00	0.92918	0.93605	0.92507	0.92624	196011
2013-06-21 00:00	0.92625	0.93678	0.92416	0.93427	140877
2013-06-23 00:00	0.93610	0.93692	0.93484	0.93675	6840
2013-06-24 00:00	0.93675	0.93804	0.93122	0.93235	157778
2013-06-25 00:00	0.93236	0.94074	0.93187	0.93915	138510
2013-06-26 00:00	0.93915	0.94431	0.93724	0.94219	138245
2013-06-27 00:00	0.94219	0.94875	0.94060	0.94527	132099
2013-06-28 00:00	0.94529	0.94746	0.94110	0.94479	128778
2013-06-30 00:00	0.94557	0.94566	0.94378	0.94551	9090
2013-07-01 00:00	0.94551	0.95031	0.94389	0.94479	107618
2013-07-02 00:00	0.94479	0.95291	0.94464	0.95130	112836
2013-07-03 00:00	0.95130	0.95229	0.94466	0.94596	133096
2013-07-04 00:00	0.94597	0.95839	0.94597	0.95814	107767
2013-07-05 00:00	0.95816	0.96604	0.95649	0.96313	122552
2013-07-07 00:00	0.96527	0.96651	0.96488	0.96602	9250
2013-07-08 00:00	0.96602	0.96662	0.96250	0.96440	100300
2013-07-09 00:00	0.96440	0.97508	0.96370	0.97365	129961
2013-07-10 00:00	0.97365	0.97444	0.94042	0.94727	152344
2013-07-11 00:00	0.94722	0.95351	0.94105	0.94757	167907
2013-07-12 00:00	0.94754	0.95135	0.94381	0.94620	107370
2013-07-14 00:00	0.94507	0.94684	0.94492	0.94672	4144
2013-07-15 00:00	0.94671	0.95339	0.94555	0.94835	132554
2013-07-16 00:00	0.94840	0.94950	0.93784	0.94034	134238
2013-07-17 00:00	0.94034	0.94453	0.93590	0.94123	134642
2013-07-18 00:00	0.94121	0.94775	0.94052	0.94442	112109
2013-07-19 00:00	0.94442	0.94613	0.93965	0.94087	97833
2013-07-21 00:00	0.94092	0.94152	0.93890	0.93945	3711
2013-07-22 00:00	0.93940	0.94075	0.93220	0.93586	204174
2013-07-23 00:00	0.93576	0.94065	0.93418	0.93487	215532
2013-07-24 00:00	0.93492	0.93882	0.93399	0.93793	229647
2013-07-25 00:00	0.93789	0.93945	0.92827	0.92985	226480
2013-07-26 00:00	0.92974	0.93045	0.92635	0.92831	202758
2013-07-28 00:00	0.92810	0.92900	0.92747	0.92810	13562
2013-07-29 00:00	0.92810	0.93218	0.92694	0.93099	93643
2013-07-30 00:00	0.93099	0.93239	0.92728	0.92949	105084
2013-07-31 00:00	0.92949	0.93367	0.92277	0.92617	144035
2013-08-01 00:00	0.92616	0.93719	0.92529	0.93651	129506
2013-08-02 00:00	0.93650	0.93892	0.92738	0.92890	115240
2013-08-04 00:00	0.92914	0.92983	0.92796	0.92917	4653
2013-08-05 00:00	0.92917	0.93323	0.92679	0.92740	99398
2013-08-06 00:00	0.92739	0.92960	0.92380	0.92509	108710
2013-08-07 00:00	0.92509	0.92882	0.92070	0.92121	120164
2013-08-08 00:00	0.92122	0.92289	0.91744	0.92009	110446
2013-08-09 00:00	0.92009	0.92291	0.91905	0.92230	79303
2013-08-11 00:00	0.92332	0.92404	0.92162	0.92202	7657
2013-08-12 00:00	0.92204	0.92843	0.92194	0.92644	80320
2013-08-13 00:00	0.92642	0.93480	0.92578	0.93274	110988
2013-08-14 00:00	0.93274	0.93771	0.93243	0.93378	100561
2013-08-15 00:00	0.93379	0.93958	0.92474	0.92540	140926
2013-08-16 00:00	0.92541	0.92875	0.92169	0.92608	114054
2013-08-18 00:00	0.92587	0.92779	0.92544	0.92714	4373
2013-08-19 00:00	0.92714	0.92848	0.92282	0.92443	97050
2013-08-20 00:00	0.92442	0.92506	0.91469	0.91700	118320
2013-08-21 00:00	0.91700	0.92360	0.91621	0.92339	121353
2013-08-22 00:00	0.92339	0.92895	0.92248	0.92351	108978
2013-08-23 00:00	0.92355	0.92631	0.91896	0.92176	113967
2013-08-25 00:00	0.92105	0.92175	0.92032	0.92103	3731
2013-08-26 00:00	0.92103	0.92462	0.92081	0.92204	66327
2013-08-27 00:00	0.92204	0.92286	0.91704	0.91716	110183
2013-08-28 00:00	0.91718	0.92349	0.91706	0.92270	112904
2013-08-29 00:00	0.92269	0.93210	0.92200	0.93122	117399
2013-08-30 00:00	0.93125	0.93321	0.92885	0.92989	99704
2013-09-01 00:00	0.93146	0.93289	0.93093	0.93251	5619
2013-09-02 00:00	0.93251	0.93496	0.93134	0.93470	73747
2013-09-03 00:00	0.93472	0.93825	0.93418	0.93637	100458
2013-09-04 00:00	0.93637	0.93822	0.93475	0.93582	90328
2013-09-05 00:00	0.93581	0.94546	0.93570	0.94498	112671
2013-09-06 00:00	0.94497	0.94552	0.93459	0.93731	103379
2013-09-08 00:00	0.93892	0.93917	0.93747	0.93882	4583
2013-09-09 00:00	0.93883	0.93913	0.93011	0.93264	79636
2013-09-10 00:00	0.93264	0.93664	0.93162	0.93487	84439
2013-09-11 00:00	0.93486	0.93708	0.92848	0.93009	95874
2013-09-12 00:00	0.93007	0.93345	0.92717	0.93086	97489
2013-09-13 00:00	0.93086	0.93410	0.92800	0.92955	85548
2013-09-15 00:00	0.92327	0.92521	0.92284	0.92517	7769
2013-09-16 00:00	0.92518	0.92778	0.92356	0.92687	76701
2013-09-17 00:00	0.92691	0.92788	0.92527	0.92600	70305
2013-09-18 00:00	0.92600	0.92680	0.91087	0.91238	114707
2013-09-19 00:00	0.91241	0.91314	0.90897	0.91053	116296
2013-09-20 00:00	0.91054	0.91266	0.90889	0.91003	103147
2013-09-22 00:00	0.90821	0.91085	0.90821	0.91085	3945
2013-09-23 00:00	0.91081	0.91296	0.90842	0.91045	94059
2013-09-24 00:00	0.91045	0.91356	0.90988	0.91333	80770
2013-09-25 00:00	0.91333	0.91372	0.90784	0.90995	79294
2013-09-26 00:00	0.90995	0.91169	0.90870	0.91020	78527
2013-09-27 00:00	0.91021	0.91104	0.90209	0.90554	78088
2013-09-29 00:00	0.90610	0.90675	0.90526	0.90530	5360
2013-09-30 00:00	0.90531	0.90683	0.90248	0.90541	85784
2013-10-01 00:00	0.90541	0.90750	0.89924	0.90654	109033
2013-10-02 00:00	0.90652	0.90772	0.89942	0.90198	107073
2013-10-03 00:00	0.90198	0.90332	0.89673	0.89888	99239
2013-10-04 00:00	0.89888	0.90816	0.89781	0.90706	89164
2013-10-06 00:00	0.90634	0.90687	0.90515	0.90540	3824
2013-10-07 00:00	0.90540	0.90624	0.90158	0.90286	79141
2013-10-08 00:00	0.90286	0.90656	0.90151	0.90196	99848
2013-10-09 00:00	0.90196	0.91277	0.90187	0.91062	136434
2013-10-10 00:00	0.91065	0.91308	0.90822	0.91097	106844
2013-10-11 00:00	0.91100	0.91315	0.90697	0.91130	91054
2013-10-13 00:00	0.90917	0.91051	0.90913	0.91003	4879
2013-10-14 00:00	0.91006	0.91218	0.90640	0.91126	75378
2013-10-15 00:00	0.91126	0.91779	0.90925	0.91366	124002
2013-10-16 00:00	0.91365	0.91752	0.90977	0.91426	137110
2013-10-17 00:00	0.91427	0.91460	0.90077	0.90316	134730
2013-10-18 00:00	0.90316	0.90366	0.90040	0.90148	85108
2013-10-20 00:00	0.90164	0.90232	0.90158	0.90219	5378
2013-10-21 00:00	0.90215	0.90447	0.90056	0.90256	81426
2013-10-22 00:00	0.90256	0.90392	0.89398	0.89500	104431
2013-10-23 00:00	0.89500	0.89656	0.89108	0.89239	104500
2013-10-24 00:00	0.89238	0.89279	0.88900	0.89230	113932
2013-10-25 00:00	0.89230	0.89650	0.88925	0.89228	123325
2013-10-27 00:00	0.89240	0.89296	0.89204	0.89264	4128
2013-10-28 00:00	0.89263	0.89626	0.89224	0.89558	98070
2013-10-29 00:00	0.89559	0.90024	0.89435	0.89952	113560
2013-10-30 00:00	0.89952	0.90238	0.89500	0.90030	132162
2013-10-31 00:00	0.90031	0.90756	0.89895	0.90733	140547
2013-11-01 00:00	0.90735	0.91377	0.90703	0.91199	130415
2013-11-03 00:00	0.91169	0.91265	0.91169	0.91247	3200
2013-11-04 00:00	0.91248	0.91516	0.90909	0.90985	76057
2013-11-05 00:00	0.90987	0.91472	0.90942	0.91364	100251
2013-11-06 00:00	0.91364	0.91389	0.90979	0.91188	99449
2013-11-07 00:00	0.91188	0.92496	0.91087	0.91666	166545
2013-11-08 00:00	0.91666	0.92465	0.91520	0.92096	188058
2013-11-10 00:00	0.92267	0.92313	0.92184	0.92297	5160
2013-11-11 00:00	0.92297	0.92297	0.91889	0.91941	110484
2013-11-12 00:00	0.91941	0.92260	0.91548	0.91728	175076
2013-11-13 00:00	0.91728	0.92004	0.91232	0.91381	159000
2013-11-14 00:00	0.91381	0.91882	0.91313	0.91802	175200
2013-11-15 00:00	0.91802	0.91912	0.91299	0.91463	118284
2013-11-17 00:00	0.91443	0.91571	0.91430	0.91549	3164
2013-11-18 00:00	0.91549	0.91614	0.90950	0.91290	109109
2013-11-19 00:00	0.91290	0.91442	0.90781	0.90878	130393
2013-11-20 00:00	0.90879	0.91905	0.90875	0.91722	149189
2013-11-21 00:00	0.91722	0.91883	0.91256	0.91409	161338
2013-11-22 00:00	0.91407	0.91498	0.90641	0.90641	105271
2013-11-24 00:00	0.90712	0.90735	0.90610	0.90702	4469
2013-11-25 00:00	0.90702	0.91311	0.90683	0.91070	109782
2013-11-26 00:00	0.91073	0.91128	0.90614	0.90690	125660
2013-11-27 00:00	0.90690	0.90922	0.90405	0.90822	135294
2013-11-28 00:00	0.90822	0.90859	0.90412	0.90599	89657
2013-11-29 00:00	0.90599	0.90710	0.90280	0.90596	120177
2013-12-01 00:00	0.90591	0.90653	0.90558	0.90639	3568
2013-12-02 00:00	0.90639	0.91099	0.90430	0.90870	138171
2013-12-03 00:00	0.90870	0.91003	0.90204	0.90401	144125
2013-12-04 00:00	0.90402	0.90760	0.90130	0.90238	188629
2013-12-05 00:00	0.90238	0.90495	0.89568	0.89661	156582
2013-12-06 00:00	0.89660	0.89839	0.89120	0.89137	124281
2013-12-08 00:00	0.89180	0.89249	0.89092	0.89232	2642
2013-12-09 00:00	0.89231	0.89340	0.88948	0.89021	69991
2013-12-10 00:00	0.89021	0.89067	0.88501	0.88717	80866
2013-12-11 00:00	0.88717	0.88862	0.88398	0.88685	87657
2013-12-12 00:00	0.88685	0.89090	0.88479	0.88986	111231
2013-12-13 00:00	0.88986	0.89173	0.88811	0.88936	82899
2013-12-15 00:00	0.89017	0.89052	0.88904	0.89024	2239
2013-12-16 00:00	0.89024	0.89028	0.88464	0.88715	78688
2013-12-17 00:00	0.88715	0.88950	0.88320	0.88494	77472
2013-12-18 00:00	0.88492	0.89584	0.88398	0.89436	118451
2013-12-19 00:00	0.89435	0.89873	0.89344	0.89819	97918
2013-12-20 00:00	0.89819	0.90009	0.89318	0.89565	104336
2013-12-22 00:00	0.89560	0.89644	0.89538	0.89551	2105
2013-12-23 00:00	0.89550	0.89672	0.89200	0.89358	77550
2013-12-24 00:00	0.89358	0.89718	0.89355	0.89561	74002
2013-12-25 00:00	0.89562	0.89693	0.89498	0.89597	2657
2013-12-26 00:00	0.89597	0.89690	0.89492	0.89622	79242
2013-12-27 00:00	0.89621	0.89639	0.87994	0.89106	128996
2013-12-29 00:00	0.89063	0.89169	0.88962	0.89140	2899
2013-12-30 00:00	0.89140	0.89313	0.88595	0.88722	106624
2013-12-31 00:00	0.88722	0.89302	0.88660	0.89273	76254
2014-01-01 00:00	0.89129	0.89262	0.89103	0.89145	2365
2014-01-02 00:00	0.89149	0.90285	0.89079	0.89922	150609
2014-01-03 00:00	0.89922	0.90574	0.89888	0.90469	135033
2014-01-05 00:00	0.90480	0.90546	0.90421	0.90527	2310
2014-01-06 00:00	0.90526	0.90700	0.90196	0.90385	120761
2014-01-07 00:00	0.90385	0.90987	0.90370	0.90933	122773
2014-01-08 00:00	0.90933	0.91267	0.90763	0.91158	140036
2014-01-09 00:00	0.91158	0.91238	0.90627	0.90687	128759
2014-01-10 00:00	0.90693	0.90902	0.90046	0.90210	113803
2014-01-12 00:00	0.90115	0.90244	0.90115	0.90208	2359
2014-01-13 00:00	0.90208	0.90477	0.89861	0.89931	100258
2014-01-14 00:00	0.89931	0.90320	0.89864	0.90314	105808
2014-01-15 00:00	0.90316	0.91079	0.90269	0.90910	123257
2014-01-16 00:00	0.90911	0.91034	0.90315	0.90500	132629
2014-01-17 00:00	0.90500	0.91197	0.90436	0.90981	95794
2014-01-19 00:00	0.91009	0.91158	0.91008	0.91147	2863
2014-01-20 00:00	0.91147	0.91320	0.90891	0.91089	79944
2014-01-21 00:00	0.91089	0.91562	0.90842	0.91072	95021
2014-01-22 00:00	0.91072	0.91243	0.90884	0.91226	76576
2014-01-23 00:00	0.91226	0.91337	0.89635	0.89806	108381
2014-01-24 00:00	0.89806	0.89911	0.89030	0.89369	102976
2014-01-26 00:00	0.89499	0.89508	0.89332	0.89385	2655
2014-01-27 00:00	0.89385	0.89845	0.89318	0.89640	87744
2014-01-28 00:00	0.89640	0.90099	0.89545	0.89965	81514
2014-01-29 00:00	0.89965	0.90094	0.89353	0.89509	107167
2014-01-30 00:00	0.89504	0.90477	0.89446	0.90257	101309
2014-01-31 00:00	0.90257	0.90795	0.90078	0.90582	104160
2014-02-02 00:00	0.90638	0.90673	0.90622	0.90651	2138
2014-02-03 00:00	0.90651	0.90813	0.90037	0.90129	93654
2014-02-04 00:00	0.90128	0.90616	0.90090	0.90402	81469
2014-02-05 00:00	0.90405	0.90568	0.90035	0.90401	84841
2014-02-06 00:00	0.90399	0.90633	0.89681	0.90075	85760
2014-02-07 00:00	0.90075	0.90219	0.89585	0.89790	74484
2014-02-09 00:00	0.89854	0.89912	0.89805	0.89880	2496
2014-02-10 00:00	0.89880	0.89936	0.89592	0.89670	61580
2014-02-11 00:00	0.89670	0.89877	0.89394	0.89839	79575
2014-02-12 00:00	0.89839	0.90381	0.89679	0.90077	80248
2014-02-13 00:00	0.90076	0.90094	0.89182	0.89351	91928
2014-02-14 00:00	0.89351	0.89408	0.89033	0.89215	71169
2014-02-16 00:00	0.89122	0.89196	0.89121	0.89141	2136
2014-02-17 00:00	0.89143	0.89259	0.89001	0.89172	57095
2014-02-18 00:00	0.89173	0.89284	0.88692	0.88782	83564
2014-02-19 00:00	0.88782	0.88952	0.88560	0.88893	74873
2014-02-20 00:00	0.88893	0.89145	0.88589	0.88937	68885
2014-02-21 00:00	0.88937	0.89110	0.88676	0.88739	59690
2014-02-23 00:00	0.88713	0.88773	0.88690	0.88740	1856
2014-02-24 00:00	0.88738	0.89104	0.88521	0.88870	60404
2014-02-25 00:00	0.88869	0.88913	0.88540	0.88695	59483
2014-02-26 00:00	0.88694	0.89303	0.88664	0.89071	67132
2014-02-27 00:00	0.89073	0.89191	0.88712	0.88835	66686
2014-02-28 00:00	0.88835	0.88895	0.87771	0.87947	77586
2014-03-02 00:00	0.88049	0.88059	0.87819	0.87977	4253
2014-03-03 00:00	0.87976	0.88358	0.87916	0.88290	68843
2014-03-04 00:00	0.88289	0.88782	0.88245	0.88732	70192
2014-03-05 00:00	0.88728	0.88955	0.88600	0.88740	68288
2014-03-06 00:00	0.88740	0.88910	0.87945	0.88019	82174
2014-03-07 00:00	0.88021	0.88160	0.87559	0.87749	68238
2014-03-09 00:00	0.87709	0.87805	0.87692	0.87785	2041
2014-03-10 00:00	0.87788	0.87931	0.87610	0.87778	51272
2014-03-11 00:00	0.87778	0.88048	0.87661	0.87757	57902
2014-03-12 00:00	0.87756	0.87882	0.87343	0.87422	71286
2014-03-13 00:00	0.87422	0.87645	0.86987	0.87499	94074
2014-03-14 00:00	0.87497	0.87616	0.87034	0.87216	75386
2014-03-16 00:00	0.87206	0.87280	0.87179	0.87237	2787
2014-03-17 00:00	0.87240	0.87561	0.87137	0.87352	67062
2014-03-18 00:00	0.87350	0.87693	0.87237	0.87322	71893
2014-03-19 00:00	0.87322	0.88293	0.87310	0.88183	81345
2014-03-20 00:00	0.88180	0.88689	0.87998	0.88353	89999
2014-03-21 00:00	0.88355	0.88423	0.88148	0.88257	61041
2014-03-23 00:00	0.88184	0.88278	0.88137	0.88226	2516
2014-03-24 00:00	0.88226	0.88659	0.87870	0.88080	79053
2014-03-25 00:00	0.88080	0.88788	0.88010	0.88309	93177
2014-03-26 00:00	0.88310	0.88697	0.88287	0.88494	86186
2014-03-27 00:00	0.88494	0.88732	0.88408	0.88653	94273
2014-03-28 00:00	0.88653	0.88986	0.88486	0.88666	76682
2014-03-30 00:00	0.88548	0.88728	0.88534	0.88691	3052
2014-03-31 00:00	0.88691	0.88889	0.88245	0.88433	81024
2014-04-01 00:00	0.88434	0.88492	0.88140	0.88330	66237
2014-04-02 00:00	0.88331	0.88748	0.88185	0.88659	62040
2014-04-03 00:00	0.88659	0.89276	0.88436	0.89088	81503
2014-04-04 00:00	0.89088	0.89525	0.89042	0.89160	74117
2014-04-06 00:00	0.89179	0.89257	0.89162	0.89163	2294
2014-04-07 00:00	0.89162	0.89236	0.88727	0.88772	67194
2014-04-08 00:00	0.88772	0.88792	0.88256	0.88383	90517
2014-04-09 00:00	0.88383	0.88457	0.87891	0.88002	89368
2014-04-10 00:00	0.88000	0.88050	0.87508	0.87611	87172
2014-04-11 00:00	0.87611	0.87713	0.87433	0.87567	79923
2014-04-13 00:00	0.87799	0.87799	0.87664	0.87695	3570
2014-04-14 00:00	0.87698	0.88055	0.87643	0.88041	79089
2014-04-15 00:00	0.88041	0.88186	0.87830	0.88046	83223
2014-04-16 00:00	0.88046	0.88278	0.87808	0.88148	73830
2014-04-17 00:00	0.88148	0.88361	0.87776	0.88293	69460
2014-04-18 00:00	0.88293	0.88355	0.88232	0.88313	25476
2014-04-20 00:00	0.88324	0.88339	0.88297	0.88328	1870
2014-04-21 00:00	0.88328	0.88529	0.88189	0.88529	43330
2014-04-22 00:00	0.88529	0.88616	0.88326	0.88478	64122
2014-04-23 00:00	0.88478	0.88527	0.88073	0.88344	73270
2014-04-24 00:00	0.88341	0.88560	0.88131	0.88174	73751
2014-04-25 00:00	0.88177	0.88208	0.88021	0.88141	56874
2014-04-27 00:00	0.88024	0.88111	0.88024	0.88085	1645
2014-04-28 00:00	0.88083	0.88263	0.87702	0.88031	69130
2014-04-29 00:00	0.88030	0.88460	0.87863	0.88330	65076
2014-04-30 00:00	0.88330	0.88507	0.87912	0.88010	78521
2014-05-01 00:00	0.88010	0.88023	0.87826	0.87917	49517
2014-05-02 00:00	0.87917	0.88411	0.87728	0.87776	64760
2014-05-04 00:00	0.87622	0.87775	0.87613	0.87767	1447
2014-05-05 00:00	0.87773	0.87810	0.87657	0.87785	48974
2014-05-06 00:00	0.87784	0.87802	0.87208	0.87419	62594
2014-05-07 00:00	0.87419	0.87647	0.87338	0.87624	64082
2014-05-08 00:00	0.87624	0.88049	0.87030	0.88004	86120
2014-05-09 00:00	0.88003	0.88729	0.87997	0.88628	72382
2014-05-11 00:00	0.88570	0.88701	0.88563	0.88664	2920
2014-05-12 00:00	0.88665	0.88813	0.88583	0.88771	61417
2014-05-13 00:00	0.88771	0.89081	0.88655	0.88964	87387
2014-05-14 00:00	0.88964	0.89045	0.88831	0.88946	83016
2014-05-15 00:00	0.88946	0.89601	0.88823	0.89057	106040
2014-05-16 00:00	0.89057	0.89266	0.88980	0.89262	66513
2014-05-18 00:00	0.89203	0.89238	0.89193	0.89201	2309
2014-05-19 00:00	0.89201	0.89241	0.89041	0.89191	71250
2014-05-20 00:00	0.89191	0.89398	0.89137	0.89166	64031
2014-05-21 00:00	0.89166	0.89648	0.88970	0.89337	76343
2014-05-22 00:00	0.89339	0.89518	0.89236	0.89453	64569
2014-05-23 00:00	0.89453	0.89718	0.89435	0.89536	54685
2014-05-25 00:00	0.89605	0.89653	0.89543	0.89574	1985
2014-05-26 00:00	0.89574	0.89667	0.89397	0.89459	42468
2014-05-27 00:00	0.89460	0.89815	0.89373	0.89667	60673
2014-05-28 00:00	0.89668	0.89898	0.89643	0.89827	63418
2014-05-29 00:00	0.89826	0.89831	0.89553	0.89801	60244
2014-05-30 00:00	0.89799	0.89832	0.89331	0.89507	60325
2014-06-01 00:00	0.89437	0.89586	0.89437	0.89551	2392
2014-06-02 00:00	0.89551	0.89953	0.89526	0.89863	64640
2014-06-03 00:00	0.89866	0.89955	0.89506	0.89674	66312
2014-06-04 00:00	0.89674	0.89817	0.89491	0.89690	66999
2014-06-05 00:00	0.89689	0.90365	0.89078	0.89185	114394
2014-06-06 00:00	0.89185	0.89511	0.89093	0.89347	84934
2014-06-08 00:00	0.89333	0.89353	0.89303	0.89325	2341
2014-06-09 00:00	0.89325	0.89792	0.89193	0.89703	73383
2014-06-10 00:00	0.89706	0.90075	0.89641	0.89957	88540
2014-06-11 00:00	0.89957	0.90112	0.89797	0.89951	87182
2014-06-12 00:00	0.89951	0.90116	0.89696	0.89827	89668
2014-06-13 00:00	0.89827	0.90109	0.89597	0.89974	81072
2014-06-15 00:00	0.89957	0.90060	0.89949	0.90019	4272
2014-06-16 00:00	0.90019	0.90127	0.89652	0.89706	75211
2014-06-17 00:00	0.89706	0.90047	0.89645	0.89916	67312
2014-06-18 00:00	0.89916	0.89987	0.89549	0.89632	79145
2014-06-19 00:00	0.89632	0.89662	0.89105	0.89391	66444
2014-06-20 00:00	0.89391	0.89743	0.89239	0.89480	48803
2014-06-22 00:00	0.89519	0.89574	0.89476	0.89569	3223
2014-06-23 00:00	0.89572	0.89676	0.89399	0.89451	59456
2014-06-24 00:00	0.89448	0.89579	0.89246	0.89384	61200
2014-06-25 00:00	0.89385	0.89453	0.89078	0.89280	58234
2014-06-26 00:00	0.89280	0.89564	0.89215	0.89352	50168
2014-06-27 00:00	0.89352	0.89380	0.89063	0.89065	45757
2014-06-29 00:00	0.89087	0.89119	0.89068	0.89109	2067
2014-06-30 00:00	0.89109	0.89145	0.88619	0.88686	61401
2014-07-01 00:00	0.88686	0.88784	0.88564	0.88747	55949
2014-07-02 00:00	0.88745	0.88985	0.88732	0.88921	55963
2014-07-03 00:00	0.88921	0.89426	0.88869	0.89336	61964
2014-07-04 00:00	0.89337	0.89511	0.89303	0.89395	37805
2014-07-06 00:00	0.89373	0.89509	0.89373	0.89488	4044
2014-07-07 00:00	0.89488	0.89588	0.89300	0.89327	47458
2014-07-08 00:00	0.89327	0.89458	0.89212	0.89259	45259
2014-07-09 00:00	0.89258	0.89373	0.89055	0.89077	62587
2014-07-10 00:00	0.89078	0.89337	0.89019	0.89269	63862
2014-07-11 00:00	0.89269	0.89331	0.89119	0.89183	48971
2014-07-13 00:00	0.89240	0.89258	0.89180	0.89249	3896
2014-07-14 00:00	0.89248	0.89317	0.88981	0.89170	49001
2014-07-15 00:00	0.89171	0.89624	0.89111	0.89550	66259
2014-07-16 00:00	0.89550	0.89890	0.89550	0.89797	57260
2014-07-17 00:00	0.89798	0.89870	0.89688	0.89785	63238
2014-07-18 00:00	0.89785	0.90033	0.89697	0.89827	54756
2014-07-20 00:00	0.89786	0.89821	0.89759	0.89793	3227
2014-07-21 00:00	0.89794	0.89895	0.89708	0.89829	44076
2014-07-22 00:00	0.89829	0.90267	0.89791	0.90212	58607
2014-07-23 00:00	0.90213	0.90315	0.90157	0.90223	46732
2014-07-24 00:00	0.90225	0.90374	0.90078	0.90252	51951
2014-07-25 00:00	0.90251	0.90517	0.90177	0.90473	53068
2014-07-27 00:00	0.90450	0.90485	0.90430	0.90480	4142
2014-07-28 00:00	0.90480	0.90509	0.90348	0.90400	47095
2014-07-29 00:00	0.90401	0.90739	0.90363	0.90685	63891
2014-07-30 00:00	0.90685	0.91063	0.90648	0.90884	86524
2014-07-31 00:00	0.90884	0.91031	0.90759	0.90860	81087
2014-08-01 00:00	0.90860	0.90965	0.90404	0.90579	74715
2014-08-03 00:00	0.90462	0.90611	0.90462	0.90606	3984
2014-08-04 00:00	0.90606	0.90720	0.90567	0.90669	50914
2014-08-05 00:00	0.90670	0.91112	0.90646	0.90929	62367
2014-08-06 00:00	0.90930	0.91147	0.90702	0.90782	65496
2014-08-07 00:00	0.90780	0.91049	0.90660	0.90900	68590
2014-08-08 00:00	0.90900	0.90977	0.90324	0.90516	73604
2014-08-10 00:00	0.90558	0.90589	0.90538	0.90584	4044
2014-08-11 00:00	0.90584	0.90694	0.90555	0.90682	54035
2014-08-12 00:00	0.90682	0.91036	0.90681	0.90763	55766
2014-08-13 00:00	0.90762	0.90984	0.90414	0.90744	60060
2014-08-14 00:00	0.90738	0.90853	0.90348	0.90682	61441
2014-08-15 00:00	0.90682	0.90709	0.90230	0.90230	59856
2014-08-17 00:00	0.90229	0.90377	0.90228	0.90352	4067
2014-08-18 00:00	0.90352	0.90693	0.90256	0.90678	46462
2014-08-19 00:00	0.90678	0.90941	0.90587	0.90926	72236
2014-08-20 00:00	0.90925	0.91384	0.90898	0.91350	65909
2014-08-21 00:00	0.91348	0.91457	0.91107	0.91165	53962
2014-08-22 00:00	0.91165	0.91541	0.91032	0.91362	62471
2014-08-24 00:00	0.91732	0.91782	0.91648	0.91669	6589
2014-08-25 00:00	0.91669	0.91716	0.91419	0.91616	63064
2014-08-26 00:00	0.91616	0.91806	0.91374	0.91752	72322
2014-08-27 00:00	0.91753	0.91850	0.91378	0.91495	69206
2014-08-28 00:00	0.91495	0.91612	0.91259	0.91509	71874
2014-08-29 00:00	0.91508	0.91840	0.91385	0.91823	75803
2014-08-31 00:00	0.91874	0.91930	0.91839	0.91894	4147
2014-09-01 00:00	0.91895	0.91975	0.91768	0.91938	50773
2014-09-02 00:00	0.91938	0.92119	0.91878	0.91930	63968
2014-09-03 00:00	0.91933	0.92003	0.91750	0.91785	72866
2014-09-04 00:00	0.91785	0.93351	0.91755	0.93280	96294
2014-09-05 00:00	0.93280	0.93311	0.92850	0.93094	77180
2014-09-07 00:00	0.93051	0.93131	0.93042	0.93120	6156
2014-09-08 00:00	0.93119	0.93624	0.93096	0.93612	88377
2014-09-09 00:00	0.93611	0.93794	0.93147	0.93241	105065
2014-09-10 00:00	0.93241	0.93956	0.93187	0.93686	113926
2014-09-11 00:00	0.93686	0.93758	0.93366	0.93605	97085
2014-09-12 00:00	0.93605	0.93679	0.93199	0.93280	94320
2014-09-14 00:00	0.93191	0.93383	0.93191	0.93372	4665
2014-09-15 00:00	0.93372	0.93724	0.93310	0.93555	80741
2014-09-16 00:00	0.93555	0.93628	0.93002	0.93269	102330
2014-09-17 00:00	0.93268	0.94327	0.93228	0.94230	118949
2014-09-18 00:00	0.94230	0.94230	0.93318	0.93425	120261
2014-09-19 00:00	0.93425	0.94097	0.93338	0.94055	100643
2014-09-21 00:00	0.94054	0.94111	0.93990	0.94029	3160
2014-09-22 00:00	0.94029	0.94210	0.93790	0.93993	78454
2014-09-23 00:00	0.93989	0.94028	0.93529	0.93953	82376
2014-09-24 00:00	0.93955	0.94622	0.93886	0.94592	83162
2014-09-25 00:00	0.94593	0.95146	0.94520	0.94651	105825
2014-09-26 00:00	0.94651	0.95206	0.94593	0.95125	80751
2014-09-28 00:00	0.95132	0.95253	0.95130	0.95185	4925
2014-09-29 00:00	0.95185	0.95314	0.94883	0.95100	108700
2014-09-30 00:00	0.95103	0.95964	0.94989	0.95499	100833
2014-10-01 00:00	0.95499	0.95956	0.95450	0.95618	108285
2014-10-02 00:00	0.95618	0.95804	0.95170	0.95411	131429
2014-10-03 00:00	0.95411	0.96834	0.95405	0.96700	89462
2014-10-05 00:00	0.96871	0.96871	0.96739	0.96775	2857
2014-10-06 00:00	0.96775	0.96777	0.95667	0.95917	83199
2014-10-07 00:00	0.95915	0.96241	0.95553	0.95712	130060
2014-10-08 00:00	0.95712	0.96007	0.95031	0.95161	110002
2014-10-09 00:00	0.95160	0.95589	0.94690	0.95424	137723
2014-10-10 00:00	0.95422	0.95922	0.95264	0.95638	99152
2014-10-12 00:00	0.95666	0.95749	0.95527	0.95628	5840
2014-10-13 00:00	0.95625	0.95666	0.94679	0.94993	109830
2014-10-14 00:00	0.94997	0.95565	0.94935	0.95487	103200
2014-10-15 00:00	0.95487	0.95618	0.93597	0.94159	162194
2014-10-16 00:00	0.94161	0.94905	0.94000	0.94279	156405
2014-10-17 00:00	0.94279	0.94747	0.94052	0.94601	92146
2014-10-19 00:00	0.94658	0.94797	0.94632	0.94704	7155
2014-10-20 00:00	0.94709	0.94794	0.94146	0.94315	99049
2014-10-21 00:00	0.94314	0.94954	0.93974	0.94953	102423
2014-10-22 00:00	0.94953	0.95420	0.94719	0.95412	96916
2014-10-23 00:00	0.95412	0.95590	0.95174	0.95387	93181
2014-10-24 00:00	0.95386	0.95458	0.94970	0.95180	87934
2014-10-26 00:00	0.95088	0.95192	0.95071	0.95174	5780
2014-10-27 00:00	0.95175	0.95210	0.94764	0.94909	104267
2014-10-28 00:00	0.94909	0.95109	0.94447	0.94675	104271
2014-10-29 00:00	0.94673	0.95505	0.94413	0.95485	102123
2014-10-30 00:00	0.95485	0.96102	0.95437	0.95613	112390
2014-10-31 00:00	0.95613	0.96624	0.95603	0.96229	126742
2014-11-02 00:00	0.96445	0.96457	0.96344	0.96445	4563
2014-11-03 00:00	0.96445	0.96909	0.96347	0.96495	122959
2014-11-04 00:00	0.96499	0.96515	0.95797	0.95949	125004
2014-11-05 00:00	0.95949	0.96611	0.95830	0.96453	148363
2014-11-06 00:00	0.96453	0.97379	0.96026	0.97291	179215
2014-11-07 00:00	0.97291	0.97414	0.96505	0.96613	156338
2014-11-09 00:00	0.96439	0.96546	0.96379	0.96530	7175
2014-11-10 00:00	0.96531	0.96841	0.96164	0.96793	118325
2014-11-11 00:00	0.96793	0.97001	0.96247	0.96446	125793
2014-11-12 00:00	0.96446	0.96796	0.96221	0.96709	143749
2014-11-13 00:00	0.96709	0.96723	0.96218	0.96371	121642
2014-11-14 00:00	0.96369	0.96885	0.95731	0.95863	135944
2014-11-16 00:00	0.95880	0.95993	0.95825	0.95927	4711
2014-11-17 00:00	0.95926	0.96543	0.95523	0.96485	126630
2014-11-18 00:00	0.96485	0.96492	0.95740	0.95853	120638
2014-11-19 00:00	0.95854	0.96004	0.95310	0.95794	140547
2014-11-20 00:00	0.95794	0.96059	0.95528	0.95846	155949
2014-11-21 00:00	0.95851	0.97090	0.95630	0.96951	154015
2014-11-23 00:00	0.97260	0.97265	0.97142	0.97169	7547
2014-11-24 00:00	0.97169	0.97205	0.96628	0.96708	114339
2014-11-25 00:00	0.96708	0.96975	0.96339	0.96353	130401
2014-11-26 00:00	0.96353	0.96651	0.95947	0.96129	116387
2014-11-27 00:00	0.96129	0.96494	0.95983	0.96464	80290
2014-11-28 00:00	0.96463	0.96703	0.96209	0.96419	89743
2014-11-30 00:00	0.96560	0.96824	0.96551	0.96774	6695
2014-12-01 00:00	0.96774	0.96872	0.96149	0.96462	126488
2014-12-02 00:00	0.96462	0.97295	0.96411	0.97194	100916
2014-12-03 00:00	0.97194	0.97827	0.97145	0.97726	118967
2014-12-04 00:00	0.97728	0.97957	0.96486	0.97075	157116
2014-12-05 00:00	0.97077	0.97994	0.97023	0.97879	125174
2014-12-07 00:00	0.97840	0.97897	0.97749	0.97841	4057
2014-12-08 00:00	0.97844	0.98176	0.97378	0.97630	105520
2014-12-09 00:00	0.97630	0.97774	0.96531	0.97050	157103
2014-12-10 00:00	0.97052	0.97222	0.96380	0.96399	142156
2014-12-11 00:00	0.96401	0.97103	0.96269	0.96924	176762
2014-12-12 00:00	0.96922	0.96988	0.96183	0.96343	141816
2014-12-14 00:00	0.96260	0.96419	0.96247	0.96378	6240
2014-12-15 00:00	0.96378	0.96735	0.96237	0.96547	126023
2014-12-16 00:00	0.96548	0.96567	0.95527	0.95980	178394
2014-12-17 00:00	0.95981	0.97452	0.95944	0.97339	176651
2014-12-18 00:00	0.97339	0.98473	0.97215	0.97987	165714
2014-12-19 00:00	0.97987	0.98460	0.97840	0.98389	109055
2014-12-21 00:00	0.98387	0.98456	0.98364	0.98443	2387
2014-12-22 00:00	0.98441	0.98492	0.98046	0.98437	75147
2014-12-23 00:00	0.98435	0.98859	0.98253	0.98754	72665
2014-12-24 00:00	0.98754	0.98812	0.98396	0.98609	39811
2014-12-25 00:00	0.98610	0.98675	0.98282	0.98493	6824
2014-12-26 00:00	0.98492	0.98836	0.98361	0.98716	42200
2014-12-28 00:00	0.98677	0.98841	0.98666	0.98832	5787
2014-12-29 00:00	0.98830	0.99074	0.98424	0.98975	79065
2014-12-30 00:00	0.98975	0.99190	0.98677	0.98864	79211
2014-12-31 00:00	0.98864	0.99436	0.98795	0.99405	64531
2015-01-01 00:00	0.99349	0.99524	0.99307	0.99454	4623
2015-01-02 00:00	0.99455	1.00182	0.99451	1.00135	98163
2015-01-04 00:00	1.00566	1.02935	1.00548	1.00582	9790
2015-01-05 00:00	1.00582	1.01079	1.00330	1.00640	111774
2015-01-06 00:00	1.00639	1.01353	1.00409	1.01156	120219
2015-01-07 00:00	1.01155	1.01754	1.00941	1.01482	122950
2015-01-08 00:00	1.01482	1.02165	1.01364	1.01845	102524
2015-01-09 00:00	1.01845	1.02089	1.01377	1.01401	115495
2015-01-11 00:00	1.01319	1.01378	1.01180	1.01180	4958
2015-01-12 00:00	1.01180	1.01894	1.01176	1.01495	114560
2015-01-13 00:00	1.01495	1.02175	1.01259	1.01967	130329
2015-01-14 00:00	1.01967	1.02397	1.01377	1.01905	145798
2015-01-15 00:00	1.01906	1.02203	0.72627	0.85395	178786
2015-01-16 00:00	0.85392	0.88083	0.84511	0.85706	151315
2015-01-18 00:00	0.86093	0.86274	0.85793	0.85822	2833
2015-01-19 00:00	0.85822	0.88003	0.85405	0.87994	76779
2015-01-20 00:00	0.87994	0.88361	0.86848	0.87444	71835
2015-01-21 00:00	0.87444	0.87717	0.84995	0.86042	98280
2015-01-22 00:00	0.86042	0.87499	0.85255	0.87171	99397
2015-01-23 00:00	0.87171	0.88191	0.86790	0.87868	115599
2015-01-25 00:00	0.87838	0.88222	0.87838	0.88084	9503
2015-01-26 00:00	0.88084	0.90426	0.87635	0.90120	114371
2015-01-27 00:00	0.90124	0.91663	0.89349	0.89923	96816
2015-01-28 00:00	0.89923	0.90902	0.89850	0.90702	76689
2015-01-29 00:00	0.90703	0.92521	0.90565	0.92239	77835
2015-01-30 00:00	0.92240	0.92887	0.91695	0.92027	99314
2015-02-01 00:00	0.92617	0.92643	0.92015	0.92139	7405
2015-02-02 00:00	0.92127	0.93451	0.92019	0.92701	81124
2015-02-03 00:00	0.92711	0.92958	0.91853	0.92486	95293
2015-02-04 00:00	0.92487	0.92780	0.92062	0.92609	87236
2015-02-05 00:00	0.92609	0.93109	0.92049	0.92203	98600
2015-02-06 00:00	0.92203	0.92886	0.91752	0.92560	72802
2015-02-08 00:00	0.92581	0.92647	0.92447	0.92614	11644
2015-02-09 00:00	0.92628	0.92867	0.91951	0.92476	77488
2015-02-10 00:00	0.92476	0.92776	0.92141	0.92650	77840
2015-02-11 00:00	0.92650	0.93002	0.92287	0.92850	71986
2015-02-12 00:00	0.92856	0.93362	0.92557	0.93029	130839
2015-02-13 00:00	0.93031	0.93351	0.92683	0.93099	102999
2015-02-15 00:00	0.93012	0.93247	0.93012	0.93159	4441
2015-02-16 00:00	0.93163	0.93346	0.92824	0.93340	102017
2015-02-17 00:00	0.93336	0.93741	0.92907	0.93611	136980
2015-02-18 00:00	0.93611	0.94511	0.93141	0.94187	135029
2015-02-19 00:00	0.94186	0.94989	0.93845	0.94936	121525
2015-02-20 00:00	0.94937	0.95348	0.93712	0.93732	137799
2015-02-22 00:00	0.94032	0.94089	0.93868	0.94050	8372
2015-02-23 00:00	0.94049	0.95259	0.93993	0.95126	106593
2015-02-24 00:00	0.95126	0.95222	0.94683	0.94996	115737
2015-02-25 00:00	0.95006	0.95072	0.94647	0.94879	96060
2015-02-26 00:00	0.94875	0.95461	0.94493	0.95272	119681
2015-02-27 00:00	0.95277	0.95463	0.94499	0.95398	98273
2015-03-01 00:00	0.95322	0.95457	0.95219	0.95424	6507
2015-03-02 00:00	0.95424	0.95977	0.95388	0.95856	79648
2015-03-03 00:00	0.95855	0.96175	0.95569	0.96083	78119
2015-03-04 00:00	0.96083	0.96817	0.95921	0.96349	89433
2015-03-05 00:00	0.96348	0.97492	0.96305	0.97378	71133
2015-03-06 00:00	0.97378	0.98651	0.97214	0.98534	75194
2015-03-08 00:00	0.98676	0.98699	0.98372	0.98451	6146
2015-03-09 00:00	0.98451	0.98739	0.98248	0.98714	90976
2015-03-10 00:00	0.98714	0.99991	0.98664	0.99825	90525
2015-03-11 00:00	0.99828	1.01076	0.99689	1.00907	84843
2015-03-12 00:00	1.00907	1.01279	0.99813	1.00272	89732
2015-03-13 00:00	1.00272	1.01116	1.00259	1.00537	77295
2015-03-15 00:00	1.00666	1.00724	1.00434	1.00631	6032
2015-03-16 00:00	1.00630	1.00858	1.00230	1.00761	62672
2015-03-17 00:00	1.00764	1.00909	1.00093	1.00567	57597
2015-03-18 00:00	1.00564	1.00685	0.96286	0.98108	83474
2015-03-19 00:00	0.98108	0.99829	0.97697	0.98977	82814
2015-03-20 00:00	0.98974	0.99045	0.97296	0.97447	64599
2015-03-22 00:00	0.97486	0.97868	0.97311	0.97761	15630
2015-03-23 00:00	0.97760	0.98116	0.96404	0.96668	93838
2015-03-24 00:00	0.96668	0.96937	0.95362	0.95949	81503
2015-03-25 00:00	0.95947	0.96194	0.95541	0.96033	77580
2015-03-26 00:00	0.96033	0.96559	0.94901	0.96322	101149
2015-03-27 00:00	0.96322	0.96921	0.95576	0.96115	89270
2015-03-29 00:00	0.96153	0.96173	0.96055	0.96138	5169
2015-03-30 00:00	0.96138	0.96888	0.96037	0.96740	73211
2015-03-31 00:00	0.96742	0.97558	0.96556	0.97206	89471
2015-04-01 00:00	0.97206	0.97423	0.96439	0.96608	86374
2015-04-02 00:00	0.96608	0.96748	0.95615	0.95999	81368
2015-04-03 00:00	0.95999	0.96099	0.94795	0.94795	40648
2015-04-05 00:00	0.95089	0.95256	0.94813	0.95251	5619
2015-04-06 00:00	0.95248	0.96059	0.94994	0.95790	43794
2015-04-07 00:00	0.95789	0.96718	0.95564	0.96569	68881
2015-04-08 00:00	0.96569	0.96749	0.95968	0.96624	77212
2015-04-09 00:00	0.96624	0.97893	0.96621	0.97701	65787
2015-04-10 00:00	0.97701	0.98360	0.97509	0.97899	62289
2015-04-12 00:00	0.98078	0.98082	0.97869	0.97925	2703
2015-04-13 00:00	0.97925	0.98628	0.97593	0.97735	61388
2015-04-14 00:00	0.97735	0.97943	0.96727	0.97288	73622
2015-04-15 00:00	0.97288	0.97707	0.96349	0.96493	78424
2015-04-16 00:00	0.96492	0.97104	0.95397	0.95651	95307
2015-04-17 00:00	0.95648	0.95841	0.94935	0.95153	90081
2015-04-19 00:00	0.95041	0.95321	0.95035	0.95144	4474
2015-04-20 00:00	0.95147	0.95989	0.94996	0.95534	94485
2015-04-21 00:00	0.95533	0.96245	0.95053	0.95494	86349
2015-04-22 00:00	0.95494	0.97148	0.95011	0.96960	104042
2015-04-23 00:00	0.96960	0.97189	0.95302	0.95581	102446
2015-04-24 00:00	0.95581	0.95735	0.95099	0.95168	96558
2015-04-26 00:00	0.95428	0.95436	0.95297	0.95363	2437
2015-04-27 00:00	0.95363	0.95836	0.94923	0.95515	85539
2015-04-28 00:00	0.95517	0.95982	0.95031	0.95607	96886
2015-04-29 00:00	0.95606	0.95719	0.93398	0.94034	113594
2015-04-30 00:00	0.94032	0.94470	0.93077	0.93357	118889
2015-05-01 00:00	0.93354	0.93517	0.92772	0.93240	74212
2015-05-03 00:00	0.93355	0.93378	0.93240	0.93328	4418
2015-05-04 00:00	0.93328	0.93839	0.93128	0.93364	66816
2015-05-05 00:00	0.93364	0.94127	0.92380	0.92748	102061
2015-05-06 00:00	0.92748	0.92798	0.91133	0.91648	102172
2015-05-07 00:00	0.91648	0.92286	0.90716	0.92171	91353
2015-05-08 00:00	0.92173	0.93236	0.91959	0.93096	97019
2015-05-10 00:00	0.93121	0.93193	0.93100	0.93153	4259
2015-05-11 00:00	0.93158	0.93540	0.92965	0.93454	86330
2015-05-12 00:00	0.93454	0.93583	0.92109	0.92842	94907
2015-05-13 00:00	0.92843	0.92934	0.91533	0.91706	103023
2015-05-14 00:00	0.91707	0.91767	0.90783	0.91251	101481
2015-05-15 00:00	0.91256	0.92550	0.91142	0.91537	88574
2015-05-17 00:00	0.91429	0.91670	0.91429	0.91534	2702
2015-05-18 00:00	0.91534	0.92639	0.91534	0.92611	77628
2015-05-19 00:00	0.92611	0.93834	0.92460	0.93718	104905
2015-05-20 00:00	0.93719	0.94053	0.93362	0.93610	109023
2015-05-21 00:00	0.93612	0.93817	0.93059	0.93778	95769
2015-05-22 00:00	0.93776	0.94564	0.92858	0.94200	81874
2015-05-24 00:00	0.94289	0.94506	0.94255	0.94328	6198
2015-05-25 00:00	0.94328	0.94584	0.94052	0.94577	37667
2015-05-26 00:00	0.94576	0.95385	0.94554	0.95184	94633
2015-05-27 00:00	0.95185	0.95429	0.94666	0.94983	86215
2015-05-28 00:00	0.94983	0.95121	0.94114	0.94290	99974
2015-05-29 00:00	0.94290	0.94788	0.93482	0.93995	97346
2015-05-31 00:00	0.93821	0.94152	0.93818	0.94151	2633
2015-06-01 00:00	0.94151	0.94837	0.94038	0.94599	99227
2015-06-02 00:00	0.94599	0.94600	0.93086	0.93343	100521
2015-06-03 00:00	0.93344	0.94232	0.93020	0.93450	95653
2015-06-04 00:00	0.93451	0.93707	0.92771	0.93492	94412
2015-06-05 00:00	0.93492	0.95018	0.92984	0.93901	94254
2015-06-07 00:00	0.93886	0.94116	0.93761	0.94065	3290
2015-06-08 00:00	0.94064	0.94290	0.92557	0.92741	90371
2015-06-09 00:00	0.92741	0.93323	0.92462	0.93041	87218
2015-06-10 00:00	0.93039	0.93249	0.92331	0.93213	101538
2015-06-11 00:00	0.93213	0.94068	0.92968	0.93383	84817
2015-06-12 00:00	0.93388	0.93905	0.92410	0.92816	79620
2015-06-14 00:00	0.92981	0.93013	0.92884	0.92954	3763
2015-06-15 00:00	0.92954	0.93841	0.92742	0.92986	67257
2015-06-16 00:00	0.92986	0.93345	0.92716	0.93176	50171
2015-06-17 00:00	0.93174	0.93226	0.91966	0.92112	74916
2015-06-18 00:00	0.92112	0.92454	0.91506	0.92138	76553
2015-06-19 00:00	0.92138	0.92489	0.91626	0.91774	56831
2015-06-21 00:00	0.91650	0.91850	0.91628	0.91847	3057
2015-06-22 00:00	0.91846	0.92251	0.91567	0.92171	71588
2015-06-23 00:00	0.92171	0.93877	0.92131	0.93349	77972
2015-06-24 00:00	0.93350	0.93688	0.92810	0.93356	73448
2015-06-25 00:00	0.93355	0.94154	0.93245	0.93656	65344
2015-06-26 00:00	0.93656	0.93733	0.92996	0.93251	60685
2015-06-28 00:00	0.93745	0.94171	0.93658	0.94035	11524
2015-06-29 00:00	0.94035	0.94277	0.92427	0.92591	90402
2015-06-30 00:00	0.92591	0.93811	0.92566	0.93474	87431
2015-07-01 00:00	0.93473	0.94895	0.93417	0.94870	74547
2015-07-02 00:00	0.94870	0.95032	0.94179	0.94360	94258
2015-07-03 00:00	0.94357	0.94411	0.93893	0.93913	74651
2015-07-05 00:00	0.94095	0.94484	0.94085	0.94429	6706
2015-07-06 00:00	0.94428	0.94712	0.94072	0.94301	96304
2015-07-07 00:00	0.94302	0.95150	0.94267	0.94662	108938
2015-07-08 00:00	0.94670	0.95099	0.94085	0.94566	112111
2015-07-09 00:00	0.94566	0.95148	0.94245	0.94767	108334
2015-07-10 00:00	0.94766	0.94790	0.93295	0.93769	103327
2015-07-12 00:00	0.94133	0.94152	0.93796	0.94009	3179
2015-07-13 00:00	0.94009	0.95094	0.93675	0.95073	104974
2015-07-14 00:00	0.95080	0.95317	0.94016	0.94491	107969
2015-07-15 00:00	0.94492	0.95474	0.94467	0.95276	101949
2015-07-16 00:00	0.95275	0.95837	0.95223	0.95724	93130
2015-07-17 00:00	0.95724	0.96189	0.95568	0.96171	85426
2015-07-19 00:00	0.96072	0.96266	0.96060	0.96238	2223
2015-07-20 00:00	0.96239	0.96489	0.96000	0.96347	87213
2015-07-21 00:00	0.96355	0.96480	0.95596	0.95802	104713
2015-07-22 00:00	0.95803	0.96318	0.95606	0.95980	77957
2015-07-23 00:00	0.95980	0.96023	0.95251	0.95938	82077
2015-07-24 00:00	0.95941	0.96349	0.95734	0.96219	67136
2015-07-26 00:00	0.96141	0.96311	0.96141	0.96256	1427
2015-07-27 00:00	0.96257	0.96324	0.95298	0.96216	86374
2015-07-28 00:00	0.96213	0.96739	0.96042	0.96155	74267
2015-07-29 00:00	0.96155	0.96890	0.95987	0.96744	75014
2015-07-30 00:00	0.96744	0.97188	0.96742	0.96828	80917
2015-07-31 00:00	0.96828	0.96843	0.95481	0.96460	89630
2015-08-02 00:00	0.96492	0.96738	0.96488	0.96717	2532
2015-08-03 00:00	0.96718	0.97013	0.96429	0.96915	65442
2015-08-04 00:00	0.96916	0.97893	0.96677	0.97806	80759
2015-08-05 00:00	0.97806	0.98214	0.97596	0.97909	90240
2015-08-06 00:00	0.97911	0.98472	0.97670	0.98106	75877
2015-08-07 00:00	0.98105	0.98835	0.97917	0.98349	78011
2015-08-09 00:00	0.98121	0.98378	0.98121	0.98373	2299
2015-08-10 00:00	0.98374	0.98908	0.98032	0.98365	67407
2015-08-11 00:00	0.98366	0.99025	0.98015	0.98801	81992
2015-08-12 00:00	0.98801	0.98890	0.96770	0.97541	89992
2015-08-13 00:00	0.97542	0.97937	0.97295	0.97546	76017
2015-08-14 00:00	0.97547	0.97865	0.97276	0.97592	61511
2015-08-16 00:00	0.97584	0.97722	0.97570	0.97709	1851
2015-08-17 00:00	0.97707	0.97978	0.97418	0.97832	55253
2015-08-18 00:00	0.97832	0.97955	0.97511	0.97746	52980
2015-08-19 00:00	0.97745	0.97755	0.96414	0.96577	69566
2015-08-20 00:00	0.96577	0.96712	0.95836	0.95917	74355
2015-08-21 00:00	0.95917	0.95941	0.94584	0.94585	87149
2015-08-23 00:00	0.94532	0.94810	0.94518	0.94729	3942
2015-08-24 00:00	0.94729	0.94781	0.92577	0.93305	127780
2015-08-25 00:00	0.93305	0.95050	0.93143	0.93887	118331
2015-08-26 00:00	0.93884	0.95515	0.93846	0.95199	127261
2015-08-27 00:00	0.95198	0.96718	0.95120	0.96544	102324
2015-08-28 00:00	0.96540	0.96661	0.95780	0.96238	94225
2015-08-30 00:00	0.96121	0.96330	0.96092	0.96121	4057
2015-08-31 00:00	0.96120	0.96897	0.95866	0.96522	71256
2015-09-01 00:00	0.96518	0.96523	0.95688	0.96014	101546
2015-09-02 00:00	0.96014	0.97027	0.95981	0.97011	77434
2015-09-03 00:00	0.97011	0.97702	0.96820	0.97392	81148
2015-09-04 00:00	0.97393	0.97696	0.96833	0.97113	75322
2015-09-06 00:00	0.97129	0.97232	0.97119	0.97181	1511
2015-09-07 00:00	0.97181	0.97635	0.97069	0.97583	68218
2015-09-08 00:00	0.97583	0.98210	0.96991	0.97799	72633
2015-09-09 00:00	0.97799	0.98236	0.97160	0.97527	82134
2015-09-10 00:00	0.97527	0.97927	0.97011	0.97323	83354
2015-09-11 00:00	0.97322	0.97961	0.96815	0.96869	67943
2015-09-13 00:00	0.96893	0.96924	0.96802	0.96901	2548
2015-09-14 00:00	0.96900	0.97190	0.96671	0.96832	55152
2015-09-15 00:00	0.96834	0.97632	0.96699	0.97423	55745
2015-09-16 00:00	0.97423	0.97622	0.96693	0.97029	70398
2015-09-17 00:00	0.97029	0.97242	0.95910	0.96198	85215
2015-09-18 00:00	0.96198	0.97049	0.95274	0.96795	83603
2015-09-20 00:00	0.96715	0.97021	0.96711	0.96936	4073
2015-09-21 00:00	0.96935	0.97398	0.96425	0.97197	67502
2015-09-22 00:00	0.97197	0.97566	0.97072	0.97534	65075
2015-09-23 00:00	0.97539	0.98008	0.97352	0.97914	71548
2015-09-24 00:00	0.97915	0.98035	0.96674	0.97813	75608
2015-09-25 00:00	0.97816	0.98432	0.97431	0.97839	70259
2015-09-27 00:00	0.97657	0.97973	0.97645	0.97940	1952
2015-09-28 00:00	0.97939	0.98157	0.97216	0.97473	67034
2015-09-29 00:00	0.97474	0.97474	0.96869	0.97110	86732
2015-09-30 00:00	0.97111	0.97756	0.97087	0.97412	79411
2015-10-01 00:00	0.97413	0.97884	0.97217	0.97631	70340
2015-10-02 00:00	0.97632	0.97944	0.96443	0.97114	72638
2015-10-04 00:00	0.97085	0.97223	0.97055	0.97124	5540
2015-10-05 00:00	0.97138	0.97672	0.96856	0.97549	65790
2015-10-06 00:00	0.97549	0.97669	0.96642	0.96745	58158
2015-10-07 00:00	0.96740	0.97393	0.96476	0.97334	77108
2015-10-08 00:00	0.97330	0.97331	0.96226	0.96634	76411
2015-10-09 00:00	0.96633	0.96754	0.95862	0.96136	67374
2015-10-11 00:00	0.96074	0.96160	0.96011	0.96131	2914
2015-10-12 00:00	0.96129	0.96302	0.95948	0.96291	52606
2015-10-13 00:00	0.96292	0.96456	0.95544	0.95835	60180
2015-10-14 00:00	0.95833	0.95840	0.94834	0.94958	62168
2015-10-15 00:00	0.94958	0.95524	0.94756	0.95150	67841
2015-10-16 00:00	0.95153	0.95533	0.94969	0.95304	53430
2015-10-18 00:00	0.95240	0.95425	0.95067	0.95305	2244
2015-10-19 00:00	0.95307	0.95779	0.95215	0.95629	49423
2015-10-20 00:00	0.95627	0.95705	0.94937	0.95597	51856
2015-10-21 00:00	0.95595	0.96104	0.95275	0.95926	56227
2015-10-22 00:00	0.95926	0.97384	0.95797	0.97365	83266
2015-10-23 00:00	0.97370	0.98002	0.97114	0.97813	73903
2015-10-25 00:00	0.97889	0.97934	0.97838	0.97881	2562
2015-10-26 00:00	0.97880	0.98387	0.97566	0.98256	63749
2015-10-27 00:00	0.98256	0.98736	0.98052	0.98712	61004
2015-10-28 00:00	0.98711	0.99566	0.98194	0.99386	71198
2015-10-29 00:00	0.99387	0.99554	0.98812	0.98918	75177
2015-10-30 00:00	0.98918	0.99101	0.98452	0.98767	81206
2015-11-01 00:00	0.98527	0.98712	0.98480	0.98626	3702
2015-11-02 00:00	0.98627	0.98915	0.98292	0.98715	54347
2015-11-03 00:00	0.98715	0.99249	0.98441	0.99108	56177
2015-11-04 00:00	0.99106	0.99511	0.98848	0.99316	66782
2015-11-05 00:00	0.99321	0.99786	0.99213	0.99519	67906
2015-11-06 00:00	0.99519	1.00760	0.99438	1.00479	79470
2015-11-08 00:00	1.00434	1.00611	1.00371	1.00570	2081
2015-11-09 00:00	1.00569	1.00613	0.99972	1.00308	71272
2015-11-10 00:00	1.00310	1.00861	1.00194	1.00523	76160
2015-11-11 00:00	1.00521	1.00717	1.00286	1.00342	66862
2015-11-12 00:00	1.00342	1.00851	0.99889	1.00079	83844
2015-11-13 00:00	1.00078	1.00945	0.99986	1.00575	78149
2015-11-15 00:00	1.00628	1.00903	1.00546	1.00784	5671
2015-11-16 00:00	1.00783	1.01026	1.00436	1.00950	73038
2015-11-17 00:00	1.00950	1.01705	1.00919	1.01429	80825
2015-11-18 00:00	1.01432	1.02190	1.01275	1.01887	75026
2015-11-19 00:00	1.01885	1.02013	1.01215	1.01355	87378
2015-11-20 00:00	1.01351	1.01976	1.01218	1.01833	76819
2015-11-22 00:00	1.01946	1.01975	1.01880	1.01968	2380
2015-11-23 00:00	1.01970	1.02257	1.01752	1.01842	75031
2015-11-24 00:00	1.01842	1.01936	1.01438	1.01703	76038
2015-11-25 00:00	1.01705	1.02595	1.01434	1.02180	86925
2015-11-26 00:00	1.02180	1.02528	1.02138	1.02358	56516
2015-11-27 00:00	1.02351	1.03277	1.02255	1.02896	77496
2015-11-29 00:00	1.02987	1.03039	1.02945	1.03019	1650
2015-11-30 00:00	1.03019	1.03197	1.02579	1.02902	71132
2015-12-01 00:00	1.02910	1.03015	1.02523	1.02628	79508
2015-12-02 00:00	1.02627	1.03071	1.01791	1.01863	93727
2015-12-03 00:00	1.01863	1.02675	0.98748	0.99378	129576
2015-12-04 00:00	0.99378	1.00341	0.99110	0.99572	129222
2015-12-06 00:00	0.99701	0.99755	0.99606	0.99682	2545
2015-12-07 00:00	0.99676	1.00313	0.99641	1.00056	89251
2015-12-08 00:00	1.00056	1.00098	0.99169	0.99280	92314
2015-12-09 00:00	0.99283	0.99441	0.98198	0.98345	91861
2015-12-10 00:00	0.98345	0.99076	0.98315	0.98823	80134
2015-12-11 00:00	0.98825	0.98982	0.98029	0.98248	90652
2015-12-13 00:00	0.98348	0.98436	0.98303	0.98407	2394
2015-12-14 00:00	0.98409	0.98721	0.97860	0.98569	103394
2015-12-15 00:00	0.98569	0.99243	0.97982	0.99079	96566
2015-12-16 00:00	0.99079	0.99375	0.98095	0.99253	112032
2015-12-17 00:00	0.99253	0.99908	0.99133	0.99459	87630
2015-12-18 00:00	0.99459	0.99754	0.99140	0.99165	82510
2015-12-20 00:00	0.99186	0.99314	0.99117	0.99185	1781
2015-12-21 00:00	0.99185	0.99680	0.98970	0.99273	74839
2015-12-22 00:00	0.99273	0.99369	0.98552	0.98791	60542
2015-12-23 00:00	0.98791	0.99446	0.98751	0.99059	56794
2015-12-24 00:00	0.99059	0.99059	0.98517	0.98524	29566
2015-12-25 00:00	0.98597	0.98818	0.98529	0.98655	2015
2015-12-27 00:00	0.98575	0.98709	0.98534	0.98697	1637
2015-12-28 00:00	0.98696	0.99018	0.98567	0.98803	45259
2015-12-29 00:00	0.98805	0.99427	0.98613	0.99231	47900
2015-12-30 00:00	0.99230	0.99266	0.98567	0.98807	48147
2015-12-31 00:00	0.98808	1.00286	0.98719	1.00160	46412
2016-01-03 00:00	1.00052	1.00081	0.99916	0.99957	2559
2016-01-04 00:00	0.99961	1.00625	0.99236	1.00253	82174
2016-01-05 00:00	1.00255	1.01242	1.00066	1.00859	77506
2016-01-06 00:00	1.00859	1.01196	1.00568	1.00746	82604
2016-01-07 00:00	1.00747	1.00762	0.99220	0.99386	100283
2016-01-08 00:00	0.99386	1.00516	0.99358	0.99430	107934
2016-01-10 00:00	0.99435	0.99511	0.98800	0.99233	4840
2016-01-11 00:00	0.99238	1.00227	0.99233	1.00158	91802
2016-01-12 00:00	1.00158	1.00461	0.99659	1.00312	95263
2016-01-13 00:00	1.00307	1.01059	1.00246	1.00604	103638
2016-01-14 00:00	1.00605	1.00917	1.00091	1.00535	112941
2016-01-15 00:00	1.00534	1.00601	0.99582	1.00085	119147
2016-01-17 00:00	1.00040	1.00207	0.99973	1.00178	2872
2016-01-18 00:00	1.00179	1.00723	1.00126	1.00499	57266
2016-01-19 00:00	1.00500	1.00815	1.00013	1.00332	100293
2016-01-20 00:00	1.00332	1.00602	0.99902	1.00586	133490
2016-01-21 00:00	1.00586	1.01463	1.00122	1.00795	147709
2016-01-22 00:00	1.00790	1.01655	1.00688	1.01533	108583
2016-01-24 00:00	1.01504	1.01673	1.01496	1.01625	1986
2016-01-25 00:00	1.01625	1.01628	1.01228	1.01244	97045
2016-01-26 00:00	1.01244	1.01982	1.01171	1.01706	97548
2016-01-27 00:00	1.01706	1.01885	1.01298	1.01445	113720
2016-01-28 00:00	1.01445	1.01771	1.01103	1.01397	110009
2016-01-29 00:00	1.01397	1.02559	1.01326	1.02244	126976
2016-01-31 00:00	1.02141	1.02490	1.02141	1.02440	4109
2016-02-01 00:00	1.02440	1.02454	1.01551	1.01954	99397
2016-02-02 00:00	1.01954	1.02240	1.01700	1.01869	102530
2016-02-03 00:00	1.01871	1.01937	0.99870	1.00529	139945
2016-02-04 00:00	1.00531	1.00735	0.99213	0.99332	158592
2016-02-05 00:00	0.99331	0.99848	0.98810	0.99059	137968
2016-02-07 00:00	0.99186	0.99295	0.99170	0.99279	2378
2016-02-08 00:00	0.99279	0.99726	0.98405	0.98721	164646
2016-02-09 00:00	0.98721	0.98732	0.96946	0.97298	191924
2016-02-10 00:00	0.97296	0.98190	0.97093	0.97311	194420
2016-02-11 00:00	0.97317	0.97618	0.96606	0.97233	194264
2016-02-12 00:00	0.97226	0.97904	0.97132	0.97644	135670
2016-02-14 00:00	0.97673	0.97881	0.97636	0.97815	4375
2016-02-15 00:00	0.97816	0.98888	0.97715	0.98602	102518
2016-02-16 00:00	0.98603	0.98958	0.98467	0.98833	127631
2016-02-17 00:00	0.98833	0.99414	0.98531	0.99265	130620
2016-02-18 00:00	0.99264	0.99683	0.99039	0.99309	122553
2016-02-19 00:00	0.99310	0.99671	0.98880	0.98925	119776
2016-02-21 00:00	0.98964	0.99095	0.98846	0.99054	6767
2016-02-22 00:00	0.99056	1.00030	0.99037	1.00001	110758
2016-02-23 00:00	1.00001	1.00002	0.98960	0.99133	106300
2016-02-24 00:00	0.99132	0.99521	0.98524	0.98921	118620
2016-02-25 00:00	0.98922	0.99521	0.98769	0.99020	108268
2016-02-26 00:00	0.99019	0.99885	0.98708	0.99629	99080
2016-02-28 00:00	0.99646	0.99824	0.99644	0.99673	4168
2016-02-29 00:00	0.99674	1.00379	0.99484	0.99788	100604
2016-03-01 00:00	0.99793	1.00091	0.99596	0.99668	107096
2016-03-02 00:00	0.99669	1.00084	0.99546	0.99654	119753
2016-03-03 00:00	0.99654	0.99822	0.98917	0.99246	116661
2016-03-04 00:00	0.99246	0.99882	0.98783	0.99262	125652
2016-03-06 00:00	0.99241	0.99479	0.99241	0.99426	4010
2016-03-07 00:00	0.99427	1.00118	0.99275	0.99576	101994
2016-03-08 00:00	0.99576	0.99710	0.99010	0.99641	107263
2016-03-09 00:00	0.99641	1.00389	0.99395	0.99812	105718
2016-03-10 00:00	0.99814	1.00921	0.98096	0.98452	152087
2016-03-11 00:00	0.98453	0.98900	0.98028	0.98201	110784
2016-03-13 00:00	0.98381	0.98397	0.98156	0.98281	5718
2016-03-14 00:00	0.98282	0.98814	0.98248	0.98705	97636
2016-03-15 00:00	0.98704	0.98956	0.98488	0.98714	97038
2016-03-16 00:00	0.98713	0.99130	0.97494	0.97795	117072
2016-03-17 00:00	0.97794	0.97862	0.96509	0.96717	122886
2016-03-18 00:00	0.96717	0.97168	0.96542	0.96914	110008
2016-03-20 00:00	0.96873	0.97031	0.96873	0.96977	2661
2016-03-21 00:00	0.96976	0.97299	0.96749	0.97073	90890
2016-03-22 00:00	0.97074	0.97359	0.96881	0.97285	102742
2016-03-23 00:00	0.97285	0.97657	0.97258	0.97549	93355
2016-03-24 00:00	0.97550	0.97730	0.97366	0.97591	82038
2016-03-25 00:00	0.97591	0.97863	0.97576	0.97725	28269
2016-03-27 00:00	0.97723	0.97852	0.97639	0.97846	3534
2016-03-28 00:00	0.97846	0.97856	0.97223	0.97355	44112
2016-03-29 00:00	0.97356	0.97624	0.96573	0.96649	110485
2016-03-30 00:00	0.96649	0.96696	0.95922	0.96509	105001
2016-03-31 00:00	0.96512	0.96623	0.95713	0.96116	111585
2016-04-01 00:00	0.96114	0.96251	0.95543	0.95757	103180
2016-04-03 00:00	0.95719	0.95916	0.95697	0.95861	3330
2016-04-04 00:00	0.95861	0.96146	0.95726	0.95906	90816
2016-04-05 00:00	0.95911	0.96044	0.95460	0.95661	102002
2016-04-06 00:00	0.95664	0.96213	0.95300	0.95576	105180
2016-04-07 00:00	0.95576	0.95808	0.95213	0.95635	109996
2016-04-08 00:00	0.95642	0.95822	0.95246	0.95330	86720
2016-04-10 00:00	0.95204	0.95354	0.95196	0.95330	3400
2016-04-11 00:00	0.95329	0.95700	0.95021	0.95407	90698
2016-04-12 00:00	0.95408	0.95930	0.94987	0.95539	95181
2016-04-13 00:00	0.95539	0.96714	0.95487	0.96655	102814
2016-04-14 00:00	0.96656	0.96877	0.96371	0.96645	97143
2016-04-15 00:00	0.96646	0.96876	0.96475	0.96735	77795
2016-04-17 00:00	0.96378	0.96722	0.96378	0.96632	3766
2016-04-18 00:00	0.96629	0.96788	0.96274	0.96460	80505
2016-04-19 00:00	0.96460	0.96495	0.95846	0.96189	86743
2016-04-20 00:00	0.96188	0.97327	0.96023	0.97123	95026
2016-04-21 00:00	0.97123	0.97531	0.96474	0.97492	113552
2016-04-22 00:00	0.97495	0.97967	0.97317	0.97811	100183
2016-04-24 00:00	0.97839	0.97889	0.97779	0.97836	4348
2016-04-25 00:00	0.97835	0.97845	0.97358	0.97498	98495
2016-04-26 00:00	0.97501	0.97665	0.97014	0.97373	100639
2016-04-27 00:00	0.97371	0.97524	0.96793	0.97093	115296
2016-04-28 00:00	0.97092	0.97327	0.96562	0.96625	123349
2016-04-29 00:00	0.96625	0.96646	0.95677	0.95922	115124
2016-05-01 00:00	0.95732	0.95945	0.95720	0.95875	6202
2016-05-02 00:00	0.95878	0.96047	0.95344	0.95526	86118
2016-05-03 00:00	0.95527	0.95532	0.94437	0.95379	114775
2016-05-04 00:00	0.95378	0.95896	0.95331	0.95703	112995
2016-05-05 00:00	0.95703	0.96961	0.95686	0.96812	97447
2016-05-06 00:00	0.96810	0.97285	0.96518	0.97217	95563
2016-05-08 00:00	0.97152	0.97313	0.97152	0.97268	3494
2016-05-09 00:00	0.97268	0.97354	0.96836	0.97119	82879
2016-05-10 00:00	0.97117	0.97623	0.96980	0.97534	82286
2016-05-11 00:00	0.97537	0.97559	0.96982	0.97098	79356
2016-05-12 00:00	0.97098	0.97253	0.96635	0.97098	79590
2016-05-13 00:00	0.97098	0.97738	0.97015	0.97440	92341
2016-05-15 00:00	0.97387	0.97622	0.97386	0.97552	3617
2016-05-16 00:00	0.97552	0.97837	0.97471	0.97814	60643
2016-05-17 00:00	0.97812	0.98077	0.97508	0.98013	77190
2016-05-18 00:00	0.98013	0.98805	0.97978	0.98795	96347
2016-05-19 00:00	0.98796	0.99220	0.98623	0.99084	93115
2016-05-20 00:00	0.99085	0.99266	0.98956	0.99012	63837
2016-05-22 00:00	0.99045	0.99116	0.99036	0.99116	2744
2016-05-23 00:00	0.99116	0.99230	0.98828	0.98966	74762
2016-05-24 00:00	0.98966	0.99373	0.98933	0.99315	81215
2016-05-25 00:00	0.99315	0.99329	0.98963	0.99116	78362
2016-05-26 00:00	0.99117	0.99276	0.98717	0.98924	85314
2016-05-27 00:00	0.98924	0.99484	0.98848	0.99454	93671
2016-05-29 00:00	0.99430	0.99489	0.99420	0.99476	4175
2016-05-30 00:00	0.99476	0.99558	0.99145	0.99148	63961
2016-05-31 00:00	0.99148	0.99506	0.98860	0.99305	105498
2016-06-01 00:00	0.99305	0.99506	0.98616	0.98841	120414
2016-06-02 00:00	0.98841	0.99100	0.98581	0.99037	109285
2016-06-03 00:00	0.99038	0.99197	0.97534	0.97568	116668
2016-06-05 00:00	0.97580	0.97740	0.97530	0.97583	6386
2016-06-06 00:00	0.97586	0.97755	0.96813	0.97019	108159
2016-06-07 00:00	0.97019	0.97133	0.96445	0.96533	83079
2016-06-08 00:00	0.96534	0.96587	0.95809	0.95841	77304
2016-06-09 00:00	0.95840	0.96557	0.95776	0.96457	78996
2016-06-10 00:00	0.96456	0.96574	0.96160	0.96324	80853
2016-06-12 00:00	0.96291	0.96531	0.96291	0.96457	4481
2016-06-13 00:00	0.96457	0.96780	0.96229	0.96265	89639
2016-06-14 00:00	0.96264	0.96682	0.96206	0.96366	85591
2016-06-15 00:00	0.96361	0.96634	0.95907	0.96102	93022
2016-06-16 00:00	0.96102	0.96863	0.95712	0.96494	130050
2016-06-17 00:00	0.96473	0.96560	0.95880	0.95892	84565
2016-06-19 00:00	0.95989	0.96416	0.95965	0.95982	8534
2016-06-20 00:00	0.95982	0.96324	0.95750	0.96199	89578
2016-06-21 00:00	0.96199	0.96274	0.95717	0.96216	83148
2016-06-22 00:00	0.96214	0.96274	0.95503	0.95960	86949
2016-06-23 00:00	0.95960	0.96553	0.95211	0.96167	119719
2016-06-24 00:00	0.96169	0.98023	0.95888	0.97079	205021
2016-06-26 00:00	0.97323	0.97468	0.97055	0.97288	11235
2016-06-27 00:00	0.97288	0.98189	0.97192	0.97856	132994
2016-06-28 00:00	0.97858	0.98367	0.97627	0.98046	92557
2016-06-29 00:00	0.98046	0.98227	0.97793	0.97948	90475
2016-06-30 00:00	0.97949	0.98200	0.97273	0.97627	112920
2016-07-01 00:00	0.97625	0.97805	0.97100	0.97247	84722
2016-07-03 00:00	0.97191	0.97504	0.97186	0.97445	2666
2016-07-04 00:00	0.97445	0.97583	0.96999	0.97093	47059
2016-07-05 00:00	0.97096	0.97741	0.96849	0.97695	79136
2016-07-06 00:00	0.97695	0.98056	0.97399	0.97501	92018
2016-07-07 00:00	0.97501	0.97935	0.97404	0.97868	82307
2016-07-08 00:00	0.97867	0.98657	0.97603	0.98279	78789
2016-07-10 00:00	0.98135	0.98351	0.98135	0.98321	6045
2016-07-11 00:00	0.98322	0.98573	0.98152	0.98267	82465
2016-07-12 00:00	0.98268	0.98938	0.97950	0.98905	93149
2016-07-13 00:00	0.98905	0.98941	0.98211	0.98438	86670
2016-07-14 00:00	0.98438	0.98476	0.97641	0.98151	103290
2016-07-15 00:00	0.98149	0.98467	0.97820	0.98154	90568
2016-07-17 00:00	0.98149	0.98402	0.98133	0.98362	5169
2016-07-18 00:00	0.98360	0.98464	0.98109	0.98285	76174
2016-07-19 00:00	0.98285	0.98773	0.98149	0.98602	81714
2016-07-20 00:00	0.98602	0.99043	0.98502	0.98648	221238
2016-07-21 00:00	0.98651	0.99064	0.98401	0.98494	382404
2016-07-22 00:00	0.98494	0.98951	0.98430	0.98680	313319
2016-07-24 00:00	0.98678	0.98838	0.98671	0.98818	8183
2016-07-25 00:00	0.98818	0.98945	0.98492	0.98594	291820
2016-07-26 00:00	0.98594	0.99274	0.98344	0.99204	329009
2016-07-27 00:00	0.99205	0.99499	0.98459	0.98484	387021
2016-07-28 00:00	0.98484	0.98646	0.97935	0.97970	354092
2016-07-29 00:00	0.97971	0.98011	0.96354	0.96890	403952
2016-07-31 00:00	0.96897	0.96974	0.96828	0.96944	10017
2016-08-01 00:00	0.96944	0.97027	0.96633	0.96824	302795
2016-08-02 00:00	0.96825	0.96840	0.96331	0.96490	330481
2016-08-03 00:00	0.96489	0.97383	0.96487	0.97276	290640
2016-08-04 00:00	0.97279	0.97494	0.97209	0.97381	274806
2016-08-05 00:00	0.97381	0.98303	0.97263	0.98066	238362
2016-08-07 00:00	0.97853	0.98175	0.97849	0.98048	6553
2016-08-08 00:00	0.98048	0.98414	0.97891	0.98285	232142
2016-08-09 00:00	0.98285	0.98431	0.98079	0.98158	244123
2016-08-10 00:00	0.98158	0.98158	0.97338	0.97383	251491
2016-08-11 00:00	0.97383	0.97655	0.97109	0.97500	233851
2016-08-12 00:00	0.97499	0.97654	0.97078	0.97447	222270
2016-08-14 00:00	0.97314	0.97546	0.97299	0.97463	9481
2016-08-15 00:00	0.97463	0.97586	0.97127	0.97304	217997
2016-08-16 00:00	0.97304	0.97334	0.95888	0.96175	265266
2016-08-17 00:00	0.96176	0.96574	0.95965	0.96151	285053
2016-08-18 00:00	0.96151	0.96182	0.95369	0.95457	297335
2016-08-19 00:00	0.95457	0.96107	0.95456	0.95981	258170
2016-08-21 00:00	0.96052	0.96191	0.95983	0.96183	12814
2016-08-22 00:00	0.96183	0.96484	0.96106	0.96312	301061
2016-08-23 00:00	0.96312	0.96355	0.95935	0.96338	306970
2016-08-24 00:00	0.96338	0.96834	0.96259	0.96727	372838
2016-08-25 00:00	0.96728	0.96872	0.96408	0.96721	287857
2016-08-26 00:00	0.96722	0.97922	0.96314	0.97789	397293
2016-08-28 00:00	0.97784	0.97867	0.97761	0.97788	8673
2016-08-29 00:00	0.97787	0.98064	0.97644	0.97790	332025
2016-08-30 00:00	0.97790	0.98441	0.97790	0.98307	337205
2016-08-31 00:00	0.98307	0.98629	0.98174	0.98369	342780
2016-09-01 00:00	0.98369	0.98845	0.97848	0.97983	384228
2016-09-02 00:00	0.97982	0.98189	0.97386	0.98016	334549
2016-09-04 00:00	0.97940	0.98059	0.97876	0.98009	6917
2016-09-05 00:00	0.98009	0.98136	0.97719	0.98007	193528
2016-09-06 00:00	0.98007	0.98102	0.96929	0.97020	357316
2016-09-07 00:00	0.97022	0.97091	0.96695	0.96975	301740
2016-09-08 00:00	0.96975	0.97372	0.96491	0.97184	350025
2016-09-09 00:00	0.97184	0.97841	0.97100	0.97518	312822
2016-09-11 00:00	0.97464	0.97547	0.97415	0.97486	9343
2016-09-12 00:00	0.97486	0.97628	0.96899	0.97149	364963
2016-09-13 00:00	0.97148	0.97842	0.97068	0.97685	370806
2016-09-14 00:00	0.97685	0.97894	0.97059	0.97332	352992
2016-09-15 00:00	0.97334	0.97674	0.96936	0.97122	323795
2016-09-16 00:00	0.97123	0.98178	0.97112	0.97943	289779
2016-09-18 00:00	0.97935	0.98047	0.97916	0.97976	11303
2016-09-19 00:00	0.97976	0.98185	0.97829	0.98016	231808
2016-09-20 00:00	0.98016	0.98103	0.97617	0.97906	281425
2016-09-21 00:00	0.97906	0.98138	0.97199	0.97364	382251
2016-09-22 00:00	0.97364	0.97408	0.96595	0.96917	302257
2016-09-23 00:00	0.96916	0.97421	0.96882	0.96987	329904
2016-09-25 00:00	0.96914	0.97044	0.96894	0.96931	9041
2016-09-26 00:00	0.96930	0.97086	0.96610	0.96911	298295
2016-09-27 00:00	0.96911	0.97285	0.96610	0.97056	306207
2016-09-28 00:00	0.97056	0.97366	0.96910	0.97055	288814
2016-09-29 00:00	0.97055	0.97232	0.96397	0.96611	291009
2016-09-30 00:00	0.96610	0.97550	0.96475	0.97125	332499
2016-10-02 00:00	0.97115	0.97233	0.96970	0.97197	8107
2016-10-03 00:00	0.97197	0.97442	0.97040	0.97387	236929
2016-10-04 00:00	0.97386	0.98285	0.97379	0.97842	332486
2016-10-05 00:00	0.97842	0.97896	0.97329	0.97408	300805
2016-10-06 00:00	0.97408	0.98191	0.97372	0.98050	306748
2016-10-07 00:00	0.98052	0.98390	0.97672	0.97702	359733
2016-10-09 00:00	0.97696	0.97892	0.97628	0.97761	8349
2016-10-10 00:00	0.97761	0.98388	0.97719	0.98214	187951
2016-10-11 00:00	0.98214	0.98931	0.98214	0.98810	294788
2016-10-12 00:00	0.98809	0.99093	0.98759	0.99020	294518
2016-10-13 00:00	0.99019	0.99090	0.98590	0.98664	310864
2016-10-14 00:00	0.98663	0.99045	0.98557	0.99011	271853
2016-10-16 00:00	0.99044	0.99070	0.98983	0.99046	4564
2016-10-17 00:00	0.99045	0.99062	0.98713	0.98806	227751
2016-10-18 00:00	0.98806	0.99145	0.98664	0.99019	234548
2016-10-19 00:00	0.99019	0.99049	0.98749	0.98911	248929
2016-10-20 00:00	0.98911	0.99328	0.98426	0.99261	231771
2016-10-21 00:00	0.99261	0.99616	0.99261	0.99304	246591
2016-10-23 00:00	0.99384	0.99455	0.99366	0.99423	7880
2016-10-24 00:00	0.99425	0.99562	0.99153	0.99396	128671
2016-10-25 00:00	0.99397	0.99985	0.99323	0.99462	80916
2016-10-26 00:00	0.99464	0.99582	0.99033	0.99341	73169
2016-10-27 00:00	0.99342	0.99507	0.99114	0.99376	76882
2016-10-28 00:00	0.99375	0.99501	0.98576	0.98731	87330
2016-10-30 00:00	0.98670	0.98804	0.98650	0.98756	3974
2016-10-31 00:00	0.98756	0.99073	0.98735	0.98921	76260
2016-11-01 00:00	0.98922	0.98984	0.97284	0.97519	97727
2016-11-02 00:00	0.97519	0.97539	0.96949	0.97311	110432
2016-11-03 00:00	0.97311	0.97600	0.96950	0.97447	104283
2016-11-04 00:00	0.97450	0.97579	0.96745	0.96808	87189
2016-11-06 00:00	0.97764	0.97764	0.97340	0.97446	5962
2016-11-07 00:00	0.97452	0.97891	0.97295	0.97411	85092
2016-11-08 00:00	0.97410	0.98242	0.97350	0.97956	84328
2016-11-09 00:00	0.97956	0.98491	0.95493	0.98453	225086
2016-11-10 00:00	0.98454	0.98963	0.98202	0.98720	142433
2016-11-11 00:00	0.98720	0.98929	0.98318	0.98745	142615
2016-11-13 00:00	0.98889	0.98992	0.98838	0.98967	8486
2016-11-14 00:00	0.98968	1.00016	0.98939	0.99717	161034
2016-11-15 00:00	0.99716	1.00242	0.99288	1.00150	141227
2016-11-16 00:00	1.00152	1.00572	0.99834	1.00090	137005
2016-11-17 00:00	1.00094	1.00747	0.99939	1.00747	130770
2016-11-18 00:00	1.00746	1.01228	1.00599	1.00993	148452
2016-11-20 00:00	1.01009	1.01141	1.00980	1.01105	8746
2016-11-21 00:00	1.01104	1.01165	1.00742	1.00778	146055
2016-11-22 00:00	1.00784	1.01341	1.00673	1.01079	124744
2016-11-23 00:00	1.01077	1.01818	1.00916	1.01746	111552
2016-11-24 00:00	1.01745	1.01914	1.01450	1.01684	98148
2016-11-25 00:00	1.01682	1.01857	1.01047	1.01261	140524
2016-11-27 00:00	1.01139	1.01408	1.01107	1.01260	5183
2016-11-28 00:00	1.01263	1.01677	1.00789	1.01226	138039
2016-11-29 00:00	1.01227	1.01761	1.01104	1.01166	122240
2016-11-30 00:00	1.01165	1.02046	1.01065	1.01702	155322
2016-12-01 00:00	1.01701	1.01735	1.00995	1.01060	152400
2016-12-02 00:00	1.01058	1.01224	1.00729	1.00998	127825
2016-12-04 00:00	1.01193	1.01812	1.00978	1.01452	17498
2016-12-05 00:00	1.01453	1.01772	1.00497	1.00696	138351
2016-12-06 00:00	1.00696	1.01151	1.00493	1.00995	98858
2016-12-07 00:00	1.00996	1.01095	1.00653	1.00684	86660
2016-12-08 00:00	1.00683	1.01777	1.00200	1.01589	127455
2016-12-09 00:00	1.01590	1.02133	1.01530	1.01656	102562
2016-12-11 00:00	1.01791	1.01845	1.01641	1.01802	4470
2016-12-12 00:00	1.01801	1.01986	1.01234	1.01307	125829
2016-12-13 00:00	1.01313	1.01458	1.01001	1.01181	122942
2016-12-14 00:00	1.01180	1.02236	1.00832	1.02234	142803
2016-12-15 00:00	1.02231	1.03433	1.02147	1.02973	186780
2016-12-16 00:00	1.02970	1.03112	1.02411	1.02634	148891
2016-12-18 00:00	1.02584	1.02718	1.02583	1.02673	8260
2016-12-19 00:00	1.02676	1.02829	1.02208	1.02721	124112
2016-12-20 00:00	1.02721	1.03202	1.02597	1.02894	145089
2016-12-21 00:00	1.02893	1.02952	1.02267	1.02661	110351
2016-12-22 00:00	1.02662	1.02691	1.02181	1.02566	108567
2016-12-23 00:00	1.02567	1.02807	1.02428	1.02600	69059
2016-12-25 00:00	1.02400	1.02636	1.02400	1.02607	1493
2016-12-26 00:00	1.02607	1.02749	1.02446	1.02675	67538
2016-12-27 00:00	1.02676	1.02977	1.02665	1.02768	94089
2016-12-28 00:00	1.02767	1.03209	1.02643	1.02836	93313
2016-12-29 00:00	1.02835	1.02839	1.00561	1.01711	118449
2016-12-30 00:00	1.01711	1.02312	1.01436	1.01772	139570
2017-01-01 00:00	1.01799	1.01877	1.01627	1.01877	574
2017-01-02 00:00	1.01880	1.02490	1.01733	1.02416	54733
2017-01-03 00:00	1.02416	1.03348	1.02103	1.02614	133238
2017-01-04 00:00	1.02614	1.02907	1.01893	1.02024	140192
2017-01-05 00:00	1.02026	1.02206	1.00866	1.00982	178427
2017-01-06 00:00	1.00987	1.01838	1.00960	1.01682	161458
2017-01-08 00:00	1.01717	1.01786	1.01695	1.01743	3283
2017-01-09 00:00	1.01742	1.01971	1.01297	1.01426	131091
2017-01-10 00:00	1.01427	1.01778	1.01102	1.01683	141839
2017-01-11 00:00	1.01683	1.02477	1.01010	1.01330	180011
2017-01-12 00:00	1.01330	1.01492	1.00558	1.01042	172300
2017-01-13 00:00	1.01045	1.01213	1.00413	1.00816	149520
2017-01-15 00:00	1.00939	1.01084	1.00900	1.00992	5263
2017-01-16 00:00	1.00991	1.01363	1.00902	1.01115	95815
2017-01-17 00:00	1.01116	1.01158	0.99959	1.00294	167126
2017-01-18 00:00	1.00294	1.00822	1.00088	1.00782	139311
2017-01-19 00:00	1.00783	1.01220	1.00413	1.00638	161048
2017-01-20 00:00	1.00637	1.00936	1.00117	1.00117	148257
2017-01-22 00:00	1.00133	1.00245	1.00079	1.00118	5665
2017-01-23 00:00	1.00117	1.00185	0.99595	0.99727	136381
2017-01-24 00:00	0.99728	1.00189	0.99606	1.00107	120258
2017-01-25 00:00	1.00107	1.00258	0.99658	0.99905	134349
2017-01-26 00:00	0.99905	1.00259	0.99680	0.99988	132716
2017-01-27 00:00	0.99989	1.00275	0.99693	0.99896	116656
2017-01-29 00:00	0.99664	0.99821	0.99644	0.99731	3892
2017-01-30 00:00	0.99732	1.00443	0.99338	0.99443	123345
2017-01-31 00:00	0.99444	0.99658	0.98610	0.98908	151628
2017-02-01 00:00	0.98909	0.99572	0.98834	0.99309	136399
2017-02-02 00:00	0.99312	0.99327	0.98694	0.99240	140240
2017-02-03 00:00	0.99240	0.99854	0.99066	0.99208	134400
2017-02-05 00:00	0.99164	0.99269	0.99151	0.99230	3212
2017-02-06 00:00	0.99230	0.99615	0.99035	0.99131	140348
2017-02-07 00:00	0.99133	1.00064	0.99119	0.99771	139895
2017-02-08 00:00	0.99771	0.99994	0.99297	0.99530	138292
2017-02-09 00:00	0.99530	1.00191	0.99360	1.00149	142022
2017-02-10 00:00	1.00151	1.00618	1.00093	1.00199	133906
2017-02-12 00:00	1.00287	1.00458	1.00245	1.00451	4522
2017-02-13 00:00	1.00449	1.00692	1.00185	1.00549	117513
2017-02-14 00:00	1.00547	1.00843	1.00307	1.00626	129320
2017-02-15 00:00	1.00625	1.01184	1.00467	1.00491	136896
2017-02-16 00:00	1.00489	1.00513	0.99665	0.99716	132436
2017-02-17 00:00	0.99721	1.00334	0.99692	1.00236	127167
2017-02-19 00:00	1.00269	1.00282	1.00115	1.00208	6446
2017-02-20 00:00	1.00209	1.00442	1.00166	1.00323	93785
2017-02-21 00:00	1.00322	1.01051	1.00289	1.00919	125799
2017-02-22 00:00	1.00919	1.01407	1.00774	1.01094	135781
2017-02-23 00:00	1.01095	1.01160	1.00537	1.00611	113012
2017-02-24 00:00	1.00607	1.00804	1.00252	1.00724	106488
2017-02-26 00:00	1.00710	1.00892	1.00704	1.00891	6126
2017-02-27 00:00	1.00890	1.00978	1.00456	1.00948	108572
2017-02-28 00:00	1.00947	1.01013	1.00089	1.00660	118218
2017-03-01 00:00	1.00662	1.01288	1.00525	1.01027	138771
2017-03-02 00:00	1.01027	1.01459	1.00915	1.01317	115066
2017-03-03 00:00	1.01317	1.01370	1.00721	1.00721	117788
2017-03-05 00:00	1.00802	1.00958	1.00770	1.00776	12607
2017-03-06 00:00	1.00777	1.01291	1.00725	1.01201	105521
2017-03-07 00:00	1.01201	1.01703	1.01069	1.01308	96917
2017-03-08 00:00	1.01309	1.01543	1.01231	1.01435	104990
2017-03-09 00:00	1.01436	1.01607	1.00917	1.01220	130807
2017-03-10 00:00	1.01220	1.01406	1.00784	1.01045	125059
2017-03-12 00:00	1.00976	1.01033	1.00932	1.00972	2752
2017-03-13 00:00	1.00975	1.01166	1.00602	1.00756	109354
2017-03-14 00:00	1.00757	1.01077	1.00686	1.00941	101610
2017-03-15 00:00	1.00939	1.00984	0.99854	1.00003	115964
2017-03-16 00:00	1.00003	1.00064	0.99508	0.99609	128957
2017-03-17 00:00	0.99607	0.99863	0.99420	0.99830	90052
2017-03-19 00:00	0.99769	0.99817	0.99726	0.99742	3396
2017-03-20 00:00	0.99742	1.00022	0.99568	0.99886	91886
2017-03-21 00:00	0.99885	0.99895	0.99215	0.99336	116206
2017-03-22 00:00	0.99337	0.99457	0.98816	0.99233	118325
2017-03-23 00:00	0.99235	0.99416	0.99116	0.99323	108440
2017-03-24 00:00	0.99323	0.99589	0.98888	0.99124	94876
2017-03-26 00:00	0.98848	0.98953	0.98778	0.98809	6532
2017-03-27 00:00	0.98809	0.98873	0.98133	0.98574	104039
2017-03-28 00:00	0.98574	0.99347	0.98312	0.99215	94087
2017-03-29 00:00	0.99215	0.99757	0.99127	0.99658	98946
2017-03-30 00:00	0.99659	1.00136	0.99483	1.00031	92872
2017-03-31 00:00	1.00033	1.00296	0.99946	1.00266	99984
2017-04-02 00:00	1.00145	1.00260	1.00145	1.00221	5063
2017-04-03 00:00	1.00222	1.00373	1.00074	1.00156	87955
2017-04-04 00:00	1.00156	1.00371	1.00114	1.00168	83867
2017-04-05 00:00	1.00170	1.00788	1.00120	1.00379	91645
2017-04-06 00:00	1.00382	1.00673	1.00262	1.00530	92379
2017-04-07 00:00	1.00532	1.00960	1.00282	1.00864	109485
2017-04-09 00:00	1.00886	1.00987	1.00857	1.00944	3695
2017-04-10 00:00	1.00943	1.01074	1.00745	1.00806	78160
2017-04-11 00:00	1.00806	1.00936	1.00560	1.00702	93688
2017-04-12 00:00	1.00704	1.00893	1.00199	1.00207	112019
2017-04-13 00:00	1.00206	1.00668	1.00082	1.00547	99872
2017-04-14 00:00	1.00546	1.00593	1.00281	1.00524	43417
2017-04-16 00:00	1.00195	1.00569	1.00185	1.00505	4806
2017-04-17 00:00	1.00507	1.00530	1.00096	1.00425	58825
2017-04-18 00:00	1.00425	1.00474	0.99551	0.99637	111101
2017-04-19 00:00	0.99637	0.99920	0.99562	0.99784	96313
2017-04-20 00:00	0.99787	0.99915	0.99406	0.99892	95818
2017-04-21 00:00	0.99892	0.99991	0.99561	0.99581	86643
2017-04-23 00:00	0.98947	0.99364	0.98947	0.99295	11636
2017-04-24 00:00	0.99295	0.99802	0.99289	0.99582	119566
2017-04-25 00:00	0.99582	0.99695	0.99183	0.99359	99169
2017-04-26 00:00	0.99359	0.99688	0.99192	0.99321	111204
2017-04-27 00:00	0.99322	0.99634	0.99198	0.99438	101145
2017-04-28 00:00	0.99438	0.99582	0.98934	0.99467	93627
2017-04-30 00:00	0.99354	0.99477	0.99327	0.99425	4961
2017-05-01 00:00	0.99425	0.99652	0.99279	0.99568	48051
2017-05-02 00:00	0.99568	0.99619	0.99096	0.99105	81028
2017-05-03 00:00	0.99104	0.99481	0.98907	0.99416	89841
2017-05-04 00:00	0.99418	0.99567	0.98589	0.98611	101175
2017-05-05 00:00	0.98610	0.99031	0.98584	0.98664	90623
2017-05-07 00:00	0.98702	0.98997	0.98702	0.98986	7708
2017-05-08 00:00	0.98986	0.99913	0.98840	0.99811	102482
2017-05-09 00:00	0.99809	1.00906	0.99790	1.00671	100948
2017-05-10 00:00	1.00674	1.00947	1.00482	1.00907	93541
2017-05-11 00:00	1.00906	1.00995	1.00562	1.00783	81798
2017-05-12 00:00	1.00783	1.00857	0.99873	1.00061	84196
2017-05-14 00:00	0.99994	1.00141	0.99967	1.00096	4283
2017-05-15 00:00	1.00097	1.00195	0.99560	0.99574	79454
2017-05-16 00:00	0.99574	0.99603	0.98405	0.98434	90209
2017-05-17 00:00	0.98435	0.98501	0.97741	0.97919	109811
2017-05-18 00:00	0.97918	0.98249	0.97588	0.97954	124902
2017-05-19 00:00	0.97955	0.98050	0.97251	0.97260	88156
2017-05-21 00:00	0.97292	0.97374	0.97231	0.97316	4020
2017-05-22 00:00	0.97316	0.97653	0.96915	0.97315	83464
2017-05-23 00:00	0.97316	0.97632	0.97014	0.97617	96442
2017-05-24 00:00	0.97618	0.97762	0.97226	0.97244	97291
2017-05-25 00:00	0.97244	0.97357	0.97001	0.97315	74201
2017-05-26 00:00	0.97315	0.97609	0.96962	0.97390	84655
2017-05-28 00:00	0.97432	0.97515	0.97419	0.97492	2494
2017-05-29 00:00	0.97492	0.97941	0.97312	0.97920	44378
2017-05-30 00:00	0.97920	0.98076	0.97369	0.97573	86506
2017-05-31 00:00	0.97573	0.97608	0.96688	0.96814	91962
2017-06-01 00:00	0.96815	0.97193	0.96701	0.97127	77517
2017-06-02 00:00	0.97127	0.97189	0.96213	0.96222	72695
2017-06-04 00:00	0.96291	0.96377	0.96266	0.96310	5648
2017-06-05 00:00	0.96308	0.96640	0.96300	0.96498	54602
2017-06-06 00:00	0.96498	0.96529	0.96133	0.96248	77428
2017-06-07 00:00	0.96248	0.96771	0.96198	0.96469	92362
2017-06-08 00:00	0.96468	0.96958	0.96396	0.96904	103337
2017-06-09 00:00	0.96904	0.97275	0.96748	0.96885	89469
2017-06-11 00:00	0.96788	0.96922	0.96788	0.96902	2725
2017-06-12 00:00	0.96902	0.96946	0.96696	0.96897	66780
2017-06-13 00:00	0.96900	0.97005	0.96619	0.96876	64421
2017-06-14 00:00	0.96878	0.97354	0.96404	0.97130	105230
2017-06-15 00:00	0.97132	0.97703	0.97033	0.97509	88838
2017-06-16 00:00	0.97510	0.97569	0.97265	0.97360	73949
2017-06-18 00:00	0.97117	0.97357	0.97100	0.97319	2989
2017-06-19 00:00	0.97317	0.97629	0.96953	0.97601	71933
2017-06-20 00:00	0.97602	0.97659	0.97253	0.97463	75384
2017-06-21 00:00	0.97464	0.97534	0.97202	0.97244	69624
2017-06-22 00:00	0.97244	0.97425	0.97043	0.97178	68303
2017-06-23 00:00	0.97179	0.97203	0.96753	0.96914	62503
2017-06-25 00:00	0.96798	0.96988	0.96798	0.96908	2445
2017-06-26 00:00	0.96910	0.97379	0.96867	0.97241	77304
2017-06-27 00:00	0.97242	0.97326	0.95917	0.96051	104257
2017-06-28 00:00	0.96052	0.96470	0.95789	0.95958	114344
2017-06-29 00:00	0.95959	0.95974	0.95523	0.95550	104810
2017-06-30 00:00	0.95551	0.95979	0.95535	0.95759	93117
2017-07-02 00:00	0.95766	0.95907	0.95752	0.95879	3308
2017-07-03 00:00	0.95877	0.96425	0.95866	0.96314	80176
2017-07-04 00:00	0.96315	0.96593	0.96214	0.96418	68035
2017-07-05 00:00	0.96421	0.96879	0.96343	0.96436	118640
2017-07-06 00:00	0.96437	0.96597	0.95930	0.96030	98038
2017-07-07 00:00	0.96035	0.96539	0.96023	0.96361	89301
2017-07-09 00:00	0.96336	0.96437	0.96336	0.96351	2696
2017-07-10 00:00	0.96351	0.96748	0.96297	0.96600	68974
2017-07-11 00:00	0.96600	0.96960	0.96242	0.96316	87859
2017-07-12 00:00	0.96316	0.96616	0.96023	0.96503	113208
2017-07-13 00:00	0.96503	0.96869	0.96152	0.96684	121743
2017-07-14 00:00	0.96686	0.97003	0.96285	0.96326	115881
2017-07-16 00:00	0.96294	0.96419	0.96264	0.96338	8261
2017-07-17 00:00	0.96338	0.96583	0.95945	0.96325	91039
2017-07-18 00:00	0.96323	0.96342	0.95235	0.95510	127934
2017-07-19 00:00	0.95508	0.95605	0.95287	0.95470	104280
2017-07-20 00:00	0.95473	0.96209	0.94934	0.95138	175290
2017-07-21 00:00	0.95138	0.95225	0.94381	0.94536	120139
2017-07-23 00:00	0.94457	0.94563	0.94457	0.94465	6041
2017-07-24 00:00	0.94468	0.94762	0.94452	0.94744	112346
2017-07-25 00:00	0.94746	0.95281	0.94552	0.95268	132546
2017-07-26 00:00	0.95271	0.95949	0.94972	0.95117	157718
2017-07-27 00:00	0.95118	0.96618	0.94897	0.96374	165211
2017-07-28 00:00	0.96374	0.97264	0.96343	0.96834	160573
2017-07-30 00:00	0.96833	0.96962	0.96778	0.96920	5150
2017-07-31 00:00	0.96919	0.97124	0.96364	0.96737	125082
2017-08-01 00:00	0.96738	0.96830	0.96309	0.96537	113878
2017-08-02 00:00	0.96537	0.97130	0.96482	0.97047	138914
2017-08-03 00:00	0.97048	0.97167	0.96716	0.96783	109490
2017-08-04 00:00	0.96786	0.97639	0.96712	0.97267	99024
2017-08-06 00:00	0.97256	0.97320	0.97189	0.97276	9534
2017-08-07 00:00	0.97276	0.97461	0.97109	0.97349	72166
2017-08-08 00:00	0.97349	0.97728	0.97095	0.97309	90504
2017-08-09 00:00	0.97310	0.97339	0.96119	0.96343	107340
2017-08-10 00:00	0.96344	0.96748	0.96168	0.96171	95763
2017-08-11 00:00	0.96171	0.96380	0.95831	0.96134	101750
2017-08-13 00:00	0.96177	0.96289	0.96145	0.96286	7996
2017-08-14 00:00	0.96289	0.97323	0.96229	0.97256	95591
2017-08-15 00:00	0.97256	0.97583	0.97018	0.97239	99262
2017-08-16 00:00	0.97243	0.97653	0.96480	0.96499	112998
2017-08-17 00:00	0.96502	0.96982	0.96050	0.96224	117482
2017-08-18 00:00	0.96224	0.96695	0.95860	0.96480	99440
2017-08-20 00:00	0.96406	0.96573	0.96404	0.96567	8704
2017-08-21 00:00	0.96566	0.96851	0.96002	0.96234	85387
2017-08-22 00:00	0.96239	0.96883	0.96195	0.96859	84149
2017-08-23 00:00	0.96860	0.96984	0.96412	0.96484	95547
2017-08-24 00:00	0.96485	0.96680	0.96197	0.96524	89552
2017-08-25 00:00	0.96527	0.96621	0.95504	0.95645	118751
2017-08-27 00:00	0.95403	0.95561	0.95403	0.95535	13058
2017-08-28 00:00	0.95535	0.95780	0.94987	0.95237	106709
2017-08-29 00:00	0.95237	0.95700	0.94279	0.95569	143736
2017-08-30 00:00	0.95571	0.96453	0.95381	0.96371	132473
2017-08-31 00:00	0.96371	0.96793	0.95772	0.95955	134070
2017-09-01 00:00	0.95956	0.96522	0.95459	0.96436	118388
2017-09-03 00:00	0.95960	0.96145	0.95869	0.96084	11309
2017-09-04 00:00	0.96085	0.96175	0.95517	0.95879	113966
2017-09-05 00:00	0.95878	0.96144	0.95340	0.95368	145002
2017-09-06 00:00	0.95371	0.95947	0.95274	0.95571	135041
2017-09-07 00:00	0.95571	0.95695	0.94936	0.94958	152786
2017-09-08 00:00	0.94956	0.95003	0.94205	0.94394	168913
2017-09-10 00:00	0.94682	0.94774	0.94618	0.94754	5285
2017-09-11 00:00	0.94754	0.95689	0.94754	0.95627	136043
2017-09-12 00:00	0.95628	0.96179	0.95461	0.96003	143139
2017-09-13 00:00	0.96003	0.96604	0.95835	0.96359	128363
2017-09-14 00:00	0.96358	0.97049	0.96137	0.96140	150053
2017-09-15 00:00	0.96140	0.96468	0.95647	0.95927	116201
2017-09-17 00:00	0.96048	0.96089	0.95958	0.96072	2713
2017-09-18 00:00	0.96072	0.96407	0.95800	0.96144	123354
2017-09-19 00:00	0.96144	0.96484	0.95947	0.96246	138289
2017-09-20 00:00	0.96248	0.97179	0.95874	0.97123	191133
2017-09-21 00:00	0.97128	0.97473	0.96847	0.97026	230850
2017-09-22 00:00	0.97030	0.97073	0.96680	0.96923	182000
2017-09-24 00:00	0.97044	0.97127	0.96994	0.97074	5330
2017-09-25 00:00	0.97074	0.97461	0.96420	0.96616	136775
2017-09-26 00:00	0.96620	0.97265	0.96522	0.96937	141009
2017-09-27 00:00	0.96943	0.97693	0.96931	0.97184	146056
2017-09-28 00:00	0.97185	0.97590	0.96975	0.97063	128687
2017-09-29 00:00	0.97065	0.97205	0.96699	0.96765	109935
2017-10-01 00:00	0.96794	0.96939	0.96772	0.96823	3901
2017-10-02 00:00	0.96825	0.97543	0.96821	0.97450	112197
2017-10-03 00:00	0.97451	0.97859	0.97284	0.97308	101767
2017-10-04 00:00	0.97314	0.97616	0.97092	0.97530	98131
2017-10-05 00:00	0.97531	0.97953	0.97425	0.97824	95146
2017-10-06 00:00	0.97824	0.98362	0.97704	0.97743	105772
2017-10-08 00:00	0.97785	0.97844	0.97744	0.97784	2913
2017-10-09 00:00	0.97784	0.98071	0.97744	0.97969	69743
2017-10-10 00:00	0.97970	0.97989	0.97349	0.97457	99768
2017-10-11 00:00	0.97457	0.97666	0.97167	0.97313	111834
2017-10-12 00:00	0.97315	0.97634	0.97116	0.97497	105631
2017-10-13 00:00	0.97497	0.97710	0.97048	0.97426	101120
2017-10-15 00:00	0.97395	0.97534	0.97369	0.97457	3771
2017-10-16 00:00	0.97457	0.97687	0.97295	0.97535	102002
2017-10-17 00:00	0.97535	0.98086	0.97528	0.97792	102872
2017-10-18 00:00	0.97794	0.98361	0.97734	0.98110	110376
2017-10-19 00:00	0.98111	0.98114	0.97364	0.97621	124815
2017-10-20 00:00	0.97621	0.98522	0.97564	0.98388	128382
2017-10-22 00:00	0.98504	0.98633	0.98463	0.98591	4972
2017-10-23 00:00	0.98584	0.98808	0.98308	0.98462	105713
2017-10-24 00:00	0.98462	0.99120	0.98379	0.99086	113730
2017-10-25 00:00	0.99089	0.99395	0.98684	0.98890	144261
2017-10-26 00:00	0.98890	0.99829	0.98754	0.99795	137451
2017-10-27 00:00	0.99797	1.00377	0.99697	0.99716	125012
2017-10-29 00:00	0.99685	0.99882	0.99659	0.99799	4309
2017-10-30 00:00	0.99799	0.99962	0.99384	0.99482	106698
2017-10-31 00:00	0.99482	0.99944	0.99465	0.99766	104906
2017-11-01 00:00	0.99765	1.00371	0.99755	1.00254	117069
2017-11-02 00:00	1.00254	1.00254	0.99487	0.99924	127161
2017-11-03 00:00	0.99926	1.00242	0.99458	1.00030	96615
2017-11-05 00:00	0.99935	1.00075	0.99921	1.00031	2566
2017-11-06 00:00	1.00029	1.00287	0.99699	0.99777	98371
2017-11-07 00:00	0.99774	1.00191	0.99728	0.99825	108184
2017-11-08 00:00	0.99830	1.00063	0.99806	0.99983	83768
2017-11-09 00:00	0.99981	1.00176	0.99212	0.99396	114979
2017-11-10 00:00	0.99394	0.99682	0.99249	0.99575	76770
2017-11-12 00:00	0.99522	0.99668	0.99521	0.99658	3967
2017-11-13 00:00	0.99660	0.99865	0.99362	0.99641	65223
2017-11-14 00:00	0.99641	0.99702	0.98815	0.98967	84942
2017-11-15 00:00	0.98968	0.99107	0.98459	0.98846	117570
2017-11-16 00:00	0.98846	0.99450	0.98826	0.99347	91191
2017-11-17 00:00	0.99347	0.99355	0.98757	0.98842	95668
2017-11-19 00:00	0.98853	0.99007	0.98819	0.98949	8209
2017-11-20 00:00	0.98951	0.99371	0.98784	0.99326	96615
2017-11-21 00:00	0.99326	0.99465	0.98988	0.99053	80808
2017-11-22 00:00	0.99056	0.99105	0.97985	0.98212	98506
2017-11-23 00:00	0.98212	0.98277	0.97947	0.98163	98907
2017-11-24 00:00	0.98163	0.98268	0.97831	0.97875	101147
2017-11-26 00:00	0.97904	0.98053	0.97878	0.98038	2709
2017-11-27 00:00	0.98036	0.98195	0.97779	0.98129	77104
2017-11-28 00:00	0.98133	0.98522	0.98018	0.98408	103946
2017-11-29 00:00	0.98408	0.98695	0.98184	0.98445	95977
2017-11-30 00:00	0.98447	0.98819	0.98156	0.98397	103908
2017-12-01 00:00	0.98396	0.98703	0.97347	0.97550	130186
2017-12-03 00:00	0.98098	0.98241	0.97928	0.98241	4054
2017-12-04 00:00	0.98241	0.98666	0.98109	0.98462	97798
2017-12-05 00:00	0.98463	0.98871	0.98369	0.98749	91310
2017-12-06 00:00	0.98751	0.99093	0.98547	0.98933	87448
2017-12-07 00:00	0.98933	0.99473	0.98911	0.99469	76606
2017-12-08 00:00	0.99476	0.99774	0.99236	0.99247	74753
2017-12-10 00:00	0.99343	0.99403	0.99260	0.99293	1468
2017-12-11 00:00	0.99294	0.99302	0.98968	0.99139	72825
2017-12-12 00:00	0.99139	0.99354	0.98898	0.99150	71213
2017-12-13 00:00	0.99150	0.99282	0.98422	0.98548	97065
2017-12-14 00:00	0.98548	0.99040	0.98396	0.98897	105616
2017-12-15 00:00	0.98898	0.99340	0.98731	0.99009	94245
2017-12-17 00:00	0.98972	0.99128	0.98972	0.99111	7073
2017-12-18 00:00	0.99114	0.99173	0.98394	0.98560	89003
2017-12-19 00:00	0.98562	0.98784	0.98343	0.98555	96898
2017-12-20 00:00	0.98556	0.98851	0.98281	0.98624	90071
2017-12-21 00:00	0.98626	0.99093	0.98547	0.98877	80948
2017-12-22 00:00	0.98875	0.99110	0.98793	0.98793	82115
2017-12-24 00:00	0.98823	0.98939	0.98819	0.98822	120
2017-12-25 00:00	0.98828	0.98920	0.98770	0.98905	3751
2017-12-26 00:00	0.98906	0.99154	0.98857	0.98977	45939
2017-12-27 00:00	0.98979	0.99032	0.98497	0.98583	77729
2017-12-28 00:00	0.98583	0.98601	0.97711	0.97876	100740
2017-12-29 00:00	0.97875	0.97888	0.97337	0.97409	74544
2018-01-01 00:00	0.97348	0.97481	0.97287	0.97481	6128
2018-01-02 00:00	0.97481	0.97481	0.96992	0.97144	91540
2018-01-03 00:00	0.97145	0.97971	0.97140	0.97709	72917
2018-01-04 00:00	0.97710	0.97799	0.97328	0.97446	79476
2018-01-05 00:00	0.97447	0.97842	0.97390	0.97430	76230
2018-01-07 00:00	0.97468	0.97516	0.97392	0.97504	2009
2018-01-08 00:00	0.97501	0.97840	0.97453	0.97738	69130
2018-01-09 00:00	0.97739	0.98414	0.97650	0.98391	82498
2018-01-10 00:00	0.98391	0.98450	0.97538	0.97764	116013
2018-01-11 00:00	0.97767	0.98157	0.97317	0.97564	113773
2018-01-12 00:00	0.97564	0.97701	0.96654	0.96660	127967
2018-01-14 00:00	0.96797	0.96832	0.96690	0.96813	4175
2018-01-15 00:00	0.96813	0.96846	0.96027	0.96320	102129
2018-01-16 00:00	0.96320	0.96650	0.95810	0.95914	123694
2018-01-17 00:00	0.95913	0.96660	0.95722	0.96516	145495
2018-01-18 00:00	0.96515	0.96563	0.95745	0.95895	139593
2018-01-19 00:00	0.95895	0.96412	0.95353	0.96398	130139
2018-01-21 00:00	0.96089	0.96275	0.96027	0.96152	3143
2018-01-22 00:00	0.96155	0.96395	0.95922	0.96205	101537
2018-01-23 00:00	0.96214	0.96332	0.95648	0.95673	109989
2018-01-24 00:00	0.95673	0.95759	0.94263	0.94638	142455
2018-01-25 00:00	0.94640	0.94659	0.92892	0.94173	213549
2018-01-26 00:00	0.94174	0.94246	0.93231	0.93330	174506
2018-01-28 00:00	0.93315	0.93487	0.93250	0.93342	5032
2018-01-29 00:00	0.93347	0.93867	0.93344	0.93739	146342
2018-01-30 00:00	0.93739	0.93931	0.93098	0.93462	156078
2018-01-31 00:00	0.93463	0.93584	0.92889	0.93128	152055
2018-02-01 00:00	0.93127	0.93414	0.92556	0.92598	146696
2018-02-02 00:00	0.92600	0.93362	0.92577	0.93050	164505
2018-02-04 00:00	0.93202	0.93278	0.93081	0.93123	5071
2018-02-05 00:00	0.93123	0.93760	0.92869	0.93132	153815
2018-02-06 00:00	0.93131	0.93975	0.93062	0.93613	221296
2018-02-07 00:00	0.93615	0.94544	0.93395	0.94248	157094
2018-02-08 00:00	0.94248	0.94695	0.93483	0.93510	172673
2018-02-09 00:00	0.93512	0.94085	0.93512	0.93919	161089
2018-02-11 00:00	0.93917	0.94054	0.93917	0.93964	3042
2018-02-12 00:00	0.93964	0.94012	0.93633	0.93874	113889
2018-02-13 00:00	0.93875	0.93979	0.93220	0.93528	117657
2018-02-14 00:00	0.93529	0.93740	0.92725	0.92750	145073
2018-02-15 00:00	0.92751	0.92907	0.92100	0.92220	140684
2018-02-16 00:00	0.92220	0.92874	0.91872	0.92719	135157
2018-02-18 00:00	0.92722	0.92787	0.92635	0.92722	2682
2018-02-19 00:00	0.92723	0.93195	0.92624	0.92932	88081
2018-02-20 00:00	0.92933	0.93690	0.92892	0.93638	115579
2018-02-21 00:00	0.93638	0.93963	0.93423	0.93869	129395
2018-02-22 00:00	0.93869	0.94087	0.93224	0.93316	122220
2018-02-23 00:00	0.93316	0.93737	0.93273	0.93570	107289
2018-02-25 00:00	0.93610	0.93742	0.93582	0.93713	3874
2018-02-26 00:00	0.93714	0.93908	0.93251	0.93866	105192
2018-02-27 00:00	0.93865	0.94171	0.93580	0.93945	122396
2018-02-28 00:00	0.93945	0.94581	0.93872	0.94447	123488
2018-03-01 00:00	0.94447	0.94903	0.94094	0.94146	146078
2018-03-02 00:00	0.94146	0.94238	0.93382	0.93672	135857
2018-03-04 00:00	0.93679	0.93802	0.93450	0.93710	9983
2018-03-05 00:00	0.93710	0.94075	0.93528	0.93978	127470
2018-03-06 00:00	0.93979	0.94185	0.93595	0.93822	130392
2018-03-07 00:00	0.93823	0.94422	0.93570	0.94340	132294
2018-03-08 00:00	0.94340	0.95200	0.94216	0.95144	127598
2018-03-09 00:00	0.95143	0.95341	0.94874	0.95119	125812
2018-03-11 00:00	0.94902	0.95137	0.94902	0.95083	3237
2018-03-12 00:00	0.95083	0.95107	0.94588	0.94723	98320
2018-03-13 00:00	0.94726	0.94939	0.94292	0.94362	106844
2018-03-14 00:00	0.94362	0.94800	0.94239	0.94440	94914
2018-03-15 00:00	0.94440	0.95198	0.94332	0.95130	106786
2018-03-16 00:00	0.95133	0.95474	0.94850	0.95190	93654
2018-03-18 00:00	0.95199	0.95288	0.95199	0.95280	1679
2018-03-19 00:00	0.95284	0.95514	0.94948	0.95117	112846
2018-03-20 00:00	0.95119	0.95695	0.95016	0.95593	91856
2018-03-21 00:00	0.95593	0.95610	0.94836	0.94860	104641
2018-03-22 00:00	0.94860	0.95145	0.94580	0.94650	130449
2018-03-23 00:00	0.94650	0.94950	0.94445	0.94701	112484
2018-03-25 00:00	0.94674	0.94753	0.94575	0.94714	2346
2018-03-26 00:00	0.94714	0.94888	0.94328	0.94495	93395
2018-03-27 00:00	0.94499	0.95086	0.94341	0.94638	98379
2018-03-28 00:00	0.94638	0.95778	0.94617	0.95651	108491
2018-03-29 00:00	0.95653	0.95831	0.95473	0.95612	86192
2018-03-30 00:00	0.95614	0.95631	0.95225	0.95343	43080
2018-04-01 00:00	0.95260	0.95486	0.95194	0.95459	2884
2018-04-02 00:00	0.95458	0.95641	0.95268	0.95509	66554
2018-04-03 00:00	0.95513	0.95968	0.95325	0.95840	89912
2018-04-04 00:00	0.95840	0.96110	0.95508	0.96008	90117
2018-04-05 00:00	0.96011	0.96398	0.95976	0.96226	86465
2018-04-06 00:00	0.96226	0.96491	0.95779	0.95856	114712
2018-04-08 00:00	0.95796	0.95955	0.95795	0.95934	4002
2018-04-09 00:00	0.95932	0.96093	0.95574	0.95616	90115
2018-04-10 00:00	0.95616	0.95809	0.95341	0.95639	100844
2018-04-11 00:00	0.95638	0.95961	0.95555	0.95733	93826
2018-04-12 00:00	0.95733	0.96461	0.95698	0.96228	98337
2018-04-13 00:00	0.96229	0.96387	0.95993	0.96153	78836
2018-04-15 00:00	0.96183	0.96367	0.96007	0.96310	3106
2018-04-16 00:00	0.96310	0.96351	0.95772	0.95946	70668
2018-04-17 00:00	0.95947	0.96780	0.95805	0.96660	82065
2018-04-18 00:00	0.96659	0.96982	0.96498	0.96853	93529
2018-04-19 00:00	0.96853	0.97236	0.96664	0.97158	97693
2018-04-20 00:00	0.97160	0.97593	0.97072	0.97467	82335
2018-04-22 00:00	0.97426	0.97615	0.97383	0.97592	4087
2018-04-23 00:00	0.97592	0.97880	0.97466	0.97807	84574
2018-04-24 00:00	0.97807	0.98099	0.97672	0.97876	94965
2018-04-25 00:00	0.97876	0.98479	0.97872	0.98267	94877
2018-04-26 00:00	0.98265	0.98957	0.98161	0.98898	105795
2018-04-27 00:00	0.98897	0.99200	0.98715	0.98763	90385
2018-04-29 00:00	0.98767	0.98838	0.98712	0.98811	2040
2018-04-30 00:00	0.98811	0.99207	0.98720	0.99067	93981
2018-05-01 00:00	0.99067	0.99696	0.99059	0.99660	84225
2018-05-02 00:00	0.99660	0.99996	0.99361	0.99927	122405
2018-05-03 00:00	0.99927	0.99991	0.99555	0.99734	121834
2018-05-04 00:00	0.99735	1.00225	0.99657	0.99968	83490
2018-05-06 00:00	0.99987	1.00060	0.99956	1.00059	1893
2018-05-07 00:00	1.00058	1.00559	0.99835	1.00189	88364
2018-05-08 00:00	1.00190	1.00450	1.00026	1.00117	102753
2018-05-09 00:00	1.00115	1.00558	1.00035	1.00548	105114
2018-05-10 00:00	1.00548	1.00558	0.99938	1.00298	111886
2018-05-11 00:00	1.00298	1.00394	0.99762	1.00003	86369
2018-05-13 00:00	0.99985	1.00067	0.99923	0.99992	3134
2018-05-14 00:00	0.99992	1.00113	0.99573	1.00023	73500
2018-05-15 00:00	1.00023	1.00412	0.99831	1.00134	94422
2018-05-16 00:00	1.00134	1.00186	0.99841	1.00052	102988
2018-05-17 00:00	1.00052	1.00331	0.99868	1.00169	90184
2018-05-18 00:00	1.00171	1.00179	0.99502	0.99738	74218
2018-05-20 00:00	0.99659	0.99830	0.99659	0.99799	3226
2018-05-21 00:00	0.99803	1.00011	0.99643	0.99679	82722
2018-05-22 00:00	0.99679	0.99902	0.99176	0.99196	87384
2018-05-23 00:00	0.99196	0.99776	0.98938	0.99424	122978
2018-05-24 00:00	0.99426	0.99468	0.98854	0.99123	106343
2018-05-25 00:00	0.99122	0.99367	0.98898	0.98965	101624
2018-05-27 00:00	0.99109	0.99299	0.99066	0.99214	5018
2018-05-28 00:00	0.99212	0.99576	0.99100	0.99345	75894
2018-05-29 00:00	0.99346	0.99829	0.98503	0.99072	132476
2018-05-30 00:00	0.99072	0.99350	0.98785	0.98858	118962
2018-05-31 00:00	0.98861	0.98905	0.98257	0.98501	116676
2018-06-01 00:00	0.98501	0.99124	0.98420	0.98768	95194
2018-06-03 00:00	0.98865	0.98878	0.98751	0.98872	2081
2018-06-04 00:00	0.98870	0.98941	0.98299	0.98818	74931
2018-06-05 00:00	0.98818	0.98926	0.98300	0.98422	90547
2018-06-06 00:00	0.98422	0.98855	0.98351	0.98601	88544
2018-06-07 00:00	0.98602	0.98642	0.97878	0.98083	97279
2018-06-08 00:00	0.98085	0.98875	0.98019	0.98458	95346
2018-06-10 00:00	0.98441	0.98499	0.98433	0.98482	1674
2018-06-11 00:00	0.98484	0.98736	0.98386	0.98640	72536
2018-06-12 00:00	0.98642	0.98831	0.98298	0.98696	87500
2018-06-13 00:00	0.98696	0.98948	0.98399	0.98462	87213
2018-06-14 00:00	0.98461	0.99728	0.98251	0.99699	111975
2018-06-15 00:00	0.99702	0.99880	0.99451	0.99654	101282
2018-06-17 00:00	0.99656	0.99791	0.99587	0.99767	2408
2018-06-18 00:00	0.99766	0.99899	0.99355	0.99426	82712
2018-06-19 00:00	0.99428	0.99774	0.99174	0.99420	121582
2018-06-20 00:00	0.99420	0.99824	0.99363	0.99607	100472
2018-06-21 00:00	0.99608	0.99854	0.98966	0.99163	120838
2018-06-22 00:00	0.99162	0.99191	0.98730	0.98743	88500
2018-06-24 00:00	0.98746	0.98845	0.98746	0.98792	2876
2018-06-25 00:00	0.98792	0.98901	0.98557	0.98702	99086
2018-06-26 00:00	0.98701	0.99227	0.98578	0.99091	108424
2018-06-27 00:00	0.99090	0.99758	0.98909	0.99676	139922
2018-06-28 00:00	0.99676	0.99919	0.99594	0.99753	111004
2018-06-29 00:00	0.99753	0.99775	0.98935	0.99005	107076
2018-07-01 00:00	0.98984	0.99161	0.98931	0.99026	5622
2018-07-02 00:00	0.99027	0.99653	0.99021	0.99333	90677
2018-07-03 00:00	0.99333	0.99493	0.99126	0.99197	89837
2018-07-04 00:00	0.99198	0.99392	0.99051	0.99240	81573
2018-07-05 00:00	0.99240	0.99446	0.99099	0.99314	101340
2018-07-06 00:00	0.99315	0.99436	0.98842	0.98974	84695
2018-07-08 00:00	0.98909	0.99011	0.98877	0.98929	3833
2018-07-09 00:00	0.98930	0.99298	0.98575	0.99136	97252
2018-07-10 00:00	0.99136	0.99618	0.99092	0.99264	95049
2018-07-11 00:00	0.99264	0.99654	0.99048	0.99550	128356
2018-07-12 00:00	0.99553	1.00310	0.99472	1.00271	100065
2018-07-13 00:00	1.00271	1.00678	1.00134	1.00134	95722
2018-07-15 00:00	1.00114	1.00239	1.00096	1.00221	2618
2018-07-16 00:00	1.00221	1.00233	0.99625	0.99681	92942
2018-07-17 00:00	0.99682	1.00049	0.99268	1.00038	107918
2018-07-18 00:00	1.00036	1.00343	0.99823	0.99875	103549
2018-07-19 00:00	0.99875	1.00430	0.99582	0.99874	131440
2018-07-20 00:00	0.99873	1.00097	0.99152	0.99224	122584
2018-07-22 00:00	0.99178	0.99263	0.99071	0.99092	3792
2018-07-23 00:00	0.99092	0.99415	0.99007	0.99318	103846
2018-07-24 00:00	0.99319	0.99541	0.99217	0.99353	102435
2018-07-25 00:00	0.99353	0.99488	0.99074	0.99096	120903
2018-07-26 00:00	0.99096	0.99489	0.99027	0.99395	108508
2018-07-27 00:00	0.99397	0.99777	0.99310	0.99388	88528
2018-07-29 00:00	0.99283	0.99472	0.99283	0.99406	1574
2018-07-30 00:00	0.99407	0.99563	0.98776	0.98817	68613
2018-07-31 00:00	0.98817	0.99055	0.98669	0.99036	105042
2018-08-01 00:00	0.99035	0.99339	0.99025	0.99173	84708
2018-08-02 00:00	0.99175	0.99562	0.99163	0.99543	88218
2018-08-03 00:00	0.99543	0.99647	0.99205	0.99421	79317
2018-08-05 00:00	0.99323	0.99462	0.99200	0.99453	2269
2018-08-06 00:00	0.99453	0.99845	0.99416	0.99632	73378
2018-08-07 00:00	0.99633	0.99675	0.99302	0.99523	70103
2018-08-08 00:00	0.99522	0.99704	0.99189	0.99318	74832
2018-08-09 00:00	0.99318	0.99508	0.98942	0.99393	73478
2018-08-10 00:00	0.99404	0.99749	0.99282	0.99516	113362
2018-08-12 00:00	0.99444	0.99478	0.99240	0.99442	4378
2018-08-13 00:00	0.99440	0.99535	0.98902	0.99333	105174
2018-08-14 00:00	0.99333	0.99502	0.99007	0.99414	88243
2018-08-15 00:00	0.99414	0.99822	0.99257	0.99341	94951
2018-08-16 00:00	0.99341	0.99741	0.99154	0.99732	96400
2018-08-17 00:00	0.99733	0.99774	0.99326	0.99523	92453
2018-08-19 00:00	0.99495	0.99560	0.99494	0.99523	2236
2018-08-20 00:00	0.99527	0.99680	0.99032	0.99034	80436
2018-08-21 00:00	0.99033	0.99056	0.98421	0.98432	93693
2018-08-22 00:00	0.98437	0.98535	0.98077	0.98330	88392
2018-08-23 00:00	0.98330	0.98658	0.98216	0.98621	86772
2018-08-24 00:00	0.98620	0.98644	0.98106	0.98318	89406
2018-08-26 00:00	0.98375	0.98388	0.98176	0.98227	2787
2018-08-27 00:00	0.98229	0.98455	0.97872	0.97938	79913
2018-08-28 00:00	0.97938	0.98088	0.97447	0.97636	91359
2018-08-29 00:00	0.97638	0.97758	0.97018	0.97045	93593
2018-08-30 00:00	0.97042	0.97153	0.96814	0.96867	94389
2018-08-31 00:00	0.96867	0.97029	0.96517	0.96848	104660
2018-09-02 00:00	0.96902	0.97005	0.96889	0.96957	2613
2018-09-03 00:00	0.96956	0.97073	0.96829	0.96934	54840
2018-09-04 00:00	0.96931	0.97668	0.96905	0.97389	97758
2018-09-05 00:00	0.97391	0.97535	0.97078	0.97117	98156
2018-09-06 00:00	0.97117	0.97119	0.96491	0.96540	96880
2018-09-07 00:00	0.96539	0.96993	0.96412	0.96863	95814
2018-09-09 00:00	0.96822	0.96948	0.96822	0.96870	1388
2018-09-10 00:00	0.96870	0.97544	0.96868	0.97469	78438
2018-09-11 00:00	0.97474	0.97583	0.97180	0.97298	82850
2018-09-12 00:00	0.97298	0.97493	0.96952	0.97017	82156
2018-09-13 00:00	0.97019	0.97041	0.96507	0.96628	77464
2018-09-14 00:00	0.96628	0.96753	0.96342	0.96721	69540
2018-09-16 00:00	0.96732	0.96794	0.96578	0.96724	2417
2018-09-17 00:00	0.96723	0.96759	0.96114	0.96264	62142
2018-09-18 00:00	0.96263	0.96556	0.95997	0.96375	84618
2018-09-19 00:00	0.96375	0.97001	0.96339	0.96740	84052
2018-09-20 00:00	0.96740	0.96762	0.95850	0.95886	81498
2018-09-21 00:00	0.95891	0.95978	0.95418	0.95780	86193
2018-09-23 00:00	0.95843	0.95933	0.95757	0.95859	2007
2018-09-24 00:00	0.95859	0.96500	0.95798	0.96456	68708
2018-09-25 00:00	0.96457	0.96707	0.96355	0.96527	77683
2018-09-26 00:00	0.96525	0.97014	0.96230	0.96515	90735
2018-09-27 00:00	0.96515	0.97827	0.96487	0.97694	100334
2018-09-28 00:00	0.97696	0.98190	0.97371	0.98163	93840
2018-09-30 00:00	0.98026	0.98150	0.97973	0.98134	3282
2018-10-01 00:00	0.98133	0.98556	0.98067	0.98358	91068
2018-10-02 00:00	0.98358	0.98625	0.98289	0.98390	93518
2018-10-03 00:00	0.98388	0.99250	0.98330	0.99195	103212
2018-10-04 00:00	0.99196	0.99337	0.98914	0.99138	104462
2018-10-05 00:00	0.99143	0.99547	0.99098	0.99187	96059
2018-10-07 00:00	0.99155	0.99282	0.99124	0.99138	4406
2018-10-08 00:00	0.99138	0.99443	0.99070	0.99230	77492
2018-10-09 00:00	0.99229	0.99555	0.99071	0.99169	104754
2018-10-10 00:00	0.99172	0.99335	0.98768	0.98824	108556
2018-10-11 00:00	0.98824	0.99221	0.98564	0.98997	138644
2018-10-12 00:00	0.98996	0.99300	0.98815	0.99142	99989
2018-10-14 00:00	0.98995	0.99199	0.98950	0.99078	4643
2018-10-15 00:00	0.99078	0.99116	0.98477	0.98700	89762
2018-10-16 00:00	0.98700	0.99087	0.98588	0.99038	77838
2018-10-17 00:00	0.99037	0.99566	0.99020	0.99473	85148
2018-10-18 00:00	0.99473	0.99747	0.99199	0.99582	91524
2018-10-19 00:00	0.99581	0.99773	0.99495	0.99598	87231
2018-10-21 00:00	0.99524	0.99703	0.99448	0.99632	3021
2018-10-22 00:00	0.99631	0.99799	0.99395	0.99605	76071
2018-10-23 00:00	0.99605	0.99700	0.99375	0.99483	85918
2018-10-24 00:00	0.99484	0.99892	0.99415	0.99680	92974
2018-10-25 00:00	0.99680	1.00177	0.99546	0.99974	85919
2018-10-26 00:00	0.99973	1.00263	0.99632	0.99691	99813
2018-10-28 00:00	0.99716	0.99845	0.99641	0.99764	8176
2018-10-29 00:00	0.99762	1.00241	0.99748	1.00172	89404
2018-10-30 00:00	1.00174	1.00551	1.00079	1.00517	78061
2018-10-31 00:00	1.00518	1.00945	1.00334	1.00806	85967
2018-11-01 00:00	1.00806	1.00826	1.00003	1.00211	90519
2018-11-02 00:00	1.00215	1.00483	0.99679	1.00318	88676
2018-11-04 00:00	1.00293	1.00312	1.00232	1.00239	5292
2018-11-05 00:00	1.00239	1.00688	1.00239	1.00440	68151
2018-11-06 00:00	1.00439	1.00552	1.00125	1.00126	69507
2018-11-07 00:00	1.00129	1.00504	0.99522	1.00186	102138
2018-11-08 00:00	1.00187	1.00707	1.00072	1.00582	86375
2018-11-09 00:00	1.00587	1.00854	1.00446	1.00531	79469
2018-11-11 00:00	1.00468	1.00639	1.00450	1.00593	4337
2018-11-12 00:00	1.00592	1.01111	1.00552	1.01026	78938
2018-11-13 00:00	1.01026	1.01281	1.00579	1.00595	95774
2018-11-14 00:00	1.00595	1.01040	1.00414	1.00599	99235
2018-11-15 00:00	1.00599	1.00790	1.00355	1.00693	106220
2018-11-16 00:00	1.00694	1.00870	0.99909	0.99962	85008
2018-11-18 00:00	0.99964	0.99997	0.99869	0.99940	4966
2018-11-19 00:00	0.99940	1.00066	0.99241	0.99321	82520
2018-11-20 00:00	0.99322	0.99576	0.99084	0.99471	95850
2018-11-21 00:00	0.99469	0.99585	0.99278	0.99432	75114
2018-11-22 00:00	0.99433	0.99558	0.99215	0.99458	52357
2018-11-23 00:00	0.99458	0.99798	0.99345	0.99661	51420
2018-11-25 00:00	0.99659	0.99753	0.99651	0.99724	4192
2018-11-26 00:00	0.99721	0.99931	0.99541	0.99817	74077
2018-11-27 00:00	0.99823	1.00031	0.99749	0.99850	75161
2018-11-28 00:00	0.99850	1.00057	0.99251	0.99329	74859
2018-11-29 00:00	0.99331	0.99764	0.99172	0.99603	79890
2018-11-30 00:00	0.99605	1.00040	0.99510	0.99863	66468
2018-12-02 00:00	0.99809	0.99956	0.99767	0.99856	2641
2018-12-03 00:00	0.99858	0.99957	0.99642	0.99789	74756
2018-12-04 00:00	0.99789	0.99909	0.99302	0.99738	80747
2018-12-05 00:00	0.99738	1.00078	0.99643	0.99697	54837
2018-12-06 00:00	0.99697	0.99896	0.98941	0.99319	95888
2018-12-07 00:00	0.99320	0.99430	0.98896	0.99063	77716
2018-12-09 00:00	0.99039	0.99088	0.98927	0.98983	3002
2018-12-10 00:00	0.98980	0.99063	0.98679	0.98959	91586
2018-12-11 00:00	0.98960	0.99382	0.98629	0.99312	86517
2018-12-12 00:00	0.99311	0.99652	0.99129	0.99269	92233
2018-12-13 00:00	0.99269	0.99541	0.99116	0.99369	80913
2018-12-14 00:00	0.99369	0.99892	0.99343	0.99787	68165
2018-12-16 00:00	0.99589	0.99850	0.99580	0.99756	16097
2018-12-17 00:00	0.99759	0.99824	0.99170	0.99271	68260
2018-12-18 00:00	0.99269	0.99369	0.98996	0.99244	80059
2018-12-19 00:00	0.99244	0.99556	0.99062	0.99388	137284
2018-12-20 00:00	0.99391	0.99522	0.98405	0.98701	151401
2018-12-21 00:00	0.98699	0.99566	0.98612	0.99510	138880
2018-12-23 00:00	0.99344	0.99490	0.99280	0.99378	4447
2018-12-24 00:00	0.99379	0.99513	0.98561	0.98600	108438
2018-12-25 00:00	0.98595	0.98765	0.98358	0.98636	3978
2018-12-26 00:00	0.98635	0.99631	0.98565	0.99435	70444
2018-12-27 00:00	0.99439	0.99456	0.98398	0.98709	147671
2018-12-28 00:00	0.98711	0.98720	0.97900	0.98389	124214
2018-12-30 00:00	0.98331	0.98462	0.98214	0.98365	3781
2018-12-31 00:00	0.98365	0.98744	0.98082	0.98099	101804
2019-01-01 00:00	0.98120	0.98226	0.98045	0.98203	3452
2019-01-02 00:00	0.98203	0.99200	0.97960	0.98917	129504
2019-01-03 00:00	0.98915	0.99000	0.98459	0.98724	157018
2019-01-04 00:00	0.98725	0.99078	0.98528	0.98616	140499
2019-01-06 00:00	0.98649	0.98714	0.98492	0.98577	4304
2019-01-07 00:00	0.98576	0.98582	0.97874	0.97923	108636
2019-01-08 00:00	0.97924	0.98341	0.97891	0.98066	111395
2019-01-09 00:00	0.98066	0.98174	0.97320	0.97355	144062
2019-01-10 00:00	0.97356	0.98483	0.97158	0.98391	123604
2019-01-11 00:00	0.98389	0.98558	0.98134	0.98381	104806
2019-01-13 00:00	0.98425	0.98474	0.98330	0.98394	2593
2019-01-14 00:00	0.98394	0.98447	0.98001	0.98107	94409
2019-01-15 00:00	0.98112	0.98937	0.98018	0.98724	119497
2019-01-16 00:00	0.98727	0.99098	0.98727	0.99013	94649
2019-01-17 00:00	0.99014	0.99540	0.98981	0.99391	98413
2019-01-18 00:00	0.99392	0.99588	0.99319	0.99513	85369
2019-01-20 00:00	0.99375	0.99553	0.99334	0.99545	4654
2019-01-21 00:00	0.99546	0.99875	0.99466	0.99741	68210
2019-01-22 00:00	0.99741	0.99857	0.99608	0.99707	94430
2019-01-23 00:00	0.99712	0.99897	0.99400	0.99453	107406
2019-01-24 00:00	0.99453	0.99764	0.99342	0.99556	150525
2019-01-25 00:00	0.99557	0.99741	0.99219	0.99306	126483
2019-01-27 00:00	0.99296	0.99327	0.99240	0.99261	2731
2019-01-28 00:00	0.99262	0.99330	0.99051	0.99162	95263
2019-01-29 00:00	0.99161	0.99568	0.99073	0.99466	128815
2019-01-30 00:00	0.99466	0.99946	0.99317	0.99372	142015
2019-01-31 00:00	0.99372	0.99525	0.99075	0.99391	138277
2019-02-01 00:00	0.99392	0.99628	0.99216	0.99517	130178
2019-02-03 00:00	0.99483	0.99575	0.99446	0.99550	4457
2019-02-04 00:00	0.99549	0.99939	0.99507	0.99792	102129
2019-02-05 00:00	0.99793	1.00202	0.99779	0.99968	101759
2019-02-06 00:00	0.99968	1.00262	0.99850	1.00224	102960
2019-02-07 00:00	1.00230	1.00283	1.00000	1.00240	113976
2019-02-08 00:00	1.00238	1.00272	0.99955	0.99992	90349
2019-02-10 00:00	0.99988	1.00988	0.99886	0.99933	5404
2019-02-11 00:00	0.99933	1.00531	0.99930	1.00406	98706
2019-02-12 00:00	1.00407	1.00923	1.00391	1.00608	99376
2019-02-13 00:00	1.00609	1.00959	1.00432	1.00890	99895
2019-02-14 00:00	1.00890	1.00979	1.00445	1.00494	121187
2019-02-15 00:00	1.00494	1.00893	1.00446	1.00481	102779
2019-02-17 00:00	1.00446	1.00515	1.00402	1.00457	1905
2019-02-18 00:00	1.00457	1.00503	1.00238	1.00455	70559
2019-02-19 00:00	1.00456	1.00602	1.00016	1.00132	117934
2019-02-20 00:00	1.00132	1.00204	0.99811	1.00024	128229
2019-02-21 00:00	1.00025	1.00228	0.99945	1.00087	148609
2019-02-22 00:00	1.00087	1.00242	0.99875	1.00023	122917
2019-02-24 00:00	0.99949	1.00055	0.99938	0.99987	3431
2019-02-25 00:00	0.99988	1.00113	0.99829	1.00008	111483
2019-02-26 00:00	1.00008	1.00193	0.99874	0.99977	127668
2019-02-27 00:00	0.99977	1.00153	0.99619	1.00053	127386
2019-02-28 00:00	1.00056	1.00097	0.99262	0.99721	151132
2019-03-01 00:00	0.99720	1.00086	0.99629	0.99882	134606
2019-03-03 00:00	0.99728	0.99872	0.99719	0.99855	17683
2019-03-04 00:00	0.99856	1.00197	0.99815	0.99910	110181
2019-03-05 00:00	0.99909	1.00542	0.99886	1.00445	114203
2019-03-06 00:00	1.00445	1.00559	1.00313	1.00425	108204
2019-03-07 00:00	1.00427	1.01239	1.00355	1.01089	132852
2019-03-08 00:00	1.01089	1.01177	1.00695	1.00784	136674
2019-03-10 00:00	1.00709	1.00810	1.00704	1.00800	2431
2019-03-11 00:00	1.00800	1.01192	1.00695	1.01026	114232
2019-03-12 00:00	1.01026	1.01121	1.00629	1.00753	120634
2019-03-13 00:00	1.00752	1.00846	1.00263	1.00335	122946
2019-03-14 00:00	1.00335	1.00510	1.00299	1.00354	131255
2019-03-15 00:00	1.00353	1.00522	1.00104	1.00198	110424
2019-03-17 00:00	1.00182	1.00246	1.00170	1.00239	3726
2019-03-18 00:00	1.00239	1.00243	0.99968	1.00114	113729
2019-03-19 00:00	1.00115	1.00132	0.99846	0.99885	114655
2019-03-20 00:00	0.99889	1.00099	0.98943	0.99103	145671
2019-03-21 00:00	0.99103	0.99456	0.99034	0.99195	175285
2019-03-22 00:00	0.99194	0.99699	0.99144	0.99317	196653
2019-03-24 00:00	0.99357	0.99442	0.99322	0.99399	2013
2019-03-25 00:00	0.99399	0.99489	0.99098	0.99229	146399
2019-03-26 00:00	0.99230	0.99522	0.99178	0.99390	143321
2019-03-27 00:00	0.99390	0.99663	0.99050	0.99467	185026
2019-03-28 00:00	0.99468	0.99730	0.99429	0.99488	157901
2019-03-29 00:00	0.99489	0.99743	0.99443	0.99503	144756
2019-03-31 00:00	0.99447	0.99533	0.99445	0.99519	3251
2019-04-01 00:00	0.99521	0.99948	0.99303	0.99931	118495
2019-04-02 00:00	0.99930	0.99996	0.99715	0.99813	113546
2019-04-03 00:00	0.99812	0.99873	0.99533	0.99728	113973
2019-04-04 00:00	0.99729	1.00027	0.99716	0.99992	93268
2019-04-05 00:00	0.99992	1.00121	0.99880	1.00011	83342
2019-04-07 00:00	0.99928	1.00013	0.99928	1.00006	2434
2019-04-08 00:00	1.00006	1.00028	0.99776	0.99910	94434
2019-04-09 00:00	0.99912	1.00085	0.99799	0.99966	119597
2019-04-10 00:00	0.99967	1.00332	0.99898	1.00223	109829
2019-04-11 00:00	1.00224	1.00460	1.00095	1.00274	93319
2019-04-12 00:00	1.00278	1.00337	0.99968	1.00245	94685
2019-04-14 00:00	1.00150	1.00260	1.00140	1.00242	9397
2019-04-15 00:00	1.00243	1.00459	1.00089	1.00371	74838
2019-04-16 00:00	1.00372	1.00820	1.00321	1.00759	98578
2019-04-17 00:00	1.00757	1.01094	1.00671	1.01063	86157
2019-04-18 00:00	1.01061	1.01590	1.00925	1.01492	89052
2019-04-19 00:00	1.01492	1.01528	1.01297	1.01424	55106
2019-04-21 00:00	1.01313	1.01482	1.01312	1.01436	2272
2019-04-22 00:00	1.01438	1.01606	1.01436	1.01540	30324
2019-04-23 00:00	1.01539	1.02301	1.01538	1.02016	82663
2019-04-24 00:00	1.02016	1.02194	1.01686	1.02034	96494
2019-04-25 00:00	1.02034	1.02276	1.01930	1.02000	87653
2019-04-26 00:00	1.02002	1.02363	1.01839	1.01952	81756
2019-04-28 00:00	1.01908	1.01949	1.01875	1.01934	2165
2019-04-29 00:00	1.01934	1.02156	1.01848	1.01952	65885
2019-04-30 00:00	1.01951	1.02039	1.01737	1.01911	100287
2019-05-01 00:00	1.01910	1.01975	1.01265	1.01739	85358
2019-05-02 00:00	1.01741	1.02038	1.01724	1.01936	96137
2019-05-03 00:00	1.01936	1.02144	1.01603	1.01637	87658
2019-05-05 00:00	1.01527	1.01693	1.01527	1.01643	7629
2019-05-06 00:00	1.01644	1.01961	1.01511	1.01734	77460
2019-05-07 00:00	1.01737	1.02259	1.01604	1.01962	90446
2019-05-08 00:00	1.01963	1.02095	1.01687	1.02033	98970
2019-05-09 00:00	1.02033	1.02092	1.01236	1.01541	100788
2019-05-10 00:00	1.01543	1.01581	1.01008	1.01155	103115
2019-05-12 00:00	1.01114	1.01277	1.00865	1.01048	4824
2019-05-13 00:00	1.01049	1.01133	1.00497	1.00541	84913
2019-05-14 00:00	1.00540	1.00956	1.00540	1.00877	72097
2019-05-15 00:00	1.00877	1.00967	1.00553	1.00817	70533
2019-05-16 00:00	1.00817	1.01070	1.00734	1.01006	60058
2019-05-17 00:00	1.01005	1.01211	1.00847	1.01085	66407
2019-05-19 00:00	1.00986	1.01097	1.00986	1.01066	3049
2019-05-20 00:00	1.01067	1.01205	1.00803	1.00856	54317
2019-05-21 00:00	1.00857	1.01196	1.00856	1.01098	66765
2019-05-22 00:00	1.01098	1.01190	1.00662	1.00903	62262
2019-05-23 00:00	1.00903	1.00984	1.00233	1.00300	91525
2019-05-24 00:00	1.00300	1.00419	1.00080	1.00158	65726
2019-05-27 00:00	1.00197	1.00626	1.00165	1.00398	32447
2019-05-28 00:00	1.00398	1.00978	1.00340	1.00702	74006
2019-05-29 00:00	1.00702	1.00859	1.00495	1.00831	80781
2019-05-30 00:00	1.00834	1.00977	1.00684	1.00694	62629
2019-05-31 00:00	1.00697	1.00701	1.00006	1.00053	104817
2019-06-02 00:00	1.00067	1.00153	0.99941	0.99961	6054
2019-06-03 00:00	0.99961	0.99996	0.99100	0.99261	113439
2019-06-04 00:00	0.99261	0.99558	0.99025	0.99249	98391
2019-06-05 00:00	0.99248	0.99503	0.98537	0.99411	112460
2019-06-06 00:00	0.99409	0.99605	0.98792	0.99133	131560
2019-06-07 00:00	0.99136	0.99498	0.98588	0.98742	98149
2019-06-09 00:00	0.98942	0.99034	0.98859	0.99001	2801
2019-06-10 00:00	0.99001	0.99199	0.98844	0.98926	75069
2019-06-11 00:00	0.98927	0.99361	0.98921	0.99235	92800
2019-06-12 00:00	0.99237	0.99591	0.99023	0.99487	97196
2019-06-13 00:00	0.99487	0.99601	0.99177	0.99364	84349
2019-06-14 00:00	0.99365	0.99948	0.99253	0.99843	88283
2019-06-16 00:00	0.99815	0.99905	0.99811	0.99884	2788
2019-06-17 00:00	0.99882	0.99993	0.99655	0.99865	78950
2019-06-18 00:00	0.99865	1.00125	0.99652	1.00073	129720
2019-06-19 00:00	1.00074	1.00142	0.99159	0.99282	116021
2019-06-20 00:00	0.99282	0.99287	0.97917	0.98106	142153
2019-06-21 00:00	0.98107	0.98383	0.97560	0.97623	132738
2019-06-23 00:00	0.97598	0.97669	0.97512	0.97554	3848
2019-06-24 00:00	0.97554	0.97829	0.97099	0.97210	92649
2019-06-25 00:00	0.97211	0.97768	0.96934	0.97482	139241
2019-06-26 00:00	0.97483	0.97847	0.97431	0.97751	109970
2019-06-27 00:00	0.97751	0.98137	0.97590	0.97667	86149
2019-06-28 00:00	0.97666	0.97739	0.97380	0.97596	84726
2019-06-30 00:00	0.97853	0.97966	0.97802	0.97961	3312
2019-07-01 00:00	0.97962	0.98838	0.97883	0.98731	94738
2019-07-02 00:00	0.98732	0.98887	0.98353	0.98538	77753
2019-07-03 00:00	0.98538	0.98727	0.98341	0.98565	85974
2019-07-04 00:00	0.98568	0.98697	0.98400	0.98478	38945
2019-07-05 00:00	0.98478	0.99318	0.98475	0.99147	85379
2019-07-07 00:00	0.99149	0.99173	0.99088	0.99130	1678
2019-07-08 00:00	0.99131	0.99467	0.98984	0.99418	78508
2019-07-09 00:00	0.99417	0.99513	0.99228	0.99357	63797
2019-07-10 00:00	0.99357	0.99411	0.98780	0.98812	86629
2019-07-11 00:00	0.98811	0.99062	0.98453	0.99060	90028
2019-07-12 00:00	0.99059	0.99078	0.98359	0.98400	84013
2019-07-14 00:00	0.98377	0.98502	0.98359	0.98431	6578
2019-07-15 00:00	0.98431	0.98542	0.98171	0.98442	61933
2019-07-16 00:00	0.98442	0.98939	0.98355	0.98800	76232
2019-07-17 00:00	0.98800	0.99074	0.98641	0.98686	63168
2019-07-18 00:00	0.98686	0.98915	0.98056	0.98266	101088
2019-07-19 00:00	0.98266	0.98470	0.98079	0.98154	90583
2019-07-21 00:00	0.98234	0.98295	0.98120	0.98292	3198
2019-07-22 00:00	0.98292	0.98404	0.98036	0.98272	72515
2019-07-23 00:00	0.98271	0.98590	0.98221	0.98536	77654
2019-07-24 00:00	0.98536	0.98741	0.98361	0.98466	81580
2019-07-25 00:00	0.98467	0.99174	0.98444	0.99099	99028
2019-07-26 00:00	0.99100	0.99459	0.98999	0.99322	71349
2019-07-28 00:00	0.99309	0.99365	0.99237	0.99331	2293
2019-07-29 00:00	0.99331	0.99336	0.99086	0.99170	62106
2019-07-30 00:00	0.99170	0.99219	0.98904	0.98995	88002
2019-07-31 00:00	0.98994	0.99490	0.98838	0.99410	134874
2019-08-01 00:00	0.99410	0.99752	0.98873	0.98998	166027
2019-08-02 00:00	0.98999	0.99026	0.98142	0.98215	185397
2019-08-04 00:00	0.98399	0.98399	0.98211	0.98256	2905
2019-08-05 00:00	0.98256	0.98277	0.97030	0.97053	166922
2019-08-06 00:00	0.97056	0.97921	0.97044	0.97583	142175
2019-08-07 00:00	0.97582	0.97969	0.96918	0.97489	179634
2019-08-08 00:00	0.97489	0.97865	0.97334	0.97400	119287
2019-08-09 00:00	0.97400	0.97537	0.97088	0.97247	94432
2019-08-11 00:00	0.97257	0.97298	0.97142	0.97142	4279
2019-08-12 00:00	0.97144	0.97535	0.96817	0.96919	122788
2019-08-13 00:00	0.96918	0.97680	0.96593	0.97612	162916
2019-08-14 00:00	0.97613	0.97700	0.97052	0.97344	160731
2019-08-15 00:00	0.97345	0.97760	0.97215	0.97644	218181
2019-08-16 00:00	0.97643	0.98089	0.97627	0.97805	114741
2019-08-18 00:00	0.97631	0.97980	0.97603	0.97927	3449
2019-08-19 00:00	0.97927	0.98210	0.97731	0.98130	71949
2019-08-20 00:00	0.98130	0.98157	0.97728	0.97799	84089
2019-08-21 00:00	0.97800	0.98308	0.97799	0.98208	71971
2019-08-22 00:00	0.98209	0.98445	0.98134	0.98363	92557
2019-08-23 00:00	0.98363	0.98768	0.97352	0.97404	117827
2019-08-25 00:00	0.97245	0.97340	0.97132	0.97282	10482
2019-08-26 00:00	0.97285	0.98161	0.97285	0.97901	169450
2019-08-27 00:00	0.97904	0.98370	0.97751	0.98107	114140
2019-08-28 00:00	0.98108	0.98283	0.98010	0.98143	114104
2019-08-29 00:00	0.98143	0.98750	0.98001	0.98596	105812
2019-08-30 00:00	0.98597	0.99174	0.98587	0.98928	112405
2019-09-01 00:00	0.98982	0.99051	0.98886	0.98940	3592
2019-09-02 00:00	0.98939	0.99191	0.98902	0.99057	67598
2019-09-03 00:00	0.99057	0.99287	0.98576	0.98684	117013
2019-09-04 00:00	0.98685	0.98843	0.97978	0.98084	99568
2019-09-05 00:00	0.98084	0.98731	0.98048	0.98618	118707
2019-09-06 00:00	0.98618	0.99173	0.98563	0.98717	99738
2019-09-08 00:00	0.98781	0.98843	0.98713	0.98830	7349
2019-09-09 00:00	0.98830	0.99246	0.98811	0.99240	88254
2019-09-10 00:00	0.99242	0.99313	0.98886	0.99155	87566
2019-09-11 00:00	0.99155	0.99431	0.99121	0.99367	85830
2019-09-12 00:00	0.99367	0.99465	0.98801	0.99056	141118
2019-09-13 00:00	0.99056	0.99107	0.98539	0.98994	91816
2019-09-15 00:00	0.98742	0.98791	0.98667	0.98683	3937
2019-09-16 00:00	0.98680	0.99397	0.98645	0.99294	87464
2019-09-17 00:00	0.99294	0.99683	0.99127	0.99270	95621
2019-09-18 00:00	0.99270	0.99833	0.99263	0.99702	89673
2019-09-19 00:00	0.99703	0.99832	0.98998	0.99283	110483
2019-09-20 00:00	0.99284	0.99359	0.98892	0.99078	94110
2019-09-22 00:00	0.99103	0.99217	0.99039	0.99138	3254
2019-09-23 00:00	0.99139	0.99226	0.98900	0.98964	96577
2019-09-24 00:00	0.98966	0.99140	0.98435	0.98615	111869
2019-09-25 00:00	0.98616	0.99246	0.98538	0.99113	106398
2019-09-26 00:00	0.99114	0.99479	0.99056	0.99330	106684
2019-09-27 00:00	0.99331	0.99489	0.98978	0.99058	100009
2019-09-29 00:00	0.99019	0.99159	0.99019	0.99106	1681
2019-09-30 00:00	0.99107	0.99876	0.99081	0.99757	90462
2019-10-01 00:00	0.99762	1.00164	0.99228	0.99275	119898
2019-10-02 00:00	0.99275	1.00260	0.99207	0.99672	115032
2019-10-03 00:00	0.99672	1.00273	0.99518	0.99818	121015
2019-10-04 00:00	0.99819	1.00075	0.99267	0.99513	107459
2019-10-06 00:00	0.99479	0.99551	0.99323	0.99389	5509
2019-10-07 00:00	0.99390	0.99655	0.99263	0.99482	86621
2019-10-08 00:00	0.99482	0.99581	0.99046	0.99248	117906
2019-10-09 00:00	0.99248	0.99633	0.99155	0.99309	99100
2019-10-10 00:00	0.99316	0.99725	0.99138	0.99606	116369
2019-10-11 00:00	0.99606	0.99903	0.99573	0.99653	123951
2019-10-13 00:00	0.99679	0.99830	0.99528	0.99807	2976
2019-10-14 00:00	0.99808	0.99813	0.99441	0.99768	66863
2019-10-15 00:00	0.99769	0.99956	0.99630	0.99856	103181
2019-10-16 00:00	0.99856	0.99903	0.99386	0.99438	91923
2019-10-17 00:00	0.99439	0.99461	0.98653	0.98750	99290
2019-10-18 00:00	0.98750	0.98912	0.98381	0.98381	75650
2019-10-20 00:00	0.98406	0.98511	0.98400	0.98488	8510
2019-10-21 00:00	0.98489	0.98759	0.98413	0.98602	65416
2019-10-22 00:00	0.98602	0.98966	0.98601	0.98933	77912
2019-10-23 00:00	0.98935	0.99143	0.98856	0.99045	72201
2019-10-24 00:00	0.99044	0.99288	0.98909	0.99235	93140
2019-10-25 00:00	0.99235	0.99546	0.99069	0.99393	61335
2019-10-27 00:00	0.99455	0.99509	0.99360	0.99435	1888
2019-10-28 00:00	0.99435	0.99698	0.99433	0.99477	54370
2019-10-29 00:00	0.99480	0.99647	0.99318	0.99413	63654
2019-10-30 00:00	0.99412	0.99447	0.98873	0.98905	89735
2019-10-31 00:00	0.98905	0.98905	0.98592	0.98643	100812
2019-11-01 00:00	0.98642	0.98945	0.98507	0.98546	88324
2019-11-03 00:00	0.98484	0.98602	0.98484	0.98579	2218
2019-11-04 00:00	0.98579	0.98887	0.98529	0.98838	73370
2019-11-05 00:00	0.98838	0.99354	0.98802	0.99258	89768
2019-11-06 00:00	0.99258	0.99398	0.99142	0.99240	71007
2019-11-07 00:00	0.99240	0.99749	0.99109	0.99471	98154
2019-11-08 00:00	0.99473	0.99786	0.99429	0.99671	68089
2019-11-10 00:00	0.99683	0.99754	0.99653	0.99714	3706
2019-11-11 00:00	0.99714	0.99767	0.99285	0.99313	48078
2019-11-12 00:00	0.99314	0.99642	0.99218	0.99275	68888
2019-11-13 00:00	0.99275	0.99289	0.98834	0.98970	74451
2019-11-14 00:00	0.98972	0.99075	0.98698	0.98876	71618
2019-11-15 00:00	0.98878	0.99107	0.98835	0.98945	54050
2019-11-17 00:00	0.98872	0.98981	0.98871	0.98907	2665
2019-11-18 00:00	0.98906	0.99140	0.98680	0.98929	62418
2019-11-19 00:00	0.98931	0.99185	0.98901	0.99039	58104
2019-11-20 00:00	0.99039	0.99369	0.98983	0.99041	78821
2019-11-21 00:00	0.99039	0.99347	0.98902	0.99274	74498
2019-11-22 00:00	0.99274	0.99799	0.99273	0.99677	79491
2019-11-24 00:00	0.99769	0.99818	0.99748	0.99769	1176
2019-11-25 00:00	0.99764	0.99853	0.99596	0.99677	58706
2019-11-26 00:00	0.99679	0.99862	0.99621	0.99759	59153
2019-11-27 00:00	0.99759	1.00001	0.99739	0.99859	65594
2019-11-28 00:00	0.99858	0.99956	0.99801	0.99849	34879
2019-11-29 00:00	0.99848	1.00231	0.99818	0.99955	62893
2019-12-01 00:00	0.99978	1.00036	0.99977	1.00014	1790
2019-12-02 00:00	1.00016	1.00082	0.99102	0.99145	63248
2019-12-03 00:00	0.99147	0.99261	0.98571	0.98733	83404
2019-12-04 00:00	0.98732	0.98994	0.98552	0.98825	82724
2019-12-05 00:00	0.98825	0.98950	0.98667	0.98721	63676
2019-12-06 00:00	0.98721	0.99175	0.98643	0.99007	57627
2019-12-08 00:00	0.98973	0.99076	0.98967	0.99060	4452
2019-12-09 00:00	0.99060	0.99100	0.98752	0.98785	47208
2019-12-10 00:00	0.98785	0.98821	0.98335	0.98452	64887
2019-12-11 00:00	0.98452	0.98633	0.98140	0.98247	69686
2019-12-12 00:00	0.98247	0.98759	0.98082	0.98505	102149
2019-12-13 00:00	0.98504	0.98626	0.98053	0.98353	108966
2019-12-15 00:00	0.98326	0.98405	0.98290	0.98391	4797
2019-12-16 00:00	0.98392	0.98468	0.98183	0.98324	56070
2019-12-17 00:00	0.98323	0.98438	0.97954	0.97987	63392
2019-12-18 00:00	0.97989	0.98207	0.97950	0.98009	60859
2019-12-19 00:00	0.98008	0.98121	0.97701	0.97829	63458
2019-12-20 00:00	0.97829	0.98324	0.97813	0.98251	51410
2019-12-22 00:00	0.98053	0.98264	0.98002	0.98220	1733
2019-12-23 00:00	0.98225	0.98275	0.98008	0.98147	47148
2019-12-24 00:00	0.98146	0.98313	0.97927	0.98001	35075
2019-12-25 00:00	0.98001	0.98138	0.97933	0.97968	2918
2019-12-26 00:00	0.97968	0.98183	0.97968	0.98142	21024
2019-12-27 00:00	0.98142	0.98151	0.97297	0.97410	56670
2019-12-29 00:00	0.97408	0.97590	0.97324	0.97380	2034
2019-12-30 00:00	0.97381	0.97406	0.96736	0.96862	58981
2019-12-31 00:00	0.96862	0.96973	0.96459	0.96695	55489
2020-01-01 00:00	0.96645	0.96831	0.96512	0.96772	944
2020-01-02 00:00	0.96772	0.97329	0.96766	0.97141	101937
2020-01-03 00:00	0.97139	0.97436	0.96877	0.97222	76102
2020-01-05 00:00	0.97003	0.97153	0.97002	0.97152	4714
2020-01-06 00:00	0.97152	0.97161	0.96757	0.96851	69272
2020-01-07 00:00	0.96851	0.97294	0.96829	0.96872	75682
2020-01-08 00:00	0.96873	0.97394	0.96647	0.97325	121060
2020-01-09 00:00	0.97325	0.97479	0.97111	0.97314	71355
2020-01-10 00:00	0.97314	0.97621	0.97197	0.97234	55677
2020-01-12 00:00	0.97263	0.97363	0.97175	0.97316	4808
2020-01-13 00:00	0.97317	0.97360	0.96929	0.97088	50386
2020-01-14 00:00	0.97088	0.97130	0.96652	0.96710	70238
2020-01-15 00:00	0.96711	0.96801	0.96301	0.96369	63240
2020-01-16 00:00	0.96371	0.96533	0.96127	0.96496	56662
2020-01-17 00:00	0.96496	0.96952	0.96449	0.96745	60826
2020-01-19 00:00	0.96722	0.96821	0.96720	0.96813	4204
2020-01-20 00:00	0.96813	0.96991	0.96757	0.96836	43256
2020-01-21 00:00	0.96836	0.96900	0.96609	0.96881	58802
2020-01-22 00:00	0.96881	0.97291	0.96731	0.96736	62606
2020-01-23 00:00	0.96738	0.97034	0.96684	0.96955	73270
2020-01-24 00:00	0.96955	0.97178	0.96917	0.97102	56355
2020-01-26 00:00	0.97033	0.97078	0.96906	0.97005	12440
2020-01-27 00:00	0.97006	0.97189	0.96815	0.96986	70817
2020-01-28 00:00	0.96986	0.97411	0.96782	0.97287	51788
2020-01-29 00:00	0.97288	0.97663	0.97262	0.97318	58192
2020-01-30 00:00	0.97318	0.97329	0.96795	0.96945	78048
2020-01-31 00:00	0.96943	0.97129	0.96271	0.96271	85503
2020-02-02 00:00	0.96335	0.96388	0.96291	0.96337	5053
2020-02-03 00:00	0.96338	0.96721	0.96294	0.96579	91851
2020-02-04 00:00	0.96579	0.97040	0.96562	0.96925	73820
2020-02-05 00:00	0.96925	0.97473	0.96777	0.97340	80623
2020-02-06 00:00	0.97340	0.97563	0.97309	0.97464	66679
2020-02-07 00:00	0.97461	0.97809	0.97391	0.97742	85131
2020-02-09 00:00	0.97614	0.97779	0.97614	0.97659	7905
2020-02-10 00:00	0.97659	0.97834	0.97634	0.97736	87532
2020-02-11 00:00	0.97735	0.97887	0.97483	0.97570	70326
2020-02-12 00:00	0.97574	0.97866	0.97407	0.97763	198570
2020-02-13 00:00	0.97763	0.97953	0.97603	0.97900	250913
2020-02-14 00:00	0.97903	0.98219	0.97902	0.98205	138406
2020-02-16 00:00	0.98133	0.98210	0.98111	0.98168	2521
2020-02-17 00:00	0.98168	0.98266	0.98045	0.98071	40632
2020-02-18 00:00	0.98071	0.98389	0.97962	0.98316	68746
2020-02-19 00:00	0.98319	0.98443	0.98257	0.98363	64794
2020-02-20 00:00	0.98363	0.98484	0.98150	0.98377	71652
2020-02-21 00:00	0.98377	0.98400	0.97706	0.97814	80536
2020-02-23 00:00	0.98057	0.98057	0.97829	0.97886	5699
2020-02-24 00:00	0.97882	0.98157	0.97648	0.97988	112296
2020-02-25 00:00	0.97988	0.98044	0.97507	0.97608	121033
2020-02-26 00:00	0.97611	0.97785	0.97282	0.97642	122363
2020-02-27 00:00	0.97642	0.97647	0.96737	0.96877	138241
2020-02-28 00:00	0.96877	0.96955	0.96100	0.96437	183124
2020-03-01 00:00	0.96307	0.96419	0.96194	0.96390	6594
2020-03-02 00:00	0.96389	0.96546	0.95434	0.95831	160896
2020-03-03 00:00	0.95832	0.95966	0.95150	0.95572	178412
2020-03-04 00:00	0.95571	0.95968	0.95322	0.95664	106673
2020-03-05 00:00	0.95658	0.95714	0.94462	0.94586	113216
2020-03-06 00:00	0.94586	0.94663	0.93180	0.93698	212947
2020-03-08 00:00	0.93149	0.93357	0.92658	0.92727	16183
2020-03-09 00:00	0.92732	0.93189	0.91821	0.92832	219208
2020-03-10 00:00	0.92837	0.94107	0.92661	0.93686	238002
2020-03-11 00:00	0.93685	0.94016	0.93242	0.93896	181078
2020-03-12 00:00	0.93896	0.95513	0.93207	0.94435	262667
2020-03-13 00:00	0.94435	0.95691	0.94220	0.95009	296903
2020-03-15 00:00	0.95164	0.95183	0.94405	0.94635	47892
2020-03-16 00:00	0.94635	0.95249	0.93915	0.94734	367463
2020-03-17 00:00	0.94733	0.96484	0.94729	0.95968	343842
2020-03-18 00:00	0.95970	0.97502	0.95660	0.96760	343161
2020-03-19 00:00	0.96760	0.98887	0.96490	0.98863	356632
2020-03-20 00:00	0.98865	0.99006	0.97430	0.98523	388632
2020-03-22 00:00	0.98471	0.99010	0.98340	0.98520	19782
2020-03-23 00:00	0.98520	0.98877	0.97894	0.98175	379797
2020-03-24 00:00	0.98175	0.98453	0.97180	0.98041	299759
2020-03-25 00:00	0.98040	0.98335	0.97445	0.97617	260169
2020-03-26 00:00	0.97618	0.97718	0.96028	0.96164	275884
2020-03-27 00:00	0.96158	0.96548	0.94975	0.95005	252226
2020-03-29 00:00	0.95091	0.95375	0.95014	0.95048	6972
2020-03-30 00:00	0.95048	0.96104	0.95044	0.95990	183607
2020-03-31 00:00	0.95989	0.96851	0.95920	0.96150	222751
2020-04-01 00:00	0.96150	0.96908	0.96023	0.96633	172842
2020-04-02 00:00	0.96632	0.97500	0.96575	0.97434	168238
2020-04-03 00:00	0.97434	0.97952	0.97307	0.97550	137000
2020-04-05 00:00	0.97623	0.97745	0.97452	0.97722	6647
2020-04-06 00:00	0.97725	0.97971	0.97605	0.97824	151955
2020-04-07 00:00	0.97824	0.97870	0.96851	0.96924	146180
2020-04-08 00:00	0.96926	0.97432	0.96893	0.97186	115458
2020-04-09 00:00	0.97188	0.97339	0.96477	0.96692	154284
2020-04-10 00:00	0.96692	0.96751	0.96391	0.96489	80749
2020-04-12 00:00	0.96422	0.96593	0.96417	0.96589	3129
2020-04-13 00:00	0.96589	0.96867	0.96293	0.96671	80112
2020-04-14 00:00	0.96671	0.96697	0.95930	0.96003	109572
2020-04-15 00:00	0.96003	0.97002	0.95981	0.96511	117320
2020-04-16 00:00	0.96511	0.97152	0.96459	0.96908	142781
2020-04-17 00:00	0.96911	0.97235	0.96558	0.96633	119174
2020-04-19 00:00	0.96729	0.96808	0.96651	0.96804	7217
2020-04-20 00:00	0.96805	0.97001	0.96552	0.96799	102119
2020-04-21 00:00	0.96797	0.97275	0.96699	0.96975	121614
2020-04-22 00:00	0.96975	0.97314	0.96681	0.97285	96248
2020-04-23 00:00	0.97284	0.97722	0.97051	0.97627	137513
2020-04-24 00:00	0.97628	0.98023	0.97247	0.97253	97357
2020-04-26 00:00	0.97247	0.97392	0.97246	0.97354	2483
2020-04-27 00:00	0.97354	0.97665	0.97120	0.97586	95517
2020-04-28 00:00	0.97586	0.97999	0.97202	0.97375	98909
2020-04-29 00:00	0.97374	0.97674	0.97121	0.97389	83181
2020-04-30 00:00	0.97390	0.97590	0.96384	0.96642	125297
2020-05-01 00:00	0.96646	0.96689	0.95882	0.96105	71764
2020-05-03 00:00	0.96190	0.96334	0.96169	0.96248	4675
2020-05-04 00:00	0.96248	0.96626	0.96248	0.96564	82746
2020-05-05 00:00	0.96564	0.97345	0.96456	0.97255	85912
2020-05-06 00:00	0.97256	0.97585	0.97207	0.97529	125634
2020-05-07 00:00	0.97529	0.97839	0.97251	0.97295	95837
2020-05-08 00:00	0.97297	0.97321	0.96808	0.97034	69682
2020-05-10 00:00	0.97084	0.97244	0.97084	0.97118	5394
2020-05-11 00:00	0.97116	0.97364	0.97000	0.97285	70102
2020-05-12 00:00	0.97285	0.97496	0.96645	0.96988	86999
2020-05-13 00:00	0.96989	0.97257	0.96651	0.97193	101612
2020-05-14 00:00	0.97194	0.97549	0.97130	0.97319	97461
2020-05-15 00:00	0.97319	0.97442	0.96978	0.97129	85674
2020-05-17 00:00	0.97227	0.97227	0.97118	0.97195	2929
2020-05-18 00:00	0.97197	0.97606	0.96764	0.97174	91269
2020-05-19 00:00	0.97174	0.97284	0.96983	0.97114	85645
2020-05-20 00:00	0.97114	0.97114	0.96379	0.96487	74816
2020-05-21 00:00	0.96488	0.97125	0.96488	0.97068	88384
2020-05-22 00:00	0.97070	0.97330	0.96967	0.97095	63662
2020-05-24 00:00	0.97128	0.97192	0.97116	0.97121	3243
2020-05-25 00:00	0.97121	0.97360	0.97041	0.97137	50278
2020-05-26 00:00	0.97136	0.97177	0.96463	0.96545	79709
2020-05-27 00:00	0.96546	0.97282	0.96544	0.96800	122813
2020-05-28 00:00	0.96800	0.97189	0.96300	0.96425	99627
2020-05-29 00:00	0.96425	0.96500	0.96014	0.96048	120074
2020-05-31 00:00	0.96054	0.96167	0.96041	0.96066	4212
2020-06-01 00:00	0.96065	0.96247	0.95783	0.96113	106904
2020-06-02 00:00	0.96115	0.96373	0.95729	0.96172	116886
2020-06-03 00:00	0.96172	0.96476	0.96062	0.96145	121849
2020-06-04 00:00	0.96145	0.96236	0.95434	0.95560	120665
2020-06-05 00:00	0.95560	0.96503	0.95414	0.96214	119926
2020-06-07 00:00	0.96068	0.96263	0.95986	0.96142	3181
2020-06-08 00:00	0.96142	0.96392	0.95552	0.95765	87163
2020-06-09 00:00	0.95765	0.95851	0.94821	0.95110	92216
2020-06-10 00:00	0.95110	0.95142	0.94246	0.94367	110022
2020-06-11 00:00	0.94365	0.94602	0.93757	0.94412	121974
2020-06-12 00:00	0.94417	0.95530	0.94373	0.95226	108644
2020-06-14 00:00	0.95359	0.95359	0.95077	0.95139	6716
2020-06-15 00:00	0.95138	0.95465	0.94797	0.94911	97095
2020-06-16 00:00	0.94911	0.95227	0.94633	0.95126	108530
2020-06-17 00:00	0.95127	0.95287	0.94809	0.94870	86354
2020-06-18 00:00	0.94871	0.95249	0.94820	0.95177	82529
2020-06-19 00:00	0.95179	0.95303	0.94875	0.95216	70440
2020-06-21 00:00	0.95130	0.95267	0.95018	0.95239	2665
2020-06-22 00:00	0.95239	0.95245	0.94648	0.94686	62706
2020-06-23 00:00	0.94685	0.94929	0.94200	0.94449	81544
2020-06-24 00:00	0.94449	0.94857	0.94328	0.94817	75788
2020-06-25 00:00	0.94816	0.95077	0.94756	0.94839	78892
2020-06-26 00:00	0.94838	0.94994	0.94671	0.94785	63029
2020-06-28 00:00	0.94781	0.94811	0.94690	0.94797	2273
2020-06-29 00:00	0.94797	0.95247	0.94413	0.95104	61955
2020-06-30 00:00	0.95103	0.95323	0.94610	0.94713	75180
2020-07-01 00:00	0.94718	0.94936	0.94445	0.94574	73564
2020-07-02 00:00	0.94575	0.94649	0.94262	0.94556	63441
2020-07-03 00:00	0.94556	0.94702	0.94337	0.94387	58499
2020-07-05 00:00	0.94487	0.94526	0.94457	0.94496	1841
2020-07-06 00:00	0.94497	0.94497	0.93841	0.94185	65428
2020-07-07 00:00	0.94183	0.94527	0.94081	0.94247	69534
2020-07-08 00:00	0.94248	0.94322	0.93697	0.93827	70223
2020-07-09 00:00	0.93826	0.94100	0.93620	0.94032	92482
2020-07-10 00:00	0.94029	0.94310	0.93844	0.94105	61083
2020-07-12 00:00	0.93991	0.94104	0.93990	0.94052	2642
2020-07-13 00:00	0.94052	0.94375	0.93920	0.94179	97384
2020-07-14 00:00	0.94178	0.94242	0.93797	0.93943	91001
2020-07-15 00:00	0.93942	0.94570	0.93699	0.94394	75300
2020-07-16 00:00	0.94394	0.94675	0.94290	0.94535	81719
2020-07-17 00:00	0.94534	0.94584	0.93798	0.93845	51348
2020-07-19 00:00	0.93930	0.94022	0.93809	0.93835	3484
2020-07-20 00:00	0.93839	0.94098	0.93737	0.93883	68833
2020-07-21 00:00	0.93882	0.93980	0.93209	0.93245	90860
2020-07-22 00:00	0.93245	0.93514	0.92863	0.92986	117324
2020-07-23 00:00	0.92986	0.92986	0.92451	0.92534	87066
2020-07-24 00:00	0.92532	0.92604	0.92031	0.92039	93169
2020-07-26 00:00	0.92066	0.92186	0.91879	0.92104	4994
2020-07-27 00:00	0.92103	0.92299	0.91658	0.91955	94688
2020-07-28 00:00	0.91957	0.92277	0.91549	0.91793	102006
2020-07-29 00:00	0.91793	0.91874	0.91168	0.91254	95988
2020-07-30 00:00	0.91251	0.91510	0.90779	0.90859	99930
2020-07-31 00:00	0.90859	0.91486	0.90559	0.91307	116101
2020-08-02 00:00	0.91376	0.91399	0.91245	0.91349	11369
2020-08-03 00:00	0.91349	0.92416	0.91320	0.91763	101974
2020-08-04 00:00	0.91764	0.91879	0.91248	0.91262	78773
2020-08-05 00:00	0.91262	0.91348	0.90500	0.90806	73343
2020-08-06 00:00	0.90805	0.91287	0.90651	0.90994	97478
2020-08-07 00:00	0.90994	0.91578	0.90965	0.91220	96168
2020-08-09 00:00	0.91193	0.91325	0.91189	0.91277	3495
2020-08-10 00:00	0.91274	0.91841	0.91217	0.91559	68638
2020-08-11 00:00	0.91558	0.91775	0.91049	0.91747	121668
2020-08-12 00:00	0.91747	0.91976	0.90965	0.91178	104999
2020-08-13 00:00	0.91178	0.91196	0.90818	0.90967	84472
2020-08-14 00:00	0.90968	0.91227	0.90866	0.90892	96635
2020-08-16 00:00	0.90896	0.90937	0.90825	0.90874	1737
2020-08-17 00:00	0.90874	0.90965	0.90510	0.90653	86091
2020-08-18 00:00	0.90656	0.90666	0.90094	0.90274	85906
2020-08-19 00:00	0.90275	0.91541	0.90187	0.91474	91370
2020-08-20 00:00	0.91474	0.91614	0.90691	0.90702	104492
2020-08-21 00:00	0.90699	0.91395	0.90607	0.91146	75447
2020-08-23 00:00	0.91100	0.91203	0.90999	0.91198	2780
2020-08-24 00:00	0.91195	0.91276	0.90742	0.91193	76402
2020-08-25 00:00	0.91193	0.91259	0.90700	0.90806	77108
2020-08-26 00:00	0.90807	0.91204	0.90710	0.90747	74456
2020-08-27 00:00	0.90746	0.91234	0.90355	0.90917	138905
2020-08-28 00:00	0.90920	0.90993	0.90238	0.90404	116523
2020-08-30 00:00	0.90353	0.90476	0.90283	0.90361	4716
2020-08-31 00:00	0.90362	0.90530	0.89984	0.90404	231803
2020-09-01 00:00	0.90403	0.91005	0.89987	0.90939	131454
2020-09-02 00:00	0.90936	0.91366	0.90925	0.91132	101055
2020-09-03 00:00	0.91133	0.91421	0.90821	0.91003	95096
2020-09-04 00:00	0.91003	0.91631	0.90901	0.91321	88984
2020-09-06 00:00	0.91253	0.91361	0.91239	0.91349	1442
2020-09-07 00:00	0.91349	0.91693	0.91203	0.91642	48693
2020-09-08 00:00	0.91641	0.92005	0.91559	0.91807	104165
2020-09-09 00:00	0.91807	0.91904	0.91180	0.91219	73939
2020-09-10 00:00	0.91221	0.91222	0.90487	0.91026	96449
2020-09-11 00:00	0.91025	0.91058	0.90791	0.90866	70151
2020-09-13 00:00	0.90875	0.90915	0.90860	0.90891	1961
2020-09-14 00:00	0.90891	0.90983	0.90578	0.90839	59711
2020-09-15 00:00	0.90839	0.90886	0.90509	0.90861	64451
2020-09-16 00:00	0.90861	0.91103	0.90545	0.91051	106272
2020-09-17 00:00	0.91051	0.91391	0.90796	0.90827	96474
2020-09-18 00:00	0.90827	0.91150	0.90745	0.91137	66169
2020-09-20 00:00	0.91138	0.91139	0.90937	0.91108	2687
2020-09-21 00:00	0.91109	0.91710	0.90863	0.91532	103618
2020-09-22 00:00	0.91533	0.92073	0.91361	0.92008	93248
2020-09-23 00:00	0.92007	0.92450	0.91894	0.92412	88827
2020-09-24 00:00	0.92412	0.92798	0.92156	0.92675	94295
2020-09-25 00:00	0.92674	0.92961	0.92502	0.92772	73090
2020-09-27 00:00	0.92843	0.92892	0.92788	0.92830	2317
2020-09-28 00:00	0.92831	0.92953	0.92364	0.92381	70816
2020-09-29 00:00	0.92382	0.92470	0.91892	0.91943	65317
2020-09-30 00:00	0.91942	0.92443	0.91621	0.92086	92760
2020-10-01 00:00	0.92086	0.92140	0.91641	0.91891	82707
2020-10-02 00:00	0.91891	0.92185	0.91806	0.91992	84505
2020-10-04 00:00	0.91920	0.91997	0.91621	0.91799	6377
2020-10-05 00:00	0.91802	0.91867	0.91447	0.91510	55799
2020-10-06 00:00	0.91511	0.91820	0.91329	0.91749	63600
2020-10-07 00:00	0.91752	0.91842	0.91591	0.91700	54177
2020-10-08 00:00	0.91701	0.91975	0.91567	0.91690	46206
2020-10-09 00:00	0.91690	0.91721	0.90917	0.90936	43598
2020-10-11 00:00	0.91074	0.91085	0.90994	0.91047	2249
2020-10-12 00:00	0.91048	0.91235	0.90865	0.90906	42401
2020-10-13 00:00	0.90906	0.91545	0.90891	0.91510	50847
2020-10-14 00:00	0.91513	0.91623	0.91130	0.91337	46388
2020-10-15 00:00	0.91337	0.91553	0.91261	0.91462	60836
2020-10-16 00:00	0.91461	0.91620	0.91228	0.91428	61883
2020-10-18 00:00	0.91420	0.91523	0.91407	0.91510	1828
2020-10-19 00:00	0.91510	0.91652	0.90899	0.91056	52607
2020-10-20 00:00	0.91057	0.91096	0.90549	0.90676	59081
2020-10-21 00:00	0.90680	0.90684	0.90303	0.90592	67435
2020-10-22 00:00	0.90595	0.90802	0.90536	0.90763	60967
2020-10-23 00:00	0.90764	0.90920	0.90339	0.90418	52054
2020-10-25 00:00	0.90482	0.90518	0.90385	0.90458	4459
2020-10-26 00:00	0.90459	0.90818	0.90425	0.90801	59488
2020-10-27 00:00	0.90800	0.90990	0.90612	0.90890	54197
2020-10-28 00:00	0.90890	0.91274	0.90846	0.91070	75056
2020-10-29 00:00	0.91070	0.91724	0.90887	0.91531	81892
2020-10-30 00:00	0.91531	0.91723	0.91380	0.91683	72496
2020-11-01 00:00	0.91605	0.91728	0.91475	0.91718	1617
2020-11-02 00:00	0.91722	0.92073	0.91657	0.91882	58159
2020-11-03 00:00	0.91882	0.91912	0.91057	0.91062	51296
2020-11-04 00:00	0.91062	0.91961	0.90896	0.91160	140085
2020-11-05 00:00	0.91159	0.91256	0.90289	0.90433	87346
2020-11-06 00:00	0.90431	0.90561	0.89821	0.89930	98110
2020-11-08 00:00	0.89883	0.90003	0.89838	0.89927	5148
2020-11-09 00:00	0.89926	0.91426	0.89835	0.91274	124388
2020-11-10 00:00	0.91273	0.91751	0.91149	0.91501	111172
2020-11-11 00:00	0.91500	0.91917	0.91380	0.91665	68677
2020-11-12 00:00	0.91665	0.91703	0.91311	0.91481	65075
2020-11-13 00:00	0.91483	0.91588	0.91232	0.91232	45792
2020-11-15 00:00	0.91271	0.91305	0.91195	0.91211	1969
2020-11-16 00:00	0.91210	0.91512	0.90974	0.91234	72380
2020-11-17 00:00	0.91234	0.91280	0.90879	0.91130	56646
2020-11-18 00:00	0.91128	0.91226	0.90914	0.91183	64372
2020-11-19 00:00	0.91184	0.91393	0.90995	0.91107	70436
2020-11-20 00:00	0.91107	0.91230	0.90913	0.91054	56563
2020-11-22 00:00	0.91051	0.91131	0.91051	0.91061	3381
2020-11-23 00:00	0.91062	0.91476	0.90758	0.91243	71670
2020-11-24 00:00	0.91239	0.91363	0.90975	0.91091	68962
2020-11-25 00:00	0.91090	0.91388	0.90777	0.90818	81971
2020-11-26 00:00	0.90816	0.90932	0.90585	0.90649	55501
2020-11-27 00:00	0.90655	0.90825	0.90389	0.90389	59388
2020-11-29 00:00	0.90391	0.90461	0.90374	0.90414	1672
2020-11-30 00:00	0.90414	0.90925	0.90189	0.90820	70657
2020-12-01 00:00	0.90820	0.90835	0.89924	0.89952	69357
2020-12-02 00:00	0.89951	0.90130	0.89421	0.89462	72509
2020-12-03 00:00	0.89462	0.89535	0.88912	0.89086	60704
2020-12-04 00:00	0.89086	0.89228	0.88852	0.89168	60502
2020-12-06 00:00	0.89064	0.89186	0.89023	0.89185	3850
2020-12-07 00:00	0.89188	0.89463	0.88752	0.89082	60299
2020-12-08 00:00	0.89085	0.89139	0.88812	0.88870	57177
2020-12-09 00:00	0.88870	0.89141	0.88705	0.88946	54221
2020-12-10 00:00	0.88942	0.89012	0.88518	0.88593	69660
2020-12-11 00:00	0.88592	0.89089	0.88511	0.88947	56087
2020-12-13 00:00	0.88860	0.88884	0.88795	0.88850	2030
2020-12-14 00:00	0.88851	0.88952	0.88499	0.88668	54734
2020-12-15 00:00	0.88667	0.88802	0.88500	0.88551	57241
2020-12-16 00:00	0.88553	0.88919	0.88257	0.88535	72913
2020-12-17 00:00	0.88537	0.88577	0.88220	0.88476	57699
2020-12-18 00:00	0.88476	0.88678	0.88235	0.88235	60181
2020-12-20 00:00	0.88478	0.88581	0.88397	0.88575	1945
2020-12-21 00:00	0.88575	0.89189	0.88415	0.88556	97554
2020-12-22 00:00	0.88557	0.89045	0.88448	0.88777	68662
2020-12-23 00:00	0.88776	0.89108	0.88671	0.88775	73128
2020-12-24 00:00	0.88776	0.89180	0.88682	0.89030	48677
2020-12-25 00:00	0.89058	0.89111	0.88853	0.88877	1844
2020-12-27 00:00	0.88908	0.89081	0.88824	0.88955	2014
2020-12-28 00:00	0.88950	0.89185	0.88758	0.88831	57418
2020-12-29 00:00	0.88832	0.88840	0.88302	0.88411	59684
2020-12-30 00:00	0.88411	0.88544	0.88109	0.88163	66129
2020-12-31 00:00	0.88162	0.88580	0.87938	0.88468	61236
2021-01-03 00:00	0.88301	0.88422	0.88250	0.88314	2772
2021-01-04 00:00	0.88312	0.88453	0.87842	0.88123	68784
2021-01-05 00:00	0.88123	0.88163	0.87755	0.87818	63578
2021-01-06 00:00	0.87816	0.88211	0.87572	0.87809	95672
2021-01-07 00:00	0.87809	0.88604	0.87742	0.88516	83730
2021-01-08 00:00	0.88516	0.88842	0.88220	0.88495	96582
2021-01-10 00:00	0.88563	0.88783	0.88408	0.88755	3216
2021-01-11 00:00	0.88756	0.89200	0.88683	0.88963	76055
2021-01-12 00:00	0.88963	0.89158	0.88604	0.88609	65883
2021-01-13 00:00	0.88608	0.88890	0.88490	0.88709	63923
2021-01-14 00:00	0.88708	0.89170	0.88555	0.88834	77919
2021-01-15 00:00	0.88837	0.89145	0.88690	0.89037	60470
2021-01-17 00:00	0.89013	0.89258	0.89013	0.89248	2483
2021-01-18 00:00	0.89248	0.89249	0.88978	0.89088	51435
2021-01-19 00:00	0.89089	0.89165	0.88638	0.88804	54219
2021-01-20 00:00	0.88802	0.89202	0.88667	0.88934	59098
2021-01-21 00:00	0.88933	0.88991	0.88461	0.88536	60313
2021-01-22 00:00	0.88534	0.88661	0.88381	0.88506	54981
2021-01-24 00:00	0.88473	0.88568	0.88473	0.88558	2222
2021-01-25 00:00	0.88555	0.88926	0.88475	0.88803	57683
2021-01-26 00:00	0.88804	0.88956	0.88605	0.88660	52189
2021-01-27 00:00	0.88659	0.89172	0.88611	0.88921	80128
2021-01-28 00:00	0.88920	0.89183	0.88694	0.88855	77278
2021-01-29 00:00	0.88856	0.89114	0.88742	0.89003	82422
2021-01-31 00:00	0.89005	0.89191	0.88938	0.89146	3047
2021-02-01 00:00	0.89146	0.89724	0.89056	0.89652	72978
2021-02-02 00:00	0.89652	0.89950	0.89466	0.89792	69433
2021-02-03 00:00	0.89794	0.90024	0.89700	0.89841	54733
2021-02-04 00:00	0.89841	0.90446	0.89836	0.90401	60178
2021-02-05 00:00	0.90402	0.90455	0.89841	0.89841	65775
2021-02-07 00:00	0.89912	0.89956	0.89858	0.89901	3219
2021-02-08 00:00	0.89900	0.90193	0.89783	0.89863	58722
2021-02-09 00:00	0.89863	0.89878	0.89193	0.89255	61645
2021-02-10 00:00	0.89254	0.89310	0.88900	0.89024	59694
2021-02-11 00:00	0.89024	0.89100	0.88918	0.89007	42815
2021-02-12 00:00	0.89007	0.89396	0.88991	0.89102	44356
2021-02-14 00:00	0.89089	0.89190	0.89088	0.89190	1896
2021-02-15 00:00	0.89190	0.89246	0.88948	0.88990	40275
2021-02-16 00:00	0.88991	0.89397	0.88710	0.89356	61539
2021-02-17 00:00	0.89356	0.89918	0.89269	0.89854	77101
2021-02-18 00:00	0.89854	0.89953	0.89566	0.89602	65801
2021-02-19 00:00	0.89602	0.89722	0.89331	0.89612	54619
2021-02-21 00:00	0.89625	0.89741	0.89519	0.89683	6354
2021-02-22 00:00	0.89683	0.90234	0.89479	0.89579	66621
2021-02-23 00:00	0.89577	0.90569	0.89484	0.90532	71495
2021-02-24 00:00	0.90532	0.90943	0.90479	0.90670	94309
2021-02-25 00:00	0.90671	0.90812	0.90278	0.90570	113179
2021-02-26 00:00	0.90570	0.91015	0.90264	0.90824	112912
2021-02-28 00:00	0.90868	0.90871	0.90730	0.90731	2662
2021-03-01 00:00	0.90730	0.91592	0.90704	0.91497	94398
2021-03-02 00:00	0.91497	0.91934	0.91359	0.91510	83269
2021-03-03 00:00	0.91509	0.92006	0.91400	0.92003	83840
2021-03-04 00:00	0.92003	0.92977	0.91890	0.92925	114397
2021-03-05 00:00	0.92926	0.93186	0.92573	0.93029	111928
2021-03-07 00:00	0.92943	0.93091	0.92857	0.93010	4263
2021-03-08 00:00	0.93010	0.93693	0.92975	0.93612	84402
2021-03-09 00:00	0.93612	0.93750	0.92742	0.92816	92394
2021-03-10 00:00	0.92816	0.93230	0.92801	0.92986	83927
2021-03-11 00:00	0.92988	0.93087	0.92303	0.92480	76332
2021-03-12 00:00	0.92480	0.93246	0.92459	0.92919	70575
2021-03-14 00:00	0.92719	0.92966	0.92703	0.92941	9830
2021-03-15 00:00	0.92941	0.93122	0.92631	0.92768	82702
2021-03-16 00:00	0.92768	0.92870	0.92421	0.92494	76973
2021-03-17 00:00	0.92494	0.92956	0.92132	0.92220	99180
2021-03-18 00:00	0.92219	0.93051	0.92186	0.92733	117236
2021-03-19 00:00	0.92733	0.93197	0.92509	0.92843	94192
2021-03-21 00:00	0.93046	0.93101	0.92915	0.93000	3520
2021-03-22 00:00	0.92999	0.93090	0.92222	0.92336	75859
2021-03-23 00:00	0.92337	0.93467	0.92326	0.93443	77791
2021-03-24 00:00	0.93441	0.93693	0.93370	0.93597	71000
2021-03-25 00:00	0.93597	0.94015	0.93490	0.93956	72509
2021-03-26 00:00	0.93955	0.94176	0.93821	0.93885	51126
2021-03-28 00:00	0.93848	0.93967	0.93847	0.93956	2247
2021-03-29 00:00	0.93955	0.94043	0.93698	0.93896	61902
2021-03-30 00:00	0.93896	0.94385	0.93883	0.94180	73559
2021-03-31 00:00	0.94180	0.94583	0.94034	0.94387	105841
2021-04-01 00:00	0.94389	0.94723	0.94044	0.94210	112413
2021-04-02 00:00	0.94213	0.94339	0.94046	0.94176	51894
2021-04-04 00:00	0.94240	0.94309	0.94202	0.94202	6112
2021-04-05 00:00	0.94204	0.94383	0.93526	0.93603	70355
2021-04-06 00:00	0.93604	0.93959	0.93023	0.93080	65048
2021-04-07 00:00	0.93080	0.93146	0.92677	0.92939	62668
2021-04-08 00:00	0.92938	0.93020	0.92318	0.92415	51857
2021-04-09 00:00	0.92417	0.92815	0.92322	0.92322	56933
2021-04-11 00:00	0.92479	0.92564	0.92377	0.92563	2119
2021-04-12 00:00	0.92564	0.92682	0.92125	0.92236	61249
2021-04-13 00:00	0.92240	0.92594	0.91973	0.92027	76728
2021-04-14 00:00	0.92026	0.92338	0.91864	0.92273	70274
2021-04-15 00:00	0.92272	0.92453	0.92061	0.92195	85341
2021-04-16 00:00	0.92196	0.92348	0.91789	0.91972	60623
2021-04-18 00:00	0.91917	0.92083	0.91881	0.92055	1782
2021-04-19 00:00	0.92056	0.92148	0.91283	0.91489	65314
2021-04-20 00:00	0.91490	0.91693	0.91347	0.91604	64714
2021-04-21 00:00	0.91603	0.91955	0.91530	0.91671	60482
2021-04-22 00:00	0.91671	0.91909	0.91433	0.91713	67902
2021-04-23 00:00	0.91713	0.91730	0.91275	0.91348	52506
2021-04-25 00:00	0.91303	0.91397	0.91303	0.91395	2182
2021-04-26 00:00	0.91395	0.91657	0.91213	0.91463	60630
2021-04-27 00:00	0.91464	0.91715	0.91231	0.91403	57635
2021-04-28 00:00	0.91404	0.91814	0.90879	0.90891	79713
2021-04-29 00:00	0.90895	0.91191	0.90798	0.90892	70487
2021-04-30 00:00	0.90892	0.91399	0.90800	0.91290	73513
2021-05-02 00:00	0.91243	0.91300	0.91168	0.91287	1898
2021-05-03 00:00	0.91288	0.91475	0.90927	0.91152	70876
2021-05-04 00:00	0.91152	0.91604	0.91141	0.91361	87975
2021-05-05 00:00	0.91362	0.91641	0.91210	0.91310	73574
2021-05-06 00:00	0.91310	0.91446	0.90700	0.90760	77400
2021-05-07 00:00	0.90760	0.90933	0.89974	0.89979	90889
2021-05-09 00:00	0.90113	0.90142	0.89999	0.90046	13121
2021-05-10 00:00	0.90047	0.90188	0.89853	0.90052	84240
2021-05-11 00:00	0.90052	0.90406	0.90010	0.90384	78361
2021-05-12 00:00	0.90384	0.90936	0.90296	0.90883	104159
2021-05-13 00:00	0.90885	0.90929	0.90485	0.90595	126054
2021-05-14 00:00	0.90598	0.90633	0.90106	0.90122	63459
2021-05-16 00:00	0.90103	0.90172	0.90103	0.90142	1659
2021-05-17 00:00	0.90143	0.90338	0.90017	0.90333	63013
2021-05-18 00:00	0.90334	0.90347	0.89600	0.89752	54366
2021-05-19 00:00	0.89753	0.90471	0.89678	0.90403	84254
2021-05-20 00:00	0.90403	0.90468	0.89677	0.89753	70957
2021-05-21 00:00	0.89753	0.90003	0.89534	0.89748	65450
2021-05-23 00:00	0.89795	0.89827	0.89722	0.89746	1856
2021-05-24 00:00	0.89747	0.90024	0.89565	0.89701	63185
2021-05-25 00:00	0.89702	0.89742	0.89300	0.89562	81543
2021-05-26 00:00	0.89563	0.89873	0.89415	0.89773	63240
2021-05-27 00:00	0.89775	0.90083	0.89605	0.89706	70124
2021-05-28 00:00	0.89704	0.90293	0.89704	0.89975	67549
2021-05-30 00:00	0.89875	0.90015	0.89874	0.90012	5739
2021-05-31 00:00	0.90011	0.90125	0.89814	0.89839	42760
2021-06-01 00:00	0.89838	0.89983	0.89465	0.89707	53079
2021-06-02 00:00	0.89709	0.90241	0.89666	0.89820	66338
2021-06-03 00:00	0.89819	0.90515	0.89787	0.90347	52605
2021-06-04 00:00	0.90348	0.90534	0.89819	0.89829	54127
2021-06-06 00:00	0.89911	0.89936	0.89837	0.89927	3048
2021-06-07 00:00	0.89928	0.90099	0.89656	0.89770	46353
2021-06-08 00:00	0.89771	0.89891	0.89515	0.89690	55024
2021-06-09 00:00	0.89690	0.89713	0.89260	0.89585	37155
2021-06-10 00:00	0.89583	0.89925	0.89402	0.89455	58148
2021-06-11 00:00	0.89456	0.89999	0.89324	0.89714	44192
2021-06-13 00:00	0.89806	0.89875	0.89775	0.89783	2460
2021-06-14 00:00	0.89783	0.90013	0.89783	0.89935	41443
2021-06-15 00:00	0.89933	0.90074	0.89651	0.89854	42502
2021-06-16 00:00	0.89856	0.90907	0.89770	0.90868	67439
2021-06-17 00:00	0.90869	0.91878	0.90754	0.91765	86010
2021-06-18 00:00	0.91765	0.92385	0.91680	0.92253	83455
2021-06-20 00:00	0.92184	0.92294	0.92131	0.92249	3107
2021-06-21 00:00	0.92249	0.92366	0.91735	0.91864	70178
2021-06-22 00:00	0.91865	0.92125	0.91722	0.91862	63382
2021-06-23 00:00	0.91860	0.91995	0.91538	0.91822	55105
2021-06-24 00:00	0.91822	0.91996	0.91736	0.91813	57252
2021-06-25 00:00	0.91813	0.91824	0.91422	0.91669	49950
2021-06-27 00:00	0.91729	0.91759	0.91620	0.91665	6252
2021-06-28 00:00	0.91665	0.92143	0.91665	0.91960	52060
2021-06-29 00:00	0.91959	0.92327	0.91894	0.92091	50197
2021-06-30 00:00	0.92091	0.92618	0.92058	0.92507	64541
2021-07-01 00:00	0.92506	0.92713	0.92356	0.92590	69053
2021-07-02 00:00	0.92589	0.92742	0.91998	0.92012	68540
2021-07-04 00:00	0.92104	0.92180	0.92020	0.92175	6903
2021-07-05 00:00	0.92174	0.92322	0.92036	0.92224	43221
2021-07-06 00:00	0.92227	0.92510	0.91932	0.92470	75576
2021-07-07 00:00	0.92470	0.92673	0.92225	0.92568	69727
2021-07-08 00:00	0.92566	0.92608	0.91330	0.91475	79677
2021-07-09 00:00	0.91475	0.91747	0.91357	0.91363	52650
2021-07-11 00:00	0.91403	0.91527	0.91349	0.91406	2729
2021-07-12 00:00	0.91407	0.91707	0.91317	0.91502	53793
2021-07-13 00:00	0.91501	0.92003	0.91429	0.91890	72652
2021-07-14 00:00	0.91890	0.91984	0.91381	0.91473	62900
2021-07-15 00:00	0.91471	0.91928	0.91174	0.91784	63746
2021-07-16 00:00	0.91785	0.92034	0.91738	0.91868	52582
2021-07-18 00:00	0.91798	0.92002	0.91798	0.91856	1982
2021-07-19 00:00	0.91855	0.92215	0.91626	0.91871	67843
2021-07-20 00:00	0.91872	0.92325	0.91725	0.92121	69737
2021-07-21 00:00	0.92121	0.92309	0.91694	0.91768	54550
2021-07-22 00:00	0.91767	0.92016	0.91546	0.91911	69228
2021-07-23 00:00	0.91909	0.92218	0.91860	0.91908	46185
2021-07-25 00:00	0.91860	0.91988	0.91860	0.91954	2068
2021-07-26 00:00	0.91950	0.92020	0.91482	0.91554	55967
2021-07-27 00:00	0.91555	0.91862	0.91281	0.91441	57272
2021-07-28 00:00	0.91438	0.91672	0.90967	0.90973	60564
2021-07-29 00:00	0.90971	0.91004	0.90527	0.90574	46026
2021-07-30 00:00	0.90573	0.90751	0.90392	0.90489	50017
2021-08-01 00:00	0.90379	0.90620	0.90375	0.90593	1196
2021-08-02 00:00	0.90595	0.90671	0.90373	0.90527	46015
2021-08-03 00:00	0.90527	0.90572	0.90227	0.90381	50995
2021-08-04 00:00	0.90382	0.90758	0.90181	0.90659	45755
2021-08-05 00:00	0.90659	0.90777	0.90511	0.90664	43110
2021-08-06 00:00	0.90662	0.91562	0.90659	0.91383	48996
2021-08-08 00:00	0.91322	0.91629	0.91322	0.91569	4432
2021-08-09 00:00	0.91568	0.92095	0.91453	0.92088	42992
2021-08-10 00:00	0.92088	0.92338	0.91945	0.92297	43123
2021-08-11 00:00	0.92295	0.92419	0.92021	0.92159	41245
2021-08-12 00:00	0.92160	0.92395	0.92113	0.92309	30537
2021-08-13 00:00	0.92308	0.92387	0.91497	0.91497	29932
2021-08-15 00:00	0.91576	0.91585	0.91474	0.91539	3595
2021-08-16 00:00	0.91539	0.91634	0.91089	0.91257	41059
2021-08-17 00:00	0.91255	0.91526	0.90994	0.91492	44719
2021-08-18 00:00	0.91493	0.91963	0.91266	0.91756	50788
2021-08-19 00:00	0.91754	0.92067	0.91450	0.91892	56506
2021-08-20 00:00	0.91892	0.91892	0.91585	0.91671	34250
2021-08-22 00:00	0.91625	0.91771	0.91597	0.91722	1844
2021-08-23 00:00	0.91720	0.91778	0.91208	0.91232	41075
2021-08-24 00:00	0.91234	0.91389	0.91101	0.91317	35322
2021-08-25 00:00	0.91316	0.91575	0.91186	0.91366	40643
2021-08-26 00:00	0.91370	0.91919	0.91348	0.91796	50670
2021-08-27 00:00	0.91796	0.91994	0.91059	0.91080	49740
2021-08-29 00:00	0.91089	0.91149	0.91052	0.91139	2093
2021-08-30 00:00	0.91140	0.91848	0.91010	0.91718	30633
2021-08-31 00:00	0.91718	0.91728	0.91140	0.91533	49199
2021-09-01 00:00	0.91538	0.91891	0.91388	0.91558	45598
2021-09-02 00:00	0.91557	0.91676	0.91343	0.91450	41016
2021-09-03 00:00	0.91449	0.91590	0.91151	0.91342	54367
2021-09-05 00:00	0.91209	0.91413	0.91209	0.91383	1462
2021-09-06 00:00	0.91382	0.91680	0.91379	0.91487	34673
2021-09-07 00:00	0.91486	0.91987	0.91325	0.91944	51400
2021-09-08 00:00	0.91944	0.92345	0.91832	0.92183	57058
2021-09-09 00:00	0.92184	0.92227	0.91588	0.91654	58280
2021-09-10 00:00	0.91655	0.91846	0.91497	0.91704	45620
2021-09-12 00:00	0.91769	0.91852	0.91754	0.91819	35129
2021-09-13 00:00	0.91818	0.92408	0.91814	0.92226	42259
2021-09-14 00:00	0.92224	0.92276	0.91803	0.92008	48640
2021-09-15 00:00	0.92006	0.92051	0.91635	0.91969	46344
2021-09-16 00:00	0.91970	0.92777	0.91935	0.92736	51886
2021-09-17 00:00	0.92734	0.93245	0.92593	0.93211	55018
2021-09-19 00:00	0.93152	0.93255	0.93056	0.93203	1534
2021-09-20 00:00	0.93203	0.93325	0.92681	0.92768	52271
2021-09-21 00:00	0.92769	0.92831	0.92248	0.92350	56930
2021-09-22 00:00	0.92349	0.92728	0.92148	0.92640	78166
2021-09-23 00:00	0.92639	0.92733	0.92168	0.92469	66644
2021-09-24 00:00	0.92468	0.92605	0.92217	0.92393	46494
2021-09-26 00:00	0.92388	0.92511	0.92330	0.92456	2036
2021-09-27 00:00	0.92454	0.92906	0.92442	0.92568	65093
2021-09-28 00:00	0.92567	0.93013	0.92565	0.92915	76561
2021-09-29 00:00	0.92917	0.93548	0.92797	0.93427	80711
2021-09-30 00:00	0.93427	0.93679	0.93059	0.93257	81638
2021-10-01 00:00	0.93256	0.93375	0.92810	0.93053	77477
2021-10-03 00:00	0.92941	0.93011	0.92890	0.92957	1816
2021-10-04 00:00	0.92957	0.93108	0.92299	0.92498	53128
2021-10-05 00:00	0.92498	0.92877	0.92457	0.92839	54754
2021-10-06 00:00	0.92839	0.93073	0.92668	0.92777	71894
2021-10-07 00:00	0.92779	0.92919	0.92526	0.92853	59893
2021-10-08 00:00	0.92853	0.93054	0.92585	0.92691	64178
2021-10-10 00:00	0.92686	0.92792	0.92618	0.92785	1673
2021-10-11 00:00	0.92785	0.92875	0.92498	0.92758	51772
2021-10-12 00:00	0.92758	0.93129	0.92566	0.93059	51642
2021-10-13 00:00	0.93060	0.93073	0.92340	0.92409	65447
2021-10-14 00:00	0.92409	0.92439	0.91938	0.92436	55041
2021-10-15 00:00	0.92435	0.92636	0.92214	0.92218	56604
2021-10-17 00:00	0.92284	0.92396	0.92220	0.92355	3951
2021-10-18 00:00	0.92353	0.92729	0.92229	0.92352	59071
2021-10-19 00:00	0.92352	0.92354	0.91847	0.92308	57672
2021-10-20 00:00	0.92307	0.92521	0.91813	0.91893	62305
2021-10-21 00:00	0.91894	0.92060	0.91699	0.91812	63594
2021-10-22 00:00	0.91813	0.91852	0.91497	0.91497	64378
2021-10-24 00:00	0.91517	0.91691	0.91516	0.91663	2825
2021-10-25 00:00	0.91664	0.92021	0.91496	0.91987	64620
2021-10-26 00:00	0.91988	0.92259	0.91865	0.91971	57179
2021-10-27 00:00	0.91971	0.92034	0.91641	0.91812	78180
2021-10-28 00:00	0.91811	0.91944	0.91126	0.91169	106477
2021-10-29 00:00	0.91169	0.91758	0.91020	0.91524	88318
2021-10-31 00:00	0.91465	0.91632	0.91419	0.91613	1653
2021-11-01 00:00	0.91612	0.91711	0.90852	0.90935	66536
2021-11-02 00:00	0.90934	0.91500	0.90898	0.91479	62836
2021-11-03 00:00	0.91477	0.91506	0.91043	0.91129	84517
2021-11-04 00:00	0.91130	0.91448	0.91110	0.91260	76840
2021-11-05 00:00	0.91261	0.91748	0.91122	0.91176	76506
2021-11-07 00:00	0.91196	0.91247	0.91173	0.91197	2144
2021-11-08 00:00	0.91196	0.91575	0.91193	0.91339	62953
2021-11-09 00:00	0.91340	0.91537	0.91015	0.91101	79657
2021-11-10 00:00	0.91100	0.91859	0.91083	0.91795	105072
2021-11-11 00:00	0.91796	0.92242	0.91785	0.92123	67923
2021-11-12 00:00	0.92123	0.92374	0.92018	0.92089	67725
2021-11-14 00:00	0.92019	0.92129	0.92019	0.92113	1142
2021-11-15 00:00	0.92112	0.92579	0.91866	0.92529	69102
2021-11-16 00:00	0.92529	0.93113	0.92369	0.93034	88963
2021-11-17 00:00	0.93034	0.93294	0.92749	0.92854	85544
2021-11-18 00:00	0.92854	0.92916	0.92505	0.92578	91436
2021-11-19 00:00	0.92578	0.92899	0.92497	0.92823	108177
2021-11-21 00:00	0.92769	0.92950	0.92768	0.92929	16058
2021-11-22 00:00	0.92929	0.93345	0.92666	0.93260	88534
2021-11-23 00:00	0.93261	0.93440	0.93010	0.93342	95337
2021-11-24 00:00	0.93342	0.93734	0.93279	0.93403	97578
2021-11-25 00:00	0.93404	0.93609	0.93239	0.93528	66574
2021-11-26 00:00	0.93528	0.93544	0.92102	0.92222	142631
2021-11-28 00:00	0.92192	0.92531	0.92139	0.92440	3974
2021-11-29 00:00	0.92440	0.92727	0.92234	0.92289	104763
2021-11-30 00:00	0.92288	0.92662	0.91570	0.91951	149659
2021-12-01 00:00	0.91952	0.92175	0.91689	0.92059	104273
2021-12-02 00:00	0.92056	0.92212	0.91778	0.91979	90577
2021-12-03 00:00	0.91981	0.92174	0.91614	0.91618	98328
2021-12-05 00:00	0.91723	0.91871	0.91635	0.91851	2110
2021-12-06 00:00	0.91852	0.92687	0.91846	0.92553	68346
2021-12-07 00:00	0.92552	0.92750	0.92306	0.92449	67700
2021-12-08 00:00	0.92449	0.92521	0.91916	0.92016	74743
2021-12-09 00:00	0.92015	0.92646	0.91998	0.92372	64837
2021-12-10 00:00	0.92373	0.92527	0.91986	0.92043	63190
2021-12-12 00:00	0.92000	0.92143	0.91993	0.92126	2445
2021-12-13 00:00	0.92126	0.92562	0.92056	0.92239	57544
2021-12-14 00:00	0.92238	0.92446	0.91880	0.92413	56214
2021-12-15 00:00	0.92413	0.92939	0.92238	0.92445	91467
2021-12-16 00:00	0.92444	0.92560	0.91876	0.91895	79671
2021-12-17 00:00	0.91897	0.92456	0.91742	0.92313	65051
2021-12-19 00:00	0.92345	0.92443	0.92321	0.92329	1663
2021-12-20 00:00	0.92330	0.92504	0.91920	0.92174	68121
2021-12-21 00:00	0.92173	0.92540	0.91947	0.92303	72591
2021-12-22 00:00	0.92303	0.92521	0.91896	0.91942	52940
2021-12-23 00:00	0.91942	0.92188	0.91729	0.91812	57438
2021-12-24 00:00	0.91828	0.91977	0.91647	0.91697	114833
2021-12-26 00:00	0.91790	0.91906	0.91751	0.91884	2253
2021-12-27 00:00	0.91883	0.91997	0.91644	0.91715	37590
2021-12-28 00:00	0.91717	0.91900	0.91591	0.91712	38662
2021-12-29 00:00	0.91713	0.92012	0.91263	0.91388	48215
2021-12-30 00:00	0.91387	0.91812	0.91313	0.91387	56470
2021-12-31 00:00	0.91389	0.91475	0.91014	0.91168	50284
2022-01-02 00:00	0.91113	0.91241	0.91008	0.91202	2108
2022-01-03 00:00	0.91203	0.91999	0.91153	0.91835	65679
2022-01-04 00:00	0.91835	0.91928	0.91363	0.91619	70021
2022-01-05 00:00	0.91620	0.91834	0.91408	0.91740	71291
2022-01-06 00:00	0.91739	0.92236	0.91678	0.92141	72227
2022-01-07 00:00	0.92141	0.92323	0.91816	0.91840	57440
2022-01-09 00:00	0.91838	0.91925	0.91817	0.91887	2421
2022-01-10 00:00	0.91888	0.92751	0.91857	0.92721	81053
2022-01-11 00:00	0.92720	0.92778	0.92296	0.92350	72428
2022-01-12 00:00	0.92352	0.92439	0.91296	0.91414	79246
2022-01-13 00:00	0.91412	0.91479	0.90911	0.91108	80359
2022-01-14 00:00	0.91115	0.91413	0.90942	0.91350	82922
2022-01-16 00:00	0.91247	0.91477	0.91223	0.91446	1389
2022-01-17 00:00	0.91446	0.91584	0.91216	0.91395	58534
2022-01-18 00:00	0.91393	0.91790	0.91314	0.91709	95116
2022-01-19 00:00	0.91709	0.91769	0.91444	0.91561	77874
2022-01-20 00:00	0.91557	0.91809	0.91389	0.91690	77020
2022-01-21 00:00	0.91690	0.91719	0.91056	0.91079	77545
2022-01-23 00:00	0.91126	0.91260	0.91087	0.91260	3677
2022-01-24 00:00	0.91259	0.91585	0.91088	0.91411	107788
2022-01-25 00:00	0.91410	0.92032	0.91404	0.91789	84397
2022-01-26 00:00	0.91789	0.92461	0.91711	0.92397	101011
2022-01-27 00:00	0.92397	0.93375	0.92371	0.93104	105445
2022-01-28 00:00	0.93104	0.93292	0.92897	0.93005	97025
2022-01-30 00:00	0.93041	0.93178	0.93039	0.93116	1617
2022-01-31 00:00	0.93116	0.93427	0.92512	0.92706	95786
2022-02-01 00:00	0.92705	0.92769	0.92039	0.92104	92304
2022-02-02 00:00	0.92103	0.92219	0.91773	0.91904	88023
2022-02-03 00:00	0.91903	0.92356	0.91767	0.92035	142506
2022-02-04 00:00	0.92035	0.92585	0.91924	0.92526	131112
2022-02-06 00:00	0.92443	0.92570	0.92443	0.92513	2099
2022-02-07 00:00	0.92512	0.92616	0.92211	0.92301	108490
2022-02-08 00:00	0.92302	0.92626	0.92255	0.92508	94986
2022-02-09 00:00	0.92507	0.92543	0.92218	0.92425	75401
2022-02-10 00:00	0.92426	0.92968	0.92265	0.92583	137256
2022-02-11 00:00	0.92583	0.92868	0.92359	0.92522	152004
2022-02-13 00:00	0.92426	0.92534	0.92367	0.92475	1581
2022-02-14 00:00	0.92474	0.92719	0.92374	0.92450	137944
2022-02-15 00:00	0.92450	0.92738	0.92262	0.92547	116501
2022-02-16 00:00	0.92547	0.92604	0.92060	0.92188	98513
2022-02-17 00:00	0.92185	0.92292	0.91882	0.91977	138266
2022-02-18 00:00	0.91977	0.92178	0.91913	0.92079	97657
2022-02-20 00:00	0.92049	0.92198	0.92011	0.92088	3369
2022-02-21 00:00	0.92087	0.92160	0.91497	0.91584	81305
2022-02-22 00:00	0.91582	0.92275	0.91510	0.92154	130918
2022-02-23 00:00	0.92150	0.92185	0.91678	0.91751	87640
2022-02-24 00:00	0.91749	0.92887	0.91720	0.92576	260691
2022-02-25 00:00	0.92575	0.92837	0.92284	0.92517	149985
2022-02-27 00:00	0.92657	0.92757	0.92435	0.92678	12052
2022-02-28 00:00	0.92678	0.92773	0.91649	0.91753	168480
2022-03-01 00:00	0.91755	0.92051	0.91503	0.91856	161224
2022-03-02 00:00	0.91861	0.92393	0.91660	0.92051	151318
2022-03-03 00:00	0.92052	0.92161	0.91692	0.91783	112233
2022-03-04 00:00	0.91784	0.92100	0.91585	0.91590	158690
2022-03-06 00:00	0.91660	0.92037	0.91630	0.92020	7183
2022-03-07 00:00	0.92020	0.92718	0.91936	0.92534	188381
2022-03-08 00:00	0.92534	0.93064	0.92482	0.92958	193499
2022-03-09 00:00	0.92955	0.92988	0.92501	0.92651	138966
2022-03-10 00:00	0.92651	0.93090	0.92546	0.92939	152694
2022-03-11 00:00	0.92938	0.93494	0.92901	0.93356	124701
2022-03-13 00:00	0.93348	0.93503	0.93297	0.93474	3375
2022-03-14 00:00	0.93475	0.93865	0.93195	0.93846	113286
2022-03-15 00:00	0.93847	0.94314	0.93717	0.94089	118281
2022-03-16 00:00	0.94089	0.94598	0.93897	0.94153	133167
2022-03-17 00:00	0.94153	0.94173	0.93357	0.93605	97444
2022-03-18 00:00	0.93605	0.93822	0.93136	0.93155	89371
2022-03-20 00:00	0.93082	0.93307	0.93082	0.93293	2221
2022-03-21 00:00	0.93296	0.93520	0.92937	0.93394	86036
2022-03-22 00:00	0.93395	0.93752	0.93134	0.93343	98498
2022-03-23 00:00	0.93343	0.93574	0.92948	0.93072	94992
2022-03-24 00:00	0.93074	0.93445	0.92923	0.92949	101820
2022-03-25 00:00	0.92948	0.93133	0.92598	0.93041	100953
2022-03-27 00:00	0.92952	0.93140	0.92938	0.93125	3787
2022-03-28 00:00	0.93123	0.93811	0.93071	0.93351	140641
2022-03-29 00:00	0.93352	0.93738	0.92974	0.93112	159919
2022-03-30 00:00	0.93112	0.93129	0.92199	0.92314	141114
2022-03-31 00:00	0.92313	0.92585	0.91947	0.92316	124558
2022-04-01 00:00	0.92316	0.92796	0.92203	0.92538	96928
2022-04-03 00:00	0.92527	0.92643	0.92434	0.92589	2102
2022-04-04 00:00	0.92590	0.92806	0.92447	0.92631	86079
2022-04-05 00:00	0.92633	0.92978	0.92371	0.92962	94889
2022-04-06 00:00	0.92963	0.93495	0.92949	0.93303	117207
2022-04-07 00:00	0.93304	0.93474	0.93171	0.93450	97095
2022-04-08 00:00	0.93449	0.93735	0.93267	0.93409	79803
2022-04-10 00:00	0.93194	0.93430	0.93121	0.93425	4852
2022-04-11 00:00	0.93425	0.93715	0.93034	0.93148	102961
2022-04-12 00:00	0.93147	0.93444	0.92862	0.93265	127075
2022-04-13 00:00	0.93264	0.93560	0.93137	0.93391	111238
2022-04-14 00:00	0.93391	0.94331	0.93238	0.94298	123927
2022-04-15 00:00	0.94299	0.94434	0.94118	0.94259	156533
2022-04-17 00:00	0.94103	0.94387	0.94103	0.94244	4233
2022-04-18 00:00	0.94244	0.94531	0.94207	0.94482	75969
2022-04-19 00:00	0.94484	0.95244	0.94333	0.95214	129854
2022-04-20 00:00	0.95213	0.95357	0.94541	0.94908	131950
2022-04-21 00:00	0.94909	0.95530	0.94568	0.95372	141140
2022-04-22 00:00	0.95372	0.95924	0.95283	0.95658	125167
2022-04-24 00:00	0.95666	0.95750	0.95546	0.95574	5109
2022-04-25 00:00	0.95574	0.95970	0.95464	0.95848	148706
2022-04-26 00:00	0.95847	0.96264	0.95642	0.96234	127934
2022-04-27 00:00	0.96240	0.97009	0.96163	0.96881	126513
2022-04-28 00:00	0.96879	0.97588	0.96801	0.97170	174395
2022-04-29 00:00	0.97169	0.97361	0.96707	0.97318	133603
2022-05-01 00:00	0.97208	0.97423	0.97175	0.97418	4444
2022-05-02 00:00	0.97418	0.97892	0.97141	0.97760	50403
2022-05-03 00:00	0.97754	0.97994	0.97200	0.97879	60330
2022-05-04 00:00	0.97878	0.98521	0.97154	0.97327	95041
2022-05-05 00:00	0.97326	0.98896	0.97092	0.98523	117988
2022-05-06 00:00	0.98521	0.98918	0.98268	0.98827	122361
2022-05-08 00:00	0.98585	0.98942	0.98585	0.98910	3480
2022-05-09 00:00	0.98910	0.99653	0.98894	0.99301	123493
2022-05-10 00:00	0.99300	0.99745	0.99052	0.99589	127069
2022-05-11 00:00	0.99589	0.99636	0.98716	0.99451	145504
2022-05-12 00:00	0.99451	1.00490	0.99317	1.00326	126892
2022-05-13 00:00	1.00329	1.00468	0.99917	1.00116	115608
2022-05-15 00:00	1.00023	1.00305	1.00023	1.00228	3370
2022-05-16 00:00	1.00225	1.00639	1.00073	1.00200	86609
2022-05-17 00:00	1.00200	1.00231	0.99180	0.99362	99377
2022-05-18 00:00	0.99363	0.99843	0.98598	0.98720	94116
2022-05-19 00:00	0.98719	0.98750	0.96968	0.97225	122682
2022-05-20 00:00	0.97224	0.97637	0.96934	0.97370	104738
2022-05-22 00:00	0.97308	0.97508	0.97308	0.97505	3606
2022-05-23 00:00	0.97504	0.97505	0.96269	0.96572	102482
2022-05-24 00:00	0.96571	0.96696	0.95733	0.96034	116851
2022-05-25 00:00	0.96031	0.96417	0.95972	0.96156	121266
2022-05-26 00:00	0.96153	0.96322	0.95823	0.95858	97283
2022-05-27 00:00	0.95855	0.96021	0.95443	0.95647	90774
2022-05-29 00:00	0.95453	0.95828	0.95453	0.95791	2266
2022-05-30 00:00	0.95797	0.96059	0.95534	0.95824	68692
2022-05-31 00:00	0.95822	0.96197	0.95672	0.95957	108926
2022-06-01 00:00	0.95964	0.96586	0.95887	0.96303	100469
2022-06-02 00:00	0.96303	0.96359	0.95685	0.95756	98311
2022-06-03 00:00	0.95756	0.96424	0.95563	0.96114	83889
2022-06-05 00:00	0.96155	0.96309	0.96103	0.96229	3627
2022-06-06 00:00	0.96229	0.97184	0.96050	0.97134	80133
2022-06-07 00:00	0.97134	0.97787	0.97048	0.97354	107621
2022-06-08 00:00	0.97354	0.97897	0.97301	0.97884	102136
2022-06-09 00:00	0.97882	0.98172	0.97235	0.98034	134645
2022-06-10 00:00	0.98034	0.98977	0.97655	0.98759	141085
2022-06-12 00:00	0.98717	0.98964	0.98691	0.98924	6159
2022-06-13 00:00	0.98925	0.99940	0.98812	0.99670	180653
2022-06-14 00:00	0.99670	1.00365	0.98732	0.99944	196828
2022-06-15 00:00	0.99946	1.00492	0.99306	0.99442	242628
2022-06-16 00:00	0.99440	0.99887	0.96294	0.96685	232001
2022-06-17 00:00	0.96685	0.97325	0.96191	0.96977	202997
2022-06-19 00:00	0.96995	0.97120	0.96842	0.96977	5816
2022-06-20 00:00	0.96978	0.97037	0.96215	0.96742	145401
2022-06-21 00:00	0.96746	0.96836	0.96317	0.96614	143348
2022-06-22 00:00	0.96611	0.96890	0.95799	0.96164	162411
2022-06-23 00:00	0.96165	0.96779	0.95665	0.96127	209744
2022-06-24 00:00	0.96131	0.96323	0.95214	0.95802	176662
2022-06-26 00:00	0.95577	0.95823	0.95577	0.95728	8492
2022-06-27 00:00	0.95729	0.96200	0.95426	0.95633	150684
2022-06-28 00:00	0.95635	0.95866	0.95331	0.95675	180163
2022-06-29 00:00	0.95675	0.95775	0.94948	0.95410	189040
2022-06-30 00:00	0.95410	0.96051	0.95291	0.95506	194059
2022-07-01 00:00	0.95506	0.96412	0.95467	0.95918	198949
2022-07-03 00:00	0.95907	0.95983	0.95840	0.95858	13908
2022-07-04 00:00	0.95859	0.96169	0.95593	0.96094	111413
2022-07-05 00:00	0.96095	0.97044	0.95926	0.96843	165783
2022-07-06 00:00	0.96845	0.97435	0.96710	0.97021	190482
2022-07-07 00:00	0.97022	0.97483	0.96812	0.97378	165061
2022-07-08 00:00	0.97375	0.97974	0.97226	0.97575	167787
2022-07-10 00:00	0.97519	0.97784	0.97519	0.97770	7008
2022-07-11 00:00	0.97769	0.98429	0.97756	0.98287	141378
2022-07-12 00:00	0.98299	0.98582	0.98035	0.98189	187144
2022-07-13 00:00	0.98191	0.98293	0.97561	0.98079	203320
2022-07-14 00:00	0.98078	0.98855	0.98063	0.98289	237548
2022-07-15 00:00	0.98289	0.98410	0.97582	0.97586	159528
2022-07-17 00:00	0.97626	0.97685	0.97540	0.97542	6229
2022-07-18 00:00	0.97542	0.97895	0.97306	0.97753	157408
2022-07-19 00:00	0.97751	0.97862	0.96536	0.96884	170531
2022-07-20 00:00	0.96885	0.97357	0.96756	0.97153	164503
2022-07-21 00:00	0.97154	0.97389	0.96581	0.96634	226419
2022-07-22 00:00	0.96632	0.97034	0.95995	0.96069	190058
2022-07-24 00:00	0.96115	0.96337	0.96041	0.96319	8730
2022-07-25 00:00	0.96321	0.96597	0.96177	0.96428	152144
2022-07-26 00:00	0.96427	0.96677	0.96153	0.96227	134237
2022-07-27 00:00	0.96227	0.96587	0.95820	0.95832	163042
2022-07-28 00:00	0.95831	0.96314	0.95422	0.95436	210142
2022-07-29 00:00	0.95437	0.95937	0.95019	0.95120	201044
2022-07-31 00:00	0.95143	0.95339	0.95052	0.95283	9521
2022-08-01 00:00	0.95283	0.95291	0.94816	0.95010	186371
2022-08-02 00:00	0.95006	0.95863	0.94699	0.95834	237050
2022-08-03 00:00	0.95836	0.96510	0.95417	0.96118	252276
2022-08-04 00:00	0.96117	0.96223	0.95377	0.95399	176675
2022-08-05 00:00	0.95398	0.96494	0.95372	0.96161	202449
2022-08-07 00:00	0.96156	0.96254	0.96081	0.96213	6568
2022-08-08 00:00	0.96213	0.96346	0.95214	0.95496	152195
2022-08-09 00:00	0.95496	0.95554	0.95106	0.95416	129077
2022-08-10 00:00	0.95417	0.95444	0.93932	0.94239	186205
2022-08-11 00:00	0.94236	0.94454	0.93702	0.94147	178264
2022-08-12 00:00	0.94149	0.94501	0.94073	0.94083	152782
2022-08-14 00:00	0.94068	0.94194	0.94009	0.94182	3487
2022-08-15 00:00	0.94182	0.94709	0.94087	0.94594	153793
2022-08-16 00:00	0.94595	0.95135	0.94537	0.94964	165738
2022-08-17 00:00	0.94963	0.95430	0.94824	0.95128	196971
2022-08-18 00:00	0.95128	0.95709	0.94972	0.95666	188769
2022-08-19 00:00	0.95666	0.95976	0.95526	0.95864	158298
2022-08-21 00:00	0.95717	0.95899	0.95708	0.95873	8917
2022-08-22 00:00	0.95873	0.96585	0.95734	0.96440	174435
2022-08-23 00:00	0.96439	0.96919	0.96027	0.96443	209654
2022-08-24 00:00	0.96441	0.96872	0.96071	0.96649	190968
2022-08-25 00:00	0.96648	0.96704	0.96124	0.96364	190896
2022-08-26 00:00	0.96364	0.96723	0.95772	0.96555	198254
2022-08-28 00:00	0.96432	0.96876	0.96429	0.96867	9501
2022-08-29 00:00	0.96869	0.97074	0.96590	0.96725	204293
2022-08-30 00:00	0.96726	0.97620	0.96652	0.97401	219553
2022-08-31 00:00	0.97401	0.98068	0.97261	0.97920	218847
2022-09-01 00:00	0.97919	0.98607	0.97435	0.98121	230109
2022-09-02 00:00	0.98119	0.98589	0.97830	0.98110	188227
2022-09-04 00:00	0.98140	0.98338	0.98068	0.98327	13665
2022-09-05 00:00	0.98328	0.98369	0.97831	0.97856	153314
2022-09-06 00:00	0.97855	0.98613	0.97649	0.98461	246807
2022-09-07 00:00	0.98460	0.98693	0.97606	0.97667	210297
2022-09-08 00:00	0.97665	0.97815	0.96861	0.96864	264769
2022-09-09 00:00	0.96863	0.96873	0.95467	0.96625	262851
2022-09-11 00:00	0.95837	0.96089	0.95823	0.95967	14609
2022-09-12 00:00	0.95967	0.96077	0.95087	0.95295	265792
2022-09-13 00:00	0.95293	0.96323	0.94792	0.96061	272453
2022-09-14 00:00	0.96061	0.96359	0.95887	0.96208	312636
2022-09-15 00:00	0.96207	0.96413	0.95556	0.96188	216622
2022-09-16 00:00	0.96188	0.96606	0.95997	0.96408	217081
2022-09-18 00:00	0.96214	0.96473	0.96214	0.96312	8766
2022-09-19 00:00	0.96309	0.96949	0.96257	0.96393	161788
2022-09-20 00:00	0.96393	0.96820	0.96227	0.96379	254674
2022-09-21 00:00	0.96378	0.96996	0.96196	0.96775	283317
2022-09-22 00:00	0.96775	0.98499	0.96202	0.97580	375948
2022-09-23 00:00	0.97580	0.98395	0.97555	0.98139	292483
2022-09-25 00:00	0.98123	0.98307	0.97875	0.98240	16803
2022-09-26 00:00	0.98240	0.99649	0.98032	0.99222	424770
2022-09-27 00:00	0.99222	0.99283	0.98486	0.99172	351768
2022-09-28 00:00	0.99171	0.99654	0.97453	0.97776	446269
2022-09-29 00:00	0.97777	0.98557	0.97375	0.97488	360036
2022-09-30 00:00	0.97488	0.98768	0.97392	0.98674	380584
2022-10-02 00:00	0.98395	0.98677	0.98395	0.98550	14657
2022-10-03 00:00	0.98551	0.99493	0.98315	0.99276	341172
2022-10-04 00:00	0.99276	0.99408	0.97844	0.97870	337844
2022-10-05 00:00	0.97871	0.98886	0.97845	0.98123	269840
2022-10-06 00:00	0.98123	0.99132	0.97801	0.98998	304501
2022-10-07 00:00	0.98999	0.99531	0.98779	0.99289	262522
2022-10-09 00:00	0.99297	0.99499	0.99268	0.99447	15551
2022-10-10 00:00	0.99453	1.00102	0.99314	0.99944	231922
2022-10-11 00:00	0.99945	1.00208	0.99152	0.99765	284740
2022-10-12 00:00	0.99763	1.00037	0.99304	0.99756	274688
2022-10-13 00:00	0.99761	1.00732	0.99584	1.00167	316698
2022-10-14 00:00	1.00168	1.00657	0.99643	1.00460	287468
2022-10-16 00:00	1.00391	1.00545	1.00330	1.00358	9586
2022-10-17 00:00	1.00357	1.00449	0.99432	0.99567	222856
2022-10-18 00:00	0.99569	0.99783	0.99185	0.99372	250009
2022-10-19 00:00	0.99372	1.00625	0.99332	1.00494	220765
2022-10-20 00:00	1.00494	1.00681	0.99939	1.00393	236746
2022-10-21 00:00	1.00393	1.01472	0.99613	0.99721	284218
2022-10-23 00:00	0.99543	1.00151	0.99435	0.99753	35546
2022-10-24 00:00	0.99753	1.00311	0.99647	0.99958	285523
2022-10-25 00:00	0.99953	1.00309	0.99390	0.99476	254805
2022-10-26 00:00	0.99476	0.99617	0.98466	0.98469	285768
2022-10-27 00:00	0.98465	0.99277	0.98409	0.99031	273029
2022-10-28 00:00	0.99029	0.99794	0.98820	0.99537	216434
2022-10-30 00:00	0.99556	0.99821	0.99484	0.99638	15787
2022-10-31 00:00	0.99637	1.00318	0.99587	1.00153	200305
2022-11-01 00:00	1.00152	1.00169	0.99143	0.99989	211677
2022-11-02 00:00	0.99990	1.00398	0.99099	1.00323	221411
2022-11-03 00:00	1.00322	1.01466	1.00062	1.01343	219048
2022-11-04 00:00	1.01338	1.01348	0.99308	0.99407	245709
2022-11-06 00:00	0.99797	0.99844	0.99479	0.99670	9293
2022-11-07 00:00	0.99672	0.99770	0.98746	0.98882	197127
2022-11-08 00:00	0.98882	0.99263	0.98362	0.98454	187658
2022-11-09 00:00	0.98454	0.98737	0.97996	0.98352	214844
2022-11-10 00:00	0.98352	0.98985	0.96297	0.96501	290261
2022-11-11 00:00	0.96500	0.96812	0.93966	0.94088	274709
2022-11-13 00:00	0.94144	0.94447	0.94048	0.94402	9778
2022-11-14 00:00	0.94399	0.94882	0.94046	0.94330	245376
2022-11-15 00:00	0.94330	0.94749	0.93557	0.94291	341725
2022-11-16 00:00	0.94289	0.94688	0.93854	0.94435	282093
2022-11-17 00:00	0.94432	0.95568	0.94326	0.95285	225868
2022-11-18 00:00	0.95286	0.95484	0.94976	0.95437	206682
2022-11-20 00:00	0.95336	0.95385	0.95293	0.95335	7331
2022-11-21 00:00	0.95333	0.95979	0.95327	0.95842	176251
2022-11-22 00:00	0.95842	0.95869	0.95087	0.95110	167177
2022-11-23 00:00	0.95113	0.95327	0.94077	0.94095	238651
2022-11-24 00:00	0.94093	0.94451	0.93867	0.94347	163496
2022-11-25 00:00	0.94345	0.94993	0.94218	0.94593	163471
2022-11-27 00:00	0.94549	0.94788	0.94515	0.94733	13766
2022-11-28 00:00	0.94732	0.94972	0.94044	0.94892	213944
2022-11-29 00:00	0.94892	0.95452	0.94595	0.95446	206479
2022-11-30 00:00	0.95444	0.95471	0.94311	0.94377	307267
2022-12-01 00:00	0.94378	0.94599	0.93593	0.93637	283743
2022-12-02 00:00	0.93636	0.94387	0.93256	0.93649	260253
2022-12-04 00:00	0.93847	0.93864	0.93607	0.93639	14856
2022-12-05 00:00	0.93639	0.94348	0.93299	0.94232	212291
2022-12-06 00:00	0.94233	0.94553	0.93802	0.94197	189132
2022-12-07 00:00	0.94200	0.94374	0.93626	0.94031	294284
2022-12-08 00:00	0.94034	0.94263	0.93430	0.93602	230115
2022-12-09 00:00	0.93600	0.93810	0.93114	0.93307	212989
2022-12-11 00:00	0.93304	0.93515	0.93226	0.93506	3738
2022-12-12 00:00	0.93505	0.93796	0.93126	0.93574	154692
2022-12-13 00:00	0.93572	0.93747	0.92309	0.92906	160116
2022-12-14 00:00	0.92906	0.92970	0.92153	0.92436	175732
2022-12-15 00:00	0.92435	0.93165	0.92314	0.92765	173773
2022-12-16 00:00	0.92763	0.93428	0.92535	0.93343	131200
2022-12-18 00:00	0.93248	0.93469	0.93240	0.93456	5061
2022-12-19 00:00	0.93459	0.93460	0.92741	0.92864	105417
2022-12-20 00:00	0.92864	0.93071	0.92415	0.92632	173543
2022-12-21 00:00	0.92632	0.92888	0.92384	0.92657	109367
2022-12-22 00:00	0.92657	0.93211	0.92264	0.93108	129664
2022-12-23 00:00	0.93104	0.93443	0.92847	0.93282	113529
2022-12-25 00:00	0.93290	0.93364	0.93239	0.93276	1112
2022-12-26 00:00	0.93275	0.93437	0.93056	0.93194	27459
2022-12-27 00:00	0.93193	0.93231	0.92694	0.92937	104997
2022-12-28 00:00	0.92934	0.93070	0.92449	0.92785	89707
2022-12-29 00:00	0.92786	0.92876	0.92103	0.92299	85145
2022-12-30 00:00	0.92300	0.92678	0.91997	0.92427	151973
2023-01-01 00:00	0.92631	0.92671	0.92207	0.92327	133
2023-01-02 00:00	0.92317	0.92687	0.92116	0.92392	100802
2023-01-03 00:00	0.92380	0.93984	0.92276	0.93617	148321
2023-01-04 00:00	0.93619	0.93620	0.92529	0.92968	145782
2023-01-05 00:00	0.92970	0.93777	0.92604	0.93619	142128
2023-01-06 00:00	0.93618	0.94086	0.92674	0.92752	141102
2023-01-08 00:00	0.92735	0.92812	0.92641	0.92643	6759
2023-01-09 00:00	0.92646	0.92795	0.91665	0.92105	119458
2023-01-10 00:00	0.92106	0.92519	0.91945	0.92236	113841
2023-01-11 00:00	0.92236	0.93315	0.92043	0.93094	111706
2023-01-12 00:00	0.93094	0.93612	0.92622	0.92727	162193
2023-01-13 00:00	0.92725	0.93165	0.92555	0.92666	118907
2023-01-15 00:00	0.92620	0.92723	0.92537	0.92688	10336
2023-01-16 00:00	0.92687	0.92882	0.92184	0.92556	87263
2023-01-17 00:00	0.92556	0.92757	0.91874	0.92195	123597
2023-01-18 00:00	0.92194	0.92455	0.90850	0.91596	175715
2023-01-19 00:00	0.91595	0.91893	0.91470	0.91577	118411
2023-01-20 00:00	0.91578	0.92344	0.91408	0.91998	99265
2023-01-22 00:00	0.91859	0.91997	0.91842	0.91996	5448
2023-01-23 00:00	0.91996	0.92410	0.91592	0.92167	108903
2023-01-24 00:00	0.92167	0.92789	0.91918	0.92222	95323
2023-01-25 00:00	0.92220	0.92449	0.91696	0.91714	95592
2023-01-26 00:00	0.91712	0.92252	0.91583	0.92015	109936
2023-01-27 00:00	0.92016	0.92396	0.91919	0.92061	90454
2023-01-29 00:00	0.92056	0.92118	0.92004	0.92064	2961
2023-01-30 00:00	0.92063	0.92560	0.91815	0.92533	95005
2023-01-31 00:00	0.92532	0.92879	0.91502	0.91638	109920
2023-02-01 00:00	0.91638	0.91825	0.90591	0.90723	130197
2023-02-02 00:00	0.90723	0.91389	0.90601	0.91325	142701
2023-02-03 00:00	0.91324	0.92690	0.91254	0.92567	132275
2023-02-05 00:00	0.92755	0.92773	0.92514	0.92652	9341
2023-02-06 00:00	0.92654	0.92906	0.92270	0.92801	100902
2023-02-07 00:00	0.92799	0.92898	0.91912	0.92162	151253
2023-02-08 00:00	0.92162	0.92233	0.91778	0.92089	100073
2023-02-09 00:00	0.92089	0.92283	0.91603	0.92209	92233
2023-02-10 00:00	0.92207	0.92526	0.91975	0.92293	110789
2023-02-12 00:00	0.92305	0.92420	0.92287	0.92377	5140
2023-02-13 00:00	0.92376	0.92595	0.91864	0.91872	89094
2023-02-14 00:00	0.91874	0.92338	0.91357	0.92150	160660
2023-02-15 00:00	0.92150	0.92623	0.92124	0.92338	118271
2023-02-16 00:00	0.92336	0.92718	0.92138	0.92662	112742
2023-02-17 00:00	0.92662	0.93317	0.92393	0.92402	103085
2023-02-19 00:00	0.92447	0.92544	0.92384	0.92536	3330
2023-02-20 00:00	0.92533	0.92598	0.92201	0.92325	88335
2023-02-21 00:00	0.92322	0.92824	0.92294	0.92752	107198
2023-02-22 00:00	0.92753	0.93184	0.92523	0.93121	104836
2023-02-23 00:00	0.93120	0.93486	0.92896	0.93365	95914
2023-02-24 00:00	0.93365	0.94121	0.93255	0.93987	110102
2023-02-26 00:00	0.93971	0.94069	0.93906	0.94030	2107
2023-02-27 00:00	0.94031	0.94285	0.93438	0.93572	82365
2023-02-28 00:00	0.93571	0.94229	0.93408	0.94202	93335
2023-03-01 00:00	0.94203	0.94281	0.93501	0.93949	103504
2023-03-02 00:00	0.93947	0.94396	0.93920	0.94195	96406
2023-03-03 00:00	0.94197	0.94205	0.93583	0.93583	97046
2023-03-05 00:00	0.93611	0.93702	0.93581	0.93696	3642
2023-03-06 00:00	0.93695	0.93726	0.93028	0.93069	86196
2023-03-07 00:00	0.93070	0.94245	0.92853	0.94226	120301
2023-03-08 00:00	0.94226	0.94383	0.93882	0.94083	100374
2023-03-09 00:00	0.94083	0.94159	0.93182	0.93284	93474
2023-03-10 00:00	0.93285	0.93287	0.91744	0.92108	179295
2023-03-12 00:00	0.92016	0.92016	0.91509	0.91916	12927
2023-03-13 00:00	0.91916	0.92024	0.90708	0.91252	265805
2023-03-14 00:00	0.91255	0.91643	0.90948	0.91452	217392
2023-03-15 00:00	0.91452	0.93409	0.91224	0.93148	270553
2023-03-16 00:00	0.93149	0.93218	0.92290	0.92921	239825
2023-03-17 00:00	0.92923	0.92952	0.92392	0.92598	156684
2023-03-19 00:00	0.92501	0.92792	0.92453	0.92694	21755
2023-03-20 00:00	0.92694	0.93118	0.92399	0.92918	161103
2023-03-21 00:00	0.92923	0.93165	0.92092	0.92172	125822
2023-03-22 00:00	0.92171	0.92454	0.91468	0.91662	145812
2023-03-23 00:00	0.91662	0.91803	0.91186	0.91669	149823
2023-03-24 00:00	0.91674	0.92165	0.91547	0.91919	135863
2023-03-26 00:00	0.91608	0.91945	0.91608	0.91893	12497
2023-03-27 00:00	0.91895	0.91992	0.91499	0.91511	127362
2023-03-28 00:00	0.91513	0.92224	0.91361	0.92039	81775
2023-03-29 00:00	0.92039	0.92228	0.91646	0.91824	90305
2023-03-30 00:00	0.91824	0.91999	0.91258	0.91341	94534
2023-03-31 00:00	0.91342	0.91773	0.91152	0.91480	99006
2023-04-02 00:00	0.91467	0.91784	0.91279	0.91773	12737
2023-04-03 00:00	0.91773	0.91961	0.91149	0.91281	111577
2023-04-04 00:00	0.91279	0.91426	0.90503	0.90571	94562
2023-04-05 00:00	0.90570	0.90758	0.90057	0.90638	85420
2023-04-06 00:00	0.90639	0.90748	0.90302	0.90450	84675
2023-04-07 00:00	0.90451	0.90808	0.90338	0.90494	61013
2023-04-09 00:00	0.90281	0.90482	0.90281	0.90446	6100
2023-04-10 00:00	0.90444	0.91200	0.90432	0.90878	67739
2023-04-11 00:00	0.90878	0.90901	0.90276	0.90300	66053
2023-04-12 00:00	0.90299	0.90345	0.89420	0.89582	80748
2023-04-13 00:00	0.89585	0.89744	0.88595	0.88907	78888
2023-04-14 00:00	0.88906	0.89587	0.88664	0.89328	81293
2023-04-16 00:00	0.89384	0.89492	0.89383	0.89488	7635
2023-04-17 00:00	0.89491	0.89962	0.89216	0.89855	66910
2023-04-18 00:00	0.89853	0.89867	0.89440	0.89599	69889
2023-04-19 00:00	0.89599	0.90027	0.89579	0.89768	75169
2023-04-20 00:00	0.89768	0.89829	0.89184	0.89239	81229
2023-04-21 00:00	0.89240	0.89537	0.89075	0.89209	71384
2023-04-23 00:00	0.89245	0.89245	0.89159	0.89192	3330
2023-04-24 00:00	0.89195	0.89278	0.88703	0.88706	66887
2023-04-25 00:00	0.88705	0.89272	0.88602	0.89185	75022
2023-04-26 00:00	0.89185	0.89255	0.88513	0.89085	84267
2023-04-27 00:00	0.89085	0.89760	0.89026	0.89389	82415
2023-04-28 00:00	0.89390	0.89749	0.88958	0.89371	96867
2023-04-30 00:00	0.89114	0.89488	0.89114	0.89472	7213
2023-05-01 00:00	0.89472	0.89664	0.89148	0.89593	67244
2023-05-02 00:00	0.89591	0.89948	0.89226	0.89234	84012
2023-05-03 00:00	0.89234	0.89272	0.88254	0.88342	102950
2023-05-04 00:00	0.88342	0.88910	0.88197	0.88543	112073
2023-05-05 00:00	0.88541	0.89734	0.88340	0.89023	84855
2023-05-07 00:00	0.88939	0.89120	0.88937	0.89120	7299
2023-05-08 00:00	0.89118	0.89121	0.88674	0.88994	54035
2023-05-09 00:00	0.88995	0.89426	0.88879	0.89015	59565
2023-05-10 00:00	0.89013	0.89268	0.88678	0.88936	79217
2023-05-11 00:00	0.88935	0.89577	0.88864	0.89421	76702
2023-05-12 00:00	0.89421	0.89872	0.88969	0.89787	66339
2023-05-14 00:00	0.89522	0.89864	0.89506	0.89838	12794
2023-05-15 00:00	0.89837	0.89874	0.89423	0.89548	60218
2023-05-16 00:00	0.89548	0.89702	0.89194	0.89633	70556
2023-05-17 00:00	0.89633	0.90252	0.89489	0.89860	73839
2023-05-18 00:00	0.89860	0.90624	0.89799	0.90487	75863
2023-05-19 00:00	0.90486	0.90584	0.89742	0.89925	66907
2023-05-21 00:00	0.89826	0.89904	0.89810	0.89823	2405
2023-05-22 00:00	0.89821	0.89968	0.89406	0.89828	80984
2023-05-23 00:00	0.89823	0.90292	0.89751	0.90144	72681
2023-05-24 00:00	0.90142	0.90667	0.90047	0.90430	79940
2023-05-25 00:00	0.90430	0.90731	0.90373	0.90508	76014
2023-05-26 00:00	0.90509	0.90742	0.90184	0.90460	75523
2023-05-28 00:00	0.90400	0.90586	0.90399	0.90586	7850
2023-05-29 00:00	0.90586	0.90618	0.90270	0.90452	33731
2023-05-30 00:00	0.90454	0.90839	0.90138	0.90605	81258
2023-05-31 00:00	0.90608	0.91471	0.90551	0.90997	84852
2023-06-01 00:00	0.90997	0.91137	0.90482	0.90559	79387
2023-06-02 00:00	0.90558	0.90913	0.90344	0.90866	75674
2023-06-04 00:00	0.90712	0.90994	0.90712	0.90977	4087
2023-06-05 00:00	0.90976	0.91192	0.90465	0.90603	66648
2023-06-06 00:00	0.90604	0.90978	0.90331	0.90708	61522
2023-06-07 00:00	0.90706	0.91067	0.90428	0.90955	61379
2023-06-08 00:00	0.90954	0.91073	0.89852	0.89894	68101
2023-06-09 00:00	0.89893	0.90390	0.89843	0.90272	57716
2023-06-11 00:00	0.90290	0.90387	0.90146	0.90329	2633
2023-06-12 00:00	0.90328	0.91090	0.90153	0.90857	61448
2023-06-13 00:00	0.90857	0.90892	0.90315	0.90524	75261
2023-06-14 00:00	0.90523	0.90600	0.89651	0.90020	80762
2023-06-15 00:00	0.90020	0.90559	0.89067	0.89178	76989
2023-06-16 00:00	0.89181	0.89490	0.89012	0.89327	78850
2023-06-18 00:00	0.89315	0.89472	0.89290	0.89444	18612
2023-06-19 00:00	0.89443	0.89748	0.89332	0.89585	58928
2023-06-20 00:00	0.89583	0.90008	0.89537	0.89768	83180
2023-06-21 00:00	0.89768	0.89975	0.89195	0.89250	83852
2023-06-22 00:00	0.89249	0.89724	0.89059	0.89496	102953
2023-06-23 00:00	0.89494	0.90128	0.89451	0.89628	90890
2023-06-25 00:00	0.89574	0.89661	0.89555	0.89577	8900
2023-06-26 00:00	0.89579	0.89680	0.89113	0.89573	66107
2023-06-27 00:00	0.89575	0.89701	0.89234	0.89374	77065
2023-06-28 00:00	0.89376	0.89868	0.89318	0.89672	76637
2023-06-29 00:00	0.89673	0.90014	0.89431	0.89916	80039
2023-06-30 00:00	0.89913	0.90164	0.89349	0.89489	80921
2023-07-02 00:00	0.89320	0.89525	0.89269	0.89519	2796
2023-07-03 00:00	0.89521	0.90041	0.89405	0.89591	72704
2023-07-04 00:00	0.89592	0.89745	0.89453	0.89679	47511
2023-07-05 00:00	0.89677	0.89944	0.89617	0.89853	63268
2023-07-06 00:00	0.89853	0.89976	0.89468	0.89533	93112
2023-07-07 00:00	0.89534	0.89699	0.88754	0.88838	77986
2023-07-09 00:00	0.88728	0.88961	0.88728	0.88900	4369
2023-07-10 00:00	0.88898	0.89177	0.88493	0.88516	67548
2023-07-11 00:00	0.88516	0.88528	0.87858	0.87876	62149
2023-07-12 00:00	0.87877	0.87921	0.86571	0.86669	91384
2023-07-13 00:00	0.86667	0.86709	0.85820	0.85911	105669
2023-07-14 00:00	0.85910	0.86312	0.85657	0.86154	116812
2023-07-16 00:00	0.85837	0.86248	0.85837	0.86200	14945
2023-07-17 00:00	0.86202	0.86303	0.85780	0.86034	104427
2023-07-18 00:00	0.86032	0.86070	0.85543	0.85773	179994
2023-07-19 00:00	0.85772	0.86131	0.85667	0.85797	172831
2023-07-20 00:00	0.85797	0.86839	0.85604	0.86624	160093
2023-07-21 00:00	0.86626	0.86723	0.86406	0.86544	131863
2023-07-23 00:00	0.86445	0.86633	0.86398	0.86629	15721
2023-07-24 00:00	0.86625	0.87004	0.86372	0.86993	176453
2023-07-25 00:00	0.86993	0.86995	0.86274	0.86454	141021
2023-07-26 00:00	0.86455	0.86560	0.85969	0.86156	173472
2023-07-27 00:00	0.86155	0.86983	0.85520	0.86886	282761
2023-07-28 00:00	0.86888	0.87364	0.86607	0.87005	162674
2023-07-30 00:00	0.86817	0.86998	0.86817	0.86984	11931
2023-07-31 00:00	0.86984	0.87294	0.86648	0.87172	153649
2023-08-01 00:00	0.87174	0.87775	0.87120	0.87259	202746
2023-08-02 00:00	0.87259	0.88055	0.87259	0.87739	161252
2023-08-03 00:00	0.87742	0.87982	0.87326	0.87429	205224
2023-08-04 00:00	0.87434	0.87823	0.86990	0.87222	185356
2023-08-06 00:00	0.86999	0.87438	0.86999	0.87417	14793
2023-08-07 00:00	0.87416	0.87734	0.87216	0.87293	94518
2023-08-08 00:00	0.87292	0.87827	0.87199	0.87560	138890
2023-08-09 00:00	0.87559	0.87825	0.87315	0.87698	102303
2023-08-10 00:00	0.87698	0.87761	0.86897	0.87684	176970
2023-08-11 00:00	0.87685	0.87803	0.87345	0.87604	131107
2023-08-13 00:00	0.87577	0.87711	0.87553	0.87673	18833
2023-08-14 00:00	0.87673	0.88275	0.87550	0.87801	117835
2023-08-15 00:00	0.87801	0.87961	0.87440	0.87865	207539
2023-08-16 00:00	0.87865	0.88140	0.87739	0.88013	139071
2023-08-17 00:00	0.88014	0.88093	0.87596	0.87830	139608
2023-08-18 00:00	0.87828	0.88272	0.87735	0.88188	127697
2023-08-20 00:00	0.88108	0.88255	0.88107	0.88235	10880
2023-08-21 00:00	0.88236	0.88274	0.87784	0.87852	99772
2023-08-22 00:00	0.87854	0.88091	0.87648	0.88014	110095
2023-08-23 00:00	0.88017	0.88170	0.87671	0.87743	161230
2023-08-24 00:00	0.87742	0.88546	0.87597	0.88523	134462
2023-08-25 00:00	0.88525	0.88760	0.88213	0.88378	131729
2023-08-27 00:00	0.88436	0.88511	0.88334	0.88481	10136
2023-08-28 00:00	0.88482	0.88534	0.88178	0.88344	115832
2023-08-29 00:00	0.88343	0.88586	0.87747	0.87897	128040
2023-08-30 00:00	0.87896	0.88031	0.87445	0.87808	139831
2023-08-31 00:00	0.87808	0.88455	0.87710	0.88329	131476
2023-09-01 00:00	0.88327	0.88634	0.87946	0.88533	156408
2023-09-03 00:00	0.88494	0.88577	0.88489	0.88519	11334
2023-09-04 00:00	0.88519	0.88554	0.88222	0.88480	71150
2023-09-05 00:00	0.88479	0.89029	0.88439	0.88939	129483
2023-09-06 00:00	0.88937	0.89445	0.88807	0.89135	106146
2023-09-07 00:00	0.89134	0.89402	0.89080	0.89267	101306
2023-09-08 00:00	0.89265	0.89362	0.88947	0.89254	142852
2023-09-10 00:00	0.89135	0.89261	0.89048	0.89206	61415
2023-09-11 00:00	0.89205	0.89223	0.88965	0.89123	117292
2023-09-12 00:00	0.89122	0.89337	0.88979	0.89147	83648
2023-09-13 00:00	0.89148	0.89525	0.89073	0.89342	116891
2023-09-14 00:00	0.89344	0.89702	0.89144	0.89618	162246
2023-09-15 00:00	0.89618	0.89772	0.89455	0.89756	113413
2023-09-17 00:00	0.89506	0.89752	0.89484	0.89692	3953
2023-09-18 00:00	0.89692	0.89822	0.89536	0.89729	80374
2023-09-19 00:00	0.89728	0.89838	0.89477	0.89731	89077
2023-09-20 00:00	0.89733	0.89954	0.89316	0.89941	177808
2023-09-21 00:00	0.89938	0.90782	0.89852	0.90472	170089
2023-09-22 00:00	0.90472	0.90749	0.90424	0.90633	101263
2023-09-24 00:00	0.90540	0.90720	0.90540	0.90715	14202
2023-09-25 00:00	0.90717	0.91353	0.90697	0.91212	112670
2023-09-26 00:00	0.91212	0.91596	0.91183	0.91578	110208
2023-09-27 00:00	0.91579	0.92249	0.91537	0.92080	155634
2023-09-28 00:00	0.92081	0.92164	0.91405	0.91481	176232
2023-09-29 00:00	0.91477	0.91633	0.90907	0.91458	210845
2023-10-01 00:00	0.91437	0.91602	0.91414	0.91547	19314
2023-10-02 00:00	0.91546	0.91943	0.91101	0.91795	170853
2023-10-03 00:00	0.91796	0.92440	0.91795	0.92106	247414
2023-10-04 00:00	0.92106	0.92321	0.91437	0.91673	204890
2023-10-05 00:00	0.91675	0.91817	0.91192	0.91271	214264
2023-10-06 00:00	0.91269	0.91756	0.90728	0.90937	271732
2023-10-08 00:00	0.90858	0.91011	0.90832	0.90895	21427
2023-10-09 00:00	0.90893	0.91233	0.90465	0.90501	144071
2023-10-10 00:00	0.90501	0.90826	0.90339	0.90457	190589
2023-10-11 00:00	0.90457	0.90544	0.90014	0.90103	176714
2023-10-12 00:00	0.90106	0.90877	0.89863	0.90788	157483
2023-10-13 00:00	0.90786	0.90847	0.90020	0.90121	159065
2023-10-15 00:00	0.89989	0.90288	0.89989	0.90239	21399
2023-10-16 00:00	0.90240	0.90420	0.89943	0.90045	125613
2023-10-17 00:00	0.90043	0.90319	0.89895	0.90012	120487
2023-10-18 00:00	0.90012	0.90084	0.89542	0.89881	113202
2023-10-19 00:00	0.89878	0.90016	0.89031	0.89175	147050
2023-10-20 00:00	0.89175	0.89349	0.89019	0.89140	104653
2023-10-22 00:00	0.89097	0.89337	0.89054	0.89325	54905
2023-10-23 00:00	0.89327	0.89568	0.89042	0.89083	89196
2023-10-24 00:00	0.89079	0.89518	0.88878	0.89307	106423
2023-10-25 00:00	0.89304	0.89737	0.89202	0.89670	80969
2023-10-26 00:00	0.89668	0.90042	0.89629	0.89885	112178
2023-10-27 00:00	0.89887	0.90343	0.89801	0.90216	101133
2023-10-29 00:00	0.90079	0.90261	0.90079	0.90242	9056
2023-10-30 00:00	0.90243	0.90484	0.90074	0.90205	78184
2023-10-31 00:00	0.90206	0.91060	0.90094	0.91003	106235
2023-11-01 00:00	0.91002	0.91121	0.90555	0.90555	122937
2023-11-02 00:00	0.90553	0.90685	0.90174	0.90614	111094
2023-11-03 00:00	0.90610	0.90737	0.89648	0.89795	96580
2023-11-05 00:00	0.89851	0.89956	0.89812	0.89920	9048
2023-11-06 00:00	0.89917	0.89958	0.89532	0.89925	69667
2023-11-07 00:00	0.89926	0.90182	0.89868	0.89999	83962
2023-11-08 00:00	0.89998	0.90237	0.89765	0.89905	91265
2023-11-09 00:00	0.89905	0.90409	0.89871	0.90322	96762
2023-11-10 00:00	0.90321	0.90457	0.90017	0.90163	77110
2023-11-12 00:00	0.90154	0.90241	0.90154	0.90193	9585
2023-11-13 00:00	0.90195	0.90520	0.90067	0.90132	66401
2023-11-14 00:00	0.90130	0.90269	0.88795	0.88904	129611
2023-11-15 00:00	0.88904	0.89027	0.88540	0.88711	87555
2023-11-16 00:00	0.88711	0.88998	0.88541	0.88850	92683
2023-11-17 00:00	0.88849	0.88935	0.88505	0.88508	87114
2023-11-19 00:00	0.88497	0.88598	0.88492	0.88594	5139
2023-11-20 00:00	0.88595	0.88654	0.88258	0.88439	78075
2023-11-21 00:00	0.88440	0.88482	0.88191	0.88332	86706
2023-11-22 00:00	0.88333	0.88743	0.88198	0.88404	91925
2023-11-23 00:00	0.88405	0.88490	0.88167	0.88454	59033
2023-11-24 00:00	0.88453	0.88484	0.88090	0.88090	211112
2023-11-26 00:00	0.88157	0.88247	0.88149	0.88218	7479
2023-11-27 00:00	0.88216	0.88277	0.87933	0.87997	77552
2023-11-28 00:00	0.87996	0.88187	0.87611	0.87706	91839
2023-11-29 00:00	0.87706	0.87837	0.87197	0.87332	88575
2023-11-30 00:00	0.87333	0.87706	0.86840	0.87473	144928
2023-12-01 00:00	0.87471	0.87683	0.86789	0.86869	138035
2023-12-03 00:00	0.86915	0.86924	0.86663	0.86754	12702
2023-12-04 00:00	0.86753	0.87550	0.86751	0.87256	137710
2023-12-05 00:00	0.87255	0.87659	0.87140	0.87503	138133
2023-12-06 00:00	0.87504	0.87598	0.87288	0.87463	111498
2023-12-07 00:00	0.87461	0.87818	0.87275	0.87546	153921
2023-12-08 00:00	0.87543	0.88205	0.87408	0.87965	160103
2023-12-10 00:00	0.87991	0.88039	0.87951	0.87959	10107
2023-12-11 00:00	0.87959	0.88161	0.87786	0.87830	98321
2023-12-12 00:00	0.87828	0.87840	0.87218	0.87512	122258
2023-12-13 00:00	0.87515	0.87799	0.86900	0.87096	162729
2023-12-14 00:00	0.87096	0.87315	0.86300	0.86708	199905
2023-12-15 00:00	0.86721	0.87111	0.86517	0.87017	140491
2023-12-17 00:00	0.86929	0.87083	0.86907	0.87067	14818
2023-12-18 00:00	0.87061	0.87113	0.86637	0.86710	85543
2023-12-19 00:00	0.86709	0.86770	0.85926	0.86066	118152
2023-12-20 00:00	0.86067	0.86505	0.86014	0.86266	85824
2023-12-21 00:00	0.86263	0.86322	0.85591	0.85630	133354
2023-12-22 00:00	0.85629	0.85731	0.85135	0.85574	286715
2023-12-24 00:00	0.85532	0.85532	0.85492	0.85531	44
2023-12-25 00:00	0.85531	0.85620	0.85403	0.85602	9822
2023-12-26 00:00	0.85602	0.85792	0.85302	0.85374	115919
2023-12-27 00:00	0.85374	0.85487	0.84083	0.84249	108646
2023-12-28 00:00	0.84247	0.84505	0.83323	0.84347	166754
2023-12-29 00:00	0.84347	0.84356	0.83560	0.84109	260599
2024-01-01 00:00	0.83934	0.84233	0.83862	0.84194	6797
2024-01-02 00:00	0.84192	0.85065	0.84168	0.85007	147133
2024-01-03 00:00	0.85009	0.85539	0.84871	0.84917	152830
2024-01-04 00:00	0.84917	0.85284	0.84768	0.85022	134379
2024-01-05 00:00	0.85026	0.85764	0.84548	0.84945	148437
2024-01-07 00:00	0.84857	0.85131	0.84847	0.85075	7337
2024-01-08 00:00	0.85077	0.85209	0.84599	0.84803	100238
2024-01-09 00:00	0.84802	0.85316	0.84640	0.85240	109757
2024-01-10 00:00	0.85241	0.85349	0.85048	0.85052	96111
2024-01-11 00:00	0.85051	0.85660	0.84866	0.85104	199651
2024-01-12 00:00	0.85104	0.85505	0.84880	0.85171	120776
2024-01-14 00:00	0.85137	0.85348	0.85137	0.85342	5559
2024-01-15 00:00	0.85341	0.85617	0.85216	0.85601	77451
2024-01-16 00:00	0.85602	0.86192	0.85589	0.86149	153329
2024-01-17 00:00	0.86149	0.86848	0.86073	0.86429	134897
2024-01-18 00:00	0.86430	0.86936	0.86328	0.86800	180468
2024-01-19 00:00	0.86799	0.87040	0.86761	0.86764	108636
2024-01-21 00:00	0.86850	0.86909	0.86733	0.86850	6038
2024-01-22 00:00	0.86851	0.87003	0.86657	0.86916	124071
2024-01-23 00:00	0.86916	0.87280	0.86496	0.86966	115138
2024-01-24 00:00	0.86967	0.86992	0.86062	0.86306	157777
2024-01-25 00:00	0.86306	0.86844	0.86259	0.86711	173231
2024-01-26 00:00	0.86711	0.86846	0.86157	0.86364	143110
2024-01-28 00:00	0.86471	0.86472	0.86344	0.86431	25088
2024-01-29 00:00	0.86432	0.86490	0.86064	0.86136	119960
2024-01-30 00:00	0.86137	0.86427	0.86064	0.86183	105918
2024-01-31 00:00	0.86180	0.86435	0.85504	0.86236	219474
2024-02-01 00:00	0.86236	0.86494	0.85707	0.85758	157958
2024-02-02 00:00	0.85761	0.86804	0.85528	0.86650	147184
2024-02-04 00:00	0.86540	0.86784	0.86532	0.86703	6993
2024-02-05 00:00	0.86702	0.87183	0.86677	0.87072	122940
2024-02-06 00:00	0.87072	0.87409	0.86897	0.86953	142667
2024-02-07 00:00	0.86954	0.87529	0.86880	0.87413	137914
2024-02-08 00:00	0.87414	0.87607	0.87239	0.87341	122072
2024-02-09 00:00	0.87341	0.87617	0.87309	0.87460	104524
2024-02-11 00:00	0.87440	0.87455	0.87400	0.87421	7195
2024-02-12 00:00	0.87422	0.87724	0.87262	0.87584	87681
2024-02-13 00:00	0.87581	0.88806	0.87552	0.88744	162193
2024-02-14 00:00	0.88743	0.88854	0.88473	0.88523	104660
2024-02-15 00:00	0.88523	0.88577	0.87825	0.87987	132793
2024-02-16 00:00	0.87988	0.88388	0.87975	0.87990	94013
2024-02-18 00:00	0.87806	0.88099	0.87806	0.88072	4000
2024-02-19 00:00	0.88072	0.88292	0.87963	0.88277	57599
2024-02-20 00:00	0.88277	0.88375	0.87854	0.88190	73205
2024-02-21 00:00	0.88188	0.88198	0.87881	0.87914	81742
2024-02-22 00:00	0.87917	0.88210	0.87421	0.88008	86693
2024-02-23 00:00	0.88006	0.88190	0.87809	0.88054	45082
2024-02-25 00:00	0.87931	0.88139	0.87931	0.88128	2167
2024-02-26 00:00	0.88127	0.88219	0.87879	0.88005	46826
2024-02-27 00:00	0.88005	0.88103	0.87841	0.87901	56434
2024-02-28 00:00	0.87900	0.88154	0.87838	0.87872	54843
2024-02-29 00:00	0.87871	0.88485	0.87791	0.88442	79900
2024-03-01 00:00	0.88442	0.88923	0.88250	0.88292	73204
2024-03-03 00:00	0.88307	0.88365	0.88283	0.88341	6608
2024-03-04 00:00	0.88339	0.88640	0.88052	0.88520	60967
2024-03-05 00:00	0.88522	0.88661	0.88253	0.88358	53487
2024-03-06 00:00	0.88359	0.88554	0.88041	0.88203	61982
2024-03-07 00:00	0.88202	0.88231	0.87715	0.87728	80963
2024-03-08 00:00	0.87726	0.87823	0.87294	0.87640	72432
2024-03-10 00:00	0.87497	0.87810	0.87497	0.87754	9034
2024-03-11 00:00	0.87753	0.87946	0.87547	0.87731	60041
2024-03-12 00:00	0.87731	0.87945	0.87468	0.87739	95468
2024-03-13 00:00	0.87739	0.87895	0.87658	0.87834	67935
2024-03-14 00:00	0.87833	0.88436	0.87817	0.88426	82708
2024-03-15 00:00	0.88427	0.88524	0.88190	0.88336	68430
2024-03-17 00:00	0.88289	0.88362	0.88210	0.88354	14562
2024-03-18 00:00	0.88355	0.88842	0.88213	0.88754	70753
2024-03-19 00:00	0.88753	0.88982	0.88668	0.88855	90715
2024-03-20 00:00	0.88855	0.89185	0.88541	0.88563	142981
2024-03-21 00:00	0.88563	0.89937	0.88389	0.89773	160772
2024-03-22 00:00	0.89772	0.90201	0.89652	0.89699	100943
2024-03-24 00:00	0.89689	0.89769	0.89669	0.89764	14465
2024-03-25 00:00	0.89764	0.89983	0.89688	0.89954	75548
2024-03-26 00:00	0.89953	0.90431	0.89901	0.90366	79565
2024-03-27 00:00	0.90367	0.90712	0.90326	0.90562	78801
2024-03-28 00:00	0.90560	0.90645	0.89960	0.90110	131749
2024-03-29 00:00	0.90112	0.90275	0.90040	0.90051	151033
2024-03-31 00:00	0.90097	0.90229	0.90044	0.90200	8423
2024-04-01 00:00	0.90197	0.90565	0.90049	0.90505	62090
2024-04-02 00:00	0.90505	0.90905	0.90497	0.90778	76560
2024-04-03 00:00	0.90779	0.90952	0.90264	0.90293	76514
2024-04-04 00:00	0.90293	0.90747	0.90036	0.90152	84737
2024-04-05 00:00	0.90152	0.90706	0.89974	0.90124	99288
2024-04-07 00:00	0.89975	0.90394	0.89970	0.90320	14607
2024-04-08 00:00	0.90319	0.90653	0.90233	0.90502	88985
2024-04-09 00:00	0.90501	0.90559	0.90124	0.90304	76735
2024-04-10 00:00	0.90303	0.91472	0.90244	0.91317	137011
2024-04-11 00:00	0.91318	0.91463	0.90740	0.90979	94505
2024-04-12 00:00	0.90980	0.91452	0.90932	0.91359	87943
2024-04-14 00:00	0.91107	0.91405	0.91107	0.91374	11884
2024-04-15 00:00	0.91373	0.91517	0.91128	0.91189	100185
2024-04-16 00:00	0.91190	0.91417	0.91110	0.91263	107612
2024-04-17 00:00	0.91263	0.91322	0.90932	0.91063	81069
2024-04-18 00:00	0.91062	0.91308	0.90808	0.91245	70585
2024-04-19 00:00	0.91246	0.91267	0.90102	0.90951	142502
2024-04-21 00:00	0.90858	0.91127	0.90858	0.91120	7450
2024-04-22 00:00	0.91117	0.91236	0.90981	0.91187	60601
2024-04-23 00:00	0.91185	0.91299	0.90866	0.91175	70782
2024-04-24 00:00	0.91173	0.91530	0.91132	0.91443	60020
2024-04-25 00:00	0.91442	0.91565	0.91165	0.91266	76711
2024-04-26 00:00	0.91270	0.91498	0.90957	0.91387	78239
2024-04-28 00:00	0.91236	0.91422	0.91235	0.91370	3002
2024-04-29 00:00	0.91369	0.91527	0.90880	0.91079	94226
2024-04-30 00:00	0.91077	0.91968	0.91047	0.91960	92548
2024-05-01 00:00	0.91962	0.92240	0.91454	0.91635	95676
2024-05-02 00:00	0.91636	0.91732	0.90970	0.90974	95457
2024-05-03 00:00	0.90971	0.91047	0.90054	0.90475	107114
2024-05-05 00:00	0.90390	0.90598	0.90370	0.90586	3592
2024-05-06 00:00	0.90588	0.90676	0.90355	0.90673	46606
2024-05-07 00:00	0.90672	0.90934	0.90574	0.90844	54827
2024-05-08 00:00	0.90845	0.90955	0.90730	0.90787	46038
2024-05-09 00:00	0.90789	0.90984	0.90527	0.90588	46599
2024-05-10 00:00	0.90586	0.90851	0.90558	0.90640	41479
2024-05-12 00:00	0.90519	0.90647	0.90482	0.90646	1591
2024-05-13 00:00	0.90648	0.90871	0.90453	0.90796	43296
2024-05-14 00:00	0.90793	0.91021	0.90545	0.90689	60802
2024-05-15 00:00	0.90689	0.90704	0.90051	0.90064	81487
2024-05-16 00:00	0.90065	0.90630	0.89876	0.90604	63236
2024-05-17 00:00	0.90602	0.90980	0.90593	0.90888	44688
2024-05-19 00:00	0.90901	0.90924	0.90810	0.90895	3417
2024-05-20 00:00	0.90894	0.91085	0.90786	0.91012	49626
2024-05-21 00:00	0.91014	0.91161	0.90869	0.91127	51949
2024-05-22 00:00	0.91128	0.91579	0.91064	0.91520	60494
2024-05-23 00:00	0.91522	0.91541	0.91261	0.91442	116952
2024-05-24 00:00	0.91443	0.91578	0.91336	0.91462	48417
2024-05-26 00:00	0.91382	0.91449	0.91279	0.91446	1979
2024-05-27 00:00	0.91446	0.91535	0.91311	0.91325	38901
2024-05-28 00:00	0.91326	0.91332	0.90852	0.91232	66684
2024-05-29 00:00	0.91232	0.91432	0.91126	0.91320	59391
2024-05-30 00:00	0.91322	0.91406	0.90300	0.90335	80026
2024-05-31 00:00	0.90334	0.90689	0.90022	0.90193	79333
2024-06-02 00:00	0.90310	0.90311	0.90128	0.90135	4265
2024-06-03 00:00	0.90135	0.90354	0.89496	0.89506	79601
2024-06-04 00:00	0.89504	0.89720	0.88841	0.89000	87595
2024-06-05 00:00	0.89000	0.89486	0.89000	0.89263	67943
2024-06-06 00:00	0.89262	0.89304	0.88896	0.88968	64288
2024-06-07 00:00	0.88972	0.89726	0.88808	0.89593	72992
2024-06-09 00:00	0.89647	0.89764	0.89604	0.89604	4892
2024-06-10 00:00	0.89605	0.89827	0.89452	0.89654	53883
2024-06-11 00:00	0.89655	0.89930	0.89590	0.89778	56854
2024-06-12 00:00	0.89778	0.89830	0.88927	0.89416	105307
2024-06-13 00:00	0.89415	0.89670	0.89313	0.89398	79078
2024-06-14 00:00	0.89399	0.89475	0.88944	0.88962	100641
2024-06-16 00:00	0.89051	0.89092	0.88941	0.89076	3488
2024-06-17 00:00	0.89078	0.89320	0.88828	0.88839	66331
2024-06-18 00:00	0.88839	0.88997	0.88265	0.88417	86488
2024-06-19 00:00	0.88417	0.88542	0.88335	0.88430	44096
2024-06-20 00:00	0.88431	0.89258	0.88318	0.89149	84649
2024-06-21 00:00	0.89148	0.89442	0.89048	0.89391	65723
2024-06-23 00:00	0.89240	0.89440	0.89240	0.89437	3510
2024-06-24 00:00	0.89436	0.89450	0.89214	0.89322	54744
2024-06-25 00:00	0.89320	0.89531	0.89127	0.89529	53350
2024-06-26 00:00	0.89531	0.89828	0.89462	0.89705	63884
2024-06-27 00:00	0.89704	0.89884	0.89570	0.89853	54868
2024-06-28 00:00	0.89855	0.90095	0.89791	0.89854	73764
2024-06-30 00:00	0.89763	0.90038	0.89704	0.90033	6537
2024-07-01 00:00	0.90033	0.90442	0.89839	0.90324	76268
2024-07-02 00:00	0.90323	0.90494	0.90303	0.90372	57867
2024-07-03 00:00	0.90372	0.90501	0.89853	0.90080	70544
2024-07-04 00:00	0.90082	0.90392	0.89912	0.90024	41762
2024-07-05 00:00	0.90024	0.90056	0.89535	0.89557	87324
2024-07-07 00:00	0.89525	0.89575	0.89426	0.89524	4326
2024-07-08 00:00	0.89525	0.89781	0.89445	0.89778	68244
2024-07-09 00:00	0.89778	0.89903	0.89684	0.89758	64818
2024-07-10 00:00	0.89757	0.90005	0.89638	0.89917	58492
2024-07-11 00:00	0.89916	0.89978	0.89147	0.89607	127979
2024-07-12 00:00	0.89609	0.89695	0.89321	0.89422	87783
2024-07-14 00:00	0.89421	0.89709	0.89364	0.89694	4440
2024-07-15 00:00	0.89694	0.89719	0.89338	0.89548	64234
2024-07-16 00:00	0.89548	0.89787	0.89328	0.89346	59131
2024-07-17 00:00	0.89346	0.89447	0.88196	0.88227	98421
2024-07-18 00:00	0.88227	0.88785	0.88225	0.88745	88476
2024-07-19 00:00	0.88746	0.88995	0.88741	0.88885	56915
2024-07-21 00:00	0.88759	0.88914	0.88742	0.88802	4077
2024-07-22 00:00	0.88802	0.89019	0.88707	0.88963	57517
2024-07-23 00:00	0.88963	0.89238	0.88881	0.89148	61844
2024-07-24 00:00	0.89149	0.89210	0.88283	0.88513	95271
2024-07-25 00:00	0.88513	0.88538	0.87765	0.88069	130424
2024-07-26 00:00	0.88068	0.88443	0.88021	0.88339	77476
2024-07-28 00:00	0.88280	0.88448	0.88223	0.88446	3983
2024-07-29 00:00	0.88447	0.88711	0.88198	0.88613	57276
2024-07-30 00:00	0.88613	0.88752	0.88175	0.88188	75693
2024-07-31 00:00	0.88187	0.88301	0.87701	0.87820	134749
2024-08-01 00:00	0.87820	0.87824	0.87239	0.87292	117935
2024-08-02 00:00	0.87290	0.87334	0.85735	0.85779	156274
2024-08-04 00:00	0.85903	0.85943	0.85565	0.85637	13166
2024-08-05 00:00	0.85635	0.85724	0.84319	0.85480	293967
2024-08-06 00:00	0.85481	0.85714	0.84993	0.85269	175636
2024-08-07 00:00	0.85270	0.86618	0.85242	0.86000	163877
2024-08-08 00:00	0.86001	0.86738	0.85595	0.86696	169965
2024-08-09 00:00	0.86696	0.86716	0.86320	0.86492	89377
2024-08-11 00:00	0.86344	0.86609	0.86250	0.86499	6386
2024-08-12 00:00	0.86499	0.87116	0.86444	0.86480	93251
2024-08-13 00:00	0.86481	0.86797	0.86366	0.86508	101970
2024-08-14 00:00	0.86505	0.86607	0.86162	0.86501	108230
2024-08-15 00:00	0.86503	0.87482	0.86467	0.87257	95606
2024-08-16 00:00	0.87255	0.87263	0.86540	0.86580	74697
2024-08-18 00:00	0.86518	0.86763	0.86496	0.86757	5524
2024-08-19 00:00	0.86758	0.86772	0.86154	0.86254	91359
2024-08-20 00:00	0.86255	0.86259	0.85206	0.85361	91492
2024-08-21 00:00	0.85362	0.85612	0.84947	0.85110	110580
2024-08-22 00:00	0.85112	0.85336	0.84890	0.85177	94058
2024-08-23 00:00	0.85176	0.85413	0.84703	0.84763	106237
2024-08-25 00:00	0.84726	0.84814	0.84679	0.84715	7255
2024-08-26 00:00	0.84716	0.84854	0.84556	0.84709	75159
2024-08-27 00:00	0.84707	0.84840	0.84088	0.84166	87467
2024-08-28 00:00	0.84166	0.84517	0.84083	0.84182	91969
2024-08-29 00:00	0.84183	0.84933	0.83999	0.84693	108985
2024-08-30 00:00	0.84692	0.85103	0.84666	0.84952	84206
2024-09-01 00:00	0.84828	0.85096	0.84775	0.85069	3354
2024-09-02 00:00	0.85067	0.85371	0.84847	0.85139	43916
2024-09-03 00:00	0.85140	0.85373	0.84776	0.84987	108967
2024-09-04 00:00	0.84988	0.85184	0.84552	0.84605	114263
2024-09-05 00:00	0.84605	0.84906	0.84334	0.84379	106574
2024-09-06 00:00	0.84381	0.84754	0.83736	0.84248	154392
2024-09-08 00:00	0.84326	0.84415	0.84200	0.84404	6288
2024-09-09 00:00	0.84402	0.84953	0.84356	0.84947	91547
2024-09-10 00:00	0.84945	0.84985	0.84559	0.84663	90618
2024-09-11 00:00	0.84664	0.85292	0.84216	0.85268	142643
2024-09-12 00:00	0.85269	0.85493	0.84972	0.84983	118199
2024-09-13 00:00	0.84983	0.85005	0.84434	0.84796	115584
2024-09-15 00:00	0.84625	0.84857	0.84618	0.84808	4186
2024-09-16 00:00	0.84807	0.84809	0.84342	0.84462	98663
2024-09-17 00:00	0.84460	0.84768	0.84294	0.84636	114407
2024-09-18 00:00	0.84633	0.84796	0.83903	0.84730	158184
2024-09-19 00:00	0.84731	0.85144	0.84488	0.84781	164324
2024-09-20 00:00	0.84780	0.85166	0.84512	0.84972	137031
2024-09-22 00:00	0.84877	0.85103	0.84877	0.85103	2890
2024-09-23 00:00	0.85106	0.85177	0.84561	0.84730	103005
2024-09-24 00:00	0.84728	0.84898	0.84151	0.84152	124198
2024-09-25 00:00	0.84154	0.85073	0.84147	0.85070	110289
2024-09-26 00:00	0.85070	0.85157	0.84525	0.84629	155827
2024-09-27 00:00	0.84628	0.84929	0.84013	0.84016	178721
2024-09-29 00:00	0.84037	0.84146	0.83998	0.84138	4955
2024-09-30 00:00	0.84139	0.84736	0.84058	0.84534	129654
2024-10-01 00:00	0.84534	0.84820	0.84310	0.84619	168988
2024-10-02 00:00	0.84618	0.85075	0.84485	0.84991	112847
2024-10-03 00:00	0.84989	0.85425	0.84883	0.85181	148162
2024-10-04 00:00	0.85182	0.86075	0.84998	0.85788	119793
2024-10-06 00:00	0.85708	0.85975	0.85694	0.85874	4351
2024-10-07 00:00	0.85872	0.85903	0.85305	0.85452	112513
2024-10-08 00:00	0.85454	0.85839	0.85300	0.85733	101407
2024-10-09 00:00	0.85735	0.86100	0.85651	0.86069	81454
2024-10-10 00:00	0.86021	0.86137	0.85573	0.85660	116224
2024-10-11 00:00	0.85662	0.85843	0.85586	0.85700	63812
2024-10-13 00:00	0.85626	0.85832	0.85626	0.85823	2079
2024-10-14 00:00	0.85822	0.86414	0.85795	0.86234	50742
2024-10-15 00:00	0.86237	0.86366	0.86063	0.86258	75889
2024-10-16 00:00	0.86262	0.86576	0.86140	0.86541	59818
2024-10-17 00:00	0.86538	0.86695	0.86276	0.86607	88938
2024-10-18 00:00	0.86607	0.86692	0.86455	0.86467	55981
2024-10-20 00:00	0.86384	0.86515	0.86384	0.86494	2681
2024-10-21 00:00	0.86495	0.86635	0.86329	0.86551	61201
2024-10-22 00:00	0.86553	0.86626	0.86415	0.86554	67413
2024-10-23 00:00	0.86553	0.86858	0.86553	0.86677	64995
2024-10-24 00:00	0.86677	0.86714	0.86503	0.86591	83310
2024-10-25 00:00	0.86589	0.86743	0.86501	0.86637	60718
2024-10-27 00:00	0.86767	0.86879	0.86731	0.86847	6958
2024-10-28 00:00	0.86848	0.86997	0.86462	0.86469	82260
2024-10-29 00:00	0.86469	0.86982	0.86430	0.86721	86385
2024-10-30 00:00	0.86721	0.86933	0.86536	0.86645	92011
2024-10-31 00:00	0.86645	0.86648	0.86321	0.86353	119442
2024-11-01 00:00	0.86354	0.87110	0.86319	0.86957	112134
2024-11-03 00:00	0.86693	0.86806	0.86693	0.86765	4032
2024-11-04 00:00	0.86764	0.86765	0.86146	0.86416	100850
2024-11-05 00:00	0.86414	0.86464	0.86156	0.86241	105783
2024-11-06 00:00	0.86241	0.87733	0.86192	0.87569	364449
2024-11-07 00:00	0.87570	0.87739	0.87090	0.87272	171123
2024-11-08 00:00	0.87272	0.87686	0.87006	0.87518	151663
2024-11-10 00:00	0.87457	0.87648	0.87457	0.87610	3838
2024-11-11 00:00	0.87611	0.88095	0.87577	0.88030	95648
2024-11-12 00:00	0.88030	0.88360	0.88025	0.88210	122705
2024-11-13 00:00	0.88208	0.88632	0.87969	0.88566	167787
2024-11-14 00:00	0.88567	0.89173	0.88545	0.89044	156934
2024-11-15 00:00	0.89044	0.89072	0.88587	0.88695	174758
2024-11-17 00:00	0.88718	0.88870	0.88640	0.88846	2530
2024-11-18 00:00	0.88846	0.88855	0.88261	0.88321	116028
2024-11-19 00:00	0.88320	0.88445	0.88008	0.88203	154065
2024-11-20 00:00	0.88206	0.88619	0.88170	0.88360	99507
2024-11-21 00:00	0.88361	0.88697	0.88205	0.88681	146960
2024-11-22 00:00	0.88680	0.89572	0.88514	0.89363	167145
2024-11-24 00:00	0.89074	0.89189	0.88967	0.89048	9560
2024-11-25 00:00	0.89049	0.89168	0.88481	0.88881	145369
2024-11-26 00:00	0.88882	0.88944	0.88421	0.88609	168206
2024-11-27 00:00	0.88610	0.88616	0.87973	0.88227	163498
2024-11-28 00:00	0.88225	0.88479	0.88220	0.88238	71651
2024-11-29 00:00	0.88237	0.88274	0.87951	0.88024	143760
2024-12-01 00:00	0.88050	0.88267	0.87970	0.88211	6403
2024-12-02 00:00	0.88212	0.88892	0.88197	0.88628	136566
2024-12-03 00:00	0.88630	0.88881	0.88292	0.88634	128276
2024-12-04 00:00	0.88634	0.88793	0.88262	0.88371	134041
2024-12-05 00:00	0.88373	0.88529	0.87763	0.87829	115983
2024-12-06 00:00	0.87829	0.87970	0.87340	0.87812	127372
2024-12-08 00:00	0.87826	0.87903	0.87785	0.87856	3352
2024-12-09 00:00	0.87856	0.88036	0.87583	0.87856	97548
2024-12-10 00:00	0.87854	0.88322	0.87705	0.88275	106040
2024-12-11 00:00	0.88274	0.88539	0.88106	0.88321	128746
2024-12-12 00:00	0.88317	0.89276	0.88161	0.89197	143450
2024-12-13 00:00	0.89202	0.89453	0.89145	0.89201	102384
2024-12-15 00:00	0.89194	0.89313	0.89130	0.89172	4110
2024-12-16 00:00	0.89172	0.89483	0.88984	0.89399	103936
2024-12-17 00:00	0.89398	0.89746	0.89144	0.89245	102023
2024-12-18 00:00	0.89248	0.90214	0.89171	0.90165	125457
2024-12-19 00:00	0.90164	0.90165	0.89516	0.89896	155311
2024-12-20 00:00	0.89895	0.89897	0.89131	0.89300	134209
2024-12-22 00:00	0.89110	0.89321	0.89103	0.89303	6392
2024-12-23 00:00	0.89303	0.90014	0.89272	0.89851	90675
2024-12-24 00:00	0.89852	0.90118	0.89827	0.89957	56493
2024-12-25 00:00	0.89957	0.90002	0.89787	0.89938	5198
2024-12-26 00:00	0.89939	0.90097	0.89842	0.89896	59464
2024-12-27 00:00	0.89896	0.90271	0.89884	0.90186	80485
2024-12-29 00:00	0.90120	0.90189	0.90009	0.90184	3079
2024-12-30 00:00	0.90184	0.90737	0.90097	0.90325	99584
2024-12-31 00:00	0.90326	0.90799	0.90228	0.90720	80676
2025-01-01 00:00	0.90517	0.90779	0.90483	0.90767	3993
2025-01-02 00:00	0.90768	0.91368	0.90387	0.91202	124246
2025-01-03 00:00	0.91203	0.91244	0.90797	0.90822	72768
2025-01-05 00:00	0.90860	0.90938	0.90822	0.90932	2189
2025-01-06 00:00	0.90934	0.91046	0.90079	0.90491	131719
2025-01-07 00:00	0.90490	0.90971	0.90224	0.90952	129776
2025-01-08 00:00	0.90950	0.91280	0.90869	0.91097	118318
2025-01-09 00:00	0.91096	0.91307	0.90978	0.91204	87999
2025-01-10 00:00	0.91204	0.91883	0.91142	0.91603	115219
2025-01-12 00:00	0.91525	0.91693	0.91519	0.91690	3199
2025-01-13 00:00	0.91690	0.92011	0.91506	0.91587	108652
2025-01-14 00:00	0.91587	0.91734	0.91192	0.91246	124788
2025-01-15 00:00	0.91247	0.91459	0.90773	0.91210	124280
2025-01-16 00:00	0.91210	0.91361	0.90989	0.91114	117589
2025-01-17 00:00	0.91113	0.91532	0.90958	0.91443	98816
2025-01-19 00:00	0.91217	0.91517	0.91217	0.91447	3682
2025-01-20 00:00	0.91449	0.91467	0.90551	0.90605	154280
2025-01-21 00:00	0.90604	0.91143	0.90480	0.90666	143847
2025-01-22 00:00	0.90666	0.90748	0.90322	0.90633	114159
2025-01-23 00:00	0.90637	0.91080	0.90562	0.90745	150841
2025-01-24 00:00	0.90745	0.90760	0.90270	0.90483	147997
2025-01-26 00:00	0.90503	0.90695	0.90503	0.90683	4301
2025-01-27 00:00	0.90681	0.90727	0.89649	0.90444	187267
2025-01-28 00:00	0.90443	0.90705	0.90361	0.90420	119879
2025-01-29 00:00	0.90419	0.90949	0.90312	0.90631	138055
2025-01-30 00:00	0.90630	0.91033	0.90586	0.90958	133653
2025-01-31 00:00	0.90958	0.91153	0.90710	0.91008	143906
2025-02-02 00:00	0.91523	0.91595	0.91357	0.91509	12819
2025-02-03 00:00	0.91508	0.91964	0.90917	0.91153	206362
2025-02-04 00:00	0.91154	0.91310	0.90451	0.90542	117189
2025-02-05 00:00	0.90541	0.90591	0.90013	0.90140	115952
2025-02-06 00:00	0.90140	0.90618	0.90076	0.90512	97783
2025-02-07 00:00	0.90512	0.91058	0.90449	0.90923	125515
2025-02-09 00:00	0.91017	0.91104	0.91003	0.91092	4067
2025-02-10 00:00	0.91093	0.91220	0.90936	0.91138	89605
2025-02-11 00:00	0.91137	0.91403	0.91100	0.91307	84034
2025-02-12 00:00	0.91308	0.91555	0.91023	0.91342	120730
2025-02-13 00:00	0.91342	0.91400	0.90242	0.90321	133825
2025-02-14 00:00	0.90323	0.90487	0.89718	0.89949	105096
2025-02-16 00:00	0.89757	0.90011	0.89744	0.89988	5696
2025-02-17 00:00	0.89986	0.90177	0.89913	0.90073	74361
2025-02-18 00:00	0.90071	0.90408	0.89951	0.90362	79156
2025-02-19 00:00	0.90362	0.90544	0.90232	0.90459	86069
2025-02-20 00:00	0.90458	0.90459	0.89754	0.89816	102661
2025-02-21 00:00	0.89815	0.90046	0.89675	0.89755	100703
2025-02-23 00:00	0.89690	0.89849	0.89654	0.89846	7697
2025-02-24 00:00	0.89846	0.89978	0.89533	0.89733	103291
2025-02-25 00:00	0.89730	0.89775	0.89118	0.89238	96750
2025-02-26 00:00	0.89236	0.89645	0.89159	0.89446	102618
2025-02-27 00:00	0.89447	0.90051	0.89443	0.90006	111906
2025-02-28 00:00	0.90006	0.90357	0.89822	0.90243	111663
2025-03-02 00:00	0.90210	0.90297	0.90210	0.90262	4250
2025-03-03 00:00	0.90263	0.90308	0.89600	0.89680	119216
2025-03-04 00:00	0.89681	0.89713	0.88713	0.88990	168328
2025-03-05 00:00	0.88990	0.89142	0.88556	0.89070	166975
2025-03-06 00:00	0.89071	0.89254	0.88251	0.88333	162832
2025-03-07 00:00	0.88335	0.88339	0.87666	0.87923	143350
2025-03-09 00:00	0.87821	0.88034	0.87668	0.87730	8219
2025-03-10 00:00	0.87728	0.88213	0.87578	0.87997	114984
2025-03-11 00:00	0.87998	0.88352	0.87725	0.88335	149217
2025-03-12 00:00	0.88335	0.88519	0.87992	0.88178	91149
2025-03-13 00:00	0.88178	0.88544	0.88031	0.88265	89115
2025-03-14 00:00	0.88264	0.88637	0.88211	0.88466	86364
2025-03-16 00:00	0.88447	0.88524	0.88333	0.88413	4668
2025-03-17 00:00	0.88412	0.88474	0.87957	0.88131	76239
2025-03-18 00:00	0.88132	0.88182	0.87587	0.87678	84815
2025-03-19 00:00	0.87677	0.88090	0.87643	0.87646	94966
2025-03-20 00:00	0.87646	0.88425	0.87554	0.88168	112056
2025-03-21 00:00	0.88168	0.88398	0.87962	0.88250	96195
2025-03-23 00:00	0.88271	0.88345	0.88241	0.88286	4317
2025-03-24 00:00	0.88286	0.88456	0.87992	0.88273	70448
2025-03-25 00:00	0.88274	0.88483	0.87999	0.88260	61103
2025-03-26 00:00	0.88259	0.88502	0.88218	0.88422	70582
2025-03-27 00:00	0.88421	0.88472	0.88028	0.88162	83741
2025-03-28 00:00	0.88162	0.88347	0.87993	0.87993	67857
2025-03-30 00:00	0.87789	0.88126	0.87789	0.88087	4797
2025-03-31 00:00	0.88087	0.88549	0.87807	0.88387	84363
2025-04-01 00:00	0.88389	0.88434	0.88118	0.88370	74726
2025-04-02 00:00	0.88368	0.88482	0.87633	0.87685	99146
2025-04-03 00:00	0.87686	0.87903	0.85466	0.85913	209242
2025-04-04 00:00	0.85915	0.86255	0.84764	0.85984	260433
2025-04-06 00:00	0.85521	0.85586	0.84957	0.85163	26354
2025-04-07 00:00	0.85162	0.86735	0.84501	0.85975	330343
2025-04-08 00:00	0.85974	0.86012	0.84487	0.84599	220004
2025-04-09 00:00	0.84600	0.85829	0.83589	0.85554	359949
2025-04-10 00:00	0.85552	0.85745	0.82040	0.82085	267055
2025-04-11 00:00	0.82087	0.82573	0.80989	0.81431	315783
2025-04-13 00:00	0.81778	0.81934	0.81687	0.81812	17825
2025-04-14 00:00	0.81810	0.82678	0.81191	0.81630	219340
2025-04-15 00:00	0.81631	0.82390	0.81318	0.82055	135366
2025-04-16 00:00	0.82053	0.82073	0.81206	0.81385	182377
2025-04-17 00:00	0.81384	0.82310	0.81365	0.81863	148154
2025-04-18 00:00	0.81861	0.82046	0.81548	0.81564	587476
2025-04-20 00:00	0.81597	0.81787	0.81196	0.81244	12131
2025-04-21 00:00	0.81245	0.81251	0.80391	0.80908	117016
2025-04-22 00:00	0.80908	0.82869	0.80666	0.82611	172879
2025-04-23 00:00	0.82610	0.83111	0.81970	0.82964	184799
2025-04-24 00:00	0.82963	0.83017	0.82390	0.82852	130073
2025-04-25 00:00	0.82853	0.83342	0.82664	0.82713	126148
2025-04-27 00:00	0.82794	0.82925	0.82594	0.82850	6051
2025-04-28 00:00	0.82853	0.83186	0.81953	0.82128	109537
2025-04-29 00:00	0.82127	0.82639	0.82080	0.82323	114489
2025-04-30 00:00	0.82321	0.82726	0.82135	0.82606	128859
2025-05-01 00:00	0.82605	0.83329	0.82535	0.82900	117913
2025-05-02 00:00	0.82900	0.83180	0.82053	0.82645	137405
2025-05-04 00:00	0.82414	0.82644	0.82377	0.82420	4904
2025-05-05 00:00	0.82419	0.82748	0.82084	0.82214	100234
2025-05-06 00:00	0.82212	0.82657	0.82084	0.82591	129261
2025-05-07 00:00	0.82592	0.82717	0.81852	0.82410	129683
2025-05-08 00:00	0.82409	0.83320	0.82233	0.83164	149012
2025-05-09 00:00	0.83164	0.83407	0.82690	0.83093	104478
2025-05-11 00:00	0.83442	0.83479	0.83333	0.83394	7810
2025-05-12 00:00	0.83394	0.84760	0.83304	0.84481	176372
2025-05-13 00:00	0.84482	0.84494	0.83858	0.83946	130236
2025-05-14 00:00	0.83944	0.84355	0.83241	0.84130	161514
2025-05-15 00:00	0.84128	0.84178	0.83459	0.83484	135980
2025-05-16 00:00	0.83485	0.84006	0.83264	0.83750	104738
2025-05-18 00:00	0.83499	0.83622	0.83418	0.83527	6527
2025-05-19 00:00	0.83528	0.83654	0.83183	0.83502	143804
2025-05-20 00:00	0.83502	0.83624	0.82587	0.82670	144856
2025-05-21 00:00	0.82670	0.82684	0.82092	0.82484	173930
2025-05-22 00:00	0.82484	0.83062	0.82333	0.82833	137544
2025-05-23 00:00	0.82830	0.82886	0.82041	0.82052	148323
2025-05-25 00:00	0.82012	0.82271	0.82005	0.82232	11766
2025-05-26 00:00	0.82232	0.82327	0.81920	0.82036	78642
2025-05-27 00:00	0.82034	0.82795	0.81874	0.82715	119022
2025-05-28 00:00	0.82715	0.83473	0.82447	0.83262	137102
2025-05-29 00:00	0.83264	0.83471	0.82087	0.82201	158129
2025-05-30 00:00	0.82199	0.82489	0.81987	0.82176	139159
2025-06-01 00:00	0.82241	0.82365	0.82131	0.82222	5621
2025-06-02 00:00	0.82222	0.82300	0.81565	0.81592	116498
2025-06-03 00:00	0.81593	0.82470	0.81580	0.82294	98626
2025-06-04 00:00	0.82294	0.82497	0.81664	0.81813	110050
2025-06-05 00:00	0.81814	0.82146	0.81715	0.81928	131167
2025-06-06 00:00	0.81929	0.82478	0.81920	0.82199	111565
2025-06-08 00:00	0.82126	0.82220	0.82082	0.82133	3418
2025-06-09 00:00	0.82133	0.82256	0.81921	0.82129	72252
2025-06-10 00:00	0.82131	0.82415	0.82035	0.82203	90603
2025-06-11 00:00	0.82202	0.82344	0.81826	0.81844	93785
2025-06-12 00:00	0.81845	0.81881	0.80763	0.80764	126041
2025-06-13 00:00	0.80765	0.81482	0.80555	0.81118	155686
2025-06-15 00:00	0.81103	0.81233	0.81066	0.81185	31818
2025-06-16 00:00	0.81184	0.81467	0.80885	0.81353	100171
2025-06-17 00:00	0.81353	0.81724	0.81200	0.81686	107033
2025-06-18 00:00	0.81689	0.81989	0.81533	0.81913	110504
2025-06-19 00:00	0.81913	0.82150	0.81552	0.81639	90033
2025-06-20 00:00	0.81637	0.81836	0.81518	0.81767	90205
2025-06-22 00:00	0.81660	0.81860	0.81643	0.81776	9341
2025-06-23 00:00	0.81774	0.81946	0.81101	0.81267	128482
2025-06-24 00:00	0.81268	0.81309	0.80343	0.80516	114875
2025-06-25 00:00	0.80517	0.80799	0.80365	0.80377	75655
2025-06-26 00:00	0.80376	0.80434	0.79778	0.80079	114918
2025-06-27 00:00	0.80077	0.80178	0.79573	0.79873	109584
2025-06-29 00:00	0.79851	0.79915	0.79811	0.79827	8545
2025-06-30 00:00	0.79826	0.79943	0.79271	0.79279	99770
2025-07-01 00:00	0.79279	0.79433	0.78718	0.79066	102953
2025-07-02 00:00	0.79066	0.79411	0.79031	0.79168	82075
2025-07-03 00:00	0.79170	0.79864	0.79004	0.79426	86409
2025-07-04 00:00	0.79426	0.79522	0.79215	0.79310	129240
2025-07-06 00:00	0.79362	0.79477	0.79307	0.79413	3800
2025-07-07 00:00	0.79412	0.79905	0.79350	0.79716	101479
2025-07-08 00:00	0.79716	0.79943	0.79529	0.79594	82593
2025-07-09 00:00	0.79591	0.79787	0.79249	0.79262	77470
2025-07-10 00:00	0.79261	0.79872	0.79191	0.79669	69883
2025-07-11 00:00	0.79670	0.79814	0.79534	0.79597	68099
2025-07-13 00:00	0.79714	0.79770	0.79609	0.79674	5715
2025-07-14 00:00	0.79677	0.79845	0.79548	0.79806	64920
2025-07-15 00:00	0.79807	0.80242	0.79532	0.80143	81301
2025-07-16 00:00	0.80143	0.80613	0.79464	0.80093	116710
2025-07-17 00:00	0.80095	0.80641	0.80084	0.80291	72156
2025-07-18 00:00	0.80289	0.80363	0.79846	0.80087	61173
2025-07-20 00:00	0.79972	0.80170	0.79921	0.80122	6040
2025-07-21 00:00	0.80122	0.80221	0.79650	0.79810	86728
2025-07-22 00:00	0.79809	0.79915	0.79162	0.79373	69136
2025-07-23 00:00	0.79373	0.79492	0.79106	0.79218	101074
2025-07-24 00:00	0.79219	0.79603	0.79150	0.79487	94870
2025-07-25 00:00	0.79487	0.79793	0.79449	0.79449	79700
2025-07-27 00:00	0.79626	0.79626	0.79474	0.79542	3600
2025-07-28 00:00	0.79540	0.80378	0.79441	0.80324	93726
2025-07-29 00:00	0.80322	0.80790	0.80247	0.80544	90529
2025-07-30 00:00	0.80545	0.81506	0.80378	0.81329	118214
2025-07-31 00:00	0.81327	0.81445	0.81115	0.81397	94500
2025-08-01 00:00	0.81396	0.81710	0.80261	0.80382	164204
2025-08-03 00:00	0.80304	0.80458	0.80255	0.80396	4593
2025-08-04 00:00	0.80396	0.80965	0.80382	0.80709	97924
2025-08-05 00:00	0.80708	0.81177	0.80625	0.80696	106278
2025-08-06 00:00	0.80694	0.80936	0.80485	0.80602	87352
2025-08-07 00:00	0.80601	0.80893	0.80428	0.80562	101345
2025-08-08 00:00	0.80562	0.80885	0.80549	0.80772	67749
2025-08-10 00:00	0.80681	0.80810	0.80660	0.80749	2885
2025-08-11 00:00	0.80749	0.81317	0.80607	0.81205	52173
2025-08-12 00:00	0.81209	0.81226	0.80597	0.80616	115984
2025-08-13 00:00	0.80616	0.80712	0.80217	0.80475	84491
2025-08-14 00:00	0.80475	0.80923	0.80441	0.80755	87407
2025-08-15 00:00	0.80756	0.80792	0.80453	0.80635	73547
2025-08-17 00:00	0.80516	0.80686	0.80379	0.80650	2767
2025-08-18 00:00	0.80650	0.80806	0.80544	0.80739	52142
2025-08-19 00:00	0.80737	0.80851	0.80470	0.80783	79603
2025-08-20 00:00	0.80782	0.80925	0.80308	0.80409	69763
2025-08-21 00:00	0.80410	0.80903	0.80400	0.80869	71216
2025-08-22 00:00	0.80869	0.81038	0.80000	0.80092	99523
2025-08-24 00:00	0.80060	0.80261	0.79988	0.80238	4751
2025-08-25 00:00	0.80241	0.80709	0.80161	0.80620	57933
2025-08-26 00:00	0.80620	0.80720	0.80254	0.80378	108472
2025-08-27 00:00	0.80380	0.80762	0.80146	0.80152	82651
2025-08-28 00:00	0.80151	0.80303	0.79938	0.80174	71161
2025-08-29 00:00	0.80175	0.80351	0.79853	0.79957	70092
2025-08-31 00:00	0.79839	0.80111	0.79789	0.80064	3555
2025-09-01 00:00	0.80063	0.80169	0.79858	0.80020	52834
2025-09-02 00:00	0.80020	0.80605	0.80012	0.80530	115588
2025-09-03 00:00	0.80530	0.80677	0.80216	0.80379	82730
2025-09-04 00:00	0.80378	0.80717	0.80342	0.80513	87678
2025-09-05 00:00	0.80512	0.80546	0.79557	0.79748	108379
2025-09-07 00:00	0.79807	0.79952	0.79684	0.79921	6328
2025-09-08 00:00	0.79920	0.79936	0.79248	0.79280	71417
2025-09-09 00:00	0.79280	0.79790	0.79151	0.79744	101292
2025-09-10 00:00	0.79744	0.79944	0.79610	0.79869	73275
2025-09-11 00:00	0.79871	0.80072	0.79404	0.79596	95137
2025-09-12 00:00	0.79602	0.79863	0.79549	0.79587	48522
2025-09-14 00:00	0.79586	0.79676	0.79545	0.79671	2548
2025-09-15 00:00	0.79671	0.79727	0.79361	0.79469	41041
2025-09-16 00:00	0.79469	0.79478	0.78540	0.78594	94551
2025-09-17 00:00	0.78593	0.78934	0.78288	0.78836	108880
2025-09-18 00:00	0.78834	0.79375	0.78713	0.79252	105054
2025-09-19 00:00	0.79251	0.79659	0.79200	0.79517	80978
2025-09-21 00:00	0.79267	0.79626	0.79267	0.79622	4279
2025-09-22 00:00	0.79622	0.79727	0.79192	0.79239	66673
2025-09-23 00:00	0.79239	0.79332	0.79059	0.79139	77453
2025-09-24 00:00	0.79138	0.79571	0.79125	0.79481	79090
2025-09-25 00:00	0.79483	0.80137	0.79425	0.80007	90932
2025-09-26 00:00	0.80008	0.80067	0.79727	0.79750	75870
2025-09-28 00:00	0.79641	0.79796	0.79626	0.79747	10591
2025-09-29 00:00	0.79747	0.79872	0.79516	0.79740	75191
2025-09-30 00:00	0.79739	0.79856	0.79387	0.79640	82974
2025-10-01 00:00	0.79642	0.79898	0.79281	0.79692	120277
2025-10-02 00:00	0.79692	0.80000	0.79509	0.79703	90637
2025-10-03 00:00	0.79702	0.79798	0.79467	0.79527	95129
2025-10-05 00:00	0.79597	0.79773	0.79579	0.79721	14793
2025-10-06 00:00	0.79721	0.79935	0.79440	0.79495	110849
2025-10-07 00:00	0.79495	0.79913	0.79488	0.79863	84822
2025-10-08 00:00	0.79862	0.80287	0.79853	0.80153	76210
2025-10-09 00:00	0.80154	0.80758	0.80024	0.80625	87964
2025-10-10 00:00	0.80626	0.80667	0.79855	0.79970	92297
2025-10-12 00:00	0.79934	0.80384	0.79866	0.80229	10899
2025-10-13 00:00	0.80230	0.80576	0.79998	0.80429	83514
2025-10-14 00:00	0.80432	0.80498	0.79946	0.80145	105474
2025-10-15 00:00	0.80149	0.80156	0.79563	0.79654	87312
2025-10-16 00:00	0.79657	0.79846	0.79169	0.79192	96845
2025-10-17 00:00	0.79192	0.79368	0.78727	0.79295	121666
2025-10-19 00:00	0.79221	0.79413	0.79092	0.79361	3502
2025-10-20 00:00	0.79361	0.79430	0.79059	0.79243	61703
2025-10-21 00:00	0.79243	0.79688	0.79139	0.79678	89644
2025-10-22 00:00	0.79677	0.79735	0.79482	0.79613	73410
2025-10-23 00:00	0.79614	0.79865	0.79483	0.79509	60103
2025-10-24 00:00	0.79510	0.79680	0.79337	0.79500	71183
2025-10-26 00:00	0.79593	0.79668	0.79532	0.79606	3905
2025-10-27 00:00	0.79606	0.79726	0.79440	0.79462	62325
2025-10-28 00:00	0.79462	0.79668	0.79247	0.79283	73658
2025-10-29 00:00	0.79284	0.80200	0.79252	0.80007	102261
2025-10-30 00:00	0.80006	0.80367	0.79753	0.80160	95864
2025-10-31 00:00	0.80162	0.80515	0.80087	0.80435	66312
2025-11-02 00:00	0.80135	0.80509	0.80135	0.80488	6624
2025-11-03 00:00	0.80488	0.80914	0.80381	0.80815	59389
2025-11-04 00:00	0.80816	0.81080	0.80669	0.81032	66568
2025-11-05 00:00	0.81031	0.81240	0.80791	0.80983	62749
2025-11-06 00:00	0.80983	0.81007	0.80591	0.80612	55155
2025-11-07 00:00	0.80611	0.80841	0.80317	0.80450	58944
2025-11-09 00:00	0.80347	0.80720	0.80347	0.80708	6776
2025-11-10 00:00	0.80708	0.80709	0.80414	0.80516	56560
2025-11-11 00:00	0.80517	0.80612	0.79858	0.80034	66176
2025-11-12 00:00	0.80033	0.80111	0.79671	0.79781	65126
2025-11-13 00:00	0.79781	0.79938	0.79081	0.79324	88935
2025-11-14 00:00	0.79324	0.79478	0.78778	0.79387	93990
2025-11-16 00:00	0.79443	0.79483	0.79276	0.79428	3004
2025-11-17 00:00	0.79427	0.79655	0.79316	0.79625	56640
2025-11-18 00:00	0.79624	0.80032	0.79374	0.80019	68040
2025-11-19 00:00	0.80017	0.80667	0.79853	0.80539	75803
2025-11-20 00:00	0.80539	0.80773	0.80485	0.80553	82880
2025-11-21 00:00	0.80552	0.80984	0.80353	0.80831	87650
2025-11-23 00:00	0.80682	0.80894	0.80682	0.80866	2943
2025-11-24 00:00	0.80866	0.81015	0.80603	0.80851	54199
2025-11-25 00:00	0.80851	0.81016	0.80574	0.80791	72411
2025-11-26 00:00	0.80790	0.80832	0.80340	0.80342	83686
2025-11-27 00:00	0.80342	0.80621	0.80261	0.80456	38284
2025-11-28 00:00	0.80453	0.80710	0.80261	0.80340	195448
2025-11-30 00:00	0.80403	0.80413	0.80315	0.80335	3894
2025-12-01 00:00	0.80334	0.80485	0.79961	0.80476	79679
2025-12-02 00:00	0.80476	0.80528	0.80238	0.80277	56081
2025-12-03 00:00	0.80278	0.80284	0.79905	0.79976	70758
2025-12-04 00:00	0.79974	0.80393	0.79952	0.80373	60502
2025-12-05 00:00	0.80373	0.80548	0.80187	0.80456	63609
2025-12-07 00:00	0.80337	0.80501	0.80282	0.80477	9121
2025-12-08 00:00	0.80479	0.80853	0.80279	0.80664	57683
2025-12-09 00:00	0.80664	0.80822	0.80496	0.80601	64601
2025-12-10 00:00	0.80600	0.80644	0.79913	0.79929	79834
2025-12-11 00:00	0.79929	0.80010	0.79239	0.79462	90879
2025-12-12 00:00	0.79461	0.79645	0.79416	0.79534	75351
2025-12-14 00:00	0.79473	0.79616	0.79473	0.79615	4882
2025-12-15 00:00	0.79614	0.79735	0.79381	0.79620	57899
2025-12-16 00:00	0.79620	0.79708	0.79258	0.79524	88151
2025-12-17 00:00	0.79526	0.79873	0.79350	0.79520	85744
2025-12-18 00:00	0.79519	0.79657	0.79275	0.79407	74006
2025-12-19 00:00	0.79409	0.79621	0.79401	0.79486	65876
2025-12-21 00:00	0.79391	0.79584	0.79331	0.79540	9638
2025-12-22 00:00	0.79539	0.79549	0.79112	0.79150	60619
2025-12-23 00:00	0.79150	0.79153	0.78663	0.78750	72538
2025-12-24 00:00	0.78754	0.78965	0.78612	0.78738	85428
2025-12-25 00:00	0.78738	0.78832	0.78610	0.78811	15614
2025-12-26 00:00	0.78811	0.79030	0.78759	0.78931	81404
2025-12-28 00:00	0.78817	0.78951	0.78783	0.78921	5519
2025-12-29 00:00	0.78917	0.79157	0.78731	0.78881	69676
2025-12-30 00:00	0.78881	0.79237	0.78758	0.79187	53355
2025-12-31 00:00	0.79184	0.79420	0.79157	0.79242	63657
2026-01-01 00:00	0.79136	0.79276	0.79134	0.79196	1218
2026-01-02 00:00	0.79197	0.79409	0.79008	0.79188	55256
2026-01-04 00:00	0.79107	0.79344	0.79051	0.79322	2765
2026-01-05 00:00	0.79323	0.79674	0.79113	0.79219	75358
2026-01-06 00:00	0.79218	0.79591	0.79060	0.79571	73031
2026-01-07 00:00	0.79569	0.79788	0.79437	0.79768	67686
2026-01-08 00:00	0.79768	0.79994	0.79681	0.79900	53270
2026-01-09 00:00	0.79901	0.80173	0.79857	0.80078	69992
2026-01-11 00:00	0.79978	0.80176	0.79978	0.80164	1725
2026-01-12 00:00	0.80162	0.80170	0.79556	0.79725	68665
2026-01-13 00:00	0.79726	0.80156	0.79672	0.80111	70602
2026-01-14 00:00	0.80111	0.80273	0.79833	0.79974	69565
2026-01-15 00:00	0.79975	0.80405	0.79949	0.80335	67313
2026-01-16 00:00	0.80335	0.80391	0.80058	0.80238	77096
2026-01-18 00:00	0.80039	0.80246	0.79795	0.79869	9023
2026-01-19 00:00	0.79869	0.80038	0.79620	0.79791	78998
2026-01-20 00:00	0.79791	0.79842	0.78776	0.78962	142914
2026-01-21 00:00	0.78963	0.79685	0.78895	0.79636	120320
2026-01-22 00:00	0.79636	0.79636	0.78862	0.78905	84369
2026-01-23 00:00	0.78906	0.79142	0.77883	0.77972	100427
2026-01-25 00:00	0.77616	0.77818	0.77412	0.77794	9819
2026-01-26 00:00	0.77793	0.77934	0.77305	0.77730	135074
2026-01-27 00:00	0.77734	0.77838	0.76040	0.76286	161663
2026-01-28 00:00	0.76286	0.77272	0.76281	0.76543	165171
2026-01-29 00:00	0.76544	0.77058	0.76360	0.76436	158557
2026-01-30 00:00	0.76437	0.77320	0.76385	0.77290	187134
2026-02-01 00:00	0.77173	0.77474	0.77173	0.77372	7402
2026-02-02 00:00	0.77373	0.78172	0.77140	0.77901	147905
2026-02-03 00:00	0.77900	0.77909	0.77382	0.77575	104117
2026-02-04 00:00	0.77576	0.77756	0.77454	0.77733	98095
2026-02-05 00:00	0.77732	0.77870	0.77419	0.77773	111998
2026-02-06 00:00	0.77773	0.77858	0.77504	0.77556	66146
2026-02-08 00:00	0.77355	0.77711	0.77355	0.77585	3516
2026-02-09 00:00	0.77584	0.77648	0.76563	0.76701	105022
2026-02-10 00:00	0.76703	0.76880	0.76289	0.76860	90779
2026-02-11 00:00	0.76862	0.77299	0.76481	0.77121	130003
2026-02-12 00:00	0.77118	0.77248	0.76666	0.76947	111139
2026-02-13 00:00	0.76948	0.77181	0.76699	0.76699	83764
2026-02-15 00:00	0.76736	0.76858	0.76713	0.76822	3313
2026-02-16 00:00	0.76824	0.77043	0.76787	0.76967	38355
2026-02-17 00:00	0.76967	0.77397	0.76875	0.77026	74444
2026-02-18 00:00	0.77027	0.77320	0.76994	0.77243	63755
2026-02-19 00:00	0.77247	0.77625	0.77201	0.77540	73942
2026-02-20 00:00	0.77539	0.77719	0.77303	0.77543	103108
2026-02-22 00:00	0.77296	0.77469	0.77165	0.77175	4399
2026-02-23 00:00	0.77176	0.77679	0.77100	0.77425	81579
2026-02-24 00:00	0.77425	0.77657	0.77302	0.77385	70395
2026-02-25 00:00	0.77386	0.77573	0.77183	0.77213	70005
2026-02-26 00:00	0.77213	0.77536	0.77100	0.77320	72204
2026-02-27 00:00	0.77319	0.77388	0.76712	0.76887	83906
2026-03-01 00:00	0.76726	0.76968	0.76722	0.76950	6009
2026-03-02 00:00	0.76952	0.78132	0.76782	0.77873	142165
2026-03-03 00:00	0.77873	0.78784	0.77842	0.78200	173524
2026-03-04 00:00	0.78199	0.78347	0.77845	0.77915	127343
2026-03-05 00:00	0.77916	0.78372	0.77820	0.78085	136979
2026-03-06 00:00	0.78085	0.78272	0.77529	0.77529	132218
2026-03-08 00:00	0.77875	0.78135	0.77859	0.78114	10719
2026-03-09 00:00	0.78116	0.78252	0.77677	0.77795	166318
2026-03-10 00:00	0.77796	0.77931	0.77477	0.77856	134253
2026-03-11 00:00	0.77855	0.78194	0.77651	0.78172	116404
2026-03-12 00:00	0.78173	0.78631	0.78010	0.78537	101617
2026-03-13 00:00	0.78539	0.79166	0.78467	0.79115	101220
2026-03-15 00:00	0.78858	0.79114	0.78820	0.78991	7310
2026-03-16 00:00	0.78990	0.79226	0.78602	0.78813	84842
2026-03-17 00:00	0.78814	0.78999	0.78426	0.78484	75113
2026-03-18 00:00	0.78484	0.79359	0.78456	0.79268	104447
2026-03-19 00:00	0.79269	0.79578	0.78571	0.78890	178555
2026-03-20 00:00	0.78890	0.79052	0.78551	0.78778	108293
2026-03-22 00:00	0.78759	0.78875	0.78662	0.78772	7803
2026-03-23 00:00	0.78773	0.79394	0.78341	0.78659	234499
2026-03-24 00:00	0.78659	0.79245	0.78595	0.78804	159295
2026-03-25 00:00	0.78803	0.79241	0.78696	0.79155	119617
2026-03-26 00:00	0.79155	0.79589	0.79128	0.79473	96840
2026-03-27 00:00	0.79475	0.79931	0.79448	0.79871	96939
2026-03-29 00:00	0.79761	0.80006	0.79586	0.79981	5816
2026-03-30 00:00	0.79980	0.80126	0.79789	0.79989	84039
2026-03-31 00:00	0.79988	0.80420	0.79758	0.79768	131861
2026-04-01 00:00	0.79772	0.79841	0.79046	0.79401	124826
2026-04-02 00:00	0.79404	0.80084	0.79279	0.79864	127400
2026-04-03 00:00	0.79865	0.80170	0.79766	0.79873	59594
2026-04-05 00:00	0.79840	0.80119	0.79798	0.80119	6879
2026-04-06 00:00	0.80120	0.80180	0.79608	0.79812	92915
2026-04-07 00:00	0.79813	0.80108	0.79035	0.79040	119955
2026-04-08 00:00	0.79038	0.79260	0.78690	0.79143	151086
2026-04-09 00:00	0.79142	0.79217	0.78740	0.79087	101980
2026-04-10 00:00	0.79092	0.79136	0.78545	0.78841	94745
2026-04-12 00:00	0.79019	0.79340	0.78969	0.79262	6540
2026-04-13 00:00	0.79260	0.79296	0.78167	0.78319	90210
2026-04-14 00:00	0.78318	0.78378	0.77900	0.78090	94266
2026-04-15 00:00	0.78091	0.78314	0.77983	0.78129	92269
2026-04-16 00:00	0.78128	0.78451	0.77985	0.78318	85563
2026-04-17 00:00	0.78322	0.78400	0.77749	0.78153	104008
2026-04-19 00:00	0.78128	0.78392	0.78073	0.78371	4334
2026-04-20 00:00	0.78372	0.78385	0.77756	0.77852	99253
2026-04-21 00:00	0.77851	0.78258	0.77827	0.78054	107891
2026-04-22 00:00	0.78055	0.78496	0.77916	0.78483	85581
2026-04-23 00:00	0.78483	0.78732	0.78317	0.78624	114131
2026-04-24 00:00	0.78624	0.78764	0.78433	0.78433	93469
2026-04-26 00:00	0.78643	0.78666	0.78480	0.78646	3331
2026-04-27 00:00	0.78646	0.78646	0.78306	0.78528	77392
2026-04-28 00:00	0.78529	0.79110	0.78486	0.78897	99673
2026-04-29 00:00	0.78897	0.79247	0.78825	0.79055	108708
2026-04-30 00:00	0.79054	0.79229	0.78048	0.78163	168869
2026-05-01 00:00	0.78162	0.78299	0.77787	0.78149	109265
2026-05-03 00:00	0.77825	0.78129	0.77825	0.78124	3177
2026-05-04 00:00	0.78125	0.78472	0.77993	0.78402	117782
2026-05-05 00:00	0.78401	0.78478	0.78078	0.78141	97894
2026-05-06 00:00	0.78139	0.78198	0.77710	0.77884	139736
2026-05-07 00:00	0.77888	0.78083	0.77656	0.78046	132422
2026-05-08 00:00	0.78045	0.78090	0.77599	0.77602	87075
2026-05-10 00:00	0.77700	0.77802	0.77643	0.77777	6250
2026-05-11 00:00	0.77776	0.77949	0.77651	0.77819	68330
2026-05-12 00:00	0.77819	0.78230	0.77819	0.78052	90588
2026-05-13 00:00	0.78054	0.78306	0.77998	0.78163	69154
2026-05-14 00:00	0.78163	0.78423	0.78075	0.78422	66332
2026-05-15 00:00	0.78422	0.78731	0.78382	0.78632	83192
2026-05-17 00:00	0.78591	0.78740	0.78585	0.78731	3123
2026-05-18 00:00	0.78732	0.78771	0.78380	0.78445	84008
2026-05-19 00:00	0.78444	0.79059	0.78438	0.78881	84798
2026-05-20 00:00	0.78883	0.79066	0.78570	0.78712	92358
2026-05-21 00:00	0.78710	0.79036	0.78573	0.78652	106571
2026-05-22 00:00	0.78651	0.78757	0.78378	0.78465	73241
2026-05-24 00:00	0.78385	0.78441	0.78176	0.78229	4385
2026-05-25 00:00	0.78232	0.78345	0.78077	0.78323	41269
2026-05-26 00:00	0.78322	0.78641	0.78287	0.78516	63908
2026-05-27 00:00	0.78516	0.78791	0.78429	0.78785	82180
2026-05-28 00:00	0.78786	0.78991	0.78312	0.78379	90012
2026-05-29 00:00	0.78379	0.78469	0.77950	0.78061	93529
2026-05-31 00:00	0.77988	0.78199	0.77988	0.78185	3573
2026-06-01 00:00	0.78185	0.78844	0.78183	0.78631	94238
2026-06-02 00:00	0.78629	0.78842	0.78440	0.78836	72569
2026-06-03 00:00	0.78840	0.79271	0.78731	0.79103	97812
2026-06-04 00:00	0.79103	0.79223	0.78677	0.78915	86876
2026-06-05 00:00	0.78915	0.79675	0.78717	0.79566	111451
2026-06-07 00:00	0.79492	0.79721	0.79476	0.79648	3933
2026-06-08 00:00	0.79650	0.79863	0.79470	0.79817	123088
2026-06-09 00:00	0.79818	0.79934	0.79482	0.79923	115421
2026-06-10 00:00	0.79924	0.80060	0.79647	0.79995	145081
2026-06-11 00:00	0.79994	0.80126	0.79406	0.79506	145294
2026-06-12 00:00	0.79507	0.79755	0.79476	0.79688	119986
2026-06-14 00:00	0.79520	0.79613	0.79307	0.79392	9744
2026-06-15 00:00	0.79393	0.79491	0.79208	0.79448	90793
2026-06-16 00:00	0.79451	0.79595	0.79213	0.79316	84752
2026-06-17 00:00	0.79316	0.80150	0.79097	0.79939	136810
2026-06-18 00:00	0.79938	0.80617	0.79814	0.80490	140121
2026-06-19 00:00	0.80490	0.80915	0.80433	0.80677	98141
2026-06-21 00:00	0.80689	0.80835	0.80685	0.80804	3046
2026-06-22 00:00	0.80801	0.80971	0.80690	0.80879	109987
2026-06-23 00:00	0.80880	0.81061	0.80747	0.80969	105700
2026-06-24 00:00	0.80972	0.81393	0.80960	0.81259	121724
2026-06-25 00:00	0.81258	0.81345	0.80809	0.81065	113391
2026-06-26 00:00	0.81064	0.81115	0.80654	0.80947	104903
2026-06-28 00:00	0.80992	0.81032	0.80975	0.81003	2888
2026-06-29 00:00	0.81004	0.81016	0.80699	0.80777	75640
2026-06-30 00:00	0.80778	0.81011	0.80628	0.80871	102915
2026-07-01 00:00	0.80872	0.81199	0.80777	0.80919	94654
2026-07-02 00:00	0.80919	0.80966	0.80094	0.80439	138591
2026-07-03 00:00	0.80440	0.80466	0.80100	0.80314	97293
2026-07-05 00:00	0.80291	0.80402	0.80279	0.80377	2703
2026-07-06 00:00	0.80378	0.80728	0.80332	0.80508	67814
2026-07-07 00:00	0.80510	0.80906	0.80478	0.80899	72204
2026-07-08 00:00	0.80899	0.81077	0.80634	0.80810	111218
2026-07-09 00:00	0.80809	0.80809	0.80527	0.80654	74652
2026-07-10 00:00	0.80654	0.80892	0.80302	0.80834	88318
2026-07-12 00:00	0.80695	0.81032	0.80688	0.80940	5444
2026-07-13 00:00	0.80940	0.81489	0.80743	0.81438	105948