2011-02-17 00:00	30.867	31.760	30.847	31.630	3590
2011-02-18 00:00	31.620	32.850	31.540	32.620	53898
2011-02-20 00:00	32.730	33.030	32.710	33.020	1993
2011-02-21 00:00	33.030	34.300	32.900	34.030	48110
2011-02-22 00:00	34.030	34.070	32.370	32.990	39352
2011-02-23 00:00	33.000	33.730	32.590	33.640	49415
2011-02-24 00:00	33.650	33.750	31.740	32.500	64431
2011-02-25 00:00	32.510	33.390	32.460	33.340	21866
2011-02-27 00:00	33.530	33.570	33.410	33.430	2598
2011-02-28 00:00	33.440	33.980	33.250	33.890	52675
2011-03-01 00:00	33.890	34.680	33.770	34.550	48316
2011-03-02 00:00	34.560	34.950	34.220	34.550	56696
2011-03-03 00:00	34.560	34.940	34.020	34.480	57566
2011-03-04 00:00	34.470	35.590	34.280	35.570	50097
2011-03-06 00:00	35.890	36.000	35.840	35.930	3475
2011-03-07 00:00	35.940	36.720	35.680	35.760	59906
2011-03-08 00:00	35.750	36.537	35.500	36.030	26356
2011-03-09 00:00	36.025	36.427	35.617	36.003	2574
2011-03-10 00:00	36.006	36.177	34.661	35.328	2404
2011-03-11 00:00	35.326	36.162	34.047	35.903	1612
2011-03-13 00:00	35.949	36.485	35.822	36.288	114
2011-03-14 00:00	36.293	36.426	35.491	35.826	1450
2011-03-15 00:00	35.826	35.841	33.560	34.228	1666
2011-03-16 00:00	34.220	35.058	33.711	33.754	1386
2011-03-17 00:00	33.754	34.644	33.641	34.433	1598
2011-03-18 00:00	34.437	35.396	34.437	35.212	1254
2011-03-20 00:00	35.357	35.762	35.345	35.644	121
2011-03-21 00:00	35.643	36.189	35.593	36.043	1454
2011-03-22 00:00	36.044	36.449	35.746	36.324	1379
2011-03-23 00:00	36.315	37.385	36.134	37.277	1363
2011-03-24 00:00	37.278	38.149	36.833	37.268	1407
2011-03-25 00:00	37.273	37.762	36.853	37.291	1873
2011-03-27 00:00	37.231	37.361	37.016	37.134	161
2011-03-28 00:00	37.133	37.304	36.406	37.093	1731
2011-03-29 00:00	37.093	37.184	36.503	37.013	1580
2011-03-30 00:00	36.994	37.733	36.864	37.384	1517
2011-03-31 00:00	37.374	37.934	37.333	37.623	1531
2011-04-01 00:00	37.623	37.834	37.053	37.757	1594
2011-04-03 00:00	37.782	38.004	37.738	37.974	149
2011-04-04 00:00	37.973	38.724	37.903	38.623	1458
2011-04-05 00:00	38.613	39.284	38.043	39.154	1558
2011-04-06 00:00	39.154	39.754	39.070	39.463	1660
2011-04-07 00:00	39.464	39.674	39.193	39.536	1478
2011-04-08 00:00	39.536	40.932	39.483	40.921	1460
2011-04-10 00:00	40.986	41.204	40.881	41.174	348
2011-04-11 00:00	41.173	41.934	39.746	40.343	9257
2011-04-12 00:00	40.344	40.864	39.703	40.047	12863
2011-04-13 00:00	40.046	40.734	40.033	40.507	11668
2011-04-14 00:00	40.507	42.402	40.423	42.224	9203
2011-04-15 00:00	42.234	42.964	41.792	42.947	2234
2011-04-17 00:00	42.983	43.274	42.978	43.224	1008
2011-04-18 00:00	43.223	43.534	42.173	43.213	2215
2011-04-19 00:00	43.205	44.154	42.733	43.992	1863
2011-04-20 00:00	43.995	45.384	43.850	45.074	2480
2011-04-21 00:00	45.073	46.674	45.063	46.410	6594
2011-04-22 00:00	46.360	47.642	46.141	47.551	709
2011-04-24 00:00	46.646	47.754	46.646	47.703	128
2011-04-25 00:00	47.704	49.774	45.634	46.474	2987
2011-04-26 00:00	46.483	46.744	44.592	46.021	13995
2011-04-27 00:00	46.027	48.744	44.850	48.144	4460
2011-04-28 00:00	48.153	49.524	47.253	48.273	3244
2011-04-29 00:00	48.284	49.193	47.481	47.846	2131
2011-05-01 00:00	47.422	48.119	42.116	43.653	1893
2011-05-02 00:00	43.654	47.354	43.178	44.724	10706
2011-05-03 00:00	44.733	45.564	40.465	41.144	6700
2011-05-04 00:00	41.144	42.304	38.923	39.013	16429
2011-05-05 00:00	39.013	39.557	34.250	34.287	11221
2011-05-06 00:00	34.282	36.424	33.053	35.586	17842
2011-05-08 00:00	35.652	36.017	35.181	35.817	2572
2011-05-09 00:00	35.816	37.964	35.603	37.734	24004
2011-05-10 00:00	37.734	38.823	37.291	38.604	10945
2011-05-11 00:00	38.604	39.484	35.022	35.602	15780
2011-05-12 00:00	35.602	35.907	32.313	34.892	17308
2011-05-13 00:00	34.892	36.455	33.934	35.372	6838
2011-05-15 00:00	35.237	35.392	34.716	35.132	3448
2011-05-16 00:00	35.132	35.357	33.496	33.876	8744
2011-05-17 00:00	33.881	34.374	32.984	34.076	5633
2011-05-18 00:00	34.076	35.543	34.013	35.278	5196
2011-05-19 00:00	35.278	35.759	34.546	35.160	5675
2011-05-20 00:00	35.153	35.577	34.221	35.041	2473
2011-05-22 00:00	35.022	35.413	34.986	35.389	1057
2011-05-23 00:00	35.389	35.389	34.370	34.967	3648
2011-05-24 00:00	34.965	36.710	34.962	36.667	4882
2011-05-25 00:00	36.667	37.974	36.251	37.826	3164
2011-05-26 00:00	37.824	38.838	36.273	37.444	10551
2011-05-27 00:00	37.439	38.193	37.384	37.957	5453
2011-05-29 00:00	37.977	38.248	37.886	38.222	569
2011-05-30 00:00	38.230	38.375	37.782	38.232	9198
2011-05-31 00:00	38.232	38.757	37.945	38.443	2005
2011-06-01 00:00	38.453	38.453	36.371	37.068	2232
2011-06-02 00:00	37.071	37.413	35.579	36.227	2516
2011-06-03 00:00	36.228	36.431	35.094	36.221	2577
2011-06-05 00:00	36.165	36.486	36.095	36.473	135
2011-06-06 00:00	36.473	37.275	36.352	36.805	2304
2011-06-07 00:00	36.805	37.494	36.460	37.114	2218
2011-06-08 00:00	37.114	37.132	36.058	36.713	2439
2011-06-09 00:00	36.713	37.671	36.554	37.596	1733
2011-06-10 00:00	37.599	37.844	36.073	36.143	2211
2011-06-12 00:00	36.172	36.172	35.658	36.043	134
2011-06-13 00:00	36.033	36.289	34.542	34.938	2584
2011-06-14 00:00	34.937	35.590	34.407	35.457	2868
2011-06-15 00:00	35.463	35.954	34.798	35.587	2649
2011-06-16 00:00	35.583	35.770	35.154	35.555	2278
2011-06-17 00:00	35.533	35.895	34.910	35.853	2134
2011-06-19 00:00	35.960	36.128	35.932	35.953	119
2011-06-20 00:00	35.953	36.126	35.251	35.884	2338
2011-06-21 00:00	35.882	36.551	35.670	36.387	2439
2011-06-22 00:00	36.387	36.754	35.880	36.293	2330
2011-06-23 00:00	36.293	36.334	34.670	35.307	3337
2011-06-24 00:00	35.312	35.367	34.133	34.294	2493
2011-06-26 00:00	34.240	34.255	33.843	34.130	132
2011-06-27 00:00	34.127	34.147	33.357	33.777	2204
2011-06-28 00:00	33.779	34.114	33.518	33.837	2049
2011-06-29 00:00	33.843	34.913	33.825	34.842	1888
2011-06-30 00:00	34.834	35.114	34.433	34.732	2054
2011-07-01 00:00	34.724	34.755	33.448	33.851	1897
2011-07-03 00:00	33.850	34.146	33.752	34.096	114
2011-07-04 00:00	34.107	34.169	33.877	34.073	1203
2011-07-05 00:00	34.073	35.656	33.843	35.354	1896
2011-07-06 00:00	35.363	36.243	35.042	35.922	2204
2011-07-07 00:00	35.920	36.614	35.685	36.408	2144
2011-07-08 00:00	36.408	36.841	35.983	36.690	1884
2011-07-10 00:00	36.622	36.723	36.549	36.638	118
2011-07-11 00:00	36.645	36.914	35.513	35.797	2291
2011-07-12 00:00	35.797	36.414	34.785	36.228	2336
2011-07-13 00:00	36.228	38.504	36.023	38.483	2552
2011-07-14 00:00	38.482	39.354	37.973	38.352	3051
2011-07-15 00:00	38.352	39.281	37.859	39.276	2340
2011-07-17 00:00	39.192	39.748	39.192	39.724	143
2011-07-18 00:00	39.723	40.696	39.573	40.543	2418
2011-07-19 00:00	40.538	40.845	38.584	39.224	2471
2011-07-20 00:00	39.225	40.190	38.193	39.893	2746
2011-07-21 00:00	39.894	40.338	38.823	39.348	3072
2011-07-22 00:00	39.348	40.265	38.849	40.063	2299
2011-07-24 00:00	40.346	40.576	40.250	40.409	200
2011-07-25 00:00	40.405	41.054	39.843	40.317	2685
2011-07-26 00:00	40.317	40.944	39.989	40.808	2433
2011-07-27 00:00	40.807	41.432	40.087	40.273	2634
2011-07-28 00:00	40.275	40.558	39.310	39.682	2424
2011-07-29 00:00	39.679	40.372	39.304	39.867	2161
2011-07-31 00:00	39.547	39.745	39.244	39.737	128
2011-08-01 00:00	39.735	40.030	39.020	39.263	2373
2011-08-02 00:00	39.264	40.845	39.263	40.592	2321
2011-08-03 00:00	40.591	42.014	40.543	41.617	2624
2011-08-04 00:00	41.622	42.243	38.459	38.938	3364
2011-08-05 00:00	38.938	39.813	37.512	38.327	2715
2011-08-07 00:00	38.881	39.224	38.280	39.180	165
2011-08-08 00:00	39.183	40.372	38.487	39.204	3061
2011-08-09 00:00	39.197	39.603	36.982	38.463	3204
2011-08-10 00:00	38.460	39.797	37.602	39.402	2362
2011-08-11 00:00	39.442	39.583	37.931	38.695	2626
2011-08-12 00:00	38.687	39.178	38.170	39.055	1887
2011-08-14 00:00	39.037	39.218	38.863	38.930	117
2011-08-15 00:00	38.934	39.946	38.687	39.697	1818
2011-08-16 00:00	39.694	40.128	39.268	39.893	1809
2011-08-17 00:00	39.894	40.574	39.722	40.173	1976
2011-08-18 00:00	40.173	40.899	40.034	40.525	1755
2011-08-19 00:00	40.529	42.887	40.529	42.877	2476
2011-08-21 00:00	43.393	43.902	43.176	43.613	162
2011-08-22 00:00	43.613	44.184	42.464	43.823	2575
2011-08-23 00:00	43.824	43.923	41.479	42.170	2705
2011-08-24 00:00	42.168	42.425	39.054	39.635	2204
2011-08-25 00:00	39.632	41.160	38.733	40.793	2244
2011-08-26 00:00	40.787	41.464	40.089	41.317	1871
2011-08-28 00:00	41.676	41.737	41.224	41.277	152
2011-08-29 00:00	41.279	41.360	40.279	40.842	1628
2011-08-30 00:00	40.835	41.648	40.395	41.267	1644
2011-08-31 00:00	41.264	42.014	41.072	41.633	1826
2011-09-01 00:00	41.585	41.813	41.194	41.562	1536
2011-09-02 00:00	41.560	43.353	41.471	43.229	1586
2011-09-04 00:00	42.956	43.358	42.912	43.230	123
2011-09-05 00:00	43.227	43.312	42.318	42.983	1253
2011-09-06 00:00	42.983	43.243	41.522	42.137	2197
2011-09-07 00:00	42.139	42.203	40.400	41.397	1941
2011-09-08 00:00	41.394	42.642	41.378	42.300	1736
2011-09-09 00:00	42.304	42.688	41.174	41.447	1786
2011-09-11 00:00	41.357	41.467	40.910	41.423	148
2011-09-12 00:00	41.423	41.465	39.678	40.554	1979
2011-09-13 00:00	40.554	41.277	40.010	41.053	1930
2011-09-14 00:00	41.053	41.309	40.250	40.718	1933
2011-09-15 00:00	40.714	40.749	39.310	39.658	1918
2011-09-16 00:00	39.654	40.894	39.377	40.667	1712
2011-09-18 00:00	40.630	40.826	40.565	40.632	120
2011-09-19 00:00	40.638	40.734	38.960	39.569	1844
2011-09-20 00:00	39.584	40.285	39.157	39.769	1794
2011-09-21 00:00	39.760	40.680	39.362	39.634	1887
2011-09-22 00:00	39.636	39.710	35.473	36.228	2438
2011-09-23 00:00	36.228	36.608	29.788	31.098	7040
2011-09-25 00:00	30.650	30.843	28.907	30.545	212
2011-09-26 00:00	30.545	30.904	26.027	30.283	2872
2011-09-27 00:00	30.287	33.509	30.187	31.719	2406
2011-09-28 00:00	31.708	32.823	29.134	29.163	2280
2011-09-29 00:00	29.150	31.484	29.055	30.757	2225
2011-09-30 00:00	30.759	31.274	29.629	29.891	1802
2011-10-02 00:00	29.706	30.562	29.621	30.380	120
2011-10-03 00:00	30.374	31.387	30.024	30.747	1790
2011-10-04 00:00	30.747	31.303	28.639	30.144	2127
2011-10-05 00:00	30.143	30.628	28.413	30.298	2135
2011-10-06 00:00	30.302	32.194	30.228	31.909	1963
2011-10-07 00:00	31.922	32.814	30.693	31.128	1636
2011-10-09 00:00	31.267	31.732	31.147	31.659	120
2011-10-10 00:00	31.664	32.324	31.471	32.138	1966
2011-10-11 00:00	32.130	32.533	31.333	31.988	1850
2011-10-12 00:00	31.992	33.036	31.840	32.638	1826
2011-10-13 00:00	32.634	32.765	31.444	31.754	1748
2011-10-14 00:00	31.754	32.534	31.249	32.159	1697
2011-10-16 00:00	32.179	32.338	32.124	32.258	118
2011-10-17 00:00	32.263	32.644	31.468	31.879	1741
2011-10-18 00:00	31.879	32.325	30.375	31.874	1888
2011-10-19 00:00	31.878	32.120	30.902	31.135	1813
2011-10-20 00:00	31.138	31.350	29.934	30.313	1912
2011-10-21 00:00	30.314	31.504	30.268	31.356	1594
2011-10-23 00:00	31.272	31.482	31.272	31.459	119
2011-10-24 00:00	31.456	32.025	31.200	31.637	1599
2011-10-25 00:00	31.633	33.365	31.342	32.983	1740
2011-10-26 00:00	32.994	33.929	32.945	33.464	1730
2011-10-27 00:00	33.465	35.359	33.142	35.308	1657
2011-10-28 00:00	35.308	35.655	34.711	35.274	1466
2011-10-30 00:00	35.179	35.358	35.119	35.308	113
2011-10-31 00:00	35.312	35.440	34.046	34.174	1611
2011-11-01 00:00	34.184	34.703	32.112	33.142	2094
2011-11-02 00:00	33.142	34.414	33.085	34.007	1704
2011-11-03 00:00	34.007	34.883	33.264	34.218	2117
2011-11-04 00:00	34.223	34.700	33.794	34.095	1697
2011-11-06 00:00	34.000	34.375	33.990	34.221	1846
2011-11-07 00:00	34.221	34.977	33.833	34.932	2162
2011-11-08 00:00	34.927	35.313	34.480	35.012	2067
2011-11-09 00:00	35.003	35.222	33.802	34.108	2427
2011-11-10 00:00	34.110	34.318	33.121	33.819	3003
2011-11-11 00:00	33.823	34.835	33.678	34.677	1602
2011-11-13 00:00	34.720	34.890	34.667	34.802	1604
2011-11-14 00:00	34.804	34.865	33.931	34.300	1891
2011-11-15 00:00	34.297	34.804	33.743	34.387	2286
2011-11-16 00:00	34.394	34.609	33.524	33.689	2172
2011-11-17 00:00	33.703	33.970	31.044	31.717	2571
2011-11-18 00:00	31.720	32.592	30.913	32.341	1812
2011-11-20 00:00	32.210	32.373	32.000	32.144	1289
2011-11-21 00:00	32.150	32.257	30.663	31.450	2604
2011-11-22 00:00	31.450	33.034	31.167	32.647	3295
2011-11-23 00:00	32.646	32.875	31.234	31.749	3025
2011-11-24 00:00	31.744	32.222	31.505	31.624	2016
2011-11-25 00:00	31.623	31.830	30.962	31.120	1434
2011-11-27 00:00	31.580	31.790	31.243	31.534	2947
2011-11-28 00:00	31.542	32.310	31.309	32.064	3229
2011-11-29 00:00	32.064	32.182	31.479	31.907	1898
2011-11-30 00:00	31.915	32.934	31.110	32.707	2199
2011-12-01 00:00	32.699	33.423	32.473	32.805	1802
2011-12-02 00:00	32.803	33.673	32.328	32.559	1703
2011-12-04 00:00	32.680	32.990	32.557	32.853	1491
2011-12-05 00:00	32.857	32.975	31.864	32.086	1984
2011-12-06 00:00	32.081	32.875	31.599	32.579	2605
2011-12-07 00:00	32.579	32.785	32.205	32.497	1954
2011-12-08 00:00	32.487	33.214	31.391	31.665	2068
2011-12-09 00:00	31.662	32.325	31.453	32.172	1598
2011-12-11 00:00	32.190	32.203	32.040	32.116	1062
2011-12-12 00:00	32.117	32.206	30.875	31.226	2150
2011-12-13 00:00	31.226	31.974	30.404	30.719	2196
2011-12-14 00:00	30.727	31.013	28.512	29.004	3537
2011-12-15 00:00	29.003	29.372	28.097	29.313	3362
2011-12-16 00:00	29.314	29.918	29.184	29.712	1790
2011-12-18 00:00	29.710	29.767	29.639	29.684	545
2011-12-19 00:00	29.682	29.710	28.666	28.694	2276
2011-12-20 00:00	28.694	29.597	28.694	29.557	1774
2011-12-21 00:00	29.547	30.191	29.132	29.267	2173
2011-12-22 00:00	29.267	29.683	28.997	29.163	1837
2011-12-23 00:00	29.180	29.448	29.016	29.066	1361
2011-12-26 00:00	29.040	29.164	29.000	29.091	985
2011-12-27 00:00	29.087	29.159	28.610	28.640	1715
2011-12-28 00:00	28.637	28.783	26.852	27.026	3708
2011-12-29 00:00	27.048	27.845	26.155	27.684	3211
2011-12-30 00:00	27.682	28.467	27.278	27.811	1663
2012-01-02 00:00	27.960	28.174	27.890	28.174	753
2012-01-03 00:00	28.170	29.730	28.112	29.603	1865
2012-01-04 00:00	29.611	29.738	28.919	29.163	2252
2012-01-05 00:00	29.157	29.640	28.712	29.232	2151
2012-01-06 00:00	29.227	29.474	28.603	28.725	1774
2012-01-08 00:00	28.680	28.959	28.650	28.867	2382
2012-01-09 00:00	28.864	29.233	28.581	28.984	2907
2012-01-10 00:00	28.985	30.324	28.943	29.925	2162
2012-01-11 00:00	29.924	30.249	29.553	29.952	2745
2012-01-12 00:00	29.950	30.674	29.927	30.153	2462
2012-01-13 00:00	30.153	30.248	29.438	29.728	1558
2012-01-15 00:00	29.630	29.873	29.616	29.785	1099
2012-01-16 00:00	29.785	30.044	29.474	29.931	1767
2012-01-17 00:00	29.931	30.577	29.907	30.102	2076
2012-01-18 00:00	30.098	30.594	29.756	30.462	2207
2012-01-19 00:00	30.457	30.885	30.344	30.589	2036
2012-01-20 00:00	30.591	32.165	30.303	32.159	1870
2012-01-22 00:00	32.080	32.118	31.780	31.785	1262
2012-01-23 00:00	31.785	32.769	31.785	32.425	2156
2012-01-24 00:00	32.423	32.471	31.858	32.121	1913
2012-01-25 00:00	32.118	33.394	31.534	33.061	2227
2012-01-26 00:00	33.058	33.782	32.993	33.384	2228
2012-01-27 00:00	33.391	33.934	33.260	33.894	1844
2012-01-29 00:00	33.850	34.000	33.812	33.889	941
2012-01-30 00:00	33.885	33.904	33.042	33.459	3012
2012-01-31 00:00	33.459	34.104	32.946	33.163	2697
2012-02-01 00:00	33.164	33.994	33.075	33.774	2350
2012-02-02 00:00	33.775	34.386	33.450	34.215	2330
2012-02-03 00:00	34.217	34.393	33.308	33.637	1720
2012-02-05 00:00	33.630	33.672	33.579	33.632	897
2012-02-06 00:00	33.632	33.848	32.982	33.618	1964
2012-02-07 00:00	33.634	34.335	33.149	34.093	1908
2012-02-08 00:00	34.093	34.504	33.651	33.901	1804
2012-02-09 00:00	33.883	34.424	33.664	33.921	2648
2012-02-10 00:00	33.918	34.042	33.157	33.558	1566
2012-02-12 00:00	33.740	33.814	33.613	33.780	863
2012-02-13 00:00	33.779	34.023	33.445	33.547	1958
2012-02-14 00:00	33.547	33.824	33.250	33.544	2042
2012-02-15 00:00	33.538	33.953	33.097	33.406	1985
2012-02-16 00:00	33.404	33.544	32.639	33.467	3131
2012-02-17 00:00	33.474	33.674	33.058	33.272	1548
2012-02-19 00:00	33.430	33.594	33.320	33.587	898
2012-02-20 00:00	33.582	33.664	33.362	33.501	1930
2012-02-21 00:00	33.503	34.437	33.446	34.255	2208
2012-02-22 00:00	34.263	34.493	33.898	34.294	1856
2012-02-23 00:00	34.296	35.604	34.229	35.339	2467
2012-02-24 00:00	35.337	35.713	35.188	35.365	1654
2012-02-26 00:00	35.420	35.492	35.349	35.423	617
2012-02-27 00:00	35.422	35.623	35.053	35.383	1865
2012-02-28 00:00	35.394	37.204	35.312	36.935	2765
2012-02-29 00:00	36.940	37.487	33.740	34.826	2211
2012-03-01 00:00	34.830	35.634	34.396	35.421	2219
2012-03-02 00:00	35.424	35.464	34.344	34.751	1656
2012-03-04 00:00	34.720	34.870	34.620	34.701	4190
2012-03-05 00:00	34.727	34.894	33.512	34.025	2058
2012-03-06 00:00	34.024	34.161	32.459	32.926	2023
2012-03-07 00:00	32.918	33.574	32.710	33.398	2022
2012-03-08 00:00	33.406	34.144	33.319	33.838	1853
2012-03-09 00:00	33.841	34.404	33.114	34.270	2018
2012-03-11 00:00	34.270	34.284	34.210	34.275	62
2012-03-12 00:00	34.284	34.294	33.346	33.647	1653
2012-03-13 00:00	33.649	33.804	32.996	33.343	1898
2012-03-14 00:00	33.353	33.419	31.624	32.193	1939
2012-03-15 00:00	32.193	32.853	31.936	32.479	2059
2012-03-16 00:00	32.480	32.734	32.127	32.490	1728
2012-03-18 00:00	32.550	32.575	32.442	32.575	115
2012-03-19 00:00	32.573	33.068	32.323	32.894	1731
2012-03-20 00:00	32.897	32.924	31.765	32.047	1647
2012-03-21 00:00	32.048	32.394	31.862	32.143	1828
2012-03-22 00:00	32.144	32.342	31.089	31.625	1752
2012-03-23 00:00	31.626	32.284	31.433	32.201	1810
2012-03-25 00:00	32.185	32.398	32.151	32.364	121
2012-03-26 00:00	32.365	32.914	32.013	32.764	1743
2012-03-27 00:00	32.763	33.172	32.473	32.603	1800
2012-03-28 00:00	32.604	32.674	31.776	32.154	1716
2012-03-29 00:00	32.154	32.294	31.633	32.213	1707
2012-03-30 00:00	32.213	32.624	32.138	32.212	1597
2012-04-01 00:00	32.404	32.554	32.389	32.464	118
2012-04-02 00:00	32.464	33.224	32.354	33.019	1580
2012-04-03 00:00	33.024	33.284	32.475	32.615	1539
2012-04-04 00:00	32.612	32.652	30.999	31.364	1611
2012-04-05 00:00	31.360	31.804	31.193	31.690	1414
2012-04-08 00:00	32.024	32.068	31.830	31.863	128
2012-04-09 00:00	31.865	31.907	31.314	31.574	1480
2012-04-10 00:00	31.604	31.916	31.156	31.597	1721
2012-04-11 00:00	31.594	31.817	31.374	31.603	1516
2012-04-12 00:00	31.594	32.573	31.423	32.340	1710
2012-04-13 00:00	32.342	32.424	31.313	31.481	1431
2012-04-15 00:00	31.384	31.493	31.294	31.414	124
2012-04-16 00:00	31.412	31.703	31.190	31.454	1546
2012-04-17 00:00	31.462	31.904	31.325	31.700	1583
2012-04-18 00:00	31.696	31.884	31.354	31.623	1455
2012-04-19 00:00	31.613	32.024	31.309	31.685	1773
2012-04-20 00:00	31.683	31.914	31.554	31.660	1390
2012-04-22 00:00	31.624	31.654	31.533	31.645	116
2012-04-23 00:00	31.646	31.694	30.474	30.784	1559
2012-04-24 00:00	30.784	31.134	30.666	30.804	1659
2012-04-25 00:00	30.798	30.984	29.954	30.687	1626
2012-04-26 00:00	30.689	31.284	30.623	31.072	1520
2012-04-27 00:00	31.069	31.424	30.892	31.250	1321
2012-04-29 00:00	31.240	31.341	31.237	31.338	115
2012-04-30 00:00	31.345	31.392	30.574	31.074	1445
2012-05-01 00:00	31.074	31.334	30.764	31.005	1497
2012-05-02 00:00	31.003	31.018	30.393	30.604	1509
2012-05-03 00:00	30.604	30.644	29.863	30.114	1532
2012-05-04 00:00	30.124	30.459	29.763	30.354	1496
2012-05-06 00:00	30.184	30.206	29.962	30.134	126
2012-05-07 00:00	30.133	30.364	29.674	30.060	1411
2012-05-08 00:00	30.060	30.079	29.129	29.327	1565
2012-05-09 00:00	29.330	29.414	28.624	29.168	1609
2012-05-10 00:00	29.164	29.454	28.947	29.004	1546
2012-05-11 00:00	29.004	29.114	28.444	28.870	1535
2012-05-13 00:00	28.824	28.863	28.766	28.807	119
2012-05-14 00:00	28.809	28.994	28.094	28.211	1479
2012-05-15 00:00	28.214	28.454	27.584	27.658	1561
2012-05-16 00:00	27.657	27.984	26.752	27.325	1932
2012-05-17 00:00	27.329	28.314	27.329	28.093	1944
2012-05-18 00:00	28.094	28.914	27.812	28.701	1746
2012-05-20 00:00	28.696	28.852	28.646	28.724	117
2012-05-21 00:00	28.723	28.843	28.065	28.564	1659
2012-05-22 00:00	28.564	28.794	27.951	28.103	1947
2012-05-23 00:00	28.104	28.104	27.114	27.683	2067
2012-05-24 00:00	27.683	28.544	27.625	28.163	2434
2012-05-25 00:00	28.163	28.596	27.916	28.491	1699
2012-05-27 00:00	28.630	28.735	28.545	28.600	121
2012-05-28 00:00	28.617	28.774	28.307	28.386	1235
2012-05-29 00:00	28.385	28.694	27.685	27.749	1820
2012-05-30 00:00	27.753	28.174	27.386	27.923	1945
2012-05-31 00:00	27.923	28.214	27.541	27.703	1883
2012-06-01 00:00	27.703	28.704	27.213	28.490	1954
2012-06-03 00:00	28.609	28.668	28.344	28.353	122
2012-06-04 00:00	28.353	28.624	27.985	28.304	1551
2012-06-05 00:00	28.304	28.574	28.108	28.503	1783
2012-06-06 00:00	28.505	29.894	28.502	29.455	2061
2012-06-07 00:00	29.453	29.694	28.393	28.668	1925
2012-06-08 00:00	28.674	28.676	27.945	28.470	1675
2012-06-10 00:00	28.897	29.020	28.795	28.931	122
2012-06-11 00:00	28.933	28.984	28.294	28.404	1705
2012-06-12 00:00	28.401	29.044	28.372	28.843	2701
2012-06-13 00:00	28.844	29.110	28.744	28.850	4335
2012-06-14 00:00	28.848	29.098	28.181	28.597	1521
2012-06-15 00:00	28.595	28.842	28.526	28.654	1360
2012-06-17 00:00	29.004	29.034	28.333	28.594	132
2012-06-18 00:00	28.593	28.864	28.277	28.755	1604
2012-06-19 00:00	28.757	28.944	28.324	28.464	1689
2012-06-20 00:00	28.464	28.614	27.700	28.010	1817
2012-06-21 00:00	28.013	28.023	26.853	27.023	1748
2012-06-22 00:00	27.023	27.037	26.582	26.883	1377
2012-06-24 00:00	26.886	26.964	26.625	26.693	120
2012-06-25 00:00	26.695	27.644	26.648	27.486	1648
2012-06-26 00:00	27.489	27.544	26.795	27.048	1559
2012-06-27 00:00	27.053	27.335	26.670	26.924	1580
2012-06-28 00:00	26.924	27.124	26.117	26.324	1724
2012-06-29 00:00	26.323	27.923	26.304	27.471	1974
2012-07-01 00:00	27.517	27.539	27.434	27.524	120
2012-07-02 00:00	27.523	27.620	27.195	27.450	1691
2012-07-03 00:00	27.454	28.448	27.416	28.258	1671
2012-07-04 00:00	28.258	28.338	28.038	28.143	1156
2012-07-05 00:00	28.144	28.387	27.515	27.753	1682
2012-07-06 00:00	27.754	27.804	26.929	27.081	1484
2012-07-08 00:00	27.043	27.043	26.919	26.984	119
2012-07-09 00:00	26.984	27.495	26.943	27.314	1595
2012-07-10 00:00	27.314	27.574	26.737	26.933	1549
2012-07-11 00:00	26.933	27.264	26.814	27.116	1680
2012-07-12 00:00	27.116	27.365	26.463	27.134	1566
2012-07-13 00:00	27.133	27.574	27.083	27.231	1503
2012-07-15 00:00	27.394	27.434	27.314	27.402	120
2012-07-16 00:00	27.403	27.416	26.885	27.323	1654
2012-07-17 00:00	27.323	27.616	26.791	27.313	1653
2012-07-18 00:00	27.312	27.377	26.894	27.154	1602
2012-07-19 00:00	27.153	27.604	27.143	27.294	1623
2012-07-20 00:00	27.284	27.434	26.807	27.283	1685
2012-07-22 00:00	27.200	27.324	27.151	27.223	119
2012-07-23 00:00	27.226	27.246	26.658	27.034	1679
2012-07-24 00:00	27.033	27.175	26.610	26.963	1724
2012-07-25 00:00	26.954	27.559	26.809	27.305	1908
2012-07-26 00:00	27.307	27.824	27.254	27.468	1955
2012-07-27 00:00	27.467	27.855	27.372	27.720	1730
2012-07-29 00:00	27.712	27.784	27.667	27.684	120
2012-07-30 00:00	27.686	28.225	27.553	28.118	1651
2012-07-31 00:00	28.123	28.364	27.909	27.939	1629
2012-08-01 00:00	27.934	28.056	27.109	27.446	1625
2012-08-02 00:00	27.446	27.813	26.969	27.163	1792
2012-08-03 00:00	27.162	27.901	27.020	27.674	1733
2012-08-05 00:00	27.814	27.818	27.704	27.794	134
2012-08-06 00:00	27.783	27.994	27.608	27.855	1627
2012-08-07 00:00	27.853	28.224	27.772	28.031	1739
2012-08-08 00:00	28.031	28.254	27.703	28.034	1666
2012-08-09 00:00	28.023	28.236	27.880	28.104	1496
2012-08-10 00:00	28.104	28.324	27.595	28.018	1467
2012-08-12 00:00	28.123	28.164	28.113	28.138	119
2012-08-13 00:00	28.144	28.187	27.739	27.812	1473
2012-08-14 00:00	27.810	28.019	27.625	27.819	1489
2012-08-15 00:00	27.818	28.003	27.495	27.820	1597
2012-08-16 00:00	27.818	28.294	27.735	28.180	1460
2012-08-17 00:00	28.173	28.329	27.961	27.964	1299
2012-08-19 00:00	28.084	28.174	28.076	28.117	74
2012-08-20 00:00	28.124	28.843	27.929	28.695	1452
2012-08-21 00:00	28.693	29.504	28.663	29.263	1494
2012-08-22 00:00	29.262	29.921	29.213	29.849	1684
2012-08-23 00:00	29.852	30.814	29.823	30.464	1725
2012-08-24 00:00	30.460	30.791	30.225	30.770	1508
2012-08-26 00:00	30.774	30.923	30.760	30.874	113
2012-08-27 00:00	30.884	31.244	30.633	30.770	1533
2012-08-28 00:00	30.772	30.991	30.520	30.827	1682
2012-08-29 00:00	30.827	30.964	30.543	30.696	1680
2012-08-30 00:00	30.696	30.920	30.204	30.389	1989
2012-08-31 00:00	30.391	31.754	30.247	31.629	1717
2012-09-02 00:00	31.660	31.701	31.560	31.593	120
2012-09-03 00:00	31.593	32.296	31.523	32.125	1211
2012-09-04 00:00	32.124	32.424	31.916	32.201	1702
2012-09-05 00:00	32.203	32.364	31.944	32.204	1689
2012-09-06 00:00	32.207	32.984	32.200	32.572	1668
2012-09-07 00:00	32.570	33.724	31.957	33.640	1597
2012-09-09 00:00	33.641	33.666	33.578	33.636	120
2012-09-10 00:00	33.638	33.954	33.244	33.444	1553
2012-09-11 00:00	33.444	33.813	33.343	33.507	1554
2012-09-12 00:00	33.505	34.084	32.463	33.231	1730
2012-09-13 00:00	33.233	34.804	32.673	34.564	1970
2012-09-14 00:00	34.562	34.922	34.276	34.631	1581
2012-09-16 00:00	34.637	34.854	34.581	34.693	130
2012-09-17 00:00	34.694	34.740	33.786	34.198	1507
2012-09-18 00:00	34.195	35.037	33.973	34.669	1715
2012-09-19 00:00	34.667	34.964	34.269	34.629	1534
2012-09-20 00:00	34.627	34.744	34.073	34.615	1575
2012-09-21 00:00	34.624	35.173	34.327	34.407	1631
2012-09-23 00:00	34.471	34.514	34.385	34.430	117
2012-09-24 00:00	34.425	34.435	33.488	34.003	1588
2012-09-25 00:00	34.003	34.484	33.653	33.747	1746
2012-09-26 00:00	33.744	34.044	33.323	33.973	1594
2012-09-27 00:00	33.973	34.744	33.885	34.595	1707
2012-09-28 00:00	34.594	34.855	34.266	34.364	1528
2012-09-30 00:00	34.452	34.456	34.263	34.269	119
2012-10-01 00:00	34.267	35.383	34.160	34.716	1770
2012-10-02 00:00	34.717	35.044	34.369	34.514	1555
2012-10-03 00:00	34.515	34.864	34.455	34.684	1569
2012-10-04 00:00	34.684	35.104	34.631	34.980	1535
2012-10-05 00:00	34.984	35.084	34.136	34.438	1462
2012-10-07 00:00	34.515	34.534	34.383	34.485	120
2012-10-08 00:00	34.483	34.520	33.651	34.093	1414
2012-10-09 00:00	34.094	34.209	33.535	33.785	1465
2012-10-10 00:00	33.783	34.144	33.705	33.913	1505
2012-10-11 00:00	33.914	34.321	33.774	34.061	1481
2012-10-12 00:00	34.057	34.116	33.378	33.380	1338
2012-10-14 00:00	33.413	33.416	32.967	33.105	129
2012-10-15 00:00	33.105	33.344	32.533	32.681	1584
2012-10-16 00:00	32.684	33.111	32.664	33.083	1500
2012-10-17 00:00	33.074	33.254	32.853	33.106	1412
2012-10-18 00:00	33.104	33.274	32.675	32.814	1420
2012-10-19 00:00	32.818	32.879	31.914	31.973	1362
2012-10-21 00:00	31.945	31.962	31.694	31.844	120
2012-10-22 00:00	31.853	32.454	31.843	32.373	1543
2012-10-23 00:00	32.367	32.413	31.547	31.783	1495
2012-10-24 00:00	31.783	32.025	31.510	31.836	1455
2012-10-25 00:00	31.836	32.234	31.801	32.154	1559
2012-10-26 00:00	32.154	32.343	31.584	32.001	1459
2012-10-28 00:00	32.081	32.087	31.936	32.034	119
2012-10-29 00:00	32.033	32.195	31.664	31.794	1383
2012-10-30 00:00	31.793	32.115	31.714	31.863	1381
2012-10-31 00:00	31.864	32.404	31.813	32.270	1477
2012-11-01 00:00	32.268	32.653	32.167	32.304	1449
2012-11-02 00:00	32.303	32.334	30.802	30.845	1451
2012-11-04 00:00	30.897	31.056	30.844	31.045	788
2012-11-05 00:00	31.045	31.229	30.649	31.174	1964
2012-11-06 00:00	31.174	32.264	31.061	31.874	2083
2012-11-07 00:00	31.874	32.394	31.213	31.813	2000
2012-11-08 00:00	31.807	32.434	31.631	32.314	1922
2012-11-09 00:00	32.313	32.783	32.061	32.589	1500
2012-11-11 00:00	32.648	32.742	32.557	32.666	830
2012-11-12 00:00	32.665	32.734	32.188	32.321	1631
2012-11-13 00:00	32.324	32.825	32.113	32.497	2042
2012-11-14 00:00	32.495	32.924	32.366	32.599	1766
2012-11-15 00:00	32.603	32.773	32.154	32.606	1865
2012-11-16 00:00	32.604	32.634	32.024	32.309	1398
2012-11-18 00:00	32.320	32.433	32.285	32.408	689
2012-11-19 00:00	32.405	33.213	32.314	33.058	1928
2012-11-20 00:00	33.061	33.236	32.864	33.120	1551
2012-11-21 00:00	33.117	33.439	32.835	33.386	2049
2012-11-22 00:00	33.384	33.439	33.264	33.337	1598
2012-11-23 00:00	33.339	34.154	33.238	34.016	1212
2012-11-25 00:00	34.061	34.092	33.990	34.005	692
2012-11-26 00:00	34.007	34.216	33.884	34.165	2017
2012-11-27 00:00	34.168	34.267	33.864	33.980	1612
2012-11-28 00:00	33.983	34.045	32.904	33.757	1864
2012-11-29 00:00	33.760	34.394	33.524	34.193	1910
2012-11-30 00:00	34.193	34.334	33.131	33.399	1433
2012-12-02 00:00	33.455	33.540	33.391	33.524	578
2012-12-03 00:00	33.524	33.846	33.392	33.604	1649
2012-12-04 00:00	33.603	33.623	32.674	32.847	2039
2012-12-05 00:00	32.845	33.224	32.514	32.809	1875
2012-12-06 00:00	32.814	33.254	32.525	32.973	1810
2012-12-07 00:00	32.975	33.256	32.606	33.054	1647
2012-12-09 00:00	33.057	33.124	33.014	33.074	519
2012-12-10 00:00	33.068	33.415	33.065	33.218	1602
2012-12-11 00:00	33.217	33.227	32.754	32.947	1682
2012-12-12 00:00	32.946	33.790	32.914	33.329	2087
2012-12-13 00:00	33.328	33.345	32.205	32.538	1906
2012-12-14 00:00	32.539	32.714	32.174	32.250	1388
2012-12-16 00:00	32.379	32.394	32.280	32.296	690
2012-12-17 00:00	32.294	32.404	32.006	32.244	1508
2012-12-18 00:00	32.244	32.524	31.339	31.743	1899
2012-12-19 00:00	31.740	31.794	30.963	31.047	1718
2012-12-20 00:00	31.047	31.219	29.585	29.959	1822
2012-12-21 00:00	29.961	30.274	29.611	29.987	1402
2012-12-23 00:00	29.998	30.108	29.950	30.063	902
2012-12-24 00:00	30.067	30.339	29.813	29.890	1112
2012-12-25 00:00	29.894	29.994	29.863	29.864	60
2012-12-26 00:00	29.863	30.204	29.795	30.023	1447
2012-12-27 00:00	30.023	30.478	29.681	30.138	1974
2012-12-28 00:00	30.138	30.318	29.863	29.994	1309
2012-12-30 00:00	30.035	30.066	30.021	30.056	199
2012-12-31 00:00	30.058	30.444	29.881	30.331	1331
2013-01-01 00:00	30.290	30.337	30.178	30.203	719
2013-01-02 00:00	30.197	31.490	30.193	31.033	1614
2013-01-03 00:00	31.042	31.183	29.981	30.102	1808
2013-01-04 00:00	30.100	30.264	29.208	30.205	1646
2013-01-06 00:00	30.220	30.243	30.138	30.170	930
2013-01-07 00:00	30.170	30.445	29.849	30.234	1841
2013-01-08 00:00	30.234	30.548	30.067	30.445	1919
2013-01-09 00:00	30.451	30.560	30.053	30.336	2270
2013-01-10 00:00	30.334	30.933	30.238	30.821	2492
2013-01-11 00:00	30.818	30.852	30.156	30.450	1428
2013-01-13 00:00	30.446	30.452	30.371	30.403	450
2013-01-14 00:00	30.403	31.148	30.373	31.061	2372
2013-01-15 00:00	31.057	31.570	30.949	31.405	2265
2013-01-16 00:00	31.404	31.551	31.072	31.459	2001
2013-01-17 00:00	31.462	31.913	31.041	31.705	2151
2013-01-18 00:00	31.704	32.129	31.653	31.848	1605
2013-01-20 00:00	31.912	31.989	31.863	31.975	254
2013-01-21 00:00	31.977	32.095	31.846	31.996	1371
2013-01-22 00:00	31.993	32.350	31.803	32.178	1820
2013-01-23 00:00	32.178	32.464	32.084	32.202	1779
2013-01-24 00:00	32.202	32.212	31.589	31.637	1846
2013-01-25 00:00	31.642	31.776	31.113	31.168	1466
2013-01-27 00:00	31.199	31.235	31.148	31.227	392
2013-01-28 00:00	31.224	31.301	30.726	30.921	1716
2013-01-29 00:00	30.915	31.454	30.904	31.376	1820
2013-01-30 00:00	31.376	32.234	31.239	32.004	2160
2013-01-31 00:00	32.004	32.109	31.102	31.444	1958
2013-02-01 00:00	31.445	32.144	31.285	31.822	1690
2013-02-03 00:00	31.866	31.868	31.763	31.813	666
2013-02-04 00:00	31.811	31.914	31.371	31.754	1765
2013-02-05 00:00	31.753	32.104	31.602	31.874	1948
2013-02-06 00:00	31.871	31.884	31.591	31.864	2023
2013-02-07 00:00	31.863	31.913	31.280	31.480	1959
2013-02-08 00:00	31.479	31.680	31.312	31.398	1498
2013-02-10 00:00	31.408	31.444	31.393	31.414	257
2013-02-11 00:00	31.414	31.523	30.813	30.924	1822
2013-02-12 00:00	30.924	31.188	30.567	31.141	1868
2013-02-13 00:00	31.141	31.214	30.729	30.814	1839
2013-02-14 00:00	30.812	31.059	30.225	30.424	1964
2013-02-15 00:00	30.423	30.464	29.680	29.782	1677
2013-02-17 00:00	29.849	29.889	29.789	29.873	880
2013-02-18 00:00	29.869	30.159	29.864	30.064	1617
2013-02-19 00:00	30.064	30.134	29.215	29.437	2127
2013-02-20 00:00	29.438	29.636	28.270	28.723	2253
2013-02-21 00:00	28.721	28.894	28.311	28.719	2004
2013-02-22 00:00	28.717	28.919	28.362	28.705	1501
2013-02-24 00:00	28.794	28.795	28.684	28.692	594
2013-02-25 00:00	28.690	29.244	28.564	29.053	2106
2013-02-26 00:00	29.053	29.458	28.582	29.354	2160
2013-02-27 00:00	29.354	29.386	28.841	28.999	1671
2013-02-28 00:00	28.997	29.170	28.387	28.557	2306
2013-03-01 00:00	28.557	28.782	27.938	28.586	1840
2013-03-03 00:00	28.712	28.765	28.625	28.644	1424
2013-03-04 00:00	28.638	28.804	28.425	28.602	1630
2013-03-05 00:00	28.599	29.084	28.515	28.763	2003
2013-03-06 00:00	28.764	29.074	28.534	28.944	2303
2013-03-07 00:00	28.941	29.078	28.740	28.894	1914
2013-03-08 00:00	28.894	29.255	28.332	28.967	1717
2013-03-10 00:00	28.956	28.976	28.913	28.944	933
2013-03-11 00:00	28.943	29.094	28.712	29.012	1541
2013-03-12 00:00	29.008	29.354	28.879	29.163	1712
2013-03-13 00:00	29.164	29.276	28.848	28.907	1614
2013-03-14 00:00	28.908	28.964	28.545	28.807	1516
2013-03-15 00:00	28.811	29.024	28.694	28.696	1470
2013-03-17 00:00	28.801	29.124	28.797	29.014	122
2013-03-18 00:00	29.017	29.056	28.604	28.951	1673
2013-03-19 00:00	28.952	29.099	28.646	28.918	1716
2013-03-20 00:00	28.923	29.004	28.413	28.792	1473
2013-03-21 00:00	28.801	29.334	28.712	29.144	1500
2013-03-22 00:00	29.144	29.184	28.524	28.640	1371
2013-03-24 00:00	28.720	28.766	28.613	28.666	119
2013-03-25 00:00	28.665	28.904	28.486	28.863	1509
2013-03-26 00:00	28.863	28.863	28.626	28.783	1417
2013-03-27 00:00	28.783	28.806	28.113	28.677	1482
2013-03-28 00:00	28.677	28.834	28.201	28.322	1332
2013-03-31 00:00	28.253	28.370	28.166	28.283	120
2013-04-01 00:00	28.278	28.356	27.858	28.110	1488
2013-04-02 00:00	28.113	28.175	27.192	27.248	1545
2013-04-03 00:00	27.250	27.353	26.725	26.934	1640
2013-04-04 00:00	26.934	27.054	26.627	26.865	1643
2013-04-05 00:00	26.865	27.344	26.778	27.237	1550
2013-04-07 00:00	27.346	27.442	27.293	27.302	118
2013-04-08 00:00	27.303	27.364	27.134	27.244	1408
2013-04-09 00:00	27.243	28.074	27.196	27.942	1501
2013-04-10 00:00	27.943	28.020	27.404	27.485	1581
2013-04-11 00:00	27.481	27.844	27.416	27.654	1673
2013-04-12 00:00	27.663	27.700	25.876	25.918	1857
2013-04-14 00:00	25.985	26.084	25.833	25.976	140
2013-04-15 00:00	25.976	26.092	22.563	22.712	2936
2013-04-16 00:00	22.712	23.971	22.023	23.470	2701
2013-04-17 00:00	23.461	23.733	22.856	23.247	2218
2013-04-18 00:00	23.245	23.674	22.450	23.325	2178
2013-04-19 00:00	23.329	23.843	22.903	23.228	1613
2013-04-21 00:00	23.354	23.354	23.214	23.264	119
2013-04-22 00:00	23.264	23.694	23.119	23.274	1679
2013-04-23 00:00	23.274	23.453	22.604	22.926	1700
2013-04-24 00:00	22.929	23.363	22.855	23.166	1729
2013-04-25 00:00	23.164	24.484	23.068	24.454	1801
2013-04-26 00:00	24.454	24.824	23.627	23.932	1806
2013-04-28 00:00	24.066	24.123	23.953	24.026	119
2013-04-29 00:00	24.030	24.584	24.000	24.434	1640
2013-04-30 00:00	24.434	24.532	24.033	24.323	1564
2013-05-01 00:00	24.324	24.355	23.245	23.663	1680
2013-05-02 00:00	23.664	24.204	23.395	23.765	1759
2013-05-03 00:00	23.767	24.384	23.427	24.032	1632
2013-05-05 00:00	24.153	24.154	24.044	24.114	118
2013-05-06 00:00	24.111	24.423	23.843	23.961	1526
2013-05-07 00:00	23.955	24.004	23.434	23.851	1668
2013-05-08 00:00	23.853	24.084	23.674	23.900	1673
2013-05-09 00:00	23.900	24.174	23.523	23.610	1584
2013-05-10 00:00	23.605	23.904	23.164	23.793	1541
2013-05-12 00:00	23.779	23.851	23.678	23.701	109
2013-05-13 00:00	23.701	23.824	23.492	23.674	1665
2013-05-14 00:00	23.674	23.785	23.117	23.469	1576
2013-05-15 00:00	23.466	23.467	22.493	22.623	1678
2013-05-16 00:00	22.622	22.814	22.104	22.663	1856
2013-05-17 00:00	22.669	22.787	22.154	22.166	1601
2013-05-19 00:00	21.064	21.574	20.817	21.469	125
2013-05-20 00:00	21.472	23.094	21.178	22.683	1774
2013-05-21 00:00	22.683	22.927	22.064	22.475	1895
2013-05-22 00:00	22.474	23.334	22.149	22.201	1925
2013-05-23 00:00	22.198	22.686	21.965	22.494	1926
2013-05-24 00:00	22.493	22.644	22.222	22.222	1384
2013-05-26 00:00	22.302	22.433	22.302	22.389	105
2013-05-27 00:00	22.385	22.754	22.325	22.630	1161
2013-05-28 00:00	22.629	22.642	22.162	22.321	1642
2013-05-29 00:00	22.324	22.524	22.178	22.514	1514
2013-05-30 00:00	22.514	23.104	22.364	22.814	1743
2013-05-31 00:00	22.816	22.907	22.067	22.078	1418
2013-06-02 00:00	22.255	22.440	22.242	22.420	105
2013-06-03 00:00	22.418	22.945	22.318	22.699	1495
2013-06-04 00:00	22.696	22.780	22.278	22.533	1641
2013-06-05 00:00	22.533	22.754	22.345	22.494	1642
2013-06-06 00:00	22.491	22.894	22.317	22.583	1620
2013-06-07 00:00	22.574	22.814	21.566	21.573	1636
2013-06-09 00:00	21.620	21.786	21.435	21.735	133
2013-06-10 00:00	21.731	22.081	21.403	21.880	1567
2013-06-11 00:00	21.882	21.936	21.476	21.701	1604
2013-06-12 00:00	21.705	22.021	21.635	21.697	1543
2013-06-13 00:00	21.695	21.983	21.567	21.820	1527
2013-06-14 00:00	21.821	22.534	21.687	22.009	1462
2013-06-16 00:00	22.121	22.121	22.003	22.043	117
2013-06-17 00:00	22.041	22.054	21.666	21.884	1367
2013-06-18 00:00	21.884	21.947	21.520	21.695	1476
2013-06-19 00:00	21.694	21.825	21.178	21.190	1497
2013-06-20 00:00	21.187	21.297	19.604	19.614	1896
2013-06-21 00:00	19.614	20.134	19.383	20.056	1590
2013-06-23 00:00	20.115	20.221	20.060	20.193	122
2013-06-24 00:00	20.193	20.198	19.452	19.695	1592
2013-06-25 00:00	19.695	19.850	19.463	19.554	1502
2013-06-26 00:00	19.554	19.632	18.426	18.583	1821
2013-06-27 00:00	18.587	18.982	18.380	18.569	1726
2013-06-28 00:00	18.570	19.677	18.194	19.672	1743
2013-06-30 00:00	19.610	20.095	19.595	19.902	125
2013-07-01 00:00	19.907	19.927	19.379	19.653	1569
2013-07-02 00:00	19.653	19.815	19.254	19.424	1494
2013-07-03 00:00	19.425	19.910	19.345	19.807	1573
2013-07-04 00:00	19.805	19.843	19.415	19.543	1266
2013-07-05 00:00	19.542	19.609	18.693	18.880	1347
2013-07-07 00:00	18.938	19.112	18.831	18.864	146
2013-07-08 00:00	18.868	19.291	18.706	18.997	1383
2013-07-09 00:00	18.997	19.503	18.985	19.220	1451
2013-07-10 00:00	19.220	19.927	19.012	19.769	1463
2013-07-11 00:00	19.769	20.266	19.641	20.097	1635
2013-07-12 00:00	20.097	20.209	19.638	19.918	1292
2013-07-14 00:00	19.882	20.153	19.882	20.029	128
2013-07-15 00:00	20.029	20.134	19.599	19.884	1420
2013-07-16 00:00	19.881	20.054	19.681	19.958	1387
2013-07-17 00:00	19.957	20.153	19.270	19.375	1587
2013-07-18 00:00	19.376	19.569	19.240	19.398	1429
2013-07-19 00:00	19.399	19.613	19.311	19.477	1255
2013-07-21 00:00	19.536	19.922	19.526	19.833	129
2013-07-22 00:00	19.833	20.594	19.669	20.479	1523
2013-07-23 00:00	20.479	20.562	20.099	20.410	1406
2013-07-24 00:00	20.412	20.493	19.996	20.111	1454
2013-07-25 00:00	20.111	20.335	19.781	20.311	1430
2013-07-26 00:00	20.311	20.315	19.650	19.990	1313
2013-07-28 00:00	19.971	20.026	19.901	19.914	116
2013-07-29 00:00	19.915	20.219	19.694	19.797	1388
2013-07-30 00:00	19.798	19.896	19.529	19.766	1336
2013-07-31 00:00	19.766	20.116	19.389	19.815	1549
2013-08-01 00:00	19.815	19.978	19.529	19.597	1438
2013-08-02 00:00	19.597	20.278	19.208	19.872	1375
2013-08-04 00:00	19.839	19.929	19.833	19.867	103
2013-08-05 00:00	19.868	20.008	19.561	19.710	1338
2013-08-06 00:00	19.712	19.797	19.471	19.509	1398
2013-08-07 00:00	19.508	19.620	19.142	19.544	1375
2013-08-08 00:00	19.542	20.328	19.520	20.232	1505
2013-08-09 00:00	20.227	20.570	20.084	20.531	1327
2013-08-11 00:00	20.708	21.001	20.665	20.828	131
2013-08-12 00:00	20.828	21.457	20.644	21.290	1587
2013-08-13 00:00	21.287	21.756	21.128	21.408	1682
2013-08-14 00:00	21.408	21.960	21.271	21.910	1709
2013-08-15 00:00	21.910	23.183	21.715	22.895	1973
2013-08-16 00:00	22.895	23.397	22.763	23.185	2094
2013-08-18 00:00	23.254	23.319	23.186	23.274	126
2013-08-19 00:00	23.276	23.600	22.979	23.160	1665
2013-08-20 00:00	23.160	23.303	22.280	22.988	1734
2013-08-21 00:00	22.988	23.343	22.517	22.564	1661
2013-08-22 00:00	22.564	23.321	22.450	23.082	1548
2013-08-23 00:00	23.082	24.095	22.881	23.995	1686
2013-08-25 00:00	24.029	24.276	23.783	23.946	130
2013-08-26 00:00	23.946	24.408	23.890	24.251	1583
2013-08-27 00:00	24.250	24.691	23.968	24.535	1682
2013-08-28 00:00	24.535	25.096	24.237	24.369	1760
2013-08-29 00:00	24.369	24.409	23.650	23.716	1881
2013-08-30 00:00	23.717	23.993	23.364	23.449	1490
2013-09-01 00:00	23.390	23.413	23.219	23.291	51
2013-09-02 00:00	23.291	24.356	23.259	24.167	4883
2013-09-03 00:00	24.167	24.471	23.975	24.289	1985
2013-09-04 00:00	24.289	24.376	23.335	23.496	1586
2013-09-05 00:00	23.497	23.634	23.004	23.184	1701
2013-09-06 00:00	23.184	23.922	23.003	23.695	1636
2013-09-08 00:00	23.806	24.112	23.788	23.880	111
2013-09-09 00:00	23.878	23.923	23.400	23.702	1477
2013-09-10 00:00	23.704	23.713	22.800	23.047	1524
2013-09-11 00:00	23.047	23.207	22.754	23.124	1467
2013-09-12 00:00	23.124	23.148	21.729	21.970	1584
2013-09-13 00:00	21.970	22.227	21.381	22.089	1565
2013-09-15 00:00	22.415	22.415	22.153	22.250	123
2013-09-16 00:00	22.250	22.255	21.650	21.786	1554
2013-09-17 00:00	21.784	22.090	21.614	21.694	1514
2013-09-18 00:00	21.694	23.207	21.197	22.959	1638
2013-09-19 00:00	22.959	23.398	22.805	23.019	1543
2013-09-20 00:00	23.016	23.028	21.649	21.652	1433
2013-09-22 00:00	21.795	21.921	21.703	21.913	123
2013-09-23 00:00	21.913	21.913	21.270	21.744	1607
2013-09-24 00:00	21.743	21.988	21.300	21.726	1671
2013-09-25 00:00	21.726	21.919	21.459	21.773	1472
2013-09-26 00:00	21.773	22.077	21.624	21.705	1456
2013-09-27 00:00	21.703	22.095	21.401	21.632	1450
2013-09-29 00:00	21.862	22.058	21.662	21.797	121
2013-09-30 00:00	21.797	22.035	21.406	21.683	1379
2013-10-01 00:00	21.683	21.930	20.603	21.117	1528
2013-10-02 00:00	21.118	21.997	20.946	21.694	1531
2013-10-03 00:00	21.694	21.824	21.388	21.665	1444
2013-10-04 00:00	21.667	21.866	21.470	21.583	1315
2013-10-06 00:00	21.715	21.848	21.715	21.776	105
2013-10-07 00:00	21.775	22.436	21.613	22.288	1401
2013-10-08 00:00	22.288	22.467	22.097	22.334	1478
2013-10-09 00:00	22.336	22.372	21.748	21.814	1514
2013-10-10 00:00	21.814	22.195	21.518	21.685	1477
2013-10-11 00:00	21.687	21.828	20.939	21.214	1457
2013-10-13 00:00	21.364	21.441	21.283	21.301	114
2013-10-14 00:00	21.298	21.652	21.065	21.276	4087
2013-10-15 00:00	21.273	21.500	20.496	21.147	1960
2013-10-16 00:00	21.148	21.414	21.103	21.319	1575
2013-10-17 00:00	21.319	22.153	21.080	21.797	1620
2013-10-18 00:00	21.795	22.021	21.717	21.837	1284
2013-10-20 00:00	21.883	21.985	21.814	21.913	113
2013-10-21 00:00	21.915	22.298	21.852	22.185	1394
2013-10-22 00:00	22.184	22.801	21.962	22.705	1460
2013-10-23 00:00	22.706	22.789	22.474	22.543	1391
2013-10-24 00:00	22.543	22.854	22.542	22.717	1366
2013-10-25 00:00	22.715	22.719	22.231	22.453	1347
2013-10-27 00:00	22.591	22.610	22.515	22.530	112
2013-10-28 00:00	22.530	22.684	22.351	22.482	1416
2013-10-29 00:00	22.481	22.596	22.274	22.453	1440
2013-10-30 00:00	22.453	23.065	22.363	22.539	1530
2013-10-31 00:00	22.539	22.595	21.732	21.891	1552
2013-11-01 00:00	21.891	21.978	21.693	21.773	1388
2013-11-03 00:00	21.854	21.875	21.806	21.827	670
2013-11-04 00:00	21.828	21.916	21.575	21.647	1557
2013-11-05 00:00	21.647	21.771	21.545	21.678	1476
2013-11-06 00:00	21.679	22.047	21.600	21.787	1409
2013-11-07 00:00	21.785	21.994	21.371	21.681	1663
2013-11-08 00:00	21.684	21.888	21.249	21.488	1363
2013-11-10 00:00	21.421	21.438	21.381	21.393	440
2013-11-11 00:00	21.390	21.445	21.235	21.327	1446
2013-11-12 00:00	21.328	21.330	20.568	20.687	2017
2013-11-13 00:00	20.685	20.861	20.425	20.704	1786
2013-11-14 00:00	20.704	20.889	20.628	20.732	1572
2013-11-15 00:00	20.730	20.823	20.560	20.779	1325
2013-11-17 00:00	20.795	20.808	20.755	20.760	361
2013-11-18 00:00	20.759	20.767	20.296	20.371	1525
2013-11-19 00:00	20.373	20.490	20.205	20.386	1721
2013-11-20 00:00	20.386	20.490	19.770	19.895	2002
2013-11-21 00:00	19.894	20.047	19.710	19.989	1524
2013-11-22 00:00	19.988	20.044	19.813	19.830	1280
2013-11-24 00:00	19.808	19.893	19.693	19.694	1050
2013-11-25 00:00	19.695	20.298	19.571	20.223	1655
2013-11-26 00:00	20.221	20.241	19.791	19.878	1529
2013-11-27 00:00	19.878	20.098	19.609	19.680	1711
2013-11-28 00:00	19.679	19.779	19.621	19.721	1117
2013-11-29 00:00	19.720	20.066	19.669	19.978	1096
2013-12-01 00:00	19.927	19.941	19.889	19.900	512
2013-12-02 00:00	19.901	19.910	19.100	19.224	1859
2013-12-03 00:00	19.223	19.322	18.963	19.136	1507
2013-12-04 00:00	19.135	19.872	18.783	19.579	1865
2013-12-05 00:00	19.578	19.715	19.226	19.390	1520
2013-12-06 00:00	19.392	19.771	19.172	19.479	1377
2013-12-08 00:00	19.568	19.623	19.536	19.537	443
2013-12-09 00:00	19.536	19.976	19.433	19.779	1445
2013-12-10 00:00	19.778	20.413	19.737	20.370	1617
2013-12-11 00:00	20.368	20.470	20.213	20.300	1454
2013-12-12 00:00	20.297	20.334	19.413	19.520	1940
2013-12-13 00:00	19.520	19.736	19.284	19.672	1300
2013-12-15 00:00	19.669	19.680	19.606	19.608	470
2013-12-16 00:00	19.605	20.286	19.444	19.970	1719
2013-12-17 00:00	19.971	20.223	19.676	19.934	1575
2013-12-18 00:00	19.942	20.257	19.624	19.732	1759
2013-12-19 00:00	19.728	19.898	18.938	19.232	1590
2013-12-20 00:00	19.234	19.516	19.132	19.356	1282
2013-12-22 00:00	19.423	19.452	19.406	19.421	351
2013-12-23 00:00	19.418	19.518	19.271	19.419	1435
2013-12-24 00:00	19.420	19.554	19.305	19.453	1028
2013-12-26 00:00	19.453	20.029	19.441	19.768	1489
2013-12-27 00:00	19.772	20.101	19.744	20.053	1283
2013-12-29 00:00	20.125	20.185	20.114	20.121	574
2013-12-30 00:00	20.119	20.144	19.442	19.644	1747
2013-12-31 00:00	19.642	19.798	18.706	19.426	1276
2014-01-01 00:00	19.506	19.537	19.479	19.526	44
2014-01-02 00:00	19.525	20.411	19.444	19.995	1763
2014-01-03 00:00	19.995	20.304	19.976	20.130	1398
2014-01-05 00:00	20.173	20.188	20.058	20.122	1106
2014-01-06 00:00	20.122	20.348	19.938	20.170	4776
2014-01-07 00:00	20.171	20.258	19.620	19.799	1700
2014-01-08 00:00	19.801	19.815	19.308	19.512	1602
2014-01-09 00:00	19.511	19.703	19.394	19.573	1444
2014-01-10 00:00	19.572	20.234	19.537	20.136	1390
2014-01-12 00:00	20.226	20.264	20.164	20.202	743
2014-01-13 00:00	20.200	20.446	19.945	20.389	1692
2014-01-14 00:00	20.387	20.598	20.125	20.207	1488
2014-01-15 00:00	20.203	20.231	19.923	20.183	1472
2014-01-16 00:00	20.183	20.214	19.959	20.083	1378
2014-01-17 00:00	20.083	20.410	19.954	20.279	1290
2014-01-19 00:00	20.361	20.422	20.319	20.321	892
2014-01-20 00:00	20.319	20.382	20.263	20.303	1338
2014-01-21 00:00	20.300	20.303	19.675	19.894	1559
2014-01-22 00:00	19.895	19.929	19.734	19.765	1387
2014-01-23 00:00	19.762	20.290	19.635	20.033	1617
2014-01-24 00:00	20.036	20.274	19.704	19.866	1309
2014-01-26 00:00	19.925	20.085	19.921	20.007	1216
2014-01-27 00:00	20.005	20.029	19.544	19.702	1512
2014-01-28 00:00	19.698	19.827	19.453	19.533	1693
2014-01-29 00:00	19.532	19.950	19.477	19.681	1533
2014-01-30 00:00	19.680	19.700	18.973	19.182	1804
2014-01-31 00:00	19.183	19.454	19.066	19.148	1256
2014-02-02 00:00	19.137	19.147	19.064	19.092	776
2014-02-03 00:00	19.090	19.615	19.064	19.374	1653
2014-02-04 00:00	19.375	19.510	19.260	19.470	1436
2014-02-05 00:00	19.472	20.275	19.437	19.922	1526
2014-02-06 00:00	19.926	20.163	19.834	19.915	1427
2014-02-07 00:00	19.917	20.074	19.754	20.002	1290
2014-02-09 00:00	20.060	20.078	20.017	20.029	493
2014-02-10 00:00	20.022	20.279	19.960	20.063	1456
2014-02-11 00:00	20.061	20.272	19.916	20.159	1683
2014-02-12 00:00	20.157	20.385	20.078	20.224	1512
2014-02-13 00:00	20.225	20.509	20.122	20.454	1459
2014-02-14 00:00	20.455	21.473	20.429	21.456	1435
2014-02-16 00:00	21.533	21.718	21.487	21.666	937
2014-02-17 00:00	21.665	21.951	21.529	21.813	1813
2014-02-18 00:00	21.812	21.955	21.302	21.822	2113
2014-02-19 00:00	21.824	21.899	21.359	21.560	1630
2014-02-20 00:00	21.560	21.880	21.383	21.751	1609
2014-02-21 00:00	21.753	21.952	21.560	21.829	1288
2014-02-23 00:00	21.848	21.859	21.754	21.836	617
2014-02-24 00:00	21.837	22.158	21.494	21.937	1621
2014-02-25 00:00	21.938	22.005	21.662	21.846	1487
2014-02-26 00:00	21.847	22.018	21.074	21.282	1542
2014-02-27 00:00	21.282	21.469	20.981	21.263	1559
2014-02-28 00:00	21.262	21.389	21.065	21.199	1378
2014-03-02 00:00	21.361	21.393	21.196	21.383	1306
2014-03-03 00:00	21.383	21.701	21.310	21.420	1577
2014-03-04 00:00	21.421	21.500	21.008	21.198	1633
2014-03-05 00:00	21.200	21.304	21.122	21.173	1511
2014-03-06 00:00	21.171	21.621	21.069	21.485	1571
2014-03-07 00:00	21.484	21.566	20.724	20.749	1472
2014-03-09 00:00	20.873	20.873	20.789	20.823	713
2014-03-10 00:00	20.824	21.023	20.586	20.832	1508
2014-03-11 00:00	20.834	21.293	20.639	20.883	1693
2014-03-12 00:00	20.886	21.397	20.795	21.259	1700
2014-03-13 00:00	21.257	21.442	21.083	21.226	1730
2014-03-14 00:00	21.224	21.762	21.111	21.296	1341
2014-03-16 00:00	21.577	21.590	21.486	21.514	674
2014-03-17 00:00	21.510	21.539	21.100	21.192	1595
2014-03-18 00:00	21.188	21.219	20.612	20.824	1544
2014-03-19 00:00	20.823	20.938	20.479	20.605	1848
2014-03-20 00:00	20.602	20.700	20.108	20.326	1664
2014-03-21 00:00	20.327	20.561	20.153	20.155	1243
2014-03-23 00:00	20.230	20.260	20.220	20.225	343
2014-03-24 00:00	20.224	20.274	19.890	19.899	1747
2014-03-25 00:00	19.898	20.194	19.896	19.952	1691
2014-03-26 00:00	19.951	20.120	19.668	19.833	1994
2014-03-27 00:00	19.835	19.846	19.559	19.729	1533
2014-03-28 00:00	19.728	19.910	19.612	19.786	1220
2014-03-30 00:00	19.760	19.840	19.750	19.822	511
2014-03-31 00:00	19.818	19.992	19.717	19.743	1532
2014-04-01 00:00	19.741	19.894	19.626	19.753	1663
2014-04-02 00:00	19.755	20.127	19.738	19.998	1584
2014-04-03 00:00	19.998	20.068	19.655	19.811	1446
2014-04-04 00:00	19.810	20.214	19.778	19.938	1295
2014-04-06 00:00	19.915	19.940	19.853	19.932	507
2014-04-07 00:00	19.934	20.003	19.770	19.923	1519
2014-04-08 00:00	19.921	20.163	19.875	20.022	1659
2014-04-09 00:00	20.018	20.084	19.598	19.895	1545
2014-04-10 00:00	19.895	20.376	19.888	20.012	1672
2014-04-11 00:00	20.012	20.116	19.901	19.966	1254
2014-04-13 00:00	20.056	20.130	20.027	20.086	975
2014-04-14 00:00	20.087	20.102	19.715	19.952	1569
2014-04-15 00:00	19.951	19.972	19.218	19.528	1722
2014-04-16 00:00	19.527	19.803	19.328	19.636	1474
2014-04-17 00:00	19.636	19.711	19.492	19.604	1239
2014-04-20 00:00	19.604	19.604	19.538	19.547	69
2014-04-21 00:00	19.549	19.704	19.226	19.416	1354
2014-04-22 00:00	19.418	19.524	19.289	19.421	1366
2014-04-23 00:00	19.420	19.536	19.379	19.428	1342
2014-04-24 00:00	19.428	19.894	18.930	19.662	1408
2014-04-25 00:00	19.664	19.794	19.504	19.706	1257
2014-04-27 00:00	19.661	19.729	19.656	19.705	108
2014-04-28 00:00	19.707	19.741	19.467	19.577	1353
2014-04-29 00:00	19.576	19.594	19.306	19.465	1338
2014-04-30 00:00	19.464	19.467	19.038	19.163	1410
2014-05-01 00:00	19.164	19.191	18.739	19.028	1366
2014-05-02 00:00	19.029	19.668	18.925	19.474	1277
2014-05-04 00:00	19.504	19.564	19.473	19.473	118
2014-05-05 00:00	19.478	19.712	19.455	19.563	1332
2014-05-06 00:00	19.564	19.688	19.478	19.579	1334
2014-05-07 00:00	19.578	19.741	19.273	19.314	1405
2014-05-08 00:00	19.313	19.370	19.105	19.185	1332
2014-05-09 00:00	19.184	19.298	19.032	19.135	1238
2014-05-11 00:00	19.137	19.148	19.015	19.083	114
2014-05-12 00:00	19.081	19.643	19.052	19.524	1346
2014-05-13 00:00	19.524	19.591	19.344	19.546	1349
2014-05-14 00:00	19.549	19.975	19.487	19.763	1322
2014-05-15 00:00	19.764	19.813	19.410	19.497	1378
2014-05-16 00:00	19.498	19.517	19.244	19.348	1227
2014-05-18 00:00	19.348	19.351	19.297	19.328	110
2014-05-19 00:00	19.327	19.667	19.296	19.352	1343
2014-05-20 00:00	19.352	19.445	19.230	19.400	1364
2014-05-21 00:00	19.399	19.483	19.257	19.371	1344
2014-05-22 00:00	19.370	19.802	19.344	19.483	1339
2014-05-23 00:00	19.482	19.503	19.279	19.438	1202
2014-05-25 00:00	19.430	19.431	19.397	19.411	108
2014-05-26 00:00	19.411	19.479	19.367	19.410	1058
2014-05-27 00:00	19.410	19.425	19.024	19.058	1358
2014-05-28 00:00	19.057	19.147	18.970	19.008	1353
2014-05-29 00:00	19.009	19.087	18.784	19.048	1355
2014-05-30 00:00	19.050	19.082	18.624	18.799	1246
2014-06-01 00:00	18.790	18.806	18.740	18.751	113
2014-06-02 00:00	18.752	18.867	18.656	18.786	1317
2014-06-03 00:00	18.786	18.922	18.716	18.795	1385
2014-06-04 00:00	18.796	18.881	18.730	18.789	1299
2014-06-05 00:00	18.787	19.128	18.684	19.028	1349
2014-06-06 00:00	19.028	19.187	18.874	19.003	1264
2014-06-08 00:00	19.014	19.029	18.982	19.023	118
2014-06-09 00:00	19.021	19.179	18.977	19.042	1414
2014-06-10 00:00	19.042	19.235	18.965	19.177	1435
2014-06-11 00:00	19.175	19.324	19.140	19.202	1411
2014-06-12 00:00	19.204	19.556	19.148	19.522	1462
2014-06-13 00:00	19.523	19.710	19.467	19.664	1347
2014-06-15 00:00	19.659	19.767	19.659	19.739	121
2014-06-16 00:00	19.739	19.868	19.563	19.662	1487
2014-06-17 00:00	19.663	19.738	19.436	19.728	1392
2014-06-18 00:00	19.727	19.911	19.651	19.906	1413
2014-06-19 00:00	19.905	20.906	19.814	20.702	1681
2014-06-20 00:00	20.703	20.959	20.562	20.847	1436
2014-06-22 00:00	20.824	20.843	20.772	20.803	120
2014-06-23 00:00	20.802	20.918	20.718	20.813	1432
2014-06-24 00:00	20.812	21.141	20.780	20.883	1470
2014-06-25 00:00	20.883	21.143	20.687	20.997	1471
2014-06-26 00:00	20.998	21.102	20.779	21.072	1463
2014-06-27 00:00	21.073	21.184	20.890	20.941	1284
2014-06-29 00:00	20.959	20.967	20.898	20.932	119
2014-06-30 00:00	20.931	21.097	20.745	21.012	1495
2014-07-01 00:00	21.011	21.200	20.985	21.015	1479
2014-07-02 00:00	21.015	21.270	20.895	21.116	1439
2014-07-03 00:00	21.117	21.149	20.709	21.133	1498
2014-07-04 00:00	21.135	21.211	21.057	21.113	1061
2014-07-06 00:00	21.111	21.132	21.035	21.068	118
2014-07-07 00:00	21.068	21.091	20.800	20.989	1404
2014-07-08 00:00	20.990	21.172	20.884	20.999	1432
2014-07-09 00:00	21.001	21.214	20.976	21.084	1443
2014-07-10 00:00	21.083	21.556	21.078	21.405	1460
2014-07-11 00:00	21.405	21.479	21.338	21.423	1264
2014-07-13 00:00	21.417	21.442	21.405	21.424	118
2014-07-14 00:00	21.425	21.430	20.833	20.910	1506
2014-07-15 00:00	20.911	21.056	20.641	20.690	1492
2014-07-16 00:00	20.689	20.808	20.560	20.725	1426
2014-07-17 00:00	20.724	21.236	20.697	21.153	1521
2014-07-18 00:00	21.154	21.177	20.711	20.847	1283
2014-07-20 00:00	20.839	20.883	20.826	20.855	118
2014-07-21 00:00	20.854	21.085	20.783	20.883	1388
2014-07-22 00:00	20.885	21.050	20.721	20.946	1451
2014-07-23 00:00	20.949	21.033	20.867	20.883	1405
2014-07-24 00:00	20.881	20.892	20.287	20.328	1469
2014-07-25 00:00	20.327	20.741	20.291	20.713	1297
2014-07-27 00:00	20.659	20.710	20.620	20.681	119
2014-07-28 00:00	20.681	20.691	20.493	20.565	1401
2014-07-29 00:00	20.566	20.783	20.446	20.564	1421
2014-07-30 00:00	20.563	20.697	20.429	20.570	1423
2014-07-31 00:00	20.570	20.716	20.317	20.350	1419
2014-08-01 00:00	20.349	20.526	20.241	20.300	1370
2014-08-03 00:00	20.263	20.321	20.263	20.314	117
2014-08-04 00:00	20.313	20.438	20.129	20.163	1380
2014-08-05 00:00	20.163	20.254	19.725	19.760	1392
2014-08-06 00:00	19.759	20.099	19.742	20.025	1425
2014-08-07 00:00	20.026	20.090	19.863	19.940	1398
2014-08-08 00:00	19.940	20.153	19.809	19.870	1294
2014-08-10 00:00	19.890	19.912	19.860	19.862	119
2014-08-11 00:00	19.862	20.089	19.820	20.000	1374
2014-08-12 00:00	20.002	20.128	19.848	19.909	1392
2014-08-13 00:00	19.908	20.056	19.689	19.823	1420
2014-08-14 00:00	19.821	19.968	19.777	19.866	1422
2014-08-15 00:00	19.864	19.930	19.498	19.538	1349
2014-08-17 00:00	19.535	19.548	19.496	19.511	119
2014-08-18 00:00	19.513	19.681	19.455	19.600	1389
2014-08-19 00:00	19.604	19.694	19.362	19.428	1369
2014-08-20 00:00	19.429	19.579	19.398	19.457	1370
2014-08-21 00:00	19.456	19.474	19.298	19.444	1383
2014-08-22 00:00	19.445	19.558	19.297	19.405	1284
2014-08-24 00:00	19.289	19.289	19.289	19.289	1
2014-08-25 00:00	19.423	19.483	19.308	19.351	1306
2014-08-26 00:00	19.353	19.672	19.319	19.373	1413
2014-08-27 00:00	19.373	19.488	19.301	19.462	1379
2014-08-28 00:00	19.464	19.878	19.459	19.514	1394
2014-08-29 00:00	19.514	19.614	19.425	19.432	1252
2014-08-31 00:00	19.452	19.458	19.422	19.427	121
2014-09-01 00:00	19.428	19.516	19.389	19.453	1130
2014-09-02 00:00	19.454	19.477	19.070	19.196	1386
2014-09-03 00:00	19.196	19.237	19.096	19.167	1382
2014-09-04 00:00	19.167	19.345	18.983	19.022	1407
2014-09-05 00:00	19.022	19.218	19.017	19.172	1274
2014-09-07 00:00	19.167	19.198	19.152	19.166	109
2014-09-08 00:00	19.165	19.305	18.895	19.012	1373
2014-09-09 00:00	19.014	19.121	18.853	19.020	1383
2014-09-10 00:00	19.021	19.091	18.871	18.937	1392
2014-09-11 00:00	18.936	18.948	18.560	18.662	1402
2014-09-12 00:00	18.663	18.670	18.439	18.614	1268
2014-09-14 00:00	18.580	18.586	18.534	18.558	114
2014-09-15 00:00	18.559	18.687	18.539	18.634	1373
2014-09-16 00:00	18.633	18.865	18.589	18.698	1397
2014-09-17 00:00	18.697	18.766	18.448	18.502	1492
2014-09-18 00:00	18.500	18.602	18.266	18.504	1419
2014-09-19 00:00	18.507	18.575	17.776	17.789	1344
2014-09-21 00:00	17.799	17.852	17.765	17.769	120
2014-09-22 00:00	17.768	17.846	17.323	17.719	1478
2014-09-23 00:00	17.718	17.987	17.615	17.752	1393
2014-09-24 00:00	17.751	17.867	17.503	17.662	1333
2014-09-25 00:00	17.662	17.685	17.322	17.541	1437
2014-09-26 00:00	17.539	17.724	17.441	17.634	1288
2014-09-28 00:00	17.573	17.601	17.509	17.546	118
2014-09-29 00:00	17.546	17.633	17.431	17.476	1381
2014-09-30 00:00	17.476	17.576	16.858	16.951	1470
2014-10-01 00:00	16.951	17.428	16.868	17.218	1411
2014-10-02 00:00	17.218	17.337	16.927	17.072	1448
2014-10-03 00:00	17.072	17.155	16.714	16.821	1342
2014-10-05 00:00	16.813	16.866	16.738	16.756	120
2014-10-06 00:00	16.755	17.358	16.659	17.339	1396
2014-10-07 00:00	17.336	17.610	17.092	17.207	1407
2014-10-08 00:00	17.207	17.464	17.048	17.385	1452
2014-10-09 00:00	17.388	17.704	17.312	17.320	1423
2014-10-10 00:00	17.320	17.389	17.197	17.381	1272
2014-10-12 00:00	17.354	17.527	17.354	17.492	121
2014-10-13 00:00	17.494	17.588	17.309	17.471	3121
2014-10-14 00:00	17.470	17.556	17.301	17.317	1384
2014-10-15 00:00	17.315	17.803	17.014	17.448	1564
2014-10-16 00:00	17.450	17.534	17.194	17.371	1480
2014-10-17 00:00	17.371	17.428	17.212	17.234	1284
2014-10-19 00:00	17.300	17.331	17.245	17.259	120
2014-10-20 00:00	17.260	17.511	17.252	17.389	1374
2014-10-21 00:00	17.388	17.647	17.349	17.509	1406
2014-10-22 00:00	17.510	17.519	17.112	17.182	1393
2014-10-23 00:00	17.180	17.243	17.029	17.175	1387
2014-10-24 00:00	17.177	17.345	17.126	17.184	1259
2014-10-26 00:00	17.158	17.188	17.129	17.148	119
2014-10-27 00:00	17.150	17.227	17.082	17.115	1369
2014-10-28 00:00	17.117	17.396	17.065	17.237	1396
2014-10-29 00:00	17.238	17.318	17.020	17.112	1409
2014-10-30 00:00	17.113	17.210	16.343	16.503	1441
2014-10-31 00:00	16.504	16.529	15.739	16.135	1421
2014-11-02 00:00	16.079	16.125	15.891	15.968	955
2014-11-03 00:00	15.969	16.224	15.752	16.105	1763
2014-11-04 00:00	16.105	16.158	15.916	16.030	1527
2014-11-05 00:00	16.031	16.033	15.127	15.383	1686
2014-11-06 00:00	15.381	15.459	15.217	15.361	1769
2014-11-07 00:00	15.362	15.785	15.047	15.762	1489
2014-11-09 00:00	15.733	15.786	15.673	15.697	719
2014-11-10 00:00	15.698	15.891	15.488	15.650	1846
2014-11-11 00:00	15.649	15.883	15.454	15.706	2035
2014-11-12 00:00	15.706	15.775	15.558	15.628	1845
2014-11-13 00:00	15.627	15.782	15.546	15.613	1521
2014-11-14 00:00	15.614	16.380	15.260	16.286	1615
2014-11-16 00:00	16.248	16.304	16.226	16.236	800
2014-11-17 00:00	16.236	16.456	16.026	16.139	1663
2014-11-18 00:00	16.141	16.407	15.984	16.148	1654
2014-11-19 00:00	16.145	16.537	15.890	16.123	1996
2014-11-20 00:00	16.121	16.331	15.962	16.232	1762
2014-11-21 00:00	16.229	16.611	16.114	16.422	1441
2014-11-23 00:00	16.406	16.469	16.382	16.411	584
2014-11-24 00:00	16.412	16.491	16.264	16.491	1734
2014-11-25 00:00	16.491	16.713	16.463	16.666	1705
2014-11-26 00:00	16.666	16.671	16.477	16.519	1564
2014-11-27 00:00	16.519	16.550	16.146	16.223	2205
2014-11-28 00:00	16.224	16.247	15.396	15.403	1195
2014-11-30 00:00	15.363	15.464	14.392	14.733	4089
2014-12-01 00:00	14.733	16.775	14.609	16.345	2500
2014-12-02 00:00	16.345	16.506	16.057	16.445	1957
2014-12-03 00:00	16.441	16.569	16.212	16.391	1617
2014-12-04 00:00	16.392	16.651	16.358	16.438	1734
2014-12-05 00:00	16.438	16.531	16.202	16.265	1423
2014-12-07 00:00	16.144	16.239	16.127	16.203	615
2014-12-08 00:00	16.203	16.415	16.169	16.349	1609
2014-12-09 00:00	16.349	17.192	16.267	17.059	1972
2014-12-10 00:00	17.058	17.302	16.911	17.074	1995
2014-12-11 00:00	17.074	17.200	16.913	17.091	2220
2014-12-12 00:00	17.092	17.193	16.974	17.015	1369
2014-12-14 00:00	16.994	17.033	16.989	17.012	570
2014-12-15 00:00	17.013	17.032	16.112	16.235	2405
2014-12-16 00:00	16.235	16.635	15.521	15.751	2040
2014-12-17 00:00	15.751	16.037	15.600	15.739	1792
2014-12-18 00:00	15.739	16.211	15.720	15.850	1833
2014-12-19 00:00	15.850	16.091	15.819	16.059	1323
2014-12-21 00:00	16.033	16.107	16.032	16.062	477
2014-12-22 00:00	16.061	16.151	15.511	15.586	1778
2014-12-23 00:00	15.586	15.879	15.544	15.735	1713
2014-12-24 00:00	15.735	15.862	15.669	15.737	1140
2014-12-25 00:00	15.748	15.836	15.746	15.787	60
2014-12-26 00:00	15.788	16.292	15.760	16.032	1337
2014-12-28 00:00	16.097	16.104	16.035	16.041	411
2014-12-29 00:00	16.041	16.237	15.708	15.771	1845
2014-12-30 00:00	15.769	16.458	15.746	16.227	1682
2014-12-31 00:00	16.226	16.293	15.536	15.672	1342
2015-01-01 00:00	15.678	15.898	15.654	15.805	60
2015-01-02 00:00	15.805	16.057	15.514	15.723	1373
2015-01-04 00:00	15.756	15.785	15.623	15.733	1088
2015-01-05 00:00	15.732	16.249	15.712	16.141	1693
2015-01-06 00:00	16.140	16.696	16.099	16.439	1787
2015-01-07 00:00	16.443	16.638	16.280	16.546	1542
2015-01-08 00:00	16.547	16.638	16.287	16.348	1493
2015-01-09 00:00	16.349	16.608	16.186	16.477	1363
2015-01-11 00:00	16.510	16.664	16.497	16.626	826
2015-01-12 00:00	16.627	16.632	16.412	16.559	1627
2015-01-13 00:00	16.558	17.186	16.550	17.054	1640
2015-01-14 00:00	17.051	17.069	16.532	16.843	1780
2015-01-15 00:00	16.842	17.206	16.683	17.001	2211
2015-01-16 00:00	17.001	17.817	16.874	17.773	1556
2015-01-18 00:00	17.819	17.852	17.707	17.780	50
2015-01-19 00:00	17.777	17.796	17.594	17.664	1161
2015-01-20 00:00	17.665	18.008	17.607	17.903	1715
2015-01-21 00:00	17.904	18.467	17.887	18.090	1807
2015-01-22 00:00	18.089	18.463	17.889	18.297	1784
2015-01-23 00:00	18.301	18.388	18.089	18.277	1421
2015-01-25 00:00	18.315	18.379	18.219	18.362	880
2015-01-26 00:00	18.362	18.461	17.842	17.919	1525
2015-01-27 00:00	17.916	18.187	17.523	18.044	1703
2015-01-28 00:00	18.046	18.140	17.917	17.962	1683
2015-01-29 00:00	17.962	18.025	16.727	16.978	2095
2015-01-30 00:00	16.977	17.304	16.803	17.224	1396
2015-02-01 00:00	17.151	17.182	17.121	17.156	553
2015-02-02 00:00	17.159	17.321	16.987	17.198	1649
2015-02-03 00:00	17.197	17.729	17.064	17.274	1774
2015-02-04 00:00	17.275	17.641	17.159	17.394	1776
2015-02-05 00:00	17.393	17.478	16.916	17.244	1722
2015-02-06 00:00	17.244	17.363	16.548	16.709	1391
2015-02-08 00:00	16.780	16.789	16.711	16.743	336
2015-02-09 00:00	16.744	17.152	16.693	16.998	1501
2015-02-10 00:00	16.998	17.101	16.726	16.898	1498
2015-02-11 00:00	16.899	17.084	16.720	16.821	1829
2015-02-12 00:00	16.822	17.049	16.618	16.865	1532
2015-02-13 00:00	16.867	17.431	16.849	17.338	1351
2015-02-15 00:00	17.310	17.336	17.290	17.307	229
2015-02-16 00:00	17.307	17.401	17.246	17.274	1442
2015-02-17 00:00	17.275	17.328	16.286	16.491	1698
2015-02-18 00:00	16.489	16.592	16.250	16.523	1844
2015-02-19 00:00	16.523	16.785	16.335	16.406	1590
2015-02-20 00:00	16.407	16.571	16.179	16.210	1317
2015-02-22 00:00	16.219	16.256	16.204	16.225	499
2015-02-23 00:00	16.224	16.600	16.085	16.335	1681
2015-02-24 00:00	16.335	16.478	16.071	16.409	1777
2015-02-25 00:00	16.408	16.729	16.394	16.532	1536
2015-02-26 00:00	16.529	16.885	16.503	16.590	1726
2015-02-27 00:00	16.588	16.687	16.409	16.584	1336
2015-03-01 00:00	16.578	16.623	16.543	16.609	431
2015-03-02 00:00	16.610	16.780	16.341	16.412	1639
2015-03-03 00:00	16.415	16.578	16.066	16.313	1589
2015-03-04 00:00	16.314	16.363	16.067	16.220	1578
2015-03-05 00:00	16.220	16.358	16.141	16.213	1545
2015-03-06 00:00	16.213	16.246	15.757	15.877	1356
2015-03-08 00:00	15.870	15.887	15.835	15.857	353
2015-03-09 00:00	15.856	15.974	15.708	15.719	1321
2015-03-10 00:00	15.719	15.841	15.602	15.660	1381
2015-03-11 00:00	15.660	15.755	15.274	15.500	1429
2015-03-12 00:00	15.500	15.703	15.398	15.597	1398
2015-03-13 00:00	15.595	15.672	15.464	15.629	1287
2015-03-15 00:00	15.638	15.639	15.573	15.594	120
2015-03-16 00:00	15.594	15.769	15.499	15.640	1380
2015-03-17 00:00	15.639	15.726	15.376	15.536	1412
2015-03-18 00:00	15.536	16.106	15.452	15.957	1423
2015-03-19 00:00	15.957	16.184	15.810	16.140	1408
2015-03-20 00:00	16.140	16.898	16.087	16.717	1315
2015-03-22 00:00	16.787	16.830	16.748	16.800	120
2015-03-23 00:00	16.799	17.096	16.617	16.978	1410
2015-03-24 00:00	16.977	17.032	16.806	16.909	1401
2015-03-25 00:00	16.907	17.120	16.846	16.922	1382
2015-03-26 00:00	16.921	17.393	16.914	17.064	1395
2015-03-27 00:00	17.064	17.195	16.845	16.930	1280
2015-03-29 00:00	16.968	16.970	16.886	16.910	120
2015-03-30 00:00	16.910	16.986	16.628	16.714	1374
2015-03-31 00:00	16.713	16.827	16.433	16.624	1361
2015-04-01 00:00	16.624	17.082	16.512	16.952	1381
2015-04-02 00:00	16.953	17.008	16.587	16.752	1274
2015-04-05 00:00	16.967	17.125	16.960	17.080	118
2015-04-06 00:00	17.082	17.305	16.932	16.955	1383
2015-04-07 00:00	16.954	16.968	16.728	16.825	1378
2015-04-08 00:00	16.823	16.909	16.377	16.468	1404
2015-04-09 00:00	16.467	16.483	16.126	16.178	1389
2015-04-10 00:00	16.176	16.667	16.162	16.452	1269
2015-04-12 00:00	16.447	16.487	16.431	16.473	119
2015-04-13 00:00	16.473	16.525	16.238	16.273	1373
2015-04-14 00:00	16.273	16.367	15.986	16.176	1392
2015-04-15 00:00	16.178	16.399	16.069	16.361	1395
2015-04-16 00:00	16.361	16.499	16.128	16.285	1403
2015-04-17 00:00	16.283	16.516	16.210	16.251	1283
2015-04-19 00:00	16.275	16.338	16.270	16.337	120
2015-04-20 00:00	16.336	16.370	15.855	15.955	1406
2015-04-21 00:00	15.954	16.196	15.898	16.007	1393
2015-04-22 00:00	16.007	16.104	15.687	15.823	1392
2015-04-23 00:00	15.824	15.949	15.746	15.878	1379
2015-04-24 00:00	15.877	15.919	15.591	15.704	1295
2015-04-26 00:00	15.731	15.766	15.714	15.763	120
2015-04-27 00:00	15.764	16.473	15.721	16.340	1443
2015-04-28 00:00	16.342	16.691	16.301	16.583	1435
2015-04-29 00:00	16.584	16.715	16.409	16.551	1493
2015-04-30 00:00	16.548	16.726	15.799	16.105	1506
2015-05-01 00:00	16.104	16.264	15.900	16.128	1282
2015-05-03 00:00	16.125	16.182	16.125	16.177	119
2015-05-04 00:00	16.177	16.753	16.133	16.450	1420
2015-05-05 00:00	16.450	16.698	16.340	16.588	1431
2015-05-06 00:00	16.584	16.642	16.378	16.487	2061
2015-05-07 00:00	16.487	16.520	16.169	16.313	1395
2015-05-08 00:00	16.313	16.537	16.258	16.429	1321
2015-05-10 00:00	16.430	16.481	16.394	16.465	120
2015-05-11 00:00	16.465	16.552	16.208	16.281	1389
2015-05-12 00:00	16.279	16.588	16.134	16.517	1398
2015-05-13 00:00	16.518	17.220	16.484	17.114	1524
2015-05-14 00:00	17.114	17.566	17.060	17.491	1453
2015-05-15 00:00	17.491	17.563	17.192	17.477	1301
2015-05-17 00:00	17.499	17.709	17.492	17.540	436
2015-05-18 00:00	17.538	17.765	17.458	17.687	1413
2015-05-19 00:00	17.681	17.697	16.863	17.106	1461
2015-05-20 00:00	17.103	17.274	16.938	17.094	1967
2015-05-21 00:00	17.096	17.248	17.006	17.152	2014
2015-05-22 00:00	17.155	17.330	16.932	17.082	2086
2015-05-24 00:00	17.019	17.092	17.006	17.020	145
2015-05-25 00:00	17.018	17.177	16.996	17.095	1247
2015-05-26 00:00	17.095	17.106	16.644	16.746	2725
2015-05-27 00:00	16.746	16.815	16.589	16.670	2175
2015-05-28 00:00	16.671	16.777	16.538	16.718	1906
2015-05-29 00:00	16.717	16.824	16.620	16.729	1803
2015-05-31 00:00	16.674	16.802	16.674	16.705	142
2015-06-01 00:00	16.705	17.168	16.598	16.740	3288
2015-06-02 00:00	16.742	16.848	16.627	16.772	2929
2015-06-03 00:00	16.772	16.810	16.399	16.497	2383
2015-06-04 00:00	16.496	16.527	16.075	16.161	2601
2015-06-05 00:00	16.160	16.203	15.919	16.088	1959
2015-06-07 00:00	16.063	16.093	16.025	16.039	160
2015-06-08 00:00	16.038	16.149	15.925	15.953	1896
2015-06-09 00:00	15.952	16.179	15.937	15.986	1796
2015-06-10 00:00	15.985	16.231	15.970	16.026	1747
2015-06-11 00:00	16.025	16.065	15.778	16.018	1821
2015-06-12 00:00	16.016	16.051	15.832	15.954	1486
2015-06-14 00:00	15.942	16.099	15.923	16.020	132
2015-06-15 00:00	16.019	16.267	15.854	16.072	1865
2015-06-16 00:00	16.071	16.143	15.912	16.001	1755
2015-06-17 00:00	16.001	16.263	15.919	16.089	1772
2015-06-18 00:00	16.089	16.452	16.061	16.181	2518
2015-06-19 00:00	16.181	16.220	15.894	16.074	1484
2015-06-21 00:00	16.106	16.134	16.074	16.108	162
2015-06-22 00:00	16.107	16.261	16.021	16.167	1908
2015-06-23 00:00	16.168	16.204	15.746	15.831	2047
2015-06-24 00:00	15.831	15.926	15.767	15.900	1801
2015-06-25 00:00	15.900	15.962	15.774	15.878	1532
2015-06-26 00:00	15.878	15.910	15.528	15.777	1926
2015-06-28 00:00	15.970	16.040	15.929	15.933	124
2015-06-29 00:00	15.932	15.956	15.684	15.745	1978
2015-06-30 00:00	15.747	15.875	15.479	15.703	2256
2015-07-01 00:00	15.631	15.721	15.539	15.556	1974
2015-07-02 00:00	15.555	15.792	15.489	15.664	2263
2015-07-03 00:00	15.664	15.727	15.600	15.680	1209
2015-07-05 00:00	15.685	15.806	15.590	15.719	121
2015-07-06 00:00	15.718	15.856	15.533	15.703	1640
2015-07-07 00:00	15.703	15.714	14.668	15.085	3031
2015-07-08 00:00	15.086	15.260	14.759	15.106	3356
2015-07-09 00:00	15.109	15.563	15.018	15.406	2498
2015-07-10 00:00	15.406	15.655	15.375	15.556	2012
2015-07-12 00:00	15.556	15.891	15.512	15.647	168
2015-07-13 00:00	15.648	15.672	15.306	15.466	2220
2015-07-14 00:00	15.466	15.490	15.265	15.351	2027
2015-07-15 00:00	15.351	15.383	14.999	15.053	2102
2015-07-16 00:00	15.053	15.176	14.887	15.001	2462
2015-07-17 00:00	15.001	15.045	14.842	14.858	2173
2015-07-19 00:00	14.859	14.895	14.849	14.866	160
2015-07-20 00:00	14.865	15.018	14.500	14.663	3369
2015-07-21 00:00	14.663	14.962	14.649	14.817	2792
2015-07-22 00:00	14.818	14.901	14.630	14.778	3080
2015-07-23 00:00	14.777	14.983	14.580	14.646	2893
2015-07-24 00:00	14.644	14.727	14.371	14.660	3194
2015-07-26 00:00	14.718	14.730	14.650	14.694	143
2015-07-27 00:00	14.691	14.772	14.526	14.568	2824
2015-07-28 00:00	14.568	14.713	14.541	14.694	2476
2015-07-29 00:00	14.694	14.905	14.610	14.846	2700
2015-07-30 00:00	14.851	14.851	14.611	14.727	2773
2015-07-31 00:00	14.730	14.995	14.543	14.754	2780
2015-08-02 00:00	14.783	14.788	14.723	14.733	130
2015-08-03 00:00	14.731	14.773	14.421	14.472	2610
2015-08-04 00:00	14.472	14.660	14.375	14.550	3350
2015-08-05 00:00	14.549	14.706	14.494	14.593	2655
2015-08-06 00:00	14.592	14.769	14.524	14.658	2147
2015-08-07 00:00	14.657	15.016	14.600	14.796	3250
2015-08-09 00:00	14.806	14.815	14.757	14.764	159
2015-08-10 00:00	14.763	15.397	14.736	15.290	2860
2015-08-11 00:00	15.289	15.402	15.097	15.323	4787
2015-08-12 00:00	15.321	15.589	15.153	15.531	3514
2015-08-13 00:00	15.531	15.576	15.285	15.400	2808
2015-08-14 00:00	15.400	15.609	15.168	15.225	2143
2015-08-16 00:00	15.255	15.277	15.220	15.226	122
2015-08-17 00:00	15.224	15.401	15.209	15.309	1827
2015-08-18 00:00	15.310	15.350	14.719	14.874	2356
2015-08-19 00:00	14.873	15.337	14.826	15.306	2308
2015-08-20 00:00	15.304	15.582	15.304	15.530	2205
2015-08-21 00:00	15.531	15.662	15.126	15.283	2208
2015-08-23 00:00	15.338	15.401	15.288	15.356	140
2015-08-24 00:00	15.357	15.359	14.590	14.805	4969
2015-08-25 00:00	14.805	14.962	14.556	14.732	3079
2015-08-26 00:00	14.731	14.744	13.966	14.143	3386
2015-08-27 00:00	14.142	14.602	14.110	14.531	2903
2015-08-28 00:00	14.546	14.680	14.372	14.560	3583
2015-08-30 00:00	14.588	14.588	14.531	14.545	127
2015-08-31 00:00	14.546	14.680	14.410	14.610	2241
2015-09-01 00:00	14.610	14.769	14.512	14.586	2472
2015-09-02 00:00	14.585	14.826	14.439	14.663	2195
2015-09-03 00:00	14.663	14.952	14.560	14.732	2915
2015-09-04 00:00	14.734	14.810	14.491	14.546	2390
2015-09-06 00:00	14.564	14.681	14.564	14.635	158
2015-09-07 00:00	14.640	14.660	14.472	14.527	1692
2015-09-08 00:00	14.530	14.890	14.456	14.827	2404
2015-09-09 00:00	14.827	14.932	14.569	14.613	3197
2015-09-10 00:00	14.613	14.860	14.553	14.709	2370
2015-09-11 00:00	14.709	14.755	14.286	14.583	2932
2015-09-13 00:00	14.580	14.589	14.523	14.534	157
2015-09-14 00:00	14.531	14.615	14.347	14.422	2042
2015-09-15 00:00	14.422	14.437	14.279	14.398	1608
2015-09-16 00:00	14.398	14.953	14.338	14.886	2106
2015-09-17 00:00	14.889	15.253	14.783	15.121	3231
2015-09-18 00:00	15.122	15.420	15.024	15.140	2558
2015-09-20 00:00	15.169	15.177	15.143	15.161	134
2015-09-21 00:00	15.159	15.256	15.087	15.181	1981
2015-09-22 00:00	15.182	15.233	14.710	14.768	1845
2015-09-23 00:00	14.768	14.930	14.707	14.823	2229
2015-09-24 00:00	14.829	15.189	14.762	15.085	2930
2015-09-25 00:00	15.086	15.188	14.955	15.080	2124
2015-09-27 00:00	15.068	15.118	15.058	15.110	201
2015-09-28 00:00	15.110	15.111	14.493	14.579	2079
2015-09-29 00:00	14.578	14.730	14.483	14.595	2270
2015-09-30 00:00	14.589	14.739	14.466	14.529	2696
2015-10-01 00:00	14.527	14.695	14.461	14.533	2800
2015-10-02 00:00	14.534	15.307	14.390	15.219	2365
2015-10-04 00:00	15.239	15.341	15.224	15.232	220
2015-10-05 00:00	15.232	15.715	15.107	15.613	3697
2015-10-06 00:00	15.614	16.086	15.572	15.905	2514
2015-10-07 00:00	15.903	16.110	15.824	16.007	2551
2015-10-08 00:00	16.007	16.012	15.385	15.698	4822
2015-10-09 00:00	15.699	16.009	15.590	15.811	3251
2015-10-11 00:00	15.772	15.810	15.765	15.788	168
2015-10-12 00:00	15.788	16.068	15.782	15.810	2698
2015-10-13 00:00	15.808	15.985	15.623	15.893	2183
2015-10-14 00:00	15.894	16.189	15.788	16.155	2516
2015-10-15 00:00	16.155	16.185	15.904	16.086	2641
2015-10-16 00:00	16.083	16.150	15.931	16.010	2469
2015-10-18 00:00	16.011	16.023	15.975	16.002	167
2015-10-19 00:00	16.002	16.029	15.738	15.809	2338
2015-10-20 00:00	15.810	15.975	15.736	15.916	2027
2015-10-21 00:00	15.918	15.922	15.626	15.676	1988
2015-10-22 00:00	15.675	15.908	15.646	15.827	1915
2015-10-23 00:00	15.825	16.093	15.707	15.786	2146
2015-10-25 00:00	15.819	15.838	15.779	15.837	122
2015-10-26 00:00	15.836	15.973	15.762	15.863	1928
2015-10-27 00:00	15.863	15.940	15.775	15.851	2115
2015-10-28 00:00	15.853	16.352	15.711	15.916	2224
2015-10-29 00:00	15.917	15.991	15.541	15.613	4062
2015-10-30 00:00	15.613	15.662	15.480	15.513	2574
2015-11-01 00:00	15.518	15.541	15.465	15.509	511
2015-11-02 00:00	15.510	15.550	15.259	15.399	1975
2015-11-03 00:00	15.400	15.464	15.203	15.285	2382
2015-11-04 00:00	15.284	15.334	15.044	15.091	2868
2015-11-05 00:00	15.091	15.108	14.940	14.994	2632
2015-11-06 00:00	14.996	15.068	14.711	14.746	2913
2015-11-08 00:00	14.754	14.760	14.722	14.733	399
2015-11-09 00:00	14.734	14.790	14.432	14.576	2009
2015-11-10 00:00	14.577	14.582	14.302	14.424	1974
2015-11-11 00:00	14.425	14.529	14.255	14.325	1980
2015-11-12 00:00	14.326	14.487	14.193	14.307	2830
2015-11-13 00:00	14.307	14.375	14.168	14.232	2272
2015-11-15 00:00	14.332	14.390	14.321	14.390	648
2015-11-16 00:00	14.392	14.448	14.203	14.256	2200
2015-11-17 00:00	14.256	14.286	14.105	14.171	2390
2015-11-18 00:00	14.171	14.249	14.026	14.172	2321
2015-11-19 00:00	14.172	14.400	14.121	14.272	2835
2015-11-20 00:00	14.272	14.403	14.078	14.156	2077
2015-11-22 00:00	14.135	14.166	14.101	14.159	446
2015-11-23 00:00	14.159	14.190	13.901	14.123	2879
2015-11-24 00:00	14.120	14.298	14.051	14.185	2152
2015-11-25 00:00	14.187	14.268	14.030	14.170	2439
2015-11-26 00:00	14.170	14.375	14.121	14.268	1771
2015-11-27 00:00	14.269	14.295	13.946	14.057	1674
2015-11-29 00:00	14.063	14.081	14.042	14.064	331
2015-11-30 00:00	14.063	14.185	13.989	14.066	1803
2015-12-01 00:00	14.067	14.241	14.043	14.191	1988
2015-12-02 00:00	14.190	14.218	13.916	14.005	2261
2015-12-03 00:00	14.004	14.157	13.821	14.099	2931
2015-12-04 00:00	14.102	14.607	14.035	14.518	2425
2015-12-06 00:00	14.512	14.553	14.463	14.480	528
2015-12-07 00:00	14.481	14.631	14.208	14.232	2408
2015-12-08 00:00	14.233	14.319	14.074	14.154	2454
2015-12-09 00:00	14.150	14.341	14.113	14.162	2744
2015-12-10 00:00	14.163	14.236	14.076	14.111	2129
2015-12-11 00:00	14.111	14.140	13.764	13.887	2277
2015-12-13 00:00	13.916	13.972	13.864	13.945	526
2015-12-14 00:00	13.945	13.963	13.635	13.687	2244
2015-12-15 00:00	13.686	13.821	13.665	13.775	2227
2015-12-16 00:00	13.774	14.302	13.771	14.120	2917
2015-12-17 00:00	14.119	14.140	13.670	13.735	2786
2015-12-18 00:00	13.736	14.205	13.699	14.065	1724
2015-12-20 00:00	14.093	14.107	14.038	14.063	497
2015-12-21 00:00	14.063	14.322	14.042	14.236	3089
2015-12-22 00:00	14.235	14.381	14.209	14.262	2581
2015-12-23 00:00	14.263	14.337	14.200	14.306	2464
2015-12-24 00:00	14.306	14.391	14.256	14.369	1487
2015-12-27 00:00	14.341	14.358	14.313	14.332	345
2015-12-28 00:00	14.331	14.408	13.856	13.949	2638
2015-12-29 00:00	13.950	14.064	13.894	13.932	2400
2015-12-30 00:00	13.933	13.989	13.764	13.860	2002
2015-12-31 00:00	13.861	13.969	13.778	13.818	1819
2016-01-03 00:00	13.854	13.891	13.812	13.881	459
2016-01-04 00:00	13.882	14.183	13.830	13.865	1927
2016-01-05 00:00	13.864	14.063	13.863	13.967	1690
2016-01-06 00:00	13.968	14.132	13.880	13.998	2186
2016-01-07 00:00	14.001	14.376	13.923	14.266	2537
2016-01-08 00:00	14.267	14.318	13.872	13.898	2000
2016-01-10 00:00	13.962	13.973	13.928	13.945	468
2016-01-11 00:00	13.946	14.067	13.824	13.866	2339
2016-01-12 00:00	13.866	13.913	13.735	13.780	2165
2016-01-13 00:00	13.781	14.190	13.755	14.130	2151
2016-01-14 00:00	14.131	14.170	13.744	13.822	1970
2016-01-15 00:00	13.823	14.120	13.766	13.894	2005
2016-01-17 00:00	13.911	13.919	13.889	13.903	335
2016-01-18 00:00	13.902	13.988	13.832	13.896	1675
2016-01-19 00:00	13.896	14.175	13.874	14.022	2318
2016-01-20 00:00	14.022	14.200	13.986	14.126	2264
2016-01-21 00:00	14.126	14.186	13.875	14.057	2135
2016-01-22 00:00	14.058	14.335	13.991	13.994	1972
2016-01-24 00:00	14.026	14.055	14.026	14.046	295
2016-01-25 00:00	14.042	14.291	13.998	14.221	1993
2016-01-26 00:00	14.220	14.548	14.199	14.470	1980
2016-01-27 00:00	14.469	14.563	14.334	14.472	2252
2016-01-28 00:00	14.473	14.511	14.044	14.238	1809
2016-01-29 00:00	14.244	14.303	14.150	14.232	1451
2016-01-31 00:00	14.229	14.250	14.216	14.247	390
2016-02-01 00:00	14.246	14.404	14.187	14.338	1800
2016-02-02 00:00	14.343	14.389	14.213	14.282	2043
2016-02-03 00:00	14.281	14.787	14.255	14.671	2606
2016-02-04 00:00	14.672	14.907	14.620	14.858	2148
2016-02-05 00:00	14.860	15.036	14.641	14.966	2796
2016-02-07 00:00	14.968	15.011	14.903	14.919	721
2016-02-08 00:00	14.917	15.443	14.875	15.344	2505
2016-02-09 00:00	15.343	15.436	15.175	15.223	2941
2016-02-10 00:00	15.223	15.290	15.071	15.269	3926
2016-02-11 00:00	15.272	15.934	15.265	15.675	4528
2016-02-12 00:00	15.672	15.790	15.606	15.712	3195
2016-02-14 00:00	15.661	15.684	15.650	15.675	406
2016-02-15 00:00	15.679	15.693	15.191	15.294	2115
2016-02-16 00:00	15.294	15.416	15.120	15.231	3339
2016-02-17 00:00	15.231	15.373	15.144	15.254	2367
2016-02-18 00:00	15.255	15.538	15.188	15.420	2978
2016-02-19 00:00	15.422	15.461	15.258	15.312	2670
2016-02-21 00:00	15.320	15.337	15.286	15.307	438
2016-02-22 00:00	15.307	15.330	14.916	15.178	2584
2016-02-23 00:00	15.181	15.340	15.157	15.310	2887
2016-02-24 00:00	15.309	15.572	15.161	15.201	3819
2016-02-25 00:00	15.202	15.310	15.018	15.147	3174
2016-02-26 00:00	15.149	15.211	14.661	14.671	2797
2016-02-28 00:00	14.705	14.724	14.664	14.719	652
2016-02-29 00:00	14.718	14.911	14.603	14.878	2813
2016-03-01 00:00	14.877	15.060	14.711	14.804	2670
2016-03-02 00:00	14.805	15.009	14.740	14.934	3169
2016-03-03 00:00	14.935	15.301	14.834	15.150	2940
2016-03-04 00:00	15.155	15.784	15.112	15.498	3827
2016-03-06 00:00	15.509	15.577	15.492	15.575	581
2016-03-07 00:00	15.575	15.785	15.443	15.635	3208
2016-03-08 00:00	15.636	15.721	15.301	15.367	3263
2016-03-09 00:00	15.368	15.427	15.177	15.280	2706
2016-03-10 00:00	15.281	15.627	15.138	15.570	3428
2016-03-11 00:00	15.568	15.719	15.444	15.457	2271
2016-03-13 00:00	15.483	15.507	15.458	15.497	181
2016-03-14 00:00	15.498	15.806	15.274	15.370	2233
2016-03-15 00:00	15.372	15.385	15.176	15.271	1992
2016-03-16 00:00	15.274	15.639	15.168	15.571	2306
2016-03-17 00:00	15.570	16.027	15.530	15.911	3171
2016-03-18 00:00	15.909	16.129	15.717	15.774	2061
2016-03-20 00:00	15.775	15.831	15.764	15.776	158
2016-03-21 00:00	15.774	15.889	15.688	15.804	1775
2016-03-22 00:00	15.801	15.998	15.751	15.856	2233
2016-03-23 00:00	15.855	15.896	15.211	15.260	2609
2016-03-24 00:00	15.260	15.319	15.125	15.170	1570
2016-03-27 00:00	15.164	15.194	15.130	15.174	184
2016-03-28 00:00	15.173	15.350	15.128	15.231	1761
2016-03-29 00:00	15.231	15.361	15.045	15.345	2193
2016-03-30 00:00	15.345	15.436	15.164	15.232	2072
2016-03-31 00:00	15.232	15.515	15.183	15.419	2083
2016-04-01 00:00	15.419	15.460	14.776	15.012	2556
2016-04-03 00:00	14.864	15.029	14.860	15.005	180
2016-04-04 00:00	15.005	15.089	14.877	14.930	1809
2016-04-05 00:00	14.930	15.200	14.925	15.119	1715
2016-04-06 00:00	15.121	15.181	14.912	15.098	2313
2016-04-07 00:00	15.099	15.350	15.050	15.194	2238
2016-04-08 00:00	15.194	15.375	15.113	15.344	1760
2016-04-10 00:00	15.345	15.424	15.338	15.373	136
2016-04-11 00:00	15.373	15.958	15.352	15.889	2361
2016-04-12 00:00	15.890	16.199	15.751	16.118	3134
2016-04-13 00:00	16.119	16.306	15.984	16.172	2856
2016-04-14 00:00	16.170	16.238	15.890	16.153	2279
2016-04-15 00:00	16.153	16.357	16.080	16.204	2219
2016-04-17 00:00	16.258	16.285	16.199	16.235	127
2016-04-18 00:00	16.235	16.311	16.102	16.161	1916
2016-04-19 00:00	16.162	17.065	16.151	16.921	3680
2016-04-20 00:00	16.920	17.220	16.824	16.944	3474
2016-04-21 00:00	16.947	17.683	16.730	17.003	5498
2016-04-22 00:00	17.002	17.331	16.829	16.940	3344
2016-04-24 00:00	16.895	17.000	16.887	16.997	216
2016-04-25 00:00	16.998	17.105	16.790	16.963	3170
2016-04-26 00:00	16.961	17.158	16.818	17.152	2969
2016-04-27 00:00	17.152	17.410	17.038	17.253	4978
2016-04-28 00:00	17.257	17.632	17.131	17.581	4547
2016-04-29 00:00	17.586	17.948	17.575	17.809	3212
2016-05-01 00:00	17.813	17.863	17.797	17.855	127
2016-05-02 00:00	17.855	18.002	17.474	17.533	3512
2016-05-03 00:00	17.529	17.710	17.316	17.457	4558
2016-05-04 00:00	17.456	17.470	17.166	17.444	4108
2016-05-05 00:00	17.445	17.628	17.233	17.364	4586
2016-05-06 00:00	17.366	17.582	17.182	17.434	5060
2016-05-08 00:00	17.398	17.447	17.384	17.407	144
2016-05-09 00:00	17.405	17.461	16.916	16.957	5036
2016-05-10 00:00	16.955	17.144	16.880	17.080	4248
2016-05-11 00:00	17.081	17.568	17.081	17.405	4560
2016-05-12 00:00	17.401	17.442	16.948	17.056	5068
2016-05-13 00:00	17.049	17.163	16.813	17.079	4610
2016-05-15 00:00	17.054	17.141	17.024	17.103	151
2016-05-16 00:00	17.103	17.379	17.053	17.155	4503
2016-05-17 00:00	17.154	17.332	17.028	17.238	4347
2016-05-18 00:00	17.238	17.276	16.688	16.882	5252
2016-05-19 00:00	16.881	16.901	16.323	16.502	5226
2016-05-20 00:00	16.501	16.640	16.404	16.509	3734
2016-05-22 00:00	16.474	16.488	16.445	16.466	140
2016-05-23 00:00	16.469	16.554	16.295	16.367	4043
2016-05-24 00:00	16.368	16.428	16.155	16.199	3752
2016-05-25 00:00	16.202	16.348	16.199	16.292	3757
2016-05-26 00:00	16.291	16.550	16.283	16.334	3636
2016-05-27 00:00	16.333	16.353	16.110	16.202	3293
2016-05-29 00:00	16.187	16.211	16.127	16.152	173
2016-05-30 00:00	16.152	16.152	15.885	16.003	2067
2016-05-31 00:00	16.003	16.148	15.943	15.995	3702
2016-06-01 00:00	15.994	16.072	15.808	15.952	3501
2016-06-02 00:00	15.951	16.036	15.900	15.962	3463
2016-06-03 00:00	15.961	16.438	15.945	16.382	2838
2016-06-05 00:00	16.370	16.433	16.361	16.430	83
2016-06-06 00:00	16.432	16.517	16.341	16.452	3371
2016-06-07 00:00	16.455	16.471	16.232	16.374	2735
2016-06-08 00:00	16.376	17.158	16.376	17.138	3853
2016-06-09 00:00	17.137	17.318	16.933	17.223	3560
2016-06-10 00:00	17.223	17.363	17.144	17.307	3095
2016-06-12 00:00	17.314	17.357	17.307	17.354	156
2016-06-13 00:00	17.355	17.445	17.089	17.417	3503
2016-06-14 00:00	17.418	17.476	17.210	17.374	2879
2016-06-15 00:00	17.373	17.599	17.330	17.540	3667
2016-06-16 00:00	17.541	17.848	17.108	17.257	4967
2016-06-17 00:00	17.256	17.492	17.198	17.467	2959
2016-06-19 00:00	17.409	17.444	17.268	17.419	125
2016-06-20 00:00	17.418	17.631	17.282	17.449	2800
2016-06-21 00:00	17.451	17.568	17.168	17.241	3778
2016-06-22 00:00	17.242	17.333	17.093	17.234	3167
2016-06-23 00:00	17.230	17.553	17.112	17.378	2240
2016-06-24 00:00	17.378	18.305	17.281	17.644	1879
2016-06-26 00:00	17.768	17.897	17.756	17.864	150
2016-06-27 00:00	17.864	17.870	17.620	17.733	3018
2016-06-28 00:00	17.734	17.836	17.516	17.763	3667
2016-06-29 00:00	17.761	18.457	17.761	18.215	3808
2016-06-30 00:00	18.216	18.804	18.181	18.763	3672
2016-07-01 00:00	18.764	19.883	18.703	19.717	3495
2016-07-03 00:00	19.724	19.962	19.662	19.933	168
2016-07-04 00:00	19.932	21.114	19.912	20.387	1454
2016-07-05 00:00	20.388	20.437	19.513	20.228	6195
2016-07-06 00:00	20.227	20.495	19.847	20.149	1578
2016-07-07 00:00	20.148	20.254	19.453	19.743	1658
2016-07-08 00:00	19.743	20.312	19.208	20.248	1696
2016-07-10 00:00	20.310	20.492	20.299	20.458	118
2016-07-11 00:00	20.458	20.669	20.098	20.272	1904
2016-07-12 00:00	20.273	20.519	19.952	20.147	2032
2016-07-13 00:00	20.147	20.469	19.884	20.408	1831
2016-07-14 00:00	20.408	20.538	19.994	20.303	1744
2016-07-15 00:00	20.303	20.317	19.988	20.188	1533
2016-07-17 00:00	20.158	20.220	20.096	20.177	115
2016-07-18 00:00	20.177	20.207	19.698	19.977	1449
2016-07-19 00:00	19.977	20.006	19.797	19.873	1388
2016-07-20 00:00	19.873	19.974	19.243	19.273	2650
2016-07-21 00:00	19.272	19.870	19.204	19.808	2919
2016-07-22 00:00	19.808	19.937	19.552	19.611	2869
2016-07-24 00:00	19.619	19.621	19.569	19.587	107
2016-07-25 00:00	19.587	19.695	19.292	19.498	2137
2016-07-26 00:00	19.498	19.730	19.488	19.625	1570
2016-07-27 00:00	19.624	20.395	19.510	20.278	1773
2016-07-28 00:00	20.278	20.506	20.053	20.158	2377
2016-07-29 00:00	20.151	20.394	19.950	20.306	2750
2016-07-31 00:00	20.310	20.377	20.297	20.355	114
2016-08-01 00:00	20.355	20.637	20.284	20.437	2330
2016-08-02 00:00	20.434	20.772	20.323	20.617	2693
2016-08-03 00:00	20.617	20.717	20.358	20.408	2321
2016-08-04 00:00	20.407	20.508	20.034	20.328	2449
2016-08-05 00:00	20.327	20.422	19.670	19.686	2203
2016-08-07 00:00	19.502	19.663	19.485	19.658	116
2016-08-08 00:00	19.658	19.856	19.610	19.730	1965
2016-08-09 00:00	19.728	19.926	19.581	19.903	1797
2016-08-10 00:00	19.903	20.480	19.892	20.173	2582
2016-08-11 00:00	20.172	20.307	19.875	20.008	2188
2016-08-12 00:00	20.008	20.213	19.645	19.687	2089
2016-08-14 00:00	19.749	19.812	19.692	19.806	116
2016-08-15 00:00	19.807	20.035	19.688	19.828	1963
2016-08-16 00:00	19.830	20.098	19.704	19.841	2165
2016-08-17 00:00	19.841	19.880	19.360	19.743	2069
2016-08-18 00:00	19.745	19.925	19.615	19.694	2000
2016-08-19 00:00	19.694	19.702	19.223	19.278	1687
2016-08-21 00:00	18.927	19.083	18.703	18.993	130
2016-08-22 00:00	18.993	19.054	18.813	18.865	2578
2016-08-23 00:00	18.865	19.111	18.805	18.853	2033
2016-08-24 00:00	18.854	18.987	18.526	18.561	1743
2016-08-25 00:00	18.555	18.655	18.463	18.544	1490
2016-08-26 00:00	18.546	19.050	18.529	18.620	1574
2016-08-28 00:00	18.611	18.618	18.460	18.554	118
2016-08-29 00:00	18.554	18.881	18.380	18.867	2264
2016-08-30 00:00	18.868	18.953	18.561	18.629	2426
2016-08-31 00:00	18.627	18.855	18.537	18.694	2092
2016-09-01 00:00	18.695	18.930	18.572	18.902	2287
2016-09-02 00:00	18.902	19.431	18.739	19.424	3838
2016-09-04 00:00	19.384	19.397	19.332	19.353	119
2016-09-05 00:00	19.355	19.564	19.288	19.535	1461
2016-09-06 00:00	19.536	20.119	19.458	19.993	2784
2016-09-07 00:00	19.995	20.121	19.718	19.791	2016
2016-09-08 00:00	19.794	19.928	19.542	19.568	2438
2016-09-09 00:00	19.565	19.644	19.007	19.022	2288
2016-09-11 00:00	19.081	19.142	19.042	19.083	119
2016-09-12 00:00	19.086	19.168	18.702	19.164	2734
2016-09-13 00:00	19.166	19.277	18.781	18.933	3108
2016-09-14 00:00	18.933	19.113	18.778	18.971	2263
2016-09-15 00:00	18.971	19.187	18.806	18.978	2374
2016-09-16 00:00	18.978	19.013	18.648	18.763	2087
2016-09-18 00:00	18.773	18.838	18.762	18.804	97
2016-09-19 00:00	18.804	19.301	18.777	19.199	2134
2016-09-20 00:00	19.198	19.283	19.066	19.260	1984
2016-09-21 00:00	19.262	19.860	19.017	19.820	2712
2016-09-22 00:00	19.822	20.057	19.690	19.873	2700
2016-09-23 00:00	19.873	19.928	19.575	19.656	2307
2016-09-25 00:00	19.658	19.714	19.646	19.693	111
2016-09-26 00:00	19.693	19.733	19.342	19.428	16929
2016-09-27 00:00	19.431	19.536	18.968	19.137	16749
2016-09-28 00:00	19.133	19.238	18.906	19.218	17922
2016-09-29 00:00	19.217	19.378	18.980	19.088	17382
2016-09-30 00:00	19.088	19.690	19.049	19.148	19444
2016-10-02 00:00	19.175	19.196	19.087	19.142	151
2016-10-03 00:00	19.142	19.304	18.695	18.838	13332
2016-10-04 00:00	18.843	18.894	17.704	17.783	13953
2016-10-05 00:00	17.784	18.003	17.540	17.776	16412
2016-10-06 00:00	17.772	17.836	17.097	17.300	17086
2016-10-07 00:00	17.299	17.646	17.083	17.503	4815
2016-10-09 00:00	17.548	17.702	17.530	17.667	116
2016-10-10 00:00	17.667	17.797	17.565	17.643	9161
2016-10-11 00:00	17.643	17.821	17.419	17.507	16429
2016-10-12 00:00	17.502	17.607	17.343	17.475	12549
2016-10-13 00:00	17.474	17.672	17.400	17.478	15461
2016-10-14 00:00	17.473	17.573	17.298	17.400	16293
2016-10-16 00:00	17.418	17.441	17.378	17.436	108
2016-10-17 00:00	17.438	17.490	17.331	17.471	12801
2016-10-18 00:00	17.471	17.708	17.462	17.637	14900
2016-10-19 00:00	17.638	17.767	17.548	17.704	12808
2016-10-20 00:00	17.702	17.732	17.431	17.476	5759
2016-10-21 00:00	17.476	17.544	17.383	17.524	10648
2016-10-23 00:00	17.508	17.526	17.480	17.515	289
2016-10-24 00:00	17.512	17.872	17.453	17.568	6257
2016-10-25 00:00	17.566	17.813	17.503	17.743	3423
2016-10-26 00:00	17.743	17.858	17.558	17.627	3135
2016-10-27 00:00	17.618	17.718	17.531	17.625	2822
2016-10-28 00:00	17.627	17.899	17.537	17.746	3128
2016-10-30 00:00	17.769	17.838	17.769	17.822	97
2016-10-31 00:00	17.823	17.910	17.732	17.860	3230
2016-11-01 00:00	17.861	18.486	17.838	18.343	5037
2016-11-02 00:00	18.343	18.729	18.342	18.547	4602
2016-11-03 00:00	18.547	18.637	17.986	18.354	4563
2016-11-04 00:00	18.354	18.470	18.168	18.412	3654
2016-11-06 00:00	18.190	18.245	18.118	18.163	1013
2016-11-07 00:00	18.163	18.276	17.999	18.229	4230
2016-11-08 00:00	18.226	18.724	18.162	18.321	6625
2016-11-09 00:00	18.324	18.987	18.295	18.408	10694
2016-11-10 00:00	18.413	18.974	18.403	18.612	8087
2016-11-11 00:00	18.611	18.835	17.180	17.348	5074
2016-11-13 00:00	17.384	17.497	17.352	17.472	953
2016-11-14 00:00	17.467	17.492	16.632	16.940	5232
2016-11-15 00:00	16.938	17.127	16.788	17.071	4722
2016-11-16 00:00	17.067	17.227	16.853	16.985	6221
2016-11-17 00:00	16.984	17.088	16.574	16.669	5951
2016-11-18 00:00	16.670	16.754	16.423	16.542	5457
2016-11-20 00:00	16.569	16.573	16.518	16.550	620
2016-11-21 00:00	16.554	16.759	16.511	16.669	4283
2016-11-22 00:00	16.669	16.883	16.523	16.665	4991
2016-11-23 00:00	16.669	16.729	16.162	16.341	8685
2016-11-24 00:00	16.344	16.404	16.218	16.348	2784
2016-11-25 00:00	16.350	16.580	16.159	16.495	2755
2016-11-27 00:00	16.501	16.541	16.459	16.526	745
2016-11-28 00:00	16.526	16.856	16.464	16.677	6728
2016-11-29 00:00	16.678	16.714	16.405	16.639	5830
2016-11-30 00:00	16.634	16.760	16.403	16.493	6883
2016-12-01 00:00	16.492	16.670	16.240	16.551	5827
2016-12-02 00:00	16.549	16.795	16.309	16.728	4814
2016-12-04 00:00	16.929	16.972	16.722	16.788	1548
2016-12-05 00:00	16.788	16.884	16.488	16.736	7197
2016-12-06 00:00	16.745	16.887	16.650	16.717	3743
2016-12-07 00:00	16.717	17.225	16.640	17.140	3915
2016-12-08 00:00	17.140	17.211	16.920	17.006	4008
2016-12-09 00:00	17.004	17.113	16.775	16.840	2539
2016-12-11 00:00	16.836	16.897	16.817	16.890	951
2016-12-12 00:00	16.888	17.190	16.659	17.063	3530
2016-12-13 00:00	17.062	17.154	16.757	16.899	4254
2016-12-14 00:00	16.904	17.209	16.734	16.823	5164
2016-12-15 00:00	16.823	16.940	15.868	15.985	6683
2016-12-16 00:00	15.984	16.253	15.919	16.074	3449
2016-12-18 00:00	16.081	16.110	16.061	16.099	646
2016-12-19 00:00	16.102	16.202	15.891	15.978	4535
2016-12-20 00:00	15.978	16.086	15.619	16.043	3206
2016-12-21 00:00	16.040	16.169	15.885	15.937	3339
2016-12-22 00:00	15.937	16.026	15.750	15.814	2479
2016-12-23 00:00	15.811	15.855	15.678	15.707	1302
2016-12-26 00:00	15.771	15.805	15.747	15.768	540
2016-12-27 00:00	15.769	16.046	15.698	15.945	2177
2016-12-28 00:00	15.945	16.071	15.804	15.994	2532
2016-12-29 00:00	15.998	16.229	15.978	16.186	2769
2016-12-30 00:00	16.190	16.256	15.828	15.886	1765
2017-01-02 00:00	15.926	15.962	15.895	15.961	720
2017-01-03 00:00	15.961	16.490	15.890	16.280	5359
2017-01-04 00:00	16.279	16.512	16.241	16.469	4552
2017-01-05 00:00	16.468	16.709	16.458	16.601	6211
2017-01-06 00:00	16.599	16.660	16.239	16.468	4353
2017-01-08 00:00	16.433	16.511	16.433	16.508	624
2017-01-09 00:00	16.509	16.677	16.406	16.577	4551
2017-01-10 00:00	16.575	16.899	16.520	16.760	4897
2017-01-11 00:00	16.761	16.861	16.520	16.749	5763
2017-01-12 00:00	16.752	16.982	16.714	16.785	4408
2017-01-13 00:00	16.785	16.830	16.584	16.807	4317
2017-01-15 00:00	16.814	16.913	16.800	16.861	889
2017-01-16 00:00	16.862	16.918	16.763	16.799	2820
2017-01-17 00:00	16.796	17.207	16.788	17.142	4769
2017-01-18 00:00	17.138	17.323	17.019	17.050	3791
2017-01-19 00:00	17.050	17.108	16.722	16.983	5832
2017-01-20 00:00	16.982	17.147	16.811	17.071	3898
2017-01-22 00:00	17.090	17.163	17.080	17.146	724
2017-01-23 00:00	17.146	17.245	17.041	17.198	4952
2017-01-24 00:00	17.199	17.280	17.008	17.080	3420
2017-01-25 00:00	17.079	17.088	16.756	16.978	4480
2017-01-26 00:00	16.976	17.026	16.668	16.777	4096
2017-01-27 00:00	16.776	17.240	16.621	17.130	3617
2017-01-29 00:00	17.176	17.200	17.149	17.192	911
2017-01-30 00:00	17.183	17.268	17.047	17.132	3509
2017-01-31 00:00	17.136	17.606	17.109	17.550	3903
2017-02-01 00:00	17.550	17.626	17.347	17.552	5123
2017-02-02 00:00	17.553	17.727	17.362	17.427	3846
2017-02-03 00:00	17.438	17.535	17.280	17.498	3191
2017-02-05 00:00	17.519	17.528	17.440	17.474	718
2017-02-06 00:00	17.471	17.744	17.446	17.708	3653
2017-02-07 00:00	17.707	17.781	17.552	17.658	4219
2017-02-08 00:00	17.657	17.860	17.620	17.737	5115
2017-02-09 00:00	17.737	17.835	17.562	17.638	4659
2017-02-10 00:00	17.628	18.002	17.545	17.934	4299
2017-02-12 00:00	17.882	17.937	17.880	17.913	866
2017-02-13 00:00	17.915	17.996	17.741	17.831	3387
2017-02-14 00:00	17.831	18.065	17.733	17.937	4806
2017-02-15 00:00	17.935	17.978	17.750	17.961	4792
2017-02-16 00:00	17.961	18.129	17.927	18.060	4838
2017-02-17 00:00	18.059	18.077	17.965	17.978	3317
2017-02-19 00:00	17.985	18.025	17.963	18.002	718
2017-02-20 00:00	18.000	18.064	17.911	18.040	1891
2017-02-21 00:00	18.036	18.080	17.828	17.965	3396
2017-02-22 00:00	17.965	18.090	17.912	18.005	3541
2017-02-23 00:00	18.003	18.214	17.930	18.171	3506
2017-02-24 00:00	18.168	18.400	18.150	18.356	3422
2017-02-26 00:00	18.321	18.366	18.309	18.330	604
2017-02-27 00:00	18.330	18.480	18.195	18.287	3312
2017-02-28 00:00	18.286	18.452	18.229	18.291	4215
2017-03-01 00:00	18.287	18.454	18.220	18.376	4586
2017-03-02 00:00	18.377	18.425	17.674	17.805	4244
2017-03-03 00:00	17.813	17.976	17.619	17.963	4797
2017-03-05 00:00	17.899	17.934	17.889	17.933	617
2017-03-06 00:00	17.932	17.935	17.689	17.757	2798
2017-03-07 00:00	17.756	17.773	17.449	17.491	3438
2017-03-08 00:00	17.490	17.539	17.197	17.239	4041
2017-03-09 00:00	17.235	17.280	16.852	16.913	4099
2017-03-10 00:00	16.910	17.077	16.824	17.024	3774
2017-03-12 00:00	16.968	17.008	16.960	16.994	558
2017-03-13 00:00	16.989	17.139	16.883	16.932	2017
2017-03-14 00:00	16.924	17.044	16.854	16.913	2008
2017-03-15 00:00	16.912	17.342	16.817	17.316	2910
2017-03-16 00:00	17.327	17.552	17.236	17.297	2646
2017-03-17 00:00	17.299	17.407	17.217	17.385	1783
2017-03-19 00:00	17.395	17.406	17.377	17.403	91
2017-03-20 00:00	17.405	17.452	17.336	17.442	1659
2017-03-21 00:00	17.440	17.587	17.310	17.519	2307
2017-03-22 00:00	17.522	17.582	17.438	17.510	2255
2017-03-23 00:00	17.501	17.682	17.498	17.577	2316
2017-03-24 00:00	17.577	17.772	17.517	17.756	1732
2017-03-26 00:00	17.787	17.855	17.786	17.830	181
2017-03-27 00:00	17.829	18.125	17.817	18.041	1953
2017-03-28 00:00	18.043	18.228	17.981	18.137	2280
2017-03-29 00:00	18.135	18.247	18.017	18.204	1842
2017-03-30 00:00	18.204	18.291	18.040	18.113	2056
2017-03-31 00:00	18.112	18.259	18.030	18.249	1665
2017-04-02 00:00	18.244	18.250	18.205	18.208	110
2017-04-03 00:00	18.208	18.278	18.070	18.269	1582
2017-04-04 00:00	18.274	18.408	18.192	18.277	1796
2017-04-05 00:00	18.273	18.337	18.123	18.324	2383
2017-04-06 00:00	18.324	18.337	18.147	18.227	1785
2017-04-07 00:00	18.223	18.463	17.850	17.974	3051
2017-04-09 00:00	17.866	18.021	17.866	17.987	104
2017-04-10 00:00	17.991	18.003	17.735	17.954	2015
2017-04-11 00:00	17.957	18.369	17.899	18.362	2401
2017-04-12 00:00	18.363	18.527	18.235	18.506	2180
2017-04-13 00:00	18.505	18.597	18.405	18.527	2162
2017-04-16 00:00	18.582	18.622	18.539	18.608	99
2017-04-17 00:00	18.606	18.643	18.352	18.365	1661
2017-04-18 00:00	18.367	18.430	18.066	18.289	2459
2017-04-19 00:00	18.296	18.296	18.084	18.193	2178
2017-04-20 00:00	18.188	18.227	17.862	18.009	2612
2017-04-21 00:00	18.003	18.039	17.795	17.906	2375
2017-04-23 00:00	17.743	17.861	17.613	17.858	119
2017-04-24 00:00	17.859	18.001	17.714	17.961	2033
2017-04-25 00:00	17.961	17.996	17.548	17.616	2430
2017-04-26 00:00	17.616	17.628	17.311	17.444	3410
2017-04-27 00:00	17.442	17.490	17.221	17.290	2205
2017-04-28 00:00	17.300	17.415	17.152	17.180	1831
2017-04-30 00:00	17.130	17.248	17.130	17.237	89
2017-05-01 00:00	17.237	17.238	16.793	16.899	1521
2017-05-02 00:00	16.899	16.998	16.781	16.856	1405
2017-05-03 00:00	16.856	16.880	16.398	16.466	1635
2017-05-04 00:00	16.465	16.631	16.205	16.358	1974
2017-05-05 00:00	16.360	16.513	16.216	16.287	1735
2017-05-07 00:00	16.290	16.441	16.237	16.441	114
2017-05-08 00:00	16.436	16.441	16.199	16.281	1457
2017-05-09 00:00	16.278	16.310	16.053	16.190	1574
2017-05-10 00:00	16.190	16.340	16.140	16.175	1433
2017-05-11 00:00	16.185	16.387	16.168	16.328	1448
2017-05-12 00:00	16.329	16.483	16.303	16.449	1393
2017-05-14 00:00	16.447	16.490	16.435	16.457	84
2017-05-15 00:00	16.461	16.815	16.415	16.648	1651
2017-05-16 00:00	16.654	16.934	16.650	16.922	1775
2017-05-17 00:00	16.920	17.031	16.755	16.925	1805
2017-05-18 00:00	16.928	16.949	16.437	16.653	1838
2017-05-19 00:00	16.651	16.873	16.609	16.821	1512
2017-05-21 00:00	16.855	17.145	16.824	16.977	120
2017-05-22 00:00	16.981	17.207	16.838	17.186	1771
2017-05-23 00:00	17.183	17.301	17.028	17.052	1732
2017-05-24 00:00	17.061	17.230	16.891	17.173	1580
2017-05-25 00:00	17.179	17.261	17.092	17.139	1895
2017-05-26 00:00	17.133	17.381	17.120	17.309	1918
2017-05-28 00:00	17.258	17.379	17.254	17.376	104
2017-05-29 00:00	17.374	17.439	17.313	17.376	965
2017-05-30 00:00	17.376	17.464	17.210	17.345	2069
2017-05-31 00:00	17.339	17.419	17.230	17.337	2256
2017-06-01 00:00	17.338	17.374	17.000	17.212	2217
2017-06-02 00:00	17.213	17.574	17.125	17.547	2079
2017-06-04 00:00	17.538	17.577	17.511	17.561	112
2017-06-05 00:00	17.560	17.642	17.488	17.530	1850
2017-06-06 00:00	17.530	17.738	17.515	17.686	2005
2017-06-07 00:00	17.685	17.726	17.505	17.534	2074
2017-06-08 00:00	17.533	17.683	17.291	17.430	2553
2017-06-09 00:00	17.430	17.434	17.172	17.177	1971
2017-06-11 00:00	17.179	17.203	17.153	17.175	106
2017-06-12 00:00	17.175	17.225	16.904	16.940	2169
2017-06-13 00:00	16.941	16.948	16.722	16.842	2243
2017-06-14 00:00	16.842	17.357	16.800	16.957	3203
2017-06-15 00:00	16.957	17.078	16.646	16.752	2912
2017-06-16 00:00	16.753	16.824	16.647	16.662	1919
2017-06-18 00:00	16.661	16.697	16.656	16.696	111
2017-06-19 00:00	16.695	16.701	16.470	16.488	1959
2017-06-20 00:00	16.488	16.633	16.393	16.498	2101
2017-06-21 00:00	16.499	16.529	16.349	16.494	1750
2017-06-22 00:00	16.491	16.673	16.491	16.598	1905
2017-06-23 00:00	16.601	16.788	16.560	16.688	1562
2017-06-25 00:00	16.634	16.737	16.624	16.702	104
2017-06-26 00:00	16.706	16.715	16.264	16.569	2444
2017-06-27 00:00	16.567	16.748	16.522	16.685	2279
2017-06-28 00:00	16.685	16.856	16.678	16.814	2489
2017-06-29 00:00	16.819	16.893	16.594	16.640	2380
2017-06-30 00:00	16.642	16.694	16.507	16.541	2285
2017-07-02 00:00	16.609	16.635	16.602	16.617	109
2017-07-03 00:00	16.620	16.628	16.091	16.182	2590
2017-07-04 00:00	16.178	16.199	16.039	16.152	1575
2017-07-05 00:00	16.150	16.216	15.877	16.074	2345
2017-07-06 00:00	16.072	16.167	15.092	15.820	1957
2017-07-07 00:00	15.818	15.993	15.354	15.574	2212
2017-07-09 00:00	15.605	15.619	15.548	15.598	102
2017-07-10 00:00	15.599	15.733	15.177	15.673	2643
2017-07-11 00:00	15.678	15.852	15.456	15.851	2742
2017-07-12 00:00	15.853	16.017	15.738	15.898	2889
2017-07-13 00:00	15.896	15.976	15.669	15.685	2673
2017-07-14 00:00	15.687	16.078	15.600	15.975	2681
2017-07-16 00:00	15.971	16.040	15.961	16.040	118
2017-07-17 00:00	16.038	16.196	15.965	16.092	2065
2017-07-18 00:00	16.091	16.326	16.084	16.278	2373
2017-07-19 00:00	16.279	16.355	16.147	16.285	1866
2017-07-20 00:00	16.285	16.409	16.131	16.307	2751
2017-07-21 00:00	16.304	16.520	16.293	16.506	1981
2017-07-23 00:00	16.480	16.519	16.451	16.516	164
2017-07-24 00:00	16.517	16.583	16.416	16.451	2060
2017-07-25 00:00	16.448	16.610	16.241	16.401	2471
2017-07-26 00:00	16.402	16.687	16.294	16.615	2974
2017-07-27 00:00	16.615	16.810	16.535	16.576	2584
2017-07-28 00:00	16.577	16.745	16.512	16.731	2304
2017-07-30 00:00	16.755	16.785	16.745	16.771	121
2017-07-31 00:00	16.767	16.871	16.668	16.783	2191
2017-08-01 00:00	16.781	16.881	16.544	16.649	2309
2017-08-02 00:00	16.648	16.761	16.384	16.518	2460
2017-08-03 00:00	16.525	16.690	16.429	16.663	2314
2017-08-04 00:00	16.663	16.745	16.190	16.228	2752
2017-08-06 00:00	16.251	16.251	16.210	16.224	111
2017-08-07 00:00	16.225	16.291	16.118	16.252	2113
2017-08-08 00:00	16.252	16.486	16.226	16.468	2279
2017-08-09 00:00	16.465	16.952	16.455	16.902	3205
2017-08-10 00:00	16.901	17.234	16.851	17.107	2774
2017-08-11 00:00	17.105	17.191	16.884	17.085	1880
2017-08-13 00:00	17.101	17.103	17.040	17.075	84
2017-08-14 00:00	17.078	17.202	16.918	16.970	2729
2017-08-15 00:00	16.972	16.995	16.570	16.658	2862
2017-08-16 00:00	16.655	17.125	16.621	17.080	3104
2017-08-17 00:00	17.077	17.165	16.963	17.036	3437
2017-08-18 00:00	17.036	17.307	16.919	16.937	3900
2017-08-20 00:00	16.930	16.939	16.822	16.897	109
2017-08-21 00:00	16.897	17.117	16.895	17.010	2733
2017-08-22 00:00	17.012	17.109	16.871	16.950	2582
2017-08-23 00:00	16.950	17.096	16.908	17.065	2427
2017-08-24 00:00	17.060	17.096	16.815	16.944	2945
2017-08-25 00:00	16.944	17.175	16.720	17.045	3057
2017-08-27 00:00	17.049	17.185	17.031	17.040	104
2017-08-28 00:00	17.040	17.553	17.015	17.458	2490
2017-08-29 00:00	17.460	17.660	17.268	17.349	3951
2017-08-30 00:00	17.349	17.470	17.300	17.376	2766
2017-08-31 00:00	17.377	17.614	17.267	17.547	2788
2017-09-01 00:00	17.546	17.743	17.396	17.698	2788
2017-09-03 00:00	17.674	17.869	17.674	17.843	145
2017-09-04 00:00	17.843	17.932	17.771	17.822	1571
2017-09-05 00:00	17.822	18.001	17.775	17.926	3209
2017-09-06 00:00	17.926	17.983	17.803	17.835	2970
2017-09-07 00:00	17.836	18.138	17.788	18.108	3239
2017-09-08 00:00	18.109	18.205	17.884	17.949	2769
2017-09-10 00:00	17.771	17.859	17.758	17.835	96
2017-09-11 00:00	17.832	17.909	17.687	17.780	2056
2017-09-12 00:00	17.782	17.952	17.709	17.848	2289
2017-09-13 00:00	17.849	17.953	17.638	17.740	2402
2017-09-14 00:00	17.739	17.839	17.583	17.821	2407
2017-09-15 00:00	17.823	17.830	17.556	17.566	3201
2017-09-17 00:00	17.562	17.582	17.524	17.534	104
2017-09-18 00:00	17.539	17.615	17.049	17.204	2723
2017-09-19 00:00	17.210	17.319	17.110	17.295	2634
2017-09-20 00:00	17.290	17.387	16.958	17.120	2505
2017-09-21 00:00	17.119	17.145	16.826	16.986	3660
2017-09-22 00:00	16.985	17.055	16.895	16.949	2374
2017-09-24 00:00	16.961	16.972	16.874	16.911	174
2017-09-25 00:00	16.912	17.164	16.827	17.111	3181
2017-09-26 00:00	17.111	17.242	16.771	16.802	2852
2017-09-27 00:00	16.801	16.902	16.713	16.769	2757
2017-09-28 00:00	16.770	16.892	16.672	16.840	2784
2017-09-29 00:00	16.838	16.869	16.606	16.611	3256
2017-10-01 00:00	16.624	16.641	16.599	16.621	85
2017-10-02 00:00	16.620	16.722	16.537	16.579	2419
2017-10-03 00:00	16.580	16.658	16.543	16.633	2045
2017-10-04 00:00	16.634	16.877	16.536	16.580	2607
2017-10-05 00:00	16.579	16.736	16.552	16.608	2403
2017-10-06 00:00	16.606	16.853	16.322	16.808	3158
2017-10-08 00:00	16.781	16.829	16.763	16.805	80
2017-10-09 00:00	16.803	16.981	16.785	16.957	2083
2017-10-10 00:00	16.944	17.243	16.922	17.137	3374
2017-10-11 00:00	17.146	17.223	17.044	17.183	3294
2017-10-12 00:00	17.183	17.251	17.104	17.237	2915
2017-10-13 00:00	17.229	17.397	17.179	17.383	3188
2017-10-15 00:00	17.383	17.416	17.358	17.410	110
2017-10-16 00:00	17.410	17.453	17.104	17.221	3277
2017-10-17 00:00	17.221	17.242	16.952	17.049	3640
2017-10-18 00:00	17.050	17.095	16.888	16.979	3342
2017-10-19 00:00	16.982	17.279	16.901	17.257	4209
2017-10-20 00:00	17.257	17.266	16.923	17.023	4192
2017-10-22 00:00	16.996	17.013	16.944	16.958	130
2017-10-23 00:00	16.958	17.098	16.850	17.086	3483
2017-10-24 00:00	17.086	17.137	16.867	16.901	3270
2017-10-25 00:00	16.900	17.022	16.797	16.970	3708
2017-10-26 00:00	16.966	17.024	16.734	16.779	3389
2017-10-27 00:00	16.778	16.852	16.589	16.834	3769
2017-10-29 00:00	16.826	16.841	16.797	16.823	93
2017-10-30 00:00	16.824	16.886	16.679	16.856	2846
2017-10-31 00:00	16.854	16.886	16.631	16.689	2866
2017-11-01 00:00	16.689	17.186	16.653	17.117	4773
2017-11-02 00:00	17.107	17.232	17.027	17.143	5435
2017-11-03 00:00	17.142	17.168	16.775	16.813	3946
2017-11-05 00:00	16.808	16.864	16.798	16.856	393
2017-11-06 00:00	16.859	17.248	16.792	17.168	4164
2017-11-07 00:00	17.168	17.182	16.908	16.991	5485
2017-11-08 00:00	16.990	17.242	16.966	17.044	5376
2017-11-09 00:00	17.043	17.132	16.908	17.000	6430
2017-11-10 00:00	17.001	17.090	16.788	16.860	5246
2017-11-12 00:00	16.857	16.906	16.851	16.901	389
2017-11-13 00:00	16.901	17.062	16.821	17.020	4378
2017-11-14 00:00	17.019	17.083	16.861	17.018	4962
2017-11-15 00:00	17.019	17.192	16.939	16.987	5460
2017-11-16 00:00	16.986	17.116	16.951	17.083	5034
2017-11-17 00:00	17.082	17.370	17.020	17.292	3532
2017-11-19 00:00	17.283	17.283	17.226	17.257	560
2017-11-20 00:00	17.259	17.265	16.822	16.949	5445
2017-11-21 00:00	16.950	17.047	16.902	16.971	5349
2017-11-22 00:00	16.972	17.161	16.940	17.086	5371
2017-11-23 00:00	17.087	17.146	17.056	17.086	2659
2017-11-24 00:00	17.083	17.152	16.964	17.025	3717
2017-11-26 00:00	17.006	17.042	17.005	17.031	318
2017-11-27 00:00	17.037	17.186	16.999	17.051	3895
2017-11-28 00:00	17.052	17.108	16.759	16.878	6212
2017-11-29 00:00	16.877	16.910	16.507	16.561	6244
2017-11-30 00:00	16.560	16.582	16.307	16.435	5151
2017-12-01 00:00	16.436	16.546	16.234	16.411	4705
2017-12-03 00:00	16.342	16.402	16.325	16.379	437
2017-12-04 00:00	16.378	16.423	16.239	16.335	3623
2017-12-05 00:00	16.338	16.353	16.019	16.116	4327
2017-12-06 00:00	16.115	16.137	15.904	15.964	4063
2017-12-07 00:00	15.969	15.983	15.632	15.725	3754
2017-12-08 00:00	15.727	15.884	15.697	15.818	3329
2017-12-10 00:00	15.819	15.851	15.810	15.824	299
2017-12-11 00:00	15.825	15.874	15.678	15.726	2855
2017-12-12 00:00	15.725	15.807	15.606	15.720	3105
2017-12-13 00:00	15.716	16.139	15.661	16.030	4103
2017-12-14 00:00	16.029	16.117	15.820	15.899	3013
2017-12-15 00:00	15.895	16.075	15.887	16.017	2685
2017-12-17 00:00	16.003	16.033	16.001	16.016	401
2017-12-18 00:00	16.015	16.163	16.001	16.120	3024
2017-12-19 00:00	16.119	16.215	16.036	16.123	3236
2017-12-20 00:00	16.123	16.254	16.080	16.183	3234
2017-12-21 00:00	16.183	16.242	16.077	16.134	3026
2017-12-22 00:00	16.133	16.416	16.100	16.343	3205
2017-12-25 00:00	16.312	16.330	16.305	16.305	38
2017-12-26 00:00	16.308	16.553	16.308	16.532	1393
2017-12-27 00:00	16.532	16.719	16.474	16.676	4051
2017-12-28 00:00	16.676	16.878	16.657	16.827	3566
2017-12-29 00:00	16.829	17.102	16.805	16.942	3873
2018-01-01 00:00	16.950	17.009	16.949	17.004	44
2018-01-02 00:00	17.003	17.201	16.918	17.191	4457
2018-01-03 00:00	17.191	17.230	17.015	17.090	4168
2018-01-04 00:00	17.091	17.266	16.972	17.166	4560
2018-01-05 00:00	17.167	17.274	17.089	17.187	4092
2018-01-07 00:00	17.216	17.238	17.205	17.226	248
2018-01-08 00:00	17.227	17.247	17.035	17.089	3823
2018-01-09 00:00	17.088	17.128	16.897	16.933	3892
2018-01-10 00:00	16.932	17.178	16.898	16.986	6340
2018-01-11 00:00	16.986	17.037	16.861	16.998	3962
2018-01-12 00:00	16.996	17.277	16.987	17.213	4341
2018-01-14 00:00	17.201	17.238	17.192	17.216	347
2018-01-15 00:00	17.217	17.417	17.197	17.353	2770
2018-01-16 00:00	17.353	17.353	16.855	17.204	4444
2018-01-17 00:00	17.205	17.283	16.977	17.024	5054
2018-01-18 00:00	17.025	17.123	16.898	16.968	4525
2018-01-19 00:00	16.967	17.120	16.945	17.002	3944
2018-01-21 00:00	17.038	17.084	17.005	17.060	613
2018-01-22 00:00	17.059	17.081	16.936	17.004	3658
2018-01-23 00:00	17.005	17.087	16.738	17.047	4880
2018-01-24 00:00	17.044	17.612	16.981	17.511	4962
2018-01-25 00:00	17.510	17.693	17.125	17.313	5867
2018-01-26 00:00	17.315	17.534	17.300	17.368	3194
2018-01-28 00:00	17.404	17.447	17.351	17.419	1119
2018-01-29 00:00	17.415	17.474	17.102	17.173	3587
2018-01-30 00:00	17.168	17.327	17.066	17.120	5049
2018-01-31 00:00	17.111	17.389	17.085	17.349	5486
2018-02-01 00:00	17.350	17.357	17.093	17.200	4489
2018-02-02 00:00	17.196	17.244	16.550	16.564	3172
2018-02-04 00:00	16.585	16.660	16.534	16.626	1022
2018-02-05 00:00	16.627	16.896	16.590	16.769	4485
2018-02-06 00:00	16.765	16.978	16.573	16.659	7780
2018-02-07 00:00	16.660	16.768	16.256	16.397	5636
2018-02-08 00:00	16.397	16.466	16.233	16.432	5538
2018-02-09 00:00	16.430	16.441	16.177	16.315	5032
2018-02-11 00:00	16.338	16.364	16.313	16.356	501
2018-02-12 00:00	16.357	16.613	16.349	16.543	3437
2018-02-13 00:00	16.543	16.676	16.446	16.600	3902
2018-02-14 00:00	16.601	16.922	16.326	16.891	4241
2018-02-15 00:00	16.893	16.973	16.636	16.853	4571
2018-02-16 00:00	16.849	16.938	16.604	16.615	4599
2018-02-18 00:00	16.660	16.673	16.616	16.640	815
2018-02-19 00:00	16.640	16.724	16.605	16.648	2857
2018-02-20 00:00	16.647	16.667	16.413	16.462	4228
2018-02-21 00:00	16.462	16.760	16.381	16.518	4357
2018-02-22 00:00	16.519	16.678	16.389	16.594	3633
2018-02-23 00:00	16.595	16.631	16.487	16.495	2806
2018-02-25 00:00	16.506	16.527	16.469	16.489	863
2018-02-26 00:00	16.490	16.760	16.468	16.629	3867
2018-02-27 00:00	16.629	16.689	16.324	16.415	3714
2018-02-28 00:00	16.415	16.501	16.345	16.403	3205
2018-03-01 00:00	16.398	16.541	16.147	16.458	4874
2018-03-02 00:00	16.453	16.569	16.378	16.480	2945
2018-03-04 00:00	16.502	16.529	16.470	16.515	979
2018-03-05 00:00	16.510	16.590	16.349	16.425	3267
2018-03-06 00:00	16.424	16.853	16.397	16.770	4024
2018-03-07 00:00	16.775	16.799	16.415	16.476	3655
2018-03-08 00:00	16.475	16.561	16.416	16.477	3593
2018-03-09 00:00	16.478	16.679	16.337	16.550	3042
2018-03-11 00:00	16.585	16.602	16.571	16.591	139
2018-03-12 00:00	16.594	16.600	16.425	16.548	2087
2018-03-13 00:00	16.548	16.659	16.415	16.585	2854
2018-03-14 00:00	16.581	16.649	16.500	16.553	2542
2018-03-15 00:00	16.549	16.569	16.363	16.390	1883
2018-03-16 00:00	16.387	16.492	16.210	16.301	1831
2018-03-18 00:00	16.311	16.329	16.268	16.302	114
2018-03-19 00:00	16.303	16.350	16.222	16.318	2434
2018-03-20 00:00	16.318	16.340	16.114	16.178	2115
2018-03-21 00:00	16.178	16.641	16.175	16.538	4049
2018-03-22 00:00	16.537	16.603	16.331	16.443	3244
2018-03-23 00:00	16.442	16.662	16.432	16.526	3427
2018-03-25 00:00	16.550	16.650	16.550	16.608	126
2018-03-26 00:00	16.608	16.781	16.521	16.703	2657
2018-03-27 00:00	16.698	16.797	16.466	16.532	2815
2018-03-28 00:00	16.530	16.558	16.240	16.306	2417
2018-03-29 00:00	16.305	16.359	16.185	16.352	2175
2018-04-01 00:00	16.349	16.410	16.340	16.384	175
2018-04-02 00:00	16.384	16.672	16.377	16.583	2609
2018-04-03 00:00	16.581	16.611	16.349	16.408	2284
2018-04-04 00:00	16.408	16.524	16.241	16.302	2919
2018-04-05 00:00	16.301	16.423	16.178	16.409	2488
2018-04-06 00:00	16.408	16.489	16.257	16.347	3116
2018-04-08 00:00	16.415	16.425	16.388	16.398	121
2018-04-09 00:00	16.399	16.548	16.313	16.484	1963
2018-04-10 00:00	16.484	16.645	16.425	16.583	1309
2018-04-11 00:00	16.583	16.865	16.522	16.679	1461
2018-04-12 00:00	16.679	16.687	16.435	16.477	1690
2018-04-13 00:00	16.477	16.678	16.454	16.633	1760
2018-04-15 00:00	16.659	16.662	16.559	16.623	184
2018-04-16 00:00	16.624	16.765	16.545	16.691	1870
2018-04-17 00:00	16.690	16.797	16.579	16.757	1902
2018-04-18 00:00	16.758	17.254	16.715	17.194	2343
2018-04-19 00:00	17.196	17.348	17.082	17.222	2755
2018-04-20 00:00	17.225	17.247	17.035	17.085	1782
2018-04-22 00:00	17.094	17.107	17.056	17.075	128
2018-04-23 00:00	17.077	17.102	16.582	16.637	2233
2018-04-24 00:00	16.636	16.748	16.557	16.729	2144
2018-04-25 00:00	16.728	16.728	16.495	16.570	2322
2018-04-26 00:00	16.568	16.611	16.413	16.536	2171
2018-04-27 00:00	16.536	16.559	16.427	16.484	1767
2018-04-29 00:00	16.501	16.518	16.476	16.514	74
2018-04-30 00:00	16.510	16.534	16.192	16.311	1865
2018-05-01 00:00	16.312	16.333	16.045	16.176	1838
2018-05-02 00:00	16.177	16.520	16.176	16.384	2227
2018-05-03 00:00	16.385	16.579	16.350	16.440	1991
2018-05-04 00:00	16.440	16.513	16.346	16.496	1640
2018-05-06 00:00	16.488	16.524	16.488	16.501	95
2018-05-07 00:00	16.501	16.559	16.397	16.493	1732
2018-05-08 00:00	16.493	16.515	16.307	16.487	2279
2018-05-09 00:00	16.490	16.613	16.341	16.476	2101
2018-05-10 00:00	16.476	16.742	16.466	16.698	2206
2018-05-11 00:00	16.694	16.828	16.613	16.619	1749
2018-05-13 00:00	16.667	16.692	16.648	16.690	91
2018-05-14 00:00	16.686	16.728	16.490	16.520	1705
2018-05-15 00:00	16.519	16.546	16.195	16.270	2227
2018-05-16 00:00	16.266	16.416	16.179	16.371	1868
2018-05-17 00:00	16.369	16.486	16.321	16.418	1649
2018-05-18 00:00	16.413	16.460	16.356	16.410	1532
2018-05-20 00:00	16.406	16.452	16.403	16.438	109
2018-05-21 00:00	16.438	16.519	16.259	16.499	1787
2018-05-22 00:00	16.498	16.661	16.441	16.550	1700
2018-05-23 00:00	16.550	16.575	16.310	16.465	2297
2018-05-24 00:00	16.464	16.687	16.397	16.647	1735
2018-05-25 00:00	16.641	16.703	16.457	16.457	1854
2018-05-27 00:00	16.485	16.492	16.454	16.484	97
2018-05-28 00:00	16.485	16.499	16.421	16.475	1462
2018-05-29 00:00	16.478	16.498	16.303	16.395	2531
2018-05-30 00:00	16.395	16.548	16.308	16.503	1874
2018-05-31 00:00	16.504	16.587	16.382	16.431	2042
2018-06-01 00:00	16.414	16.495	16.305	16.386	1903
2018-06-03 00:00	16.397	16.410	16.381	16.394	93
2018-06-04 00:00	16.394	16.535	16.361	16.400	1738
2018-06-05 00:00	16.400	16.525	16.355	16.490	1874
2018-06-06 00:00	16.487	16.728	16.484	16.674	1792
2018-06-07 00:00	16.673	16.892	16.635	16.721	2176
2018-06-08 00:00	16.721	16.821	16.613	16.745	1837
2018-06-10 00:00	16.775	16.777	16.732	16.753	97
2018-06-11 00:00	16.751	16.942	16.741	16.896	1748
2018-06-12 00:00	16.896	16.948	16.742	16.840	1861
2018-06-13 00:00	16.841	17.101	16.793	17.015	2137
2018-06-14 00:00	17.017	17.307	16.924	17.164	3397
2018-06-15 00:00	17.161	17.244	16.446	16.525	3850
2018-06-17 00:00	16.532	16.574	16.526	16.568	148
2018-06-18 00:00	16.567	16.621	16.410	16.520	2939
2018-06-19 00:00	16.520	16.543	16.230	16.310	3248
2018-06-20 00:00	16.310	16.362	16.244	16.308	3001
2018-06-21 00:00	16.308	16.351	16.189	16.315	3392
2018-06-22 00:00	16.316	16.477	16.301	16.411	2948
2018-06-24 00:00	16.425	16.483	16.425	16.469	130
2018-06-25 00:00	16.468	16.475	16.278	16.316	3349
2018-06-26 00:00	16.317	16.350	16.141	16.270	3539
2018-06-27 00:00	16.270	16.293	15.959	16.089	3932
2018-06-28 00:00	16.089	16.124	15.912	16.005	3954
2018-06-29 00:00	16.006	16.155	15.954	16.069	3732
2018-07-01 00:00	16.059	16.118	16.056	16.106	125
2018-07-02 00:00	16.100	16.115	15.760	15.848	3368
2018-07-03 00:00	15.848	16.033	15.775	16.024	3180
2018-07-04 00:00	16.023	16.142	15.984	16.075	2317
2018-07-05 00:00	16.075	16.091	15.921	16.044	3294
2018-07-06 00:00	16.044	16.091	15.940	15.998	2484
2018-07-08 00:00	16.032	16.058	16.024	16.053	116
2018-07-09 00:00	16.052	16.204	16.031	16.106	2626
2018-07-10 00:00	16.105	16.155	15.889	16.006	3010
2018-07-11 00:00	16.006	16.015	15.764	15.804	3678
2018-07-12 00:00	15.800	15.986	15.750	15.931	2823
2018-07-13 00:00	15.931	15.981	15.660	15.781	2964
2018-07-15 00:00	15.762	15.819	15.762	15.805	107
2018-07-16 00:00	15.803	15.868	15.734	15.789	2473
2018-07-17 00:00	15.787	15.854	15.550	15.563	3353
2018-07-18 00:00	15.563	15.605	15.385	15.552	2926
2018-07-19 00:00	15.550	15.566	15.169	15.316	4275
2018-07-20 00:00	15.315	15.534	15.231	15.481	3656
2018-07-22 00:00	15.506	15.531	15.476	15.520	135
2018-07-23 00:00	15.523	15.551	15.340	15.375	3174
2018-07-24 00:00	15.374	15.588	15.320	15.479	3190
2018-07-25 00:00	15.479	15.622	15.437	15.613	3460
2018-07-26 00:00	15.612	15.656	15.359	15.404	3120
2018-07-27 00:00	15.404	15.529	15.318	15.454	2895
2018-07-29 00:00	15.464	15.502	15.460	15.480	103
2018-07-30 00:00	15.479	15.535	15.389	15.494	2327
2018-07-31 00:00	15.495	15.600	15.353	15.509	3065
2018-08-01 00:00	15.510	15.524	15.360	15.393	3070
2018-08-02 00:00	15.393	15.465	15.275	15.309	3395
2018-08-03 00:00	15.309	15.544	15.235	15.372	3294
2018-08-05 00:00	15.406	15.433	15.400	15.430	121
2018-08-06 00:00	15.428	15.482	15.265	15.310	2759
2018-08-07 00:00	15.310	15.479	15.294	15.388	2685
2018-08-08 00:00	15.388	15.458	15.276	15.410	2795
2018-08-09 00:00	15.410	15.503	15.356	15.426	2891
2018-08-10 00:00	15.427	15.438	15.265	15.271	3777
2018-08-12 00:00	15.293	15.324	15.292	15.307	109
2018-08-13 00:00	15.312	15.312	14.954	14.988	3403
2018-08-14 00:00	14.987	15.102	14.978	15.033	3113
2018-08-15 00:00	15.033	15.043	14.357	14.427	3970
2018-08-16 00:00	14.429	14.827	14.326	14.660	4539
2018-08-17 00:00	14.659	14.806	14.583	14.771	3647
2018-08-19 00:00	14.768	14.779	14.740	14.775	127
2018-08-20 00:00	14.773	14.841	14.638	14.759	3088
2018-08-21 00:00	14.762	14.837	14.709	14.772	2865
2018-08-22 00:00	14.772	14.869	14.683	14.721	3137
2018-08-23 00:00	14.714	14.726	14.466	14.499	3173
2018-08-24 00:00	14.497	14.866	14.476	14.779	3329
2018-08-26 00:00	14.849	14.858	14.806	14.854	153
2018-08-27 00:00	14.854	14.910	14.742	14.886	2769
2018-08-28 00:00	14.886	14.988	14.664	14.744	3326
2018-08-29 00:00	14.744	14.788	14.654	14.754	2892
2018-08-30 00:00	14.754	14.754	14.496	14.550	3339
2018-08-31 00:00	14.550	14.705	14.478	14.495	2896
2018-09-02 00:00	14.520	14.528	14.502	14.514	116
2018-09-03 00:00	14.512	14.543	14.385	14.479	2042
2018-09-04 00:00	14.479	14.506	13.999	14.159	3556
2018-09-05 00:00	14.161	14.226	14.081	14.190	3031
2018-09-06 00:00	14.189	14.297	14.103	14.170	3215
2018-09-07 00:00	14.171	14.247	14.068	14.135	3654
2018-09-09 00:00	14.132	14.162	14.129	14.157	129
2018-09-10 00:00	14.153	14.242	14.068	14.146	3174
2018-09-11 00:00	14.147	14.220	13.933	14.115	3028
2018-09-12 00:00	14.114	14.272	14.063	14.238	3503
2018-09-13 00:00	14.238	14.344	14.137	14.179	3206
2018-09-14 00:00	14.179	14.276	13.998	14.004	3009
2018-09-16 00:00	14.046	14.065	14.021	14.047	129
2018-09-17 00:00	14.047	14.240	14.032	14.093	3059
2018-09-18 00:00	14.093	14.224	14.065	14.163	3595
2018-09-19 00:00	14.167	14.330	14.139	14.238	3185
2018-09-20 00:00	14.239	14.346	14.162	14.322	3630
2018-09-21 00:00	14.322	14.425	14.136	14.258	3929
2018-09-23 00:00	14.275	14.282	14.243	14.264	114
2018-09-24 00:00	14.264	14.384	14.185	14.260	3108
2018-09-25 00:00	14.260	14.549	14.209	14.460	3139
2018-09-26 00:00	14.461	14.503	14.292	14.376	3656
2018-09-27 00:00	14.376	14.451	14.171	14.254	4215
2018-09-28 00:00	14.252	14.710	14.224	14.619	3208
2018-09-30 00:00	14.659	14.675	14.637	14.647	122
2018-10-01 00:00	14.647	14.647	14.363	14.489	3529
2018-10-02 00:00	14.486	14.901	14.434	14.735	3392
2018-10-03 00:00	14.735	14.815	14.611	14.620	3640
2018-10-04 00:00	14.620	14.759	14.523	14.578	3613
2018-10-05 00:00	14.578	14.709	14.508	14.599	3099
2018-10-07 00:00	14.635	14.655	14.627	14.640	131
2018-10-08 00:00	14.640	14.652	14.258	14.389	3492
2018-10-09 00:00	14.389	14.431	14.256	14.390	3096
2018-10-10 00:00	14.390	14.421	14.245	14.319	3269
2018-10-11 00:00	14.319	14.616	14.250	14.561	4845
2018-10-12 00:00	14.562	14.696	14.503	14.563	3723
2018-10-14 00:00	14.585	14.636	14.574	14.617	137
2018-10-15 00:00	14.618	14.767	14.591	14.691	3216
2018-10-16 00:00	14.691	14.840	14.608	14.649	3054
2018-10-17 00:00	14.649	14.715	14.576	14.604	3180
2018-10-18 00:00	14.603	14.652	14.442	14.571	3438
2018-10-19 00:00	14.571	14.711	14.549	14.603	3032
2018-10-21 00:00	14.622	14.656	14.616	14.639	130
2018-10-22 00:00	14.639	14.683	14.511	14.554	3064
2018-10-23 00:00	14.554	14.800	14.511	14.751	3521
2018-10-24 00:00	14.750	14.795	14.636	14.684	3191
2018-10-25 00:00	14.684	14.770	14.597	14.628	3394
2018-10-26 00:00	14.625	14.765	14.565	14.665	3762
2018-10-28 00:00	14.676	14.710	14.676	14.687	137
2018-10-29 00:00	14.688	14.753	14.403	14.483	3493
2018-10-30 00:00	14.480	14.523	14.368	14.456	3422
2018-10-31 00:00	14.457	14.461	14.227	14.272	3117
2018-11-01 00:00	14.272	14.815	14.266	14.738	3850
2018-11-02 00:00	14.732	14.904	14.630	14.707	4170
2018-11-04 00:00	14.722	14.752	14.719	14.744	424
2018-11-05 00:00	14.743	14.761	14.547	14.637	3391
2018-11-06 00:00	14.638	14.707	14.478	14.539	3425
2018-11-07 00:00	14.529	14.714	14.468	14.560	4322
2018-11-08 00:00	14.560	14.584	14.354	14.428	3985
2018-11-09 00:00	14.430	14.430	14.097	14.120	3273
2018-11-11 00:00	14.144	14.178	14.143	14.178	496
2018-11-12 00:00	14.178	14.203	13.928	14.017	4464
2018-11-13 00:00	14.016	14.119	13.947	14.016	4062
2018-11-14 00:00	14.012	14.183	13.887	14.132	4130
2018-11-15 00:00	14.131	14.344	14.086	14.279	4742
2018-11-16 00:00	14.282	14.413	14.231	14.375	3559
2018-11-18 00:00	14.391	14.410	14.378	14.406	542
2018-11-19 00:00	14.404	14.433	14.338	14.418	3428
2018-11-20 00:00	14.417	14.484	14.218	14.314	4538
2018-11-21 00:00	14.314	14.547	14.267	14.482	3658
2018-11-22 00:00	14.483	14.534	14.440	14.485	2115
2018-11-23 00:00	14.474	14.497	14.183	14.259	2701
2018-11-25 00:00	14.290	14.314	14.233	14.297	490
2018-11-26 00:00	14.297	14.429	14.170	14.241	3099
2018-11-27 00:00	14.239	14.300	14.073	14.149	4676
2018-11-28 00:00	14.148	14.385	14.110	14.315	3486
2018-11-29 00:00	14.317	14.382	14.251	14.304	3230
2018-11-30 00:00	14.306	14.332	14.046	14.142	2515
2018-12-02 00:00	14.231	14.265	14.194	14.226	621
2018-12-03 00:00	14.228	14.556	14.193	14.393	3572
2018-12-04 00:00	14.393	14.654	14.379	14.525	3504
2018-12-05 00:00	14.525	14.533	14.412	14.491	3619
2018-12-06 00:00	14.490	14.499	14.334	14.460	3779
2018-12-07 00:00	14.460	14.638	14.426	14.578	3176
2018-12-09 00:00	14.616	14.634	14.569	14.600	653
2018-12-10 00:00	14.600	14.623	14.469	14.523	3580
2018-12-11 00:00	14.526	14.712	14.503	14.562	3587
2018-12-12 00:00	14.559	14.786	14.532	14.733	3447
2018-12-13 00:00	14.730	14.798	14.670	14.735	3076
2018-12-14 00:00	14.735	14.741	14.485	14.535	2646
2018-12-16 00:00	14.550	14.571	14.513	14.555	246
2018-12-17 00:00	14.552	14.696	14.541	14.656	2577
2018-12-18 00:00	14.656	14.714	14.599	14.626	2406
2018-12-19 00:00	14.627	14.813	14.512	14.616	3852
2018-12-20 00:00	14.615	14.833	14.545	14.772	3813
2018-12-21 00:00	14.770	14.786	14.586	14.595	2939
2018-12-23 00:00	14.646	14.665	14.585	14.656	1165
2018-12-24 00:00	14.658	14.801	14.642	14.756	1804
2018-12-25 00:00	14.709	14.769	14.709	14.721	55
2018-12-26 00:00	14.721	15.162	14.699	15.032	3704
2018-12-27 00:00	15.033	15.263	14.928	15.216	4149
2018-12-28 00:00	15.229	15.389	15.207	15.334	3145
2018-12-30 00:00	15.370	15.374	15.337	15.367	458
2018-12-31 00:00	15.366	15.501	15.310	15.456	2301
2019-01-01 00:00	15.455	15.475	15.443	15.453	41
2019-01-02 00:00	15.453	15.605	15.317	15.475	5047
2019-01-03 00:00	15.479	15.743	15.472	15.736	5154
2019-01-04 00:00	15.736	15.862	15.574	15.660	4611
2019-01-06 00:00	15.697	15.714	15.673	15.691	504
2019-01-07 00:00	15.691	15.808	15.606	15.649	3573
2019-01-08 00:00	15.649	15.679	15.493	15.663	3567
2019-01-09 00:00	15.663	15.766	15.573	15.734	3897
2019-01-10 00:00	15.733	15.776	15.510	15.573	3682
2019-01-11 00:00	15.576	15.729	15.537	15.545	3179
2019-01-13 00:00	15.590	15.604	15.576	15.594	476
2019-01-14 00:00	15.593	15.653	15.534	15.642	3508
2019-01-15 00:00	15.641	15.688	15.532	15.579	3200
2019-01-16 00:00	15.579	15.638	15.477	15.581	3138
2019-01-17 00:00	15.580	15.607	15.447	15.531	3273
2019-01-18 00:00	15.531	15.572	15.280	15.280	2865
2019-01-20 00:00	15.324	15.346	15.319	15.334	456
2019-01-21 00:00	15.334	15.355	15.180	15.258	2027
2019-01-22 00:00	15.258	15.341	15.172	15.323	2915
2019-01-23 00:00	15.323	15.426	15.263	15.361	3727
2019-01-24 00:00	15.364	15.386	15.232	15.311	3722
2019-01-25 00:00	15.310	15.745	15.282	15.705	2896
2019-01-27 00:00	15.712	15.731	15.692	15.716	955
2019-01-28 00:00	15.714	15.809	15.595	15.738	3235
2019-01-29 00:00	15.743	15.906	15.706	15.823	3427
2019-01-30 00:00	15.823	16.094	15.813	16.045	4387
2019-01-31 00:00	16.045	16.177	15.984	16.040	3935
2019-02-01 00:00	16.040	16.068	15.850	15.858	3091
2019-02-03 00:00	15.895	15.914	15.876	15.897	853
2019-02-04 00:00	15.896	15.913	15.682	15.846	3207
2019-02-05 00:00	15.847	15.918	15.783	15.840	3759
2019-02-06 00:00	15.841	15.856	15.609	15.655	3964
2019-02-07 00:00	15.654	15.747	15.629	15.738	3597
2019-02-08 00:00	15.737	15.857	15.645	15.798	2441
2019-02-10 00:00	15.797	15.828	15.786	15.816	917
2019-02-11 00:00	15.815	15.831	15.659	15.694	3022
2019-02-12 00:00	15.693	15.821	15.660	15.697	3156
2019-02-13 00:00	15.697	15.806	15.530	15.588	3650
2019-02-14 00:00	15.585	15.681	15.470	15.609	4254
2019-02-15 00:00	15.606	15.794	15.553	15.747	2523
2019-02-17 00:00	15.758	15.779	15.747	15.774	999
2019-02-18 00:00	15.774	15.849	15.749	15.807	2527
2019-02-19 00:00	15.805	15.998	15.733	15.957	3493
2019-02-20 00:00	15.957	16.205	15.946	16.072	4536
2019-02-21 00:00	16.073	16.095	15.772	15.840	4469
2019-02-22 00:00	15.840	15.968	15.803	15.883	3075
2019-02-24 00:00	15.897	15.927	15.874	15.913	1028
2019-02-25 00:00	15.910	15.996	15.841	15.890	3777
2019-02-26 00:00	15.889	15.930	15.783	15.921	3512
2019-02-27 00:00	15.920	16.538	15.286	15.749	14752
2019-02-28 00:00	15.744	15.816	15.565	15.613	3417
2019-03-01 00:00	15.612	15.629	15.133	15.172	3312
2019-03-03 00:00	15.224	15.245	15.203	15.223	1099
2019-03-04 00:00	15.223	15.268	15.048	15.078	3878
2019-03-05 00:00	15.079	15.160	15.029	15.133	4353
2019-03-06 00:00	15.133	15.149	15.037	15.076	3716
2019-03-07 00:00	15.076	15.112	14.971	15.034	3783
2019-03-08 00:00	15.027	15.360	14.993	15.298	3019
2019-03-10 00:00	15.306	15.318	15.293	15.315	114
2019-03-11 00:00	15.315	15.346	15.204	15.301	2597
2019-03-12 00:00	15.302	15.467	15.293	15.437	2472
2019-03-13 00:00	15.435	15.526	15.404	15.434	2381
2019-03-14 00:00	15.436	15.444	15.127	15.174	2566
2019-03-15 00:00	15.174	15.383	15.162	15.254	2841
2019-03-17 00:00	15.297	15.298	15.259	15.261	112
2019-03-18 00:00	15.259	15.415	15.213	15.332	2384
2019-03-19 00:00	15.331	15.437	15.310	15.364	2077
2019-03-20 00:00	15.363	15.549	15.264	15.504	2947
2019-03-21 00:00	15.504	15.628	15.369	15.452	3262
2019-03-22 00:00	15.449	15.541	15.355	15.401	3297
2019-03-24 00:00	15.389	15.440	15.388	15.394	92
2019-03-25 00:00	15.394	15.575	15.380	15.524	2728
2019-03-26 00:00	15.524	15.550	15.384	15.431	2816
2019-03-27 00:00	15.429	15.471	15.252	15.273	3519
2019-03-28 00:00	15.272	15.327	14.975	15.030	3576
2019-03-29 00:00	15.031	15.196	14.976	15.102	3217
2019-03-31 00:00	15.115	15.151	15.111	15.131	113
2019-04-01 00:00	15.129	15.207	15.051	15.090	3345
2019-04-02 00:00	15.089	15.116	14.930	15.106	2685
2019-04-03 00:00	15.104	15.187	15.030	15.142	2842
2019-04-04 00:00	15.139	15.170	14.893	15.143	2758
2019-04-05 00:00	15.143	15.202	15.058	15.077	3198
2019-04-07 00:00	15.106	15.141	15.102	15.113	106
2019-04-08 00:00	15.112	15.293	15.111	15.236	2479
2019-04-09 00:00	15.234	15.333	15.179	15.218	2733
2019-04-10 00:00	15.215	15.286	15.140	15.225	2732
2019-04-11 00:00	15.224	15.246	14.887	14.965	2518
2019-04-12 00:00	14.965	15.106	14.934	14.934	2251
2019-04-14 00:00	14.957	14.992	14.955	14.961	86
2019-04-15 00:00	14.961	15.028	14.843	15.011	2495
2019-04-16 00:00	15.010	15.010	14.869	14.998	2821
2019-04-17 00:00	14.997	15.091	14.919	14.980	2708
2019-04-18 00:00	14.978	15.021	14.926	14.983	2421
2019-04-21 00:00	14.981	15.025	14.960	15.016	103
2019-04-22 00:00	15.018	15.074	14.973	15.000	1639
2019-04-23 00:00	14.996	15.030	14.738	14.813	2239
2019-04-24 00:00	14.812	14.982	14.782	14.920	2680
2019-04-25 00:00	14.919	15.005	14.850	14.946	2945
2019-04-26 00:00	14.946	15.075	14.839	15.040	2871
2019-04-28 00:00	15.060	15.063	15.041	15.051	93
2019-04-29 00:00	15.045	15.056	14.859	14.919	2235
2019-04-30 00:00	14.920	15.003	14.806	14.940	2645
2019-05-01 00:00	14.938	14.952	14.583	14.681	3116
2019-05-02 00:00	14.678	14.717	14.558	14.616	2711
2019-05-03 00:00	14.617	14.970	14.586	14.893	2666
2019-05-05 00:00	14.926	14.960	14.894	14.913	249
2019-05-06 00:00	14.913	14.923	14.748	14.918	2875
2019-05-07 00:00	14.917	14.934	14.792	14.900	2958
2019-05-08 00:00	14.905	14.962	14.816	14.836	2584
2019-05-09 00:00	14.836	14.858	14.688	14.755	2904
2019-05-10 00:00	14.759	14.835	14.724	14.743	2751
2019-05-12 00:00	14.771	14.777	14.746	14.746	97
2019-05-13 00:00	14.747	14.799	14.602	14.781	2436
2019-05-14 00:00	14.781	14.848	14.730	14.792	2399
2019-05-15 00:00	14.792	14.850	14.754	14.781	2300
2019-05-16 00:00	14.782	14.813	14.517	14.532	2201
2019-05-17 00:00	14.532	14.544	14.375	14.376	2038
2019-05-19 00:00	14.384	14.436	14.384	14.435	86
2019-05-20 00:00	14.434	14.472	14.377	14.460	2146
2019-05-21 00:00	14.458	14.465	14.366	14.449	1869
2019-05-22 00:00	14.448	14.490	14.389	14.442	1681
2019-05-23 00:00	14.443	14.637	14.413	14.596	2407
2019-05-24 00:00	14.595	14.605	14.526	14.528	1928
2019-05-26 00:00	14.553	14.577	14.549	14.558	922
2019-05-27 00:00	14.565	14.621	14.547	14.583	911
2019-05-28 00:00	14.585	14.598	14.285	14.352	2135
2019-05-29 00:00	14.354	14.472	14.343	14.404	2190
2019-05-30 00:00	14.404	14.566	14.357	14.521	2093
2019-05-31 00:00	14.522	14.677	14.472	14.542	2882
2019-06-02 00:00	14.573	14.618	14.570	14.617	94
2019-06-03 00:00	14.617	14.823	14.570	14.766	2674
2019-06-04 00:00	14.765	14.851	14.654	14.807	2886
2019-06-05 00:00	14.807	15.034	14.764	14.802	3627
2019-06-06 00:00	14.798	14.995	14.740	14.865	2922
2019-06-07 00:00	14.864	15.145	14.845	14.976	2794
2019-06-09 00:00	14.979	14.982	14.953	14.974	102
2019-06-10 00:00	14.975	15.001	14.637	14.707	2468
2019-06-11 00:00	14.708	14.790	14.642	14.748	2395
2019-06-12 00:00	14.748	14.871	14.717	14.767	3061
2019-06-13 00:00	14.766	14.928	14.732	14.920	2475
2019-06-14 00:00	14.916	15.110	14.785	14.833	3492
2019-06-16 00:00	14.856	14.872	14.817	14.820	90
2019-06-17 00:00	14.820	14.897	14.768	14.827	2836
2019-06-18 00:00	14.828	15.078	14.806	14.998	3747
2019-06-19 00:00	14.998	15.169	14.910	15.118	3971
2019-06-20 00:00	15.119	15.508	15.114	15.450	6158
2019-06-21 00:00	15.449	15.549	15.155	15.309	6871
2019-06-23 00:00	15.328	15.426	15.328	15.404	290
2019-06-24 00:00	15.405	15.473	15.283	15.464	4629
2019-06-25 00:00	15.466	15.506	15.266	15.305	7665
2019-06-26 00:00	15.305	15.348	15.171	15.283	5420
2019-06-27 00:00	15.283	15.291	15.150	15.265	4155
2019-06-28 00:00	15.267	15.332	15.195	15.277	4443
2019-06-30 00:00	15.189	15.234	15.112	15.186	325
2019-07-01 00:00	15.182	15.294	15.108	15.142	4383
2019-07-02 00:00	15.140	15.378	15.033	15.370	3876
2019-07-03 00:00	15.369	15.454	15.179	15.294	4725
2019-07-04 00:00	15.301	15.329	15.207	15.303	1975
2019-07-05 00:00	15.309	15.313	14.886	14.971	4238
2019-07-07 00:00	15.001	15.023	14.952	14.967	179
2019-07-08 00:00	14.967	15.116	14.960	15.008	3112
2019-07-09 00:00	15.003	15.125	14.934	15.083	3120
2019-07-10 00:00	15.080	15.277	15.035	15.271	4111
2019-07-11 00:00	15.273	15.310	15.090	15.112	3859
2019-07-12 00:00	15.111	15.242	15.041	15.188	2920
2019-07-14 00:00	15.202	15.251	15.186	15.222	134
2019-07-15 00:00	15.221	15.416	15.152	15.388	2660
2019-07-16 00:00	15.387	15.687	15.304	15.543	3863
2019-07-17 00:00	15.544	15.987	15.513	15.927	3372
2019-07-18 00:00	15.928	16.391	15.913	16.318	5470
2019-07-19 00:00	16.319	16.580	16.053	16.169	6078
2019-07-21 00:00	16.233	16.253	16.180	16.197	152
2019-07-22 00:00	16.197	16.422	16.161	16.326	3752
2019-07-23 00:00	16.319	16.530	16.164	16.351	3845
2019-07-24 00:00	16.352	16.640	16.346	16.598	2899
2019-07-25 00:00	16.603	16.639	16.320	16.420	4019
2019-07-26 00:00	16.421	16.510	16.321	16.356	2777
2019-07-28 00:00	16.378	16.412	16.357	16.370	116
2019-07-29 00:00	16.371	16.465	16.323	16.426	2301
2019-07-30 00:00	16.428	16.598	16.387	16.542	2601
2019-07-31 00:00	16.541	16.563	16.179	16.252	4901
2019-08-01 00:00	16.248	16.375	15.908	16.296	6604
2019-08-02 00:00	16.297	16.343	15.997	16.168	6712
2019-08-04 00:00	16.177	16.213	16.172	16.179	148
2019-08-05 00:00	16.176	16.563	16.109	16.486	6738
2019-08-06 00:00	16.482	16.497	16.347	16.471	4894
2019-08-07 00:00	16.474	17.235	16.464	17.088	7189
2019-08-08 00:00	17.091	17.201	16.797	17.011	5804
2019-08-09 00:00	17.005	17.134	16.855	16.931	4952
2019-08-11 00:00	16.960	17.005	16.934	16.998	143
2019-08-12 00:00	17.000	17.153	16.797	17.069	4416
2019-08-13 00:00	17.068	17.500	16.492	16.969	7206
2019-08-14 00:00	16.969	17.315	16.864	17.236	7173
2019-08-15 00:00	17.234	17.382	17.100	17.287	6829
2019-08-16 00:00	17.288	17.325	17.041	17.051	4712
2019-08-18 00:00	17.130	17.130	17.068	17.083	170
2019-08-19 00:00	17.084	17.127	16.824	16.875	4183
2019-08-20 00:00	16.870	17.182	16.847	17.119	3579
2019-08-21 00:00	17.119	17.194	16.986	17.120	3446
2019-08-22 00:00	17.120	17.142	16.933	17.017	3477
2019-08-23 00:00	17.013	17.473	16.972	17.392	5278
2019-08-25 00:00	17.527	17.733	17.525	17.680	514
2019-08-26 00:00	17.679	17.769	17.503	17.659	6632
2019-08-27 00:00	17.658	18.202	17.623	18.181	4717
2019-08-28 00:00	18.180	18.501	18.054	18.331	4877
2019-08-29 00:00	18.333	18.646	18.038	18.271	7371
2019-08-30 00:00	18.270	18.469	18.054	18.328	6658
2019-09-01 00:00	18.420	18.555	18.400	18.457	291
2019-09-02 00:00	18.456	18.545	18.258	18.386	3953
2019-09-03 00:00	18.385	19.365	18.329	19.352	7384
2019-09-04 00:00	19.344	19.641	19.179	19.558	7624
2019-09-05 00:00	19.558	19.566	18.471	18.669	9790
2019-09-06 00:00	18.670	18.790	17.953	18.153	11994
2019-09-08 00:00	18.115	18.185	18.019	18.175	242
2019-09-09 00:00	18.161	18.303	17.913	17.946	7714
2019-09-10 00:00	17.948	18.169	17.769	18.007	6743
2019-09-11 00:00	18.005	18.236	17.880	18.084	5041
2019-09-12 00:00	18.079	18.460	17.995	18.056	6455
2019-09-13 00:00	18.058	18.182	17.383	17.402	5189
2019-09-15 00:00	17.718	17.768	17.575	17.746	479
2019-09-16 00:00	17.736	17.996	17.701	17.815	7000
2019-09-17 00:00	17.817	18.084	17.741	17.997	5901
2019-09-18 00:00	17.999	18.034	17.507	17.671	6187
2019-09-19 00:00	17.673	17.932	17.579	17.791	5705
2019-09-20 00:00	17.791	17.974	17.740	17.944	4515
2019-09-22 00:00	17.956	17.987	17.927	17.975	174
2019-09-23 00:00	17.975	18.700	17.948	18.614	6398
2019-09-24 00:00	18.612	18.733	18.239	18.625	7539
2019-09-25 00:00	18.624	18.677	17.805	17.982	7508
2019-09-26 00:00	17.981	18.042	17.711	17.866	7391
2019-09-27 00:00	17.869	17.894	17.283	17.501	8051
2019-09-29 00:00	17.500	17.597	17.498	17.519	167
2019-09-30 00:00	17.520	17.566	16.915	17.024	7085
2019-10-01 00:00	17.032	17.328	16.882	17.310	7314
2019-10-02 00:00	17.311	17.670	17.181	17.575	6478
2019-10-03 00:00	17.569	17.784	17.394	17.615	6877
2019-10-04 00:00	17.617	17.650	17.278	17.520	6106
2019-10-06 00:00	17.635	17.636	17.520	17.562	145
2019-10-07 00:00	17.557	17.611	17.380	17.407	4805
2019-10-08 00:00	17.408	17.799	17.253	17.768	7641
2019-10-09 00:00	17.765	17.946	17.656	17.824	6462
2019-10-10 00:00	17.826	17.857	17.414	17.510	7836
2019-10-11 00:00	17.508	17.743	17.331	17.516	8531
2019-10-13 00:00	17.544	17.549	17.459	17.473	152
2019-10-14 00:00	17.478	17.694	17.417	17.638	4846
2019-10-15 00:00	17.636	17.726	17.335	17.418	5761
2019-10-16 00:00	17.425	17.466	17.153	17.393	6447
2019-10-17 00:00	17.388	17.634	17.304	17.544	5535
2019-10-18 00:00	17.544	17.593	17.396	17.479	4210
2019-10-20 00:00	17.555	17.564	17.530	17.559	158
2019-10-21 00:00	17.560	17.865	17.497	17.556	5382
2019-10-22 00:00	17.555	17.659	17.417	17.542	4643
2019-10-23 00:00	17.540	17.612	17.494	17.546	3858
2019-10-24 00:00	17.548	17.835	17.470	17.795	4684
2019-10-25 00:00	17.797	18.323	17.777	18.005	6251
2019-10-27 00:00	18.039	18.042	17.982	18.020	194
2019-10-28 00:00	18.018	18.129	17.776	17.808	5979
2019-10-29 00:00	17.806	17.891	17.598	17.779	5536
2019-10-30 00:00	17.777	17.955	17.567	17.840	6640
2019-10-31 00:00	17.843	18.164	17.782	18.076	6472
2019-11-01 00:00	18.076	18.144	17.922	18.088	5109
2019-11-03 00:00	18.090	18.125	18.049	18.116	1741
2019-11-04 00:00	18.116	18.215	17.954	18.010	6034
2019-11-05 00:00	18.011	18.082	17.525	17.579	7486
2019-11-06 00:00	17.587	17.642	17.377	17.610	7041
2019-11-07 00:00	17.609	17.662	16.945	17.110	9267
2019-11-08 00:00	17.102	17.116	16.681	16.754	6187
2019-11-10 00:00	16.757	16.836	16.744	16.829	3050
2019-11-11 00:00	16.829	16.934	16.652	16.829	5849
2019-11-12 00:00	16.830	16.895	16.632	16.807	7381
2019-11-13 00:00	16.805	17.018	16.760	16.951	6961
2019-11-14 00:00	16.950	17.097	16.869	16.981	7351
2019-11-15 00:00	16.981	17.030	16.807	16.923	4340
2019-11-17 00:00	16.949	16.993	16.921	16.984	1399
2019-11-18 00:00	16.985	17.050	16.723	17.029	6203
2019-11-19 00:00	17.030	17.176	16.956	17.163	5836
2019-11-20 00:00	17.162	17.199	17.021	17.171	6608
2019-11-21 00:00	17.171	17.178	17.030	17.103	6112
2019-11-22 00:00	17.103	17.225	16.944	16.960	3794
2019-11-24 00:00	16.925	16.961	16.880	16.909	1511
2019-11-25 00:00	16.912	16.989	16.817	16.848	4676
2019-11-26 00:00	16.842	17.108	16.803	17.072	5013
2019-11-27 00:00	17.074	17.085	16.913	16.982	4126
2019-11-28 00:00	16.984	17.008	16.906	16.941	2822
2019-11-29 00:00	16.942	17.037	16.846	16.993	2981
2019-12-01 00:00	16.977	17.001	16.953	16.969	1262
2019-12-02 00:00	16.968	16.984	16.810	16.905	5065
2019-12-03 00:00	16.907	17.195	16.861	17.149	5618
2019-12-04 00:00	17.150	17.290	16.794	16.861	6697
2019-12-05 00:00	16.861	17.008	16.809	16.952	4647
2019-12-06 00:00	16.951	17.001	16.515	16.535	4094
2019-12-08 00:00	16.538	16.586	16.530	16.580	1017
2019-12-09 00:00	16.583	16.678	16.516	16.590	3701
2019-12-10 00:00	16.589	16.710	16.569	16.649	3882
2019-12-11 00:00	16.642	16.950	16.591	16.859	4542
2019-12-12 00:00	16.857	17.105	16.750	16.878	6241
2019-12-13 00:00	16.879	17.024	16.825	16.907	5064
2019-12-15 00:00	16.931	16.954	16.909	16.918	810
2019-12-16 00:00	16.918	17.078	16.892	17.024	3828
2019-12-17 00:00	17.021	17.108	16.939	16.987	2950
2019-12-18 00:00	16.986	17.060	16.870	17.013	2955
2019-12-19 00:00	17.015	17.114	16.887	17.046	3103
2019-12-20 00:00	17.045	17.247	17.019	17.167	2748
2019-12-22 00:00	17.167	17.196	17.163	17.189	351
2019-12-23 00:00	17.191	17.445	17.168	17.425	3207
2019-12-24 00:00	17.427	17.775	17.357	17.735	3173
2019-12-25 00:00	17.718	17.745	17.647	17.717	88
2019-12-26 00:00	17.717	18.046	17.708	17.906	4835
2019-12-27 00:00	17.907	17.963	17.722	17.729	4250
2019-12-29 00:00	17.767	17.817	17.762	17.810	385
2019-12-30 00:00	17.813	17.952	17.768	17.909	3557
2019-12-31 00:00	17.909	18.134	17.810	17.812	3822
2020-01-01 00:00	17.863	17.929	17.856	17.880	123
2020-01-02 00:00	17.880	18.086	17.777	18.016	4427
2020-01-03 00:00	18.016	18.262	17.987	18.011	6741
2020-01-05 00:00	18.201	18.284	18.112	18.166	1995
2020-01-06 00:00	18.162	18.498	18.001	18.109	7135
2020-01-07 00:00	18.110	18.594	17.936	18.567	8629
2020-01-08 00:00	18.566	18.844	18.044	18.124	12786
2020-01-09 00:00	18.126	18.198	17.788	17.902	6959
2020-01-10 00:00	17.904	18.143	17.823	18.078	4923
2020-01-12 00:00	18.056	18.076	18.007	18.045	536
2020-01-13 00:00	18.045	18.073	17.885	17.920	3845
2020-01-14 00:00	17.920	17.929	17.664	17.823	5209
2020-01-15 00:00	17.826	18.032	17.749	18.005	4698
2020-01-16 00:00	18.005	18.038	17.858	17.938	4013
2020-01-17 00:00	17.938	18.160	17.895	17.994	3632
2020-01-19 00:00	18.041	18.044	18.007	18.028	505
2020-01-20 00:00	18.027	18.124	17.987	18.064	2343
2020-01-21 00:00	18.066	18.146	17.623	17.746	6184
2020-01-22 00:00	17.745	17.919	17.678	17.864	4094
2020-01-23 00:00	17.866	17.883	17.594	17.764	4482
2020-01-24 00:00	17.764	18.140	17.740	18.078	3225
2020-01-26 00:00	18.241	18.324	18.180	18.201	1480
2020-01-27 00:00	18.198	18.327	18.033	18.082	4625
2020-01-28 00:00	18.080	18.113	17.421	17.468	4911
2020-01-29 00:00	17.470	17.583	17.351	17.559	3728
2020-01-30 00:00	17.562	18.031	17.549	17.823	5293
2020-01-31 00:00	17.826	18.079	17.777	17.998	4662
2020-02-02 00:00	18.036	18.090	18.003	18.062	1149
2020-02-03 00:00	18.065	18.072	17.579	17.691	6013
2020-02-04 00:00	17.692	17.775	17.522	17.601	5007
2020-02-05 00:00	17.601	17.719	17.474	17.613	5151
2020-02-06 00:00	17.614	17.877	17.601	17.804	4345
2020-02-07 00:00	17.806	17.857	17.588	17.662	4587
2020-02-09 00:00	17.672	17.771	17.664	17.739	884
2020-02-10 00:00	17.737	17.828	17.671	17.759	4034
2020-02-11 00:00	17.758	17.796	17.562	17.621	3763
2020-02-12 00:00	17.627	17.669	17.449	17.519	3989
2020-02-13 00:00	17.517	17.725	17.501	17.659	4028
2020-02-14 00:00	17.649	17.797	17.613	17.701	2997
2020-02-16 00:00	17.697	17.728	17.674	17.726	472
2020-02-17 00:00	17.726	17.886	17.712	17.800	2250
2020-02-18 00:00	17.799	18.227	17.799	18.153	4364
2020-02-19 00:00	18.153	18.458	18.140	18.394	5729
2020-02-20 00:00	18.392	18.429	18.230	18.410	6754
2020-02-21 00:00	18.410	18.622	18.347	18.448	6454
2020-02-23 00:00	18.642	18.805	18.601	18.658	2002
2020-02-24 00:00	18.658	18.934	18.525	18.605	12006
2020-02-25 00:00	18.601	18.636	17.847	18.054	13756
2020-02-26 00:00	18.055	18.203	17.784	17.913	12233
2020-02-27 00:00	17.906	18.131	17.614	17.789	10512
2020-02-28 00:00	17.788	17.858	16.383	16.632	14237
2020-03-01 00:00	16.468	16.565	16.416	16.549	1893
2020-03-02 00:00	16.550	17.049	16.516	16.806	12084
2020-03-03 00:00	16.804	17.457	16.738	17.251	10933
2020-03-04 00:00	17.251	17.326	17.050	17.167	7646
2020-03-05 00:00	17.167	17.487	17.134	17.485	5291
2020-03-06 00:00	17.475	17.568	17.011	17.307	9876
2020-03-08 00:00	17.498	17.578	17.381	17.479	297
2020-03-09 00:00	17.478	17.493	16.556	16.914	10305
2020-03-10 00:00	16.912	17.187	16.797	16.964	9004
2020-03-11 00:00	16.964	17.102	16.669	16.799	7107
2020-03-12 00:00	16.801	16.917	15.509	15.704	14040
2020-03-13 00:00	15.701	15.862	14.432	14.711	13564
2020-03-15 00:00	15.054	15.154	14.706	14.768	450
2020-03-16 00:00	14.769	14.792	11.737	13.007	12592
2020-03-17 00:00	13.003	13.236	12.112	12.759	13382
2020-03-18 00:00	12.762	12.882	11.624	12.254	15822
2020-03-19 00:00	12.257	12.297	11.754	12.100	13515
2020-03-20 00:00	12.099	13.012	12.096	12.537	12049
2020-03-22 00:00	12.546	12.633	12.257	12.404	669
2020-03-23 00:00	12.404	13.800	12.359	13.766	12305
2020-03-24 00:00	13.765	14.661	13.145	14.645	7370
2020-03-25 00:00	14.635	14.708	13.996	14.364	4112
2020-03-26 00:00	14.369	14.662	14.155	14.359	3840
2020-03-27 00:00	14.359	14.611	14.156	14.426	3826
2020-03-29 00:00	14.502	14.540	14.300	14.360	165
2020-03-30 00:00	14.360	14.399	13.793	13.995	5258
2020-03-31 00:00	13.992	14.238	13.840	13.940	3622
2020-04-01 00:00	13.940	14.118	13.802	13.965	3243
2020-04-02 00:00	13.968	14.536	13.881	14.452	3070
2020-04-03 00:00	14.447	14.531	14.256	14.376	2568
2020-04-05 00:00	14.402	14.438	14.233	14.395	134
2020-04-06 00:00	14.395	15.532	14.320	15.218	4557
2020-04-07 00:00	15.212	15.332	14.400	14.950	4596
2020-04-08 00:00	14.943	15.122	14.826	14.967	2228
2020-04-09 00:00	14.967	15.527	14.954	15.396	2886
2020-04-12 00:00	15.419	15.466	15.136	15.338	167
2020-04-13 00:00	15.338	15.476	15.100	15.415	2744
2020-04-14 00:00	15.414	15.837	15.321	15.660	2851
2020-04-15 00:00	15.660	15.769	15.258	15.386	2809
2020-04-16 00:00	15.382	15.580	15.204	15.469	2923
2020-04-17 00:00	15.466	15.539	14.999	15.147	2606
2020-04-19 00:00	15.081	15.162	15.049	15.067	199
2020-04-20 00:00	15.063	15.426	15.035	15.239	2242
2020-04-21 00:00	15.239	15.322	14.524	14.860	5547
2020-04-22 00:00	14.862	15.138	14.664	15.060	1990
2020-04-23 00:00	15.061	15.429	14.943	15.211	4565
2020-04-24 00:00	15.209	15.380	15.013	15.187	4666
2020-04-26 00:00	15.215	15.229	15.125	15.227	200
2020-04-27 00:00	15.231	15.319	15.011	15.139	4041
2020-04-28 00:00	15.137	15.221	14.898	15.125	5300
2020-04-29 00:00	15.127	15.378	15.085	15.262	4716
2020-04-30 00:00	15.265	15.492	14.593	14.951	5478
2020-05-01 00:00	14.954	15.034	14.734	14.933	3642
2020-05-03 00:00	14.962	14.981	14.684	14.878	335
2020-05-04 00:00	14.879	15.057	14.709	14.827	3087
2020-05-05 00:00	14.826	15.027	14.709	14.935	3408
2020-05-06 00:00	14.933	15.151	14.776	14.891	4034
2020-05-07 00:00	14.892	15.422	14.889	15.239	2910
2020-05-08 00:00	15.240	15.618	15.202	15.418	4587
2020-05-10 00:00	15.425	15.558	15.425	15.555	186
2020-05-11 00:00	15.557	15.606	15.268	15.439	3781
2020-05-12 00:00	15.441	15.621	15.317	15.427	3086
2020-05-13 00:00	15.429	15.638	15.297	15.572	3699
2020-05-14 00:00	15.573	15.906	15.440	15.863	2812
2020-05-15 00:00	15.864	16.720	15.767	16.596	3484
2020-05-17 00:00	16.749	16.933	16.636	16.892	491
2020-05-18 00:00	16.892	17.554	16.798	17.087	6958
2020-05-19 00:00	17.086	17.483	16.949	17.384	3974
2020-05-20 00:00	17.384	17.628	17.253	17.478	3884
2020-05-21 00:00	17.476	17.476	16.862	17.057	5188
2020-05-22 00:00	17.057	17.238	16.696	17.169	3195
2020-05-24 00:00	17.139	17.170	17.115	17.143	148
2020-05-25 00:00	17.146	17.177	16.881	17.075	2233
2020-05-26 00:00	17.073	17.435	17.012	17.143	5015
2020-05-27 00:00	17.142	17.347	16.836	17.235	3857
2020-05-28 00:00	17.233	17.511	17.166	17.406	3726
2020-05-29 00:00	17.406	17.901	17.248	17.838	3201
2020-05-31 00:00	17.999	18.103	17.925	18.034	124
2020-06-01 00:00	18.034	18.366	17.982	18.310	3498
2020-06-02 00:00	18.311	18.353	17.766	18.045	4086
2020-06-03 00:00	18.045	18.045	17.453	17.644	5112
2020-06-04 00:00	17.645	17.844	17.454	17.668	4169
2020-06-05 00:00	17.669	17.758	17.206	17.399	5688
2020-06-07 00:00	17.367	17.422	17.287	17.412	274
2020-06-08 00:00	17.411	17.791	17.407	17.699	2905
2020-06-09 00:00	17.699	17.758	17.448	17.558	2525
2020-06-10 00:00	17.555	18.184	17.538	17.962	3294
2020-06-11 00:00	17.966	18.101	17.467	17.615	4253
2020-06-12 00:00	17.613	17.740	17.381	17.467	4175
2020-06-14 00:00	17.436	17.517	17.403	17.509	217
2020-06-15 00:00	17.504	17.544	16.938	17.376	4844
2020-06-16 00:00	17.374	17.557	17.274	17.471	4682
2020-06-17 00:00	17.472	17.601	17.325	17.482	2624
2020-06-18 00:00	17.481	17.670	17.297	17.403	3523
2020-06-19 00:00	17.403	17.797	17.361	17.577	3028
2020-06-21 00:00	17.688	17.773	17.627	17.765	210
2020-06-22 00:00	17.764	18.025	17.650	17.795	4150
2020-06-23 00:00	17.796	18.005	17.652	17.964	3370
2020-06-24 00:00	17.965	18.062	17.361	17.499	5644
2020-06-25 00:00	17.499	17.813	17.438	17.758	3523
2020-06-26 00:00	17.757	17.938	17.483	17.712	3823
2020-06-28 00:00	17.785	17.909	17.785	17.805	235
2020-06-29 00:00	17.805	17.950	17.676	17.849	2777
2020-06-30 00:00	17.849	18.231	17.758	18.187	2929
2020-07-01 00:00	18.187	18.435	17.821	17.998	5265
2020-07-02 00:00	17.999	18.118	17.746	17.934	3580
2020-07-03 00:00	17.932	18.053	17.924	18.007	1774
2020-07-05 00:00	18.026	18.047	17.993	18.020	135
2020-07-06 00:00	18.020	18.388	17.931	18.300	3846
2020-07-07 00:00	18.300	18.353	17.978	18.264	3378
2020-07-08 00:00	18.264	18.756	18.239	18.690	3159
2020-07-09 00:00	18.690	19.028	18.468	18.665	5453
2020-07-10 00:00	18.665	18.794	18.467	18.683	3892
2020-07-12 00:00	18.671	18.811	18.671	18.777	192
2020-07-13 00:00	18.781	19.373	18.749	19.115	4362
2020-07-14 00:00	19.113	19.314	18.863	19.273	4611
2020-07-15 00:00	19.271	19.472	19.119	19.444	3296
2020-07-16 00:00	19.445	19.445	19.082	19.150	3626
2020-07-17 00:00	19.149	19.386	18.917	19.283	2718
2020-07-19 00:00	19.296	19.356	19.289	19.332	188
2020-07-20 00:00	19.334	19.913	19.240	19.901	3398
2020-07-21 00:00	19.902	22.490	19.840	22.386	1953
2020-07-22 00:00	22.385	23.240	21.359	22.804	2250
2020-07-23 00:00	22.805	23.120	22.235	22.563	2131
2020-07-24 00:00	22.563	22.911	22.379	22.718	1580
2020-07-26 00:00	22.699	23.095	22.670	23.051	131
2020-07-27 00:00	23.049	25.583	22.892	25.581	2202
2020-07-28 00:00	25.586	26.187	22.270	24.245	2570
2020-07-29 00:00	24.245	24.942	23.290	24.217	2026
2020-07-30 00:00	24.217	24.365	22.892	23.472	2231
2020-07-31 00:00	23.472	24.464	23.269	24.354	2049
2020-08-02 00:00	24.513	24.941	24.007	24.553	160
2020-08-03 00:00	24.554	24.620	24.000	24.236	1755
2020-08-04 00:00	24.237	26.304	24.117	26.232	2100
2020-08-05 00:00	26.228	27.129	25.343	26.871	2454
2020-08-06 00:00	26.872	29.838	26.783	29.757	2701
2020-08-07 00:00	29.768	29.820	27.351	28.241	2944
2020-08-09 00:00	28.425	28.505	27.793	28.115	149
2020-08-10 00:00	28.115	29.399	27.829	29.038	2681
2020-08-11 00:00	29.037	29.162	24.365	24.895	3536
2020-08-12 00:00	24.894	26.265	23.339	25.617	11332
2020-08-13 00:00	25.617	27.726	25.539	27.444	2672
2020-08-14 00:00	27.434	27.542	25.721	26.392	2834
2020-08-16 00:00	26.499	26.825	26.077	26.132	162
2020-08-17 00:00	26.128	27.555	25.793	27.318	2354
2020-08-18 00:00	27.318	28.454	27.082	27.926	2589
2020-08-19 00:00	27.924	28.013	26.462	26.670	3091
2020-08-20 00:00	26.667	27.513	26.581	27.440	2521
2020-08-21 00:00	27.439	27.530	26.021	26.727	2110
2020-08-23 00:00	26.792	26.816	26.356	26.551	127
2020-08-24 00:00	26.548	27.222	26.249	26.616	2015
2020-08-25 00:00	26.615	26.792	26.047	26.494	1938
2020-08-26 00:00	26.490	27.485	26.074	27.413	2100
2020-08-27 00:00	27.415	27.911	26.493	26.929	2351
2020-08-28 00:00	26.921	27.703	26.815	27.458	2051
2020-08-30 00:00	27.499	28.147	27.488	27.917	134
2020-08-31 00:00	27.917	28.351	27.554	28.119	21762
2020-09-01 00:00	28.116	28.895	27.550	28.270	2227
2020-09-02 00:00	28.270	28.301	27.057	27.532	2295
2020-09-03 00:00	27.530	27.702	26.373	26.455	2391
2020-09-04 00:00	26.455	27.029	26.287	26.843	2182
2020-09-06 00:00	26.817	27.001	26.795	26.829	119
2020-09-07 00:00	26.828	27.159	26.611	26.847	1318
2020-09-08 00:00	26.847	27.085	25.832	26.603	2527
2020-09-09 00:00	26.604	27.111	26.398	26.967	2020
2020-09-10 00:00	26.966	27.476	26.681	26.822	2134
2020-09-11 00:00	26.818	27.024	26.552	26.679	1860
2020-09-13 00:00	26.697	26.803	26.652	26.780	119
2020-09-14 00:00	26.780	27.297	26.675	27.157	2080
2020-09-15 00:00	27.154	27.617	26.992	27.111	1928
2020-09-16 00:00	27.110	27.430	26.862	27.157	2104
2020-09-17 00:00	27.154	27.193	26.267	27.031	2393
2020-09-18 00:00	27.029	27.217	26.675	26.738	1938
2020-09-20 00:00	26.745	26.813	26.451	26.724	123
2020-09-21 00:00	26.723	26.952	23.685	25.021	2732
2020-09-22 00:00	25.020	25.219	23.812	24.425	2301
2020-09-23 00:00	24.425	24.459	21.669	21.902	2964
2020-09-24 00:00	21.900	23.339	21.650	23.205	3088
2020-09-25 00:00	23.204	23.292	22.417	22.838	2516
2020-09-27 00:00	22.867	23.076	22.839	22.975	120
2020-09-28 00:00	22.972	23.813	22.504	23.751	2497
2020-09-29 00:00	23.752	24.394	23.360	24.244	2438
2020-09-30 00:00	24.243	24.258	23.121	23.344	2490
2020-10-01 00:00	23.343	24.156	23.212	23.792	2450
2020-10-02 00:00	23.789	24.196	23.466	23.684	2169
2020-10-04 00:00	23.857	23.917	23.673	23.884	122
2020-10-05 00:00	23.884	24.508	23.671	24.343	2137
2020-10-06 00:00	24.343	24.491	22.840	23.281	2394
2020-10-07 00:00	23.289	23.970	23.174	23.773	2038
2020-10-08 00:00	23.778	24.205	23.640	23.864	1933
2020-10-09 00:00	23.863	25.173	23.844	25.129	2079
2020-10-11 00:00	25.091	25.290	25.017	25.197	123
2020-10-12 00:00	25.191	25.549	24.771	25.163	2235
2020-10-13 00:00	25.160	25.164	23.921	24.158	2488
2020-10-14 00:00	24.155	24.625	23.860	24.167	2337
2020-10-15 00:00	24.166	24.319	23.559	24.234	2360
2020-10-16 00:00	24.234	24.511	24.042	24.105	1747
2020-10-18 00:00	24.140	24.223	24.094	24.197	119
2020-10-19 00:00	24.198	24.963	24.100	24.404	2258
2020-10-20 00:00	24.403	24.914	24.305	24.753	2170
2020-10-21 00:00	24.753	25.276	24.721	24.948	2647
2020-10-22 00:00	24.948	25.019	24.359	24.679	2405
2020-10-23 00:00	24.679	24.845	24.398	24.537	2001
2020-10-25 00:00	24.575	24.654	24.156	24.448	3023
2020-10-26 00:00	24.452	24.556	24.080	24.270	3294
2020-10-27 00:00	24.267	24.606	24.182	24.303	3370
2020-10-28 00:00	24.302	24.558	23.013	23.434	3468
2020-10-29 00:00	23.433	23.574	22.569	23.290	3996
2020-10-30 00:00	23.290	23.805	23.164	23.593	2635
2020-11-01 00:00	23.608	23.617	23.382	23.434	1950
2020-11-02 00:00	23.433	24.153	23.377	24.055	2941
2020-11-03 00:00	24.055	24.459	23.897	24.390	4135
2020-11-04 00:00	24.389	24.491	23.212	23.942	3339
2020-11-05 00:00	23.943	25.460	23.889	25.150	5663
2020-11-06 00:00	25.150	25.835	24.879	25.565	2703
2020-11-08 00:00	25.776	25.996	25.606	25.925	2512
2020-11-09 00:00	25.926	25.956	23.560	24.226	5056
2020-11-10 00:00	24.227	24.486	23.889	24.161	3785
2020-11-11 00:00	24.164	24.421	23.763	24.227	3024
2020-11-12 00:00	24.234	24.391	24.024	24.254	2528
2020-11-13 00:00	24.255	24.807	24.144	24.613	1807
2020-11-15 00:00	24.639	24.735	24.600	24.673	972
2020-11-16 00:00	24.674	25.062	24.203	24.750	2510
2020-11-17 00:00	24.749	24.797	24.206	24.487	2281
2020-11-18 00:00	24.486	24.696	24.186	24.264	2515
2020-11-19 00:00	24.264	24.348	23.626	23.956	3180
2020-11-20 00:00	23.955	24.516	23.940	24.143	1707
2020-11-22 00:00	24.131	24.200	24.075	24.200	745
2020-11-23 00:00	24.195	24.384	23.413	23.523	2980
2020-11-24 00:00	23.520	23.602	22.915	23.271	3067
2020-11-25 00:00	23.269	23.513	23.086	23.347	2285
2020-11-26 00:00	23.346	23.469	23.170	23.197	1728
2020-11-27 00:00	23.198	23.316	22.319	22.700	1623
2020-11-29 00:00	22.726	22.734	22.632	22.644	954
2020-11-30 00:00	22.642	22.677	21.881	22.646	2877
2020-12-01 00:00	22.647	24.043	22.592	23.817	3355
2020-12-02 00:00	23.816	24.313	23.533	24.033	2335
2020-12-03 00:00	24.032	24.270	23.725	24.032	2406
2020-12-04 00:00	24.032	24.400	23.917	24.166	1827
2020-12-06 00:00	24.177	24.219	24.067	24.112	1092
2020-12-07 00:00	24.115	24.770	23.511	24.521	2530
2020-12-08 00:00	24.520	24.857	24.418	24.545	2162
2020-12-09 00:00	24.545	24.567	23.575	23.873	2734
2020-12-10 00:00	23.870	24.276	23.702	23.971	2423
2020-12-11 00:00	23.975	24.109	23.580	23.907	1753
2020-12-13 00:00	23.957	24.007	23.898	23.937	723
2020-12-14 00:00	23.942	24.227	23.650	23.834	2358
2020-12-15 00:00	23.841	24.553	23.823	24.469	2612
2020-12-16 00:00	24.469	25.487	24.426	25.345	3888
2020-12-17 00:00	25.346	26.089	25.143	25.888	3771
2020-12-18 00:00	25.893	26.119	25.643	25.781	2324
2020-12-20 00:00	25.812	25.924	25.762	25.850	133
2020-12-21 00:00	25.847	27.401	24.918	26.241	4597
2020-12-22 00:00	26.238	26.568	25.067	25.387	4361
2020-12-23 00:00	25.389	25.783	25.042	25.547	2363
2020-12-24 00:00	25.548	25.898	25.404	25.756	1264
2020-12-27 00:00	26.032	26.118	25.833	26.105	1122
2020-12-28 00:00	26.111	26.762	26.078	26.391	2823
2020-12-29 00:00	26.389	26.596	25.934	26.160	2446
2020-12-30 00:00	26.159	26.681	26.131	26.643	3056
2020-12-31 00:00	26.643	26.691	26.200	26.370	1558
2021-01-03 00:00	26.655	26.914	26.557	26.839	2122
2021-01-04 00:00	26.838	27.557	26.697	27.164	3854
2021-01-05 00:00	27.160	27.681	26.976	27.579	3835
2021-01-06 00:00	27.581	27.915	26.586	27.287	4865
2021-01-07 00:00	27.281	27.343	26.906	27.166	3310
2021-01-08 00:00	27.169	27.200	24.459	25.403	3062
2021-01-10 00:00	25.458	25.490	24.814	25.020	3809
2021-01-11 00:00	25.022	25.306	24.316	25.042	3733
2021-01-12 00:00	25.039	25.653	24.977	25.650	2870
2021-01-13 00:00	25.645	25.671	25.114	25.308	2792
2021-01-14 00:00	25.307	25.882	25.021	25.552	3005
2021-01-15 00:00	25.549	25.780	24.570	24.724	2234
2021-01-17 00:00	24.740	24.819	24.005	24.213	3830
2021-01-18 00:00	24.211	25.146	24.208	24.993	2526
2021-01-19 00:00	24.988	25.400	24.954	25.222	2988
2021-01-20 00:00	25.219	25.898	25.022	25.828	3303
2021-01-21 00:00	25.828	26.036	25.623	25.910	2749
2021-01-22 00:00	25.910	25.945	25.013	25.456	2154
2021-01-24 00:00	25.548	25.614	25.427	25.538	1613
2021-01-25 00:00	25.538	25.757	25.150	25.328	2714
2021-01-26 00:00	25.327	25.642	25.178	25.434	2544
2021-01-27 00:00	25.435	25.462	24.684	25.148	3573
2021-01-28 00:00	25.148	26.962	24.849	26.478	5057
2021-01-29 00:00	26.479	27.644	26.028	26.936	3676
2021-01-31 00:00	28.385	29.003	28.184	28.594	10336
2021-02-01 00:00	28.592	30.047	27.938	28.525	7371
2021-02-02 00:00	28.528	28.879	26.266	26.798	4704
2021-02-03 00:00	26.801	27.180	26.474	26.830	3177
2021-02-04 00:00	26.828	26.842	25.886	26.321	3475
2021-02-05 00:00	26.321	27.038	26.182	26.896	2028
2021-02-07 00:00	27.189	27.295	26.846	27.249	2391
2021-02-08 00:00	27.245	27.567	26.835	27.256	2781
2021-02-09 00:00	27.256	27.797	27.049	27.209	2698
2021-02-10 00:00	27.207	27.525	26.810	26.996	2660
2021-02-11 00:00	26.995	27.281	26.691	26.982	2304
2021-02-12 00:00	26.978	27.426	26.842	27.325	1736
2021-02-14 00:00	27.446	27.531	27.334	27.413	1183
2021-02-15 00:00	27.412	27.695	27.350	27.568	2037
2021-02-16 00:00	27.567	27.945	26.817	27.056	3861
2021-02-17 00:00	27.056	27.440	26.846	27.393	3059
2021-02-18 00:00	27.393	27.512	26.028	26.557	3657
2021-02-19 00:00	26.552	27.599	26.487	27.262	2068
2021-02-21 00:00	27.519	27.539	27.313	27.383	2129
2021-02-22 00:00	27.385	28.273	27.260	28.198	3704
2021-02-23 00:00	28.198	28.316	27.231	27.648	3624
2021-02-24 00:00	27.650	28.013	27.309	27.911	3711
2021-02-25 00:00	27.916	28.195	27.259	27.469	5022
2021-02-26 00:00	27.471	27.583	26.126	26.647	3470
2021-02-28 00:00	26.720	26.793	26.607	26.788	3298
2021-03-01 00:00	26.784	27.064	26.420	26.523	3873
2021-03-02 00:00	26.526	26.894	25.811	26.708	3946
2021-03-03 00:00	26.709	26.814	25.815	25.988	3870
2021-03-04 00:00	25.992	26.297	25.044	25.323	5179
2021-03-05 00:00	25.319	25.450	24.814	25.193	2899
2021-03-07 00:00	25.445	25.559	25.266	25.433	2277
2021-03-08 00:00	25.438	25.915	24.935	25.158	3665
2021-03-09 00:00	25.159	26.124	25.025	25.927	3705
2021-03-10 00:00	25.924	26.224	25.537	26.172	2860
2021-03-11 00:00	26.165	26.445	25.825	26.075	2684
2021-03-12 00:00	26.069	26.157	25.370	25.895	2149
2021-03-14 00:00	25.975	26.072	25.913	25.980	2139
2021-03-15 00:00	25.978	26.293	25.786	26.213	2916
2021-03-16 00:00	26.206	26.298	25.824	25.920	2439
2021-03-17 00:00	25.915	26.509	25.747	26.361	3614
2021-03-18 00:00	26.353	26.625	25.819	26.021	3810
2021-03-19 00:00	26.019	26.312	25.858	26.169	2525
2021-03-21 00:00	26.131	26.225	25.821	25.867	1810
2021-03-22 00:00	25.867	25.946	25.396	25.790	2787
2021-03-23 00:00	25.785	25.820	24.972	25.045	2767
2021-03-24 00:00	25.038	25.349	24.963	25.062	2742
2021-03-25 00:00	25.060	25.177	24.395	25.088	3044
2021-03-26 00:00	25.087	25.249	24.856	25.051	1719
2021-03-28 00:00	25.040	25.095	24.983	25.024	119
2021-03-29 00:00	25.020	25.033	24.431	24.662	1868
2021-03-30 00:00	24.657	24.725	23.840	24.005	1828
2021-03-31 00:00	24.004	24.518	23.766	24.419	1772
2021-04-01 00:00	24.419	24.970	24.234	24.912	1688
2021-04-04 00:00	24.962	25.011	24.883	24.998	119
2021-04-05 00:00	24.997	25.072	24.597	24.804	1479
2021-04-06 00:00	24.802	25.288	24.753	25.155	1598
2021-04-07 00:00	25.154	25.266	24.843	25.145	1596
2021-04-08 00:00	25.142	25.608	24.951	25.389	1641
2021-04-09 00:00	25.394	25.492	24.971	25.191	1453
2021-04-11 00:00	25.170	25.253	25.154	25.235	118
2021-04-12 00:00	25.235	25.264	24.694	24.795	1552
2021-04-13 00:00	24.800	25.475	24.669	25.345	2126
2021-04-14 00:00	25.345	25.526	25.186	25.411	1649
2021-04-15 00:00	25.409	25.980	25.308	25.835	1935
2021-04-16 00:00	25.835	26.291	25.744	25.944	1617
2021-04-18 00:00	25.961	25.991	25.895	25.914	118
2021-04-19 00:00	25.919	26.224	25.621	25.835	2050
2021-04-20 00:00	25.835	26.084	25.678	25.766	1735
2021-04-21 00:00	25.766	26.642	25.751	26.502	1703
2021-04-22 00:00	26.496	26.573	25.964	26.096	1769
2021-04-23 00:00	26.099	26.398	25.837	25.981	1557
2021-04-25 00:00	25.960	25.997	25.908	25.946	119
2021-04-26 00:00	25.947	26.225	25.838	26.201	1767
2021-04-27 00:00	26.195	26.450	26.036	26.217	1729
2021-04-28 00:00	26.214	26.311	25.820	26.305	1736
2021-04-29 00:00	26.305	26.466	25.693	26.087	1753
2021-04-30 00:00	26.088	26.185	25.788	25.885	1778
2021-05-02 00:00	25.870	25.916	25.822	25.851	119
2021-05-03 00:00	25.851	26.985	25.791	26.867	1681
2021-05-04 00:00	26.863	27.106	26.076	26.475	1758
2021-05-05 00:00	26.475	26.615	26.092	26.438	1557
2021-05-06 00:00	26.436	27.454	26.159	27.272	1784
2021-05-07 00:00	27.269	27.665	27.126	27.409	1872
2021-05-09 00:00	27.510	27.654	27.459	27.637	120
2021-05-10 00:00	27.629	27.871	27.223	27.321	2085
2021-05-11 00:00	27.312	27.661	27.092	27.554	2380
2021-05-12 00:00	27.555	27.686	26.938	27.104	2679
2021-05-13 00:00	27.104	27.231	26.706	27.034	2186
2021-05-14 00:00	27.035	27.476	26.805	27.395	2080
2021-05-16 00:00	27.404	27.500	27.358	27.474	119
2021-05-17 00:00	27.474	28.280	27.332	28.242	2003
2021-05-18 00:00	28.241	28.735	27.993	28.144	1882
2021-05-19 00:00	28.152	28.228	27.353	27.598	2433
2021-05-20 00:00	27.599	27.996	27.385	27.700	2003
2021-05-21 00:00	27.695	28.059	27.189	27.497	1928
2021-05-23 00:00	27.554	27.581	27.506	27.557	117
2021-05-24 00:00	27.558	27.895	27.448	27.669	1949
2021-05-25 00:00	27.671	28.023	27.450	27.976	1972
2021-05-26 00:00	27.975	28.222	27.600	27.676	1888
2021-05-27 00:00	27.671	27.891	27.487	27.875	1933
2021-05-28 00:00	27.870	27.966	27.385	27.919	1925
2021-05-30 00:00	27.903	27.956	27.893	27.926	111
2021-05-31 00:00	27.931	28.129	27.862	28.074	1494
2021-06-01 00:00	28.075	28.547	27.805	27.835	2250
2021-06-02 00:00	27.835	28.182	27.678	28.141	1819
2021-06-03 00:00	28.143	28.224	27.021	27.427	2270
2021-06-04 00:00	27.426	27.841	27.216	27.737	1927
2021-06-06 00:00	27.753	27.782	27.724	27.744	119
2021-06-07 00:00	27.739	27.943	27.466	27.884	1917
2021-06-08 00:00	27.881	27.967	27.488	27.613	1954
2021-06-09 00:00	27.613	27.992	27.505	27.804	1816
2021-06-10 00:00	27.803	28.023	27.447	27.953	2221
2021-06-11 00:00	27.959	28.276	27.876	27.896	1813
2021-06-13 00:00	27.903	27.976	27.806	27.820	119
2021-06-14 00:00	27.819	28.011	27.458	27.858	2020
2021-06-15 00:00	27.856	27.880	27.382	27.674	1852
2021-06-16 00:00	27.676	27.826	26.562	27.153	1955
2021-06-17 00:00	27.152	27.208	25.761	26.009	2587
2021-06-18 00:00	26.006	26.486	25.729	25.729	2399
2021-06-20 00:00	25.781	25.931	25.773	25.886	120
2021-06-21 00:00	25.885	26.073	25.538	25.932	2231
2021-06-22 00:00	25.929	26.032	25.675	25.764	1939
2021-06-23 00:00	25.763	26.285	25.740	25.854	1859
2021-06-24 00:00	25.849	26.162	25.801	25.923	1658
2021-06-25 00:00	25.922	26.288	25.900	26.073	1640
2021-06-27 00:00	26.077	26.135	26.077	26.113	117
2021-06-28 00:00	26.112	26.215	25.778	26.095	1783
2021-06-29 00:00	26.093	26.107	25.509	25.790	1763
2021-06-30 00:00	25.790	26.143	25.690	26.080	1895
2021-07-01 00:00	26.084	26.393	25.935	25.989	1712
2021-07-02 00:00	25.989	26.559	25.969	26.382	1775
2021-07-04 00:00	26.458	26.475	26.407	26.428	113
2021-07-05 00:00	26.425	26.608	26.365	26.412	1217
2021-07-06 00:00	26.412	26.765	25.995	26.092	1762
2021-07-07 00:00	26.088	26.429	25.966	26.128	1696
2021-07-08 00:00	26.126	26.205	25.791	25.911	1885
2021-07-09 00:00	25.911	26.201	25.744	26.053	1660
2021-07-11 00:00	26.062	26.108	26.033	26.083	118
2021-07-12 00:00	26.089	26.275	25.858	26.247	1587
2021-07-13 00:00	26.248	26.341	25.923	25.961	1826
2021-07-14 00:00	25.961	26.458	25.929	26.208	1815
2021-07-15 00:00	26.208	26.386	26.146	26.312	1664
2021-07-16 00:00	26.304	26.439	25.586	25.625	1608
2021-07-18 00:00	25.595	25.694	25.595	25.691	120
2021-07-19 00:00	25.690	25.749	24.982	25.160	1883
2021-07-20 00:00	25.162	25.265	24.803	24.958	1726
2021-07-21 00:00	24.955	25.301	24.742	25.261	1628
2021-07-22 00:00	25.261	25.453	24.997	25.405	1723
2021-07-23 00:00	25.406	25.464	24.989	25.126	1407
2021-07-25 00:00	25.182	25.195	25.150	25.164	116
2021-07-26 00:00	25.167	25.425	25.106	25.154	1605
2021-07-27 00:00	25.154	25.257	24.481	24.724	1777
2021-07-28 00:00	24.724	25.038	24.598	25.030	1777
2021-07-29 00:00	25.037	25.791	24.997	25.514	2016
2021-07-30 00:00	25.516	25.630	25.332	25.411	1428
2021-08-01 00:00	25.466	25.522	25.444	25.494	111
2021-08-02 00:00	25.493	25.627	25.283	25.382	1596
2021-08-03 00:00	25.386	25.590	25.234	25.552	1605
2021-08-04 00:00	25.552	25.996	25.313	25.362	1742
2021-08-05 00:00	25.362	25.501	25.068	25.127	1500
2021-08-06 00:00	25.131	25.196	24.186	24.242	1579
2021-08-08 00:00	24.312	24.358	22.062	23.540	144
2021-08-09 00:00	23.545	24.038	23.222	23.448	1954
2021-08-10 00:00	23.452	23.665	23.225	23.314	1638
2021-08-11 00:00	23.313	23.581	23.200	23.523	1896
2021-08-12 00:00	23.520	23.530	23.000	23.196	1730
2021-08-13 00:00	23.196	23.824	23.156	23.643	1458
2021-08-15 00:00	23.715	23.761	23.666	23.677	112
2021-08-16 00:00	23.677	23.892	23.410	23.880	1603
2021-08-17 00:00	23.887	23.947	23.552	23.653	1743
2021-08-18 00:00	23.653	23.818	23.279	23.490	1842
2021-08-19 00:00	23.490	23.508	23.076	23.210	2014
2021-08-20 00:00	23.207	23.316	22.863	22.985	1765
2021-08-22 00:00	22.998	23.078	22.963	22.991	117
2021-08-23 00:00	22.989	23.686	22.962	23.593	1864
2021-08-24 00:00	23.593	23.944	23.522	23.816	1731
2021-08-25 00:00	23.819	23.884	23.575	23.850	1955
2021-08-26 00:00	23.850	23.863	23.421	23.575	1831
2021-08-27 00:00	23.572	24.108	23.332	24.000	1796
2021-08-29 00:00	23.982	24.085	23.969	24.070	112
2021-08-30 00:00	24.073	24.203	23.898	24.022	1503
2021-08-31 00:00	24.024	24.198	23.792	23.893	1914
2021-09-01 00:00	23.897	24.258	23.738	24.138	1926
2021-09-02 00:00	24.143	24.209	23.756	23.879	1589
2021-09-03 00:00	23.879	24.863	23.865	24.712	1688
2021-09-05 00:00	24.747	24.791	24.687	24.733	115
2021-09-06 00:00	24.733	24.812	24.625	24.669	1116
2021-09-07 00:00	24.663	24.817	24.151	24.313	1557
2021-09-08 00:00	24.315	24.402	23.894	23.973	1688
2021-09-09 00:00	23.973	24.282	23.831	24.038	1488
2021-09-10 00:00	24.038	24.290	23.666	23.725	1418
2021-09-12 00:00	23.726	23.801	23.726	23.767	116
2021-09-13 00:00	23.762	23.847	23.366	23.727	1559
2021-09-14 00:00	23.724	23.955	23.422	23.843	1675
2021-09-15 00:00	23.844	23.906	23.651	23.885	1592
2021-09-16 00:00	23.884	23.959	22.587	22.921	1586
2021-09-17 00:00	22.921	23.125	22.320	22.374	1434
2021-09-19 00:00	22.318	22.424	22.103	22.363	118
2021-09-20 00:00	22.348	22.504	22.025	22.283	1455
2021-09-21 00:00	22.282	22.716	22.229	22.492	1443
2021-09-22 00:00	22.488	23.136	22.452	22.676	1544
2021-09-23 00:00	22.678	22.871	22.456	22.557	1437
2021-09-24 00:00	22.558	22.791	22.095	22.401	1339
2021-09-26 00:00	22.367	22.439	22.367	22.408	112
2021-09-27 00:00	22.409	22.839	22.406	22.617	1465
2021-09-28 00:00	22.617	22.660	22.089	22.482	1566
2021-09-29 00:00	22.484	22.545	21.408	21.556	1514
2021-09-30 00:00	21.559	22.226	21.462	22.088	1591
2021-10-01 00:00	22.089	22.577	21.982	22.523	1396
2021-10-03 00:00	22.530	22.770	22.518	22.649	115
2021-10-04 00:00	22.647	22.696	22.271	22.604	1487
2021-10-05 00:00	22.604	22.651	22.359	22.613	1389
2021-10-06 00:00	22.614	22.674	22.198	22.652	1453
2021-10-07 00:00	22.652	22.800	22.369	22.580	1437
2021-10-08 00:00	22.578	23.183	22.418	22.656	1484
2021-10-10 00:00	22.654	22.718	22.551	22.594	120
2021-10-11 00:00	22.594	22.811	22.480	22.544	1406
2021-10-12 00:00	22.544	22.760	22.331	22.528	1470
2021-10-13 00:00	22.526	23.238	22.455	23.054	1550
2021-10-14 00:00	23.053	23.576	22.887	23.497	1730
2021-10-15 00:00	23.494	23.582	23.058	23.269	1558
2021-10-17 00:00	23.275	23.375	23.275	23.335	120
2021-10-18 00:00	23.334	23.442	22.997	23.184	1568
2021-10-19 00:00	23.183	24.113	23.180	23.630	1613
2021-10-20 00:00	23.630	24.414	23.559	24.279	1804
2021-10-21 00:00	24.279	24.473	23.994	24.142	1570
2021-10-22 00:00	24.143	24.817	24.106	24.273	1565
2021-10-24 00:00	24.294	24.394	24.275	24.379	120
2021-10-25 00:00	24.385	24.612	24.290	24.546	1597
2021-10-26 00:00	24.543	24.548	23.863	24.134	1536
2021-10-27 00:00	24.134	24.246	23.822	24.028	1545
2021-10-28 00:00	24.028	24.241	23.947	24.054	1645
2021-10-29 00:00	24.055	24.069	23.643	23.865	1525
2021-10-31 00:00	23.857	23.896	23.735	23.764	634
2021-11-01 00:00	23.765	24.088	23.736	24.014	1920
2021-11-02 00:00	24.014	24.054	23.378	23.516	1709
2021-11-03 00:00	23.515	23.715	23.007	23.710	2204
2021-11-04 00:00	23.709	24.035	23.428	23.765	1855
2021-11-05 00:00	23.763	24.166	23.601	24.149	1478
2021-11-07 00:00	24.139	24.188	24.108	24.116	753
2021-11-08 00:00	24.117	24.504	24.043	24.435	1785
2021-11-09 00:00	24.434	24.466	24.014	24.296	1872
2021-11-10 00:00	24.292	25.119	23.985	24.631	2207
2021-11-11 00:00	24.635	25.255	24.578	25.233	2056
2021-11-12 00:00	25.226	25.381	24.834	25.306	1428
2021-11-14 00:00	25.303	25.376	25.265	25.327	676
2021-11-15 00:00	25.330	25.348	24.895	25.054	1811
2021-11-16 00:00	25.053	25.395	24.756	24.826	2098
2021-11-17 00:00	24.826	25.199	24.802	25.051	1747
2021-11-18 00:00	25.050	25.149	24.667	24.815	1801
2021-11-19 00:00	24.811	24.972	24.541	24.592	1553
2021-11-21 00:00	24.563	24.646	24.490	24.600	1268
2021-11-22 00:00	24.604	24.877	24.091	24.231	2092
2021-11-23 00:00	24.226	24.313	23.266	23.649	2080
2021-11-24 00:00	23.654	23.679	23.390	23.557	2043
2021-11-25 00:00	23.560	23.715	23.544	23.565	1714
2021-11-26 00:00	23.570	23.718	22.903	23.103	1253
2021-11-28 00:00	23.155	23.315	23.052	23.312	1974
2021-11-29 00:00	23.310	23.433	22.741	22.928	1970
2021-11-30 00:00	22.926	23.304	22.678	22.792	2334
2021-12-01 00:00	22.795	23.020	22.172	22.369	2437
2021-12-02 00:00	22.366	22.493	22.202	22.371	1972
2021-12-03 00:00	22.372	22.576	22.024	22.536	1518
2021-12-05 00:00	22.529	22.596	22.480	22.573	830
2021-12-06 00:00	22.571	22.591	22.111	22.382	1878
2021-12-07 00:00	22.384	22.592	22.213	22.500	1631
2021-12-08 00:00	22.503	22.553	22.293	22.443	1763
2021-12-09 00:00	22.443	22.464	21.856	21.979	1709
2021-12-10 00:00	21.980	22.222	21.816	22.165	1429
2021-12-12 00:00	22.199	22.241	22.153	22.213	544
2021-12-13 00:00	22.213	22.409	22.132	22.292	1855
2021-12-14 00:00	22.292	22.327	21.679	21.956	1802
2021-12-15 00:00	21.956	22.123	21.413	22.073	2334
2021-12-16 00:00	22.077	22.527	21.899	22.449	1883
2021-12-17 00:00	22.449	22.670	22.325	22.350	1363
2021-12-19 00:00	22.375	22.398	22.319	22.345	718
2021-12-20 00:00	22.347	22.438	22.182	22.249	1888
2021-12-21 00:00	22.247	22.782	22.167	22.485	1852
2021-12-22 00:00	22.489	22.825	22.428	22.767	1807
2021-12-23 00:00	22.767	22.926	22.640	22.865	1452
2021-12-26 00:00	22.774	22.866	22.759	22.835	552
2021-12-27 00:00	22.836	23.107	22.632	23.040	1804
2021-12-28 00:00	23.038	23.425	22.951	23.000	2040
2021-12-29 00:00	22.999	23.149	22.573	22.814	1979
2021-12-30 00:00	22.816	23.105	22.590	23.063	1729
2021-12-31 00:00	23.063	23.331	23.025	23.299	1368
2022-01-02 00:00	23.337	23.399	23.272	23.278	711
2022-01-03 00:00	23.283	23.293	22.659	22.910	2008
2022-01-04 00:00	22.908	23.094	22.631	23.042	2042
2022-01-05 00:00	23.047	23.248	22.710	22.771	2141
2022-01-06 00:00	22.772	22.820	21.990	22.183	2086
2022-01-07 00:00	22.183	22.431	21.935	22.353	1663
2022-01-09 00:00	22.340	22.390	22.304	22.350	663
2022-01-10 00:00	22.351	22.510	22.178	22.478	2073
2022-01-11 00:00	22.473	22.797	22.449	22.741	1944
2022-01-12 00:00	22.743	23.211	22.632	23.115	2039
2022-01-13 00:00	23.120	23.263	22.987	23.049	1881
2022-01-14 00:00	23.047	23.302	22.816	22.951	1601
2022-01-16 00:00	22.913	22.954	22.899	22.938	592
2022-01-17 00:00	22.938	23.108	22.821	23.013	1485
2022-01-18 00:00	23.013	23.629	22.794	23.458	2212
2022-01-19 00:00	23.456	24.203	23.371	24.082	2429
2022-01-20 00:00	24.087	24.694	24.063	24.370	2744
2022-01-21 00:00	24.370	24.570	24.152	24.261	1815
2022-01-23 00:00	24.194	24.303	24.172	24.278	880
2022-01-24 00:00	24.278	24.278	23.551	23.940	3321
2022-01-25 00:00	23.937	23.966	23.584	23.877	2642
2022-01-26 00:00	23.884	23.966	23.422	23.579	2991
2022-01-27 00:00	23.577	23.577	22.566	22.733	3089
2022-01-28 00:00	22.727	22.811	22.137	22.463	2187
2022-01-30 00:00	22.373	22.446	22.358	22.393	766
2022-01-31 00:00	22.393	22.634	22.238	22.468	1985
2022-02-01 00:00	22.471	23.034	22.393	22.614	2002
2022-02-02 00:00	22.616	22.855	22.456	22.610	1948
2022-02-03 00:00	22.611	22.647	21.988	22.414	2079
2022-02-04 00:00	22.412	22.663	22.108	22.498	1741
2022-02-06 00:00	22.552	22.602	22.487	22.589	759
2022-02-07 00:00	22.589	23.092	22.586	23.028	1833
2022-02-08 00:00	23.030	23.250	22.766	23.180	1760
2022-02-09 00:00	23.183	23.345	23.079	23.280	1743
2022-02-10 00:00	23.279	23.704	23.116	23.170	2453
2022-02-11 00:00	23.170	23.680	22.848	23.540	1949
2022-02-13 00:00	23.514	23.632	23.508	23.620	1046
2022-02-14 00:00	23.615	23.932	23.537	23.870	2703
2022-02-15 00:00	23.871	23.979	23.067	23.367	2675
2022-02-16 00:00	23.367	23.659	23.267	23.577	2266
2022-02-17 00:00	23.575	23.911	23.410	23.829	2890
2022-02-18 00:00	23.829	24.081	23.670	23.911	2225
2022-02-20 00:00	24.003	24.051	23.910	23.987	1106
2022-02-21 00:00	23.990	24.165	23.680	23.993	3185
2022-02-22 00:00	23.994	24.353	23.890	24.129	3082
2022-02-23 00:00	24.126	24.582	24.014	24.537	2578
2022-02-24 00:00	24.541	25.611	23.821	24.184	4948
2022-02-25 00:00	24.184	24.490	23.860	24.253	2312
2022-02-27 00:00	24.595	24.764	24.366	24.456	3450
2022-02-28 00:00	24.449	24.575	24.081	24.409	2442
2022-03-01 00:00	24.409	25.535	24.268	25.361	3196
2022-03-02 00:00	25.358	25.375	24.849	25.236	2702
2022-03-03 00:00	25.239	25.469	24.959	25.091	2457
2022-03-04 00:00	25.090	25.732	25.033	25.691	2052
2022-03-06 00:00	25.926	26.077	25.797	26.038	2806
2022-03-07 00:00	26.033	26.136	25.189	25.681	4968
2022-03-08 00:00	25.679	26.940	25.341	26.454	4667
2022-03-09 00:00	26.459	26.753	25.383	25.630	3515
2022-03-10 00:00	25.630	26.053	25.295	25.874	2486
2022-03-11 00:00	25.865	25.993	25.396	25.852	1990
2022-03-13 00:00	25.752	25.917	25.512	25.568	2293
2022-03-14 00:00	25.566	25.743	24.918	25.066	2377
2022-03-15 00:00	25.061	25.066	24.518	24.931	2314
2022-03-16 00:00	24.930	25.177	24.428	25.134	2815
2022-03-17 00:00	25.131	25.534	25.044	25.383	2303
2022-03-18 00:00	25.384	25.437	24.816	24.958	1942
2022-03-20 00:00	25.036	25.130	24.893	24.903	1373
2022-03-21 00:00	24.893	25.300	24.869	25.229	1992
2022-03-22 00:00	25.228	25.371	24.560	24.748	2674
2022-03-23 00:00	24.741	25.192	24.662	25.164	2057
2022-03-24 00:00	25.158	25.840	24.955	25.563	1940
2022-03-25 00:00	25.563	25.711	25.242	25.481	1759
2022-03-27 00:00	25.525	25.573	25.423	25.439	102
2022-03-28 00:00	25.439	25.459	24.781	24.926	1836
2022-03-29 00:00	24.925	25.001	23.956	24.734	1630
2022-03-30 00:00	24.729	25.053	24.686	24.891	1452
2022-03-31 00:00	24.887	25.076	24.556	24.788	1676
2022-04-01 00:00	24.789	24.851	24.409	24.614	1582
2022-04-03 00:00	24.571	24.639	24.564	24.605	108
2022-04-04 00:00	24.602	24.836	24.270	24.515	1768
2022-04-05 00:00	24.521	24.938	24.212	24.274	1882
2022-04-06 00:00	24.275	24.558	24.112	24.403	2127
2022-04-07 00:00	24.404	24.654	24.226	24.624	2069
2022-04-08 00:00	24.632	24.798	24.356	24.737	1613
2022-04-10 00:00	24.744	24.831	24.732	24.767	119
2022-04-11 00:00	24.759	25.367	24.656	25.084	2281
2022-04-12 00:00	25.077	25.603	24.850	25.380	1924
2022-04-13 00:00	25.382	25.822	25.337	25.653	1626
2022-04-14 00:00	25.653	25.859	25.276	25.633	1431
2022-04-17 00:00	25.629	25.852	25.580	25.852	123
2022-04-18 00:00	25.854	26.210	25.731	25.846	1590
2022-04-19 00:00	25.847	25.992	25.044	25.096	1785
2022-04-20 00:00	25.095	25.279	24.872	25.155	1686
2022-04-21 00:00	25.154	25.174	24.409	24.630	1825
2022-04-22 00:00	24.630	24.645	24.035	24.105	1895
2022-04-24 00:00	24.092	24.167	24.041	24.102	117
2022-04-25 00:00	24.100	24.136	23.385	23.675	2043
2022-04-26 00:00	23.674	23.918	23.382	23.588	1594
2022-04-27 00:00	23.587	23.688	23.225	23.317	2030
2022-04-28 00:00	23.319	23.344	22.872	23.164	1661
2022-04-29 00:00	23.162	23.552	22.670	22.753	1467
2022-05-01 00:00	22.715	22.851	22.687	22.759	120
2022-05-02 00:00	22.759	22.798	22.104	22.622	1525
2022-05-03 00:00	22.622	22.831	22.407	22.582	1718
2022-05-04 00:00	22.586	23.081	22.200	22.997	1605
2022-05-05 00:00	22.993	23.272	22.304	22.441	1808
2022-05-06 00:00	22.440	22.633	22.087	22.313	1552
2022-05-08 00:00	22.313	22.355	22.259	22.266	122
2022-05-09 00:00	22.265	22.314	21.674	21.810	2002
2022-05-10 00:00	21.810	22.095	21.168	21.256	1842
2022-05-11 00:00	21.259	21.955	21.229	21.531	1754
2022-05-12 00:00	21.535	21.646	20.530	20.799	1764
2022-05-13 00:00	20.802	21.107	20.441	21.077	1490
2022-05-15 00:00	21.087	21.215	21.012	21.213	122
2022-05-16 00:00	21.210	21.678	20.831	21.591	2035
2022-05-17 00:00	21.580	21.905	21.496	21.621	1910
2022-05-18 00:00	21.622	21.741	21.283	21.326	1668
2022-05-19 00:00	21.324	21.981	21.270	21.889	1840
2022-05-20 00:00	21.893	22.069	21.600	21.737	1418
2022-05-22 00:00	21.753	21.851	21.717	21.798	115
2022-05-23 00:00	21.791	22.180	21.660	21.746	1526
2022-05-24 00:00	21.749	22.196	21.657	22.120	1734
2022-05-25 00:00	22.120	22.135	21.723	21.967	1845
2022-05-26 00:00	21.973	22.063	21.707	22.005	1577
2022-05-27 00:00	22.000	22.436	21.924	22.103	1758
2022-05-29 00:00	22.072	22.097	22.002	22.027	109
2022-05-30 00:00	22.028	22.271	21.897	21.909	1228
2022-05-31 00:00	21.911	21.971	21.465	21.535	1563
2022-06-01 00:00	21.531	21.964	21.419	21.776	1534
2022-06-02 00:00	21.772	22.373	21.751	22.371	1450
2022-06-03 00:00	22.372	22.476	21.836	21.893	1363
2022-06-05 00:00	21.906	21.941	21.880	21.903	117
2022-06-06 00:00	21.905	22.504	21.889	22.022	1499
2022-06-07 00:00	22.022	22.276	21.847	22.229	1445
2022-06-08 00:00	22.228	22.237	21.793	22.036	1460
2022-06-09 00:00	22.041	22.137	21.542	21.638	1539
2022-06-10 00:00	21.633	21.985	21.232	21.878	1497
2022-06-12 00:00	21.917	22.000	21.861	21.894	120
2022-06-13 00:00	21.895	21.904	20.951	21.113	1660
2022-06-14 00:00	21.114	21.371	20.880	21.083	1608
2022-06-15 00:00	21.083	21.841	21.032	21.701	1959
2022-06-16 00:00	21.698	21.957	21.335	21.856	1928
2022-06-17 00:00	21.858	21.940	21.563	21.654	1945
2022-06-19 00:00	21.363	21.649	21.362	21.632	107
2022-06-20 00:00	21.637	21.752	21.451	21.589	1245
2022-06-21 00:00	21.589	21.929	21.323	21.606	1727
2022-06-22 00:00	21.604	21.607	21.224	21.377	1663
2022-06-23 00:00	21.380	21.499	20.905	21.006	1538
2022-06-24 00:00	21.001	21.215	20.594	21.109	1916
2022-06-26 00:00	21.194	21.249	21.127	21.133	120
2022-06-27 00:00	21.137	21.528	21.077	21.153	1569
2022-06-28 00:00	21.148	21.354	20.773	20.811	1469
2022-06-29 00:00	20.806	21.050	20.616	20.737	1694
2022-06-30 00:00	20.742	20.812	20.154	20.250	1709
2022-07-01 00:00	20.249	20.281	19.370	19.866	2011
2022-07-03 00:00	19.845	19.961	19.825	19.825	120
2022-07-04 00:00	19.832	20.042	19.754	19.979	1317
2022-07-05 00:00	19.980	20.195	19.082	19.224	1895
2022-07-06 00:00	19.224	19.384	18.910	19.166	2181
2022-07-07 00:00	19.169	19.477	19.083	19.232	1547
2022-07-08 00:00	19.236	19.445	19.002	19.286	1486
2022-07-10 00:00	19.291	19.352	19.246	19.323	122
2022-07-11 00:00	19.323	19.363	19.055	19.090	1502
2022-07-12 00:00	19.091	19.194	18.729	18.878	1603
2022-07-13 00:00	18.883	19.400	18.846	19.121	1694
2022-07-14 00:00	19.120	19.187	18.131	18.441	1972
2022-07-15 00:00	18.440	18.769	18.171	18.657	1446
2022-07-17 00:00	18.649	18.761	18.649	18.740	117
2022-07-18 00:00	18.741	19.010	18.626	18.713	1501
2022-07-19 00:00	18.711	18.900	18.566	18.758	1614
2022-07-20 00:00	18.762	19.089	18.596	18.670	1520
2022-07-21 00:00	18.674	18.871	18.226	18.804	1752
2022-07-22 00:00	18.803	18.942	18.498	18.553	1394
2022-07-24 00:00	18.578	18.593	18.518	18.518	108
2022-07-25 00:00	18.523	18.776	18.301	18.389	1461
2022-07-26 00:00	18.391	18.718	18.379	18.660	1445
2022-07-27 00:00	18.658	19.171	18.440	19.143	1530
2022-07-28 00:00	19.132	20.011	19.048	19.938	1758
2022-07-29 00:00	19.939	20.356	19.836	20.321	1564
2022-07-31 00:00	20.293	20.322	20.182	20.204	118
2022-08-01 00:00	20.198	20.498	20.071	20.319	1825
2022-08-02 00:00	20.314	20.501	19.832	19.855	1918
2022-08-03 00:00	19.850	20.164	19.771	19.981	1560
2022-08-04 00:00	19.975	20.379	19.947	20.192	1801
2022-08-05 00:00	20.191	20.305	19.537	19.857	1518
2022-08-07 00:00	19.854	19.886	19.798	19.817	119
2022-08-08 00:00	19.816	20.734	19.782	20.695	1804
2022-08-09 00:00	20.692	20.728	20.398	20.500	1818
2022-08-10 00:00	20.504	20.834	20.334	20.582	1793
2022-08-11 00:00	20.576	20.624	20.230	20.265	1618
2022-08-12 00:00	20.263	20.839	20.226	20.793	1705
2022-08-14 00:00	20.764	20.825	20.738	20.761	117
2022-08-15 00:00	20.751	20.863	20.074	20.237	2020
2022-08-16 00:00	20.237	20.255	19.899	20.113	1900
2022-08-17 00:00	20.114	20.265	19.683	19.808	1851
2022-08-18 00:00	19.808	19.929	19.467	19.503	1690
2022-08-19 00:00	19.503	19.508	19.011	19.017	1455
2022-08-21 00:00	19.010	19.056	18.950	18.982	118
2022-08-22 00:00	18.982	19.145	18.707	18.946	1489
2022-08-23 00:00	18.946	19.269	18.784	19.074	1488
2022-08-24 00:00	19.073	19.221	18.939	19.106	1532
2022-08-25 00:00	19.106	19.393	19.091	19.186	1491
2022-08-26 00:00	19.185	19.423	18.808	18.854	1673
2022-08-28 00:00	18.725	18.836	18.711	18.718	110
2022-08-29 00:00	18.717	18.902	18.499	18.780	1501
2022-08-30 00:00	18.781	18.835	18.313	18.392	1604
2022-08-31 00:00	18.386	18.529	17.889	17.909	1826
2022-09-01 00:00	17.904	17.904	17.543	17.821	1682
2022-09-02 00:00	17.819	18.279	17.769	18.032	1615
2022-09-04 00:00	18.019	18.034	17.932	17.934	119
2022-09-05 00:00	17.933	18.242	17.932	18.205	1252
2022-09-06 00:00	18.200	18.576	17.930	17.975	1629
2022-09-07 00:00	17.975	18.470	17.832	18.432	1413
2022-09-08 00:00	18.437	18.730	18.320	18.552	1609
2022-09-09 00:00	18.552	18.936	18.539	18.828	1334
2022-09-11 00:00	18.848	18.998	18.799	18.923	114
2022-09-12 00:00	18.916	20.004	18.823	19.832	1547
2022-09-13 00:00	19.827	19.939	19.282	19.339	1765
2022-09-14 00:00	19.339	19.689	19.225	19.635	1539
2022-09-15 00:00	19.636	19.649	18.891	18.955	1598
2022-09-16 00:00	18.956	19.613	18.768	19.562	1661
2022-09-18 00:00	19.515	19.646	19.508	19.606	119
2022-09-19 00:00	19.602	19.631	19.208	19.520	1490
2022-09-20 00:00	19.526	19.571	19.050	19.278	1560
2022-09-21 00:00	19.286	19.913	19.231	19.451	1908
2022-09-22 00:00	19.456	19.850	19.232	19.662	2071
2022-09-23 00:00	19.663	19.700	18.763	18.843	1710
2022-09-25 00:00	18.831	18.881	18.704	18.778	120
2022-09-26 00:00	18.777	19.023	18.305	18.422	1896
2022-09-27 00:00	18.424	18.778	18.307	18.372	1692
2022-09-28 00:00	18.378	18.965	17.953	18.825	2015
2022-09-29 00:00	18.828	18.900	18.479	18.892	1940
2022-09-30 00:00	18.890	19.282	18.762	19.015	1853
2022-10-02 00:00	18.978	19.144	18.958	19.097	120
2022-10-03 00:00	19.097	20.833	19.040	20.767	2120
2022-10-04 00:00	20.765	21.233	20.599	21.013	1854
2022-10-05 00:00	21.014	21.027	19.924	20.672	1895
2022-10-06 00:00	20.671	20.860	20.346	20.583	1805
2022-10-07 00:00	20.587	20.819	19.988	20.116	1986
2022-10-09 00:00	20.092	20.175	20.071	20.120	121
2022-10-10 00:00	20.122	20.143	19.507	19.628	1812
2022-10-11 00:00	19.623	19.715	19.051	19.119	1963
2022-10-12 00:00	19.117	19.304	18.850	19.049	2059
2022-10-13 00:00	19.048	19.304	18.441	18.849	2225
2022-10-14 00:00	18.854	19.068	18.078	18.237	1983
2022-10-16 00:00	18.210	18.393	18.198	18.381	121
2022-10-17 00:00	18.387	18.932	18.326	18.646	1772
2022-10-18 00:00	18.650	18.918	18.533	18.762	1757
2022-10-19 00:00	18.756	18.789	18.350	18.396	1617
2022-10-20 00:00	18.398	18.993	18.216	18.602	1835
2022-10-21 00:00	18.605	19.412	18.271	19.402	2337
2022-10-23 00:00	19.413	19.671	19.345	19.461	151
2022-10-24 00:00	19.460	19.497	19.003	19.289	2103
2022-10-25 00:00	19.292	19.423	18.775	19.316	1792
2022-10-26 00:00	19.318	19.768	19.201	19.605	1860
2022-10-27 00:00	19.605	19.663	19.278	19.541	2074
2022-10-28 00:00	19.543	19.630	18.984	19.217	1811
2022-10-30 00:00	19.175	19.240	19.134	19.210	876
2022-10-31 00:00	19.206	19.246	18.889	19.154	1852
2022-11-01 00:00	19.153	20.020	19.137	19.619	2345
2022-11-02 00:00	19.619	20.068	19.100	19.146	2372
2022-11-03 00:00	19.145	19.534	18.818	19.440	2125
2022-11-04 00:00	19.441	20.899	19.398	20.847	2392
2022-11-06 00:00	20.536	20.599	20.417	20.510	1897
2022-11-07 00:00	20.511	20.999	20.371	20.755	2133
2022-11-08 00:00	20.755	21.617	20.480	21.374	2889
2022-11-09 00:00	21.374	21.599	20.981	21.025	2887
2022-11-10 00:00	21.023	21.824	20.944	21.594	3071
2022-11-11 00:00	21.597	22.054	21.262	21.681	2171
2022-11-13 00:00	21.567	21.663	21.527	21.580	1176
2022-11-14 00:00	21.579	22.077	21.276	21.919	2275
2022-11-15 00:00	21.916	22.243	21.372	21.579	3313
2022-11-16 00:00	21.580	22.041	21.379	21.416	2594
2022-11-17 00:00	21.414	21.462	20.742	20.949	2809
2022-11-18 00:00	20.947	21.284	20.830	20.909	1601
2022-11-20 00:00	20.981	21.006	20.911	20.991	860
2022-11-21 00:00	20.995	20.995	20.568	20.849	2074
2022-11-22 00:00	20.853	21.328	20.837	21.075	1870
2022-11-23 00:00	21.077	21.589	20.899	21.568	2702
2022-11-24 00:00	21.566	21.665	21.444	21.474	1613
2022-11-25 00:00	21.474	21.542	21.147	21.443	1172
2022-11-27 00:00	21.340	21.377	21.252	21.264	782
2022-11-28 00:00	21.264	21.610	20.854	20.912	2665
2022-11-29 00:00	20.913	21.440	20.887	21.209	2189
2022-11-30 00:00	21.211	22.407	21.187	22.339	4064
2022-12-01 00:00	22.337	22.775	22.028	22.691	2562
2022-12-02 00:00	22.690	23.225	22.265	23.119	2424
2022-12-04 00:00	23.058	23.264	23.053	23.237	1285
2022-12-05 00:00	23.231	23.510	22.155	22.242	2574
2022-12-06 00:00	22.244	22.598	22.012	22.171	2202
2022-12-07 00:00	22.171	22.808	22.075	22.712	2933
2022-12-08 00:00	22.712	23.207	22.532	23.090	2198
2022-12-09 00:00	23.090	23.675	22.941	23.456	2044
2022-12-11 00:00	23.391	23.463	23.338	23.357	677
2022-12-12 00:00	23.356	23.524	23.094	23.335	1889
2022-12-13 00:00	23.331	24.120	23.281	23.682	3280
2022-12-14 00:00	23.678	24.038	23.365	23.870	2794
2022-12-15 00:00	23.873	23.880	22.948	23.050	3103
2022-12-16 00:00	23.045	23.241	22.542	23.205	2083
2022-12-18 00:00	23.180	23.210	23.113	23.134	610
2022-12-19 00:00	23.130	23.402	22.822	22.976	2466
2022-12-20 00:00	22.977	24.240	22.868	24.124	3121
2022-12-21 00:00	24.118	24.290	23.816	23.946	2377
2022-12-22 00:00	23.937	24.081	23.367	23.574	2308
2022-12-23 00:00	23.574	23.888	23.501	23.729	1667
2022-12-26 00:00	23.862	23.956	23.821	23.836	865
2022-12-27 00:00	23.836	24.273	23.776	24.017	2071
2022-12-28 00:00	24.011	24.063	23.447	23.530	2004
2022-12-29 00:00	23.529	24.052	23.508	23.867	2043
2022-12-30 00:00	23.868	24.138	23.510	23.953	1866
2023-01-02 00:00	24.119	24.130	23.938	24.090	1367
2023-01-03 00:00	24.091	24.541	23.871	23.963	2810
2023-01-04 00:00	23.960	24.450	23.575	23.800	2729
2023-01-05 00:00	23.798	23.908	23.105	23.208	3596
2023-01-06 00:00	23.210	23.906	23.187	23.771	2763
2023-01-08 00:00	23.872	24.040	23.809	23.989	1220
2023-01-09 00:00	24.001	24.093	23.570	23.649	3797
2023-01-10 00:00	23.646	23.760	23.413	23.606	3300
2023-01-11 00:00	23.600	24.032	23.197	23.423	4387
2023-01-12 00:00	23.420	24.174	23.261	23.800	3800
2023-01-13 00:00	23.789	24.287	23.485	24.248	3566
2023-01-15 00:00	24.258	24.295	24.204	24.264	397
2023-01-16 00:00	24.264	24.498	23.917	24.284	2789
2023-01-17 00:00	24.288	24.362	23.809	23.939	3755
2023-01-18 00:00	23.943	24.336	23.413	23.474	4635
2023-01-19 00:00	23.484	23.931	23.150	23.854	4866
2023-01-20 00:00	23.847	24.068	23.689	23.907	3521
2023-01-22 00:00	23.935	24.012	23.872	24.005	814
2023-01-23 00:00	24.005	24.150	22.743	23.390	3559
2023-01-24 00:00	23.394	23.733	23.201	23.615	4180
2023-01-25 00:00	23.613	23.973	23.319	23.946	3446
2023-01-26 00:00	23.956	24.283	23.584	23.908	3834
2023-01-27 00:00	23.907	23.997	23.280	23.573	2880
2023-01-29 00:00	23.578	23.642	23.534	23.633	720
2023-01-30 00:00	23.630	23.797	23.524	23.562	3606
2023-01-31 00:00	23.572	23.757	22.959	23.667	4081
2023-02-01 00:00	23.667	24.079	23.334	24.042	4742
2023-02-02 00:00	24.041	24.627	23.402	23.465	4708
2023-02-03 00:00	23.461	23.598	22.272	22.340	4031
2023-02-05 00:00	22.294	22.397	22.217	22.255	1269
2023-02-06 00:00	22.264	22.604	22.132	22.276	4117
2023-02-07 00:00	22.280	22.450	22.029	22.209	4915
2023-02-08 00:00	22.209	22.527	22.194	22.277	3742
2023-02-09 00:00	22.280	22.583	21.893	21.927	4186
2023-02-10 00:00	21.928	22.295	21.819	21.969	4341
2023-02-12 00:00	21.986	22.017	21.910	21.913	690
2023-02-13 00:00	21.914	22.072	21.775	22.001	3616
2023-02-14 00:00	21.997	22.030	21.588	21.855	3670
2023-02-15 00:00	21.856	21.874	21.406	21.627	4057
2023-02-16 00:00	21.630	21.805	21.415	21.511	4527
2023-02-17 00:00	21.509	21.799	21.160	21.689	3546
2023-02-19 00:00	21.705	21.718	21.568	21.583	726
2023-02-20 00:00	21.584	21.898	21.539	21.791	1887
2023-02-21 00:00	21.787	21.967	21.628	21.848	3747
2023-02-22 00:00	21.850	21.974	21.427	21.501	3592
2023-02-23 00:00	21.503	21.673	21.251	21.313	3861
2023-02-24 00:00	21.316	21.393	20.726	20.751	3046
2023-02-26 00:00	20.792	20.839	20.705	20.766	893
2023-02-27 00:00	20.762	20.826	20.541	20.622	3475
2023-02-28 00:00	20.619	20.996	20.407	20.871	3241
2023-03-01 00:00	20.877	21.170	20.812	20.966	3718
2023-03-02 00:00	20.957	21.006	20.661	20.946	3428
2023-03-03 00:00	20.944	21.262	20.759	21.225	3190
2023-03-05 00:00	21.200	21.239	21.163	21.177	660
2023-03-06 00:00	21.171	21.297	20.966	21.035	2186
2023-03-07 00:00	21.028	21.133	20.014	20.087	2315
2023-03-08 00:00	20.084	20.218	19.899	20.027	2250
2023-03-09 00:00	20.031	20.286	19.965	20.077	2218
2023-03-10 00:00	20.073	20.783	19.888	20.535	2515
2023-03-12 00:00	20.844	20.884	20.622	20.658	2472
2023-03-13 00:00	20.657	21.921	20.576	21.774	4188
2023-03-14 00:00	21.778	21.965	21.421	21.664	3025
2023-03-15 00:00	21.668	22.374	21.521	21.791	3534
2023-03-16 00:00	21.790	22.080	21.458	21.727	2564
2023-03-17 00:00	21.728	22.596	21.648	22.561	2124
2023-03-19 00:00	22.572	22.662	22.353	22.375	1634
2023-03-20 00:00	22.379	22.708	22.205	22.504	4420
2023-03-21 00:00	22.504	22.642	22.138	22.419	2975
2023-03-22 00:00	22.417	23.063	22.260	22.973	3189
2023-03-23 00:00	22.975	23.216	22.742	23.036	3899
2023-03-24 00:00	23.034	23.519	22.950	23.210	3983
2023-03-26 00:00	23.244	23.267	23.075	23.199	121
2023-03-27 00:00	23.196	23.237	22.833	23.112	2765
2023-03-28 00:00	23.104	23.367	22.808	23.336	2696
2023-03-29 00:00	23.335	23.409	23.031	23.303	3145
2023-03-30 00:00	23.301	23.922	23.217	23.865	3165
2023-03-31 00:00	23.869	24.155	23.675	24.096	2716
2023-04-02 00:00	24.105	24.120	23.814	23.820	126
2023-04-03 00:00	23.823	24.182	23.551	23.944	2017
2023-04-04 00:00	23.944	25.017	23.811	24.977	1831
2023-04-05 00:00	24.974	25.126	24.626	24.924	1856
2023-04-06 00:00	24.924	24.996	24.556	24.965	1637
2023-04-09 00:00	24.796	24.988	24.780	24.930	114
2023-04-10 00:00	24.929	25.064	24.701	24.875	1601
2023-04-11 00:00	24.876	25.131	24.822	25.048	1780
2023-04-12 00:00	25.044	25.662	25.032	25.530	2082
2023-04-13 00:00	25.525	25.962	25.376	25.794	1984
2023-04-14 00:00	25.791	26.081	25.139	25.317	1932
2023-04-16 00:00	25.258	25.383	25.251	25.314	120
2023-04-17 00:00	25.317	25.599	24.790	25.001	2138
2023-04-18 00:00	25.001	25.313	24.913	25.200	2032
2023-04-19 00:00	25.208	25.363	24.628	25.247	2099
2023-04-20 00:00	25.244	25.487	25.042	25.244	2045
2023-04-21 00:00	25.237	25.375	24.884	25.071	1939
2023-04-23 00:00	25.047	25.128	25.027	25.110	116
2023-04-24 00:00	25.107	25.228	24.771	25.178	1732
2023-04-25 00:00	25.177	25.351	24.479	25.073	1965
2023-04-26 00:00	25.064	25.220	24.712	24.914	1992
2023-04-27 00:00	24.914	25.128	24.495	24.893	2034
2023-04-28 00:00	24.898	25.060	24.712	25.045	1938
2023-04-30 00:00	25.130	25.156	24.972	24.977	118
2023-05-01 00:00	24.983	25.902	24.872	24.954	1730
2023-05-02 00:00	24.954	25.476	24.560	25.358	1943
2023-05-03 00:00	25.363	25.796	25.075	25.658	2054
2023-05-04 00:00	25.662	26.059	25.425	26.051	2185
2023-05-05 00:00	26.051	26.123	25.154	25.633	1678
2023-05-07 00:00	25.644	25.673	25.599	25.622	115
2023-05-08 00:00	25.623	25.726	25.495	25.542	1859
2023-05-09 00:00	25.541	25.663	25.308	25.631	1675
2023-05-10 00:00	25.633	25.911	25.210	25.372	2059
2023-05-11 00:00	25.371	25.467	24.126	24.149	1943
2023-05-12 00:00	24.149	24.202	23.727	23.933	1867
2023-05-14 00:00	23.915	23.993	23.909	23.979	110
2023-05-15 00:00	23.978	24.204	23.862	24.069	1816
2023-05-16 00:00	24.072	24.095	23.621	23.745	2007
2023-05-17 00:00	23.745	23.872	23.525	23.746	2659
2023-05-18 00:00	23.743	23.771	23.289	23.491	1799
2023-05-19 00:00	23.498	24.006	23.384	23.845	2079
2023-05-21 00:00	23.819	23.867	23.806	23.836	118
2023-05-22 00:00	23.835	23.909	23.583	23.586	2690
2023-05-23 00:00	23.580	23.646	23.092	23.447	2368
2023-05-24 00:00	23.455	23.526	22.987	23.065	2302
2023-05-25 00:00	23.054	23.139	22.683	22.703	2006
2023-05-26 00:00	22.704	23.325	22.657	23.285	2030
2023-05-28 00:00	23.243	23.309	23.238	23.275	120
2023-05-29 00:00	23.275	23.366	23.095	23.131	1490
2023-05-30 00:00	23.125	23.330	22.913	23.174	2023
2023-05-31 00:00	23.181	23.608	22.990	23.537	2335
2023-06-01 00:00	23.533	23.916	23.228	23.865	2575
2023-06-02 00:00	23.863	24.012	23.565	23.602	2188
2023-06-04 00:00	23.572	23.603	23.543	23.561	114
2023-06-05 00:00	23.555	23.680	23.232	23.553	1721
2023-06-06 00:00	23.552	23.766	23.317	23.598	2089
2023-06-07 00:00	23.596	24.046	23.384	23.442	2029
2023-06-08 00:00	23.444	24.347	23.430	24.261	2814
2023-06-09 00:00	24.252	24.520	24.174	24.265	2009
2023-06-11 00:00	24.237	24.250	24.203	24.243	109
2023-06-12 00:00	24.242	24.296	23.864	24.076	1712
2023-06-13 00:00	24.075	24.395	23.583	23.667	2088
2023-06-14 00:00	23.670	24.072	23.492	23.915	2102
2023-06-15 00:00	23.915	23.924	23.203	23.862	2025
2023-06-16 00:00	23.862	24.200	23.819	24.154	2324
2023-06-18 00:00	24.112	24.175	24.079	24.106	113
2023-06-19 00:00	24.106	24.167	23.874	23.994	1427
2023-06-20 00:00	23.994	24.015	23.037	23.146	2441
2023-06-21 00:00	23.146	23.164	22.478	22.702	2183
2023-06-22 00:00	22.703	22.705	22.165	22.224	2544
2023-06-23 00:00	22.223	22.674	22.098	22.423	2084
2023-06-25 00:00	22.419	22.515	22.395	22.510	117
2023-06-26 00:00	22.514	22.881	22.501	22.751	1777
2023-06-27 00:00	22.742	23.090	22.732	22.852	2215
2023-06-28 00:00	22.853	22.951	22.548	22.717	2321
2023-06-29 00:00	22.717	22.870	22.263	22.574	1956
2023-06-30 00:00	22.574	22.835	22.329	22.745	2275
2023-07-02 00:00	22.741	22.767	22.726	22.743	101
2023-07-03 00:00	22.736	23.064	22.687	22.880	1767
2023-07-04 00:00	22.879	23.050	22.865	22.950	1249
2023-07-05 00:00	22.954	23.301	22.753	23.120	2262
2023-07-06 00:00	23.120	23.247	22.504	22.709	1870
2023-07-07 00:00	22.715	23.144	22.538	23.058	1881
2023-07-09 00:00	23.082	23.108	23.024	23.058	115
2023-07-10 00:00	23.060	23.198	22.737	23.127	1693
2023-07-11 00:00	23.130	23.377	23.001	23.120	2264
2023-07-12 00:00	23.121	24.143	23.107	24.131	2651
2023-07-13 00:00	24.132	24.890	24.085	24.863	2784
2023-07-14 00:00	24.865	25.013	24.662	24.929	2490
2023-07-16 00:00	24.895	24.920	24.809	24.878	120
2023-07-17 00:00	24.877	24.935	24.583	24.826	2230
2023-07-18 00:00	24.820	25.166	24.743	25.038	2094
2023-07-19 00:00	25.040	25.228	24.925	25.107	2477
2023-07-20 00:00	25.109	25.258	24.699	24.795	2914
2023-07-21 00:00	24.785	24.910	24.570	24.592	2413
2023-07-23 00:00	24.583	24.616	24.570	24.601	105
2023-07-24 00:00	24.595	24.719	24.247	24.295	2137
2023-07-25 00:00	24.299	24.713	24.275	24.650	1668
2023-07-26 00:00	24.654	25.029	24.506	24.898	2441
2023-07-27 00:00	24.898	25.138	24.034	24.153	2573
2023-07-28 00:00	24.150	24.399	24.091	24.333	1712
2023-07-30 00:00	24.320	24.370	24.276	24.334	116
2023-07-31 00:00	24.333	24.831	24.183	24.718	2395
2023-08-01 00:00	24.719	24.749	24.116	24.389	2204
2023-08-02 00:00	24.379	24.481	23.628	23.712	2254
2023-08-03 00:00	23.705	23.835	23.381	23.592	2025
2023-08-04 00:00	23.591	23.786	23.201	23.624	2015
2023-08-06 00:00	23.599	23.671	23.576	23.611	116
2023-08-07 00:00	23.610	23.635	23.056	23.114	1673
2023-08-08 00:00	23.113	23.179	22.649	22.751	1672
2023-08-09 00:00	22.752	22.932	22.609	22.684	1516
2023-08-10 00:00	22.685	22.993	22.609	22.665	1809
2023-08-11 00:00	22.665	22.836	22.559	22.675	1737
2023-08-13 00:00	22.641	22.705	22.641	22.678	113
2023-08-14 00:00	22.676	22.755	22.353	22.596	1461
2023-08-15 00:00	22.592	22.703	22.210	22.539	1989
2023-08-16 00:00	22.539	22.780	22.263	22.406	1911
2023-08-17 00:00	22.406	23.004	22.333	22.707	2234
2023-08-18 00:00	22.708	22.879	22.618	22.735	1857
2023-08-20 00:00	22.717	22.790	22.717	22.787	117
2023-08-21 00:00	22.778	23.331	22.649	23.296	2151
2023-08-22 00:00	23.295	23.444	23.190	23.418	2245
2023-08-23 00:00	23.411	24.350	23.405	24.311	2574
2023-08-24 00:00	24.308	24.342	24.038	24.122	2614
2023-08-25 00:00	24.124	24.373	23.903	24.216	2301
2023-08-27 00:00	24.211	24.249	24.168	24.236	115
2023-08-28 00:00	24.236	24.346	24.029	24.202	1448
2023-08-29 00:00	24.201	24.787	24.153	24.708	2041
2023-08-30 00:00	24.707	25.005	24.511	24.613	2311
2023-08-31 00:00	24.613	24.670	24.358	24.419	2276
2023-09-01 00:00	24.418	24.816	24.101	24.149	2190
2023-09-03 00:00	24.178	24.183	24.104	24.166	106
2023-09-04 00:00	24.165	24.286	23.943	23.944	1174
2023-09-05 00:00	23.944	23.957	23.464	23.553	1582
2023-09-06 00:00	23.553	23.587	22.989	23.120	1533
2023-09-07 00:00	23.120	23.158	22.827	22.949	1455
2023-09-08 00:00	22.947	23.165	22.844	22.908	1313
2023-09-10 00:00	22.892	22.954	22.881	22.939	112
2023-09-11 00:00	22.941	23.216	22.926	23.067	1426
2023-09-12 00:00	23.067	23.177	22.820	23.040	1432
2023-09-13 00:00	23.050	23.086	22.729	22.827	1651
2023-09-14 00:00	22.824	22.967	22.286	22.620	1824
2023-09-15 00:00	22.616	23.285	22.613	23.022	1650
2023-09-17 00:00	23.022	23.059	23.003	23.051	110
2023-09-18 00:00	23.046	23.284	22.946	23.274	1477
2023-09-19 00:00	23.275	23.415	23.084	23.198	1433
2023-09-20 00:00	23.198	23.585	23.033	23.133	1859
2023-09-21 00:00	23.136	23.462	22.799	23.425	1670
2023-09-22 00:00	23.426	23.765	23.402	23.497	1432
2023-09-24 00:00	23.504	23.584	23.484	23.535	117
2023-09-25 00:00	23.534	23.641	23.027	23.113	1761
2023-09-26 00:00	23.112	23.121	22.797	22.840	1504
2023-09-27 00:00	22.840	22.869	22.395	22.543	1499
2023-09-28 00:00	22.547	22.727	22.384	22.663	1645
2023-09-29 00:00	22.664	23.549	22.106	22.169	1640
2023-10-01 00:00	22.146	22.183	22.030	22.098	120
2023-10-02 00:00	22.102	22.106	20.652	20.882	1789
2023-10-03 00:00	20.883	21.390	20.671	21.200	3212
2023-10-04 00:00	21.193	21.393	20.673	21.042	3525
2023-10-05 00:00	21.043	21.288	20.696	20.976	2166
2023-10-06 00:00	20.977	21.611	20.790	21.527	2983
2023-10-08 00:00	21.756	21.941	21.686	21.847	125
2023-10-09 00:00	21.853	22.006	21.554	21.895	2498
2023-10-10 00:00	21.892	21.953	21.614	21.793	2448
2023-10-11 00:00	21.795	22.113	21.780	22.038	2131
2023-10-12 00:00	22.039	22.233	21.739	21.834	2058
2023-10-13 00:00	21.833	22.809	21.833	22.716	2751
2023-10-15 00:00	22.716	22.716	22.592	22.657	120
2023-10-16 00:00	22.655	22.715	22.456	22.553	1993
2023-10-17 00:00	22.551	23.001	22.357	22.815	2251
2023-10-18 00:00	22.815	23.313	22.666	22.881	2907
2023-10-19 00:00	22.872	23.103	22.627	23.052	1944
2023-10-20 00:00	23.041	23.691	22.863	23.350	1767
2023-10-22 00:00	22.933	23.259	22.927	23.132	119
2023-10-23 00:00	23.131	23.326	22.903	22.959	2287
2023-10-24 00:00	22.958	23.199	22.645	22.938	2411
2023-10-25 00:00	22.938	23.013	22.540	22.835	1604
2023-10-26 00:00	22.834	23.132	22.433	22.834	2046
2023-10-27 00:00	22.825	23.115	22.645	23.100	1483
2023-10-29 00:00	23.119	23.172	23.002	23.048	1285
2023-10-30 00:00	23.041	23.596	23.023	23.273	2690
2023-10-31 00:00	23.271	23.308	22.723	22.826	2057
2023-11-01 00:00	22.830	23.043	22.527	23.037	2638
2023-11-02 00:00	23.033	23.116	22.643	22.705	2104
2023-11-03 00:00	22.694	23.296	22.577	23.196	2020
2023-11-05 00:00	23.163	23.202	23.109	23.125	685
2023-11-06 00:00	23.120	23.248	22.925	22.942	2238
2023-11-07 00:00	22.944	22.972	22.413	22.612	2241
2023-11-08 00:00	22.610	22.838	22.284	22.534	2262
2023-11-09 00:00	22.534	22.982	22.344	22.621	2560
2023-11-10 00:00	22.622	22.731	22.179	22.238	1775
2023-11-12 00:00	22.260	22.302	22.111	22.299	239
2023-11-13 00:00	22.298	22.353	21.867	22.324	2291
2023-11-14 00:00	22.317	23.176	22.227	23.054	2694
2023-11-15 00:00	23.055	23.612	23.011	23.438	2538
2023-11-16 00:00	23.437	24.071	23.265	23.763	2339
2023-11-17 00:00	23.763	24.136	23.649	23.699	1960
2023-11-19 00:00	23.641	23.699	23.593	23.599	626
2023-11-20 00:00	23.602	23.803	23.231	23.592	3723
2023-11-21 00:00	23.592	24.009	23.457	23.787	2496
2023-11-22 00:00	23.787	23.938	23.528	23.599	2975
2023-11-23 00:00	23.599	23.783	23.585	23.690	1649
2023-11-24 00:00	23.689	24.307	23.554	24.294	1486
2023-11-26 00:00	24.318	24.429	24.274	24.324	1220
2023-11-27 00:00	24.328	24.870	24.245	24.653	2681
2023-11-28 00:00	24.649	25.081	24.540	25.072	2821
2023-11-29 00:00	25.072	25.251	24.831	24.951	4979
2023-11-30 00:00	24.955	25.359	24.916	25.351	2904
2023-12-01 00:00	25.355	25.514	25.077	25.471	2506
2023-12-03 00:00	25.471	25.943	25.399	25.722	4958
2023-12-04 00:00	25.714	25.763	24.399	24.527	3173
2023-12-05 00:00	24.532	24.625	23.952	24.176	2776
2023-12-06 00:00	24.165	24.351	23.861	23.916	2601
2023-12-07 00:00	23.910	24.018	23.566	23.758	3708
2023-12-08 00:00	23.748	23.888	22.929	22.988	3113
2023-12-10 00:00	22.986	23.058	22.982	23.055	928
2023-12-11 00:00	23.054	23.094	22.708	22.808	2058
2023-12-12 00:00	22.805	23.145	22.681	22.803	2079
2023-12-13 00:00	22.804	23.839	22.498	23.824	3381
2023-12-14 00:00	23.829	24.209	23.789	24.119	2593
2023-12-15 00:00	24.122	24.279	23.746	23.853	1656
2023-12-17 00:00	23.821	23.850	23.705	23.715	1507
2023-12-18 00:00	23.720	24.047	23.648	23.801	2153
2023-12-19 00:00	23.794	24.161	23.755	24.039	2242
2023-12-20 00:00	24.037	24.427	23.941	24.160	2294
2023-12-21 00:00	24.161	24.497	23.986	24.447	2722
2023-12-22 00:00	24.452	24.595	24.078	24.183	1619
2023-12-25 00:00	24.190	24.242	23.980	24.221	1071
2023-12-26 00:00	24.223	24.407	24.049	24.186	1865
2023-12-27 00:00	24.186	24.450	23.935	24.296	2176
2023-12-28 00:00	24.298	24.480	23.860	23.924	2095
2023-12-29 00:00	23.922	23.973	23.525	23.776	1479
2024-01-01 00:00	23.805	23.849	23.768	23.809	986
2024-01-02 00:00	23.810	24.086	23.611	23.630	2263
2024-01-03 00:00	23.628	23.722	22.826	23.012	2714
2024-01-04 00:00	23.013	23.068	22.676	23.029	1999
2024-01-05 00:00	23.026	23.507	22.762	23.182	1900
2024-01-07 00:00	23.118	23.140	23.077	23.107	1083
2024-01-08 00:00	23.105	23.202	22.825	23.110	2615
2024-01-09 00:00	23.112	23.364	22.883	22.973	1920
2024-01-10 00:00	22.972	23.097	22.763	22.900	2093
2024-01-11 00:00	22.904	23.192	22.462	22.877	2674
2024-01-12 00:00	22.877	23.523	22.772	23.175	1762
2024-01-14 00:00	23.158	23.170	23.103	23.145	1188
2024-01-15 00:00	23.147	23.325	23.083	23.158	2249
2024-01-16 00:00	23.158	23.207	22.845	22.897	2078
2024-01-17 00:00	22.899	22.941	22.495	22.587	2751
2024-01-18 00:00	22.589	22.760	22.330	22.754	2647
2024-01-19 00:00	22.755	22.835	22.450	22.598	1767
2024-01-21 00:00	22.588	22.604	22.501	22.513	1045
2024-01-22 00:00	22.512	22.654	21.910	22.066	2446
2024-01-23 00:00	22.069	22.457	22.040	22.455	2117
2024-01-24 00:00	22.449	22.952	22.325	22.666	2610
2024-01-25 00:00	22.659	23.015	22.635	22.901	2279
2024-01-26 00:00	22.906	22.973	22.688	22.778	1473
2024-01-28 00:00	22.864	22.969	22.864	22.887	1381
2024-01-29 00:00	22.887	23.212	22.757	23.184	2198
2024-01-30 00:00	23.186	23.295	22.927	23.146	1990
2024-01-31 00:00	23.150	23.316	22.765	22.894	2997
2024-02-01 00:00	22.903	23.247	22.499	23.145	2632
2024-02-02 00:00	23.141	23.242	22.388	22.673	1925
2024-02-04 00:00	22.709	22.714	22.631	22.688	1009
2024-02-05 00:00	22.684	22.708	22.226	22.297	2091
2024-02-06 00:00	22.299	22.478	22.246	22.398	2123
2024-02-07 00:00	22.396	22.439	22.148	22.175	2273
2024-02-08 00:00	22.175	22.628	22.129	22.577	2158
2024-02-09 00:00	22.571	22.713	22.350	22.591	1402
2024-02-11 00:00	22.539	22.654	22.529	22.650	891
2024-02-12 00:00	22.646	23.067	22.505	22.674	1965
2024-02-13 00:00	22.677	22.933	21.969	22.069	3294
2024-02-14 00:00	22.071	22.450	21.921	22.366	2785
2024-02-15 00:00	22.365	23.030	22.333	22.946	2607
2024-02-16 00:00	22.951	23.492	22.776	23.398	1940
2024-02-18 00:00	23.316	23.407	23.316	23.371	769
2024-02-19 00:00	23.375	23.442	22.921	22.945	2242
2024-02-20 00:00	22.945	23.184	22.902	22.992	2693
2024-02-21 00:00	22.998	23.172	22.608	22.898	2550
2024-02-22 00:00	22.891	23.154	22.713	22.745	2648
2024-02-23 00:00	22.749	22.992	22.542	22.938	1937
2024-02-25 00:00	22.928	22.928	22.835	22.850	1025
2024-02-26 00:00	22.849	22.881	22.435	22.498	2268
2024-02-27 00:00	22.493	22.706	22.405	22.427	2283
2024-02-28 00:00	22.417	22.509	22.261	22.447	2369
2024-02-29 00:00	22.444	22.779	22.297	22.655	2020
2024-03-01 00:00	22.654	23.261	22.494	23.106	1582
2024-03-03 00:00	23.098	23.166	23.061	23.099	1395
2024-03-04 00:00	23.104	23.949	23.008	23.940	2707
2024-03-05 00:00	23.936	24.220	23.605	23.703	2508
2024-03-06 00:00	23.707	24.297	23.558	24.162	2740
2024-03-07 00:00	24.158	24.495	23.995	24.383	2361
2024-03-08 00:00	24.380	24.625	24.159	24.305	2409
2024-03-10 00:00	24.321	24.446	24.302	24.385	577
2024-03-11 00:00	24.381	24.516	24.224	24.482	2815
2024-03-12 00:00	24.488	24.674	23.960	24.132	3281
2024-03-13 00:00	24.133	25.041	24.057	25.037	2658
2024-03-14 00:00	25.044	25.149	24.720	24.833	2417
2024-03-15 00:00	24.834	25.437	24.797	25.173	2121
2024-03-17 00:00	25.131	25.152	25.071	25.119	756
2024-03-18 00:00	25.117	25.321	24.934	25.061	2659
2024-03-19 00:00	25.066	25.143	24.718	24.868	2041
2024-03-20 00:00	24.869	25.724	24.734	25.697	5246
2024-03-21 00:00	25.702	25.768	24.630	24.748	2957
2024-03-22 00:00	24.751	24.939	24.386	24.658	2205
2024-03-24 00:00	24.667	24.706	24.616	24.691	862
2024-03-25 00:00	24.692	24.884	24.536	24.656	2407
2024-03-26 00:00	24.658	24.884	24.349	24.439	2549
2024-03-27 00:00	24.438	24.652	24.307	24.547	2557
2024-03-28 00:00	24.549	25.001	24.374	24.951	2259
2024-03-31 00:00	24.985	25.190	24.972	25.160	2299
2024-04-01 00:00	25.162	25.377	24.732	25.080	2877
2024-04-02 00:00	25.081	26.226	25.067	26.144	4100
2024-04-03 00:00	26.143	27.284	26.096	27.089	4124
2024-04-04 00:00	27.094	27.327	26.666	26.811	3479
2024-04-05 00:00	26.815	27.491	26.271	27.473	2714
2024-04-07 00:00	27.388	27.543	27.079	27.162	162
2024-04-08 00:00	27.165	28.077	26.843	27.868	3578
2024-04-09 00:00	27.855	28.315	27.602	28.162	3237
2024-04-10 00:00	28.159	28.512	27.514	27.888	3493
2024-04-11 00:00	27.894	28.515	27.737	28.462	2599
2024-04-12 00:00	28.464	29.787	27.839	27.845	3688
2024-04-14 00:00	28.102	28.343	27.573	28.228	209
2024-04-15 00:00	28.235	28.974	27.975	28.874	3131
2024-04-16 00:00	28.880	29.008	27.937	28.168	2855
2024-04-17 00:00	28.173	28.797	28.035	28.214	2741
2024-04-18 00:00	28.220	28.649	28.121	28.222	2219
2024-04-19 00:00	28.227	28.934	28.054	28.667	2671
2024-04-21 00:00	28.689	28.705	28.490	28.557	126
2024-04-22 00:00	28.561	28.568	27.094	27.301	3570
2024-04-23 00:00	27.301	27.371	26.648	27.269	2599
2024-04-24 00:00	27.268	27.480	27.016	27.185	2090
2024-04-25 00:00	27.186	27.571	26.965	27.344	2717
2024-04-26 00:00	27.348	27.724	27.070	27.196	2131
2024-04-28 00:00	27.172	27.225	27.123	27.198	122
2024-04-29 00:00	27.196	27.427	26.926	27.069	3491
2024-04-30 00:00	27.077	27.129	26.230	26.337	2341
2024-05-01 00:00	26.339	26.962	26.176	26.759	2728
2024-05-02 00:00	26.761	26.810	26.003	26.666	2192
2024-05-03 00:00	26.671	26.874	26.105	26.539	2171
2024-05-05 00:00	26.572	26.631	26.440	26.453	135
2024-05-06 00:00	26.453	27.474	26.414	27.442	2151
2024-05-07 00:00	27.446	27.516	27.138	27.241	2845
2024-05-08 00:00	27.232	27.470	26.997	27.306	1726
2024-05-09 00:00	27.306	28.384	27.275	28.329	2168
2024-05-10 00:00	28.336	28.761	28.030	28.146	2009
2024-05-12 00:00	28.181	28.206	28.104	28.163	119
2024-05-13 00:00	28.164	28.377	27.951	28.265	1903
2024-05-14 00:00	28.264	28.734	27.980	28.595	2048
2024-05-15 00:00	28.600	29.806	28.421	29.723	3177
2024-05-16 00:00	29.716	29.840	29.314	29.663	2242
2024-05-17 00:00	29.653	31.589	29.440	31.503	2628
2024-05-19 00:00	31.529	31.660	31.276	31.417	144
2024-05-20 00:00	31.424	32.504	30.928	31.747	2729
2024-05-21 00:00	31.758	32.493	31.061	32.014	2372
2024-05-22 00:00	32.021	32.185	30.701	30.899	2422
2024-05-23 00:00	30.902	30.973	29.923	30.148	2915
2024-05-24 00:00	30.150	30.617	30.035	30.336	1972
2024-05-26 00:00	30.352	30.580	30.341	30.510	124
2024-05-27 00:00	30.513	31.843	30.410	31.624	1784
2024-05-28 00:00	31.623	32.239	31.230	32.041	2797
2024-05-29 00:00	32.042	32.292	31.592	32.012	2951
2024-05-30 00:00	32.009	32.085	30.996	31.172	3405
2024-05-31 00:00	31.169	31.759	30.178	30.385	2965
2024-06-02 00:00	30.423	30.503	30.333	30.387	124
2024-06-03 00:00	30.389	30.798	29.766	30.726	3450
2024-06-04 00:00	30.728	30.881	29.365	29.562	3628
2024-06-05 00:00	29.570	30.050	29.376	30.001	2474
2024-06-06 00:00	30.002	31.374	29.959	31.328	2524
2024-06-07 00:00	31.323	31.540	29.104	29.161	3097
2024-06-09 00:00	29.182	29.330	29.113	29.315	125
2024-06-10 00:00	29.316	29.863	29.230	29.704	1948
2024-06-11 00:00	29.706	29.716	29.019	29.288	2400
2024-06-12 00:00	29.296	30.246	29.174	29.525	2946
2024-06-13 00:00	29.530	29.648	28.644	28.904	2481
2024-06-14 00:00	28.906	29.573	28.820	29.540	2154
2024-06-16 00:00	29.551	29.562	29.466	29.491	120
2024-06-17 00:00	29.492	29.550	29.010	29.488	2383
2024-06-18 00:00	29.487	29.668	28.912	29.514	2046
2024-06-19 00:00	29.519	29.789	29.333	29.754	1483
2024-06-20 00:00	29.759	30.786	29.739	30.754	2337
2024-06-21 00:00	30.752	30.843	29.456	29.526	2277
2024-06-23 00:00	29.518	29.532	29.332	29.385	122
2024-06-24 00:00	29.386	29.715	29.330	29.532	2280
2024-06-25 00:00	29.528	29.657	28.830	28.860	1945
2024-06-26 00:00	28.862	29.065	28.558	28.709	2174
2024-06-27 00:00	28.708	29.242	28.678	28.999	1932
2024-06-28 00:00	28.996	29.618	28.760	29.122	2025
2024-06-30 00:00	29.101	29.158	29.046	29.086	119
2024-07-01 00:00	29.087	29.486	28.948	29.455	2078
2024-07-02 00:00	29.451	29.813	29.191	29.576	2038
2024-07-03 00:00	29.575	30.663	29.464	30.514	2129
2024-07-04 00:00	30.519	30.577	30.120	30.360	1396
2024-07-05 00:00	30.360	31.481	29.900	31.210	2327
2024-07-07 00:00	31.133	31.257	31.072	31.100	122
2024-07-08 00:00	31.098	31.361	30.422	30.847	2224
2024-07-09 00:00	30.844	31.140	30.497	30.793	2259
2024-07-10 00:00	30.790	31.157	30.633	30.850	2005
2024-07-11 00:00	30.850	31.744	30.806	31.389	2240
2024-07-12 00:00	31.387	31.394	30.373	30.775	2320
2024-07-14 00:00	30.761	30.813	30.524	30.618	128
2024-07-15 00:00	30.621	31.089	30.509	30.609	2622
2024-07-16 00:00	30.602	31.394	30.471	31.256	2142
2024-07-17 00:00	31.260	31.422	30.030	30.380	2899
2024-07-18 00:00	30.374	30.588	29.720	29.721	2051
2024-07-19 00:00	29.718	29.726	28.859	29.212	2307
2024-07-21 00:00	29.188	29.420	29.146	29.408	122
2024-07-22 00:00	29.407	29.410	28.734	29.063	2042
2024-07-23 00:00	29.068	29.294	28.650	29.188	2169
2024-07-24 00:00	29.189	29.444	28.790	28.879	1989
2024-07-25 00:00	28.885	28.902	27.398	27.824	3478
2024-07-26 00:00	27.829	28.064	27.575	27.897	2107
2024-07-28 00:00	27.886	28.128	27.854	28.110	130
2024-07-29 00:00	28.106	28.186	27.296	27.811	2116
2024-07-30 00:00	27.816	28.405	27.596	28.343	2116
2024-07-31 00:00	28.339	29.087	28.230	29.034	2517
2024-08-01 00:00	29.032	29.151	28.207	28.492	2680
2024-08-02 00:00	28.497	29.218	27.933	28.562	3423
2024-08-04 00:00	28.541	28.623	28.423	28.499	132
2024-08-05 00:00	28.498	28.664	26.487	27.244	4826
2024-08-06 00:00	27.249	27.561	26.587	26.817	3066
2024-08-07 00:00	26.820	27.258	26.395	26.637	2533
2024-08-08 00:00	26.635	27.596	26.601	27.531	2723
2024-08-09 00:00	27.533	27.753	27.242	27.437	2252
2024-08-11 00:00	27.453	27.468	27.283	27.323	122
2024-08-12 00:00	27.327	28.032	27.209	28.002	2227
2024-08-13 00:00	28.002	28.040	27.436	27.828	2403
2024-08-14 00:00	27.834	28.019	27.165	27.575	2692
2024-08-15 00:00	27.570	28.513	27.467	28.348	2683
2024-08-16 00:00	28.344	29.031	28.028	29.019	2875
2024-08-18 00:00	29.027	29.060	28.874	28.990	130
2024-08-19 00:00	28.991	29.490	28.713	29.400	2439
2024-08-20 00:00	29.396	29.962	29.189	29.435	2790
2024-08-21 00:00	29.432	29.729	29.195	29.592	3036
2024-08-22 00:00	29.594	29.674	28.772	29.036	3054
2024-08-23 00:00	29.030	29.876	29.003	29.817	2721
2024-08-25 00:00	29.826	29.918	29.714	29.899	127
2024-08-26 00:00	29.901	30.182	29.635	29.860	2428
2024-08-27 00:00	29.856	30.094	29.688	30.004	2140
2024-08-28 00:00	30.008	30.039	28.958	29.172	2665
2024-08-29 00:00	29.175	29.675	29.170	29.369	2740
2024-08-30 00:00	29.373	29.580	28.674	28.844	3494
2024-09-01 00:00	28.829	28.866	28.781	28.860	117
2024-09-02 00:00	28.857	28.963	28.311	28.514	1917
2024-09-03 00:00	28.505	28.561	27.697	28.051	2946
2024-09-04 00:00	28.051	28.350	27.757	28.258	2606
2024-09-05 00:00	28.262	29.167	28.197	28.826	3281
2024-09-06 00:00	28.825	29.105	27.672	27.893	4307
2024-09-08 00:00	27.922	28.022	27.901	27.972	122
2024-09-09 00:00	27.972	28.358	27.682	28.338	2862
2024-09-10 00:00	28.334	28.545	28.014	28.430	3126
2024-09-11 00:00	28.422	28.866	28.053	28.665	3700
2024-09-12 00:00	28.665	29.939	28.515	29.910	3631
2024-09-13 00:00	29.910	30.912	29.836	30.691	3074
2024-09-15 00:00	30.690	30.994	30.690	30.852	122
2024-09-16 00:00	30.855	31.086	30.576	30.742	2573
2024-09-17 00:00	30.735	30.981	30.500	30.718	3073
2024-09-18 00:00	30.720	31.226	29.690	30.168	3739
2024-09-19 00:00	30.171	31.293	29.895	30.763	4251
2024-09-20 00:00	30.767	31.424	30.716	31.149	3283
2024-09-22 00:00	31.198	31.220	31.040	31.085	121
2024-09-23 00:00	31.085	31.177	30.339	30.670	3946
2024-09-24 00:00	30.664	32.259	30.635	32.142	4749
2024-09-25 00:00	32.147	32.273	31.550	31.818	4729
2024-09-26 00:00	31.823	32.709	31.729	31.970	4613
2024-09-27 00:00	31.968	32.288	31.349	31.532	4644
2024-09-29 00:00	31.605	31.848	31.605	31.741	136
2024-09-30 00:00	31.735	31.847	30.870	31.232	3595
2024-10-01 00:00	31.231	31.842	31.178	31.358	3582
2024-10-02 00:00	31.352	32.297	30.983	31.839	3412
2024-10-03 00:00	31.832	32.203	31.397	32.035	3621
2024-10-04 00:00	32.029	32.951	31.488	32.165	3477
2024-10-06 00:00	32.168	32.333	32.157	32.205	137
2024-10-07 00:00	32.205	32.287	31.395	31.632	3196
2024-10-08 00:00	31.630	31.768	30.106	30.658	5246
2024-10-09 00:00	30.657	30.773	30.203	30.468	3631
2024-10-10 00:00	30.473	31.180	30.344	31.139	3776
2024-10-11 00:00	31.139	31.628	31.045	31.425	2859
2024-10-13 00:00	31.487	31.493	30.723	31.167	147
2024-10-14 00:00	31.168	31.539	30.889	31.217	3229
2024-10-15 00:00	31.214	31.681	30.748	31.458	3383
2024-10-16 00:00	31.458	32.171	31.396	31.733	3441
2024-10-17 00:00	31.734	32.012	31.298	31.770	4031
2024-10-18 00:00	31.770	33.749	31.700	33.691	3808
2024-10-20 00:00	33.735	34.008	33.580	33.780	143
2024-10-21 00:00	33.784	34.263	33.439	33.828	4673
2024-10-22 00:00	33.828	34.863	33.781	34.717	4663
2024-10-23 00:00	34.710	34.832	33.415	33.810	5069
2024-10-24 00:00	33.811	34.294	33.226	33.655	3963
2024-10-25 00:00	33.655	34.010	33.073	33.690	3989
2024-10-27 00:00	33.640	33.679	33.326	33.586	146
2024-10-28 00:00	33.584	33.981	33.213	33.694	4003
2024-10-29 00:00	33.693	34.537	33.635	34.465	4529
2024-10-30 00:00	34.466	34.517	33.395	33.730	4684
2024-10-31 00:00	33.728	33.889	32.488	32.649	4234
2024-11-01 00:00	32.652	33.114	32.318	32.438	3889
2024-11-03 00:00	32.359	32.538	32.203	32.483	76
2024-11-04 00:00	32.483	32.869	32.277	32.396	3542
2024-11-05 00:00	32.395	32.915	32.231	32.696	3775
2024-11-06 00:00	32.694	32.696	30.816	31.169	5927
2024-11-07 00:00	31.172	32.148	30.852	32.005	4894
2024-11-08 00:00	32.004	32.021	31.174	31.288	4437
2024-11-10 00:00	31.255	31.406	31.197	31.402	1643
2024-11-11 00:00	31.402	31.556	30.411	30.708	4044
2024-11-12 00:00	30.709	30.809	30.179	30.685	4428
2024-11-13 00:00	30.686	31.136	30.207	30.255	6055
2024-11-14 00:00	30.257	30.648	29.660	30.357	5123
2024-11-15 00:00	30.350	30.810	30.167	30.235	4511
2024-11-17 00:00	30.303	30.398	30.255	30.384	1638
2024-11-18 00:00	30.386	31.261	30.356	31.159	3617
2024-11-19 00:00	31.160	31.527	31.033	31.277	4599
2024-11-20 00:00	31.278	31.322	30.760	30.909	4072
2024-11-21 00:00	30.914	31.302	30.632	30.736	4120
2024-11-22 00:00	30.736	31.400	30.731	31.327	3341
2024-11-24 00:00	31.284	31.466	31.180	31.394	2551
2024-11-25 00:00	31.395	31.402	29.970	30.102	8264
2024-11-26 00:00	30.100	30.686	30.030	30.404	4213
2024-11-27 00:00	30.410	30.693	29.960	30.102	3239
2024-11-28 00:00	30.107	30.288	29.621	30.233	2716
2024-11-29 00:00	30.232	30.889	30.181	30.614	2522
2024-12-01 00:00	30.621	30.626	30.407	30.461	2148
2024-12-02 00:00	30.461	30.670	30.042	30.587	3960
2024-12-03 00:00	30.587	31.082	30.445	30.975	3701
2024-12-04 00:00	30.982	31.466	30.435	31.310	3753
2024-12-05 00:00	31.308	31.415	30.998	31.347	4245
2024-12-06 00:00	31.348	31.427	30.808	30.964	4043
2024-12-08 00:00	31.076	31.104	30.938	31.069	2231
2024-12-09 00:00	31.073	32.274	30.849	31.896	4362
2024-12-10 00:00	31.898	32.086	31.693	31.893	3990
2024-12-11 00:00	31.894	32.170	31.406	31.760	2217
2024-12-12 00:00	31.901	32.298	30.826	30.864	3159
2024-12-13 00:00	30.865	31.093	30.268	30.525	3109
2024-12-15 00:00	30.507	30.591	30.397	30.578	1139
2024-12-16 00:00	30.577	30.741	30.199	30.488	3138
2024-12-17 00:00	30.490	30.595	30.135	30.498	2611
2024-12-18 00:00	30.489	30.565	29.238	29.309	4225
2024-12-19 00:00	29.309	29.701	28.730	29.012	3472
2024-12-20 00:00	29.012	29.685	28.794	29.488	2391
2024-12-22 00:00	29.571	29.703	29.535	29.673	1110
2024-12-23 00:00	29.673	29.862	29.401	29.686	2346
2024-12-24 00:00	29.686	29.770	29.464	29.610	1160
2024-12-25 00:00	29.629	29.693	29.619	29.663	493
2024-12-26 00:00	29.657	29.857	29.470	29.777	2153
2024-12-27 00:00	29.775	29.878	29.288	29.354	1637
2024-12-29 00:00	29.324	29.452	29.318	29.427	650
2024-12-30 00:00	29.427	29.510	28.693	28.926	2175
2024-12-31 00:00	28.926	29.022	28.764	28.887	1674
2025-01-01 00:00	28.889	28.976	28.860	28.973	863
2025-01-02 00:00	28.975	29.590	28.950	29.523	2279
2025-01-03 00:00	29.527	29.887	29.479	29.597	1830
2025-01-05 00:00	29.570	29.662	29.557	29.613	894
2025-01-06 00:00	29.615	30.337	29.389	29.918	2417
2025-01-07 00:00	29.919	30.375	29.865	30.079	2588
2025-01-08 00:00	30.079	30.338	29.785	30.118	2154
2025-01-09 00:00	30.118	30.469	29.984	30.075	2340
2025-01-10 00:00	30.076	30.652	29.934	30.380	2052
2025-01-12 00:00	30.381	30.467	30.370	30.450	1740
2025-01-13 00:00	30.447	30.497	29.491	29.668	4178
2025-01-14 00:00	29.667	29.963	29.498	29.821	2715
2025-01-15 00:00	29.821	30.743	29.724	30.664	2843
2025-01-16 00:00	30.654	30.966	30.500	30.749	2698
2025-01-17 00:00	30.745	30.828	30.119	30.324	2278
2025-01-19 00:00	30.339	30.339	30.216	30.303	1418
2025-01-20 00:00	30.301	30.639	29.976	30.560	2473
2025-01-21 00:00	30.562	30.842	30.178	30.725	3140
2025-01-22 00:00	30.725	30.946	30.549	30.756	2670
2025-01-23 00:00	30.754	30.841	30.079	30.451	2384
2025-01-24 00:00	30.448	31.011	30.420	30.519	1961
2025-01-26 00:00	30.425	30.592	30.245	30.512	1507
2025-01-27 00:00	30.515	30.602	29.685	30.161	4578
2025-01-28 00:00	30.162	30.475	29.870	30.391	2135
2025-01-29 00:00	30.390	30.973	30.268	30.866	3103
2025-01-30 00:00	30.866	31.722	30.786	31.605	3708
2025-01-31 00:00	31.581	31.695	31.007	31.262	1927
2025-02-02 00:00	31.230	31.421	30.438	30.993	6661
2025-02-03 00:00	30.998	31.661	30.657	31.476	2789
2025-02-04 00:00	31.476	32.360	31.339	32.065	2965
2025-02-05 00:00	32.064	32.543	31.921	32.305	3206
2025-02-06 00:00	32.307	32.407	31.731	32.205	2491
2025-02-07 00:00	32.206	32.640	31.739	31.770	2535
2025-02-09 00:00	31.743	31.815	31.639	31.775	2190
2025-02-10 00:00	31.775	32.328	31.775	32.056	2837
2025-02-11 00:00	32.057	32.231	31.239	31.825	2352
2025-02-12 00:00	31.823	32.354	31.468	32.265	2825
2025-02-13 00:00	32.263	32.411	31.981	32.348	2954
2025-02-14 00:00	32.348	33.394	32.054	32.110	2644
2025-02-16 00:00	32.108	32.194	31.927	32.020	2837
2025-02-17 00:00	32.020	32.483	31.897	32.366	1790
2025-02-18 00:00	32.370	32.903	32.060	32.895	2677
2025-02-19 00:00	32.899	33.069	32.438	32.693	2906
2025-02-20 00:00	32.694	33.194	32.611	32.940	3237
2025-02-21 00:00	32.940	33.071	32.420	32.422	2875
2025-02-23 00:00	32.453	32.687	32.428	32.563	1088
2025-02-24 00:00	32.563	32.749	32.083	32.248	3710
2025-02-25 00:00	32.250	32.469	31.276	31.771	4479
2025-02-26 00:00	31.773	31.952	31.478	31.878	3589
2025-02-27 00:00	31.877	31.930	31.162	31.208	2819
2025-02-28 00:00	31.208	31.386	30.801	31.117	2176
2025-03-02 00:00	31.084	31.305	31.084	31.241	1709
2025-03-03 00:00	31.233	31.834	31.104	31.641	2801
2025-03-04 00:00	31.640	32.004	31.454	31.910	2942
2025-03-05 00:00	31.908	32.703	31.756	32.609	3837
2025-03-06 00:00	32.605	32.753	32.246	32.610	3410
2025-03-07 00:00	32.613	32.668	32.091	32.510	2607
2025-03-09 00:00	32.525	32.625	32.452	32.556	134
2025-03-10 00:00	32.558	32.655	31.920	31.998	2489
2025-03-11 00:00	32.003	32.974	31.795	32.838	2759
2025-03-12 00:00	32.843	33.307	32.692	33.263	2489
2025-03-13 00:00	33.262	33.950	32.921	33.847	2850
2025-03-14 00:00	33.846	34.074	33.509	33.817	2305
2025-03-16 00:00	33.865	33.865	33.746	33.771	124
2025-03-17 00:00	33.773	33.883	33.420	33.736	2220
2025-03-18 00:00	33.733	34.226	33.733	33.945	2653
2025-03-19 00:00	33.941	34.091	33.448	33.897	2416
2025-03-20 00:00	33.898	33.934	33.088	33.523	2172
2025-03-21 00:00	33.522	33.533	32.644	33.016	2422
2025-03-23 00:00	32.960	33.090	32.960	33.052	120
2025-03-24 00:00	33.051	33.294	32.866	32.919	1942
2025-03-25 00:00	32.921	33.791	32.911	33.665	2018
2025-03-26 00:00	33.666	33.917	33.490	33.639	2118
2025-03-27 00:00	33.640	34.459	33.591	34.392	2958
2025-03-28 00:00	34.392	34.579	33.907	34.108	2404
2025-03-30 00:00	34.111	34.237	34.078	34.203	148
2025-03-31 00:00	34.209	34.457	33.486	34.036	3299
2025-04-01 00:00	34.033	34.200	33.449	33.653	2577
2025-04-02 00:00	33.656	34.130	32.936	33.776	2386
2025-04-03 00:00	33.774	33.949	31.698	31.896	3355
2025-04-04 00:00	31.895	31.972	29.172	29.558	3375
2025-04-06 00:00	29.147	29.163	28.108	28.649	162
2025-04-07 00:00	28.650	30.797	28.427	30.007	4252
2025-04-08 00:00	30.006	30.519	29.367	29.585	2976
2025-04-09 00:00	29.588	31.053	29.318	30.899	3605
2025-04-10 00:00	30.898	31.294	30.557	31.154	3359
2025-04-11 00:00	31.152	32.270	30.892	32.192	2647
2025-04-13 00:00	32.211	32.279	31.969	32.066	153
2025-04-14 00:00	32.066	32.385	31.716	32.279	2434
2025-04-15 00:00	32.280	32.395	32.078	32.383	1890
2025-04-16 00:00	32.382	33.101	32.272	32.808	2670
2025-04-17 00:00	32.812	32.929	32.074	32.484	2276
2025-04-20 00:00	32.418	32.593	32.413	32.547	136
2025-04-21 00:00	32.547	33.044	32.467	32.726	2183
2025-04-22 00:00	32.723	33.141	32.078	32.493	3023
2025-04-23 00:00	32.497	33.666	32.488	33.613	3080
2025-04-24 00:00	33.612	33.667	33.160	33.602	2201
2025-04-25 00:00	33.601	33.664	32.761	33.012	1834
2025-04-27 00:00	33.075	33.142	32.872	32.880	150
2025-04-28 00:00	32.881	33.189	32.643	33.099	1857
2025-04-29 00:00	33.098	33.524	32.788	32.925	1719
2025-04-30 00:00	32.923	33.102	32.167	32.605	2204
2025-05-01 00:00	32.608	32.658	31.656	32.424	1646
2025-05-02 00:00	32.428	32.703	31.920	31.979	1714
2025-05-04 00:00	32.002	32.088	31.944	32.048	128
2025-05-05 00:00	32.051	32.659	31.984	32.496	1817
2025-05-06 00:00	32.495	33.247	32.468	33.135	2421
2025-05-07 00:00	33.135	33.135	32.231	32.450	2363
2025-05-08 00:00	32.449	32.930	32.207	32.428	2318
2025-05-09 00:00	32.429	32.859	32.207	32.491	1946
2025-05-11 00:00	32.296	32.664	32.296	32.643	155
2025-05-12 00:00	32.642	32.984	31.857	32.565	2684
2025-05-13 00:00	32.566	33.220	32.507	32.932	2311
2025-05-14 00:00	32.931	32.938	32.061	32.200	2279
2025-05-15 00:00	32.202	32.679	31.637	32.622	2231
2025-05-16 00:00	32.621	32.658	31.852	32.244	2009
2025-05-18 00:00	32.320	32.507	32.251	32.455	174
2025-05-19 00:00	32.459	32.612	32.220	32.346	1776
2025-05-20 00:00	32.347	33.142	32.114	33.085	1867
2025-05-21 00:00	33.087	33.560	32.913	33.439	2276
2025-05-22 00:00	33.439	33.685	32.596	33.029	2605
2025-05-23 00:00	33.029	33.531	32.885	33.470	2032
2025-05-25 00:00	33.421	33.540	33.384	33.421	121
2025-05-26 00:00	33.422	33.558	33.223	33.396	1334
2025-05-27 00:00	33.395	33.516	32.748	33.263	2044
2025-05-28 00:00	33.263	33.424	32.684	32.866	1832
2025-05-29 00:00	32.864	33.489	32.805	33.251	2105
2025-05-30 00:00	33.248	33.300	32.750	32.972	2061
2025-06-01 00:00	33.003	33.124	32.958	33.059	136
2025-06-02 00:00	33.065	34.779	32.939	34.711	2848
2025-06-03 00:00	34.715	34.738	33.944	34.581	2610
2025-06-04 00:00	34.569	34.637	34.164	34.495	2113
2025-06-05 00:00	34.492	36.056	34.419	35.708	3371
2025-06-06 00:00	35.705	36.322	35.686	35.961	2684
2025-06-08 00:00	36.001	36.086	35.948	36.040	124
2025-06-09 00:00	36.038	36.876	35.898	36.790	2246
2025-06-10 00:00	36.790	36.796	36.293	36.572	2666
2025-06-11 00:00	36.573	36.633	35.970	36.346	3093
2025-06-12 00:00	36.348	36.443	35.440	36.384	2954
2025-06-13 00:00	36.384	36.627	35.961	36.300	3601
2025-06-15 00:00	36.339	36.389	36.040	36.288	157
2025-06-16 00:00	36.283	36.528	36.079	36.311	3181
2025-06-17 00:00	36.311	37.247	36.116	37.114	2935
2025-06-18 00:00	37.111	37.303	36.514	36.737	2723
2025-06-19 00:00	36.733	36.773	36.196	36.384	1972
2025-06-20 00:00	36.385	36.404	35.496	35.969	2427
2025-06-22 00:00	36.029	36.109	35.796	36.068	133
2025-06-23 00:00	36.066	36.354	35.584	35.884	2765
2025-06-24 00:00	35.883	36.190	35.266	35.934	3132
2025-06-25 00:00	35.930	36.349	35.660	36.328	2438
2025-06-26 00:00	36.327	36.821	36.222	36.621	2615
2025-06-27 00:00	36.616	36.715	35.777	35.956	3285
2025-06-29 00:00	35.929	36.071	35.394	35.752	171
2025-06-30 00:00	35.751	36.222	35.743	36.140	2668
2025-07-01 00:00	36.139	36.607	35.787	36.080	3153
2025-07-02 00:00	36.082	36.576	35.861	36.402	2456
2025-07-03 00:00	36.407	37.064	36.309	36.780	2420
2025-07-04 00:00	36.779	36.946	36.608	36.908	1189
2025-07-06 00:00	36.912	37.215	36.902	36.984	126
2025-07-07 00:00	36.981	36.993	36.139	36.782	2619
2025-07-08 00:00	36.776	36.870	36.276	36.533	2593
2025-07-09 00:00	36.544	36.716	36.256	36.402	2417
2025-07-10 00:00	36.400	37.122	36.337	37.094	2494
2025-07-11 00:00	37.092	38.524	36.898	38.308	2201
2025-07-13 00:00	38.447	38.563	38.336	38.501	173
2025-07-14 00:00	38.502	39.121	38.064	38.258	3116
2025-07-15 00:00	38.260	38.370	37.572	37.789	3037
2025-07-16 00:00	37.793	38.080	37.484	37.883	2806
2025-07-17 00:00	37.885	38.172	37.526	38.109	2599
2025-07-18 00:00	38.108	38.431	38.040	38.147	2270
2025-07-20 00:00	38.121	38.196	38.073	38.196	121
2025-07-21 00:00	38.195	39.043	38.146	38.956	2545
2025-07-22 00:00	38.954	39.328	38.703	39.225	2330
2025-07-23 00:00	39.223	39.520	39.033	39.279	3046
2025-07-24 00:00	39.282	39.307	38.682	39.087	2591
2025-07-25 00:00	39.087	39.185	37.936	38.137	2416
2025-07-27 00:00	38.067	38.186	37.957	38.162	120
2025-07-28 00:00	38.163	38.327	37.886	38.170	2192
2025-07-29 00:00	38.169	38.282	37.892	38.195	2521
2025-07-30 00:00	38.193	38.236	36.767	37.133	3066
2025-07-31 00:00	37.133	37.265	36.197	36.668	3168
2025-08-01 00:00	36.662	37.176	36.342	37.017	2894
2025-08-03 00:00	36.979	37.044	36.954	37.021	124
2025-08-04 00:00	37.022	37.470	36.656	37.425	1997
2025-08-05 00:00	37.420	37.872	37.294	37.804	2101
2025-08-06 00:00	37.805	37.938	37.597	37.868	2305
2025-08-07 00:00	37.865	38.495	37.813	38.179	3043
2025-08-08 00:00	38.177	38.472	37.817	38.339	2698
2025-08-10 00:00	38.299	38.383	38.153	38.168	121
2025-08-11 00:00	38.172	38.237	37.492	37.666	2630
2025-08-12 00:00	37.666	38.010	37.552	37.909	2270
2025-08-13 00:00	37.908	38.637	37.835	38.520	1884
2025-08-14 00:00	38.512	38.728	37.823	37.992	2558
2025-08-15 00:00	37.996	38.092	37.669	37.993	1784
2025-08-17 00:00	38.007	38.027	37.802	37.857	118
2025-08-18 00:00	37.851	38.256	37.848	38.052	1734
2025-08-19 00:00	38.049	38.134	37.262	37.357	2014
2025-08-20 00:00	37.356	37.947	36.951	37.897	2044
2025-08-21 00:00	37.898	38.195	37.519	38.087	1950
2025-08-22 00:00	38.088	39.057	37.684	38.888	2035
2025-08-24 00:00	38.899	38.951	38.844	38.911	119
2025-08-25 00:00	38.911	38.985	38.355	38.402	1779
2025-08-26 00:00	38.403	38.842	38.327	38.647	2097
2025-08-27 00:00	38.644	38.666	38.071	38.602	2087
2025-08-28 00:00	38.601	39.111	38.580	38.970	2068
2025-08-29 00:00	38.969	39.961	38.400	39.549	2455
2025-08-31 00:00	39.710	39.832	39.530	39.784	120
2025-09-01 00:00	39.781	40.745	39.741	40.643	2301
2025-09-02 00:00	40.644	40.919	40.127	40.844	3338
2025-09-03 00:00	40.848	41.457	40.619	41.067	4109
2025-09-04 00:00	41.066	41.211	40.390	40.717	3808
2025-09-05 00:00	40.720	41.407	40.554	40.984	3850
2025-09-07 00:00	40.937	40.955	40.735	40.848	145
2025-09-08 00:00	40.844	41.659	40.519	41.315	3479
2025-09-09 00:00	41.316	41.468	40.711	40.861	3634
2025-09-10 00:00	40.860	41.275	40.693	41.187	2928
2025-09-11 00:00	41.189	41.749	40.861	41.512	3505
2025-09-12 00:00	41.511	42.450	41.386	42.161	3081
2025-09-14 00:00	42.175	42.226	42.054	42.085	121
2025-09-15 00:00	42.092	42.731	41.997	42.606	3013
2025-09-16 00:00	42.605	42.964	42.240	42.613	3534
2025-09-17 00:00	42.615	42.622	41.080	41.801	3956
2025-09-18 00:00	41.804	41.967	41.189	41.708	2994
2025-09-19 00:00	41.712	43.092	41.640	43.064	2595
2025-09-21 00:00	43.097	43.140	43.004	43.095	148
2025-09-22 00:00	43.099	44.106	43.072	44.005	2827
2025-09-23 00:00	44.004	44.455	43.624	43.935	3210
2025-09-24 00:00	43.934	44.308	43.656	43.914	3462
2025-09-25 00:00	43.912	45.219	43.762	44.883	3689
2025-09-26 00:00	44.883	46.617	44.558	46.041	3421
2025-09-28 00:00	46.137	46.352	46.070	46.247	154
2025-09-29 00:00	46.246	47.170	45.932	46.803	4350
2025-09-30 00:00	46.799	47.160	45.800	46.704	4382
2025-10-01 00:00	46.703	47.820	46.642	47.215	4012
2025-10-02 00:00	47.216	48.038	45.893	46.958	3881
2025-10-03 00:00	46.960	48.360	46.633	47.906	3715
2025-10-05 00:00	48.054	48.273	47.930	48.225	162
2025-10-06 00:00	48.224	48.757	47.997	48.485	3820
2025-10-07 00:00	48.486	48.639	47.315	47.918	3940
2025-10-08 00:00	47.923	49.537	47.725	48.751	4216
2025-10-09 00:00	48.738	51.223	48.221	48.718	4325
2025-10-10 00:00	48.828	51.107	48.248	49.323	5869
2025-10-12 00:00	49.688	50.363	49.533	50.341	56
2025-10-13 00:00	50.341	52.768	49.423	52.396	2888
2025-10-14 00:00	52.396	53.424	49.918	51.951	3173
2025-10-15 00:00	51.948	53.125	51.452	53.011	3691
2025-10-16 00:00	53.012	54.356	52.375	54.270	5352
2025-10-17 00:00	54.270	54.442	50.493	51.527	4542
2025-10-19 00:00	51.536	51.927	50.893	51.786	166
2025-10-20 00:00	51.794	52.753	51.234	52.527	3700
2025-10-21 00:00	52.526	52.534	47.558	48.213	4273
2025-10-22 00:00	48.209	49.269	47.451	48.153	5312
2025-10-23 00:00	48.149	49.440	47.894	48.786	4778
2025-10-24 00:00	48.786	48.994	47.810	48.547	5207
2025-10-26 00:00	48.324	48.679	47.698	48.146	372
2025-10-27 00:00	48.144	48.533	46.067	46.926	4499
2025-10-28 00:00	46.927	47.256	45.513	47.141	4869
2025-10-29 00:00	47.139	48.445	47.081	47.788	5441
2025-10-30 00:00	47.789	49.147	47.245	49.061	4068
2025-10-31 00:00	49.062	49.343	48.361	48.642	3927
2025-11-02 00:00	48.424	48.729	48.424	48.541	4505
2025-11-03 00:00	48.529	49.095	47.647	47.934	6136
2025-11-04 00:00	47.936	48.213	46.855	47.080	6130
2025-11-05 00:00	47.081	48.266	46.863	48.005	4186
2025-11-06 00:00	48.003	48.781	47.641	48.215	4186
2025-11-07 00:00	48.214	48.861	47.959	48.088	3147
2025-11-09 00:00	48.357	48.579	48.215	48.578	3361
2025-11-10 00:00	48.577	50.600	48.472	50.481	5922
2025-11-11 00:00	50.481	51.335	50.272	51.264	6291
2025-11-12 00:00	51.264	53.654	50.846	53.223	8002
2025-11-13 00:00	53.222	54.389	52.044	52.513	7726
2025-11-14 00:00	52.513	53.551	50.043	50.543	4215
2025-11-16 00:00	50.276	51.005	50.262	50.825	5807
2025-11-17 00:00	50.825	51.298	49.491	49.886	8657
2025-11-18 00:00	49.885	51.169	49.345	50.866	7615
2025-11-19 00:00	50.866	52.460	50.359	51.717	8350
2025-11-20 00:00	51.720	51.861	50.214	50.771	8685
2025-11-21 00:00	50.770	50.817	48.616	49.976	5590
2025-11-23 00:00	50.227	50.364	50.018	50.113	4018
2025-11-24 00:00	50.110	51.402	49.707	51.367	6131
2025-11-25 00:00	51.366	51.741	50.680	51.334	4166
2025-11-26 00:00	51.340	53.444	51.319	53.402	4521
2025-11-27 00:00	53.402	53.904	52.675	53.459	2748
2025-11-28 00:00	53.460	56.528	52.158	56.365	2171
2025-11-30 00:00	56.659	57.279	56.024	56.995	8844
2025-12-01 00:00	56.990	58.839	56.427	57.594	9511
2025-12-02 00:00	57.599	58.737	56.571	58.627	6113
2025-12-03 00:00	58.628	58.968	57.483	58.502	5664
2025-12-04 00:00	58.505	58.739	56.435	57.014	6968
2025-12-05 00:00	57.017	59.324	56.854	58.291	4702
2025-12-07 00:00	58.196	58.606	57.592	58.425	2601
2025-12-08 00:00	58.425	58.603	57.504	58.105	5109
2025-12-09 00:00	58.104	60.903	57.582	60.839	7522
2025-12-10 00:00	60.846	61.955	59.822	61.890	6942
2025-12-11 00:00	61.892	64.293	61.419	63.053	7777
2025-12-12 00:00	63.052	64.648	60.735	61.867	5448
2025-12-14 00:00	61.926	62.107	61.807	61.958	4796
2025-12-15 00:00	61.961	64.160	61.729	63.895	6976
2025-12-16 00:00	63.896	64.072	62.130	63.775	6436
2025-12-17 00:00	63.776	66.887	63.760	66.303	10171
2025-12-18 00:00	66.302	66.612	64.615	65.548	7015
2025-12-19 00:00	65.551	67.445	64.424	67.066	3776
2025-12-21 00:00	67.062	67.482	67.062	67.424	4559
2025-12-22 00:00	67.423	69.437	67.362	69.129	6938
2025-12-23 00:00	69.135	71.849	68.814	71.808	9033
2025-12-24 00:00	71.809	72.693	70.177	71.731	3749
2025-12-25 00:00	73.159	73.304	71.428	73.104	6755
2025-12-26 00:00	73.106	79.301	73.098	78.960	6140
2025-12-28 00:00	82.274	83.968	81.581	81.814	15989
2025-12-29 00:00	81.818	81.866	70.490	72.522	17001
2025-12-30 00:00	72.518	78.052	72.024	75.199	15122
2025-12-31 00:00	75.200	75.793	70.049	71.537	5379
2026-01-01 00:00	71.663	73.010	70.909	72.651	6546
2026-01-02 00:00	72.646	74.555	71.398	72.819	5332
2026-01-04 00:00	73.245	74.147	72.903	74.015	9667
2026-01-05 00:00	74.009	77.872	73.924	76.174	11740
2026-01-06 00:00	76.171	82.751	75.893	82.501	14266
2026-01-07 00:00	82.497	82.678	76.343	78.742	11148
2026-01-08 00:00	78.747	79.001	73.827	76.659	11264
2026-01-09 00:00	76.670	80.499	75.477	79.851	6427
2026-01-11 00:00	80.436	81.764	80.206	81.595	9797
2026-01-12 00:00	81.593	86.234	81.494	84.371	18726
2026-01-13 00:00	84.371	89.109	83.597	87.832	13360
2026-01-14 00:00	87.831	93.490	87.702	92.200	24376
2026-01-15 00:00	92.198	93.025	85.632	91.436	17966
2026-01-16 00:00	91.426	92.062	86.834	90.078	7361
2026-01-18 00:00	91.626	94.077	91.451	93.361	18114
2026-01-19 00:00	93.349	94.664	92.400	93.754	8509
2026-01-20 00:00	93.750	95.860	92.539	94.865	11734
2026-01-21 00:00	94.862	95.542	90.297	90.955	16242
2026-01-22 00:00	90.956	96.966	90.781	96.940	13544
2026-01-23 00:00	96.938	103.333	96.649	103.155	6917
2026-01-25 00:00	104.475	105.146	103.567	105.002	14147
2026-01-26 00:00	105.001	117.725	100.962	106.694	27080
2026-01-27 00:00	106.704	113.463	104.321	112.733	24907
2026-01-28 00:00	112.730	119.402	110.480	117.755	34746
2026-01-29 00:00	117.754	121.647	106.212	117.600	26948
2026-01-30 00:00	117.599	118.463	73.406	85.286	12336
2026-02-01 00:00	81.970	82.486	76.119	81.559	20097
2026-02-02 00:00	81.603	87.910	71.192	82.866	22938
2026-02-03 00:00	82.873	89.176	80.929	84.508	20264
2026-02-04 00:00	84.472	92.166	83.651	89.604	17166
2026-02-05 00:00	89.603	90.390	66.680	67.113	27223
2026-02-06 00:00	67.113	78.115	63.994	77.816	7740
2026-02-08 00:00	78.962	80.145	78.452	79.810	9959
2026-02-09 00:00	79.818	84.013	78.680	81.784	15222
2026-02-10 00:00	81.736	83.026	79.915	81.393	9031
2026-02-11 00:00	81.394	86.291	81.029	82.742	11687
2026-02-12 00:00	82.741	84.209	73.621	75.138	13349
2026-02-13 00:00	75.093	79.331	74.550	77.276	5408
2026-02-15 00:00	75.062	77.021	74.126	76.318	6677
2026-02-16 00:00	76.317	77.463	74.733	76.414	5515
2026-02-17 00:00	76.415	76.532	71.925	72.396	11133
2026-02-18 00:00	72.397	78.313	72.256	77.164	8536
2026-02-19 00:00	77.165	79.473	76.323	77.944	6479
2026-02-20 00:00	77.945	84.637	77.405	84.507	5430
2026-02-22 00:00	85.112	87.260	85.112	87.004	8268
2026-02-23 00:00	87.002	89.030	85.154	88.125	9622
2026-02-24 00:00	88.124	88.904	84.805	87.214	10238
2026-02-25 00:00	87.216	91.272	86.765	87.539	13065
2026-02-26 00:00	87.543	90.313	85.184	88.160	9948
2026-02-27 00:00	88.161	94.127	87.798	93.678	6931
2026-03-01 00:00	94.750	96.386	94.593	95.727	15602
2026-03-02 00:00	95.727	96.167	86.455	90.031	13633
2026-03-03 00:00	90.043	91.319	77.877	82.968	15491
2026-03-04 00:00	82.966	86.794	81.850	83.687	4436
2026-03-05 00:00	83.706	85.363	80.307	82.560	2744
2026-03-06 00:00	82.542	84.884	81.644	84.086	1490
2026-03-08 00:00	83.673	84.148	80.767	81.772	115
2026-03-09 00:00	81.772	87.849	79.448	87.141	1502
2026-03-10 00:00	87.127	89.826	86.400	88.360	1535
2026-03-11 00:00	88.377	89.250	84.384	84.433	1507
2026-03-12 00:00	84.419	87.393	82.928	83.851	1731
2026-03-13 00:00	83.833	85.269	79.401	80.498	1617
2026-03-15 00:00	79.832	80.432	79.104	79.908	110
2026-03-16 00:00	79.920	81.620	77.032	80.956	1564
2026-03-17 00:00	80.956	82.366	78.223	79.018	1505
2026-03-18 00:00	79.031	80.036	74.844	75.705	1595
2026-03-19 00:00	75.705	76.527	65.979	72.316	1911
2026-03-20 00:00	72.316	74.353	67.593	67.873	1569
2026-03-22 00:00	66.871	69.227	66.871	67.846	110
2026-03-23 00:00	67.846	70.738	60.683	69.561	2205
2026-03-24 00:00	69.561	72.884	65.798	72.727	1833
2026-03-25 00:00	72.714	74.375	70.205	70.487	1647
2026-03-26 00:00	70.475	72.021	66.619	68.457	1542
2026-03-27 00:00	68.444	71.563	67.180	69.717	1380
2026-03-29 00:00	69.034	69.117	67.479	67.932	108
2026-03-30 00:00	67.976	71.754	67.577	69.842	1774
2026-03-31 00:00	69.842	75.477	68.906	74.802	2008
2026-04-01 00:00	74.777	76.103	73.669	75.285	1883
2026-04-02 00:00	75.246	75.828	69.484	72.962	2362
2026-04-05 00:00	72.734	72.749	70.799	71.613	126
2026-04-06 00:00	71.470	73.547	71.470	72.861	1751
2026-04-07 00:00	72.769	76.900	69.728	76.523	2274
2026-04-08 00:00	76.376	77.621	73.435	73.723	2168
2026-04-09 00:00	73.713	76.621	72.780	75.366	1728
2026-04-10 00:00	75.361	76.797	74.806	75.832	1605
2026-04-12 00:00	73.694	73.880	72.515	73.743	124
2026-04-13 00:00	73.579	75.921	73.491	75.667	1744
2026-04-14 00:00	75.672	79.726	75.321	79.473	2103
2026-04-15 00:00	79.472	80.987	78.211	79.461	2584
2026-04-16 00:00	79.460	80.838	78.029	78.678	2403
2026-04-17 00:00	78.667	83.031	77.712	80.724	2534
2026-04-19 00:00	79.211	79.770	78.614	78.953	173
2026-04-20 00:00	78.954	80.647	78.619	79.825	2743
2026-04-21 00:00	79.826	80.023	75.375	77.296	2980
2026-04-22 00:00	77.298	78.662	77.298	77.508	2572
2026-04-23 00:00	77.509	78.361	74.222	75.507	3252
2026-04-24 00:00	75.506	76.662	73.935	75.646	2917
2026-04-26 00:00	75.506	75.709	74.710	74.883	128
2026-04-27 00:00	74.884	76.573	74.639	75.930	2475
2026-04-28 00:00	75.930	76.135	72.014	73.278	2785
2026-04-29 00:00	73.280	73.929	70.849	71.818	2608
2026-04-30 00:00	71.817	74.485	71.561	74.325	2925
2026-05-01 00:00	74.322	76.962	72.943	75.294	2016
2026-05-03 00:00	75.413	75.982	75.388	75.676	139
2026-05-04 00:00	75.672	75.802	72.191	72.584	2512
2026-05-05 00:00	72.605	74.178	72.381	73.867	1953
2026-05-06 00:00	73.866	77.801	73.585	77.507	2949
2026-05-07 00:00	77.505	82.116	76.966	79.215	3094
2026-05-08 00:00	79.217	81.560	78.800	80.282	2811
2026-05-10 00:00	79.394	80.286	79.037	79.975	144
2026-05-11 00:00	79.974	87.199	79.532	87.140	3122
2026-05-12 00:00	87.141	87.285	83.032	87.133	3231
2026-05-13 00:00	87.137	89.364	85.599	87.700	3421
2026-05-14 00:00	87.698	88.436	82.880	83.513	3051
2026-05-15 00:00	83.511	83.710	75.714	75.894	3760
2026-05-17 00:00	75.668	76.906	75.168	76.632	195
2026-05-18 00:00	76.634	78.884	73.833	78.658	3754
2026-05-19 00:00	78.656	78.870	73.068	74.195	3195
2026-05-20 00:00	74.195	76.597	73.081	75.914	2798
2026-05-21 00:00	75.915	77.105	74.400	76.621	3334
2026-05-22 00:00	76.620	77.036	74.958	75.480	2530
2026-05-24 00:00	76.784	78.788	76.324	78.153	163
2026-05-25 00:00	78.154	78.727	77.079	77.661	1779
2026-05-26 00:00	77.660	77.683	75.476	77.352	2325
2026-05-27 00:00	77.352	77.512	73.375	74.491	2738
2026-05-28 00:00	74.492	76.005	71.775	75.662	2676
2026-05-29 00:00	75.662	76.622	74.550	75.241	2401
2026-05-31 00:00	74.962	75.695	73.714	75.555	159
2026-06-01 00:00	75.556	76.283	73.814	75.020	2820
2026-06-02 00:00	75.021	76.998	74.271	74.796	2971
2026-06-03 00:00	74.796	75.320	72.423	73.188	3186
2026-06-04 00:00	73.190	75.063	72.747	73.780	3108
2026-06-05 00:00	73.779	73.783	67.552	67.791	3652
2026-06-07 00:00	67.680	68.212	66.931	68.174	270
2026-06-08 00:00	68.172	68.924	66.140	67.827	4134
2026-06-09 00:00	67.824	69.027	64.338	64.867	4135
2026-06-10 00:00	64.873	65.736	61.452	62.166	4687
2026-06-11 00:00	62.165	67.951	61.996	67.495	4413
2026-06-12 00:00	67.492	68.327	65.870	67.986	3644
2026-06-14 00:00	69.013	70.339	68.581	70.293	161
2026-06-15 00:00	70.300	71.309	69.793	69.910	2591
2026-06-16 00:00	69.911	71.183	69.046	69.866	3069
2026-06-17 00:00	69.865	71.539	66.776	68.373	2976
2026-06-18 00:00	68.376	69.835	64.933	65.244	3378
2026-06-19 00:00	65.249	65.477	63.255	64.859	2077
2026-06-21 00:00	63.867	65.026	63.862	64.371	191
2026-06-22 00:00	64.375	67.157	64.368	64.888	2714
2026-06-23 00:00	64.887	65.170	60.792	61.643	3448
2026-06-24 00:00	61.644	62.363	55.451	57.685	3323
2026-06-25 00:00	57.686	59.014	56.315	57.611	3713
2026-06-26 00:00	57.609	59.561	55.677	59.130	3180
2026-06-28 00:00	58.794	59.455	58.007	58.642	183
2026-06-29 00:00	58.646	59.146	57.399	58.402	2902
2026-06-30 00:00	58.402	60.427	56.588	58.380	2586
2026-07-01 00:00	58.379	60.984	57.136	59.078	2753
2026-07-02 00:00	59.080	62.071	58.889	61.037	3068
2026-07-03 00:00	61.041	62.870	60.969	62.352	1779
2026-07-05 00:00	62.763	63.252	62.640	62.778	174
2026-07-06 00:00	62.777	63.096	61.346	61.747	2540
2026-07-07 00:00	61.748	62.033	59.394	59.647	3020
2026-07-08 00:00	59.651	61.019	57.200	58.422	3183
2026-07-09 00:00	58.414	60.609	57.568	59.988	3101
2026-07-10 00:00	59.987	60.760	58.842	59.853	2452
2026-07-13 00:00	58.776	59.124	57.180	57.626	2936