time,open,high,low,close,volume
1746057600000,94125.2,94299.3,94086.7,94238.7,1300.149
1746059400000,94238.6,94358.9,94165.3,94358.9,1108.038
1746061200000,94358.9,94653.3,94343.4,94586.9,2449.674
1746063000000,94586.9,94662.6,94436.1,94598.7,2077.682
1746064800000,94598.8,94915.1,94563.0,94889.8,4481.067
1746066600000,94889.8,94939.4,94711.1,94799.9,2468.138
1746068400000,94799.9,94978.1,94631.0,94771.7,3512.891
1746070200000,94771.6,94889.6,94664.3,94737.5,1965.552
1746072000000,94737.6,94845.9,94684.5,94685.9,1155.16
1746073800000,94685.8,94883.4,94660.2,94825.2,1361.221
1746075600000,94825.2,94943.1,94786.8,94866.8,1297.122
1746077400000,94866.8,95140.0,94810.0,95104.1,4940.618
1746079200000,95104.1,95146.2,94950.0,94965.9,2090.894
1746081000000,94965.9,94989.0,94759.2,94849.4,2364.147
1746082800000,94849.4,94980.0,94754.4,94940.5,1627.779
1746084600000,94940.3,95063.9,94930.6,94978.6,1505.867
1746086400000,94978.6,95115.5,94866.6,95107.3,2018.861
1746088200000,95107.2,95174.9,95024.1,95163.0,1306.693
1746090000000,95163.0,95301.5,95090.2,95299.9,3016.435
1746091800000,95300.0,95789.0,95259.8,95478.3,9593.599
1746093600000,95478.2,96351.8,95478.2,96281.9,13351.628
1746095400000,96281.9,96346.9,95852.0,96118.0,5767.395
1746097200000,96118.0,96209.2,95770.0,95882.5,4373.798
1746099000000,95882.5,96190.1,95870.3,96129.9,2333.684
1746100800000,96130.0,96343.0,96067.5,96142.5,3600.014
1746102600000,96142.5,96414.8,96051.3,96321.1,3407.937
1746104400000,96321.1,96712.0,96244.0,96586.4,5826.518
1746106200000,96586.4,96592.7,95742.1,95745.1,13092.991
1746108000000,95745.1,96409.8,95745.1,96358.9,8412.245
1746109800000,96358.9,96858.0,96117.4,96768.2,7325.201
1746111600000,96768.3,97388.0,96690.3,97067.2,15276.274
1746113400000,97067.2,97144.0,96775.0,96793.9,5792.11
1746115200000,96793.9,97156.8,96793.9,97137.5,3862.761
1746117000000,97137.5,97300.0,96921.5,96954.3,3900.461
1746118800000,96954.3,97165.0,96755.5,96820.7,3246.227
1746120600000,96820.7,96956.1,96447.4,96746.5,5676.481
1746122400000,96746.5,96794.3,96421.1,96432.5,2644.579
1746124200000,96432.5,96956.6,96379.5,96812.1,3823.146
1746126000000,96812.1,96837.0,96344.4,96402.8,3373.146
1746127800000,96402.8,96645.9,96391.0,96459.1,2372.632
1746129600000,96459.5,96834.4,96244.0,96646.1,4554.184
1746131400000,96646.1,96717.7,96280.0,96344.6,2241.795
1746133200000,96344.6,96658.6,96329.3,96525.4,1111.992
1746135000000,96525.4,96726.5,96406.6,96409.1,1100.406
1746136800000,96409.1,96593.4,96352.9,96533.1,1047.056
1746138600000,96533.1,96533.1,96308.9,96329.0,2064.339
1746140400000,96328.9,96427.5,96125.0,96339.9,1848.506
1746142200000,96339.8,96454.9,96122.4,96423.3,1457.662
1746144000000,96423.2,96818.1,96400.0,96777.5,2854.919
1746145800000,96777.5,96999.9,96675.2,96973.9,2976.662
1746147600000,96973.9,97127.4,96879.9,96940.1,3247.29
1746149400000,96940.0,96968.0,96667.1,96910.1,1966.245
1746151200000,96910.0,96980.9,96663.0,96946.2,1748.456
1746153000000,96946.3,97000.0,96847.6,96901.4,878.849
1746154800000,96901.3,97159.9,96901.3,96994.5,1814.802
1746156600000,96994.4,97193.7,96994.4,97054.9,1712.795
1746158400000,97055.0,97262.0,97025.0,97042.9,1740.183
1746160200000,97042.9,97042.9,96815.3,96894.8,1649.16
1746162000000,96894.9,96952.0,96734.6,96783.6,1530.493
1746163800000,96783.6,96832.2,96569.9,96650.0,1680.234
1746165600000,96650.0,96787.3,96540.9,96761.7,2202.403
1746167400000,96761.7,96831.5,96436.4,96658.0,2991.695
1746169200000,96658.0,96673.8,96375.2,96560.3,3659.85
1746171000000,96560.3,96594.1,96283.1,96302.0,3887.624
1746172800000,96302.0,96606.3,96300.0,96563.7,2735.661
1746174600000,96563.8,96718.8,96432.5,96581.2,1889.032
1746176400000,96581.2,96730.9,96404.2,96661.9,2239.189
1746178200000,96661.8,96699.0,96538.0,96549.9,723.275
1746180000000,96550.0,96850.0,96549.9,96819.9,1650.563
1746181800000,96819.9,96885.1,96740.9,96844.9,1263.329
1746183600000,96844.8,97072.2,96844.8,96899.6,2953.977
1746185400000,96899.7,96967.6,96823.3,96875.7,1331.248
1746187200000,96875.7,96899.1,96714.0,96739.2,2117.14
1746189000000,96739.2,97134.2,96585.1,97134.1,6523.09
1746190800000,97134.2,97221.8,96705.1,96905.2,5107.805
1746192600000,96905.2,96995.9,96602.9,96709.6,3735.612
1746194400000,96709.7,97193.5,96629.1,97105.5,7771.968
1746196200000,97105.6,97865.4,97071.3,97690.1,16067.02
1746198000000,97690.1,97849.0,97004.8,97095.4,9637.425
1746199800000,97095.4,97451.5,97030.0,97270.1,3268.67
1746201600000,97270.1,97740.0,97270.1,97560.0,5266.447
1746203400000,97560.0,97656.0,97285.7,97300.7,2925.75
1746205200000,97300.8,97335.3,97000.0,97245.8,3540.611
1746207000000,97245.8,97372.3,97150.0,97340.9,1560.735
1746208800000,97340.9,97500.0,97307.6,97366.8,1488.194
1746210600000,97366.8,97571.4,97100.0,97124.9,2148.427
1746212400000,97124.9,97136.2,96942.5,97116.0,3106.068
1746214200000,97116.0,97116.0,96700.0,96856.8,3268.253
1746216000000,96856.8,97004.9,96784.0,96944.2,1589.531
1746217800000,96944.1,97083.4,96914.5,96962.8,1201.294
1746219600000,96962.8,96988.8,96872.6,96872.6,593.777
1746221400000,96872.7,96892.3,96507.6,96666.0,1883.535
1746223200000,96666.1,96743.2,96513.4,96639.2,1528.238
1746225000000,96639.1,96732.1,96540.5,96607.6,1264.936
1746226800000,96607.6,96750.0,96541.5,96651.0,1334.532
1746228600000,96650.9,96845.6,96650.9,96831.2,940.534
1746230400000,96831.2,96868.4,96691.7,96691.7,1256.22
1746232200000,96691.7,96741.8,96573.9,96657.1,1274.758
1746234000000,96657.1,96675.8,96500.0,96538.1,2201.353
1746235800000,96538.1,96538.1,96385.8,96457.7,1790.834
1746237600000,96457.7,96620.5,96436.1,96616.5,1353.102
1746239400000,96616.5,96657.3,96475.6,96482.3,891.619
1746241200000,96482.4,96499.8,96311.1,96367.6,1325.057
1746243000000,96367.6,96471.3,96255.0,96292.1,2695.851
1746244800000,96292.1,96485.9,96258.2,96443.0,1291.145
1746246600000,96442.9,96555.0,96428.3,96470.4,736.452
1746248400000,96470.3,96508.2,96369.0,96501.8,804.493
1746250200000,96501.9,96557.7,96369.3,96379.1,1000.814
1746252000000,96379.2,96379.2,96146.4,96156.5,2105.233
1746253800000,96156.5,96282.0,96064.1,96135.8,1690.055
1746255600000,96135.8,96240.3,96102.9,96167.8,1341.723
1746257400000,96167.9,96350.1,96161.1,96290.8,1839.233
1746259200000,96290.8,96313.5,96093.4,96313.4,1557.222
1746261000000,96313.5,96377.8,96233.4,96244.2,1310.477
1746262800000,96244.3,96361.5,96183.8,96281.1,1010.881
1746264600000,96281.1,96318.2,96143.9,96209.0,1107.253
1746266400000,96209.1,96209.1,96100.0,96105.2,1091.033
1746268200000,96105.1,96200.1,95804.8,95853.7,6340.405
1746270000000,95853.8,95988.0,95815.6,95969.7,1704.472
1746271800000,95969.8,96046.1,95834.0,95895.6,1791.242
1746273600000,95895.7,96029.0,95834.4,96005.4,1552.034
1746275400000,96005.4,96116.0,95950.2,96074.1,1679.598
1746277200000,96074.2,96215.8,96057.5,96211.9,1629.094
1746279000000,96211.9,96288.0,96135.5,96287.9,1219.496
1746280800000,96288.0,96417.1,96232.0,96312.6,1847.009
1746282600000,96312.7,96338.0,96235.5,96314.7,935.436
1746284400000,96314.7,96456.0,96314.6,96370.8,1637.944
1746286200000,96370.8,96439.1,96266.6,96358.7,1074.148
1746288000000,96358.7,96370.0,96144.0,96230.0,1403.005
1746289800000,96230.0,96230.0,96017.0,96150.0,2006.692
1746291600000,96150.0,96150.1,95812.7,96063.6,2797.496
1746293400000,96063.6,96146.1,95923.3,96145.0,1148.308
1746295200000,96145.0,96232.9,96050.3,96134.4,849.072
1746297000000,96134.5,96134.5,96050.0,96103.6,521.09
1746298800000,96103.6,96227.0,96075.8,96219.8,579.821
1746300600000,96219.9,96313.0,96219.8,96312.0,829.553
1746302400000,96312.0,96347.8,96266.0,96322.0,743.605
1746304200000,96321.9,96326.4,96250.0,96302.2,940.321
1746306000000,96302.2,96365.7,96225.0,96365.5,829.876
1746307800000,96365.6,96399.9,96200.0,96225.9,983.613
1746309600000,96225.9,96389.9,96155.3,96182.4,2042.608
1746311400000,96182.3,96224.0,96119.6,96128.8,651.72
1746313200000,96128.8,96132.3,95881.1,95885.2,1248.179
1746315000000,95885.2,95985.6,95700.0,95803.3,2759.984
1746316800000,95803.3,96009.1,95719.5,95860.0,1635.799
1746318600000,95860.0,95912.6,95725.0,95819.0,1410.141
1746320400000,95818.9,95932.0,95752.1,95908.1,855.917
1746322200000,95908.1,96148.6,95508.7,96055.4,4237.448
1746324000000,96055.3,96266.6,96029.8,96144.8,1817.874
1746325800000,96144.8,96201.5,95751.4,95834.4,1986.517
1746327600000,95834.3,95851.7,95605.2,95747.8,1729.531
1746329400000,95747.8,95836.8,95660.0,95680.0,981.15
1746331200000,95680.0,95900.0,95680.0,95869.9,974.866
1746333000000,95869.9,95875.0,95680.0,95680.1,708.398
1746334800000,95680.1,95940.0,95634.0,95907.7,1600.429
1746336600000,95907.8,96100.0,95863.0,95999.5,1682.785
1746338400000,95999.5,96109.6,95900.0,95910.9,1823.858
1746340200000,95910.9,95952.3,95834.2,95869.9,941.661
1746342000000,95869.9,96038.5,95827.1,95866.8,976.789
1746343800000,95866.9,95866.9,95760.0,95842.1,1085.596
1746345600000,95842.1,95886.5,95548.0,95627.8,2840.997
1746347400000,95627.8,95650.0,95350.6,95598.5,3579.965
1746349200000,95598.5,95635.0,95400.1,95445.1,1530.531
1746351000000,95445.0,95546.1,95387.7,95440.0,1516.056
1746352800000,95440.0,95466.4,95227.2,95407.5,3052.011
1746354600000,95407.5,95494.3,95340.4,95355.5,1936.941
1746356400000,95355.5,95507.8,95315.0,95426.0,1588.949
1746358200000,95426.1,95468.2,95330.9,95376.0,1088.242
1746360000000,95376.0,95549.9,95363.7,95413.3,1321.716
1746361800000,95413.3,95561.9,95397.7,95430.0,1171.187
1746363600000,95430.0,95563.3,95266.6,95400.1,2166.288
1746365400000,95400.1,95405.3,95172.4,95332.0,2613.033
1746367200000,95331.9,95537.1,95279.4,95529.1,1604.222
1746369000000,95529.1,95609.0,95462.3,95562.6,1637.525
1746370800000,95562.6,95649.0,95478.0,95557.0,1856.466
1746372600000,95557.0,95557.0,95376.9,95421.1,981.987
1746374400000,95421.1,95518.9,95319.9,95450.4,1926.912
1746376200000,95450.4,95455.0,95250.0,95300.8,1831.562
1746378000000,95300.7,95441.0,95261.3,95295.2,1148.565
1746379800000,95295.3,95435.0,95200.1,95367.4,1440.316
1746381600000,95367.3,95448.7,95312.8,95415.0,962.513
1746383400000,95415.0,95445.4,95328.4,95332.4,479.778
1746385200000,95332.5,95435.6,95300.0,95435.5,562.828
1746387000000,95435.5,95590.0,95421.0,95533.9,1063.079
1746388800000,95534.0,95680.0,95520.3,95679.9,1098.742
1746390600000,95680.0,95685.0,95600.2,95676.9,839.351
1746392400000,95677.0,95700.0,95570.1,95652.9,839.375
1746394200000,95652.9,95700.0,95590.8,95622.5,661.21
1746396000000,95622.6,95643.0,95038.1,95167.8,5693.039
1746397800000,95167.7,95167.8,94666.0,94960.9,7060.076
1746399600000,94961.0,94980.0,94350.0,94363.1,6453.273
1746401400000,94363.0,94469.9,94116.4,94230.2,7265.383
1746403200000,94230.2,94690.2,94150.1,94681.2,4330.714
1746405000000,94681.2,94750.1,94599.4,94660.0,2039.46
1746406800000,94660.0,94700.0,94160.6,94171.8,4535.519
1746408600000,94171.8,94197.4,93650.0,93880.0,8835.048
1746410400000,93880.1,94285.9,93445.1,94226.4,8615.635
1746412200000,94226.5,94350.0,94153.7,94199.9,2655.745
1746414000000,94200.0,94260.7,93973.7,93981.9,2528.085
1746415800000,93981.8,94149.0,93981.8,94001.1,1629.788
1746417600000,94001.2,94300.1,93980.0,94290.0,2258.61
1746419400000,94290.1,94411.3,94260.0,94375.1,2077.861
1746421200000,94375.2,94410.0,94176.7,94384.3,2091.53
1746423000000,94384.2,94737.0,94318.1,94697.4,3457.565
1746424800000,94697.8,94752.5,94529.1,94550.8,2767.085
1746426600000,94550.7,94727.8,94550.7,94724.2,1554.425
1746428400000,94724.2,94778.5,94471.1,94516.9,3378.43
1746430200000,94517.0,94700.0,94501.0,94696.4,1299.477
1746432000000,94696.4,94726.8,94499.0,94501.1,1540.247
1746433800000,94501.0,94576.6,94440.0,94509.9,1516.129
1746435600000,94509.8,94592.2,94420.9,94559.3,1050.276
1746437400000,94559.3,94602.0,94484.2,94510.7,1210.631
1746439200000,94510.8,94519.2,94311.1,94315.2,2225.183
1746441000000,94315.2,94403.7,93994.5,94067.5,4361.835
1746442800000,94067.6,94228.2,93930.8,93956.8,2670.309
1746444600000,93956.8,94074.6,93835.0,93986.0,3460.556
1746446400000,93986.1,94289.9,93844.0,94260.1,3996.052
1746448200000,94260.1,94296.1,94175.3,94279.3,1878.009
1746450000000,94279.2,94354.6,94076.0,94120.8,3137.612
1746451800000,94120.9,94210.0,93600.0,94192.2,9130.786
1746453600000,94192.2,94501.0,93768.0,93894.6,7611.794
1746455400000,93894.6,94194.0,93670.0,93839.8,4447.173
1746457200000,93839.8,93926.0,93559.6,93799.4,4973.714
1746459000000,93799.5,93897.8,93560.9,93726.0,2248.994
1746460800000,93726.0,94225.0,93705.3,94132.9,3352.002
1746462600000,94132.9,94237.7,94046.1,94163.9,2343.86
1746464400000,94163.8,94391.2,94022.2,94322.8,2484.969
1746466200000,94322.8,94598.0,94316.4,94458.5,4076.499
1746468000000,94458.6,94665.9,94401.3,94549.9,2608.142
1746469800000,94549.9,94871.8,94530.9,94675.7,4233.223
1746471600000,94675.8,94856.6,94546.9,94595.0,2039.361
1746473400000,94595.1,94636.9,94228.2,94295.5,2880.214
1746475200000,94295.2,94320.2,94123.5,94148.4,2199.448
1746477000000,94148.4,94213.8,93814.2,94198.4,3168.529
1746478800000,94198.3,94628.6,94186.5,94571.2,2171.004
1746480600000,94571.1,94803.0,94304.1,94673.5,2650.291
1746482400000,94673.5,94950.0,94668.4,94844.9,3291.428
1746484200000,94844.9,95165.1,94844.9,95010.5,4443.496
1746486000000,95010.5,95090.0,94845.4,94855.2,1836.167
1746487800000,94855.2,94885.9,94672.8,94696.7,1609.465
1746489600000,94696.7,94746.0,94530.0,94685.9,1940.718
1746491400000,94685.9,94685.9,94379.5,94558.5,1988.524
1746493200000,94558.4,94893.3,94431.6,94761.1,2146.589
1746495000000,94761.0,94774.5,94251.7,94254.7,2557.016
1746496800000,94254.8,94358.0,94005.4,94074.2,2612.195
1746498600000,94074.2,94333.2,93961.0,94291.3,2180.181
1746500400000,94291.2,94392.5,94181.1,94348.0,1422.335
1746502200000,94348.0,94473.9,94348.0,94418.3,1152.84
1746504000000,94418.4,94532.7,94300.3,94524.3,1152.569
1746505800000,94524.2,94552.4,94415.5,94540.7,1056.882
1746507600000,94540.7,94572.2,94303.0,94317.6,1323.418
1746509400000,94317.6,94380.4,94267.0,94300.0,1647.544
1746511200000,94300.0,94439.7,94300.0,94381.3,782.877
1746513000000,94381.4,94464.0,94341.4,94464.0,583.187
1746514800000,94464.0,94600.0,94376.7,94389.0,1281.02
1746516600000,94389.1,94499.0,94310.0,94350.0,1034.836
1746518400000,94350.0,94354.6,93931.1,93986.1,4360.497
1746520200000,93986.1,94350.4,93986.1,94341.7,2806.509
1746522000000,94341.6,94341.7,94102.0,94147.5,1145.871
1746523800000,94147.5,94195.2,94068.0,94179.6,868.013
1746525600000,94179.5,94300.0,94104.3,94177.5,1545.713
1746527400000,94177.6,94210.0,93812.0,93896.1,7261.62
1746529200000,93896.1,94020.3,93826.0,93842.0,2225.607
1746531000000,93842.0,93931.1,93662.2,93770.3,3485.989
1746532800000,93770.3,93871.5,93722.1,93787.4,1936.894
1746534600000,93787.4,94000.0,93787.4,93898.2,2457.104
1746536400000,93898.1,93918.6,93674.2,93707.1,4103.486
1746538200000,93707.2,93982.2,93327.0,93565.4,9583.209
1746540000000,93565.4,94642.3,93561.3,94273.1,15975.0
1746541800000,94273.2,94436.7,94034.4,94098.4,4964.833
1746543600000,94097.4,94495.9,94025.6,94462.5,3461.226
1746545400000,94462.5,94697.2,94406.2,94513.2,6150.245
1746547200000,94513.2,94768.7,94340.0,94452.4,5387.449
1746549000000,94452.4,94687.3,94145.4,94186.3,3830.713
1746550800000,94186.3,94660.0,94175.9,94642.6,2914.517
1746552600000,94642.6,94800.0,94423.1,94470.8,3574.951
1746554400000,94470.9,94881.0,94449.7,94867.3,2401.819
1746556200000,94867.2,95050.0,94749.6,95027.6,3322.171
1746558000000,95027.7,95099.1,94895.0,95074.3,3351.644
1746559800000,95074.4,95119.9,94864.4,94910.8,2444.251
1746561600000,94910.8,94979.6,94709.9,94719.1,2330.049
1746563400000,94719.2,94733.0,94568.7,94625.3,2059.046
1746565200000,94625.3,94750.1,94400.0,94436.3,1840.54
1746567000000,94436.4,94659.9,94436.3,94637.9,1039.431
1746568800000,94637.9,95634.3,94623.7,95616.0,15057.802
1746570600000,95616.0,96248.9,95573.2,96206.2,10655.97
1746572400000,96206.3,96797.7,96053.8,96592.2,10002.362
1746574200000,96592.3,96879.5,96425.0,96798.9,6275.804
1746576000000,96798.9,97476.9,96716.1,97213.6,11550.161
1746577800000,97213.6,97415.9,97080.0,97379.6,4190.454
1746579600000,97379.5,97700.0,97334.2,97475.0,5963.871
1746581400000,97475.1,97488.0,97150.0,97208.6,3853.33
1746583200000,97208.7,97245.1,96776.0,96844.4,6482.904
1746585000000,96844.5,96850.0,96412.3,96582.3,6155.8
1746586800000,96582.4,96623.0,96153.2,96400.0,8101.237
1746588600000,96399.9,96546.7,96369.9,96453.8,2954.486
1746590400000,96453.8,96655.8,96453.8,96506.0,2507.767
1746592200000,96505.9,96564.4,96371.0,96527.6,1607.272
1746594000000,96527.6,96527.6,96351.0,96379.8,1323.979
1746595800000,96379.7,96464.9,96268.0,96334.2,1572.195
1746597600000,96334.2,96613.6,96311.2,96545.2,2121.352
1746599400000,96545.2,96545.2,96383.0,96512.9,1424.822
1746601200000,96513.0,96777.2,96505.8,96735.1,2071.985
1746603000000,96735.1,96963.0,96683.7,96940.0,2485.162
1746604800000,96940.0,96965.3,96805.4,96860.1,2099.39
1746606600000,96860.1,97033.6,96829.6,96972.2,1967.962
1746608400000,96972.2,97008.0,96834.9,96866.4,1598.652
1746610200000,96866.4,96999.0,96814.4,96936.6,1151.788
1746612000000,96936.6,96939.2,96790.0,96820.0,1264.158
1746613800000,96820.0,97077.6,96783.0,96979.9,3363.529
1746615600000,96979.9,97025.9,96893.2,96897.0,1484.597
1746617400000,96897.0,97034.9,96882.4,97000.0,1438.598
1746619200000,97000.0,97150.0,96877.9,96933.0,3830.251
1746621000000,96933.0,96976.3,96815.0,96920.9,2078.114
1746622800000,96921.0,96921.0,96670.1,96678.9,2722.707
1746624600000,96678.9,97265.4,96655.2,96967.7,7839.832
1746626400000,96967.7,97421.7,96911.9,97409.0,4897.621
1746628200000,97409.1,97446.8,96745.0,96884.7,7044.766
1746630000000,96884.6,97000.0,96710.9,96972.6,2992.669
1746631800000,96972.6,97112.9,96787.4,96889.0,3551.023
1746633600000,96889.0,96897.8,96474.2,96476.2,5184.342
1746635400000,96476.2,96916.5,96458.6,96800.9,3648.616
1746637200000,96801.0,96846.5,96580.0,96601.5,2082.497
1746639000000,96601.5,96688.0,96146.7,96277.4,5268.473
1746640800000,96277.4,96632.4,95837.9,96393.7,11246.723
1746642600000,96393.7,96825.1,95930.6,96548.7,9350.878
1746644400000,96548.8,96575.6,95933.3,95952.3,4253.279
1746646200000,95952.4,96569.8,95718.5,96124.6,7394.431
1746648000000,96124.5,96375.0,96015.1,96252.2,1997.986
1746649800000,96252.1,96723.9,96234.2,96723.8,4073.17
1746651600000,96723.9,97112.8,96604.7,97102.0,3610.678
1746653400000,97102.1,97293.4,96926.6,97084.9,3542.701
1746655200000,97084.9,97276.6,96972.3,96995.9,2778.154
1746657000000,96996.0,97225.9,96978.1,97225.0,1593.544
1746658800000,97225.0,97363.8,97136.4,97157.2,3043.014
1746660600000,97157.2,97195.2,96918.6,96988.4,2506.222
1746662400000,96988.4,97108.3,96925.9,97079.0,1934.905
1746664200000,97079.0,97800.0,96831.5,97725.1,6247.067
1746666000000,97725.0,98350.0,97550.0,97935.0,18693.583
1746667800000,97935.0,97991.2,97651.6,97769.2,3878.073
1746669600000,97769.1,98599.9,97769.1,98561.6,9323.06
1746671400000,98561.5,98815.2,98526.4,98625.8,7959.081
1746673200000,98625.9,98835.7,98482.0,98747.6,4162.198
1746675000000,98747.6,99199.9,98658.3,99097.9,8419.756
1746676800000,99098.0,99374.3,99050.0,99305.0,8388.19
1746678600000,99304.9,99305.0,98876.4,98905.3,5925.491
1746680400000,98905.3,99092.3,98736.4,98889.7,5666.523
1746682200000,98889.7,98904.8,98685.6,98700.0,1983.002
1746684000000,98700.0,98859.6,98680.1,98796.5,2259.966
1746685800000,98796.5,98986.3,98751.7,98980.5,2104.886
1746687600000,98980.5,99285.0,98980.4,99268.0,3398.605
1746689400000,99268.1,99343.6,99135.1,99212.0,3218.895
1746691200000,99212.1,99695.9,99165.2,99487.0,8716.825
1746693000000,99487.1,99800.0,99382.7,99615.0,4552.133
1746694800000,99615.0,99650.0,99499.9,99602.5,2893.313
1746696600000,99602.6,99759.9,99496.7,99741.1,2577.53
1746698400000,99741.1,99782.9,99633.4,99770.7,2373.099
1746700200000,99770.7,99863.3,99699.7,99729.9,3136.54
1746702000000,99729.9,99730.0,99442.6,99457.1,4373.763
1746703800000,99457.2,99542.6,99369.8,99369.8,3094.295
1746705600000,99369.9,99500.0,99340.1,99379.9,2743.257
1746707400000,99380.0,99516.2,99214.6,99250.0,4715.337
1746709200000,99250.0,99400.0,99192.8,99382.7,3031.161
1746711000000,99382.8,99586.8,99050.1,99256.3,7728.228
1746712800000,99256.3,99488.6,99104.0,99456.4,4586.659
1746714600000,99456.5,99777.0,99308.1,99321.1,8082.403
1746716400000,99321.1,100933.0,99264.7,100597.4,24952.749
1746718200000,100597.4,101493.2,100383.2,100730.8,27240.205
1746720000000,100730.9,101128.0,100550.0,100828.9,9582.524
1746721800000,100829.0,101315.7,100683.3,101235.9,5517.307
1746723600000,101235.9,101686.7,101056.6,101486.7,7671.706
1746725400000,101486.7,101565.7,100746.6,100976.5,6839.265
1746727200000,100976.5,101366.7,100918.3,101267.6,3259.388
1746729000000,101267.7,101436.6,101200.0,101320.1,2905.807
1746730800000,101320.0,101326.0,100951.0,101148.6,5066.933
1746732600000,101148.6,101295.5,100913.7,101254.2,4004.195
1746734400000,101254.3,101813.0,101231.7,101536.2,6190.909
1746736200000,101536.3,102845.5,101536.2,102576.9,16122.059
1746738000000,102576.8,104305.3,102080.0,103307.5,19214.049
1746739800000,103307.4,103682.8,102558.0,102799.9,7901.973
1746741600000,102800.0,103028.2,102362.5,102795.8,5076.084
1746743400000,102795.8,103200.0,102633.8,102991.7,2990.947
1746745200000,102991.6,103150.0,102746.2,102818.6,3454.442
1746747000000,102818.7,103270.0,102796.6,103228.1,3264.103
1746748800000,103228.0,103228.1,102777.7,102797.2,3816.522
1746750600000,102797.2,103035.3,102511.0,102799.0,4572.937
1746752400000,102799.0,102970.1,102525.0,102735.1,3007.986
1746754200000,102735.1,103125.0,102591.3,103070.0,2416.325
1746756000000,103070.1,103070.1,102684.7,102684.7,2651.753
1746757800000,102684.7,102740.6,102466.9,102575.0,2322.575
1746759600000,102574.9,102778.6,102407.0,102610.0,2575.267
1746761400000,102611.8,102615.4,102327.9,102419.5,2980.636
1746763200000,102419.5,102675.8,102345.7,102528.7,1904.85
1746765000000,102528.8,102851.5,102446.8,102801.4,1929.039
1746766800000,102801.3,102847.9,102560.0,102709.9,1594.219
1746768600000,102709.9,102938.9,102704.5,102938.9,1841.685
1746770400000,102938.9,103202.5,102885.5,103091.2,2970.911
1746772200000,103091.2,103225.7,102956.1,103189.1,3204.994
1746774000000,103189.0,103777.0,103091.0,103756.9,7125.907
1746775800000,103756.8,104373.0,103480.0,103597.4,10524.027
1746777600000,103597.4,103920.0,103344.0,103602.8,6084.026
1746779400000,103602.8,103871.9,102613.6,102936.6,9472.027
1746781200000,102936.6,103257.8,102390.0,102535.4,9384.769
1746783000000,102535.5,102910.0,102376.5,102885.4,4058.297
1746784800000,102885.4,103086.8,102752.9,103050.3,3177.195
1746786600000,103050.2,103433.1,102915.0,103323.8,4263.575
1746788400000,103323.8,103450.0,102632.4,102995.7,7013.852
1746790200000,102995.7,103215.4,102812.0,102914.5,2968.363
1746792000000,102914.5,103111.0,102762.1,103072.2,2788.606
1746793800000,103072.1,103120.0,102836.0,102860.0,1844.402
1746795600000,102860.1,103135.5,102855.6,102949.9,1980.545
1746797400000,102949.9,103746.8,102777.0,103587.9,7704.134
1746799200000,103587.9,103715.3,102576.8,102620.0,9304.983
1746801000000,102620.1,103150.0,102358.0,103110.9,8446.291
1746802800000,103111.0,103269.7,102685.5,102826.1,3754.048
1746804600000,102826.1,102900.0,102644.0,102852.9,2859.851
1746806400000,102853.0,102891.0,102457.3,102714.6,3730.168
1746808200000,102714.7,102873.8,102240.0,102446.6,4453.223
1746810000000,102446.7,103024.7,102293.4,102997.4,5367.294
1746811800000,102997.7,103203.3,102912.5,103173.1,2399.197
1746813600000,103173.1,103214.5,102902.6,103139.0,1954.269
1746815400000,103139.0,103336.1,103104.2,103142.6,2200.95
1746817200000,103142.7,103247.8,102832.5,102950.1,1853.785
1746819000000,102950.1,103157.8,102853.7,103145.5,1465.151
1746820800000,103145.5,103366.0,103121.2,103270.0,1691.352
1746822600000,103270.0,103270.1,103093.7,103143.5,941.3
1746824400000,103143.5,103178.4,102739.6,102890.6,1854.884
1746826200000,102890.6,102954.9,102740.0,102943.0,1182.282
1746828000000,102943.1,103028.3,102875.0,103012.3,840.724
1746829800000,103012.3,103036.7,102711.1,102745.8,939.859
1746831600000,102745.9,102934.3,102700.0,102898.2,879.175
1746833400000,102898.2,102949.3,102855.0,102941.9,585.712
1746835200000,102941.9,103081.7,102884.0,102912.0,1903.411
1746837000000,102912.0,102954.8,102784.0,102821.1,1457.67
1746838800000,102821.0,103043.3,102817.5,103020.1,1144.229
1746840600000,103020.1,103080.0,102861.7,102932.7,1048.066
1746842400000,102932.8,103034.4,102903.6,102967.2,641.858
1746844200000,102967.1,103232.0,102945.6,103104.2,1270.289
1746846000000,103104.2,103125.0,102938.1,102991.5,696.246
1746847800000,102991.4,103193.0,102991.4,103179.4,874.962
1746849600000,103179.3,103179.4,102997.3,103082.8,1052.834
1746851400000,103082.9,103150.0,103030.0,103121.5,672.229
1746853200000,103121.6,103311.1,103057.1,103143.7,1557.534
1746855000000,103143.7,103327.8,103062.5,103319.9,1036.644
1746856800000,103319.9,103685.2,103319.9,103684.5,3402.199
1746858600000,103684.5,103919.9,103500.1,103908.0,4448.193
1746860400000,103907.9,104085.0,103615.9,103699.8,3986.2
1746862200000,103699.8,103842.8,103585.0,103721.7,1978.278
1746864000000,103721.7,104066.2,103691.7,103967.0,2902.418
1746865800000,103967.1,103970.0,103413.3,103587.7,2859.874
1746867600000,103587.7,103625.0,103311.0,103548.9,3644.331
1746869400000,103548.9,103871.3,103490.7,103723.2,1907.182
1746871200000,103723.2,103846.1,103676.0,103711.0,1104.56
1746873000000,103711.0,103811.4,103538.4,103540.0,2157.419
1746874800000,103540.0,103607.3,103476.0,103499.8,1746.217
1746876600000,103499.8,103500.0,103329.1,103374.6,2207.91
1746878400000,103374.7,103744.9,103369.1,103671.4,2148.295
1746880200000,103671.2,103781.1,103583.3,103646.7,1394.063
1746882000000,103646.6,103750.0,103481.9,103536.1,1225.271
1746883800000,103536.0,103668.6,103490.6,103581.4,1225.359
1746885600000,103581.4,103630.7,103364.0,103452.7,1527.86
1746887400000,103452.7,103575.1,103405.4,103476.6,1113.656
1746889200000,103476.6,103487.5,103363.3,103425.0,1181.442
1746891000000,103425.0,103457.4,103038.7,103102.6,3791.315
1746892800000,103102.6,103495.0,103090.6,103269.9,2316.883
1746894600000,103270.0,103464.0,103210.1,103390.6,1776.981
1746896400000,103390.6,103498.5,103266.6,103388.9,1737.242
1746898200000,103388.9,103589.0,103111.0,103135.9,2927.985
1746900000000,103135.8,103268.0,103110.9,103189.0,1377.127
1746901800000,103189.0,103300.0,102940.0,103196.9,2859.906
1746903600000,103197.0,103230.0,103045.0,103174.8,1028.06
1746905400000,103174.9,103272.5,103100.0,103148.6,723.618
1746907200000,103148.7,103230.1,103016.2,103174.3,812.401
1746909000000,103174.4,103276.1,103114.3,103144.9,678.049
1746910800000,103144.9,103290.5,103116.1,103181.3,633.504
1746912600000,103181.2,103777.5,103180.0,103719.0,2756.009
1746914400000,103719.0,103766.9,103508.3,103581.0,1857.387
1746916200000,103581.1,103817.5,103546.7,103551.2,1602.682
1746918000000,103551.2,105000.1,103523.4,104772.2,15746.279
1746919800000,104772.2,104820.7,104233.0,104788.8,6242.41
1746921600000,104788.8,104950.0,103886.9,103891.7,7386.992
1746923400000,103891.7,104548.4,103891.6,104381.4,3810.469
1746925200000,104381.5,104499.9,104070.0,104341.9,2034.289
1746927000000,104342.0,104464.9,103816.5,104092.0,2948.996
1746928800000,104092.0,104218.3,103837.1,104086.1,2525.504
1746930600000,104086.2,104239.0,103406.3,103712.5,4709.698
1746932400000,103712.5,103950.1,103600.0,103940.5,1979.878
1746934200000,103940.5,104148.4,103736.1,103947.8,1881.001
1746936000000,103947.8,104363.9,103940.4,104192.4,2766.276
1746937800000,104192.5,104249.6,104030.9,104118.0,1127.047
1746939600000,104118.0,104161.7,103812.0,103835.4,1660.008
1746941400000,103835.3,103984.0,103766.0,103800.0,1492.902
1746943200000,103800.0,103924.6,103667.0,103900.7,1836.863
1746945000000,103900.6,103942.6,103560.0,103809.1,2321.891
1746946800000,103809.2,103829.2,103522.0,103625.2,2663.168
1746948600000,103625.1,103659.4,103283.3,103327.9,5110.53
1746950400000,103327.8,103993.7,103321.0,103806.8,4444.658
1746952200000,103806.8,103930.0,103698.4,103783.9,2415.811
1746954000000,103783.9,104280.0,103780.8,104267.7,3206.795
1746955800000,104267.7,104455.1,104193.3,104313.1,2263.013
1746957600000,104313.1,104463.9,104158.6,104455.8,2709.804
1746959400000,104455.8,104637.6,104298.2,104608.0,2914.708
1746961200000,104608.1,104750.0,104319.2,104494.2,4212.552
1746963000000,104494.3,104650.0,104363.7,104613.7,1877.941
1746964800000,104613.7,104873.5,104600.0,104638.1,3963.058
1746966600000,104638.0,104768.8,104485.1,104561.7,2219.442
1746968400000,104561.8,104629.4,104214.8,104298.1,2101.508
1746970200000,104298.0,104479.5,103897.6,103929.9,5490.958
1746972000000,103930.0,104012.9,103726.6,103870.3,6257.715
1746973800000,103870.3,104239.4,103829.2,104113.3,2623.233
1746975600000,104113.3,104645.4,104016.7,104299.2,4588.141
1746977400000,104299.2,104395.9,103854.6,104083.0,3668.908
1746979200000,104082.9,104130.1,103691.9,104039.1,3904.97
1746981000000,104039.1,104078.7,103760.0,103941.4,1592.993
1746982800000,103941.4,104107.6,103737.5,103871.1,1947.798
1746984600000,103871.1,104055.2,103761.3,103986.3,1513.518
1746986400000,103986.3,104065.2,103820.0,103864.2,1239.656
1746988200000,103864.3,104800.0,103802.7,104490.6,6637.075
1746990000000,104490.6,104618.8,104374.3,104487.6,2324.056
1746991800000,104487.6,104593.3,104301.6,104373.8,1561.56
1746993600000,104373.8,104405.2,104109.6,104323.7,1476.987
1746995400000,104323.8,104400.0,104193.2,104224.1,897.451
1746997200000,104224.1,104244.0,103931.9,104138.0,1865.559
1746999000000,104137.9,104347.1,103900.0,104314.2,1596.798
1747000800000,104314.2,104526.3,103741.8,103899.4,4798.957
1747002600000,103899.4,103989.3,103502.4,103749.0,2865.204
1747004400000,103749.1,103979.9,103710.0,103933.4,1865.818
1747006200000,103933.4,104100.0,103720.0,104072.7,1834.264
1747008000000,104072.7,104428.0,104022.7,104362.6,2738.037
1747009800000,104362.6,104600.0,104266.4,104541.5,3327.375
1747011600000,104541.4,105190.4,104115.2,104239.0,10832.371
1747013400000,104239.1,104256.1,103700.0,103965.9,4726.48
1747015200000,103965.9,104168.6,103846.1,103909.9,2835.557
1747017000000,103910.0,104070.4,103664.8,103852.0,2301.201
1747018800000,103851.9,104016.3,103669.9,103825.1,2180.394
1747020600000,103825.1,104064.0,103753.0,104064.0,1481.395
1747022400000,104064.0,104135.0,103777.0,103856.0,1753.178
1747024200000,103856.0,104074.1,103805.8,104025.1,1165.368
1747026000000,104025.1,104037.2,103732.4,103750.2,1818.794
1747027800000,103750.2,103964.4,103696.3,103906.3,1402.677
1747029600000,103906.4,104187.9,103752.3,104165.9,1734.758
1747031400000,104165.8,104375.0,104134.3,104346.2,2574.75
1747033200000,104346.2,105863.1,104346.1,105415.1,27462.223
1747035000000,105415.2,105662.3,104101.6,104426.2,14240.481
1747036800000,104426.3,104479.6,104016.5,104244.3,5657.747
1747038600000,104244.3,104684.0,104167.2,104560.6,3738.534
1747040400000,104560.6,104623.1,104313.9,104459.2,2342.518
1747042200000,104459.2,104495.0,104317.2,104406.6,1678.468
1747044000000,104406.6,104486.8,104099.9,104272.5,2737.985
1747045800000,104272.5,104492.4,104231.9,104471.8,1467.771
1747047600000,104471.8,104584.4,104254.8,104320.3,2584.309
1747049400000,104320.3,104339.3,103550.0,103705.1,7428.978
1747051200000,103705.0,103989.3,103663.0,103949.2,3684.422
1747053000000,103949.2,104100.0,103812.9,103828.9,2885.92
1747054800000,103828.9,104333.0,103823.1,104111.8,4172.9
1747056600000,104111.9,104620.1,103614.1,104283.2,11528.102
1747058400000,104283.2,104368.1,102588.0,102906.9,16059.784
1747060200000,102907.0,103456.6,102510.0,102757.2,13945.798
1747062000000,102757.2,103156.2,102355.5,102919.9,10611.142
1747063800000,102919.9,102940.8,102345.0,102481.7,7267.773
1747065600000,102481.8,102975.0,102380.0,102930.4,5925.858
1747067400000,102930.4,103029.7,102700.2,102800.2,2825.98
1747069200000,102800.1,103040.8,102634.1,102861.9,2484.837
1747071000000,102861.8,102949.9,102475.8,102507.7,2586.278
1747072800000,102507.6,102619.0,101572.5,101592.5,13551.179
1747074600000,101592.5,101739.9,100678.0,101583.7,19064.895
1747076400000,101583.6,102076.9,101530.4,101630.0,6566.287
1747078200000,101629.9,101899.9,101440.0,101812.8,2842.293
1747080000000,101812.9,102232.7,101728.3,102191.4,3368.553
1747081800000,102191.5,102859.1,102158.4,102639.6,5807.174
1747083600000,102639.5,102713.5,102320.5,102320.5,2065.028
1747085400000,102320.5,102584.4,102314.8,102459.9,1202.29
1747087200000,102460.0,102751.4,102306.1,102700.1,1753.275
1747089000000,102700.1,102888.0,102683.7,102810.7,1807.226
1747090800000,102812.5,103080.9,102812.5,103048.8,2558.166
1747092600000,103048.8,103062.5,102737.1,102739.3,1766.19
1747094400000,102739.3,102743.9,102354.6,102492.9,2425.05
1747096200000,102493.1,102520.0,102119.4,102230.7,2702.394
1747098000000,102230.7,102678.2,102196.0,102430.5,3054.231
1747099800000,102430.6,102509.5,102028.0,102359.7,3364.211
1747101600000,102359.7,102674.7,101643.2,102254.9,5755.137
1747103400000,102254.9,102271.8,101766.0,102032.1,2606.432
1747105200000,102032.1,102137.5,101455.4,101573.8,2594.233
1747107000000,101573.7,101823.0,101400.0,101681.3,3110.233
1747108800000,101681.3,102355.4,101580.4,102340.0,3803.13
1747110600000,102340.1,102727.8,102340.0,102700.1,4659.303
1747112400000,102700.0,102700.1,102503.0,102516.5,2110.753
1747114200000,102516.5,102539.9,102222.0,102429.4,1949.712
1747116000000,102429.5,102650.0,102288.5,102335.2,1819.402
1747117800000,102335.2,102567.9,102316.8,102505.9,996.877
1747119600000,102505.9,102900.0,102502.7,102750.0,2028.586
1747121400000,102749.9,102788.0,102590.0,102624.0,1090.396
1747123200000,102624.0,102922.0,102507.6,102541.1,3188.967
1747125000000,102541.2,102800.0,102528.0,102676.4,1320.223
1747126800000,102676.5,103262.4,102676.4,103211.5,4138.387
1747128600000,103211.5,103468.0,103165.0,103406.9,3459.439
1747130400000,103407.0,103485.5,103214.5,103442.2,3117.947
1747132200000,103442.2,103570.0,103343.3,103516.7,2130.533
1747134000000,103516.8,103621.3,103408.3,103565.9,1863.136
1747135800000,103565.9,103778.9,103526.4,103685.5,3468.341
1747137600000,103685.5,103768.0,103410.0,103513.6,4342.071
1747139400000,103513.6,103930.1,103370.0,103636.6,9947.789
1747141200000,103636.6,103798.0,103447.1,103743.7,3823.702
1747143000000,103743.8,103885.3,103333.7,103673.2,5329.184
1747144800000,103674.0,103700.1,102762.9,103356.0,10572.632
1747146600000,103355.9,103360.5,102858.0,103148.2,3068.459
1747148400000,103148.2,103823.0,103090.0,103623.5,5254.551
1747150200000,103623.4,103696.8,103365.0,103633.1,2504.641
1747152000000,103633.0,104365.0,103488.2,104105.6,7613.301
1747153800000,104105.6,104218.7,103670.0,103682.6,3150.962
1747155600000,103682.7,104014.2,103661.0,103792.6,2886.247
1747157400000,103792.6,104271.2,103656.1,104215.5,3332.239
1747159200000,104215.5,104384.7,104125.0,104303.2,2344.165
1747161000000,104303.2,104352.9,104035.0,104319.9,2670.268
1747162800000,104320.0,104620.0,104100.6,104538.9,4396.757
1747164600000,104538.9,104949.2,104426.1,104744.7,9294.513
1747166400000,104744.7,104889.2,104345.6,104480.3,3555.604
1747168200000,104480.3,104676.9,104400.0,104511.5,1673.612
1747170000000,104511.5,104577.1,104128.2,104463.7,1843.639
1747171800000,104463.7,104566.0,104188.7,104302.5,1098.446
1747173600000,104302.5,104399.0,104060.4,104206.4,1861.607
1747175400000,104206.3,104300.0,104036.5,104087.0,1541.041
1747177200000,104087.0,104160.4,103795.5,103944.2,2213.788
1747179000000,103944.2,104246.2,103938.0,104082.0,1292.057
1747180800000,104082.0,104086.5,103766.0,103866.2,2639.479
1747182600000,103866.2,103970.7,103703.7,103861.7,1504.778
1747184400000,103861.7,104016.4,103771.2,103855.7,2239.422
1747186200000,103855.6,104042.5,103639.0,103680.0,3293.373
1747188000000,103680.0,103746.9,103445.9,103559.0,3140.122
1747189800000,103559.0,103715.9,103520.7,103672.3,1238.3
1747191600000,103672.4,103747.3,103469.3,103500.0,1603.483
1747193400000,103500.0,103579.8,103409.0,103549.2,1260.461
1747195200000,103549.1,103650.0,103422.8,103639.1,1080.934
1747197000000,103639.1,103815.0,103571.7,103705.9,1754.71
1747198800000,103706.0,103872.4,103650.8,103705.4,1843.008
1747200600000,103705.4,103949.6,103652.4,103856.3,1674.976
1747202400000,103856.2,103918.6,103652.5,103727.1,1183.178
1747204200000,103727.2,103764.1,103606.5,103707.7,1202.444
1747206000000,103707.8,103715.9,103314.0,103430.1,2561.419
1747207800000,103430.2,103750.0,103363.4,103662.2,2020.421
1747209600000,103662.2,103844.6,103413.0,103599.9,2610.848
1747211400000,103600.0,103698.2,103150.0,103156.5,4083.384
1747213200000,103156.5,103276.1,102815.0,103269.9,6920.244
1747215000000,103269.9,103463.8,103124.0,103439.0,2605.681
1747216800000,103439.0,103904.0,103416.1,103793.0,5539.367
1747218600000,103793.0,103846.9,103594.4,103663.5,2353.792
1747220400000,103663.4,103949.8,103663.4,103865.8,2591.874
1747222200000,103865.8,104109.6,103849.7,103903.4,2362.611
1747224000000,103903.3,104148.4,103859.9,103972.4,2462.892
1747225800000,103972.4,104163.6,103881.2,103950.0,2265.622
1747227600000,103950.1,104078.9,103774.0,104052.9,3216.048
1747229400000,104052.9,104319.0,103445.5,103913.7,9995.859
1747231200000,103913.7,103916.6,103040.9,103040.9,8535.305
1747233000000,103040.8,103415.7,102838.0,103216.7,5568.139
1747234800000,103216.7,103374.8,102773.4,103354.5,5227.232
1747236600000,103354.4,103500.1,103142.3,103461.4,2723.025
1747238400000,103461.3,103571.4,103247.5,103404.8,2862.094
1747240200000,103404.9,103549.5,103107.1,103318.8,2282.488
1747242000000,103318.8,103380.0,102536.0,102832.9,5580.913
1747243800000,102832.8,103210.0,102801.9,103208.2,2478.073
1747245600000,103208.2,103441.5,102977.5,103199.8,2384.086
1747247400000,103199.9,103505.4,103119.4,103474.5,1730.508
1747249200000,103474.5,103675.0,103400.6,103480.0,1943.739
1747251000000,103480.1,103505.0,103199.3,103278.7,1462.179
1747252800000,103278.8,103449.6,103248.9,103394.7,1026.651
1747254600000,103394.8,103610.2,103329.9,103500.3,892.563
1747256400000,103500.3,103532.3,103375.0,103475.9,643.435
1747258200000,103475.8,103626.5,103384.4,103597.3,585.514
1747260000000,103597.4,103616.4,103415.5,103486.9,756.018
1747261800000,103487.0,103500.8,103378.8,103458.7,637.15
1747263600000,103458.7,103505.6,103305.0,103505.5,959.348
1747265400000,103505.6,103568.1,103452.4,103458.1,736.907
1747267200000,103458.1,103775.0,103442.6,103709.6,1988.691
1747269000000,103709.5,103820.0,103633.5,103746.0,1273.577
1747270800000,103746.0,103746.0,103384.9,103411.3,1961.059
1747272600000,103411.3,103440.0,102910.1,102979.2,3636.916
1747274400000,102979.2,103159.0,102897.7,102967.1,2002.923
1747276200000,102967.0,103104.1,102853.9,102989.1,1244.32
1747278000000,102989.1,103087.7,102725.1,102884.5,2279.235
1747279800000,102884.4,102917.3,102663.5,102706.1,2186.186
1747281600000,102706.0,102865.8,102656.0,102803.4,1830.31
1747283400000,102803.5,102926.2,102727.1,102858.2,1107.282
1747285200000,102858.2,102887.0,102499.9,102518.2,2759.612
1747287000000,102518.2,102589.0,102278.1,102325.6,3102.328
1747288800000,102325.7,102649.8,102280.0,102589.9,2781.207
1747290600000,102589.9,102610.0,102074.8,102211.0,3056.737
1747292400000,102211.0,102402.9,101810.2,101845.0,4372.111
1747294200000,101844.9,101940.0,101677.0,101733.9,4239.283
1747296000000,101734.0,102054.5,101711.0,102012.8,3537.238
1747297800000,102012.8,102292.1,101978.6,102215.1,3318.088
1747299600000,102215.2,102215.2,101831.9,101929.8,2222.408
1747301400000,101929.9,101948.2,101433.0,101779.6,6068.472
1747303200000,101779.6,101885.5,101584.3,101861.0,2292.702
1747305000000,101860.9,101861.0,101556.2,101762.8,1704.778
1747306800000,101762.9,102306.5,101735.2,102238.8,5079.943
1747308600000,102238.7,102398.7,102152.7,102335.3,1998.591
1747310400000,102335.3,102556.6,102222.0,102478.0,2723.586
1747312200000,102477.9,102799.9,102408.6,102513.3,6038.465
1747314000000,102513.4,102748.9,102435.2,102532.5,1961.802
1747315800000,102532.5,102700.0,101459.0,102094.8,9979.271
1747317600000,102094.7,102357.6,101701.7,101980.1,6680.279
1747319400000,101980.1,102028.0,101270.8,101932.0,7261.194
1747321200000,101931.9,102458.0,101869.1,102439.4,4242.3
1747323000000,102439.5,103242.0,102390.0,103211.2,9495.417
1747324800000,103211.2,103350.0,103011.0,103117.0,5288.434
1747326600000,103117.0,103800.0,102980.2,103798.9,6130.235
1747328400000,103798.9,104095.6,103601.2,103921.8,5632.104
1747330200000,103921.7,104162.8,103848.4,103937.7,4061.546
1747332000000,103937.7,103982.0,103427.4,103455.4,5065.858
1747333800000,103455.4,103564.7,102580.9,102638.4,6379.182
1747335600000,102638.4,103175.2,102500.0,102749.3,5084.751
1747337400000,102749.3,103191.7,102744.3,103107.0,2902.045
1747339200000,103107.1,103390.9,102828.4,103277.3,3396.998
1747341000000,103277.2,103447.5,103170.4,103380.0,1624.841
1747342800000,103378.6,103378.6,102662.0,102991.3,2223.013
1747344600000,102991.3,103279.9,102782.7,103241.2,1485.254
1747346400000,103241.2,103939.8,103200.6,103636.7,6334.127
1747348200000,103636.8,103695.3,103434.1,103450.4,1654.633
1747350000000,103450.5,103617.6,103181.8,103471.2,2710.77
1747351800000,103471.2,103847.3,103471.1,103714.5,1944.004
1747353600000,103714.2,103949.2,103603.9,103700.0,2230.364
1747355400000,103700.1,103999.9,103613.0,103710.0,2024.886
1747357200000,103710.0,103768.1,103414.8,103734.8,3194.048
1747359000000,103734.8,104075.3,103720.7,104002.3,3207.25
1747360800000,104002.3,104311.0,103880.0,104235.3,5503.813
1747362600000,104235.4,104440.1,104040.8,104162.1,2814.198
1747364400000,104162.1,104266.5,103990.0,104215.7,1554.847
1747366200000,104215.7,104296.0,103945.7,103979.0,1963.14
1747368000000,103979.1,104148.4,103872.0,103890.3,2131.955
1747369800000,103890.3,103945.5,103762.3,103876.8,1889.684
1747371600000,103876.8,104105.5,103868.8,103987.4,1524.059
1747373400000,103987.4,104021.5,103773.5,103859.1,1515.257
1747375200000,103859.2,103978.8,103818.0,103913.6,1108.049
1747377000000,103913.7,104058.4,103893.1,103948.2,1170.144
1747378800000,103948.2,104150.0,103802.7,104038.1,1666.768
1747380600000,104038.0,104050.3,103640.0,103646.6,3436.66
1747382400000,103646.5,103717.8,103062.3,103223.8,6853.92
1747384200000,103223.8,103416.6,103123.4,103358.0,3111.41
1747386000000,103357.9,103719.8,103357.9,103656.5,2754.179
1747387800000,103656.4,103770.1,103563.0,103752.4,1990.173
1747389600000,103752.4,103850.0,103580.9,103666.5,1991.229
1747391400000,103666.5,103817.0,103666.5,103749.8,1094.62
1747393200000,103749.8,103872.9,103542.4,103572.9,2115.108
1747395000000,103573.0,103671.3,103509.9,103614.5,1615.711
1747396800000,103614.6,103732.7,103468.0,103558.4,1657.153
1747398600000,103558.5,103663.2,103427.9,103454.1,1189.137
1747400400000,103454.2,103601.0,103417.0,103454.1,1311.905
1747402200000,103454.2,104053.6,103400.0,103953.8,5303.063
1747404000000,103953.7,103953.7,103447.0,103775.6,4038.033
1747405800000,103775.6,103775.6,103300.0,103539.9,3891.947
1747407600000,103540.0,104258.7,103540.0,103807.1,5960.423
1747409400000,103807.2,104144.1,103781.7,104144.0,2912.874
1747411200000,104144.0,104524.2,103900.1,103903.0,7286.863
1747413000000,103903.0,104171.5,103788.7,104100.0,2421.39
1747414800000,104100.0,104357.0,103963.5,104230.0,2170.134
1747416600000,104230.1,104262.5,103724.9,103820.1,2014.928
1747418400000,103820.1,104064.3,103786.8,103829.9,1566.648
1747420200000,103829.9,103987.0,103634.0,103635.2,2112.467
1747422000000,103635.2,103803.4,103533.2,103621.0,1612.851
1747423800000,103621.0,104000.0,103610.2,103974.3,1740.989
1747425600000,103974.3,103991.7,103785.9,103836.0,1105.995
1747427400000,103836.1,103836.1,103468.7,103645.1,1972.966
1747429200000,103645.0,103744.9,103520.2,103530.6,902.054
1747431000000,103530.7,103704.7,103451.4,103560.6,931.469
1747432800000,103560.7,103569.4,103365.2,103410.3,1398.74
1747434600000,103410.4,103507.4,103361.6,103466.0,1379.679
1747436400000,103466.0,103640.9,103463.6,103575.9,1184.286
1747438200000,103575.9,103597.4,103370.0,103412.2,985.583
1747440000000,103412.2,103495.7,103226.0,103231.3,3016.553
1747441800000,103231.2,103360.6,103036.1,103300.1,3839.461
1747443600000,103300.0,103300.1,102650.0,102947.3,5854.477
1747445400000,102947.3,102970.0,102541.6,102778.4,3498.364
1747447200000,102778.4,103186.7,102699.7,103126.8,4388.653
1747449000000,103126.7,103318.7,103120.5,103232.4,2512.013
1747450800000,103232.5,103318.1,103114.5,103246.1,1155.062
1747452600000,103246.1,103564.7,103172.7,103464.7,2310.506
1747454400000,103464.6,103625.3,103415.2,103549.3,2112.03
1747456200000,103549.2,103621.9,103437.4,103600.3,1277.061
1747458000000,103600.4,103658.0,103461.7,103505.9,1279.639
1747459800000,103505.9,103553.7,103275.8,103306.5,1276.183
1747461600000,103306.5,103450.0,103280.6,103280.7,1093.248
1747463400000,103280.7,103446.0,103239.6,103431.0,1267.541
1747465200000,103431.0,103600.0,103398.8,103561.7,1276.606
1747467000000,103561.8,103577.4,103380.3,103399.4,844.737
1747468800000,103399.5,103417.9,103046.8,103410.9,3794.44
1747470600000,103410.9,103524.7,103347.9,103375.4,1924.682
1747472400000,103375.5,103506.5,102783.0,102820.0,7079.906
1747474200000,102820.0,103010.2,102770.1,102851.4,3336.041
1747476000000,102851.4,102988.0,102778.0,102938.3,1697.563
1747477800000,102938.3,102969.8,102772.0,102832.5,1400.015
1747479600000,102832.4,102894.9,102705.0,102750.3,1675.394
1747481400000,102750.3,103040.0,102750.3,102944.2,1578.427
1747483200000,102944.1,103013.6,102844.0,102944.9,1044.478
1747485000000,102944.9,102990.6,102850.3,102889.9,805.258
1747486800000,102890.0,103056.9,102765.0,102887.5,1717.002
1747488600000,102887.5,102908.2,102591.0,102666.2,2211.54
1747490400000,102666.2,102994.0,102658.1,102972.9,1624.543
1747492200000,102972.9,103132.3,102925.3,103074.9,1704.193
1747494000000,103074.9,103129.9,102917.5,103049.7,1329.062
1747495800000,103049.8,103068.7,102894.3,102900.0,723.998
1747497600000,102900.1,103065.0,102860.0,102956.0,1144.329
1747499400000,102956.0,102968.4,102706.6,102894.4,2119.896
1747501200000,102894.5,103220.8,102880.5,103188.6,1839.339
1747503000000,103188.6,103255.3,103074.4,103082.0,1364.142
1747504800000,103081.9,103305.8,102995.0,103156.9,2009.363
1747506600000,103156.9,103164.0,102921.3,102950.3,1125.048
1747508400000,102950.3,103064.6,102875.0,103012.4,687.586
1747510200000,103012.3,103154.9,102966.0,103100.1,656.941
1747512000000,103100.1,103163.0,103029.8,103123.0,799.244
1747513800000,103123.0,103397.9,103123.0,103326.3,1318.519
1747515600000,103326.3,103458.6,103126.4,103172.6,1672.975
1747517400000,103172.5,103276.4,103081.3,103202.0,1143.826
1747519200000,103202.0,103205.9,102868.7,102885.1,1729.162
1747521000000,102885.1,103065.0,102851.5,102981.2,801.885
1747522800000,102981.3,103163.2,102902.2,103119.5,812.828
1747524600000,103119.6,103167.9,103056.7,103079.6,498.91
1747526400000,103079.5,103278.0,103052.2,103220.2,896.001
1747528200000,103220.2,103380.8,103129.2,103329.6,1019.307
1747530000000,103329.7,103359.7,103143.0,103182.7,912.663
1747531800000,103182.7,103257.0,103088.1,103208.7,690.579
1747533600000,103208.8,103282.5,103193.4,103249.6,428.445
1747535400000,103249.6,103317.0,103200.3,103292.7,575.633
1747537200000,103292.8,103348.1,103089.0,103089.0,1297.968
1747539000000,103089.1,103279.4,103089.0,103244.2,619.278
1747540800000,103244.3,103278.5,103244.3,103253.5,329.879
1747542600000,103253.4,103399.0,103250.1,103314.7,1017.89
1747544400000,103314.7,103441.5,103314.6,103400.0,1193.931
1747546200000,103399.9,103636.3,103363.9,103597.8,1686.105
1747548000000,103597.8,103636.4,103440.3,103460.1,1645.696
1747549800000,103460.1,103460.1,103300.2,103414.4,1427.851
1747551600000,103414.4,103556.7,103383.8,103556.6,963.537
1747553400000,103556.7,103949.6,103492.8,103893.0,4846.231
1747555200000,103893.0,104066.1,103781.3,103930.0,5891.913
1747557000000,103929.9,103953.3,103816.6,103869.2,1242.996
1747558800000,103869.3,103988.0,103852.0,103916.8,1275.034
1747560600000,103916.8,103958.9,103800.1,103834.9,1033.318
1747562400000,103835.0,103898.7,103764.0,103764.1,1204.752
1747564200000,103764.2,103827.5,103759.0,103818.6,676.199
1747566000000,103818.6,103927.1,103805.7,103873.0,712.61
1747567800000,103873.0,103955.8,103754.4,103769.0,835.016
1747569600000,103769.0,103845.7,103660.7,103824.8,1643.881
1747571400000,103824.8,103907.9,103812.2,103906.5,894.401
1747573200000,103906.5,103919.0,103850.3,103864.8,678.514
1747575000000,103864.7,104780.5,103864.7,104708.2,10654.92
1747576800000,104708.1,104881.5,104508.9,104765.4,6024.931
1747578600000,104765.4,105522.0,104765.4,105233.0,11409.976
1747580400000,105233.0,105480.0,104925.1,105292.6,6632.53
1747582200000,105292.7,105665.3,105213.2,105484.2,3889.971
1747584000000,105484.2,105618.5,105138.8,105431.6,4343.567
1747585800000,105431.5,105999.7,105315.6,105789.2,5895.569
1747587600000,105789.2,105875.2,105380.1,105507.7,4342.068
1747589400000,105507.7,105653.7,104796.7,104805.2,6924.691
1747591200000,104804.2,104894.8,103884.7,104649.8,17985.868
1747593000000,104649.8,104716.7,104311.6,104455.7,3302.255
1747594800000,104455.7,104700.0,104379.3,104495.8,1868.798
1747596600000,104495.8,104495.8,103800.0,103834.0,4924.655
1747598400000,103834.1,103917.8,103217.2,103870.2,9553.992
1747600200000,103870.3,104199.7,103823.9,104002.6,3531.272
1747602000000,104002.5,104329.1,104002.5,104250.1,2639.033
1747603800000,104250.2,104550.0,104064.0,104131.3,2750.492
1747605600000,104131.2,105027.6,103906.2,105000.3,5242.048
1747607400000,105000.2,105945.8,104877.8,105899.2,9040.897
1747609200000,105899.3,105953.8,105420.0,105849.3,6049.883
1747611000000,105849.2,106629.8,105582.4,106407.6,10577.24
1747612800000,106407.5,107114.3,106078.9,106079.0,12401.735
1747614600000,106079.0,106141.7,105130.0,105225.3,7826.077
1747616400000,105225.2,105392.1,104700.1,105037.8,6521.081
1747618200000,105037.9,105247.9,104800.1,105022.6,3301.832
1747620000000,105022.6,105155.9,104530.0,104863.1,5864.901
1747621800000,104863.2,105038.0,104536.5,104610.5,3140.837
1747623600000,104610.4,104610.5,104047.2,104179.4,4999.052
1747625400000,104179.4,104213.9,103502.4,103569.4,7271.359
1747627200000,103569.5,103739.2,102885.0,103266.3,16482.238
1747629000000,103266.3,103487.0,102740.2,102960.1,7265.933
1747630800000,102960.1,103026.5,102579.0,102684.3,5471.28
1747632600000,102684.4,103060.0,102501.0,102990.8,5567.195
1747634400000,102990.7,103134.9,102550.0,102581.6,4103.608
1747636200000,102581.6,102590.3,102038.8,102166.4,7836.024
1747638000000,102166.4,102847.0,102126.3,102774.8,5269.492
1747639800000,102774.8,103292.2,102762.9,103167.0,5015.35
1747641600000,103167.1,103321.9,102930.0,103202.5,4385.389
1747643400000,103202.4,103202.5,102872.9,103189.5,2686.419
1747645200000,103189.5,103359.5,102956.4,103201.2,2864.403
1747647000000,103201.2,103268.1,102983.0,103024.5,1865.857
1747648800000,103024.6,103046.7,102800.0,103008.0,3495.425
1747650600000,103007.9,103030.0,102837.7,102888.3,1301.821
1747652400000,102888.3,103020.0,102732.8,103010.0,2585.44
1747654200000,103010.0,103025.8,102878.4,102912.0,1386.296
1747656000000,102912.1,102912.1,102385.7,102550.3,4913.016
1747657800000,102550.2,102583.7,102088.9,102427.5,6437.856
1747659600000,102427.5,102529.9,102253.4,102471.9,3356.029
1747661400000,102471.9,103482.3,102333.5,103239.8,12719.204
1747663200000,103239.8,103700.0,103123.8,103362.0,8630.259
1747665000000,103362.1,104321.0,103355.0,104276.2,8746.111
1747666800000,104276.1,104634.5,104219.4,104393.4,7965.67
1747668600000,104393.4,104920.2,104347.6,104740.4,7911.219
1747670400000,104740.5,105062.3,104426.8,105058.4,8834.995
1747672200000,105058.3,105400.0,104701.0,105314.4,7369.458
1747674000000,105314.4,105519.8,104896.2,105177.9,8839.5
1747675800000,105177.8,105405.0,105018.0,105328.5,3799.271
1747677600000,105328.4,105505.0,104999.9,105106.7,4364.694
1747679400000,105106.8,105106.8,104656.3,104741.2,5588.237
1747681200000,104741.2,105024.7,104588.0,104862.7,3460.039
1747683000000,104862.7,105512.3,104862.7,105457.8,4904.687
1747684800000,105457.9,105755.5,105326.9,105673.7,4792.593
1747686600000,105673.6,105673.7,105277.5,105432.1,2034.355
1747688400000,105432.1,105478.2,104982.0,104997.7,2465.703
1747690200000,104997.7,105454.4,104997.7,105408.5,1946.778
1747692000000,105408.5,105514.2,105144.6,105168.0,3759.7
1747693800000,105168.0,105605.8,105168.0,105512.1,2255.168
1747695600000,105512.1,105798.5,105421.9,105429.8,2398.796
1747697400000,105429.9,105644.3,105409.7,105531.6,1423.222
1747699200000,105531.5,106541.2,105511.0,105599.9,11065.246
1747701000000,105600.0,106127.3,105537.0,105674.9,4301.705
1747702800000,105674.8,106230.0,105650.0,106051.3,3998.595
1747704600000,106051.2,106758.5,106047.8,106407.6,6269.877
1747706400000,106407.6,106800.0,106389.2,106414.0,4869.46
1747708200000,106414.0,106485.2,105937.9,106060.0,4184.482
1747710000000,106059.9,106136.0,105797.2,106039.7,3633.482
1747711800000,106039.8,106042.4,105480.1,105720.0,4309.993
1747713600000,105720.0,105770.1,105500.9,105523.0,1711.122
1747715400000,105523.0,106219.3,105501.8,106181.2,4352.928
1747717200000,106181.1,106371.3,106016.6,106293.7,2860.403
1747719000000,106293.6,106312.7,106033.1,106065.6,2524.606
1747720800000,106065.5,106178.2,105345.4,105440.0,4289.34
1747722600000,105440.1,105612.6,105389.9,105411.8,2230.049
1747724400000,105411.8,105699.3,105177.0,105476.7,3362.464
1747726200000,105476.7,105528.0,104868.5,104980.1,5889.696
1747728000000,104980.1,105179.2,104845.0,104857.5,3454.823
1747729800000,104857.5,105219.5,104808.6,105182.1,3293.312
1747731600000,105182.0,105294.3,105137.4,105280.0,2924.21
1747733400000,105279.9,105350.0,105220.0,105238.2,1575.76
1747735200000,105238.2,105371.7,105063.7,105201.2,2531.692
1747737000000,105201.3,105201.3,104942.2,104974.5,1963.993
1747738800000,104974.5,105118.7,104868.5,105095.0,2313.605
1747740600000,105095.0,105290.0,105094.9,105159.2,2732.744
1747742400000,105159.3,105163.4,104755.0,104769.1,3862.386
1747744200000,104769.1,104800.9,104600.0,104718.6,3669.63
1747746000000,104718.6,104822.0,104531.0,104561.8,3399.154
1747747800000,104561.9,104583.6,104115.2,104395.5,11892.689
1747749600000,104395.5,104932.4,104244.4,104641.3,6335.31
1747751400000,104641.3,104900.0,104447.2,104469.2,3985.92
1747753200000,104469.2,105066.7,104439.6,105044.5,3176.478
1747755000000,105044.5,105357.6,104976.4,105294.5,5131.889
1747756800000,105294.5,105474.2,105028.4,105204.0,3903.724
1747758600000,105204.0,105422.0,105125.9,105159.6,1739.358
1747760400000,105159.6,106144.1,105159.5,106080.1,10747.452
1747762200000,106080.0,106295.3,105938.9,106153.6,4554.327
1747764000000,106153.6,106379.6,105692.3,105730.2,5368.225
1747765800000,105730.1,106021.0,105188.4,105242.4,7141.473
1747767600000,105242.5,106392.5,105156.8,106267.0,7577.246
1747769400000,106267.0,107252.9,106262.0,106972.2,13556.585
1747771200000,106972.3,107034.5,106361.6,106657.4,9411.235
1747773000000,106657.5,107292.5,106437.4,106870.7,5644.207
1747774800000,106870.6,107199.9,106279.5,106279.5,5061.874
1747776600000,106279.4,106725.1,106079.1,106566.5,2586.107
1747778400000,106566.6,106720.7,105875.8,106305.2,5880.073
1747780200000,106305.2,106854.3,106122.1,106718.3,4134.401
1747782000000,106718.3,107181.1,106630.2,106928.9,4045.234
1747783800000,106928.9,106972.3,106587.7,106800.1,2738.682
1747785600000,106800.0,107168.7,106521.7,106555.9,4530.272
1747787400000,106555.9,106875.0,106400.0,106700.0,2478.416
1747789200000,106700.0,107049.6,106626.1,106737.4,2392.962
1747791000000,106738.5,106844.5,106358.9,106440.2,1644.629
1747792800000,106440.2,106500.0,106146.9,106446.9,3574.419
1747794600000,106446.9,106873.2,106410.5,106804.8,2235.892
1747796400000,106804.8,106997.3,106705.0,106965.2,2073.134
1747798200000,106965.3,107057.6,106710.1,106791.0,3982.009
1747800000000,106791.0,106956.5,106669.8,106763.6,1862.462
1747801800000,106763.5,107700.0,106739.5,107247.4,10308.72
1747803600000,107247.3,107666.0,107234.3,107500.0,5045.086
1747805400000,107500.0,107691.0,107300.0,107490.1,3288.935
1747807200000,107490.2,107936.7,107251.3,107827.6,5627.488
1747809000000,107827.6,107950.0,107688.0,107710.6,5512.567
1747810800000,107710.6,107820.5,106720.0,106940.3,8223.381
1747812600000,106940.2,106949.0,106400.0,106463.6,9665.424
1747814400000,106463.7,106748.7,106304.1,106415.9,5753.168
1747816200000,106416.0,106499.1,106302.6,106339.6,2396.141
1747818000000,106339.7,106488.5,106155.0,106305.8,4575.55
1747819800000,106305.9,106305.9,106037.9,106154.4,3622.749
1747821600000,106154.4,106421.9,106090.3,106220.1,4041.079
1747823400000,106220.0,106352.9,106193.3,106290.2,2855.091
1747825200000,106290.2,106665.9,106212.6,106623.7,4804.707
1747827000000,106623.7,106644.9,106415.0,106490.9,2130.246
1747828800000,106490.9,106843.4,106361.2,106782.8,3629.597
1747830600000,106782.8,106782.8,106418.2,106517.8,2201.254
1747832400000,106517.8,106603.1,106277.8,106401.1,2880.949
1747834200000,106401.9,107629.9,106401.9,107208.3,12687.252
1747836000000,107208.3,107699.4,107076.8,107276.6,8400.192
1747837800000,107276.5,108988.0,106933.2,108963.1,24419.307
1747839600000,108963.0,109430.0,108400.0,108860.7,27756.174
1747841400000,108860.7,109203.0,108270.0,108936.6,12990.769
1747843200000,108936.6,109247.5,108660.2,109055.0,6985.433
1747845000000,109054.9,109804.2,109020.5,109100.9,16604.145
1747846800000,109101.0,109320.0,106815.7,106923.9,28679.349
1747848600000,106923.9,107626.5,106085.3,106566.8,60796.817
1747850400000,106566.9,107056.8,106271.2,106627.9,11986.793
1747852200000,106627.8,107370.0,106593.3,106911.7,8010.966
1747854000000,106911.7,107246.0,106550.0,107174.6,6399.121
1747855800000,107174.5,108800.0,107174.5,108547.3,17650.311
1747857600000,108547.2,108692.4,108115.1,108155.3,5301.544
1747859400000,108155.4,108220.7,107671.7,108192.4,5058.371
1747861200000,108192.3,108408.2,107884.4,108035.9,2734.705
1747863000000,108035.9,108524.3,108030.0,108363.9,1672.919
1747864800000,108363.9,108585.3,108233.9,108585.3,1674.801
1747866600000,108585.2,108998.9,108585.2,108698.0,4196.499
1747868400000,108697.9,110830.0,108614.2,109706.5,26218.389
1747870200000,109706.5,110088.2,109300.0,109609.5,12029.67
1747872000000,109609.6,110146.4,109456.1,109657.8,9251.867
1747873800000,109657.8,109939.1,109153.4,109925.4,6776.485
1747875600000,109925.3,110549.9,109775.5,109964.0,8969.385
1747877400000,109964.0,110265.8,109640.3,109892.5,4002.624
1747879200000,109892.5,110593.3,109792.8,110405.3,7365.66
1747881000000,110405.2,110977.2,110277.1,110440.8,7604.01
1747882800000,110440.7,110870.0,110304.9,110728.1,3457.923
1747884600000,110728.1,111866.4,110661.7,111755.9,17327.062
1747886400000,111755.9,111776.3,111204.7,111451.6,7564.207
1747888200000,111451.7,111698.0,111273.1,111449.5,3675.063
1747890000000,111449.5,111639.0,111161.7,111415.0,3921.029
1747891800000,111415.1,111474.0,110772.8,110843.0,9227.044
1747893600000,110843.0,111147.6,110626.4,110790.0,7565.355
1747895400000,110790.1,110927.6,110433.1,110576.7,5288.146
1747897200000,110576.8,111035.3,110433.0,110686.7,5895.648
1747899000000,110686.6,111100.0,110607.0,111005.8,4437.217
1747900800000,111005.8,111126.6,110677.8,110770.5,4607.717
1747902600000,110770.4,110785.6,110350.0,110374.6,5948.316
1747904400000,110374.6,110644.9,110238.5,110636.4,4884.682
1747906200000,110636.3,110797.6,110488.9,110772.7,3511.53
1747908000000,110772.6,110911.0,110555.5,110860.0,2647.709
1747909800000,110859.9,110911.0,110674.4,110754.9,2228.553
1747911600000,110754.9,110897.3,110475.0,110475.0,3201.17
1747913400000,110475.1,111303.8,110457.6,110944.1,5718.79
1747915200000,110944.0,111377.8,110766.9,111246.2,7100.528
1747917000000,111246.1,111578.3,111140.5,111572.2,5205.28
1747918800000,111572.3,111582.5,111073.7,111377.6,3794.07
1747920600000,111377.7,111555.0,110844.6,110870.8,9780.118
1747922400000,110870.9,111270.3,110593.9,111216.0,8623.673
1747924200000,111216.0,111366.5,110492.8,110852.6,6872.359
1747926000000,110852.6,111248.0,110735.9,111073.7,4525.984
1747927800000,111073.7,111497.7,110982.0,111250.6,4043.975
1747929600000,111251.0,111747.5,111177.1,111214.1,5619.214
1747931400000,111214.2,111428.5,111051.1,111228.0,3766.017
1747933200000,111228.1,111954.1,111120.6,111666.5,5456.275
1747935000000,111666.5,111959.5,111320.0,111464.1,4804.772
1747936800000,111464.2,111686.2,111327.5,111668.3,2338.396
1747938600000,111668.3,111919.9,111604.5,111690.6,3107.102
1747940400000,111690.7,111869.7,111420.4,111845.7,2944.799
1747942200000,111845.7,111875.7,110860.5,111136.1,6497.803
1747944000000,111136.2,111377.7,110932.9,111014.6,2729.981
1747945800000,111014.7,111186.2,110777.4,111024.2,2642.013
1747947600000,111024.3,111057.5,110715.0,110766.5,1684.876
1747949400000,110766.4,110980.0,110704.1,110794.7,1186.479
1747951200000,110794.8,111127.5,110794.8,111010.6,2009.842
1747953000000,111010.7,111208.1,110927.3,110974.0,1289.075
1747954800000,110974.1,111219.8,110974.1,111197.6,1363.85
1747956600000,111197.7,111692.9,111179.5,111662.7,3603.36
1747958400000,111662.6,111770.4,111350.9,111435.0,5405.845
1747960200000,111434.9,111699.0,111338.7,111570.4,2318.96
1747962000000,111570.5,111699.6,111144.2,111229.8,4587.997
1747963800000,111229.8,111470.0,111161.3,111284.5,1975.997
1747965600000,111284.6,111567.3,111247.6,111534.6,2495.706
1747967400000,111534.6,111535.0,111126.1,111213.9,2487.42
1747969200000,111213.9,111316.0,110969.0,110989.3,2015.803
1747971000000,110989.3,111139.8,110958.5,111044.0,1671.712
1747972800000,111044.0,111143.3,110658.1,110763.1,3661.331
1747974600000,110763.1,110814.8,110483.6,110793.6,4782.592
1747976400000,110793.7,110905.6,110634.0,110672.2,2194.089
1747978200000,110672.2,110818.5,110605.6,110810.3,1376.758
1747980000000,110810.4,110810.4,110400.0,110532.6,3716.028
1747981800000,110532.7,110687.4,110351.5,110475.7,3192.892
1747983600000,110475.8,110795.7,110470.4,110773.7,2332.209
1747985400000,110773.7,110820.0,110512.3,110685.2,2505.67
1747987200000,110685.3,110876.2,110677.7,110853.4,1636.17
1747989000000,110853.3,110998.8,110826.9,110890.0,2201.782
1747990800000,110890.1,111213.0,110861.8,111043.8,2931.077
1747992600000,111043.8,111348.0,111043.8,111282.1,2280.827
1747994400000,111282.2,111295.0,110773.1,110944.5,3504.851
1747996200000,110944.5,111154.8,110846.5,111012.5,1598.527
1747998000000,111012.6,111063.7,110603.9,110839.3,2989.182
1747999800000,110839.4,110914.8,108816.0,109033.2,27994.844
1748001600000,109033.2,109080.7,107250.0,108383.5,36455.285
1748003400000,108383.6,108734.8,108151.5,108401.1,12583.607
1748005200000,108401.1,108841.7,107914.5,108674.2,10641.602
1748007000000,108674.1,109698.0,108578.4,109603.4,17483.627
1748008800000,109603.4,109969.6,109423.3,109501.4,10314.014
1748010600000,109501.5,109911.0,109466.0,109616.7,5368.745
1748012400000,109616.5,109813.0,108955.3,109348.9,11035.943
1748014200000,109348.9,109707.6,108858.8,108892.4,4972.301
1748016000000,108892.5,109173.6,107950.0,108666.6,15733.451
1748017800000,108666.6,109064.7,108501.0,109027.0,5539.428
1748019600000,109027.1,109760.0,108963.9,109726.3,6825.151
1748021400000,109726.4,109726.4,109214.9,109361.2,3868.865
1748023200000,109361.1,109437.8,108769.2,109029.5,5218.233
1748025000000,109029.5,109080.8,108600.0,108743.8,3503.304
1748026800000,108743.9,109120.0,108640.0,108877.5,2991.066
1748028600000,108877.5,109030.1,108531.8,108659.4,2533.131
1748030400000,108659.5,108677.2,108418.4,108611.8,2580.205
1748032200000,108611.8,108611.9,108119.1,108189.9,2468.616
1748034000000,108190.0,108590.2,108119.0,108368.0,2016.965
1748035800000,108367.9,108635.5,108000.0,108242.4,2693.001
1748037600000,108242.4,108533.3,108170.1,108257.4,2337.848
1748039400000,108257.3,108362.4,107588.0,107747.2,5010.633
1748041200000,107747.3,107863.0,107340.0,107353.6,3999.453
1748043000000,107353.7,107627.6,106721.9,107271.5,11447.604
1748044800000,107271.6,107448.8,106836.0,107190.0,5709.973
1748046600000,107190.1,107640.9,107189.7,107325.1,3131.6
1748048400000,107325.2,107836.8,107306.1,107674.5,3031.665
1748050200000,107674.5,107727.3,107428.2,107437.5,1872.16
1748052000000,107437.6,107799.5,107188.1,107745.7,3132.483
1748053800000,107745.8,107855.1,107642.4,107752.7,1335.606
1748055600000,107752.6,108284.8,107698.3,108254.7,4221.094
1748057400000,108254.8,108330.6,108050.0,108306.8,1948.258
1748059200000,108306.7,108435.6,108238.1,108392.4,2017.224
1748061000000,108392.3,108520.0,108327.2,108438.3,1487.976
1748062800000,108438.4,108476.4,108168.9,108313.5,2727.005
1748064600000,108313.6,108387.0,108065.3,108193.2,1988.173
1748066400000,108193.1,108289.7,107915.0,108152.5,1754.012
1748068200000,108152.4,108152.5,107640.8,107916.8,5748.633
1748070000000,107916.9,108181.8,107916.8,108161.2,1723.314
1748071800000,108161.2,108161.3,107520.0,107550.6,4100.107
1748073600000,107550.7,107979.2,107546.1,107848.7,3926.124
1748075400000,107848.6,108250.0,107802.1,108205.4,2470.838
1748077200000,108205.4,108385.0,108123.8,108297.0,3258.836
1748079000000,108297.0,108379.4,108108.1,108122.2,1473.518
1748080800000,108122.2,108383.9,108115.0,108346.7,1883.723
1748082600000,108346.7,109222.0,108336.0,109043.5,12038.487
1748084400000,109043.6,109440.2,109043.5,109277.6,5067.485
1748086200000,109277.6,109433.4,109085.4,109152.2,4304.673
1748088000000,109152.2,109227.1,108556.0,108776.9,7040.711
1748089800000,108776.8,108860.2,108640.3,108741.3,2354.041
1748091600000,108741.2,108849.3,108525.0,108835.1,2226.688
1748093400000,108835.1,108849.9,108495.8,108564.3,1673.468
1748095200000,108564.2,108946.6,108550.0,108651.1,2056.096
1748097000000,108651.2,108988.6,108624.1,108913.0,3535.601
1748098800000,108913.1,109169.6,108822.1,108917.5,6005.861
1748100600000,108917.5,108996.3,108778.5,108889.2,4524.933
1748102400000,108889.1,108940.1,108647.1,108732.7,5017.567
1748104200000,108732.6,109057.8,108655.0,108959.7,5095.177
1748106000000,108959.7,109165.8,108839.0,108914.4,4736.717
1748107800000,108914.5,109035.5,108870.1,108876.3,653.699
1748109600000,108876.2,109040.6,108870.9,108966.3,736.763
1748111400000,108966.3,108966.3,108737.0,108780.7,896.959
1748113200000,108780.6,108887.1,108730.9,108814.5,952.817
1748115000000,108814.6,108971.3,108765.1,108912.7,867.668
1748116800000,108912.7,109026.0,108837.6,108940.4,909.205
1748118600000,108940.5,109084.8,108813.5,108817.1,845.411
1748120400000,108817.0,108824.9,108530.0,108661.9,1203.471
1748122200000,108661.8,108820.0,108655.0,108788.4,665.087
1748124000000,108788.5,108788.5,108275.1,108467.2,3713.052
1748125800000,108467.1,108536.5,107923.1,108052.8,5899.426
1748127600000,108052.8,108366.0,107628.0,107963.7,13883.643
1748129400000,107963.7,108135.5,107394.7,107698.9,9311.73
1748131200000,107699.0,108018.7,107681.4,107964.2,3602.024
1748133000000,107964.1,108082.8,107234.0,107392.5,5783.606
1748134800000,107392.4,107848.0,107142.0,107833.2,5040.229
1748136600000,107833.2,107958.0,107582.1,107602.3,2306.151
1748138400000,107602.4,107846.9,107422.2,107796.3,2284.516
1748140200000,107796.2,107947.0,107632.0,107877.3,1889.499
1748142000000,107877.3,108198.9,107857.3,108102.6,2793.224
1748143800000,108102.5,108210.0,108043.9,108045.4,1242.318
1748145600000,108045.4,108086.3,107890.8,107940.0,1596.619
1748147400000,107940.1,108234.4,107933.3,108196.2,1575.753
1748149200000,108196.2,108250.1,108031.0,108040.1,1148.979
1748151000000,108040.0,108084.8,107921.4,108065.1,820.828
1748152800000,108065.1,108097.9,107828.0,107937.1,1549.774
1748154600000,107937.0,107975.0,107631.4,107902.2,2461.781
1748156400000,107902.2,107902.2,107400.0,107495.0,3026.654
1748158200000,107495.0,107661.5,107387.8,107637.1,2262.324
1748160000000,107637.1,107650.5,107298.7,107390.5,2706.087
1748161800000,107390.6,107492.5,106879.4,107065.3,7100.131
1748163600000,107065.3,107214.7,106850.6,107128.3,4848.065
1748165400000,107128.2,107168.2,106653.0,107083.9,6396.822
1748167200000,107083.9,107260.0,107018.2,107039.8,2758.27
1748169000000,107039.9,107348.3,106758.4,106903.4,4092.33
1748170800000,106903.4,107134.5,106788.8,107122.2,2589.547
1748172600000,107122.1,107235.3,106972.2,107214.0,2373.736
1748174400000,107214.0,107551.4,107145.0,107417.3,5856.354
1748176200000,107417.4,107572.4,107329.3,107476.5,2081.464
1748178000000,107476.5,107526.4,107250.0,107499.9,1417.023
1748179800000,107500.0,107698.4,107465.7,107474.8,2404.089
1748181600000,107474.7,107592.7,107376.2,107587.4,1633.306
1748183400000,107587.3,107587.4,107100.0,107314.9,3392.351
1748185200000,107314.8,107379.5,106628.2,106768.3,7952.119
1748187000000,106768.2,107191.0,106497.0,106927.9,8375.389
1748188800000,106928.0,107029.6,106593.4,106675.4,4307.334
1748190600000,106675.3,107200.0,106654.1,107129.9,2498.924
1748192400000,107130.0,107280.0,107043.8,107255.2,1499.028
1748194200000,107255.2,107330.8,107106.8,107323.0,1025.525
1748196000000,107323.1,107565.3,107212.5,107485.1,1479.602
1748197800000,107485.0,107485.0,107347.6,107361.6,697.346
1748199600000,107361.5,107577.0,107361.0,107576.9,627.213
1748201400000,107577.0,107888.0,107563.5,107656.3,2281.731
1748203200000,107656.3,107706.8,107369.2,107519.7,1916.051
1748205000000,107519.7,107662.1,107500.0,107632.0,635.986
1748206800000,107632.0,107864.7,107363.5,107408.0,1730.292
1748208600000,107407.8,107627.4,107118.8,107406.7,1618.577
1748210400000,107406.8,108642.0,107292.3,108283.1,14520.342
1748212200000,108283.0,109169.0,108236.9,109122.6,8829.02
1748214000000,109122.6,109285.1,108499.2,108604.4,7715.197
1748215800000,108604.3,109031.9,108541.7,108955.9,2722.273
1748217600000,108956.0,109047.0,108616.6,108757.9,3162.745
1748219400000,108757.9,109571.1,108723.6,109500.1,6006.022
1748221200000,109500.1,109788.5,109193.5,109280.9,5141.005
1748223000000,109281.0,109856.0,109174.5,109500.1,6699.506
1748224800000,109500.1,109738.0,109416.0,109480.2,2540.589
1748226600000,109480.2,109497.4,109151.3,109353.2,3267.741
1748228400000,109353.2,109658.1,109233.9,109616.2,2079.46
1748230200000,109616.3,109730.0,109524.3,109587.0,2398.923
1748232000000,109587.1,109642.9,109450.0,109614.5,2032.231
1748233800000,109614.6,109698.2,109464.6,109497.0,1894.909
1748235600000,109497.0,109584.3,109327.4,109544.2,2342.145
1748237400000,109544.1,109648.3,109463.9,109591.6,1298.102
1748239200000,109591.5,109733.0,109475.7,109694.1,1963.977
1748241000000,109694.1,109919.8,109485.9,109885.3,2800.119
1748242800000,109885.3,110197.9,109677.4,109804.2,6828.492
1748244600000,109804.3,110050.0,109714.1,110049.9,2661.572
1748246400000,110049.9,110138.8,109708.1,109755.2,2972.109
1748248200000,109755.2,109833.7,109551.0,109619.9,2262.372
1748250000000,109620.0,109939.0,109545.6,109858.5,2074.983
1748251800000,109858.6,109900.0,109561.7,109663.2,2103.435
1748253600000,109663.2,109815.5,109605.1,109772.0,1203.587
1748255400000,109772.0,109797.5,109508.8,109589.7,1316.284
1748257200000,109589.7,109668.0,109500.0,109654.6,1324.047
1748259000000,109654.7,109791.7,109525.4,109736.7,1622.573
1748260800000,109736.6,109803.6,109615.3,109696.4,1705.047
1748262600000,109696.4,110048.2,109608.8,109781.5,2073.254
1748264400000,109781.6,109935.2,109638.0,109810.4,2679.172
1748266200000,109810.4,109932.0,109412.9,109549.2,3045.148
1748268000000,109549.1,109681.0,109456.5,109656.9,3243.991
1748269800000,109656.8,109700.0,109456.5,109616.1,2652.082
1748271600000,109616.1,109850.0,109486.0,109836.0,2291.661
1748273400000,109836.0,110400.0,109836.0,109963.2,12609.712
1748275200000,109963.2,110394.7,109042.3,109289.9,12033.387
1748277000000,109290.0,109615.2,109104.1,109347.1,5619.133
1748278800000,109347.1,109662.3,109172.1,109331.6,2850.685
1748280600000,109331.5,109404.7,108850.0,109138.0,4808.579
1748282400000,109138.0,109283.4,108957.0,109252.2,2242.08
1748284200000,109252.2,109432.9,109014.2,109067.3,2026.278
1748286000000,109067.3,109147.4,108887.4,109082.3,2849.904
1748287800000,109082.3,109128.3,108807.0,109074.3,1794.45
1748289600000,109074.4,109293.6,108894.0,109239.2,1998.782
1748291400000,109239.1,109615.7,109190.6,109547.7,2319.997
1748293200000,109547.7,109613.4,109085.7,109246.5,1470.499
1748295000000,109246.5,109450.0,109120.0,109297.9,1259.112
1748296800000,109297.9,109863.2,109260.9,109446.6,2731.674
1748298600000,109446.6,109553.7,109115.2,109143.8,1624.279
1748300400000,109143.8,109308.2,109009.0,109173.1,1833.108
1748302200000,109173.1,109420.6,109133.5,109386.8,1233.278
1748304000000,109386.8,109633.8,109245.6,109321.6,2304.712
1748305800000,109321.7,109338.2,109084.0,109104.8,1526.015
1748307600000,109104.8,109105.2,107438.0,108319.7,21577.86
1748309400000,108319.7,108600.0,108110.6,108354.4,7240.183
1748311200000,108354.4,108576.9,108206.1,108548.4,2905.644
1748313000000,108548.4,108659.1,107855.0,108220.0,5459.061
1748314800000,108220.1,109285.4,108220.0,108863.7,8245.393
1748316600000,108863.7,109016.2,108803.5,108844.9,2321.765
1748318400000,108845.0,109097.2,108808.5,109003.6,1503.865
1748320200000,109003.5,109319.5,108860.0,108895.7,3271.46
1748322000000,108895.6,108914.1,108500.0,108605.6,3440.982
1748323800000,108605.7,108937.1,108483.0,108866.4,2847.25
1748325600000,108866.5,109190.0,108862.7,109059.2,3555.141
1748327400000,109059.1,109233.1,108780.6,108780.6,3004.718
1748329200000,108780.7,109230.9,108780.6,109133.3,2250.989
1748331000000,109133.3,109600.0,109124.9,109488.0,5024.172
1748332800000,109488.0,109729.5,109488.0,109601.5,4506.784
1748334600000,109601.5,109675.2,109440.2,109651.3,2495.752
1748336400000,109651.4,109741.8,109398.0,109467.1,3404.98
1748338200000,109467.0,109861.5,109366.9,109788.5,4692.358
1748340000000,109788.5,109814.2,109691.5,109745.8,1723.337
1748341800000,109745.8,109764.6,109571.5,109647.9,1364.587
1748343600000,109647.9,109729.8,109416.1,109466.4,2152.437
1748345400000,109466.4,109567.0,109388.9,109541.8,1691.412
1748347200000,109541.9,109779.7,109502.4,109744.0,2526.436
1748349000000,109744.0,109747.8,109388.9,109550.6,1983.2
1748350800000,109550.6,110700.0,109526.2,110396.0,20804.19
1748352600000,110396.0,110638.1,109622.2,109791.6,13464.538
1748354400000,109791.5,110185.5,109473.3,109486.9,6826.819
1748356200000,109487.0,109624.9,108609.4,109334.8,16314.605
1748358000000,109334.9,109681.4,108954.5,109599.2,8201.615
1748359800000,109599.2,110195.8,109567.7,110091.3,7490.883
1748361600000,110091.3,110298.1,109901.0,110049.7,4745.636
1748363400000,110049.7,110459.7,110009.0,110169.9,4454.563
1748365200000,110170.0,110408.2,109918.9,110075.8,3528.661
1748367000000,110075.9,110337.6,109946.5,110188.9,2997.459
1748368800000,110188.8,110383.8,110005.2,110021.5,2890.152
1748370600000,110021.5,110159.0,109736.8,109837.2,2637.646
1748372400000,109837.1,109837.1,109516.1,109608.7,3103.19
1748374200000,109608.7,110016.1,109571.8,109822.8,3066.626
1748376000000,109824.8,109846.3,109641.0,109754.5,1240.224
1748377800000,109754.7,109857.6,109493.4,109493.5,1748.576
1748379600000,109493.4,109633.1,109001.0,109004.3,3973.679
1748381400000,109004.4,109221.2,108770.1,108873.7,2922.971
1748383200000,108873.7,109114.7,108533.5,108845.8,4324.214
1748385000000,108845.7,109054.8,108786.2,108960.6,2486.819
1748386800000,108960.6,109114.7,108858.2,108876.2,2134.227
1748388600000,108876.3,109099.5,108876.2,108889.3,1222.119
1748390400000,108889.2,108999.8,108631.0,108990.2,2804.036
1748392200000,108990.1,109235.0,108775.0,109152.0,2734.132
1748394000000,109152.0,109252.6,108778.3,108832.3,2579.302
1748395800000,108832.2,108929.5,108577.9,108623.1,2439.681
1748397600000,108623.2,108796.4,108339.2,108433.1,4249.832
1748399400000,108433.1,108838.1,108403.3,108576.6,2878.138
1748401200000,108576.6,108818.2,108517.5,108665.8,1325.478
1748403000000,108665.7,108925.5,108650.5,108807.6,1559.09
1748404800000,108807.3,108848.8,108568.7,108617.2,1201.717
1748406600000,108617.2,109035.5,108617.2,108935.5,2191.914
1748408400000,108935.4,108935.4,108785.4,108890.1,768.306
1748410200000,108890.1,109040.7,108829.9,108934.4,1612.841
1748412000000,108934.4,108934.4,108580.0,108774.3,2598.9
1748413800000,108774.3,108780.0,108600.0,108674.5,1104.157
1748415600000,108674.4,108950.8,108661.6,108831.8,1442.24
1748417400000,108831.8,108958.6,108734.4,108764.9,1157.012
1748419200000,108764.9,108902.4,108643.9,108854.5,1649.792
1748421000000,108854.6,109076.2,108534.5,108989.8,3866.907
1748422800000,108989.9,109034.0,108520.5,108550.7,3766.834
1748424600000,108550.7,108798.0,108450.0,108751.3,3972.926
1748426400000,108751.4,108763.8,108178.1,108605.2,5761.318
1748428200000,108605.3,108913.9,108554.5,108786.2,3313.552
1748430000000,108786.3,108912.4,108674.8,108705.2,2039.407
1748431800000,108705.1,108888.0,108688.4,108821.4,1606.873
1748433600000,108821.3,109012.0,108793.6,108965.7,2125.019
1748435400000,108965.7,109000.0,108733.1,108833.0,2336.624
1748437200000,108833.0,108870.4,108588.6,108675.6,2575.927
1748439000000,108675.6,108943.4,107888.0,108011.5,11192.472
1748440800000,108011.4,108210.7,107568.0,107904.3,13609.732
1748442600000,107904.3,107904.4,107415.0,107475.8,7130.515
1748444400000,107475.8,107641.1,107100.1,107258.2,9551.426
1748446200000,107258.2,107460.1,107000.0,107065.5,4987.507
1748448000000,107065.5,107408.0,107065.4,107364.2,4062.027
1748449800000,107364.2,107386.9,107133.4,107384.6,3262.249
1748451600000,107384.6,107793.0,107376.0,107551.2,5706.343
1748453400000,107551.2,107644.6,107305.2,107617.1,1913.138
1748455200000,107617.2,107789.3,107453.6,107458.8,2167.537
1748457000000,107458.8,107729.0,107331.3,107424.8,1731.13
1748458800000,107424.7,107746.9,107383.0,107449.1,1797.237
1748460600000,107449.0,107482.4,106881.5,106894.1,5333.412
1748462400000,106894.0,107213.3,106723.9,107125.8,5463.387
1748464200000,107125.7,107370.5,107041.2,107285.6,1803.555
1748466000000,107285.5,107388.0,107134.4,107330.1,1010.186
1748467800000,107330.0,107536.9,107330.0,107446.8,1299.433
1748469600000,107446.8,107446.8,107146.9,107192.2,1301.838
1748471400000,107192.2,107411.3,107100.0,107347.9,1145.164
1748473200000,107347.9,107977.8,107347.8,107904.7,5603.424
1748475000000,107904.7,107999.0,107655.0,107723.1,2684.092
1748476800000,107723.1,107971.8,107378.6,107950.2,4018.246
1748478600000,107950.3,108266.1,107723.1,108235.8,3474.646
1748480400000,108235.8,108263.4,107834.4,107864.0,2485.898
1748482200000,107864.0,108288.0,107748.0,108103.4,3690.339
1748484000000,108103.5,108177.5,107872.8,108023.7,1460.118
1748485800000,108023.8,108450.0,107959.1,108383.1,4086.251
1748487600000,108383.2,108387.3,108102.0,108121.6,2180.026
1748489400000,108121.7,108169.5,107902.1,107996.4,1579.2
1748491200000,107996.5,108056.8,107625.0,107822.3,2004.053
1748493000000,107822.3,107845.7,106877.4,107516.2,9797.545
1748494800000,107516.2,107634.4,107409.1,107571.3,2136.089
1748496600000,107571.3,107715.9,107542.5,107631.6,1252.12
1748498400000,107631.7,107905.4,107589.5,107884.5,2103.699
1748500200000,107884.5,107910.0,107700.1,107874.6,1452.876
1748502000000,107874.6,107983.9,107709.0,107937.9,1240.846
1748503800000,107937.9,107950.0,107757.7,107839.4,1154.867
1748505600000,107839.5,108199.8,107638.6,108150.0,3654.326
1748507400000,108150.1,108537.6,108071.2,108434.3,4930.398
1748509200000,108434.3,108599.9,108242.5,108399.9,3700.43
1748511000000,108399.9,108548.3,108296.9,108472.3,2441.147
1748512800000,108472.3,108550.0,108350.0,108380.5,2157.465
1748514600000,108380.5,108827.1,108366.8,108712.7,4672.071
1748516400000,108712.8,108860.0,108694.8,108736.5,3024.689
1748518200000,108736.4,108837.1,108616.2,108740.0,3114.476
1748520000000,108740.0,108754.6,108494.4,108633.8,3985.816
1748521800000,108633.8,108772.9,108312.5,108388.9,3768.983
1748523600000,108388.9,108548.3,108137.9,108250.0,3486.576
1748525400000,108250.1,108311.7,107376.3,107569.1,13042.124
1748527200000,107569.1,107735.8,106882.0,106999.9,11078.421
1748529000000,106999.9,107788.0,106400.0,107571.1,20799.034
1748530800000,107571.1,107693.5,107350.0,107451.6,4090.211
1748532600000,107451.6,107546.0,106896.6,106972.5,6091.524
1748534400000,106972.6,107121.1,106580.0,106810.6,8895.698
1748536200000,106810.6,107029.8,106531.9,106691.1,4183.628
1748538000000,106691.0,106850.0,106500.1,106556.5,4069.187
1748539800000,106556.6,106800.0,106050.0,106254.8,11267.292
1748541600000,106254.9,106562.5,106106.5,106301.3,5120.201
1748543400000,106301.3,106570.6,105729.9,105787.9,6854.712
1748545200000,105787.8,105999.0,105580.0,105904.8,7792.817
1748547000000,105904.8,106035.7,105609.2,105699.2,4025.759
1748548800000,105699.1,106154.1,105683.7,106084.9,3890.752
1748550600000,106085.0,106167.0,105862.0,106134.1,1792.559
1748552400000,106134.1,106384.0,106043.5,106098.1,2115.482
1748554200000,106098.1,106415.0,106098.0,106397.8,1205.494
1748556000000,106397.9,106408.5,106090.3,106137.1,1765.081
1748557800000,106137.0,106170.4,105858.0,105886.3,2188.504
1748559600000,105886.3,106042.4,105626.5,105703.5,3121.604
1748561400000,105703.6,105856.0,105054.2,105539.9,6657.975
1748563200000,105539.9,106175.9,105520.0,106018.7,4284.7
1748565000000,106018.8,106041.7,104521.0,104900.3,12526.365
1748566800000,104900.5,105716.9,104888.0,105691.6,11235.543
1748568600000,105691.7,105881.3,105532.8,105621.9,3139.63
1748570400000,105621.9,106069.7,105600.0,105925.1,3096.499
1748572200000,105925.1,106129.0,105877.5,105952.3,3529.206
1748574000000,105952.3,106100.5,105866.3,106090.0,1963.667
1748575800000,106089.9,106138.5,105900.0,105978.8,2177.72
1748577600000,105978.8,106038.8,105859.4,105935.3,1887.712
1748579400000,105935.3,106087.5,105850.5,106065.0,1460.509
1748581200000,106064.9,106169.9,106017.4,106135.9,1551.967
1748583000000,106135.9,106266.0,105975.0,106027.9,1838.468
1748584800000,106028.0,106087.3,105843.8,105905.2,2551.746
1748586600000,105905.1,105973.9,105468.5,105671.5,4320.717
1748588400000,105671.4,105810.1,105372.5,105571.9,4081.262
1748590200000,105571.9,105572.0,104680.4,104997.5,10746.057
1748592000000,104997.5,105209.7,104803.3,105186.2,5148.061
1748593800000,105186.1,105323.2,105078.3,105129.6,2937.193
1748595600000,105129.6,105312.1,105020.8,105216.8,2656.147
1748597400000,105216.9,105620.0,104568.0,105580.8,9268.421
1748599200000,105580.7,105699.3,105235.7,105627.8,6226.787
1748601000000,105627.8,105880.0,105565.5,105863.4,2767.287
1748602800000,105863.4,105940.1,105666.7,105724.1,2920.373
1748604600000,105724.2,105918.8,105636.0,105827.4,3109.983
1748606400000,105827.4,105927.0,105091.9,105510.9,8786.054
1748608200000,105511.0,105949.1,105423.1,105630.8,4359.145
1748610000000,105630.8,105849.9,105320.0,105581.6,3756.372
1748611800000,105581.6,105943.0,105380.0,105450.8,5413.895
1748613600000,105450.8,105796.8,105000.1,105174.0,5890.054
1748615400000,105174.1,105620.0,105123.3,105307.2,3952.901
1748617200000,105307.3,105794.8,105257.9,105697.4,3070.612
1748619000000,105697.3,105795.4,105430.0,105504.0,3059.761
1748620800000,105504.0,105531.5,104600.0,104643.8,5706.06
1748622600000,104643.8,104686.2,103650.2,103867.4,23534.246
1748624400000,103867.5,104200.0,103808.5,103962.2,5411.612
1748626200000,103962.2,104260.0,103883.3,104146.0,3165.812
1748628000000,104146.0,104772.4,104029.0,104684.3,5394.683
1748629800000,104684.4,104878.0,104557.0,104858.9,2675.011
1748631600000,104858.8,104957.5,104627.2,104774.9,3215.764
1748633400000,104774.9,104774.9,104444.0,104597.6,2905.476
1748635200000,104597.6,104619.1,104355.0,104405.1,2432.378
1748637000000,104405.2,104805.8,104356.0,104544.9,1702.553
1748638800000,104544.9,104849.9,104540.7,104771.3,1118.04
1748640600000,104771.3,104828.1,104463.3,104587.1,1321.339
1748642400000,104587.2,104750.0,104409.2,104428.3,2733.623
1748644200000,104428.4,104457.9,103900.1,103920.1,4771.072
1748646000000,103920.0,104210.2,103605.6,103805.3,5433.573
1748647800000,103805.4,104100.0,103555.0,103950.0,4465.246
1748649600000,103949.9,104140.9,103501.0,103760.5,5613.522
1748651400000,103760.4,104259.4,103760.4,103923.7,3066.196
1748653200000,103923.7,104160.9,103700.0,103804.7,2918.442
1748655000000,103804.8,103945.7,103231.6,103426.5,7078.689
1748656800000,103426.5,103827.3,103231.0,103645.2,3729.329
1748658600000,103645.2,103645.2,103061.6,103150.1,4084.055
1748660400000,103150.1,103447.0,103032.1,103436.3,3992.285
1748662200000,103436.3,103663.6,103234.6,103640.1,2473.338
1748664000000,103640.2,103767.0,103433.1,103734.4,2245.446
1748665800000,103734.5,103780.0,103678.1,103761.6,1203.361
1748667600000,103761.7,103863.6,103570.4,103635.1,1540.294
1748669400000,103635.2,103698.9,103455.2,103485.9,1513.654
1748671200000,103485.9,103669.5,103482.6,103655.9,1003.088
1748673000000,103655.8,103863.0,103604.5,103807.3,1743.484
1748674800000,103807.4,103811.4,103579.1,103641.3,1020.577
1748676600000,103641.3,103777.4,103606.4,103700.6,793.725
1748678400000,103700.5,103770.2,103466.2,103647.9,1502.949
1748680200000,103647.8,103719.8,103474.4,103610.6,1171.001
1748682000000,103610.7,103693.5,103435.1,103452.5,1263.194
1748683800000,103452.4,103538.8,103442.4,103500.1,984.04
1748685600000,103500.0,103567.9,103302.0,103362.3,2189.031
1748687400000,103362.2,103406.8,103249.9,103372.3,1470.673
1748689200000,103372.3,103500.0,103257.0,103439.3,1264.918
1748691000000,103439.2,103480.0,103394.3,103460.9,701.751
1748692800000,103460.9,103912.4,103444.4,103737.9,3000.936
1748694600000,103737.9,103984.2,103685.0,103984.2,2503.714
1748696400000,103984.1,104150.9,103920.7,104044.8,4831.456
1748698200000,104044.7,104146.0,103940.0,104060.9,1536.638
1748700000000,104061.0,104421.5,104053.0,104238.3,5527.561
1748701800000,104238.2,104537.9,104231.9,104513.2,3444.749
1748703600000,104513.2,104730.1,104411.7,104730.1,4121.034
1748705400000,104730.1,104800.0,104379.2,104497.1,4661.673
1748707200000,104497.1,104695.8,104335.2,104636.1,2219.789
1748709000000,104636.1,104743.8,104351.0,104432.4,2498.096
1748710800000,104432.4,104575.4,104346.1,104425.9,1234.345
1748712600000,104425.9,104468.8,104215.0,104304.2,1482.854
1748714400000,104304.2,104578.5,104304.2,104482.8,1016.859
1748716200000,104482.7,104502.9,104334.0,104444.8,585.2
1748718000000,104444.8,104687.0,104444.8,104652.4,1304.186
1748719800000,104652.5,104700.0,104600.3,104653.9,749.919
1748721600000,104653.9,104671.4,104490.0,104630.3,768.029
1748723400000,104630.4,104770.8,104615.5,104728.9,783.415
1748725200000,104728.8,104833.9,104585.7,104734.9,1261.017
1748727000000,104734.8,104832.1,104670.5,104817.3,985.532
1748728800000,104817.4,104859.3,104680.3,104685.0,914.534
1748730600000,104684.9,104705.2,104550.0,104567.2,881.228
1748732400000,104567.3,104799.6,104423.0,104593.5,2139.057
1748734200000,104593.6,104646.3,104536.3,104544.7,588.977
1748736000000,104544.6,104599.6,104314.8,104319.3,1946.444
1748737800000,104319.4,104435.0,104277.3,104408.7,1492.082
1748739600000,104408.7,104477.8,104260.5,104344.7,1287.299
1748741400000,104344.7,104365.1,103917.9,104085.2,3229.206
1748743200000,104085.1,104166.3,103860.9,104120.5,2043.687
1748745000000,104120.5,104289.7,104120.5,104143.9,1415.169
1748746800000,104144.0,104190.8,103930.0,104107.0,1220.231
1748748600000,104107.0,104425.0,104106.9,104336.4,1707.144
1748750400000,104336.4,104490.4,104313.9,104474.8,1036.304
1748752200000,104474.8,104700.0,104474.7,104587.8,1790.132
1748754000000,104587.8,104671.8,104519.5,104524.1,1123.766
1748755800000,104524.1,104586.6,104386.7,104485.7,818.788
1748757600000,104485.7,104485.7,104138.0,104261.8,2189.854
1748759400000,104261.8,104329.9,104173.2,104206.8,664.05
1748761200000,104206.8,104327.5,104148.0,104299.8,930.43
1748763000000,104299.8,104304.5,104162.2,104231.0,916.354
1748764800000,104230.9,104277.0,104168.0,104232.9,1017.7
1748766600000,104232.9,104349.1,104206.4,104342.7,942.689
1748768400000,104342.7,104410.5,103930.1,103987.7,3526.969
1748770200000,103987.6,103992.2,103704.1,103888.0,4040.82
1748772000000,103888.0,103996.7,103802.0,103888.0,1676.425
1748773800000,103888.0,103917.0,103727.1,103887.8,1278.685
1748775600000,103887.8,104027.7,103800.7,104016.0,1663.86
1748777400000,104015.9,104105.6,103953.7,104038.0,1408.39
1748779200000,104038.0,104144.1,103950.0,104002.7,1406.532
1748781000000,104002.7,104013.7,103708.6,103917.1,1752.979
1748782800000,103917.1,104320.0,103903.5,104140.0,2269.919
1748784600000,104139.9,104393.1,104119.8,104216.0,2044.132
1748786400000,104215.9,104666.3,104215.9,104620.7,3062.549
1748788200000,104620.7,104731.2,104520.0,104551.6,2213.637
1748790000000,104551.5,104756.7,104435.4,104727.6,2312.006
1748791800000,104727.6,104760.0,104587.9,104664.0,1835.068
1748793600000,104663.9,105285.0,104602.9,105101.3,8735.883
1748795400000,105101.3,105195.1,104943.7,104984.4,2212.364
1748797200000,104984.4,105150.0,104936.2,105049.5,1273.159
1748799000000,105049.6,105152.5,104954.4,105006.3,1286.301
1748800800000,105006.2,105014.0,104620.1,104677.9,2247.253
1748802600000,104677.9,104921.5,104280.1,104850.8,4746.18
1748804400000,104850.8,105024.3,104757.8,104964.5,2116.938
1748806200000,104964.6,105119.6,104922.3,105075.2,1415.048
1748808000000,105075.2,105123.0,104871.3,105105.1,1571.638
1748809800000,105105.1,105260.0,104833.1,104897.0,2308.739
1748811600000,104897.0,105115.4,104854.4,105101.1,1245.607
1748813400000,105101.1,105468.9,105101.1,105444.9,2832.878
1748815200000,105444.9,105699.0,105396.1,105420.3,4101.671
1748817000000,105420.3,105505.5,105363.0,105455.4,1202.312
1748818800000,105455.5,105823.6,105400.3,105644.7,2538.654
1748820600000,105644.8,105741.8,105534.4,105583.3,1322.315
1748822400000,105583.3,105700.0,105351.8,105420.4,2512.866
1748824200000,105420.3,105537.0,105362.7,105379.1,1415.734
1748826000000,105379.2,105602.0,105372.5,105416.0,1387.225
1748827800000,105416.1,105419.1,105290.4,105327.6,1172.316
1748829600000,105327.7,105368.3,105088.0,105225.6,2317.233
1748831400000,105225.6,105311.0,104958.2,104986.9,2540.532
1748833200000,104986.9,105016.4,104520.0,104779.6,4324.671
1748835000000,104779.6,104959.0,104763.9,104781.8,1943.564
1748836800000,104781.8,104958.9,104679.9,104865.8,1541.215
1748838600000,104865.7,104939.1,104650.1,104736.3,1046.549
1748840400000,104736.4,104882.9,104638.0,104764.6,1284.445
1748842200000,104764.7,104790.0,104549.8,104781.2,1685.768
1748844000000,104781.2,104937.4,104695.5,104911.9,2238.37
1748845800000,104911.8,105245.0,104855.0,105133.5,3459.431
1748847600000,105133.4,105354.4,105123.3,105230.4,2262.157
1748849400000,105230.4,105398.5,105139.9,105346.4,1858.518
1748851200000,105346.4,105900.0,105300.4,105763.2,5165.407
1748853000000,105763.1,105848.6,105190.5,105290.0,5337.03
1748854800000,105290.1,105296.5,104650.0,104680.5,8556.564
1748856600000,104680.4,104859.7,104420.0,104530.5,5286.652
1748858400000,104530.4,104618.2,104253.0,104330.1,4532.48
1748860200000,104330.0,104400.0,104188.8,104316.7,2910.409
1748862000000,104316.7,104448.6,104150.2,104213.6,3124.432
1748863800000,104213.6,104294.4,103867.8,104000.0,4578.985
1748865600000,104000.1,104081.7,103805.0,104004.7,3884.89
1748867400000,104004.7,104236.9,103977.9,104156.0,3982.361
1748869200000,104156.0,104221.2,103815.0,103969.2,3480.526
1748871000000,103969.2,104517.0,103642.0,103764.3,9529.334
1748872800000,103764.3,104546.7,103600.6,104412.8,7969.249
1748874600000,104412.8,104646.1,103920.0,104129.6,6757.955
1748876400000,104129.6,104533.3,103852.0,104279.1,4526.154
1748878200000,104279.1,104485.6,104170.5,104396.8,2420.71
1748880000000,104396.9,104440.4,103985.7,104050.6,2166.295
1748881800000,104050.6,104320.0,103982.9,104234.6,1582.129
1748883600000,104234.7,104451.1,104029.9,104360.0,2136.254
1748885400000,104359.9,104429.5,104103.0,104345.6,1397.149
1748887200000,104345.6,104699.4,104277.3,104557.9,2633.799
1748889000000,104557.9,104580.9,104142.8,104308.8,2631.973
1748890800000,104308.7,104460.8,104192.0,104335.4,1253.871
1748892600000,104335.4,104403.8,103984.2,104366.4,2054.291
1748894400000,104366.5,104962.7,104366.5,104774.0,4418.112
1748896200000,104774.1,104863.3,104603.0,104829.2,1553.363
1748898000000,104829.2,105068.0,104687.9,104745.4,2280.053
1748899800000,104745.4,104886.2,104523.5,104886.1,1179.208
1748901600000,104886.2,105769.0,104878.1,105719.1,8362.008
1748903400000,105719.1,105737.1,105428.9,105649.9,3235.67
1748905200000,105650.0,105876.0,105517.1,105801.0,3552.187
1748907000000,105801.1,105893.8,105666.8,105814.3,2782.824
1748908800000,105814.4,106368.9,105699.9,106025.0,7027.735
1748910600000,106024.9,106300.0,105940.2,106231.9,3179.298
1748912400000,106231.9,106329.0,106068.6,106263.7,2237.406
1748914200000,106263.7,106460.0,106152.6,106442.6,2352.342
1748916000000,106442.7,106470.8,105998.2,106015.5,3334.242
1748917800000,106015.5,106100.2,105495.6,105553.9,6040.973
1748919600000,105553.9,105659.5,105280.0,105431.4,3342.929
1748921400000,105431.4,105558.1,105314.0,105448.8,1806.135
1748923200000,105448.8,105475.4,105251.6,105262.9,2231.968
1748925000000,105262.8,105298.1,105062.5,105134.9,2386.512
1748926800000,105135.0,105353.2,105134.9,105224.7,1601.786
1748928600000,105224.8,105420.0,105189.9,105407.9,1958.518
1748930400000,105408.0,105419.3,105192.2,105209.9,1349.146
1748932200000,105209.9,105390.0,105161.2,105368.3,1187.171
1748934000000,105368.4,105390.1,105152.0,105162.8,1320.214
1748935800000,105162.7,105231.1,105108.1,105134.4,921.207
1748937600000,105134.4,105207.1,104870.0,104880.1,2917.374
1748939400000,104880.0,105045.9,104822.4,105040.0,1734.43
1748941200000,105040.0,105109.8,105011.0,105016.3,1283.622
1748943000000,105016.4,105233.1,105016.3,105142.3,1917.457
1748944800000,105142.2,105256.3,105091.6,105234.3,1296.66
1748946600000,105234.3,105302.7,105174.8,105231.3,1280.234
1748948400000,105231.3,105305.2,105154.8,105184.7,976.817
1748950200000,105184.6,105273.9,105121.0,105240.1,882.864
1748952000000,105240.1,105408.7,105179.2,105321.3,1985.497
1748953800000,105321.3,105340.0,105212.5,105259.0,862.023
1748955600000,105259.0,105417.1,105259.0,105385.0,1547.818
1748957400000,105384.9,105646.1,104969.4,105370.5,6400.424
1748959200000,105370.4,105754.3,105092.0,105739.5,5257.873
1748961000000,105739.5,106666.0,105733.9,106495.1,13374.458
1748962800000,106495.0,106775.0,106273.7,106664.3,7836.724
1748964600000,106664.2,106698.5,106306.7,106556.1,4971.816
1748966400000,106556.1,106619.6,106170.5,106200.0,3876.63
1748968200000,106200.0,106394.2,105715.0,105760.8,5151.637
1748970000000,105760.9,106095.4,105678.4,105976.6,3164.945
1748971800000,105976.6,105994.6,105770.0,105890.0,2045.974
1748973600000,105889.9,105890.0,105526.2,105689.8,2724.293
1748975400000,105689.8,105996.0,105630.0,105959.9,2235.908
1748977200000,105959.9,106350.0,105959.9,106290.2,2717.747
1748979000000,106290.2,106385.0,106035.9,106171.8,3122.198
1748980800000,106179.7,106208.0,105565.3,105571.3,2475.549
1748982600000,105571.3,105856.2,105300.1,105692.1,3403.5
1748984400000,105692.1,105799.2,105322.0,105586.6,2209.542
1748986200000,105586.6,105663.7,105200.4,105312.0,2000.424
1748988000000,105311.9,105784.1,105250.0,105755.0,2129.066
1748989800000,105755.0,105842.2,105660.8,105686.5,1313.599
1748991600000,105686.6,105686.6,105424.0,105424.0,1289.227
1748993400000,105424.0,105486.7,105220.0,105330.1,2552.095
1748995200000,105330.1,105483.8,105236.3,105236.3,2174.303
1748997000000,105236.4,105428.9,105072.0,105428.0,3102.231
1748998800000,105428.0,105683.6,105410.3,105628.2,2175.393
1749000600000,105628.2,105628.3,105353.2,105524.8,1176.704
1749002400000,105524.8,105800.0,105524.8,105588.5,2955.575
1749004200000,105588.5,105625.0,105364.8,105432.3,1109.359
1749006000000,105432.2,105710.1,105390.0,105570.0,1642.517
1749007800000,105570.0,105664.4,105470.8,105474.9,818.546
1749009600000,105474.8,105566.4,105436.5,105527.2,953.141
1749011400000,105527.1,105542.6,105351.0,105369.3,1360.396
1749013200000,105369.4,105480.1,105290.2,105296.1,1739.558
1749015000000,105296.1,105406.8,105296.1,105307.3,1472.564
1749016800000,105307.3,105391.5,105202.8,105259.9,1292.233
1749018600000,105260.0,105369.6,105200.0,105249.8,1074.977
1749020400000,105249.9,105318.2,105208.9,105238.7,989.248
1749022200000,105238.6,105427.1,105224.4,105260.2,1084.922
1749024000000,105260.1,105560.0,105260.1,105479.1,2045.07
1749025800000,105479.0,105479.1,105388.6,105391.8,736.111
1749027600000,105391.7,105446.3,105279.3,105371.6,1210.646
1749029400000,105371.7,105869.7,105316.6,105783.4,3757.088
1749031200000,105783.5,105967.2,105683.0,105683.0,3258.317
1749033000000,105683.0,105715.0,105603.3,105650.4,1227.008
1749034800000,105650.3,105756.2,105336.5,105385.0,3916.054
1749036600000,105384.9,105400.0,105039.1,105044.1,6078.984
1749038400000,105044.2,105119.6,104864.8,104910.0,4703.438
1749040200000,104910.1,105025.6,104718.2,104988.1,4227.737
1749042000000,104988.1,105154.9,104828.1,104913.3,2903.293
1749043800000,104913.3,105228.6,104620.0,104702.6,5596.669
1749045600000,104702.5,104702.5,104111.7,104616.0,11586.614
1749047400000,104616.0,104986.2,104531.6,104968.9,3826.203
1749049200000,104969.0,105447.0,104869.8,105357.1,6618.903
1749051000000,105357.0,105510.2,105200.0,105254.7,4567.414
1749052800000,105254.7,105340.0,105082.9,105082.9,3224.627
1749054600000,105082.9,105423.0,105041.0,105408.8,1712.411
1749056400000,105408.8,105437.8,105156.0,105166.5,1629.649
1749058200000,105166.5,105240.0,104900.0,105000.7,2316.087
1749060000000,105000.7,105251.6,105000.7,105111.9,1384.334
1749061800000,105111.9,105163.0,104877.8,104905.8,1056.766
1749063600000,104905.8,105011.8,104824.0,104844.0,1344.322
1749065400000,104844.0,105043.2,104830.0,104870.4,1385.9
1749067200000,104870.4,104915.2,104350.0,104628.4,4304.478
1749069000000,104628.4,104715.6,104482.5,104558.9,1658.169
1749070800000,104558.9,104715.6,104490.5,104633.9,1041.945
1749072600000,104633.9,105006.3,104633.9,104866.3,2181.361
1749074400000,104866.4,104980.5,104710.8,104746.1,1073.627
1749076200000,104746.0,104855.0,104681.0,104727.5,867.291
1749078000000,104727.5,104819.4,104568.0,104613.2,1086.046
1749079800000,104613.1,104735.9,104568.0,104641.8,885.896
1749081600000,104641.8,104795.1,104594.8,104737.8,1145.656
1749083400000,104737.8,104940.0,104737.8,104939.0,2070.836
1749085200000,104939.0,105132.1,104870.9,104942.0,2534.982
1749087000000,104941.9,104943.3,104642.8,104732.9,1283.287
1749088800000,104733.0,104962.2,104728.7,104855.6,1048.869
1749090600000,104855.5,105225.6,104855.5,104951.2,2196.832
1749092400000,104951.1,105000.0,104827.9,104870.0,934.302
1749094200000,104869.9,105033.0,104839.1,104991.4,641.647
1749096000000,104991.5,105153.9,104988.0,105086.8,918.826
1749097800000,105086.8,105183.0,105041.1,105134.5,853.825
1749099600000,105134.6,105145.0,104853.9,104863.0,1832.959
1749101400000,104863.0,104877.9,104529.3,104600.3,3943.954
1749103200000,104600.4,104651.2,104461.6,104640.0,2026.893
1749105000000,104640.0,104640.0,104321.2,104408.5,2791.211
1749106800000,104408.6,104576.4,104364.1,104551.4,1794.85
1749108600000,104551.4,104563.3,104393.2,104473.0,1325.042
1749110400000,104473.1,104610.6,104373.0,104576.9,1571.406
1749112200000,104576.8,104635.3,104525.0,104630.0,917.809
1749114000000,104629.9,104777.7,104629.9,104698.3,1138.996
1749115800000,104698.4,104880.0,104614.6,104854.9,1462.465
1749117600000,104854.9,104855.0,104652.9,104660.4,1273.735
1749119400000,104660.5,104694.2,104463.1,104613.2,1879.336
1749121200000,104613.2,104745.0,104500.0,104723.9,1144.646
1749123000000,104723.9,104809.8,104723.9,104772.7,899.767
1749124800000,104772.7,105461.4,104734.6,105354.5,6170.975
1749126600000,105354.5,105744.7,105258.1,105600.7,6082.488
1749128400000,105600.7,105878.3,105592.0,105646.9,6610.961
1749130200000,105647.0,105676.2,104252.6,104475.3,15411.675
1749132000000,104475.3,104506.3,103825.0,104230.9,12782.959
1749133800000,104230.9,104918.0,103955.9,104588.5,11646.583
1749135600000,104588.4,104821.7,104267.3,104796.8,6924.074
1749137400000,104796.7,104825.0,104481.1,104490.5,2967.105
1749139200000,104490.5,104547.9,103855.1,103980.5,7499.448
1749141000000,103980.6,104025.6,103179.9,103208.8,12298.107
1749142800000,103208.8,103541.5,103080.1,103400.8,8756.545
1749144600000,103400.8,103407.3,103123.1,103201.0,3513.934
1749146400000,103201.0,103275.9,102514.6,103227.9,11693.862
1749148200000,103227.9,103299.0,102742.0,102949.9,4495.707
1749150000000,102949.9,102995.3,101500.0,102162.4,20041.305
1749151800000,102162.4,102445.7,101808.2,101872.9,8039.57
1749153600000,101873.0,102163.9,100855.1,101405.8,15331.156
1749155400000,101405.8,101461.4,100305.1,100428.8,15755.859
1749157200000,100428.9,101105.5,100370.3,100939.4,10869.835
1749159000000,100939.4,101600.0,100898.1,101488.2,8341.341
1749160800000,101488.1,101488.1,100972.5,101279.2,4514.587
1749162600000,101279.2,101650.8,101239.2,101448.4,3348.637
1749164400000,101448.4,101775.9,101444.0,101727.9,3293.106
1749166200000,101728.0,101735.0,101418.2,101458.6,2216.724
1749168000000,101458.7,101497.8,101003.4,101423.7,5324.037
1749169800000,101423.7,101854.7,101422.1,101842.0,4249.2
1749171600000,101842.0,101898.8,101626.8,101777.8,2323.614
1749173400000,101777.7,101894.8,101630.0,101796.8,1460.611
1749175200000,101796.7,101805.0,101480.0,101581.9,2191.78
1749177000000,101582.0,102178.1,101550.0,102148.1,3375.044
1749178800000,102148.1,102256.4,102000.0,102246.4,2689.36
1749180600000,102246.3,102464.7,102239.5,102444.9,2784.166
1749182400000,102445.0,102556.2,102321.1,102480.0,3298.547
1749184200000,102480.1,102746.0,102425.9,102726.4,3119.008
1749186000000,102726.4,102873.3,102620.0,102688.0,3483.472
1749187800000,102688.0,102910.0,102651.5,102899.2,2111.981
1749189600000,102899.2,103193.0,102832.3,103025.0,6721.162
1749191400000,103025.0,103165.8,102913.8,103116.4,2883.126
1749193200000,103116.4,103424.5,103081.5,103281.0,4041.915
1749195000000,103280.9,103280.9,102997.3,103096.8,3264.734
1749196800000,103096.7,103444.9,103096.7,103342.3,2867.984
1749198600000,103342.3,103544.1,103295.6,103445.7,3067.462
1749200400000,103445.7,103720.0,103445.6,103509.7,3865.868
1749202200000,103509.7,103684.8,103495.2,103593.7,2758.931
1749204000000,103593.7,103749.0,103593.6,103647.1,1998.678
1749205800000,103647.2,103657.7,103500.0,103626.8,2593.419
1749207600000,103626.9,103877.8,103589.5,103791.0,3475.378
1749209400000,103791.0,103953.9,103615.7,103866.0,3674.845
1749211200000,103865.9,103979.1,103750.0,103802.6,3638.494
1749213000000,103802.7,104293.8,103471.4,103702.3,11553.173
1749214800000,103702.4,103997.6,103702.3,103864.8,3073.906
1749216600000,103864.9,104483.2,103820.5,104033.1,10161.587
1749218400000,104033.1,104538.6,103949.9,104507.9,5331.315
1749220200000,104507.9,104863.1,104299.9,104718.3,8555.476
1749222000000,104718.3,105283.0,104600.0,104763.7,13202.524
1749223800000,104763.7,105068.2,104552.9,105035.4,6257.636
1749225600000,105035.4,105240.0,104928.0,105022.3,4334.399
1749227400000,105022.0,105039.6,104645.6,104715.2,3406.771
1749229200000,104715.2,104788.9,104371.6,104466.2,5794.533
1749231000000,104466.2,104923.5,104401.4,104874.9,3018.769
1749232800000,104875.0,104929.2,104424.6,104472.9,2207.887
1749234600000,104472.9,104681.8,104422.0,104455.7,1757.809
1749236400000,104455.6,104559.7,104207.6,104245.9,2531.876
1749238200000,104245.9,104307.4,104010.0,104176.9,2496.526
1749240000000,104177.0,104374.6,104109.2,104307.5,1776.77
1749241800000,104307.5,104574.9,104255.0,104429.6,1766.064
1749243600000,104429.7,104440.2,104234.4,104266.8,1530.188
1749245400000,104266.9,104447.3,104266.8,104335.4,708.32
1749247200000,104335.5,104358.2,104174.8,104302.7,1210.308
1749249000000,104302.7,104425.8,104232.1,104425.7,778.051
1749250800000,104425.7,104434.7,104140.3,104300.0,1053.141
1749252600000,104300.1,104324.0,104220.3,104240.0,531.061
1749254400000,104240.1,104284.7,103800.1,104125.4,3496.983
1749256200000,104125.4,104475.8,104100.0,104470.5,1980.867
1749258000000,104470.5,104525.1,104302.5,104381.5,2016.266
1749259800000,104381.4,104464.0,104283.5,104386.5,774.552
1749261600000,104386.5,104396.6,104270.0,104326.9,793.758
1749263400000,104327.0,104580.0,104308.5,104475.2,1526.653
1749265200000,104475.3,104766.3,104430.0,104649.8,3233.3
1749267000000,104649.9,104856.0,104613.3,104822.4,1965.59
1749268800000,104822.4,104822.4,104632.3,104638.2,1157.435
1749270600000,104638.2,104775.1,104591.9,104765.0,790.36
1749272400000,104765.0,104793.5,104688.0,104764.9,941.396
1749274200000,104764.9,104954.3,104738.2,104823.5,1813.542
1749276000000,104823.5,104862.6,104728.5,104728.6,1124.475
1749277800000,104728.5,105293.0,104728.5,105272.2,3635.696
1749279600000,105272.2,105281.0,104779.4,104894.5,2999.297
1749281400000,104894.5,104961.9,104810.0,104813.6,950.24
1749283200000,104813.7,104919.0,104735.0,104876.6,1198.562
1749285000000,104876.6,104876.7,104632.0,104692.3,1210.861
1749286800000,104692.2,104896.3,104692.2,104877.2,955.918
1749288600000,104877.2,104877.2,104730.3,104788.2,623.165
1749290400000,104788.1,105133.0,104780.3,105098.6,2150.402
1749292200000,105098.6,105158.6,104877.2,105090.9,1610.631
1749294000000,105090.9,105222.0,105066.0,105168.8,1722.747
1749295800000,105168.8,105217.2,105006.5,105094.5,1440.163
1749297600000,105094.5,105241.3,105094.4,105241.0,1354.959
1749299400000,105241.0,105700.0,105188.3,105402.9,6373.87
1749301200000,105402.8,105515.0,105249.4,105450.3,2283.967
1749303000000,105450.3,105758.8,105450.2,105550.5,3196.624
1749304800000,105550.5,105604.9,105351.2,105369.2,1977.041
1749306600000,105369.2,105645.6,105333.0,105370.1,1774.645
1749308400000,105370.0,105477.6,105265.0,105403.1,1641.219
1749310200000,105403.1,105542.4,105351.3,105507.9,1058.554
1749312000000,105507.9,105629.9,105414.3,105414.3,1515.648
1749313800000,105414.4,105421.2,105222.6,105302.0,1630.687
1749315600000,105301.9,105514.7,105290.0,105474.0,919.498
1749317400000,105474.0,105484.7,105331.3,105348.4,697.37
1749319200000,105348.4,105750.0,105348.4,105723.6,3065.617
1749321000000,105723.6,105850.0,105498.2,105574.8,3166.733
1749322800000,105574.8,105831.2,105560.2,105812.3,1354.112
1749324600000,105812.3,105817.9,105595.9,105694.2,959.757
1749326400000,105694.1,105878.3,105687.7,105827.7,1288.877
1749328200000,105827.6,105839.1,105734.4,105800.0,611.477
1749330000000,105800.0,105818.4,105735.0,105750.6,561.589
1749331800000,105750.5,105822.6,105642.5,105713.6,575.131
1749333600000,105713.6,105784.2,105605.8,105746.8,788.463
1749335400000,105746.9,105871.0,105740.0,105764.9,942.231
1749337200000,105765.0,105765.0,105552.2,105614.7,790.226
1749339000000,105614.8,105668.4,105482.7,105507.5,1192.019
1749340800000,105507.5,105513.9,105400.0,105469.5,1463.918
1749342600000,105469.5,105625.1,105389.2,105427.6,1075.105
1749344400000,105427.6,105548.4,105347.0,105484.2,1055.588
1749346200000,105484.2,105760.5,105484.2,105644.5,1076.045
1749348000000,105644.5,105644.6,105430.0,105461.0,1122.818
1749349800000,105460.9,105531.9,105384.3,105399.7,975.782
1749351600000,105399.7,105413.8,105350.1,105355.6,850.158
1749353400000,105355.7,105463.3,105355.6,105436.4,450.656
1749355200000,105436.5,105474.8,105369.8,105456.8,693.569
1749357000000,105456.8,105600.0,105456.7,105565.8,777.789
1749358800000,105565.8,105617.2,105484.3,105561.5,695.659
1749360600000,105561.5,105573.2,105358.2,105386.4,754.436
1749362400000,105386.4,105551.3,105378.0,105489.1,639.877
1749364200000,105489.1,105533.3,105384.8,105395.4,637.088
1749366000000,105395.3,105513.0,105390.0,105411.6,809.364
1749367800000,105411.6,105429.9,105359.1,105380.4,641.153
1749369600000,105380.5,105454.0,105350.0,105384.7,793.272
1749371400000,105384.7,105420.0,105311.0,105327.1,764.72
1749373200000,105327.0,105360.1,105009.9,105148.9,3488.881
1749375000000,105149.0,105212.8,105093.4,105093.5,1533.3
1749376800000,105093.5,105121.5,104927.4,105040.0,2190.219
1749378600000,105040.1,105425.0,105040.0,105298.4,2794.799
1749380400000,105298.4,105666.6,105298.3,105537.0,2713.714
1749382200000,105537.0,105638.0,105468.3,105619.2,1484.785
1749384000000,105619.2,105725.1,105502.5,105585.8,2220.006
1749385800000,105585.7,105684.1,105450.0,105657.7,2097.329
1749387600000,105657.6,105695.0,105555.8,105687.6,1452.365
1749389400000,105687.6,106200.0,105500.0,105558.8,6896.676
1749391200000,105558.9,105862.9,105500.0,105671.1,2109.908
1749393000000,105671.2,105805.6,105588.3,105766.8,1054.287
1749394800000,105766.7,106048.4,105759.0,105942.4,2559.358
1749396600000,105942.4,106004.0,105874.8,105917.5,1097.043
1749398400000,105917.6,106200.0,105888.5,106029.5,3822.302
1749400200000,106029.4,106199.9,105980.0,106133.4,1689.755
1749402000000,106133.3,106299.9,106090.0,106240.0,2491.674
1749403800000,106239.9,106300.0,106015.1,106030.1,1899.692
1749405600000,106030.1,106260.0,105969.4,106229.9,1303.822
1749407400000,106229.9,106282.0,106171.6,106249.5,743.27
1749409200000,106249.4,106287.2,106230.2,106238.0,595.822
1749411000000,106238.1,106266.4,106116.1,106242.6,656.393
1749412800000,106242.6,106279.1,106202.9,106250.5,597.609
1749414600000,106250.6,106250.6,106056.2,106098.9,752.253
1749416400000,106098.9,106276.9,106098.8,106245.0,550.965
1749418200000,106245.0,106482.6,106185.7,106271.0,1772.672
1749420000000,106271.0,106315.0,105830.5,105957.2,3147.773
1749421800000,105957.1,105957.8,105627.2,105710.3,2509.138
1749423600000,105710.2,105731.9,105511.0,105635.1,2290.714
1749425400000,105635.1,105735.2,105550.1,105676.5,1311.583
1749427200000,105676.5,105815.6,105526.0,105739.6,2265.708
1749429000000,105739.6,105929.8,105549.3,105651.4,1933.3
1749430800000,105651.3,105696.7,105500.0,105645.8,1414.659
1749432600000,105645.7,105645.7,105374.2,105476.4,1754.799
1749434400000,105476.4,105683.3,105420.0,105590.1,1172.423
1749436200000,105590.1,105616.4,105473.3,105512.8,818.498
1749438000000,105512.8,105544.9,105253.2,105431.8,2183.833
1749439800000,105431.9,105660.3,105431.8,105617.0,1097.62
1749441600000,105617.0,105685.7,105568.1,105604.9,914.961
1749443400000,105605.0,105617.3,105365.3,105395.4,1264.334
1749445200000,105395.5,105485.9,105333.1,105380.7,1044.383
1749447000000,105380.8,105418.3,105284.8,105328.8,1084.947
1749448800000,105328.8,105483.7,105265.0,105483.6,1448.169
1749450600000,105483.7,105670.0,105472.7,105646.6,1308.625
1749452400000,105646.5,105646.5,105447.0,105467.7,994.499
1749454200000,105467.8,105566.0,105467.7,105516.7,671.412
1749456000000,105516.7,105592.7,105429.2,105504.3,921.349
1749457800000,105504.3,105906.6,105459.8,105889.8,3130.655
1749459600000,105889.8,106131.5,105778.2,106100.7,2711.408
1749461400000,106100.6,106877.3,106094.7,106562.0,11723.449
1749463200000,106562.0,107443.1,106511.4,107045.9,13517.05
1749465000000,107045.9,107269.5,106976.4,107136.3,3874.916
1749466800000,107136.4,107486.0,107091.3,107383.6,6056.565
1749468600000,107383.5,107774.8,107313.9,107707.9,7321.028
1749470400000,107707.8,107757.0,107490.3,107521.0,4085.544
1749472200000,107521.1,107912.8,107521.0,107695.6,4923.555
1749474000000,107695.5,107838.8,107422.2,107455.0,3314.373
1749475800000,107455.0,107685.9,106800.3,106971.0,9442.59
1749477600000,106971.0,107633.9,106970.9,107506.4,6973.628
1749479400000,107506.5,107985.0,107450.7,107561.2,7260.017
1749481200000,107561.1,107979.0,107468.5,107877.9,5071.44
1749483000000,107877.8,107920.0,107564.3,107564.3,2659.836
1749484800000,107564.3,107974.0,107563.4,107885.8,3208.441
1749486600000,107885.8,108100.0,107600.0,107647.6,4513.998
1749488400000,107647.7,108301.0,107600.0,108269.9,6334.221
1749490200000,108269.9,108366.0,108100.0,108282.7,3082.191
1749492000000,108282.7,108496.9,108231.8,108372.8,4242.511
1749493800000,108372.9,108443.2,108223.7,108386.2,1948.422
1749495600000,108386.3,108791.8,108355.1,108619.3,5537.363
1749497400000,108619.2,108620.0,108278.1,108515.1,2762.3
1749499200000,108515.1,108652.8,108383.0,108621.3,2061.447
1749501000000,108621.3,108682.7,108547.9,108637.2,1312.585
1749502800000,108637.3,110610.0,108637.2,110530.1,17618.454
1749504600000,110528.7,110653.6,109680.1,109935.8,10485.518
1749506400000,109935.9,110217.2,109690.8,110158.0,4605.913
1749508200000,110158.0,110383.9,110048.0,110132.4,4226.373
1749510000000,110132.3,110247.8,109840.2,109999.9,3776.505
1749511800000,109999.9,110277.9,109932.6,110227.9,2880.594
1749513600000,110228.0,110280.0,109903.3,110240.6,3413.475
1749515400000,110240.6,110272.7,109861.9,109870.5,3171.715
1749517200000,109870.5,109916.7,109684.3,109802.1,3099.493
1749519000000,109802.1,109847.3,109600.0,109742.7,1947.466
1749520800000,109742.7,109742.7,109340.0,109606.0,4281.772
1749522600000,109606.0,109715.0,109521.2,109608.5,1842.71
1749524400000,109608.5,109645.2,109344.8,109429.6,1856.1
1749526200000,109429.5,109576.9,109341.1,109525.8,1266.658
1749528000000,109525.9,109611.5,109321.3,109350.0,1622.0
1749529800000,109350.0,109500.0,109338.0,109486.8,977.201
1749531600000,109486.9,109690.8,109352.0,109372.8,2930.783
1749533400000,109372.9,109400.0,109160.0,109271.7,3086.766
1749535200000,109271.7,109379.7,109100.0,109362.0,2680.934
1749537000000,109361.9,109600.0,109312.6,109460.1,2161.155
1749538800000,109460.1,109476.4,109247.6,109422.6,1699.628
1749540600000,109422.7,109476.5,109041.1,109178.0,2481.957
1749542400000,109178.1,109378.9,109120.4,109163.8,2024.815
1749544200000,109163.9,109298.6,109010.2,109051.5,2118.977
1749546000000,109051.4,109351.1,109037.1,109249.9,1748.817
1749547800000,109249.9,109490.0,109247.5,109475.5,2548.878
1749549600000,109475.4,109544.2,109360.0,109364.6,2061.947
1749551400000,109364.6,109380.9,109227.9,109262.0,1265.64
1749553200000,109262.1,109728.0,109160.0,109696.0,4428.192
1749555000000,109696.0,109800.0,109445.0,109498.1,5901.574
1749556800000,109498.0,109562.9,109360.0,109426.5,2405.483
1749558600000,109426.4,109651.4,109373.7,109644.6,2020.572
1749560400000,109645.0,109852.9,109554.5,109675.3,2530.109
1749562200000,109675.2,109731.2,108797.8,109266.9,12911.605
1749564000000,109266.9,109297.6,108625.5,108787.8,5373.211
1749565800000,108787.8,108879.8,108427.8,108579.1,7478.901
1749567600000,108579.0,109169.8,108458.3,109022.5,5110.073
1749569400000,109022.5,109049.9,108282.0,108975.3,6290.973
1749571200000,108975.2,109209.6,108745.0,108960.4,3738.252
1749573000000,108960.3,109017.1,108638.0,108680.4,1574.571
1749574800000,108680.4,109029.0,108655.8,108796.1,1443.071
1749576600000,108796.0,108919.9,108565.3,108668.0,1353.114
1749578400000,108668.0,108888.0,108467.5,108877.5,1833.529
1749580200000,108877.5,109433.0,108778.7,109230.0,2905.97
1749582000000,109230.1,110145.3,109230.0,109991.8,6858.814
1749583800000,109991.9,110367.2,109256.8,109460.0,10165.637
1749585600000,109460.1,109545.5,109189.0,109487.5,3531.244
1749587400000,109487.5,109963.1,109409.5,109910.6,1967.098
1749589200000,109910.5,109950.0,109362.4,109725.1,2375.72
1749591000000,109725.1,109888.0,109647.1,109813.4,972.899
1749592800000,109813.4,110135.8,109788.9,109911.9,2507.481
1749594600000,109912.0,109982.2,109558.2,109688.4,1770.839
1749596400000,109688.5,109868.9,109545.0,109749.9,1573.344
1749598200000,109750.0,110265.5,109750.0,110235.4,2905.811
1749600000000,110235.4,110247.0,109758.2,109801.1,3427.235
1749601800000,109801.1,110028.2,109722.0,109782.5,1430.207
1749603600000,109782.6,109791.3,109526.5,109674.6,2016.945
1749605400000,109674.6,109674.6,109521.0,109562.6,880.442
1749607200000,109562.6,109820.0,109500.0,109545.2,1322.049
1749609000000,109545.2,109649.9,109502.0,109642.1,681.263
1749610800000,109642.2,109827.4,109616.2,109716.0,1030.565
1749612600000,109716.0,109776.7,109560.5,109664.1,1496.58
1749614400000,109664.1,109683.5,109527.0,109630.9,906.474
1749616200000,109630.9,109683.5,109500.1,109521.8,685.466
1749618000000,109521.7,109612.3,109375.3,109593.4,1485.554
1749619800000,109593.4,109593.5,109401.3,109423.8,621.691
1749621600000,109423.8,109555.0,109366.0,109405.9,815.561
1749623400000,109406.0,109642.4,109322.0,109555.6,1587.669
1749625200000,109555.6,109715.4,109508.8,109554.9,1826.945
1749627000000,109554.8,109587.6,109392.1,109396.9,1326.182
1749628800000,109396.9,109544.9,109396.9,109492.4,1303.161
1749630600000,109492.5,109629.3,109467.2,109522.1,1051.896
1749632400000,109522.0,109560.7,109375.5,109422.5,1510.584
1749634200000,109422.6,109422.6,109175.0,109219.1,2625.415
1749636000000,109219.2,109337.4,109133.8,109260.0,1684.196
1749637800000,109260.0,109438.0,109180.0,109322.4,1357.398
1749639600000,109322.5,109344.4,109179.5,109220.1,1173.85
1749641400000,109220.0,109270.0,109150.0,109200.1,1185.647
1749643200000,109200.1,109432.6,108950.1,109242.6,6212.778
1749645000000,109242.5,109950.6,109242.5,109663.6,12834.537
1749646800000,109663.5,109829.4,109498.4,109750.0,2575.232
1749648600000,109750.1,109847.2,109259.5,109631.5,6502.559
1749650400000,109631.5,110325.7,109586.2,110191.0,8019.76
1749652200000,110191.1,110350.0,109734.6,109831.2,6308.582
1749654000000,109831.2,109997.5,109603.9,109723.0,2807.61
1749655800000,109722.9,109917.4,109609.0,109694.8,2085.652
1749657600000,109694.9,109776.5,109246.0,109570.6,4649.341
1749659400000,109570.6,109590.0,109349.3,109399.8,1741.768
1749661200000,109399.8,109715.6,109299.9,109617.0,2563.284
1749663000000,109617.0,109675.0,108903.2,108933.6,4771.733
1749664800000,108933.7,109027.5,108388.0,108488.7,10062.349
1749666600000,108488.8,108889.8,108331.7,108749.8,4779.859
1749668400000,108749.7,108909.6,108517.2,108830.1,2638.86
1749670200000,108830.0,108857.5,108500.0,108684.5,2126.677
1749672000000,108684.5,108890.7,108419.2,108783.0,2195.6
1749673800000,108783.1,108963.0,108722.4,108860.4,1096.544
1749675600000,108860.4,109164.8,108793.8,108794.2,1657.359
1749677400000,108794.2,108794.3,108300.1,108445.1,3194.08
1749679200000,108445.2,108595.5,108001.2,108241.1,6378.622
1749681000000,108241.0,108420.0,108085.0,108399.5,2410.053
1749682800000,108399.4,108573.9,108250.2,108550.4,1832.448
1749684600000,108550.4,108652.7,108529.7,108600.0,1544.059
1749686400000,108600.1,108782.1,108452.2,108486.9,2795.107
1749688200000,108486.9,108735.9,108280.0,108674.0,2389.121
1749690000000,108674.0,108674.0,108340.0,108369.9,1285.917
1749691800000,108370.0,108481.4,108207.8,108481.4,1773.078
1749693600000,108481.4,108725.3,108415.2,108533.5,1636.57
1749695400000,108533.4,108579.3,108325.0,108337.0,1753.711
1749697200000,108336.9,108388.0,107650.0,107840.4,8253.905
1749699000000,107840.3,108039.9,107800.0,107820.5,4306.425
1749700800000,107820.5,107885.4,107300.0,107576.2,5103.401
1749702600000,107576.2,107729.0,107516.1,107720.5,2376.403
1749704400000,107720.4,107892.4,107547.5,107811.5,2224.886
1749706200000,107811.5,107842.8,107611.6,107704.2,1177.834
1749708000000,107704.1,107799.4,107577.5,107753.3,1623.365
1749709800000,107753.2,107951.0,107753.2,107855.2,1446.901
1749711600000,107855.1,107916.5,107615.3,107621.0,1017.559
1749713400000,107621.0,107664.1,107400.0,107577.0,2462.352
1749715200000,107577.0,107797.1,107400.0,107768.0,2563.998
1749717000000,107767.9,107798.0,107600.0,107685.9,955.886
1749718800000,107685.9,107737.7,107503.5,107548.2,1075.43
1749720600000,107548.2,107679.6,107400.0,107459.8,1490.23
1749722400000,107459.7,107479.0,107173.8,107237.7,4273.266
1749724200000,107237.6,107327.6,107157.6,107283.0,2138.984
1749726000000,107283.0,107317.7,106923.3,106993.2,3651.108
1749727800000,106993.2,107147.8,106830.0,106862.9,4341.086
1749729600000,106862.9,106994.3,106834.4,106941.0,3156.891
1749731400000,106941.1,107398.3,106900.0,106939.2,7534.148
1749733200000,106939.2,107110.0,106688.0,106792.6,4986.973
1749735000000,106792.5,107152.7,106539.1,107015.9,7703.482
1749736800000,107015.8,107492.8,107015.8,107421.5,5780.302
1749738600000,107421.5,107673.9,107311.0,107560.0,4008.68
1749740400000,107559.9,107769.1,107006.6,107151.3,6154.612
1749742200000,107151.3,107419.3,106800.1,106960.6,5113.329
1749744000000,106960.6,107790.1,106927.1,107672.1,4378.398
1749745800000,107672.1,107718.0,107425.1,107686.3,3062.234
1749747600000,107686.2,108196.6,107651.2,108119.0,6007.059
1749749400000,108119.0,108398.4,108111.2,108239.7,4136.082
1749751200000,108239.8,108369.3,107674.2,107745.0,3714.67
1749753000000,107745.0,107923.1,107164.4,107520.5,5767.962
1749754800000,107520.4,107832.1,107385.5,107732.9,2526.366
1749756600000,107732.9,107784.6,106621.0,106749.6,6500.867
1749758400000,106749.5,106929.9,106300.0,106852.4,6887.903
1749760200000,106852.4,106908.6,105704.0,105913.4,15555.573
1749762000000,105913.4,106372.3,105800.0,106355.7,4459.019
1749763800000,106355.7,106362.2,105814.8,105827.8,2955.283
1749765600000,105827.4,106180.9,105700.0,105814.1,3880.092
1749767400000,105814.2,105925.4,105672.0,105830.6,3401.58
1749769200000,105830.6,106100.1,105723.3,106050.6,3320.692
1749771000000,106050.7,106050.7,105602.0,105609.5,2681.47
1749772800000,105609.4,105661.0,103500.0,103668.0,35467.002
1749774600000,103668.1,104078.9,103150.0,103733.7,14009.678
1749776400000,103733.7,103733.8,102614.0,103212.5,15349.899
1749778200000,103212.5,103818.1,102920.3,103714.9,9735.188
1749780000000,103715.0,103918.1,103501.4,103650.3,4858.013
1749781800000,103650.3,103885.5,103016.6,103596.6,6273.023
1749783600000,103596.6,104293.4,103570.4,104042.3,5913.448
1749785400000,104042.2,104578.0,103899.0,104233.9,7056.275
1749787200000,104233.9,104250.3,103733.7,104024.5,4222.999
1749789000000,104024.5,104466.6,104006.1,104353.6,3074.034
1749790800000,104353.5,104408.7,104186.3,104271.7,1838.886
1749792600000,104271.7,104317.2,103940.0,103950.8,2967.578
1749794400000,103950.8,104134.4,103788.0,103793.5,2405.235
1749796200000,103793.5,104688.6,103770.0,104667.2,4827.425
1749798000000,104667.2,104775.1,104311.4,104727.1,3784.769
1749799800000,104727.0,104891.4,104533.4,104831.4,4192.431
1749801600000,104831.4,105459.7,104807.4,105050.0,8562.769
1749803400000,105050.0,105165.6,104630.4,104679.3,3575.561
1749805200000,104679.3,104726.0,104440.0,104637.6,3589.218
1749807000000,104637.6,104869.8,104478.0,104775.9,2200.772
1749808800000,104776.0,104818.3,104360.0,104609.6,2444.12
1749810600000,104609.7,104866.0,104460.8,104816.9,2332.332
1749812400000,104816.9,105008.6,104640.1,104696.3,2646.333
1749814200000,104696.2,104990.0,104585.7,104989.9,2803.662
1749816000000,104990.0,105247.0,104874.4,104997.4,4652.073
1749817800000,104997.4,105119.4,104764.1,104796.9,2127.24
1749819600000,104796.8,104880.8,104670.0,104806.3,2306.181
1749821400000,104806.2,105254.8,104607.6,104685.4,5750.365
1749823200000,104685.3,104930.8,104100.0,104110.3,10223.472
1749825000000,104110.3,104967.7,104069.5,104916.2,5900.066
1749826800000,104916.3,105750.0,104810.8,105592.2,11024.142
1749828600000,105592.1,105668.0,105199.9,105391.9,4791.354
1749830400000,105392.0,105912.0,105261.3,105749.9,6402.295
1749832200000,105750.0,105794.3,105328.4,105729.6,4382.116
1749834000000,105729.5,105729.5,105002.7,105002.7,4215.753
1749835800000,105002.7,105374.7,104811.0,105327.0,4145.113
1749837600000,105327.1,105430.9,104802.4,104935.9,3656.345
1749839400000,104935.9,105240.4,104607.0,105132.1,4780.755
1749841200000,105132.1,105389.0,104828.0,104986.9,2607.317
1749843000000,104986.8,105207.9,104869.8,105050.0,1748.833
1749844800000,105050.1,105340.0,104963.1,105255.6,1622.366
1749846600000,105255.5,105472.1,105146.9,105380.8,1393.087
1749848400000,105380.7,105608.8,105269.1,105512.0,1450.276
1749850200000,105512.0,105748.7,105375.7,105559.2,1393.268
1749852000000,105559.3,105780.0,105559.3,105579.0,1109.114
1749853800000,105578.9,105802.1,105490.6,105700.9,1264.228
1749855600000,105701.0,105850.0,105700.9,105818.7,1216.734
1749857400000,105818.6,106141.1,105814.0,106027.3,3642.27
1749859200000,106027.3,106036.3,105624.5,105756.8,3689.373
1749861000000,105756.8,106173.6,105666.5,105756.3,2977.98
1749862800000,105756.2,105756.3,105382.1,105478.1,4205.611
1749864600000,105478.2,105547.0,105386.8,105420.5,1619.268
1749866400000,105420.4,105570.2,105305.0,105339.1,1082.401
1749868200000,105339.0,105384.2,105263.0,105337.4,1008.74
1749870000000,105337.5,105350.7,105187.7,105306.9,1056.2
1749871800000,105307.0,105400.0,105150.1,105189.4,928.023
1749873600000,105189.3,105345.0,105159.6,105290.1,776.96
1749875400000,105290.1,105360.0,105231.1,105323.7,810.13
1749877200000,105323.8,105374.9,105220.2,105267.9,835.113
1749879000000,105267.9,105327.1,105204.8,105237.8,546.908
1749880800000,105237.8,105279.6,105050.0,105122.4,1528.302
1749882600000,105122.4,105177.5,105054.0,105054.0,768.099
1749884400000,105053.7,105053.7,104738.7,104940.8,2736.258
1749886200000,104940.8,105108.7,104931.6,105025.1,1861.96
1749888000000,105025.0,105067.6,104813.5,104958.9,1337.948
1749889800000,104958.9,105088.0,104827.0,105050.1,878.171
1749891600000,105050.0,105075.5,104954.9,104955.9,823.324
1749893400000,104955.9,104956.9,104800.5,104815.0,993.485
1749895200000,104814.9,104950.0,104772.3,104942.1,1165.519
1749897000000,104942.1,105078.8,104935.6,104953.3,1095.294
1749898800000,104953.4,105029.8,104900.0,104952.5,775.405
1749900600000,104952.5,105073.7,104903.9,105030.6,843.66
1749902400000,105030.5,105050.2,104847.3,104863.9,927.15
1749904200000,104863.9,105005.8,104657.0,105000.1,2728.39
1749906000000,105000.1,105084.2,104847.1,104879.3,1356.527
1749907800000,104879.2,105026.0,104860.4,104961.5,793.247
1749909600000,104961.4,105017.6,104942.3,104958.2,578.813
1749911400000,104958.1,104958.2,104785.1,104867.5,808.846
1749913200000,104867.5,104932.9,104808.2,104856.0,648.432
1749915000000,104856.0,104856.1,104570.0,104783.4,3536.88
1749916800000,104783.4,104857.9,104652.8,104666.0,1339.127
1749918600000,104666.0,104670.0,104290.0,104400.8,5781.537
1749920400000,104400.7,104670.0,104339.6,104620.4,1954.994
1749922200000,104620.4,104661.1,104428.7,104555.6,955.512
1749924000000,104555.6,104940.2,104542.9,104556.3,1736.877
1749925800000,104556.3,104859.5,104304.9,104842.8,2414.015
1749927600000,104842.8,105011.0,104752.3,104849.6,2547.807
1749929400000,104849.7,104964.4,104576.2,104582.3,1893.648
1749931200000,104584.2,104680.2,104225.4,104596.0,3848.267
1749933000000,104596.0,104950.2,104584.1,104833.4,2445.594
1749934800000,104833.4,105180.2,104803.7,105116.8,2306.143
1749936600000,105116.8,105415.1,105022.2,105269.1,2429.694
1749938400000,105269.0,105438.0,105253.6,105412.4,1804.685
1749940200000,105412.3,105412.4,105228.7,105381.3,1026.411
1749942000000,105381.4,105429.8,105300.0,105322.2,959.649
1749943800000,105322.2,105426.1,105291.2,105359.9,745.193
1749945600000,105359.8,105446.2,105305.5,105357.5,1196.881
1749947400000,105357.4,105625.0,105208.7,105587.4,1803.541
1749949200000,105587.3,105631.6,105362.2,105390.2,1530.754
1749951000000,105390.3,105424.8,105347.9,105361.9,688.378
1749952800000,105361.8,105575.1,105361.8,105550.0,1027.283
1749954600000,105550.0,105570.9,105421.5,105421.6,556.414
1749956400000,105421.6,105499.1,105421.6,105488.5,549.336
1749958200000,105488.4,105524.6,105404.2,105425.6,543.651
1749960000000,105425.6,105472.1,105425.5,105456.6,368.688
1749961800000,105456.5,105520.0,105432.4,105510.0,564.605
1749963600000,105510.1,105627.2,105451.0,105627.2,663.763
1749965400000,105627.1,106067.6,105627.1,106031.0,5121.542
1749967200000,106031.1,106099.4,105473.1,105481.3,4616.094
1749969000000,105481.2,105492.6,105355.7,105391.0,1538.808
1749970800000,105391.0,105408.8,105137.0,105230.4,2060.721
1749972600000,105230.3,105405.8,105146.7,105374.1,1667.073
1749974400000,105374.2,105444.9,105200.0,105200.5,1274.733
1749976200000,105200.5,105243.6,105078.6,105149.7,1235.922
1749978000000,105149.7,105149.8,104856.4,104892.7,2433.822
1749979800000,104892.6,105008.0,104812.2,104882.0,1391.199
1749981600000,104882.1,105120.8,104882.0,104997.9,1733.645
1749983400000,104998.0,105150.0,104930.2,105075.2,999.536
1749985200000,105075.3,105122.0,104943.3,104950.0,737.096
1749987000000,104950.0,105027.1,104870.0,104924.5,1132.269
1749988800000,104924.6,105157.0,104900.0,104999.9,1534.887
1749990600000,104999.8,105258.3,104962.7,105250.0,2003.379
1749992400000,105250.0,105561.9,105181.6,105442.7,3913.607
1749994200000,105442.8,105619.7,105247.4,105477.7,2106.56
1749996000000,105477.8,105518.8,105260.0,105324.8,1716.447
1749997800000,105324.9,105810.6,105265.6,105620.0,2748.097
1749999600000,105620.0,105700.0,105512.6,105699.9,1270.622
1750001400000,105699.9,105760.0,105494.0,105526.0,1120.982
1750003200000,105525.9,105642.0,105300.0,105378.6,2320.043
1750005000000,105378.6,105554.0,105295.0,105525.9,1157.804
1750006800000,105525.8,105534.1,105427.0,105499.3,566.891
1750008600000,105498.9,105744.0,105461.5,105640.8,1255.084
1750010400000,105640.9,105646.0,105429.5,105490.7,632.298
1750012200000,105490.6,105531.0,105422.0,105437.3,512.079
1750014000000,105437.3,105530.8,105421.3,105439.9,494.159
1750015800000,105439.9,105480.4,104999.9,105252.0,3273.546
1750017600000,105251.9,105255.3,104900.0,104942.1,1563.35
1750019400000,104942.0,105042.6,104548.3,104688.8,3155.056
1750021200000,104688.8,104767.8,104399.9,104767.7,3219.009
1750023000000,104767.7,104788.6,104468.1,104744.8,1325.404
1750024800000,104744.7,105240.0,104675.0,105121.4,3068.442
1750026600000,105121.3,105322.4,104980.0,105210.1,1615.724
1750028400000,105210.2,105414.9,105161.2,105379.6,1156.64
1750030200000,105379.5,105571.4,105374.4,105534.6,1653.535
1750032000000,105534.7,105733.0,105320.0,105420.8,2337.665
1750033800000,105420.8,105600.0,105289.0,105378.7,1553.659
1750035600000,105378.7,105424.7,104946.2,105047.0,2255.232
1750037400000,105046.9,105853.3,104920.0,105756.5,4695.527
1750039200000,105756.4,105927.0,105651.8,105721.3,3092.717
1750041000000,105720.7,105855.0,105622.0,105734.9,1282.452
1750042800000,105735.0,105926.9,105653.2,105880.9,1417.47
1750044600000,105880.8,105900.0,105785.3,105865.6,1158.069
1750046400000,105865.6,106391.6,105817.3,106180.0,5176.953
1750048200000,106180.0,106349.4,106104.1,106349.3,2159.243
1750050000000,106349.3,106658.0,106254.0,106644.2,4329.883
1750051800000,106644.1,106777.0,106455.3,106519.9,3744.716
1750053600000,106520.0,106726.0,106460.0,106658.4,1897.084
1750055400000,106658.5,106716.0,106488.5,106530.8,1912.603
1750057200000,106530.7,106840.9,106530.7,106826.8,2524.095
1750059000000,106826.9,107250.0,106823.9,107023.8,8356.15
1750060800000,107023.8,107093.3,106900.0,106911.7,2022.733
1750062600000,106911.8,107199.9,106898.4,107135.1,2186.262
1750064400000,107135.1,107195.4,106900.0,106909.6,1860.157
1750066200000,106909.6,107000.0,106831.7,106914.2,1645.835
1750068000000,106914.3,107179.7,106861.9,107025.8,1690.182
1750069800000,107025.8,107034.8,106699.0,106802.9,2138.528
1750071600000,106803.0,106827.8,106540.0,106647.2,2618.979
1750073400000,106647.2,106931.9,106642.4,106842.5,2181.159
1750075200000,106842.6,106855.7,106600.0,106625.2,1761.75
1750077000000,106625.1,106775.4,106550.0,106646.8,1364.008
1750078800000,106646.8,106700.0,106521.0,106599.3,1413.504
1750080600000,106599.2,107141.4,106446.6,107109.0,5596.437
1750082400000,107109.1,107375.7,106717.1,107290.5,6896.928
1750084200000,107290.5,107759.8,107287.0,107481.1,9264.419
1750086000000,107481.1,107645.7,107351.0,107414.3,2930.909
1750087800000,107414.4,107660.0,107243.0,107374.9,3069.409
1750089600000,107375.0,107639.9,107258.0,107560.2,2095.131
1750091400000,107560.2,107867.2,107450.0,107713.6,3159.893
1750093200000,107713.6,107927.0,107582.0,107831.9,2344.876
1750095000000,107831.9,107977.3,107559.2,107691.1,2527.848
1750096800000,107691.2,108079.9,107623.5,108029.3,2799.868
1750098600000,108029.2,108248.4,107951.3,108207.1,3058.797
1750100400000,108207.1,108882.0,108207.1,108716.7,11146.727
1750102200000,108716.7,108769.9,108355.9,108594.2,4633.681
1750104000000,108594.2,108646.4,108360.0,108575.7,3534.846
1750105800000,108575.7,108819.8,108504.8,108748.6,2857.423
1750107600000,108748.6,108780.0,108491.3,108595.5,1601.477
1750109400000,108595.4,108603.1,108273.4,108470.9,1753.479
1750111200000,108470.9,108900.0,108470.9,108609.0,3608.707
1750113000000,108608.9,108617.0,107337.2,107645.6,11752.979
1750114800000,107645.5,107935.3,107368.7,107518.2,5862.934
1750116600000,107518.1,107578.8,106640.1,106750.1,7539.836
1750118400000,106750.1,106877.5,106068.0,106752.6,13681.91
1750120200000,106752.6,107231.0,106604.0,107206.5,5330.908
1750122000000,107206.5,107282.8,106881.1,106980.8,2654.79
1750123800000,106980.8,107400.0,106935.4,107133.3,2553.366
1750125600000,107133.2,107185.5,106651.8,106655.5,2462.748
1750127400000,106655.4,107555.0,106515.2,107436.3,4835.872
1750129200000,107436.4,107727.4,107310.6,107365.9,3993.388
1750131000000,107366.0,107683.5,107366.0,107553.3,1776.688
1750132800000,107553.3,107655.6,107416.4,107441.7,1605.962
1750134600000,107441.8,107460.2,107259.2,107286.9,1962.244
1750136400000,107286.9,107356.5,106994.4,107190.3,2146.737
1750138200000,107190.2,107263.4,107002.1,107077.1,1410.857
1750140000000,107077.0,107192.0,106900.5,106963.9,1983.251
1750141800000,106964.0,106972.3,106642.0,106793.4,3458.213
1750143600000,106793.3,106836.5,106423.2,106425.1,2308.847
1750145400000,106425.1,106745.0,106413.4,106711.1,2710.988
1750147200000,106711.0,106785.2,106525.8,106754.3,1919.203
1750149000000,106754.3,106769.9,106432.5,106518.8,2019.213
1750150800000,106518.8,106618.1,106315.0,106356.0,2533.041
1750152600000,106356.1,106400.0,106021.7,106112.2,5346.514
1750154400000,106112.3,106197.2,105958.8,106055.1,3421.925
1750156200000,106055.0,106058.1,105620.0,105904.7,5700.862
1750158000000,105904.7,105904.7,105480.5,105512.0,4114.213
1750159800000,105511.9,105641.0,105461.4,105592.9,3084.541
1750161600000,105592.9,105816.5,105530.0,105640.1,4664.213
1750163400000,105640.0,105800.0,105350.6,105465.1,3949.471
1750165200000,105465.0,105596.3,105351.8,105579.9,3909.711
1750167000000,105579.9,105696.0,105140.7,105301.4,7962.35
1750168800000,105301.5,105651.7,104922.2,105264.4,9095.952
1750170600000,105264.4,105364.9,104673.5,104791.6,7926.646
1750172400000,104791.6,104920.0,104205.0,104251.0,12627.249
1750174200000,104251.0,104563.8,104068.0,104199.2,10539.598
1750176000000,104199.2,104375.2,104050.0,104141.5,5979.141
1750177800000,104141.5,104441.7,103443.9,103574.2,13453.076
1750179600000,103574.2,103884.6,103300.0,103860.0,8681.409
1750181400000,103860.0,104192.8,103686.5,103750.0,7367.71
1750183200000,103750.1,104046.5,103572.0,103634.1,2719.058
1750185000000,103634.1,104370.7,103634.0,104359.6,4632.935
1750186800000,104359.5,105288.0,104358.6,105076.4,10696.766
1750188600000,105076.4,105167.9,104601.5,104630.6,5429.664
1750190400000,104630.5,104865.8,104207.1,104519.2,8575.913
1750192200000,104519.2,104614.9,104250.1,104305.7,2370.724
1750194000000,104305.6,104463.8,104200.0,104463.5,2633.825
1750195800000,104463.6,104767.3,104302.4,104490.0,2941.879
1750197600000,104490.0,104680.0,104342.2,104531.0,1592.806
1750199400000,104530.9,104613.0,104143.4,104183.4,2122.148
1750201200000,104183.5,104533.1,104173.5,104518.7,1535.96
1750203000000,104518.7,104689.6,104495.2,104508.0,1627.378
1750204800000,104508.0,104670.0,104360.0,104360.0,1631.489
1750206600000,104360.1,104822.4,104312.2,104787.3,2886.774
1750208400000,104787.3,105135.0,104750.7,104762.3,3452.253
1750210200000,104762.3,104837.4,104617.9,104726.7,1633.787
1750212000000,104726.8,105016.2,104637.9,105016.2,1535.539
1750213800000,105016.1,105049.0,104797.8,104800.3,887.765
1750215600000,104800.3,105072.0,104786.0,104988.7,1144.824
1750217400000,104988.7,105192.2,104988.7,105132.2,1356.572
1750219200000,105132.1,105249.8,105017.4,105155.0,1430.272
1750221000000,105154.9,105468.6,105127.9,105399.6,2379.19
1750222800000,105399.6,105499.9,105320.0,105427.8,1715.531
1750224600000,105427.8,105500.0,105340.5,105360.0,1218.293
1750226400000,105360.0,105486.9,105171.1,105268.0,2203.53
1750228200000,105268.0,105268.0,104848.2,104916.4,3906.793
1750230000000,104916.4,104945.4,104660.0,104891.4,3017.082
1750231800000,104891.5,104970.0,104825.9,104925.7,1280.169
1750233600000,104925.6,105276.8,104917.2,105029.9,2560.301
1750235400000,105030.0,105046.8,104693.1,104905.2,2470.111
1750237200000,104905.2,105087.3,104828.0,104833.4,1361.705
1750239000000,104833.4,104833.4,104514.8,104650.6,2710.775
1750240800000,104650.6,104760.6,104428.7,104461.4,3420.261
1750242600000,104461.4,104576.3,104111.4,104218.8,4790.991
1750244400000,104218.9,104457.9,104147.4,104380.0,3176.353
1750246200000,104379.9,104826.3,104300.7,104791.2,4346.689
1750248000000,104791.1,104865.1,104563.4,104681.0,2806.801
1750249800000,104681.1,104681.1,104422.4,104478.5,2556.854
1750251600000,104478.5,104511.2,103855.0,103861.0,7120.254
1750253400000,103861.1,104467.6,103750.0,104400.2,8700.108
1750255200000,104400.2,105300.0,104164.4,105113.0,13106.869
1750257000000,105113.0,105274.9,104426.2,104576.1,7779.729
1750258800000,104576.1,104774.0,104061.4,104713.4,7362.753
1750260600000,104713.5,104937.2,104570.2,104744.2,3285.526
1750262400000,104744.2,104795.0,104272.4,104333.0,3500.671
1750264200000,104333.0,104571.8,104288.8,104363.8,2013.376
1750266000000,104363.7,104363.7,103929.0,104030.5,4514.113
1750267800000,104030.4,104465.8,103538.0,104289.7,7845.846
1750269600000,104290.0,104693.6,103888.8,104177.0,8127.226
1750271400000,104177.0,104624.5,103513.5,103564.0,6547.084
1750273200000,103564.1,104415.4,103426.1,103775.2,8737.607
1750275000000,103775.1,104237.6,103726.7,103773.3,2935.074
1750276800000,103773.3,104183.0,103601.5,104182.9,2874.698
1750278600000,104183.0,104940.7,104176.4,104761.4,4871.568
1750280400000,104761.4,104786.6,104323.2,104648.5,4074.545
1750282200000,104648.6,105098.0,104625.4,105039.6,2568.515
1750284000000,105039.6,105090.0,104785.7,104912.9,1848.586
1750285800000,104912.9,104943.6,104743.8,104770.9,944.558
1750287600000,104770.9,104916.0,104755.2,104755.2,799.887
1750289400000,104755.2,104842.4,104570.6,104832.8,1267.102
1750291200000,104832.8,105055.0,104620.8,105007.0,2137.998
1750293000000,105007.1,105185.7,104866.2,104899.9,3020.45
1750294800000,104899.9,104919.8,104364.5,104738.4,3746.194
1750296600000,104738.3,104738.3,104467.4,104557.8,924.426
1750298400000,104557.8,104742.0,104400.0,104647.7,1363.023
1750300200000,104647.7,104960.0,104629.8,104668.0,1297.688
1750302000000,104668.0,105002.0,104666.0,104938.8,1289.185
1750303800000,104938.8,105072.2,104850.0,105054.4,1271.917
1750305600000,105054.4,105059.4,104773.9,104797.4,2457.74
1750307400000,104797.5,105033.0,104741.2,105032.9,1924.544
1750309200000,105032.9,105184.0,104918.0,105001.0,2102.06
1750311000000,105001.1,105024.4,104753.6,104842.2,1212.836
1750312800000,104842.3,104942.0,104565.0,104580.4,2011.18
1750314600000,104580.4,104695.5,104580.4,104658.8,1037.615
1750316400000,104658.7,104800.0,104638.7,104672.7,943.256
1750318200000,104672.7,104713.5,104560.6,104585.9,941.402
1750320000000,104585.8,104876.4,104570.1,104825.6,1100.763
1750321800000,104825.7,104942.9,104674.0,104681.0,1202.566
1750323600000,104681.0,104955.9,104675.6,104922.7,1406.964
1750325400000,104922.7,104983.9,104854.5,104946.4,1091.392
1750327200000,104946.3,104998.1,104878.2,104992.9,1089.195
1750329000000,104992.9,105032.1,104790.2,104861.6,1050.85
1750330800000,104861.6,104861.6,104723.5,104771.3,969.673
1750332600000,104771.3,104771.3,104669.9,104717.7,1119.396
1750334400000,104717.8,104861.0,104651.9,104795.1,1031.826
1750336200000,104795.0,104838.7,104608.0,104697.9,1289.433
1750338000000,104697.9,104749.2,104528.1,104735.2,1744.494
1750339800000,104735.2,104735.2,104194.6,104239.9,4784.693
1750341600000,104240.0,104643.8,104238.0,104564.9,2867.259
1750343400000,104564.8,104578.3,104061.0,104106.4,4770.889
1750345200000,104106.3,104396.4,104106.3,104258.3,2592.772
1750347000000,104258.2,104285.6,104021.3,104055.1,2583.001
1750348800000,104055.2,104380.0,104055.1,104317.9,1775.404
1750350600000,104318.0,104318.0,103873.0,103964.6,2620.774
1750352400000,103964.5,104092.6,103870.3,104059.2,2315.939
1750354200000,104059.1,104795.2,104012.4,104483.1,6080.998
1750356000000,104483.1,104650.1,104417.8,104436.1,1909.579
1750357800000,104436.2,104522.2,104243.4,104353.4,1271.882
1750359600000,104353.4,104432.7,104199.1,104242.1,1970.177
1750361400000,104242.2,104255.0,104060.4,104202.6,1412.944
1750363200000,104202.6,104457.1,104202.5,104290.1,1153.494
1750365000000,104290.1,104353.6,104094.6,104223.0,1143.391
1750366800000,104223.6,104374.3,104207.9,104267.0,930.358
1750368600000,104267.0,104357.9,104177.7,104275.5,926.695
1750370400000,104275.6,104563.3,104275.5,104463.6,1652.607
1750372200000,104463.6,104735.7,104442.1,104546.9,1585.159
1750374000000,104546.9,104869.4,104410.4,104599.9,1925.335
1750375800000,104600.0,104720.0,104571.9,104607.1,659.189
1750377600000,104607.1,104760.4,104508.7,104535.0,1061.724
1750379400000,104535.0,104770.0,104519.7,104647.9,983.915
1750381200000,104647.8,104680.3,104338.5,104358.0,1299.54
1750383000000,104358.0,104759.2,104358.0,104732.9,1269.95
1750384800000,104733.0,104760.0,104636.7,104636.8,1019.847
1750386600000,104636.7,104636.7,104462.0,104584.4,995.649
1750388400000,104584.5,104659.9,104459.4,104649.9,885.755
1750390200000,104650.0,104650.0,104533.7,104555.1,670.895
1750392000000,104555.0,104563.1,104417.2,104452.3,905.603
1750393800000,104452.3,104464.8,104185.3,104219.2,2721.997
1750395600000,104219.3,104349.1,104219.2,104298.9,1435.628
1750397400000,104299.0,104549.0,104265.2,104549.0,1140.192
1750399200000,104549.0,104733.4,104548.9,104646.0,2165.603
1750401000000,104645.9,104727.2,104630.2,104679.3,1000.779
1750402800000,104679.4,105187.7,104595.6,105123.0,4828.063
1750404600000,105123.0,105765.8,105112.9,105763.5,8583.722
1750406400000,105763.6,106442.0,105727.5,106358.6,11779.525
1750408200000,106358.6,106486.2,105879.2,105910.1,9337.54
1750410000000,105910.1,106047.0,105715.0,105787.3,4246.119
1750411800000,105787.4,105950.0,105774.6,105897.7,1914.783
1750413600000,105897.8,106089.7,105782.8,105968.0,2219.625
1750415400000,105968.1,106129.0,105889.1,105916.5,1911.153
1750417200000,105916.4,106008.5,105753.0,105879.9,1629.813
1750419000000,105879.8,106034.7,105763.5,105928.6,2091.242
1750420800000,105928.7,106006.6,105825.0,105900.1,1073.069
1750422600000,105900.1,106068.7,105876.5,105931.7,1750.117
1750424400000,105931.8,106111.9,105894.2,106000.0,1511.167
1750426200000,106000.0,106076.0,105268.8,105607.7,9637.671
1750428000000,105607.6,105736.9,105010.0,105235.0,9352.251
1750429800000,105235.1,105424.7,103805.9,103872.7,19041.69
1750431600000,103872.6,104352.0,103834.1,104213.9,10240.188
1750433400000,104213.9,104573.4,103943.6,104168.5,5579.336
1750435200000,104168.5,104221.0,103830.0,104036.6,5226.115
1750437000000,104036.5,104150.0,103580.0,103630.3,6526.02
1750438800000,103630.4,103720.0,102590.2,102890.9,16076.302
1750440600000,102890.8,103305.3,102255.3,103216.6,16705.386
1750442400000,103216.6,103384.6,102988.8,103079.0,6639.672
1750444200000,103079.0,103310.9,103044.5,103127.9,2231.655
1750446000000,103127.9,103198.6,102952.5,103061.4,2185.797
1750447800000,103061.5,103451.4,103061.5,103263.9,2596.987
1750449600000,103263.8,103796.8,103242.6,103550.0,4133.598
1750451400000,103549.9,103694.4,103539.5,103655.3,1539.045
1750453200000,103655.4,103680.4,103300.4,103433.6,1619.208
1750455000000,103433.7,103639.0,103414.2,103492.0,1081.966
1750456800000,103491.9,103492.0,103030.2,103153.6,3142.653
1750458600000,103153.6,103271.7,102923.9,103064.2,2470.3
1750460400000,103064.1,103182.8,102903.6,103176.1,1718.997
1750462200000,103176.1,103293.7,103164.3,103246.1,924.283
1750464000000,103246.1,103294.2,103067.7,103286.4,1536.568
1750465800000,103286.4,103286.5,103146.0,103196.9,878.59
1750467600000,103196.8,103312.5,103087.0,103276.0,992.407
1750469400000,103276.0,103465.5,103255.0,103464.6,1501.902
1750471200000,103464.7,103484.0,103318.6,103329.9,729.795
1750473000000,103329.9,103466.3,103325.5,103448.8,840.568
1750474800000,103448.8,103616.3,103448.7,103616.0,1146.911
1750476600000,103616.0,103641.0,103430.1,103434.5,1032.869
1750478400000,103434.6,103479.7,103330.0,103353.1,845.462
1750480200000,103353.2,103353.2,103277.9,103339.4,830.099
1750482000000,103339.4,103425.6,103300.1,103412.4,753.408
1750483800000,103412.4,103443.4,103332.8,103371.4,576.456
1750485600000,103371.4,103483.7,103268.6,103443.6,819.789
1750487400000,103443.6,103550.0,103422.8,103519.3,599.919
1750489200000,103519.2,103524.2,103307.9,103450.0,852.925
1750491000000,103449.9,103456.0,103370.3,103402.2,866.126
1750492800000,103402.1,103478.8,103401.9,103474.3,580.793
1750494600000,103474.3,103793.7,103461.3,103767.3,2338.35
1750496400000,103767.2,103772.3,103630.0,103705.3,1581.53
1750498200000,103705.3,103899.9,103622.4,103797.9,2462.501
1750500000000,103797.9,103927.6,103782.0,103921.1,1474.391
1750501800000,103921.2,103940.6,103717.0,103787.1,1905.165
1750503600000,103787.2,103849.0,103672.9,103797.7,1005.001
1750505400000,103797.7,103887.1,103797.7,103827.5,702.489
1750507200000,103827.5,103899.0,103785.6,103840.1,834.534
1750509000000,103840.0,103890.8,103734.2,103752.6,1281.727
1750510800000,103752.6,103830.5,103752.5,103827.6,945.135
1750512600000,103827.6,103827.6,103481.4,103528.4,4839.661
1750514400000,103528.5,103607.0,103333.7,103355.7,2902.69
1750516200000,103355.7,103729.3,103355.6,103507.3,2937.378
1750518000000,103507.2,103644.1,103343.2,103355.1,1804.29
1750519800000,103355.0,103579.1,103222.7,103516.7,2393.692
1750521600000,103516.7,103600.0,103433.9,103599.9,1049.748
1750523400000,103599.8,103599.9,103407.4,103443.0,1008.369
1750525200000,103443.0,103551.0,103327.7,103333.0,780.004
1750527000000,103333.1,103333.1,103135.0,103144.0,2649.217
1750528800000,103144.0,103398.3,103144.0,103207.9,1696.672
1750530600000,103207.8,103346.6,102600.5,102620.8,5585.287
1750532400000,102620.9,102723.3,102438.5,102444.7,4912.339
1750534200000,102444.7,102510.0,102128.2,102207.5,5074.551
1750536000000,102207.5,102467.4,102141.1,102382.2,3627.905
1750537800000,102382.3,102849.2,102375.7,102724.5,2880.455
1750539600000,102724.6,102787.5,101455.0,101771.5,8468.243
1750541400000,101771.5,101789.9,101020.0,101392.7,11921.904
1750543200000,101392.7,101953.0,101386.3,101842.1,4785.965
1750545000000,101842.0,101900.7,101555.3,101732.4,2972.505
1750546800000,101732.4,101847.2,101326.9,101374.8,2739.123
1750548600000,101374.7,102262.6,100789.9,102079.8,15825.942
1750550400000,102079.8,102746.7,101781.8,102446.5,13423.345
1750552200000,102446.6,103362.6,102405.0,102815.2,9596.285
1750554000000,102815.3,102967.2,102436.4,102538.3,3428.276
1750555800000,102538.4,102706.6,102192.0,102360.1,4936.398
1750557600000,102360.0,102860.0,101819.4,102158.8,8281.749
1750559400000,102158.9,102500.0,101880.0,102310.1,3702.154
1750561200000,102310.0,102568.4,102101.0,102126.9,2258.549
1750563000000,102127.0,102345.5,102082.2,102340.0,1286.786
1750564800000,102340.0,102750.0,102220.9,102477.2,2548.386
1750566600000,102477.1,102651.4,102371.8,102508.5,1321.478
1750568400000,102508.5,102889.9,102502.9,102793.0,2563.142
1750570200000,102793.0,102866.3,102575.7,102812.9,1405.083
1750572000000,102813.0,102910.7,102706.7,102778.1,1949.447
1750573800000,102778.0,102849.2,102647.3,102711.1,1035.956
1750575600000,102711.0,102718.7,102533.5,102596.2,1322.805
1750577400000,102596.2,102596.2,102230.0,102399.0,4024.124
1750579200000,102399.1,102553.3,102272.4,102549.9,2206.9
1750581000000,102550.0,102673.1,102442.7,102673.0,1299.849
1750582800000,102673.1,102770.6,102250.1,102312.3,2525.595
1750584600000,102312.3,102432.8,102022.5,102158.0,2738.934
1750586400000,102158.1,102426.6,102100.0,102377.2,1785.101
1750588200000,102377.2,102497.4,102367.4,102449.9,1215.918
1750590000000,102450.0,102692.3,102384.3,102595.1,1966.684
1750591800000,102595.1,102724.8,102568.8,102693.7,1220.193
1750593600000,102693.7,102789.7,102532.8,102601.9,1939.923
1750595400000,102601.9,102731.1,102540.1,102709.0,1110.516
1750597200000,102709.0,102765.2,100938.0,101014.0,14899.701
1750599000000,101014.0,101054.8,100218.4,100810.0,26702.933
1750600800000,100809.9,101199.9,99350.0,99495.4,27668.782
1750602600000,99495.3,100182.8,99024.9,99584.2,27350.096
1750604400000,99584.2,99774.0,99177.0,99189.0,11717.305
1750606200000,99188.9,99504.1,98786.9,98849.9,8054.415
1750608000000,98849.7,99294.6,98608.9,98755.4,11111.604
1750609800000,98755.8,99641.4,98690.9,99607.6,8634.127
1750611600000,99607.6,100348.7,99378.6,99469.9,11397.237
1750613400000,99470.0,99790.0,99348.3,99428.0,3222.545
1750615200000,99428.0,99688.7,99323.8,99489.9,1999.843
1750617000000,99489.9,99733.0,99295.0,99384.9,1484.453
1750618800000,99384.9,99402.7,99009.5,99034.2,3423.71
1750620600000,99034.2,99250.0,98727.5,98829.7,3385.581
1750622400000,98829.7,98897.7,98115.4,98466.0,10543.402
1750624200000,98466.1,99722.0,98362.4,99493.3,8074.219
1750626000000,99493.3,99625.0,99073.9,99080.0,3665.371
1750627800000,99079.6,99352.4,98952.4,99136.0,2643.309
1750629600000,99136.0,100650.0,99084.8,100255.1,13841.462
1750631400000,100255.0,100915.3,100236.9,100915.3,5567.255
1750633200000,100915.3,100993.5,100592.5,100960.0,4700.109
1750635000000,100960.0,100960.0,100672.6,100904.7,2381.601
1750636800000,100904.7,100904.8,100517.9,100700.3,4817.676
1750638600000,100700.2,101580.6,100425.6,100849.8,9880.902
1750640400000,100849.8,100867.3,100524.3,100556.0,3110.895
1750642200000,100556.1,101054.9,100502.1,101047.6,1807.148
1750644000000,101047.6,101230.7,100856.6,101161.9,2249.007
1750645800000,101162.0,101333.0,101060.7,101240.8,2819.214
1750647600000,101240.8,101323.0,101014.5,101085.7,1612.136
1750649400000,101085.7,101180.0,101017.7,101104.4,1158.59
1750651200000,101104.3,101266.0,100899.3,101217.2,2030.247
1750653000000,101217.1,101246.4,101086.5,101122.9,1097.196
1750654800000,101122.9,101480.0,101122.8,101458.9,2037.364
1750656600000,101458.9,101789.9,101397.8,101710.9,4119.9
1750658400000,101710.9,102043.3,101710.8,101794.0,5025.905
1750660200000,101793.9,101950.1,101586.1,101885.0,4103.716
1750662000000,101885.0,102155.1,101750.1,101799.9,2833.416
1750663800000,101799.9,101923.9,101699.8,101874.5,1897.123
1750665600000,101874.4,102028.9,101784.3,101885.2,2386.133
1750667400000,101885.1,101888.0,101691.0,101820.6,1626.576
1750669200000,101820.5,101830.9,101349.8,101472.5,4204.118
1750671000000,101472.5,101547.6,101342.4,101519.2,1916.418
1750672800000,101519.2,101547.6,101309.4,101325.0,2021.079
1750674600000,101325.0,101493.6,101153.8,101421.5,2419.507
1750676400000,101421.6,101533.1,101084.9,101180.1,2377.565
1750678200000,101180.1,101384.9,101071.1,101248.5,1895.641
1750680000000,101248.4,101274.9,101068.9,101130.3,1516.314
1750681800000,101130.3,101650.0,101104.7,101642.1,4101.555
1750683600000,101642.1,101642.1,101045.6,101103.7,4128.225
1750685400000,101103.8,102450.0,100749.8,102306.1,18507.634
1750687200000,102306.1,102596.5,101766.8,101766.8,10770.403
1750689000000,101766.8,101934.9,101453.7,101585.4,6616.461
1750690800000,101585.3,102014.6,101447.5,101476.9,4183.087
1750692600000,101476.9,101738.2,101238.0,101369.7,4586.923
1750694400000,101369.6,101412.1,100133.5,100224.0,13212.528
1750696200000,100224.1,100877.7,99547.6,100642.9,23863.884
1750698000000,100643.0,102311.4,100443.7,102014.9,16835.159
1750699800000,102024.0,102668.8,101943.7,102435.6,13714.99
1750701600000,102435.5,103143.8,102331.4,102569.3,13168.251
1750703400000,102569.2,103273.7,102546.3,102879.3,8297.474
1750705200000,102879.2,103124.4,102729.9,102800.0,3306.107
1750707000000,102800.1,103194.0,102615.0,103114.2,4448.309
1750708800000,103114.2,103778.5,102818.4,103690.0,11597.641
1750710600000,103690.0,103870.0,103546.0,103687.1,4433.821
1750712400000,103687.2,104171.4,103639.0,103650.2,6642.628
1750714200000,103650.1,103800.0,103571.4,103640.2,2875.776
1750716000000,103640.2,106000.0,103640.2,105957.5,26378.624
1750717800000,105957.4,106050.0,104800.0,105485.8,15479.934
1750719600000,105488.3,105627.2,105059.1,105385.4,5764.561
1750721400000,105385.5,105581.6,105237.0,105290.9,3344.28
1750723200000,105291.0,105454.1,105088.5,105099.4,3250.84
1750725000000,105099.5,105176.9,104850.8,105086.4,3828.037
1750726800000,105086.3,105170.6,104911.2,105123.2,1878.391
1750728600000,105123.3,105440.6,104944.8,105383.5,2494.786
1750730400000,105383.5,105384.1,104658.0,104950.1,5465.101
1750732200000,104950.1,104999.0,104693.4,104721.9,2105.538
1750734000000,104721.9,105085.7,104685.4,104938.5,2744.992
1750735800000,104938.6,105043.6,104813.8,104870.0,1095.674
1750737600000,104870.0,104910.7,104651.4,104840.6,1342.921
1750739400000,104840.6,104888.0,104700.0,104776.9,1107.645
1750741200000,104776.9,105178.2,104776.8,105092.4,3039.493
1750743000000,105092.4,105379.3,105078.2,105343.8,3718.283
1750744800000,105343.7,105484.2,105180.5,105440.0,2934.858
1750746600000,105439.9,105775.9,105427.2,105607.0,3511.248
1750748400000,105606.9,105732.0,105363.0,105550.0,3427.399
1750750200000,105550.0,105570.7,104841.4,104891.8,8432.843
1750752000000,104891.8,105039.8,104570.8,105027.6,7024.545
1750753800000,105027.6,105127.4,104817.4,104958.7,3600.343
1750755600000,104958.7,105525.0,104913.4,105348.0,3493.564
1750757400000,105348.0,105420.0,105112.0,105152.0,2029.231
1750759200000,105152.0,105277.1,105059.1,105108.8,1549.178
1750761000000,105108.7,105317.0,105024.8,105224.8,1310.619
1750762800000,105224.8,105346.7,104958.0,105316.1,2760.544
1750764600000,105316.0,105386.6,105043.0,105134.6,1921.63
1750766400000,105134.5,105263.2,104944.4,105015.3,1766.434
1750768200000,105015.4,105264.6,104915.5,105146.7,2742.766
1750770000000,105146.3,105347.2,104931.0,105055.1,2729.756
1750771800000,105055.2,105250.0,104750.0,105030.0,5790.204
1750773600000,105029.9,105496.2,104890.0,105330.0,6164.99
1750775400000,105330.0,105621.3,105200.1,105455.5,4941.208
1750777200000,105455.6,105675.0,105440.7,105594.1,3765.768
1750779000000,105594.1,105618.0,105087.8,105184.4,4629.544
1750780800000,105184.3,105437.8,105125.3,105350.3,2019.288
1750782600000,105350.3,106222.0,105323.8,106160.1,7406.742
1750784400000,106160.0,106239.0,105541.6,105607.1,5961.096
1750786200000,105607.0,106107.3,105572.2,105991.6,2506.756
1750788000000,105991.7,106040.7,105570.8,105784.5,2680.88
1750789800000,105784.5,105801.2,105461.2,105471.2,1855.339
1750791600000,105471.1,105500.0,105251.2,105407.6,2427.129
1750793400000,105407.5,105629.0,105214.0,105582.1,2385.349
1750795200000,105582.1,105799.3,105382.4,105755.2,1513.552
1750797000000,105755.1,106051.0,105680.2,106020.0,2014.29
1750798800000,106020.0,106020.1,105659.9,105910.5,1656.792
1750800600000,105910.6,106073.9,105742.4,105930.6,1326.973
1750802400000,105930.5,105930.6,105676.5,105880.0,1432.7
1750804200000,105879.9,105977.1,105750.0,105957.3,802.772
1750806000000,105957.4,105977.4,105712.7,105781.0,961.801
1750807800000,105781.0,106035.0,105747.2,106034.9,900.055
1750809600000,106034.9,106408.7,105959.5,106106.3,4793.7
1750811400000,106106.3,106443.1,105755.6,106343.7,3396.145
1750813200000,106343.6,106596.9,105974.4,106093.6,4530.678
1750815000000,106093.5,106371.0,105948.0,106327.2,1826.462
1750816800000,106327.2,106750.9,106235.8,106486.6,6153.224
1750818600000,106486.7,106653.0,106370.0,106420.0,1882.739
1750820400000,106420.0,106560.0,106253.7,106425.1,1445.622
1750822200000,106425.1,106465.4,106160.3,106177.0,1808.734
1750824000000,106176.9,106259.9,106108.0,106216.4,1246.333
1750825800000,106216.5,106216.5,105949.2,106138.8,2085.61
1750827600000,106138.9,106224.7,105988.0,106097.2,1105.28
1750829400000,106097.1,106382.2,106050.8,106159.7,1413.237
1750831200000,106159.7,106388.0,106074.8,106344.8,1194.412
1750833000000,106344.8,106419.9,106256.3,106352.6,1141.953
1750834800000,106352.6,106591.7,106267.5,106569.3,1801.397
1750836600000,106569.3,106664.2,106473.5,106547.5,1869.566
1750838400000,106547.5,106620.0,106380.9,106411.4,1746.131
1750840200000,106411.4,106600.0,106286.5,106599.9,1673.252
1750842000000,106600.0,106900.0,106540.1,106806.4,4584.55
1750843800000,106806.4,106950.0,106400.0,106589.8,4397.106
1750845600000,106589.7,107166.3,106507.4,107066.8,5119.834
1750847400000,107066.8,107080.0,106850.0,107068.6,2779.632
1750849200000,107068.6,107075.8,106811.1,106916.8,1979.608
1750851000000,106916.8,107187.6,106910.1,107136.3,2990.583
1750852800000,107136.3,107149.5,106868.6,106949.9,2561.132
1750854600000,106950.0,107257.6,106881.6,107177.9,2106.944
1750856400000,107177.9,107859.6,107101.3,107820.1,11508.071
1750858200000,107820.0,108095.7,107476.6,107870.2,12824.11
1750860000000,107870.2,108079.0,107162.6,107494.5,12609.313
1750861800000,107494.5,107836.2,107422.1,107559.3,6424.586
1750863600000,107559.3,107572.0,106953.9,107011.4,7759.241
1750865400000,107011.5,107157.2,106700.0,106982.6,6862.349
1750867200000,106982.7,107449.0,106966.0,107275.2,3561.894
1750869000000,107275.3,107320.5,106917.8,107087.4,2724.634
1750870800000,107087.3,107488.7,107076.6,107289.4,2103.058
1750872600000,107289.4,107375.0,106859.0,107344.7,2542.114
1750874400000,107344.7,107464.7,107202.1,107370.9,1450.991
1750876200000,107370.9,107477.7,107107.2,107356.4,1575.168
1750878000000,107356.8,107863.1,107328.6,107802.9,4299.924
1750879800000,107803.0,107803.0,107500.0,107698.2,2713.328
1750881600000,107698.1,107698.2,107437.0,107622.2,1570.223
1750883400000,107622.2,107800.8,107571.0,107717.7,1527.128
1750885200000,107717.7,107965.9,107461.5,107500.0,2352.113
1750887000000,107500.1,107581.8,107400.0,107505.9,1505.554
1750888800000,107505.9,107517.7,107280.0,107306.0,1592.034
1750890600000,107305.9,107330.3,107162.8,107222.5,1207.679
1750892400000,107222.4,107333.3,107022.6,107152.3,1792.741
1750894200000,107152.3,107331.0,107079.0,107280.0,1137.706
1750896000000,107280.1,107575.3,107280.0,107377.0,1840.217
1750897800000,107377.1,107416.7,107188.0,107269.0,1158.677
1750899600000,107269.0,107413.6,107041.4,107392.2,1396.483
1750901400000,107392.2,107869.8,107262.1,107570.8,4811.046
1750903200000,107570.7,107903.1,107570.7,107728.2,2286.626
1750905000000,107728.1,108000.0,107496.7,107878.0,2946.436
1750906800000,107877.9,108249.9,107747.0,107842.0,5457.633
1750908600000,107842.0,107888.4,107720.9,107809.3,1545.66
1750910400000,107809.4,107916.9,107673.6,107736.2,1276.401
1750912200000,107736.3,107888.0,107635.4,107792.9,1411.212
1750914000000,107792.9,107792.9,107620.4,107620.4,915.272
1750915800000,107620.4,107637.1,107467.6,107588.1,1299.036
1750917600000,107588.2,107738.1,107509.6,107650.2,1047.038
1750919400000,107650.1,107762.0,107634.8,107702.8,768.455
1750921200000,107702.7,108021.6,107692.5,107928.3,2269.537
1750923000000,107928.3,108044.9,107729.9,107768.5,1875.733
1750924800000,107768.6,108135.0,107732.8,107806.1,2624.785
1750926600000,107806.1,107900.0,107643.2,107699.9,1411.434
1750928400000,107700.0,107736.8,107202.0,107395.1,5963.352
1750930200000,107395.2,107423.2,107240.0,107263.3,1561.253
1750932000000,107263.3,107413.3,107178.3,107278.9,1629.266
1750933800000,107278.9,107388.0,107234.7,107329.1,1034.964
1750935600000,107329.0,107350.0,107120.5,107139.8,1719.826
1750937400000,107139.7,107331.3,107050.0,107272.8,1907.824
1750939200000,107272.8,107379.9,107035.1,107140.4,1919.923
1750941000000,107140.3,107272.4,106965.6,107059.9,2654.248
1750942800000,107059.9,107156.9,106958.2,107065.0,2197.015
1750944600000,107065.0,107316.3,106741.2,106905.9,6355.968
1750946400000,106905.9,107240.0,106833.6,107190.1,3628.736
1750948200000,107190.0,107724.5,107174.3,107393.1,5922.651
1750950000000,107393.0,107480.0,106834.2,106861.3,3329.744
1750951800000,106861.2,107282.3,106500.0,107260.0,7268.385
1750953600000,107259.9,107362.5,106968.6,107185.3,2573.902
1750955400000,107185.3,107238.4,106952.0,107149.0,1456.593
1750957200000,107149.0,107388.8,107134.5,107291.4,1442.485
1750959000000,107291.5,107322.0,107073.2,107136.9,1161.988
1750960800000,107136.9,107543.1,107075.3,107235.3,2250.521
1750962600000,107235.3,107359.8,107137.4,107331.9,1411.821
1750964400000,107331.8,107498.1,107269.4,107399.0,1240.546
1750966200000,107399.1,107630.8,107389.8,107476.1,1760.057
1750968000000,107476.0,107590.3,107400.0,107562.8,1342.975
1750969800000,107562.8,107971.3,107562.7,107727.7,3727.026
1750971600000,107727.7,107749.5,107076.6,107193.2,2999.17
1750973400000,107193.1,107286.3,106789.9,106969.6,3483.986
1750975200000,106969.5,107178.9,106900.0,107116.3,2096.752
1750977000000,107116.2,107168.4,106898.9,106941.0,1526.021
1750978800000,106941.0,107021.0,106822.3,106960.4,1507.585
1750980600000,106960.4,107005.6,106811.0,106913.7,1017.122
1750982400000,106913.8,107135.0,106870.8,107114.0,1335.398
1750984200000,107114.0,107130.0,106603.6,106623.9,2328.765
1750986000000,106623.9,107024.1,106345.2,106947.9,5240.613
1750987800000,106947.9,107171.5,106922.4,107069.5,1764.774
1750989600000,107069.6,107235.5,106990.9,107150.1,1579.167
1750991400000,107150.5,107246.3,107140.4,107194.4,837.401
1750993200000,107194.5,107302.1,107117.1,107281.0,1241.491
1750995000000,107281.0,107462.5,107281.0,107428.0,1576.196
1750996800000,107428.1,107449.5,107301.0,107367.0,1205.324
1750998600000,107367.1,107528.0,107333.6,107453.3,1350.313
1751000400000,107453.3,107506.8,107263.2,107278.9,1148.981
1751002200000,107278.9,107344.6,107211.0,107211.0,964.808
1751004000000,107211.0,107340.5,107153.0,107219.4,855.427
1751005800000,107219.5,107333.0,107183.4,107229.1,875.66
1751007600000,107229.1,107686.0,107228.9,107294.8,2679.967
1751009400000,107294.8,107294.9,106801.0,106816.9,4915.076
1751011200000,106816.9,106978.3,106660.5,106666.0,3566.44
1751013000000,106666.0,107043.5,106616.8,106951.0,4388.055
1751014800000,106951.0,106962.9,106741.1,106779.8,1895.738
1751016600000,106779.8,107094.3,106779.8,107042.6,3060.379
1751018400000,107042.6,107125.9,106890.1,106952.8,2183.046
1751020200000,106952.9,107031.9,106923.1,106953.5,1728.757
1751022000000,106953.5,107112.1,106868.3,106870.1,1026.556
1751023800000,106870.1,106998.4,106870.1,106943.7,907.621
1751025600000,106943.7,107168.4,106870.0,107125.0,1578.819
1751027400000,107125.0,107127.7,106551.0,106631.7,4457.803
1751029200000,106631.8,106787.0,106558.8,106648.3,2617.535
1751031000000,106648.2,106937.6,106313.1,106775.5,5708.615
1751032800000,106775.6,107049.9,106348.0,106455.9,7092.324
1751034600000,106456.0,106643.5,106313.6,106508.7,3930.123
1751036400000,106508.8,106745.0,106424.9,106740.2,2250.707
1751038200000,106740.2,107378.6,106693.8,107261.3,6375.817
1751040000000,107261.2,107338.1,107021.9,107245.2,3617.893
1751041800000,107245.3,107659.9,107232.5,107418.8,5341.926
1751043600000,107418.7,107445.6,106903.3,106932.3,2849.954
1751045400000,106932.2,107007.7,106405.0,106809.2,6282.532
1751047200000,106809.2,106949.4,106535.6,106624.7,2319.765
1751049000000,106624.6,106660.3,106373.3,106649.5,3175.682
1751050800000,106649.5,106837.7,106531.1,106728.6,1773.402
1751052600000,106728.6,106971.5,106635.7,106748.1,1982.884
1751054400000,106748.2,107054.6,106736.7,106973.5,1737.662
1751056200000,106973.5,107087.4,106941.0,107066.7,1342.72
1751058000000,107066.6,107185.8,106972.2,107119.9,1486.105
1751059800000,107119.9,107232.1,106998.4,106998.4,1500.474
1751061600000,106998.5,107145.4,106991.7,107129.2,425.78
1751063400000,107129.2,107129.3,107042.0,107047.7,503.756
1751065200000,107047.8,107118.3,106920.4,106959.1,1027.118
1751067000000,106959.1,107014.4,106908.2,107010.7,602.101
1751068800000,107010.6,107014.0,106800.0,106913.1,1411.223
1751070600000,106913.0,107139.4,106887.9,107006.4,1501.689
1751072400000,107006.4,107006.5,106767.0,106790.0,1084.079
1751074200000,106789.9,107085.8,106780.0,107022.1,937.612
1751076000000,107022.2,107139.4,106957.4,107135.0,967.705
1751077800000,107135.0,107153.9,107061.6,107061.8,642.401
1751079600000,107061.9,107140.1,107031.8,107128.9,514.909
1751081400000,107128.9,107313.4,107128.9,107248.0,1514.054
1751083200000,107248.0,107272.0,107131.0,107186.8,599.109
1751085000000,107186.9,107186.9,107134.3,107143.1,380.308
1751086800000,107143.2,107266.2,107127.2,107215.3,626.558
1751088600000,107215.2,107248.2,107198.4,107242.2,349.913
1751090400000,107242.2,107397.4,107242.1,107397.3,916.036
1751092200000,107397.4,107400.0,107322.5,107364.2,799.6
1751094000000,107364.2,107400.0,107338.1,107396.1,586.768
1751095800000,107396.1,107458.4,107396.1,107433.0,1008.649
1751097600000,107433.1,107450.0,107324.3,107374.0,1020.295
1751099400000,107374.1,107374.1,107300.0,107329.8,689.925
1751101200000,107329.7,107330.0,107243.9,107278.7,658.164
1751103000000,107278.7,107278.7,107213.9,107251.8,826.068
1751104800000,107251.9,107324.1,107242.4,107281.7,598.569
1751106600000,107281.7,107313.4,107194.7,107214.0,576.568
1751108400000,107214.0,107245.1,107213.6,107245.0,308.497
1751110200000,107245.1,107329.5,107233.3,107320.3,402.459
1751112000000,107320.2,107331.5,107232.1,107232.2,453.29
1751113800000,107232.1,107304.4,107232.1,107281.1,307.349
1751115600000,107281.1,107312.1,107125.0,107131.1,545.805
1751117400000,107131.1,107133.8,107039.8,107066.5,1371.279
1751119200000,107066.5,107222.7,107059.1,107181.4,1004.251
1751121000000,107181.4,107210.4,107138.1,107150.8,348.07
1751122800000,107150.9,107192.7,107142.8,107142.9,445.811
1751124600000,107142.9,107538.0,107142.8,107407.6,2511.955
1751126400000,107407.7,107472.0,107196.1,107273.8,1787.813
1751128200000,107273.8,107418.5,107207.3,107250.2,1055.123
1751130000000,107250.2,107320.3,107235.6,107276.2,408.422
1751131800000,107276.2,107494.0,107267.3,107424.5,1185.326
1751133600000,107424.6,107424.6,107294.8,107296.0,793.79
1751135400000,107296.0,107324.0,107202.1,107277.7,475.404
1751137200000,107277.8,107289.9,107238.6,107247.4,371.103
1751139000000,107247.4,107247.5,107157.0,107162.5,490.678
1751140800000,107162.5,107185.8,107096.7,107185.6,680.347
1751142600000,107185.6,107185.6,107108.2,107108.2,346.225
1751144400000,107108.3,107216.1,107108.2,107203.5,416.594
1751146200000,107203.5,107305.4,107178.7,107270.1,429.363
1751148000000,107270.0,107324.0,107210.7,107247.2,430.972
1751149800000,107247.2,107324.8,107242.3,107309.0,347.996
1751151600000,107309.1,107309.1,107258.8,107258.9,273.696
1751153400000,107258.8,107258.9,107225.7,107241.0,268.599
1751155200000,107240.9,107443.8,107192.4,107379.6,1497.565
1751157000000,107379.7,107464.0,107310.2,107421.4,1657.957
1751158800000,107421.4,107428.4,107349.0,107374.5,473.256
1751160600000,107374.4,107378.3,107258.8,107269.4,346.998
1751162400000,107269.4,107276.6,107112.6,107174.1,1132.779
1751164200000,107174.2,107319.6,107146.5,107252.2,525.273
1751166000000,107252.1,107252.2,107208.5,107229.5,280.22
1751167800000,107229.4,107229.5,107137.9,107156.5,427.203
1751169600000,107156.5,107205.4,107156.4,107180.1,381.577
1751171400000,107180.2,107223.2,107180.1,107220.2,194.586
1751173200000,107220.2,107220.2,107171.2,107171.2,305.064
1751175000000,107171.2,107268.7,107156.5,107260.0,314.636
1751176800000,107260.0,107299.7,107260.0,107282.0,420.804
1751178600000,107282.1,107340.1,107282.0,107328.8,466.251
1751180400000,107328.7,107350.0,107282.5,107300.5,643.888
1751182200000,107300.5,107372.6,107269.9,107367.2,633.506
1751184000000,107367.3,107453.1,107351.6,107407.0,1054.591
1751185800000,107407.0,107696.4,107406.9,107658.0,4120.701
1751187600000,107658.0,107771.0,107586.6,107754.9,2289.984
1751189400000,107755.0,107936.0,107754.9,107852.1,3637.913
1751191200000,107852.1,108268.8,107852.1,108097.7,5761.689
1751193000000,108097.7,108195.2,107813.0,108121.5,3946.715
1751194800000,108121.5,108160.0,108051.2,108104.3,1116.62
1751196600000,108104.4,108460.0,108104.3,108448.3,3296.736
1751198400000,108448.3,108499.0,108100.0,108163.8,3732.29
1751200200000,108163.7,108195.0,107984.1,108151.6,1386.391
1751202000000,108151.7,108188.8,108035.0,108060.0,863.337
1751203800000,108059.9,108149.9,107969.4,108013.0,1310.745
1751205600000,108013.1,108182.0,108013.0,108036.6,1040.946
1751207400000,108036.5,108045.5,107723.8,107893.9,2732.322
1751209200000,107894.0,107977.5,107771.1,107865.5,1126.881
1751211000000,107865.4,107904.8,107580.6,107686.9,2506.93
1751212800000,107686.9,107735.7,107400.0,107467.1,3121.681
1751214600000,107467.1,107573.3,107233.1,107494.4,3679.222
1751216400000,107494.5,107541.4,107332.3,107347.3,1306.461
1751218200000,107347.3,107485.5,107250.0,107485.4,1531.804
1751220000000,107485.5,107578.8,107387.6,107561.6,955.54
1751221800000,107561.6,107662.1,107511.1,107570.5,1205.497
1751223600000,107570.5,107570.5,107437.8,107503.2,573.407
1751225400000,107503.2,107514.0,107291.1,107346.5,953.487
1751227200000,107346.5,107431.8,107320.0,107419.6,689.126
1751229000000,107419.6,107420.9,107300.0,107300.1,613.769
1751230800000,107300.1,107517.0,107203.8,107480.6,1645.189
1751232600000,107480.6,107689.9,107437.5,107499.6,1053.614
1751234400000,107499.6,107987.1,107499.6,107971.8,3367.37
1751236200000,107971.8,108225.8,107773.9,108041.5,4064.949
1751238000000,108041.5,108400.0,107963.5,108339.8,3209.161
1751239800000,108339.9,108396.2,108236.7,108309.8,1851.694
1751241600000,108309.8,108650.0,108193.5,108611.7,4848.804
1751243400000,108611.7,108783.9,108528.2,108665.5,3319.581
1751245200000,108665.6,108665.6,108349.3,108641.3,2408.45
1751247000000,108641.3,108725.3,108432.2,108455.2,1700.588
1751248800000,108455.2,108612.3,108389.0,108544.9,1334.613
1751250600000,108545.0,108600.0,108393.4,108441.2,1071.097
1751252400000,108441.3,108547.4,108376.1,108414.4,1095.923
1751254200000,108414.4,108518.5,108414.4,108466.7,696.056
1751256000000,108466.8,108500.0,108376.6,108394.0,1042.019
1751257800000,108394.1,108400.7,108249.2,108274.1,1500.024
1751259600000,108274.1,108341.9,108248.1,108251.6,930.904
1751261400000,108251.6,108261.7,108107.6,108232.9,2102.1
1751263200000,108232.8,108254.9,108088.7,108100.0,1044.429
1751265000000,108099.9,108139.1,107456.8,107504.5,8089.281
1751266800000,107504.5,107694.1,107427.5,107656.4,4068.309
1751268600000,107656.3,107674.6,107547.9,107562.6,1460.259
1751270400000,107562.6,107690.0,107467.7,107561.7,2014.263
1751272200000,107561.7,107589.5,107401.0,107454.9,1328.492
1751274000000,107454.9,107657.9,107410.1,107597.8,1386.814
1751275800000,107597.8,107640.6,107428.0,107428.0,1179.438
1751277600000,107428.0,107490.1,107320.0,107465.9,1990.17
1751279400000,107465.9,107600.0,107416.8,107586.8,1276.155
1751281200000,107586.9,107893.3,107567.1,107798.5,2871.81
1751283000000,107798.5,107916.6,107580.6,107608.1,2311.023
1751284800000,107608.1,107781.0,107601.2,107682.3,1397.355
1751286600000,107682.3,107708.8,107502.2,107526.9,1317.83
1751288400000,107526.9,107821.0,107526.9,107783.5,1686.056
1751290200000,107783.5,107821.8,107431.4,107481.9,4584.239
1751292000000,107481.8,107600.0,107088.0,107288.1,7407.187
1751293800000,107288.0,107433.8,106698.6,106764.5,8429.203
1751295600000,106764.6,107161.0,106686.4,107128.6,6500.573
1751297400000,107128.5,107749.9,107041.3,107525.6,7641.918
1751299200000,107525.7,107775.0,107231.0,107246.1,3719.052
1751301000000,107246.1,107644.9,107228.5,107551.7,1833.014
1751302800000,107551.8,107703.9,107467.8,107687.1,1580.714
1751304600000,107687.0,107760.7,107364.0,107422.8,1688.531
1751306400000,107422.7,107571.0,107240.0,107240.1,1440.663
1751308200000,107240.1,107280.0,107057.9,107191.0,1668.359
1751310000000,107191.0,107539.5,107156.3,107469.9,1392.939
1751311800000,107470.0,107748.7,107375.8,107689.6,2178.846
1751313600000,107689.6,107714.9,107426.0,107534.1,1277.828
1751315400000,107534.2,107601.9,107483.2,107534.3,664.664
1751317200000,107534.3,107545.2,107294.1,107299.8,673.649
1751319000000,107299.7,107345.1,106863.8,107066.1,2185.18
1751320800000,107066.1,107255.4,106952.6,107215.8,1574.796
1751322600000,107215.7,107260.0,107027.6,107051.1,973.169
1751324400000,107051.1,107181.3,107010.8,107105.3,664.611
1751326200000,107105.3,107120.1,107009.4,107087.4,1130.408
1751328000000,107087.3,107408.2,107036.7,107111.4,2417.118
1751329800000,107111.4,107342.9,106972.9,107327.8,1108.454
1751331600000,107327.9,107499.9,107239.8,107359.9,1288.679
1751333400000,107360.0,107473.1,107119.2,107171.8,883.117
1751335200000,107171.7,107290.0,107128.8,107281.6,704.138
1751337000000,107281.6,107365.8,107038.4,107050.1,1087.834
1751338800000,107050.0,107172.4,107022.0,107169.0,1236.434
1751340600000,107168.9,107176.1,107058.2,107149.4,606.764
1751342400000,107149.4,107164.5,107025.0,107035.7,905.538
1751344200000,107035.6,107059.0,106809.3,106836.3,2265.594
1751346000000,106836.3,106890.2,106691.1,106703.1,2387.984
1751347800000,106703.1,106920.6,106691.0,106891.1,1623.91
1751349600000,106891.0,106891.1,106688.0,106720.1,1403.41
1751351400000,106720.0,106851.5,106707.4,106844.7,1148.745
1751353200000,106844.6,106968.2,106557.4,106858.2,3196.295
1751355000000,106858.2,107146.3,106837.8,107134.9,2965.104
1751356800000,107134.8,107139.1,106850.1,106872.3,1480.983
1751358600000,106872.4,106902.4,106631.2,106666.0,1281.591
1751360400000,106666.1,106749.9,106538.1,106640.6,1765.233
1751362200000,106640.6,106640.6,106444.0,106502.5,2312.065
1751364000000,106502.5,106588.4,106417.0,106417.0,1503.666
1751365800000,106417.0,106451.4,106222.0,106438.5,4004.51
1751367600000,106438.5,106543.9,106261.0,106446.2,2196.46
1751369400000,106446.1,106584.2,106446.1,106556.8,1483.864
1751371200000,106556.8,106656.5,106308.0,106358.2,1983.157
1751373000000,106358.1,106451.2,106325.3,106367.3,1254.845
1751374800000,106367.4,106588.0,106312.4,106584.7,1713.999
1751376600000,106584.7,106831.4,106233.5,106766.0,5835.898
1751378400000,106766.0,107140.7,106407.4,106487.0,7150.584
1751380200000,106486.9,106650.0,105643.5,105862.6,16950.078
1751382000000,105862.5,106054.3,105578.0,105925.0,6590.747
1751383800000,105925.0,106162.0,105803.0,105908.3,3812.838
1751385600000,105908.3,106233.0,105780.9,106157.1,2696.742
1751387400000,106157.0,106158.6,105905.6,106041.1,1840.702
1751389200000,106041.2,106240.0,105850.0,106157.3,1927.709
1751391000000,106157.3,106248.6,106029.5,106200.2,974.99
1751392800000,106200.2,106220.0,105744.5,105800.4,2710.043
1751394600000,105800.3,105878.7,105628.6,105692.4,2002.853
1751396400000,105692.4,105757.3,105398.7,105688.3,5413.644
1751398200000,105688.3,105720.8,105333.0,105340.1,4159.439
1751400000000,105340.1,105587.7,105182.6,105587.1,3635.973
1751401800000,105587.7,105946.3,105587.6,105860.1,1734.133
1751403600000,105860.0,106066.1,105689.5,105930.9,1505.294
1751405400000,105930.9,105930.9,105686.1,105732.7,840.637
1751407200000,105732.6,105866.6,105669.6,105670.0,837.752
1751409000000,105670.0,105784.9,105550.5,105575.0,876.575
1751410800000,105575.0,105575.0,105304.5,105455.0,1667.43
1751412600000,105455.1,105658.8,105390.4,105637.9,1060.849
1751414400000,105637.9,105738.0,105550.6,105578.3,1535.036
1751416200000,105578.4,105636.1,105321.0,105336.2,1831.559
1751418000000,105336.1,105589.5,105010.0,105576.4,3464.332
1751419800000,105576.4,105751.0,105528.1,105668.1,1744.249
1751421600000,105668.0,105744.0,105478.4,105671.7,1092.359
1751423400000,105671.7,105874.9,105556.6,105865.9,1458.988
1751425200000,105865.9,106131.1,105812.9,106065.5,2813.409
1751427000000,106065.5,106165.1,106026.5,106140.0,1269.301
1751428800000,106140.0,106181.8,106074.2,106172.7,1260.277
1751430600000,106172.7,106344.0,106094.4,106344.0,1707.349
1751432400000,106344.0,106499.9,106245.4,106407.8,2689.099
1751434200000,106407.8,106623.3,106386.8,106584.3,2647.627
1751436000000,106584.3,106795.7,106580.2,106685.5,3349.661
1751437800000,106685.5,106965.0,106685.5,106964.4,3298.074
1751439600000,106964.4,106964.5,106778.9,106817.3,2975.771
1751441400000,106817.3,107144.4,106815.6,107026.0,3474.869
1751443200000,107026.1,107635.0,107026.1,107596.4,7796.64
1751445000000,107596.3,107717.0,107411.5,107691.6,6407.793
1751446800000,107691.5,107755.3,107446.4,107490.5,4570.093
1751448600000,107490.5,107654.4,107476.1,107591.4,1725.491
1751450400000,107591.4,107750.0,107562.8,107698.7,1754.751
1751452200000,107698.7,107799.9,107674.5,107784.8,1832.064
1751454000000,107784.8,107784.9,107680.3,107690.9,1569.641
1751455800000,107690.8,107700.0,107288.0,107439.6,4436.915
1751457600000,107439.7,107449.9,107152.3,107270.9,3118.286
1751459400000,107270.8,107387.2,107132.3,107333.1,2338.645
1751461200000,107333.1,107629.6,107227.3,107502.2,3592.045
1751463000000,107502.2,107950.0,107335.6,107724.0,5964.502
1751464800000,107724.1,108011.7,107590.0,107781.9,7599.441
1751466600000,107781.9,108127.1,107680.0,108096.5,5105.609
1751468400000,108096.5,108479.0,108061.9,108223.9,9485.672
1751470200000,108223.9,108754.6,108132.0,108695.3,5730.241
1751472000000,108695.4,109620.0,108603.9,109148.7,23122.551
1751473800000,109148.7,109594.7,109084.9,109366.9,6346.454
1751475600000,109367.0,109690.4,109252.0,109338.3,6613.123
1751477400000,109338.4,109368.7,108779.7,109082.7,7195.958
1751479200000,109082.7,109348.0,108940.7,109304.1,2791.175
1751481000000,109304.1,109488.0,109208.6,109487.9,1413.64
1751482800000,109488.0,109534.0,109214.2,109491.6,2386.176
1751484600000,109491.5,109645.4,109232.8,109621.9,2603.222
1751486400000,109621.8,109621.9,109162.8,109412.8,2613.949
1751488200000,109412.8,109427.3,109082.7,109092.6,1360.897
1751490000000,109092.6,109314.7,109088.5,109181.6,1452.88
1751491800000,109181.7,109500.0,109177.5,109402.4,2245.462
1751493600000,109402.4,109470.1,109165.0,109227.5,1405.03
1751495400000,109227.3,109373.0,109054.3,109095.6,1534.725
1751497200000,109095.6,109133.4,108900.0,108922.0,1798.29
1751499000000,108922.1,108959.3,108682.5,108800.0,3043.94
1751500800000,108800.0,108949.8,108671.0,108834.1,2419.158
1751502600000,108834.2,109075.1,108720.0,108884.9,1632.006
1751504400000,108884.9,109074.5,108760.1,109018.7,1329.66
1751506200000,109018.7,109073.4,108930.6,108935.1,831.415
1751508000000,108935.1,108935.2,108517.6,108563.4,2442.614
1751509800000,108563.5,108706.8,108480.6,108676.6,1833.346
1751511600000,108676.7,108751.2,108575.3,108687.0,1080.465
1751513400000,108687.0,108777.0,108575.0,108594.8,1292.41
1751515200000,108594.8,108948.0,108509.1,108896.5,2015.409
1751517000000,108896.5,108940.4,108701.2,108738.5,1524.33
1751518800000,108738.5,109229.4,108738.5,109061.6,3256.124
1751520600000,109061.7,109315.9,109060.0,109290.4,2980.448
1751522400000,109290.4,109410.1,109200.0,109410.0,2067.201
1751524200000,109410.1,109516.3,109285.7,109419.9,1758.493
1751526000000,109419.9,109420.0,109092.4,109186.1,2056.257
1751527800000,109186.1,109383.8,109175.8,109235.0,1144.946
1751529600000,109234.9,109500.0,109234.9,109497.7,1862.147
1751531400000,109497.7,109530.2,109323.0,109325.2,1804.77
1751533200000,109325.1,109965.2,109325.1,109940.3,6839.208
1751535000000,109940.3,110265.1,109764.4,109894.7,8351.129
1751536800000,109894.6,109965.6,109558.2,109697.4,3088.194
1751538600000,109697.4,109832.1,109631.2,109794.7,1435.136
1751540400000,109794.7,109799.8,109588.0,109588.0,1263.406
1751542200000,109588.0,109680.2,109538.4,109551.0,1377.321
1751544000000,109551.1,109595.0,109420.0,109580.8,2517.625
1751545800000,109580.8,109920.0,108706.0,109119.9,14698.813
1751547600000,109120.0,109333.3,109071.9,109262.6,3654.425
1751549400000,109262.5,110484.0,109257.0,110220.3,16629.17
1751551200000,110220.3,110450.0,109787.2,109850.0,8477.974
1751553000000,109850.0,109898.3,109501.1,109670.0,5369.938
1751554800000,109669.9,109792.9,109244.9,109508.9,4710.089
1751556600000,109508.9,109580.0,109043.9,109089.8,4390.76
1751558400000,109089.9,109320.0,108966.0,109127.3,4125.227
1751560200000,109127.4,109639.9,109100.0,109236.6,4265.254
1751562000000,109236.7,109614.7,109220.0,109402.8,2021.549
1751563800000,109402.9,109587.0,109402.9,109504.8,912.829
1751565600000,109504.8,109688.8,109268.1,109572.9,1889.52
1751567400000,109573.0,109637.9,109425.8,109637.8,1265.464
1751569200000,109637.8,109865.9,109581.5,109824.9,2118.007
1751571000000,109824.9,109825.0,109620.8,109743.9,1045.916
1751572800000,109743.8,109864.8,109711.2,109825.7,947.156
1751574600000,109825.7,109909.9,109782.5,109902.8,905.576
1751576400000,109902.8,109963.1,109640.6,109726.0,1629.506
1751578200000,109725.9,109793.5,109631.3,109744.9,992.307
1751580000000,109745.0,109828.8,109610.0,109639.2,923.303
1751581800000,109639.2,109742.2,109597.6,109656.0,691.013
1751583600000,109656.0,109777.7,109488.8,109560.3,1090.945
1751585400000,109560.2,109576.0,109497.7,109545.2,530.038
1751587200000,109545.1,109588.0,109396.9,109443.5,1222.944
1751589000000,109443.6,109665.6,109318.4,109422.5,1107.533
1751590800000,109422.4,109732.3,109393.4,109591.9,1394.916
1751592600000,109591.9,109668.6,109450.1,109455.0,996.909
1751594400000,109455.0,109455.1,109236.0,109300.7,1252.771
1751596200000,109300.8,109316.0,109050.0,109138.0,2448.955
1751598000000,109138.0,109340.1,109069.0,109309.9,1591.218
1751599800000,109310.0,109323.6,109180.0,109195.6,643.953
1751601600000,109195.7,109283.2,109137.4,109163.8,790.733
1751603400000,109163.9,109171.2,108904.6,108938.2,2449.441
1751605200000,108938.2,109120.0,108900.1,109062.5,2044.61
1751607000000,109062.6,109170.4,108866.0,108958.5,1984.909
1751608800000,108958.5,108985.6,108749.1,108866.5,2355.65
1751610600000,108866.5,108985.7,108863.2,108982.6,933.018
1751612400000,108982.6,109105.6,108702.1,108703.4,2305.811
1751614200000,108703.5,108890.0,108661.0,108661.0,2601.69
1751616000000,108661.1,108777.0,108456.4,108750.5,4815.28
1751617800000,108750.5,108845.3,108665.8,108710.0,2448.062
1751619600000,108710.0,109011.2,108710.0,108987.0,2787.794
1751621400000,108987.0,109022.7,108858.8,108946.7,1904.757
1751623200000,108946.6,109018.6,108851.2,108899.7,1041.39
1751625000000,108899.7,109000.0,108808.0,108849.1,1092.018
1751626800000,108849.1,109071.1,108849.1,109044.2,1495.283
1751628600000,109044.1,109057.9,108800.0,108842.3,1050.227
1751630400000,108842.2,108929.3,108752.8,108811.6,1454.766
1751632200000,108811.5,108811.6,108561.1,108684.7,2001.637
1751634000000,108684.6,108810.7,108500.0,108546.6,2278.808
1751635800000,108546.6,108570.0,107911.0,107918.7,13441.006
1751637600000,107918.7,108066.0,107436.0,107986.1,16369.701
1751639400000,107986.0,107995.2,107693.0,107762.5,4758.411
1751641200000,107762.6,107900.0,107572.6,107814.9,5243.083
1751643000000,107814.8,107828.0,107526.8,107534.7,3435.874
1751644800000,107534.6,107691.0,107291.2,107483.5,8604.7
1751646600000,107483.4,107705.1,107365.3,107593.2,3577.441
1751648400000,107593.2,107868.6,107581.7,107706.5,3806.394
1751650200000,107706.5,107863.6,107655.8,107824.2,2283.414
1751652000000,107824.9,107831.2,107574.0,107594.8,1818.573
1751653800000,107594.7,107755.0,107450.0,107450.0,2570.602
1751655600000,107450.1,107607.5,107200.0,107237.2,4269.531
1751657400000,107237.2,107481.6,107225.4,107429.6,1362.164
1751659200000,107429.6,107732.8,107385.9,107694.3,2049.346
1751661000000,107694.3,107760.0,107635.5,107635.6,893.126
1751662800000,107635.6,107777.0,107635.5,107775.8,1003.67
1751664600000,107775.8,107897.7,107690.1,107859.5,1933.023
1751666400000,107859.5,108123.0,107830.7,108074.2,2531.565
1751668200000,108074.2,108229.0,108074.1,108197.9,2006.53
1751670000000,108197.9,108197.9,107987.0,108049.9,855.746
1751671800000,108049.9,108074.7,107884.5,107935.4,996.864
1751673600000,107935.3,108086.0,107883.1,108026.2,1227.33
1751675400000,108026.1,108178.5,108000.0,108133.2,811.867
1751677200000,108133.1,108133.2,107831.1,107879.4,1024.867
1751679000000,107879.5,107958.5,107843.5,107939.8,523.199
1751680800000,107939.7,107939.8,107742.8,107754.9,1040.922
1751682600000,107754.9,108045.5,107688.3,108018.6,1116.991
1751684400000,108018.6,108199.9,108018.5,108199.9,1376.397
1751686200000,108199.9,108218.0,108066.6,108093.5,794.462
1751688000000,108093.4,108350.3,107976.2,108328.3,1958.666
1751689800000,108328.4,108368.1,108077.8,108077.8,986.505
1751691600000,108077.8,108089.4,107981.2,108071.7,860.707
1751693400000,108071.7,108125.0,107954.5,108082.5,516.639
1751695200000,108082.6,108200.0,108010.7,108167.2,799.59
1751697000000,108167.3,108250.0,108143.8,108228.0,908.458
1751698800000,108228.1,108228.1,108039.7,108093.8,786.075
1751700600000,108093.9,108093.9,107946.1,108000.9,756.426
1751702400000,108000.8,108074.0,107947.1,107999.2,641.071
1751704200000,107999.3,107999.3,107874.5,107974.4,919.601
1751706000000,107974.5,107974.6,107828.1,107881.5,1028.454
1751707800000,107881.4,108087.8,107843.8,108033.6,821.288
1751709600000,108033.5,108093.2,108009.0,108087.1,672.145
1751711400000,108087.1,108170.1,108036.6,108036.7,825.945
1751713200000,108036.7,108135.1,108036.6,108111.6,455.521
1751715000000,108111.7,108175.0,108059.1,108059.1,527.773
1751716800000,108059.2,108064.2,107934.4,107961.7,1026.968
1751718600000,107961.6,108110.8,107908.8,108106.1,738.115
1751720400000,108106.0,108194.4,108073.2,108156.8,676.333
1751722200000,108156.8,108156.9,108055.9,108077.5,398.938
1751724000000,108077.5,108180.0,108043.1,108140.1,588.528
1751725800000,108140.1,108158.0,108080.6,108150.0,484.168
1751727600000,108149.9,108150.0,108059.2,108059.3,484.676
1751729400000,108059.3,108082.0,107992.1,108012.7,692.591
1751731200000,108012.6,108053.0,107905.1,107911.7,1033.293
1751733000000,107911.6,108070.0,107809.2,108059.3,1750.068
1751734800000,108059.4,108130.7,107884.3,107960.0,873.784
1751736600000,107960.0,108046.8,107922.2,108044.8,452.42
1751738400000,108044.9,108056.3,107911.9,107928.9,491.234
1751740200000,107928.9,107984.7,107911.2,107942.2,379.481
1751742000000,107942.2,107999.6,107900.0,107999.6,427.363
1751743800000,107999.5,108124.9,107987.7,108092.1,749.791
1751745600000,108092.2,108115.5,107930.1,107930.2,898.368
1751747400000,107930.2,108079.0,107930.1,108036.6,293.818
1751749200000,108036.6,108092.7,108006.1,108037.5,562.044
1751751000000,108037.5,108097.8,108003.5,108028.8,420.98
1751752800000,108028.7,108093.7,107997.7,108079.9,379.713
1751754600000,108080.0,108150.0,108036.8,108131.3,453.65
1751756400000,108131.3,108183.8,108118.7,108158.9,599.73
1751758200000,108158.9,108170.0,108121.3,108153.4,423.995
1751760000000,108153.4,108195.0,108059.3,108155.4,714.187
1751761800000,108155.4,108195.4,108106.0,108159.1,571.449
1751763600000,108159.1,108159.2,108031.9,108031.9,397.049
1751765400000,108032.0,108155.4,108027.0,108155.4,486.801
1751767200000,108155.3,108211.0,108068.8,108093.1,862.83
1751769000000,108093.1,108104.1,108000.0,108000.1,354.628
1751770800000,108000.0,108051.5,107974.5,107989.6,591.134
1751772600000,107989.5,108019.1,107968.1,107996.3,394.062
1751774400000,107996.2,108056.5,107950.0,107950.1,452.396
1751776200000,107950.1,107960.5,107901.0,107936.1,462.451
1751778000000,107936.1,107967.9,107905.1,107963.4,378.019
1751779800000,107963.3,107976.0,107938.1,107941.7,348.127
1751781600000,107941.8,108180.0,107916.5,108068.4,1042.933
1751783400000,108068.5,108100.0,108003.1,108072.9,424.208
1751785200000,108072.9,108149.6,108054.4,108078.1,464.529
1751787000000,108078.2,108078.2,107991.3,107991.3,351.646
1751788800000,107991.4,108014.8,107912.9,107923.8,904.701
1751790600000,107923.8,107986.5,107922.3,107953.2,479.652
1751792400000,107953.2,108022.9,107942.4,107960.1,373.278
1751794200000,107960.0,107971.0,107762.0,107792.1,2460.732
1751796000000,107792.0,107910.6,107743.4,107903.6,1328.412
1751797800000,107903.7,108087.2,107903.7,107936.0,1203.155
1751799600000,107936.0,107964.7,107903.2,107947.1,389.903
1751801400000,107947.2,108042.2,107947.1,108017.3,457.43
1751803200000,108017.3,108050.0,107984.7,108038.4,546.537
1751805000000,108038.4,108200.0,108038.4,108193.1,1788.33
1751806800000,108193.1,108437.7,108140.0,108418.4,2380.999
1751808600000,108418.4,109079.1,108414.3,108713.2,11132.184
1751810400000,108713.2,108878.9,108652.3,108850.0,2944.949
1751812200000,108850.0,108997.5,108550.0,108878.1,3473.793
1751814000000,108878.0,108933.9,108670.0,108766.6,2105.591
1751815800000,108766.6,108859.2,108609.1,108856.8,1197.036
1751817600000,108856.8,108899.7,108662.7,108759.7,1270.265
1751819400000,108759.6,108816.0,108646.0,108790.8,956.359
1751821200000,108790.8,108815.4,108662.7,108815.4,954.425
1751823000000,108815.4,108917.0,108802.0,108865.1,915.241
1751824800000,108865.0,108878.9,108431.9,108505.9,1868.02
1751826600000,108505.8,108576.2,108209.6,108424.0,2882.389
1751828400000,108424.0,108583.0,108408.6,108413.2,1177.972
1751830200000,108413.2,108493.8,108244.1,108493.8,905.347
1751832000000,108493.8,108798.3,108477.9,108648.7,1426.961
1751833800000,108648.7,108785.0,108606.1,108606.1,692.132
1751835600000,108606.2,109300.0,108600.0,109251.5,3544.936
1751837400000,109251.5,109684.7,108980.1,109161.8,7199.695
1751839200000,109161.8,109486.4,109148.3,109401.8,2818.733
1751841000000,109401.8,109410.9,109165.6,109184.8,1165.197
1751842800000,109184.7,109197.2,108955.5,109005.2,2073.225
1751844600000,109005.1,109240.0,108921.9,109145.8,1074.575
1751846400000,109145.8,109239.0,108930.0,108953.4,1715.17
1751848200000,108953.3,108993.7,108742.0,108778.6,1775.003
1751850000000,108778.7,108899.6,108622.6,108866.6,1952.009
1751851800000,108866.6,109050.0,108861.2,108966.0,1346.466
1751853600000,108966.1,109476.8,108966.0,109400.0,3910.423
1751855400000,109400.0,109430.1,109278.2,109308.1,1403.905
1751857200000,109308.1,109667.3,109308.1,109578.9,2007.505
1751859000000,109578.9,109579.0,109318.1,109348.9,1532.125
1751860800000,109349.0,109409.7,109155.0,109182.9,1375.274
1751862600000,109182.9,109199.3,109063.2,109063.2,1125.884
1751864400000,109063.2,109157.9,109063.2,109070.0,1022.053
1751866200000,109070.0,109160.0,108968.0,109027.8,1479.826
1751868000000,109027.8,109125.0,108955.0,109090.4,982.767
1751869800000,109090.4,109090.5,108714.0,108733.1,2160.108
1751871600000,108733.1,108915.5,108611.0,108866.9,2124.787
1751873400000,108866.9,109016.3,108800.0,109016.3,1233.811
1751875200000,109016.3,109024.3,108814.6,108827.0,1370.332
1751877000000,108827.0,109041.2,108801.0,108961.4,1325.805
1751878800000,108961.3,108961.4,108700.1,108801.1,1471.845
1751880600000,108801.1,108870.9,108724.4,108797.3,960.391
1751882400000,108797.3,108859.8,108662.3,108688.6,2357.156
1751884200000,108688.5,108759.1,108620.3,108635.3,1503.659
1751886000000,108635.4,108773.3,108525.0,108700.1,1876.252
1751887800000,108700.1,108743.5,108582.8,108599.9,1138.865
1751889600000,108599.8,108599.9,108352.0,108386.5,3096.89
1751891400000,108386.6,108516.4,108265.1,108300.3,2984.267
1751893200000,108300.3,108398.0,107968.0,108376.6,5013.41
1751895000000,108376.6,108537.9,107963.3,108478.6,6289.061
1751896800000,108478.6,108612.2,108021.8,108099.5,4933.51
1751898600000,108099.5,108337.8,107903.2,108158.1,3316.354
1751900400000,108158.5,108538.8,108158.5,108488.1,2416.858
1751902200000,108488.0,108574.7,108221.8,108249.0,2312.245
1751904000000,108248.9,108460.8,107820.0,108112.3,5728.456
1751905800000,108112.3,108308.6,107850.0,107932.6,3010.507
1751907600000,107932.6,108082.9,107750.0,108082.8,4369.248
1751909400000,108082.8,108312.5,107850.0,107900.0,3118.028
1751911200000,107900.0,108064.5,107500.0,107505.6,4230.213
1751913000000,107505.6,107985.0,107456.0,107976.1,3570.927
1751914800000,107976.1,108265.0,107949.0,108145.0,2902.922
1751916600000,108145.0,108220.0,107963.0,107999.9,1626.465
1751918400000,107999.9,108064.5,107805.6,107985.0,1564.964
1751920200000,107985.0,108100.0,107806.9,107815.7,1144.4
1751922000000,107815.8,107928.7,107728.5,107740.2,1141.355
1751923800000,107740.2,108164.8,107740.2,108116.2,1386.072
1751925600000,108116.1,108135.1,107913.2,107935.0,814.519
1751927400000,107935.1,108041.8,107924.4,107965.9,515.561
1751929200000,107965.8,108182.6,107965.8,108128.9,925.06
1751931000000,108128.8,108250.1,108119.2,108203.9,834.865
1751932800000,108203.9,108381.3,108136.1,108381.3,1795.33
1751934600000,108381.3,108475.0,108139.0,108240.2,2258.301
1751936400000,108240.2,108240.3,107938.3,107994.1,1388.109
1751938200000,107994.0,108075.6,107621.4,107650.0,2784.58
1751940000000,107650.1,107900.3,107400.0,107871.0,4972.289
1751941800000,107871.0,107900.0,107504.4,107736.8,2447.545
1751943600000,107736.7,107874.5,107644.7,107854.8,1061.607
1751945400000,107854.9,107971.3,107815.3,107852.6,1276.546
1751947200000,107852.5,107852.6,107696.5,107814.2,851.054
1751949000000,107814.1,107986.0,107814.1,107986.0,996.195
1751950800000,107985.9,108058.2,107935.0,108050.1,829.835
1751952600000,108050.0,108180.0,107963.7,108159.1,1362.07
1751954400000,108159.2,108246.6,108079.1,108135.9,1386.749
1751956200000,108135.9,108336.5,108135.9,108240.2,1665.174
1751958000000,108240.2,108347.1,108162.6,108301.1,1237.834
1751959800000,108301.2,108445.8,108268.8,108440.7,1860.723
1751961600000,108440.7,108479.2,108320.2,108341.7,1714.984
1751963400000,108341.7,108353.8,108203.5,108208.0,1475.369
1751965200000,108208.1,108346.3,108172.4,108346.2,1028.742
1751967000000,108346.3,108448.1,108346.2,108405.7,996.069
1751968800000,108405.7,108638.6,108359.8,108468.6,2773.268
1751970600000,108468.5,108870.9,108457.6,108779.9,3671.418
1751972400000,108780.0,108964.1,108780.0,108850.1,2576.001
1751974200000,108850.0,108899.9,108700.4,108713.1,1707.705
1751976000000,108713.2,108777.6,108640.8,108647.9,1283.97
1751977800000,108647.9,108903.4,108647.9,108903.2,1602.796
1751979600000,108903.3,108903.4,108742.3,108837.3,1033.895
1751981400000,108837.2,109180.0,108585.0,108977.6,6254.395
1751983200000,108977.6,109029.6,108326.0,108469.8,5784.377
1751985000000,108469.8,108765.0,108191.4,108336.8,4116.068
1751986800000,108336.7,108487.0,108181.8,108222.6,2065.826
1751988600000,108222.7,108353.1,108151.0,108217.0,2002.842
1751990400000,108217.0,108499.0,108041.0,108399.9,3167.548
1751992200000,108399.9,108492.3,108124.2,108391.6,2558.121
1751994000000,108391.7,109015.4,108387.9,108831.5,5984.242
1751995800000,108831.5,109053.2,108652.6,108946.1,2893.204
1751997600000,108946.0,109084.3,108852.4,109006.5,2224.72
1751999400000,109006.4,109115.4,108903.0,109111.5,1509.083
1752001200000,109111.6,109111.6,108900.1,108900.1,1091.005
1752003000000,108900.0,108914.4,108677.9,108723.6,1447.149
1752004800000,108723.6,108900.0,108631.3,108847.8,792.218
1752006600000,108847.9,108850.0,108578.0,108578.0,613.128
1752008400000,108578.1,108732.1,108570.1,108692.6,758.972
1752010200000,108692.7,108928.0,108671.9,108847.1,1437.163
1752012000000,108847.1,108922.7,108749.8,108830.2,574.528
1752013800000,108830.1,108883.0,108806.6,108861.1,468.463
1752015600000,108861.2,108920.0,108763.6,108795.8,813.939
1752017400000,108795.9,108924.9,108795.9,108873.1,560.878
1752019200000,108873.2,108897.3,108707.4,108746.0,991.064
1752021000000,108746.1,108913.9,108728.0,108890.0,655.927
1752022800000,108890.0,109107.4,108706.0,108734.0,3137.809
1752024600000,108734.0,108756.9,108666.0,108730.1,1303.431
1752026400000,108730.0,108799.0,108653.3,108673.2,784.508
1752028200000,108673.3,108717.6,108548.4,108577.6,1141.257
1752030000000,108577.5,108633.0,108353.0,108412.7,2150.718
1752031800000,108412.7,108412.7,108284.2,108311.9,1436.828
1752033600000,108311.9,108420.0,108273.5,108353.3,1324.422
1752035400000,108353.3,108522.0,108353.2,108500.0,1575.406
1752037200000,108500.0,108581.8,108428.7,108450.0,992.554
1752039000000,108450.1,108900.0,108439.3,108729.1,3106.851
1752040800000,108729.0,108773.8,108626.0,108668.7,1071.807
1752042600000,108668.8,108813.4,108620.1,108789.0,701.442
1752044400000,108789.0,108829.0,108700.0,108736.9,658.942
1752046200000,108736.9,108740.3,108622.1,108674.8,567.488
1752048000000,108674.7,108799.0,108633.9,108765.7,887.7
1752049800000,108765.7,108780.0,108601.0,108612.2,865.169
1752051600000,108612.3,108631.6,108510.0,108555.8,1131.427
1752053400000,108555.8,108737.3,108537.4,108703.6,789.145
1752055200000,108703.6,108792.3,108654.2,108740.0,633.324
1752057000000,108740.1,108850.1,108740.0,108850.1,899.86
1752058800000,108850.1,109032.2,108850.0,108986.7,2126.511
1752060600000,108986.8,109074.0,108868.9,109008.3,2211.239
1752062400000,109008.3,109463.4,108929.1,109453.1,6683.078
1752064200000,109453.1,109472.0,109227.5,109286.7,3278.448
1752066000000,109286.6,109738.5,109276.1,109537.3,6940.593
1752067800000,109537.4,109677.4,109072.2,109136.9,6320.404
1752069600000,109136.8,109429.9,108864.0,108864.1,4726.342
1752071400000,108864.1,108989.7,108429.0,108840.0,10697.659
1752073200000,108840.1,109175.3,108762.6,108930.0,4135.277
1752075000000,108929.9,109070.0,108749.1,109020.0,1449.897
1752076800000,109019.9,109236.4,108975.9,109150.0,1790.508
1752078600000,109149.9,109430.0,109149.9,109350.0,2250.672
1752080400000,109350.0,109413.8,109013.9,109074.3,2285.165
1752082200000,109074.2,109173.4,108979.6,109108.4,1334.683
1752084000000,109108.4,109537.0,109084.4,109495.6,3728.565
1752085800000,109495.5,109505.1,109319.7,109485.6,1467.585
1752087600000,109485.6,110320.0,109446.0,110315.5,8496.039
1752089400000,110315.5,112036.8,110200.6,111718.8,34489.8
1752091200000,111718.8,111931.5,110888.0,110970.6,13765.636
1752093000000,110970.7,111065.5,110508.0,110675.8,5730.101
1752094800000,110675.8,111239.0,110627.2,111187.1,4962.642
1752096600000,111187.2,111187.2,110785.7,110785.8,2934.138
1752098400000,110785.7,111296.7,110781.9,111040.0,2622.705
1752100200000,111039.9,111378.3,111039.9,111327.9,2322.943
1752102000000,111328.0,111483.6,111200.0,111360.2,2493.987
1752103800000,111360.2,111482.0,111178.9,111199.9,1783.035
1752105600000,111199.8,111286.9,111100.0,111100.0,1591.95
1752107400000,111100.0,111171.1,110863.2,110868.6,1846.876
1752109200000,110868.7,111129.0,110834.6,111066.7,1439.431
1752111000000,111066.6,111320.2,111057.3,111148.3,1711.342
1752112800000,111148.3,111548.3,111148.3,111249.4,2847.993
1752114600000,111249.4,111327.0,111088.0,111178.4,1312.185
1752116400000,111178.4,111183.3,111008.6,111008.7,1281.416
1752118200000,111008.6,111038.7,110937.5,111028.2,1030.956
1752120000000,111028.3,111028.3,110905.3,111007.2,870.755
1752121800000,111007.1,111146.1,111007.1,111106.9,1293.808
1752123600000,111106.9,111123.2,110894.2,110954.3,1322.859
1752125400000,110954.3,111127.6,110903.1,111058.4,1182.856
1752127200000,111058.4,111270.0,111050.4,111225.3,1376.135
1752129000000,111225.4,111242.9,111093.6,111184.7,823.398
1752130800000,111184.7,111399.7,111167.0,111322.9,1979.594
1752132600000,111322.8,111336.5,111085.7,111186.1,1654.362
1752134400000,111186.2,111248.1,111082.6,111221.8,1248.818
1752136200000,111222.0,111370.3,111162.4,111185.2,1387.748
1752138000000,111185.2,111215.2,111066.6,111088.0,1184.926
1752139800000,111087.9,111139.5,110970.5,110997.8,1198.066
1752141600000,110997.8,111059.7,110950.0,110967.5,1753.641
1752143400000,110967.5,111056.1,110800.0,111036.8,3186.403
1752145200000,111036.7,111137.9,110968.0,111111.2,1614.081
1752147000000,111111.2,111111.2,110915.4,110972.2,793.301
1752148800000,110972.1,110972.2,110693.8,110865.4,3139.041
1752150600000,110865.4,110884.2,110708.6,110809.0,1291.246
1752152400000,110808.9,110987.0,110767.0,110986.9,1882.49
1752154200000,110987.0,110988.0,110432.2,110750.0,6822.948
1752156000000,110750.0,111273.2,110579.3,110817.2,7231.682
1752157800000,110817.2,111200.0,110771.3,111195.0,3191.3
1752159600000,111195.1,111319.8,110912.7,111277.4,3114.088
1752161400000,111277.5,111363.5,111045.4,111350.0,2814.11
1752163200000,111350.0,112510.0,111267.7,112345.3,16905.628
1752165000000,112345.3,112666.0,112341.9,112596.3,12712.354
1752166800000,112596.4,113430.7,112510.7,113405.2,15751.861
1752168600000,113405.3,113760.0,113363.2,113682.2,9810.545
1752170400000,113682.2,113708.1,113064.5,113149.2,8669.387
1752172200000,113149.3,113415.8,112953.2,113381.3,5069.937
1752174000000,113381.3,113645.9,113284.1,113284.2,5557.651
1752175800000,113284.1,113355.2,113031.3,113246.1,4232.706
1752177600000,113246.1,113460.1,113208.4,113378.3,1877.942
1752179400000,113378.3,113530.4,113308.6,113426.0,1917.859
1752181200000,113426.0,117500.0,113320.7,115690.1,39830.222
1752183000000,115690.1,116800.0,115662.5,116459.4,15990.32
1752184800000,116459.5,116473.7,115837.2,115878.4,8952.588
1752186600000,115878.4,116172.5,115750.0,115983.6,5525.883
1752188400000,115983.7,116074.3,115742.8,115745.9,3895.475
1752190200000,115745.8,115979.2,115618.3,115979.2,3450.05
1752192000000,115979.2,116051.0,115186.7,115462.9,5396.874
1752193800000,115463.0,115701.5,115275.3,115544.9,3196.962
1752195600000,115544.9,115939.4,115467.0,115908.3,2364.381
1752197400000,115908.2,116039.4,115828.9,115934.7,1743.894
1752199200000,115934.7,116273.5,115670.0,116241.5,3250.304
1752201000000,116241.6,116754.3,116204.0,116614.7,6442.591
1752202800000,116614.7,116614.7,116322.0,116467.6,3564.856
1752204600000,116467.7,116945.8,116370.0,116839.5,3958.378
1752206400000,116839.5,116839.5,116473.9,116513.5,2391.647
1752208200000,116513.4,116886.2,116429.2,116858.6,2986.043
1752210000000,116858.5,117445.0,116858.5,117440.4,8212.55
1752211800000,117440.3,118395.9,117374.4,117819.8,18148.617
1752213600000,117819.7,118365.0,117767.1,118096.5,6890.513
1752215400000,118096.5,118140.0,117570.8,117626.8,6718.276
1752217200000,117626.8,117877.0,117431.1,117857.2,6519.831
1752219000000,117857.1,118089.0,117499.0,117522.7,5289.31
1752220800000,117522.7,117959.6,117522.7,117944.3,3456.931
1752222600000,117944.3,118118.0,117788.2,117950.0,2935.918
1752224400000,117950.0,118211.0,117861.0,118138.6,2602.585
1752226200000,118138.6,118882.8,118100.0,118452.5,9131.954
1752228000000,118452.5,118452.5,118053.0,118227.7,4837.066
1752229800000,118227.7,118300.1,117918.0,117960.8,2055.382
1752231600000,117960.9,118090.6,117581.3,117670.7,3518.572
1752233400000,117670.8,117936.0,117670.6,117790.1,2327.958
1752235200000,117790.0,118226.0,117700.0,117708.5,3258.971
1752237000000,117708.5,117892.2,117684.6,117838.2,2147.931
1752238800000,117838.1,118011.5,117562.9,117618.1,3453.428
1752240600000,117618.0,118191.9,117255.0,117967.1,9505.825
1752242400000,117967.0,118160.0,117651.6,117910.0,4616.044
1752244200000,117910.0,118150.8,117361.2,117847.9,5257.786
1752246000000,117847.9,117968.7,117540.3,117755.8,3616.981
1752247800000,117755.8,117755.9,116725.1,116910.3,9977.927
1752249600000,116910.3,117296.3,116611.1,117296.3,7886.701
1752251400000,117296.2,117454.0,117096.4,117403.1,3084.952
1752253200000,117403.0,117750.0,117350.0,117514.2,3953.697
1752255000000,117514.2,117679.9,117234.0,117625.1,1886.678
1752256800000,117625.1,117735.4,117290.5,117328.0,1700.22
1752258600000,117328.0,117700.0,117293.2,117692.8,1361.712
1752260400000,117692.8,118128.0,117401.2,117877.5,3620.684
1752262200000,117877.6,118106.4,117750.0,118072.7,2136.351
1752264000000,118072.7,118072.7,117812.5,117899.9,1681.65
1752265800000,117900.0,117911.5,117615.3,117619.5,1655.052
1752267600000,117619.5,117868.0,117516.0,117825.6,1675.243
1752269400000,117825.7,117825.7,117431.2,117585.8,1735.848
1752271200000,117585.8,117619.6,117157.0,117242.0,2190.659
1752273000000,117241.1,117643.0,117130.0,117591.5,3324.657
1752274800000,117591.5,117646.9,117531.0,117584.5,1243.267
1752276600000,117584.5,117639.6,117410.0,117500.0,905.7
1752278400000,117500.0,117625.0,117431.2,117481.5,885.253
1752280200000,117481.5,117481.6,117055.0,117379.4,1996.653
1752282000000,117379.4,117662.0,117379.3,117658.2,1305.194
1752283800000,117658.3,117658.3,117520.0,117618.6,683.519
1752285600000,117618.6,117780.0,117573.9,117699.0,1178.281
1752287400000,117699.1,117727.8,117526.0,117565.0,707.365
1752289200000,117565.0,117818.6,117560.9,117784.3,926.795
1752291000000,117784.4,117811.0,117601.1,117730.0,781.731
1752292800000,117730.0,117845.6,117663.0,117820.0,776.78
1752294600000,117820.0,117820.0,117527.6,117609.7,911.194
1752296400000,117609.7,117639.6,117454.9,117571.6,925.932
1752298200000,117571.6,117677.0,117506.5,117640.4,638.918
1752300000000,117640.3,117931.4,117613.5,117853.0,1300.014
1752301800000,117853.1,117943.8,117780.0,117791.3,1438.374
1752303600000,117791.2,118036.7,117777.3,117891.6,1786.235
1752305400000,117891.6,117891.6,117579.9,117689.7,2009.396
1752307200000,117689.6,117838.8,117689.6,117811.4,786.66
1752309000000,117811.4,117900.0,117673.4,117871.2,868.401
1752310800000,117871.3,118000.0,117823.1,117929.6,1362.045
1752312600000,117929.6,118176.9,117852.9,118119.8,2332.235
1752314400000,118119.8,118119.9,117835.5,118030.5,1526.837
1752316200000,118030.4,118100.5,117946.8,118022.4,796.279
1752318000000,118022.5,118064.7,117859.1,117950.5,956.935
1752319800000,117950.4,117992.3,117579.8,117773.6,2024.754
1752321600000,117773.5,117819.8,117603.9,117623.4,1249.302
1752323400000,117623.3,117700.3,117220.4,117493.9,4704.814
1752325200000,117493.9,117536.1,117256.4,117265.8,2301.225
1752327000000,117265.7,117476.2,117188.0,117476.1,1872.006
1752328800000,117476.1,117718.1,117369.0,117626.8,2139.451
1752330600000,117626.7,117626.7,117270.0,117350.0,1372.875
1752332400000,117350.0,117424.2,117102.5,117280.1,2246.562
1752334200000,117280.1,117400.0,116862.4,117075.6,4652.026
1752336000000,117075.6,117337.2,117012.0,117263.8,1806.715
1752337800000,117263.8,117372.7,117106.5,117160.6,1083.951
1752339600000,117160.6,117424.2,117144.3,117419.9,1394.952
1752341400000,117419.9,117518.9,117360.0,117438.6,1113.615
1752343200000,117438.5,117467.2,117357.3,117391.4,544.235
1752345000000,117391.4,117474.5,117338.9,117460.1,655.437
1752346800000,117460.1,117609.4,117411.6,117411.6,979.78
1752348600000,117411.6,117598.0,117411.6,117525.7,586.844
1752350400000,117525.7,117525.7,117378.6,117399.1,537.284
1752352200000,117399.1,117399.1,116975.6,116975.7,1200.083
1752354000000,116975.6,117309.3,116960.0,117271.0,1084.821
1752355800000,117271.0,117527.8,117251.1,117455.5,725.988
1752357600000,117455.6,117527.4,117270.0,117428.4,821.328
1752359400000,117428.4,117491.1,117301.7,117349.8,463.739
1752361200000,117349.9,117378.6,117174.0,117254.1,552.088
1752363000000,117254.1,117435.8,117206.6,117389.3,727.571
1752364800000,117389.4,117424.6,117212.6,117349.6,808.609
1752366600000,117349.6,117410.2,117222.1,117273.0,558.542
1752368400000,117272.9,117385.7,117164.3,117353.6,1140.018
1752370200000,117353.7,117635.4,117334.2,117510.8,1309.401
1752372000000,117510.8,117510.8,117360.1,117387.6,659.636
1752373800000,117387.6,117794.7,117359.4,117573.9,1144.189
1752375600000,117574.0,117739.8,117557.3,117722.0,714.945
1752377400000,117721.9,117791.0,117627.9,117711.5,843.578
1752379200000,117711.6,117781.0,117639.7,117732.2,598.302
1752381000000,117732.2,117850.0,117726.3,117842.8,948.215
1752382800000,117842.8,117860.0,117733.7,117790.0,870.426
1752384600000,117790.0,117858.0,117643.1,117714.9,945.672
1752386400000,117714.9,117817.7,117690.1,117808.3,519.305
1752388200000,117808.4,117942.0,117808.3,117839.8,1113.406
1752390000000,117839.9,117955.0,117797.8,117947.4,833.2
1752391800000,117947.5,118040.8,117851.0,117950.0,1481.515
1752393600000,117950.0,117975.4,117769.2,117795.9,752.708
1752395400000,117795.9,117862.1,117710.0,117855.5,573.904
1752397200000,117855.5,117870.3,117750.4,117817.9,559.873
1752399000000,117817.9,117818.0,117641.3,117700.1,1002.233
1752400800000,117700.0,117818.5,117700.0,117759.0,546.881
1752402600000,117758.9,117759.0,117692.6,117715.9,402.687
1752404400000,117716.0,118053.6,117715.9,118024.1,1461.466
1752406200000,118024.0,118058.3,117899.7,118036.1,1030.029
1752408000000,118036.0,118161.6,117933.4,118150.8,1641.587
1752409800000,118150.8,118658.5,118015.5,118382.1,5450.103
1752411600000,118382.1,118552.0,118094.1,118247.4,3395.954
1752413400000,118247.4,118722.2,118247.4,118550.0,4142.75
1752415200000,118550.0,119655.0,118404.6,119120.1,12038.056
1752417000000,119120.0,119137.1,118300.0,118713.3,6721.354
1752418800000,118713.3,119079.0,118603.5,118842.6,3404.844
1752420600000,118842.5,118842.5,118472.3,118610.6,2228.272
1752422400000,118610.6,118943.3,118581.6,118765.0,2454.78
1752424200000,118765.0,118829.7,118457.8,118466.1,1692.515
1752426000000,118466.0,118681.3,118325.4,118607.9,2049.212
1752427800000,118607.9,118795.3,118607.9,118640.4,1044.099
1752429600000,118640.3,119018.0,118524.0,118977.1,1658.285
1752431400000,118977.1,118987.7,118762.3,118940.1,1037.958
1752433200000,118940.2,119283.4,118902.4,119204.2,2068.581
1752435000000,119204.1,119454.9,118855.4,118923.0,2948.772
1752436800000,118922.9,119248.1,118771.2,119232.1,1638.287
1752438600000,119232.0,119333.0,118955.7,119028.7,1065.53
1752440400000,119028.7,119028.8,118811.2,118895.8,933.498
1752442200000,118895.9,118904.0,118411.8,118593.1,2976.305
1752444000000,118593.0,118600.3,118197.7,118369.7,2983.994
1752445800000,118369.7,118734.5,118369.6,118462.5,1561.191
1752447600000,118462.5,118720.5,118324.6,118606.3,1835.945
1752449400000,118606.4,119166.0,118603.5,119038.3,2261.769
1752451200000,119038.3,119450.0,118871.6,119137.2,2812.01
1752453000000,119137.0,119383.3,119011.8,119030.6,2105.558
1752454800000,119030.6,119142.0,118880.0,118886.9,1677.936
1752456600000,118886.9,119204.5,118862.6,119052.2,1200.821
1752458400000,119052.2,119895.9,118930.0,119795.1,6538.004
1752460200000,119795.1,120000.0,119450.4,119626.4,5795.297
1752462000000,119626.4,119937.0,119558.2,119880.9,3052.098
1752463800000,119880.9,121800.0,119775.4,120733.2,20161.446
1752465600000,120733.2,121071.3,120515.9,120923.0,5020.554
1752467400000,120923.0,121418.2,120818.6,121370.0,4719.894
1752469200000,121370.0,122814.9,121113.3,122307.9,16387.371
1752471000000,122307.9,122496.6,121877.0,122447.4,9949.24
1752472800000,122447.4,122457.0,122000.0,122413.8,4905.915
1752474600000,122413.9,122413.9,122044.3,122124.0,2409.389
1752476400000,122124.1,122444.0,122087.7,122290.6,2992.268
1752478200000,122290.5,123300.0,122290.5,122731.0,9512.084
1752480000000,122731.0,122772.7,122275.6,122424.5,3382.381
1752481800000,122424.5,122692.3,122424.4,122560.1,2624.554
1752483600000,122560.0,122566.0,121879.0,122000.0,4414.661
1752485400000,122000.0,122218.8,121840.0,121979.9,3796.947
1752487200000,121980.0,122000.0,121620.7,121924.7,3733.73
1752489000000,121924.7,122149.8,121861.7,121911.8,2575.979
1752490800000,121911.8,121911.8,121360.5,121538.3,3403.743
1752492600000,121538.4,121694.1,121357.0,121474.5,2457.022
1752494400000,121474.5,121883.9,121410.0,121792.9,3090.651
1752496200000,121792.9,121917.8,121655.4,121894.2,2165.653
1752498000000,121894.2,121939.8,121562.0,121680.9,2140.107
1752499800000,121680.9,122113.9,121150.0,121679.2,9418.469
1752501600000,121679.3,121970.9,121100.0,121455.0,5427.244
1752503400000,121455.0,121479.3,120612.4,121160.0,10018.908
1752505200000,121160.0,121173.2,120315.1,120381.9,6860.699
1752507000000,120381.8,120395.0,119590.9,119863.1,11514.695
1752508800000,119863.1,120060.0,119200.0,120026.5,10883.183
1752510600000,120026.5,120299.0,119671.9,120260.9,5324.249
1752512400000,120261.0,120510.9,120024.3,120137.9,4495.506
1752514200000,120137.8,120241.8,119750.0,119885.2,2833.522
1752516000000,119885.2,120160.0,119711.0,120100.1,1995.767
1752517800000,120100.0,120166.0,119595.0,119605.6,1925.075
1752519600000,119605.4,120076.9,119564.2,119756.3,1933.759
1752521400000,119756.3,120066.5,119649.9,119920.0,2556.568
1752523200000,119920.3,119982.2,119505.0,119968.2,2012.65
1752525000000,119968.3,120430.0,119913.4,120130.1,4207.755
1752526800000,120130.0,120167.5,119798.4,119955.3,1772.942
1752528600000,119955.3,120230.6,119913.0,120000.1,874.649
1752530400000,120000.1,120292.6,119889.2,120252.0,1500.998
1752532200000,120252.0,120266.9,119996.4,120014.6,818.66
1752534000000,120014.6,120028.1,119750.0,119781.9,892.321
1752535800000,119781.9,119946.0,119735.6,119816.5,1263.188
1752537600000,119816.5,119919.4,119526.0,119858.2,1597.764
1752539400000,119858.2,119858.2,119000.0,119458.4,4440.718
1752541200000,119458.4,119497.8,118720.0,119015.6,6215.702
1752543000000,119015.6,119449.9,118376.5,118491.3,6120.049
1752544800000,118491.4,118873.2,117833.0,117932.6,10006.896
1752546600000,117932.6,118455.0,117888.4,118251.9,5341.882
1752548400000,118251.8,118251.8,117090.0,117508.4,13976.136
1752550200000,117508.3,117580.0,116870.0,117209.2,10393.035
1752552000000,117209.2,117483.5,116227.0,117301.8,13215.494
1752553800000,117301.8,117530.7,116961.0,117481.8,4603.066
1752555600000,117481.7,117761.3,117379.2,117523.8,3824.258
1752557400000,117523.9,117537.2,116972.0,117325.3,3945.919
1752559200000,117325.2,117325.3,116800.0,117027.0,4346.167
1752561000000,117027.1,117111.0,116724.6,117051.0,4413.832
1752562800000,117051.0,117264.0,116863.4,116955.6,2601.459
1752564600000,116955.5,116955.6,116371.0,116777.1,6642.773
1752566400000,116777.1,116870.4,116300.0,116830.4,4080.776
1752568200000,116830.5,116871.0,116700.0,116766.5,2110.276
1752570000000,116766.6,117229.9,116754.7,116950.4,3482.476
1752571800000,116950.5,117068.8,116684.3,116764.9,1772.253
1752573600000,116765.0,117091.0,116728.1,117023.0,2035.634
1752575400000,117023.0,117222.2,116923.0,117055.0,1933.264
1752577200000,117055.0,117099.3,116331.7,116474.1,4635.757
1752579000000,116474.1,117180.0,116435.2,117110.4,3283.913
1752580800000,117110.4,117334.6,116843.7,116899.8,4059.372
1752582600000,116899.9,117458.6,116388.0,117193.1,11401.215
1752584400000,117193.0,118141.8,117132.6,117679.6,9668.65
1752586200000,117679.6,118499.8,117511.0,118067.7,10735.934
1752588000000,118067.8,118439.2,117541.8,117541.8,6169.675
1752589800000,117541.8,117623.7,115678.1,115979.6,21320.784
1752591600000,115979.6,116359.0,115750.1,116243.0,10397.022
1752593400000,116243.0,116752.9,116116.1,116393.0,5877.535
1752595200000,116393.1,117169.8,116360.9,116869.1,9306.102
1752597000000,116869.1,117727.4,116869.1,117195.9,8264.914
1752598800000,117195.9,117537.0,117125.0,117510.2,2953.114
1752600600000,117510.1,117577.1,117228.0,117415.6,2337.844
1752602400000,117415.6,117436.3,116809.8,116846.6,6188.33
1752604200000,116846.7,116923.8,116050.0,116723.3,9796.446
1752606000000,116723.2,117230.7,116644.9,116848.7,3526.967
1752607800000,116848.8,116918.1,116300.0,116428.9,3289.693
1752609600000,116428.8,116715.9,116189.0,116528.5,3327.739
1752611400000,116528.5,116655.0,116384.6,116410.0,1175.784
1752613200000,116410.0,117147.2,116339.8,117133.6,2884.481
1752615000000,117133.6,117610.6,117037.2,117542.4,3149.171
1752616800000,117542.4,117589.1,117258.0,117499.9,1778.066
1752618600000,117499.9,117849.0,117235.5,117807.7,2972.146
1752620400000,117807.7,117965.6,117512.9,117573.9,3182.772
1752622200000,117573.9,117785.3,117479.1,117738.5,1194.191
1752624000000,117738.6,117766.0,117409.4,117573.8,1946.941
1752625800000,117573.8,118193.6,117573.8,118114.5,3409.216
1752627600000,118114.5,118208.6,117636.9,117664.6,2306.027
1752629400000,117664.6,117799.8,117575.2,117726.7,1544.493
1752631200000,117726.7,117768.9,117242.6,117368.7,2755.105
1752633000000,117368.6,117382.5,117017.1,117335.1,2475.956
1752634800000,117335.0,117534.6,117223.7,117370.9,1555.817
1752636600000,117370.8,117518.4,117358.3,117477.6,1012.36
1752638400000,117477.7,117528.5,117252.2,117528.3,1263.33
1752640200000,117528.3,117699.9,117470.1,117601.5,1177.826
1752642000000,117601.5,118020.0,117601.5,117842.3,3843.202
1752643800000,117842.3,118000.0,117761.7,117858.5,1170.963
1752645600000,117858.5,118074.0,117737.5,118049.7,1371.192
1752647400000,118049.8,118282.7,117976.9,118260.8,1972.92
1752649200000,118260.8,118281.8,118017.2,118236.0,2137.265
1752651000000,118235.9,118297.1,118076.8,118181.2,1631.335
1752652800000,118181.2,118259.8,118113.6,118230.3,1325.317
1752654600000,118230.2,118785.0,118230.2,118697.7,5172.608
1752656400000,118697.7,119204.0,118688.9,119142.3,5082.975
1752658200000,119142.2,119199.7,118725.8,119188.9,4303.001
1752660000000,119188.9,119299.9,119094.5,119140.1,2060.058
1752661800000,119140.1,119160.0,118715.3,118716.9,3270.592
1752663600000,118716.9,118898.2,118621.8,118882.9,2369.269
1752665400000,118882.8,118892.6,118690.0,118755.1,1231.977
1752667200000,118755.1,118881.5,118678.2,118869.6,1243.174
1752669000000,118869.6,119055.0,118557.0,118579.3,3868.811
1752670800000,118579.3,118810.3,118384.6,118782.9,4918.18
1752672600000,118782.9,118907.8,118156.0,118651.3,6634.684
1752674400000,118651.2,118768.9,118156.0,118443.9,3864.711
1752676200000,118443.9,119230.0,118243.2,119019.8,6893.681
1752678000000,119019.9,119786.7,118677.2,119443.0,14404.854
1752679800000,119442.9,119458.6,118243.3,119056.0,11123.156
1752681600000,119055.9,119215.7,118430.3,119122.0,5389.706
1752683400000,119121.9,119293.5,118931.4,119250.0,2137.194
1752685200000,119249.9,119676.2,119150.0,119598.9,3716.519
1752687000000,119598.8,119649.9,118924.1,119039.4,2903.727
1752688800000,119039.4,119479.0,118836.0,119136.2,2466.811
1752690600000,119136.2,119888.0,119136.1,119471.0,4534.31
1752692400000,119471.0,119600.0,119080.8,119142.5,2964.495
1752694200000,119142.5,119278.2,118780.0,119186.7,2950.053
1752696000000,119186.7,119565.4,118891.2,119565.3,2365.586
1752697800000,119565.3,119914.9,119456.6,119886.2,3539.224
1752699600000,119886.2,120100.0,119683.6,119908.5,4061.879
1752701400000,119908.5,119915.0,119150.6,119254.7,3393.203
1752703200000,119254.7,119466.6,119144.6,119172.7,2453.501
1752705000000,119172.6,119235.0,118557.0,118624.8,3147.59
1752706800000,118624.8,118656.8,118359.4,118615.4,2336.078
1752708600000,118615.4,118803.8,118535.1,118590.7,1465.076
1752710400000,118590.7,118949.9,118582.3,118834.7,1643.804
1752712200000,118834.7,119151.3,118792.3,118861.2,1712.474
1752714000000,118861.2,119052.3,118529.1,118650.8,1682.697
1752715800000,118650.8,118690.2,117663.6,118115.0,9916.164
1752717600000,118115.0,118497.8,117980.2,118380.0,2878.968
1752719400000,118379.9,118441.9,118015.6,118302.0,1826.75
1752721200000,118302.0,118335.2,117816.0,117845.8,2210.291
1752723000000,117845.7,118121.9,117700.0,118090.9,2476.05
1752724800000,118090.8,118288.8,117923.0,118239.5,1363.84
1752726600000,118239.6,118466.0,118239.5,118465.9,1493.641
1752728400000,118465.9,118466.0,118222.0,118377.9,892.297
1752730200000,118377.9,118620.0,118182.9,118550.0,1596.151
1752732000000,118550.0,118763.4,118307.6,118630.1,2318.266
1752733800000,118630.1,118652.5,118323.2,118439.3,1713.539
1752735600000,118439.3,118448.8,117810.4,117907.4,3719.147
1752737400000,117907.4,118548.0,117907.3,118293.9,2741.426
1752739200000,118293.8,118321.7,118065.7,118236.2,1597.939
1752741000000,118236.2,118408.2,118106.0,118313.6,2063.377
1752742800000,118313.6,119183.1,118221.8,119133.5,4347.976
1752744600000,119133.5,119216.4,118758.6,118758.6,2634.347
1752746400000,118758.6,118867.9,118518.3,118550.2,2013.667
1752748200000,118550.1,118550.2,118210.0,118331.2,2592.858
1752750000000,118331.2,118389.9,118128.1,118157.9,2244.891
1752751800000,118157.8,118194.3,117915.2,117968.9,2029.468
1752753600000,117968.8,118076.1,117416.1,117465.0,4582.263
1752755400000,117464.9,118180.1,117412.8,117853.3,5992.036
1752757200000,117853.3,118016.8,117639.0,117889.9,2526.06
1752759000000,117890.0,118443.0,117514.8,118261.6,6373.827
1752760800000,118261.2,118714.8,118110.5,118714.8,4702.16
1752762600000,118714.7,118837.9,118481.7,118752.9,3009.5
1752764400000,118752.9,118880.0,118315.8,118508.8,2992.033
1752766200000,118508.8,119100.0,118508.8,118875.0,3307.681
1752768000000,118875.0,118952.2,118487.1,118550.4,2418.313
1752769800000,118550.4,118610.0,118293.6,118550.3,2532.716
1752771600000,118550.3,118954.9,118524.5,118694.3,2130.261
1752773400000,118694.3,119346.9,118482.9,119255.3,3303.534
1752775200000,119255.4,119767.4,119186.3,119687.4,4921.399
1752777000000,119687.3,119787.7,119474.2,119582.5,2754.98
1752778800000,119582.4,119879.1,119582.4,119650.0,2223.144
1752780600000,119650.0,119678.0,118800.0,118948.8,3787.071
1752782400000,118948.8,119119.3,118343.2,119003.6,5480.002
1752784200000,119003.7,119440.8,118999.7,119428.8,2554.091
1752786000000,119428.8,120951.5,119410.5,120900.1,17077.566
1752787800000,120900.0,120930.8,120033.4,120254.8,8039.911
1752789600000,120254.8,120706.1,120041.7,120077.6,3758.411
1752791400000,120077.6,120336.4,119451.3,119767.8,4190.707
1752793200000,119767.8,119883.3,119428.4,119608.0,3405.363
1752795000000,119608.0,119665.6,119155.0,119176.6,2501.344
1752796800000,119176.5,119592.1,119003.8,119482.0,2546.231
1752798600000,119481.9,119785.1,119478.0,119735.8,2886.694
1752800400000,119735.9,120485.8,119636.0,120167.8,5638.07
1752802200000,120167.8,120799.0,120032.3,120346.1,3979.119
1752804000000,120346.1,120362.5,119862.0,120215.5,2751.011
1752805800000,120215.5,120400.0,120053.2,120075.2,1498.815
1752807600000,120075.3,120216.7,119926.0,120046.8,1782.246
1752809400000,120046.8,120492.2,119986.7,120212.8,1637.577
1752811200000,120212.8,120221.4,119726.5,120076.9,2031.658
1752813000000,120076.8,120478.9,120070.8,120387.8,1670.931
1752814800000,120387.8,120628.6,120165.3,120537.1,3399.442
1752816600000,120537.0,120626.2,120264.5,120588.3,2061.445
1752818400000,120588.3,120846.1,120153.8,120153.9,3136.515
1752820200000,120153.8,120463.2,120076.9,120238.5,1487.969
1752822000000,120238.6,120375.7,119625.4,119666.6,3065.559
1752823800000,119666.5,119867.7,119300.0,119356.6,4912.054
1752825600000,119356.5,119483.2,119076.9,119130.2,4345.631
1752827400000,119130.1,119130.1,118384.6,118637.3,7838.576
1752829200000,118637.3,118904.0,118450.0,118649.7,4236.741
1752831000000,118649.6,119000.0,118640.0,118885.0,2654.076
1752832800000,118885.0,118939.0,118503.4,118796.7,2365.16
1752834600000,118796.7,119266.0,118750.2,119240.1,2550.173
1752836400000,119240.2,119292.0,118775.1,118890.3,1649.519
1752838200000,118890.3,119194.5,118786.9,119175.5,1407.235
1752840000000,119175.5,119336.8,119126.2,119202.4,1522.194
1752841800000,119202.5,119519.8,119202.5,119428.5,1991.389
1752843600000,119428.6,119440.4,118636.4,118790.9,5786.555
1752845400000,118790.8,118888.0,118500.0,118766.8,4895.14
1752847200000,118766.9,119250.0,117730.0,117931.1,12053.841
1752849000000,117931.1,118389.6,117230.7,118123.8,11677.861
1752850800000,118123.9,118255.3,117453.1,117740.3,5090.445
1752852600000,117740.3,118011.9,117430.0,117830.0,3515.827
1752854400000,117830.1,118053.5,117518.2,117590.5,2772.735
1752856200000,117590.4,118008.0,117460.0,117543.5,2969.38
1752858000000,117543.5,117983.8,117328.6,117904.9,3831.014
1752859800000,117904.9,117950.0,117420.7,117580.0,1822.617
1752861600000,117580.0,117673.2,117318.1,117673.2,1686.039
1752863400000,117673.2,117716.3,117204.5,117297.9,1639.563
1752865200000,117297.9,117866.0,117109.4,117779.4,4670.678
1752867000000,117779.4,117779.5,117286.2,117361.6,1556.052
1752868800000,117361.7,117399.2,116886.0,116980.2,4313.548
1752870600000,116980.2,117532.3,116788.9,117370.1,8048.319
1752872400000,117370.0,117855.8,117330.0,117708.1,2464.826
1752874200000,117708.1,117860.5,117542.3,117648.3,1178.073
1752876000000,117648.3,117957.7,117379.6,117862.6,2520.639
1752877800000,117862.5,117907.2,117568.9,117663.0,1310.716
1752879600000,117662.9,117860.0,117433.6,117808.5,1660.147
1752881400000,117808.5,118000.0,117769.3,117896.4,1736.861
1752883200000,117896.5,117940.0,117804.1,117940.0,1049.776
1752885000000,117940.0,118013.7,117682.6,117713.0,1226.769
1752886800000,117713.1,117988.0,117588.0,117961.1,1236.854
1752888600000,117961.1,118094.6,117894.4,118010.0,1149.578
1752890400000,118010.0,118065.0,117886.4,117957.7,1061.155
1752892200000,117957.6,118275.0,117957.6,118176.7,1743.484
1752894000000,118176.7,118286.4,118088.0,118224.3,981.166
1752895800000,118224.4,118340.7,118160.4,118295.2,1395.963
1752897600000,118295.3,118337.5,118171.4,118171.4,1103.353
1752899400000,118171.5,118300.0,118063.4,118104.3,805.119
1752901200000,118104.3,118155.0,118013.2,118107.1,592.302
1752903000000,118107.2,118264.0,118086.2,118174.0,825.719
1752904800000,118173.9,118244.1,118034.8,118034.8,775.992
1752906600000,118034.8,118147.8,118034.8,118136.9,464.924
1752908400000,118136.9,118300.0,118136.8,118244.9,565.127
1752910200000,118245.0,118252.2,118117.5,118135.0,566.916
1752912000000,118134.9,118239.4,118024.0,118063.9,1123.763
1752913800000,118064.0,118140.0,117904.0,118057.2,1135.989
1752915600000,118057.2,118212.3,118033.9,118172.7,589.265
1752917400000,118172.6,118300.0,118155.5,118205.1,813.414
1752919200000,118205.1,118299.9,118142.2,118299.9,581.277
1752921000000,118299.8,118449.9,118280.0,118410.5,1066.862
1752922800000,118410.6,118456.0,118120.2,118436.5,1338.608
1752924600000,118436.6,118436.6,118262.0,118300.0,838.873
1752926400000,118300.0,118301.4,118069.4,118175.5,1077.109
1752928200000,118175.4,118232.7,118070.5,118218.1,742.426
1752930000000,118218.1,118258.7,118117.3,118253.9,567.912
1752931800000,118253.9,118299.0,118050.0,118167.0,727.019
1752933600000,118167.0,118203.0,117799.9,117860.2,2189.5
1752935400000,117860.1,117976.4,117615.3,117657.4,3214.368
1752937200000,117657.4,118176.1,117637.5,118169.2,1957.538
1752939000000,118169.2,118221.7,118000.0,118025.6,1100.369
1752940800000,118025.6,118149.8,117825.1,118096.1,1541.599
1752942600000,118096.2,118143.7,117925.8,117958.1,768.994
1752944400000,117958.1,117971.3,117781.1,117807.0,875.682
1752946200000,117807.0,117852.5,117703.2,117786.5,1008.333
1752948000000,117786.4,117975.3,117728.6,117901.1,747.744
1752949800000,117901.1,118018.1,117818.0,117841.2,680.531
1752951600000,117841.1,117900.3,117562.1,117835.6,1420.435
1752953400000,117835.7,118124.9,117835.6,117978.3,1257.593
1752955200000,117978.4,118125.7,117873.9,117977.2,624.577
1752957000000,117977.2,118054.4,117666.8,117682.3,748.557
1752958800000,117682.3,117809.0,117245.9,117662.3,3926.394
1752960600000,117662.4,117716.0,117384.6,117666.1,1666.146
1752962400000,117666.0,117779.9,117491.3,117675.2,1187.663
1752964200000,117675.2,117825.4,117662.0,117758.1,488.087
1752966000000,117758.1,117915.8,117704.2,117758.8,567.72
1752967800000,117758.8,117906.1,117756.5,117814.4,412.649
1752969600000,117814.3,117846.7,117620.6,117620.6,559.733
1752971400000,117620.6,117974.5,117618.0,117912.5,781.046
1752973200000,117912.5,118119.6,117855.5,117956.2,1362.164
1752975000000,117956.2,118035.6,117875.1,117908.8,585.773
1752976800000,117908.9,117925.9,117769.2,117769.3,625.508
1752978600000,117769.2,117990.0,117741.4,117957.8,690.933
1752980400000,117957.8,118085.2,117714.2,117880.1,1074.577
1752982200000,117880.0,118158.7,117878.0,117934.1,1907.486
1752984000000,117934.2,118057.7,117856.7,118038.7,793.614
1752985800000,118038.6,118099.8,117896.9,117917.8,569.358
1752987600000,117917.9,117951.7,117769.0,117795.7,484.639
1752989400000,117795.7,117898.0,117787.0,117822.7,625.86
1752991200000,117822.7,117842.5,117736.3,117795.8,489.685
1752993000000,117795.7,117859.9,117776.8,117797.2,330.096
1752994800000,117797.3,118039.0,117797.2,118039.0,648.871
1752996600000,118038.9,118214.0,117969.4,117984.3,1807.076
1752998400000,117984.3,118230.7,117984.3,118146.3,1365.052
1753000200000,118146.3,118235.0,118092.3,118136.5,1154.331
1753002000000,118136.4,118261.6,117978.6,117983.2,1560.043
1753003800000,117983.2,118096.5,117853.0,117891.5,953.453
1753005600000,117891.5,117981.7,117872.9,117941.9,727.159
1753007400000,117941.9,117986.2,117849.8,117880.0,839.235
1753009200000,117879.9,117979.6,117819.5,117846.5,990.03
1753011000000,117846.5,118075.5,117801.0,117869.2,1540.092
1753012800000,117869.2,118025.8,117701.1,117810.1,2260.455
1753014600000,117810.0,118157.8,117769.3,118055.4,1899.767
1753016400000,118055.5,118180.8,118053.2,118093.2,1287.889
1753018200000,118093.2,118383.0,118055.1,118378.7,1433.623
1753020000000,118378.7,118794.0,118251.2,118627.4,5774.691
1753021800000,118627.3,118780.6,118355.0,118433.0,1571.09
1753023600000,118433.0,118696.4,118329.9,118696.4,1235.873
1753025400000,118696.4,118764.2,118547.0,118669.3,1689.618
1753027200000,118669.4,118856.6,118450.0,118645.2,2577.954
1753029000000,118645.1,118818.0,118491.4,118543.8,1268.89
1753030800000,118543.7,118543.8,118156.7,118320.3,2883.508
1753032600000,118320.4,118431.6,117912.8,118003.4,2174.427
1753034400000,118003.4,118208.9,118003.4,118181.0,1303.004
1753036200000,118180.9,118421.0,118068.7,118329.1,1693.493
1753038000000,118329.2,118549.4,118329.1,118526.8,1045.597
1753039800000,118526.7,118526.8,118130.9,118131.2,694.652
1753041600000,118131.2,118198.3,117822.4,118057.5,2696.62
1753043400000,118057.5,118245.3,118040.0,118062.4,605.992
1753045200000,118062.4,118097.7,117800.0,118065.9,2070.373
1753047000000,118065.9,118139.2,117888.1,117982.9,681.677
1753048800000,117982.8,118029.9,116370.1,117230.0,15677.463
1753050600000,117229.9,117631.3,117069.8,117438.6,3653.145
1753052400000,117438.5,117529.9,117142.1,117183.3,1988.89
1753054200000,117183.3,117350.0,116907.3,117216.0,1746.077
1753056000000,117216.1,117255.7,116454.1,116869.6,4264.894
1753057800000,116869.5,117333.1,116692.3,117323.6,2578.215
1753059600000,117323.6,117410.9,117000.0,117090.7,1613.332
1753061400000,117090.6,117287.7,116732.5,117262.9,2030.768
1753063200000,117262.8,118063.0,117262.8,118000.0,3995.368
1753065000000,118000.0,118175.4,117728.5,118156.0,1859.466
1753066800000,118156.0,118528.0,118096.6,118460.4,3536.305
1753068600000,118460.4,118585.0,118210.2,118374.8,1778.381
1753070400000,118374.8,118617.9,118232.9,118412.5,1766.532
1753072200000,118412.4,118605.8,118286.6,118306.7,1171.445
1753074000000,118306.7,118350.1,118144.0,118179.7,1319.462
1753075800000,118179.7,118398.2,118179.6,118397.9,933.831
1753077600000,118397.8,118916.3,118250.4,118831.2,3694.891
1753079400000,118831.3,119246.8,118831.2,119158.6,4724.201
1753081200000,119158.5,119627.2,119140.0,119605.7,4907.386
1753083000000,119605.6,119720.6,119261.8,119352.2,3277.021
1753084800000,119352.3,119496.2,119169.6,119239.9,2308.534
1753086600000,119240.0,119333.0,118752.3,118990.2,4559.147
1753088400000,118990.3,119080.8,118743.3,118770.0,1672.537
1753090200000,118770.1,118820.4,118511.8,118680.1,2157.094
1753092000000,118680.0,118800.4,118466.4,118499.5,1702.282
1753093800000,118499.5,118590.1,118313.6,118553.9,2354.463
1753095600000,118553.9,118775.1,118500.0,118601.0,1666.783
1753097400000,118601.1,118628.2,118035.0,118045.0,2657.361
1753099200000,118044.9,118567.3,117726.7,118419.3,7031.598
1753101000000,118419.3,118507.8,118088.0,118140.3,2913.876
1753102800000,118140.3,118292.0,117850.5,118264.7,2998.393
1753104600000,118264.6,119075.0,118212.5,118805.9,6797.771
1753106400000,118805.8,119086.1,118389.0,118885.0,4636.117
1753108200000,118885.0,119200.0,118692.3,118794.3,2891.632
1753110000000,118794.4,119111.8,118623.6,118675.0,2882.633
1753111800000,118675.1,118710.0,118209.5,118304.1,3246.871
1753113600000,118304.2,118381.0,117437.9,117888.0,9065.163
1753115400000,117888.1,118090.6,117640.5,117726.7,2438.023
1753117200000,117726.3,118080.3,117459.8,117525.0,3132.892
1753119000000,117527.2,117870.2,117283.0,117815.3,3623.641
1753120800000,117815.2,118197.0,117803.3,117952.9,2426.164
1753122600000,117952.9,117973.5,117033.0,117116.3,4286.581
1753124400000,117116.4,117485.7,116933.0,117043.5,2872.961
1753126200000,117044.0,117044.0,116600.0,116724.7,5759.162
1753128000000,116724.7,117079.3,116566.9,117029.1,2772.296
1753129800000,117029.0,117227.1,116860.8,116889.7,2102.461
1753131600000,116889.6,117200.0,116824.4,117185.8,1151.428
1753133400000,117185.8,117338.7,117069.0,117171.7,1034.773
1753135200000,117171.8,117373.6,117061.0,117365.9,1386.731
1753137000000,117365.9,117596.6,117307.6,117307.6,1610.585
1753138800000,117307.7,117333.6,117062.6,117314.0,1333.148
1753140600000,117314.0,117471.0,117239.8,117330.2,961.249
1753142400000,117330.2,117474.7,117209.9,117474.7,1013.426
1753144200000,117474.6,117475.1,116968.2,117073.1,2203.822
1753146000000,117073.2,117199.9,115865.0,117199.8,10059.919
1753147800000,117199.8,117947.1,117075.2,117700.0,7060.282
1753149600000,117700.1,117777.9,117364.1,117507.4,2346.227
1753151400000,117507.4,117639.0,116914.4,116980.0,2605.902
1753153200000,116980.0,117208.4,116643.0,117090.1,3039.427
1753155000000,117090.0,117250.3,116745.5,117177.0,2782.141
1753156800000,117176.9,117240.0,116804.1,116941.6,1511.319
1753158600000,116941.6,117325.0,116487.0,116500.0,3252.151
1753160400000,116500.1,117318.0,116484.2,117123.0,3565.413
1753162200000,117122.9,117297.0,116886.1,117289.3,1883.154
1753164000000,117289.5,117697.6,117222.6,117680.4,2754.974
1753165800000,117680.3,117799.9,117445.0,117799.7,2038.489
1753167600000,117799.7,118554.9,117720.8,118530.0,6482.012
1753169400000,118529.9,118548.9,117779.4,117959.5,4145.947
1753171200000,117959.5,117959.5,117441.5,117684.6,4400.308
1753173000000,117684.5,118330.6,117659.1,118257.9,2619.974
1753174800000,118257.9,118258.0,117837.7,118166.6,2252.854
1753176600000,118166.7,118638.0,118166.6,118356.3,3402.795
1753178400000,118356.3,118510.0,118251.5,118504.9,1997.02
1753180200000,118505.0,118945.8,118504.9,118945.6,5127.037
1753182000000,118945.6,119097.4,118766.0,119049.4,3935.23
1753183800000,119049.4,119199.9,118861.4,119142.2,3163.567
1753185600000,119142.2,119331.1,119071.0,119215.1,3196.999
1753187400000,119215.2,119422.6,119019.2,119280.6,3605.522
1753189200000,119280.6,119475.2,119076.8,119190.8,4560.397
1753191000000,119190.8,119582.3,117996.1,118135.1,15439.45
1753192800000,118135.1,118557.2,117522.0,118425.4,12063.671
1753194600000,118425.3,119113.7,118274.7,119043.8,5279.276
1753196400000,119043.9,119175.0,118783.3,118870.4,4568.734
1753198200000,118870.4,119172.0,118670.0,118899.8,2982.38
1753200000000,118899.8,119376.0,118723.7,119031.6,3896.373
1753201800000,119031.5,119120.0,118600.0,118663.8,2458.787
1753203600000,118663.8,118812.1,118377.0,118706.0,3107.938
1753205400000,118706.0,119219.5,118665.2,119196.0,3232.613
1753207200000,119196.0,119528.0,119050.5,119399.7,6526.784
1753209000000,119399.6,120300.1,119163.9,119768.0,10067.682
1753210800000,119768.0,119945.5,119384.6,119661.1,4523.195
1753212600000,119661.0,119661.1,119102.8,119286.5,2954.592
1753214400000,119286.6,119856.2,119207.5,119800.3,2938.007
1753216200000,119800.4,119935.0,119567.2,119723.2,1817.331
1753218000000,119723.2,119794.7,119526.0,119526.0,1245.398
1753219800000,119526.1,119585.7,119424.3,119424.3,835.757
1753221600000,119424.3,119930.8,119414.8,119843.5,1497.587
1753223400000,119843.6,120059.1,119800.0,119857.5,2116.835
1753225200000,119857.6,120264.8,119831.7,120145.0,2322.443
1753227000000,120144.9,120145.0,119851.0,119993.7,1951.309
1753228800000,119993.7,120146.5,119636.7,119681.3,2529.691
1753230600000,119681.3,119999.0,119530.2,119587.6,1797.117
1753232400000,119587.5,119679.7,119424.6,119516.1,2081.963
1753234200000,119516.1,119721.6,119470.0,119521.7,1178.392
1753236000000,119521.8,119566.9,119142.0,119339.7,4174.815
1753237800000,119339.7,119391.0,118981.2,119096.7,2443.683
1753239600000,119096.6,119112.2,118832.0,118948.4,2116.915
1753241400000,118948.3,118970.9,118522.0,118620.8,2337.632
1753243200000,118620.7,118916.3,118570.0,118820.1,2418.204
1753245000000,118820.1,118976.8,118713.6,118976.7,1302.797
1753246800000,118976.8,118997.7,118722.2,118743.0,1393.967
1753248600000,118743.1,118826.0,118584.0,118618.6,1382.724
1753250400000,118618.7,118700.0,118400.1,118576.5,1796.984
1753252200000,118576.6,118679.5,118347.0,118400.1,2156.471
1753254000000,118400.1,118580.4,118320.0,118514.4,2454.537
1753255800000,118514.5,118557.0,118236.1,118327.0,1818.583
1753257600000,118326.9,118532.9,118200.0,118336.3,2438.945
1753259400000,118336.4,118423.9,118207.6,118390.0,1207.956
1753261200000,118389.9,118446.8,117943.2,117948.1,3425.197
1753263000000,117948.1,118148.6,117867.5,118002.0,2856.039
1753264800000,118002.1,118254.6,117789.2,118229.1,4374.607
1753266600000,118229.0,118360.2,118145.1,118331.1,2005.681
1753268400000,118331.0,118586.3,118119.6,118554.5,2755.992
1753270200000,118554.5,118567.0,118442.3,118484.8,1451.593
1753272000000,118484.7,118615.3,118380.0,118507.2,1776.602
1753273800000,118507.3,118562.5,117750.0,117932.6,5977.036
1753275600000,117932.6,118162.6,117750.0,118030.0,4343.395
1753277400000,118030.1,118030.1,117259.7,117336.7,10881.185
1753279200000,117336.7,118050.0,117262.1,117954.0,5186.684
1753281000000,117953.4,118173.9,117749.6,118170.0,2983.387
1753282800000,118170.0,118226.0,117768.0,118030.4,2675.278
1753284600000,118030.4,118687.1,117992.0,118531.0,3773.431
1753286400000,118530.9,118530.9,117590.9,117821.6,4687.445
1753288200000,117821.6,117869.3,117500.0,117671.2,2688.397
1753290000000,117671.3,117872.6,117250.0,117596.8,4154.46
1753291800000,117596.8,118085.0,117380.0,118078.9,3375.881
1753293600000,118078.9,118250.0,117934.8,118126.8,2672.145
1753295400000,118126.8,118346.1,118061.1,118334.8,1669.447
1753297200000,118334.7,118409.1,118162.8,118300.0,1607.638
1753299000000,118300.1,118427.4,118155.6,118344.4,1723.354
1753300800000,118344.4,118445.1,117930.4,117982.3,2594.689
1753302600000,117982.3,118035.5,117507.4,117858.2,4170.596
1753304400000,117858.3,118074.3,117340.0,117514.3,2944.894
1753306200000,117514.3,118144.0,117319.0,118144.0,2587.243
1753308000000,118143.9,118600.0,117893.3,118566.1,4017.788
1753309800000,118566.1,118599.4,118450.0,118537.9,1648.865
1753311600000,118537.8,118676.2,118463.8,118591.5,2133.876
1753313400000,118591.6,118725.3,118373.2,118713.5,2812.696
1753315200000,118713.4,119067.0,118529.5,118991.5,4450.28
1753317000000,118991.6,119102.4,118857.1,119024.0,2022.952
1753318800000,119024.0,119030.5,118802.3,118931.7,1631.126
1753320600000,118931.7,119076.4,118753.1,119060.3,1129.236
1753322400000,119060.2,119060.3,118763.7,118824.6,1374.458
1753324200000,118824.6,119046.5,118824.6,118930.2,1063.452
1753326000000,118930.2,119240.0,118867.0,119237.3,2200.865
1753327800000,119237.2,119265.4,118425.3,118451.5,5522.812
1753329600000,118451.6,118542.5,118129.9,118251.0,3194.341
1753331400000,118250.9,118294.8,117792.8,117905.6,3800.669
1753333200000,117905.7,117934.1,117455.0,117552.9,4329.96
1753335000000,117552.9,117853.3,117448.9,117556.7,3754.996
1753336800000,117556.6,117815.4,117437.1,117761.1,3205.133
1753338600000,117761.2,117820.7,117336.6,117418.3,4918.972
1753340400000,117418.3,118122.0,117050.2,118081.3,6970.333
1753342200000,118081.3,118450.0,117880.8,118368.0,3072.619
1753344000000,118368.1,118780.0,118179.2,118586.0,4607.782
1753345800000,118586.0,118769.2,118519.9,118748.3,1947.784
1753347600000,118748.4,118789.3,118439.3,118578.0,1977.019
1753349400000,118578.0,118640.3,118205.9,118460.2,2997.227
1753351200000,118460.2,118614.7,118088.9,118089.0,2458.976
1753353000000,118089.0,118376.1,117923.0,118350.0,2866.161
1753354800000,118349.9,118714.2,118267.7,118579.5,3466.875
1753356600000,118579.6,118700.0,118538.4,118558.0,1497.318
1753358400000,118558.0,118700.0,118271.2,118533.3,2396.236
1753360200000,118533.3,118561.7,118236.0,118479.5,1849.43
1753362000000,118479.4,118675.2,118414.9,118631.7,1403.896
1753363800000,118631.7,118671.3,118156.0,118171.2,2723.074
1753365600000,118171.2,118447.2,117773.1,118095.9,5965.302
1753367400000,118095.8,119124.9,118087.3,119021.5,6630.142
1753369200000,119021.5,119469.9,118850.0,118971.3,8197.839
1753371000000,118971.2,119085.7,118572.7,119074.1,4903.216
1753372800000,119074.1,119187.3,118617.7,118640.8,3389.797
1753374600000,118640.9,118789.2,118306.0,118498.0,3589.563
1753376400000,118498.0,119123.4,118446.3,118969.4,2485.233
1753378200000,118969.4,119286.0,118969.4,119093.2,2098.11
1753380000000,119093.1,119376.9,118964.1,119266.0,2422.122
1753381800000,119266.0,119300.0,118923.1,119004.0,1517.0
1753383600000,119004.0,119314.7,118995.5,119120.4,2073.701
1753385400000,119120.4,119134.0,118850.1,118902.0,1656.991
1753387200000,118902.0,118953.9,118744.4,118859.9,1352.354
1753389000000,118859.8,118869.1,118672.0,118677.9,907.608
1753390800000,118678.0,118749.8,118500.0,118500.2,1086.524
1753392600000,118500.1,118590.6,118436.1,118485.4,719.724
1753394400000,118485.4,118588.3,118323.1,118420.4,1442.015
1753396200000,118420.4,118420.4,118124.8,118225.2,1311.496
1753398000000,118225.3,118412.6,118126.8,118180.4,1541.586
1753399800000,118180.4,118356.0,118112.0,118294.3,1253.308
1753401600000,118294.4,118410.8,117885.4,117902.3,3816.746
1753403400000,117902.4,117950.7,117600.0,117620.0,4747.002
1753405200000,117620.1,117780.1,117275.8,117405.5,6248.89
1753407000000,117405.6,117713.4,117189.9,117334.7,6213.491
1753408800000,117334.6,117359.4,117075.4,117091.7,5630.75
1753410600000,117091.6,117125.5,116300.0,116300.0,14201.475
1753412400000,116300.0,116393.0,115780.9,115982.8,13530.693
1753414200000,115982.8,115982.9,115300.0,115384.6,13069.053
1753416000000,115384.7,115545.5,115080.0,115305.2,7823.364
1753417800000,115305.1,116100.0,115296.4,116043.6,10553.296
1753419600000,116043.5,116045.1,115222.2,115556.9,7571.985
1753421400000,115556.9,115628.9,115366.1,115481.2,3311.169
1753423200000,115481.2,115481.8,115200.0,115267.4,2783.448
1753425000000,115267.5,115448.7,115160.0,115255.3,3258.508
1753426800000,115255.3,115927.8,115000.0,115515.6,10163.768
1753428600000,115515.5,115568.0,114667.3,115288.8,13069.115
1753430400000,115288.9,115956.8,115233.0,115702.1,8590.326
1753432200000,115702.2,115731.4,115005.0,115194.6,10094.614
1753434000000,115194.6,115801.8,115000.0,115787.9,6278.112
1753435800000,115787.9,116051.0,115458.6,116025.3,4404.84
1753437600000,116025.3,116320.5,115958.9,116088.2,5121.631
1753439400000,116088.2,116485.0,116088.2,116277.5,2898.722
1753441200000,116277.6,116754.0,116277.6,116666.1,3530.189
1753443000000,116666.1,116759.6,116444.1,116504.6,3786.404
1753444800000,116504.6,116629.0,116182.8,116227.4,3563.494
1753446600000,116227.4,116439.7,115918.4,116079.6,6959.386
1753448400000,116079.7,116112.0,115888.9,116060.1,4337.338
1753450200000,116060.1,116578.2,115526.2,116195.5,9126.843
1753452000000,116195.5,116267.9,115300.0,115565.0,5923.336
1753453800000,115565.1,115646.1,114846.1,114934.4,8529.006
1753455600000,114934.5,115650.0,114874.0,115495.0,5424.695
1753457400000,115495.0,115824.5,115209.5,115687.4,3920.939
1753459200000,115687.4,115899.9,115413.1,115754.0,3298.416
1753461000000,115754.1,116160.7,115524.2,116143.4,3295.191
1753462800000,116143.5,116317.7,115896.7,116076.9,2982.317
1753464600000,116076.9,116199.0,115831.4,116002.0,2141.383
1753466400000,116002.0,116489.0,116002.0,116368.0,2515.12
1753468200000,116368.1,116540.0,116292.5,116456.0,1332.25
1753470000000,116455.9,116737.1,116372.2,116582.8,2510.741
1753471800000,116582.8,116989.9,116582.3,116649.6,3986.009
1753473600000,116649.6,116802.8,116530.0,116697.6,1750.222
1753475400000,116697.6,117300.0,116692.6,117011.2,6867.238
1753477200000,117011.2,117359.3,117006.4,117231.2,3213.16
1753479000000,117231.2,117236.6,116914.0,117183.3,2135.523
1753480800000,117183.3,117233.0,117083.0,117220.0,1144.056
1753482600000,117220.0,117333.0,117176.8,117250.0,1174.318
1753484400000,117250.0,117340.7,117150.9,117276.5,1163.964
1753486200000,117276.4,117615.3,117276.4,117583.5,2394.218
1753488000000,117583.4,117583.5,117300.0,117525.0,2381.262
1753489800000,117525.0,117585.1,117308.9,117473.2,1213.832
1753491600000,117473.2,117538.3,117351.0,117372.7,908.172
1753493400000,117372.8,117415.4,117114.2,117143.8,2039.523
1753495200000,117143.8,117568.3,117143.8,117568.3,1616.311
1753497000000,117568.2,117740.6,117441.8,117443.8,1774.769
1753498800000,117443.7,117580.0,117421.9,117422.0,926.569
1753500600000,117422.0,117550.0,117422.0,117455.8,687.037
1753502400000,117455.8,117515.3,117384.8,117449.9,769.712
1753504200000,117450.0,117491.7,117368.9,117469.0,692.352
1753506000000,117469.0,117515.9,117390.7,117515.9,563.198
1753507800000,117515.9,117515.9,117402.1,117415.1,506.514
1753509600000,117415.1,117430.4,117288.9,117321.3,987.705
1753511400000,117321.2,117406.6,117308.9,117309.0,1054.449
1753513200000,117309.0,117357.0,117288.9,117324.5,578.984
1753515000000,117324.6,117347.1,117288.0,117288.1,817.106
1753516800000,117288.0,117471.1,117288.0,117471.1,837.999
1753518600000,117471.1,117600.3,117425.0,117530.1,1360.406
1753520400000,117530.1,117594.2,117435.2,117435.2,843.462
1753522200000,117435.2,117547.5,117418.9,117547.4,517.494
1753524000000,117547.4,117759.7,117503.8,117744.2,1448.725
1753525800000,117744.2,118229.7,117739.7,117954.3,8541.863
1753527600000,117954.4,118059.5,117855.5,117922.3,1655.543
1753529400000,117922.3,117989.2,117758.0,117758.0,1348.582
1753531200000,117758.1,117980.0,117755.0,117928.7,1349.343
1753533000000,117928.7,117950.0,117867.4,117885.0,534.299
1753534800000,117885.0,118200.0,117820.6,118057.3,2180.771
1753536600000,118057.3,118211.8,118057.2,118099.4,924.811
1753538400000,118099.4,118200.0,117973.0,117987.3,1248.132
1753540200000,117987.4,118136.3,117923.0,118030.2,1344.824
1753542000000,118030.1,118111.8,117801.0,117863.3,1635.837
1753543800000,117863.4,118148.9,117842.1,118111.1,1116.615
1753545600000,118111.1,118178.6,117982.3,118151.2,1151.646
1753547400000,118151.2,118200.0,118000.0,118055.0,841.275
1753549200000,118055.1,118078.8,117992.3,118036.7,468.639
1753551000000,118036.7,118047.8,117960.8,118009.4,452.26
1753552800000,118009.4,118052.4,117917.7,118029.5,617.284
1753554600000,118029.5,118086.2,117982.6,118063.9,925.576
1753556400000,118063.8,118082.9,118022.8,118074.9,383.766
1753558200000,118074.9,118300.0,118057.6,118209.0,1199.985
1753560000000,118209.1,118209.1,117898.5,117916.5,1297.945
1753561800000,117916.5,118013.1,117846.1,117919.2,967.782
1753563600000,117919.2,117969.2,117852.0,117912.5,500.654
1753565400000,117912.5,118052.3,117861.0,118013.2,501.59
1753567200000,118013.2,118289.3,117972.3,118040.0,1292.281
1753569000000,118040.0,118093.8,117950.0,117974.9,763.778
1753570800000,117974.9,118018.3,117875.0,117894.8,766.989
1753572600000,117894.9,117932.6,117854.0,117889.2,680.953
1753574400000,117889.3,117944.0,117800.8,117822.5,973.209
1753576200000,117822.4,117931.7,117801.7,117927.2,518.926
1753578000000,117927.2,118135.9,117888.0,118117.9,705.688
1753579800000,118117.9,118180.5,118029.3,118063.6,519.163
1753581600000,118063.7,118246.1,117980.3,118124.4,744.62
1753583400000,118124.3,118356.0,118083.5,118302.8,1185.413
1753585200000,118302.8,118311.9,118060.1,118176.1,1225.425
1753587000000,118176.1,118250.0,118156.0,118162.0,389.492
1753588800000,118161.9,118250.0,118114.0,118239.2,477.829
1753590600000,118239.1,118240.4,118144.6,118199.9,509.839
1753592400000,118199.9,118275.0,118139.0,118243.6,730.887
1753594200000,118243.5,118286.3,118176.2,118258.2,647.045
1753596000000,118258.3,118294.1,118176.3,118251.7,512.313
1753597800000,118251.6,118432.1,118212.3,118240.1,1232.716
1753599600000,118240.1,118240.1,118077.4,118107.8,928.328
1753601400000,118107.8,118162.4,118041.6,118083.6,930.977
1753603200000,118083.5,118116.6,117944.7,117988.6,1548.249
1753605000000,117988.6,118038.7,117923.0,117923.0,836.628
1753606800000,117923.0,117978.6,117841.0,117864.0,1150.392
1753608600000,117864.1,117925.7,117822.2,117913.7,786.1
1753610400000,117913.6,118186.0,117913.6,118121.2,1099.855
1753612200000,118121.1,118273.8,118090.4,118155.9,1541.011
1753614000000,118155.9,118243.6,118141.1,118168.0,957.394
1753615800000,118168.0,118215.9,118022.0,118053.4,695.065
1753617600000,118053.3,118093.9,117929.5,117954.8,738.375
1753619400000,117954.8,118088.0,117850.0,118065.6,1620.324
1753621200000,118065.3,118197.0,118051.2,118159.3,976.084
1753623000000,118159.3,118194.3,118052.8,118182.3,720.887
1753624800000,118182.3,118430.0,118116.4,118402.5,2580.46
1753626600000,118402.4,118488.0,118146.7,118414.8,2921.974
1753628400000,118414.8,118566.7,118220.3,118454.9,2973.203
1753630200000,118454.8,118583.2,118244.6,118580.8,1551.741
1753632000000,118580.9,119391.5,118580.8,119365.9,10185.331
1753633800000,119365.9,119550.0,118942.0,119081.3,8086.16
1753635600000,119081.4,119213.0,118840.0,119190.0,2778.957
1753637400000,119190.1,119327.1,118977.2,119184.4,1971.287
1753639200000,119184.4,119378.8,119108.9,119232.6,1509.719
1753641000000,119232.6,119232.7,118880.2,119008.1,1288.956
1753642800000,119008.0,119008.1,118875.1,118937.6,828.632
1753644600000,118937.6,119076.9,118904.0,118953.3,516.405
1753646400000,118953.3,119175.1,118918.8,118983.5,834.633
1753648200000,118983.5,118983.6,118709.9,118739.9,1486.24
1753650000000,118740.0,119045.0,118709.2,119030.1,1221.543
1753651800000,119030.1,119268.0,118935.3,119257.3,974.623
1753653600000,119257.3,119747.2,119210.0,119664.0,4579.929
1753655400000,119664.0,119766.0,119485.2,119486.6,1725.729
1753657200000,119486.6,119537.3,119138.2,119424.0,2190.542
1753659000000,119424.1,119453.5,119321.5,119423.4,870.661
1753660800000,119423.5,119692.3,119332.6,119639.5,1857.244
1753662600000,119639.4,119641.9,119122.2,119228.8,1757.441
1753664400000,119228.9,119485.2,119058.9,119375.1,2012.315
1753666200000,119375.1,119375.1,118949.9,119031.6,1788.543
1753668000000,119031.6,119534.7,119010.1,119469.9,1398.238
1753669800000,119470.0,119812.0,119366.0,119432.6,3641.968
1753671600000,119432.7,119525.2,119252.4,119259.7,1164.341
1753673400000,119259.6,119348.5,119208.0,119269.7,957.454
1753675200000,119269.6,119413.6,119115.9,119139.0,1122.368
1753677000000,119139.1,119337.3,119111.8,119200.0,1082.608
1753678800000,119200.0,119439.2,119127.6,119355.0,1525.527
1753680600000,119355.1,119692.0,119241.6,119517.1,1667.501
1753682400000,119517.1,119600.0,119458.9,119480.0,1228.495
1753684200000,119480.0,119480.1,119422.1,119444.9,561.574
1753686000000,119444.9,119445.0,118791.1,119035.1,4400.4
1753687800000,119034.5,119034.6,118742.0,118873.2,1780.586
1753689600000,118873.1,119071.0,118789.3,119002.9,1262.761
1753691400000,119002.8,119091.2,118744.1,119053.5,2332.652
1753693200000,119053.5,119053.6,118804.0,118821.8,1038.922
1753695000000,118821.8,119010.9,118668.6,118920.9,1369.805
1753696800000,118920.9,118959.1,118758.1,118921.1,662.312
1753698600000,118921.2,118921.2,118610.0,118757.2,1652.411
1753700400000,118757.3,118855.6,118523.1,118548.8,2184.509
1753702200000,118548.7,118824.0,118471.3,118813.3,2074.817
1753704000000,118813.4,119085.0,118764.0,118910.6,2756.703
1753705800000,118910.7,118991.5,118773.3,118828.6,1549.591
1753707600000,118828.7,118848.4,118400.1,118579.9,3175.097
1753709400000,118579.9,119065.2,118210.0,118412.0,8592.276
1753711200000,118411.9,118666.0,117994.0,118060.7,5835.042
1753713000000,118060.8,118260.0,117900.0,117968.3,4143.84
1753714800000,117968.3,118402.4,117900.0,118402.4,4413.105
1753716600000,118402.4,118487.4,118098.4,118152.8,3019.085
1753718400000,118152.9,118300.0,117987.4,118274.9,2129.198
1753720200000,118274.9,118363.0,117983.9,117991.5,1643.195
1753722000000,117991.6,118022.7,117612.0,118006.1,5080.409
1753723800000,118006.1,118100.0,117634.5,117650.0,2034.145
1753725600000,117649.9,117800.0,117459.4,117539.5,3877.616
1753727400000,117539.5,117846.1,117388.0,117760.4,2128.348
1753729200000,117760.4,118279.0,117751.2,118075.4,2864.068
1753731000000,118075.4,118082.9,117523.2,118050.0,2553.918
1753732800000,118050.0,118150.1,117483.0,117483.0,1731.556
1753734600000,117483.0,118064.4,117466.1,118017.7,1535.367
1753736400000,118017.7,118163.0,117923.0,118071.4,854.97
1753738200000,118071.4,118329.8,117927.9,118081.5,1375.882
1753740000000,118081.6,118235.9,117978.2,118111.2,1261.166
1753741800000,118111.1,118150.0,117728.1,117843.0,1849.839
1753743600000,117842.9,118153.8,117788.0,117954.0,844.099
1753745400000,117954.0,118122.9,117793.0,118041.4,939.022
1753747200000,118041.5,118433.4,117919.2,118206.2,2174.201
1753749000000,118206.1,118245.5,117500.0,117945.0,3456.837
1753750800000,117944.9,118205.3,117823.2,118177.1,942.148
1753752600000,118177.1,118224.0,117736.7,117738.6,885.241
1753754400000,117738.6,117923.0,117406.3,117866.4,2585.377
1753756200000,117866.4,118068.7,117720.7,118065.6,1293.545
1753758000000,118065.6,118415.0,118065.6,118295.8,2444.692
1753759800000,118295.8,118777.0,118222.6,118745.6,3066.788
1753761600000,118745.6,118785.0,118524.1,118619.1,1576.789
1753763400000,118619.1,118650.0,118377.1,118491.3,1509.731
1753765200000,118491.3,118720.0,118491.2,118615.4,803.766
1753767000000,118615.4,118837.0,118559.8,118766.0,1191.379
1753768800000,118766.0,119032.4,118685.3,118888.6,2084.935
1753770600000,118888.7,118966.0,118720.0,118720.1,1580.719
1753772400000,118720.0,118901.3,118720.0,118774.0,913.801
1753774200000,118774.1,119258.7,118714.8,118856.2,3782.4
1753776000000,118856.2,119019.6,118720.5,118763.4,1688.03
1753777800000,118763.3,118991.6,118755.5,118887.8,1252.471
1753779600000,118887.8,118964.8,118722.0,118890.9,1123.082
1753781400000,118890.8,118890.8,118722.0,118750.0,732.398
1753783200000,118749.9,118792.0,118506.4,118634.8,2149.786
1753785000000,118634.8,118742.0,118254.8,118274.2,2498.241
1753786800000,118274.3,118483.8,118119.1,118460.6,2248.162
1753788600000,118460.5,118565.0,118303.6,118560.0,1078.594
1753790400000,118560.0,119032.4,118407.1,118908.1,4311.612
1753792200000,118908.2,119050.0,118756.8,118863.1,2345.937
1753794000000,118863.1,118921.3,118725.5,118902.3,1168.934
1753795800000,118902.2,119000.0,118489.0,118589.9,3080.491
1753797600000,118590.0,118607.9,117901.1,118237.4,6937.27
1753799400000,118237.3,118274.2,117650.0,117781.7,4111.333
1753801200000,117781.6,117923.3,117470.0,117489.9,4984.415
1753803000000,117489.9,117600.7,117218.7,117345.7,7285.752
1753804800000,117345.7,117535.1,117251.0,117302.4,4979.496
1753806600000,117302.3,117730.0,116923.0,117710.9,8091.363
1753808400000,117711.3,117936.7,117594.0,117875.7,2747.112
1753810200000,117875.7,118019.3,117629.4,117723.5,2124.484
1753812000000,117723.5,117782.4,117437.5,117687.7,1548.96
1753813800000,117687.6,117773.9,117467.7,117573.0,1075.549
1753815600000,117572.9,117998.8,117358.2,117414.7,2373.879
1753817400000,117414.8,117631.5,117385.0,117484.9,1252.095
1753819200000,117485.5,117840.9,117053.5,117509.0,5368.428
1753821000000,117509.0,117540.0,117044.1,117478.9,2275.729
1753822800000,117478.8,117512.3,117141.3,117302.2,1483.703
1753824600000,117302.1,117663.6,117210.0,117555.1,788.089
1753826400000,117555.1,117703.4,117403.1,117686.1,1287.857
1753828200000,117686.2,117822.0,117651.4,117801.5,882.16
1753830000000,117801.4,117888.0,117746.4,117887.9,812.924
1753831800000,117887.9,117951.0,117670.2,117897.0,882.778
1753833600000,117897.1,117958.3,117661.6,117661.6,1126.445
1753835400000,117661.6,117732.1,117485.1,117699.9,1595.854
1753837200000,117699.9,117747.3,117363.0,117535.6,1236.748
1753839000000,117535.6,117983.0,117492.1,117805.1,1264.715
1753840800000,117805.2,118087.3,117739.7,117908.3,1506.584
1753842600000,117908.3,118085.6,117826.1,117979.9,1070.042
1753844400000,117979.9,118050.0,117859.1,118050.0,797.599
1753846200000,118049.9,118210.0,118001.6,118106.5,1252.115
1753848000000,118106.5,118230.7,118106.5,118124.8,1126.92
1753849800000,118124.8,118124.8,117906.0,117949.9,1004.432
1753851600000,117950.0,118034.8,117616.1,117938.3,1618.987
1753853400000,117938.2,117998.4,117809.8,117948.2,627.803
1753855200000,117948.2,118167.0,117948.1,118158.0,1032.72
1753857000000,118158.0,118296.9,118063.5,118237.4,1486.255
1753858800000,118237.3,118384.6,118147.1,118310.3,1615.672
1753860600000,118310.3,118330.7,118076.9,118083.1,1233.657
1753862400000,118083.2,118230.7,117918.0,118119.4,1301.24
1753864200000,118119.3,118451.3,118041.5,118324.7,1574.659
1753866000000,118324.7,118392.3,118113.7,118120.1,1334.755
1753867800000,118120.1,118174.1,117950.0,118126.4,1443.279
1753869600000,118126.4,118314.7,118126.3,118284.8,1154.435
1753871400000,118284.8,118393.9,117896.2,117983.9,2135.622
1753873200000,117983.9,118150.1,117746.4,117781.1,2236.393
1753875000000,117781.1,117952.5,117291.6,117526.7,4722.071
1753876800000,117526.6,117800.0,117300.6,117694.2,3057.001
1753878600000,117694.2,117877.0,117500.0,117680.2,2496.486
1753880400000,117680.2,117825.3,117366.0,117457.3,3244.859
1753882200000,117457.3,117773.9,117370.0,117624.5,2776.912
1753884000000,117624.6,117974.2,117550.4,117690.0,2600.773
1753885800000,117690.0,118692.3,117689.9,118678.5,6828.782
1753887600000,118678.4,118763.5,118050.1,118118.9,5006.893
1753889400000,118119.0,118188.3,117777.0,117950.0,2839.922
1753891200000,117949.9,117974.7,117584.2,117762.9,3066.93
1753893000000,117761.3,117840.2,117629.1,117697.0,1090.769
1753894800000,117697.0,117909.9,117655.2,117757.2,1362.577
1753896600000,117757.2,117826.5,117592.6,117748.1,1071.56
1753898400000,117748.1,117995.4,117300.0,117701.9,4805.992
1753900200000,117702.0,117787.7,116444.0,116477.0,10877.234
1753902000000,116476.9,116514.1,115700.0,116394.5,16038.778
1753903800000,116394.4,117083.7,116182.4,116865.2,7915.665
1753905600000,116865.2,117274.9,116829.8,117047.5,3760.292
1753907400000,117047.5,117158.1,116888.0,117138.9,1984.293
1753909200000,117139.0,117194.4,116942.4,116942.4,984.005
1753911000000,116942.5,117293.6,116900.4,117280.0,1208.933
1753912800000,117280.0,117386.6,117188.9,117254.8,1623.859
1753914600000,117254.8,117440.0,117224.5,117431.2,1043.621
1753916400000,117431.1,117530.0,117400.0,117516.9,1251.776
1753918200000,117516.9,117866.4,117516.9,117771.0,2480.943
1753920000000,117771.1,118034.2,117713.5,118014.9,2026.932
1753921800000,118014.9,118512.6,117985.9,118368.5,5825.8
1753923600000,118368.6,118420.2,118102.1,118273.2,2033.704
1753925400000,118273.2,118306.2,117950.0,118025.2,1593.753
1753927200000,118025.1,118230.0,117931.2,118145.6,1325.67
1753929000000,118145.6,118451.9,118145.6,118392.9,2078.693
1753930800000,118392.8,118444.0,118323.4,118397.5,1021.211
1753932600000,118397.5,118590.0,118331.7,118429.0,2067.441
1753934400000,118429.0,118450.4,118308.0,118342.2,971.882
1753936200000,118342.1,118522.5,118328.3,118472.3,1512.201
1753938000000,118472.3,118504.6,118301.9,118350.0,1055.906
1753939800000,118350.0,118392.8,118287.3,118320.0,789.133
1753941600000,118320.0,118387.6,118238.7,118387.5,760.668
1753943400000,118387.5,118706.1,118351.9,118653.4,1818.28
1753945200000,118653.4,118910.0,118562.1,118782.0,3476.094
1753947000000,118782.0,118782.1,118590.5,118624.1,1788.377
1753948800000,118624.0,118679.1,118546.4,118589.9,1052.06
1753950600000,118589.9,118728.0,118520.2,118550.8,969.05
1753952400000,118550.7,118550.8,118423.0,118500.0,1084.89
1753954200000,118500.0,118580.0,118466.0,118562.4,804.765
1753956000000,118562.4,118700.1,118405.0,118438.3,1350.376
1753957800000,118438.3,118590.5,118390.1,118474.0,845.883
1753959600000,118473.9,118526.3,118363.3,118384.8,1115.813
1753961400000,118384.8,118450.0,118246.8,118330.9,1387.125
1753963200000,118330.9,118500.0,118300.0,118494.8,1420.791
1753965000000,118494.8,118606.6,118252.7,118580.0,2139.096
1753966800000,118580.1,118587.7,118063.9,118106.1,3457.955
1753968600000,118106.1,118684.4,117783.3,118506.2,7231.235
1753970400000,118506.1,118602.1,117867.3,117924.1,4852.08
1753972200000,117924.1,118181.5,117850.0,117871.9,3283.627
1753974000000,117871.8,118152.8,117835.5,117997.8,2313.732
1753975800000,117997.9,118309.6,117997.8,118259.3,2161.503
1753977600000,118259.4,118494.6,118191.0,118494.6,1912.319
1753979400000,118494.6,118850.0,118357.3,118492.0,4918.422
1753981200000,118492.0,118521.8,117670.0,117822.4,4304.137
1753983000000,117822.5,118187.3,117650.0,117712.1,3763.661
1753984800000,117712.2,117883.0,117350.0,117883.0,5140.901
1753986600000,117883.0,117984.9,117540.7,117600.0,2323.378
1753988400000,117600.1,117711.7,117057.6,117096.1,6304.755
1753990200000,117096.1,117136.7,116691.1,116718.9,5943.915
1753992000000,116718.9,116927.8,116415.0,116695.5,5989.619
1753993800000,116695.6,116870.0,116380.0,116450.0,4049.043
1753995600000,116450.1,116724.5,116414.0,116724.5,2789.33
1753997400000,116724.4,116846.1,116157.1,116479.0,3694.648
1753999200000,116478.9,116479.0,116030.8,116224.4,3772.549
1754001000000,116224.3,116242.8,115934.8,115934.9,3370.073
1754002800000,115934.9,116307.6,115868.6,115980.6,3899.183
1754004600000,115980.6,115983.6,115373.9,115697.3,7245.808
1754006400000,115697.3,115877.8,115244.3,115734.9,6318.417
1754008200000,115734.9,115734.9,114239.0,115366.9,15177.117
1754010000000,115366.9,115547.2,114525.0,115130.7,8194.957
1754011800000,115130.7,115365.7,114926.4,115270.2,3596.873
1754013600000,115270.0,115756.4,115159.6,115563.8,3273.35
1754015400000,115563.9,115958.1,115512.2,115908.8,2580.743
1754017200000,115908.7,116000.0,115730.0,115963.6,1822.628
1754019000000,115963.5,115975.2,115557.0,115595.7,1640.762
1754020800000,115595.6,115595.7,115208.7,115463.5,2327.442
1754022600000,115463.4,115658.0,115399.9,115648.3,1435.849
1754024400000,115648.4,115873.4,115417.1,115537.2,1881.742
1754026200000,115537.2,115700.0,115313.3,115511.4,1517.502
1754028000000,115511.4,115600.0,115170.0,115199.0,1670.018
1754029800000,115199.0,115279.9,115017.3,115112.8,3281.018
1754031600000,115112.9,115257.6,114800.0,114800.1,3626.188
1754033400000,114800.1,115056.5,114579.5,115015.1,5474.775
1754035200000,115015.1,115015.1,114300.0,114376.7,5597.638
1754037000000,114376.7,114737.3,114055.6,114552.3,5508.378
1754038800000,114552.3,115251.8,114495.9,115251.7,4634.184
1754040600000,115251.8,115291.1,114874.4,114890.3,2144.948
1754042400000,114890.4,115153.6,114822.0,114947.3,1617.937
1754044200000,114947.4,114972.6,114633.1,114697.7,2801.849
1754046000000,114697.8,115020.8,114543.2,115019.8,2292.713
1754047800000,115019.7,115282.6,115000.7,115246.6,1991.735
1754049600000,115246.5,115469.3,115160.8,115406.7,2621.981
1754051400000,115406.7,115886.0,115083.7,115674.9,7784.288
1754053200000,115674.9,115956.0,115470.5,115617.7,3681.554
1754055000000,115617.7,115623.3,114121.0,114304.7,11678.606
1754056800000,114304.7,115711.0,113871.1,115700.9,12508.551
1754058600000,115700.9,115782.5,115314.0,115568.7,6907.534
1754060400000,115568.7,115597.4,114625.9,114751.1,5699.475
1754062200000,114752.1,115460.1,114631.3,115305.3,3918.778
1754064000000,115305.3,115656.8,115251.3,115545.9,3292.867
1754065800000,115545.8,115545.8,114769.2,114962.2,5211.529
1754067600000,114962.2,115002.8,114453.0,114620.4,4586.22
1754069400000,114620.5,115060.9,114300.0,114387.3,4087.67
1754071200000,114387.2,114461.5,113632.4,114111.0,11205.754
1754073000000,114110.9,114304.9,113702.5,113792.7,3883.04
1754074800000,113792.7,113887.6,113205.0,113348.0,7232.123
1754076600000,113348.0,113853.9,113173.7,113278.5,6589.213
1754078400000,113278.4,113600.0,113113.0,113421.1,4739.37
1754080200000,113421.1,113934.0,113340.1,113900.0,3007.81
1754082000000,113900.1,114030.0,113617.9,113955.5,2627.182
1754083800000,113955.4,114039.0,113828.7,113833.9,1202.518
1754085600000,113834.0,113958.3,113116.3,113392.8,4151.565
1754087400000,113392.8,113435.1,112660.0,113086.2,9308.965
1754089200000,113086.3,113518.7,112850.7,113499.9,3125.638
1754091000000,113499.9,113500.0,113148.7,113244.8,1821.105
1754092800000,113244.8,113568.0,113145.0,113514.7,2691.409
1754094600000,113514.6,113788.0,113387.2,113762.7,1810.748
1754096400000,113762.6,113863.0,113454.5,113521.8,1608.574
1754098200000,113521.8,113627.6,113357.1,113620.1,928.091
1754100000000,113620.0,113715.3,113466.1,113583.0,1070.3
1754101800000,113582.9,113674.3,113560.2,113647.2,712.553
1754103600000,113647.2,113873.7,113647.2,113746.7,1387.71
1754105400000,113746.6,113860.0,113696.2,113859.9,817.69
1754107200000,113860.0,113946.7,113766.3,113938.7,1220.428
1754109000000,113938.6,114000.0,113938.6,113969.6,1427.727
1754110800000,113969.6,113992.3,113790.2,113992.3,1152.517
1754112600000,113992.3,113995.0,113862.2,113929.1,780.656
1754114400000,113929.1,113938.9,113504.4,113509.1,2275.94
1754116200000,113509.1,113699.6,113415.8,113655.1,2153.075
1754118000000,113655.0,113888.8,113509.0,113881.0,1162.196
1754119800000,113881.1,113965.7,113795.3,113919.9,1765.787
1754121600000,113920.0,113988.0,113822.0,113822.0,1114.783
1754123400000,113822.0,113823.6,113605.5,113633.8,1838.775
1754125200000,113633.8,113804.7,113624.8,113673.4,820.547
1754127000000,113673.3,113673.4,113520.0,113634.3,1293.337
1754128800000,113634.4,113662.7,113442.6,113597.0,1023.143
1754130600000,113597.0,113597.7,113370.0,113504.2,2042.502
1754132400000,113504.1,113815.7,113401.0,113808.2,1102.24
1754134200000,113808.3,113863.5,113688.8,113732.5,983.508
1754136000000,113732.6,113740.5,113642.7,113665.1,581.519
1754137800000,113665.1,113703.8,113519.1,113574.1,813.232
1754139600000,113574.1,113595.6,113230.0,113230.0,2338.221
1754141400000,113230.1,113491.5,113168.0,113410.1,2027.573
1754143200000,113410.1,113488.0,113071.3,113215.0,1719.049
1754145000000,113215.0,113215.0,112877.0,113054.6,4354.923
1754146800000,113054.5,113384.6,113049.6,113198.9,1851.662
1754148600000,113198.9,113199.0,112769.2,112798.6,4808.214
1754150400000,112798.6,112964.1,112674.7,112877.1,3470.891
1754152200000,112877.1,113219.6,112834.0,113156.9,3375.052
1754154000000,113156.9,113388.9,113110.9,113324.9,1984.785
1754155800000,113324.9,113326.8,112507.9,112689.4,6342.207
1754157600000,112689.4,112876.6,112300.0,112341.3,5603.37
1754159400000,112341.3,112548.9,111990.0,112285.2,5974.484
1754161200000,112285.1,112665.2,111910.0,112665.1,6303.86
1754163000000,112665.1,112895.8,112154.7,112175.5,3282.425
1754164800000,112175.5,112445.2,112007.9,112382.1,3401.255
1754166600000,112381.8,112750.3,112242.7,112750.3,1463.867
1754168400000,112750.2,112895.0,112506.2,112545.8,1875.656
1754170200000,112545.8,113022.5,112545.7,112814.0,1731.266
1754172000000,112814.1,112965.9,112497.7,112532.6,1388.631
1754173800000,112532.6,112909.9,112532.5,112810.2,879.731
1754175600000,112810.3,112824.9,112266.8,112270.1,2137.351
1754177400000,112270.1,112731.6,112233.3,112508.8,1565.988
1754179200000,112508.8,112751.5,112248.5,112330.0,1980.563
1754181000000,112330.0,112946.2,111850.0,112902.3,5640.859
1754182800000,112902.3,113166.0,112780.6,113152.7,2485.455
1754184600000,113152.7,113225.8,112933.0,113050.3,1640.107
1754186400000,113050.4,113355.9,113040.2,113298.9,1908.42
1754188200000,113298.8,113471.2,113281.3,113466.3,1044.169
1754190000000,113466.3,113523.9,113380.5,113469.8,1405.439
1754191800000,113469.8,113694.0,113468.5,113550.9,1856.758
1754193600000,113550.9,113550.9,113356.0,113485.9,1237.825
1754195400000,113485.8,113485.9,113285.7,113424.2,1079.925
1754197200000,113424.3,113561.8,113362.5,113538.3,832.09
1754199000000,113538.3,113621.7,113433.9,113570.3,780.982
1754200800000,113570.4,113584.8,113446.9,113489.4,450.914
1754202600000,113489.3,113539.6,113417.2,113504.2,509.475
1754204400000,113504.2,113665.2,113504.2,113664.6,676.287
1754206200000,113664.7,113676.4,113605.1,113647.2,734.273
1754208000000,113647.2,113749.7,113610.6,113621.9,1400.344
1754209800000,113621.9,113661.9,113492.5,113640.8,1107.408
1754211600000,113640.9,113672.0,113563.0,113606.7,612.388
1754213400000,113606.6,113645.0,113583.0,113612.4,437.585
1754215200000,113612.4,113740.7,113612.3,113711.9,581.298
1754217000000,113711.8,113848.0,113666.1,113846.0,1195.037
1754218800000,113846.0,114200.0,113846.0,113953.4,4053.219
1754220600000,113953.4,114000.0,113810.0,113810.1,1636.18
1754222400000,113810.0,113830.7,113600.0,113740.0,1719.296
1754224200000,113740.1,114049.8,113718.0,113957.0,1699.222
1754226000000,113957.1,114040.0,113754.4,113800.0,1119.788
1754227800000,113799.9,113936.9,113756.2,113896.9,577.235
1754229600000,113897.0,114017.3,113529.6,113604.4,2927.69
1754231400000,113604.4,113805.0,113561.0,113732.2,895.181
1754233200000,113732.2,113836.1,113625.0,113792.9,800.416
1754235000000,113793.0,113922.2,113617.8,113904.3,1161.568
1754236800000,113904.3,113904.4,113727.8,113841.0,684.692
1754238600000,113841.0,113987.4,113840.0,113950.1,893.807
1754240400000,113950.1,114125.2,113937.2,113962.2,1154.566
1754242200000,113962.2,114069.0,113894.1,114068.9,539.92
1754244000000,114068.9,114420.5,114008.7,114239.8,1977.779
1754245800000,114239.8,114361.0,114073.6,114328.4,1208.274
1754247600000,114328.5,114595.3,114239.3,114465.1,1733.704
1754249400000,114465.0,114730.0,114200.1,114259.0,2377.722
1754251200000,114259.1,114259.1,114110.9,114157.7,749.268
1754253000000,114157.6,114418.9,114118.6,114370.2,815.735
1754254800000,114370.1,114469.4,114322.8,114425.5,577.755
1754256600000,114425.6,114459.0,114307.6,114378.8,443.339
1754258400000,114378.8,114567.3,114011.3,114063.2,1695.324
1754260200000,114063.2,114332.3,114049.9,114264.8,736.91
1754262000000,114264.8,114459.7,114214.0,114215.4,841.689
1754263800000,114215.4,114258.9,114120.5,114150.8,565.989
1754265600000,114150.9,114358.6,114053.8,114306.1,1533.483
1754267400000,114306.0,114890.0,114239.6,114856.6,3296.591
1754269200000,114856.7,114963.4,114562.8,114780.0,2476.548
1754271000000,114780.0,114900.0,114590.0,114637.8,937.747
1754272800000,114637.8,114708.9,114358.1,114670.7,1518.123
1754274600000,114670.7,114843.5,114509.2,114754.9,1086.426
1754276400000,114755.0,114760.2,114624.4,114642.1,728.833
1754278200000,114642.0,114642.1,114469.6,114520.2,717.486
1754280000000,114520.3,114605.8,114446.4,114549.6,669.756
1754281800000,114549.6,114549.6,114275.2,114336.6,1701.249
1754283600000,114336.5,114360.6,114173.0,114173.0,1524.204
1754285400000,114173.0,114384.6,114130.5,114335.6,1071.211
1754287200000,114335.7,114400.0,114089.0,114206.5,1231.994
1754289000000,114206.5,114447.2,114128.9,114372.1,935.347
1754290800000,114372.2,114514.7,114350.3,114456.4,709.73
1754292600000,114456.3,114739.3,114442.7,114607.0,1436.306
1754294400000,114607.0,114715.0,114401.1,114410.5,1897.453
1754296200000,114410.5,114578.9,114301.8,114493.4,1056.088
1754298000000,114493.4,114700.0,114401.4,114579.8,912.616
1754299800000,114579.8,114654.2,114250.0,114273.0,753.476
1754301600000,114272.9,114459.9,114239.1,114294.6,853.734
1754303400000,114294.6,114394.5,114180.0,114201.7,669.038
1754305200000,114201.7,114332.7,114166.0,114332.4,766.584
1754307000000,114332.4,114476.7,114281.2,114450.0,728.68
1754308800000,114450.1,114499.0,114320.6,114376.2,902.312
1754310600000,114376.3,114404.9,114261.5,114395.3,817.917
1754312400000,114395.2,114451.8,114115.4,114151.3,1703.095
1754314200000,114151.2,114879.2,114070.0,114870.1,5879.933
1754316000000,114870.0,115431.6,114868.2,115376.7,8792.584
1754317800000,115376.7,115427.4,114574.2,114686.6,5546.314
1754319600000,114686.6,114981.6,114610.3,114720.6,2223.421
1754321400000,114720.7,114874.2,114500.0,114766.3,1709.759
1754323200000,114766.4,115148.0,114766.4,114843.2,2991.954
1754325000000,114843.3,115384.6,114834.7,115253.3,3312.619
1754326800000,115253.3,115686.0,115194.4,115482.1,4244.82
1754328600000,115482.7,115494.0,115091.6,115149.9,1768.185
1754330400000,115149.8,115270.8,115002.3,115227.4,1078.843
1754332200000,115227.5,115227.5,114857.4,114907.3,1147.413
1754334000000,114907.2,115082.3,114837.9,114872.3,1002.135
1754335800000,114872.3,114902.9,114681.1,114724.0,1476.099
1754337600000,114724.0,114829.8,114580.4,114680.7,1620.138
1754339400000,114680.6,115042.6,114680.6,114754.9,1774.024
1754341200000,114754.9,115119.1,114754.7,114944.6,1228.681
1754343000000,114944.5,115222.0,114915.7,115066.3,878.327
1754344800000,115066.2,115240.7,115028.1,115028.1,1142.442
1754346600000,115028.2,115284.2,115028.1,115284.1,822.122
1754348400000,115284.2,115299.0,115196.5,115255.9,880.356
1754350200000,115255.9,115255.9,114990.4,115002.1,1172.395
1754352000000,115002.1,115055.0,114805.3,114832.0,1356.779
1754353800000,114832.1,115073.3,114780.0,114837.5,1001.515
1754355600000,114837.5,115006.5,114740.0,114841.9,1038.157
1754357400000,114841.8,114880.5,114632.8,114668.3,906.07
1754359200000,114668.2,114781.6,114562.3,114572.6,888.889
1754361000000,114572.5,114789.3,114572.5,114683.1,857.218
1754362800000,114683.1,114700.0,114237.3,114303.4,2932.165
1754364600000,114303.3,114370.2,114213.6,114215.0,1337.636
1754366400000,114214.9,114392.6,114164.0,114199.0,1916.902
1754368200000,114199.1,114341.1,114114.0,114287.8,1171.385
1754370000000,114287.8,114450.0,114260.0,114368.6,987.469
1754371800000,114368.6,114419.1,114201.1,114373.8,1376.838
1754373600000,114373.8,114468.1,114316.5,114432.1,901.11
1754375400000,114432.2,114432.6,114054.3,114135.0,2220.657
1754377200000,114134.9,114359.7,114085.0,114157.4,1695.965
1754379000000,114157.4,114213.8,113650.0,113924.7,6619.555
1754380800000,113924.7,114342.5,113869.5,114334.3,2791.108
1754382600000,114334.2,114492.0,114178.6,114239.8,2089.723
1754384400000,114239.8,114553.8,114239.8,114545.6,1494.939
1754386200000,114545.5,114783.8,114471.1,114649.7,2408.6
1754388000000,114649.7,115054.5,114530.1,114917.8,3157.434
1754389800000,114917.8,115057.0,114769.2,114799.6,1609.636
1754391600000,114799.7,114882.9,114700.0,114863.8,906.968
1754393400000,114863.7,114934.4,114701.6,114782.0,1083.975
1754395200000,114782.1,114860.1,114300.2,114470.0,2829.882
1754397000000,114470.0,114470.1,113407.1,113897.0,8195.291
1754398800000,113897.0,114166.0,113812.9,114117.6,2687.455
1754400600000,114117.7,114530.0,113984.4,114322.6,3429.824
1754402400000,114322.6,114341.9,113088.0,113211.7,10471.658
1754404200000,113211.8,113229.0,112582.4,112975.6,11741.613
1754406000000,112975.6,113192.0,112625.1,112916.4,6126.378
1754407800000,112916.3,113038.7,112650.0,112871.8,3306.92
1754409600000,112871.7,113183.4,112767.6,113146.5,2634.682
1754411400000,113146.5,113318.4,112755.1,113120.0,2864.817
1754413200000,113120.1,113442.1,113034.4,113340.1,2076.914
1754415000000,113340.0,113641.2,113200.0,113579.7,2792.867
1754416800000,113579.7,113613.5,113327.0,113399.9,1332.241
1754418600000,113399.9,113597.6,113195.9,113595.9,1623.178
1754420400000,113595.9,113731.7,113500.8,113550.4,1788.308
1754422200000,113550.4,113669.9,113343.6,113573.1,1170.194
1754424000000,113573.8,113947.8,113573.8,113945.6,1558.084
1754425800000,113945.7,113948.0,113443.9,113655.8,1739.573
1754427600000,113655.8,113833.0,113564.6,113786.9,1223.13
1754429400000,113786.9,113800.0,113509.6,113544.0,614.284
1754431200000,113544.0,113827.0,113240.1,113827.0,2443.334
1754433000000,113826.9,113944.6,113787.0,113910.0,1282.027
1754434800000,113910.0,114100.0,113866.4,114004.3,1690.544
1754436600000,114004.4,114178.4,113984.1,114069.6,942.537
1754438400000,114069.6,114091.3,113869.8,113900.0,1185.034
1754440200000,113899.9,113986.6,113694.0,113834.5,1417.559
1754442000000,113834.5,113893.7,113538.4,113549.4,1431.242
1754443800000,113549.3,113846.1,113534.3,113777.3,1440.992
1754445600000,113777.2,113789.1,113444.8,113638.9,1056.627
1754447400000,113639.0,113693.4,113487.1,113588.7,865.888
1754449200000,113588.8,113621.8,113355.5,113397.8,1123.143
1754451000000,113397.8,113580.8,113385.0,113470.1,666.514
1754452800000,113470.2,113547.6,113321.8,113416.9,1339.565
1754454600000,113417.0,113445.3,113304.5,113385.7,805.619
1754456400000,113385.8,114107.6,113340.3,113882.6,3837.734
1754458200000,113882.5,114390.2,113882.5,114114.8,3574.203
1754460000000,114114.8,114144.4,113878.8,113943.6,1336.908
1754461800000,113943.6,114159.3,113880.9,114042.2,936.456
1754463600000,114042.3,114259.1,113965.4,114240.6,1406.969
1754465400000,114240.6,114246.3,114049.4,114179.2,1106.203
1754467200000,114179.2,114213.6,113936.1,114010.3,1634.297
1754469000000,114010.4,114010.4,113663.3,113900.1,2091.051
1754470800000,113900.1,114337.1,113862.5,114056.7,2256.06
1754472600000,114056.6,114109.3,113897.0,114049.6,905.311
1754474400000,114049.5,114187.2,113835.3,113930.2,1540.916
1754476200000,113930.3,114097.6,113884.9,114019.2,816.29
1754478000000,114019.2,114212.5,113953.2,114209.9,1173.731
1754479800000,114210.0,114372.7,114126.6,114188.0,1389.843
1754481600000,114187.9,114289.3,113743.1,114015.2,2314.728
1754483400000,114015.2,114211.4,113825.0,113872.7,1603.754
1754485200000,113872.7,113985.2,113769.2,113869.6,1549.801
1754487000000,113869.6,114364.7,113520.0,114218.6,6874.611
1754488800000,114218.5,114459.4,113807.4,114050.0,4474.57
1754490600000,114050.0,115179.2,113964.3,115142.7,7623.129
1754492400000,115142.6,115266.0,114775.5,114895.0,7302.364
1754494200000,114895.1,115488.0,114884.9,115366.3,6032.835
1754496000000,115366.2,115438.3,114984.4,115088.5,4805.178
1754497800000,115088.4,115167.3,114867.0,115088.5,2442.153
1754499600000,115088.4,115319.4,114972.9,115319.4,1852.331
1754501400000,115319.3,115475.2,115183.6,115465.6,1641.563
1754503200000,115465.6,115674.2,115381.1,115381.1,3393.955
1754505000000,115381.1,115532.6,115211.5,115378.8,1971.391
1754506800000,115378.7,115484.0,115293.8,115351.7,1035.528
1754508600000,115351.7,115361.7,115072.3,115215.1,1483.348
1754510400000,115215.0,115228.5,115094.0,115131.0,654.524
1754512200000,115131.0,115131.0,114950.1,114989.5,1321.123
1754514000000,114989.6,115183.3,114971.2,115080.5,881.678
1754515800000,115080.5,115080.6,114732.8,115010.5,1376.538
1754517600000,115010.5,115166.6,114988.2,115044.3,954.646
1754519400000,115044.3,115118.2,114988.0,115046.4,510.278
1754521200000,115046.4,115065.6,114923.2,114949.3,445.379
1754523000000,114949.3,114990.1,114911.0,114941.0,715.11
1754524800000,114941.0,114941.0,114815.1,114899.0,778.28
1754526600000,114898.9,114970.2,114810.0,114847.2,758.187
1754528400000,114847.2,115144.0,114818.1,115100.1,1007.723
1754530200000,115100.1,115144.0,114520.0,114703.6,2321.091
1754532000000,114703.6,114828.7,114591.8,114748.0,1496.916
1754533800000,114748.0,114748.0,114333.6,114507.2,2438.584
1754535600000,114507.2,114510.0,114347.3,114469.5,1202.113
1754537400000,114469.5,114578.5,114469.4,114500.8,844.75
1754539200000,114500.9,114615.3,114459.6,114491.2,798.991
1754541000000,114491.3,114505.7,114211.4,114308.5,1901.942
1754542800000,114308.5,114511.9,114222.0,114413.3,1647.412
1754544600000,114413.4,114530.0,114413.3,114530.0,1298.628
1754546400000,114529.9,114676.0,114491.0,114506.9,1672.352
1754548200000,114506.9,114749.9,114450.2,114603.0,1263.812
1754550000000,114603.1,114834.4,114591.4,114788.0,1226.669
1754551800000,114788.0,114801.8,114696.1,114751.1,870.13
1754553600000,114751.2,115149.7,114750.0,115117.1,2853.931
1754555400000,115117.1,115117.2,114904.2,114913.3,1263.978
1754557200000,114913.3,114993.8,114794.9,114978.9,1508.973
1754559000000,114979.0,115040.7,114842.0,115020.4,1011.553
1754560800000,115020.5,115838.7,114988.8,115824.9,10313.821
1754562600000,115824.8,116386.6,115787.5,116291.4,12701.229
1754564400000,116291.5,116759.6,116291.5,116759.6,6474.513
1754566200000,116759.6,116782.6,116448.6,116469.1,4853.267
1754568000000,116469.1,116547.1,116208.8,116339.3,4297.953
1754569800000,116339.3,116430.0,115950.1,116323.8,3694.88
1754571600000,116323.8,116400.0,116143.6,116361.1,1848.459
1754573400000,116361.1,116740.3,116272.7,116590.7,4677.763
1754575200000,116590.7,116631.6,116180.0,116301.3,2991.98
1754577000000,116301.4,116615.1,116145.0,116313.2,3306.058
1754578800000,116313.2,116547.8,116173.7,116485.1,1711.831
1754580600000,116485.2,116747.6,116450.1,116634.6,2447.093
1754582400000,116634.6,116711.8,116462.5,116626.4,1690.426
1754584200000,116626.4,116670.2,115555.2,116199.2,7704.419
1754586000000,116199.2,116518.2,116051.9,116341.5,3302.29
1754587800000,116341.6,116497.0,116139.8,116451.2,1445.143
1754589600000,116451.2,116493.6,116100.0,116296.5,1854.07
1754591400000,116296.5,116537.8,116186.9,116504.6,2891.984
1754593200000,116504.5,116676.1,116427.5,116646.9,2205.175
1754595000000,116647.0,117487.2,116622.3,117407.6,10392.671
1754596800000,117407.5,117450.0,117205.0,117363.5,2997.46
1754598600000,117363.6,117402.9,117073.3,117120.4,2332.994
1754600400000,117120.4,117299.8,117120.4,117257.9,1002.343
1754602200000,117257.9,117277.5,116942.2,117029.9,1514.323
1754604000000,117029.9,117461.8,117020.8,117435.6,2670.163
1754605800000,117435.7,117580.0,117262.9,117500.1,2472.655
1754607600000,117500.1,117523.5,117255.1,117258.1,1469.318
1754609400000,117258.1,117420.0,117230.7,117419.9,978.759
1754611200000,117419.9,117439.7,116821.8,117087.3,3815.667
1754613000000,117087.3,117591.8,116980.0,117216.5,3265.338
1754614800000,117216.4,117216.5,116757.4,116873.7,3143.901
1754616600000,116873.7,116965.0,116735.5,116843.0,1254.863
1754618400000,116843.0,116879.2,116716.8,116740.4,930.347
1754620200000,116740.5,116849.3,116643.9,116655.6,1806.487
1754622000000,116655.7,116942.3,116639.9,116875.3,2053.644
1754623800000,116875.3,116875.3,116663.7,116692.2,1052.792
1754625600000,116692.2,116823.6,116615.3,116734.8,1101.298
1754627400000,116734.7,116786.2,116690.8,116700.0,696.549
1754629200000,116700.0,116702.0,116556.1,116607.0,1106.918
1754631000000,116606.9,116606.9,116455.8,116484.0,1346.573
1754632800000,116484.0,116626.6,116342.0,116593.8,2181.42
1754634600000,116593.9,116713.9,116529.5,116686.1,1359.568
1754636400000,116686.1,116917.1,116501.7,116917.0,1922.079
1754638200000,116917.0,116917.0,116769.7,116772.0,1206.152
1754640000000,116772.0,116880.0,116620.2,116623.3,1365.599
1754641800000,116623.3,116623.3,116387.4,116570.4,2152.872
1754643600000,116570.4,116609.4,116433.6,116491.2,996.462
1754645400000,116491.2,116682.9,116477.8,116628.9,922.392
1754647200000,116628.9,116677.3,116453.3,116453.3,646.728
1754649000000,116453.4,116529.7,116256.0,116496.6,1777.241
1754650800000,116496.5,116790.2,116494.8,116703.9,1211.938
1754652600000,116703.9,116864.0,116692.6,116840.5,982.776
1754654400000,116840.6,116840.6,116514.2,116577.6,1465.792
1754656200000,116577.6,116625.6,116447.4,116450.4,1109.748
1754658000000,116450.4,116700.0,116450.3,116692.9,1020.815
1754659800000,116692.9,116910.6,116466.3,116862.8,3550.913
1754661600000,116862.9,117229.9,116573.5,116689.7,6120.295
1754663400000,116689.7,116696.4,116311.2,116441.7,3554.768
1754665200000,116441.7,116502.4,116150.0,116230.8,3337.589
1754667000000,116230.8,116238.5,115850.0,116162.0,5571.654
1754668800000,116162.1,116331.9,116017.5,116052.0,2812.287
1754670600000,116051.9,116226.0,115949.9,116151.9,1631.098
1754672400000,116151.9,116453.8,116103.5,116307.9,2488.581
1754674200000,116307.8,116666.0,116307.8,116665.9,1836.51
1754676000000,116665.9,116863.9,116551.4,116554.5,3483.696
1754677800000,116554.5,116640.0,116277.5,116460.5,2947.321
1754679600000,116460.6,116663.6,116406.3,116424.9,1479.217
1754681400000,116424.8,116464.6,116277.1,116384.4,1353.359
1754683200000,116384.4,116477.9,116250.0,116461.8,952.338
1754685000000,116461.7,116850.1,116461.7,116850.1,1773.81
1754686800000,116850.0,116850.0,116683.4,116758.4,973.982
1754688600000,116758.3,116930.0,116753.4,116883.0,1161.295
1754690400000,116883.1,116941.5,116701.6,116908.9,977.308
1754692200000,116908.9,116915.0,116807.2,116833.7,552.751
1754694000000,116833.6,116870.0,116745.3,116745.4,544.017
1754695800000,116745.4,116745.4,116600.0,116628.2,829.863
1754697600000,116628.2,116703.6,116570.9,116670.0,981.604
1754699400000,116670.0,116670.1,116516.8,116542.8,634.163
1754701200000,116542.7,116608.8,116479.9,116501.2,485.906
1754703000000,116501.2,116606.0,116501.2,116517.0,473.702
1754704800000,116517.0,116517.1,116360.4,116400.0,873.301
1754706600000,116400.0,116431.2,116336.2,116355.4,582.284
1754708400000,116355.4,116439.3,116304.7,116412.6,819.032
1754710200000,116412.6,116412.6,116304.0,116331.5,862.957
1754712000000,116331.6,116520.8,116309.0,116422.9,1089.638
1754713800000,116422.9,116645.0,116328.0,116383.8,1793.711
1754715600000,116383.9,116950.1,116361.0,116930.4,4496.278
1754717400000,116930.5,116930.6,116660.4,116684.6,2413.271
1754719200000,116684.6,116701.7,116486.0,116563.4,1896.735
1754721000000,116563.4,116650.0,116484.3,116601.3,998.153
1754722800000,116601.4,116845.0,116576.4,116844.9,1502.397
1754724600000,116844.9,116861.0,116700.0,116703.2,744.566
1754726400000,116703.3,116822.1,116700.0,116822.1,704.624
1754728200000,116822.0,117150.0,116738.5,117069.5,3621.011
1754730000000,117069.4,117410.0,117000.0,117252.5,3619.562
1754731800000,117252.5,117481.2,117183.4,117473.3,2095.217
1754733600000,117473.3,117906.7,117422.4,117733.3,6000.983
1754735400000,117733.2,117740.0,117325.0,117370.0,4211.035
1754737200000,117369.9,117424.8,117169.9,117218.6,2204.765
1754739000000,117218.7,117224.0,117010.0,117064.9,3087.419
1754740800000,117065.0,117200.0,117000.0,117120.0,1900.106
1754742600000,117120.1,117142.8,116942.5,117057.1,1337.662
1754744400000,117057.0,117104.9,116821.1,116959.9,1717.122
1754746200000,116959.9,117013.7,116830.0,116914.9,1096.486
1754748000000,116914.9,116956.4,116700.0,116875.2,1723.622
1754749800000,116875.2,116936.7,116744.0,116915.0,1356.661
1754751600000,116914.9,117094.0,116600.0,116774.8,3671.584
1754753400000,116774.8,116846.7,116726.4,116835.6,1140.77
1754755200000,116835.5,116900.9,116663.3,116674.8,1069.68
1754757000000,116674.7,116728.8,116581.4,116596.8,1205.633
1754758800000,116596.8,116759.1,116581.3,116695.9,944.513
1754760600000,116695.9,116729.3,116555.7,116627.1,854.285
1754762400000,116627.0,116683.7,116592.1,116623.3,641.929
1754764200000,116623.3,116627.9,116503.1,116579.9,1202.989
1754766000000,116579.9,116682.0,116500.1,116574.1,936.223
1754767800000,116574.2,116585.0,116458.1,116499.9,737.95
1754769600000,116499.9,116705.0,116457.7,116691.9,2049.21
1754771400000,116691.9,117000.0,116664.7,116732.9,2299.926
1754773200000,116732.9,116755.9,116350.0,116365.3,1773.527
1754775000000,116365.3,116563.2,116350.6,116479.0,984.578
1754776800000,116479.0,116690.0,116445.0,116636.6,1161.832
1754778600000,116636.7,116648.2,116461.5,116502.3,899.828
1754780400000,116502.3,116554.5,116403.7,116403.7,563.822
1754782200000,116403.7,116468.3,116382.5,116422.1,462.282
1754784000000,116422.1,116584.4,116413.2,116544.9,692.102
1754785800000,116544.9,116702.6,116500.8,116691.2,828.694
1754787600000,116691.2,116719.5,116564.8,116568.5,1191.976
1754789400000,116568.4,116624.4,116502.9,116535.1,648.225
1754791200000,116535.0,116755.5,116535.0,116755.4,1655.646
1754793000000,116755.5,117282.0,116719.8,117273.7,6041.362
1754794800000,117273.6,118500.0,117201.3,118339.4,16889.75
1754796600000,118339.4,118499.8,118100.0,118480.1,6998.119
1754798400000,118480.0,118738.0,118480.0,118599.5,5018.421
1754800200000,118599.4,118600.0,118338.8,118460.4,3568.416
1754802000000,118460.4,118483.9,117837.0,117860.2,4581.138
1754803800000,117860.2,118231.8,117860.1,117999.9,2366.317
1754805600000,118000.0,118126.9,117777.0,117806.9,2490.755
1754807400000,117806.8,118105.0,117690.3,118032.0,3144.605
1754809200000,118032.0,118201.4,118013.6,118045.4,1717.772
1754811000000,118045.5,118080.0,117342.0,117770.0,6179.229
1754812800000,117770.0,118139.7,117568.9,118091.5,3373.586
1754814600000,118091.6,118371.0,118051.8,118267.8,2405.042
1754816400000,118267.8,118359.6,118210.1,118234.7,1672.611
1754818200000,118234.8,118411.8,118080.5,118246.7,1583.778
1754820000000,118246.7,118255.0,118059.3,118148.5,1161.633
1754821800000,118148.5,118220.3,117966.9,117981.2,1246.741
1754823600000,117981.1,118250.0,117891.1,118250.0,1466.427
1754825400000,118250.0,118489.9,118160.2,118295.9,3130.42
1754827200000,118295.9,118639.3,118192.6,118533.3,3411.623
1754829000000,118533.2,118708.0,118415.9,118466.3,2271.812
1754830800000,118466.3,118649.9,118330.0,118528.7,1569.868
1754832600000,118528.7,118649.5,118318.7,118410.5,1982.726
1754834400000,118410.6,118798.2,118272.0,118783.9,3429.87
1754836200000,118784.0,118841.7,118539.1,118749.3,2883.269
1754838000000,118749.3,119094.0,118600.0,118645.3,4987.769
1754839800000,118645.2,118861.2,118520.0,118766.0,2331.111
1754841600000,118766.0,118917.4,118633.1,118685.7,1682.93
1754843400000,118685.7,118811.8,118595.5,118636.8,1223.465
1754845200000,118636.8,118670.9,118421.2,118431.0,1281.668
1754847000000,118431.0,118581.0,118431.0,118489.5,486.793
1754848800000,118489.6,118532.5,118395.8,118407.4,535.304
1754850600000,118407.4,118595.4,118407.3,118519.9,538.857
1754852400000,118519.9,118661.8,118431.6,118531.0,733.201
1754854200000,118531.0,118692.3,118494.0,118624.5,800.916
1754856000000,118624.6,118661.4,118010.0,118250.6,5344.585
1754857800000,118250.6,118736.4,118250.6,118277.1,1991.978
1754859600000,118277.1,118428.9,118044.7,118190.1,2420.34
1754861400000,118190.1,118678.0,118111.1,118678.0,898.085
1754863200000,118678.0,118949.9,118573.7,118807.5,2873.145
1754865000000,118807.6,119046.6,118807.5,119046.6,1489.887
1754866800000,119046.7,119221.9,118812.8,118978.0,2920.14
1754868600000,118978.1,119291.9,118961.7,119255.3,2189.672
1754870400000,119255.3,119490.3,119093.3,119377.7,4073.206
1754872200000,119377.8,119409.3,119058.4,119093.1,1994.869
1754874000000,119093.0,119217.2,118950.0,119139.6,2272.6
1754875800000,119139.7,120095.2,119135.0,120050.1,7858.013
1754877600000,120050.0,121736.1,119888.3,121462.4,24841.912
1754879400000,121462.5,121880.9,121324.8,121837.5,5988.029
1754881200000,121837.5,122165.4,121564.0,121731.2,8476.036
1754883000000,121731.2,121941.4,121539.0,121700.1,4033.537
1754884800000,121700.1,121888.0,121621.8,121690.3,2296.383
1754886600000,121690.3,122450.0,121601.0,122069.7,6834.331
1754888400000,122069.8,122319.8,121793.5,121967.4,4683.745
1754890200000,121967.4,122116.9,121795.1,122042.3,2718.711
1754892000000,122042.3,122150.0,121937.5,122087.6,1851.105
1754893800000,122087.6,122332.4,122064.9,122288.9,2641.319
1754895600000,122289.0,122300.0,121850.0,121893.7,2422.139
1754897400000,121893.6,121945.2,121432.3,121534.8,4359.11
1754899200000,121534.9,121732.8,121166.8,121715.0,5103.787
1754901000000,121715.1,121820.7,121584.0,121673.2,1391.065
1754902800000,121673.2,121699.3,121233.7,121282.0,2062.205
1754904600000,121282.0,121461.5,121090.4,121412.3,2664.135
1754906400000,121412.4,121435.9,121100.1,121271.1,2320.431
1754908200000,121271.1,121288.0,120948.0,121167.6,2936.757
1754910000000,121167.6,121276.1,120500.0,120500.1,5922.527
1754911800000,120500.1,120797.2,120267.3,120545.0,6475.342
1754913600000,120545.0,120655.0,119964.0,120155.3,7128.995
1754915400000,120155.4,120261.0,119500.0,119632.8,9791.935
1754917200000,119632.8,119728.6,119345.0,119514.8,6092.237
1754919000000,119514.8,120320.0,119463.0,119970.0,9804.418
1754920800000,119969.9,120200.0,119754.8,119863.2,4978.247
1754922600000,119863.2,120555.0,119822.9,120195.1,5173.929
1754924400000,120195.0,120307.6,119800.0,120068.3,3143.465
1754926200000,120068.3,120387.3,120048.1,120271.2,1999.865
1754928000000,120271.2,120799.0,120194.2,120515.3,5452.86
1754929800000,120515.3,120578.0,119864.7,119910.3,4109.547
1754931600000,119910.0,120118.9,119603.9,119758.9,3130.281
1754933400000,119758.9,119823.6,119418.9,119469.7,3218.19
1754935200000,119469.7,119687.3,119201.6,119575.9,5514.435
1754937000000,119576.0,119854.1,119452.9,119748.1,1940.318
1754938800000,119748.0,119760.0,119437.8,119437.9,990.044
1754940600000,119437.8,119445.3,118499.0,119035.3,8640.783
1754942400000,119035.2,119050.1,118527.4,118818.0,3560.462
1754944200000,118818.1,119039.2,118757.3,118775.6,1781.892
1754946000000,118775.6,119149.6,118725.8,118980.0,1603.156
1754947800000,118980.0,118980.1,118050.0,118671.3,6236.287
1754949600000,118671.3,118705.1,118230.7,118492.1,2365.169
1754951400000,118492.1,118884.2,118296.6,118845.5,1756.601
1754953200000,118845.6,118854.1,118615.3,118638.2,1438.144
1754955000000,118638.2,118781.0,118537.1,118641.9,1015.7
1754956800000,118641.8,118946.8,118551.7,118836.3,2379.373
1754958600000,118836.3,119000.0,118601.8,118907.9,1532.506
1754960400000,118907.9,119070.0,118718.1,119004.6,2299.988
1754962200000,119004.6,119030.8,118870.4,118924.4,1041.368
1754964000000,118924.5,119112.0,118776.0,119068.6,1368.514
1754965800000,119068.7,119246.4,119003.7,119003.7,1745.495
1754967600000,119003.7,119043.4,118809.0,118896.1,1533.873
1754969400000,118896.2,119088.3,118702.4,118813.1,1399.025
1754971200000,118813.2,118990.0,118759.6,118990.0,979.878
1754973000000,118989.9,119120.0,118935.2,119024.0,1485.302
1754974800000,119024.0,119024.0,118563.0,118575.4,2858.886
1754976600000,118575.3,118783.1,118377.2,118783.0,2471.957
1754978400000,118783.1,118982.9,118552.4,118947.5,2080.338
1754980200000,118947.4,118973.0,118776.9,118792.7,1521.914
1754982000000,118792.7,119114.5,118792.7,119078.5,1490.503
1754983800000,119078.4,119078.5,118911.0,118931.9,1411.235
1754985600000,118931.9,118963.6,118740.0,118774.2,940.633
1754987400000,118774.2,119011.9,118691.4,118761.4,1402.184
1754989200000,118761.3,118844.0,118480.7,118632.1,2454.762
1754991000000,118632.2,118635.5,118340.5,118359.9,1661.038
1754992800000,118360.0,118544.4,118154.3,118478.0,2933.418
1754994600000,118478.0,118615.3,118310.3,118407.1,1453.697
1754996400000,118407.1,118482.9,118157.4,118448.5,1704.294
1754998200000,118448.4,118622.6,118344.3,118464.1,1448.625
1755000000000,118464.2,118571.0,118234.8,118441.3,2222.302
1755001800000,118441.4,119236.3,118441.3,119225.8,12406.836
1755003600000,119225.8,119280.0,118759.7,119158.1,4264.643
1755005400000,119158.0,119682.0,118557.5,118806.6,11260.56
1755007200000,118806.6,119239.5,118712.6,119152.4,3690.74
1755009000000,119152.5,119420.8,118923.0,119419.0,2808.444
1755010800000,119418.9,119744.9,119262.4,119738.9,4068.55
1755012600000,119738.8,119927.9,119545.4,119888.0,4412.582
1755014400000,119888.0,120163.6,119549.4,119674.3,4848.618
1755016200000,119674.2,119678.0,119458.0,119608.3,2800.037
1755018000000,119608.3,119812.3,119194.9,119364.8,3173.485
1755019800000,119364.8,119512.4,119124.5,119222.1,2562.098
1755021600000,119222.2,120050.1,119222.2,119719.5,4244.317
1755023400000,119719.5,119775.8,119202.2,119297.5,2254.709
1755025200000,119297.4,119821.2,119238.6,119760.0,1704.75
1755027000000,119760.0,119920.0,119567.2,119600.3,1240.646
1755028800000,119600.3,119988.0,119430.0,119769.3,2673.288
1755030600000,119769.4,120270.0,119769.3,120129.8,4238.443
1755032400000,120129.8,120153.5,119774.7,120050.0,1662.259
1755034200000,120049.9,120049.9,119730.1,119854.0,1074.915
1755036000000,119854.1,119950.2,119585.4,119737.2,1616.653
1755037800000,119737.2,120055.4,119719.4,120049.9,1401.123
1755039600000,120049.9,120178.5,119855.0,120140.8,1277.738
1755041400000,120140.8,120265.1,119991.6,120081.0,2202.013
1755043200000,120080.9,120146.6,119854.9,119899.6,1642.479
1755045000000,119899.6,119988.0,119547.8,119665.3,2996.871
1755046800000,119665.3,119673.2,119300.0,119456.6,3496.514
1755048600000,119456.6,119526.9,119333.5,119422.6,1050.559
1755050400000,119422.5,119422.6,119028.0,119240.0,2612.703
1755052200000,119240.0,119692.3,119222.7,119500.1,1958.592
1755054000000,119500.1,119596.2,119261.7,119375.1,1644.255
1755055800000,119375.1,119586.0,119302.6,119436.0,1457.476
1755057600000,119436.0,119798.6,119416.8,119543.7,2468.309
1755059400000,119543.6,119643.6,119278.3,119294.0,1418.944
1755061200000,119294.0,119650.7,119270.3,119564.6,1373.607
1755063000000,119564.6,119570.0,118829.0,119029.9,5010.722
1755064800000,119029.9,119243.4,118894.2,119121.3,1659.017
1755066600000,119121.4,119384.6,119076.9,119368.1,1245.775
1755068400000,119368.1,119455.0,119278.0,119368.3,1063.325
1755070200000,119368.3,119603.0,119258.2,119540.3,1793.192
1755072000000,119540.3,119850.0,119408.8,119775.7,3810.687
1755073800000,119775.7,120019.7,119771.9,120015.6,2279.383
1755075600000,120015.6,120149.9,119756.0,119829.3,2977.911
1755077400000,119829.3,120119.2,119829.2,120082.8,2058.819
1755079200000,120082.7,120470.0,120014.2,120353.0,4874.701
1755081000000,120353.0,120469.9,120333.0,120468.4,1960.935
1755082800000,120468.5,120710.4,120397.1,120639.0,3956.391
1755084600000,120638.9,120708.3,120538.4,120538.5,1761.878
1755086400000,120538.4,120665.3,120334.0,120516.0,2604.522
1755088200000,120516.0,120600.0,120176.0,120254.6,2937.325
1755090000000,120254.6,120756.5,120165.4,120609.3,2903.545
1755091800000,120609.3,122087.3,120066.1,121777.3,19573.605
1755093600000,121777.3,122218.3,121388.8,121693.1,15905.576
1755095400000,121693.1,121914.3,120730.0,120880.0,9094.329
1755097200000,120880.0,121229.8,120262.8,120550.4,7239.124
1755099000000,120550.4,121336.9,120402.1,120897.2,5186.129
1755100800000,120897.3,121728.9,120897.3,121509.8,4729.789
1755102600000,121509.9,121689.5,121232.4,121420.0,3185.615
1755104400000,121420.0,121817.7,121394.9,121767.7,2531.096
1755106200000,121767.6,121835.9,121477.5,121774.6,2505.426
1755108000000,121774.6,121932.0,121553.0,121600.3,2672.306
1755109800000,121600.4,121850.0,121363.6,121587.3,3237.662
1755111600000,121587.3,122541.8,121461.4,122329.5,8379.488
1755113400000,122330.0,122831.1,122178.5,122719.9,5722.581
1755115200000,122720.0,122850.1,122440.0,122593.7,3548.441
1755117000000,122593.7,122990.0,122593.7,122905.4,3052.145
1755118800000,122905.5,123061.9,122665.1,122689.9,4181.286
1755120600000,122689.9,122853.3,122314.1,122581.1,3870.315
1755122400000,122581.0,123100.0,122576.1,122961.7,3703.029
1755124200000,122961.8,123680.0,122900.0,122965.2,9120.728
1755126000000,122965.3,123338.7,122917.5,123324.3,2536.271
1755127800000,123324.3,123715.9,123313.2,123323.9,3080.495
1755129600000,123323.9,124300.1,123272.1,124300.0,7649.339
1755131400000,124300.0,124545.6,123474.2,123871.1,7797.345
1755133200000,123871.0,123963.8,123381.1,123593.8,3799.699
1755135000000,123593.7,123811.7,123355.0,123367.8,1831.947
1755136800000,123367.7,123628.1,123288.5,123350.1,1933.732
1755138600000,123350.1,123744.2,123325.0,123702.3,2447.204
1755140400000,123702.2,123923.1,123594.7,123610.9,2460.837
1755142200000,123610.9,123636.8,123330.8,123405.2,1665.502
1755144000000,123405.1,123485.3,123152.6,123370.6,2420.435
1755145800000,123370.6,123392.0,123050.0,123057.0,3367.211
1755147600000,123057.0,123188.3,122737.2,122766.0,3828.265
1755149400000,122766.0,122873.6,122092.6,122166.0,8067.975
1755151200000,122166.0,122166.1,121318.5,121612.4,11643.839
1755153000000,121612.5,122000.0,121612.4,121792.4,5798.127
1755154800000,121792.3,121957.2,121550.0,121632.8,3293.471
1755156600000,121632.7,122081.6,121622.2,121742.4,3313.007
1755158400000,121742.3,122050.0,121588.0,122012.4,3129.257
1755160200000,122012.5,122012.5,121551.0,121643.7,2253.016
1755162000000,121643.7,121920.0,121514.5,121816.3,1700.598
1755163800000,121816.2,121816.2,121576.9,121646.0,1228.637
1755165600000,121646.1,121784.8,121422.0,121521.0,3002.376
1755167400000,121521.1,121672.8,120767.8,120952.9,7370.881
1755169200000,120952.9,121049.7,120711.6,120871.7,3841.497
1755171000000,120871.7,120947.9,120657.6,120947.9,2846.522
1755172800000,120947.8,121154.7,120416.7,121140.6,11808.325
1755174600000,121140.5,121140.6,117410.0,118822.2,39592.832
1755176400000,118822.2,119224.3,117980.0,118184.9,20145.846
1755178200000,118184.9,118841.7,117673.5,118364.7,12928.258
1755180000000,118364.7,118833.0,117907.2,118809.9,6951.29
1755181800000,118810.0,119313.9,118644.9,118752.1,8711.491
1755183600000,118752.1,118849.4,117989.4,118105.8,5967.347
1755185400000,118105.8,118244.3,117811.9,118185.9,6299.213
1755187200000,118185.9,118200.0,117359.1,117592.9,7698.134
1755189000000,117592.9,117956.5,117339.9,117815.2,4814.951
1755190800000,117815.2,118093.0,117437.8,118064.8,3148.909
1755192600000,118064.8,118081.8,117518.0,117878.7,2245.861
1755194400000,117878.7,117889.7,117004.0,117793.8,5457.315
1755196200000,117793.8,118174.4,117748.4,118033.1,2666.862
1755198000000,118033.1,118377.0,117917.2,118233.2,2753.221
1755199800000,118233.2,118500.0,117850.0,117889.5,4099.585
1755201600000,117889.4,118086.8,117666.6,118080.5,2246.276
1755203400000,118080.5,118085.2,117692.3,117811.2,1517.554
1755205200000,117811.3,118151.4,117565.9,117587.3,2907.186
1755207000000,117587.3,117879.3,117255.0,117843.7,4091.606
1755208800000,117843.6,118163.2,117577.7,118160.5,2142.209
1755210600000,118160.4,118300.0,118053.5,118230.1,1686.284
1755212400000,118230.1,118458.0,118179.1,118457.9,1571.76
1755214200000,118457.9,118470.1,118175.9,118242.2,1658.536
1755216000000,118242.2,118422.9,118142.1,118177.1,1504.41
1755217800000,118177.2,118419.3,117970.7,118122.9,2399.527
1755219600000,118122.9,118388.5,117971.2,118356.1,1005.723
1755221400000,118356.0,118700.0,118249.2,118620.8,2924.405
1755223200000,118620.7,118749.0,118524.0,118715.6,1665.883
1755225000000,118715.6,118852.3,118591.1,118645.3,1685.506
1755226800000,118645.2,118973.5,118544.3,118956.4,1772.784
1755228600000,118956.4,119039.9,118819.0,118918.1,1698.825
1755230400000,118918.1,119123.4,118874.7,119123.4,1662.359
1755232200000,119123.3,119150.0,118720.9,118781.8,1595.787
1755234000000,118781.8,118923.0,118569.7,118714.7,1889.85
1755235800000,118714.7,118990.3,118609.1,118939.3,1686.375
1755237600000,118939.2,119147.9,118822.8,119054.4,2067.03
1755239400000,119054.3,119184.0,119021.8,119044.2,1111.169
1755241200000,119044.1,119072.2,118754.5,118840.7,1463.076
1755243000000,118840.7,118908.4,118701.0,118908.3,1800.684
1755244800000,118908.4,119057.1,118834.3,119036.1,1136.506
1755246600000,119036.0,119114.9,118818.9,118823.3,1343.745
1755248400000,118823.3,119003.8,118633.7,118667.8,1442.732
1755250200000,118667.8,118846.1,118550.0,118665.8,1516.249
1755252000000,118665.8,118980.2,118665.8,118932.0,1144.999
1755253800000,118932.0,118973.4,118824.9,118824.9,562.956
1755255600000,118825.0,119042.0,118824.9,118949.9,950.419
1755257400000,118949.8,119046.0,118933.5,118950.0,818.699
1755259200000,118950.1,119053.1,118597.3,118599.9,2468.823
1755261000000,118599.9,119068.8,118440.7,118587.2,5030.428
1755262800000,118587.1,118686.3,118260.9,118413.1,3734.342
1755264600000,118413.0,118479.5,117688.3,117721.9,7585.781
1755266400000,117723.2,118246.0,117625.7,117850.8,7522.4
1755268200000,117850.8,117988.0,117197.3,117354.9,6943.786
1755270000000,117354.9,117547.0,116900.5,117010.6,8458.672
1755271800000,117010.6,117360.1,116750.0,117216.8,6337.315
1755273600000,117216.8,117317.0,116736.3,116996.0,4534.109
1755275400000,116995.9,117388.7,116976.0,117307.2,2829.258
1755277200000,117307.2,117647.3,116932.4,117493.1,4117.253
1755279000000,117493.0,117859.4,117350.3,117543.8,5621.553
1755280800000,117543.9,117622.9,117225.0,117284.4,1596.173
1755282600000,117284.3,117420.7,116980.0,117119.5,1726.114
1755284400000,117119.5,117381.2,116954.1,117080.8,2144.415
1755286200000,117080.8,117151.0,116812.0,116900.0,2089.138
1755288000000,116900.0,117162.9,116820.5,117141.4,1644.454
1755289800000,117141.3,117297.0,117124.5,117230.5,1046.263
1755291600000,117230.4,117317.1,116943.2,117205.6,1284.143
1755293400000,117205.6,117273.7,117108.3,117273.6,582.795
1755295200000,117273.6,117337.2,117255.0,117329.6,853.644
1755297000000,117329.6,117690.2,117325.8,117650.1,2329.273
1755298800000,117650.2,117711.0,116971.3,117123.8,2410.932
1755300600000,117123.9,117285.8,117023.1,117279.2,801.595
1755302400000,117279.1,117524.3,117162.6,117432.8,1810.022
1755304200000,117432.8,117747.0,117423.6,117696.1,1958.158
1755306000000,117696.1,117776.8,117578.4,117668.4,1672.291
1755307800000,117668.5,117853.5,117658.8,117778.4,1062.344
1755309600000,117778.5,117778.5,117525.0,117574.5,1425.863
1755311400000,117574.5,117609.8,117384.7,117458.8,951.177
1755313200000,117458.9,117619.2,117368.0,117587.8,741.678
1755315000000,117587.7,117587.8,117337.2,117385.0,850.854
1755316800000,117385.0,117784.1,117369.6,117770.1,1471.2
1755318600000,117770.0,117857.1,117652.1,117772.8,1220.592
1755320400000,117772.8,117817.9,117502.5,117540.1,749.68
1755322200000,117540.1,117616.8,117473.5,117550.4,974.752
1755324000000,117550.4,117586.4,117340.0,117402.7,1149.7
1755325800000,117402.8,117430.9,117226.8,117347.5,1405.167
1755327600000,117347.4,117482.7,117296.4,117473.1,777.065
1755329400000,117473.1,117631.6,117442.6,117549.9,1130.432
1755331200000,117550.0,117552.0,117446.8,117470.6,603.807
1755333000000,117470.7,117632.8,117470.6,117578.6,585.157
1755334800000,117578.5,117664.9,117493.2,117613.2,676.568
1755336600000,117613.2,117655.2,117250.0,117260.1,1440.619
1755338400000,117260.1,117407.8,117089.7,117290.5,2518.64
1755340200000,117290.5,117352.4,117179.1,117343.4,839.012
1755342000000,117343.3,117499.8,117343.3,117451.0,726.683
1755343800000,117451.0,117451.0,117312.8,117340.4,806.551
1755345600000,117340.5,117474.7,117268.5,117474.7,886.509
1755347400000,117474.7,117706.6,117474.6,117699.3,1802.289
1755349200000,117699.3,117750.0,117593.5,117700.8,1193.08
1755351000000,117700.7,117749.2,117538.3,117579.1,985.554
1755352800000,117579.1,117721.0,117500.0,117705.0,888.337
1755354600000,117705.1,117732.7,117600.0,117723.3,655.464
1755356400000,117723.3,117786.0,117603.6,117723.6,828.78
1755358200000,117723.5,117729.1,117557.3,117626.9,549.912
1755360000000,117627.0,117765.0,117626.9,117759.9,861.278
1755361800000,117760.0,117774.5,117700.0,117706.0,517.234
1755363600000,117705.9,117721.7,117620.5,117691.9,1236.237
1755365400000,117691.9,117692.0,117620.6,117658.2,429.007
1755367200000,117658.2,117717.6,117624.3,117660.4,413.409
1755369000000,117660.4,117661.8,117588.7,117649.8,706.295
1755370800000,117649.9,117660.0,117611.6,117655.9,328.805
1755372600000,117656.0,117733.8,117622.3,117622.3,402.587
1755374400000,117622.3,117673.9,117469.5,117613.0,610.602
1755376200000,117613.1,117663.9,117558.3,117606.7,487.558
1755378000000,117606.8,117606.8,117523.7,117552.7,380.749
1755379800000,117552.7,117552.7,117377.3,117399.7,507.299
1755381600000,117399.8,117418.5,117137.4,117378.3,2664.116
1755383400000,117378.3,117505.9,117378.2,117413.5,657.232
1755385200000,117413.5,117423.4,117232.0,117232.0,583.279
1755387000000,117232.0,117413.0,117227.5,117329.7,550.796
1755388800000,117329.8,117338.1,117230.7,117305.8,649.207
1755390600000,117305.9,117380.5,117191.5,117204.2,643.823
1755392400000,117204.1,117295.3,117121.6,117260.0,927.206
1755394200000,117260.0,117449.4,117253.2,117383.7,741.492
1755396000000,117383.8,117508.5,117330.1,117508.5,519.357
1755397800000,117508.4,117594.0,117396.8,117559.1,919.141
1755399600000,117559.0,117587.1,117459.0,117526.1,504.204
1755401400000,117526.1,117722.5,117500.0,117627.4,827.504
1755403200000,117627.3,117722.1,117627.3,117722.0,647.221
1755405000000,117722.1,118146.4,117722.1,118023.5,3058.242
1755406800000,118023.5,118187.0,117968.5,118078.5,1893.365
1755408600000,118078.5,118090.5,117938.4,117945.5,1100.171
1755410400000,117945.6,118063.3,117945.5,118034.3,559.974
1755412200000,118034.4,118034.4,117850.0,117876.0,738.229
1755414000000,117876.0,117990.6,117789.4,117900.0,866.238
1755415800000,117900.1,117959.8,117838.6,117949.9,576.075
1755417600000,117950.0,117980.5,117865.0,117941.9,481.524
1755419400000,117942.0,118347.3,117941.9,118323.7,2188.269
1755421200000,118323.7,118435.0,118165.4,118282.1,2147.138
1755423000000,118282.2,118329.6,118172.2,118278.6,1068.622
1755424800000,118278.5,118284.0,118119.4,118165.3,1379.538
1755426600000,118165.3,118349.7,118134.1,118346.4,846.613
1755428400000,118346.3,118347.2,118201.0,118296.7,631.929
1755430200000,118296.8,118319.9,118224.8,118253.9,522.306
1755432000000,118254.0,118309.5,118144.5,118188.8,795.074
1755433800000,118188.8,118238.2,118066.7,118109.3,645.348
1755435600000,118109.3,118129.3,118010.0,118129.2,1143.72
1755437400000,118129.3,118558.0,118102.4,118391.0,2027.78
1755439200000,118391.0,118431.6,118102.0,118195.4,1318.063
1755441000000,118195.4,118255.0,118088.3,118092.7,770.523
1755442800000,118092.6,118207.3,118072.0,118095.1,647.562
1755444600000,118095.0,118216.5,118095.0,118191.0,535.129
1755446400000,118191.0,118267.9,117913.9,118018.9,2608.969
1755448200000,118018.9,118067.8,117636.3,117774.5,4303.348
1755450000000,117774.4,117838.0,117581.8,117765.2,1578.353
1755451800000,117765.2,117882.9,117765.2,117846.2,626.079
1755453600000,117846.3,117908.9,117681.0,117755.9,797.129
1755455400000,117756.0,117798.7,117245.0,117500.8,2682.236
1755457200000,117501.1,117700.0,117407.3,117695.1,1184.347
1755459000000,117695.0,117695.1,117409.0,117527.0,1253.014
1755460800000,117527.0,117651.0,117455.6,117580.2,837.137
1755462600000,117580.2,117699.0,117547.1,117547.1,382.458
1755464400000,117547.2,117651.8,117546.7,117592.1,403.643
1755466200000,117592.2,117732.3,117558.8,117648.1,493.233
1755468000000,117648.1,117829.6,117631.2,117713.6,1396.879
1755469800000,117713.5,117945.0,117706.8,117898.5,971.264
1755471600000,117898.5,117921.8,117420.0,117505.8,1499.916
1755473400000,117505.8,117555.6,117322.2,117353.8,1048.212
1755475200000,117353.9,117499.4,117037.0,117099.4,2979.115
1755477000000,117099.4,117319.5,116927.7,117244.6,2307.831
1755478800000,117244.5,117358.7,116584.0,116597.9,3816.515
1755480600000,116597.9,116871.2,116088.0,116214.0,11745.141
1755482400000,116214.0,116278.7,115671.0,115739.2,8946.619
1755484200000,115739.2,116016.0,115241.1,115394.8,7528.267
1755486000000,115394.8,115580.3,115266.0,115308.7,3193.565
1755487800000,115308.7,115371.5,114950.3,115264.9,6457.491
1755489600000,115264.8,115411.7,115024.3,115383.8,2876.086
1755491400000,115383.7,115478.1,115328.8,115414.7,1948.743
1755493200000,115414.6,115640.4,115414.6,115515.1,1966.101
1755495000000,115515.0,115640.1,114923.6,115640.1,3950.98
1755496800000,115640.0,115684.5,114942.9,115139.5,4973.325
1755498600000,115139.5,115312.4,114815.2,115200.1,3579.657
1755500400000,115200.1,115426.0,115150.0,115297.8,2055.443
1755502200000,115297.8,115416.7,115133.6,115153.2,1477.941
1755504000000,115153.2,115314.5,115008.4,115283.9,1962.364
1755505800000,115284.0,115342.5,115048.8,115087.7,1342.354
1755507600000,115087.6,115095.4,114610.0,114640.4,4870.893
1755509400000,114640.4,115103.6,114605.0,114999.9,4175.132
1755511200000,115000.0,115218.8,114933.4,114939.5,2136.125
1755513000000,114939.6,115222.0,114939.6,115010.7,1133.521
1755514800000,115010.7,115084.3,114874.6,114952.5,1035.52
1755516600000,114952.5,114980.2,114811.0,114900.0,1325.756
1755518400000,114900.1,115150.1,114853.3,115088.8,1463.527
1755520200000,115088.7,115475.0,115035.5,115475.0,3245.917
1755522000000,115475.0,115648.0,115377.0,115607.9,4287.12
1755523800000,115607.9,115688.0,114769.2,114790.8,5162.871
1755525600000,114790.8,115474.6,114790.8,115320.6,3650.99
1755527400000,115320.5,115597.8,114862.5,115592.4,3022.039
1755529200000,115592.3,115674.5,115349.9,115578.0,2079.536
1755531000000,115578.1,116137.8,115487.1,116099.4,5674.539
1755532800000,116099.4,116304.3,115928.9,115981.1,5369.375
1755534600000,115981.2,116204.9,115773.3,115911.3,2110.852
1755536400000,115911.3,116638.0,115911.2,116470.0,3271.139
1755538200000,116470.0,116761.0,116366.4,116371.1,3141.982
1755540000000,116371.1,116422.3,116175.9,116308.9,1913.58
1755541800000,116309.0,116531.7,116308.9,116428.8,1080.47
1755543600000,116428.8,116590.0,116139.7,116310.8,1792.376
1755545400000,116310.8,116352.9,116171.5,116273.4,1089.656
1755547200000,116273.4,116461.5,116184.8,116461.5,773.483
1755549000000,116461.5,116488.0,115929.9,116364.8,1858.585
1755550800000,116364.7,116636.0,116360.2,116596.0,1026.164
1755552600000,116595.9,116615.2,116382.7,116609.9,941.451
1755554400000,116610.0,116938.7,116610.0,116870.0,2197.104
1755556200000,116870.0,116888.8,116324.9,116342.2,1740.085
1755558000000,116342.3,116523.5,116222.0,116236.4,1319.109
1755559800000,116236.3,116293.0,116026.6,116183.6,1223.344
1755561600000,116183.6,116264.4,115861.9,115875.0,2170.662
1755563400000,115875.0,116524.6,115463.8,116519.3,5021.995
1755565200000,116519.2,116687.7,116143.5,116150.7,1937.091
1755567000000,116150.7,116150.8,115670.0,115760.6,2418.5
1755568800000,115760.5,115891.9,115580.0,115775.6,1256.659
1755570600000,115775.5,116012.8,115668.0,115709.9,782.592
1755572400000,115709.9,115727.3,115223.0,115323.1,3260.587
1755574200000,115323.0,115325.3,114734.8,114756.6,4960.23
1755576000000,114756.7,114984.0,114303.8,114843.3,5966.037
1755577800000,114843.2,115333.0,114827.6,115256.3,2597.231
1755579600000,115256.3,115430.0,115076.9,115334.5,2667.737
1755581400000,115334.4,115369.5,114894.0,114926.0,1715.244
1755583200000,114926.0,115182.7,114860.0,115088.4,1384.961
1755585000000,115088.4,115093.2,114868.5,114963.3,1137.266
1755586800000,114963.2,115008.9,114600.0,114656.2,2160.754
1755588600000,114656.1,114948.4,114560.0,114928.7,2277.061
1755590400000,114928.7,115052.4,114751.2,114909.3,1493.196
1755592200000,114909.4,115266.9,114750.0,115144.9,1662.677
1755594000000,115144.9,115399.8,115137.0,115385.3,2418.802
1755595800000,115385.3,115450.0,115222.0,115281.5,1378.864
1755597600000,115281.5,115543.8,115265.3,115451.4,1306.154
1755599400000,115451.3,115488.0,115270.0,115347.6,852.455
1755601200000,115347.7,115608.5,115347.7,115509.7,1239.906
1755603000000,115509.7,115544.2,115413.7,115461.0,826.102
1755604800000,115461.0,115574.9,115360.0,115450.1,1116.901
1755606600000,115450.0,115555.0,115224.8,115555.0,1527.855
1755608400000,115555.0,115746.3,115453.4,115701.8,1557.91
1755610200000,115701.8,115847.4,114822.4,115151.3,9236.473
1755612000000,115151.3,115325.2,114070.0,114083.3,8043.888
1755613800000,114083.3,114438.7,113705.3,113827.3,11288.262
1755615600000,113827.4,114134.8,113506.0,114026.6,8475.834
1755617400000,114026.6,114097.9,113674.0,113730.0,2978.302
1755619200000,113730.1,113844.0,113576.2,113599.9,2468.815
1755621000000,113599.8,113787.9,113273.3,113338.9,6072.547
1755622800000,113339.0,113459.9,113011.0,113374.4,5382.332
1755624600000,113374.4,113534.7,113239.6,113459.8,2270.873
1755626400000,113459.9,113459.9,113189.1,113189.1,1431.673
1755628200000,113189.2,113215.3,112770.1,113013.1,4500.819
1755630000000,113013.0,113400.1,112714.4,113339.3,4660.408
1755631800000,113339.4,113490.3,113000.1,113078.3,2620.247
1755633600000,113078.2,113265.8,112858.8,113259.9,2358.049
1755635400000,113259.9,113524.5,113259.8,113517.6,2019.995
1755637200000,113517.6,113523.0,113404.8,113459.6,1177.7
1755639000000,113459.6,113511.5,113350.0,113365.0,782.726
1755640800000,113364.9,113391.1,113020.0,113250.6,2622.462
1755642600000,113250.6,113289.0,113002.0,113119.2,811.489
1755644400000,113119.3,113145.6,112770.0,112872.5,1699.025
1755646200000,112872.5,113091.2,112666.6,112824.2,3026.939
1755648000000,112824.1,113213.6,112782.4,112946.2,2727.263
1755649800000,112946.3,113272.3,112904.7,113150.3,1804.947
1755651600000,113150.3,113353.9,112848.8,112891.0,2083.53
1755653400000,112890.9,113076.4,112500.0,112963.1,6122.228
1755655200000,112963.0,113261.5,112907.3,113251.2,3199.475
1755657000000,113251.1,113440.2,113229.5,113386.8,2316.103
1755658800000,113386.8,113567.0,113258.5,113566.9,1898.335
1755660600000,113567.0,113599.4,113360.0,113465.4,1467.627
1755662400000,113465.4,113616.7,113465.3,113571.6,1129.558
1755664200000,113571.6,113639.0,113404.0,113579.2,1384.026
1755666000000,113579.1,113590.2,113404.4,113559.6,800.304
1755667800000,113559.5,113732.8,113518.3,113671.7,1258.617
1755669600000,113671.8,113695.8,113446.0,113608.8,1296.696
1755671400000,113608.7,113691.7,113519.5,113609.6,744.241
1755673200000,113609.6,113805.5,113575.9,113660.0,1166.042
1755675000000,113659.9,113660.0,113360.9,113436.7,1364.052
1755676800000,113436.7,113819.8,113336.7,113796.0,1916.1
1755678600000,113796.1,113978.0,113737.8,113954.2,2422.427
1755680400000,113954.2,113954.2,113702.0,113747.6,1220.842
1755682200000,113747.6,113917.1,113570.6,113650.1,1264.637
1755684000000,113650.1,113772.3,113538.6,113546.4,1022.155
1755685800000,113546.4,113834.0,113546.4,113745.5,1104.3
1755687600000,113745.6,113823.6,113408.0,113414.9,1661.656
1755689400000,113414.9,113627.5,113009.5,113627.5,5011.045
1755691200000,113627.4,113908.3,113459.1,113681.3,2617.582
1755693000000,113681.3,113830.0,113611.3,113611.3,1695.373
1755694800000,113611.4,113611.4,113200.0,113368.7,2119.945
1755696600000,113368.7,113605.7,112536.3,112632.7,8062.366
1755698400000,112632.7,113186.9,112301.8,113096.2,8927.693
1755700200000,113096.1,113816.5,113096.1,113413.4,7581.171
1755702000000,113413.4,114279.3,113325.0,114227.6,7289.143
1755703800000,114227.6,114241.8,113156.1,113297.0,6831.065
1755705600000,113296.9,114285.7,113216.1,114216.5,5985.757
1755707400000,114216.4,114230.0,113714.3,113797.2,3411.275
1755709200000,113797.1,114099.0,113732.3,113739.9,1867.063
1755711000000,113739.8,114411.0,113723.8,114150.0,2851.293
1755712800000,114150.0,114237.7,113245.2,113282.2,4705.066
1755714600000,113282.3,113635.2,113200.0,113435.4,2654.918
1755716400000,113435.3,114235.5,113408.0,113995.0,4061.325
1755718200000,113995.1,114280.0,113844.5,114216.3,2141.323
1755720000000,114216.3,114220.0,113941.9,114082.9,1147.562
1755721800000,114082.8,114339.2,114069.1,114330.9,1571.19
1755723600000,114330.9,114440.0,113949.3,113981.6,2013.465
1755725400000,113981.6,114420.4,113942.8,114297.2,1250.715
1755727200000,114297.3,114415.0,114145.5,114341.7,1193.653
1755729000000,114341.8,114569.0,114245.0,114527.6,2138.02
1755730800000,114527.5,114547.4,114160.0,114180.7,1327.497
1755732600000,114180.7,114328.6,114157.8,114220.5,691.704
1755734400000,114220.5,114220.5,113960.3,114028.1,1655.457
1755736200000,114028.1,114461.5,114028.0,114242.1,1617.921
1755738000000,114242.1,114289.2,113901.1,114068.6,1185.94
1755739800000,114068.5,114703.5,114055.9,114684.0,2377.928
1755741600000,114684.0,114777.0,113843.7,113961.7,3270.499
1755743400000,113961.7,114015.2,113852.6,113997.2,1081.018
1755745200000,113997.2,114490.0,113969.8,114180.0,1772.593
1755747000000,114180.0,114222.2,113903.0,113912.1,867.717
1755748800000,113912.0,113979.5,113821.4,113876.1,1150.274
1755750600000,113876.1,113997.1,113746.0,113757.3,1064.461
1755752400000,113757.4,113802.6,113585.5,113693.9,2012.551
1755754200000,113694.0,113973.9,113682.4,113934.7,834.416
1755756000000,113934.8,113934.8,113562.2,113563.1,1541.73
1755757800000,113563.1,113829.8,113563.0,113750.1,1003.413
1755759600000,113750.0,113846.1,113520.0,113668.7,1342.862
1755761400000,113668.7,113888.0,113606.9,113836.8,971.555
1755763200000,113836.8,113947.4,113620.0,113714.6,995.673
1755765000000,113714.7,113780.3,113535.8,113535.8,838.587
1755766800000,113535.8,113564.5,113259.0,113386.8,3151.042
1755768600000,113386.8,113578.8,113332.5,113332.5,1101.933
1755770400000,113332.5,113433.3,113180.0,113403.3,1741.324
1755772200000,113403.3,113426.7,113249.7,113296.7,918.279
1755774000000,113296.6,113491.6,113290.3,113436.6,844.646
1755775800000,113436.5,113508.8,112924.6,113100.2,3233.316
1755777600000,113100.0,113320.3,112963.7,113189.5,1904.165
1755779400000,113189.4,113370.0,112902.5,113055.9,2318.195
1755781200000,113055.8,113313.6,113002.4,113275.8,1344.887
1755783000000,113275.7,113672.6,113083.2,113450.0,5464.391
1755784800000,113450.0,113936.0,113300.0,113674.2,3691.536
1755786600000,113674.2,113685.0,112848.1,113232.0,4643.637
1755788400000,113231.9,113346.0,112545.4,112978.0,5871.634
1755790200000,112977.7,113106.0,112706.1,112748.9,2086.412
1755792000000,112748.8,112940.6,112576.5,112708.9,2298.165
1755793800000,112709.0,112846.0,112271.1,112350.8,3469.896
1755795600000,112350.8,112420.3,112158.8,112211.7,4188.282
1755797400000,112211.7,112563.1,112157.2,112375.9,1910.621
1755799200000,112376.0,112576.9,112206.1,112458.2,1723.53
1755801000000,112458.1,112624.2,112159.6,112553.2,1902.186
1755802800000,112553.2,112688.3,112101.0,112210.1,2294.744
1755804600000,112210.0,112240.0,111944.0,112152.8,3222.709
1755806400000,112152.8,112423.0,112107.2,112403.6,1696.724
1755808200000,112403.6,112833.3,112010.0,112400.0,2946.877
1755810000000,112400.1,112596.4,112050.0,112503.2,2810.663
1755811800000,112503.2,112700.0,112400.0,112581.7,833.745
1755813600000,112581.8,112692.2,112455.0,112576.5,734.583
1755815400000,112576.5,112592.4,112360.0,112453.6,721.478
1755817200000,112453.6,112453.7,112210.3,112417.0,954.752
1755819000000,112416.9,112462.2,112221.7,112462.2,797.409
1755820800000,112462.2,112750.0,112436.4,112602.4,1933.629
1755822600000,112602.5,112799.0,112521.4,112590.7,1612.039
1755824400000,112590.7,112732.4,112273.2,112726.9,1464.035
1755826200000,112726.9,112880.4,112660.0,112791.1,1196.881
1755828000000,112791.1,113485.9,112734.4,113455.1,4475.609
1755829800000,113455.1,113463.8,113085.8,113111.9,2113.213
1755831600000,113111.8,113398.8,113065.0,113158.8,1303.24
1755833400000,113158.9,113264.6,112833.4,112889.9,1719.496
1755835200000,112890.0,113219.0,112885.3,113005.7,1427.63
1755837000000,113005.7,113173.3,112655.5,112805.2,1786.714
1755838800000,112805.1,113035.0,112800.0,112918.2,1780.833
1755840600000,112918.1,113244.0,112918.1,113197.1,1496.278
1755842400000,113197.2,113350.2,113000.4,113185.7,1782.511
1755844200000,113185.7,113240.3,112787.1,112946.8,2085.695
1755846000000,112946.9,113205.7,112900.0,113114.1,1316.863
1755847800000,113114.1,113173.3,113029.5,113040.1,1171.042
1755849600000,113040.0,113273.9,113000.0,113208.7,1503.951
1755851400000,113208.7,113225.1,112900.0,112936.5,1052.677
1755853200000,112936.5,112972.2,112800.9,112923.2,1585.878
1755855000000,112923.1,113093.0,112757.0,113009.9,1164.264
1755856800000,113010.0,113025.3,112586.5,112682.4,1651.776
1755858600000,112682.4,112682.4,112473.4,112488.9,1555.797
1755860400000,112489.0,112587.9,112213.4,112244.7,2325.175
1755862200000,112244.7,112347.0,112130.3,112272.8,2237.072
1755864000000,112272.9,112319.2,111929.5,111992.0,4242.89
1755865800000,111992.0,112760.4,111625.9,112299.9,12565.02
1755867600000,112300.0,112500.1,112010.1,112242.2,2742.542
1755869400000,112242.3,112631.6,111888.0,112434.1,7080.429
1755871200000,112434.0,115688.0,112413.5,115136.0,44769.746
1755873000000,115136.0,116099.9,115135.9,115744.5,16570.235
1755874800000,115744.5,116929.5,115744.5,116673.3,11908.038
1755876600000,116673.3,117266.9,116318.1,116319.3,10306.32
1755878400000,116319.4,116732.6,116094.9,116374.1,9927.464
1755880200000,116374.0,116500.0,116046.5,116105.8,3560.599
1755882000000,116105.7,116976.3,116105.7,116890.1,6260.562
1755883800000,116890.1,116985.0,116490.0,116972.9,3817.677
1755885600000,116972.8,117397.4,116769.2,116844.3,6631.625
1755887400000,116844.3,117109.4,116690.5,116758.1,1489.946
1755889200000,116758.1,116875.6,116690.4,116690.4,1248.051
1755891000000,116690.5,116746.7,116470.9,116625.5,2615.471
1755892800000,116625.4,117116.7,116533.4,117061.0,1930.221
1755894600000,117061.0,117069.4,116827.6,117015.7,1652.437
1755896400000,117015.7,117035.5,116778.6,116927.4,1653.399
1755898200000,116927.3,117140.6,116852.4,116978.4,1309.166
1755900000000,116978.4,117000.0,116512.2,116585.6,2389.688
1755901800000,116585.5,116733.7,116510.0,116714.2,1389.6
1755903600000,116714.1,116780.2,116633.1,116693.7,603.053
1755905400000,116693.6,116901.0,116693.6,116897.5,1041.5
1755907200000,116897.5,116950.0,116679.9,116909.7,1491.79
1755909000000,116909.6,116988.0,116790.7,116826.1,983.821
1755910800000,116826.0,116832.9,116530.0,116530.0,1279.786
1755912600000,116529.7,116619.6,116239.8,116400.0,2736.076
1755914400000,116399.9,116510.7,115830.0,115830.0,3800.69
1755916200000,115830.0,116150.5,115434.8,115892.1,6337.695
1755918000000,115892.0,116002.5,115579.8,115680.1,3186.281
1755919800000,115680.1,115694.7,115414.3,115522.5,2017.209
1755921600000,115522.6,115749.2,115504.6,115689.2,1346.475
1755923400000,115689.3,115950.1,115677.5,115890.8,2084.74
1755925200000,115890.8,115970.3,115766.3,115919.9,1415.638
1755927000000,115920.0,116015.3,115871.0,115920.0,1271.421
1755928800000,115919.9,115989.3,115718.3,115733.1,1455.897
1755930600000,115733.2,115824.0,115655.7,115750.1,933.631
1755932400000,115750.2,115868.0,115641.0,115692.0,1012.013
1755934200000,115692.1,115888.2,115634.1,115769.9,1084.718
1755936000000,115770.0,115840.4,115601.1,115621.9,937.01
1755937800000,115621.9,115820.1,115575.0,115713.7,1091.066
1755939600000,115713.6,115757.5,115570.0,115580.1,1184.87
1755941400000,115580.0,115740.5,115580.0,115740.5,960.12
1755943200000,115740.5,115750.2,115560.0,115560.1,1597.498
1755945000000,115560.0,115590.7,115540.1,115540.1,491.272
1755946800000,115540.2,115588.0,115467.0,115471.9,1003.833
1755948600000,115471.9,115535.3,115180.0,115266.7,2494.294
1755950400000,115266.8,115450.0,115157.6,115311.6,1819.536
1755952200000,115311.6,115440.0,115138.5,115175.8,1930.556
1755954000000,115175.8,115175.9,114949.0,114983.2,2506.463
1755955800000,114983.2,115072.5,114691.3,114817.2,6713.893
1755957600000,114817.3,115026.2,114759.5,114987.4,2482.351
1755959400000,114987.3,115042.3,114557.5,114578.0,3395.457
1755961200000,114578.1,114867.3,114510.0,114848.9,2619.698
1755963000000,114848.9,114905.9,114771.2,114776.5,1229.591
1755964800000,114776.4,114938.6,114648.7,114836.0,1813.515
1755966600000,114835.9,115065.1,114732.8,114967.8,1478.279
1755968400000,114967.9,115085.0,114906.0,114958.3,1216.921
1755970200000,114958.3,115136.0,114950.3,115049.9,877.619
1755972000000,115050.0,115160.6,115014.9,115040.1,992.594
1755973800000,115040.0,115166.5,115004.0,115111.5,476.188
1755975600000,115111.4,115140.9,115005.2,115047.1,793.71
1755977400000,115047.0,115125.1,115030.1,115104.9,309.487
1755979200000,115104.9,115185.0,115070.7,115185.0,472.584
1755981000000,115184.9,115299.9,115100.7,115281.1,1065.142
1755982800000,115281.1,115281.1,115028.2,115028.2,793.133
1755984600000,115028.2,115175.5,114957.7,114979.2,712.725
1755986400000,114979.3,115247.6,114979.2,115239.6,682.673
1755988200000,115239.5,115270.0,115197.4,115270.0,366.571
1755990000000,115270.0,115279.2,115200.4,115231.3,603.678
1755991800000,115231.3,115380.0,115200.0,115377.1,869.207
1755993600000,115377.1,115379.6,115262.4,115379.6,746.356
1755995400000,115379.6,115520.2,115300.0,115335.0,1860.992
1755997200000,115335.0,115383.3,115133.2,115246.4,1207.937
1755999000000,115246.4,115548.0,115208.1,115431.7,1299.583
1756000800000,115431.7,115640.0,115379.1,115488.9,1455.294
1756002600000,115488.9,115518.0,114957.2,114969.9,2574.192
1756004400000,114970.0,115133.5,114902.0,114926.8,1541.108
1756006200000,114926.9,115120.9,114924.6,115006.5,1170.377
1756008000000,115006.5,115264.4,115006.5,115201.2,1171.721
1756009800000,115201.2,115201.2,115057.8,115140.0,720.532
1756011600000,115140.0,115186.3,115050.0,115050.0,997.819
1756013400000,115050.1,115050.1,114900.7,114970.9,895.409
1756015200000,114970.9,115038.4,114834.0,114985.7,1373.059
1756017000000,114985.7,115014.3,114814.2,114835.3,1116.645
1756018800000,114835.2,115020.7,114827.5,115020.7,1003.276
1756020600000,115020.9,115100.0,114854.8,114854.8,1012.258
1756022400000,114854.9,114952.6,114715.5,114804.9,2116.556
1756024200000,114804.9,114835.3,114728.1,114811.4,829.492
1756026000000,114811.4,114856.1,114638.9,114803.8,902.82
1756027800000,114803.8,115033.4,114803.7,114823.3,1247.508
1756029600000,114823.4,114886.5,114661.3,114711.0,1077.387
1756031400000,114711.0,114928.6,114574.1,114755.6,1949.594
1756033200000,114755.5,114868.5,114599.9,114619.9,1373.718
1756035000000,114619.9,114738.3,114605.0,114702.0,634.893
1756036800000,114701.9,114804.1,114650.0,114660.7,678.742
1756038600000,114660.8,114719.9,114560.5,114647.2,992.029
1756040400000,114647.2,114843.5,114605.7,114628.9,1109.84
1756042200000,114629.0,114761.5,114526.2,114534.9,1681.412
1756044000000,114535.0,114585.3,114324.9,114431.5,3721.922
1756045800000,114431.5,114640.5,114378.3,114489.8,1482.132
1756047600000,114489.8,114845.0,114426.4,114618.9,2843.196
1756049400000,114618.9,114764.3,114370.5,114372.6,1694.044
1756051200000,114372.7,114528.9,114334.0,114412.0,1840.614
1756053000000,114411.9,114462.7,114222.0,114253.9,1814.036
1756054800000,114253.8,114520.7,114216.1,114270.2,1636.462
1756056600000,114270.3,114571.1,114256.6,114403.4,2186.306
1756058400000,114403.4,114808.5,114283.0,114655.7,2762.934
1756060200000,114655.8,114914.8,114521.1,114606.9,2630.723
1756062000000,114606.8,114704.1,114476.5,114704.1,1635.212
1756063800000,114704.0,114780.7,110484.0,112556.4,44408.917
1756065600000,112556.4,112921.3,111555.0,112816.5,10405.735
1756067400000,112816.4,112968.0,112481.6,112740.0,3770.363
1756069200000,112739.9,112876.5,112324.1,112873.4,2367.098
1756071000000,112873.4,113373.1,112846.5,112947.2,2953.347
1756072800000,112947.2,113100.0,112561.1,112602.7,3072.467
1756074600000,112602.8,113456.0,112588.1,113400.6,3373.885
1756076400000,113400.6,113600.0,113312.7,113590.9,2359.717
1756078200000,113591.0,113646.5,113350.2,113446.3,1688.343
1756080000000,113446.2,113472.7,113014.4,113029.3,3546.787
1756081800000,113029.3,113047.4,112100.2,112598.8,6708.36
1756083600000,112598.8,113096.0,112560.1,112945.4,2763.277
1756085400000,112945.5,113054.7,112663.8,113028.9,1350.407
1756087200000,113028.9,113588.8,113023.3,113379.9,2740.192
1756089000000,113379.9,113485.5,113250.0,113366.4,1330.409
1756090800000,113366.3,113621.3,113275.1,113329.0,1403.592
1756092600000,113329.1,113431.9,112793.5,112867.7,2522.153
1756094400000,112867.8,113022.9,112624.8,112675.2,2743.754
1756096200000,112675.2,112807.7,112566.0,112727.6,1856.034
1756098000000,112727.6,112827.1,112461.5,112515.0,1668.166
1756099800000,112515.0,112592.8,112297.3,112297.3,1772.23
1756101600000,112297.3,112435.1,112152.0,112226.4,2774.287
1756103400000,112226.4,112302.0,111722.0,111900.9,5085.531
1756105200000,111900.9,112123.6,111761.7,111852.3,2927.746
1756107000000,111852.2,111910.9,111245.9,111469.7,7719.811
1756108800000,111469.7,111744.0,110893.6,111613.5,7343.81
1756110600000,111613.4,111786.4,111355.2,111362.1,2365.894
1756112400000,111362.1,111629.4,111215.3,111430.0,3335.388
1756114200000,111430.0,111789.9,111326.7,111747.6,2262.836
1756116000000,111747.6,111757.6,111050.0,111189.1,3155.447
1756117800000,111189.2,111390.4,110903.2,110958.8,4162.849
1756119600000,110958.9,111136.3,110891.0,111048.7,2339.336
1756121400000,111048.6,111249.9,110922.3,111183.7,2071.82
1756123200000,111183.7,111653.0,111037.0,111652.2,3782.222
1756125000000,111652.1,111652.2,111289.9,111541.5,2462.408
1756126800000,111540.7,111714.0,111269.6,111622.0,2114.081
1756128600000,111622.0,111671.2,110532.2,111449.8,12457.658
1756130400000,111449.7,112157.0,111268.5,111861.1,8644.971
1756132200000,111861.2,112258.0,111801.8,112212.5,4074.496
1756134000000,112213.1,112533.2,111772.4,112408.8,4973.674
1756135800000,112408.7,112480.0,112066.3,112142.2,3160.319
1756137600000,112142.2,112897.7,111948.8,112580.6,5117.033
1756139400000,112580.5,112769.2,112446.1,112446.1,2402.883
1756141200000,112446.1,112764.6,112100.0,112675.4,4599.114
1756143000000,112675.4,112741.9,112211.4,112387.4,1755.025
1756144800000,112387.4,112580.0,112234.5,112533.4,1623.81
1756146600000,112533.3,112539.6,112194.5,112355.2,1588.478
1756148400000,112355.3,112391.3,111688.0,111924.4,5014.734
1756150200000,111924.3,111943.2,110601.7,110650.4,8378.248
1756152000000,110650.4,111050.0,109855.4,110463.4,18658.704
1756153800000,110463.5,110498.4,109321.0,109501.1,16110.334
1756155600000,109501.1,109857.0,109389.0,109474.2,6654.893
1756157400000,109474.2,110242.0,109219.8,109839.5,5820.387
1756159200000,109839.8,110328.6,109839.8,110326.7,2488.199
1756161000000,110326.6,110543.0,110063.3,110096.9,3054.363
1756162800000,110096.8,110123.0,109730.0,109888.9,2640.161
1756164600000,109888.9,110222.0,109853.2,110064.0,1313.474
1756166400000,110064.1,110064.1,109347.3,109603.8,7344.499
1756168200000,109603.7,109834.7,108858.8,109049.6,9027.469
1756170000000,109049.5,109765.9,108559.7,109700.0,6969.209
1756171800000,109700.0,109873.0,109469.6,109850.0,2908.907
1756173600000,109850.1,109965.0,109628.7,109798.8,2041.291
1756175400000,109798.8,109846.1,109454.2,109668.8,1745.721
1756177200000,109668.7,109886.5,109382.0,109733.2,1689.574
1756179000000,109733.3,109888.8,109733.2,109825.0,1012.675
1756180800000,109825.1,110136.7,109825.1,110116.9,2213.791
1756182600000,110116.9,110188.4,109880.0,110041.0,1425.614
1756184400000,110041.1,110226.4,110041.0,110101.6,1280.986
1756186200000,110101.7,110320.1,110026.9,110141.3,1287.352
1756188000000,110141.2,110287.5,109846.1,109961.8,2089.722
1756189800000,109961.9,110054.6,109858.9,109949.4,985.198
1756191600000,109949.3,110007.8,109711.0,109932.8,1746.412
1756193400000,109932.7,110508.5,109894.2,110244.2,3542.797
1756195200000,110244.2,110405.6,109943.1,110023.2,1713.906
1756197000000,110023.2,110377.9,109963.2,110047.5,1387.599
1756198800000,110047.6,110365.6,110047.5,110277.0,1026.785
1756200600000,110277.0,110313.2,109976.9,110108.6,970.613
1756202400000,110108.6,110366.8,110015.0,110277.7,1330.418
1756204200000,110277.7,110340.5,110088.0,110169.0,1308.403
1756206000000,110169.0,110180.6,109775.1,109823.8,2671.337
1756207800000,109823.7,109842.2,109529.5,109842.2,3024.046
1756209600000,109842.2,109875.1,109572.7,109681.2,1645.199
1756211400000,109681.2,110817.5,109681.1,110172.5,10588.978
1756213200000,110172.4,110235.6,109740.6,109808.1,2747.085
1756215000000,109808.1,110198.3,109350.0,110051.2,9444.426
1756216800000,110051.2,110515.1,109750.0,110159.8,4902.703
1756218600000,110159.7,110461.5,110095.6,110323.9,3026.282
1756220400000,110323.9,110525.4,110000.0,110029.0,3652.829
1756222200000,110029.1,110032.6,109499.9,109624.6,4907.001
1756224000000,109624.6,109742.4,109400.0,109708.2,2355.511
1756225800000,109708.2,110129.7,109559.0,110129.6,2481.336
1756227600000,110129.6,110174.4,109722.4,109808.1,2111.387
1756229400000,109808.1,109950.0,109548.0,109950.0,1596.346
1756231200000,109950.0,110459.6,109924.6,110444.4,2361.465
1756233000000,110444.4,110939.2,110341.3,110650.0,4047.596
1756234800000,110650.0,111099.6,110447.1,111059.3,3539.15
1756236600000,111059.4,111106.5,110772.5,111053.5,3032.822
1756238400000,111053.5,111311.0,110855.0,111269.0,2761.849
1756240200000,111268.9,111311.0,111081.1,111258.6,1927.305
1756242000000,111258.5,111287.6,111052.5,111219.9,1002.08
1756243800000,111219.9,111537.4,111114.8,111530.3,2072.839
1756245600000,111530.3,111877.1,111523.5,111579.2,4268.332
1756247400000,111579.1,111871.0,111501.6,111848.1,1428.485
1756249200000,111848.0,112330.0,111827.5,111886.1,6178.805
1756251000000,111886.2,111906.3,111674.8,111709.9,2217.303
1756252800000,111710.0,111731.1,111547.9,111578.9,1882.879
1756254600000,111579.0,111765.6,111281.3,111307.7,2992.414
1756256400000,111307.8,111432.3,111153.8,111206.2,1532.163
1756258200000,111206.3,111323.3,111053.3,111249.5,1371.258
1756260000000,111249.6,111427.0,111066.6,111261.8,1719.16
1756261800000,111261.8,111412.9,111057.5,111084.4,1179.304
1756263600000,111084.5,111186.3,110867.1,110927.1,1796.746
1756265400000,110927.1,111678.3,110927.1,111373.7,2901.311
1756267200000,111373.8,111700.4,111359.0,111408.0,1833.483
1756269000000,111407.9,111627.2,111366.2,111521.3,842.037
1756270800000,111521.3,111628.1,111275.0,111317.3,1860.413
1756272600000,111317.3,111431.2,111275.0,111316.8,693.297
1756274400000,111316.8,111326.2,111121.2,111217.9,1333.511
1756276200000,111217.9,111269.1,110969.6,110994.2,1144.618
1756278000000,110994.3,111096.4,110665.1,110795.1,2084.637
1756279800000,110795.2,110872.7,110586.5,110688.0,1996.601
1756281600000,110688.0,110800.0,110535.0,110557.6,1654.886
1756283400000,110557.5,110723.0,110306.9,110705.2,2857.702
1756285200000,110705.1,110950.0,110669.2,110920.9,2100.379
1756287000000,110921.0,111076.9,110753.8,110763.9,1489.045
1756288800000,110763.9,111232.0,110763.9,110997.9,1725.18
1756290600000,110997.9,111086.6,110855.0,110928.5,829.375
1756292400000,110928.5,111229.0,110928.5,111128.2,1180.316
1756294200000,111128.2,111328.9,111128.2,111270.8,975.465
1756296000000,111270.7,111351.7,111077.1,111082.6,1287.227
1756297800000,111082.6,111325.3,110958.2,111288.4,1439.303
1756299600000,111288.5,111291.5,111030.1,111272.0,1244.889
1756301400000,111271.9,111845.2,110958.3,111434.3,7018.93
1756303200000,111434.4,112152.7,111211.1,112141.2,4429.132
1756305000000,112141.3,112568.5,111601.5,111758.0,9162.384
1756306800000,111757.9,112037.2,111621.6,111724.7,2423.854
1756308600000,111724.8,111975.0,111455.7,111965.1,2557.208
1756310400000,111965.0,112086.9,111603.9,111773.8,2287.738
1756312200000,111773.8,112198.8,111489.8,112062.0,2401.938
1756314000000,112062.0,112354.0,111837.2,112255.3,2014.12
1756315800000,112255.3,112400.0,112182.8,112286.2,1629.408
1756317600000,112286.3,112550.0,112266.1,112415.1,2193.551
1756319400000,112415.1,112423.5,111863.0,111890.3,2190.08
1756321200000,111890.4,112098.0,111502.0,111971.0,3955.393
1756323000000,111971.0,112174.0,111872.7,112032.8,1502.319
1756324800000,112032.9,112307.6,110854.4,112030.0,11544.21
1756326600000,112029.5,112368.6,111940.9,112363.1,3910.572
1756328400000,112363.2,112401.5,111603.5,111747.2,2935.378
1756330200000,111747.3,111860.4,111322.7,111480.7,1626.33
1756332000000,111480.7,111496.2,111003.3,111265.5,2576.17
1756333800000,111265.4,111551.7,111240.4,111355.1,1079.661
1756335600000,111355.1,111491.2,111169.2,111297.3,1232.411
1756337400000,111297.3,111380.4,111039.9,111194.9,1586.736
1756339200000,111194.9,111493.0,110879.2,111093.1,2741.824
1756341000000,111093.1,111423.0,110811.0,111287.0,2296.556
1756342800000,111286.9,111545.2,111282.7,111390.4,1243.568
1756344600000,111390.4,111674.5,111374.3,111600.1,1311.543
1756346400000,111600.1,111719.8,111412.2,111565.7,1027.677
1756348200000,111565.6,111620.0,111389.9,111442.4,587.412
1756350000000,111442.3,111888.0,111352.3,111881.6,1311.147
1756351800000,111881.5,111993.0,111810.5,111954.1,1148.181
1756353600000,111954.0,112265.3,111892.4,112251.4,1778.53
1756355400000,112251.4,113049.0,112231.6,112931.2,7065.293
1756357200000,112931.1,113144.7,112771.5,112818.3,3352.333
1756359000000,112818.3,112901.8,112659.3,112807.9,1926.355
1756360800000,112807.8,112953.2,112664.3,112953.2,1791.998
1756362600000,112953.2,113240.3,112900.5,113160.3,2996.238
1756364400000,113160.2,113318.2,113065.4,113111.2,2875.387
1756366200000,113111.3,113124.2,112958.7,113079.2,1301.213
1756368000000,113079.3,113301.6,112988.0,113004.1,2425.864
1756369800000,113004.2,113230.7,112959.3,113072.0,1294.58
1756371600000,113071.9,113088.0,112851.2,112936.3,1624.772
1756373400000,112936.2,112936.3,112806.9,112819.9,1026.123
1756375200000,112819.9,113000.0,112780.3,112867.4,1201.891
1756377000000,112867.5,113075.6,112867.4,113075.5,1258.312
1756378800000,113075.6,113107.8,112890.8,112902.5,789.377
1756380600000,112902.5,112967.1,112800.0,112876.5,889.027
1756382400000,112876.5,112926.8,112769.0,112806.3,1030.898
1756384200000,112806.3,113285.8,112728.9,113187.6,3182.98
1756386000000,113187.7,113429.0,112962.0,112987.2,2770.602
1756387800000,112987.2,113166.0,112525.0,112787.1,6334.169
1756389600000,112787.2,113112.9,112586.4,112592.6,3242.906
1756391400000,112592.6,113270.4,112468.5,113115.5,3483.225
1756393200000,113115.6,113218.2,112391.5,112518.8,3384.033
1756395000000,112518.8,112774.3,112344.4,112633.1,2810.696
1756396800000,112633.1,113153.1,112590.7,112958.6,3036.579
1756398600000,112958.6,112996.7,112274.4,112283.2,2256.83
1756400400000,112283.2,112505.0,112160.0,112471.2,2927.069
1756402200000,112471.2,112578.1,112300.0,112338.8,1404.375
1756404000000,112338.7,112604.2,112176.2,112596.1,1450.72
1756405800000,112596.0,112662.3,112252.8,112318.2,1312.508
1756407600000,112318.3,112530.4,112127.0,112318.4,1678.086
1756409400000,112318.4,112372.4,111853.6,111864.7,3078.782
1756411200000,111864.8,112075.0,111829.4,111969.0,1754.18
1756413000000,111969.0,112029.9,111847.0,111850.0,1097.44
1756414800000,111850.0,112092.3,111850.0,111920.3,847.269
1756416600000,111920.2,112037.9,111848.0,111965.1,851.271
1756418400000,111965.0,112358.3,111965.0,112353.4,1349.434
1756420200000,112353.4,112461.5,112270.7,112292.0,1187.681
1756422000000,112292.0,112425.1,112247.4,112336.4,818.936
1756423800000,112336.4,112519.1,112277.7,112507.3,1074.407
1756425600000,112507.3,112585.7,112277.7,112547.7,1513.031
1756427400000,112547.7,112562.8,112072.7,112160.8,1592.193
1756429200000,112160.7,112227.3,111350.1,111494.0,5422.818
1756431000000,111493.9,111661.0,111376.1,111425.0,2153.728
1756432800000,111425.0,111720.0,111356.0,111486.3,2104.961
1756434600000,111486.3,111544.3,111311.0,111370.1,1344.985
1756436400000,111370.0,111598.5,111238.5,111560.1,1905.59
1756438200000,111560.0,111772.0,111514.6,111648.6,1212.558
1756440000000,111648.6,111797.2,111558.7,111623.0,1289.132
1756441800000,111623.0,111623.1,111365.8,111456.8,964.504
1756443600000,111456.8,111538.4,111200.0,111266.2,1574.749
1756445400000,111266.2,111271.3,111088.5,111265.8,1909.359
1756447200000,111265.8,111361.4,110926.2,110966.4,1666.226
1756449000000,110966.3,111284.9,110850.0,111223.9,3675.737
1756450800000,111224.0,111238.8,110064.0,110100.1,8511.671
1756452600000,110100.1,110305.3,109850.0,109969.0,5535.62
1756454400000,109969.0,110254.9,109881.3,109970.6,4463.975
1756456200000,109970.5,110114.2,109555.5,109579.7,5351.905
1756458000000,109579.8,109775.6,109360.0,109699.3,4324.803
1756459800000,109699.3,109868.3,109590.0,109710.6,1985.166
1756461600000,109710.7,109963.9,109687.8,109885.8,2151.97
1756463400000,109885.8,109983.9,109795.4,109949.8,1425.305
1756465200000,109949.8,110115.0,109851.4,109995.8,2186.379
1756467000000,109995.7,110047.9,109776.9,110047.8,1478.1
1756468800000,110047.8,110314.0,110020.6,110292.2,2372.708
1756470600000,110292.2,111489.5,110292.1,110667.7,14415.411
1756472400000,110667.6,110728.8,110364.2,110450.0,1951.541
1756474200000,110450.0,110507.6,108808.1,109056.4,15612.31
1756476000000,109056.5,109490.5,108240.0,108599.9,17860.779
1756477800000,108599.8,108810.9,108034.1,108154.5,7185.917
1756479600000,108154.4,108666.0,108125.0,108300.3,6771.199
1756481400000,108300.3,108547.7,108150.0,108334.4,4827.955
1756483200000,108334.4,108711.0,108088.0,108453.2,3788.146
1756485000000,108453.3,108777.0,108450.0,108648.0,2517.904
1756486800000,108648.0,108674.6,108108.0,108352.2,2669.49
1756488600000,108352.2,108570.5,108276.3,108411.5,1562.988
1756490400000,108411.5,108459.9,108045.0,108081.4,2847.733
1756492200000,108081.5,108200.0,108054.1,108092.5,1542.853
1756494000000,108092.4,108696.7,107869.6,108598.0,4451.293
1756495800000,108597.9,108697.7,108121.6,108155.5,1983.804
1756497600000,108155.5,108213.5,107654.0,107929.8,6025.22
1756499400000,107929.8,107929.8,107468.1,107742.6,4480.386
1756501200000,107742.5,107918.9,107411.4,107918.9,2787.906
1756503000000,107918.9,108430.3,107918.9,108393.4,3805.48
1756504800000,108393.4,108433.4,108230.0,108293.7,1384.766
1756506600000,108293.8,108360.9,108160.0,108337.5,809.705
1756508400000,108337.5,108488.0,108300.0,108405.0,1209.989
1756510200000,108405.0,108513.0,108288.3,108332.4,1115.224
1756512000000,108332.4,108377.2,108184.9,108263.9,1260.354
1756513800000,108263.9,108280.1,108101.9,108259.4,1372.005
1756515600000,108259.4,108318.1,107985.0,108003.5,1173.178
1756517400000,108003.5,108090.7,107281.0,107404.9,3682.53
1756519200000,107405.0,107825.3,107340.6,107786.7,2668.368
1756521000000,107786.7,107910.7,107738.2,107738.3,1317.137
1756522800000,107738.2,108256.5,107723.7,108176.2,2525.085
1756524600000,108176.2,108378.0,108176.2,108367.9,2399.652
1756526400000,108368.0,108615.3,108316.4,108581.2,2452.979
1756528200000,108581.1,108584.4,108345.2,108373.8,1456.378
1756530000000,108373.8,108424.4,108168.7,108168.9,1499.773
1756531800000,108168.9,108403.3,108082.4,108300.1,1569.557
1756533600000,108300.1,108515.9,108214.5,108226.8,1520.043
1756535400000,108226.8,108298.5,108172.2,108276.0,771.079
1756537200000,108275.9,108340.6,108067.5,108234.9,1030.665
1756539000000,108234.9,108467.8,108230.0,108466.6,1166.291
1756540800000,108466.6,108742.9,108431.9,108678.6,2662.363
1756542600000,108678.7,108678.7,108480.5,108521.8,1115.069
1756544400000,108521.7,108561.8,108443.7,108485.7,672.501
1756546200000,108485.6,108558.9,108419.2,108476.0,598.282
1756548000000,108476.1,108660.1,108442.5,108648.1,1381.023
1756549800000,108648.1,108648.2,108359.6,108380.8,1300.337
1756551600000,108380.9,108504.0,108374.5,108504.0,511.356
1756553400000,108504.0,108668.8,108467.8,108638.6,919.82
1756555200000,108638.6,108638.7,108414.8,108462.6,923.839
1756557000000,108462.6,108564.0,108289.0,108563.9,2183.454
1756558800000,108563.9,108564.0,108155.0,108372.3,3247.504
1756560600000,108372.3,108499.0,108300.4,108492.3,914.406
1756562400000,108492.2,108509.8,108358.1,108509.7,925.754
1756564200000,108509.7,108678.9,108491.5,108607.2,1321.39
1756566000000,108607.1,108822.4,108495.8,108719.6,1895.814
1756567800000,108719.7,108879.6,108595.9,108809.8,1982.309
1756569600000,108809.8,108813.1,108619.3,108665.2,891.619
1756571400000,108665.1,108830.0,108637.0,108762.1,660.445
1756573200000,108762.1,108849.0,108740.5,108777.2,930.228
1756575000000,108777.1,108799.0,108562.0,108729.0,821.222
1756576800000,108728.9,108763.6,108591.7,108642.6,580.694
1756578600000,108642.7,108787.3,108567.5,108684.7,617.053
1756580400000,108684.7,108753.0,108594.2,108752.9,424.831
1756582200000,108753.0,108851.0,108708.9,108769.4,541.583
1756584000000,108769.5,108776.1,108624.3,108720.2,461.261
1756585800000,108720.1,108727.6,108526.5,108596.4,683.041
1756587600000,108596.3,108631.7,108430.0,108562.4,1049.307
1756589400000,108562.4,108566.6,108472.1,108528.4,453.974
1756591200000,108528.4,108535.6,108412.2,108498.1,577.078
1756593000000,108498.2,108513.8,108457.7,108473.5,392.713
1756594800000,108473.6,108678.1,108470.0,108645.8,609.82
1756596600000,108645.7,108758.0,108603.9,108757.9,541.719
1756598400000,108758.0,108826.3,108750.0,108820.7,860.588
1756600200000,108820.8,109355.0,108820.7,109339.9,4765.996
1756602000000,109339.9,109354.0,109085.6,109280.1,1861.139
1756603800000,109280.0,109439.9,109239.4,109380.0,1774.873
1756605600000,109380.0,109395.0,109230.7,109275.2,1085.559
1756607400000,109275.1,109275.2,109121.7,109171.6,710.189
1756609200000,109171.6,109292.6,109144.2,109175.4,1459.656
1756611000000,109175.5,109331.3,109101.2,109175.4,1247.096
1756612800000,109175.5,109190.4,108766.1,108791.1,1824.652
1756614600000,108791.1,108820.6,108628.0,108775.0,1915.954
1756616400000,108774.9,108775.0,108514.2,108532.5,1916.375
1756618200000,108532.5,108725.3,108532.4,108708.0,909.477
1756620000000,108707.9,108731.4,108518.1,108523.2,919.177
1756621800000,108523.2,108693.2,108455.0,108667.9,1058.735
1756623600000,108667.8,108781.1,108615.3,108645.0,537.615
1756625400000,108645.0,108750.0,108636.9,108656.9,424.13
1756627200000,108656.9,108882.4,108656.8,108851.8,700.603
1756629000000,108851.8,108980.0,108752.7,108965.1,971.453
1756630800000,108965.1,109067.2,108841.7,108841.7,1059.526
1756632600000,108841.7,108867.6,108404.7,108471.0,2598.989
1756634400000,108471.1,108514.0,108310.0,108422.4,2769.379
1756636200000,108422.3,108595.0,108251.3,108526.6,2180.079
1756638000000,108526.6,108560.1,108274.4,108486.3,1281.401
1756639800000,108486.3,108522.2,108326.5,108350.0,1231.53
1756641600000,108350.0,108409.1,108274.3,108362.7,1528.905
1756643400000,108362.6,108450.0,108264.8,108279.4,1072.621
1756645200000,108279.5,108419.0,108153.8,108252.6,1894.956
1756647000000,108252.5,108400.0,108173.3,108376.0,948.804
1756648800000,108375.9,108440.0,108210.7,108331.7,1006.206
1756650600000,108331.6,108475.3,108323.4,108422.6,1047.599
1756652400000,108422.6,108660.3,108412.7,108514.5,1562.59
1756654200000,108514.6,108808.5,108429.9,108758.2,1819.234
1756656000000,108758.2,108822.8,108504.7,108633.4,2993.479
1756657800000,108633.4,108930.0,108562.7,108867.0,1977.477
1756659600000,108867.0,108921.7,108796.3,108904.3,787.716
1756661400000,108904.4,108948.1,108806.1,108945.0,851.236
1756663200000,108945.0,109089.7,108873.0,108954.1,1201.332
1756665000000,108954.1,109196.5,108939.8,109089.0,1314.81
1756666800000,109089.0,109112.3,108883.5,108922.5,686.956
1756668600000,108922.6,109074.3,108857.1,108877.2,668.095
1756670400000,108877.3,109060.5,108821.8,109013.7,1023.796
1756672200000,109013.7,109079.3,108915.9,109079.3,439.3
1756674000000,109079.2,109079.2,108896.3,108973.5,826.012
1756675800000,108973.5,109061.7,108953.3,108986.4,404.756
1756677600000,108986.5,109192.3,108820.0,109126.0,1176.199
1756679400000,109126.1,109126.3,108700.0,108842.4,1258.091
1756681200000,108842.3,108866.7,108300.0,108336.8,2984.299
1756683000000,108336.7,108388.4,108021.0,108208.4,4610.906
1756684800000,108208.4,108295.8,107588.0,107780.1,5888.404
1756686600000,107780.1,108372.5,107624.6,108180.1,4104.383
1756688400000,108180.0,108323.8,107917.3,108200.0,2068.064
1756690200000,108200.1,108447.6,107931.5,108110.0,2105.984
1756692000000,108110.0,108160.0,107512.9,107652.8,3062.821
1756693800000,107652.9,107693.6,107380.0,107590.4,3585.74
1756695600000,107590.5,107741.7,107411.0,107464.7,2179.946
1756697400000,107464.7,107695.5,107355.0,107619.1,2073.448
1756699200000,107619.1,107721.3,107300.0,107438.0,2711.6
1756701000000,107438.0,107438.0,107230.7,107369.2,1900.486
1756702800000,107369.2,107692.3,107211.5,107679.2,3132.886
1756704600000,107679.2,107945.0,107608.4,107811.2,1930.166
1756706400000,107811.2,107998.7,107551.0,107894.7,1925.481
1756708200000,107894.8,108079.9,107879.7,108019.9,1402.491
1756710000000,108019.9,108400.0,107931.1,108389.7,2841.482
1756711800000,108389.7,109390.3,108383.4,109390.3,10260.206
1756713600000,109390.2,109779.0,109370.0,109393.3,8342.744
1756715400000,109393.3,109650.0,109390.0,109552.2,1877.483
1756717200000,109552.1,109771.2,109450.0,109661.7,2496.438
1756719000000,109661.7,109874.8,109450.0,109485.3,3595.434
1756720800000,109485.3,109504.3,108791.2,108826.0,4929.689
1756722600000,108826.1,108835.6,108131.6,108526.5,7358.466
1756724400000,108526.4,108684.5,108404.9,108629.3,2521.603
1756726200000,108629.2,108817.8,108429.4,108721.9,1917.152
1756728000000,108721.8,108945.8,108582.7,108881.1,2073.904
1756729800000,108881.1,109123.0,108838.1,109055.0,2228.752
1756731600000,109055.1,109479.2,108995.4,109401.0,3958.072
1756733400000,109401.1,109420.8,108888.0,108974.8,4016.829
1756735200000,108974.8,109295.3,108923.0,109021.0,2305.775
1756737000000,109021.1,109182.1,108769.2,109105.1,2054.791
1756738800000,109105.1,109331.3,108600.0,108660.7,3054.35
1756740600000,108660.6,108826.2,108515.8,108738.0,2095.642
1756742400000,108737.9,109050.0,108600.0,108890.0,1966.724
1756744200000,108890.1,108987.8,108643.7,108732.6,1142.134
1756746000000,108732.5,108824.2,108350.0,108583.4,3215.887
1756747800000,108583.4,108920.3,108474.9,108882.0,2089.766
1756749600000,108882.0,109181.2,108872.9,109132.7,1574.447
1756751400000,109132.7,109230.0,108952.2,109188.4,1286.088
1756753200000,109188.4,109298.6,109125.3,109137.8,898.387
1756755000000,109137.8,109281.7,109125.0,109178.7,699.301
1756756800000,109178.7,109181.6,108964.0,109036.7,980.345
1756758600000,109036.7,109046.1,108215.7,108839.7,6661.876
1756760400000,108839.6,108899.7,108050.0,108088.9,4136.493
1756762200000,108089.0,108089.0,107400.0,107744.5,6731.784
1756764000000,107744.5,108172.7,107533.4,107995.7,3611.176
1756765800000,107995.8,108454.9,107891.1,108386.2,2545.889
1756767600000,108386.3,108751.6,108369.8,108751.6,2357.288
1756769400000,108751.5,109410.5,108632.4,109187.9,4382.329
1756771200000,109187.9,109298.9,108975.6,108975.6,2443.864
1756773000000,108975.6,109076.9,108834.9,108985.3,2244.62
1756774800000,108985.4,109219.4,108970.3,109157.7,1965.201
1756776600000,109157.6,109573.7,108924.8,109262.3,4206.087
1756778400000,109262.3,109562.8,109121.1,109489.9,1957.31
1756780200000,109489.9,110247.6,109404.8,110210.1,5234.236
1756782000000,110210.0,110597.9,110011.7,110110.0,7410.157
1756783800000,110109.9,110461.5,110070.3,110286.0,2841.038
1756785600000,110286.0,110378.5,110169.8,110268.4,1675.682
1756787400000,110268.5,110329.2,110110.0,110272.1,1516.412
1756789200000,110272.1,110300.0,110002.7,110108.8,1465.347
1756791000000,110108.9,110273.0,110061.9,110164.6,1030.392
1756792800000,110164.6,110443.1,110123.9,110387.9,1576.936
1756794600000,110388.0,110571.9,110289.7,110326.7,1853.98
1756796400000,110326.7,110334.6,110101.5,110191.4,1924.286
1756798200000,110191.3,110359.1,109932.4,110190.1,2884.325
1756800000000,110190.1,110311.3,109993.4,110256.5,2267.204
1756801800000,110256.6,110700.0,110059.0,110313.9,4157.634
1756803600000,110314.0,110656.9,110220.2,110271.3,2727.591
1756805400000,110271.4,110408.1,110201.0,110408.0,1407.447
1756807200000,110408.0,110435.7,110193.8,110196.0,1248.256
1756809000000,110196.0,110300.0,110082.6,110202.7,1289.438
1756810800000,110202.7,110211.0,109845.0,109852.9,2233.333
1756812600000,109853.0,109950.0,109501.7,109698.6,3499.388
1756814400000,109698.6,109804.5,109250.0,109389.5,5780.524
1756816200000,109389.5,109437.8,108333.0,108749.6,13008.183
1756818000000,108749.5,109541.2,108687.9,109325.2,7793.578
1756819800000,109325.2,111243.9,108990.7,111113.4,22770.656
1756821600000,111113.4,111496.0,110737.7,111422.8,10756.792
1756823400000,111422.9,111742.1,111061.1,111308.5,8541.832
1756825200000,111308.6,111480.2,110887.5,111209.9,5243.161
1756827000000,111210.0,111227.9,110555.8,110789.9,5681.357
1756828800000,110789.9,111076.8,110418.0,110442.7,4388.111
1756830600000,110442.7,110779.5,110442.6,110745.7,2729.664
1756832400000,110745.7,110900.0,110579.0,110828.9,2229.491
1756834200000,110828.9,111000.0,110640.5,110853.8,1959.701
1756836000000,110853.8,110890.7,110347.9,110420.1,2722.788
1756837800000,110420.2,110785.8,110118.5,110584.1,3610.395
1756839600000,110584.0,110792.1,110401.1,110459.4,1920.494
1756841400000,110459.4,110760.5,110390.2,110742.9,1200.308
1756843200000,110742.9,111299.9,110650.8,111205.7,3446.567
1756845000000,111205.7,111373.4,111013.8,111356.1,2208.551
1756846800000,111356.1,111487.9,111201.1,111251.1,1843.602
1756848600000,111251.1,111437.8,111066.0,111066.1,1448.178
1756850400000,111066.1,111127.4,110812.4,110999.9,3005.042
1756852200000,110999.8,111216.2,110920.0,111216.1,952.934
1756854000000,111216.1,111230.7,111000.0,111021.8,969.09
1756855800000,111021.9,111188.0,110958.5,111188.0,690.193
1756857600000,111187.9,111732.9,111173.2,111587.3,3066.42
1756859400000,111587.2,111633.5,111220.8,111283.2,2206.688
1756861200000,111283.1,111346.4,110890.2,110928.7,1859.664
1756863000000,110928.8,111149.8,110842.7,111120.0,1627.381
1756864800000,111120.0,111366.3,110972.3,111332.2,1981.102
1756866600000,111332.2,111442.2,111139.9,111327.9,1168.234
1756868400000,111327.9,111358.0,110928.5,111012.8,1735.704
1756870200000,111012.7,111077.0,110844.0,110991.7,1034.52
1756872000000,110991.8,111117.5,110783.6,110965.8,1609.727
1756873800000,110965.8,111048.4,110915.0,110966.7,502.807
1756875600000,110966.7,111022.7,110644.0,110730.7,1413.465
1756877400000,110730.7,110804.6,110613.2,110647.6,847.712
1756879200000,110647.6,110792.7,110523.0,110770.0,2198.323
1756881000000,110769.9,110843.0,110623.0,110676.6,859.171
1756882800000,110676.5,110809.2,110486.9,110740.0,1950.124
1756884600000,110740.0,111065.5,110740.0,111041.5,1735.715
1756886400000,111041.4,111221.0,110991.6,111073.2,2226.992
1756888200000,111073.1,111085.4,110923.0,110974.9,932.469
1756890000000,110974.8,111238.0,110843.0,111080.1,1508.806
1756891800000,111080.0,111283.6,111055.0,111261.2,939.88
1756893600000,111261.2,111432.7,111112.9,111420.0,1527.726
1756895400000,111419.9,111438.0,111256.6,111402.0,1140.949
1756897200000,111402.0,111670.0,111366.0,111453.0,2498.675
1756899000000,111453.1,111557.6,111338.5,111391.6,1114.931
1756900800000,111391.6,111575.0,111391.6,111466.8,1116.624
1756902600000,111466.7,111831.4,110966.8,111051.0,5354.234
1756904400000,111051.0,111425.3,111011.3,111284.2,2746.702
1756906200000,111284.1,111869.8,111040.0,111409.4,7781.543
1756908000000,111409.4,111799.8,111047.6,111390.8,7297.806
1756909800000,111390.7,112470.5,111390.7,112208.3,11895.921
1756911600000,112208.8,112334.7,111850.0,111900.9,4134.605
1756913400000,111900.8,112303.5,111880.0,112168.6,2640.471
1756915200000,112168.5,112296.8,111833.0,111913.2,2284.391
1756917000000,111913.3,112065.5,111626.0,111810.0,2793.704
1756918800000,111809.9,112433.6,111800.0,112392.4,3150.751
1756920600000,112392.5,112541.2,112193.0,112251.8,2718.494
1756922400000,112251.8,112467.4,112067.9,112090.4,1729.412
1756924200000,112090.5,112090.5,111740.9,111952.8,1949.216
1756926000000,111952.9,111952.9,111724.1,111857.6,1099.217
1756927800000,111857.6,112183.4,111734.8,112139.9,1713.741
1756929600000,112140.0,112196.8,111984.4,112081.4,1049.707
1756931400000,112081.4,112166.8,112022.9,112166.8,619.73
1756933200000,112166.8,112207.1,112000.0,112046.8,592.112
1756935000000,112046.8,112058.4,111700.0,111936.6,1051.522
1756936800000,111936.6,112093.5,111890.7,111903.0,762.217
1756938600000,111903.0,111934.8,111777.7,111899.9,733.93
1756940400000,111899.9,111935.7,111705.0,111750.0,884.176
1756942200000,111750.0,111784.4,111550.9,111659.8,1717.01
1756944000000,111659.7,112045.0,111556.0,111955.0,2006.001
1756945800000,111954.9,112136.8,111900.0,112015.4,945.429
1756947600000,112015.3,112027.9,111580.7,111745.6,1240.555
1756949400000,111745.5,111959.2,111718.1,111900.0,676.516
1756951200000,111899.9,111930.0,111367.4,111367.5,1998.637
1756953000000,111367.4,111666.0,111344.9,111409.6,2385.86
1756954800000,111409.6,111678.7,111250.0,111332.5,2865.376
1756956600000,111332.5,111363.0,111081.1,111107.1,2778.714
1756958400000,111107.1,111283.7,111060.0,111085.7,1752.754
1756960200000,111085.7,111194.1,110853.4,110870.8,2154.336
1756962000000,110870.9,110880.0,110568.2,110765.6,4976.198
1756963800000,110765.6,110842.6,110517.2,110613.3,2684.586
1756965600000,110613.3,110683.6,110331.4,110472.2,3366.204
1756967400000,110472.2,110472.2,110237.2,110350.0,1895.391
1756969200000,110349.9,110598.4,110301.0,110384.4,2259.212
1756971000000,110384.4,110480.1,110299.7,110417.3,1630.188
1756972800000,110417.3,110754.4,110366.0,110750.0,2770.899
1756974600000,110750.0,110800.0,110561.6,110595.3,1291.554
1756976400000,110595.4,110818.6,110595.4,110754.3,1274.471
1756978200000,110754.4,110808.5,110678.7,110764.1,958.712
1756980000000,110764.1,111111.0,110715.9,110830.3,2432.625
1756981800000,110830.3,110973.0,110561.2,110569.0,1845.346
1756983600000,110568.9,111009.5,110478.9,110872.8,3257.294
1756985400000,110872.8,110969.6,110757.6,110763.9,1015.922
1756987200000,110763.8,111081.6,110723.0,110841.2,1732.259
1756989000000,110841.2,110993.9,110463.8,110887.6,3049.588
1756990800000,110888.8,110931.9,110651.9,110729.6,1432.498
1756992600000,110729.6,110845.3,110150.0,110421.2,5148.235
1756994400000,110421.2,110486.0,109655.4,109903.0,9631.456
1756996200000,109902.9,110189.1,109797.0,109799.9,2968.897
1756998000000,109800.0,109826.8,109269.1,109465.4,6741.907
1756999800000,109465.5,109609.1,109335.0,109448.0,2607.359
1757001600000,109448.0,109648.7,109350.7,109363.7,2549.588
1757003400000,109363.7,109538.4,109315.0,109384.9,1914.02
1757005200000,109384.8,109876.9,109372.5,109760.3,3517.894
1757007000000,109760.4,109870.0,109557.3,109728.3,1250.456
1757008800000,109728.4,110150.0,109728.3,109854.0,3220.479
1757010600000,109854.1,110116.4,109632.5,109918.6,2295.928
1757012400000,109918.7,110063.0,109858.3,109948.4,1155.55
1757014200000,109948.3,109990.0,109648.6,109753.9,1901.053
1757016000000,109753.9,110370.0,109702.8,110302.1,2408.462
1757017800000,110301.6,110350.0,110205.4,110350.0,1046.057
1757019600000,110350.0,110430.0,110265.6,110370.7,890.642
1757021400000,110370.7,110500.0,110340.9,110445.8,622.891
1757023200000,110445.8,110860.0,110427.1,110777.6,2761.349
1757025000000,110777.6,111560.0,110686.8,111454.9,5519.43
1757026800000,111454.9,111743.8,111046.2,111053.7,5244.512
1757028600000,111053.7,111071.6,110541.2,110679.4,2227.079
1757030400000,110679.5,110764.9,110482.3,110658.0,2399.073
1757032200000,110657.9,110893.5,110394.2,110418.0,1873.641
1757034000000,110418.0,110845.2,110405.5,110758.6,1552.28
1757035800000,110758.6,111098.3,110742.0,111079.9,1577.206
1757037600000,111079.9,111423.5,110992.8,111263.0,3304.787
1757039400000,111263.0,111444.1,111178.4,111297.7,1782.908
1757041200000,111297.7,111297.7,111058.9,111083.8,1351.303
1757043000000,111083.9,111279.6,111040.5,111266.9,978.453
1757044800000,111267.0,111311.0,111086.2,111213.5,720.795
1757046600000,111213.5,111429.1,111213.5,111396.7,1085.903
1757048400000,111396.8,111545.0,111361.1,111484.4,1309.68
1757050200000,111484.5,111687.9,111465.6,111524.2,1826.1
1757052000000,111524.2,111615.7,111448.4,111504.3,1486.721
1757053800000,111504.3,111876.8,111504.2,111860.0,2173.829
1757055600000,111860.0,112854.4,111831.7,112659.5,13551.588
1757057400000,112659.5,112949.0,112588.8,112900.1,6051.891
1757059200000,112900.0,112947.6,112600.0,112699.4,4598.299
1757061000000,112699.4,112750.0,112559.3,112589.0,1856.536
1757062800000,112589.0,112589.1,112149.3,112182.1,4442.298
1757064600000,112182.1,112361.5,112080.0,112252.8,3063.249
1757066400000,112252.8,112547.0,112143.7,112221.3,3011.505
1757068200000,112221.3,112373.5,112199.1,112199.1,1624.848
1757070000000,112199.2,112397.7,112085.9,112307.4,2217.656
1757071800000,112307.4,112333.5,112235.7,112299.6,1395.881
1757073600000,112299.6,112634.1,112192.9,112550.7,4006.595
1757075400000,112550.8,113344.3,112000.0,113159.1,24449.517
1757077200000,113159.0,113230.0,112825.0,112899.7,4784.83
1757079000000,112899.8,113271.6,112642.4,113028.4,8065.549
1757080800000,113028.4,113028.4,110866.2,110958.9,21816.737
1757082600000,110958.9,111107.0,110440.0,110527.4,14428.579
1757084400000,110527.3,110949.5,110240.0,110833.7,8131.059
1757086200000,110833.7,110974.8,110613.5,110674.1,3013.737
1757088000000,110674.1,110772.1,110485.3,110686.4,2569.914
1757089800000,110686.4,110886.4,110640.2,110767.3,1367.002
1757091600000,110767.3,110770.0,110480.0,110635.3,1740.092
1757093400000,110635.2,110638.5,110153.3,110567.2,3688.644
1757095200000,110567.1,111032.3,110521.7,111012.0,2548.811
1757097000000,111012.0,111247.0,110979.0,111146.0,2535.469
1757098800000,111146.1,111341.9,111072.0,111304.8,2142.495
1757100600000,111304.8,111598.2,111090.0,111550.1,2460.98
1757102400000,111550.0,111594.1,111230.7,111316.0,2508.123
1757104200000,111315.9,111581.9,111235.3,111581.8,1363.592
1757106000000,111581.8,111655.5,110307.6,110912.8,10148.212
1757107800000,110912.9,110998.5,110544.0,110544.1,2108.745
1757109600000,110544.0,110654.3,110438.1,110626.0,1378.741
1757111400000,110625.9,110873.6,110625.9,110745.2,1165.803
1757113200000,110745.2,110819.5,110660.5,110691.7,742.96
1757115000000,110691.6,110700.3,110534.2,110614.9,972.788
1757116800000,110614.8,110669.9,110504.9,110634.8,1099.506
1757118600000,110634.8,110786.3,110620.8,110729.4,970.659
1757120400000,110729.4,110810.5,110682.2,110753.4,800.5
1757122200000,110753.4,110874.9,110735.5,110817.6,469.062
1757124000000,110817.5,110870.9,110675.6,110699.2,464.713
1757125800000,110699.2,111174.7,110698.2,111170.1,1693.446
1757127600000,111170.0,111256.2,111056.5,111198.4,1163.118
1757129400000,111198.4,111198.5,110958.9,111034.0,740.216
1757131200000,111034.0,111034.0,110735.8,110777.0,1157.053
1757133000000,110777.0,110929.8,110735.0,110834.8,601.333
1757134800000,110834.7,110834.8,110653.1,110703.0,991.29
1757136600000,110703.0,110780.0,110653.1,110678.7,665.741
1757138400000,110678.7,110743.3,110660.0,110736.5,440.365
1757140200000,110736.5,110773.9,110701.2,110705.1,393.239
1757142000000,110705.1,110774.7,110700.0,110770.1,452.314
1757143800000,110770.1,110794.6,110750.0,110779.9,450.452
1757145600000,110779.9,110792.0,110730.6,110733.7,393.695
1757147400000,110733.8,110928.5,110733.7,110906.5,706.083
1757149200000,110906.5,110906.5,110653.1,110659.7,991.502
1757151000000,110659.8,110789.8,110653.1,110653.1,640.498
1757152800000,110653.2,110757.0,110630.0,110703.6,588.967
1757154600000,110703.6,110734.2,110666.0,110734.2,406.71
1757156400000,110734.2,110734.2,110621.0,110636.8,553.002
1757158200000,110636.9,110830.9,110622.9,110732.9,768.072
1757160000000,110732.8,110829.6,110710.2,110744.7,600.503
1757161800000,110744.8,110852.9,110704.0,110786.6,547.716
1757163600000,110786.6,110874.1,110775.1,110846.3,493.396
1757165400000,110846.3,110910.0,110772.6,110882.1,860.356
1757167200000,110882.1,110956.5,110823.4,110842.8,853.692
1757169000000,110842.8,110848.6,110719.7,110760.8,578.804
1757170800000,110760.8,110793.4,110630.2,110701.3,1138.577
1757172600000,110701.3,110737.4,110285.2,110324.1,4236.392
1757174400000,110324.2,110359.1,109850.0,110153.1,6552.818
1757176200000,110153.1,110250.0,109980.0,110206.2,2391.616
1757178000000,110206.2,110222.3,110076.8,110076.8,832.201
1757179800000,110076.9,110162.1,109933.2,110096.1,1277.125
1757181600000,110096.2,110210.1,110056.0,110148.6,1105.999
1757183400000,110148.5,110238.4,110005.8,110176.3,781.317
1757185200000,110176.3,110206.9,110077.7,110103.2,516.818
1757187000000,110103.2,110137.2,109950.0,109986.7,1155.214
1757188800000,109986.8,110041.9,109981.2,110027.3,456.504
1757190600000,110027.3,110121.0,110007.7,110121.0,494.279
1757192400000,110121.0,110163.0,110095.7,110119.3,483.099
1757194200000,110119.4,110167.6,110039.5,110158.1,580.053
1757196000000,110158.1,110192.6,110120.0,110120.2,495.478
1757197800000,110120.1,110132.5,110023.6,110114.9,917.771
1757199600000,110115.0,110225.9,110057.9,110209.1,975.138
1757201400000,110209.2,110209.2,110120.0,110135.3,356.114
1757203200000,110135.2,110202.2,110120.5,110186.0,626.919
1757205000000,110186.1,110325.5,110156.7,110306.0,1459.72
1757206800000,110305.9,110500.0,110276.2,110448.9,2009.064
1757208600000,110448.9,110545.0,110410.2,110502.2,1141.674
1757210400000,110502.1,110505.1,110394.1,110475.5,661.159
1757212200000,110475.4,110645.7,110450.5,110610.0,1075.233
1757214000000,110610.1,110690.4,110541.6,110660.1,750.122
1757215800000,110660.1,110700.0,110552.3,110579.8,763.058
1757217600000,110579.8,110596.0,110455.0,110503.2,622.909
1757219400000,110503.3,110514.5,110438.0,110514.5,474.98
1757221200000,110514.5,110649.3,110514.4,110647.1,619.187
1757223000000,110647.1,110650.1,110581.7,110607.0,417.235
1757224800000,110607.1,110613.4,110515.0,110521.7,551.574
1757226600000,110521.7,110546.9,110418.8,110458.5,897.016
1757228400000,110458.5,110650.0,110414.4,110614.5,895.429
1757230200000,110614.5,110880.8,110614.5,110710.8,2696.537
1757232000000,110710.8,111277.2,110666.4,111199.9,5457.57
1757233800000,111199.9,111348.0,110997.2,111022.8,2856.058
1757235600000,111022.8,111211.7,110969.0,111122.6,1546.401
1757237400000,111122.6,111133.0,110823.8,111074.6,2084.634
1757239200000,111074.6,111146.7,110992.2,110996.1,734.042
1757241000000,110996.0,111186.5,110996.0,111170.3,450.49
1757242800000,111170.4,111249.9,111150.5,111214.0,875.881
1757244600000,111214.0,111249.6,111128.2,111249.5,758.334
1757246400000,111249.5,111249.6,111018.4,111078.1,1066.819
1757248200000,111078.2,111189.8,111032.1,111074.3,673.899
1757250000000,111074.3,111074.3,110998.8,111062.1,649.535
1757251800000,111062.1,111193.5,111062.0,111168.1,733.48
1757253600000,111168.1,111371.4,111010.0,111085.8,1852.414
1757255400000,111085.8,111219.2,111054.5,111092.1,814.422
1757257200000,111092.1,111288.1,111061.0,111270.0,1016.828
1757259000000,111270.0,111334.1,111200.0,111276.2,701.755
1757260800000,111276.2,111327.2,111152.5,111167.6,902.239
1757262600000,111167.6,111235.5,111115.2,111158.0,660.726
1757264400000,111158.1,111200.1,110860.7,110928.9,2219.285
1757266200000,110928.9,111085.3,110850.0,110925.6,900.926
1757268000000,110925.5,111015.8,110902.0,110914.1,655.549
1757269800000,110914.2,111029.1,110817.5,111011.8,748.345
1757271600000,111011.7,111188.0,111004.3,111099.4,834.555
1757273400000,111099.3,111266.6,111087.7,111217.0,719.162
1757275200000,111216.9,111319.7,111115.2,111169.6,1227.98
1757277000000,111169.6,111325.0,111105.5,111282.8,496.954
1757278800000,111282.8,111291.2,111126.9,111140.6,466.088
1757280600000,111140.5,111166.3,111006.4,111006.4,488.382
1757282400000,111006.4,111287.9,110947.6,111277.7,1195.842
1757284200000,111277.6,111316.2,111024.0,111197.9,863.105
1757286000000,111197.9,111559.5,111197.8,111416.6,2111.581
1757287800000,111416.7,111445.7,111010.0,111076.0,1415.487
1757289600000,111075.5,111197.2,110915.0,111182.1,1711.009
1757291400000,111182.1,111250.0,110683.8,110786.5,3292.894
1757293200000,110786.5,110882.8,110680.0,110754.2,1549.23
1757295000000,110754.2,110958.5,110730.0,110847.0,1014.95
1757296800000,110846.9,110889.3,110566.5,110815.1,1447.32
1757298600000,110815.1,111345.0,110786.0,111199.9,2560.556
1757300400000,111199.9,111304.2,110974.4,111089.6,1403.867
1757302200000,111089.5,111300.0,110970.0,111004.9,1162.0
1757304000000,111004.8,111093.2,110901.0,111087.9,1550.74
1757305800000,111087.8,111176.0,110875.3,110934.7,805.682
1757307600000,110934.6,111027.5,110878.0,110902.0,626.92
1757309400000,110902.0,111013.1,110852.1,110984.8,648.203
1757311200000,110984.8,111153.3,110864.1,111110.3,736.705
1757313000000,111110.3,111134.5,111054.1,111068.4,520.763
1757314800000,111068.4,111531.9,111061.8,111444.3,2240.785
1757316600000,111444.3,111580.7,111161.5,111236.4,2279.225
1757318400000,111236.5,111591.0,111201.0,111549.9,1992.039
1757320200000,111549.9,111876.5,111500.0,111640.0,4725.217
1757322000000,111640.0,112042.0,111537.4,111797.4,4763.753
1757323800000,111797.5,112066.7,111714.4,112059.9,2743.819
1757325600000,112060.0,112117.0,111866.3,112109.4,3342.589
1757327400000,112109.4,112144.0,111922.9,112005.5,2676.671
1757329200000,112005.5,112009.6,111770.0,111789.6,2091.871
1757331000000,111789.7,112088.0,111718.7,112022.0,1680.72
1757332800000,112022.0,112046.7,111885.4,111900.0,1154.821
1757334600000,111900.0,112120.6,111893.7,111990.1,1017.881
1757336400000,111990.1,112321.3,111990.1,112158.4,3430.225
1757338200000,112158.4,112331.0,111800.0,111864.3,5776.713
1757340000000,111864.3,112252.7,111834.6,112197.8,4323.39
1757341800000,112197.8,112731.2,112190.3,112586.2,5983.626
1757343600000,112586.3,112867.6,112533.5,112773.7,4437.846
1757345400000,112773.8,112778.4,112459.2,112573.6,2151.307
1757347200000,112573.6,112635.0,112234.1,112587.3,3158.773
1757349000000,112587.3,112600.0,112241.1,112345.8,1973.463
1757350800000,112345.9,112494.2,112189.0,112475.9,1693.982
1757352600000,112475.8,112494.3,112030.0,112168.1,1869.608
1757354400000,112168.1,112396.6,112136.3,112334.9,1642.266
1757356200000,112334.9,112466.6,112211.3,112425.3,1196.097
1757358000000,112425.3,112425.3,112101.4,112145.1,1554.446
1757359800000,112145.1,112200.0,111927.0,112051.0,1777.352
1757361600000,112050.0,112100.0,111920.9,111995.9,1112.737
1757363400000,111995.8,111995.9,111847.0,111919.4,1235.496
1757365200000,111919.5,112120.1,111880.0,112054.2,924.78
1757367000000,112054.2,112289.7,112054.1,112271.8,1055.585
1757368800000,112271.8,112460.4,112267.1,112275.1,1700.55
1757370600000,112275.1,112350.0,112160.0,112186.7,783.758
1757372400000,112186.7,112255.0,112068.6,112075.0,703.932
1757374200000,112075.0,112078.9,111931.7,112012.6,891.697
1757376000000,112012.7,112055.7,111554.8,111612.6,3463.119
1757377800000,111612.6,111777.1,111409.0,111597.9,3270.131
1757379600000,111598.0,111700.0,111220.0,111327.6,2104.359
1757381400000,111327.7,111458.5,111249.0,111313.1,1465.9
1757383200000,111313.0,111356.8,111050.0,111263.9,2516.31
1757385000000,111263.9,111399.9,111165.9,111280.0,1853.98
1757386800000,111280.0,111507.6,111186.1,111503.2,2424.381
1757388600000,111503.3,111705.1,111441.9,111657.6,2192.07
1757390400000,111657.7,112073.4,111576.7,111902.3,3428.762
1757392200000,111902.4,112050.1,111680.5,111979.9,3112.306
1757394000000,111979.8,112019.4,111800.1,111915.1,1693.899
1757395800000,111915.0,112217.8,111900.0,112152.2,1616.901
1757397600000,112152.2,112800.0,112115.8,112573.0,6919.935
1757399400000,112573.1,113131.6,112573.0,112989.5,6789.845
1757401200000,112989.6,113209.8,112924.0,113186.3,3893.501
1757403000000,113186.3,113238.0,112699.9,112950.1,4466.487
1757404800000,112950.2,113076.9,112852.4,113041.2,1952.987
1757406600000,113041.3,113134.3,112859.9,112965.8,1617.436
1757408400000,112965.9,113032.8,112882.7,112969.9,1201.156
1757410200000,112969.9,112969.9,112870.3,112928.7,867.089
1757412000000,112928.8,113011.8,112588.4,112658.7,1888.083
1757413800000,112658.7,112878.7,112588.4,112690.2,2134.34
1757415600000,112690.1,112769.2,112603.2,112658.8,846.597
1757417400000,112658.8,112667.9,112350.0,112397.4,2333.997
1757419200000,112397.5,112793.8,112350.0,112745.3,2887.343
1757421000000,112745.4,112780.1,112522.0,112626.5,1193.394
1757422800000,112626.4,112790.2,112429.4,112760.7,2053.892
1757424600000,112760.2,112900.0,112615.3,112712.9,3347.637
1757426400000,112712.8,112897.4,111944.8,112273.4,12396.529
1757428200000,112273.3,112273.3,111452.4,111709.5,10978.822
1757430000000,111708.8,111793.5,111240.1,111270.9,6682.472
1757431800000,111270.9,111271.0,110714.9,110830.1,9846.214
1757433600000,110830.1,111095.6,110738.6,110900.1,4052.717
1757435400000,110900.0,111011.0,110863.3,110915.1,1082.197
1757437200000,110915.1,111153.0,110838.6,110874.3,1896.779
1757439000000,110874.2,111100.5,110850.4,110984.9,1488.18
1757440800000,110984.8,111269.3,110880.1,111145.1,2923.186
1757442600000,111145.2,111171.0,111006.2,111097.9,1587.562
1757444400000,111097.9,111243.8,111076.0,111215.1,829.506
1757446200000,111215.1,111342.0,111212.8,111242.3,1068.482
1757448000000,111242.4,111296.8,111041.1,111093.0,1203.143
1757449800000,111093.0,111490.6,111044.0,111487.4,1777.924
1757451600000,111487.5,111692.3,111304.3,111342.2,1757.556
1757453400000,111342.2,111461.4,111212.5,111241.9,701.275
1757455200000,111241.8,111494.5,111201.6,111366.8,968.269
1757457000000,111366.7,111585.0,111315.0,111510.0,722.467
1757458800000,111509.9,111530.5,111308.2,111396.8,1040.369
1757460600000,111396.9,111515.7,111313.3,111499.9,735.647
1757462400000,111499.9,111533.3,111075.5,111140.6,2841.149
1757464200000,111140.6,111246.2,110873.8,110971.3,3140.979
1757466000000,110971.3,111182.9,110878.1,110886.8,2507.199
1757467800000,110886.7,111049.4,110855.8,110955.8,2000.29
1757469600000,110955.8,111430.7,110955.7,111300.0,3069.9
1757471400000,111300.0,111505.7,111269.9,111357.6,1683.487
1757473200000,111357.7,111545.0,111304.4,111372.7,1459.368
1757475000000,111372.7,111499.0,111363.2,111498.9,483.519
1757476800000,111498.9,111607.0,111351.9,111547.5,1041.712
1757478600000,111547.5,111574.4,111395.1,111482.1,884.955
1757480400000,111482.2,111592.3,111349.0,111560.1,1159.202
1757482200000,111560.1,111674.2,111316.8,111529.9,1518.455
1757484000000,111530.0,111762.8,111342.0,111706.2,1644.354
1757485800000,111706.2,111929.5,111633.6,111742.8,2903.42
1757487600000,111742.7,112250.0,111710.0,112183.5,2406.554
1757489400000,112183.6,112555.0,112026.6,112500.1,5216.65
1757491200000,112500.0,112832.0,112380.2,112632.5,7077.641
1757493000000,112632.5,112647.7,112280.0,112333.0,3667.582
1757494800000,112333.0,112395.0,112060.0,112276.7,2676.223
1757496600000,112276.8,112383.2,112170.0,112240.3,1252.312
1757498400000,112240.3,112388.0,112163.8,112366.0,1582.724
1757500200000,112366.1,112394.0,112228.7,112234.1,853.304
1757502000000,112234.1,112379.3,112213.7,112280.0,972.352
1757503800000,112279.9,112280.0,112106.5,112266.4,1284.536
1757505600000,112266.5,112688.0,112266.4,112541.2,5297.552
1757507400000,112541.1,113530.0,112517.7,113388.0,21860.899
1757509200000,113388.0,113794.4,113358.0,113634.2,9172.149
1757511000000,113634.1,114287.9,113343.7,113911.3,12140.621
1757512800000,113911.3,114236.9,113830.0,114033.1,6105.208
1757514600000,114033.2,114153.8,113754.9,113872.4,4060.044
1757516400000,113872.4,114067.2,113695.8,113820.0,3235.806
1757518200000,113820.1,113887.6,113648.1,113801.3,2154.421
1757520000000,113801.3,113888.5,113570.1,113638.2,3252.499
1757521800000,113638.2,113750.0,113532.8,113723.9,2444.902
1757523600000,113724.0,114046.8,113400.0,113436.9,4387.177
1757525400000,113437.0,113758.3,113366.2,113693.8,2173.963
1757527200000,113693.9,113858.9,113304.1,113357.1,2831.794
1757529000000,113357.1,113623.2,113310.7,113550.0,1990.593
1757530800000,113550.1,113581.2,113111.0,113190.5,2277.515
1757532600000,113190.6,113567.1,113138.6,113525.2,2273.041
1757534400000,113525.3,113889.6,113509.9,113684.9,3428.566
1757536200000,113684.9,113736.0,113500.0,113513.6,1005.243
1757538000000,113513.7,113769.2,113468.4,113646.5,864.478
1757539800000,113646.5,113796.6,113612.9,113782.8,832.457
1757541600000,113782.8,113942.8,113782.8,113885.6,1500.763
1757543400000,113885.6,113890.5,113645.4,113831.5,1394.779
1757545200000,113831.5,113971.0,113759.0,113759.0,980.292
1757547000000,113759.0,114005.0,113732.0,113896.8,2908.91
1757548800000,113896.8,113948.8,113735.2,113769.5,1585.916
1757550600000,113769.5,113860.0,113614.5,113833.5,977.819
1757552400000,113833.4,114142.4,113779.4,113921.6,1925.449
1757554200000,113921.7,114037.6,113782.0,113852.4,786.367
1757556000000,113852.3,113904.7,113685.0,113685.1,838.128
1757557800000,113685.0,113904.2,113663.7,113774.8,832.22
1757559600000,113774.8,114135.7,113774.7,114076.3,1254.528
1757561400000,114076.4,114433.2,113984.4,114354.4,2983.449
1757563200000,114354.4,114359.5,114075.5,114189.3,2157.105
1757565000000,114189.3,114196.9,114020.5,114102.9,1038.176
1757566800000,114103.0,114180.0,113912.5,114064.7,1162.62
1757568600000,114064.7,114290.0,114057.6,114215.1,1124.301
1757570400000,114215.2,114222.0,114017.7,114215.7,1158.123
1757572200000,114215.7,114419.9,114206.4,114279.6,1553.128
1757574000000,114279.6,114279.6,113900.0,114016.1,2267.729
1757575800000,114016.1,114184.2,113975.0,114040.0,1160.448
1757577600000,114040.1,114144.2,113917.1,114115.5,1568.276
1757579400000,114115.6,114161.0,113977.2,114005.6,673.748
1757581200000,114005.7,114037.5,113806.1,113926.6,2133.822
1757583000000,113926.6,113926.6,113722.2,113857.5,1907.995
1757584800000,113857.5,113971.6,113839.9,113934.6,1188.393
1757586600000,113934.6,114065.0,113904.3,114003.1,1055.0
1757588400000,114003.1,114063.1,113870.0,113870.0,1455.845
1757590200000,113870.1,113967.4,113850.0,113960.9,1078.792
1757592000000,113961.0,114450.0,113960.9,114343.9,5261.629
1757593800000,114343.9,114500.0,113451.0,113929.9,12667.087
1757595600000,113930.0,113971.3,113340.7,113663.4,7066.618
1757597400000,113663.4,114691.7,113627.1,114577.5,10041.814
1757599200000,114578.2,114630.0,113871.5,114099.9,5945.137
1757601000000,114099.9,114531.1,114043.3,114400.1,3266.038
1757602800000,114400.2,114646.8,114310.2,114344.9,2688.523
1757604600000,114345.0,114465.0,113926.4,114122.3,3147.239
1757606400000,114122.4,114412.6,114122.3,114303.9,1594.162
1757608200000,114304.0,114541.1,114304.0,114428.4,2112.789
1757610000000,114428.5,114519.7,114274.3,114403.1,1453.547
1757611800000,114403.1,114554.4,114400.1,114534.1,985.446
1757613600000,114534.1,114564.0,114008.5,114159.2,2728.398
1757615400000,114159.1,114274.9,114063.2,114254.5,975.383
1757617200000,114254.5,114365.9,114130.3,114284.9,1126.456
1757619000000,114284.9,114478.7,114284.9,114370.5,954.755
1757620800000,114370.4,114440.6,114198.4,114229.9,896.241
1757622600000,114229.9,114386.5,114195.0,114343.1,512.152
1757624400000,114343.1,114411.5,114336.2,114389.1,420.851
1757626200000,114389.2,114473.3,114389.1,114426.4,569.316
1757628000000,114426.4,115148.3,114375.3,114992.7,7201.055
1757629800000,114992.6,115218.9,114877.6,115037.3,3549.132
1757631600000,115037.3,115339.0,115031.9,115288.1,2281.53
1757633400000,115288.1,115439.0,115253.5,115427.0,1753.403
1757635200000,115427.0,115850.0,115357.6,115741.8,6812.19
1757637000000,115741.7,116280.0,115741.7,115795.1,7110.827
1757638800000,115795.1,115980.0,115638.3,115660.8,3485.946
1757640600000,115660.8,115684.1,115305.1,115329.5,4029.735
1757642400000,115329.5,115618.1,115290.6,115470.7,2317.812
1757644200000,115470.6,115599.3,115196.9,115332.5,3020.536
1757646000000,115332.4,115375.0,115103.1,115156.7,2154.135
1757647800000,115156.7,115291.3,114993.0,115138.3,2788.332
1757649600000,115138.3,115322.6,115024.3,115250.0,2224.039
1757651400000,115249.9,115452.8,115249.9,115314.5,2031.136
1757653200000,115314.5,115523.9,115266.0,115445.2,1610.581
1757655000000,115445.1,115613.0,115277.1,115559.6,2118.424
1757656800000,115559.6,115559.6,115288.0,115288.1,1127.851
1757658600000,115288.0,115330.9,115204.9,115270.5,1039.83
1757660400000,115270.5,115358.0,115160.2,115169.2,956.466
1757662200000,115169.3,115195.8,115039.1,115049.0,1290.457
1757664000000,115048.9,115243.5,114908.9,115143.0,3935.122
1757665800000,115142.9,115162.8,114959.0,115013.9,1441.573
1757667600000,115014.0,115090.0,114850.1,114900.0,1941.318
1757669400000,114900.0,115031.4,114833.8,115010.0,1666.373
1757671200000,115010.0,115045.9,114880.8,114955.4,989.322
1757673000000,114955.4,115000.0,114900.0,114928.4,726.154
1757674800000,114928.4,115107.6,114851.9,115080.1,1618.788
1757676600000,115080.0,115089.0,114850.0,114863.0,1066.829
1757678400000,114863.0,115161.5,114681.5,115083.9,4237.771
1757680200000,115083.9,115138.3,114866.8,115035.5,1666.09
1757682000000,115035.5,115035.5,114842.4,114892.7,1161.657
1757683800000,114892.8,115191.3,114771.9,115114.6,2523.291
1757685600000,115114.6,115445.9,115005.6,115163.8,4408.355
1757687400000,115163.7,115250.0,114818.7,115213.6,2401.247
1757689200000,115213.6,115246.8,114895.6,114945.4,1342.149
1757691000000,114945.4,115196.2,114880.0,115064.9,1086.844
1757692800000,115064.8,115328.8,114989.9,115318.1,1879.647
1757694600000,115318.0,115469.7,115201.8,115435.0,1809.849
1757696400000,115435.0,115879.1,115335.5,115787.4,3774.62
1757698200000,115787.4,115875.7,115624.0,115746.4,3060.98
1757700000000,115746.5,116155.3,115697.7,116135.8,4097.182
1757701800000,116135.8,116444.0,116135.7,116423.9,5442.444
1757703600000,116423.9,116479.5,116180.0,116457.1,3410.599
1757705400000,116457.1,116605.7,116339.2,116561.1,4473.837
1757707200000,116561.0,116561.0,115907.8,115970.5,4238.201
1757709000000,115970.5,116307.6,115970.5,116088.3,1880.427
1757710800000,116088.3,116094.1,115852.3,115917.2,2109.33
1757712600000,115917.2,115917.2,115701.4,115810.5,1217.243
1757714400000,115810.5,116298.0,115810.5,116081.5,2043.446
1757716200000,116081.4,116105.9,115846.2,115972.9,1094.209
1757718000000,115973.0,116077.7,115872.3,116032.8,1274.017
1757719800000,116032.9,116110.7,115961.7,115978.4,876.507
1757721600000,115978.4,116077.6,115911.0,116012.4,1416.527
1757723400000,116012.5,116245.4,116001.2,116155.1,1459.701
1757725200000,116155.0,116222.0,115947.6,115947.6,1137.645
1757727000000,115947.7,116009.9,115500.1,115703.2,3452.082
1757728800000,115703.1,115940.0,115625.8,115921.5,1434.43
1757730600000,115921.4,115921.4,115792.1,115832.1,419.166
1757732400000,115832.2,115966.7,115820.7,115837.6,654.796
1757734200000,115837.6,115947.8,115789.2,115913.6,893.347
1757736000000,115913.6,115913.6,115704.0,115704.1,639.513
1757737800000,115704.0,115805.3,115635.0,115650.1,860.517
1757739600000,115650.0,115818.0,115642.5,115740.7,894.615
1757741400000,115740.8,115760.6,115600.0,115656.7,1038.745
1757743200000,115656.7,115754.0,115594.9,115638.8,941.48
1757745000000,115638.9,115714.0,115608.0,115695.7,620.875
1757746800000,115695.7,115810.0,115650.0,115766.9,850.559
1757748600000,115766.9,115802.0,115715.5,115715.5,732.568
1757750400000,115715.5,115810.9,115715.5,115810.8,664.778
1757752200000,115810.9,116011.0,115808.4,115913.3,1179.424
1757754000000,115913.3,115966.4,115812.0,115812.1,1051.708
1757755800000,115812.0,115988.2,115811.0,115969.7,807.431
1757757600000,115969.7,116126.0,115898.0,115964.6,1181.041
1757759400000,115964.6,116029.5,115849.9,115882.7,994.486
1757761200000,115882.7,115895.0,115824.4,115854.9,508.796
1757763000000,115854.9,115956.1,115854.9,115912.9,509.963
1757764800000,115913.0,115913.0,115800.1,115822.6,570.145
1757766600000,115822.6,116013.7,115822.6,115947.5,690.92
1757768400000,115947.5,115947.5,115846.1,115906.9,466.56
1757770200000,115906.9,115907.0,115566.0,115706.4,1693.07
1757772000000,115706.4,115906.8,115546.1,115850.0,2529.089
1757773800000,115850.0,115879.5,115738.8,115750.0,946.476
1757775600000,115750.1,115885.3,115700.0,115774.7,594.726
1757777400000,115774.8,115787.3,115555.0,115721.3,1612.404
1757779200000,115721.4,115780.3,115400.0,115500.1,2866.525
1757781000000,115500.1,115544.3,115032.0,115286.6,5333.049
1757782800000,115286.6,115405.4,115127.2,115337.4,2211.786
1757784600000,115337.3,115544.0,115336.7,115518.7,1385.045
1757786400000,115518.8,115627.7,115373.1,115596.8,947.101
1757788200000,115596.7,115596.8,115446.9,115594.0,613.543
1757790000000,115593.9,115626.2,115519.6,115600.7,683.734
1757791800000,115600.7,115763.1,115600.7,115751.4,963.311
1757793600000,115751.4,115946.4,115745.6,115848.4,1384.766
1757795400000,115848.4,115898.9,115790.9,115837.2,450.718
1757797200000,115837.2,115928.9,115799.6,115908.4,479.023
1757799000000,115908.5,115908.5,115791.2,115849.7,390.081
1757800800000,115849.8,115888.6,115787.0,115787.5,324.625
1757802600000,115787.6,115847.3,115758.4,115828.2,316.117
1757804400000,115828.3,115944.0,115820.0,115845.0,448.718
1757806200000,115844.9,115886.2,115813.0,115862.7,283.865
1757808000000,115862.7,115960.3,115850.5,115936.8,878.366
1757809800000,115936.9,115949.8,115765.0,115884.4,655.295
1757811600000,115884.4,115884.5,115683.1,115776.9,1094.862
1757813400000,115777.0,115950.0,115737.6,115907.4,891.514
1757815200000,115907.3,116075.8,115888.0,115952.5,1246.959
1757817000000,115952.5,115952.5,115692.3,115809.8,843.338
1757818800000,115809.7,115819.4,115580.0,115682.7,1585.827
1757820600000,115682.6,115719.2,115583.8,115626.0,480.973
1757822400000,115626.0,115677.2,115406.1,115677.2,1529.785
1757824200000,115677.1,115723.9,115659.4,115693.2,374.626
1757826000000,115693.2,115745.3,115680.0,115740.3,377.527
1757827800000,115740.3,115867.5,115740.2,115810.1,740.975
1757829600000,115810.0,115884.1,115685.6,115709.4,496.731
1757831400000,115709.5,115750.0,115634.8,115684.1,397.835
1757833200000,115684.0,115728.6,115671.5,115728.6,276.81
1757835000000,115728.5,115778.4,115693.1,115746.0,547.163
1757836800000,115746.1,115826.8,115700.3,115826.0,480.79
1757838600000,115826.1,115938.7,115826.0,115887.4,702.716
1757840400000,115887.3,115995.0,115838.9,115961.5,808.012
1757842200000,115961.5,116118.6,115961.5,115996.2,1684.635
1757844000000,115996.2,116091.4,115906.5,115906.5,1033.796
1757845800000,115906.5,115994.0,115904.6,115979.5,384.033
1757847600000,115979.5,116057.7,115805.3,115805.3,740.707
1757849400000,115805.4,115831.5,115701.1,115750.0,1674.58
1757851200000,115750.0,115828.1,115720.0,115761.1,816.541
1757853000000,115761.2,115770.2,115607.9,115727.2,1050.658
1757854800000,115727.2,115736.8,115357.4,115481.1,2046.774
1757856600000,115481.1,115481.1,115151.3,115279.5,4807.881
1757858400000,115279.6,115651.0,115261.6,115411.2,2624.254
1757860200000,115411.2,115462.3,115100.5,115350.8,2322.165
1757862000000,115350.8,115374.4,115132.4,115239.0,1345.708
1757863800000,115239.0,115312.7,115140.1,115162.2,983.529
1757865600000,115162.2,115454.2,115132.4,115454.1,1347.349
1757867400000,115454.1,115499.0,115364.0,115422.7,687.839
1757869200000,115422.7,115600.0,115352.7,115585.4,855.155
1757871000000,115585.4,115605.5,115500.0,115502.9,944.118
1757872800000,115502.9,115503.0,115394.6,115412.2,406.81
1757874600000,115412.1,115434.7,115313.2,115333.1,469.55
1757876400000,115333.2,115445.2,115275.5,115445.2,670.572
1757878200000,115445.2,115597.4,115445.1,115597.4,565.149
1757880000000,115597.3,115727.8,115588.6,115629.4,656.009
1757881800000,115629.4,115816.9,115623.5,115745.0,822.474
1757883600000,115745.1,115861.0,115556.1,115846.0,925.438
1757885400000,115846.0,116050.0,115812.7,116023.3,2128.487
1757887200000,116023.3,116038.0,115753.1,115848.9,1004.143
1757889000000,115848.9,116041.1,115774.4,115957.0,1675.909
1757890800000,115956.9,115957.0,115316.2,115324.6,3015.216
1757892600000,115324.6,115347.1,115057.0,115210.0,2988.407
1757894400000,115210.0,115214.8,114888.1,115162.6,3658.271
1757896200000,115162.6,115166.0,114955.2,115023.4,1184.542
1757898000000,115023.4,115158.4,114777.0,115113.1,3051.412
1757899800000,115113.1,115232.8,115050.0,115178.3,1504.024
1757901600000,115178.4,115392.5,115157.3,115329.1,1935.792
1757903400000,115329.0,115390.0,115228.4,115318.6,627.074
1757905200000,115318.5,115536.0,115300.0,115386.0,1015.852
1757907000000,115386.1,115487.7,115323.9,115387.6,599.502
1757908800000,115387.7,116150.1,115341.8,115914.4,5899.282
1757910600000,115914.4,116116.2,115851.5,116006.5,2030.017
1757912400000,116006.5,116369.9,115960.0,116265.7,3324.228
1757914200000,116265.7,116547.9,116202.1,116474.2,2815.815
1757916000000,116474.2,116759.9,116360.0,116360.1,4123.096
1757917800000,116360.1,116397.6,116000.1,116077.8,3020.001
1757919600000,116077.7,116362.9,116000.2,116013.7,1949.511
1757921400000,116013.7,116013.7,115554.0,115769.5,4301.741
1757923200000,115769.6,115769.6,115364.4,115616.8,4975.4
1757925000000,115616.8,115625.4,114650.0,114697.0,7683.489
1757926800000,114697.0,115141.9,114588.0,115038.5,6911.622
1757928600000,115038.6,115055.0,114789.8,114820.1,2547.499
1757930400000,114820.1,114908.9,114700.0,114737.5,2214.05
1757932200000,114737.5,114856.2,114700.0,114729.1,1494.001
1757934000000,114729.1,115035.3,114691.6,114863.3,2203.671
1757935800000,114863.4,115167.7,114826.5,115009.0,2209.811
1757937600000,115009.0,115034.5,114740.7,114752.2,1481.636
1757939400000,114752.3,114852.3,114621.3,114686.7,1723.482
1757941200000,114686.7,115017.9,114560.2,114984.9,2613.695
1757943000000,114985.0,115045.5,114338.5,114610.7,9231.961
1757944800000,114610.7,114984.9,114400.0,114960.7,3125.785
1757946600000,114960.8,114968.3,114618.3,114618.3,1696.32
1757948400000,114618.3,114697.0,114340.0,114626.6,3239.163
1757950200000,114626.7,114869.3,114402.6,114788.4,2769.867
1757952000000,114788.1,114878.2,114600.0,114628.8,1429.343
1757953800000,114628.9,114886.5,114542.6,114618.9,1240.342
1757955600000,114618.9,114874.4,114550.2,114679.5,1287.865
1757957400000,114679.5,115086.6,114651.0,115075.9,1423.448
1757959200000,115075.9,115179.0,114848.4,114878.5,1481.726
1757961000000,114878.5,115306.8,114843.0,115252.7,1611.026
1757962800000,115252.7,115475.9,114996.6,115044.5,3467.253
1757964600000,115044.4,115528.8,114901.7,115246.7,2347.382
1757966400000,115246.7,115444.1,115209.8,115223.9,1221.71
1757968200000,115223.8,115331.0,115141.4,115331.0,878.892
1757970000000,115331.1,115416.1,115224.1,115382.3,657.376
1757971800000,115382.3,115478.9,115335.6,115456.6,499.291
1757973600000,115456.6,115550.0,115204.2,115382.4,1084.77
1757975400000,115382.4,115390.0,115160.0,115224.1,610.336
1757977200000,115224.0,115425.0,115171.0,115416.9,671.497
1757979000000,115416.9,115422.0,115251.2,115300.6,837.41
1757980800000,115300.5,115300.6,114958.9,114975.9,1430.269
1757982600000,114975.9,115150.0,114890.0,115033.5,1098.429
1757984400000,115033.6,115490.8,115033.6,115365.0,1258.844
1757986200000,115365.1,115446.7,114950.0,114964.4,1364.1
1757988000000,114964.4,115187.6,114964.4,115107.6,754.716
1757989800000,115107.5,115170.4,114969.9,114969.9,593.732
1757991600000,114969.9,115138.1,114969.9,115136.0,616.388
1757993400000,115136.0,115380.1,115135.9,115250.9,1158.128
1757995200000,115250.8,115370.8,114867.0,115252.0,2536.906
1757997000000,115252.0,115512.0,115172.1,115458.3,1984.284
1757998800000,115458.4,115854.9,115397.6,115681.8,4269.764
1758000600000,115681.9,115912.2,115637.7,115893.3,2921.214
1758002400000,115893.2,115968.0,115609.0,115677.1,2842.275
1758004200000,115677.1,115798.2,115547.1,115724.0,2041.203
1758006000000,115724.1,115854.5,115692.3,115788.4,1190.923
1758007800000,115788.4,115823.0,115666.0,115799.4,745.704
1758009600000,115799.4,115945.0,115700.0,115701.2,1489.889
1758011400000,115701.2,115712.2,115465.8,115616.4,2090.128
1758013200000,115616.4,115668.5,115538.4,115538.4,663.886
1758015000000,115538.5,115571.9,115374.0,115420.5,906.774
1758016800000,115420.6,115552.6,115333.3,115465.6,1213.529
1758018600000,115465.7,115508.1,115311.4,115318.5,771.799
1758020400000,115318.4,115340.0,115151.0,115285.7,1846.085
1758022200000,115285.6,115384.6,115222.0,115222.2,921.839
1758024000000,115222.1,115395.9,115222.1,115284.1,1075.033
1758025800000,115284.0,115421.4,115258.8,115393.1,1100.128
1758027600000,115393.2,115511.0,115199.9,115407.2,1701.638
1758029400000,115407.1,115463.5,114600.0,115154.6,7791.029
1758031200000,115154.5,115246.6,114769.2,114957.8,5579.988
1758033000000,114957.9,115268.6,114865.0,115231.1,1832.071
1758034800000,115231.1,115231.1,114975.4,115068.5,1202.132
1758036600000,115068.5,115878.2,115068.5,115877.9,4276.977
1758038400000,115877.9,115990.0,115549.9,115819.9,4254.677
1758040200000,115819.9,116050.0,115742.1,116021.0,1590.476
1758042000000,116021.0,116750.0,116010.0,116704.0,8635.056
1758043800000,116704.0,116830.0,116288.0,116414.8,5574.671
1758045600000,116414.7,116733.7,116378.8,116426.0,2921.241
1758047400000,116426.0,116454.7,116166.3,116372.6,1797.221
1758049200000,116372.5,116542.8,116340.3,116430.0,1372.111
1758051000000,116430.0,116779.9,116360.0,116758.0,2282.04
1758052800000,116757.1,116879.7,116655.4,116674.8,1863.606
1758054600000,116674.9,116838.3,116674.8,116783.7,863.545
1758056400000,116783.8,116888.0,116543.7,116559.9,1619.063
1758058200000,116559.9,116806.0,116559.9,116757.1,743.122
1758060000000,116757.1,116910.8,116757.1,116802.9,1524.801
1758061800000,116803.0,116835.2,116643.3,116802.8,1049.331
1758063600000,116802.8,116866.6,116660.2,116684.5,1076.496
1758065400000,116684.5,116800.0,116565.8,116747.3,1008.923
1758067200000,116747.3,116786.6,116561.6,116628.3,1147.695
1758069000000,116628.4,116651.7,116501.0,116512.9,1071.714
1758070800000,116512.9,116720.0,116450.0,116674.3,1393.418
1758072600000,116674.3,116674.4,116480.0,116621.9,661.025
1758074400000,116622.0,116715.8,116504.2,116709.9,959.567
1758076200000,116710.0,117081.9,116633.1,116633.2,2825.34
1758078000000,116633.1,116714.0,116408.7,116475.5,2104.296
1758079800000,116475.5,116523.8,116317.0,116320.1,1558.782
1758081600000,116320.2,116433.3,116245.8,116269.2,1214.661
1758083400000,116269.2,116344.8,116107.2,116264.8,2075.77
1758085200000,116264.8,116630.0,116264.7,116504.3,2254.573
1758087000000,116504.2,117200.0,116504.2,117070.5,6714.049
1758088800000,117070.4,117184.8,116943.5,117000.1,2773.325
1758090600000,117000.0,117266.4,116930.0,117180.4,1978.452
1758092400000,117180.3,117233.5,117072.9,117183.1,1643.539
1758094200000,117183.1,117217.5,117108.1,117120.5,1249.356
1758096000000,117120.5,117156.6,116858.8,116858.8,1777.854
1758097800000,116858.8,116858.9,116639.4,116801.0,3564.333
1758099600000,116801.0,116801.0,116573.5,116704.8,1348.228
1758101400000,116704.8,116749.4,116502.3,116503.9,1268.247
1758103200000,116503.9,116563.3,116346.6,116346.6,1620.069
1758105000000,116346.7,116417.7,116212.1,116317.5,1707.373
1758106800000,116317.5,116332.9,116202.6,116265.9,1762.656
1758108600000,116265.9,116310.0,116197.0,116200.1,1699.138
1758110400000,116200.1,116345.4,116150.0,116312.8,2090.246
1758112200000,116312.7,116493.0,116034.0,116150.0,3461.056
1758114000000,116150.1,116287.8,116030.0,116200.0,2293.253
1758115800000,116199.9,116255.4,115847.7,116066.9,4609.845
1758117600000,116067.1,116207.3,115555.0,115610.3,4862.721
1758119400000,115610.3,115699.1,115340.0,115557.6,6205.481
1758121200000,115557.5,115744.5,115483.4,115590.1,2162.721
1758123000000,115590.1,115837.6,115590.0,115825.1,2248.75
1758124800000,115825.1,115825.1,115480.0,115647.0,1982.068
1758126600000,115647.1,115658.0,115325.5,115594.5,3509.185
1758128400000,115594.4,115762.9,115525.1,115631.7,2059.961
1758130200000,115631.7,116251.0,115400.0,115464.0,6805.819
1758132000000,115476.9,116316.0,114820.0,115920.0,22696.467
1758133800000,115920.0,115920.1,114623.3,115184.1,13020.988
1758135600000,115184.1,115950.0,115026.7,115692.7,9286.701
1758137400000,115692.7,115780.8,115525.2,115587.6,2224.253
1758139200000,115587.5,116084.1,115551.0,115754.3,2903.131
1758141000000,115754.3,115847.6,115430.9,115561.5,1490.404
1758142800000,115561.5,115852.3,115257.1,115740.2,2005.922
1758144600000,115740.2,116077.7,115700.0,115986.8,1106.932
1758146400000,115986.8,116310.7,115974.6,116162.5,2665.055
1758148200000,116162.4,116772.0,116132.0,116507.9,5058.145
1758150000000,116508.0,116940.0,116450.0,116504.0,4921.116
1758151800000,116504.0,116615.2,116253.5,116402.5,2081.39
1758153600000,116402.6,116431.6,116033.5,116133.3,2780.133
1758155400000,116133.3,116410.7,116133.1,116291.8,1439.782
1758157200000,116291.9,116622.0,116281.7,116509.1,1648.823
1758159000000,116509.1,116830.6,116390.3,116587.2,2517.249
1758160800000,116587.2,116664.1,116376.0,116442.1,1722.937
1758162600000,116442.1,116907.1,116440.6,116888.4,1688.394
1758164400000,116888.4,117773.9,116838.4,117712.9,12957.847
1758166200000,117712.8,117865.9,117468.0,117531.2,5589.43
1758168000000,117531.3,117713.5,117297.0,117330.1,3609.658
1758169800000,117330.2,117567.4,117169.2,117567.3,3053.186
1758171600000,117567.3,117567.4,117180.0,117204.0,1497.48
1758173400000,117204.1,117280.3,117136.0,117228.0,1318.59
1758175200000,117228.1,117289.1,116858.0,116907.0,3536.24
1758177000000,116906.9,117069.9,116834.5,117044.8,1759.051
1758178800000,117044.8,117165.5,117005.0,117037.7,1422.68
1758180600000,117037.8,117153.8,117000.0,117033.6,1154.038
1758182400000,117033.7,117381.9,116960.3,117266.2,2360.12
1758184200000,117266.2,117314.1,117023.6,117187.1,1072.109
1758186000000,117187.1,117309.9,117084.8,117202.5,1055.438
1758187800000,117202.4,117280.0,117065.0,117251.4,1129.079
1758189600000,117251.4,117260.4,117078.0,117078.0,980.37
1758191400000,117078.1,117143.6,117025.8,117143.4,972.389
1758193200000,117143.5,117263.9,117073.0,117191.5,1444.901
1758195000000,117191.5,117219.1,116955.0,117015.0,1043.398
1758196800000,117015.0,117239.8,116920.1,117191.4,2009.869
1758198600000,117191.4,117221.7,117002.2,117074.0,1226.755
1758200400000,117074.0,117417.0,117002.1,117378.9,1849.678
1758202200000,117378.8,117600.0,116913.9,117381.5,4988.15
1758204000000,117381.5,117789.9,117340.2,117638.9,4615.647
1758205800000,117638.9,117766.8,117549.9,117575.1,2575.17
1758207600000,117575.1,117625.0,117261.0,117279.9,2485.865
1758209400000,117280.0,117656.0,117280.0,117530.3,2346.435
1758211200000,117530.2,117750.0,117444.0,117653.4,1783.101
1758213000000,117653.5,117735.3,117482.4,117510.6,1366.742
1758214800000,117510.6,117729.6,117441.9,117497.4,1634.493
1758216600000,117497.4,117590.2,117365.0,117530.2,872.855
1758218400000,117530.2,117875.2,117450.0,117745.2,2246.718
1758220200000,117745.3,117830.0,117635.0,117760.0,1111.906
1758222000000,117760.0,117760.1,117400.0,117401.8,1257.701
1758223800000,117401.8,117448.0,117133.0,117403.0,2183.504
1758225600000,117402.9,117467.4,117279.8,117440.9,912.181
1758227400000,117441.0,117605.8,117441.0,117454.8,886.392
1758229200000,117454.8,117454.8,117259.9,117384.7,671.46
1758231000000,117384.7,117417.0,117233.0,117233.0,390.003
1758232800000,117233.1,117251.4,117140.0,117203.2,993.582
1758234600000,117203.1,117275.7,116961.1,116995.0,2825.741
1758236400000,116995.0,116995.0,116489.7,116766.0,6383.136
1758238200000,116766.0,117125.0,116765.9,117017.1,1845.311
1758240000000,117017.1,117280.2,116960.8,117173.5,1964.441
1758241800000,117173.5,117375.1,117158.2,117359.9,1234.311
1758243600000,117360.0,117406.8,117157.7,117290.3,1174.653
1758245400000,117290.3,117337.2,117054.1,117184.0,1175.843
1758247200000,117184.0,117234.5,116990.8,117057.0,868.158
1758249000000,117057.0,117174.9,117000.0,117054.8,843.274
1758250800000,117054.9,117237.0,117010.7,117030.1,758.894
1758252600000,117030.1,117038.2,116800.0,116914.2,2249.636
1758254400000,116914.1,116978.1,116631.6,116932.7,3033.946
1758256200000,116932.7,117049.9,116861.6,116929.4,1224.219
1758258000000,116929.4,116966.7,116762.0,116798.6,1008.986
1758259800000,116798.6,116870.2,116725.0,116837.5,644.837
1758261600000,116837.6,116837.6,116700.1,116734.9,1171.357
1758263400000,116734.9,116764.4,116567.3,116633.2,2458.049
1758265200000,116633.2,116837.0,116625.1,116806.6,2070.195
1758267000000,116806.7,116943.9,116780.0,116850.1,1250.916
1758268800000,116850.0,117050.6,116818.9,117033.3,1597.184
1758270600000,117033.2,117037.8,116841.4,116862.6,748.327
1758272400000,116862.6,116936.1,116729.9,116765.3,1081.345
1758274200000,116765.4,116843.9,116425.0,116437.7,3544.223
1758276000000,116437.7,116500.0,116368.0,116433.8,2475.377
1758277800000,116433.9,116491.9,116386.6,116476.7,1228.69
1758279600000,116476.7,116501.5,116311.0,116313.0,1529.091
1758281400000,116312.9,116360.1,116250.7,116343.1,1793.358
1758283200000,116343.3,116488.0,116131.2,116175.1,2525.184
1758285000000,116175.0,116234.0,116072.0,116124.1,2457.26
1758286800000,116124.1,116318.9,116017.1,116164.3,2643.917
1758288600000,116164.2,116416.4,116050.0,116238.7,2875.889
1758290400000,116238.6,116447.3,116157.1,116209.1,1827.923
1758292200000,116209.1,116303.8,115730.0,115849.7,5409.639
1758294000000,115849.7,115849.8,115408.4,115744.5,6947.822
1758295800000,115744.4,115900.0,115584.0,115826.9,2608.495
1758297600000,115826.9,115998.6,115735.7,115916.0,2824.815
1758299400000,115916.0,116093.0,115791.6,116029.9,1526.89
1758301200000,116030.0,116035.8,115662.4,115739.2,1423.148
1758303000000,115739.2,115739.2,115490.9,115490.9,1656.329
1758304800000,115490.9,115553.6,115333.0,115380.0,2161.789
1758306600000,115380.0,115596.0,115322.0,115365.7,2084.368
1758308400000,115365.7,115433.1,115230.0,115305.1,2369.43
1758310200000,115305.1,115354.9,115057.0,115082.4,2471.502
1758312000000,115082.4,115380.0,115049.9,115346.9,1788.406
1758313800000,115346.8,115393.6,115230.7,115306.6,1149.349
1758315600000,115306.5,115410.9,115255.3,115369.6,972.889
1758317400000,115369.6,115493.7,115369.6,115411.5,659.274
1758319200000,115411.4,115567.8,115411.4,115530.1,836.975
1758321000000,115530.1,115596.5,115520.7,115550.5,591.593
1758322800000,115550.5,115550.5,115394.5,115406.3,606.666
1758324600000,115406.4,115600.0,115394.5,115569.5,602.787
1758326400000,115569.6,115603.4,115484.9,115499.3,987.83
1758328200000,115499.3,115670.0,115499.2,115656.4,592.913
1758330000000,115656.3,115660.4,115550.2,115637.4,699.36
1758331800000,115637.4,115650.0,115562.6,115562.6,544.14
1758333600000,115562.6,115562.7,115371.0,115474.6,901.173
1758335400000,115474.6,115555.3,115437.6,115544.4,328.833
1758337200000,115544.4,115545.5,115406.1,115454.2,360.637
1758339000000,115454.1,115454.8,115355.0,115394.2,370.74
1758340800000,115394.3,115448.2,115371.6,115401.1,367.017
1758342600000,115401.1,115526.6,115343.0,115511.9,616.41
1758344400000,115511.9,115556.1,115459.6,115556.1,535.651
1758346200000,115556.0,115655.3,115556.0,115655.3,606.588
1758348000000,115655.3,115655.3,115571.1,115623.3,549.225
1758349800000,115623.4,115666.1,115616.5,115643.4,371.267
1758351600000,115643.4,115685.5,115624.2,115685.4,818.434
1758353400000,115685.4,115933.4,115672.9,115909.8,2393.953
1758355200000,115909.9,115914.4,115761.3,115761.3,840.258
1758357000000,115761.4,115830.9,115637.5,115645.0,985.947
1758358800000,115645.1,115743.1,115638.8,115695.6,692.836
1758360600000,115695.6,115695.6,115605.6,115605.7,748.573
1758362400000,115605.7,115733.8,115605.6,115675.1,778.08
1758364200000,115675.1,115739.3,115660.4,115688.4,294.663
1758366000000,115688.4,115800.0,115688.4,115715.7,919.981
1758367800000,115715.6,115857.9,115715.6,115834.9,868.69
1758369600000,115834.9,115900.0,115763.3,115763.8,973.168
1758371400000,115763.8,115820.3,115750.6,115820.2,363.668
1758373200000,115820.2,115861.4,115793.5,115852.1,315.636
1758375000000,115852.2,115897.0,115825.2,115859.0,598.567
1758376800000,115859.0,115888.0,115820.1,115837.9,617.34
1758378600000,115837.9,115975.0,115837.9,115899.1,1151.482
1758380400000,115899.2,116055.1,115899.1,116046.6,1594.356
1758382200000,116046.6,116059.2,115881.3,115928.5,913.613
1758384000000,115928.4,115987.0,115807.0,115889.7,972.958
1758385800000,115889.8,116000.0,115889.7,115965.8,489.191
1758387600000,115965.8,116017.9,115760.0,115791.4,937.276
1758389400000,115791.5,115828.1,115756.6,115760.0,519.681
1758391200000,115760.0,115760.0,115637.3,115734.9,738.991
1758393000000,115734.9,115734.9,115640.9,115654.2,459.895
1758394800000,115654.3,115743.2,115642.9,115713.3,534.291
1758396600000,115713.3,115724.5,115636.6,115636.6,349.173
1758398400000,115636.6,115695.1,115625.7,115695.0,459.312
1758400200000,115695.0,115724.2,115653.5,115653.6,319.763
1758402000000,115653.5,115806.9,115653.5,115806.9,348.035
1758403800000,115806.9,115887.6,115696.4,115724.2,541.031
1758405600000,115724.2,115740.5,115696.0,115697.9,465.292
1758407400000,115697.9,115717.6,115679.9,115703.2,328.743
1758409200000,115703.1,115703.2,115657.1,115662.2,335.429
1758411000000,115662.1,115662.2,115549.9,115624.9,855.588
1758412800000,115625.0,115671.2,115532.6,115535.7,693.689
1758414600000,115535.7,115622.4,115483.1,115587.3,768.477
1758416400000,115587.3,115587.4,115500.0,115500.1,368.589
1758418200000,115500.1,115512.6,115435.0,115435.1,541.739
1758420000000,115435.1,115527.5,115388.0,115459.4,934.664
1758421800000,115459.4,115650.0,115459.3,115635.6,597.138
1758423600000,115635.7,115662.1,115560.7,115600.7,598.845
1758425400000,115600.7,115616.6,115567.2,115613.8,327.505
1758427200000,115613.8,115614.9,115520.0,115520.0,334.261
1758429000000,115520.0,115522.0,115440.0,115440.1,462.151
1758430800000,115440.0,115510.5,115430.2,115481.8,632.238
1758432600000,115481.9,115623.9,115470.1,115623.9,541.4
1758434400000,115623.9,115744.0,115623.8,115733.2,797.249
1758436200000,115733.1,115733.2,115633.3,115633.3,437.413
1758438000000,115633.3,115649.7,115556.7,115556.8,496.643
1758439800000,115556.7,115772.9,115556.7,115772.9,1155.364
1758441600000,115772.8,115778.0,115544.3,115544.3,581.5
1758443400000,115544.3,115596.8,115509.5,115583.2,768.957
1758445200000,115583.1,115588.3,115390.0,115419.9,981.986
1758447000000,115419.8,115660.1,115277.0,115626.2,2180.639
1758448800000,115626.1,115666.0,115546.0,115576.7,620.945
1758450600000,115576.7,115576.8,115445.0,115465.1,493.361
1758452400000,115465.1,115634.5,115459.0,115616.3,575.902
1758454200000,115616.3,115654.1,115555.0,115559.3,391.427
1758456000000,115559.3,115702.2,115559.3,115666.0,550.494
1758457800000,115666.1,115703.9,115623.8,115623.8,445.08
1758459600000,115623.9,115680.0,115618.2,115667.0,393.682
1758461400000,115666.9,115696.3,115583.3,115611.0,458.414
1758463200000,115611.0,115636.1,115505.0,115526.2,457.013
1758465000000,115526.3,115638.7,115436.1,115446.4,1089.524
1758466800000,115446.3,115524.0,115435.9,115435.9,425.087
1758468600000,115435.9,115557.0,115413.0,115471.1,617.064
1758470400000,115471.0,115500.6,115318.7,115358.4,850.395
1758472200000,115358.3,115358.4,115158.0,115270.8,1963.333
1758474000000,115270.8,115449.8,115206.0,115356.1,1068.626
1758475800000,115356.1,115596.0,115311.5,115581.3,803.63
1758477600000,115581.3,115620.0,115482.5,115482.6,625.461
1758479400000,115482.5,115542.2,115469.6,115481.6,409.042
1758481200000,115481.6,115481.6,115267.5,115471.4,812.362
1758483000000,115471.3,115471.4,115395.9,115441.0,207.759
1758484800000,115441.0,115458.2,115309.3,115458.1,354.217
1758486600000,115458.1,115458.2,115256.2,115256.3,396.235
1758488400000,115256.2,115281.6,115181.7,115197.8,524.839
1758490200000,115197.8,115383.9,115197.7,115364.0,441.17
1758492000000,115363.9,115437.5,115137.6,115268.3,1192.193
1758493800000,115268.4,115510.7,115220.6,115485.6,731.061
1758495600000,115485.6,115485.7,115150.8,115261.3,1092.224
1758497400000,115261.3,115293.0,115171.0,115183.9,602.444
1758499200000,115183.9,115344.6,115083.7,115129.5,1533.255
1758501000000,115129.4,115129.4,114122.0,114335.9,14367.472
1758502800000,114335.8,114629.4,114226.7,114593.7,4560.275
1758504600000,114593.7,114700.0,114178.0,114211.8,3486.282
1758506400000,114211.9,114563.4,114205.5,114460.3,3920.793
1758508200000,114460.4,114460.4,114050.0,114126.0,3094.937
1758510000000,114126.1,114403.8,114126.0,114403.8,1515.226
1758511800000,114403.8,114602.9,114270.0,114602.9,1739.03
1758513600000,114602.9,114604.9,114342.5,114445.5,1285.736
1758515400000,114445.5,114518.3,114342.8,114380.1,1341.284
1758517200000,114380.1,114499.4,114300.0,114478.5,1060.21
1758519000000,114478.6,114478.6,113588.0,113635.6,3253.477
1758520800000,113615.0,113636.5,111469.2,112752.0,32177.747
1758522600000,112752.0,113000.0,112619.1,112748.8,4323.914
1758524400000,112748.8,112837.3,112523.6,112730.0,3494.462
1758526200000,112730.0,112948.8,112391.5,112454.4,7033.856
1758528000000,112454.5,112698.1,112377.0,112566.2,2846.678
1758529800000,112566.2,112724.5,112486.4,112568.3,1333.692
1758531600000,112568.2,112616.5,112267.8,112340.0,2013.835
1758533400000,112340.1,112430.0,112119.0,112288.6,3238.761
1758535200000,112288.7,112627.5,112203.2,112500.0,2207.76
1758537000000,112500.1,112800.0,112319.4,112732.6,1701.394
1758538800000,112732.5,112927.0,112721.8,112725.4,1683.67
1758540600000,112725.3,112841.8,112617.0,112814.1,1243.816
1758542400000,112814.0,112814.1,112488.6,112522.6,1910.536
1758544200000,112522.6,112778.8,112458.4,112682.1,1390.109
1758546000000,112682.2,112915.0,112615.3,112884.2,1778.152
1758547800000,112884.2,113100.0,112333.0,113087.1,3838.098
1758549600000,113087.1,113399.6,113000.0,113337.3,8482.945
1758551400000,113337.2,113413.5,112707.8,112892.0,4019.035
1758553200000,112892.1,112986.0,112536.2,112622.3,2676.101
1758555000000,112622.4,112865.2,112524.3,112768.7,2052.916
1758556800000,112768.7,112839.0,112605.5,112695.1,1575.218
1758558600000,112695.0,112785.2,112533.3,112558.3,1002.221
1758560400000,112558.3,112576.8,112200.0,112350.1,2771.203
1758562200000,112350.0,112514.8,112279.6,112350.0,1455.748
1758564000000,112350.0,112688.6,112300.0,112618.4,1751.906
1758565800000,112618.4,112776.1,112354.5,112385.6,1426.024
1758567600000,112385.6,112549.6,112370.2,112408.2,1046.835
1758569400000,112408.3,112421.7,111866.3,112072.9,6101.329
1758571200000,112072.8,112251.5,111924.6,112237.0,1728.93
1758573000000,112236.9,112942.4,112236.9,112732.1,3724.891
1758574800000,112731.9,112819.2,112543.2,112645.5,1290.448
1758576600000,112645.5,112923.0,112640.1,112922.9,1120.964
1758578400000,112922.9,112923.0,112595.0,112595.1,1420.016
1758580200000,112595.0,112644.5,112533.3,112584.1,825.607
1758582000000,112584.2,112668.9,112533.6,112573.8,725.954
1758583800000,112573.8,112699.9,112540.0,112604.7,888.82
1758585600000,112604.7,112808.4,112442.1,112698.8,1891.612
1758587400000,112698.8,112719.8,112330.0,112347.2,1287.537
1758589200000,112347.1,112474.0,112260.0,112454.9,1287.621
1758591000000,112454.9,112462.1,112090.6,112115.2,1321.692
1758592800000,112115.3,112450.0,111965.5,111967.3,2432.262
1758594600000,111967.3,112083.2,111591.6,111760.4,4209.298
1758596400000,111760.5,112369.9,111405.1,112263.6,5980.08
1758598200000,112263.6,112417.4,112150.0,112294.0,2888.985
1758600000000,112294.0,112426.6,111969.0,111969.0,1714.289
1758601800000,111968.8,112387.2,111804.9,112377.6,2788.519
1758603600000,112377.7,112740.0,112361.1,112739.9,2794.197
1758605400000,112740.0,112850.0,112582.4,112616.6,2873.017
1758607200000,112616.6,112863.2,112557.1,112823.9,1553.493
1758609000000,112823.9,113070.0,112806.0,112924.1,3102.361
1758610800000,112924.1,113039.9,112818.1,112902.0,1836.085
1758612600000,112902.0,113080.0,112850.0,113048.1,2346.311
1758614400000,113048.1,113144.2,112891.3,113053.0,3031.381
1758616200000,113053.1,113094.3,112980.6,113087.9,1131.156
1758618000000,113087.9,113236.0,112950.0,112950.0,1939.946
1758619800000,112950.1,113070.0,112823.8,112892.5,1261.135
1758621600000,112892.5,112962.5,112769.2,112861.7,1129.358
1758623400000,112861.7,112971.1,112786.6,112929.0,984.485
1758625200000,112929.0,112935.8,112634.0,112803.9,2084.277
1758627000000,112803.9,113039.1,112765.4,112938.6,1272.444
1758628800000,112938.6,113003.3,112777.7,112802.8,1348.597
1758630600000,112802.8,113010.0,112758.7,112885.8,1251.081
1758632400000,112885.8,112900.0,112778.6,112853.0,945.515
1758634200000,112853.1,112969.8,112667.7,112894.1,2201.582
1758636000000,112894.1,113254.8,112735.8,112755.5,3361.767
1758637800000,112755.6,112841.1,112512.0,112602.3,2650.037
1758639600000,112602.2,113025.2,112390.6,112907.7,3405.17
1758641400000,112907.7,112951.9,112745.0,112828.6,1410.738
1758643200000,112828.6,112874.2,112433.9,112767.8,2288.274
1758645000000,112767.8,112927.8,112452.0,112763.8,1856.768
1758646800000,112763.8,112779.4,112320.0,112345.0,1707.174
1758648600000,112344.9,112373.6,111827.2,111919.2,5308.083
1758650400000,111919.2,112168.6,111711.0,111972.0,4420.217
1758652200000,111972.0,111972.0,111625.5,111728.3,2281.652
1758654000000,111728.3,111941.6,111688.8,111722.7,1862.713
1758655800000,111722.6,111772.7,111482.0,111611.8,2742.21
1758657600000,111611.7,111936.7,111584.5,111590.4,1959.709
1758659400000,111590.3,111949.1,111413.5,111936.4,1856.918
1758661200000,111936.2,112027.3,111835.5,112027.3,1134.998
1758663000000,112027.3,112151.6,111991.6,112108.6,1179.234
1758664800000,112108.5,112171.2,111940.6,111950.8,948.811
1758666600000,111950.8,112165.1,111940.8,112107.0,950.629
1758668400000,112107.0,112178.0,111812.0,111842.6,1170.729
1758670200000,111842.6,112056.0,111842.5,111947.0,874.117
1758672000000,111947.0,112338.3,111770.9,112248.2,2426.386
1758673800000,112248.2,112301.0,112108.4,112175.1,1067.18
1758675600000,112175.1,112368.1,112085.7,112348.3,941.475
1758677400000,112348.3,112466.6,112300.9,112394.6,1391.159
1758679200000,112394.6,112450.0,111967.9,112233.7,1915.85
1758681000000,112233.7,112277.1,111850.0,112070.2,3948.444
1758682800000,112070.1,112172.3,111698.2,111727.4,2007.464
1758684600000,111727.4,111997.2,111622.4,111639.7,2484.632
1758686400000,111639.8,111998.5,110935.0,111987.4,8907.038
1758688200000,111987.5,112336.7,111980.0,112122.5,4697.246
1758690000000,112122.5,112381.0,112083.2,112291.5,1291.958
1758691800000,112291.5,112630.0,112208.9,112595.9,2447.712
1758693600000,112596.0,112732.8,112479.9,112580.9,2096.985
1758695400000,112581.0,112650.0,112485.0,112551.1,1112.375
1758697200000,112551.2,112695.4,112403.0,112465.2,1221.841
1758699000000,112465.2,112578.3,112400.4,112544.7,1226.117
1758700800000,112544.7,112557.4,112356.4,112393.5,1411.381
1758702600000,112393.4,112596.6,112393.4,112574.3,1310.866
1758704400000,112574.4,112583.1,112447.6,112559.1,854.842
1758706200000,112559.2,112796.5,112559.1,112691.0,1124.289
1758708000000,112691.0,112825.9,112613.0,112613.1,1988.122
1758709800000,112613.1,112911.0,112609.4,112883.2,1859.957
1758711600000,112883.1,113121.8,112874.1,112984.4,3755.72
1758713400000,112984.4,113040.1,112819.4,112982.0,2525.149
1758715200000,112982.0,113008.1,112882.7,112960.5,1244.145
1758717000000,112960.5,113050.0,112948.5,113010.8,1056.582
1758718800000,113010.8,113104.0,112926.2,112995.1,1760.211
1758720600000,112995.0,113177.6,112760.0,112780.2,4916.967
1758722400000,112780.2,113134.0,112780.1,113101.3,2427.046
1758724200000,113101.3,113850.0,113047.0,113662.7,9092.703
1758726000000,113662.6,113843.0,113404.5,113599.4,4477.824
1758727800000,113599.4,113661.9,113191.5,113299.9,2984.709
1758729600000,113300.0,113540.4,113107.4,113521.4,2884.077
1758731400000,113521.4,113700.0,113457.5,113668.9,1601.711
1758733200000,113668.9,113878.3,113550.6,113717.2,1963.393
1758735000000,113717.2,113895.8,113602.5,113700.1,2490.133
1758736800000,113700.1,113777.5,113472.0,113632.1,1855.259
1758738600000,113632.1,113677.1,113423.9,113595.0,1104.448
1758740400000,113595.1,113632.4,113423.5,113442.6,935.037
1758742200000,113442.5,113456.3,113230.7,113371.7,1968.592
1758744000000,113371.7,113551.9,113338.8,113490.4,1053.596
1758745800000,113490.4,113557.0,113378.1,113447.6,806.138
1758747600000,113447.5,113529.6,113409.4,113522.6,584.471
1758749400000,113522.6,113522.7,113220.2,113284.3,1055.622
1758751200000,113284.3,113590.0,113284.2,113427.7,1402.599
1758753000000,113427.6,113450.8,113193.9,113274.8,1058.549
1758754800000,113274.7,113374.0,113158.9,113292.2,1292.719
1758756600000,113292.2,113292.3,113143.3,113254.0,1283.377
1758758400000,113253.9,113462.1,113075.0,113075.2,1867.078
1758760200000,113075.2,113250.0,112886.1,113002.1,2691.731
1758762000000,113002.0,113322.0,112850.4,113033.1,2460.24
1758763800000,113033.0,113033.0,112380.1,112615.7,7383.804
1758765600000,112615.7,112863.4,112453.3,112691.9,3491.948
1758767400000,112691.8,113140.8,112691.8,112852.0,2369.327
1758769200000,112852.1,112852.1,112275.2,112311.9,3495.597
1758771000000,112311.9,112572.0,112155.6,112485.8,3409.269
1758772800000,112485.7,112574.6,111641.1,111880.1,7916.767
1758774600000,111880.2,111884.6,111540.0,111684.3,5618.777
1758776400000,111684.3,111994.0,111540.0,111935.3,3403.02
1758778200000,111935.3,111935.3,111593.8,111690.4,1626.187
1758780000000,111690.4,111802.1,111500.0,111650.5,2331.954
1758781800000,111650.5,111751.1,111451.0,111474.4,1573.855
1758783600000,111474.5,111836.7,111389.0,111800.0,2966.603
1758785400000,111800.0,111834.4,111670.0,111708.5,1038.027
1758787200000,111708.5,111980.4,111708.4,111980.3,1793.744
1758789000000,111980.4,111980.4,111636.1,111678.7,1456.799
1758790800000,111678.7,112220.3,111662.0,112032.3,3364.425
1758792600000,112032.2,112079.5,111510.4,111510.4,2096.253
1758794400000,111510.4,111821.6,111471.0,111718.1,1501.371
1758796200000,111718.1,111782.5,111530.2,111601.6,1099.35
1758798000000,111601.6,111676.9,111360.0,111498.4,2190.878
1758799800000,111498.4,111544.6,111234.8,111316.1,2438.034
1758801600000,111316.0,111600.2,111089.2,111094.6,3021.336
1758803400000,111094.5,111617.3,111000.0,111080.0,7081.277
1758805200000,111079.9,111645.3,110802.8,111566.5,8498.178
1758807000000,111566.5,111682.6,110555.0,110958.5,8189.173
1758808800000,110958.4,111680.8,110935.9,111443.1,6271.246
1758810600000,111443.0,111680.0,111304.1,111483.0,2538.607
1758812400000,111483.0,111538.4,110807.2,110905.7,3335.586
1758814200000,110905.7,111538.4,110871.2,111538.4,3164.097
1758816000000,111538.4,111636.6,111043.1,111074.6,3057.669
1758817800000,111074.7,111250.0,110852.0,110907.9,2373.824
1758819600000,110908.0,110930.0,109800.0,109883.2,12969.868
1758821400000,109883.2,109936.7,108578.2,108793.9,13600.368
1758823200000,108793.9,109600.0,108574.1,109398.4,9207.077
1758825000000,109398.4,109759.7,109212.3,109708.3,3291.224
1758826800000,109708.4,109926.7,109583.2,109771.5,2506.705
1758828600000,109771.6,109850.0,109250.0,109320.5,3532.144
1758830400000,109320.5,109447.9,109138.2,109310.8,1970.09
1758832200000,109310.8,109331.0,109005.0,109126.8,1853.634
1758834000000,109126.9,109619.5,109113.5,109260.2,1743.27
1758835800000,109260.2,109458.3,109018.9,109360.8,1224.92
1758837600000,109360.8,109534.9,109252.7,109423.7,1574.023
1758839400000,109423.6,109437.7,109200.1,109369.5,1118.268
1758841200000,109369.6,109637.3,109230.7,109386.6,1913.85
1758843000000,109386.7,109386.7,108694.8,108934.5,5042.269
1758844800000,108934.6,109350.0,108898.8,109254.3,2967.863
1758846600000,109254.2,109563.9,108750.0,109419.1,4788.891
1758848400000,109419.1,109713.8,109259.0,109517.0,2624.666
1758850200000,109517.1,109720.0,109501.5,109640.0,1440.46
1758852000000,109640.1,109766.0,109515.4,109531.7,1433.549
1758853800000,109531.7,109712.7,109439.0,109581.8,903.55
1758855600000,109581.8,109596.3,109301.9,109311.6,1837.134
1758857400000,109311.8,109610.4,109241.1,109537.6,1360.373
1758859200000,109537.5,109588.8,109360.5,109366.0,1239.125
1758861000000,109366.0,109366.1,109200.0,109300.0,827.662
1758862800000,109300.0,109538.4,109263.8,109505.0,1021.298
1758864600000,109505.1,109513.9,109027.1,109202.8,2476.549
1758866400000,109202.8,109584.5,108955.0,109434.9,3551.568
1758868200000,109434.9,109560.0,109252.3,109298.8,1491.311
1758870000000,109298.8,109538.3,109223.9,109223.9,2479.663
1758871800000,109223.9,109285.0,108841.0,109257.3,6076.224
1758873600000,109257.4,109479.2,109246.7,109464.3,2292.377
1758875400000,109464.3,109568.0,109411.9,109520.2,1321.298
1758877200000,109520.2,109653.6,109390.0,109605.6,1436.875
1758879000000,109605.6,109639.5,109349.0,109522.5,1524.004
1758880800000,109522.4,109532.0,108899.9,109035.0,3367.023
1758882600000,109035.1,109087.0,108645.9,108848.2,3419.779
1758884400000,108848.2,108906.4,108566.0,108697.8,2764.056
1758886200000,108697.9,109157.6,108697.7,109082.9,1912.656
1758888000000,109082.9,109109.2,108757.5,109068.6,1569.236
1758889800000,109068.6,109534.1,108877.8,109330.1,6036.312
1758891600000,109330.1,109479.2,109035.4,109133.9,2103.049
1758893400000,109133.8,109742.3,108950.0,109621.3,6238.22
1758895200000,109621.3,109731.5,108863.0,109040.0,4492.267
1758897000000,109040.0,109096.2,108656.8,108796.7,3644.196
1758898800000,108796.8,109276.0,108753.5,109258.6,2940.78
1758900600000,109258.6,109313.7,108953.4,108976.0,1244.406
1758902400000,108976.0,109576.5,108976.0,109472.6,1890.815
1758904200000,109472.7,109500.0,109211.1,109408.6,1013.629
1758906000000,109408.5,109966.5,109337.4,109868.1,3136.679
1758907800000,109868.2,109930.0,109645.3,109847.3,3294.68
1758909600000,109847.4,110250.0,109767.1,110136.8,3270.049
1758911400000,110136.8,110140.6,109643.6,109669.9,2179.785
1758913200000,109669.9,109669.9,109220.6,109225.3,3945.526
1758915000000,109225.4,109276.5,108953.7,109115.9,3476.264
1758916800000,109115.8,109260.0,109028.7,109095.2,1525.921
1758918600000,109095.2,109289.6,109069.7,109233.8,868.351
1758920400000,109233.8,109427.6,109127.2,109410.4,835.821
1758922200000,109410.3,109479.2,109250.2,109412.4,628.115
1758924000000,109412.4,109522.9,109286.9,109445.6,1093.253
1758925800000,109445.6,109554.0,109431.3,109505.2,785.408
1758927600000,109505.2,109505.3,109373.4,109505.3,508.739
1758929400000,109505.2,109641.6,109505.2,109588.5,998.204
1758931200000,109588.5,109606.6,109448.0,109535.5,953.565
1758933000000,109535.6,109596.1,109418.0,109596.0,737.022
1758934800000,109596.1,109607.0,109377.0,109430.2,866.307
1758936600000,109430.3,109470.9,109267.3,109384.3,1101.744
1758938400000,109384.3,109432.3,109277.4,109294.1,588.019
1758940200000,109294.2,109400.0,109294.2,109348.5,583.63
1758942000000,109348.5,109515.0,109323.6,109488.0,665.854
1758943800000,109488.1,109700.0,109470.3,109503.8,1939.416
1758945600000,109503.8,109645.4,109460.9,109645.4,929.931
1758947400000,109645.4,109694.2,109550.4,109598.1,544.617
1758949200000,109598.2,109604.7,109538.4,109561.4,289.276
1758951000000,109561.4,109631.2,109555.0,109587.0,439.573
1758952800000,109587.0,109587.0,109470.9,109494.4,591.155
1758954600000,109494.4,109494.4,109432.2,109488.6,384.294
1758956400000,109488.6,109517.4,109441.5,109441.5,398.805
1758958200000,109441.6,109441.6,109284.3,109354.8,757.34
1758960000000,109354.9,109354.9,109216.7,109313.2,1531.849
1758961800000,109313.2,109313.2,109205.2,109205.2,632.767
1758963600000,109205.3,109238.6,109021.9,109038.8,1503.604
1758965400000,109038.8,109309.7,109038.7,109250.0,1100.706
1758967200000,109250.0,109269.9,109205.3,109239.8,520.548
1758969000000,109239.8,109449.2,109239.7,109385.4,1591.899
1758970800000,109385.4,109401.9,109250.1,109286.0,477.927
1758972600000,109286.0,109296.7,109237.0,109265.8,244.552
1758974400000,109265.8,109283.3,109193.6,109212.8,505.275
1758976200000,109212.7,109444.2,109190.8,109355.2,1396.67
1758978000000,109355.2,109372.7,109265.0,109320.2,885.646
1758979800000,109320.1,109329.6,109264.9,109264.9,487.742
1758981600000,109264.9,109346.0,109264.9,109278.5,389.897
1758983400000,109278.6,109312.5,109201.3,109244.0,676.468
1758985200000,109243.9,109287.8,109145.0,109215.9,1542.587
1758987000000,109215.9,109384.6,109165.1,109340.7,1163.804
1758988800000,109340.8,109369.6,109260.0,109332.8,885.971
1758990600000,109332.7,109380.0,109255.6,109338.2,876.508
1758992400000,109338.3,109347.7,109188.1,109254.3,996.289
1758994200000,109254.3,109371.7,109224.8,109331.4,859.632
1758996000000,109330.9,109384.6,109291.4,109366.9,668.194
1758997800000,109367.0,109397.6,109324.5,109383.2,311.927
1758999600000,109383.3,109394.2,109345.5,109370.6,303.837
1759001400000,109370.7,109384.2,109331.4,109369.3,268.627
1759003200000,109369.4,109388.8,109305.5,109315.9,292.63
1759005000000,109316.0,109371.5,109315.9,109333.3,188.854
1759006800000,109333.4,109383.3,109333.3,109383.3,290.918
1759008600000,109383.3,109435.4,109383.2,109420.3,420.014
1759010400000,109420.2,109653.2,109420.2,109653.2,1312.069
1759012200000,109653.2,109653.2,109452.0,109550.6,697.414
1759014000000,109550.6,109590.0,109399.3,109486.3,671.848
1759015800000,109486.3,109627.2,109486.2,109577.3,404.703
1759017600000,109577.2,109749.9,109489.6,109728.1,1031.58
1759019400000,109728.1,109737.2,109501.9,109556.3,1425.993
1759021200000,109556.3,109608.3,109408.0,109441.2,2009.453
1759023000000,109441.2,109489.7,109284.1,109305.6,1769.208
1759024800000,109305.5,109445.0,109296.0,109445.0,754.433
1759026600000,109445.0,109496.4,109342.9,109398.8,737.268
1759028400000,109398.9,109489.2,109398.9,109410.3,544.352
1759030200000,109410.3,109433.2,109364.2,109397.3,292.923
1759032000000,109397.3,109445.1,109316.3,109316.4,398.532
1759033800000,109316.3,109352.1,109315.5,109329.4,271.081
1759035600000,109329.4,109351.6,109302.0,109346.9,387.172
1759037400000,109347.0,109349.5,109292.0,109303.2,289.424
1759039200000,109303.2,109338.5,109227.2,109227.2,426.109
1759041000000,109227.2,109410.4,109203.9,109358.7,693.222
1759042800000,109358.8,109450.0,109294.2,109402.3,779.667
1759044600000,109402.3,109500.0,109393.0,109468.5,783.127
1759046400000,109468.4,109544.8,109372.8,109484.3,982.958
1759048200000,109484.3,109531.7,109427.0,109462.7,915.039
1759050000000,109462.7,109500.0,109279.9,109405.4,1310.541
1759051800000,109405.4,109520.4,109394.4,109477.5,1244.093
1759053600000,109477.4,109477.5,109363.6,109392.2,601.921
1759055400000,109392.2,109417.0,109313.1,109323.4,560.633
1759057200000,109323.4,109329.0,109188.0,109225.6,1350.496
1759059000000,109225.6,109399.0,109200.0,109319.9,870.889
1759060800000,109319.9,109396.9,109303.7,109383.6,1317.449
1759062600000,109383.5,109400.0,109136.5,109266.9,2328.32
1759064400000,109266.8,109447.0,109266.8,109429.9,1305.012
1759066200000,109429.8,109625.1,109411.3,109580.9,2127.2
1759068000000,109580.8,109673.9,109455.9,109665.9,1404.729
1759069800000,109665.9,109842.9,109580.4,109801.2,2917.551
1759071600000,109801.2,109871.0,109656.5,109857.0,2592.392
1759073400000,109857.0,109990.0,109747.2,109990.0,2368.55
1759075200000,109990.0,110350.0,109989.9,110094.0,4176.053
1759077000000,110094.0,110187.9,109952.2,110172.5,1387.202
1759078800000,110172.5,110324.5,110074.4,110146.7,2341.207
1759080600000,110146.6,110325.7,110121.0,110153.5,1702.746
1759082400000,110153.4,110195.4,110003.0,110082.3,1302.334
1759084200000,110082.3,110237.5,110074.7,110237.5,476.765
1759086000000,110237.5,110293.8,110060.0,110290.0,621.636
1759087800000,110290.2,110333.0,110232.9,110281.6,568.815
1759089600000,110281.7,110598.0,110236.6,110590.3,2036.639
1759091400000,110590.3,110888.0,110590.3,110748.0,3493.294
1759093200000,110748.0,110835.8,110654.0,110661.7,1001.094
1759095000000,110661.8,110788.2,110568.7,110788.1,658.247
1759096800000,110788.1,111777.0,110788.1,111682.6,8939.423
1759098600000,111682.5,111981.2,111669.5,111881.5,3967.195
1759100400000,111881.4,112300.0,111881.4,112050.0,6083.495
1759102200000,112050.0,112213.2,111968.4,112119.6,1700.501
1759104000000,112119.7,112269.3,111916.0,112146.2,2337.938
1759105800000,112146.2,112238.9,111946.6,112211.2,1694.719
1759107600000,112211.2,112266.2,111967.3,111994.3,1831.882
1759109400000,111994.2,112060.3,111652.7,111800.7,4205.545
1759111200000,111800.7,111975.5,111664.5,111827.5,2571.268
1759113000000,111827.5,111878.8,111562.0,111690.8,2481.644
1759114800000,111690.8,111720.0,111517.3,111700.0,2220.46
1759116600000,111700.0,111817.9,111621.1,111817.9,1403.96
1759118400000,111817.9,111846.1,111692.3,111759.6,2163.127
1759120200000,111759.6,111860.0,111750.0,111752.7,684.023
1759122000000,111752.6,111769.0,111508.7,111579.1,1959.181
1759123800000,111579.0,111731.5,111533.2,111699.9,850.187
1759125600000,111700.0,111787.0,111603.5,111741.7,1338.114
1759127400000,111741.7,111811.1,111561.3,111580.1,1569.859
1759129200000,111580.0,111685.1,111501.0,111545.0,1840.382
1759131000000,111544.9,111814.8,111539.0,111814.7,2118.987
1759132800000,111814.8,112163.3,111814.7,112147.0,4203.405
1759134600000,112147.0,112381.3,112028.4,112033.4,2978.275
1759136400000,112033.5,112128.0,111927.4,112108.8,1481.425
1759138200000,112108.8,112166.2,111987.0,112050.0,862.948
1759140000000,112049.9,112185.4,112029.0,112172.8,1310.006
1759141800000,112172.8,112180.1,111972.4,112034.9,1529.097
1759143600000,112034.9,112059.4,111862.1,111903.4,2107.32
1759145400000,111903.4,112069.7,111894.5,112052.0,1167.137
1759147200000,112052.0,112337.9,111990.8,112318.6,1635.993
1759149000000,112318.7,112492.2,111881.3,111972.6,3261.249
1759150800000,111972.3,112266.0,111844.3,112122.3,2907.026
1759152600000,112122.3,113443.6,112025.2,113168.2,16104.477
1759154400000,113168.1,113881.6,113136.8,113677.1,9807.203
1759156200000,113677.1,114188.0,113628.9,113956.7,7899.992
1759158000000,113956.8,114060.0,113695.0,113735.2,4544.319
1759159800000,113735.7,113948.5,113624.9,113752.0,2389.352
1759161600000,113752.0,113982.9,113719.0,113804.9,2034.296
1759163400000,113804.9,114011.4,113547.0,113580.2,2115.613
1759165200000,113580.2,113847.4,113404.5,113837.1,3101.317
1759167000000,113837.1,114137.8,113732.5,114000.0,2892.616
1759168800000,114000.1,114094.2,113812.3,113921.7,1604.181
1759170600000,113921.8,114016.9,113847.8,113959.9,941.746
1759172400000,113959.9,114041.3,113790.5,113934.1,1101.021
1759174200000,113934.1,114349.7,113826.8,114204.8,3728.865
1759176000000,114204.9,114353.0,114057.5,114233.4,2872.75
1759177800000,114233.4,114377.2,114159.8,114190.3,2005.776
1759179600000,114190.3,114279.2,114080.4,114100.0,1108.849
1759181400000,114099.9,114213.2,114033.9,114120.9,824.158
1759183200000,114120.8,114166.1,113977.1,114017.9,1165.684
1759185000000,114018.0,114149.4,113960.6,114125.9,1030.729
1759186800000,114125.9,114319.5,114125.9,114245.3,1988.374
1759188600000,114245.3,114359.1,114164.3,114257.1,1429.234
1759190400000,114257.1,114395.1,113985.1,114117.7,2391.903
1759192200000,114117.7,114800.0,114076.0,114465.8,4631.496
1759194000000,114465.8,114756.2,114275.3,114576.0,3205.124
1759195800000,114576.0,114576.1,114210.0,114455.0,1967.699
1759197600000,114455.0,114542.4,114307.6,114425.2,1811.917
1759199400000,114425.1,114538.0,114319.2,114405.5,1689.687
1759201200000,114405.6,114473.7,114252.5,114284.1,1449.669
1759203000000,114284.1,114403.2,114246.6,114321.5,1071.713
1759204800000,114321.5,114321.5,114140.0,114140.1,976.086
1759206600000,114140.1,114231.4,114037.1,114037.2,1465.011
1759208400000,114037.1,114159.1,113867.0,113898.2,3761.14
1759210200000,113898.2,113968.1,113777.8,113856.9,2046.066
1759212000000,113856.9,113960.0,113779.0,113869.6,1356.105
1759213800000,113869.5,114040.9,113800.0,113840.2,940.026
1759215600000,113840.2,113948.7,113793.0,113907.9,1113.178
1759217400000,113907.9,113908.0,113531.7,113662.4,3605.755
1759219200000,113662.3,113700.0,113473.4,113538.3,2126.035
1759221000000,113538.4,113569.9,113288.0,113409.2,3037.991
1759222800000,113409.1,113416.6,113174.0,113216.5,2649.213
1759224600000,113216.5,113300.1,112701.8,112743.1,4537.049
1759226400000,112743.1,112998.0,112615.3,112794.4,3921.97
1759228200000,112794.4,113049.8,112738.4,112876.5,2125.081
1759230000000,112876.5,112966.0,112750.1,112871.7,1526.014
1759231800000,112871.6,113091.5,112835.0,113003.7,2142.626
1759233600000,113003.7,113066.5,112930.2,113024.2,1362.105
1759235400000,113024.2,113202.5,112933.6,112950.0,2764.219
1759237200000,112950.0,113300.0,112800.1,113263.8,3121.663
1759239000000,113263.8,113623.8,113056.6,113338.7,6192.796
1759240800000,113338.7,113447.5,112828.5,113044.8,3920.924
1759242600000,113044.8,113582.8,112978.9,113539.5,3112.315
1759244400000,113539.6,113543.2,112856.0,112996.1,3231.881
1759246200000,112996.0,113209.8,112926.6,113055.4,1761.033
1759248000000,113055.4,113242.6,112941.0,113015.1,1965.426
1759249800000,113015.1,113046.3,112743.6,112798.6,2192.708
1759251600000,112798.6,113280.0,112763.2,113203.4,2485.161
1759253400000,113203.5,113470.0,113111.0,113198.8,2351.753
1759255200000,113198.8,113496.2,113126.7,113419.3,1487.232
1759257000000,113419.3,113658.0,113287.7,113658.0,1565.212
1759258800000,113658.0,113932.7,113650.0,113890.3,3851.113
1759260600000,113890.3,114528.2,113885.9,114309.1,5967.161
1759262400000,114309.1,114461.4,114065.0,114338.6,2677.316
1759264200000,114338.5,114684.7,114242.8,114569.8,2326.027
1759266000000,114569.8,114720.0,114232.3,114235.2,2802.695
1759267800000,114235.1,114469.4,114071.7,114108.0,2030.758
1759269600000,114108.0,114310.9,113901.2,113942.0,2329.752
1759271400000,113942.0,113988.6,113825.0,113883.4,1489.368
1759273200000,113883.3,113965.8,113710.0,113897.2,1982.441
1759275000000,113897.2,113988.8,113786.5,113988.8,800.402
1759276800000,113988.7,114246.0,113899.4,113960.6,2610.933
1759278600000,113960.7,114198.0,113906.4,114181.1,1162.199
1759280400000,114181.0,114373.0,114083.3,114315.7,1986.585
1759282200000,114315.7,114498.0,114159.1,114491.6,1777.434
1759284000000,114491.6,114494.0,114354.8,114368.2,1009.773
1759285800000,114368.2,114387.1,114218.9,114219.0,1608.511
1759287600000,114219.0,114481.2,114139.4,114416.7,2722.193
1759289400000,114416.7,114480.0,114038.7,114135.9,3019.463
1759291200000,114135.8,114553.5,114095.2,114549.9,2271.873
1759293000000,114550.0,114669.0,114184.4,114227.8,3474.184
1759294800000,114227.8,114700.0,114200.8,114553.7,3227.906
1759296600000,114553.7,114595.5,114453.7,114511.4,1106.048
1759298400000,114511.5,114570.1,114250.0,114330.7,1794.959
1759300200000,114330.7,114491.8,114170.0,114212.8,1995.203
1759302000000,114212.7,114538.6,114184.9,114504.6,1285.117
1759303800000,114504.6,114539.1,114386.7,114480.8,1122.381
1759305600000,114480.8,115072.1,114425.6,115034.8,7147.969
1759307400000,115034.8,116599.8,115034.8,116060.5,23641.023
1759309200000,116060.4,116332.9,115890.7,116193.8,5711.899
1759311000000,116193.7,116500.0,116109.6,116372.4,4715.355
1759312800000,116372.3,116520.0,116190.8,116190.8,2630.374
1759314600000,116190.3,116328.3,116154.5,116233.6,1592.62
1759316400000,116233.5,116388.0,116228.1,116284.7,1463.664
1759318200000,116284.7,116750.0,116238.2,116736.8,4986.448
1759320000000,116736.8,116850.0,116562.5,116587.3,3872.686
1759321800000,116587.3,116604.0,116311.5,116373.7,3368.299
1759323600000,116373.8,116617.2,116373.7,116595.1,1632.549
1759325400000,116595.1,116802.0,116370.4,116762.5,3771.777
1759327200000,116761.9,117400.0,116655.2,117085.0,10062.525
1759329000000,117085.0,117371.2,117000.0,117245.3,3060.808
1759330800000,117245.4,117647.8,117031.0,117457.3,3786.642
1759332600000,117457.2,117500.0,117236.5,117366.4,2560.271
1759334400000,117366.5,117850.0,117259.3,117821.5,7867.632
1759336200000,117821.4,118190.0,117475.0,117480.1,9746.099
1759338000000,117480.0,117649.2,117208.9,117352.5,3971.623
1759339800000,117352.5,117456.1,116687.5,116734.2,5353.233
1759341600000,116734.3,117035.8,116731.4,116984.9,2665.591
1759343400000,116984.9,117312.7,116984.9,117192.3,2452.69
1759345200000,117192.3,117458.6,117167.6,117419.8,1516.684
1759347000000,117419.8,117572.7,117234.8,117374.1,1982.54
1759348800000,117374.0,117388.2,117104.1,117344.2,2189.407
1759350600000,117344.2,117493.6,117243.0,117474.6,986.478
1759352400000,117474.7,117524.9,117356.5,117434.7,700.769
1759354200000,117434.7,117503.3,117276.3,117503.2,764.477
1759356000000,117503.2,118041.9,117503.2,117756.8,3652.547
1759357800000,117756.8,117828.0,117584.0,117695.8,1777.075
1759359600000,117695.8,118457.3,117634.9,118312.1,7304.688
1759361400000,118312.2,118631.8,118020.7,118552.4,3878.225
1759363200000,118552.0,119457.0,118552.0,118898.4,11561.781
1759365000000,118898.5,118900.6,118367.0,118397.0,3478.097
1759366800000,118397.0,118666.6,118335.0,118454.1,1993.462
1759368600000,118454.1,118862.0,118454.1,118577.4,2271.782
1759370400000,118577.5,118748.8,118449.5,118491.2,2450.44
1759372200000,118491.2,118736.2,118433.4,118697.4,2146.255
1759374000000,118697.3,119043.4,118676.9,118893.7,4385.926
1759375800000,118893.6,118988.2,118652.5,118697.0,2072.305
1759377600000,118697.0,118893.8,118508.4,118525.1,2021.336
1759379400000,118525.0,118641.8,118372.0,118616.8,1622.583
1759381200000,118616.7,118641.8,118358.3,118600.1,1312.309
1759383000000,118600.1,118600.1,118226.4,118329.7,1870.473
1759384800000,118329.7,118484.3,118251.3,118412.5,1394.101
1759386600000,118412.5,118644.8,118387.9,118600.0,1670.593
1759388400000,118599.9,118629.8,118437.7,118471.8,988.416
1759390200000,118471.9,118477.1,118377.1,118444.1,968.304
1759392000000,118444.1,118606.0,118307.3,118590.4,1336.918
1759393800000,118590.3,118647.7,118523.6,118635.4,868.794
1759395600000,118635.3,118648.5,118521.7,118640.6,879.218
1759397400000,118640.7,118827.7,118555.9,118813.3,1825.643
1759399200000,118813.3,118885.8,118563.0,118564.4,1323.399
1759401000000,118564.4,118724.6,118530.8,118575.3,1028.412
1759402800000,118575.3,118660.3,118481.6,118636.0,993.193
1759404600000,118635.9,118843.8,118609.1,118716.0,1223.571
1759406400000,118716.1,119130.0,118690.4,119043.9,2647.127
1759408200000,119043.8,119361.4,118952.5,119360.1,3900.668
1759410000000,119360.0,119360.1,118868.2,119114.3,3074.406
1759411800000,119114.3,119733.0,119042.3,119559.6,8257.729
1759413600000,119559.6,119672.1,119218.7,119643.2,3883.685
1759415400000,119643.3,119747.2,118606.2,118768.0,7476.38
1759417200000,118768.1,119555.0,118458.4,119378.8,7256.8
1759419000000,119379.1,119889.0,119142.2,119875.1,6261.41
1759420800000,119875.1,120291.0,119650.1,119961.9,8976.692
1759422600000,119961.9,120066.7,119564.9,119694.0,2982.911
1759424400000,119694.0,119775.3,119317.0,119390.6,2851.348
1759426200000,119390.7,119916.8,119342.7,119869.1,2353.956
1759428000000,119869.1,120195.8,119859.9,120103.2,3460.774
1759429800000,120103.2,120637.2,119930.5,120461.6,4781.885
1759431600000,120461.6,120999.0,120398.2,120692.1,8283.311
1759433400000,120692.2,120921.3,120516.4,120787.9,2717.33
1759435200000,120787.8,120880.9,120403.7,120504.4,2759.744
1759437000000,120504.4,120633.4,120258.1,120598.8,2303.595
1759438800000,120598.9,120735.0,120386.3,120407.5,1198.298
1759440600000,120407.6,120407.6,120105.1,120105.2,1492.553
1759442400000,120105.1,120372.1,120040.0,120286.8,1282.971
1759444200000,120286.8,120348.5,120018.0,120208.8,1643.993
1759446000000,120208.7,120633.0,120191.9,120512.1,1927.742
1759447800000,120512.1,120570.0,120215.6,120481.3,1994.319
1759449600000,120481.3,120505.5,120033.0,120246.4,1838.464
1759451400000,120246.3,120246.3,120044.3,120097.1,1420.918
1759453200000,120097.2,120255.1,119958.5,120081.5,2405.288
1759455000000,120081.6,120129.6,119766.0,119832.6,1853.606
1759456800000,119832.6,120138.7,119823.6,119943.9,1367.426
1759458600000,119943.8,120237.9,119888.0,120117.9,1555.322
1759460400000,120118.0,120447.2,120108.5,120146.0,2312.76
1759462200000,120146.1,120374.6,120120.0,120185.4,1550.798
1759464000000,120185.4,120281.6,120122.1,120156.9,796.428
1759465800000,120156.8,120156.9,119954.8,120000.2,1197.831
1759467600000,120000.2,120033.0,119903.0,119974.8,887.173
1759469400000,119974.8,119974.9,119700.0,119894.5,2160.67
1759471200000,119894.5,120040.0,119744.6,119945.5,1188.42
1759473000000,119945.6,119988.1,119725.2,119882.6,1052.124
1759474800000,119882.5,119985.5,119737.1,119737.1,1420.18
1759476600000,119737.2,119793.0,119579.6,119620.1,3607.884
1759478400000,119620.1,119707.7,119200.0,119623.9,4586.285
1759480200000,119624.0,120058.2,119610.3,120007.0,3092.809
1759482000000,120007.0,120342.0,119968.6,120263.4,2957.255
1759483800000,120263.4,120304.9,120120.8,120257.8,1587.75
1759485600000,120257.9,120484.1,120226.0,120422.8,1618.706
1759487400000,120422.9,120481.1,120317.3,120392.8,1105.004
1759489200000,120392.9,120435.0,120100.0,120250.0,1883.469
1759491000000,120250.0,120444.2,120160.0,120307.2,1049.013
1759492800000,120307.2,120377.9,120172.8,120175.6,1146.308
1759494600000,120175.6,120352.5,120061.3,120320.7,1559.119
1759496400000,120320.6,120540.0,120104.1,120501.9,2162.008
1759498200000,120501.8,120687.3,120058.0,120325.0,4110.201
1759500000000,120325.1,120435.7,119820.4,120399.7,4232.731
1759501800000,120399.7,120935.0,120253.5,120861.4,5492.693
1759503600000,120861.4,121470.0,120579.1,121247.4,8399.936
1759505400000,121247.5,122399.9,121235.3,122238.5,11513.189
1759507200000,122238.5,123809.1,122238.5,123630.6,21854.957
1759509000000,123630.7,123900.0,122500.0,122527.1,12365.48
1759510800000,122527.0,123092.5,121611.0,122481.0,19363.711
1759512600000,122481.0,122950.0,121528.1,122035.5,8485.47
1759514400000,122035.6,122578.8,121425.5,122449.5,5273.106
1759516200000,122449.7,122714.2,122154.4,122505.6,3146.113
1759518000000,122505.7,122796.0,122313.0,122746.6,2124.657
1759519800000,122746.5,122930.3,122524.3,122609.3,2088.334
1759521600000,122609.3,122659.1,121986.3,122097.9,2429.477
1759523400000,122098.0,122694.1,122098.0,122402.2,1374.195
1759525200000,122402.3,122406.2,122229.9,122236.1,1145.225
1759527000000,122236.1,122341.6,121944.7,122245.2,1564.481
1759528800000,122245.2,122496.0,122245.2,122434.8,828.055
1759530600000,122434.8,122622.7,122400.0,122427.7,877.452
1759532400000,122427.7,122427.7,122227.9,122229.7,713.345
1759534200000,122229.7,122287.0,122125.1,122182.7,1134.436
1759536000000,122182.6,122256.4,121999.3,122115.2,2407.285
1759537800000,122115.1,122138.6,121936.2,122076.4,2039.593
1759539600000,122076.4,122076.4,121900.0,121900.1,1549.666
1759541400000,121900.0,121990.8,121650.8,121818.9,2778.172
1759543200000,121819.0,122000.0,121636.5,121760.1,2662.152
1759545000000,121760.1,121916.0,121636.4,121811.7,2550.537
1759546800000,121811.7,122037.6,121781.9,122018.4,1123.559
1759548600000,122018.3,122301.9,121987.0,122197.2,1428.799
1759550400000,122197.3,122335.3,122168.4,122299.8,1908.155
1759552200000,122299.8,122486.8,122240.0,122448.8,1916.017
1759554000000,122448.7,122781.1,122385.6,122630.1,2542.361
1759555800000,122630.1,122674.5,122353.8,122480.6,2105.084
1759557600000,122480.7,122551.3,122325.6,122448.4,1988.952
1759559400000,122448.5,122511.0,122382.8,122388.9,742.446
1759561200000,122388.9,122414.8,122260.7,122324.8,814.416
1759563000000,122324.9,122350.0,122209.7,122271.3,1148.751
1759564800000,122271.4,122497.4,122243.8,122382.7,1902.398
1759566600000,122382.8,122382.8,122141.5,122226.2,1080.98
1759568400000,122226.2,122414.1,122217.0,122327.8,792.034
1759570200000,122327.8,122327.9,122133.0,122168.0,669.026
1759572000000,122168.0,122278.9,122139.9,122257.4,641.806
1759573800000,122257.3,122293.2,122062.1,122075.0,793.557
1759575600000,122075.1,122177.3,121908.3,122045.5,1536.148
1759577400000,122045.4,122090.1,121924.6,121924.6,731.463
1759579200000,121924.6,122060.4,121918.8,122029.6,760.06
1759581000000,122029.6,122039.9,121891.2,121955.0,842.868
1759582800000,121954.9,122480.9,121954.9,122260.1,2686.942
1759584600000,122260.0,122412.2,122260.0,122335.5,911.538
1759586400000,122335.5,122411.5,122237.6,122270.1,806.063
1759588200000,122270.1,122270.2,121944.3,121944.4,1376.514
1759590000000,121944.4,122085.1,121638.5,121689.8,3893.514
1759591800000,121689.9,121968.0,121662.1,121744.8,2194.369
1759593600000,121744.8,121920.0,121533.3,121664.5,3033.238
1759595400000,121664.4,121850.0,121542.0,121668.5,2936.836
1759597200000,121668.4,121812.1,121610.0,121789.5,922.48
1759599000000,121789.4,121869.6,121622.5,121698.0,1249.718
1759600800000,121698.0,121784.3,121649.4,121681.7,1109.79
1759602600000,121681.6,121681.7,121432.0,121533.4,1596.677
1759604400000,121533.3,121828.8,121533.3,121781.7,966.11
1759606200000,121781.8,121919.0,121781.7,121919.0,595.15
1759608000000,121918.9,122055.4,121843.8,122021.7,1080.972
1759609800000,122021.6,122021.6,121832.8,121832.8,523.056
1759611600000,121832.9,122287.9,121813.4,122287.9,1402.921
1759613400000,122287.9,122310.7,122128.4,122139.9,1013.024
1759615200000,122139.9,122230.6,122089.2,122192.9,565.48
1759617000000,122192.9,122322.2,122156.6,122230.9,897.968
1759618800000,122231.0,122250.0,122159.9,122160.0,452.183
1759620600000,122160.0,122374.8,122159.9,122343.2,808.382
1759622400000,122343.2,122369.3,122197.2,122359.2,696.04
1759624200000,122359.2,122359.3,122101.2,122112.5,939.03
1759626000000,122112.5,122274.8,122088.1,122201.0,977.845
1759627800000,122201.0,122377.7,122201.0,122326.9,815.159
1759629600000,122326.8,122847.0,122290.5,122821.7,4284.083
1759631400000,122821.8,124374.0,122787.0,124012.2,18568.647
1759633200000,124012.2,124110.0,123303.6,123818.4,4728.844
1759635000000,123818.4,124153.3,123695.1,123735.7,3721.53
1759636800000,123735.7,124046.2,123678.0,123977.9,2841.181
1759638600000,123977.9,125877.3,123956.6,125167.5,18718.674
1759640400000,125167.4,125420.1,124856.2,125367.4,6210.244
1759642200000,125367.4,125380.0,124930.0,125103.0,3700.1
1759644000000,125103.0,125215.6,124784.4,124981.5,2937.406
1759645800000,124981.6,125195.4,124812.5,124977.7,1964.575
1759647600000,124977.7,125147.0,124741.5,124741.5,2747.221
1759649400000,124741.6,124919.9,124558.8,124692.4,3677.062
1759651200000,124692.5,124843.0,124524.9,124720.5,2577.702
1759653000000,124720.5,124756.6,124561.5,124580.9,1373.698
1759654800000,124581.0,124644.9,123900.0,123979.8,4190.298
1759656600000,123979.8,123996.2,122720.4,122998.0,16886.028
1759658400000,122998.0,123102.6,122472.0,122970.6,7023.498
1759660200000,122970.6,123074.2,122622.0,122980.9,3070.499
1759662000000,122981.0,123414.6,122788.0,123301.3,4368.075
1759663800000,123301.2,123500.0,123111.0,123413.2,2064.633
1759665600000,123413.3,123413.3,122875.4,123081.4,2548.252
1759667400000,123081.5,123188.0,122914.3,123035.8,1128.496
1759669200000,123035.9,123281.1,123012.3,123242.5,1212.482
1759671000000,123242.5,123295.0,123050.6,123120.0,1054.287
1759672800000,123119.9,123288.6,123086.7,123152.9,903.73
1759674600000,123152.8,123182.4,122684.9,122983.4,2892.227
1759676400000,122983.2,122983.2,122773.8,122842.5,971.371
1759678200000,122842.5,122864.6,122600.0,122753.0,1697.894
1759680000000,122752.9,123067.6,122722.2,122912.3,1811.752
1759681800000,122912.3,123295.0,122160.0,123210.1,7232.433
1759683600000,123210.0,123422.0,123111.0,123138.7,3354.706
1759685400000,123138.6,123138.7,122840.9,123013.9,1440.437
1759687200000,123013.8,123123.4,122814.7,122997.9,1473.048
1759689000000,122997.9,123166.7,122909.4,122963.5,1373.852
1759690800000,122963.5,122982.9,122568.0,122795.9,1796.398
1759692600000,122796.0,122842.2,122442.6,122550.4,1522.585
1759694400000,122550.5,122754.0,122425.7,122696.6,1106.598
1759696200000,122696.7,123023.9,122648.5,122648.5,1339.784
1759698000000,122648.1,122751.6,122474.3,122629.5,896.132
1759699800000,122629.5,122732.0,122440.1,122682.3,543.532
1759701600000,122682.3,123228.0,122682.2,123073.2,2118.142
1759703400000,123073.3,123222.0,122987.2,123188.5,747.511
1759705200000,123188.5,123450.0,123166.0,123420.0,2296.095
1759707000000,123420.0,123453.5,123385.2,123426.7,2027.184
1759708800000,123426.7,124336.3,123206.1,123625.4,8408.781
1759710600000,123625.4,123837.9,123018.5,123295.8,3765.36
1759712400000,123295.9,123959.7,123140.3,123799.9,2575.004
1759714200000,123800.0,124218.0,123663.9,123980.8,3038.505
1759716000000,123980.8,124085.6,123750.0,123824.6,1545.473
1759717800000,123824.6,124200.0,123385.2,124066.9,3557.558
1759719600000,124066.8,124086.6,123819.3,123865.5,1152.829
1759721400000,123865.5,123950.0,123689.3,123792.9,892.301
1759723200000,123792.8,123946.9,123697.4,123924.1,933.936
1759725000000,123924.2,123955.0,123525.1,123538.2,1426.033
1759726800000,123538.2,123598.7,123223.9,123552.1,3034.712
1759728600000,123552.1,123710.8,123400.1,123522.3,1062.976
1759730400000,123522.3,123865.3,123522.3,123815.5,1576.446
1759732200000,123815.5,124137.7,123750.5,123900.0,2196.788
1759734000000,123900.1,123988.1,123751.8,123788.4,1346.956
1759735800000,123788.4,123790.1,123217.9,123332.3,2960.801
1759737600000,123332.4,123741.8,123332.3,123716.8,1563.255
1759739400000,123716.9,123837.7,123561.3,123800.0,1536.619
1759741200000,123800.0,124020.8,123766.3,123850.8,1473.048
1759743000000,123850.7,123975.6,123725.5,123915.2,1209.651
1759744800000,123915.1,124067.1,123850.0,124042.2,1524.05
1759746600000,124042.2,124104.0,123920.0,123920.0,1248.952
1759748400000,123920.0,124404.9,123682.1,124329.4,2447.795
1759750200000,124329.4,124500.0,124042.0,124161.2,3438.011
1759752000000,124161.3,124647.6,124123.3,124327.6,3941.121
1759753800000,124327.7,124550.0,124203.6,124495.3,1718.751
1759755600000,124495.2,124898.8,124481.1,124801.8,3635.722
1759757400000,124801.8,125062.9,124320.0,124967.8,7769.427
1759759200000,124967.7,125281.0,124468.0,124801.7,8340.594
1759761000000,124801.8,125000.4,124245.0,124475.9,4490.569
1759762800000,124475.9,125375.0,124452.1,125115.8,4387.982
1759764600000,125115.9,125233.2,124913.7,124946.2,3171.429
1759766400000,124946.2,125046.2,124742.5,124828.2,2904.684
1759768200000,124828.2,125480.0,124818.8,125417.8,3112.652
1759770000000,125417.7,125789.7,125247.0,125590.2,6247.052
1759771800000,125590.2,125660.1,125068.7,125235.2,3100.585
1759773600000,125235.3,125330.0,124979.0,125170.7,2325.467
1759775400000,125170.8,126208.5,125160.2,125986.0,7773.256
1759777200000,125986.1,126093.7,125372.7,125617.6,4696.05
1759779000000,125617.7,125733.9,125185.1,125357.3,3088.531
1759780800000,125357.3,125500.0,124986.0,125087.6,2328.35
1759782600000,125087.7,125291.2,125048.0,125170.0,1137.133
1759784400000,125170.1,125248.1,124463.0,124750.2,4907.847
1759786200000,124750.2,125062.1,124564.3,125062.0,2222.018
1759788000000,125062.1,125245.4,124933.2,125131.1,1653.875
1759789800000,125131.1,125136.9,124733.0,124999.8,1492.875
1759791600000,124999.9,125060.0,124640.0,124793.8,971.961
1759793400000,124793.8,124831.6,124592.0,124628.5,867.558
1759795200000,124628.6,124803.6,124569.9,124641.5,1339.327
1759797000000,124641.5,124886.6,124541.8,124850.3,1243.999
1759798800000,124850.4,125047.0,124387.6,124662.1,2383.591
1759800600000,124662.0,124751.6,124488.0,124658.0,1043.358
1759802400000,124657.9,124658.0,124100.8,124515.7,2630.47
1759804200000,124515.7,124580.1,124205.5,124205.5,1321.494
1759806000000,124205.6,124527.7,124074.4,124112.0,2073.847
1759807800000,124111.9,124289.5,124055.0,124277.7,1014.807
1759809600000,124277.8,124380.1,124056.1,124379.9,1756.136
1759811400000,124380.0,124631.9,124345.1,124449.8,2701.172
1759813200000,124449.8,124523.3,124176.1,124430.0,1823.062
1759815000000,124430.0,124588.0,124229.0,124349.0,1366.65
1759816800000,124349.0,124410.2,123797.5,123837.9,2662.034
1759818600000,123837.9,123955.2,123720.3,123852.6,2789.693
1759820400000,123852.6,124009.9,123562.9,123820.0,2435.969
1759822200000,123819.9,123819.9,123503.9,123627.1,2621.624
1759824000000,123627.1,123685.4,123261.6,123600.0,4629.497
1759825800000,123599.9,123948.7,123372.7,123813.1,3739.364
1759827600000,123813.1,124153.5,123799.5,124044.6,2206.908
1759829400000,124044.6,124199.2,124018.4,124049.2,1139.225
1759831200000,124049.2,124372.0,123951.6,124224.1,1907.122
1759833000000,124224.1,124330.0,124171.5,124229.9,1170.829
1759834800000,124229.9,124338.4,124110.7,124318.9,1293.767
1759836600000,124318.8,124471.4,124204.4,124397.2,2356.773
1759838400000,124397.1,124467.2,124300.0,124380.0,1355.544
1759840200000,124380.0,125098.0,124271.8,124869.5,4905.843
1759842000000,124869.4,125012.9,124562.7,124753.6,2591.859
1759843800000,124753.6,124756.3,123300.1,123825.4,12480.785
1759845600000,123825.4,123943.1,122705.5,122845.1,12556.892
1759847400000,122845.1,122985.3,122500.1,122684.0,7568.161
1759849200000,122684.1,122819.4,121656.7,122029.1,14884.985
1759851000000,122029.1,122090.0,121102.0,121788.3,14627.718
1759852800000,121788.2,121827.7,120720.2,121090.1,11708.458
1759854600000,121090.2,122049.7,121081.4,121621.5,7381.198
1759856400000,121621.6,121763.6,121162.5,121246.4,4906.127
1759858200000,121246.3,121537.2,121016.6,121073.1,3221.622
1759860000000,121073.2,121270.1,120516.0,120687.2,8833.726
1759861800000,120687.2,120945.1,120545.5,120838.0,3443.06
1759863600000,120838.0,121533.0,120801.6,121206.5,4620.221
1759865400000,121206.5,122000.0,121199.4,121593.6,4080.569
1759867200000,121593.5,122134.7,121593.5,122131.9,2527.056
1759869000000,122132.0,122142.6,121854.0,121885.4,1097.4
1759870800000,121885.4,122255.4,121710.9,122184.0,1739.434
1759872600000,122183.9,122184.0,121730.3,121954.1,1318.758
1759874400000,121954.0,122134.8,121735.2,121859.4,1160.1
1759876200000,121859.3,122000.0,121762.9,121956.8,826.961
1759878000000,121956.8,121961.1,121520.9,121614.3,1965.56
1759879800000,121614.3,121614.4,121218.0,121286.5,2446.592
1759881600000,121286.6,121750.0,121286.6,121538.0,1808.418
1759883400000,121538.0,122042.0,121219.0,121868.9,4583.818
1759885200000,121868.9,122011.8,121550.1,121779.8,3362.882
1759887000000,121779.8,121923.4,121696.7,121911.3,929.557
1759888800000,121911.3,122196.9,121761.3,122132.0,1569.855
1759890600000,122132.1,122141.8,121806.4,121995.0,1915.419
1759892400000,121995.1,121995.1,121323.9,121402.1,2984.33
1759894200000,121402.0,121473.1,121137.0,121333.1,2534.68
1759896000000,121333.1,121564.4,121005.3,121433.0,2549.084
1759897800000,121433.1,121880.0,121433.0,121865.4,1861.011
1759899600000,121865.4,121868.3,121207.2,121337.7,3179.142
1759901400000,121337.7,121489.4,121124.2,121338.0,1962.91
1759903200000,121338.1,121460.2,121020.0,121360.8,2148.151
1759905000000,121360.9,121814.0,121350.8,121749.0,1366.323
1759906800000,121749.1,121836.6,121447.4,121513.6,1747.291
1759908600000,121513.6,121559.7,121272.7,121550.4,1327.919
1759910400000,121550.5,121965.8,121468.5,121873.2,2091.48
1759912200000,121873.2,122820.0,121873.1,122332.6,7842.591
1759914000000,122332.7,122600.0,122332.5,122484.8,2396.347
1759915800000,122484.8,122538.7,122324.5,122485.0,1386.912
1759917600000,122485.0,122779.7,122449.9,122550.1,1546.774
1759919400000,122550.2,123074.8,122516.3,122885.7,3467.04
1759921200000,122885.7,123150.0,122754.4,122959.1,2837.72
1759923000000,122959.2,122987.2,122672.8,122825.7,1120.352
1759924800000,122825.8,123009.6,122571.1,122701.8,2386.822
1759926600000,122701.9,122701.9,122478.9,122580.3,1552.093
1759928400000,122580.2,122729.8,122340.0,122431.9,1606.586
1759930200000,122431.9,122637.5,121607.8,122540.4,7800.366
1759932000000,122540.4,123312.9,122366.3,122543.5,8885.301
1759933800000,122543.5,122807.5,122043.1,122268.4,3986.625
1759935600000,122268.3,122577.9,122136.7,122399.9,2080.272
1759937400000,122400.0,122403.1,121888.0,122140.1,2122.061
1759939200000,122140.1,122877.2,122055.8,122624.3,3598.346
1759941000000,122624.2,123088.0,122500.5,122999.9,1980.174
1759942800000,122999.9,123923.0,122903.8,123747.5,8473.413
1759944600000,123747.4,124170.6,123579.9,123985.5,4114.023
1759946400000,123985.5,124169.2,123520.0,123561.3,3656.6
1759948200000,123561.4,123771.3,123359.7,123389.8,2834.898
1759950000000,123389.8,123604.4,123095.0,123577.9,2564.224
1759951800000,123577.8,123690.0,123321.0,123381.8,2426.835
1759953600000,123381.8,123671.5,123235.6,123491.2,1558.79
1759955400000,123491.2,123515.0,122757.5,122784.6,1995.55
1759957200000,122784.6,123257.4,122739.7,123215.9,1695.337
1759959000000,123216.0,123272.2,123104.0,123231.4,497.9
1759960800000,123231.5,123362.9,123209.3,123228.8,720.559
1759962600000,123228.8,123300.0,123126.1,123126.1,365.189
1759964400000,123126.0,123420.9,122981.2,123420.9,925.73
1759966200000,123421.0,123475.3,123235.2,123237.5,752.086
1759968000000,123237.4,123279.7,122959.7,123000.0,1154.975
1759969800000,122999.9,123062.3,122782.0,122782.0,1104.573
1759971600000,122782.0,122806.0,122424.2,122471.9,2458.949
1759973400000,122471.9,122520.2,122272.7,122496.6,1804.123
1759975200000,122496.5,122496.6,121907.0,121956.3,2990.536
1759977000000,121956.3,122070.0,121411.8,121573.2,4109.532
1759978800000,121573.2,122080.7,121558.8,121927.3,2807.23
1759980600000,121927.4,122033.3,121841.9,121988.4,1043.109
1759982400000,121988.4,122221.0,121845.2,122193.1,1877.511
1759984200000,122193.1,122193.1,121947.0,122087.6,1105.794
1759986000000,122087.6,122150.4,121816.3,121951.2,1497.055
1759987800000,121951.2,122088.6,121762.2,122052.6,1528.794
1759989600000,122052.6,122093.1,121824.7,122041.3,1285.216
1759991400000,122041.3,122139.1,121810.4,121900.4,1015.383
1759993200000,121900.3,122006.7,121741.1,121812.9,974.688
1759995000000,121812.8,121946.2,121657.3,121847.9,1406.999
1759996800000,121847.8,121909.7,121136.0,121136.0,4367.168
1759998600000,121136.1,121570.9,121081.5,121202.4,3861.249
1760000400000,121202.4,121719.5,121202.4,121643.6,2531.798
1760002200000,121643.7,121790.0,121555.0,121753.3,1436.783
1760004000000,121753.4,121850.0,121591.4,121671.3,1179.864
1760005800000,121671.3,122287.2,121671.2,122106.2,2927.014
1760007600000,122106.1,122721.5,122106.1,122610.0,2983.514
1760009400000,122610.1,122777.0,122521.4,122672.9,1970.665
1760011200000,122673.0,123091.6,122640.3,122961.0,4499.347
1760013000000,122961.0,123740.1,122885.2,123500.0,6560.719
1760014800000,123500.0,123598.8,123098.7,123408.8,4218.939
1760016600000,123408.8,123408.8,122227.7,122357.0,8635.646
1760018400000,122357.0,122533.4,121450.0,121621.6,13947.128
1760020200000,121621.6,121769.7,120666.9,121235.1,14466.148
1760022000000,121235.1,121663.0,120955.0,120981.5,5327.258
1760023800000,120981.4,121218.0,120595.5,121079.4,4862.083
1760025600000,121079.4,121426.7,120987.8,121189.9,3579.532
1760027400000,121189.8,121242.6,119619.0,119752.1,14686.733
1760029200000,119752.1,120472.7,119572.8,120205.6,8835.567
1760031000000,120205.7,121000.3,120192.0,120915.6,4998.426
1760032800000,120915.5,121051.2,120482.3,120635.8,4673.272
1760034600000,120635.8,120671.4,120319.0,120600.0,2081.83
1760036400000,120600.0,121060.1,120600.0,121041.4,1866.285
1760038200000,121041.3,121057.8,120751.2,120897.6,1284.542
1760040000000,120897.6,121104.9,120787.9,120830.5,1134.326
1760041800000,120830.5,121147.2,120830.5,121045.4,1268.795
1760043600000,121045.3,121442.6,120998.3,121268.7,1593.304
1760045400000,121268.8,121457.2,121178.7,121407.8,1013.961
1760047200000,121407.9,121544.5,121342.0,121486.0,1181.574
1760049000000,121486.1,121712.4,121413.1,121619.5,1065.171
1760050800000,121619.6,121619.6,121271.3,121455.1,1366.888
1760052600000,121455.1,121671.1,121366.0,121579.3,1026.384
1760054400000,121579.4,121808.0,121523.7,121808.0,1313.648
1760056200000,121807.9,121807.9,121548.2,121682.2,878.808
1760058000000,121682.2,121835.5,121589.4,121755.9,921.405
1760059800000,121755.9,121769.7,121425.3,121575.3,1122.045
1760061600000,121575.2,121595.4,121155.7,121292.3,4143.11
1760063400000,121292.3,121303.0,120850.0,121007.2,3141.17
1760065200000,121007.1,121412.7,120852.4,121389.0,2001.089
1760067000000,121389.0,121535.3,120960.4,120960.8,2592.839
1760068800000,120960.8,121342.5,120956.8,121240.5,1930.524
1760070600000,121240.5,121308.5,120989.6,121192.7,1274.024
1760072400000,121192.6,121452.5,120933.7,121314.0,1528.147
1760074200000,121314.1,121559.1,121155.2,121529.6,1689.754
1760076000000,121529.6,121712.2,121446.1,121466.9,1871.736
1760077800000,121466.9,121678.0,121194.3,121315.0,1731.958
1760079600000,121315.1,121336.5,121135.4,121261.2,1349.022
1760081400000,121261.2,121291.1,120814.0,120886.1,2261.175
1760083200000,120886.1,121275.2,120869.2,121229.4,1664.15
1760085000000,121229.4,121624.4,121160.3,121570.5,1304.975
1760086800000,121570.5,121728.3,121408.1,121679.6,1596.009
1760088600000,121679.6,121698.6,121209.3,121249.9,1888.077
1760090400000,121250.0,121428.9,121237.5,121270.0,764.727
1760092200000,121270.0,121489.2,121163.2,121443.4,1165.861
1760094000000,121443.4,121608.0,121361.8,121394.0,901.459
1760095800000,121394.0,121586.3,121383.8,121493.2,763.295
1760097600000,121493.2,121638.7,121396.0,121480.9,1091.853
1760099400000,121480.9,121562.3,121353.7,121534.8,905.554
1760101200000,121534.8,121999.0,121534.7,121909.9,3214.93
1760103000000,121909.9,122497.0,121313.6,121609.1,8419.321
1760104800000,121609.1,122000.0,121074.0,121165.1,5220.538
1760106600000,121165.1,121400.0,120408.1,120436.4,5930.359
1760108400000,120436.3,120583.7,119188.0,119188.0,22932.887
1760110200000,119188.0,119560.9,118424.4,118965.3,19386.912
1760112000000,118965.2,119199.0,118520.7,119015.0,7648.673
1760113800000,119015.0,119403.4,118150.0,118150.0,10476.132
1760115600000,118150.0,118379.7,117600.0,118108.6,11372.59
1760117400000,118108.6,118142.0,117517.6,117590.8,5121.74
1760119200000,117590.8,117825.2,117460.0,117560.1,4482.888
1760121000000,117560.0,117658.8,117161.8,117178.5,3975.448
1760122800000,117178.5,117300.0,115845.0,116001.3,16726.4
1760124600000,116007.8,117051.7,115935.8,116605.3,8038.657
1760126400000,116605.2,117122.2,116514.0,117014.0,3517.552
1760128200000,117014.0,117145.3,112786.6,114198.0,27976.297
1760130000000,114200.4,115075.6,101516.5,109183.0,97496.958
1760131800000,109183.0,113757.0,108668.3,113253.6,34353.261
1760133600000,113253.6,113750.0,111020.4,112329.3,21518.747
1760135400000,112329.3,114071.0,112044.0,113606.3,13388.516
1760137200000,113606.2,113798.0,112700.0,113704.2,7558.768
1760139000000,113704.2,114829.7,112688.0,112714.9,11409.644
1760140800000,112715.0,112986.8,111580.0,112416.0,9456.742
1760142600000,112416.0,113142.7,112021.0,112463.3,5123.997
1760144400000,112463.3,112489.9,111147.7,111233.2,4961.847
1760146200000,111233.2,111940.0,110987.0,111060.0,5273.9
1760148000000,111060.0,112409.0,111045.5,112154.9,5613.165
1760149800000,112154.9,113273.3,112128.7,113175.4,5931.454
1760151600000,113175.3,113300.1,111808.3,111826.1,5381.36
1760153400000,111826.0,112375.2,111750.0,112261.9,3279.713
1760155200000,112261.6,112560.5,112023.1,112233.6,2457.929
1760157000000,112233.6,112931.9,111633.2,112905.3,3566.142
1760158800000,112905.3,112908.8,111982.5,111982.6,4192.886
1760160600000,111982.5,112498.7,111982.5,112338.3,2239.801
1760162400000,112338.2,112718.9,112056.0,112638.3,1862.298
1760164200000,112638.3,112641.1,111982.5,112000.0,2377.86
1760166000000,112000.1,112050.0,110604.0,110693.2,13436.335
1760167800000,110693.2,110949.2,110022.0,110338.7,7887.013
1760169600000,110338.7,111080.0,110100.5,110909.9,5092.086
1760171400000,110909.9,111497.2,110666.8,111273.7,3002.826
1760173200000,111273.7,111748.4,111212.6,111713.2,3160.781
1760175000000,111713.3,111855.5,111417.9,111576.8,2467.7
1760176800000,111576.9,112142.0,111571.3,112141.9,3274.391
1760178600000,112141.9,112214.8,111893.4,112063.2,1933.713
1760180400000,112063.1,112307.6,111632.0,112290.1,2862.823
1760182200000,112290.1,112300.0,112043.8,112224.6,1698.67
1760184000000,112224.6,112423.0,111976.3,112423.0,1921.377
1760185800000,112422.9,112423.0,112100.5,112319.6,1660.2
1760187600000,112319.6,112466.2,112109.5,112282.5,1637.038
1760189400000,112282.6,112326.1,111810.6,112208.6,3338.751
1760191200000,112208.7,112297.1,111911.0,111989.8,2040.044
1760193000000,111989.8,112142.0,111823.8,111934.5,2011.314
1760194800000,111934.5,112342.2,111911.0,112150.0,2160.873
1760196600000,112150.0,112181.1,111740.8,111744.4,1929.301
1760198400000,111744.4,112046.4,111729.0,111757.7,1671.38
1760200200000,111757.6,111852.0,111353.1,111803.8,3102.679
1760202000000,111803.8,112142.0,111666.0,112071.5,1684.583
1760203800000,112071.4,112129.5,111799.6,111944.5,1585.758
1760205600000,111944.5,111976.0,111776.7,111835.1,970.532
1760207400000,111835.1,111919.2,111800.0,111907.2,598.533
1760209200000,111907.2,111980.0,110934.9,111334.3,4757.525
1760211000000,111334.3,111370.5,110800.1,111126.7,2739.647
1760212800000,111126.6,111333.5,110430.0,110569.2,3642.375
1760214600000,110569.2,110800.0,109600.0,110184.8,6310.211
1760216400000,110184.8,110823.4,109501.0,110731.1,5044.157
1760218200000,110731.2,110953.8,110513.6,110832.7,1401.478
1760220000000,110832.6,110990.0,110584.3,110871.7,1915.138
1760221800000,110871.8,111247.6,110839.0,110978.8,1897.899
1760223600000,110978.8,111060.8,110750.1,110894.8,1536.368
1760225400000,110894.8,110938.5,110576.8,110579.1,1578.997
1760227200000,110579.1,110613.7,109844.6,109870.9,3453.536
1760229000000,109870.9,110422.8,109509.3,109600.7,3697.263
1760230800000,109600.7,110084.0,109589.5,109911.9,3012.009
1760232600000,109912.0,110275.0,109758.9,109928.6,3618.421
1760234400000,109928.6,110493.3,109803.0,110402.5,4098.011
1760236200000,110402.6,110670.5,109544.2,110072.2,5150.708
1760238000000,110072.2,111424.0,109950.0,110924.7,6515.322
1760239800000,110924.7,111186.6,110556.7,110643.3,2479.24
1760241600000,110643.3,111180.6,110561.8,111075.6,1705.434
1760243400000,111075.6,111909.5,111075.6,111486.1,4377.014
1760245200000,111486.1,111537.5,111142.8,111533.9,2025.494
1760247000000,111533.9,111755.7,111372.1,111642.4,1710.559
1760248800000,111642.4,112110.0,111546.0,111866.8,2481.064
1760250600000,111866.8,111866.8,111568.1,111634.8,2028.016
1760252400000,111634.9,111884.8,111490.7,111555.7,2463.52
1760254200000,111555.7,111683.2,111433.7,111464.0,1956.51
1760256000000,111463.9,111746.2,111418.8,111712.2,2237.075
1760257800000,111712.2,111712.2,111233.0,111244.1,3548.464
1760259600000,111244.0,111370.9,111070.4,111331.9,2237.395
1760261400000,111331.8,111854.0,111280.3,111772.1,2009.865
1760263200000,111772.2,111963.9,111479.5,111541.3,2659.641
1760265000000,111541.3,111658.6,111377.5,111589.7,1397.335
1760266800000,111589.7,111850.1,111407.1,111669.4,1895.063
1760268600000,111669.4,112084.3,111602.2,111783.8,3195.573
1760270400000,111783.8,112191.5,111767.6,111930.6,3577.301
1760272200000,111930.6,111955.2,111470.9,111711.3,2590.479
1760274000000,111711.3,111877.7,111493.7,111611.6,2347.272
1760275800000,111611.5,111767.7,111191.1,111238.1,5036.41
1760277600000,111238.1,111485.8,111150.7,111405.4,2896.868
1760279400000,111405.5,112929.0,111111.0,112260.0,18364.206
1760281200000,112260.1,113687.6,111996.9,113100.0,16952.006
1760283000000,113100.0,113225.0,112331.2,113119.0,8799.909
1760284800000,113119.0,114243.8,113119.0,113568.1,10295.851
1760286600000,113568.1,114654.5,113290.0,113993.4,11029.995
1760288400000,113993.4,114396.5,113789.5,114262.7,5756.351
1760290200000,114262.7,114332.9,113400.0,113729.4,6139.307
1760292000000,113729.4,114183.1,113700.1,113823.8,3359.229
1760293800000,113823.7,113944.1,113463.2,113815.9,2863.697
1760295600000,113816.0,114346.2,113754.8,114236.4,2801.739
1760297400000,114236.4,114338.5,114028.8,114288.7,1799.58
1760299200000,114288.8,115305.8,114288.7,115175.0,5641.021
1760301000000,115175.0,115400.0,114839.4,114864.5,5748.858
1760302800000,114864.4,115594.6,114578.0,114904.7,6423.878
1760304600000,114904.7,114916.5,114200.0,114822.0,4187.163
1760306400000,114822.0,115730.3,114822.0,115169.6,10486.969
1760308200000,115169.5,115486.0,115037.9,115160.7,3543.659
1760310000000,115160.7,115273.7,114676.1,115177.0,4511.782
1760311800000,115177.0,115298.3,114777.0,114894.4,2821.975
1760313600000,114894.5,115844.8,114703.9,115131.1,6437.596
1760315400000,115131.1,115424.4,114888.0,115220.0,4911.706
1760317200000,115220.0,115600.0,115010.2,115538.8,4942.869
1760319000000,115538.8,115700.0,115432.0,115638.0,3081.946
1760320800000,115638.0,115912.0,114941.0,115155.5,5325.812
1760322600000,115155.6,115428.4,115123.0,115275.0,2427.292
1760324400000,115275.0,115573.7,115053.4,115101.8,2619.138
1760326200000,115101.9,115158.9,114566.1,114773.6,4119.72
1760328000000,114773.5,114958.0,114560.0,114605.7,3008.715
1760329800000,114605.7,114953.4,114357.2,114656.6,5722.686
1760331600000,114656.5,114785.8,114458.1,114661.3,2323.004
1760333400000,114661.3,114693.2,114482.9,114570.2,2054.025
1760335200000,114570.1,115077.3,114369.2,115048.6,3478.654
1760337000000,115048.0,115333.2,114852.8,115168.4,3320.992
1760338800000,115168.4,115500.0,114970.8,115440.9,3889.37
1760340600000,115440.9,115494.7,115025.0,115341.7,3219.103
1760342400000,115341.7,115350.0,115070.1,115217.6,2956.656
1760344200000,115217.6,115376.3,115100.0,115193.8,1764.236
1760346000000,115193.7,115193.8,114682.8,114888.0,3552.27
1760347800000,114887.9,115130.4,114858.8,115057.2,1916.972
1760349600000,115057.2,115098.9,114760.0,114834.4,2141.897
1760351400000,114834.4,114919.5,114670.1,114754.8,2294.39
1760353200000,114754.7,114754.7,113600.5,113618.3,10238.154
1760355000000,113612.3,114338.0,113612.3,114129.3,5066.831
1760356800000,114129.2,114440.2,113871.8,114293.2,3906.127
1760358600000,114293.3,114707.0,114202.5,114360.0,4159.007
1760360400000,114359.9,114653.0,114160.5,114285.5,4798.322
1760362200000,114285.6,115488.9,114261.4,115291.5,14267.476
1760364000000,115291.4,115420.1,114100.0,114254.9,8356.422
1760365800000,114254.8,114744.2,113721.2,113973.6,7723.615
1760367600000,113973.5,114545.0,113917.4,114192.3,4932.459
1760369400000,114192.4,114683.5,114057.4,114260.7,4106.786
1760371200000,114260.8,115139.0,114200.1,114378.6,7778.161
1760373000000,114378.6,114745.1,114280.4,114596.6,3614.554
1760374800000,114596.6,114941.5,114390.0,114499.8,3778.345
1760376600000,114499.9,115025.0,114151.0,114990.1,4337.338
1760378400000,114990.1,115268.0,114653.2,115208.6,6242.626
1760380200000,115208.7,115332.7,114908.8,115107.7,3743.158
1760382000000,115107.7,115694.9,115011.6,115544.5,4997.834
1760383800000,115544.5,115827.6,115421.2,115726.6,4262.688
1760385600000,115726.6,115817.4,115420.0,115426.2,2178.373
1760387400000,115426.1,115684.4,115323.9,115656.9,1951.079
1760389200000,115656.9,115741.3,115491.8,115569.6,1498.148
1760391000000,115569.6,115651.1,115536.4,115651.0,596.14
1760392800000,115651.1,115777.2,115506.2,115517.4,1534.118
1760394600000,115517.4,115545.8,115371.3,115443.3,1243.325
1760396400000,115443.2,115443.3,115230.4,115326.4,1787.808
1760398200000,115326.5,115368.0,114930.1,115111.9,3388.84
1760400000000,115112.0,115327.8,114992.6,115150.3,2698.317
1760401800000,115150.2,115360.2,114800.1,114904.1,3013.205
1760403600000,114904.0,114937.8,114461.3,114512.7,3750.89
1760405400000,114512.6,114539.4,114073.4,114216.2,2519.494
1760407200000,114216.1,114237.5,113832.0,113958.3,3661.908
1760409000000,113958.3,114055.0,113566.1,113566.2,4757.071
1760410800000,113566.1,113633.9,113210.6,113267.6,7892.978
1760412600000,113267.6,113639.0,113260.6,113441.0,3574.333
1760414400000,113440.9,113534.3,113160.7,113434.1,4731.03
1760416200000,113434.2,113434.2,112718.0,113012.9,8981.688
1760418000000,113012.9,113677.9,112926.4,112975.7,10788.776
1760419800000,112975.7,113061.4,112300.1,112438.3,11295.786
1760421600000,112438.3,112650.0,112200.7,112237.3,5058.922
1760423400000,112237.3,112391.1,111302.0,111933.5,12231.538
1760425200000,111933.4,112147.3,111605.2,112030.0,5948.092
1760427000000,112030.0,112035.3,111412.5,111665.2,7177.042
1760428800000,111665.2,111947.2,111456.0,111917.0,5354.061
1760430600000,111917.1,112100.1,111677.0,111748.1,3672.538
1760432400000,111748.1,111950.0,111561.7,111703.1,3203.805
1760434200000,111703.1,111838.4,111002.8,111237.4,6487.553
1760436000000,111237.4,111286.2,110270.3,110315.5,7921.743
1760437800000,110315.6,110654.5,109969.2,110573.9,7505.098
1760439600000,110573.9,111560.7,110552.3,111407.5,7027.469
1760441400000,111407.4,111561.2,111185.6,111241.4,3628.464
1760443200000,111241.4,111291.9,110875.2,111192.5,3326.234
1760445000000,111192.4,111228.4,110675.0,110741.1,2753.891
1760446800000,110741.2,110907.9,110285.7,110716.8,4437.591
1760448600000,110716.7,111313.5,109802.0,110961.4,14076.86
1760450400000,110961.4,112163.8,110860.8,111749.9,10158.149
1760452200000,111749.9,112047.8,111284.2,111369.2,4716.273
1760454000000,111369.2,111719.0,110998.7,111448.5,3422.485
1760455800000,111448.5,112839.9,111319.4,112823.0,9890.027
1760457600000,112822.9,113233.2,112203.0,112648.3,9866.636
1760459400000,112648.2,112811.5,112101.9,112253.1,7248.559
1760461200000,112253.1,112842.7,111615.1,112702.6,9463.339
1760463000000,112702.7,112868.0,112260.0,112690.5,4794.759
1760464800000,112690.6,113391.4,112638.4,113073.5,5122.676
1760466600000,113073.5,113277.9,112576.5,112784.2,3095.48
1760468400000,112784.1,113480.0,112784.1,113287.1,2445.524
1760470200000,113287.1,113360.8,111952.0,112543.9,9004.355
1760472000000,112543.9,112859.9,112164.6,112741.4,2320.84
1760473800000,112741.3,112950.0,112626.9,112939.0,1161.716
1760475600000,112939.0,112946.0,112634.8,112917.2,1185.843
1760477400000,112917.2,113142.8,112800.9,113060.1,958.789
1760479200000,113060.1,113557.9,113060.1,113123.8,2834.32
1760481000000,113123.8,113185.0,112762.6,113150.1,1411.843
1760482800000,113150.2,113465.0,113060.6,113380.4,1355.272
1760484600000,113380.4,113429.4,112960.5,112983.8,1311.234
1760486400000,112983.9,112999.7,112587.2,112780.0,2738.641
1760488200000,112779.9,113069.7,112543.1,112939.4,2256.303
1760490000000,112939.5,112964.4,112341.7,112426.7,2718.333
1760491800000,112426.7,112730.8,112270.4,112677.6,1861.562
1760493600000,112677.5,113510.9,112612.4,113510.9,2993.053
1760495400000,113510.8,113576.1,112752.0,112763.2,2220.103
1760497200000,112763.2,112820.0,111889.0,112213.1,3604.096
1760499000000,112213.2,112213.2,111758.5,111978.7,1973.457
1760500800000,111978.7,112287.1,111692.8,112137.9,2220.502
1760502600000,112137.9,112435.4,112023.4,112292.4,1442.432
1760504400000,112292.3,112523.0,112162.6,112269.2,1867.585
1760506200000,112269.3,112616.7,112131.3,112378.0,1269.55
1760508000000,112378.0,112440.1,111834.0,111887.4,1863.443
1760509800000,111887.5,112528.3,111841.8,112399.9,1745.64
1760511600000,112400.0,112637.0,112170.3,112300.0,1501.095
1760513400000,112300.1,112533.1,112262.2,112524.3,1023.739
1760515200000,112524.4,113113.0,112476.3,113068.1,3305.718
1760517000000,113068.1,113477.9,112839.0,112899.9,4301.002
1760518800000,112899.9,113072.2,112424.4,112548.7,2698.57
1760520600000,112548.7,112670.1,112317.2,112506.2,2144.31
1760522400000,112506.1,112603.1,112259.4,112360.5,2172.481
1760524200000,112360.6,112429.1,111995.5,112214.2,3363.795
1760526000000,112214.1,112557.0,111606.1,111990.5,6382.585
1760527800000,111990.5,112054.5,111800.0,111841.0,1492.492
1760529600000,111840.9,112039.5,111312.6,111414.6,4018.586
1760531400000,111414.6,111756.9,111343.6,111656.8,2333.854
1760533200000,111656.7,111656.8,111289.7,111379.5,1556.817
1760535000000,111379.5,111961.5,110666.0,111339.0,9018.777
1760536800000,111338.9,112183.4,111329.8,111867.1,5721.737
1760538600000,111867.0,111892.7,110736.1,111000.4,5551.941
1760540400000,111000.4,111572.7,110500.0,111128.5,6973.493
1760542200000,111128.4,111344.1,110320.4,110757.5,5012.649
1760544000000,110757.4,111089.7,110560.4,110921.0,2868.3
1760545800000,110921.0,110986.0,110546.8,110693.4,2455.807
1760547600000,110693.4,110707.7,110096.9,110351.5,4316.855
1760549400000,110351.5,111137.5,110185.0,111133.9,2669.968
1760551200000,111133.8,111327.0,110770.0,111154.2,2066.752
1760553000000,111154.1,111441.0,110932.8,111372.9,1514.88
1760554800000,111372.9,111500.0,111030.2,111426.1,1628.966
1760556600000,111426.1,111473.4,111014.0,111202.7,1422.266
1760558400000,111202.7,111499.7,110957.9,110987.8,1321.169
1760560200000,110987.8,111387.8,110441.7,111049.8,3118.086
1760562000000,111049.7,111105.6,110429.8,110911.3,2056.63
1760563800000,110911.3,111368.5,110626.2,110795.9,2141.891
1760565600000,110795.9,111333.3,110744.4,111113.5,1576.282
1760567400000,111113.4,111257.0,110597.9,110602.2,1267.511
1760569200000,110602.2,110886.5,110526.3,110826.7,1058.623
1760571000000,110826.7,110958.4,110588.5,110699.0,944.763
1760572800000,110699.1,110800.0,110437.8,110737.0,1559.516
1760574600000,110737.0,110737.0,110300.0,110387.2,1632.045
1760576400000,110387.1,111069.4,110373.8,110843.2,2178.612
1760578200000,110843.3,111290.0,110755.2,111256.8,1727.625
1760580000000,111256.9,111524.1,110959.0,111357.7,2710.085
1760581800000,111357.7,111509.6,111221.7,111464.2,1217.657
1760583600000,111464.2,111827.5,111359.1,111674.7,2160.625
1760585400000,111674.6,111674.7,111200.0,111277.4,2006.553
1760587200000,111277.5,111626.0,111257.4,111493.2,1306.371
1760589000000,111493.2,111533.0,110737.0,110918.4,2659.011
1760590800000,110918.4,111113.7,110845.7,110998.7,1452.147
1760592600000,110998.7,111436.0,110666.0,110881.8,2439.411
1760594400000,110881.8,111259.3,110845.0,111253.4,1695.257
1760596200000,111253.4,111693.4,111245.1,111603.9,2525.393
1760598000000,111604.0,111711.4,110650.0,110700.0,4059.829
1760599800000,110700.1,110875.4,110488.0,110518.2,3789.872
1760601600000,110518.2,110688.1,110330.4,110488.7,2363.161
1760603400000,110488.7,110849.9,110435.9,110760.8,2147.478
1760605200000,110760.7,110918.6,110615.0,110615.1,1407.451
1760607000000,110615.0,111623.0,109403.5,111099.9,18896.538
1760608800000,111099.9,111677.1,110963.1,111312.0,4583.15
1760610600000,111311.9,111600.0,111200.0,111422.3,1746.385
1760612400000,111422.3,111521.8,111017.9,111068.4,2295.695
1760614200000,111068.4,111398.8,110955.0,111363.9,2392.139
1760616000000,111364.0,111960.0,111276.8,111366.5,4959.053
1760617800000,111366.5,111640.9,111279.4,111470.9,2572.987
1760619600000,111470.8,111507.9,110756.4,111092.6,2821.35
1760621400000,111092.6,111452.7,110611.0,110794.7,4444.407
1760623200000,110794.7,110891.3,109637.8,110275.4,8906.527
1760625000000,110275.1,111377.7,110275.1,110466.9,8420.038
1760626800000,110466.9,110666.6,109801.0,109989.9,4786.813
1760628600000,109989.8,110134.5,108250.0,108474.0,19325.337
1760630400000,108473.9,108761.6,107850.5,108083.5,12029.579
1760632200000,108083.5,109212.6,107503.3,109182.9,11443.031
1760634000000,109182.9,109192.7,108259.8,108748.2,7788.341
1760635800000,108748.3,108890.9,108156.0,108220.5,3199.04
1760637600000,108220.5,108245.9,107625.3,107822.9,5493.995
1760639400000,107822.6,108608.9,107779.8,108600.0,3857.92
1760641200000,108600.0,108700.0,107650.0,107875.9,3950.341
1760643000000,107875.9,108500.0,107626.5,108151.3,3123.835
1760644800000,108151.2,108391.5,107733.8,107934.0,2349.395
1760646600000,107934.0,108004.1,107350.0,107796.4,4066.694
1760648400000,107796.4,108171.2,107520.6,108059.3,2219.085
1760650200000,108059.2,108404.6,108039.5,108374.5,1335.069
1760652000000,108374.6,108450.4,107910.1,107925.9,1256.989
1760653800000,107926.0,108017.7,107712.2,107738.5,1255.75
1760655600000,107738.5,108376.2,107666.0,108250.1,1971.001
1760657400000,108250.1,108250.1,107910.2,108129.4,1016.202
1760659200000,108129.4,108458.6,107885.6,108451.7,1888.512
1760661000000,108451.6,108795.0,108254.5,108738.1,2380.355
1760662800000,108737.3,109050.0,108670.5,108750.2,2715.461
1760664600000,108750.2,108851.6,108437.6,108774.2,1657.259
1760666400000,108774.3,108776.4,108322.1,108369.9,1635.101
1760668200000,108369.8,109046.2,108337.5,108916.6,2048.979
1760670000000,108916.6,109040.1,108850.0,108981.2,1265.817
1760671800000,108981.3,109199.8,108832.4,109121.8,1408.164
1760673600000,109121.9,109182.9,108857.7,108913.3,1257.413
1760675400000,108913.4,109013.7,108715.6,108729.7,1880.92
1760677200000,108729.7,108863.5,108656.2,108770.4,1173.72
1760679000000,108770.4,108804.8,108250.0,108327.9,2629.11
1760680800000,108328.0,108471.4,107706.8,107768.3,4255.028
1760682600000,107768.2,107838.7,106600.0,106699.1,14220.354
1760684400000,106699.1,106864.9,106100.0,106256.8,10525.276
1760686200000,106256.9,106280.8,105457.4,105578.3,10978.29
1760688000000,105578.3,105616.7,104383.3,105132.1,18180.729
1760689800000,105132.1,105660.0,104688.4,104845.1,7743.672
1760691600000,104845.2,105299.9,104764.4,105060.9,4459.718
1760693400000,105060.9,105581.3,104480.4,104487.5,5536.305
1760695200000,104487.5,104795.0,103470.0,103971.4,13072.687
1760697000000,103971.5,104885.3,103921.9,104728.5,7523.015
1760698800000,104728.4,106666.6,104617.4,106183.9,19584.985
1760700600000,106183.9,106256.9,105355.4,105610.5,9676.75
1760702400000,105610.5,105998.0,105434.4,105536.7,6221.302
1760704200000,105536.8,105739.8,105154.6,105283.8,4566.898
1760706000000,105283.8,105571.9,104795.0,105443.4,5879.042
1760707800000,105443.4,106126.2,104895.0,105769.9,8693.915
1760709600000,105770.0,105934.4,104900.0,105004.5,6654.738
1760711400000,105004.4,105729.5,104489.5,105110.9,10501.478
1760713200000,105110.9,106196.8,105044.8,106049.0,8431.479
1760715000000,106049.0,106800.0,105603.6,106750.1,6802.822
1760716800000,106750.0,107505.0,106609.5,106738.2,9251.207
1760718600000,106738.2,106867.5,106200.0,106331.2,4169.807
1760720400000,106331.1,106688.7,106129.0,106171.6,2116.306
1760722200000,106171.5,106538.2,106016.6,106405.3,2369.023
1760724000000,106405.2,106916.6,106405.2,106830.1,2756.915
1760725800000,106830.1,107058.8,106454.5,106600.1,1830.804
1760727600000,106600.1,106849.9,106428.0,106546.7,1457.218
1760729400000,106546.7,106593.8,106183.3,106416.4,1803.462
1760731200000,106416.5,107019.4,106296.3,106976.3,1524.692
1760733000000,106976.3,107134.8,106843.0,106970.0,1615.809
1760734800000,106968.6,107370.0,106952.0,107364.2,2081.34
1760736600000,107364.3,107370.0,107141.7,107232.6,1538.342
1760738400000,107232.6,107355.3,106921.3,107070.6,1245.422
1760740200000,107070.6,107087.4,106737.3,106929.7,1421.956
1760742000000,106929.6,106929.8,106524.2,106534.3,890.89
1760743800000,106534.3,106630.6,106325.0,106378.6,1267.205
1760745600000,106378.5,106786.7,106270.0,106688.7,2154.105
1760747400000,106688.8,106785.6,106515.3,106783.0,1083.219
1760749200000,106783.0,107233.8,106757.4,107233.8,1586.097
1760751000000,107233.7,107248.0,106966.4,107095.8,1350.549
1760752800000,107095.8,107250.0,106778.8,106938.6,2061.063
1760754600000,106938.6,107042.7,106435.0,106540.5,4025.644
1760756400000,106540.5,106934.7,106517.8,106892.4,1632.49
1760758200000,106892.5,107084.9,106869.0,107025.0,1719.058
1760760000000,107024.9,107025.0,106390.5,106614.1,5333.845
1760761800000,106614.1,106651.1,106374.2,106405.5,1538.549
1760763600000,106405.5,106614.0,106405.5,106527.0,1324.892
1760765400000,106527.1,106790.1,106447.3,106755.4,1301.899
1760767200000,106755.4,106896.0,106653.8,106804.4,1829.669
1760769000000,106804.3,106866.0,106686.5,106801.3,774.556
1760770800000,106801.3,107452.6,106801.3,107027.7,4082.123
1760772600000,107027.7,107309.0,106570.6,106648.3,3352.702
1760774400000,106648.2,106925.8,106570.6,106660.1,2955.214
1760776200000,106660.0,106779.9,106550.0,106663.2,1567.417
1760778000000,106663.3,106817.1,106568.0,106788.0,1104.496
1760779800000,106788.0,106887.4,106671.9,106834.5,638.506
1760781600000,106834.5,106921.1,106760.0,106912.7,616.422
1760783400000,106912.8,107089.9,106721.7,106859.7,1433.387
1760785200000,106859.6,106898.8,106708.6,106836.7,693.899
1760787000000,106836.7,107187.9,106800.0,107151.0,1406.527
1760788800000,107151.0,107248.0,107008.8,107050.2,1709.958
1760790600000,107050.2,107050.2,106901.7,107001.1,708.463
1760792400000,107001.0,107043.5,106850.0,106943.1,981.836
1760794200000,106943.1,106943.1,106750.1,106836.7,1327.933
1760796000000,106836.6,106932.1,106669.0,106853.4,1385.644
1760797800000,106853.3,107074.3,106845.9,106978.4,1174.17
1760799600000,106978.5,107099.9,106920.0,106920.0,964.564
1760801400000,106920.0,106931.4,106763.6,106893.2,1101.079
1760803200000,106893.3,107007.9,106650.1,106762.7,1323.549
1760805000000,106762.7,106762.7,106410.8,106601.3,2777.644
1760806800000,106601.4,106900.0,106510.3,106879.1,1083.14
1760808600000,106879.1,106900.0,106705.4,106822.8,629.166
1760810400000,106822.9,106876.0,106669.2,106751.9,508.151
1760812200000,106752.0,106820.6,106750.3,106792.4,247.095
1760814000000,106792.3,106940.9,106712.6,106921.0,503.418
1760815800000,106921.0,107047.5,106853.3,107023.0,759.95
1760817600000,107023.0,107220.7,106927.2,107182.8,1854.885
1760819400000,107182.9,107298.7,106957.5,106957.5,896.218
1760821200000,106957.6,107047.8,106788.4,107047.8,771.697
1760823000000,107047.8,107185.0,107000.0,107116.4,484.769
1760824800000,107116.5,107229.6,107044.7,107178.2,461.181
1760826600000,107178.1,107200.0,107005.6,107061.9,446.524
1760828400000,107061.8,107122.7,106952.6,106997.9,509.047
1760830200000,106998.0,107140.3,106997.9,107117.5,333.494
1760832000000,107117.5,107217.0,106936.6,107024.8,1547.823
1760833800000,107024.8,107034.0,106692.2,106833.4,2138.771
1760835600000,106833.4,106924.8,106666.9,106894.1,890.952
1760837400000,106894.1,106933.0,106818.0,106910.7,345.475
1760839200000,106910.8,106947.0,106827.9,106832.3,650.509
1760841000000,106832.4,106877.1,106750.0,106796.7,492.565
1760842800000,106796.7,107119.7,106750.0,107084.2,1433.647
1760844600000,107084.2,107333.0,107079.1,107221.9,2162.253
1760846400000,107221.9,107241.5,106911.4,107015.5,1140.328
1760848200000,107015.5,107129.3,106966.7,106989.6,559.957
1760850000000,106989.5,107130.1,106868.0,106923.1,635.193
1760851800000,106923.1,107000.0,106753.7,106846.1,1458.824
1760853600000,106846.0,106865.7,106715.6,106750.1,1081.214
1760855400000,106750.1,106769.9,106503.3,106726.7,1756.377
1760857200000,106726.8,106876.2,106680.0,106788.2,776.601
1760859000000,106788.2,106841.1,106650.0,106733.3,671.292
1760860800000,106733.3,107180.0,106200.0,106655.3,5603.311
1760862600000,106655.3,106676.9,106239.9,106401.2,3114.416
1760864400000,106401.2,106423.9,106055.8,106115.9,3646.857
1760866200000,106115.8,108214.8,106115.8,107348.8,19387.492
1760868000000,107348.9,107814.9,106912.0,107742.4,4339.741
1760869800000,107742.3,107825.0,107451.4,107824.9,2214.443
1760871600000,107824.9,108200.0,107700.0,107767.5,5743.371
1760873400000,107767.4,107920.0,107577.7,107730.6,1718.604
1760875200000,107730.6,107796.2,107410.7,107454.0,2212.664
1760877000000,107453.9,107662.0,107381.1,107605.3,1551.766
1760878800000,107605.3,107612.2,107312.2,107453.5,1874.062
1760880600000,107453.5,108176.8,107439.0,108035.3,3059.13
1760882400000,108035.3,108483.0,107827.5,108352.1,4614.305
1760884200000,108352.1,108460.0,108102.2,108360.9,2780.813
1760886000000,108360.9,108575.6,108331.3,108424.3,3053.17
1760887800000,108424.4,108459.2,108270.1,108429.5,1186.628
1760889600000,108429.6,108471.0,108175.6,108292.2,1027.524
1760891400000,108292.2,108900.0,108208.6,108561.9,4403.663
1760893200000,108561.8,109399.9,108551.1,108989.4,6453.427
1760895000000,108989.3,109188.7,108944.3,109036.3,1275.186
1760896800000,109036.3,109313.0,108969.7,109150.0,1296.753
1760898600000,109150.0,109382.1,109089.0,109315.4,1430.775
1760900400000,109315.3,109315.4,108803.5,109079.7,1768.116
1760902200000,109079.7,109079.7,108713.0,108850.0,1603.579
1760904000000,108850.1,108932.2,108751.8,108889.6,1088.939
1760905800000,108889.7,108939.0,108766.1,108790.6,870.045
1760907600000,108790.6,108817.6,108556.4,108567.7,1236.892
1760909400000,108567.8,108729.5,108567.7,108691.2,596.182
1760911200000,108691.3,109198.3,108691.3,109130.8,1799.755
1760913000000,109130.9,109340.7,109041.5,109088.9,1250.054
1760914800000,109088.8,109088.9,108625.0,108719.8,1422.202
1760916600000,108719.9,108766.8,108366.4,108586.2,2108.074
1760918400000,108586.2,108586.2,107430.5,107614.1,6157.426
1760920200000,107614.2,108075.1,107377.2,108011.1,3735.76
1760922000000,108011.1,108257.3,107841.7,108072.8,2247.799
1760923800000,108072.8,108193.6,107912.5,108011.8,1964.939
1760925600000,108011.9,108476.9,107801.9,108405.9,2443.02
1760927400000,108405.9,108935.8,108260.0,108714.3,2802.071
1760929200000,108714.3,108920.1,108511.9,108728.6,1492.307
1760931000000,108728.7,110404.3,108607.6,110100.4,10088.898
1760932800000,110100.3,110490.4,109875.0,110001.0,7032.709
1760934600000,110001.0,110405.3,110001.0,110369.3,2772.527
1760936400000,110369.2,110677.2,110232.1,110510.4,3269.071
1760938200000,110510.5,111074.2,110486.2,110973.6,4416.132
1760940000000,110973.7,111238.2,110933.5,110992.0,4019.809
1760941800000,110992.0,111321.5,110989.4,111232.1,2343.491
1760943600000,111232.1,111350.0,111048.4,111296.4,2480.73
1760945400000,111296.5,111296.5,111000.0,111126.2,2487.447
1760947200000,111126.2,111212.7,110888.0,111212.6,2564.402
1760949000000,111212.7,111650.0,111001.5,111031.4,4197.974
1760950800000,111031.4,111151.4,110650.0,110759.7,3191.497
1760952600000,110759.8,110983.7,110650.0,110921.0,1870.877
1760954400000,110920.9,111012.5,110795.9,110975.4,1365.406
1760956200000,110975.4,111061.3,110595.1,110692.1,1900.625
1760958000000,110692.0,110858.6,110552.3,110765.2,2291.475
1760959800000,110765.2,110988.0,110665.1,110969.5,1880.16
1760961600000,110969.5,111062.8,110810.0,111009.5,1514.336
1760963400000,111009.5,111191.2,110728.6,110796.4,1913.157
1760965200000,110796.3,110835.8,110522.9,110697.6,2435.167
1760967000000,110697.6,111173.3,110583.4,111098.3,3272.12
1760968800000,111098.4,111257.6,110657.9,111220.9,3214.915
1760970600000,111220.9,111350.0,110928.0,111153.4,2388.598
1760972400000,111153.3,111552.3,110936.0,111231.4,4291.937
1760974200000,111231.3,111649.0,111052.4,111079.1,2973.358
1760976000000,111079.2,111255.0,110500.0,110928.8,6082.014
1760977800000,110928.8,110928.8,110050.0,110634.3,8499.765
1760979600000,110634.3,111042.5,110250.0,110322.5,3576.614
1760981400000,110322.6,110452.0,109800.0,110244.1,4412.544
1760983200000,110244.2,110646.3,110160.0,110612.4,1667.3
1760985000000,110612.4,110927.3,110522.4,110877.7,1672.882
1760986800000,110877.7,111047.5,110466.0,110750.1,1930.793
1760988600000,110750.1,110900.0,110660.4,110735.0,1538.061
1760990400000,110735.1,111215.3,110585.3,110973.7,2200.982
1760992200000,110973.7,111084.9,110863.9,111037.2,795.387
1760994000000,111037.2,111197.0,110722.7,110823.9,1123.813
1760995800000,110823.8,110825.3,110385.0,110506.9,1619.769
1760997600000,110506.8,110731.9,110355.0,110608.2,989.013
1760999400000,110608.1,110808.8,110604.8,110731.5,572.828
1761001200000,110731.5,110765.8,110465.6,110706.2,887.039
1761003000000,110706.2,110706.2,110458.1,110469.9,1058.005
1761004800000,110469.9,110470.0,110097.4,110270.1,1982.079
1761006600000,110270.1,110486.3,110207.4,110399.0,1019.824
1761008400000,110399.1,110438.9,110058.0,110224.5,1435.439
1761010200000,110224.5,110255.3,109345.0,109804.2,4005.847
1761012000000,109804.2,109866.0,109250.0,109429.9,2954.682
1761013800000,109429.9,109700.0,109318.2,109459.3,2277.914
1761015600000,109459.3,109572.3,109200.0,109393.1,2250.513
1761017400000,109393.1,109527.0,109005.0,109005.0,2050.8
1761019200000,109005.1,109005.1,107918.4,108181.9,9870.805
1761021000000,108181.9,108181.9,107592.0,107743.4,5374.462
1761022800000,107743.5,107937.1,107489.0,107842.2,5565.029
1761024600000,107842.1,107943.5,107400.0,107498.0,4678.695
1761026400000,107498.0,108183.3,107450.2,107930.4,3474.683
1761028200000,107930.5,108076.2,107781.8,107868.4,1876.858
1761030000000,107868.2,108000.0,107585.6,107996.7,1687.057
1761031800000,107996.6,108154.0,107905.2,108020.0,2013.417
1761033600000,108019.9,108044.2,107652.0,107793.6,1962.948
1761035400000,107793.5,107799.9,107432.8,107649.7,2647.608
1761037200000,107649.7,107810.0,107496.0,107735.6,1416.419
1761039000000,107735.6,107820.0,107613.6,107708.7,789.397
1761040800000,107708.6,107870.0,107524.3,107594.9,1117.945
1761042600000,107594.9,108772.4,107572.3,108445.4,8149.438
1761044400000,108445.3,108468.9,108102.3,108283.5,2603.863
1761046200000,108283.5,108600.0,108182.7,108519.4,1714.555
1761048000000,108519.4,109439.8,108414.0,109079.9,5973.0
1761049800000,109079.9,109439.4,108706.2,108733.8,4862.257
1761051600000,108733.7,108852.8,107677.0,108657.0,5932.494
1761053400000,108656.9,108834.5,108100.0,108384.4,4095.032
1761055200000,108384.4,110555.1,108352.5,109618.6,14744.29
1761057000000,109618.6,112292.1,109600.0,112127.5,14688.399
1761058800000,112127.6,113100.0,111643.1,112900.0,16366.832
1761060600000,112899.9,113480.0,112655.0,113355.2,10270.312
1761062400000,113355.2,113800.0,113030.2,113599.9,7470.307
1761064200000,113599.8,113940.0,112400.0,112507.2,12164.464
1761066000000,112507.5,112947.8,111730.5,112320.0,12679.637
1761067800000,112319.9,112540.0,111928.6,111960.1,7465.281
1761069600000,111960.2,112261.2,111728.7,111790.5,3943.329
1761071400000,111790.4,111994.5,111255.9,111934.5,4407.673
1761073200000,111934.5,112147.4,111567.7,111667.1,1818.111
1761075000000,111667.0,111974.3,111501.7,111720.7,1790.346
1761076800000,111720.7,111747.7,110468.0,110783.3,6132.905
1761078600000,110783.3,111052.7,110640.0,110733.0,1761.509
1761080400000,110733.0,111068.7,110016.3,110444.4,4458.21
1761082200000,110444.4,110915.2,110335.3,110772.6,1526.538
1761084000000,110772.5,110772.5,109503.6,109553.5,6414.321
1761085800000,109553.5,109748.6,108005.0,109008.0,10292.537
1761087600000,109008.0,109367.0,108888.3,109059.4,2975.014
1761089400000,109059.3,109059.4,108000.0,108253.7,5974.351
1761091200000,108253.8,108600.0,107800.0,107950.0,4638.848
1761093000000,107950.0,108280.0,107777.1,107930.1,3690.335
1761094800000,107930.1,108410.8,107930.0,108110.5,4034.054
1761096600000,108110.4,108417.6,107980.5,108313.6,2278.111
1761098400000,108313.6,108649.4,108278.2,108532.5,2264.768
1761100200000,108532.5,108532.5,108159.3,108159.3,1648.017
1761102000000,108159.3,108184.0,107802.3,108110.1,2661.631
1761103800000,108110.0,108179.2,107909.1,108174.1,1493.21
1761105600000,108174.0,108498.6,108106.8,108321.6,2135.506
1761107400000,108321.5,108570.7,108303.2,108554.4,1730.691
1761109200000,108554.5,108581.9,107886.2,107997.2,2825.071
1761111000000,107997.2,108150.1,107821.6,108118.7,2123.595
1761112800000,108118.7,108300.0,107984.4,108199.3,1258.672
1761114600000,108199.2,108238.0,107889.5,107936.7,2207.686
1761116400000,107936.7,107968.1,107558.1,107948.8,4446.376
1761118200000,107948.7,108284.2,107916.7,108284.1,3045.325
1761120000000,108284.1,108313.8,108035.6,108209.0,1363.108
1761121800000,108208.9,108313.3,108079.7,108171.2,1394.369
1761123600000,108171.2,108219.0,107799.8,108160.3,2159.328
1761125400000,108160.2,108235.4,107708.2,107907.9,2006.193
1761127200000,107907.9,108079.0,107781.0,107884.8,1733.31
1761129000000,107884.8,107939.0,107588.0,107613.5,1477.697
1761130800000,107613.5,108188.9,106360.3,107768.9,15313.929
1761132600000,107768.9,107945.6,107282.5,107501.7,3503.379
1761134400000,107501.7,108081.6,107389.4,107934.1,4682.236
1761136200000,107934.2,108349.1,107863.9,107976.9,2882.476
1761138000000,107976.9,108350.5,107864.4,108052.5,2481.66
1761139800000,108052.5,109000.0,107550.4,108728.0,12081.645
1761141600000,108728.1,108780.4,107415.1,107905.8,14222.378
1761143400000,107905.8,108990.0,107619.6,108912.7,11857.639
1761145200000,108913.2,109160.0,107710.0,107853.4,8640.407
1761147000000,107853.5,108625.8,107706.0,108369.9,4222.667
1761148800000,108369.8,108631.9,108024.0,108497.8,3004.031
1761150600000,108497.7,108780.0,107805.0,108177.4,6576.636
1761152400000,108177.5,108310.9,107825.9,107911.2,2574.01
1761154200000,107911.1,108210.3,107526.3,107743.4,2990.238
1761156000000,107743.3,108026.3,107416.1,107976.4,2716.404
1761157800000,107976.4,108181.4,107816.4,107987.8,2044.202
1761159600000,107987.7,108379.3,107865.7,108066.0,2207.829
1761161400000,108066.0,108206.1,107491.8,107829.0,2703.459
1761163200000,107829.1,108032.0,107577.0,107584.1,1383.326
1761165000000,107584.0,107881.7,107453.9,107644.4,3041.522
1761166800000,107644.4,107694.6,106588.0,106729.6,7134.553
1761168600000,106729.5,107289.2,106694.5,107159.8,2353.393
1761170400000,107159.7,107650.2,106849.8,107008.0,3182.277
1761172200000,107007.9,107290.1,106933.3,107142.6,1798.577
1761174000000,107142.6,107862.3,107110.4,107741.1,2959.978
1761175800000,107741.2,107898.9,107523.4,107532.0,1719.231
1761177600000,107532.1,107797.3,107462.9,107555.0,1448.235
1761179400000,107555.0,107954.5,107524.5,107815.7,1669.212
1761181200000,107815.6,108500.0,107769.1,108156.0,6610.21
1761183000000,108155.9,108300.0,108084.3,108107.7,1134.345
1761184800000,108107.6,108348.8,108010.8,108159.0,1309.018
1761186600000,108159.0,108370.0,108136.9,108370.0,1278.259
1761188400000,108370.0,108655.0,108290.5,108642.2,2181.21
1761190200000,108642.3,108660.0,108276.7,108322.2,1530.485
1761192000000,108322.2,108566.2,108290.3,108506.3,1017.58
1761193800000,108506.3,108887.9,108405.0,108581.9,1911.849
1761195600000,108581.9,108776.8,108557.6,108711.9,1299.551
1761197400000,108712.0,108939.7,108591.7,108894.1,1482.956
1761199200000,108894.1,110152.9,108791.9,109823.6,9796.196
1761201000000,109823.6,110275.9,109723.7,110180.2,3562.67
1761202800000,110180.2,110214.7,109325.7,109500.1,4889.963
1761204600000,109500.0,109568.7,109151.8,109228.6,2489.231
1761206400000,109228.6,109867.7,109204.7,109735.4,2922.957
1761208200000,109735.4,109758.7,109342.5,109459.3,1786.817
1761210000000,109459.2,109492.4,109064.6,109377.3,2320.616
1761211800000,109377.2,109447.1,109246.6,109388.2,913.383
1761213600000,109388.1,109664.7,109344.7,109469.5,1457.072
1761215400000,109469.4,109554.9,109316.0,109383.7,1238.755
1761217200000,109383.7,109609.4,109217.0,109480.0,1365.125
1761219000000,109480.1,109506.4,109021.3,109218.5,2078.55
1761220800000,109218.5,109218.5,108639.4,109083.6,5247.033
1761222600000,109083.5,109159.5,108750.0,109135.0,1796.562
1761224400000,109134.9,109195.2,108750.3,109106.0,2124.629
1761226200000,109106.1,109584.8,108970.0,109450.0,4785.839
1761228000000,109450.0,109513.8,108647.4,109255.6,5514.097
1761229800000,109255.6,109851.6,109206.6,109544.2,3586.213
1761231600000,109544.3,110088.0,109428.3,109724.7,4257.997
1761233400000,109724.7,110056.0,109553.4,109849.0,2982.334
1761235200000,109849.0,110050.0,109707.2,109765.1,1758.813
1761237000000,109765.2,110551.2,109581.7,110197.8,4109.938
1761238800000,110197.8,110219.5,109575.9,110148.4,3634.789
1761240600000,110148.5,111240.0,110046.5,111175.2,7693.46
1761242400000,111175.6,111235.6,110431.5,110475.0,4518.919
1761244200000,110475.0,110566.7,110199.3,110518.1,2305.969
1761246000000,110518.2,110579.7,110041.6,110482.7,1822.747
1761247800000,110482.9,110485.8,110137.8,110137.8,1042.327
1761249600000,110137.9,110145.8,109727.9,109905.8,3102.302
1761251400000,109905.8,110008.6,109260.0,109469.9,3521.426
1761253200000,109470.0,109677.9,109350.3,109604.1,1614.321
1761255000000,109604.1,109660.2,109313.6,109493.3,1395.185
1761256800000,109493.2,109956.8,109467.5,109932.8,1792.66
1761258600000,109932.9,110143.9,109809.0,109890.0,1468.609
1761260400000,109890.0,110050.2,109782.7,110018.8,946.487
1761262200000,110018.7,110034.4,109913.1,110025.9,923.816
1761264000000,110026.0,110400.0,109927.8,110109.1,2842.15
1761265800000,110109.1,110698.4,110068.4,110443.1,2365.205
1761267600000,110443.2,110621.8,110075.1,110184.9,1894.039
1761269400000,110185.0,110621.0,110150.2,110534.9,1423.816
1761271200000,110534.9,110545.0,110284.8,110367.5,934.268
1761273000000,110367.6,110839.9,110330.0,110514.9,1683.743
1761274800000,110515.0,110587.9,110382.5,110409.1,887.152
1761276600000,110409.1,110444.5,110220.0,110399.9,1201.756
1761278400000,110399.9,110980.0,110274.4,110904.5,2192.376
1761280200000,110904.4,111488.0,110890.5,111117.7,4682.218
1761282000000,111117.7,111178.0,110880.5,110946.1,2187.24
1761283800000,110946.1,111267.6,110916.6,111193.0,2179.412
1761285600000,111193.1,111290.8,111063.4,111274.4,1193.76
1761287400000,111274.3,111450.0,111248.1,111413.2,1563.617
1761289200000,111413.2,111498.8,111035.8,111173.7,2003.268
1761291000000,111173.7,111221.7,110723.9,111013.7,3517.8
1761292800000,111013.7,111193.8,110758.9,110771.1,2376.875
1761294600000,110771.1,111188.5,110648.4,111045.8,2141.706
1761296400000,111045.8,111400.0,110946.1,111389.1,1850.101
1761298200000,111389.1,111438.3,111160.7,111280.0,1340.217
1761300000000,111280.1,111280.1,111000.0,111034.7,1204.255
1761301800000,111034.9,111220.4,111033.2,111063.4,1593.594
1761303600000,111063.5,111229.9,111007.0,111072.6,843.131
1761305400000,111072.5,111078.4,110496.5,111006.7,3826.222
1761307200000,111006.7,111245.2,110808.4,110947.2,2874.312
1761309000000,110947.2,112086.0,110836.3,111247.5,11321.137
1761310800000,111247.5,111386.4,111079.6,111175.2,2078.574
1761312600000,111175.2,111254.0,110316.0,110884.6,7181.819
1761314400000,110884.6,110884.6,109650.0,109967.4,8352.652
1761316200000,109967.3,110185.4,109703.1,110177.7,6144.739
1761318000000,110177.8,110616.9,109978.6,110541.0,3234.832
1761319800000,110541.0,110579.5,109832.1,110009.8,2689.129
1761321600000,110009.9,110346.4,109752.8,110312.3,2193.663
1761323400000,110312.2,110319.2,109866.6,110222.3,1286.647
1761325200000,110222.3,110538.0,110138.6,110449.9,1494.286
1761327000000,110450.0,110458.6,110170.6,110173.7,826.221
1761328800000,110173.7,110600.0,110104.5,110467.6,1136.152
1761330600000,110467.7,110592.1,110362.8,110557.4,721.08
1761332400000,110557.5,110907.1,110556.4,110897.9,1992.36
1761334200000,110898.0,110898.0,110473.3,110571.3,1245.344
1761336000000,110571.4,110746.6,110431.0,110687.5,834.184
1761337800000,110687.5,110989.3,110612.1,110853.0,959.809
1761339600000,110853.0,111068.8,110530.0,110832.2,2963.774
1761341400000,110832.2,111063.9,110787.6,111029.1,928.838
1761343200000,111029.1,111038.8,110869.6,111012.4,696.869
1761345000000,111012.5,111088.0,110902.6,110964.3,717.946
1761346800000,110964.3,111028.3,110823.9,110988.8,535.93
1761348600000,110988.8,111084.6,110894.3,110965.4,421.314
1761350400000,110965.4,111000.0,110751.0,110804.1,776.184
1761352200000,110804.1,110915.5,110600.5,110720.7,1230.41
1761354000000,110720.7,111107.1,110700.0,111059.3,861.327
1761355800000,111059.4,111187.5,110883.0,111026.7,982.372
1761357600000,111026.7,111055.0,110902.0,110955.0,387.711
1761359400000,110955.1,111081.4,110923.2,110976.4,497.91
1761361200000,110976.5,111083.1,110958.2,111028.7,697.675
1761363000000,111028.7,111060.6,110935.8,110962.3,526.356
1761364800000,110962.3,111487.6,110962.3,111241.6,2016.928
1761366600000,111241.7,111318.6,111160.7,111163.3,759.879
1761368400000,111163.3,111193.4,111030.4,111123.3,723.831
1761370200000,111123.3,111397.3,111123.2,111334.7,821.844
1761372000000,111334.8,111447.6,111246.8,111263.8,861.627
1761373800000,111263.7,111386.0,111200.0,111308.7,615.222
1761375600000,111308.8,111671.5,111308.7,111588.0,1790.616
1761377400000,111587.9,111775.1,111386.2,111445.4,1671.557
1761379200000,111445.5,111663.6,111430.0,111607.1,1014.295
1761381000000,111607.1,111767.0,111484.1,111716.0,1262.699
1761382800000,111716.0,111789.4,111539.1,111625.6,1323.298
1761384600000,111625.6,111707.6,111432.0,111471.0,1350.693
1761386400000,111470.9,111550.0,111328.0,111454.8,1412.648
1761388200000,111454.8,111680.0,111408.8,111515.4,929.284
1761390000000,111515.4,111590.0,111432.0,111589.9,455.551
1761391800000,111590.0,111626.5,111505.4,111522.7,582.201
1761393600000,111522.6,111668.0,111478.3,111664.6,861.829
1761395400000,111664.6,111903.9,111600.0,111871.5,1944.231
1761397200000,111871.4,111880.3,111625.0,111727.2,1430.272
1761399000000,111727.3,111748.6,111466.0,111626.9,1338.569
1761400800000,111626.8,111725.0,111572.1,111572.1,778.794
1761402600000,111572.1,111593.0,111450.0,111546.6,904.947
1761404400000,111546.5,111546.6,111349.4,111427.0,1390.022
1761406200000,111426.9,111496.0,111255.2,111340.9,1701.983
1761408000000,111341.0,111395.4,111094.4,111170.4,3324.415
1761409800000,111170.4,111445.2,111170.4,111323.4,795.74
1761411600000,111323.4,111420.0,111275.1,111303.2,419.403
1761413400000,111303.2,111322.0,111230.6,111322.0,376.896
1761415200000,111322.0,111562.2,111263.0,111558.5,557.135
1761417000000,111558.6,111686.0,111537.8,111668.2,1066.215
1761418800000,111668.1,111668.1,111544.6,111586.6,509.103
1761420600000,111586.5,111684.3,111519.9,111574.9,485.078
1761422400000,111574.9,111607.9,111475.0,111491.5,322.834
1761424200000,111491.5,111491.6,111315.2,111385.2,774.18
1761426000000,111385.1,111416.5,111316.3,111357.8,400.835
1761427800000,111357.7,111433.4,111291.0,111430.0,373.974
1761429600000,111430.0,111466.1,111360.0,111454.1,405.988
1761431400000,111454.1,111640.1,111454.0,111567.2,515.639
1761433200000,111567.3,111623.6,111485.0,111581.7,551.574
1761435000000,111581.7,111619.0,111471.6,111589.4,487.709
1761436800000,111589.4,111737.1,111479.3,111695.3,848.915
1761438600000,111695.3,111866.7,111625.0,111654.4,1439.391
1761440400000,111654.4,111799.0,111627.2,111660.0,697.487
1761442200000,111659.9,111743.2,111455.9,111589.6,701.036
1761444000000,111589.5,111615.0,111405.5,111615.0,616.0
1761445800000,111614.9,111636.3,111353.2,111404.6,839.118
1761447600000,111404.6,111454.5,111316.0,111447.8,681.856
1761449400000,111447.7,111448.0,111200.0,111210.1,1011.1
1761451200000,111210.1,111358.2,111200.2,111349.0,484.786
1761453000000,111349.0,111434.8,111346.6,111378.4,374.428
1761454800000,111378.4,111465.0,111300.0,111446.6,499.658
1761456600000,111446.6,111600.0,111433.0,111554.3,635.97
1761458400000,111554.4,111575.2,111485.0,111575.1,306.82
1761460200000,111575.1,111630.6,111513.0,111574.3,363.029
1761462000000,111574.4,111655.0,111557.7,111594.0,387.657
1761463800000,111594.0,111677.9,111594.0,111672.8,457.25
1761465600000,111672.9,111792.9,111672.8,111747.7,754.463
1761467400000,111747.6,111797.0,111706.8,111716.2,713.02
1761469200000,111716.2,112762.8,111650.3,112630.8,6883.036
1761471000000,112630.7,112765.3,112150.1,112477.9,5109.162
1761472800000,112478.0,112523.7,112244.4,112280.0,1435.92
1761474600000,112280.1,112456.1,112130.0,112425.2,1497.179
1761476400000,112425.2,112697.9,112368.8,112649.5,1938.451
1761478200000,112649.6,113442.5,112622.5,113235.2,7389.562
1761480000000,113235.1,113800.0,113221.5,113596.9,6751.305
1761481800000,113596.8,113726.7,113430.7,113530.7,3046.916
1761483600000,113530.7,113650.0,113224.4,113586.5,3705.653
1761485400000,113586.6,114000.0,113480.6,113669.4,5102.579
1761487200000,113669.4,113850.0,113570.1,113643.9,2687.519
1761489000000,113644.0,113848.0,113450.7,113515.2,2727.81
1761490800000,113515.3,113563.3,113378.3,113470.8,1595.493
1761492600000,113470.8,113700.0,113406.1,113648.1,1314.263
1761494400000,113648.0,113699.9,113231.2,113362.2,2306.428
1761496200000,113362.2,113730.7,113273.6,113463.3,1732.783
1761498000000,113463.3,113720.7,113410.0,113599.2,1008.149
1761499800000,113599.1,113621.2,113389.5,113397.1,704.543
1761501600000,113397.1,113564.2,113397.1,113456.4,629.989
1761503400000,113456.4,113774.5,113456.4,113540.8,1220.483
1761505200000,113540.8,113681.3,113456.6,113650.0,658.876
1761507000000,113650.0,113660.0,113508.7,113546.3,560.742
1761508800000,113546.2,113546.2,113316.9,113316.9,599.636
1761510600000,113316.9,113445.5,113244.2,113267.8,566.463
1761512400000,113267.9,113425.0,112800.0,113023.5,1941.828
1761514200000,113023.6,113550.0,112928.6,113457.5,1933.176
1761516000000,113457.5,115521.7,113457.5,114344.1,13436.828
1761517800000,114344.1,114749.4,114258.3,114631.8,2242.147
1761519600000,114631.7,114923.3,114321.0,114334.4,3013.129
1761521400000,114334.4,114676.8,114325.2,114497.8,1783.355
1761523200000,114497.9,114925.4,114300.0,114817.6,3324.049
1761525000000,114817.5,115129.1,114600.0,114705.0,2579.964
1761526800000,114705.0,115200.0,114650.0,115097.0,1935.663
1761528600000,115097.0,115343.1,115000.0,115217.8,1986.04
1761530400000,115217.7,115407.7,114907.1,114917.2,2920.466
1761532200000,114917.2,115019.7,114769.3,114831.1,2603.983
1761534000000,114831.0,115222.6,114781.1,114880.0,1612.611
1761535800000,114880.1,115013.5,114825.0,114927.7,1090.494
1761537600000,114927.8,115218.1,114925.6,115166.5,1917.439
1761539400000,115166.5,115254.0,115156.8,115215.5,1268.785
1761541200000,115215.5,115565.6,115215.4,115517.9,3474.198
1761543000000,115517.9,115629.4,115407.7,115511.1,2662.465
1761544800000,115511.1,115720.0,115309.0,115707.6,3876.171
1761546600000,115707.7,116098.9,115511.1,116008.8,6824.672
1761548400000,116008.9,116380.2,115811.0,115824.0,6557.958
1761550200000,115823.9,115869.2,115459.4,115522.5,4233.971
1761552000000,115522.4,115575.1,115058.3,115100.0,2864.045
1761553800000,115099.9,115399.7,114860.0,114990.2,3762.88
1761555600000,114990.1,115270.0,114780.2,115134.5,3812.72
1761557400000,115134.6,115334.6,115056.3,115204.7,1952.378
1761559200000,115204.8,115526.3,115068.0,115424.8,1560.271
1761561000000,115424.8,115493.5,115340.0,115411.8,1060.745
1761562800000,115411.9,115478.5,115063.3,115243.1,1457.961
1761564600000,115243.2,115497.0,115243.1,115302.3,1309.233
1761566400000,115302.3,115385.7,115127.1,115226.4,1755.661
1761568200000,115226.5,115249.2,114920.2,115016.4,1705.175
1761570000000,115016.3,115225.1,114961.8,115089.6,1089.219
1761571800000,115089.6,115370.8,114530.7,115210.4,6948.179
1761573600000,115210.3,115311.3,114433.0,114939.9,4921.103
1761575400000,114939.9,115009.9,114642.4,114751.0,1906.415
1761577200000,114750.8,115050.0,114717.5,115019.0,2483.503
1761579000000,115019.0,115195.5,114814.3,114914.4,1763.627
1761580800000,114914.5,115364.1,114818.1,115291.6,2625.238
1761582600000,115291.5,115599.9,115218.3,115438.1,2190.963
1761584400000,115438.1,115578.0,115259.9,115272.8,1587.069
1761586200000,115272.9,115700.0,115251.6,115647.4,1625.566
1761588000000,115647.3,115744.8,115284.4,115345.4,1536.777
1761589800000,115345.4,115466.1,115251.9,115277.9,1159.846
1761591600000,115277.9,115278.1,114863.0,114942.3,2117.731
1761593400000,114942.4,114990.8,114712.4,114894.9,1745.671
1761595200000,114894.8,114894.8,114662.1,114665.8,1278.687
1761597000000,114665.7,114736.2,114349.9,114405.4,1919.527
1761598800000,114405.4,114553.2,114067.5,114120.7,2493.829
1761600600000,114120.7,114602.6,114100.8,114258.1,1702.018
1761602400000,114258.0,114555.1,114077.7,114374.3,1693.685
1761604200000,114374.2,114379.3,114012.0,114078.9,1371.373
1761606000000,114078.9,114088.4,113792.4,113988.6,2985.276
1761607800000,113988.6,114180.2,113982.3,114064.1,1356.312
1761609600000,114064.2,114331.3,113857.8,114190.1,2177.174
1761611400000,114190.1,114190.1,113710.0,113921.6,1933.791
1761613200000,113921.5,114258.0,113921.5,114157.8,1395.483
1761615000000,114157.7,114500.1,114052.4,114377.6,1951.505
1761616800000,114377.5,114428.3,113841.6,114054.9,1651.222
1761618600000,114054.9,114085.4,113477.5,113878.4,2860.127
1761620400000,113878.4,114066.0,113661.9,113914.6,2020.2
1761622200000,113914.7,113949.2,113720.0,113863.9,1414.889
1761624000000,113864.0,113917.1,113706.8,113820.2,1302.328
1761625800000,113820.3,114034.0,113760.4,113914.2,1143.128
1761627600000,113914.1,113949.0,113739.6,113914.7,870.957
1761629400000,113914.6,113914.6,113422.0,113561.9,2708.465
1761631200000,113561.8,113855.2,113561.8,113790.6,1188.233
1761633000000,113790.5,114140.7,113735.3,114060.1,1867.903
1761634800000,114060.1,114272.7,114039.0,114207.3,1918.642
1761636600000,114207.3,114320.6,114063.0,114128.7,948.704
1761638400000,114128.8,114388.6,114058.0,114319.9,1054.5
1761640200000,114319.9,114430.3,114294.6,114370.5,1569.592
1761642000000,114370.5,114588.0,114138.0,114188.8,1851.881
1761643800000,114188.9,114499.9,114185.0,114470.0,866.53
1761645600000,114470.0,114500.0,114388.0,114490.0,970.512
1761647400000,114490.0,114555.0,114364.7,114543.5,818.333
1761649200000,114543.4,114554.3,114412.2,114500.0,868.774
1761651000000,114499.9,114619.2,114217.2,114290.7,1577.026
1761652800000,114290.6,114332.9,114080.8,114145.7,1426.202
1761654600000,114145.7,114467.6,114118.9,114402.2,1217.556
1761656400000,114402.1,115140.3,114402.1,115011.5,5437.958
1761658200000,115011.5,115470.0,114808.4,115469.9,5442.105
1761660000000,115470.0,116074.3,115267.9,115873.0,7292.966
1761661800000,115873.0,115919.1,114130.7,115021.8,12702.43
1761663600000,115021.8,115354.2,114966.0,114980.0,3142.045
1761665400000,114980.0,115017.3,114444.0,114571.9,4145.358
1761667200000,114571.7,115107.0,114468.0,115019.9,3123.535
1761669000000,115020.0,115450.1,114888.0,115296.1,3377.558
1761670800000,115296.1,115554.5,115221.9,115412.0,1917.687
1761672600000,115412.1,115541.1,115170.2,115246.7,1515.182
1761674400000,115246.6,115324.5,114800.0,114849.9,1655.256
1761676200000,114849.9,114987.5,114589.1,114971.1,1980.403
1761678000000,114971.1,115040.9,113656.3,113656.3,6074.982
1761679800000,113656.4,114107.0,113500.0,113629.0,4504.096
1761681600000,113629.0,113647.4,112350.0,112492.4,13190.683
1761683400000,112492.5,112999.0,112268.1,112744.6,4545.352
1761685200000,112744.6,112744.6,112121.4,112670.1,3727.035
1761687000000,112670.0,113166.0,112583.6,112935.5,2563.447
1761688800000,112935.4,113092.3,112768.0,113080.0,1445.111
1761690600000,113079.9,113233.0,113056.2,113164.2,1304.494
1761692400000,113164.2,113164.2,112716.7,112842.3,1362.293
1761694200000,112842.1,113032.8,112807.6,112833.5,1065.207
1761696000000,112833.5,112871.3,112574.0,112641.2,2109.717
1761697800000,112641.3,112709.9,112371.1,112382.5,2000.036
1761699600000,112382.5,112549.3,112036.1,112162.7,3428.646
1761701400000,112162.6,112927.5,112162.6,112435.4,4215.5
1761703200000,112435.4,112743.3,112352.2,112637.9,1504.966
1761705000000,112638.0,112686.6,112481.4,112617.9,1033.904
1761706800000,112617.9,112617.9,112276.0,112429.6,1409.904
1761708600000,112429.6,112550.1,112429.5,112459.6,724.054
1761710400000,112459.6,112739.5,112443.5,112652.0,1009.457
1761712200000,112652.0,112843.0,112619.8,112755.6,1110.343
1761714000000,112755.5,113045.6,112750.0,112915.8,2562.051
1761715800000,112915.7,113320.0,112870.1,112987.0,3502.904
1761717600000,112987.0,113213.6,112914.5,112996.8,1369.78
1761719400000,112996.8,113309.0,112909.5,113232.1,1214.959
1761721200000,113232.1,113428.4,113168.6,113381.6,1592.842
1761723000000,113381.6,113525.0,113178.4,113511.9,1896.029
1761724800000,113512.0,113581.7,113216.6,113255.0,2815.616
1761726600000,113255.0,113266.6,112888.0,113005.4,2404.054
1761728400000,113005.3,113043.6,112800.5,112887.1,1799.89
1761730200000,112887.1,113036.1,112700.0,112935.2,1425.419
1761732000000,112935.2,113083.5,112822.2,113000.0,1182.754
1761733800000,112999.9,113154.4,112666.0,112810.3,1313.999
1761735600000,112810.4,113134.0,112692.4,113083.7,1236.515
1761737400000,113083.6,113210.0,112969.7,113084.5,980.4
1761739200000,113084.6,113281.6,113024.7,113024.8,906.862
1761741000000,113024.7,113231.1,113001.2,113102.5,823.355
1761742800000,113102.4,113593.0,113048.7,113484.1,1914.771
1761744600000,113484.1,113555.0,112647.2,112824.7,5141.083
1761746400000,112824.7,112874.2,112190.8,112263.0,5113.196
1761748200000,112263.0,112696.3,112200.2,112438.9,3208.966
1761750000000,112439.0,112517.0,111900.0,111970.0,6955.758
1761751800000,111970.0,112100.0,111326.5,111460.6,9806.223
1761753600000,111460.7,111480.3,110888.0,111088.8,10698.908
1761755400000,111088.9,111371.0,111030.0,111060.0,2692.045
1761757200000,111060.0,111306.0,110941.6,111152.3,2154.339
1761759000000,111152.2,111872.7,111109.5,111819.3,4406.8
1761760800000,111819.3,111963.0,111035.1,111385.2,7028.39
1761762600000,111385.3,111725.1,109026.4,110743.0,28345.58
1761764400000,110743.0,111398.3,110658.2,110899.9,6114.394
1761766200000,110899.9,110912.6,110100.0,110605.6,5046.874
1761768000000,110605.9,111297.3,110342.1,111285.6,3932.738
1761769800000,111285.5,111494.1,111078.8,111372.0,2681.466
1761771600000,111371.9,111508.5,111318.3,111480.1,1664.255
1761773400000,111480.1,111744.0,111405.5,111558.3,1204.712
1761775200000,111558.2,111562.8,111113.8,111167.4,1488.92
1761777000000,111167.4,111211.8,110900.2,110974.9,1281.369
1761778800000,110974.9,111023.3,110380.3,110420.2,2768.372
1761780600000,110420.3,110420.3,109686.4,109985.6,4697.751
1761782400000,109985.6,110351.7,109670.6,110342.9,3449.638
1761784200000,110342.9,110524.6,110198.2,110496.3,1971.278
1761786000000,110496.3,110574.6,110189.0,110336.1,1926.834
1761787800000,110336.1,110675.0,110318.0,110405.5,1736.58
1761789600000,110405.5,110935.3,110251.4,110861.3,2498.634
1761791400000,110861.2,110957.9,110764.6,110925.8,1455.913
1761793200000,110925.9,110940.7,110606.1,110731.7,1976.379
1761795000000,110731.8,110869.4,110460.7,110694.5,2038.008
1761796800000,110694.4,110694.5,107817.3,108328.9,14377.672
1761798600000,108329.0,109414.1,107846.7,108503.7,12801.143
1761800400000,108503.7,109161.8,108366.0,109097.6,4515.515
1761802200000,109097.5,110385.0,109053.2,110199.7,6419.237
1761804000000,110199.7,110250.0,109917.2,110124.2,2940.792
1761805800000,110124.2,110933.0,110099.7,110720.0,4430.409
1761807600000,110720.1,111565.1,110601.7,111236.1,6230.981
1761809400000,111236.0,111396.0,111160.0,111313.5,2185.44
1761811200000,111313.6,111400.0,110594.6,110622.0,6714.063
1761813000000,110622.1,110855.3,110622.0,110649.6,1800.652
1761814800000,110649.6,110749.8,110058.5,110368.5,3490.899
1761816600000,110368.4,110482.5,110063.8,110129.5,1517.378
1761818400000,110129.6,110193.4,109752.4,110019.8,3423.592
1761820200000,110019.8,110151.5,109850.1,110055.2,1404.983
1761822000000,110055.2,110103.0,109645.8,109878.6,1856.896
1761823800000,109878.6,110034.2,109638.6,109666.0,1561.374
1761825600000,109665.9,109736.3,108602.7,108720.6,7050.721
1761827400000,108720.6,109063.5,108216.5,108337.8,7399.631
1761829200000,108337.9,108682.0,108112.0,108421.6,6946.218
1761831000000,108421.6,108500.0,107350.0,107582.2,15193.485
1761832800000,107582.2,108228.6,107564.8,107910.4,4667.589
1761834600000,107910.4,108320.9,107777.0,108212.1,4300.561
1761836400000,108212.1,108292.2,107698.1,107814.8,3418.637
1761838200000,107814.9,107830.0,107254.1,107670.6,4851.681
1761840000000,107670.5,108184.0,107516.1,108101.2,3529.421
1761841800000,108101.2,108150.0,107894.7,108100.0,1713.232
1761843600000,108100.0,108113.5,106745.3,107107.1,9030.231
1761845400000,107107.0,107670.0,106808.9,107446.3,5748.638
1761847200000,107446.2,107469.0,107150.7,107308.3,2538.998
1761849000000,107308.3,107521.5,106736.8,106793.7,3437.797
1761850800000,106793.7,107122.1,106605.7,106968.4,3937.22
1761852600000,106968.4,107117.3,106200.0,106495.1,6966.833
1761854400000,106494.3,107168.6,106257.0,107131.6,4349.884
1761856200000,107131.6,107600.0,106772.8,107441.2,4319.431
1761858000000,107441.2,107716.1,107333.7,107573.9,1558.899
1761859800000,107574.0,107886.6,107373.2,107847.7,2638.86
1761861600000,107847.7,107865.6,107524.3,107533.0,1602.518
1761863400000,107533.1,107860.4,107396.7,107858.7,1396.574
1761865200000,107858.6,107880.0,107530.3,107660.0,1316.825
1761867000000,107660.0,108300.0,107646.3,108263.5,5115.47
1761868800000,108263.6,108632.9,108226.6,108460.1,3191.188
1761870600000,108460.1,109583.4,108417.9,109276.3,5871.99
1761872400000,109276.3,110014.4,109122.9,109799.3,7421.005
1761874200000,109799.2,109801.8,109400.0,109585.3,3041.139
1761876000000,109585.3,109644.1,108962.4,109323.8,3807.167
1761877800000,109323.8,109370.0,108511.7,108816.3,3454.978
1761879600000,108816.3,109200.0,108568.7,109045.4,2517.719
1761881400000,109045.5,109287.0,108778.6,109186.2,3028.416
1761883200000,109186.3,109860.0,109062.7,109760.0,4978.717
1761885000000,109759.9,110200.0,109631.1,110052.5,5442.374
1761886800000,110052.5,110052.5,109645.3,109850.1,2501.214
1761888600000,109850.0,109988.0,109794.5,109856.6,1930.774
1761890400000,109856.6,109930.4,109517.5,109654.7,2288.471
1761892200000,109654.7,109678.5,109470.9,109604.2,1375.968
1761894000000,109604.2,109785.6,109377.0,109630.7,2219.066
1761895800000,109630.7,109708.3,109209.3,109400.1,3189.498
1761897600000,109400.0,109838.7,109159.0,109784.8,2810.933
1761899400000,109784.8,110064.1,109624.2,110013.0,2438.977
1761901200000,110013.0,110410.0,109933.8,109953.2,3818.576
1761903000000,109953.3,110037.4,109761.0,109813.3,1617.739
1761904800000,109813.3,109917.1,109705.6,109807.4,1120.788
1761906600000,109807.4,110083.9,109665.4,109780.1,1542.776
1761908400000,109780.2,109830.6,109430.0,109468.5,2117.439
1761910200000,109468.6,110500.0,109408.6,110375.7,3670.463
1761912000000,110375.7,110666.0,110083.9,110122.9,3758.041
1761913800000,110122.9,110290.5,109566.7,109610.7,3183.643
1761915600000,109610.7,110200.0,109599.5,109879.9,2177.758
1761917400000,109879.9,110199.6,109308.1,110120.9,7227.887
1761919200000,110120.8,110597.3,109650.0,109770.2,5543.113
1761921000000,109770.1,111100.0,109541.0,110750.5,12670.356
1761922800000,110750.5,111233.0,110337.0,110436.9,6694.137
1761924600000,110437.0,110589.0,110081.9,110160.1,3245.464
1761926400000,110160.1,110273.2,109750.3,110068.8,3238.727
1761928200000,110068.9,110113.1,108627.2,108812.9,5559.158
1761930000000,108812.8,109218.7,108600.0,109007.1,4068.985
1761931800000,109007.0,109387.2,108976.4,109269.5,2195.645
1761933600000,109269.5,109515.7,109164.8,109201.2,1495.175
1761935400000,109201.3,109837.4,108919.5,109415.8,3881.254
1761937200000,109415.7,109941.2,109076.5,109750.0,2088.702
1761939000000,109750.0,110231.0,109750.0,109802.8,2795.832
1761940800000,109802.7,109802.7,109515.5,109660.9,1562.55
1761942600000,109660.9,109776.8,109405.2,109455.4,1245.076
1761944400000,109455.4,109656.7,109277.7,109510.0,936.086
1761946200000,109509.9,109718.7,109410.1,109530.1,879.154
1761948000000,109530.2,109770.3,109436.1,109614.7,881.054
1761949800000,109614.6,109695.0,109516.9,109543.0,540.159
1761951600000,109543.0,109587.9,109500.2,109578.7,366.187
1761953400000,109578.6,109641.9,109475.6,109557.3,432.258
1761955200000,109557.2,109600.0,109351.5,109500.0,834.772
1761957000000,109500.0,109725.0,109393.6,109689.7,654.173
1761958800000,109689.7,109900.0,109656.2,109900.0,783.298
1761960600000,109900.0,110052.5,109690.0,109690.0,949.502
1761962400000,109690.0,109763.3,109480.0,109610.2,825.967
1761964200000,109610.2,109847.3,109432.0,109750.0,869.339
1761966000000,109750.0,110242.0,109750.0,110003.0,1924.426
1761967800000,110003.0,110300.0,110000.0,110194.6,1910.629
1761969600000,110194.6,110557.0,110073.2,110256.2,2286.29
1761971400000,110256.2,110347.5,110163.5,110245.8,923.793
1761973200000,110245.8,110284.7,110000.0,110103.8,858.016
1761975000000,110103.9,110338.0,110052.0,110087.7,655.27
1761976800000,110087.7,110121.6,109953.1,109979.9,709.562
1761978600000,109980.0,110125.0,109885.5,109956.2,720.07
1761980400000,109956.2,110158.0,109945.0,110133.0,593.576
1761982200000,110133.1,110224.0,109969.8,110025.3,583.947
1761984000000,110025.3,110237.6,110025.3,110148.3,515.673
1761985800000,110148.3,110225.0,110121.9,110200.3,415.676
1761987600000,110200.3,110213.4,110085.6,110143.6,534.265
1761989400000,110143.6,110143.6,109925.0,109954.6,1001.715
1761991200000,109954.6,110066.0,109803.0,109966.3,964.746
1761993000000,109966.2,110151.0,109935.9,110119.4,569.543
1761994800000,110119.5,110207.1,110009.3,110010.7,597.812
1761996600000,110010.7,110151.5,109958.6,110096.2,573.407
1761998400000,110096.3,110164.4,109956.5,110045.3,732.487
1762000200000,110045.2,110120.0,109972.0,109972.0,546.423
1762002000000,109972.1,109997.2,109903.0,109966.9,749.654
1762003800000,109966.9,110015.0,109654.5,109899.6,1465.641
1762005600000,109899.7,109945.8,109679.5,109833.0,1673.099
1762007400000,109833.1,109906.0,109818.5,109880.0,897.593
1762009200000,109880.0,110300.0,109854.4,110007.3,2535.958
1762011000000,110007.2,110267.4,109957.8,110253.2,1154.635
1762012800000,110253.1,110400.0,110144.0,110144.0,1831.119
1762014600000,110144.0,110486.4,110144.0,110413.7,1633.293
1762016400000,110413.8,110455.5,110157.5,110170.0,1004.632
1762018200000,110170.1,110301.0,110125.1,110160.1,493.816
1762020000000,110160.1,110297.3,110145.5,110208.2,448.634
1762021800000,110208.2,110325.1,110163.5,110294.9,489.631
1762023600000,110294.9,110294.9,110171.7,110217.6,361.969
1762025400000,110217.5,110279.3,110176.9,110249.0,181.675
1762027200000,110249.0,110440.0,110248.9,110399.0,444.857
1762029000000,110399.0,110487.0,110299.9,110358.4,539.64
1762030800000,110358.4,110389.9,110157.6,110316.5,543.265
1762032600000,110316.6,110316.6,109803.5,109815.2,1084.153
1762034400000,109815.2,109999.8,109815.1,109955.0,659.853
1762036200000,109955.1,110060.2,109951.6,110044.0,259.617
1762038000000,110044.0,110044.1,109943.9,110037.0,319.754
1762039800000,110037.0,110100.0,109922.4,110047.2,307.356
1762041600000,110047.3,110088.0,109846.7,109980.0,805.809
1762043400000,109980.1,110033.5,109904.6,109932.3,390.481
1762045200000,109932.2,110058.0,109872.1,110058.0,463.593
1762047000000,110057.9,110058.0,109900.0,109930.0,419.893
1762048800000,109930.0,109970.2,109836.7,109953.2,540.885
1762050600000,109953.1,110234.4,109929.4,109976.4,925.656
1762052400000,109975.9,110002.9,109918.2,109945.0,408.782
1762054200000,109945.0,110048.4,109911.7,110008.5,578.191
1762056000000,110008.4,110156.8,109974.1,110107.5,898.299
1762057800000,110107.5,110799.7,110062.4,110624.8,3426.896
1762059600000,110624.8,110667.0,110265.5,110402.3,1915.335
1762061400000,110402.2,110516.0,110230.0,110452.7,1038.107
1762063200000,110453.1,110480.0,110268.5,110352.0,592.341
1762065000000,110352.0,110675.4,110244.8,110610.0,1098.626
1762066800000,110609.9,110633.7,110375.0,110451.0,746.997
1762068600000,110450.9,110988.0,110416.0,110844.1,2438.291
1762070400000,110844.0,110966.2,110650.4,110747.9,1327.884
1762072200000,110747.8,110817.7,110678.0,110805.7,776.667
1762074000000,110805.7,110999.9,110805.7,110923.1,1229.691
1762075800000,110923.1,110923.1,110464.0,110657.1,2118.61
1762077600000,110657.2,110814.0,110520.0,110527.4,1479.086
1762079400000,110527.4,110527.5,110302.1,110450.0,1924.614
1762081200000,110449.9,110831.8,110434.3,110805.9,1349.498
1762083000000,110805.8,111193.5,110667.7,111145.4,2215.888
1762084800000,111145.4,111216.0,110847.0,110893.7,2020.143
1762086600000,110893.7,110981.9,110614.8,110690.8,1704.022
1762088400000,110690.8,110726.3,110109.2,110361.8,2978.351
1762090200000,110361.7,110550.7,110235.8,110513.0,1511.208
1762092000000,110513.0,110625.0,110152.0,110254.7,1807.694
1762093800000,110254.6,110500.0,110138.5,110370.7,1301.453
1762095600000,110370.7,110500.0,110217.2,110470.0,990.794
1762097400000,110470.0,110510.0,110030.0,110066.1,1659.106
1762099200000,110066.2,110097.3,109661.2,110027.3,4309.942
1762101000000,110027.3,110086.2,109890.0,110068.1,1136.721
1762102800000,110068.2,110222.0,110047.7,110107.7,822.704
1762104600000,110107.7,110142.2,109970.1,110142.2,645.582
1762106400000,110142.1,110234.3,110121.0,110197.3,443.225
1762108200000,110197.3,110286.2,110133.7,110283.2,438.736
1762110000000,110283.2,110283.2,109900.4,109905.4,650.371
1762111800000,109905.4,110137.9,109905.3,110125.2,668.704
1762113600000,110125.3,110172.5,109834.8,109877.7,661.538
1762115400000,109877.7,110045.7,109866.8,110045.6,410.584
1762117200000,110045.6,110091.2,109922.6,109972.4,328.613
1762119000000,109972.4,110066.8,109940.9,109947.6,314.799
1762120800000,109947.5,109982.4,109906.0,109949.4,409.688
1762122600000,109949.4,109949.4,109368.9,109860.9,2291.477
1762124400000,109860.9,110471.1,109860.9,110133.2,2378.36
1762126200000,110133.1,110700.0,110115.5,110494.9,2115.238
1762128000000,110494.9,110711.0,110275.4,110281.5,1780.345
1762129800000,110281.4,110330.0,109700.0,109700.1,1778.207
1762131600000,109700.0,109801.6,109424.3,109599.7,3077.86
1762133400000,109599.7,109846.2,109310.0,109614.2,2150.817
1762135200000,109614.2,109713.2,109150.9,109181.5,2605.291
1762137000000,109181.8,109181.8,108600.0,108991.7,5076.215
1762138800000,108991.7,109116.4,107900.1,108079.8,6962.175
1762140600000,108079.9,108350.9,107850.0,107886.0,3628.726
1762142400000,107886.0,107952.1,107435.0,107775.9,5493.221
1762144200000,107775.9,107944.1,107627.4,107843.8,3015.835
1762146000000,107843.8,108088.8,107702.8,107920.0,2517.531
1762147800000,107920.1,107963.6,107333.0,107556.9,2329.936
1762149600000,107556.8,107666.0,107239.3,107422.7,2144.753
1762151400000,107422.7,107626.0,106946.7,107452.8,4152.229
1762153200000,107452.8,107801.5,107222.0,107604.5,3065.415
1762155000000,107604.5,107673.1,107400.0,107420.5,2119.744
1762156800000,107420.6,107677.5,107163.1,107180.7,2010.276
1762158600000,107180.7,107558.0,106925.7,107548.6,3312.093
1762160400000,107548.5,107881.4,107247.9,107333.0,3217.647
1762162200000,107333.0,107420.8,107029.0,107173.1,1388.362
1762164000000,107173.1,107577.5,107156.8,107541.2,1320.169
1762165800000,107541.1,107541.1,106618.7,106925.9,3680.123
1762167600000,106926.0,107775.8,106918.8,107595.4,3344.157
1762169400000,107595.4,107873.9,107459.4,107737.4,1833.894
1762171200000,107737.4,108216.9,107666.0,108203.9,4673.476
1762173000000,108203.9,108210.0,107650.5,107717.2,1836.362
1762174800000,107717.1,107728.8,107512.0,107646.5,1478.867
1762176600000,107646.0,108013.6,107646.0,107855.0,1691.245
1762178400000,107855.0,108280.0,107463.4,107499.6,3736.972
1762180200000,107499.7,108024.5,107317.6,108016.5,3385.448
1762182000000,108016.5,108117.0,105600.0,105926.2,14013.633
1762183800000,105925.5,106583.2,105500.0,105718.8,17572.032
1762185600000,105718.8,106555.0,105300.0,106328.0,12296.214
1762187400000,106328.0,106758.0,106183.7,106644.0,4489.7
1762189200000,106644.1,107797.2,106489.5,107045.5,8160.871
1762191000000,107045.6,107634.9,107014.5,107433.2,3278.652
1762192800000,107433.3,107550.1,107060.3,107210.1,2363.301
1762194600000,107210.1,107360.0,106747.5,106905.9,3007.792
1762196400000,106905.9,107123.2,106400.0,106893.0,2898.687
1762198200000,106893.1,107350.0,106867.7,107034.7,1625.043
1762200000000,107034.7,107120.0,106461.6,106700.0,1985.554
1762201800000,106700.0,107000.0,106259.9,106615.9,2186.121
1762203600000,106615.8,107061.3,106038.0,106583.3,3184.197
1762205400000,106583.3,107012.6,106501.7,106849.3,1651.345
1762207200000,106849.3,106849.3,106100.0,106133.6,2069.552
1762209000000,106133.5,106592.4,105750.1,106441.6,2262.92
1762210800000,106441.6,106503.8,105984.3,106399.6,1221.318
1762212600000,106399.4,106716.6,106374.4,106544.0,1183.724
1762214400000,106544.0,106591.1,105820.0,105820.0,2524.156
1762216200000,105820.0,106777.0,105820.0,106428.8,3057.361
1762218000000,106428.8,107150.0,106224.0,106864.9,3434.798
1762219800000,106865.0,107271.9,106627.1,106991.0,2759.5
1762221600000,106990.9,107192.2,106679.4,106893.9,2292.535
1762223400000,106893.9,106968.5,106404.8,106438.0,2868.863
1762225200000,106438.0,106992.0,106150.0,106917.9,2655.226
1762227000000,106918.0,107192.2,106785.7,107097.2,2079.7
1762228800000,107097.1,107247.8,106850.6,106884.7,1682.179
1762230600000,106884.7,107000.0,106659.2,106702.8,1257.474
1762232400000,106702.7,106702.8,105395.7,105612.6,5777.238
1762234200000,105612.7,105620.9,104131.8,104164.3,14009.778
1762236000000,104164.3,105190.0,104125.3,104934.4,8995.279
1762237800000,104934.3,104946.3,104433.4,104702.4,3065.259
1762239600000,104702.4,104900.0,104274.3,104328.3,3868.114
1762241400000,104328.3,104703.0,104274.2,104442.9,2647.575
1762243200000,104442.9,104500.0,103700.2,104167.5,7974.581
1762245000000,104167.5,104591.7,103911.2,104018.4,3402.915
1762246800000,104018.5,104047.7,103621.8,103849.3,3618.25
1762248600000,103849.2,104125.5,103600.0,103822.3,2818.393
1762250400000,103822.4,103872.6,103605.1,103704.6,2574.9
1762252200000,103704.6,104096.1,103550.0,103787.0,4027.478
1762254000000,103787.0,104433.6,103731.2,104254.7,3721.517
1762255800000,104254.6,104656.0,104220.5,104530.7,2755.758
1762257600000,104530.7,104596.4,103822.0,104070.5,4166.792
1762259400000,104070.5,104072.4,103777.0,103907.3,1921.431
1762261200000,103907.3,104044.4,103513.2,103639.1,2836.96
1762263000000,103639.2,104191.0,103607.3,103870.0,3170.936
1762264800000,103870.1,103999.0,103653.6,103733.0,2335.847
1762266600000,103733.0,104651.2,102870.0,104458.4,17282.294
1762268400000,104458.4,104800.0,104010.3,104420.1,7470.605
1762270200000,104420.1,104420.1,103136.3,103157.7,6702.047
1762272000000,103157.7,103474.1,102456.0,102701.4,9862.099
1762273800000,102701.3,103000.0,102110.0,102227.4,8705.441
1762275600000,102227.4,102227.4,100725.0,101318.1,20197.835
1762277400000,101318.1,101934.2,101045.6,101074.8,7568.1
1762279200000,101074.8,101108.8,100250.0,100668.8,11655.358
1762281000000,100668.8,101469.5,99980.0,101317.3,13151.143
1762282800000,101317.3,101674.6,100850.6,101246.5,5593.426
1762284600000,101246.5,101389.3,100367.9,100507.0,5168.161
1762286400000,100507.0,100727.9,99482.6,100493.4,13555.402
1762288200000,100493.4,101077.2,99964.1,100710.1,6739.268
1762290000000,100710.0,100793.8,99678.7,99874.8,5857.913
1762291800000,99874.8,100313.9,98888.8,100274.1,12111.801
1762293600000,100274.2,101300.0,100043.0,101107.8,8352.89
1762295400000,101107.8,101859.5,100836.7,101260.2,5319.142
1762297200000,101260.3,101544.6,100850.3,101191.8,3750.139
1762299000000,101191.8,101697.0,101048.0,101450.3,4398.303
1762300800000,101450.2,101700.0,100907.6,100927.4,4741.589
1762302600000,100927.5,101045.8,100308.0,100522.9,3891.215
1762304400000,100523.0,100599.0,99039.8,99087.8,7346.598
1762306200000,99087.8,100988.1,98909.7,100722.1,12479.789
1762308000000,100722.1,101546.9,100713.5,101247.6,9276.419
1762309800000,101247.5,101918.1,101105.7,101633.7,8262.057
1762311600000,101633.8,102088.0,101405.1,102061.8,5210.324
1762313400000,102061.9,102222.0,101801.4,102094.8,4309.153
1762315200000,102094.8,102212.3,101513.0,101540.1,3738.513
1762317000000,101540.1,102151.2,101481.1,101952.1,2539.634
1762318800000,101952.1,102326.4,101617.4,101825.7,4933.811
1762320600000,101825.7,102000.0,101536.8,101768.2,1942.192
1762322400000,101768.1,101889.4,101433.3,101864.5,2794.229
1762324200000,101864.5,102094.7,101663.4,102068.8,1831.344
1762326000000,102068.8,102100.0,101552.0,101769.6,1457.331
1762327800000,101769.6,102100.0,101699.1,101946.1,1751.294
1762329600000,101946.2,101946.3,101131.0,101381.4,4981.112
1762331400000,101381.4,101819.3,101163.8,101650.8,3562.491
1762333200000,101650.7,102174.9,101553.6,101847.8,3076.434
1762335000000,101847.7,101980.0,101677.4,101949.5,1293.238
1762336800000,101949.6,101949.6,101574.1,101754.2,1557.832
1762338600000,101754.2,101800.0,101250.0,101352.5,1843.392
1762340400000,101352.6,101735.1,101338.0,101554.5,2405.429
1762342200000,101554.5,102060.4,101530.0,102019.4,2015.588
1762344000000,102019.3,102853.2,101867.8,102466.7,6405.49
1762345800000,102466.7,102681.4,102237.6,102622.7,2941.181
1762347600000,102622.6,102719.7,102240.7,102471.7,2373.324
1762349400000,102471.7,103207.0,102306.2,102926.1,4987.988
1762351200000,102926.2,102973.5,102439.8,102611.5,3014.651
1762353000000,102611.6,103440.0,102120.0,103162.6,7531.528
1762354800000,103162.6,103439.7,102777.0,103312.1,3809.971
1762356600000,103312.1,103750.0,103204.0,103668.3,4254.464
1762358400000,103668.2,103790.0,102972.8,103459.2,4203.583
1762360200000,103459.2,103990.3,103430.4,103865.0,3714.424
1762362000000,103865.1,103953.9,103326.7,103850.1,2946.54
1762363800000,103850.0,103950.8,103452.5,103850.6,2169.617
1762365600000,103850.6,104100.0,103700.0,104063.9,2288.576
1762367400000,104063.9,104383.6,103961.3,104292.8,3068.388
1762369200000,104292.9,104496.6,104020.6,104150.0,2189.034
1762371000000,104150.0,104412.1,103926.1,103950.0,1688.527
1762372800000,103950.0,104497.6,103874.8,103956.7,2324.11
1762374600000,103956.7,103968.6,103566.3,103788.0,2409.686
1762376400000,103788.0,103788.1,103450.7,103533.0,2147.869
1762378200000,103533.0,103728.9,103511.9,103626.0,1000.546
1762380000000,103625.9,103626.0,103240.5,103318.7,1513.386
1762381800000,103318.7,103750.0,103278.0,103671.9,1037.547
1762383600000,103671.8,103958.0,103620.0,103903.3,1369.203
1762385400000,103903.2,104062.9,103800.0,103837.0,1139.453
1762387200000,103837.0,103840.7,103264.6,103386.5,2493.574
1762389000000,103386.5,103649.5,103282.1,103631.5,1098.497
1762390800000,103631.5,103631.5,102684.7,102800.0,4585.038
1762392600000,102800.1,103500.0,102771.8,103315.4,2107.921
1762394400000,103315.4,103383.3,102800.3,102855.7,2023.517
1762396200000,102855.8,103537.9,102835.8,103278.2,1983.534
1762398000000,103278.1,103919.7,103278.1,103562.0,2408.238
1762399800000,103561.9,103738.6,103551.8,103598.3,1070.55
1762401600000,103598.3,103803.0,103534.0,103720.1,1135.672
1762403400000,103720.1,104210.2,103645.0,103987.5,2290.201
1762405200000,103987.5,103987.5,103333.0,103455.8,1957.197
1762407000000,103455.8,103497.9,103029.4,103103.5,1809.911
1762408800000,103103.5,103481.9,102938.0,103467.6,1653.197
1762410600000,103467.5,103560.6,103199.9,103268.7,1009.007
1762412400000,103268.8,103542.3,102850.1,103399.9,2125.622
1762414200000,103400.0,103460.0,102900.0,103138.6,1732.564
1762416000000,103138.6,103406.0,102929.2,103300.4,1252.535
1762417800000,103300.4,103348.5,103050.0,103161.2,894.738
1762419600000,103161.3,103226.2,102811.1,102915.9,1968.583
1762421400000,102915.9,103059.7,102766.3,102766.3,1105.87
1762423200000,102766.4,103061.3,102611.5,102987.4,2374.251
1762425000000,102987.3,103250.0,102968.8,103090.0,1878.891
1762426800000,103089.9,103135.5,102689.9,103100.1,2123.206
1762428600000,103100.0,103270.0,103035.1,103182.6,1126.711
1762430400000,103182.6,103287.7,102740.0,102756.7,2388.791
1762432200000,102756.7,102961.2,102329.0,102507.1,4981.284
1762434000000,102507.1,103585.0,102507.1,103447.8,3885.091
1762435800000,103447.9,103540.4,103090.7,103270.0,2204.355
1762437600000,103269.9,103550.0,102660.0,102849.2,3310.5
1762439400000,102849.3,102873.5,102001.0,102083.1,7775.01
1762441200000,102083.0,102907.4,101860.0,102386.0,7368.832
1762443000000,102386.1,102417.9,101570.5,101981.6,9098.051
1762444800000,101981.6,102367.9,101501.8,101764.3,6453.565
1762446600000,101764.3,101764.3,100238.4,100830.6,14923.046
1762448400000,100830.5,101462.0,100724.6,101391.6,5325.183
1762450200000,101391.6,101958.9,101151.5,101762.2,4322.073
1762452000000,101762.2,101762.2,100870.8,101322.8,3956.327
1762453800000,101322.9,102298.0,101270.8,101670.0,4169.529
1762455600000,101670.0,101949.0,101526.6,101751.8,3609.698
1762457400000,101751.8,101831.4,101140.9,101335.9,2049.533
1762459200000,101335.9,101599.6,100991.9,101041.2,1827.653
1762461000000,101041.3,101101.5,100590.0,100873.8,2931.371
1762462800000,100873.7,100978.7,100500.0,100831.5,2294.772
1762464600000,100831.6,101175.7,100720.1,101071.8,2142.228
1762466400000,101071.8,101346.5,100950.7,101092.9,1381.595
1762468200000,101092.9,101447.5,101025.3,101364.2,1171.206
1762470000000,101364.1,101507.3,101076.3,101313.8,2099.771
1762471800000,101313.8,101355.0,101096.4,101305.6,1151.332
1762473600000,101305.6,101596.3,100700.1,100890.9,3467.407
1762475400000,100891.0,101592.1,100736.5,101434.5,2820.2
1762477200000,101434.6,101846.5,101000.0,101639.7,3083.929
1762479000000,101639.7,101639.7,100835.4,101501.3,2943.304
1762480800000,101501.3,101676.8,101200.0,101200.1,1865.738
1762482600000,101200.0,101890.0,101200.0,101863.8,1753.327
1762484400000,101863.8,102311.0,101837.5,102233.7,2774.717
1762486200000,102233.7,102233.7,101810.0,101863.5,1508.909
1762488000000,101863.4,102022.4,101530.0,101943.1,2091.7
1762489800000,101943.0,102027.7,101663.1,101974.1,1245.454
1762491600000,101974.0,102480.4,101965.7,102354.7,2687.908
1762493400000,102354.8,102442.5,102212.1,102400.0,1806.361
1762495200000,102400.0,102450.0,102187.5,102197.3,1210.996
1762497000000,102197.3,102197.4,101763.6,101778.7,1108.754
1762498800000,101778.6,101977.0,101632.4,101798.0,1555.286
1762500600000,101798.0,101981.9,101586.6,101978.8,1573.723
1762502400000,101978.2,102024.7,101650.1,101755.0,1237.956
1762504200000,101754.9,101764.9,101388.0,101461.8,1722.544
1762506000000,101461.8,101480.0,100922.0,100972.6,2934.553
1762507800000,100972.6,101108.5,100700.8,100968.1,4117.185
1762509600000,100968.1,101213.3,100592.0,100617.1,2973.32
1762511400000,100617.1,100922.7,100516.2,100725.3,1577.805
1762513200000,100725.4,100751.0,99750.0,99885.0,10867.207
1762515000000,99885.0,100585.9,99827.0,100369.1,5409.102
1762516800000,100369.2,100593.2,99820.0,99896.1,3757.298
1762518600000,99896.2,99896.2,99200.0,99608.9,7649.407
1762520400000,99608.9,100500.0,99425.4,100107.2,6275.698
1762522200000,100107.5,100537.5,100040.5,100295.1,3399.573
1762524000000,100295.0,100499.9,99972.2,100247.4,3231.196
1762525800000,100247.6,100924.4,99451.1,100753.6,11076.853
1762527600000,100753.7,101230.0,100319.4,100978.1,8464.75
1762529400000,100978.1,101116.1,100367.0,100758.0,3753.752
1762531200000,100758.0,101620.1,100468.9,101492.6,5582.315
1762533000000,101492.5,101592.4,100920.8,101128.4,3450.487
1762534800000,101128.3,102457.2,100888.3,102299.9,6853.407
1762536600000,102299.9,102688.0,101840.5,102354.6,5005.075
1762538400000,102354.7,102818.0,102276.9,102644.5,3917.629
1762540200000,102644.6,102782.4,102235.9,102551.3,3596.646
1762542000000,102551.3,102963.5,102429.4,102803.0,2321.343
1762543800000,102803.0,103350.7,102803.0,103350.0,3682.307
1762545600000,103350.0,103377.2,102889.6,103144.9,2461.45
1762547400000,103145.0,103849.9,103131.2,103718.4,3372.763
1762549200000,103718.4,103720.0,103295.6,103377.0,1680.8
1762551000000,103377.0,103844.9,103332.2,103844.9,1463.391
1762552800000,103844.8,104070.7,103590.7,103890.5,4238.301
1762554600000,103890.6,103890.6,103553.1,103586.6,1402.595
1762556400000,103586.6,103733.2,103368.1,103374.8,1655.578
1762558200000,103375.0,103587.9,103285.7,103305.2,1337.459
1762560000000,103305.3,103373.8,103013.0,103046.2,2358.072
1762561800000,103046.2,103146.3,102488.0,102674.6,3818.919
1762563600000,102674.5,103085.7,102620.0,102939.1,1531.543
1762565400000,102939.0,103212.2,102798.6,102955.8,1303.261
1762567200000,102955.8,103270.0,102875.0,103192.7,1496.912
1762569000000,103192.7,103294.1,102706.5,102804.9,1654.516
1762570800000,102804.9,103264.0,102795.0,103053.0,1067.916
1762572600000,103053.0,103092.0,102544.3,102545.8,2462.522
1762574400000,102545.8,102700.0,102407.0,102417.1,1884.938
1762576200000,102417.0,102794.0,102341.9,102504.9,2661.913
1762578000000,102505.0,102685.8,102415.1,102450.0,1190.561
1762579800000,102450.0,102570.6,102234.0,102257.4,1558.075
1762581600000,102257.4,102400.0,102036.3,102291.2,2900.304
1762583400000,102291.2,102485.0,102147.9,102171.8,1197.834
1762585200000,102171.8,102344.8,101853.8,102040.1,2074.644
1762587000000,102040.1,102368.4,101967.4,102302.9,1399.846
1762588800000,102302.8,102607.9,102111.8,102412.1,1856.809
1762590600000,102412.1,102654.1,102362.5,102392.1,1293.022
1762592400000,102392.0,102486.4,102182.1,102433.2,989.666
1762594200000,102433.0,102564.0,102257.2,102354.7,898.863
1762596000000,102354.6,102485.0,102261.3,102485.0,558.944
1762597800000,102485.0,102535.6,102390.3,102430.8,545.053
1762599600000,102430.8,102594.0,102400.5,102463.1,846.71
1762601400000,102463.1,102463.1,101647.7,101805.6,4730.142
1762603200000,101805.6,102019.7,101672.8,101945.4,1601.413
1762605000000,101945.4,102063.0,101829.0,102011.7,1094.331
1762606800000,102011.6,102112.0,101651.0,102059.7,1531.553
1762608600000,102059.7,102142.9,101739.7,101758.9,1548.249
1762610400000,101758.9,101832.5,101400.1,101672.7,3493.841
1762612200000,101672.6,102052.4,101672.6,101786.2,2141.432
1762614000000,101786.3,101917.7,101456.2,101555.0,1870.988
1762615800000,101554.9,101698.0,101435.4,101678.0,1126.094
1762617600000,101678.1,101921.5,101476.9,101802.8,1610.138
1762619400000,101802.9,101894.3,101630.0,101808.9,989.846
1762621200000,101808.8,101844.8,101485.5,101759.6,1140.534
1762623000000,101759.7,101971.1,101729.5,101945.1,865.814
1762624800000,101945.1,101975.4,101780.3,101952.8,696.974
1762626600000,101953.0,102182.7,101855.6,102084.4,1141.026
1762628400000,102084.3,102137.1,101471.1,101747.8,1759.909
1762630200000,101747.8,101972.0,101717.1,101934.3,648.002
1762632000000,101934.4,102062.9,101906.6,102060.5,569.505
1762633800000,102060.5,102125.0,101976.8,102024.4,482.052
1762635600000,102024.3,102101.1,101974.3,102037.6,306.965
1762637400000,102037.7,102328.9,102037.6,102224.1,1172.024
1762639200000,102224.0,102323.9,102117.3,102277.1,681.765
1762641000000,102277.0,102382.6,102171.1,102325.4,603.449
1762642800000,102325.3,102410.0,102275.3,102410.0,747.305
1762644600000,102410.0,102443.9,102233.8,102269.3,587.755
1762646400000,102269.3,102294.9,101571.0,101735.1,1816.662
1762648200000,101735.1,102036.1,101680.4,101749.9,1061.781
1762650000000,101749.9,101964.5,101682.1,101799.9,776.643
1762651800000,101799.9,102069.8,101637.2,101995.4,778.503
1762653600000,101995.4,101995.5,101768.3,101864.6,623.135
1762655400000,101864.6,101870.0,101523.9,101589.7,1020.651
1762657200000,101589.7,101771.9,101300.0,101466.8,1516.316
1762659000000,101466.8,101716.5,101427.2,101622.9,1019.878
1762660800000,101623.0,102097.0,101602.1,102030.0,1321.578
1762662600000,102030.0,102057.9,101655.2,101673.8,916.327
1762664400000,101673.8,101950.0,101627.5,101932.7,1072.126
1762666200000,101932.7,101988.2,101685.2,101879.9,732.846
1762668000000,101880.0,101907.9,101758.9,101836.9,604.594
1762669800000,101836.9,101923.0,101650.0,101698.9,658.036
1762671600000,101698.8,101846.0,101618.3,101749.6,713.789
1762673400000,101749.7,101930.0,101731.4,101898.2,737.077
1762675200000,101898.3,102008.3,101759.9,101895.1,817.106
1762677000000,101895.1,102009.2,101800.7,101938.3,476.652
1762678800000,101938.4,102087.1,101834.6,101914.1,1095.246
1762680600000,101914.2,102000.0,101566.7,101602.2,1436.652
1762682400000,101602.3,101751.0,101457.0,101715.9,1750.82
1762684200000,101715.8,101884.3,101546.9,101829.4,877.313
1762686000000,101829.3,102274.9,101829.3,102079.9,2075.473
1762687800000,102079.9,102270.0,102000.0,102198.2,977.017
1762689600000,102198.2,102390.0,102053.3,102145.5,1687.439
1762691400000,102145.5,102242.8,102001.0,102038.3,853.363
1762693200000,102038.3,102489.8,102025.6,102478.3,2551.299
1762695000000,102478.3,102967.0,102445.5,102877.9,3939.295
1762696800000,102877.9,103850.0,102718.7,103850.0,6595.873
1762698600000,103849.9,104031.4,102857.8,102994.4,7098.515
1762700400000,102994.3,103560.0,102922.0,103545.3,2733.684
1762702200000,103545.4,104180.0,103466.1,103715.8,4462.727
1762704000000,103715.8,103815.6,103294.5,103460.0,2984.293
1762705800000,103460.0,103881.0,103290.8,103814.8,1805.561
1762707600000,103814.8,103938.6,103300.0,103585.9,1859.492
1762709400000,103585.9,103786.0,103424.5,103607.6,1182.879
1762711200000,103607.7,103733.7,103473.0,103576.7,756.351
1762713000000,103576.8,104573.7,103570.0,104479.8,5289.627
1762714800000,104479.8,104711.0,104100.0,104700.0,3677.462
1762716600000,104700.0,104780.0,104528.2,104764.1,2134.43
1762718400000,104764.1,105036.5,104357.5,104451.9,3509.967
1762720200000,104451.9,104651.4,104415.9,104585.5,865.403
1762722000000,104585.4,104616.1,104327.6,104598.0,835.758
1762723800000,104598.0,104807.2,104249.4,104483.6,2020.067
1762725600000,104483.6,104663.9,103999.5,104293.4,2124.723
1762727400000,104293.4,104774.4,104098.4,104676.8,1553.057
1762729200000,104676.9,105440.0,104580.6,104608.1,5343.945
1762731000000,104608.1,104729.4,104482.6,104670.6,1626.239
1762732800000,104670.7,105678.8,104205.9,105448.3,5281.765
1762734600000,105448.3,106484.8,105417.6,106268.0,8827.479
1762736400000,106267.9,106666.0,105944.9,106020.5,6857.357
1762738200000,106020.5,106123.1,105681.6,105683.0,3323.557
1762740000000,105683.0,105950.9,105558.4,105732.1,2508.134
1762741800000,105732.2,106025.6,105618.0,105965.9,1651.065
1762743600000,105966.0,106257.5,105797.7,105914.6,2228.855
1762745400000,105914.5,106193.0,105826.4,105990.6,2254.91
1762747200000,105990.6,106270.6,105827.8,105902.0,2017.972
1762749000000,105902.0,106237.6,105800.0,106115.9,1437.525
1762750800000,106115.9,106438.1,106055.5,106181.9,2282.662
1762752600000,106182.0,106259.3,105947.8,106050.0,1325.202
1762754400000,106049.9,106258.2,105903.0,106056.3,1625.126
1762756200000,106056.3,106263.1,106026.5,106166.6,877.668
1762758000000,106166.7,106499.0,106096.6,106282.3,1676.809
1762759800000,106282.2,106425.3,106181.8,106417.7,1285.869
1762761600000,106417.6,106525.0,106134.4,106189.0,1874.683
1762763400000,106189.0,106189.0,105821.4,105931.2,2243.147
1762765200000,105931.2,106400.0,105780.1,106383.8,2584.528
1762767000000,106383.8,106570.0,106287.0,106402.0,2336.34
1762768800000,106402.0,106416.4,106107.7,106112.0,1225.286
1762770600000,106112.1,106135.3,105916.0,105946.1,1260.181
1762772400000,105946.1,106215.5,105900.8,106116.4,1104.0
1762774200000,106116.4,106287.7,106096.6,106136.6,944.601
1762776000000,106136.5,106176.6,105804.3,105878.2,1797.176
1762777800000,105878.3,105994.7,105825.7,105900.1,1575.305
1762779600000,105900.1,106542.8,105869.0,106256.1,3950.241
1762781400000,106256.1,106566.7,106256.0,106509.4,2100.16
1762783200000,106509.4,106509.4,106096.3,106139.0,2208.022
1762785000000,106139.0,106186.0,104615.7,104846.5,11084.462
1762786800000,104846.6,105458.1,104744.3,105427.1,5563.288
1762788600000,105427.2,105584.7,104617.0,105028.9,4799.49
1762790400000,105028.9,105320.6,104762.2,105136.3,2709.673
1762792200000,105135.9,105314.6,104735.6,105189.2,2743.048
1762794000000,105189.2,105478.9,105132.3,105312.6,1546.994
1762795800000,105312.6,105962.6,105312.6,105906.6,2781.564
1762797600000,105906.6,106081.1,105657.0,105858.9,2158.901
1762799400000,105859.0,105925.4,105420.0,105435.8,1415.061
1762801200000,105435.9,105741.3,105354.0,105667.8,1094.463
1762803000000,105667.8,106000.0,105412.8,105767.2,1876.715
1762804800000,105767.1,106249.6,105750.3,105984.0,1992.438
1762806600000,105984.1,106222.0,105771.3,105956.7,1491.109
1762808400000,105956.7,105973.9,105434.9,105505.9,1473.726
1762810200000,105505.9,105614.7,105202.7,105583.5,1831.599
1762812000000,105583.5,105778.3,105300.0,105559.1,1140.578
1762813800000,105559.2,106089.0,105546.6,106003.8,1121.764
1762815600000,106003.9,106242.3,105919.4,106135.8,1643.837
1762817400000,106135.8,106228.9,105831.8,105966.3,1269.203
1762819200000,105966.3,106094.0,105561.0,105673.5,1410.656
1762821000000,105673.6,106111.9,105399.6,106100.0,1919.224
1762822800000,106100.0,107473.7,106001.3,106741.7,8527.064
1762824600000,106741.8,106781.4,105957.5,106047.4,5205.64
1762826400000,106047.5,106344.9,105533.5,106320.5,4527.833
1762828200000,106320.6,107099.9,106294.1,106595.8,4579.176
1762830000000,106595.8,107041.5,106543.8,106717.6,2060.489
1762831800000,106717.5,106824.5,106302.5,106407.3,1881.722
1762833600000,106407.4,106496.6,105919.7,105919.7,2174.857
1762835400000,105919.7,106005.2,105650.2,105709.0,1989.54
1762837200000,105709.0,105709.1,105072.0,105506.4,3777.898
1762839000000,105506.4,105521.2,105180.6,105203.4,1702.693
1762840800000,105203.4,105300.0,104838.3,104985.9,4858.396
1762842600000,104985.8,105250.0,104830.5,105202.0,2235.365
1762844400000,105202.0,105278.0,104895.0,105126.4,1902.54
1762846200000,105126.4,105195.1,104685.3,104737.0,2357.375
1762848000000,104737.1,105226.8,104718.2,105050.2,2240.962
1762849800000,105050.3,105122.5,104837.0,105110.5,1155.073
1762851600000,105110.6,105363.6,105072.3,105287.2,1516.917
1762853400000,105287.1,105454.7,104856.9,104920.6,1833.635
1762855200000,104920.6,105172.6,104869.6,105075.9,1341.57
1762857000000,105075.9,105193.0,104966.0,105120.5,711.676
1762858800000,105120.5,105346.0,105120.5,105250.2,1336.567
1762860600000,105250.1,105464.2,105090.6,105256.2,1419.193
1762862400000,105256.2,105459.8,104875.0,104904.8,1670.292
1762864200000,104904.8,104985.5,104342.6,104500.0,5433.837
1762866000000,104499.9,104670.0,104160.0,104293.7,4070.056
1762867800000,104293.7,104527.2,104200.0,104350.1,2491.515
1762869600000,104350.1,104527.3,104209.1,104434.6,1706.656
1762871400000,104434.7,104641.9,103800.0,104517.8,6915.825
1762873200000,104517.8,104517.8,103600.1,103656.0,5280.866
1762875000000,103656.0,103679.1,103135.2,103417.2,7434.182
1762876800000,103417.2,103694.8,103168.0,103379.5,3403.422
1762878600000,103379.6,103610.9,103236.6,103366.6,1644.265
1762880400000,103366.5,103599.9,103228.6,103362.0,1506.027
1762882200000,103362.0,103421.4,102777.0,103294.0,4999.843
1762884000000,103294.0,103525.1,103009.0,103259.7,2183.599
1762885800000,103259.7,103495.6,103090.0,103344.6,1770.803
1762887600000,103344.5,103400.0,102797.5,103365.6,2360.522
1762889400000,103365.7,103411.0,103036.9,103073.6,1369.643
1762891200000,103073.6,103183.8,102729.0,102910.9,2223.397
1762893000000,102910.8,102910.8,102602.0,102774.8,2664.744
1762894800000,102774.8,103066.2,102600.9,102751.1,1860.335
1762896600000,102751.1,102786.9,102400.0,102598.4,3103.952
1762898400000,102598.3,102993.9,102459.3,102884.3,1671.149
1762900200000,102884.2,103120.0,102810.9,102940.1,1149.869
1762902000000,102940.1,103170.7,102751.6,103066.4,1808.034
1762903800000,103066.3,103071.5,102751.7,103005.8,1214.88
1762905600000,103005.8,103321.4,102761.8,103032.3,2313.48
1762907400000,103032.2,103040.4,102777.0,102838.4,1400.842
1762909200000,102838.4,103250.0,102629.5,103106.2,2446.625
1762911000000,103106.2,103325.0,103064.0,103200.1,1412.942
1762912800000,103200.1,103360.2,103137.6,103249.8,1390.238
1762914600000,103249.8,103270.3,102885.0,103099.3,2334.202
1762916400000,103099.3,103339.0,103045.5,103288.0,935.096
1762918200000,103288.0,103399.4,103215.7,103267.2,889.513
1762920000000,103267.2,103426.1,103144.3,103161.6,1103.301
1762921800000,103161.7,103200.0,102941.6,103199.9,1100.971
1762923600000,103200.0,103400.0,103188.1,103314.4,756.932
1762925400000,103314.3,103423.6,103220.3,103350.0,724.015
1762927200000,103350.0,103605.0,103311.2,103469.0,1741.205
1762929000000,103469.0,103500.0,103290.0,103305.9,876.646
1762930800000,103305.9,103496.9,103280.9,103380.2,804.065
1762932600000,103380.2,103470.6,103001.0,103066.7,1717.415
1762934400000,103066.7,103886.8,103066.7,103809.2,3237.535
1762936200000,103809.2,104188.0,103689.2,104100.0,4159.355
1762938000000,104100.0,105044.2,104090.0,104715.0,8236.733
1762939800000,104714.9,104820.0,104366.0,104475.4,3214.306
1762941600000,104475.4,104810.2,104462.9,104685.7,2048.502
1762943400000,104685.7,104999.0,104657.1,104844.9,1952.276
1762945200000,104844.8,105162.6,104728.3,104741.1,2936.908
1762947000000,104741.1,104982.4,104693.4,104979.9,1616.88
1762948800000,104979.9,105297.0,104825.2,104922.1,3010.371
1762950600000,104922.0,105054.1,104778.2,104947.8,1614.485
1762952400000,104947.8,104995.0,104556.6,104926.6,2915.7
1762954200000,104926.5,105135.9,104784.3,104993.8,1840.214
1762956000000,104993.7,104993.8,104693.0,104720.0,2259.373
1762957800000,104719.9,104851.0,103508.8,103948.5,10073.13
1762959600000,103948.5,104275.8,103226.1,103417.0,6679.595
1762961400000,103417.0,103665.0,101900.0,102124.9,13547.348
1762963200000,102124.9,102249.2,101274.8,101750.3,10831.594
1762965000000,101750.2,102069.4,101344.0,101393.1,5874.682
1762966800000,101393.1,101770.0,101354.6,101548.9,3165.099
1762968600000,101548.9,102100.0,101489.3,101700.0,3883.975
1762970400000,101700.0,101910.0,101533.8,101563.0,2033.09
1762972200000,101562.9,101800.1,101360.4,101493.6,2621.326
1762974000000,101493.6,101523.0,100711.0,101040.0,6312.251
1762975800000,101040.0,101498.3,100810.0,101245.4,3103.018
1762977600000,101245.3,101736.3,101087.8,101671.9,2523.389
1762979400000,101671.8,101795.3,101440.4,101494.9,1326.418
1762981200000,101494.9,101860.0,101467.1,101663.2,1397.651
1762983000000,101663.2,101880.1,101663.1,101880.1,922.841
1762984800000,101880.0,101880.1,101400.0,101656.4,1144.013
1762986600000,101656.4,101951.0,101558.1,101922.6,1151.529
1762988400000,101922.5,101964.5,101532.2,101835.8,1701.702
1762990200000,101835.8,101886.9,101409.8,101605.8,1593.499
1762992000000,101605.8,101793.4,101412.0,101434.1,1548.168
1762993800000,101434.0,102020.0,101434.0,101813.1,1699.701
1762995600000,101813.1,102581.7,101782.7,101950.9,5366.614
1762997400000,101950.9,102410.0,101890.5,101960.1,1906.339
1762999200000,101960.1,102284.3,101921.1,101950.8,1390.279
1763001000000,101950.7,102300.0,101937.2,102015.0,1204.778
1763002800000,102015.0,102130.9,100850.0,102085.8,6234.663
1763004600000,102085.8,102525.1,102081.0,102088.1,3289.03
1763006400000,102088.0,102391.0,101602.2,102093.0,3540.55
1763008200000,102093.0,102183.6,101755.0,102067.2,1463.551
1763010000000,102067.2,102220.0,101708.2,102214.4,1549.541
1763011800000,102214.4,103373.2,102166.0,103097.5,5671.909
1763013600000,103097.8,103589.9,102870.0,103544.5,6522.544
1763015400000,103544.6,103666.6,103277.7,103555.0,5456.395
1763017200000,103555.0,104024.6,103555.0,103881.5,4709.735
1763019000000,103881.5,103953.3,103271.7,103430.9,5411.129
1763020800000,103430.9,103725.0,103227.7,103665.6,2871.962
1763022600000,103665.6,103765.4,103504.6,103635.1,1373.483
1763024400000,103635.2,103705.3,102509.1,102853.3,6241.62
1763026200000,102853.3,103117.0,102571.8,102792.2,2320.582
1763028000000,102792.3,103261.6,102730.6,103028.7,2264.541
1763029800000,103028.7,103080.0,102827.8,102951.2,997.789
1763031600000,102951.2,103124.6,102840.6,102874.0,1174.256
1763033400000,102874.0,103035.3,102654.1,102900.0,1322.414
1763035200000,102900.1,103142.4,102691.0,102913.8,2131.685
1763037000000,102913.8,103248.9,102888.7,103100.0,1510.109
1763038800000,103100.0,103120.3,102350.0,102511.7,2605.187
1763040600000,102511.8,102627.4,102100.0,102282.2,5604.809
1763042400000,102282.2,102490.0,102000.1,102399.9,4062.716
1763044200000,102400.0,103456.0,101689.0,102823.4,13935.709
1763046000000,102823.4,102969.8,101906.9,102148.8,7965.666
1763047800000,102148.9,102173.1,101135.0,101338.0,7263.018
1763049600000,101338.0,101495.7,100627.0,101019.1,8292.183
1763051400000,101019.0,101388.5,100455.7,100580.2,8139.015
1763053200000,100580.3,100774.4,100150.0,100267.5,7456.785
1763055000000,100267.4,100466.1,99556.8,99601.4,9376.332
1763056800000,99601.4,99895.2,98688.8,99060.4,12278.178
1763058600000,99060.6,99088.5,98100.0,98539.7,14287.557
1763060400000,98539.6,99256.6,98209.7,99114.6,8603.607
1763062200000,99114.6,99183.5,98320.0,98643.1,6584.779
1763064000000,98643.1,98643.2,97959.0,98497.4,8996.77
1763065800000,98497.5,98999.9,98052.7,98131.6,6885.538
1763067600000,98132.1,98681.0,97985.7,98478.3,4207.148
1763069400000,98478.2,98873.5,98450.0,98764.1,2321.128
1763071200000,98764.2,99510.3,98657.0,99470.0,3923.216
1763073000000,99470.0,99899.2,99347.1,99820.6,3572.99
1763074800000,99820.5,100368.2,99509.5,100188.9,5657.947
1763076600000,100189.0,100485.8,99552.9,99654.3,4853.154
1763078400000,99654.3,99697.4,98767.0,99422.5,8022.972
1763080200000,99422.5,99752.7,98684.7,98941.0,5053.17
1763082000000,98941.0,99382.1,98657.0,99072.0,3966.408
1763083800000,99072.0,99528.6,98959.0,99208.8,2941.663
1763085600000,99208.9,99862.8,99201.4,99641.1,2316.155
1763087400000,99641.2,99826.1,99412.9,99573.4,1638.859
1763089200000,99573.3,99605.5,99012.3,99262.6,2030.481
1763091000000,99262.5,99285.5,98730.0,99103.3,2746.072
1763092800000,99103.3,99152.0,98743.0,98927.7,2037.759
1763094600000,98927.8,98927.8,96600.0,97789.7,24452.571
1763096400000,97789.7,97997.3,97224.3,97224.3,5113.456
1763098200000,97229.9,97638.4,97000.0,97491.9,5876.875
1763100000000,97491.8,97491.9,96800.0,96960.4,4489.106
1763101800000,96960.5,97585.9,95840.9,97530.9,14646.014
1763103600000,97531.0,97714.2,96861.0,97664.5,6883.515
1763105400000,97664.5,97674.9,96704.3,97099.9,7814.512
1763107200000,97099.9,97442.3,96775.0,96881.8,4050.559
1763109000000,96881.7,97401.0,96714.4,97333.2,3173.399
1763110800000,97333.2,97520.0,96942.4,97031.0,2693.44
1763112600000,97030.0,97121.0,96622.8,96808.2,3456.799
1763114400000,96808.2,97071.9,96688.8,96961.0,1577.956
1763116200000,96961.0,97255.2,96624.0,96703.8,2861.207
1763118000000,96703.8,96909.3,96342.2,96502.3,4177.264
1763119800000,96502.4,96529.8,95597.9,96134.6,9120.21
1763121600000,96134.5,96134.6,95500.0,95725.4,6927.038
1763123400000,95725.4,95890.0,94500.0,95327.0,19478.226
1763125200000,95327.0,95680.0,94650.0,95059.8,6783.867
1763127000000,95059.9,95600.0,94526.4,95209.0,7739.439
1763128800000,95209.0,95800.0,95006.9,95363.7,7450.786
1763130600000,95363.8,96765.0,94905.2,96497.7,17585.785
1763132400000,96497.7,96821.8,95806.9,96499.9,8721.472
1763134200000,96500.0,97280.0,96423.3,96752.6,7913.928
1763136000000,96752.7,97182.6,96211.1,96922.1,6296.915
1763137800000,96922.1,97377.6,96866.1,96972.5,5809.595
1763139600000,96972.6,97094.4,96453.5,96689.5,3336.718
1763141400000,96689.6,96694.8,95551.0,95813.8,6773.971
1763143200000,95813.7,96297.5,95561.0,96017.0,3849.145
1763145000000,96017.0,96149.9,94911.0,95023.9,7077.016
1763146800000,95023.9,95886.9,94741.2,95691.4,7003.324
1763148600000,95691.3,95789.1,95233.4,95737.3,2169.926
1763150400000,95737.4,95900.0,94850.0,94903.2,2994.539
1763152200000,94903.2,95054.6,94150.2,94336.6,8272.311
1763154000000,94336.6,95121.8,94179.9,94656.0,5048.653
1763155800000,94655.9,95127.7,94624.9,95023.3,1744.858
1763157600000,95023.3,95342.3,94654.0,95236.6,2206.349
1763159400000,95236.5,95452.4,94777.0,95147.6,2043.314
1763161200000,95147.5,95147.5,93955.0,94290.1,5557.329
1763163000000,94290.1,94959.2,94131.3,94544.9,3147.857
1763164800000,94544.9,95395.3,94523.9,95335.1,4532.269
1763166600000,95335.1,95343.8,94669.4,95120.0,2223.394
1763168400000,95120.0,95288.9,94715.5,95088.6,2091.756
1763170200000,95088.6,95766.5,95088.5,95617.0,3680.265
1763172000000,95617.0,95849.1,95374.8,95844.7,1907.921
1763173800000,95844.8,96474.6,95595.0,96452.5,5211.36
1763175600000,96452.4,96800.0,96156.0,96619.1,4351.493
1763177400000,96619.2,96657.1,96100.8,96388.5,3408.006
1763179200000,96388.5,96488.0,96027.5,96057.9,2165.994
1763181000000,96058.0,96170.0,95900.1,96077.4,1782.636
1763182800000,96077.4,96210.0,95941.0,96047.5,1009.285
1763184600000,96047.5,96389.8,95947.3,96304.0,2574.681
1763186400000,96304.1,96466.0,96206.2,96371.9,1224.153
1763188200000,96371.9,96543.8,95906.7,96093.5,1991.37
1763190000000,96093.4,96337.2,95925.8,96297.7,1558.13
1763191800000,96297.8,96337.5,96070.8,96289.4,1578.177
1763193600000,96289.3,96310.4,95783.3,95947.7,2912.394
1763195400000,95947.7,96266.1,95605.9,95878.8,3088.093
1763197200000,95878.9,96118.6,95629.9,95910.1,1622.507
1763199000000,95910.1,96048.0,95667.8,95774.1,1003.374
1763200800000,95774.1,95900.0,95650.9,95834.0,1301.068
1763202600000,95833.9,96027.2,95780.0,95912.0,880.237
1763204400000,95912.0,95949.0,95697.3,95798.6,796.767
1763206200000,95798.5,95855.5,95587.3,95657.3,1251.79
1763208000000,95657.3,95842.6,95534.1,95811.2,1611.18
1763209800000,95811.2,95833.2,95607.0,95766.1,841.496
1763211600000,95766.1,96131.5,95677.7,96016.3,1837.407
1763213400000,96016.2,96330.0,95936.4,96325.7,2434.775
1763215200000,96325.7,96439.6,96029.7,96093.7,2396.283
1763217000000,96093.8,96300.0,95953.8,96201.8,1542.158
1763218800000,96201.8,96385.0,96059.0,96327.0,1351.187
1763220600000,96326.9,96326.9,96059.8,96222.1,1189.534
1763222400000,96222.1,96285.1,95677.7,95757.5,3173.233
1763224200000,95757.4,96153.0,95680.0,96111.4,1406.935
1763226000000,96111.4,96362.5,95804.2,95973.1,2227.254
1763227800000,95973.1,96262.5,95836.9,96198.0,2004.011
1763229600000,96197.9,96312.0,95899.4,96031.1,1506.225
1763231400000,96031.1,96157.7,95932.0,96009.6,683.406
1763233200000,96009.6,96110.2,95921.6,96024.1,417.306
1763235000000,96024.2,96031.4,95875.0,95967.7,542.521
1763236800000,95967.7,95979.1,95600.1,95690.0,1332.885
1763238600000,95689.9,95689.9,95072.1,95249.5,3328.429
1763240400000,95249.4,95645.7,95183.3,95380.0,2448.046
1763242200000,95380.0,95469.1,95086.8,95245.4,953.75
1763244000000,95245.4,95619.9,95186.1,95570.5,856.839
1763245800000,95570.5,95621.1,95337.6,95577.4,761.329
1763247600000,95577.4,95655.0,95450.0,95594.0,739.336
1763249400000,95594.1,95642.9,95500.0,95560.3,487.674
1763251200000,95560.4,95672.7,95200.5,95227.4,1186.3
1763253000000,95227.4,95540.5,95159.0,95327.0,927.659
1763254800000,95327.1,95462.2,95007.0,95408.1,1711.641
1763256600000,95408.1,95418.0,94800.0,95243.7,2950.999
1763258400000,95243.7,95773.2,95055.0,95626.0,2291.854
1763260200000,95625.9,95937.7,95555.1,95934.3,1657.874
1763262000000,95934.2,95946.4,95729.2,95769.4,1020.026
1763263800000,95769.5,95800.0,95580.5,95782.0,887.694
1763265600000,95782.0,95891.4,95653.9,95792.9,1043.975
1763267400000,95792.8,95795.4,95602.0,95781.0,664.251
1763269200000,95781.0,96170.6,95772.2,95929.6,2828.952
1763271000000,95929.6,95961.6,95827.2,95850.0,613.898
1763272800000,95849.9,96007.1,95736.5,95944.0,673.462
1763274600000,95943.9,95972.7,95710.0,95762.8,757.255
1763276400000,95763.0,95935.2,95690.0,95781.2,930.607
1763278200000,95781.2,96067.1,95781.2,96064.8,1103.979
1763280000000,96064.8,96222.0,95818.6,95839.1,1780.075
1763281800000,95839.0,96150.1,95839.0,96083.5,905.291
1763283600000,96083.5,96097.0,95896.2,96073.9,874.966
1763285400000,96073.8,96600.0,96021.0,96597.4,2583.896
1763287200000,96597.3,96597.3,96340.0,96440.0,1877.317
1763289000000,96440.1,96486.0,96365.2,96412.7,700.513
1763290800000,96412.7,96414.0,95488.7,95563.6,5042.582
1763292600000,95563.6,95738.0,95443.6,95588.0,2948.795
1763294400000,95588.0,95870.0,95540.0,95769.0,2048.157
1763296200000,95769.0,95855.7,95385.1,95713.7,2168.083
1763298000000,95713.6,95815.0,95300.7,95345.8,1677.655
1763299800000,95345.7,95483.6,95073.0,95371.8,2988.919
1763301600000,95371.9,95530.9,95253.9,95372.0,1315.757
1763303400000,95372.0,95636.0,95330.4,95487.0,1210.418
1763305200000,95487.1,95517.0,95255.5,95393.6,1076.422
1763307000000,95393.6,95433.4,94300.0,94531.3,6384.34
1763308800000,94531.2,94902.5,94072.2,94248.2,7954.909
1763310600000,94248.1,94456.0,94000.0,94185.4,5230.929
1763312400000,94184.8,94506.8,94089.0,94363.2,2925.672
1763314200000,94363.1,94480.8,93677.4,94328.0,7869.802
1763316000000,94327.9,95544.8,94203.4,94800.4,9649.058
1763317800000,94800.5,94800.5,93714.7,94005.9,5522.415
1763319600000,94005.9,94564.9,93961.1,94356.0,3448.875
1763321400000,94356.0,94481.2,93897.0,93994.5,1722.424
1763323200000,93994.5,94700.0,93921.1,94574.8,2052.152
1763325000000,94574.6,94632.4,94050.0,94051.1,1323.028
1763326800000,94051.1,94171.5,93555.0,93648.2,5556.717
1763328600000,93648.3,93803.7,93285.0,93472.9,4570.541
1763330400000,93473.0,93743.7,93000.0,93635.2,6055.016
1763332200000,93635.3,94481.7,93500.0,94156.7,4250.329
1763334000000,94156.6,94360.0,92922.8,94200.0,7845.639
1763335800000,94200.0,94528.8,94018.0,94221.7,2938.391
1763337600000,94221.7,94699.0,93730.0,94688.0,4431.281
1763339400000,94688.0,95354.3,94510.2,95254.4,6698.703
1763341200000,95254.4,95470.2,94833.5,95116.2,3581.962
1763343000000,95116.2,95116.2,94672.1,94732.5,1396.134
1763344800000,94732.5,95384.6,94673.5,95131.2,2765.435
1763346600000,95131.3,95215.5,94856.3,94942.1,1300.564
1763348400000,94942.1,95539.3,94933.8,95399.7,3115.632
1763350200000,95399.6,95482.1,95176.1,95472.1,1369.606
1763352000000,95472.0,95541.6,94850.0,95378.6,4554.342
1763353800000,95378.6,95400.0,95057.5,95067.8,1551.149
1763355600000,95067.8,95167.5,94866.2,95112.1,1499.664
1763357400000,95112.1,95236.0,94991.2,95088.6,853.407
1763359200000,95088.6,95205.4,94851.6,95023.9,1322.232
1763361000000,95023.9,95300.0,94862.0,95237.3,1233.544
1763362800000,95237.3,95614.4,95163.4,95399.0,2117.393
1763364600000,95399.0,95838.0,95333.9,95587.9,2628.89
1763366400000,95587.9,95980.1,95573.2,95804.1,2368.699
1763368200000,95804.2,95873.0,95476.1,95577.3,2041.142
1763370000000,95577.3,95803.1,95268.9,95689.9,2840.044
1763371800000,95689.9,95841.3,95517.4,95608.0,1624.044
1763373600000,95608.0,95781.4,95562.4,95589.5,1291.293
1763375400000,95589.6,95845.1,95500.1,95607.6,1271.057
1763377200000,95607.6,95793.6,95506.6,95675.7,1059.538
1763379000000,95675.6,95909.1,95353.0,95530.1,2436.253
1763380800000,95530.0,95543.3,95242.9,95425.2,1855.397
1763382600000,95425.1,95533.9,95223.0,95283.4,1499.87
1763384400000,95283.4,95340.0,94450.0,94538.1,6438.981
1763386200000,94538.2,94656.7,93511.8,93913.5,11597.127
1763388000000,93913.6,94439.0,93713.3,94106.3,5715.912
1763389800000,94106.4,96012.2,93940.8,94730.2,17734.859
1763391600000,94730.2,94977.2,93736.3,94483.0,9057.133
1763393400000,94483.1,94650.4,93870.0,93915.7,4988.272
1763395200000,93915.8,93968.0,93016.0,93450.5,10445.18
1763397000000,93450.5,94388.0,93312.5,94267.0,6126.326
1763398800000,94267.0,94357.9,93458.1,93492.7,3644.728
1763400600000,93492.7,93622.0,92620.1,92724.0,9345.065
1763402400000,92724.0,93175.4,92400.1,92413.1,8635.668
1763404200000,92413.0,93017.9,92366.8,92504.2,5384.733
1763406000000,92504.2,92617.9,92070.0,92250.8,6014.489
1763407800000,92250.8,92438.9,91550.2,91656.2,10587.887
1763409600000,91656.2,92081.2,91250.0,91738.9,8315.358
1763411400000,91739.0,92194.1,91447.9,91880.5,4742.757
1763413200000,91880.0,92227.7,91537.0,91750.0,4041.993
1763415000000,91750.0,92057.6,91480.0,91925.7,2902.177
1763416800000,91925.6,92205.0,91777.0,92140.9,3744.253
1763418600000,92140.8,92370.9,92080.6,92213.1,1728.97
1763420400000,92213.1,92261.6,91780.0,91856.8,3373.42
1763422200000,91856.9,92188.8,91753.8,92169.7,1888.722
1763424000000,92169.8,92335.4,91951.5,91980.0,2368.151
1763425800000,91980.0,92163.7,91126.0,92120.2,6255.956
1763427600000,92120.2,92186.1,91609.3,91755.5,3830.349
1763429400000,91755.5,92028.1,91567.5,91681.2,2293.553
1763431200000,91681.2,91700.1,90700.0,91643.7,10549.63
1763433000000,91643.8,91720.4,90640.7,90837.6,5798.742
1763434800000,90837.6,90867.5,89989.3,89996.9,10659.575
1763436600000,89996.8,90900.0,89666.1,90811.9,12369.541
1763438400000,90811.8,90842.1,89867.7,89894.4,7547.188
1763440200000,89894.5,90158.0,89012.0,90049.4,13045.164
1763442000000,90049.4,90455.0,89676.8,90155.7,5096.162
1763443800000,90155.7,90353.7,89871.7,90185.9,3208.264
1763445600000,90185.8,90197.1,89905.6,90029.9,2249.898
1763447400000,90029.9,90079.9,89333.1,89615.9,4761.239
1763449200000,89615.9,90149.9,89299.7,90103.1,3968.519
1763451000000,90103.2,90500.5,89968.0,90459.1,4494.111
1763452800000,90459.2,91152.9,90459.1,90797.8,5582.571
1763454600000,90797.7,91453.5,90762.3,91179.9,5217.609
1763456400000,91180.0,91414.4,90843.9,90896.9,4389.733
1763458200000,90896.9,91450.1,90863.5,91361.7,3033.891
1763460000000,91361.6,91555.9,91203.7,91291.4,3149.163
1763461800000,91291.5,91567.0,91215.9,91536.3,2115.721
1763463600000,91536.3,91565.5,91188.0,91422.3,2749.848
1763465400000,91422.3,91564.3,91222.9,91473.6,2114.307
1763467200000,91474.1,91539.1,91056.1,91176.7,3825.005
1763469000000,91176.7,91859.0,91171.7,91470.1,4520.27
1763470800000,91470.1,91616.5,91234.1,91249.8,2190.555
1763472600000,91249.8,91456.8,90888.0,91438.4,5768.624
1763474400000,91438.4,91898.0,91166.2,91744.0,4103.665
1763476200000,91744.0,92410.0,91315.9,91315.9,16405.087
1763478000000,91315.8,92991.7,90941.7,92752.3,14598.726
1763479800000,92752.4,92983.8,92356.0,92851.4,6673.253
1763481600000,92851.5,93799.1,92532.0,93680.0,9519.231
1763483400000,93679.9,93789.8,93106.6,93447.3,5831.398
1763485200000,93447.2,93609.0,92796.7,92919.1,4469.059
1763487000000,92919.0,93446.5,92759.6,93215.7,3489.113
1763488800000,93215.7,93728.1,93162.4,93185.0,3364.749
1763490600000,93185.0,93633.4,93103.0,93290.6,2796.07
1763492400000,93290.7,93492.5,93186.5,93400.0,1380.911
1763494200000,93400.0,93576.0,92949.7,93143.1,2154.824
1763496000000,93143.1,93267.4,92890.5,93097.6,1535.524
1763497800000,93097.6,93148.8,92616.0,92756.8,2481.654
1763499600000,92756.9,92997.9,92623.2,92899.0,1778.87
1763501400000,92898.9,92898.9,92420.3,92459.0,2072.755
1763503200000,92459.0,93253.1,92446.9,93205.0,2192.249
1763505000000,93204.9,93400.0,93054.2,93119.6,1141.593
1763506800000,93119.6,93131.4,92685.3,92790.8,2224.175
1763508600000,92790.6,93003.0,92703.5,92916.9,1324.911
1763510400000,92916.8,92944.8,91838.6,92267.4,5341.099
1763512200000,92267.4,92633.3,92013.6,92377.6,3280.203
1763514000000,92377.6,92617.2,91890.5,92396.1,4058.462
1763515800000,92396.0,92482.0,92115.1,92410.2,1909.261
1763517600000,92410.1,92835.9,92223.2,92574.0,2744.406
1763519400000,92574.0,92820.1,92500.0,92529.2,1379.625
1763521200000,92529.2,92604.7,92120.0,92261.4,1693.388
1763523000000,92261.4,92261.4,91600.0,91842.2,4115.807
1763524800000,91842.1,91934.1,91585.0,91664.8,2237.406
1763526600000,91664.8,91669.3,91115.2,91120.3,5119.938
1763528400000,91120.4,91237.4,90800.0,90808.4,5285.191
1763530200000,90808.4,90819.5,89966.0,90415.7,12974.95
1763532000000,90415.7,90830.4,90228.5,90769.2,6575.439
1763533800000,90769.3,91064.0,90758.1,90938.5,4294.081
1763535600000,90938.5,91384.2,90903.4,91224.5,3537.734
1763537400000,91224.6,91987.2,91138.1,91826.6,6033.618
1763539200000,91826.6,91920.0,91547.5,91894.4,3392.115
1763541000000,91894.3,91894.3,91226.3,91435.4,3801.803
1763542800000,91435.4,91467.6,91038.9,91256.9,3774.637
1763544600000,91256.8,91480.0,91234.7,91480.0,2132.529
1763546400000,91479.9,91650.0,91305.7,91450.0,2178.96
1763548200000,91450.0,91480.5,91188.0,91267.0,1280.464
1763550000000,91267.0,91784.6,91260.9,91500.0,2197.899
1763551800000,91500.0,91577.5,91282.8,91372.4,920.834
1763553600000,91372.3,91562.4,91166.0,91312.9,1625.158
1763555400000,91313.0,91832.8,91269.7,91737.0,2065.165
1763557200000,91737.0,91760.0,91501.1,91744.1,1314.959
1763559000000,91744.0,91863.2,91200.0,91362.0,4127.722
1763560800000,91361.9,91506.6,91006.4,91086.2,3991.956
1763562600000,91086.2,91828.9,91068.2,91670.6,5958.289
1763564400000,91670.6,92348.2,91080.0,91196.9,10085.235
1763566200000,91196.8,91209.7,89822.0,89901.0,13109.771
1763568000000,89901.0,90202.5,89558.9,89656.0,10197.713
1763569800000,89656.0,89894.7,89416.0,89863.2,7749.583
1763571600000,89863.1,90098.5,89266.1,89492.2,7785.633
1763573400000,89492.1,89567.3,88820.8,89459.9,9580.246
1763575200000,89459.8,89696.1,88800.0,89028.3,5626.941
1763577000000,89028.2,89270.8,88765.0,89214.4,5176.447
1763578800000,89214.4,89349.1,88810.7,88920.6,3285.174
1763580600000,88920.6,89071.2,88600.0,88857.7,4768.921
1763582400000,88857.8,89359.6,88564.4,89359.5,5145.412
1763584200000,89359.6,89673.8,89055.0,89472.8,6506.305
1763586000000,89472.8,90806.1,89401.7,90073.0,9534.443
1763587800000,90073.0,90716.5,90018.7,90553.9,3839.444
1763589600000,90553.8,90598.2,90055.6,90541.0,2822.175
1763591400000,90541.1,90588.0,90278.4,90434.3,1257.567
1763593200000,90434.4,91488.8,90434.4,91349.1,7202.646
1763595000000,91349.1,91554.9,91205.0,91508.9,3421.696
1763596800000,91509.0,91870.0,91140.2,91808.0,3212.722
1763598600000,91807.9,92272.6,91807.9,91850.1,5022.303
1763600400000,91850.1,92478.0,91777.1,92192.9,4789.038
1763602200000,92193.0,92689.4,92193.0,92556.0,2855.077
1763604000000,92556.0,92760.0,92343.1,92457.8,3673.4
1763605800000,92457.8,92694.3,92288.0,92555.9,2476.195
1763607600000,92556.0,92692.3,92336.0,92351.1,2492.333
1763609400000,92351.1,92635.3,92330.0,92404.6,2316.447
1763611200000,92404.7,92523.6,92093.5,92266.8,3271.419
1763613000000,92266.9,92960.0,92156.3,92936.7,5531.322
1763614800000,92936.6,93150.0,92628.2,92653.9,4868.61
1763616600000,92653.9,92715.5,92533.7,92581.7,1324.759
1763618400000,92581.6,92820.0,92367.2,92423.5,1897.196
1763620200000,92423.5,92471.7,91640.2,91938.1,6462.355
1763622000000,91938.2,92056.3,91753.4,91899.2,2062.695
1763623800000,91899.3,92397.9,91899.2,92267.4,2577.51
1763625600000,92267.5,92363.1,92031.5,92243.5,1924.25
1763627400000,92243.6,92298.3,92000.0,92082.3,1490.7
1763629200000,92082.2,92091.8,91717.0,91778.5,2166.565
1763631000000,91778.4,91925.6,91388.5,91874.1,4227.91
1763632800000,91874.1,91985.0,91550.0,91933.6,2459.396
1763634600000,91933.7,92030.9,91691.5,91770.0,1607.541
1763636400000,91770.1,91798.3,91452.3,91538.1,1611.301
1763638200000,91538.1,91987.8,91538.0,91892.6,1614.37
1763640000000,91892.7,91968.2,91650.0,91698.3,1632.902
1763641800000,91698.4,91967.1,91677.8,91797.3,1533.866
1763643600000,91797.3,92118.1,91675.0,91872.2,2979.939
1763645400000,91872.3,92498.6,91440.0,91479.7,8150.227
1763647200000,91479.6,91488.8,90400.0,91419.5,12992.935
1763649000000,91419.5,91651.5,90618.5,91064.5,9113.554
1763650800000,91064.4,91145.1,90222.0,90597.1,7633.164
1763652600000,90597.1,90666.0,89804.1,89835.4,6921.044
1763654400000,89835.5,89885.7,88200.0,88669.5,26577.891
1763656200000,88669.5,88879.2,87450.0,87855.5,16895.686
1763658000000,87855.5,88153.9,86700.0,87100.0,20001.292
1763659800000,87099.9,87328.1,86281.9,87186.1,16530.238
1763661600000,87186.1,87713.0,86829.1,86922.6,10967.614
1763663400000,86922.5,87000.0,86260.9,86445.7,7289.148
1763665200000,86445.7,87124.6,86066.6,86880.1,9838.38
1763667000000,86880.0,87034.5,86401.8,86880.3,5964.063
1763668800000,86880.2,87018.4,86291.7,87007.2,5843.23
1763670600000,87007.3,87088.1,86329.8,86432.8,4793.003
1763672400000,86432.8,87443.6,86401.3,87113.4,4962.468
1763674200000,87113.5,87630.9,87021.2,87235.0,3771.429
1763676000000,87234.6,88100.0,87157.8,88098.1,4665.354
1763677800000,88098.1,88214.1,87600.0,88033.8,4182.448
1763679600000,88033.7,88136.4,87161.9,87242.5,5439.324
1763681400000,87242.4,87270.4,86522.4,86601.3,5898.414
1763683200000,86601.4,87374.0,86552.0,87235.2,5174.597
1763685000000,87235.1,87465.4,86988.9,87249.9,2652.934
1763686800000,87249.9,87438.0,86800.0,87249.3,3498.57
1763688600000,87249.2,87300.0,86880.0,87017.4,1841.699
1763690400000,87017.4,87038.0,86136.0,86454.9,6903.545
1763692200000,86454.9,86633.0,85288.0,85396.4,14353.108
1763694000000,85396.3,86030.5,85394.9,85657.4,6955.837
1763695800000,85657.3,86109.0,85543.0,85782.5,4199.048
1763697600000,85782.4,85868.1,85568.0,85818.3,2761.823
1763699400000,85818.4,86094.0,85347.9,86016.6,4585.201
1763701200000,86016.7,86313.2,85920.1,86171.0,2893.599
1763703000000,86170.9,86270.7,85794.0,86148.2,2849.224
1763704800000,86148.3,86219.4,85554.6,85594.4,2931.097
1763706600000,85594.3,85811.2,85501.0,85541.3,3360.456
1763708400000,85541.4,85734.8,85101.0,85175.9,6192.48
1763710200000,85175.8,85278.2,81111.0,84006.7,52791.895
1763712000000,84006.7,84667.1,83638.7,84192.5,11353.359
1763713800000,84192.4,84400.0,83550.6,83609.6,7935.353
1763715600000,83609.6,83958.8,83019.8,83043.9,8827.054
1763717400000,83043.8,83210.5,82074.3,82188.7,16531.469
1763719200000,82188.7,82470.9,81601.7,82033.3,17868.676
1763721000000,82033.3,82881.9,82017.6,82673.1,8597.054
1763722800000,82673.1,83332.8,82579.3,82892.6,6664.073
1763724600000,82892.6,83073.3,82157.7,82279.1,6347.154
1763726400000,82279.2,82422.2,80600.0,80920.1,20666.709
1763728200000,80925.2,83569.2,80925.1,83240.1,26263.572
1763730000000,83240.1,84315.2,83060.3,83384.5,14969.898
1763731800000,83384.6,84384.6,83234.3,84065.2,8393.56
1763733600000,84065.3,84172.9,83508.7,83647.5,7611.316
1763735400000,83647.4,85449.2,83542.9,84801.0,23471.401
1763737200000,84801.0,85063.5,83560.9,83594.0,12982.945
1763739000000,83594.1,83835.7,82699.9,82905.1,15178.469
1763740800000,82905.0,83337.7,82300.0,83257.2,14851.203
1763742600000,83257.2,84900.1,82913.5,84883.1,13855.669
1763744400000,84883.0,85548.4,84524.5,85162.9,12967.193
1763746200000,85162.9,85449.9,84742.6,84842.7,8225.535
1763748000000,84842.8,84918.6,83250.1,84021.3,13956.786
1763749800000,84021.3,85055.6,83932.6,84534.2,8662.076
1763751600000,84534.2,84982.0,84395.9,84848.5,4063.623
1763753400000,84848.5,84956.0,84025.9,84167.2,4152.24
1763755200000,84167.1,84337.5,83452.8,83501.1,4001.402
1763757000000,83501.0,84618.2,83418.4,84529.0,7922.781
1763758800000,84529.0,84955.0,84312.2,84914.6,3392.944
1763760600000,84914.6,85374.5,84896.2,85142.4,3212.159
1763762400000,85142.5,85369.6,84687.6,84780.3,3374.469
1763764200000,84780.3,84925.0,84215.1,84242.3,3674.978
1763766000000,84242.2,84999.1,84078.0,84989.6,3018.886
1763767800000,84989.5,85322.4,84827.4,85093.5,2865.205
1763769600000,85093.6,85599.9,84810.9,84850.2,3954.601
1763771400000,84850.2,85241.4,84500.9,84695.1,3692.333
1763773200000,84695.1,84905.6,84537.4,84845.8,1763.536
1763775000000,84845.8,85175.2,84833.2,85143.0,2469.846
1763776800000,85143.5,85172.8,84541.7,84663.7,2298.453
1763778600000,84663.7,84676.6,84243.3,84492.0,2104.868
1763780400000,84492.0,84579.4,84225.0,84387.3,1724.266
1763782200000,84387.3,84460.0,84180.0,84414.1,1889.984
1763784000000,84414.0,84524.9,83868.0,83964.5,3538.968
1763785800000,83964.5,84287.6,83792.0,84206.7,2319.217
1763787600000,84206.7,84284.0,83872.3,84044.6,1662.617
1763789400000,84044.6,84284.1,83833.8,84250.0,1817.884
1763791200000,84250.0,84537.2,84040.3,84465.9,2113.028
1763793000000,84465.9,84764.3,84465.9,84597.5,2179.427
1763794800000,84597.4,84632.7,84355.4,84452.5,1188.819
1763796600000,84452.5,84626.1,84356.9,84537.4,1145.332
1763798400000,84537.4,84546.4,84160.4,84181.9,1671.636
1763800200000,84181.8,84200.0,83896.6,83979.3,2976.049
1763802000000,83979.3,84315.6,83914.8,84073.8,1631.628
1763803800000,84073.8,84226.8,83821.3,83898.5,2701.925
1763805600000,83898.6,84187.3,83561.8,83656.2,3141.025
1763807400000,83656.1,83770.7,83456.0,83666.1,3078.969
1763809200000,83666.0,84268.8,83552.7,84195.9,3287.243
1763811000000,84195.9,84328.5,84051.1,84066.2,2175.569
1763812800000,84066.2,84131.0,83578.5,83625.0,3347.904
1763814600000,83624.9,83892.2,83588.5,83845.2,1412.056
1763816400000,83845.2,84100.0,83607.4,83858.0,2272.483
1763818200000,83858.0,83996.9,83666.4,83908.0,1535.721
1763820000000,83907.9,84712.7,83892.5,84528.0,4493.95
1763821800000,84528.0,84599.0,84208.1,84451.5,1893.343
1763823600000,84451.4,84535.7,84250.0,84385.1,1467.664
1763825400000,84385.1,84405.2,83968.6,84239.9,2159.335
1763827200000,84239.9,84643.0,84175.0,84563.5,1939.182
1763829000000,84563.5,84888.0,84466.8,84659.7,1928.729
1763830800000,84659.6,84689.8,84385.2,84668.7,1705.358
1763832600000,84668.6,84690.0,84424.6,84515.5,843.685
1763834400000,84515.2,84648.4,84453.0,84565.9,728.41
1763836200000,84565.8,84640.0,84425.9,84624.8,640.388
1763838000000,84624.8,84761.8,84533.4,84577.8,720.276
1763839800000,84577.9,84689.8,84463.6,84566.7,557.08
1763841600000,84566.8,84779.8,84553.8,84707.2,715.738
1763843400000,84707.1,84707.2,84193.8,84426.7,1412.038
1763845200000,84426.7,84481.1,84195.4,84270.9,900.208
1763847000000,84270.9,84411.5,84244.0,84370.0,563.945
1763848800000,84370.1,84650.0,84234.8,84570.4,1181.637
1763850600000,84570.3,85238.3,84523.4,85020.6,2466.841
1763852400000,85020.5,85139.9,84721.6,84816.4,1648.565
1763854200000,84816.3,84997.8,84618.0,84689.4,1135.296
1763856000000,84689.4,85286.8,84622.0,85029.5,3703.569
1763857800000,85029.4,85118.7,84847.5,84929.1,1227.55
1763859600000,84929.2,85584.2,84910.8,85484.8,2715.443
1763861400000,85484.8,86200.0,85404.8,85837.5,5056.545
1763863200000,85837.5,86162.3,85629.3,85994.6,3583.871
1763865000000,85994.8,86300.0,85912.6,85948.4,4006.862
1763866800000,85948.5,86050.0,85764.1,85898.9,2137.952
1763868600000,85898.8,86261.0,85845.2,86261.0,1768.305
1763870400000,86261.0,86826.8,86104.8,86444.8,6756.604
1763872200000,86444.8,86654.4,86380.0,86499.3,2587.874
1763874000000,86499.4,86540.5,86183.4,86198.0,2230.483
1763875800000,86198.0,86315.5,85935.0,86315.3,2249.4
1763877600000,86315.2,86458.7,86039.8,86118.0,1983.3
1763879400000,86117.9,86141.9,85819.8,85819.8,2439.567
1763881200000,85819.8,85881.5,85348.7,85488.5,4350.624
1763883000000,85488.5,85765.4,85411.1,85732.0,2004.594
1763884800000,85732.1,86074.4,85724.7,85942.4,2828.056
1763886600000,85942.4,86158.7,85803.8,86100.0,2033.103
1763888400000,86100.0,86216.6,86031.6,86116.6,1586.982
1763890200000,86116.7,86438.5,86052.4,86348.2,1775.573
1763892000000,86348.2,86410.0,86109.1,86125.6,1813.314
1763893800000,86125.6,86273.0,86000.0,86023.9,2017.57
1763895600000,86024.0,86092.2,85777.9,86004.2,2698.5
1763897400000,86004.2,86379.9,85992.0,86290.3,1920.643
1763899200000,86290.3,86805.7,86222.0,86733.7,4794.185
1763901000000,86733.7,86858.0,86405.2,86485.1,3567.835
1763902800000,86485.1,86713.6,86270.4,86432.2,2629.864
1763904600000,86432.1,86899.0,86363.1,86887.9,2492.368
1763906400000,86887.9,87178.9,86604.6,86748.0,5237.737
1763908200000,86748.0,86902.0,86444.0,86512.2,2894.201
1763910000000,86512.3,86775.3,86406.1,86657.6,1841.934
1763911800000,86657.7,87222.0,86621.2,87042.8,3387.129
1763913600000,87042.8,87472.0,86930.0,87028.7,4884.703
1763915400000,87028.6,87387.1,86632.9,86647.4,4508.322
1763917200000,86647.4,86877.7,86458.0,86845.1,3646.349
1763919000000,86845.1,86920.4,86546.2,86699.4,1535.163
1763920800000,86699.4,87136.9,86673.5,86844.7,2020.743
1763922600000,86844.7,87223.3,86830.3,86950.8,1769.191
1763924400000,86950.7,87498.2,86888.0,87274.0,2462.311
1763926200000,87274.0,87653.9,87233.7,87276.7,3716.523
1763928000000,87276.7,87652.9,87175.6,87581.8,2606.171
1763929800000,87581.7,87610.9,87369.4,87435.0,1434.455
1763931600000,87435.1,87549.8,87100.0,87549.8,1608.271
1763933400000,87549.7,87950.0,87505.0,87945.0,2673.215
1763935200000,87944.9,88100.0,87511.6,87866.6,3848.71
1763937000000,87866.6,88000.0,87616.6,87964.7,1308.506
1763938800000,87964.7,88049.8,86815.0,87029.6,5834.767
1763940600000,87029.7,87029.7,86700.0,86807.7,2751.136
1763942400000,86807.6,86807.6,85915.0,86416.1,7335.067
1763944200000,86416.1,87189.1,86224.9,86701.8,5657.172
1763946000000,86701.7,86970.7,86493.2,86790.9,3291.641
1763947800000,86790.8,87054.0,86360.9,87033.6,3620.725
1763949600000,87033.6,88049.5,86976.8,87673.2,8131.66
1763951400000,87673.2,87770.1,87200.0,87483.6,4056.567
1763953200000,87483.6,87756.4,87150.7,87577.2,2922.821
1763955000000,87577.2,87651.6,87213.9,87408.8,1743.06
1763956800000,87408.7,87555.4,86400.0,86555.7,5075.763
1763958600000,86555.7,86800.0,86543.1,86682.7,2400.49
1763960400000,86682.6,87795.9,86624.6,87579.9,4859.93
1763962200000,87579.8,87608.9,87208.8,87425.3,2334.747
1763964000000,87425.4,87475.1,86860.9,87115.1,3227.752
1763965800000,87115.0,87115.0,86736.9,86862.1,2807.067
1763967600000,86862.1,86999.5,86642.1,86832.8,2479.327
1763969400000,86832.7,87311.1,86761.3,87004.6,2910.09
1763971200000,87004.6,87004.6,86700.7,86781.1,2024.038
1763973000000,86781.1,86992.0,86674.4,86916.5,1783.152
1763974800000,86916.4,86916.4,85809.2,85907.4,6381.53
1763976600000,85907.3,86162.1,85760.0,85913.7,4011.13
1763978400000,85913.8,86164.7,85703.5,85784.7,4015.902
1763980200000,85784.8,86080.0,85654.1,86017.1,2785.085
1763982000000,86017.1,86186.3,85796.2,86047.0,1805.273
1763983800000,86047.0,86409.3,86046.9,86232.5,2383.937
1763985600000,86232.5,86232.5,85895.8,86175.5,2851.887
1763987400000,86175.5,86290.0,85840.0,85967.3,3114.072
1763989200000,85967.2,86517.9,85919.0,86465.7,4186.102
1763991000000,86465.7,86544.2,86026.6,86114.7,2405.13
1763992800000,86114.7,86114.7,85823.7,85894.8,3193.614
1763994600000,85894.8,86634.1,85226.4,86128.0,15468.437
1763996400000,86127.9,86700.0,85858.8,86039.3,11106.641
1763998200000,86039.3,86682.0,85927.9,86571.0,5093.927
1764000000000,86571.1,87282.0,86571.0,87185.5,8882.236
1764001800000,87185.5,87678.7,87000.1,87123.2,6752.146
1764003600000,87123.3,87699.1,86888.0,87671.6,5229.528
1764005400000,87671.6,88402.7,87580.1,88314.9,9518.804
1764007200000,88315.0,88558.1,88128.4,88313.3,7215.296
1764009000000,88313.3,88669.6,88136.2,88658.9,4462.489
1764010800000,88658.8,88788.0,88459.1,88580.5,3578.635
1764012600000,88580.5,88765.8,87990.7,88277.0,5814.834
1764014400000,88277.1,88853.1,88277.1,88840.9,6507.371
1764016200000,88841.6,89177.3,88693.3,89018.7,4974.533
1764018000000,89018.6,89073.3,88790.9,88864.1,2503.935
1764019800000,88864.1,89056.4,88670.0,88713.3,1985.787
1764021600000,88713.3,89053.3,88668.1,88736.9,2201.908
1764023400000,88737.0,88893.4,88548.6,88584.7,1330.673
1764025200000,88584.7,88650.5,88441.9,88568.2,1610.185
1764027000000,88568.1,88568.1,88205.3,88247.1,3081.236
1764028800000,88247.1,88247.1,87825.0,87846.3,2978.922
1764030600000,87846.3,88234.9,87828.5,88057.9,2768.64
1764032400000,88058.0,88172.6,87856.4,88006.7,2381.574
1764034200000,88006.6,88052.8,87666.0,87687.5,2432.18
1764036000000,87687.6,87900.0,87539.8,87585.4,2659.556
1764037800000,87585.3,87869.9,87378.8,87864.4,2537.889
1764039600000,87864.3,88014.2,87706.3,87898.5,2067.822
1764041400000,87898.5,87898.5,87500.0,87775.1,1887.394
1764043200000,87775.0,88099.9,87739.6,87991.8,2338.285
1764045000000,87991.7,88477.6,87973.6,88298.9,3123.055
1764046800000,88298.9,88299.0,87884.1,87958.1,1582.619
1764048600000,87958.1,88202.9,87957.6,88078.3,939.322
1764050400000,88078.3,88110.1,87879.8,87899.8,1034.555
1764052200000,87899.9,88024.8,87757.8,87963.8,1665.177
1764054000000,87963.8,88022.2,87651.9,87667.0,1513.478
1764055800000,87667.1,87752.9,87240.0,87362.2,4868.4
1764057600000,87362.2,87585.7,87317.6,87495.1,2462.519
1764059400000,87495.1,87520.8,86959.9,86978.6,3961.481
1764061200000,86978.6,87031.9,86628.4,86651.5,5142.764
1764063000000,86651.5,87218.3,86651.4,87194.3,4389.064
1764064800000,87194.3,87200.0,86904.7,87178.1,2195.512
1764066600000,87178.2,87384.2,87106.4,87358.6,2687.064
1764068400000,87358.5,87471.9,87257.8,87384.1,1571.719
1764070200000,87384.0,87488.5,87270.8,87311.9,1377.05
1764072000000,87312.0,87673.0,87310.5,87581.8,2505.48
1764073800000,87581.8,87732.7,87337.7,87470.6,2086.229
1764075600000,87470.6,87675.0,87258.1,87568.4,2456.018
1764077400000,87568.4,87647.4,86806.2,87027.8,6301.509
1764079200000,87027.8,87261.3,86778.0,87135.1,4197.323
1764081000000,87135.0,87194.8,86061.1,86695.0,11939.784
1764082800000,86694.9,86858.6,86150.0,86722.8,5550.204
1764084600000,86722.8,87267.8,86722.1,86946.5,4687.558
1764086400000,86946.6,87247.5,86661.1,87188.1,4208.315
1764088200000,87188.0,87255.0,86905.0,87081.0,1958.245
1764090000000,87080.9,87595.6,87000.1,87454.4,4175.734
1764091800000,87454.5,88115.0,87419.3,87581.1,5456.218
1764093600000,87581.1,87796.2,87480.0,87606.5,2162.144
1764095400000,87606.5,87674.5,87182.3,87195.5,2439.59
1764097200000,87195.6,87300.6,86160.0,86251.2,6140.395
1764099000000,86251.2,86872.3,86132.7,86835.0,3541.484
1764100800000,86835.1,87100.0,86660.6,87006.5,2503.816
1764102600000,87006.5,87428.6,87006.5,87330.8,3193.84
1764104400000,87330.6,87407.1,87064.0,87255.9,1731.765
1764106200000,87255.9,87311.9,86936.9,86993.5,1474.421
1764108000000,86993.4,87139.9,86542.0,87098.1,2551.273
1764109800000,87098.1,87686.5,87010.2,87606.2,3235.231
1764111600000,87606.2,87869.4,87359.7,87484.4,3070.007
1764113400000,87484.3,87608.3,87284.9,87324.1,1505.031
1764115200000,87324.1,87734.1,87315.0,87586.3,2527.379
1764117000000,87586.4,87723.3,87339.9,87536.7,1547.322
1764118800000,87536.7,87626.7,87291.1,87543.7,1167.82
1764120600000,87544.0,88200.0,87506.0,87878.7,3797.471
1764122400000,87878.6,88046.6,87711.0,87763.2,1767.314
1764124200000,87763.2,87929.1,87610.0,87672.5,1649.403
1764126000000,87672.6,87852.0,87616.9,87780.1,1077.118
1764127800000,87780.1,87780.1,87022.2,87088.5,3607.148
1764129600000,87088.4,87250.7,86851.1,87198.9,3415.526
1764131400000,87198.9,87323.3,87138.0,87190.0,1529.1
1764133200000,87190.0,87664.5,87175.0,87507.5,2083.01
1764135000000,87507.5,87711.1,87426.0,87479.9,1440.457
1764136800000,87479.9,87672.0,87410.1,87581.1,1221.643
1764138600000,87581.0,87857.3,87422.4,87762.4,1588.123
1764140400000,87762.4,87855.0,87661.0,87770.0,1382.444
1764142200000,87770.0,87947.0,87670.5,87896.2,1445.29
1764144000000,87896.2,87909.2,87500.0,87522.1,1980.597
1764145800000,87522.0,87592.5,87368.0,87380.6,1251.416
1764147600000,87380.5,87413.9,87063.0,87075.6,2132.378
1764149400000,87075.7,87098.9,86700.9,86799.9,3705.448
1764151200000,86799.9,87023.2,86743.1,86830.0,2815.441
1764153000000,86830.1,86957.0,86630.0,86916.1,2231.214
1764154800000,86916.1,86971.1,86804.0,86851.9,1876.648
1764156600000,86851.9,87062.4,86823.9,87049.2,1461.81
1764158400000,87049.1,87134.5,86260.9,86470.3,6545.996
1764160200000,86470.3,86679.0,86380.4,86601.1,2153.882
1764162000000,86601.0,86785.9,86517.9,86669.3,2063.705
1764163800000,86669.2,87087.3,86537.8,87082.0,4151.121
1764165600000,87082.1,87300.0,86896.7,87261.1,3308.952
1764167400000,87261.0,87646.8,86716.0,86858.1,7598.621
1764169200000,86858.0,87287.5,86810.1,87218.7,3943.295
1764171000000,87218.7,87318.0,86596.6,86926.2,6521.56
1764172800000,86926.3,87811.2,86914.3,87538.1,5292.189
1764174600000,87538.1,87939.3,87454.1,87778.9,4701.423
1764176400000,87778.9,88784.7,87663.4,88621.0,8140.524
1764178200000,88620.9,89927.6,88520.0,89792.5,14440.779
1764180000000,89792.4,90362.7,89630.3,90297.0,10373.32
1764181800000,90297.0,90320.8,89665.5,90103.4,5324.891
1764183600000,90103.5,90150.1,89692.3,89749.9,3742.99
1764185400000,89750.0,90011.0,89700.7,89923.3,2295.95
1764187200000,89923.3,90069.2,89458.7,89955.5,3913.811
1764189000000,89955.5,90019.0,89600.4,89811.0,2275.73
1764190800000,89811.0,90250.0,89759.0,90213.9,3200.239
1764192600000,90213.8,90468.4,90091.9,90142.8,2719.014
1764194400000,90142.8,90655.4,90074.6,90277.8,3104.958
1764196200000,90277.8,90414.8,90130.3,90330.5,1352.435
1764198000000,90330.5,90555.0,90285.4,90287.6,1860.574
1764199800000,90287.7,90535.0,90263.0,90438.1,1419.054
1764201600000,90438.0,90500.1,90024.4,90157.7,3552.712
1764203400000,90157.7,90533.0,90157.6,90426.6,1903.505
1764205200000,90426.5,90965.6,90324.0,90664.5,4271.41
1764207000000,90664.5,91195.1,90541.1,91094.8,4440.613
1764208800000,91094.7,91431.9,90832.2,91425.7,4910.333
1764210600000,91425.7,91850.0,91276.9,91335.4,7958.284
1764212400000,91335.3,91557.0,91238.2,91286.8,2803.31
1764214200000,91286.8,91286.9,91000.0,91049.3,2905.76
1764216000000,91049.3,91314.8,91013.1,91083.9,1967.607
1764217800000,91083.9,91272.4,91024.8,91233.0,963.308
1764219600000,91232.9,91520.0,91107.5,91447.3,2190.312
1764221400000,91447.2,91447.2,90843.8,90932.0,3745.247
1764223200000,90932.0,91369.0,90928.8,91336.5,1619.419
1764225000000,91336.4,91399.3,91137.9,91198.6,1326.489
1764226800000,91198.6,91419.0,91091.6,91386.8,1127.173
1764228600000,91386.9,91461.9,91286.1,91361.5,1237.845
1764230400000,91361.4,91470.0,91177.2,91318.2,1575.569
1764232200000,91318.2,91477.1,91237.0,91440.2,1470.857
1764234000000,91440.3,91739.5,91440.0,91562.4,3800.86
1764235800000,91562.5,91931.9,91500.0,91523.6,3881.379
1764237600000,91523.7,91704.0,91500.1,91608.8,1485.888
1764239400000,91608.7,91642.6,91299.0,91566.0,3205.311
1764241200000,91566.1,91577.2,91324.3,91324.3,1397.151
1764243000000,91324.3,91441.0,91261.8,91334.9,1321.102
1764244800000,91334.9,91418.4,91149.4,91237.6,2185.253
1764246600000,91237.5,91321.1,90914.2,90954.6,4088.415
1764248400000,90954.7,91043.1,90410.6,90678.5,6600.007
1764250200000,90678.4,91000.0,90459.0,90813.7,3812.136
1764252000000,90813.6,90945.4,90585.6,90906.6,1805.923
1764253800000,90906.7,90934.3,90531.1,90744.6,2142.464
1764255600000,90744.6,90925.0,90586.1,90878.3,1685.517
1764257400000,90878.3,90943.5,90729.8,90912.9,1710.002
1764259200000,90913.0,91351.3,90800.4,91148.2,5089.82
1764261000000,91148.2,91520.0,91116.1,91410.1,3102.559
1764262800000,91410.0,91597.8,91300.0,91321.8,1844.895
1764264600000,91321.9,91488.3,91252.0,91431.0,1183.295
1764266400000,91430.9,91463.7,91297.3,91370.2,1370.518
1764268200000,91370.2,91800.0,91326.0,91741.1,2573.372
1764270000000,91741.0,91741.0,91499.9,91569.0,1030.266
1764271800000,91569.1,91697.9,91456.6,91489.0,996.307
1764273600000,91489.0,91533.3,91353.0,91391.9,972.566
1764275400000,91392.0,91554.8,91354.4,91387.6,671.922
1764277200000,91387.6,91505.8,91156.4,91478.9,1295.46
1764279000000,91478.8,91562.8,91351.8,91373.4,556.379
1764280800000,91373.5,91550.0,91295.2,91527.8,690.742
1764282600000,91527.9,91546.5,91058.4,91285.0,1343.253
1764284400000,91285.0,91524.0,91270.6,91343.7,1023.715
1764286200000,91343.7,91353.6,91173.9,91292.2,849.002
1764288000000,91292.2,91313.6,91023.4,91193.0,1276.898
1764289800000,91193.1,91386.6,91100.9,91173.3,656.566
1764291600000,91173.2,91173.3,90750.0,90908.7,2454.195
1764293400000,90908.6,91040.3,90750.3,90754.3,1526.218
1764295200000,90754.3,90946.4,90637.0,90643.0,3214.6
1764297000000,90643.1,91111.5,90612.2,91035.7,2154.234
1764298800000,91035.8,91206.1,90955.5,91163.1,1545.244
1764300600000,91163.2,91266.0,91070.0,91168.0,929.201
1764302400000,91168.0,91397.6,91084.5,91368.0,1266.459
1764304200000,91368.0,91450.0,91326.2,91381.4,1080.935
1764306000000,91381.5,91540.1,91258.9,91481.7,1433.806
1764307800000,91481.8,91690.0,91423.1,91576.6,2044.116
1764309600000,91576.7,91576.7,91265.2,91267.1,1539.574
1764311400000,91267.1,91412.9,91117.1,91255.3,1606.372
1764313200000,91255.3,91529.9,91252.9,91439.7,1041.534
1764315000000,91439.7,91439.7,90824.1,90870.2,3498.107
1764316800000,90870.2,91200.7,90863.6,91105.7,2271.091
1764318600000,91105.7,91680.0,90967.2,91649.9,4125.24
1764320400000,91649.9,91855.0,91466.0,91587.9,3376.33
1764322200000,91588.0,91606.2,91369.6,91560.8,1393.171
1764324000000,91560.9,91596.6,91434.1,91522.1,838.663
1764325800000,91522.1,91830.6,91485.4,91802.8,1933.896
1764327600000,91802.7,92000.0,91007.4,91230.9,6022.98
1764329400000,91230.8,91429.1,91161.6,91382.9,1628.033
1764331200000,91383.0,91575.1,91356.6,91506.5,1621.125
1764333000000,91506.5,91647.5,91351.4,91468.4,1253.395
1764334800000,91468.6,91581.2,91314.4,91501.9,1926.79
1764336600000,91502.0,92679.3,91433.8,92329.2,11614.876
1764338400000,92329.2,92942.9,92145.5,92916.3,8851.969
1764340200000,92916.3,93080.0,91770.0,92202.1,12545.399
1764342000000,92202.0,92682.5,91919.4,92616.6,6141.568
1764343800000,92616.7,92743.6,92230.5,92299.9,4167.677
1764345600000,92299.8,92323.6,91052.6,91140.8,8824.315
1764347400000,91140.7,91569.1,90815.2,90880.1,6402.728
1764349200000,90880.1,91162.9,90422.3,90451.3,7877.05
1764351000000,90451.2,90775.1,90155.0,90620.5,7582.6
1764352800000,90621.2,90870.0,90368.9,90750.4,5400.744
1764354600000,90750.4,90935.0,90630.0,90787.8,1761.415
1764356400000,90787.8,91126.7,90778.2,91046.4,2110.954
1764358200000,91046.5,91163.5,90950.0,91106.1,1286.367
1764360000000,91106.0,91149.0,90816.0,91109.8,1628.969
1764361800000,91109.8,91176.7,90996.6,91147.6,916.26
1764363600000,91147.5,91209.0,90968.3,91086.4,823.428
1764365400000,91086.3,91198.2,90831.6,90831.8,989.897
1764367200000,90831.7,90970.4,90657.6,90823.7,1713.148
1764369000000,90823.8,91106.9,90823.8,91073.5,1095.252
1764370800000,91073.5,91145.0,90922.8,90926.1,904.242
1764372600000,90926.2,90991.6,90840.0,90847.8,622.716
1764374400000,90847.8,90920.0,90720.6,90852.8,901.654
1764376200000,90852.9,90930.3,90768.4,90837.5,656.362
1764378000000,90837.4,91078.4,90808.3,90920.7,816.842
1764379800000,90920.7,90922.1,90750.1,90839.2,570.818
1764381600000,90839.3,90888.4,90753.7,90801.5,549.455
1764383400000,90801.4,90801.6,90500.0,90751.4,2434.001
1764385200000,90751.4,90829.0,90673.5,90673.6,631.2
1764387000000,90673.5,90729.4,90616.8,90638.0,493.569
1764388800000,90638.1,90661.9,90505.3,90650.1,659.634
1764390600000,90650.0,90877.0,90629.7,90859.6,867.966
1764392400000,90859.5,90884.8,90732.8,90859.9,730.198
1764394200000,90860.0,90881.0,90683.9,90712.5,531.65
1764396000000,90712.5,90790.4,90272.6,90506.4,3112.375
1764397800000,90506.3,90550.0,90265.2,90513.3,1480.654
1764399600000,90513.3,90625.0,90418.0,90444.0,792.003
1764401400000,90444.0,90543.8,90327.0,90523.5,1105.923
1764403200000,90523.4,90691.5,90430.5,90574.3,1183.675
1764405000000,90574.3,90671.0,90513.5,90592.6,811.534
1764406800000,90592.6,90631.8,90467.9,90484.0,652.746
1764408600000,90484.1,90579.9,90455.5,90518.1,545.642
1764410400000,90518.1,90592.1,90335.2,90532.0,1137.289
1764412200000,90531.9,90610.0,90486.4,90510.2,531.108
1764414000000,90510.2,90575.9,90414.0,90502.0,604.87
1764415800000,90502.0,90645.6,90451.1,90633.7,818.146
1764417600000,90633.8,90769.3,90503.9,90508.5,1214.978
1764419400000,90508.5,90676.3,90484.3,90572.5,525.087
1764421200000,90572.6,90750.6,90543.8,90726.9,929.335
1764423000000,90726.9,90769.8,90634.8,90738.5,902.53
1764424800000,90738.5,90738.5,90612.3,90626.0,607.043
1764426600000,90626.0,90673.4,90572.8,90582.2,644.403
1764428400000,90582.2,91068.1,90582.2,90835.1,2592.597
1764430200000,90835.1,91030.0,90796.0,91030.0,1339.597
1764432000000,91030.0,91130.0,90824.8,90868.5,1603.539
1764433800000,90868.6,90979.2,90821.4,90962.1,744.162
1764435600000,90962.1,90985.0,90539.3,90670.1,1798.298
1764437400000,90670.0,90670.1,90381.1,90381.2,2218.978
1764439200000,90381.1,90509.3,90092.7,90252.8,4203.401
1764441000000,90252.9,90685.9,90166.1,90652.9,2513.403
1764442800000,90652.9,90819.9,90563.6,90771.2,1042.431
1764444600000,90771.1,90791.1,90562.7,90602.9,678.605
1764446400000,90602.9,90654.2,90363.0,90612.1,1609.244
1764448200000,90612.2,91007.4,90600.0,90921.7,2205.271
1764450000000,90921.8,90983.2,90773.6,90908.6,926.227
1764451800000,90908.6,91020.0,90873.5,90970.0,1065.23
1764453600000,90970.0,90970.0,90666.6,90694.0,805.602
1764455400000,90694.1,90886.5,90666.0,90717.2,515.742
1764457200000,90717.2,90849.0,90653.0,90778.5,363.249
1764459000000,90778.5,90859.2,90713.9,90765.0,528.413
1764460800000,90764.9,90907.3,90730.0,90829.1,770.285
1764462600000,90829.2,90867.9,90774.1,90853.6,360.292
1764464400000,90853.6,91016.0,90825.9,90916.8,922.742
1764466200000,90916.8,90980.7,90854.0,90866.0,437.499
1764468000000,90866.0,90994.1,90859.2,90914.4,483.003
1764469800000,90914.4,90950.0,90700.0,90745.2,641.348
1764471600000,90745.2,90775.3,90414.0,90647.8,2108.988
1764473400000,90647.8,90881.1,90633.0,90873.0,1015.102
1764475200000,90872.9,90935.8,90808.2,90834.1,599.419
1764477000000,90834.0,90863.9,90741.1,90808.2,422.568
1764478800000,90808.1,90808.1,90626.2,90638.0,535.947
1764480600000,90638.1,90781.2,90638.0,90742.7,394.106
1764482400000,90742.7,90871.8,90675.1,90871.6,460.441
1764484200000,90871.6,90898.3,90823.2,90853.0,509.498
1764486000000,90853.0,90940.0,90815.9,90915.8,598.8
1764487800000,90915.9,90999.4,90859.7,90924.5,740.034
1764489600000,90924.5,91428.2,90890.3,91104.9,3194.88
1764491400000,91104.9,91255.0,90879.3,91132.5,2210.907
1764493200000,91132.6,91580.0,91065.9,91360.5,4156.357
1764495000000,91360.5,91403.2,91250.0,91353.5,976.394
1764496800000,91353.3,91416.4,91180.0,91345.3,1004.842
1764498600000,91345.3,91345.4,91143.6,91185.4,676.189
1764500400000,91185.4,91347.5,91157.2,91205.0,822.998
1764502200000,91205.1,91226.5,90926.3,91000.9,1221.544
1764504000000,91000.9,91333.1,90960.0,91218.5,1399.35
1764505800000,91218.6,91495.7,91164.7,91432.4,2167.965
1764507600000,91432.3,91934.4,91356.8,91808.9,4588.094
1764509400000,91809.0,91853.7,91591.5,91726.9,2758.042
1764511200000,91726.9,91734.5,91442.0,91510.1,1360.637
1764513000000,91510.0,91543.2,91208.8,91459.7,2037.582
1764514800000,91459.7,91577.0,91278.0,91538.1,1087.79
1764516600000,91538.1,91538.1,91334.6,91405.8,1061.981
1764518400000,91405.9,91744.5,91364.3,91714.9,1775.15
1764520200000,91714.9,91818.8,91596.0,91789.4,1393.067
1764522000000,91789.5,91789.5,91313.4,91346.7,1801.618
1764523800000,91346.6,91505.5,91270.0,91444.1,970.15
1764525600000,91444.1,91444.1,91088.1,91344.5,1407.094
1764527400000,91344.5,91443.5,91291.6,91420.3,582.013
1764529200000,91420.2,91461.3,91259.2,91309.6,534.983
1764531000000,91309.6,91448.6,91266.3,91423.2,493.589
1764532800000,91423.1,91592.3,91261.0,91277.2,879.39
1764534600000,91277.2,91333.3,91133.6,91272.7,865.274
1764536400000,91272.7,91293.2,90825.1,91031.4,2553.86
1764538200000,91031.4,91172.7,91001.5,91139.1,1009.824
1764540000000,91139.0,91300.0,91139.0,91185.3,733.693
1764541800000,91185.2,91249.9,91000.9,91178.9,851.97
1764543600000,91179.0,91213.2,90600.0,90615.6,3404.407
1764545400000,90615.6,90703.9,90300.0,90320.6,5158.012
1764547200000,90320.5,90396.9,88312.5,88338.3,23568.076
1764549000000,88338.3,88408.8,86939.6,86970.7,19695.796
1764550800000,86970.6,87713.9,86900.0,87227.8,10523.307
1764552600000,87227.8,87572.4,87111.0,87134.0,3486.493
1764554400000,87134.0,87472.1,87027.3,87051.7,3655.546
1764556200000,87051.6,87127.1,86428.7,86685.6,9628.312
1764558000000,86685.7,86791.2,86281.6,86354.9,5073.585
1764559800000,86355.0,86441.2,86126.0,86319.2,4591.777
1764561600000,86319.1,86331.1,85666.0,85709.1,7185.498
1764563400000,85709.1,85984.3,85666.0,85767.7,3668.231
1764565200000,85767.7,85979.0,85563.7,85974.2,4046.639
1764567000000,85974.1,85978.7,85606.1,85966.9,3054.028
1764568800000,85966.8,86241.5,85935.5,86036.1,5022.829
1764570600000,86036.1,86314.4,85929.5,86189.9,3158.723
1764572400000,86190.0,86250.0,86006.8,86207.4,1830.767
1764574200000,86207.4,86524.6,86103.4,86487.6,3842.712
1764576000000,86487.3,86626.7,86339.5,86600.0,2647.672
1764577800000,86600.0,86842.0,86450.0,86811.0,2977.244
1764579600000,86811.0,86886.0,86459.1,86559.7,3370.196
1764581400000,86559.7,86850.0,86532.3,86659.1,1575.659
1764583200000,86659.2,86770.5,86500.8,86544.6,1424.082
1764585000000,86544.6,86658.0,86512.9,86599.0,889.275
1764586800000,86599.0,86658.0,86361.2,86427.5,2991.163
1764588600000,86427.5,86454.5,86090.0,86100.1,3900.225
1764590400000,86100.0,86193.0,85763.8,85807.1,6202.218
1764592200000,85807.1,85846.6,84700.1,85396.2,15851.147
1764594000000,85396.3,86129.8,85310.2,85953.4,9106.673
1764595800000,85953.3,86080.0,85637.0,85943.2,4309.792
1764597600000,85943.7,86288.0,85914.2,86193.1,5384.816
1764599400000,86193.1,86625.0,85810.6,86017.3,11048.939
1764601200000,86017.4,86089.9,84900.4,84914.4,10281.672
1764603000000,84914.4,84938.7,83786.0,84650.0,21250.648
1764604800000,84650.0,84832.0,84011.0,84523.1,9099.842
1764606600000,84523.0,85436.6,84456.2,84540.3,11560.635
1764608400000,84540.4,85026.5,84414.1,84952.1,5261.64
1764610200000,84952.0,85236.6,84625.5,84902.8,3642.454
1764612000000,84902.6,85528.7,84898.9,85262.2,7394.435
1764613800000,85262.2,85293.0,84677.8,85159.2,3968.228
1764615600000,85159.1,85262.3,84685.2,84697.2,2979.497
1764617400000,84697.2,85074.5,84566.4,84985.0,2700.08
1764619200000,84985.0,85801.5,84966.8,85221.1,7781.718
1764621000000,85221.1,85540.0,85132.6,85474.1,3477.571
1764622800000,85474.1,86328.5,85456.0,86107.3,7917.957
1764624600000,86107.2,86462.7,86107.2,86380.1,4490.532
1764626400000,86380.1,86787.4,86356.0,86378.3,3968.935
1764628200000,86378.3,86817.0,86238.1,86518.2,2632.05
1764630000000,86518.4,86700.0,86373.3,86699.8,2121.946
1764631800000,86699.8,86778.0,86200.0,86241.6,2605.906
1764633600000,86241.5,86538.6,86140.1,86300.0,2762.226
1764635400000,86300.0,86630.1,86256.0,86472.0,1948.667
1764637200000,86471.9,87384.0,86408.1,86706.0,7024.414
1764639000000,86705.9,86795.8,86346.1,86409.9,2014.582
1764640800000,86409.9,86813.3,86223.2,86626.1,2613.409
1764642600000,86626.1,86823.0,86481.6,86501.2,1724.608
1764644400000,86501.1,86601.0,86256.8,86303.1,1458.886
1764646200000,86303.1,87066.5,86159.9,86936.0,4100.387
1764648000000,86935.9,87245.9,86916.0,86985.1,2691.608
1764649800000,86985.0,87018.1,86859.2,86924.9,1619.541
1764651600000,86924.8,87081.4,86772.0,86873.0,1544.695
1764653400000,86872.9,87033.0,86826.3,86968.7,1153.653
1764655200000,86968.6,86968.6,86820.0,86879.7,1094.97
1764657000000,86879.7,87148.7,86871.5,87043.7,1582.194
1764658800000,87043.7,87075.0,86834.5,86869.1,1301.193
1764660600000,86869.1,87027.3,86869.1,86965.0,991.852
1764662400000,86965.0,87018.1,86408.1,86460.2,4347.83
1764664200000,86460.2,86690.7,86321.0,86438.0,4286.399
1764666000000,86438.1,86964.1,86416.7,86839.3,2639.74
1764667800000,86839.2,86839.2,86588.4,86734.4,1853.687
1764669600000,86734.4,86920.0,86724.4,86761.3,1097.546
1764671400000,86761.3,87640.0,86761.3,87241.8,4948.81
1764673200000,87241.8,87393.7,86908.8,87386.7,3340.528
1764675000000,87386.7,87576.5,87270.4,87326.9,2054.321
1764676800000,87327.0,87491.0,87264.7,87405.8,1391.601
1764678600000,87405.7,87516.0,87130.3,87225.6,2765.597
1764680400000,87225.6,87399.2,87005.0,87278.0,2959.211
1764682200000,87278.1,87870.2,87268.0,87691.3,5546.744
1764684000000,87691.2,88765.0,87560.0,88629.6,12848.343
1764685800000,88629.6,89246.1,88361.2,89225.1,15456.501
1764687600000,89225.1,90882.4,89225.0,90139.6,24108.753
1764689400000,90140.2,91211.3,89839.1,90809.2,13488.294
1764691200000,90809.2,91309.4,90156.4,90244.9,10971.416
1764693000000,90244.8,91071.7,90225.2,90713.9,7012.425
1764694800000,90713.8,91969.0,90698.7,91718.3,11814.35
1764696600000,91718.4,91919.0,91350.1,91417.5,5343.938
1764698400000,91417.5,92253.7,91299.9,91865.0,7854.249
1764700200000,91865.0,92189.8,91686.4,91905.0,4539.668
1764702000000,91905.0,92178.1,91852.8,91966.3,3191.993
1764703800000,91966.2,92273.2,91791.0,91849.9,4177.583
1764705600000,91849.9,91883.8,90906.6,90929.9,11082.679
1764707400000,90930.0,91126.6,90643.5,90976.1,6984.491
1764709200000,90976.1,91448.4,90904.3,91374.6,3359.378
1764711000000,91374.5,91573.6,91236.8,91500.2,2159.458
1764712800000,91500.2,91843.8,91443.5,91565.5,4016.696
1764714600000,91565.3,91970.4,91494.2,91932.7,2593.098
1764716400000,91932.7,91943.6,91574.3,91640.0,1858.794
1764718200000,91640.0,91648.0,91231.0,91249.1,2380.159
1764720000000,91249.1,91499.9,91082.4,91145.4,2549.535
1764721800000,91145.4,91716.0,90954.8,91620.3,3804.783
1764723600000,91620.3,91942.0,91418.7,91852.8,2901.681
1764725400000,91852.9,92465.6,91800.0,92215.3,5029.619
1764727200000,92215.5,93020.0,92101.2,92761.0,7920.63
1764729000000,92761.1,92813.0,92227.2,92784.2,3614.077
1764730800000,92784.1,93068.9,92545.6,92797.4,3145.508
1764732600000,92797.4,92808.4,92579.5,92589.2,1642.511
1764734400000,92589.2,93428.6,92578.0,92773.1,5460.365
1764736200000,92773.1,93456.0,92757.9,93302.2,4386.52
1764738000000,93302.1,93554.1,93051.9,93294.7,5510.847
1764739800000,93294.3,93632.5,93195.2,93591.0,4357.508
1764741600000,93591.1,93932.7,93522.8,93890.0,5552.011
1764743400000,93889.9,93890.0,93092.5,93386.0,5742.061
1764745200000,93386.0,93418.6,92820.0,92995.9,4531.661
1764747000000,92995.8,93078.8,92859.9,92969.9,2425.739
1764748800000,92970.0,93147.8,92792.0,92877.4,2576.013
1764750600000,92877.5,92964.9,92636.6,92740.8,3811.009
1764752400000,92740.8,92954.0,92672.3,92897.1,2351.846
1764754200000,92897.1,93179.7,92739.5,93132.1,2940.222
1764756000000,93132.1,93338.4,92973.6,93163.1,2572.49
1764757800000,93163.0,93163.1,92807.3,92899.9,2873.714
1764759600000,92899.9,92987.3,92602.8,92952.0,2890.919
1764761400000,92952.0,93009.8,92783.0,92957.7,1351.705
1764763200000,92957.6,93069.7,92642.7,92682.3,2156.087
1764765000000,92682.4,92937.8,92637.9,92882.3,1910.88
1764766800000,92882.2,93092.0,92828.6,92959.3,2626.772
1764768600000,92959.3,93225.4,92867.9,93077.6,2390.498
1764770400000,93077.7,93100.4,91637.4,92498.0,21015.278
1764772200000,92497.9,93653.6,92080.4,92300.0,15273.805
1764774000000,92300.0,92943.4,91873.9,92281.4,8882.4
1764775800000,92281.5,92734.0,92195.1,92332.9,4157.858
1764777600000,92333.0,92428.5,91733.2,92247.0,5140.298
1764779400000,92247.0,92712.8,92187.8,92212.4,3595.414
1764781200000,92212.4,92667.9,92159.9,92472.0,4803.879
1764783000000,92472.1,93000.0,92472.0,92919.5,4176.534
1764784800000,92919.4,93471.1,92861.2,93064.5,6126.042
1764786600000,93064.5,93172.5,92315.3,92584.8,3605.892
1764788400000,92584.8,92808.7,92489.3,92679.3,1799.953
1764790200000,92679.5,93062.9,92580.3,92995.8,1442.21
1764792000000,92995.8,93125.2,92784.3,92982.6,1538.681
1764793800000,92982.6,93345.3,92826.0,92928.2,2669.902
1764795600000,92928.8,93282.0,92801.0,93229.1,1933.756
1764797400000,93229.2,93725.0,93193.5,93645.0,2758.309
1764799200000,93645.0,93779.8,93307.3,93353.9,2689.814
1764801000000,93353.9,94185.0,93232.8,93738.4,4670.861
1764802800000,93738.5,94061.2,93516.4,93593.7,3816.652
1764804600000,93593.7,93601.0,93297.8,93376.7,2173.568
1764806400000,93376.8,93431.8,92686.3,92784.5,4339.906
1764808200000,92784.6,93125.1,92628.0,93013.9,2877.622
1764810000000,93013.9,93725.0,92940.4,93332.9,4028.254
1764811800000,93333.0,93514.4,93121.9,93150.0,1598.484
1764813600000,93150.0,94040.0,93072.8,93760.0,4705.497
1764815400000,93760.0,93954.7,93571.4,93896.1,2059.071
1764817200000,93896.1,94038.8,93513.2,93574.7,2526.586
1764819000000,93574.6,93599.9,93351.0,93499.9,2365.896
1764820800000,93500.0,93549.2,93275.1,93358.2,1467.153
1764822600000,93358.2,93480.0,93170.0,93317.8,1408.873
1764824400000,93317.8,93339.7,92950.0,93168.5,2313.019
1764826200000,93168.5,93181.3,92737.0,92932.4,2424.582
1764828000000,92932.4,93216.0,92800.1,93166.1,2662.481
1764829800000,93166.1,93333.0,92965.8,93103.1,2442.208
1764831600000,93103.0,93133.0,92852.4,93064.8,1678.971
1764833400000,93064.8,93386.6,93061.1,93358.6,1604.162
1764835200000,93358.5,93578.4,93012.0,93094.3,2397.848
1764837000000,93094.2,93357.0,93002.5,93220.7,1241.701
1764838800000,93220.7,93600.0,93201.0,93335.9,2915.577
1764840600000,93336.0,93582.3,93302.2,93408.6,1257.604
1764842400000,93408.6,93531.7,93218.3,93272.2,1669.097
1764844200000,93272.1,93351.2,93111.1,93210.7,1363.622
1764846000000,93210.7,93269.5,92939.7,92950.2,1663.057
1764847800000,92950.1,92986.0,92666.1,92894.9,3816.761
1764849600000,92894.9,93000.0,92725.4,92812.0,1555.572
1764851400000,92812.0,93155.0,92801.0,92947.9,1835.833
1764853200000,92947.8,93011.4,92411.0,92742.4,4972.048
1764855000000,92742.4,92921.1,92366.0,92480.4,4324.922
1764856800000,92480.4,92788.1,92450.6,92749.9,1927.813
1764858600000,92749.9,92750.0,91762.0,91859.4,9647.053
1764860400000,91859.3,92866.0,91845.8,92536.5,7867.833
1764862200000,92536.5,93256.3,92397.0,92933.5,6614.154
1764864000000,92933.4,93143.4,92433.5,92869.1,3761.591
1764865800000,92869.0,92869.0,92220.0,92390.0,5112.881
1764867600000,92389.9,92500.0,92008.0,92083.4,3126.368
1764869400000,92083.4,92432.5,91700.0,92384.5,5268.362
1764871200000,92384.6,92505.0,92109.1,92416.8,1958.845
1764873000000,92416.8,92516.8,91909.8,92093.4,2734.011
1764874800000,92093.4,92140.5,90822.5,91304.9,11076.0
1764876600000,91305.0,92092.4,91246.0,91941.5,5444.762
1764878400000,91941.5,92186.4,91649.8,91954.0,3378.609
1764880200000,91954.0,92500.0,91907.5,92431.7,2555.625
1764882000000,92431.8,92676.8,92254.5,92254.6,2026.358
1764883800000,92254.5,92322.0,92036.1,92111.2,1186.435
1764885600000,92111.2,92337.4,92103.2,92149.9,855.541
1764887400000,92149.9,92458.3,92149.9,92295.5,1027.447
1764889200000,92295.5,92419.6,92167.4,92182.7,674.665
1764891000000,92182.7,92265.3,92022.3,92034.7,1011.667
1764892800000,92034.7,92444.0,92015.0,92286.5,1306.678
1764894600000,92286.5,92392.0,92188.6,92259.9,731.929
1764896400000,92259.8,92566.0,92188.8,92460.7,1249.715
1764898200000,92460.6,92500.0,92300.7,92322.2,1106.42
1764900000000,92322.1,92593.1,92215.0,92527.3,1212.735
1764901800000,92527.4,92665.5,92425.0,92476.1,1385.081
1764903600000,92476.1,92625.0,92302.3,92360.6,1265.408
1764905400000,92360.6,92384.9,91917.7,92104.9,2698.886
1764907200000,92104.8,92350.0,92087.5,92149.3,1456.354
1764909000000,92149.3,92149.4,91750.6,91985.5,3037.192
1764910800000,91985.6,92164.5,91869.5,91930.9,1346.363
1764912600000,91930.9,91996.8,91829.6,91902.6,904.471
1764914400000,91902.7,92116.4,91865.3,91993.5,1304.113
1764916200000,91993.4,92244.8,91890.4,92235.6,1087.22
1764918000000,92235.6,92455.4,92158.5,92407.0,1668.222
1764919800000,92407.1,92416.1,92162.8,92227.5,1502.404
1764921600000,92227.6,92227.6,91970.0,92018.3,1266.431
1764923400000,92018.4,92120.0,91857.6,92080.0,1308.287
1764925200000,92079.9,92080.0,91250.0,91302.4,4387.271
1764927000000,91302.5,91432.9,90940.4,91086.4,5583.413
1764928800000,91086.4,91427.4,91042.8,91315.6,3389.679
1764930600000,91315.6,91456.8,91219.2,91240.1,1687.3
1764932400000,91240.0,91527.3,91193.1,91370.2,1681.16
1764934200000,91370.2,91378.4,91081.1,91307.9,2248.501
1764936000000,91308.0,91388.7,91015.7,91177.2,1684.477
1764937800000,91177.3,91253.0,91083.4,91194.6,876.888
1764939600000,91194.6,91319.9,90532.7,90773.1,5320.603
1764941400000,90773.2,90886.0,90195.3,90433.6,8347.524
1764943200000,90433.6,90706.6,90259.6,90400.0,4330.477
1764945000000,90400.0,90665.9,89863.0,90246.0,10860.233
1764946800000,90246.0,91445.2,90246.0,91171.6,16067.502
1764948600000,91171.7,91342.6,90210.6,90414.0,7803.44
1764950400000,90413.9,90460.0,88808.5,89020.4,18535.288
1764952200000,89020.3,89095.3,87976.3,88757.5,20785.436
1764954000000,88757.6,89005.5,88558.8,88714.7,4708.786
1764955800000,88714.6,89509.6,88640.6,89279.3,6447.979
1764957600000,89279.3,89750.6,89138.8,89349.3,5680.004
1764959400000,89349.3,89450.0,88839.0,88894.9,3324.246
1764961200000,88895.0,89489.7,88773.6,89388.1,4306.597
1764963000000,89388.1,89762.0,89278.3,89590.5,2658.871
1764964800000,89590.5,89706.0,89311.1,89522.6,2338.193
1764966600000,89522.6,89522.6,89150.0,89267.8,2563.17
1764968400000,89267.8,89448.8,89235.8,89383.5,1659.879
1764970200000,89383.5,89431.4,89038.8,89145.1,1381.555
1764972000000,89145.1,89195.8,88856.7,89195.8,1875.535
1764973800000,89195.8,89335.5,89003.2,89199.3,873.349
1764975600000,89199.3,89228.2,88900.0,89198.8,1067.954
1764977400000,89198.7,89342.0,89172.5,89288.5,811.838
1764979200000,89288.6,89288.6,88986.1,89145.2,1555.714
1764981000000,89145.1,89441.9,89123.2,89382.2,1311.844
1764982800000,89382.2,89468.3,89255.5,89403.1,1018.302
1764984600000,89403.1,89403.1,89160.9,89295.7,995.395
1764986400000,89296.2,89322.9,89130.1,89236.0,1229.116
1764988200000,89236.0,89374.9,89159.9,89354.6,636.265
1764990000000,89354.7,89758.0,89350.2,89508.7,2476.253
1764991800000,89508.6,89700.0,89480.6,89636.5,975.326
1764993600000,89636.5,89670.0,89468.4,89579.0,984.994
1764995400000,89578.9,89650.0,89507.3,89612.2,836.079
1764997200000,89612.3,89696.7,89506.2,89565.6,779.27
1764999000000,89565.5,89606.7,89484.2,89556.7,591.68
1765000800000,89556.7,89732.4,89476.2,89700.5,961.18
1765002600000,89700.5,89711.6,89582.2,89643.1,450.4
1765004400000,89643.1,89658.7,89523.9,89523.9,582.23
1765006200000,89523.9,89680.2,89410.8,89549.6,869.994
1765008000000,89549.5,89608.0,89230.0,89248.0,1573.832
1765009800000,89248.1,89389.2,89165.9,89238.3,1836.992
1765011600000,89238.3,89625.0,89220.6,89600.9,1648.72
1765013400000,89600.8,89639.3,89460.8,89532.9,836.832
1765015200000,89533.0,89650.0,89454.5,89494.0,772.221
1765017000000,89494.0,89544.2,89421.9,89466.0,516.529
1765018800000,89466.0,89563.1,89451.4,89530.2,525.928
1765020600000,89530.3,89679.0,89516.2,89585.4,947.861
1765022400000,89585.4,89590.0,89512.9,89566.9,545.752
1765024200000,89567.0,89600.0,89516.4,89528.4,444.913
1765026000000,89528.4,89658.9,89528.3,89638.6,567.845
1765027800000,89638.5,89745.6,89584.7,89619.5,1458.202
1765029600000,89619.5,90257.3,89603.8,89877.6,4989.063
1765031400000,89877.7,90148.3,89845.7,89948.6,2039.153
1765033200000,89948.7,89993.2,89424.2,89588.2,2869.123
1765035000000,89588.2,89904.4,89514.6,89713.4,1873.549
1765036800000,89713.3,89940.3,89693.6,89828.8,1088.964
1765038600000,89828.8,89876.7,89619.6,89660.8,890.928
1765040400000,89660.9,89798.0,89577.7,89789.8,989.514
1765042200000,89789.8,89789.8,89558.1,89661.7,652.395
1765044000000,89661.8,89751.9,89584.8,89716.3,538.275
1765045800000,89716.2,89716.3,89475.4,89610.0,663.887
1765047600000,89609.9,89710.1,89280.0,89519.0,2216.78
1765049400000,89519.0,89523.3,89203.0,89369.4,1582.702
1765051200000,89369.5,89465.9,89277.9,89420.4,641.082
1765053000000,89420.4,89527.4,89390.0,89509.5,513.65
1765054800000,89509.4,89578.3,89351.7,89394.0,555.588
1765056600000,89393.9,89531.4,89354.6,89377.3,400.732
1765058400000,89377.2,89487.8,89239.8,89311.2,808.606
1765060200000,89311.1,89393.7,89212.3,89245.1,597.49
1765062000000,89245.1,89293.4,88870.1,88983.7,3873.592
1765063800000,88983.7,89228.7,88964.1,89197.1,1112.125
1765065600000,89197.1,89342.5,89131.5,89317.8,924.297
1765067400000,89317.7,89520.0,89313.3,89354.3,1063.097
1765069200000,89354.3,89543.8,89354.2,89420.0,581.659
1765071000000,89419.9,89449.8,89251.0,89251.0,597.829
1765072800000,89251.0,89471.2,89251.0,89400.1,466.932
1765074600000,89400.0,89656.2,89342.3,89580.1,763.422
1765076400000,89580.1,89600.0,89505.6,89535.1,475.322
1765078200000,89535.1,89704.5,89516.1,89675.6,875.827
1765080000000,89675.7,89750.0,89570.7,89585.4,781.548
1765081800000,89585.4,89586.1,89439.6,89495.2,841.062
1765083600000,89495.2,89525.6,89380.0,89434.9,641.773
1765085400000,89434.8,89511.7,89421.5,89469.2,539.191
1765087200000,89469.2,89645.5,89443.9,89616.6,669.661
1765089000000,89616.6,89668.1,89532.0,89668.1,425.654
1765090800000,89668.1,89697.7,89280.0,89354.2,1210.643
1765092600000,89354.1,89374.4,89155.0,89337.1,1444.064
1765094400000,89337.1,89337.1,89140.3,89318.6,920.385
1765096200000,89318.5,89494.4,89231.6,89269.4,1179.532
1765098000000,89269.4,89360.0,89055.1,89141.2,952.776
1765099800000,89141.1,89229.1,89012.9,89070.0,1255.446
1765101600000,89070.1,89264.7,89061.5,89164.8,1157.067
1765103400000,89164.8,89359.3,89069.5,89195.5,1083.075
1765105200000,89195.6,89237.2,89134.8,89134.8,608.827
1765107000000,89134.8,89215.4,89101.5,89109.4,501.916
1765108800000,89109.3,89312.6,89074.6,89226.3,829.257
1765110600000,89226.3,89557.9,89217.1,89428.8,1356.662
1765112400000,89428.8,89472.0,88476.0,88884.1,4450.816
1765114200000,88884.0,89077.0,88828.0,89011.0,2086.421
1765116000000,89011.0,89069.5,87780.0,87881.3,9798.988
1765117800000,87881.4,88347.8,87688.0,88187.5,7534.465
1765119600000,88187.5,89050.0,88129.7,88703.0,7307.15
1765121400000,88703.0,89700.0,88703.0,89505.0,7961.802
1765123200000,89505.0,89505.0,89065.2,89285.9,3981.909
1765125000000,89285.8,89880.0,89203.0,89849.3,2527.46
1765126800000,89849.3,90716.0,89565.2,90669.7,9229.529
1765128600000,90669.8,91261.0,90655.0,90904.2,8538.871
1765130400000,90904.2,91668.0,90904.1,91533.6,5345.973
1765132200000,91533.6,91722.0,91189.8,91327.6,4090.272
1765134000000,91327.7,91503.4,91191.2,91219.0,1759.071
1765135800000,91219.0,91379.8,91170.2,91379.7,1123.189
1765137600000,91379.8,91450.0,91263.1,91393.1,1073.319
1765139400000,91393.2,91473.2,91281.4,91392.0,625.205
1765141200000,91392.1,91392.1,90750.0,90836.6,2388.227
1765143000000,90836.6,90990.8,89806.0,90189.2,6512.462
1765144800000,90189.2,90189.3,88890.0,89648.1,10045.903
1765146600000,89648.0,90204.8,89280.0,89551.8,5426.862
1765148400000,89551.7,90030.6,89473.4,90009.1,3266.629
1765150200000,90009.0,90444.4,89768.0,90345.4,2370.558
1765152000000,90345.4,90364.5,89806.4,90203.7,2901.634
1765153800000,90203.8,90572.2,90168.5,90302.7,1972.704
1765155600000,90302.6,91222.9,90255.8,91091.0,3086.253
1765157400000,91091.0,91650.0,90771.3,90869.1,5425.132
1765159200000,90869.0,91065.4,90737.5,90979.5,1771.59
1765161000000,90979.4,91415.6,90922.1,91327.0,2936.869
1765162800000,91327.0,91383.0,91070.9,91212.1,1204.86
1765164600000,91212.1,91250.0,90947.0,91039.4,1352.341
1765166400000,91039.3,91317.7,90979.2,91212.1,801.057
1765168200000,91212.2,91444.1,91106.1,91247.7,1472.415
1765170000000,91247.8,91349.1,91006.3,91242.8,1577.32
1765171800000,91242.9,91410.0,91242.8,91290.6,1148.098
1765173600000,91290.6,91413.9,91205.5,91405.6,1055.917
1765175400000,91405.6,91612.9,91364.4,91434.6,2056.58
1765177200000,91434.6,91700.0,91310.2,91660.0,1784.202
1765179000000,91659.9,91868.0,91430.3,91519.8,3082.169
1765180800000,91519.8,91676.6,91433.6,91652.7,1374.241
1765182600000,91652.8,91906.6,91549.5,91782.1,1771.818
1765184400000,91782.0,92262.6,91741.6,91929.8,5202.563
1765186200000,91929.7,92027.5,91858.1,91865.3,1114.876
1765188000000,91865.3,92056.8,91756.1,92000.1,1766.433
1765189800000,92000.0,92181.8,91912.9,92085.8,1816.931
1765191600000,92085.8,92139.9,91936.3,91988.9,1128.555
1765193400000,91988.8,91988.8,91806.1,91923.5,1893.031
1765195200000,91923.6,91948.4,91724.8,91824.9,2345.861
1765197000000,91824.8,91888.0,91627.8,91729.5,2082.87
1765198800000,91729.4,92106.4,91488.0,91623.2,4929.561
1765200600000,91623.1,91711.0,91231.7,91424.0,4383.487
1765202400000,91424.0,91575.7,91111.0,91329.5,3619.547
1765204200000,91329.5,91753.0,90723.0,90809.0,14051.698
1765206000000,90809.1,90970.6,89608.5,89933.1,14690.275
1765207800000,89933.1,90235.3,89553.8,89912.6,10935.897
1765209600000,89912.7,90400.1,89629.1,90249.8,6595.061
1765211400000,90249.7,90438.8,89700.0,89929.2,4761.437
1765213200000,89929.3,90191.5,89716.1,89909.4,3431.946
1765215000000,89909.3,90300.0,89641.9,90212.1,3956.938
1765216800000,90212.1,90471.6,90057.2,90100.0,4176.814
1765218600000,90100.0,90471.1,89676.0,89873.5,3188.214
1765220400000,89873.5,90159.6,89805.4,90074.8,2172.071
1765222200000,90074.7,90326.1,89992.8,90073.6,1433.071
1765224000000,90073.7,90592.1,90073.7,90400.1,2350.512
1765225800000,90400.0,90877.1,90261.8,90745.7,3186.475
1765227600000,90745.7,91034.5,90618.0,90980.1,1916.024
1765229400000,90980.0,91338.2,90980.0,91258.2,3021.771
1765231200000,91258.1,91333.0,90802.6,90931.8,1381.598
1765233000000,90931.7,91019.4,90675.0,90788.6,1253.084
1765234800000,90788.6,90975.0,90439.3,90679.0,1993.738
1765236600000,90678.9,90746.4,90513.0,90610.8,919.2
1765238400000,90610.8,90810.8,90556.3,90650.1,1844.0
1765240200000,90650.1,90650.1,90315.0,90359.4,1576.656
1765242000000,90359.5,90537.2,90125.4,90178.1,1870.725
1765243800000,90178.2,90231.8,89922.4,90017.9,2088.513
1765245600000,90017.9,90338.5,89933.7,90259.6,1416.303
1765247400000,90259.5,90300.0,90012.6,90026.1,892.34
1765249200000,90026.1,90122.6,89774.1,90007.2,3123.19
1765251000000,90007.2,90412.8,89988.5,90364.0,2828.161
1765252800000,90364.1,90472.9,90280.0,90368.1,921.777
1765254600000,90368.0,90368.1,89653.5,89875.4,5184.324
1765256400000,89875.3,89928.3,89368.9,89821.2,4297.281
1765258200000,89821.2,90172.9,89810.0,89857.6,4239.184
1765260000000,89857.7,90078.8,89760.0,89836.8,1422.535
1765261800000,89836.8,90200.0,89744.0,90124.8,1479.026
1765263600000,90124.8,90399.9,90048.5,90322.6,1955.986
1765265400000,90322.6,90485.8,90296.4,90449.9,1410.736
1765267200000,90449.9,90568.0,90413.1,90476.0,1288.262
1765269000000,90476.0,90584.8,90301.0,90459.1,1963.462
1765270800000,90459.0,90461.7,90236.4,90271.7,1719.444
1765272600000,90271.8,90328.0,90090.5,90099.9,1115.653
1765274400000,90100.0,90184.5,90020.0,90154.1,1053.045
1765276200000,90154.1,90307.4,89868.0,90255.7,1831.395
1765278000000,90255.6,90315.2,90089.2,90243.5,1010.028
1765279800000,90243.5,90348.9,90172.9,90341.9,1008.316
1765281600000,90342.0,90695.6,90276.8,90512.7,2857.166
1765283400000,90512.8,90620.0,90450.0,90532.7,1276.377
1765285200000,90532.7,90701.9,90429.9,90650.1,1629.331
1765287000000,90650.0,90820.8,90122.0,90385.0,4939.055
1765288800000,90385.1,90597.0,90071.5,90225.9,2267.839
1765290600000,90225.8,90533.0,89953.0,90327.1,5058.23
1765292400000,90327.1,91291.2,90244.8,91123.7,9600.971
1765294200000,91123.6,92867.0,90951.8,92676.9,17685.796
1765296000000,92676.9,93690.1,92656.5,93344.7,15360.847
1765297800000,93344.8,94439.0,93344.8,94146.8,16567.305
1765299600000,94146.9,94555.0,93575.3,93717.0,14430.503
1765301400000,93717.0,93998.8,93505.0,93884.5,4165.607
1765303200000,93884.5,94128.5,93615.8,94064.6,4233.062
1765305000000,94064.6,94112.4,93668.0,93887.3,2424.122
1765306800000,93887.2,94041.6,93686.5,93951.0,1880.362
1765308600000,93951.0,94221.3,93604.0,93761.9,2961.69
1765310400000,93761.9,93819.1,92724.6,93031.0,7215.017
1765312200000,93030.9,93246.6,92780.0,93075.2,3871.554
1765314000000,93075.2,93196.7,92926.0,93064.6,1784.382
1765315800000,93064.6,93116.9,92199.0,92591.2,6661.287
1765317600000,92591.2,92871.0,92455.0,92462.4,2560.737
1765319400000,92462.5,92999.5,92462.4,92832.0,2076.055
1765321200000,92832.0,92840.9,92500.0,92820.1,1710.612
1765323000000,92820.1,92933.0,92616.2,92638.4,1172.014
1765324800000,92638.3,92748.2,92235.5,92484.7,2203.45
1765326600000,92484.7,92537.5,91999.3,92084.5,4646.871
1765328400000,92084.5,92360.0,92050.0,92231.4,1816.871
1765330200000,92231.4,92320.0,91900.0,92269.1,2246.921
1765332000000,92269.2,92530.0,91976.3,92456.5,2345.386
1765333800000,92456.5,92477.8,92186.1,92457.6,1384.678
1765335600000,92457.6,92519.2,92300.0,92364.7,898.897
1765337400000,92364.8,92474.8,92330.7,92366.0,915.402
1765339200000,92366.0,92628.6,92339.8,92396.7,1240.987
1765341000000,92396.7,92595.1,92355.5,92507.3,1031.474
1765342800000,92507.4,92695.5,92472.8,92535.3,1325.683
1765344600000,92535.2,92607.6,92478.3,92508.6,621.484
1765346400000,92508.5,92564.1,92350.0,92508.1,707.194
1765348200000,92508.2,92700.0,92502.9,92648.0,1611.216
1765350000000,92648.0,92666.0,92446.1,92550.0,1277.855
1765351800000,92550.0,92749.8,92482.6,92744.7,1250.398
1765353600000,92744.7,92759.0,92592.0,92632.9,1225.71
1765355400000,92633.0,92703.2,92500.0,92565.0,959.081
1765357200000,92565.1,92631.1,92377.9,92432.7,1169.988
1765359000000,92432.7,92900.0,92432.7,92870.1,2245.497
1765360800000,92870.0,93278.9,92380.0,92401.0,5179.087
1765362600000,92400.8,92409.5,92088.0,92230.5,4310.481
1765364400000,92230.4,92396.9,92161.0,92298.6,1714.083
1765366200000,92298.5,92340.0,91721.0,92085.5,6147.819
1765368000000,92085.4,92177.8,91928.3,91987.9,1642.993
1765369800000,91987.9,92090.2,91779.1,91952.1,1924.035
1765371600000,91952.2,92197.3,91903.2,92068.7,2035.055
1765373400000,92068.7,92133.9,91920.1,92054.6,1896.268
1765375200000,92054.5,92073.8,91825.0,91894.8,2150.387
1765377000000,91894.9,92063.8,91555.8,91794.0,4693.472
1765378800000,91794.0,92124.2,91678.3,91900.1,3479.662
1765380600000,91900.0,92048.5,91520.0,92021.8,2939.645
1765382400000,92021.8,92574.2,91846.8,92441.7,5071.552
1765384200000,92442.0,92451.7,92045.0,92126.7,2804.346
1765386000000,92126.7,92483.2,92049.4,92274.4,2363.594
1765387800000,92274.4,92461.5,92166.0,92348.8,1343.56
1765389600000,92348.7,92462.0,91930.4,92196.3,2596.249
1765391400000,92196.2,93000.0,92016.0,92448.8,8186.097
1765393200000,92448.8,93223.6,91605.0,92428.4,15099.414
1765395000000,92428.3,93158.0,92358.4,92913.8,10328.852
1765396800000,92913.9,94443.7,92589.9,93533.8,17368.214
1765398600000,93533.8,93787.8,92182.1,92409.1,9462.431
1765400400000,92409.1,92580.0,91825.0,92337.1,6351.493
1765402200000,92338.2,92733.3,92113.0,92308.2,2285.533
1765404000000,92308.3,92659.3,91891.7,92283.6,2885.2
1765405800000,92283.6,92627.8,92070.8,92472.2,2542.323
1765407600000,92472.2,92557.9,92093.1,92093.2,1146.566
1765409400000,92093.2,92139.6,91900.0,91977.5,1415.326
1765411200000,91977.5,92046.3,91711.0,91731.7,2154.995
1765413000000,91731.8,91758.6,91011.0,91350.1,7408.4
1765414800000,91350.1,91370.2,90660.1,91044.0,6255.957
1765416600000,91044.0,91247.3,90600.0,90637.0,3117.955
1765418400000,90637.0,90637.0,89888.0,90039.1,7772.599
1765420200000,90039.1,90176.0,89820.0,90034.4,4296.101
1765422000000,90034.4,90034.4,89321.0,89700.2,7618.612
1765423800000,89700.3,89869.3,89542.2,89833.1,3140.411
1765425600000,89833.1,90080.0,89640.4,89999.1,3612.96
1765427400000,89999.1,90445.6,89950.1,90386.6,3783.903
1765429200000,90386.6,90386.6,90016.9,90226.6,2073.744
1765431000000,90226.5,90300.0,90121.1,90262.0,977.336
1765432800000,90262.1,90262.1,89914.2,90064.9,1794.649
1765434600000,90064.9,90412.6,90064.9,90252.1,1739.57
1765436400000,90252.0,90287.5,90011.7,90085.6,1207.886
1765438200000,90085.6,90232.6,90084.3,90231.4,997.036
1765440000000,90231.3,90232.3,89959.3,90078.8,1914.953
1765441800000,90078.8,90210.0,89931.0,90152.5,1452.226
1765443600000,90152.6,90448.0,90101.5,90387.8,2122.328
1765445400000,90387.8,90494.7,90111.0,90196.0,1673.49
1765447200000,90196.0,90309.2,90128.7,90223.9,1209.309
1765449000000,90224.0,90304.8,90125.7,90279.2,858.557
1765450800000,90279.1,90377.8,90211.9,90216.0,1025.503
1765452600000,90216.0,90286.0,90163.9,90195.3,754.796
1765454400000,90195.3,90310.0,90087.9,90269.4,1320.068
1765456200000,90269.4,90346.8,89972.2,90000.8,1536.675
1765458000000,90000.7,90100.0,89934.2,90009.1,1703.112
1765459800000,90009.1,90134.6,89827.9,90062.9,2159.831
1765461600000,90062.8,90223.8,89990.6,90091.2,1996.1
1765463400000,90091.2,90450.0,89200.0,89514.5,13222.776
1765465200000,89514.4,90618.0,89363.8,90202.7,9298.701
1765467000000,90202.6,90239.1,89597.1,89830.1,5429.819
1765468800000,89830.1,89945.1,89288.0,89529.2,5414.999
1765470600000,89529.3,90150.0,89422.0,89704.2,4303.45
1765472400000,89704.2,90224.9,89588.0,90039.6,3246.495
1765474200000,90039.5,90217.8,89873.6,89935.6,1777.797
1765476000000,89935.3,90450.0,89851.0,90315.2,3528.029
1765477800000,90315.3,91150.0,90272.0,90657.9,8390.509
1765479600000,90657.9,91132.2,90531.4,91070.5,3955.108
1765481400000,91070.6,91499.0,90700.0,90793.5,5991.91
1765483200000,90793.5,91444.5,90749.6,91004.9,3556.981
1765485000000,91004.9,91806.1,90971.1,91740.9,6476.918
1765486800000,91740.9,93254.7,91644.6,93254.7,13918.525
1765488600000,93254.7,93547.3,92751.0,92823.6,8776.517
1765490400000,92823.6,93169.3,92183.9,92301.0,5502.21
1765492200000,92301.0,92666.0,92050.3,92325.4,3835.54
1765494000000,92325.4,92634.8,92289.8,92453.3,4652.641
1765495800000,92453.3,92766.6,92333.5,92477.5,2190.081
1765497600000,92477.6,92598.7,92301.6,92345.3,2793.027
1765499400000,92345.4,92393.5,91400.0,91521.0,6255.344
1765501200000,91521.0,92133.2,91482.9,92051.2,4071.9
1765503000000,92051.1,92277.0,91990.6,92129.3,1342.666
1765504800000,92129.3,92450.0,91883.3,92344.1,2718.293
1765506600000,92344.1,92700.0,92292.2,92542.2,2356.911
1765508400000,92542.2,92719.0,92126.7,92196.4,2125.347
1765510200000,92196.4,92361.9,92170.3,92234.3,1150.502
1765512000000,92234.3,92300.1,92088.8,92164.5,1457.417
1765513800000,92164.5,92424.3,92133.7,92355.6,1387.899
1765515600000,92355.7,92460.0,92028.4,92089.3,1879.432
1765517400000,92089.2,92440.0,92089.2,92404.8,780.307
1765519200000,92404.9,92685.5,92360.9,92557.9,2186.441
1765521000000,92558.0,92558.0,92416.0,92468.7,766.733
1765522800000,92468.7,92528.4,92322.5,92337.6,1231.104
1765524600000,92337.6,92486.2,92213.2,92389.5,1512.127
1765526400000,92389.5,92447.0,92126.6,92209.5,1792.996
1765528200000,92209.6,92319.4,92052.9,92311.4,1343.69
1765530000000,92311.4,92349.6,92054.0,92071.0,1102.076
1765531800000,92071.1,92517.6,92050.0,92481.7,1529.622
1765533600000,92481.7,92600.0,92380.0,92416.9,1476.126
1765535400000,92417.0,92540.0,92377.3,92454.7,797.319
1765537200000,92454.7,92454.7,92234.5,92325.0,926.334
1765539000000,92324.9,92381.5,92259.8,92381.5,719.03
1765540800000,92381.4,92381.5,92131.1,92149.6,1306.375
1765542600000,92149.5,92391.4,92036.4,92389.9,1788.58
1765544400000,92389.9,92473.7,92220.7,92231.7,1353.274
1765546200000,92231.8,92364.4,92196.0,92261.7,940.363
1765548000000,92261.7,92313.7,92066.6,92084.3,1603.669
1765549800000,92084.3,92630.0,91851.0,92393.0,7888.066
1765551600000,92393.0,92407.2,90788.0,90795.0,13844.856
1765553400000,90795.0,90919.1,89688.0,89895.0,20480.605
1765555200000,89895.0,90397.3,89600.0,90360.5,11957.242
1765557000000,90360.6,90360.6,89429.0,89996.8,8500.222
1765558800000,89996.8,90584.9,89781.8,89785.8,7051.186
1765560600000,89785.7,90270.0,89777.0,90043.5,2722.055
1765562400000,90043.9,90512.2,89995.6,90496.8,3643.226
1765564200000,90496.7,90617.7,90222.1,90323.7,3256.2
1765566000000,90323.8,90359.6,89955.6,90145.0,3452.411
1765567800000,90145.0,90248.0,90033.5,90147.3,1315.981
1765569600000,90147.4,90241.2,89958.7,89964.6,2514.633
1765571400000,89964.7,90286.7,89843.0,90160.0,2922.535
1765573200000,90160.0,90314.0,90059.8,90142.0,1374.685
1765575000000,90142.1,90267.7,90142.1,90151.0,725.422
1765576800000,90150.9,90357.5,90144.2,90283.7,565.297
1765578600000,90283.7,90320.0,90211.4,90294.5,496.429
1765580400000,90294.7,90341.3,90242.8,90264.4,698.434
1765582200000,90264.4,90333.2,90187.4,90229.6,739.721
1765584000000,90229.7,90398.0,90162.0,90261.5,1063.211
1765585800000,90261.5,90311.4,90260.3,90276.9,465.233
1765587600000,90276.9,90321.1,90276.0,90289.2,561.877
1765589400000,90289.3,90289.3,90077.0,90192.2,1239.19
1765591200000,90192.1,90282.0,90184.0,90276.1,508.073
1765593000000,90276.1,90276.1,90188.0,90195.0,529.006
1765594800000,90194.9,90320.0,90165.3,90301.5,466.83
1765596600000,90301.6,90432.0,90287.5,90304.0,757.76
1765598400000,90304.1,90329.7,90229.0,90286.7,571.284
1765600200000,90286.6,90379.5,90240.4,90334.8,491.915
1765602000000,90334.8,90350.9,90300.0,90312.9,374.959
1765603800000,90313.0,90325.0,90226.8,90301.3,370.24
1765605600000,90301.4,90320.5,90232.3,90243.0,335.725
1765607400000,90243.1,90339.3,90242.2,90317.4,358.086
1765609200000,90317.5,90347.9,90293.3,90337.4,670.847
1765611000000,90337.4,90362.1,90274.5,90286.1,623.544
1765612800000,90286.0,90536.0,90280.4,90463.2,2017.33
1765614600000,90463.3,90511.1,90323.0,90413.9,1163.809
1765616400000,90414.0,90463.3,90383.9,90384.0,521.882
1765618200000,90383.9,90472.7,90338.0,90375.3,585.971
1765620000000,90375.3,90483.4,90366.8,90459.0,540.373
1765621800000,90459.0,90599.0,90459.0,90546.7,1069.838
1765623600000,90546.7,90563.1,90406.8,90406.8,704.891
1765625400000,90406.8,90409.5,90239.0,90298.4,1289.272
1765627200000,90298.5,90441.9,90280.5,90280.5,750.795
1765629000000,90280.5,90398.9,90241.1,90309.8,775.13
1765630800000,90309.8,90419.3,90166.2,90184.4,1178.978
1765632600000,90184.5,90276.9,90153.6,90215.0,762.488
1765634400000,90215.1,90305.5,89921.9,89921.9,2192.395
1765636200000,89921.9,90292.9,89888.0,90048.5,1558.787
1765638000000,90048.5,90259.0,90027.1,90107.6,895.32
1765639800000,90107.5,90132.8,89999.0,90055.4,907.511
1765641600000,90055.3,90236.6,90030.3,90040.1,976.171
1765643400000,90040.1,90121.4,89993.4,90054.0,746.223
1765645200000,90054.1,90068.6,89944.0,89986.5,714.318
1765647000000,89986.5,90070.1,89958.2,90022.5,567.61
1765648800000,90022.5,90163.0,90011.6,90122.7,535.765
1765650600000,90122.8,90150.0,90064.4,90089.1,302.886
1765652400000,90089.2,90152.1,90074.7,90099.7,343.423
1765654200000,90099.6,90195.6,90099.6,90150.9,390.566
1765656000000,90150.8,90187.3,90094.7,90111.8,284.704
1765657800000,90111.8,90156.2,90000.2,90058.4,512.062
1765659600000,90058.5,90076.1,89869.5,89925.9,852.093
1765661400000,89925.8,90150.0,89711.9,90137.8,1539.091
1765663200000,90137.9,90227.4,89957.3,90064.5,686.2
1765665000000,90064.5,90215.1,90049.5,90092.4,477.093
1765666800000,90092.3,90178.3,90018.2,90157.7,418.335
1765668600000,90157.7,90248.0,90155.4,90191.3,588.643
1765670400000,90191.3,90287.1,90071.6,90256.2,2097.384
1765672200000,90256.1,90440.0,90252.2,90303.5,2374.308
1765674000000,90303.6,90402.9,90217.1,90385.1,675.087
1765675800000,90385.1,90405.0,90166.0,90256.6,590.987
1765677600000,90256.5,90330.0,90244.2,90306.5,303.126
1765679400000,90306.5,90349.8,90200.0,90244.9,600.836
1765681200000,90245.0,90262.3,90223.9,90228.2,207.195
1765683000000,90228.2,90240.4,90200.0,90222.3,237.727
1765684800000,90222.4,90284.4,90207.9,90260.8,320.365
1765686600000,90260.8,90300.0,90086.0,90159.3,610.711
1765688400000,90159.3,90159.3,90005.8,90050.3,853.48
1765690200000,90050.4,90185.8,90031.4,90161.0,710.725
1765692000000,90161.1,90202.0,90060.0,90069.6,460.949
1765693800000,90069.7,90160.0,90055.0,90105.0,291.643
1765695600000,90105.1,90115.2,90060.0,90072.0,214.338
1765697400000,90072.1,90235.6,90035.2,90205.1,537.728
1765699200000,90205.1,90250.0,90139.6,90142.9,566.694
1765701000000,90142.8,90163.9,90064.5,90072.4,373.654
1765702800000,90072.3,90112.3,90022.1,90040.2,597.092
1765704600000,90040.1,90082.4,89939.2,89991.4,1310.265
1765706400000,89991.4,90101.0,89740.0,89959.8,2081.673
1765708200000,89959.9,89973.7,89794.6,89819.0,1349.097
1765710000000,89818.9,89825.0,89419.0,89468.9,5363.327
1765711800000,89468.8,89580.0,88412.8,89308.2,13000.151
1765713600000,89308.3,89529.3,89055.4,89331.9,3688.4
1765715400000,89331.9,89630.8,89331.9,89382.9,2108.95
1765717200000,89382.8,89382.9,89035.1,89227.3,2268.034
1765719000000,89227.3,89459.4,89161.2,89450.5,1472.257
1765720800000,89450.4,89527.2,89165.7,89242.4,1554.662
1765722600000,89242.4,89247.0,88838.7,89074.1,3400.177
1765724400000,89074.1,89146.6,88831.7,88978.0,1745.963
1765726200000,88978.0,89080.0,88906.6,88985.2,1027.256
1765728000000,88985.2,89372.8,88908.0,89221.2,1838.512
1765729800000,89221.1,89300.0,88435.0,88780.0,5522.351
1765731600000,88779.9,88991.4,88551.0,88731.0,2592.977
1765733400000,88731.0,88884.1,88606.9,88760.7,1448.671
1765735200000,88760.7,89027.7,88666.6,88735.6,1794.232
1765737000000,88735.6,88973.8,88735.5,88951.8,893.01
1765738800000,88951.7,88951.8,88432.0,88665.8,2452.788
1765740600000,88665.8,88712.6,88448.5,88598.7,1154.19
1765742400000,88598.7,88779.1,88272.2,88611.2,3138.811
1765744200000,88611.1,88679.9,88455.0,88515.9,1075.359
1765746000000,88515.9,88672.1,88392.8,88537.2,1065.28
1765747800000,88537.1,88567.6,88300.0,88403.7,1439.197
1765749600000,88403.6,88581.9,88310.0,88349.4,1044.837
1765751400000,88349.3,88413.0,87920.0,88370.2,4403.895
1765753200000,88370.3,88586.8,87871.5,87980.6,3205.611
1765755000000,87980.5,88299.8,87504.3,88118.8,6022.692
1765756800000,88118.8,88563.1,88025.3,88494.0,3878.314
1765758600000,88494.1,88656.3,88080.0,88414.9,2967.447
1765760400000,88415.0,88722.2,88376.7,88662.6,2503.045
1765762200000,88662.7,89291.9,88612.9,89189.1,5172.238
1765764000000,89189.0,89972.4,89180.2,89640.3,7098.668
1765765800000,89640.3,89670.0,89193.7,89269.5,3365.043
1765767600000,89269.5,89497.2,89202.7,89307.3,1491.142
1765769400000,89307.3,89352.9,89180.2,89239.9,1339.219
1765771200000,89240.0,89549.4,89229.5,89300.1,1471.245
1765773000000,89300.2,89750.0,89266.0,89631.2,1813.087
1765774800000,89631.3,89713.0,89495.7,89657.3,1188.716
1765776600000,89657.2,89666.6,89455.0,89576.9,1085.223
1765778400000,89576.9,89587.0,89428.4,89525.6,773.097
1765780200000,89525.5,89880.0,89499.9,89692.8,1535.478
1765782000000,89692.9,89787.1,89466.0,89550.2,1671.22
1765783800000,89550.1,89775.9,89526.3,89703.0,1403.035
1765785600000,89702.9,89856.0,89604.8,89812.5,1511.744
1765787400000,89812.5,89853.0,89722.3,89722.3,830.381
1765789200000,89722.3,89888.0,89719.9,89840.5,1148.687
1765791000000,89840.6,89940.0,89772.2,89815.6,1519.084
1765792800000,89815.7,89882.1,89640.6,89815.4,2203.541
1765794600000,89815.4,89940.0,89694.3,89811.5,1407.366
1765796400000,89811.6,89861.9,89726.6,89752.0,1055.729
1765798200000,89752.0,89782.2,89525.0,89606.0,2113.987
1765800000000,89606.0,89609.0,89384.5,89534.4,2709.002
1765801800000,89534.5,89728.8,89530.8,89657.8,1607.405
1765803600000,89657.9,89699.0,89319.6,89418.2,2571.892
1765805400000,89418.3,89547.7,89230.2,89388.0,2472.112
1765807200000,89388.1,89675.9,89291.3,89352.9,2093.617
1765809000000,89353.0,89845.0,87800.0,88004.3,19023.755
1765810800000,88004.3,88179.4,86630.0,86831.5,23868.524
1765812600000,86831.5,87344.0,86563.6,86996.6,13038.072
1765814400000,86996.5,87189.9,86737.2,86870.3,5358.571
1765816200000,86870.2,86913.4,86000.0,86360.6,12407.909
1765818000000,86360.6,86487.2,86055.0,86162.1,4395.157
1765819800000,86162.2,86225.3,85560.0,85734.3,9303.809
1765821600000,85734.2,85942.2,85500.4,85558.1,4480.275
1765823400000,85558.1,86240.8,85073.0,86142.7,10756.708
1765825200000,86142.7,86521.2,85833.4,86079.7,7111.115
1765827000000,86079.7,86299.9,85930.2,86104.2,2385.788
1765828800000,86104.2,86155.9,85574.7,85712.8,4394.343
1765830600000,85712.8,86057.6,85682.0,85763.2,2863.833
1765832400000,85756.9,86139.0,85489.7,86042.6,4232.339
1765834200000,86042.5,86275.0,85953.3,86209.6,2154.056
1765836000000,86209.7,86210.8,85781.4,85981.3,1416.272
1765837800000,85981.2,86235.5,85904.3,86228.8,1083.54
1765839600000,86228.8,86437.1,86069.0,86185.8,2574.212
1765841400000,86185.8,86428.0,86152.4,86389.9,1367.003
1765843200000,86390.0,86478.6,86102.6,86306.1,1980.856
1765845000000,86306.2,86309.9,85802.1,85821.1,2339.79
1765846800000,85821.1,86135.6,85681.9,85866.6,2005.527
1765848600000,85866.6,85998.7,85625.3,85850.1,1986.018
1765850400000,85850.0,86188.0,85800.0,86165.9,1441.46
1765852200000,86165.9,86186.1,85762.8,85901.6,1407.372
1765854000000,85901.7,85979.9,85555.5,85665.3,2772.252
1765855800000,85665.2,85844.7,85340.1,85837.7,2854.041
1765857600000,85837.6,85887.8,85581.8,85604.0,1276.618
1765859400000,85603.9,85812.8,85226.0,85799.9,2642.49
1765861200000,85799.9,85959.7,85759.0,85938.9,1657.645
1765863000000,85939.0,86171.1,85900.0,85983.8,2534.307
1765864800000,85983.8,86422.8,85983.8,86369.9,1885.927
1765866600000,86370.0,86575.8,86312.2,86458.0,1683.276
1765868400000,86458.1,86577.0,86034.3,86180.1,2919.964
1765870200000,86180.1,86195.1,85807.6,85964.8,2700.245
1765872000000,85964.9,86245.6,85874.6,86228.3,1705.382
1765873800000,86228.2,86343.4,86038.5,86236.5,1192.874
1765875600000,86236.5,86377.0,86151.4,86228.3,1325.265
1765877400000,86228.3,86392.0,86189.0,86307.6,982.954
1765879200000,86307.7,86470.0,86230.6,86364.4,1150.411
1765881000000,86364.4,87299.7,86344.0,86932.1,7738.497
1765882800000,86932.1,87104.6,86766.0,87104.2,2071.187
1765884600000,87104.3,87295.8,86955.7,87216.6,2690.049
1765886400000,87216.6,87295.0,87060.0,87107.3,1791.969
1765888200000,87107.2,87450.0,87023.2,87161.9,2233.706
1765890000000,87161.8,87530.2,87011.6,87326.6,3662.089
1765891800000,87326.6,87776.3,86365.8,86410.4,13530.598
1765893600000,86410.4,87050.3,86055.9,86901.0,7731.961
1765895400000,86900.9,87740.0,86765.2,87257.2,9929.341
1765897200000,87257.2,87444.0,86783.8,87128.3,6000.241
1765899000000,87128.3,88143.9,87003.6,87936.3,9308.553
1765900800000,87936.3,88012.5,87474.6,87801.1,5694.992
1765902600000,87801.1,87894.0,87340.0,87539.0,4029.633
1765904400000,87539.1,87803.1,87223.9,87299.6,2679.497
1765906200000,87299.6,87465.5,87050.0,87087.7,2496.803
1765908000000,87087.7,87500.0,87015.8,87351.9,2655.431
1765909800000,87351.9,87980.0,87351.9,87741.3,3813.608
1765911600000,87741.3,87750.0,87245.2,87399.3,2798.073
1765913400000,87399.2,87760.6,87321.8,87538.7,1865.444
1765915200000,87538.7,87650.4,87297.9,87509.3,1488.314
1765917000000,87509.4,87809.8,87473.5,87533.7,1636.189
1765918800000,87533.7,87720.1,87455.5,87660.6,963.766
1765920600000,87660.6,87880.6,87660.6,87728.6,1411.55
1765922400000,87728.6,87855.4,87600.2,87843.9,834.878
1765924200000,87844.0,87900.0,87688.8,87753.6,795.573
1765926000000,87753.6,87800.0,87557.3,87623.8,1090.782
1765927800000,87623.9,87835.3,87608.5,87826.3,837.65
1765929600000,87826.3,87826.3,87437.4,87457.5,1920.492
1765931400000,87457.6,87537.7,87371.7,87499.3,964.332
1765933200000,87499.3,87925.8,87499.2,87731.3,1925.761
1765935000000,87731.2,87849.6,87439.8,87518.0,1223.936
1765936800000,87517.9,87558.5,87150.0,87293.5,2029.152
1765938600000,87293.4,87525.6,87187.4,87452.7,1352.914
1765940400000,87452.7,87577.3,87288.0,87310.9,962.203
1765942200000,87310.9,87351.3,87104.2,87178.1,1292.838
1765944000000,87178.2,87360.8,86930.0,87014.7,2119.838
1765945800000,87014.7,87076.3,86675.4,86716.7,2836.897
1765947600000,86716.8,86726.9,86158.4,86384.1,5346.382
1765949400000,86384.1,86701.3,86188.0,86595.0,2979.111
1765951200000,86595.0,86972.7,86554.7,86839.1,3042.884
1765953000000,86839.1,86900.0,86680.6,86735.5,1852.999
1765954800000,86735.5,86894.6,86555.5,86699.9,1527.379
1765956600000,86699.9,87164.2,86687.8,87010.4,3043.794
1765958400000,87010.4,87010.4,86420.9,86480.1,2078.413
1765960200000,86480.1,86550.0,86286.0,86366.0,2133.409
1765962000000,86366.1,86573.9,86245.3,86304.1,2578.892
1765963800000,86304.0,86449.4,86222.7,86386.1,1281.865
1765965600000,86386.1,86719.1,86201.0,86535.3,1991.454
1765967400000,86535.3,86810.0,86451.6,86587.1,1932.959
1765969200000,86587.0,86867.9,86523.2,86760.9,1206.711
1765971000000,86760.9,87100.0,86742.2,86939.3,2282.786
1765972800000,86939.2,87189.6,86939.2,87048.0,3069.912
1765974600000,87047.9,87062.9,86776.7,86984.0,2400.861
1765976400000,86984.0,87317.6,86768.8,87055.7,3037.136
1765978200000,87055.7,87838.5,87020.3,87579.0,5981.592
1765980000000,87579.0,87862.0,87427.2,87672.9,3773.245
1765981800000,87673.0,89665.1,87099.5,89633.9,23108.463
1765983600000,89634.0,90363.2,89372.6,89887.6,21235.413
1765985400000,89887.7,90050.0,87088.9,87191.4,23533.39
1765987200000,87191.0,87737.3,86285.8,86325.9,16765.031
1765989000000,86324.9,86970.4,86128.5,86946.6,8257.862
1765990800000,86945.8,87077.0,86429.8,86826.1,4688.017
1765992600000,86826.2,86877.2,86215.0,86380.6,3943.423
1765994400000,86380.7,86807.2,86380.7,86441.5,2722.244
1765996200000,86441.4,86547.2,85615.0,85796.1,7036.227
1765998000000,85796.2,85911.1,85261.3,85669.3,8160.855
1765999800000,85669.3,86149.0,85399.9,85982.7,4125.699
1766001600000,85982.7,86228.2,85630.0,86104.9,4230.908
1766003400000,86104.8,86171.9,85765.2,85854.7,2919.083
1766005200000,85854.7,86024.2,85735.1,85816.6,1189.53
1766007000000,85816.6,85980.0,85663.0,85946.0,1246.782
1766008800000,85946.2,86421.0,85850.0,86213.4,2575.183
1766010600000,86213.4,86334.6,86051.5,86312.5,1481.737
1766012400000,86312.4,86312.5,85912.5,85985.7,1394.199
1766014200000,85985.7,86220.0,85909.3,86201.6,1862.555
1766016000000,86201.6,86263.1,86012.1,86218.7,1436.691
1766017800000,86218.7,86284.0,86089.9,86191.9,900.293
1766019600000,86191.8,86207.3,85820.6,85960.1,1677.731
1766021400000,85960.1,86152.6,85935.1,86085.7,901.458
1766023200000,86085.6,86836.2,85970.7,86375.6,4969.078
1766025000000,86375.5,86720.9,86356.1,86649.6,2226.31
1766026800000,86649.5,86649.6,86250.3,86252.1,2170.654
1766028600000,86252.2,86623.9,86200.0,86575.1,1836.341
1766030400000,86575.1,86859.1,86558.0,86792.1,1970.059
1766032200000,86792.1,86848.2,86703.6,86715.8,1179.936
1766034000000,86715.9,86718.1,86465.3,86498.2,1432.515
1766035800000,86498.1,86689.0,86323.7,86400.0,1637.097
1766037600000,86400.1,86539.9,86353.8,86420.6,1135.229
1766039400000,86420.6,86623.5,86369.5,86607.0,776.744
1766041200000,86607.0,86821.4,86546.0,86797.4,1746.348
1766043000000,86797.5,86822.2,86662.5,86787.5,1682.208
1766044800000,86787.5,86996.0,86640.5,86900.0,2054.405
1766046600000,86899.9,87085.7,86885.4,86934.9,2307.94
1766048400000,86934.9,87008.0,86755.0,86972.2,1243.437
1766050200000,86972.2,87350.0,86972.2,87237.0,3137.932
1766052000000,87236.9,87386.7,87180.0,87324.0,1410.196
1766053800000,87324.0,87417.6,87161.6,87307.2,1445.42
1766055600000,87307.2,87315.3,87014.4,87136.5,1879.199
1766057400000,87136.4,87268.1,87095.2,87268.1,965.62
1766059200000,87257.0,87315.0,87072.9,87095.1,1367.925
1766061000000,87095.1,87396.7,87068.0,87215.2,1662.014
1766062800000,87215.1,87975.6,87215.1,87597.6,6655.022
1766064600000,87597.7,89173.9,87597.6,88804.0,19474.029
1766066400000,88804.0,89447.9,88066.0,88488.5,14257.151
1766068200000,88488.4,89113.0,87673.8,88325.4,13299.244
1766070000000,88325.4,88655.7,87940.0,88571.5,6998.161
1766071800000,88571.6,89333.0,88287.3,88480.8,12049.305
1766073600000,88480.7,88500.0,87797.6,88069.1,6005.75
1766075400000,88069.1,88388.0,87900.0,87984.6,3214.091
1766077200000,87984.6,87999.9,85427.5,85861.6,25065.288
1766079000000,85861.7,86576.2,85555.2,86443.6,9518.399
1766080800000,86443.6,86865.6,86227.9,86368.3,6485.601
1766082600000,86368.4,86610.9,85662.5,85946.7,6862.093
1766084400000,85946.7,85990.0,85013.9,85626.1,12861.182
1766086200000,85626.1,85793.4,84429.9,84447.0,13661.27
1766088000000,84447.0,85248.1,84408.6,84934.7,7138.213
1766089800000,84934.7,85095.6,84523.5,84558.8,5022.953
1766091600000,84557.4,85444.0,84521.2,85416.9,5817.331
1766093400000,85416.8,85800.0,85175.1,85584.6,4024.831
1766095200000,85584.3,85721.2,85245.8,85465.3,1652.829
1766097000000,85465.3,85694.5,85454.1,85544.0,1681.093
1766098800000,85544.0,85591.6,85271.7,85449.5,1608.912
1766100600000,85449.5,85551.0,85300.2,85469.7,1068.151
1766102400000,85469.8,85570.7,85369.1,85383.8,1183.703
1766104200000,85383.7,85576.1,85260.0,85572.9,1501.477
1766106000000,85572.8,85572.8,85120.5,85128.0,1303.154
1766107800000,85128.1,85377.9,85062.7,85291.7,1488.812
1766109600000,85291.1,85520.7,85091.5,85483.8,1812.553
1766111400000,85483.8,85917.4,85339.9,85600.8,3847.48
1766113200000,85600.9,87125.0,85566.1,87112.8,10338.641
1766115000000,87112.4,87550.0,86653.1,86863.1,9128.244
1766116800000,86863.2,87354.8,86793.5,87021.4,5861.108
1766118600000,87021.4,87174.8,86930.3,87073.5,2106.935
1766120400000,87073.4,87157.8,86708.4,86739.5,2823.535
1766122200000,86739.6,87200.0,86651.9,87099.7,2514.669
1766124000000,87099.7,87177.8,86871.6,86989.5,1214.858
1766125800000,86989.6,87450.0,86919.3,87449.9,1856.754
1766127600000,87450.0,88366.0,87436.3,87896.7,8817.049
1766129400000,87896.6,87967.0,87688.2,87909.7,2844.685
1766131200000,87909.7,88123.7,87700.0,87701.7,2478.713
1766133000000,87700.0,88179.6,87700.0,88063.2,2781.317
1766134800000,88063.2,88079.6,87856.0,87984.7,1598.368
1766136600000,87984.8,88134.0,87911.0,88068.3,1214.131
1766138400000,88068.4,88270.0,87884.4,87924.2,2372.227
1766140200000,87924.1,88333.7,87888.6,88237.1,3213.362
1766142000000,88237.2,88345.1,88100.1,88251.0,1879.367
1766143800000,88251.1,88334.2,88132.8,88169.9,1260.546
1766145600000,88170.0,88247.5,87857.6,87991.2,3411.231
1766147400000,87991.2,88118.5,87810.8,87840.8,3157.101
1766149200000,87840.7,88031.0,87840.7,88007.4,2034.365
1766151000000,88007.5,88228.9,87800.0,87968.1,3584.519
1766152800000,87968.0,88338.4,87811.3,87994.0,2845.179
1766154600000,87994.1,88610.0,87488.0,88140.8,14622.566
1766156400000,88140.8,89374.6,87925.1,88156.8,15550.364
1766158200000,88156.8,88380.0,87655.6,87925.6,6570.955
1766160000000,87925.6,88477.7,87847.4,88394.2,3737.602
1766161800000,88394.2,88888.0,87841.8,87956.6,4980.657
1766163600000,87956.6,88320.0,87487.7,87592.8,4830.418
1766165400000,87593.3,87694.6,86795.5,86912.6,10897.464
1766167200000,86912.6,87436.3,86808.1,87305.7,3038.795
1766169000000,87305.7,87328.7,86900.1,87126.2,2131.854
1766170800000,87126.2,87772.0,87100.0,87610.4,3695.872
1766172600000,87610.5,88097.3,87545.6,87812.8,3629.31
1766174400000,87812.9,88185.4,87569.1,88002.5,3542.936
1766176200000,88002.5,88406.3,87862.4,88064.8,4598.298
1766178000000,88065.0,88076.8,87849.4,87963.8,1161.964
1766179800000,87963.9,88032.2,87758.1,87805.3,1037.615
1766181600000,87805.8,88280.0,87805.8,88184.3,1327.98
1766183400000,88184.4,88394.4,88101.0,88301.1,944.007
1766185200000,88301.1,88320.0,88211.2,88295.0,765.767
1766187000000,88295.0,88295.0,88085.0,88100.0,745.987
1766188800000,88100.0,88151.2,87974.0,88135.7,1383.743
1766190600000,88135.7,88144.1,87926.7,87967.3,739.024
1766192400000,87967.4,88132.8,87967.3,88101.1,422.523
1766194200000,88101.2,88101.2,88003.7,88036.7,327.569
1766196000000,88036.6,88111.6,87945.7,88080.0,459.24
1766197800000,88080.0,88279.0,88068.2,88168.0,1224.052
1766199600000,88167.9,88277.2,88122.8,88266.0,566.196
1766201400000,88265.9,88294.8,88165.3,88165.3,515.01
1766203200000,88165.3,88212.2,88065.9,88176.9,721.986
1766205000000,88176.8,88294.0,88174.5,88257.1,646.047
1766206800000,88257.1,88465.4,88229.6,88356.9,1379.976
1766208600000,88356.8,88551.8,88250.0,88250.0,1619.639
1766210400000,88250.1,88409.0,88234.7,88311.0,549.667
1766212200000,88311.0,88321.6,88238.2,88262.2,441.065
1766214000000,88262.3,88296.3,88149.7,88193.9,877.372
1766215800000,88193.9,88240.0,88145.6,88239.9,662.579
1766217600000,88240.0,88382.2,88239.9,88318.9,695.355
1766219400000,88319.0,88397.8,88217.0,88217.0,446.832
1766221200000,88217.0,88310.0,88182.0,88267.4,446.519
1766223000000,88267.3,88302.9,88187.6,88190.0,376.584
1766224800000,88190.0,88250.0,88092.1,88127.8,812.383
1766226600000,88127.8,88181.0,88100.0,88133.7,556.837
1766228400000,88133.6,88279.5,88063.8,88200.0,1069.717
1766230200000,88200.0,88269.9,88190.8,88243.6,465.158
1766232000000,88243.6,88320.0,88180.0,88181.0,541.793
1766233800000,88181.0,88224.9,88146.9,88214.0,338.469
1766235600000,88213.9,88313.7,87698.5,87980.1,4560.453
1766237400000,87980.0,88250.8,87959.0,88230.9,1799.027
1766239200000,88230.9,88231.0,87970.3,88067.0,1212.04
1766241000000,88066.9,88244.0,88066.0,88213.4,872.852
1766242800000,88213.4,88234.1,87971.6,88069.8,1746.868
1766244600000,88069.8,88164.0,88053.6,88134.6,457.877
1766246400000,88134.5,88202.3,88122.6,88135.7,478.95
1766248200000,88135.7,88135.8,88089.1,88115.3,464.769
1766250000000,88115.4,88217.2,88060.0,88194.8,478.8
1766251800000,88194.8,88197.7,88127.5,88144.5,304.287
1766253600000,88144.6,88174.6,88111.5,88165.1,261.237
1766255400000,88165.1,88407.7,88138.0,88277.1,1246.362
1766257200000,88277.1,88298.0,88176.0,88225.3,488.862
1766259000000,88225.4,88225.4,88157.0,88196.3,195.988
1766260800000,88196.4,88257.4,88175.3,88229.5,269.411
1766262600000,88229.5,88285.2,88196.0,88250.4,244.89
1766264400000,88250.3,88434.9,88233.4,88259.7,681.016
1766266200000,88259.7,88279.2,88140.3,88179.6,374.042
1766268000000,88179.6,88216.3,88111.1,88169.9,341.559
1766269800000,88169.9,88306.1,88168.1,88244.1,336.25
1766271600000,88244.1,88340.9,88213.5,88248.2,415.428
1766273400000,88248.3,88393.3,88242.1,88320.8,457.545
1766275200000,88320.7,88390.2,88262.6,88375.6,513.626
1766277000000,88375.6,88400.0,88270.0,88354.8,445.582
1766278800000,88354.8,88354.8,88246.6,88250.0,374.197
1766280600000,88250.1,88250.1,87959.8,87980.5,2467.089
1766282400000,87980.5,88115.3,87821.1,87922.6,1346.352
1766284200000,87922.6,88018.7,87848.8,87911.5,1083.525
1766286000000,87911.6,88127.9,87899.8,88028.5,787.129
1766287800000,88028.5,88096.8,88000.0,88043.2,318.823
1766289600000,88043.3,88119.3,88010.0,88086.0,349.333
1766291400000,88086.0,88100.0,88012.8,88036.4,223.287
1766293200000,88036.4,88123.8,88015.0,88104.1,336.217
1766295000000,88104.1,88114.0,88060.1,88102.0,200.77
1766296800000,88102.0,88174.5,88073.6,88130.1,390.784
1766298600000,88130.1,88154.7,88030.0,88057.3,408.725
1766300400000,88057.4,88122.4,88057.3,88071.5,225.722
1766302200000,88071.6,88139.6,88013.0,88138.7,524.17
1766304000000,88138.8,88237.8,88103.3,88233.0,716.906
1766305800000,88232.9,88729.2,88205.9,88509.0,4179.166
1766307600000,88509.0,88791.1,88465.0,88597.6,2383.75
1766309400000,88597.4,89050.0,88596.7,88868.0,3313.166
1766311200000,88868.0,88940.0,88680.6,88722.5,1789.522
1766313000000,88722.6,88775.3,88536.0,88633.1,1638.208
1766314800000,88633.2,88722.0,88544.3,88650.2,881.157
1766316600000,88650.2,88674.8,88550.0,88570.6,524.134
1766318400000,88570.7,88885.9,88555.0,88794.6,1453.159
1766320200000,88794.6,88875.0,88412.9,88588.6,2131.025
1766322000000,88588.6,88660.4,88139.7,88175.1,4180.672
1766323800000,88175.1,88182.0,87548.5,87630.5,8367.043
1766325600000,87630.4,88119.9,87575.7,87861.7,4784.555
1766327400000,87861.7,88041.4,87783.0,88019.1,1398.488
1766329200000,88019.0,88033.5,87763.2,87859.0,1155.674
1766331000000,87858.9,88254.9,87849.8,88024.7,2262.839
1766332800000,88024.7,88315.5,87936.3,88169.5,1948.472
1766334600000,88169.5,88329.1,88126.2,88309.8,910.746
1766336400000,88309.9,88453.9,88222.7,88270.0,1641.194
1766338200000,88270.1,88370.0,88232.7,88283.6,621.069
1766340000000,88283.7,88283.7,87902.0,88086.5,1608.93
1766341800000,88086.5,88424.9,88069.5,88406.9,1163.947
1766343600000,88406.8,88479.9,88233.8,88320.3,977.822
1766345400000,88320.3,88588.0,88162.1,88448.2,1342.376
1766347200000,88448.3,88465.9,88241.7,88248.1,612.682
1766349000000,88248.1,88284.0,88190.0,88195.6,316.785
1766350800000,88195.7,88338.2,88135.9,88299.6,394.814
1766352600000,88299.7,88330.0,88047.4,88121.6,594.865
1766354400000,88121.6,88431.0,88074.3,88318.6,690.953
1766356200000,88318.6,88459.0,88253.1,88440.2,566.522
1766358000000,88440.3,88786.9,88398.2,88406.1,2239.539
1766359800000,88406.2,88622.5,88325.0,88621.3,838.877
1766361600000,88621.3,89600.0,88621.2,88973.1,9367.093
1766363400000,88973.0,89279.9,88521.7,88581.7,3462.551
1766365200000,88581.7,89100.1,88458.2,88964.4,3284.661
1766367000000,88964.5,89250.0,88504.9,88580.1,2820.905
1766368800000,88580.2,88618.1,87845.0,88288.2,7612.027
1766370600000,88288.2,88508.5,88241.8,88417.1,1728.602
1766372400000,88417.1,88826.1,88230.1,88732.8,2474.847
1766374200000,88732.7,88793.6,88567.6,88727.5,1246.119
1766376000000,88727.4,88985.6,88665.3,88906.1,1428.305
1766377800000,88906.1,88996.3,88757.1,88863.5,1437.71
1766379600000,88863.4,88961.7,88712.1,88760.1,983.103
1766381400000,88760.0,88966.0,88736.3,88790.7,835.738
1766383200000,88790.6,88871.4,88688.6,88800.8,1055.287
1766385000000,88800.9,88979.4,88793.4,88867.3,835.9
1766386800000,88867.3,89160.0,88845.0,89070.4,1480.134
1766388600000,89070.4,89173.8,88982.8,89127.7,1088.732
1766390400000,89127.8,89873.0,89050.1,89786.6,6498.45
1766392200000,89786.6,89887.9,89177.0,89297.6,5178.273
1766394000000,89297.6,89605.8,89253.2,89550.1,2033.58
1766395800000,89550.1,89798.0,89442.6,89785.3,1908.041
1766397600000,89785.3,89837.4,89561.3,89656.4,2506.418
1766399400000,89656.3,89822.6,89656.3,89742.0,1253.791
1766401200000,89742.0,89875.7,89607.7,89803.9,1828.804
1766403000000,89803.9,90085.0,89740.8,89905.2,4707.517
1766404800000,89905.2,90286.7,89811.6,90268.4,3822.177
1766406600000,90268.4,90599.0,90016.1,90171.2,5291.867
1766408400000,90171.2,90286.8,89934.3,90086.3,2615.29
1766410200000,90086.4,90086.4,89685.0,89882.6,3447.007
1766412000000,89882.6,90147.0,89865.6,89924.3,2378.433
1766413800000,89924.3,90259.6,89381.3,90088.4,10425.105
1766415600000,90088.4,90451.9,89109.1,89564.0,9331.97
1766417400000,89564.0,89886.1,89151.9,89688.5,5741.598
1766419200000,89688.6,90088.0,89606.5,90034.9,3294.238
1766421000000,90034.9,90035.0,89472.6,89508.4,2922.419
1766422800000,89508.5,89545.2,89044.9,89302.9,4152.648
1766424600000,89302.9,89487.5,89161.1,89271.0,1958.237
1766426400000,89271.0,89488.8,89201.7,89434.1,1694.157
1766428200000,89434.1,89477.5,89102.0,89104.8,1159.886
1766430000000,89104.9,89109.7,88471.4,88492.2,5605.71
1766431800000,88492.2,88590.0,87906.7,88011.1,5363.438
1766433600000,88011.0,88239.4,87872.6,88035.2,4527.726
1766435400000,88035.2,88445.9,88007.1,88305.9,3604.028
1766437200000,88305.3,88466.0,88270.8,88399.2,1326.092
1766439000000,88399.1,88574.2,88186.6,88232.1,1600.82
1766440800000,88232.0,88397.1,88100.0,88395.2,1230.171
1766442600000,88395.2,88805.9,88261.3,88616.1,2643.156
1766444400000,88616.0,88679.0,88453.5,88614.2,2253.289
1766446200000,88614.1,88617.8,88388.0,88581.5,1247.419
1766448000000,88581.5,88676.6,88461.2,88591.2,1392.951
1766449800000,88591.1,88904.9,88536.6,88731.5,2208.473
1766451600000,88731.6,88855.4,88533.2,88548.8,1401.831
1766453400000,88548.8,88619.0,88379.0,88470.9,1275.712
1766455200000,88470.9,88722.0,88250.0,88671.8,2088.071
1766457000000,88671.7,88712.4,88070.0,88167.8,2516.207
1766458800000,88167.7,88244.6,87738.3,88185.9,4309.397
1766460600000,88185.9,88323.0,88113.8,88128.2,1332.596
1766462400000,88128.2,88342.0,88041.0,88218.4,1117.07
1766464200000,88218.4,88226.8,87889.6,87892.0,1494.475
1766466000000,87892.1,87988.0,87800.0,87971.2,1375.705
1766467800000,87971.2,87971.3,87547.7,87726.6,3579.388
1766469600000,87726.7,87745.0,86976.6,87169.8,8407.478
1766471400000,87169.9,87450.0,87057.6,87355.2,3005.454
1766473200000,87355.4,87567.3,87318.7,87555.1,2559.257
1766475000000,87555.1,87651.4,87461.5,87531.3,1641.605
1766476800000,87531.3,87662.6,87461.9,87582.1,1349.628
1766478600000,87582.0,87645.4,87389.0,87426.8,1553.244
1766480400000,87426.7,87595.5,87333.3,87398.0,1495.079
1766482200000,87398.0,87542.1,87256.3,87494.4,1131.371
1766484000000,87494.3,87614.6,87467.5,87582.3,795.31
1766485800000,87582.2,87630.0,87468.0,87570.3,1211.095
1766487600000,87570.3,87852.0,87520.1,87710.3,3390.906
1766489400000,87710.3,87830.1,87653.8,87813.9,1172.267
1766491200000,87813.8,87900.0,87564.0,87601.4,2487.038
1766493000000,87601.4,87914.0,87546.0,87737.3,1637.628
1766494800000,87737.3,87858.6,87610.0,87795.6,1517.99
1766496600000,87795.5,87858.3,87345.8,87567.7,3431.92
1766498400000,87567.7,87792.9,87523.4,87602.9,2422.474
1766500200000,87603.0,87716.4,86536.0,86837.3,13442.847
1766502000000,86837.2,87474.6,86670.2,87252.4,7045.087
1766503800000,87252.3,87523.2,87200.4,87405.3,2399.884
1766505600000,87405.2,88178.7,87286.0,87819.0,8710.791
1766507400000,87818.9,88116.0,87629.4,87959.8,3322.773
1766509200000,87959.8,88247.8,87695.3,87695.4,3513.239
1766511000000,87695.3,87848.0,87129.0,87138.1,4177.214
1766512800000,87138.1,87880.0,87121.4,87795.4,4910.083
1766514600000,87795.4,88150.0,87740.0,87950.0,4529.534
1766516400000,87950.1,88017.3,87613.3,87651.5,2174.509
1766518200000,87651.4,87885.1,87615.9,87724.2,1163.184
1766520000000,87724.2,87880.7,87491.4,87739.2,1271.766
1766521800000,87739.2,88349.2,87658.3,87674.3,3783.387
1766523600000,87674.4,87830.6,87503.6,87783.9,1714.822
1766525400000,87783.9,87788.2,87610.0,87692.7,965.704
1766527200000,87692.7,87751.7,87358.2,87443.9,1475.598
1766529000000,87443.9,87642.7,87213.0,87378.2,1905.547
1766530800000,87378.3,87400.5,87145.0,87379.3,2293.73
1766532600000,87379.3,87488.5,87351.7,87463.0,1556.629
1766534400000,87463.1,87634.2,87230.8,87319.0,2085.697
1766536200000,87319.0,87657.1,87237.8,87626.1,981.22
1766538000000,87626.1,87849.9,87573.2,87639.7,1334.751
1766539800000,87639.6,87735.0,87470.0,87603.1,1175.59
1766541600000,87603.1,87635.0,87300.1,87391.1,1316.555
1766543400000,87391.0,87452.9,86888.0,87100.1,4325.847
1766545200000,87100.1,87227.0,86817.9,87195.0,2664.506
1766547000000,87195.0,87359.4,87195.0,87311.4,1457.67
1766548800000,87311.4,87430.0,87254.3,87281.7,1502.47
1766550600000,87281.7,87308.8,87041.6,87110.6,1022.459
1766552400000,87110.5,87223.1,87015.5,87131.2,1002.026
1766554200000,87131.3,87137.6,86738.8,86920.1,3134.174
1766556000000,86920.1,86985.0,86753.0,86935.3,1345.104
1766557800000,86935.2,87030.0,86882.9,86980.1,1218.026
1766559600000,86980.0,87050.0,86934.6,86963.1,688.062
1766561400000,86963.2,87147.1,86862.0,86868.1,1390.077
1766563200000,86868.1,87040.2,86750.0,86895.1,1726.704
1766565000000,86895.2,86938.4,86712.0,86751.5,1152.101
1766566800000,86751.6,86848.5,86751.6,86799.9,784.244
1766568600000,86799.9,86865.2,86671.7,86763.6,1170.793
1766570400000,86763.6,87070.0,86759.5,86999.8,1907.649
1766572200000,86999.7,87160.0,86999.7,87042.8,1261.969
1766574000000,87042.8,87316.7,87042.8,87189.7,1832.104
1766575800000,87189.7,87273.8,87152.7,87162.6,701.685
1766577600000,87162.6,87366.0,87087.0,87282.3,1320.644
1766579400000,87282.3,87450.0,87266.6,87393.1,1194.489
1766581200000,87393.0,87410.4,87190.1,87228.7,965.048
1766583000000,87228.6,87284.5,87009.3,87250.5,1806.861
1766584800000,87250.5,87420.0,87160.0,87196.6,1170.343
1766586600000,87196.5,87254.8,86355.0,86950.0,10473.374
1766588400000,86950.0,87166.9,86526.2,86817.5,3667.199
1766590200000,86817.6,87194.8,86799.8,87012.0,2701.027
1766592000000,87012.0,87178.2,86878.3,86939.7,1738.182
1766593800000,86939.8,87660.0,86939.7,87250.6,4935.23
1766595600000,87250.6,87450.0,87243.1,87421.8,1195.696
1766597400000,87421.8,87545.6,87215.0,87284.5,1583.022
1766599200000,87284.6,87478.7,87195.6,87383.5,1553.205
1766601000000,87383.6,87470.0,87357.8,87435.0,532.67
1766602800000,87435.0,87475.1,87273.4,87457.6,1210.631
1766604600000,87455.7,87542.0,87416.2,87521.4,578.87
1766606400000,87521.4,87649.3,87504.0,87575.8,748.629
1766608200000,87575.8,87633.0,87484.6,87518.8,629.267
1766610000000,87518.7,87740.0,87518.7,87683.8,721.317
1766611800000,87683.8,87763.2,87607.0,87653.8,756.313
1766613600000,87653.9,87864.4,87653.8,87747.8,843.425
1766615400000,87747.7,88033.3,87708.1,87962.0,1428.388
1766617200000,87962.0,87985.0,87540.4,87559.3,1795.29
1766619000000,87559.4,87683.3,87559.3,87627.3,812.905
1766620800000,87627.4,87710.0,87520.3,87572.4,1140.164
1766622600000,87572.5,87671.7,87466.9,87529.9,855.678
1766624400000,87529.9,87714.1,87526.5,87675.1,607.475
1766626200000,87675.0,87710.6,87534.5,87668.0,584.071
1766628000000,87668.0,87723.7,87517.8,87696.1,563.893
1766629800000,87696.1,87933.5,87696.1,87847.8,885.186
1766631600000,87847.9,87890.0,87727.0,87799.9,587.005
1766633400000,87799.8,87832.6,87732.1,87811.6,410.052
1766635200000,87811.6,87811.6,87689.8,87715.2,776.146
1766637000000,87715.3,87800.0,87712.1,87740.6,333.253
1766638800000,87740.5,87740.5,87617.1,87673.6,789.025
1766640600000,87673.7,87749.4,87673.6,87706.0,338.311
1766642400000,87706.1,87732.8,87634.5,87712.3,371.836
1766644200000,87712.4,87811.6,87712.4,87799.5,476.249
1766646000000,87799.6,87810.5,87739.0,87763.8,312.406
1766647800000,87763.8,87830.0,87713.1,87795.9,477.161
1766649600000,87795.9,87858.8,87313.2,87405.0,2661.216
1766651400000,87405.0,87598.7,87380.0,87546.2,1157.495
1766653200000,87546.2,87565.8,87411.0,87449.9,661.919
1766655000000,87450.0,87508.4,87408.0,87482.1,565.964
1766656800000,87482.1,87494.7,87318.1,87387.3,848.735
1766658600000,87387.2,87393.8,87219.0,87386.0,1206.986
1766660400000,87386.1,87539.0,87376.0,87523.4,636.544
1766662200000,87523.4,87554.7,87443.5,87485.2,566.432
1766664000000,87485.2,87547.8,87439.0,87530.4,534.62
1766665800000,87530.4,87555.1,87453.1,87533.7,401.536
1766667600000,87533.8,87533.8,87360.7,87476.0,610.503
1766669400000,87475.9,87662.8,87430.0,87597.1,1260.365
1766671200000,87597.1,87689.3,87509.0,87534.1,933.256
1766673000000,87534.2,87730.9,87526.7,87675.1,698.189
1766674800000,87675.0,88226.0,87664.1,88035.6,3326.976
1766676600000,88035.7,88594.0,87900.8,88338.9,7594.922
1766678400000,88339.0,88451.6,88112.5,88377.0,2379.46
1766680200000,88377.0,88434.0,87948.9,88042.0,2602.849
1766682000000,88042.1,88167.9,87947.8,88013.8,1274.532
1766683800000,88013.8,88173.1,87980.7,88096.2,740.961
1766685600000,88096.1,88281.6,88096.1,88197.4,955.508
1766687400000,88197.3,88280.7,88105.5,88198.5,457.953
1766689200000,88198.5,88214.3,88032.3,88074.5,702.058
1766691000000,88074.5,88128.9,88029.9,88112.3,356.835
1766692800000,88112.3,88139.2,87599.5,87729.3,2132.635
1766694600000,87729.4,87865.0,87655.0,87844.7,966.399
1766696400000,87844.8,87945.5,87776.5,87919.4,902.231
1766698200000,87919.4,87940.0,87827.4,87862.0,320.18
1766700000000,87862.0,87882.1,87735.6,87800.0,564.994
1766701800000,87800.1,87868.7,87251.2,87607.9,2943.871
1766703600000,87607.9,87734.5,87423.2,87439.2,1762.695
1766705400000,87439.2,87439.2,86902.1,87182.8,5559.522
1766707200000,87182.8,87289.8,86907.7,87043.0,2809.582
1766709000000,87043.1,87177.7,86824.8,87084.5,2294.795
1766710800000,87084.4,87349.2,87084.4,87302.9,1848.277
1766712600000,87302.9,87477.0,87262.6,87386.6,1109.528
1766714400000,87386.7,89296.1,87376.5,89000.0,15078.768
1766716200000,89000.0,89432.0,88994.1,89151.8,7577.382
1766718000000,89151.8,89246.6,88700.0,88800.0,4743.756
1766719800000,88799.9,88850.0,88670.0,88796.2,2653.049
1766721600000,88796.2,88796.2,88469.8,88669.3,2780.348
1766723400000,88669.3,89100.0,88669.2,88926.0,2759.27
1766725200000,88926.0,88973.0,88793.8,88872.8,1297.715
1766727000000,88872.8,89007.0,88780.0,88954.7,1006.197
1766728800000,88954.7,89111.0,88954.6,89034.1,1905.359
1766730600000,89034.1,89200.0,89008.5,89085.0,1307.473
1766732400000,89085.0,89557.6,89085.0,89369.9,3812.291
1766734200000,89370.0,89377.1,88300.5,88433.0,7068.684
1766736000000,88433.0,88865.7,88380.0,88695.0,4597.374
1766737800000,88695.0,88727.3,88524.3,88707.4,1260.331
1766739600000,88707.4,88833.3,88607.0,88713.3,1010.211
1766741400000,88713.3,88888.0,88685.1,88783.2,1159.527
1766743200000,88782.9,88855.2,88652.5,88793.4,1098.448
1766745000000,88793.4,88832.2,88642.9,88717.5,664.449
1766746800000,88717.4,88722.7,88571.9,88571.9,767.467
1766748600000,88571.9,88632.7,88500.0,88507.5,861.297
1766750400000,88507.6,88691.7,88507.5,88669.0,973.009
1766752200000,88669.0,88736.0,88620.0,88649.6,846.902
1766754000000,88649.7,88814.7,88580.9,88740.1,1222.473
1766755800000,88740.1,89037.0,88727.0,88959.1,3046.812
1766757600000,88959.2,89017.2,88870.5,88940.3,1296.439
1766759400000,88940.2,89014.8,87302.5,87344.4,20368.209
1766761200000,87344.4,87347.0,86619.9,86976.6,17954.962
1766763000000,86976.5,87187.7,86866.6,87100.0,5728.696
1766764800000,87100.0,87285.8,86980.0,87217.3,4238.026
1766766600000,87217.2,87349.1,86800.7,86821.7,3477.015
1766768400000,86821.7,87284.7,86760.4,87257.5,2969.173
1766770200000,87257.4,87437.2,87165.6,87288.6,3639.502
1766772000000,87288.5,87346.1,87175.3,87175.3,1101.998
1766773800000,87175.3,87308.2,87090.0,87232.5,1426.186
1766775600000,87232.5,87364.6,87200.0,87318.0,818.774
1766777400000,87318.0,87555.0,87311.0,87453.7,1517.033
1766779200000,87453.7,87598.9,87346.5,87560.1,1215.25
1766781000000,87560.1,87750.0,87521.7,87547.7,2133.879
1766782800000,87547.7,87657.9,87493.0,87535.9,841.631
1766784600000,87535.9,87535.9,87402.6,87429.3,681.203
1766786400000,87429.2,87551.9,87350.0,87385.5,667.559
1766788200000,87385.6,87505.5,87266.6,87505.4,951.593
1766790000000,87505.4,87508.2,87404.9,87407.9,483.156
1766791800000,87407.8,87435.3,87286.9,87318.2,900.679
1766793600000,87318.3,87366.6,87203.0,87273.9,926.065
1766795400000,87274.0,87377.5,87271.5,87360.0,466.261
1766797200000,87359.9,87365.7,87285.6,87343.0,380.944
1766799000000,87342.9,87452.7,87342.9,87431.6,492.225
1766800800000,87431.6,87459.2,87341.1,87404.3,843.495
1766802600000,87404.2,87425.8,87372.5,87410.7,309.653
1766804400000,87410.6,87445.9,87338.7,87385.5,621.373
1766806200000,87385.5,87493.4,87385.5,87473.4,524.42
1766808000000,87473.4,87482.0,87415.2,87426.2,267.445
1766809800000,87426.1,87460.1,87413.1,87428.0,244.444
1766811600000,87427.9,87443.3,87400.0,87414.6,287.736
1766813400000,87414.5,87474.0,87414.5,87466.2,281.866
1766815200000,87466.1,87526.5,87400.0,87427.6,557.883
1766817000000,87427.5,87431.8,87374.5,87426.8,351.595
1766818800000,87426.8,87669.7,87426.8,87552.1,933.565
1766820600000,87552.1,87552.2,87471.6,87490.9,600.941
1766822400000,87490.9,87634.9,87490.9,87563.7,719.305
1766824200000,87563.8,87600.0,87539.9,87545.6,378.114
1766826000000,87545.7,87622.7,87500.0,87523.4,680.916
1766827800000,87523.4,87608.5,87523.4,87575.4,432.037
1766829600000,87575.4,87585.0,87500.0,87500.1,579.884
1766831400000,87500.1,87511.5,87324.6,87460.6,1457.221
1766833200000,87460.5,87513.1,87404.2,87453.0,536.535
1766835000000,87452.9,87509.0,87400.0,87433.6,382.2
1766836800000,87433.6,87461.9,87377.9,87453.2,562.51
1766838600000,87453.2,87489.9,87411.2,87431.9,247.406
1766840400000,87432.0,87440.0,87349.6,87358.6,687.414
1766842200000,87358.6,87444.4,87264.8,87410.7,772.408
1766844000000,87410.6,87425.7,87354.4,87387.3,524.131
1766845800000,87387.2,87517.8,87382.8,87500.7,720.673
1766847600000,87500.7,87514.9,87420.5,87492.9,503.887
1766849400000,87492.9,87555.0,87492.9,87516.2,496.619
1766851200000,87516.3,87545.6,87397.5,87428.5,515.177
1766853000000,87428.5,87533.5,87428.5,87454.1,420.786
1766854800000,87454.2,87496.1,87420.0,87492.7,289.432
1766856600000,87492.6,87523.6,87470.3,87514.0,196.739
1766858400000,87514.0,87534.6,87460.6,87482.1,239.864
1766860200000,87482.0,87494.0,87414.5,87452.8,293.809
1766862000000,87452.8,87538.6,87452.8,87507.4,316.21
1766863800000,87507.4,87534.0,87498.6,87522.4,170.741
1766865600000,87522.3,87592.4,87491.6,87504.2,334.141
1766867400000,87504.2,87515.8,87479.9,87514.9,144.19
1766869200000,87514.9,87594.4,87512.7,87593.2,391.287
1766871000000,87593.1,87633.0,87585.8,87623.5,353.366
1766872800000,87623.5,87937.0,87585.2,87644.1,2641.263
1766874600000,87644.1,87649.2,87455.5,87526.3,969.394
1766876400000,87526.4,87678.1,87518.3,87604.4,654.869
1766878200000,87604.4,87956.9,87604.4,87829.4,1591.67
1766880000000,87829.5,87921.7,87674.4,87702.7,1515.626
1766881800000,87702.7,87905.0,87675.9,87811.7,902.289
1766883600000,87811.8,87909.9,87700.0,87775.6,614.075
1766885400000,87775.6,87831.8,87721.0,87749.3,552.033
1766887200000,87749.2,87781.7,87712.8,87774.7,309.571
1766889000000,87774.6,87847.3,87767.2,87768.7,259.146
1766890800000,87768.6,87808.2,87700.0,87708.7,365.6
1766892600000,87708.7,87745.8,87693.0,87693.0,299.933
1766894400000,87693.1,87802.5,87651.0,87765.7,726.337
1766896200000,87765.7,87765.7,87655.0,87683.9,291.605
1766898000000,87683.8,87683.9,87566.0,87580.8,611.063
1766899800000,87580.9,87677.3,87571.6,87620.0,344.699
1766901600000,87619.9,87704.6,87606.0,87696.9,466.278
1766903400000,87696.8,87753.7,87689.9,87696.0,397.099
1766905200000,87695.9,87699.9,87636.0,87652.7,425.17
1766907000000,87652.8,87697.7,87632.9,87697.7,333.691
1766908800000,87697.7,87782.8,87697.7,87746.9,454.154
1766910600000,87746.8,87948.0,87724.2,87771.0,1116.746
1766912400000,87771.1,87868.0,87765.9,87850.7,411.914
1766914200000,87850.7,87850.7,87676.4,87768.2,860.472
1766916000000,87768.2,87936.1,87768.1,87921.7,1246.111
1766917800000,87921.6,87980.9,87800.9,87828.7,796.68
1766919600000,87828.7,87896.7,87828.6,87856.4,465.389
1766921400000,87856.5,87856.5,87774.4,87850.8,531.345
1766923200000,87850.9,87864.2,87782.1,87817.0,463.461
1766925000000,87816.9,87859.9,87762.2,87820.4,642.898
1766926800000,87820.5,87931.8,87774.6,87814.5,823.039
1766928600000,87814.5,87930.0,87814.5,87862.5,761.264
1766930400000,87862.6,87958.0,87862.6,87946.4,733.118
1766932200000,87946.5,88078.3,87871.5,87873.3,1362.498
1766934000000,87873.3,87967.3,87818.7,87919.1,899.291
1766935800000,87919.2,87920.6,87780.0,87797.7,683.643
1766937600000,87797.6,87876.9,87702.7,87748.4,1177.155
1766939400000,87748.3,87806.6,87748.3,87780.0,415.517
1766941200000,87780.0,87902.7,87780.0,87855.8,511.08
1766943000000,87855.9,87855.9,87723.4,87730.1,410.512
1766944800000,87730.1,87750.7,87448.4,87690.9,3932.718
1766946600000,87690.8,87731.8,87501.3,87570.1,908.65
1766948400000,87570.0,87672.1,87477.8,87485.4,1170.941
1766950200000,87485.3,87608.8,87482.6,87488.6,704.129
1766952000000,87488.7,87563.5,87411.0,87545.8,920.286
1766953800000,87545.8,87630.9,87478.2,87478.2,534.576
1766955600000,87478.2,87557.6,87402.6,87507.9,768.391
1766957400000,87507.9,87569.2,87494.9,87556.1,260.306
1766959200000,87556.1,87599.6,87440.8,87594.2,422.772
1766961000000,87594.2,87968.4,87557.0,87868.7,1429.943
1766962800000,87868.7,88023.4,87655.5,87678.6,1896.392
1766964600000,87678.6,87939.8,87603.3,87920.5,1230.358
1766966400000,87920.4,88020.0,87778.5,87983.1,1570.583
1766968200000,87983.1,88414.0,87966.4,88262.2,6283.1
1766970000000,88262.2,88288.0,87828.8,87966.0,2175.43
1766971800000,87966.0,88470.5,87913.0,88419.3,4000.79
1766973600000,88419.3,89368.6,88419.2,89122.5,14881.483
1766975400000,89122.6,89285.3,88966.8,89129.1,3025.309
1766977200000,89129.1,89485.0,89049.2,89443.4,4248.284
1766979000000,89443.4,90156.5,89443.4,90091.6,9028.51
1766980800000,90091.5,90180.0,89899.9,90052.1,5796.756
1766982600000,90052.1,90373.4,90013.3,90100.1,3756.77
1766984400000,90100.1,90259.1,90046.8,90046.8,3071.859
1766986200000,90046.8,90160.2,89869.1,89950.8,3143.118
1766988000000,89950.8,90097.6,89848.0,89929.0,1923.944
1766989800000,89929.0,89961.1,89715.8,89740.7,2247.412
1766991600000,89740.7,89819.4,89448.1,89493.6,3590.686
1766993400000,89493.5,89653.3,89468.9,89583.0,1933.642
1766995200000,89583.0,89791.5,89435.6,89740.0,2848.603
1766997000000,89740.0,89777.8,89423.0,89519.0,2426.911
1766998800000,89519.0,89581.0,89255.4,89283.7,2129.131
1767000600000,89283.6,89296.6,87715.6,88068.2,22359.361
1767002400000,88068.2,88241.1,87877.2,87984.0,6312.537
1767004200000,87984.1,87984.1,87599.3,87747.1,3520.945
1767006000000,87747.2,87756.6,87558.1,87701.4,3076.018
1767007800000,87701.4,87717.3,87520.1,87529.0,2626.85
1767009600000,87529.1,87605.5,86760.0,87235.9,14972.81
1767011400000,87236.0,87404.8,87150.0,87344.0,4080.177
1767013200000,87343.9,87499.9,87204.8,87259.4,3710.453
1767015000000,87259.5,87361.0,87124.9,87354.3,2893.169
1767016800000,87354.3,87592.0,87216.1,87575.0,3597.086
1767018600000,87575.0,88150.0,87262.2,87399.9,11869.118
1767020400000,87400.0,87878.9,87170.5,87693.2,6197.961
1767022200000,87693.3,87849.9,87536.2,87636.6,2398.857
1767024000000,87636.4,87800.0,87400.0,87500.6,2566.136
1767025800000,87500.5,87731.5,87489.0,87587.0,1538.177
1767027600000,87587.0,87714.2,87300.0,87400.1,1834.869
1767029400000,87400.1,87819.9,87383.9,87814.1,1920.901
1767031200000,87814.1,87968.1,87646.0,87677.7,2559.903
1767033000000,87677.6,87745.1,87324.7,87426.9,1964.367
1767034800000,87426.8,87631.9,87259.6,87474.9,1941.034
1767036600000,87474.9,87554.3,87300.0,87328.9,914.542
1767038400000,87328.9,87569.2,87257.9,87307.9,1786.942
1767040200000,87307.9,87371.5,87052.2,87182.9,2970.712
1767042000000,87183.0,87354.0,87150.2,87265.7,868.683
1767043800000,87265.7,87333.4,87228.1,87311.2,367.773
1767045600000,87311.2,87311.2,87043.4,87194.2,994.719
1767047400000,87194.2,87380.4,87174.0,87317.0,735.757
1767049200000,87317.1,87374.3,87168.4,87179.0,749.81
1767051000000,87179.0,87232.6,87144.0,87203.3,592.221
1767052800000,87203.2,87329.7,87168.1,87263.5,932.282
1767054600000,87263.4,87263.5,87075.0,87223.2,998.709
1767056400000,87223.2,87270.2,87114.8,87167.5,625.745
1767058200000,87167.6,87326.8,87074.5,87283.0,996.101
1767060000000,87283.0,87314.6,87057.0,87214.1,1423.924
1767061800000,87214.1,87237.5,86934.5,87072.8,3052.072
1767063600000,87072.8,87274.7,86789.0,87237.1,3715.003
1767065400000,87237.1,87393.1,87160.3,87334.7,1695.147
1767067200000,87334.7,87454.4,87250.0,87408.5,1373.918
1767069000000,87408.5,87424.6,87256.6,87262.0,935.785
1767070800000,87262.1,87323.1,87183.7,87230.2,717.228
1767072600000,87230.1,87230.2,87105.6,87216.2,688.01
1767074400000,87216.1,87390.0,87198.4,87353.3,712.627
1767076200000,87353.3,87487.7,87337.9,87404.3,1489.469
1767078000000,87404.3,87581.4,87322.6,87377.9,1380.643
1767079800000,87378.0,87489.5,87356.7,87457.5,873.409
1767081600000,87457.5,88190.6,87455.5,87788.5,9400.62
1767083400000,87788.5,87950.0,87732.1,87827.1,2232.955
1767085200000,87827.0,87888.0,87609.0,87659.1,2126.789
1767087000000,87659.1,88000.0,87648.6,87954.7,1783.815
1767088800000,87954.7,88124.7,87912.8,87982.3,2535.766
1767090600000,87982.3,88150.1,87863.6,87914.3,2296.669
1767092400000,87914.3,87997.0,87862.7,87898.2,1067.574
1767094200000,87898.3,87980.0,87722.5,87875.2,1883.114
1767096000000,87875.3,88055.6,87870.0,87962.4,1679.374
1767097800000,87962.5,88029.7,87904.9,87993.4,837.978
1767099600000,87993.3,88094.1,87874.8,88055.0,1648.694
1767101400000,88055.1,88111.7,87884.0,88069.8,1463.755
1767103200000,88069.9,88383.3,87788.2,88106.1,4390.33
1767105000000,88106.0,88976.3,87840.0,88831.4,12059.82
1767106800000,88831.5,89032.1,88150.0,88433.0,9869.581
1767108600000,88433.0,89126.0,88390.0,88966.8,6952.391
1767110400000,88966.8,89355.0,88737.9,89167.1,8844.893
1767112200000,89167.0,89220.0,88517.6,88698.9,6362.302
1767114000000,88698.8,88858.9,88442.2,88584.4,3219.664
1767115800000,88584.4,88645.9,88070.5,88330.2,6077.007
1767117600000,88330.2,88405.8,88237.7,88335.8,1512.143
1767119400000,88335.8,88456.5,88088.0,88259.6,1641.151
1767121200000,88259.7,88339.6,87910.4,88307.3,3479.437
1767123000000,88307.3,88395.9,88100.0,88189.7,1374.734
1767124800000,88189.8,88189.8,87995.5,88025.8,1466.005
1767126600000,88025.7,88144.6,87833.2,87900.3,2116.463
1767128400000,87900.2,88156.2,87846.2,88116.1,1478.646
1767130200000,88116.1,88298.1,88116.1,88245.5,889.238
1767132000000,88245.5,88434.8,88245.5,88385.5,1078.332
1767133800000,88385.5,88420.5,88240.1,88387.7,819.723
1767135600000,88387.8,88533.0,88320.0,88525.8,1748.429
1767137400000,88525.9,88531.5,88425.1,88455.3,797.796
1767139200000,88455.2,88455.3,88262.5,88349.6,1495.664
1767141000000,88349.7,88361.4,88209.9,88226.3,886.713
1767142800000,88226.2,88660.0,88134.9,88542.8,2673.303
1767144600000,88542.8,88758.2,88542.8,88604.7,1707.357
1767146400000,88604.7,88700.0,88477.9,88627.7,1031.413
1767148200000,88627.7,88715.5,88475.2,88639.3,1008.705
1767150000000,88639.4,88780.0,88477.2,88503.5,1644.758
1767151800000,88503.5,88514.9,88335.0,88411.5,1231.315
1767153600000,88411.6,88509.9,88335.9,88394.8,1146.443
1767155400000,88394.7,88430.9,88280.1,88287.3,884.323
1767157200000,88287.2,88428.0,88287.2,88424.9,713.554
1767159000000,88424.8,88488.0,88400.0,88415.6,723.227
1767160800000,88415.7,88520.0,88415.7,88489.6,679.362
1767162600000,88489.7,88521.8,88438.9,88470.9,518.252
1767164400000,88471.0,88545.7,88385.0,88494.7,773.2
1767166200000,88494.7,88596.0,88476.2,88569.0,846.121
1767168000000,88568.9,88690.0,88568.9,88607.7,1349.085
1767169800000,88607.8,88607.8,88339.9,88391.2,1387.694
1767171600000,88391.3,88569.5,88389.0,88558.0,838.516
1767173400000,88558.0,88679.3,88539.3,88619.5,1114.949
1767175200000,88619.5,88850.0,88619.5,88719.9,2543.214
1767177000000,88719.9,88810.8,88615.1,88804.6,992.35
1767178800000,88804.6,88916.5,88759.4,88896.2,1774.568
1767180600000,88896.2,89000.0,88828.7,88967.6,2439.784
1767182400000,88967.6,88997.6,88857.8,88897.6,1789.516
1767184200000,88897.6,88942.1,88702.5,88737.0,2019.203
1767186000000,88737.0,88862.6,88700.0,88805.7,1312.83
1767187800000,88805.8,89025.1,88705.3,88954.4,2014.914
1767189600000,88954.3,89192.8,88878.4,88911.1,3174.1
1767191400000,88911.1,88911.1,88233.5,88443.4,7922.244
1767193200000,88443.4,88450.0,87880.0,87951.9,8097.331
1767195000000,87951.9,88125.3,87729.2,87909.0,5206.702
1767196800000,87909.0,88024.3,87642.4,87888.2,5363.992
1767198600000,87888.2,87911.1,87350.5,87625.9,6713.895
1767200400000,87625.9,87716.0,87454.0,87588.4,2713.204
1767202200000,87588.4,87654.4,87509.0,87587.2,1542.41
1767204000000,87587.2,87952.0,87535.0,87912.6,3563.022
1767205800000,87912.6,87923.5,87651.4,87655.8,1545.133
1767207600000,87655.9,87846.0,87640.6,87706.6,1086.6
1767209400000,87706.6,87713.1,87454.0,87515.0,1525.719
1767211200000,87515.0,87538.2,87391.1,87465.1,2181.526
1767213000000,87465.1,87683.6,87189.2,87629.0,4047.243
1767214800000,87629.0,87762.8,87629.0,87724.4,1298.058
1767216600000,87724.3,87841.9,87724.3,87764.0,826.081
1767218400000,87764.0,87849.7,87729.8,87825.4,698.228
1767220200000,87825.4,87825.4,87613.4,87695.7,766.871
1767222000000,87695.8,87702.1,87583.6,87640.9,515.815
1767223800000,87640.9,87670.1,87600.0,87608.2,439.85
1767225600000,87608.3,87791.9,87600.0,87746.4,989.515
1767227400000,87746.3,87819.0,87701.7,87773.4,581.525
1767229200000,87773.4,88021.4,87773.3,87837.5,1685.839
1767231000000,87837.4,87980.0,87797.9,87916.5,755.297
1767232800000,87916.6,88065.0,87869.3,87925.6,894.265
1767234600000,87925.6,88029.2,87866.0,87884.6,1001.557
1767236400000,87884.6,87995.0,87854.8,87900.0,731.026
1767238200000,87900.1,87925.0,87801.9,87824.6,463.526
1767240000000,87824.6,87831.6,87508.4,87605.6,1820.039
1767241800000,87605.6,87647.3,87528.0,87567.0,953.269
1767243600000,87566.9,87709.1,87566.9,87680.0,555.286
1767245400000,87680.0,87720.6,87620.0,87674.7,447.876
1767247200000,87674.7,87674.7,87602.8,87632.6,456.777
1767249000000,87632.6,87646.8,87621.5,87621.5,322.187
1767250800000,87621.6,87640.1,87558.5,87572.6,587.915
1767252600000,87572.7,87640.1,87572.7,87603.7,541.956
1767254400000,87603.7,87799.5,87590.0,87710.0,1484.346
1767256200000,87709.9,87755.3,87666.3,87741.5,670.942
1767258000000,87741.5,87941.2,87716.8,87799.3,1119.762
1767259800000,87799.3,87848.1,87799.3,87846.7,399.785
1767261600000,87846.8,87853.5,87753.0,87824.4,504.52
1767263400000,87824.4,87853.9,87796.9,87833.9,320.142
1767265200000,87833.8,87949.0,87820.0,87890.1,758.017
1767267000000,87890.1,87985.6,87839.6,87980.1,789.154
1767268800000,87980.1,88000.0,87903.7,87962.3,1093.757
1767270600000,87962.4,87962.4,87883.3,87898.7,617.549
1767272400000,87898.6,87981.6,87843.0,87938.1,577.184
1767274200000,87938.1,87950.0,87809.4,87871.7,1102.453
1767276000000,87871.8,87924.0,87777.7,87822.3,1517.36
1767277800000,87822.4,87930.0,87758.4,87917.6,788.284
1767279600000,87917.6,88042.0,87871.8,87965.9,1016.888
1767281400000,87965.9,88079.3,87888.4,87986.8,1416.61
1767283200000,87986.8,88006.8,87833.1,87913.6,994.794
1767285000000,87913.7,87956.2,87895.2,87955.0,462.96
1767286800000,87955.1,88240.0,87933.4,88217.4,1693.667
1767288600000,88217.5,88475.8,88217.5,88281.3,3709.682
1767290400000,88281.4,88332.8,88066.6,88066.7,2219.152
1767292200000,88066.6,88186.7,88066.6,88165.3,521.914
1767294000000,88165.2,88165.3,88034.7,88130.3,549.167
1767295800000,88130.4,88403.8,88127.7,88354.8,1162.697
1767297600000,88354.8,88354.8,88260.4,88326.8,650.006
1767299400000,88326.8,88335.6,88193.2,88220.4,635.857
1767301200000,88220.5,88400.0,88211.8,88341.5,438.717
1767303000000,88341.5,88378.8,88263.3,88346.9,493.546
1767304800000,88347.0,88597.7,88347.0,88489.4,1376.542
1767306600000,88489.4,88665.4,88377.3,88603.5,1283.614
1767308400000,88603.5,88756.0,88431.1,88687.2,2599.322
1767310200000,88687.2,88881.4,88687.2,88800.0,2185.058
1767312000000,88800.0,88841.0,88545.2,88665.3,2652.964
1767313800000,88665.4,88850.0,88600.0,88794.2,2732.952
1767315600000,88794.2,88838.0,88637.5,88641.8,1318.159
1767317400000,88641.9,88666.1,88474.2,88599.9,1669.319
1767319200000,88600.0,88629.4,88324.4,88389.3,1922.18
1767321000000,88389.2,88608.2,88380.0,88600.0,923.45
1767322800000,88599.9,88948.2,88525.0,88843.3,3134.296
1767324600000,88843.2,89088.0,88805.4,88899.3,5455.877
1767326400000,88899.3,88950.0,88638.1,88694.4,2150.476
1767328200000,88694.5,88797.9,88575.5,88595.1,1500.104
1767330000000,88595.0,88720.0,88540.0,88542.9,1091.3
1767331800000,88542.9,88749.6,88533.6,88720.7,1086.802
1767333600000,88720.8,88888.0,88683.7,88881.2,1148.845
1767335400000,88881.2,89055.0,88866.9,88899.9,2300.663
1767337200000,88900.0,89024.4,88806.0,88857.3,1641.507
1767339000000,88857.4,88883.4,88800.0,88829.3,1321.604
1767340800000,88829.3,89069.5,88780.0,89021.6,1692.307
1767342600000,89021.6,89160.0,88980.2,89138.2,1710.616
1767344400000,89138.1,89295.5,89070.5,89130.2,3160.828
1767346200000,89130.3,89468.0,89087.2,89429.9,4310.598
1767348000000,89430.0,89900.0,89399.4,89558.5,9346.003
1767349800000,89558.5,89713.3,89557.6,89618.5,2937.202
1767351600000,89618.5,89636.6,89306.2,89329.6,3027.345
1767353400000,89329.6,89530.0,89329.5,89458.3,1702.45
1767355200000,89458.3,89550.0,89338.9,89415.2,1785.806
1767357000000,89415.3,89522.2,89360.0,89360.1,1500.865
1767358800000,89360.0,89679.0,89338.0,89511.3,3087.179
1767360600000,89511.6,89539.6,89262.3,89311.6,2442.603
1767362400000,89311.6,89355.0,88680.0,88862.4,7739.224
1767364200000,88862.4,90126.5,88401.2,89536.4,18105.883
1767366000000,89536.5,89829.1,88756.5,89099.7,9182.051
1767367800000,89099.6,89850.0,89028.8,89373.1,6803.531
1767369600000,89373.0,90172.5,89145.2,90005.5,10023.744
1767371400000,90005.6,90881.3,89849.1,90334.0,15595.059
1767373200000,90333.9,90945.1,90322.3,90551.7,8536.058
1767375000000,90551.6,90638.1,90131.1,90319.9,3391.967
1767376800000,90320.0,90512.6,90177.3,90252.9,2646.327
1767378600000,90252.9,90276.4,89510.9,89735.3,7632.562
1767380400000,89735.3,90120.9,89609.1,89913.8,3843.822
1767382200000,89913.8,90080.5,89825.0,89865.0,1962.156
1767384000000,89865.0,90040.9,89743.8,89850.1,1701.748
1767385800000,89850.0,89918.0,89588.0,89700.1,2022.338
1767387600000,89700.2,89990.0,89686.7,89946.7,934.071
1767389400000,89946.7,90145.5,89828.8,90015.4,1806.15
1767391200000,90015.4,90304.0,89975.0,90077.8,1545.393
1767393000000,90077.8,90368.7,90005.1,90154.9,1556.102
1767394800000,90155.0,90158.4,89877.8,89896.5,1259.049
1767396600000,89896.5,89993.8,89850.0,89951.4,1620.913
1767398400000,89951.5,90093.9,89914.5,90037.1,1141.701
1767400200000,90037.1,90149.8,89977.2,90114.0,842.466
1767402000000,90113.9,90197.4,90022.8,90032.3,828.834
1767403800000,90032.4,90254.9,90032.3,90232.9,698.744
1767405600000,90232.8,90232.9,90085.3,90221.4,736.882
1767407400000,90221.4,90365.9,90190.8,90291.2,838.172
1767409200000,90291.1,90320.0,90150.0,90175.2,758.845
1767411000000,90175.2,90347.2,90150.0,90279.9,638.541
1767412800000,90280.0,90456.0,90200.0,90201.5,1218.534
1767414600000,90201.5,90236.7,89989.9,90121.8,2322.48
1767416400000,90121.8,90158.0,89962.9,89975.7,1158.828
1767418200000,89975.6,90016.2,89866.0,89989.9,1136.099
1767420000000,89989.9,90091.2,89919.5,89937.9,744.386
1767421800000,89937.8,90000.0,89802.8,89827.3,1016.06
1767423600000,89827.4,89913.4,89366.0,89375.6,3871.094
1767425400000,89375.6,89555.0,89261.2,89535.9,2890.669
1767427200000,89535.9,89797.0,89380.2,89694.4,2273.358
1767429000000,89694.5,89796.0,89609.9,89625.3,1836.83
1767430800000,89625.2,89815.5,89582.3,89762.0,937.46
1767432600000,89762.1,89943.9,89735.6,89756.1,1969.912
1767434400000,89756.1,89766.6,89664.4,89748.2,924.12
1767436200000,89748.2,89833.0,89703.9,89712.8,567.564
1767438000000,89712.8,89731.4,89627.0,89676.4,518.22
1767439800000,89676.4,89754.9,89644.5,89706.4,641.253
1767441600000,89706.4,89763.8,89620.0,89754.2,538.854
1767443400000,89754.2,90022.6,89705.0,90001.8,2829.551
1767445200000,90001.9,90026.0,89881.8,89929.2,1010.103
1767447000000,89929.1,90020.0,89902.4,89972.3,731.545
1767448800000,89972.2,90200.0,89915.7,90148.5,1512.42
1767450600000,90148.4,90200.0,90000.7,90091.3,1703.736
1767452400000,90091.3,90091.4,89929.9,90031.5,1183.714
1767454200000,90031.4,90087.2,89919.6,89931.8,569.031
1767456000000,89931.7,90056.8,89866.5,90020.2,1030.453
1767457800000,90020.3,90189.0,90020.2,90065.0,1144.7
1767459600000,90064.9,90089.5,89981.6,90024.5,662.256
1767461400000,90024.5,90084.3,90020.1,90054.5,349.037
1767463200000,90054.4,90156.0,89991.2,90135.4,637.596
1767465000000,90135.5,90156.0,90074.9,90105.4,353.417
1767466800000,90105.3,90119.8,90021.0,90119.7,370.034
1767468600000,90119.7,90119.7,90073.4,90091.8,264.077
1767470400000,90091.8,90095.9,89972.9,90089.4,702.048
1767472200000,90089.4,90340.0,90089.3,90333.0,2156.814
1767474000000,90333.1,90450.0,90305.6,90436.1,1565.726
1767475800000,90436.1,90716.3,90428.4,90530.3,2455.004
1767477600000,90530.3,90716.9,90456.2,90582.4,1162.617
1767479400000,90582.7,90683.3,90455.8,90557.4,949.586
1767481200000,90557.4,90650.0,90426.7,90598.7,1729.528
1767483000000,90598.7,90665.0,90570.2,90595.8,768.37
1767484800000,90595.8,91597.6,90595.7,91060.0,10371.944
1767486600000,91060.0,91443.1,91018.3,91301.4,2233.235
1767488400000,91301.4,91452.1,91060.6,91088.5,2336.035
1767490200000,91088.6,91227.9,90966.5,91190.0,1620.935
1767492000000,91190.0,91265.3,91062.1,91173.5,923.812
1767493800000,91173.4,91239.4,91034.1,91099.2,986.068
1767495600000,91099.2,91322.0,91092.5,91129.4,1446.606
1767497400000,91129.4,91303.0,91034.6,91192.7,1117.839
1767499200000,91192.7,91463.1,91142.3,91331.1,1678.778
1767501000000,91331.2,91558.0,91322.3,91355.0,1556.787
1767502800000,91354.9,91437.9,91300.2,91412.1,729.889
1767504600000,91412.1,91450.0,91305.2,91437.0,618.113
1767506400000,91437.1,91779.7,91404.1,91500.0,3591.01
1767508200000,91500.1,91570.0,91177.8,91187.1,2801.955
1767510000000,91187.1,91346.2,91169.1,91264.0,1188.055
1767511800000,91264.0,91500.0,91264.0,91477.5,1379.987
1767513600000,91477.5,91498.2,91111.9,91197.0,2529.648
1767515400000,91197.1,91397.6,91193.2,91325.7,1204.886
1767517200000,91325.7,91400.0,91202.5,91274.3,1116.831
1767519000000,91274.3,91436.7,91274.2,91413.7,989.881
1767520800000,91413.8,91561.0,91367.8,91440.5,1584.105
1767522600000,91440.5,91581.7,91420.0,91553.4,1331.119
1767524400000,91553.4,91553.4,91290.6,91331.3,1664.577
1767526200000,91331.4,91413.0,91181.2,91262.7,1533.377
1767528000000,91262.8,91300.0,91156.3,91294.5,1617.188
1767529800000,91294.5,91321.6,91033.0,91096.4,2105.264
1767531600000,91096.4,91181.1,90968.0,91154.1,1505.968
1767533400000,91154.1,91236.4,91116.2,91227.4,775.07
1767535200000,91227.5,91377.2,91163.0,91197.3,1236.551
1767537000000,91197.3,91318.5,91101.0,91305.0,1150.406
1767538800000,91304.9,91350.0,91175.0,91204.9,794.534
1767540600000,91205.0,91300.0,91050.0,91292.8,1132.616
1767542400000,91292.8,91429.4,91210.0,91306.2,1391.42
1767544200000,91306.3,91408.9,91253.1,91282.3,688.334
1767546000000,91282.3,91398.7,91262.7,91324.4,705.944
1767547800000,91324.3,91403.9,91293.4,91293.5,513.156
1767549600000,91293.4,91293.5,91093.1,91134.9,989.537
1767551400000,91134.8,91201.4,90934.4,91168.0,1935.469
1767553200000,91168.0,91179.9,90790.1,91083.5,2579.907
1767555000000,91083.4,91150.0,91005.6,91102.9,581.564
1767556800000,91102.9,91309.1,91085.1,91296.2,874.888
1767558600000,91296.3,91308.0,91215.1,91275.9,551.35
1767560400000,91275.9,91385.6,91222.3,91270.2,676.808
1767562200000,91270.2,91312.4,91142.0,91247.0,533.284
1767564000000,91247.1,91372.6,91106.7,91255.7,698.624
1767565800000,91255.7,91266.7,91142.2,91180.9,595.621
1767567600000,91181.0,91513.0,91181.0,91340.1,2240.624
1767569400000,91340.1,91567.0,91230.0,91497.1,1363.43
1767571200000,91497.2,92108.5,91476.5,91823.4,10567.702
1767573000000,91823.5,92396.8,91681.7,92368.1,6879.99
1767574800000,92368.0,92951.0,92230.5,92930.0,10425.395
1767576600000,92929.9,93382.5,92765.0,92917.0,10237.514
1767578400000,92916.9,93114.7,92683.9,92700.0,4042.55
1767580200000,92700.0,93056.3,92699.9,92990.4,2771.782
1767582000000,92990.3,93167.9,92889.1,92965.4,3671.435
1767583800000,92965.5,93098.9,92823.1,92835.2,2451.135
1767585600000,92835.3,92920.0,92373.1,92434.1,4247.571
1767587400000,92434.1,92597.9,92269.3,92556.8,3542.71
1767589200000,92556.8,92687.9,92521.4,92667.8,1606.633
1767591000000,92667.8,92667.9,92307.3,92323.2,2301.593
1767592800000,92323.2,92450.0,92216.0,92239.9,1751.346
1767594600000,92239.9,92473.3,92102.0,92454.4,3027.992
1767596400000,92454.4,92610.0,92450.0,92528.5,2079.306
1767598200000,92528.4,92571.6,92489.6,92492.1,1677.01
1767600000000,92492.1,92745.9,92489.8,92664.5,2051.538
1767601800000,92664.5,92684.0,92415.4,92436.0,1402.56
1767603600000,92436.0,92640.1,92292.0,92606.6,3267.041
1767605400000,92606.7,92828.0,92507.5,92654.3,1944.333
1767607200000,92654.2,92925.0,92633.3,92850.6,2444.49
1767609000000,92850.6,93120.7,92725.0,93048.4,3998.201
1767610800000,93048.3,93131.8,92850.0,92935.7,2400.485
1767612600000,92935.7,93110.8,92863.2,93093.3,2705.095
1767614400000,93093.3,93186.0,92877.8,92881.7,2348.928
1767616200000,92881.7,92932.4,92710.2,92837.2,2176.355
1767618000000,92837.2,92984.3,92666.1,92755.5,1723.916
1767619800000,92755.6,92755.6,92496.9,92708.0,3386.392
1767621600000,92708.0,92844.1,92658.0,92735.3,2005.106
1767623400000,92735.3,93650.0,92370.9,93390.0,14713.51
1767625200000,93389.9,93750.0,93114.5,93334.2,8365.225
1767627000000,93334.3,93998.9,93260.6,93899.9,8413.685
1767628800000,93900.0,94044.6,93620.4,93779.4,6757.749
1767630600000,93779.4,93869.2,93528.8,93646.6,2962.094
1767632400000,93646.6,93730.3,93201.0,93394.8,3632.03
1767634200000,93394.7,94429.9,93394.7,94273.0,9127.569
1767636000000,94273.0,94373.1,93906.1,93982.9,4581.763
1767637800000,93982.9,94475.7,93865.2,94400.4,3426.508
1767639600000,94400.5,94408.0,94166.6,94361.9,2484.748
1767641400000,94361.8,94450.0,94075.7,94248.6,2542.143
1767643200000,94248.6,94760.3,94143.4,94686.9,5994.731
1767645000000,94687.0,94687.0,93980.0,94131.0,3705.55
1767646800000,94131.0,94169.2,93782.4,93790.7,2478.873
1767648600000,93790.8,94193.4,93757.9,94049.1,1499.604
1767650400000,94049.1,94361.0,93952.6,94202.9,1646.652
1767652200000,94203.0,94313.2,94005.5,94125.2,1010.55
1767654000000,94125.3,94154.2,93900.1,93950.2,1598.552
1767655800000,93950.2,94014.6,93813.7,93822.4,1338.672
1767657600000,93822.3,93950.0,93621.1,93763.8,2292.357
1767659400000,93763.7,93794.3,93510.0,93768.8,2103.693
1767661200000,93768.8,94125.1,93752.6,94070.8,2205.527
1767663000000,94070.8,94075.8,93688.0,93736.0,1495.685
1767664800000,93736.1,93829.8,93623.0,93650.0,1242.227
1767666600000,93650.0,93669.5,93467.1,93587.0,1524.014
1767668400000,93587.0,93793.8,93563.0,93753.5,1141.836
1767670200000,93753.5,93900.7,93696.2,93725.8,1149.313
1767672000000,93725.7,93966.4,93688.0,93829.4,1223.297
1767673800000,93829.4,93903.6,93758.8,93758.8,733.258
1767675600000,93758.8,93786.0,93614.9,93654.1,1384.066
1767677400000,93654.0,93736.5,93520.8,93552.0,1245.573
1767679200000,93552.0,93764.7,93500.0,93717.6,1783.761
1767681000000,93717.6,93906.6,93717.6,93727.5,2691.09
1767682800000,93727.5,93740.3,93276.0,93359.9,3351.738
1767684600000,93360.0,93379.6,93088.0,93207.4,4240.233
1767686400000,93207.4,93379.4,93168.0,93292.9,2272.892
1767688200000,93292.9,93304.8,93130.4,93197.0,1592.628
1767690000000,93196.9,93529.8,93186.5,93431.2,2159.839
1767691800000,93431.3,93520.1,93338.1,93420.4,1038.396
1767693600000,93420.4,93620.7,93359.6,93551.1,1693.701
1767695400000,93551.1,93597.7,93462.2,93536.3,823.98
1767697200000,93536.4,93798.0,93530.5,93795.1,1999.423
1767699000000,93795.0,93865.5,93724.9,93799.9,1480.576
1767700800000,93800.0,93950.0,93758.9,93826.4,1715.636
1767702600000,93826.4,93872.0,93737.5,93819.4,1119.549
1767704400000,93819.4,93826.8,93678.6,93687.5,1609.628
1767706200000,93687.5,93724.6,93590.7,93678.1,1525.736
1767708000000,93678.0,94415.4,93678.0,94287.9,9303.015
1767709800000,94288.0,94313.5,93469.3,93796.2,12100.179
1767711600000,93796.2,94274.0,93639.9,94085.1,7180.938
1767713400000,94085.2,94132.6,93292.0,93608.2,7555.687
1767715200000,93608.2,93728.9,92767.6,92805.9,9613.828
1767717000000,92805.9,92970.8,92280.4,92651.3,12656.565
1767718800000,92651.3,92743.1,92344.4,92478.0,4298.941
1767720600000,92478.0,92617.9,91480.2,91547.6,18350.875
1767722400000,91547.5,92096.3,91209.0,91959.4,13245.327
1767724200000,91959.4,92211.3,91783.9,92006.4,6090.796
1767726000000,92006.4,92369.5,91862.5,92213.8,3737.713
1767727800000,92213.8,92274.1,92002.4,92062.2,1728.5
1767729600000,92062.2,92548.3,92062.2,92465.7,3123.46
1767731400000,92465.8,92668.7,92451.1,92472.8,2628.598
1767733200000,92472.7,93825.0,92338.0,93488.6,12976.403
1767735000000,93488.7,93736.8,93098.9,93207.8,4786.368
1767736800000,93207.8,93490.1,92922.4,93134.6,3460.753
1767738600000,93134.5,93323.3,92920.1,93320.0,2123.321
1767740400000,93319.9,93535.3,93279.6,93492.8,1871.59
1767742200000,93492.8,93743.4,93490.4,93708.0,1770.541
1767744000000,93708.1,93708.1,93299.9,93318.3,2746.222
1767745800000,93318.4,93347.9,92607.9,92670.4,4766.013
1767747600000,92670.4,92866.7,92293.8,92516.0,4614.764
1767749400000,92516.1,92596.6,92331.6,92405.7,2612.729
1767751200000,92405.6,92740.0,92202.9,92650.1,3060.793
1767753000000,92650.0,93028.3,92613.0,92923.2,2476.705
1767754800000,92923.2,93080.0,92869.9,92965.5,1431.039
1767756600000,92965.5,92988.9,92707.2,92778.2,1924.914
1767758400000,92778.1,92893.0,92643.4,92741.6,1634.526
1767760200000,92741.6,92784.6,92565.9,92637.3,1126.674
1767762000000,92637.3,92770.9,92597.2,92690.0,825.516
1767763800000,92690.0,92818.0,92457.9,92504.0,1793.901
1767765600000,92504.0,92810.0,92483.1,92798.2,934.72
1767767400000,92798.1,92869.4,92567.2,92576.4,1116.59
1767769200000,92576.4,92809.6,92576.4,92775.2,787.04
1767771000000,92775.2,92862.4,92735.5,92848.1,1112.547
1767772800000,92848.1,92928.0,92736.0,92824.1,1313.078
1767774600000,92824.1,92907.0,92656.6,92680.3,2277.575
1767776400000,92680.4,92680.4,91850.0,91921.8,9632.023
1767778200000,91921.9,91972.2,91551.3,91672.0,6069.022
1767780000000,91672.0,91838.7,91549.9,91751.7,4849.353
1767781800000,91751.7,91953.0,91743.2,91924.1,2598.751
1767783600000,91924.1,92194.8,91874.0,92129.6,2738.93
1767785400000,92129.6,92219.8,92026.7,92041.9,1982.531
1767787200000,92041.8,92140.3,91956.8,92011.1,1856.532
1767789000000,92011.1,92083.5,91920.0,91953.4,1329.527
1767790800000,91953.3,92249.3,91815.6,92183.9,2688.058
1767792600000,92183.8,92217.0,91965.1,91994.4,1389.326
1767794400000,91994.4,92007.8,91456.2,91517.3,6159.268
1767796200000,91517.3,92108.1,91321.2,91920.8,8812.141
1767798000000,91920.8,91957.5,90987.0,91238.1,12074.249
1767799800000,91238.0,91550.0,91072.8,91303.1,5606.287
1767801600000,91303.2,91750.0,91240.8,91552.7,3769.446
1767803400000,91552.8,91591.1,91100.8,91229.9,3241.839
1767805200000,91229.9,91637.1,90994.5,91564.1,3047.175
1767807000000,91564.2,91660.0,91157.2,91215.0,1730.919
1767808800000,91214.9,91300.0,91022.7,91250.1,2188.054
1767810600000,91250.0,91411.3,90700.0,90857.4,7129.045
1767812400000,90857.4,91070.4,90634.1,90872.7,4590.176
1767814200000,90872.7,91250.0,90864.8,91143.6,2668.344
1767816000000,91143.6,91266.0,90740.5,90870.2,2048.346
1767817800000,90870.1,91132.3,90868.8,91015.6,1761.478
1767819600000,91015.6,91200.0,91006.8,91148.7,948.654
1767821400000,91148.6,91206.6,91010.0,91050.0,971.112
1767823200000,91050.0,91053.4,90842.2,91033.5,1159.032
1767825000000,91033.5,91361.8,90931.5,91143.6,2751.074
1767826800000,91143.5,91462.1,90966.1,91280.0,5389.235
1767828600000,91280.1,91402.2,91125.5,91328.0,1251.577
1767830400000,91328.1,91524.1,91037.9,91076.3,1990.187
1767832200000,91076.2,91393.2,91058.5,91356.8,1137.404
1767834000000,91356.8,91666.0,91259.0,91471.6,2301.822
1767835800000,91471.5,91484.0,91276.4,91386.0,972.41
1767837600000,91386.1,91440.5,91032.9,91182.9,1681.937
1767839400000,91183.0,91184.3,90713.7,90925.6,3018.237
1767841200000,90925.5,91099.9,90876.2,90913.3,1304.816
1767843000000,90913.2,91012.8,90555.1,90780.1,3394.776
1767844800000,90780.0,91142.2,90665.2,91065.0,2323.601
1767846600000,91065.0,91107.4,90960.1,90987.9,1128.926
1767848400000,90988.0,91157.6,90954.3,90977.6,1395.919
1767850200000,90977.7,91042.7,90749.3,90788.0,1148.398
1767852000000,90788.0,90835.1,90150.0,90231.4,8272.832
1767853800000,90231.3,90378.3,89828.4,89844.0,6300.243
1767855600000,89844.0,90242.5,89588.1,90229.3,9290.168
1767857400000,90229.3,90555.1,90165.6,90509.9,4079.774
1767859200000,90509.8,90677.0,90410.5,90676.9,3237.025
1767861000000,90676.9,90741.2,90123.0,90200.0,4073.91
1767862800000,90200.0,90345.2,89989.6,90000.1,3592.327
1767864600000,90000.0,90118.9,89909.8,89979.4,2730.319
1767866400000,89979.3,90249.2,89733.6,90160.1,4066.579
1767868200000,90160.0,90466.0,90096.4,90366.8,2579.464
1767870000000,90366.8,90459.0,90033.0,90177.5,2600.981
1767871800000,90177.4,90249.9,89990.6,90192.3,3865.373
1767873600000,90192.2,90210.5,89775.0,89919.8,9795.444
1767875400000,89919.9,90050.2,89750.0,89953.8,2143.204
1767877200000,89953.7,90072.9,89889.7,90038.1,1239.263
1767879000000,90038.1,90067.8,89831.8,89930.0,1684.686
1767880800000,89930.0,89930.1,89300.0,89600.4,6593.027
1767882600000,89600.3,90134.2,89242.0,89978.5,12823.782
1767884400000,89978.5,90600.0,89761.3,90541.1,9751.457
1767886200000,90541.0,90790.0,90220.2,90730.0,5146.617
1767888000000,90730.0,90868.0,90400.0,90622.7,6359.665
1767889800000,90622.7,90888.0,90244.7,90887.9,3917.555
1767891600000,90888.0,91222.0,90789.6,90813.4,5618.378
1767893400000,90813.5,91400.0,90813.5,91320.0,3415.565
1767895200000,91320.1,91425.1,91070.1,91207.8,2770.036
1767897000000,91207.7,91264.1,90888.5,91070.3,3048.271
1767898800000,91070.3,91264.1,90898.7,91037.1,1637.987
1767900600000,91037.1,91291.7,90737.6,90890.9,1866.399
1767902400000,90890.9,90890.9,90519.9,90550.2,2810.927
1767904200000,90550.2,90954.1,90545.7,90875.1,1562.595
1767906000000,90875.0,91143.0,90872.7,91059.6,1799.244
1767907800000,91059.6,91298.0,91010.3,91223.2,2105.788
1767909600000,91223.2,91449.9,91104.5,91236.3,2267.072
1767911400000,91236.2,91236.6,90975.0,91184.2,1370.766
1767913200000,91184.2,91288.8,91175.8,91239.4,1124.329
1767915000000,91239.4,91256.0,91000.0,91059.8,1136.459
1767916800000,91059.8,91123.6,91013.6,91023.8,922.306
1767918600000,91023.8,91269.2,91023.8,91248.1,1066.692
1767920400000,91248.1,91500.0,90973.2,91452.3,2031.288
1767922200000,91452.3,91600.0,90800.6,91016.0,3523.194
1767924000000,91016.0,91446.7,90989.4,91252.7,2148.958
1767925800000,91252.7,91311.9,90970.0,90999.5,1207.387
1767927600000,90999.6,91212.7,90916.1,90976.6,1213.099
1767929400000,90976.5,91232.3,90930.5,91190.1,999.482
1767931200000,91190.1,91203.0,90996.9,91094.4,655.081
1767933000000,91094.5,91104.2,90886.3,90978.7,971.82
1767934800000,90978.7,91086.9,90875.0,90981.4,771.728
1767936600000,90981.4,91066.3,90880.2,91058.2,678.022
1767938400000,91058.2,91107.9,90953.7,90953.7,764.963
1767940200000,90953.7,91115.8,90951.6,91103.8,895.007
1767942000000,91103.8,91103.9,90959.0,90993.7,602.123
1767943800000,90993.7,90993.7,90704.0,90712.1,2379.773
1767945600000,90712.1,90812.0,90416.5,90642.6,4934.536
1767947400000,90642.7,90665.1,89632.8,89989.4,12626.284
1767949200000,89989.3,90437.7,89962.8,90365.5,5398.422
1767951000000,90365.5,90395.8,90233.8,90299.0,1593.612
1767952800000,90299.1,90515.5,90231.4,90390.9,1644.401
1767954600000,90391.0,90494.6,90359.2,90443.6,803.311
1767956400000,90443.5,90638.5,90390.7,90522.1,1673.075
1767958200000,90522.1,90557.5,90356.9,90398.1,1184.332
1767960000000,90398.1,90559.8,90166.5,90285.8,2499.809
1767961800000,90285.8,90431.7,90258.4,90404.8,1263.897
1767963600000,90404.8,90689.1,90390.9,90550.2,2291.183
1767965400000,90550.2,91000.0,90346.9,90559.9,4663.36
1767967200000,90560.0,90566.1,90200.0,90523.8,2372.919
1767969000000,90523.8,90630.2,89888.0,90110.8,7408.581
1767970800000,90110.7,91700.0,89800.0,91641.6,13830.823
1767972600000,91641.7,91999.0,90808.3,91137.7,15879.566
1767974400000,91137.8,91749.9,91124.5,91347.2,5829.919
1767976200000,91347.3,91645.7,91210.0,91589.9,2859.26
1767978000000,91589.9,91639.0,90960.1,91090.0,4091.556
1767979800000,91090.0,91492.3,91010.0,91372.8,1875.274
1767981600000,91372.9,91467.2,90532.3,90542.0,4753.38
1767983400000,90542.1,90915.0,90272.6,90772.3,4678.684
1767985200000,90772.3,90772.3,90250.0,90284.0,3287.334
1767987000000,90284.0,90577.4,90145.0,90290.6,2670.272
1767988800000,90290.6,90531.0,90191.7,90437.6,1866.182
1767990600000,90437.6,90552.8,90200.0,90272.3,1712.791
1767992400000,90272.4,90630.9,90082.6,90530.3,2003.973
1767994200000,90530.2,90598.6,90384.3,90503.8,879.29
1767996000000,90503.9,90573.2,90320.3,90551.7,929.141
1767997800000,90551.7,90679.7,90500.0,90585.0,736.822
1767999600000,90584.9,90693.0,90563.4,90671.0,612.826
1768001400000,90671.1,90692.0,90557.0,90603.6,708.939
1768003200000,90603.7,90649.4,90474.4,90588.6,882.772
1768005000000,90588.5,90625.6,90506.1,90565.1,405.234
1768006800000,90565.1,90663.7,90538.9,90627.9,534.247
1768008600000,90627.9,90704.0,90620.1,90649.6,512.356
1768010400000,90649.6,90748.6,90649.6,90738.2,591.867
1768012200000,90738.2,90738.2,90560.0,90652.7,594.969
1768014000000,90652.7,90656.4,90512.2,90595.7,481.908
1768015800000,90595.6,90619.6,90535.1,90591.3,292.675
1768017600000,90591.3,90610.0,90472.5,90494.2,709.426
1768019400000,90494.3,90510.0,90351.6,90421.9,845.604
1768021200000,90422.0,90533.9,90390.0,90529.3,442.441
1768023000000,90529.3,90584.9,90490.6,90563.5,383.028
1768024800000,90563.5,90569.5,90432.4,90494.9,318.009
1768026600000,90494.9,90515.3,90468.1,90475.1,216.763
1768028400000,90475.0,90600.0,90467.2,90569.9,349.304
1768030200000,90570.0,90650.4,90562.3,90627.1,632.7
1768032000000,90627.1,90710.0,90570.0,90649.8,1257.252
1768033800000,90649.8,90649.9,90579.4,90628.6,322.148
1768035600000,90628.6,90678.7,90595.9,90635.7,318.972
1768037400000,90635.6,90730.0,90579.7,90729.9,911.886
1768039200000,90730.0,90765.0,90680.0,90725.0,670.772
1768041000000,90725.0,90800.0,90720.4,90795.4,802.883
1768042800000,90795.3,90795.3,90714.6,90734.6,390.737
1768044600000,90734.6,90770.0,90656.1,90692.8,437.605
1768046400000,90692.9,90758.7,90672.3,90675.0,562.229
1768048200000,90675.0,90701.1,90623.5,90696.6,577.2
1768050000000,90696.6,90727.1,90663.0,90685.4,435.259
1768051800000,90685.5,90694.3,90599.9,90620.9,430.554
1768053600000,90620.9,90631.6,90494.0,90575.1,1269.985
1768055400000,90575.2,90575.2,90516.7,90551.8,459.237
1768057200000,90551.8,90600.7,90535.9,90555.9,583.305
1768059000000,90555.8,90630.0,90555.8,90622.7,355.277
1768060800000,90622.8,90688.1,90573.4,90609.6,513.65
1768062600000,90609.6,90664.9,90562.5,90640.6,333.032
1768064400000,90640.7,90708.0,90640.6,90708.0,412.086
1768066200000,90707.9,90708.0,90503.9,90512.3,966.563
1768068000000,90512.3,90542.3,90450.0,90539.7,709.905
1768069800000,90539.6,90564.3,90528.8,90555.2,306.763
1768071600000,90555.2,90573.8,90545.0,90573.8,158.742
1768073400000,90573.7,90597.9,90567.6,90591.4,232.027
1768075200000,90591.3,90627.6,90585.0,90601.9,254.808
1768077000000,90601.9,90601.9,90538.0,90539.0,258.466
1768078800000,90539.0,90539.0,90451.4,90523.4,565.725
1768080600000,90523.3,90523.5,90463.6,90469.9,238.281
1768082400000,90470.0,90470.0,90358.5,90455.8,1126.941
1768084200000,90455.7,90562.2,90384.9,90384.9,441.993
1768086000000,90384.9,90516.3,90384.9,90502.6,370.363
1768087800000,90502.6,90535.7,90435.6,90469.6,402.792
1768089600000,90469.7,90577.8,90410.6,90569.7,636.381
1768091400000,90569.7,90609.8,90518.3,90600.0,296.122
1768093200000,90600.1,90639.8,90542.0,90549.6,425.004
1768095000000,90549.6,90597.9,90521.1,90597.9,183.411
1768096800000,90597.8,90657.1,90579.2,90639.6,393.022
1768098600000,90639.6,90699.9,90603.1,90654.8,551.903
1768100400000,90654.9,90693.2,90585.8,90671.0,521.83
1768102200000,90670.9,90696.5,90639.0,90696.5,291.065
1768104000000,90696.4,90714.9,90629.9,90672.9,411.432
1768105800000,90673.0,90750.0,90668.4,90750.0,378.814
1768107600000,90750.0,90750.0,90696.2,90725.0,293.237
1768109400000,90724.9,90818.0,90703.4,90730.4,683.156
1768111200000,90730.4,90757.4,90530.9,90627.6,804.502
1768113000000,90627.5,90705.2,90617.4,90697.4,291.861
1768114800000,90697.4,90708.5,90628.1,90685.0,313.074
1768116600000,90685.0,90698.9,90654.7,90664.0,199.39
1768118400000,90663.9,90692.6,90555.0,90681.9,601.955
1768120200000,90681.8,90787.8,90635.1,90756.0,1265.212
1768122000000,90755.9,90778.5,90704.5,90704.5,893.585
1768123800000,90704.6,90747.9,90625.3,90689.9,659.337
1768125600000,90690.0,90700.0,90640.0,90682.2,310.635
1768127400000,90682.2,90694.9,90642.3,90689.4,284.429
1768129200000,90689.4,90689.5,90649.9,90668.2,355.454
1768131000000,90668.2,90730.2,90652.9,90707.3,490.354
1768132800000,90707.2,90829.9,90670.1,90827.0,973.627
1768134600000,90826.9,90980.0,90769.9,90889.3,1911.474
1768136400000,90889.3,90926.9,90779.5,90841.6,1085.537
1768138200000,90841.6,90850.0,90780.0,90812.0,627.856
1768140000000,90811.9,90944.0,90811.9,90943.9,521.931
1768141800000,90943.9,91143.1,90907.4,91074.8,1796.395
1768143600000,91074.7,91103.2,90816.0,90912.9,2071.277
1768145400000,90912.9,90975.6,90650.0,90834.1,2201.018
1768147200000,90834.0,91029.6,90834.0,90992.5,1048.526
1768149000000,90992.5,91252.5,90915.0,90996.0,2192.116
1768150800000,90996.0,91103.3,90888.0,91004.6,1095.574
1768152600000,91004.5,91016.2,90853.5,90944.7,717.205
1768154400000,90944.8,90944.8,90850.0,90886.7,404.015
1768156200000,90886.7,90912.9,90750.8,90840.9,766.952
1768158000000,90840.8,90892.2,90803.1,90860.8,377.954
1768159800000,90860.8,90863.4,90609.5,90644.7,1054.984
1768161600000,90644.7,90658.1,90314.9,90485.1,2953.368
1768163400000,90485.0,90706.8,90420.7,90654.2,1268.222
1768165200000,90654.2,90734.0,90544.2,90596.6,662.896
1768167000000,90596.6,90795.0,90594.0,90711.1,647.167
1768168800000,90711.1,90711.2,90410.0,90641.7,1043.875
1768170600000,90641.7,90693.6,90479.9,90482.4,457.082
1768172400000,90482.3,91000.0,90175.3,90720.4,4829.28
1768174200000,90720.4,90996.6,90648.8,90964.4,1300.886
1768176000000,90964.4,91188.0,90753.3,91108.0,2238.738
1768177800000,91107.9,91229.2,90642.0,91229.1,2855.245
1768179600000,91229.2,91770.0,91178.9,91476.0,6877.138
1768181400000,91476.0,91494.2,91047.9,91370.0,2756.732
1768183200000,91369.9,91920.0,91323.8,91742.6,3866.174
1768185000000,91742.5,92379.5,91680.3,92168.8,6092.748
1768186800000,92168.8,92488.0,92105.0,92344.9,4249.297
1768188600000,92344.9,92415.0,91757.1,91766.2,5677.043
1768190400000,91766.2,92077.7,91700.0,91998.4,2293.391
1768192200000,91998.5,92245.1,91971.3,92126.7,1294.535
1768194000000,92126.6,92216.6,91986.1,92189.9,1381.624
1768195800000,92190.0,92220.0,92033.2,92066.6,1249.633
1768197600000,92066.7,92166.7,91910.0,91911.0,1497.261
1768199400000,91911.0,91911.0,91760.0,91789.3,1601.247
1768201200000,91789.4,91932.3,91710.8,91846.0,1538.337
1768203000000,91845.9,91858.5,91342.0,91369.2,4035.665
1768204800000,91369.2,91586.5,91300.0,91412.1,2856.839
1768206600000,91412.1,91412.1,90341.3,90714.0,13544.479
1768208400000,90714.0,90869.0,90610.0,90758.6,2831.477
1768210200000,90758.5,90895.1,90628.9,90646.8,2012.067
1768212000000,90646.8,90755.6,90498.7,90520.2,2037.352
1768213800000,90520.2,90596.7,90319.4,90394.6,2404.788
1768215600000,90394.6,90795.9,90381.6,90650.1,3042.049
1768217400000,90650.1,90713.7,90512.8,90573.9,1635.687
1768219200000,90573.9,90828.2,90573.8,90741.0,1324.796
1768221000000,90740.9,90787.6,90631.3,90741.6,776.624
1768222800000,90741.6,90788.0,90490.9,90654.7,2440.619
1768224600000,90654.6,90753.5,90527.6,90596.8,1211.94
1768226400000,90596.7,90628.6,90066.0,90241.8,4939.57
1768228200000,90241.7,91100.0,90156.7,90852.8,9539.269
1768230000000,90852.7,91389.7,90657.0,91281.3,6113.907
1768231800000,91281.3,91637.8,91185.5,91618.7,7035.871
1768233600000,91618.6,92185.3,91520.1,92170.3,9135.537
1768235400000,92170.3,92299.0,91901.9,92078.8,7990.475
1768237200000,92078.9,92264.2,91600.0,91677.4,6334.975
1768239000000,91677.3,91716.7,90966.0,91469.9,10478.452
1768240800000,91469.9,91911.1,91358.9,91875.7,3645.001
1768242600000,91875.6,91885.3,91440.8,91648.2,2876.58
1768244400000,91648.2,91795.2,91383.1,91788.1,2159.433
1768246200000,91788.0,91847.2,91671.2,91821.9,840.954
1768248000000,91821.9,92017.0,91647.2,91694.1,1909.316
1768249800000,91694.0,91694.1,91366.8,91446.5,1922.961
1768251600000,91446.5,91461.2,91155.4,91293.0,1948.002
1768253400000,91293.0,91337.9,90870.0,91005.6,2959.332
1768255200000,91005.6,91395.8,91005.5,91217.0,1166.503
1768257000000,91217.0,91366.0,91146.6,91204.0,894.328
1768258800000,91203.9,91247.4,91023.0,91230.3,1054.643
1768260600000,91230.3,91280.1,91148.9,91252.6,668.749
1768262400000,91252.5,91499.5,91215.4,91402.3,2016.729
1768264200000,91402.3,91524.5,91202.9,91436.3,1969.684
1768266000000,91436.4,91514.2,91252.7,91295.9,986.941
1768267800000,91295.9,91310.0,91011.0,91157.4,1974.697
1768269600000,91157.3,91344.9,91157.3,91237.2,1104.642
1768271400000,91237.2,91275.9,91035.0,91093.5,1222.538
1768273200000,91093.5,91438.8,91076.1,91356.3,1568.383
1768275000000,91356.3,91389.6,91254.4,91380.9,740.938
1768276800000,91380.9,91621.0,91355.7,91436.4,1569.294
1768278600000,91436.4,91499.8,91316.3,91479.3,706.999
1768280400000,91479.3,92222.0,91425.6,92046.2,6258.678
1768282200000,92046.2,92086.9,91815.2,91883.6,3070.398
1768284000000,91883.7,92047.4,91764.9,91851.9,2769.788
1768285800000,91851.9,92258.0,91851.9,92146.9,3231.887
1768287600000,92146.9,92180.6,91866.3,91985.9,1861.209
1768289400000,91985.9,92000.0,91871.5,91908.0,1004.863
1768291200000,91908.0,92041.4,91881.1,91916.8,1324.88
1768293000000,91916.9,92234.7,91916.8,92137.8,2229.475
1768294800000,92137.7,92676.6,92122.2,92519.9,6469.648
1768296600000,92520.0,92549.7,91850.6,92239.6,6654.684
1768298400000,92239.6,92317.4,92087.4,92211.9,1604.982
1768300200000,92211.8,92250.0,91980.0,92092.5,1648.371
1768302000000,92092.6,92226.7,91989.8,92167.9,1474.688
1768303800000,92168.0,92171.0,91928.8,91962.1,1685.39
1768305600000,91962.1,92087.8,91868.0,92039.1,1459.152
1768307400000,92039.1,92125.5,92026.9,92076.2,915.781
1768309200000,92076.3,92102.8,91943.3,92100.0,1693.033
1768311000000,92100.3,92555.1,91836.3,92021.0,10928.497
1768312800000,92021.0,92394.1,91700.6,92382.2,4971.201
1768314600000,92382.2,92888.0,92272.6,92414.3,10551.026
1768316400000,92414.2,92560.0,92060.2,92353.6,5569.353
1768318200000,92353.5,93408.0,92320.2,93407.9,12500.161
1768320000000,93407.9,93665.9,93009.8,93150.0,11116.609
1768321800000,93149.9,93707.0,93087.9,93341.6,5781.824
1768323600000,93341.6,93451.4,93050.0,93361.6,3343.181
1768325400000,93361.6,93415.0,93112.4,93190.6,2714.447
1768327200000,93190.5,93684.9,93138.7,93520.2,3921.934
1768329000000,93520.3,93840.7,93433.5,93581.0,3204.763
1768330800000,93581.1,93825.4,93421.9,93808.5,2754.409
1768332600000,93808.5,94189.0,93752.5,94179.5,6312.479
1768334400000,94179.6,94462.7,94123.5,94289.8,7151.811
1768336200000,94289.7,94396.4,94036.0,94349.1,8336.335
1768338000000,94349.0,94478.3,94261.5,94264.9,2964.253
1768339800000,94264.8,94327.6,94011.7,94040.0,2605.601
1768341600000,94040.0,96863.7,94037.8,95281.7,22304.663
1768343400000,95281.8,96028.5,95068.9,95730.5,4824.032
1768345200000,95730.4,96089.9,95305.0,95350.0,5608.493
1768347000000,95350.0,95444.8,95025.6,95375.2,3863.094
1768348800000,95375.2,95627.6,95309.7,95417.5,2895.538
1768350600000,95417.5,95417.6,95120.5,95196.2,2331.629
1768352400000,95196.2,95545.2,95100.0,95430.1,2778.782
1768354200000,95430.1,95505.2,95082.0,95191.4,2038.512
1768356000000,95191.4,95527.5,95153.0,95485.2,1876.317
1768357800000,95485.2,95492.7,95214.1,95299.9,1536.563
1768359600000,95300.0,95449.5,95235.8,95323.9,1146.302
1768361400000,95324.0,95670.0,95323.9,95665.7,1860.848
1768363200000,95665.6,95755.0,95318.0,95411.1,2941.582
1768365000000,95411.0,95412.4,95172.9,95192.2,1452.95
1768366800000,95192.2,95236.8,94888.0,94994.9,4324.987
1768368600000,94994.9,95180.8,94911.1,94963.1,2167.978
1768370400000,94963.1,94972.9,94559.5,94656.9,3767.461
1768372200000,94656.9,94986.8,94413.4,94984.8,3790.098
1768374000000,94984.7,95146.4,94859.9,94894.9,2499.42
1768375800000,94894.9,95226.7,94812.0,95166.6,2505.442
1768377600000,95166.6,95288.0,95126.3,95132.3,1761.605
1768379400000,95132.3,95161.9,94855.6,94866.3,1721.246
1768381200000,94866.2,95152.1,94841.3,95033.0,2149.332
1768383000000,95033.1,95104.3,94932.0,95051.6,1319.053
1768384800000,95051.5,95256.8,94841.7,94996.6,2153.573
1768386600000,94996.6,95150.0,94866.1,95050.1,1642.644
1768388400000,95050.0,95058.5,94770.1,94936.4,2071.016
1768390200000,94936.4,94979.8,94700.0,94763.6,1472.82
1768392000000,94763.7,95095.3,94643.0,95043.0,2023.991
1768393800000,95043.0,95129.8,94995.8,95041.5,1277.417
1768395600000,95041.5,95213.6,94901.0,95152.9,2027.706
1768397400000,95152.8,95169.8,94844.6,94964.3,1534.815
1768399200000,94964.3,95773.7,94944.6,95583.8,8400.097
1768401000000,95583.8,96780.0,95310.0,96449.0,19223.064
1768402800000,96449.0,97100.0,96129.8,96688.6,14078.723
1768404600000,96688.7,96900.0,96234.0,96691.9,7565.516
1768406400000,96691.9,97438.6,96664.3,97190.6,9501.817
1768408200000,97190.6,97667.7,96945.0,97232.2,9157.716
1768410000000,97232.1,97733.9,97133.1,97473.7,5483.007
1768411800000,97473.7,97473.7,96681.6,96895.2,8359.782
1768413600000,96895.1,97040.6,96538.8,96975.1,4228.161
1768415400000,96975.1,97065.8,96180.0,96764.5,6611.358
1768417200000,96764.5,97561.5,96631.9,97515.7,6479.488
1768419000000,97515.8,97611.8,97071.3,97221.8,3046.83
1768420800000,97221.8,97932.1,97157.4,97296.9,4856.548
1768422600000,97296.9,97727.2,97278.9,97606.0,2712.958
1768424400000,97606.0,97606.0,97384.0,97527.9,1410.421
1768426200000,97527.9,97667.0,97328.5,97515.0,1593.282
1768428000000,97515.0,97535.9,97244.1,97272.0,1329.445
1768429800000,97272.1,97330.4,96666.6,96825.5,3573.198
1768431600000,96825.6,97331.4,96825.6,96942.1,1748.892
1768433400000,96942.1,97077.2,96805.7,96907.9,1613.561
1768435200000,96908.0,96960.9,96614.9,96684.3,2035.64
1768437000000,96684.3,96700.0,96450.0,96613.3,2832.135
1768438800000,96613.3,96940.0,96338.0,96351.5,2445.698
1768440600000,96350.2,96547.9,96257.0,96400.1,1923.698
1768442400000,96400.0,96553.0,96332.8,96490.0,1205.684
1768444200000,96490.1,96574.8,96043.4,96297.3,2921.297
1768446000000,96297.2,96358.9,95868.3,95868.3,2914.985
1768447800000,95868.3,96064.5,95733.1,95943.1,3434.737
1768449600000,95943.1,96349.6,95909.1,96197.3,2700.651
1768451400000,96197.3,96289.1,96108.1,96273.3,1614.793
1768453200000,96273.4,96460.4,96196.6,96200.5,2337.662
1768455000000,96200.5,96485.6,96190.0,96372.5,1985.818
1768456800000,96372.6,96533.0,96289.5,96451.4,2240.059
1768458600000,96451.4,96475.6,96123.4,96195.2,2182.463
1768460400000,96195.2,96450.0,96133.7,96432.7,1711.212
1768462200000,96432.8,96744.2,96408.0,96601.2,3159.002
1768464000000,96601.2,96610.5,96321.3,96324.1,1737.214
1768465800000,96324.2,96645.2,96243.8,96596.2,1402.893
1768467600000,96596.1,96784.3,96508.1,96700.3,1582.03
1768469400000,96700.4,97155.0,96655.4,96993.8,4407.168
1768471200000,96993.9,97020.0,96727.5,96743.3,2374.308
1768473000000,96743.3,96822.4,96686.0,96763.2,1134.521
1768474800000,96763.1,96827.8,96667.0,96827.8,1045.872
1768476600000,96827.8,96884.3,96532.9,96548.9,1801.893
1768478400000,96548.9,96659.2,96471.1,96593.6,1400.529
1768480200000,96593.6,96963.3,96557.0,96931.3,1933.308
1768482000000,96931.3,96950.5,96809.5,96880.9,1459.058
1768483800000,96880.8,96988.0,96562.5,96801.0,2181.009
1768485600000,96800.9,97100.0,96671.5,96740.0,2614.587
1768487400000,96739.9,96858.7,95550.0,96013.6,14844.187
1768489200000,96013.6,96405.1,95779.8,95844.2,5714.024
1768491000000,95844.1,96833.0,95403.7,96717.3,15456.43
1768492800000,96717.3,97000.0,96225.7,96377.7,8528.017
1768494600000,96377.6,96850.0,96320.0,96684.7,2557.188
1768496400000,96684.7,96805.0,96368.0,96684.9,1948.744
1768498200000,96684.9,97047.6,96538.7,96587.4,3806.77
1768500000000,96587.4,96592.6,96006.0,96143.1,5133.997
1768501800000,96143.1,96212.3,95700.0,95806.9,4094.563
1768503600000,95806.8,95901.6,95407.5,95474.6,5504.298
1768505400000,95474.6,95678.4,95080.0,95469.2,6124.864
1768507200000,95469.2,95623.8,95124.1,95169.0,2564.509
1768509000000,95168.9,95366.8,95089.0,95220.7,2492.57
1768510800000,95220.8,95454.0,95145.1,95406.2,1379.506
1768512600000,95406.2,95600.0,95356.0,95545.3,1175.34
1768514400000,95545.3,95717.1,95447.6,95665.4,1128.143
1768516200000,95665.4,95837.8,95512.5,95536.3,1145.116
1768518000000,95536.3,95688.9,95362.6,95522.7,2048.527
1768519800000,95522.8,95593.5,95417.3,95567.3,838.024
1768521600000,95567.4,95728.1,95526.6,95651.8,1427.828
1768523400000,95651.8,95788.4,95563.5,95589.6,1118.75
1768525200000,95589.6,95620.8,95380.0,95614.2,1508.399
1768527000000,95614.3,95825.0,95599.9,95623.7,1139.887
1768528800000,95623.7,95648.6,95350.0,95636.1,1893.262
1768530600000,95636.1,95639.4,95399.8,95469.5,897.957
1768532400000,95469.4,95550.0,95452.8,95462.8,613.764
1768534200000,95462.8,95462.9,95279.8,95319.6,961.623
1768536000000,95319.6,95546.6,95301.5,95360.1,1470.324
1768537800000,95360.0,95411.6,95111.1,95233.4,2673.521
1768539600000,95233.4,95409.4,95211.0,95265.0,1499.916
1768541400000,95265.0,95654.4,95255.7,95615.9,2575.476
1768543200000,95615.9,95790.0,95480.5,95620.5,2144.907
1768545000000,95620.4,95720.1,95592.5,95702.5,1134.822
1768546800000,95702.5,95750.0,95527.0,95547.9,903.328
1768548600000,95547.9,95633.9,95432.6,95608.4,1705.056
1768550400000,95608.4,95787.4,95526.2,95767.2,1181.241
1768552200000,95767.2,95805.0,95622.4,95628.3,1260.672
1768554000000,95628.4,95741.0,95542.4,95681.0,940.371
1768555800000,95680.9,95691.8,95550.0,95568.1,651.3
1768557600000,95568.1,95586.4,95376.3,95382.2,1213.663
1768559400000,95382.2,95390.4,95254.0,95272.6,1622.99
1768561200000,95272.5,95343.5,95210.5,95313.6,1542.971
1768563000000,95313.6,95436.0,95256.5,95382.6,1270.234
1768564800000,95382.5,95536.8,95365.8,95530.8,1251.881
1768566600000,95530.8,95530.8,95313.4,95414.6,1108.26
1768568400000,95414.6,95519.4,95348.8,95474.0,878.327
1768570200000,95473.9,95537.9,95238.0,95400.2,1389.795
1768572000000,95400.1,95669.7,95301.4,95669.7,1373.906
1768573800000,95669.6,95763.0,95130.0,95137.0,5347.24
1768575600000,95137.0,95658.8,94637.7,94673.2,12275.733
1768577400000,94673.3,94780.7,94234.5,94537.5,13895.418
1768579200000,94537.6,94900.0,94454.5,94826.5,5609.768
1768581000000,94826.5,94950.0,94644.9,94826.6,2106.19
1768582800000,94826.5,94876.6,94502.8,94719.0,1827.784
1768584600000,94719.1,95095.4,94698.6,95041.6,2098.439
1768586400000,95041.7,95191.8,94974.4,95165.4,2401.492
1768588200000,95165.4,95175.0,94931.0,94966.6,1297.841
1768590000000,94966.7,94985.2,94793.1,94818.4,1122.172
1768591800000,94818.4,95018.3,94818.3,94961.0,682.55
1768593600000,94961.0,95108.1,94630.0,95083.9,1879.102
1768595400000,95084.0,95527.4,95047.8,95517.1,3973.423
1768597200000,95517.2,95550.0,95300.1,95375.4,2128.755
1768599000000,95375.3,95525.6,95323.3,95469.6,1099.492
1768600800000,95469.6,95535.6,95193.9,95325.1,1287.348
1768602600000,95325.0,95477.0,95202.0,95473.6,1172.344
1768604400000,95473.5,95530.1,95380.0,95502.4,1023.86
1768606200000,95502.4,95536.2,95400.5,95503.7,634.707
1768608000000,95503.8,95536.9,95428.3,95428.4,872.831
1768609800000,95428.4,95485.8,95380.4,95416.9,588.987
1768611600000,95416.8,95487.9,95388.7,95425.7,577.931
1768613400000,95425.7,95446.1,95332.8,95344.2,574.142
1768615200000,95344.1,95372.8,95205.3,95248.6,1170.209
1768617000000,95248.5,95349.2,95136.2,95318.9,774.152
1768618800000,95318.8,95329.0,95249.9,95286.8,373.416
1768620600000,95286.8,95344.2,95214.9,95324.0,592.837
1768622400000,95324.1,95326.1,95209.2,95289.0,357.74
1768624200000,95289.0,95319.2,95226.1,95267.4,698.667
1768626000000,95267.4,95346.1,95230.0,95277.4,630.781
1768627800000,95277.4,95280.4,95245.8,95270.5,292.358
1768629600000,95270.4,95270.5,95133.0,95174.5,534.762
1768631400000,95174.5,95302.9,95174.4,95191.0,363.208
1768633200000,95190.9,95190.9,95043.4,95134.1,1034.07
1768635000000,95134.0,95147.8,94999.9,95061.1,855.19
1768636800000,95061.1,95193.3,94977.5,95168.0,684.697
1768638600000,95168.1,95220.0,95168.0,95213.6,396.638
1768640400000,95213.6,95213.7,95124.4,95192.3,325.611
1768642200000,95192.2,95260.0,95152.3,95219.5,434.845
1768644000000,95219.5,95236.2,95172.2,95197.4,260.991
1768645800000,95197.3,95197.4,95075.6,95076.6,418.407
1768647600000,95076.7,95255.1,95036.0,95250.5,788.261
1768649400000,95250.6,95287.1,95207.2,95283.9,722.712
1768651200000,95283.8,95386.0,95189.1,95227.3,1175.624
1768653000000,95227.4,95244.9,95200.1,95212.7,315.348
1768654800000,95212.7,95336.0,95152.1,95318.3,851.891
1768656600000,95318.3,95399.7,95276.1,95399.7,932.493
1768658400000,95399.6,95436.3,95311.5,95416.2,1147.026
1768660200000,95416.1,95500.0,95347.6,95419.9,2322.384
1768662000000,95419.9,95621.9,95378.1,95466.4,2807.571
1768663800000,95466.5,95561.7,95387.3,95529.0,1638.69
1768665600000,95529.0,95529.0,95207.8,95434.0,2234.812
1768667400000,95433.9,95434.0,95165.5,95265.1,2325.71
1768669200000,95265.0,95371.5,95247.0,95366.1,831.008
1768671000000,95366.0,95395.9,95275.1,95318.1,622.217
1768672800000,95318.1,95423.0,95294.0,95406.9,480.686
1768674600000,95406.8,95422.7,95371.3,95384.5,348.893
1768676400000,95384.6,95384.6,95295.7,95296.5,403.239
1768678200000,95296.6,95314.6,95247.0,95258.3,546.286
1768680000000,95258.3,95351.6,95247.0,95283.3,545.833
1768681800000,95283.3,95338.8,95247.0,95332.8,279.564
1768683600000,95332.9,95373.2,95298.5,95324.0,431.681
1768685400000,95324.0,95324.0,95247.0,95272.7,392.059
1768687200000,95272.7,95272.8,95111.2,95132.2,1323.175
1768689000000,95132.1,95200.9,95000.0,95120.8,1528.416
1768690800000,95120.8,95169.5,95077.3,95077.3,614.507
1768692600000,95077.4,95128.5,95066.1,95107.9,546.677
1768694400000,95107.9,95200.9,95051.1,95153.6,761.934
1768696200000,95153.6,95189.6,95022.8,95073.1,625.204
1768698000000,95073.2,95074.1,94819.5,95001.7,2126.238
1768699800000,95001.8,95044.9,94843.5,94928.9,659.172
1768701600000,94928.8,95034.1,94928.8,94976.5,460.858
1768703400000,94976.5,94998.8,94826.1,94989.0,856.024
1768705200000,94989.1,95101.0,94981.2,95093.6,599.327
1768707000000,95093.6,95175.0,95093.6,95155.0,511.612
1768708800000,95155.0,95155.0,95060.2,95070.0,453.516
1768710600000,95070.0,95091.4,95035.1,95057.4,325.124
1768712400000,95057.4,95110.1,95008.9,95099.6,503.341
1768714200000,95099.6,95236.5,95016.3,95154.5,1015.297
1768716000000,95154.6,95169.6,95110.0,95163.1,504.922
1768717800000,95163.1,95177.5,95111.4,95142.1,499.958
1768719600000,95142.1,95152.2,95019.2,95072.9,580.524
1768721400000,95073.0,95073.0,94980.0,94989.9,930.754
1768723200000,94989.9,95077.0,94980.0,95075.7,682.027
1768725000000,95075.7,95165.5,95069.7,95150.0,494.214
1768726800000,95150.0,95200.0,95116.0,95139.9,757.794
1768728600000,95139.9,95252.4,95139.9,95233.3,922.134
1768730400000,95233.4,95257.4,95043.9,95096.7,914.611
1768732200000,95096.6,95152.5,95079.9,95139.9,387.444
1768734000000,95139.9,95140.0,95058.3,95072.0,375.43
1768735800000,95071.9,95145.9,95034.5,95133.4,613.774
1768737600000,95133.3,95145.9,95063.3,95109.0,331.1
1768739400000,95108.9,95134.8,95044.0,95071.4,453.651
1768741200000,95071.5,95076.8,94850.4,94924.7,1721.937
1768743000000,94924.7,95168.4,94903.5,95104.9,4610.608
1768744800000,95105.0,95326.4,95100.0,95132.6,1876.2
1768746600000,95132.5,95217.5,94890.0,94917.8,2049.205
1768748400000,94917.9,95022.4,94872.9,95016.7,906.546
1768750200000,95016.6,95076.5,94983.6,95067.8,711.702
1768752000000,95067.7,95159.9,95024.6,95058.0,802.602
1768753800000,95057.9,95147.9,95033.3,95123.6,487.547
1768755600000,95123.6,95243.7,95083.0,95224.0,1260.078
1768757400000,95224.1,95244.0,95152.2,95231.2,607.041
1768759200000,95231.1,95375.9,95136.4,95327.8,890.057
1768761000000,95327.9,95481.8,95252.5,95396.2,1849.384
1768762800000,95396.3,95485.9,95320.5,95400.0,1301.001
1768764600000,95400.1,95460.8,95281.0,95335.6,565.766
1768766400000,95335.6,95403.2,95245.0,95403.1,524.1
1768768200000,95403.1,95403.2,95240.9,95259.3,397.139
1768770000000,95259.4,95323.1,95240.3,95265.5,319.497
1768771800000,95265.5,95393.9,95265.5,95386.4,347.014
1768773600000,95386.5,95490.0,95355.5,95415.1,521.576
1768775400000,95415.2,95489.8,95380.0,95442.9,458.004
1768777200000,95442.9,95443.0,94506.4,94561.1,6912.861
1768779000000,94561.2,94776.1,93550.3,93614.0,16114.544
1768780800000,93614.0,93614.1,91800.0,92582.6,28177.809
1768782600000,92582.6,93000.0,92226.2,92658.3,7199.618
1768784400000,92658.2,92825.6,92438.0,92511.9,3811.493
1768786200000,92512.0,92749.4,92173.7,92542.2,4086.452
1768788000000,92542.3,92639.4,92333.4,92448.8,2121.579
1768789800000,92448.9,92574.7,92395.5,92516.7,1427.763
1768791600000,92516.8,92748.4,92450.0,92505.5,2124.978
1768793400000,92505.6,92675.1,92475.0,92656.6,1040.571
1768795200000,92656.7,92708.8,92459.0,92639.6,1599.351
1768797000000,92639.6,92700.0,92513.5,92614.4,1312.201
1768798800000,92614.3,92726.5,92524.3,92618.5,1464.191
1768800600000,92618.6,92767.5,92454.5,92471.4,1280.79
1768802400000,92471.4,92564.1,92344.5,92489.9,1919.114
1768804200000,92490.0,92591.9,92424.4,92542.8,1449.857
1768806000000,92542.9,92620.0,92510.0,92569.3,654.732
1768807800000,92569.2,92810.0,92527.3,92787.9,1671.482
1768809600000,92787.8,93192.2,92635.0,92907.0,3988.955
1768811400000,92907.0,93312.8,92816.9,93200.3,3119.343
1768813200000,93200.2,93208.7,92893.1,93006.7,2217.511
1768815000000,93006.8,93035.3,92888.0,93000.0,985.27
1768816800000,93000.0,93035.2,92836.9,92950.5,907.679
1768818600000,92950.4,93028.3,92885.7,93021.2,681.061
1768820400000,93021.2,93122.1,92916.9,93083.3,872.527
1768822200000,93083.3,93267.5,93052.4,93136.7,1028.069
1768824000000,93136.8,93136.8,92960.0,92982.4,981.234
1768825800000,92982.4,93188.0,92980.0,93025.9,1091.388
1768827600000,93025.9,93025.9,92741.3,92906.3,2164.215
1768829400000,92906.2,93117.1,92906.2,92993.0,840.568
1768831200000,92992.9,93000.0,92750.0,92828.6,1518.493
1768833000000,92828.7,92946.4,92660.0,92779.7,1753.46
1768834800000,92779.8,93025.2,92776.4,92889.2,1734.72
1768836600000,92889.3,93051.9,92872.6,93013.5,1058.018
1768838400000,93013.4,93150.0,92947.4,93128.5,1422.926
1768840200000,93128.5,93379.0,93108.3,93264.9,1937.691
1768842000000,93265.0,93351.9,93097.3,93261.4,1503.859
1768843800000,93261.3,93261.4,93116.1,93195.1,903.725
1768845600000,93195.1,93226.6,92917.2,92942.9,981.633
1768847400000,92942.9,93092.4,92888.0,93022.9,894.413
1768849200000,93023.0,93110.2,92948.1,93033.6,573.178
1768851000000,93033.5,93116.6,92993.7,93066.2,351.968
1768852800000,93066.2,93241.8,93066.1,93203.4,680.114
1768854600000,93203.4,93213.8,93055.4,93107.4,397.765
1768856400000,93107.5,93312.1,92961.4,93009.7,1155.287
1768858200000,93009.8,93041.3,92965.3,92968.5,338.461
1768860000000,92968.5,93033.9,92677.0,92951.9,1865.062
1768861800000,92951.9,92951.9,92514.3,92528.1,1744.655
1768863600000,92528.0,92706.5,92116.0,92505.3,5462.043
1768865400000,92505.3,92720.3,92495.8,92589.6,1739.784
1768867200000,92589.6,92845.0,92320.2,92428.8,2054.719
1768869000000,92428.9,92717.8,92416.7,92676.1,1568.609
1768870800000,92676.1,92840.0,92479.1,92820.1,1231.362
1768872600000,92820.0,92827.2,92622.6,92688.7,1287.73
1768874400000,92688.8,92693.4,92330.0,92451.7,2364.455
1768876200000,92451.7,92664.0,92451.7,92518.9,1660.364
1768878000000,92519.0,92646.2,92327.1,92327.8,1728.05
1768879800000,92327.7,92461.1,92200.0,92397.0,1958.024
1768881600000,92396.9,92440.1,92143.5,92281.1,1417.261
1768883400000,92281.2,92392.1,91900.0,92026.2,2273.737
1768885200000,92026.3,92042.1,91235.5,91697.3,11933.366
1768887000000,91697.4,91786.2,91473.7,91590.1,3708.31
1768888800000,91590.1,91603.8,90825.0,91237.0,8819.921
1768890600000,91236.9,91250.0,90723.3,90894.5,5859.675
1768892400000,90894.5,91132.4,90819.5,91019.7,3328.071
1768894200000,91019.7,91268.8,90950.0,91136.1,2760.743
1768896000000,91136.1,91222.0,90759.6,91159.9,3253.026
1768897800000,91159.9,91160.0,90622.2,91078.9,5103.023
1768899600000,91078.9,91078.9,90900.0,91011.9,1490.477
1768901400000,91011.9,91038.0,90860.8,91002.9,1340.184
1768903200000,91003.0,91243.6,90959.9,91243.4,1883.539
1768905000000,91243.4,91252.9,91100.0,91217.7,997.015
1768906800000,91217.6,91415.1,91216.2,91371.2,2531.003
1768908600000,91371.2,91371.2,91167.8,91185.8,1043.822
1768910400000,91185.8,91293.7,91017.7,91111.2,2127.4
1768912200000,91111.1,91248.5,91111.1,91240.0,1090.94
1768914000000,91240.0,91250.0,90827.1,90838.4,3352.82
1768915800000,90838.3,91078.4,90735.0,90918.9,2825.129
1768917600000,90919.0,91102.9,90680.3,90946.6,3653.468
1768919400000,90946.7,91344.8,90228.0,90496.7,16518.296
1768921200000,90496.6,90707.6,89819.0,90593.0,15738.554
1768923000000,90592.9,90769.4,90320.0,90644.2,4227.583
1768924800000,90644.3,90944.5,90473.6,90576.7,4508.986
1768926600000,90576.7,90608.8,89982.9,90131.9,4825.619
1768928400000,90131.8,90472.2,90026.7,90169.4,3121.078
1768930200000,90169.4,90171.4,89388.8,89739.6,9541.148
1768932000000,89739.6,89924.8,89608.3,89702.9,3448.094
1768933800000,89702.8,89727.1,89350.0,89471.6,3632.47
1768935600000,89471.5,89775.4,89400.8,89455.6,2247.562
1768937400000,89455.7,89750.0,89250.2,89694.1,3405.565
1768939200000,89694.1,89811.9,89360.9,89738.2,2735.973
1768941000000,89738.2,89824.0,89491.7,89701.0,2656.583
1768942800000,89700.8,89800.0,89546.4,89587.5,1081.622
1768944600000,89587.4,89587.4,89390.5,89445.6,1221.033
1768946400000,89445.6,89617.8,89412.7,89484.8,796.629
1768948200000,89484.9,89497.5,87787.2,88469.0,14127.266
1768950000000,88468.9,88468.9,87850.0,88076.3,6533.327
1768951800000,88076.4,88489.2,88076.3,88390.6,3062.569
1768953600000,88390.7,88598.0,88218.2,88535.3,3424.534
1768955400000,88535.4,88944.0,88470.9,88895.5,2806.892
1768957200000,88895.5,89095.4,88794.6,89029.3,2881.41
1768959000000,89029.3,89128.8,88941.6,88985.2,1603.968
1768960800000,88985.3,89318.0,88985.3,89079.2,2066.443
1768962600000,89079.2,89147.9,88941.4,89015.1,1759.392
1768964400000,89015.0,89240.0,89000.1,89237.2,1254.864
1768966200000,89237.1,89568.5,89189.9,89396.0,3100.815
1768968000000,89395.9,89461.7,89303.5,89455.3,1165.898
1768969800000,89455.3,89621.7,89355.2,89400.4,1610.256
1768971600000,89400.4,89596.1,89384.0,89551.9,927.137
1768973400000,89551.9,90088.0,89551.8,89919.9,5590.35
1768975200000,89919.9,89920.0,89758.6,89845.5,1593.986
1768977000000,89845.5,89845.6,89450.0,89618.4,2462.056
1768978800000,89618.4,89733.1,89458.7,89585.6,1539.46
1768980600000,89585.7,89585.7,89045.0,89171.3,4426.518
1768982400000,89171.3,89350.0,89102.0,89212.0,2236.092
1768984200000,89212.0,89257.7,88922.9,89160.4,2025.715
1768986000000,89160.4,89412.4,89128.5,89358.2,1187.065
1768987800000,89358.3,89449.0,89027.4,89068.5,1732.348
1768989600000,89068.5,89350.0,89019.6,89289.8,1192.577
1768991400000,89289.8,89356.5,89191.7,89201.0,659.54
1768993200000,89200.8,89350.3,89107.6,89289.5,751.563
1768995000000,89289.5,89300.0,88614.1,88757.1,3721.572
1768996800000,88757.0,88817.8,88109.7,88317.1,8539.732
1768998600000,88317.0,88735.0,88255.2,88692.5,3314.346
1769000400000,88692.5,88957.8,88613.1,88807.0,3213.378
1769002200000,88806.9,88999.1,88514.5,88631.2,3397.848
1769004000000,88631.1,89688.0,88567.0,89551.8,10900.85
1769005800000,89551.7,89966.0,89306.4,89755.7,9841.936
1769007600000,89755.7,90599.5,89705.0,89980.6,11130.169
1769009400000,89980.5,90333.0,89795.4,90237.1,3930.128
1769011200000,90237.2,90323.8,89211.7,89536.3,7637.119
1769013000000,89536.4,89536.4,87537.8,87562.3,18654.667
1769014800000,87562.3,88082.0,87205.5,87741.0,12175.458
1769016600000,87741.0,88132.2,87461.0,87897.0,5584.65
1769018400000,87897.0,88061.7,87550.0,87982.5,3813.237
1769020200000,87982.4,88633.0,87908.3,88441.1,4702.724
1769022000000,88441.1,89715.9,88230.3,89616.3,8308.654
1769023800000,89616.4,90427.6,89465.3,90321.9,15440.624
1769025600000,90321.9,90342.5,89413.6,89707.5,6837.206
1769027400000,89707.5,90179.9,89556.3,90170.8,4448.483
1769029200000,90170.8,90312.4,89895.3,90038.1,3081.455
1769031000000,90038.1,90240.5,90016.4,90203.8,1440.874
1769032800000,90203.8,90349.0,89900.0,89953.0,1939.164
1769034600000,89953.1,90069.0,89700.4,89728.5,1483.831
1769036400000,89728.4,90191.9,89671.3,89985.3,2966.834
1769038200000,89985.3,89985.3,89317.9,89411.4,3578.797
1769040000000,89411.4,89855.0,89411.3,89797.6,2420.403
1769041800000,89797.7,90000.0,89791.4,89869.6,1306.157
1769043600000,89869.7,90164.3,89770.3,90090.0,2012.856
1769045400000,90090.0,90149.9,89873.8,90071.1,1067.123
1769047200000,90071.1,90327.7,89983.7,90248.7,1935.245
1769049000000,90248.7,90248.7,89805.6,89901.8,1901.171
1769050800000,89901.9,90128.0,89800.9,89897.4,1433.952
1769052600000,89897.4,89897.5,89660.3,89857.0,1440.337
1769054400000,89856.9,89949.6,89785.0,89945.8,768.627
1769056200000,89945.9,90045.7,89862.4,89958.3,1230.513
1769058000000,89958.2,90041.3,89922.4,89930.1,484.31
1769059800000,89930.1,90020.6,89879.7,89981.8,883.687
1769061600000,89981.8,90091.6,89850.0,89962.0,1179.912
1769063400000,89962.0,90170.1,89950.5,90122.9,1327.421
1769065200000,90122.9,90153.2,89872.8,89924.0,1496.636
1769067000000,89923.9,89942.5,89750.0,89772.6,1124.56
1769068800000,89772.6,89927.8,89701.9,89830.1,1341.257
1769070600000,89830.2,89920.6,89748.0,89878.6,728.382
1769072400000,89878.5,90049.9,89844.7,89953.4,1002.434
1769074200000,89953.5,90085.2,89902.5,89995.0,958.595
1769076000000,89994.9,90070.3,89900.0,89996.8,1559.845
1769077800000,89996.7,90074.4,89980.2,90046.6,966.062
1769079600000,90046.6,90123.0,89871.5,89914.5,1370.91
1769081400000,89914.6,90050.0,89865.0,89909.6,1312.192
1769083200000,89909.7,90024.9,89843.7,89990.1,1395.63
1769085000000,89990.1,90064.9,89946.8,89985.8,1168.328
1769086800000,89985.7,90160.2,89957.5,90153.5,1317.474
1769088600000,90153.4,90309.5,89446.0,89570.0,7545.807
1769090400000,89570.0,89678.8,89298.6,89532.0,3512.198
1769092200000,89532.1,89714.5,89012.7,89055.0,9765.096
1769094000000,89055.1,89345.8,88560.0,88626.0,9569.059
1769095800000,88626.1,89415.0,88465.6,88953.6,7781.364
1769097600000,88953.7,89162.9,88630.2,88953.0,5252.146
1769099400000,88953.0,89231.1,88718.3,89006.9,3578.093
1769101200000,89006.9,89394.5,88971.5,89107.1,2968.384
1769103000000,89107.1,89576.5,89032.9,89500.0,2302.995
1769104800000,89500.0,89756.0,89341.9,89573.3,2533.651
1769106600000,89573.2,89725.3,89255.9,89295.5,1700.68
1769108400000,89295.4,89539.8,89065.0,89468.7,1631.933
1769110200000,89468.6,89882.1,89446.4,89732.9,2954.772
1769112000000,89732.8,89908.5,89516.5,89528.3,2017.313
1769113800000,89528.3,89675.7,89355.0,89370.7,1319.914
1769115600000,89370.8,89634.7,89336.6,89534.5,968.331
1769117400000,89534.4,89567.8,89200.0,89222.1,1244.664
1769119200000,89222.2,89535.1,89095.5,89380.2,1659.108
1769121000000,89380.1,89383.8,89128.0,89304.7,809.136
1769122800000,89304.7,89480.0,89124.8,89399.6,1075.65
1769124600000,89399.6,89554.2,89365.2,89518.5,589.908
1769126400000,89518.4,89600.0,89400.0,89565.6,703.867
1769128200000,89565.7,89583.3,89464.5,89484.6,657.474
1769130000000,89484.6,89664.1,89484.6,89653.6,760.67
1769131800000,89653.7,89900.0,89600.1,89893.7,1235.628
1769133600000,89893.7,89948.9,89683.0,89722.0,1214.248
1769135400000,89722.0,89789.9,89605.0,89611.2,907.875
1769137200000,89611.3,89875.2,89590.5,89851.0,987.273
1769139000000,89851.0,89887.3,89757.3,89886.1,636.275
1769140800000,89886.2,90050.0,89835.4,89939.5,1423.031
1769142600000,89939.4,90000.0,89870.0,89922.5,876.728
1769144400000,89922.6,89928.3,89481.0,89603.5,1895.266
1769146200000,89603.5,89663.2,89434.4,89573.8,1322.887
1769148000000,89573.8,89771.1,89358.0,89433.6,1676.002
1769149800000,89433.7,89628.1,89433.0,89474.9,1014.885
1769151600000,89475.0,89653.5,89432.1,89600.0,1005.165
1769153400000,89600.1,89640.8,89400.1,89497.2,1136.685
1769155200000,89497.3,89590.9,89285.5,89290.4,1434.346
1769157000000,89290.3,89387.9,89099.0,89185.1,2748.889
1769158800000,89185.1,89350.0,88939.3,89126.7,2271.207
1769160600000,89127.0,89149.7,88850.0,88939.9,2326.645
1769162400000,88940.0,89100.0,88823.3,89070.3,1619.586
1769164200000,89070.3,89120.3,88944.0,89016.6,1159.907
1769166000000,89016.6,89240.8,88966.7,89194.5,1619.157
1769167800000,89194.4,89319.0,89130.0,89171.2,859.375
1769169600000,89171.3,89214.5,89089.7,89128.6,705.565
1769171400000,89128.7,89342.0,89056.6,89220.0,964.286
1769173200000,89220.0,89392.3,89189.8,89222.9,1484.895
1769175000000,89223.0,89411.2,89202.1,89310.6,763.164
1769176800000,89310.5,89689.8,89206.9,89638.2,2943.55
1769178600000,89638.2,89691.7,88590.6,88976.0,9535.583
1769180400000,88976.0,89250.0,88530.0,88931.1,5260.182
1769182200000,88931.1,89847.2,88884.0,89711.2,5499.585
1769184000000,89711.2,89932.9,89466.6,89528.5,5220.181
1769185800000,89528.5,90455.0,89438.0,90079.0,9206.787
1769187600000,90079.1,90968.4,89931.2,90945.1,7113.338
1769189400000,90945.1,91195.0,90517.5,90576.0,9772.358
1769191200000,90576.0,91003.5,90411.8,90828.6,4231.879
1769193000000,90828.5,90986.0,90447.0,90486.3,3423.534
1769194800000,90486.3,90499.5,89681.5,89796.0,10313.471
1769196600000,89796.6,89986.4,89550.0,89938.3,4048.19
1769198400000,89938.3,90124.1,89762.7,89765.1,2018.762
1769200200000,89765.0,89765.0,89163.6,89456.4,4863.273
1769202000000,89456.5,89667.5,89397.0,89550.1,1776.626
1769203800000,89550.0,89579.5,89268.0,89301.2,985.359
1769205600000,89301.2,89719.1,89289.0,89664.5,1305.879
1769207400000,89664.4,89704.1,89508.5,89585.3,756.49
1769209200000,89585.4,89585.4,89459.0,89520.1,610.138
1769211000000,89520.1,89595.7,89427.5,89558.7,529.704
1769212800000,89558.7,89591.0,89420.4,89420.5,604.335
1769214600000,89420.4,89514.4,89383.5,89414.2,662.252
1769216400000,89414.2,89553.6,89410.6,89535.2,598.163
1769218200000,89535.2,89535.2,89431.0,89512.8,421.003
1769220000000,89512.8,89639.4,89512.8,89577.1,570.544
1769221800000,89577.0,89680.0,89567.7,89666.2,654.07
1769223600000,89666.3,89893.9,89631.6,89893.8,1646.393
1769225400000,89893.8,89893.8,89704.0,89738.4,741.789
1769227200000,89738.4,89795.0,89673.4,89687.3,477.074
1769229000000,89687.2,89820.1,89687.2,89806.7,477.195
1769230800000,89806.8,89817.4,89749.7,89779.3,511.128
1769232600000,89779.4,89779.4,89715.5,89744.5,355.814
1769234400000,89744.5,89747.1,89614.4,89624.6,766.867
1769236200000,89624.6,89647.8,89610.5,89612.4,307.037
1769238000000,89612.4,89626.9,89530.6,89562.7,523.614
1769239800000,89562.8,89667.6,89560.5,89581.2,585.516
1769241600000,89581.3,89610.5,89549.2,89587.2,519.188
1769243400000,89587.1,89659.2,89587.1,89635.2,384.782
1769245200000,89635.3,89635.3,89573.1,89590.4,391.315
1769247000000,89590.5,89592.8,89554.2,89567.4,565.769
1769248800000,89567.5,89631.9,89567.4,89585.7,223.961
1769250600000,89585.7,89599.1,89539.5,89590.1,392.446
1769252400000,89590.2,89616.7,89576.4,89598.8,382.822
1769254200000,89598.8,89641.3,89548.5,89548.5,399.55
1769256000000,89548.5,89554.9,89501.5,89526.2,558.405
1769257800000,89526.2,89548.5,89444.5,89497.6,641.733
1769259600000,89497.6,89500.0,89480.8,89498.1,345.914
1769261400000,89498.1,89500.0,89315.6,89321.7,880.625
1769263200000,89321.7,89452.8,89131.2,89425.1,3497.186
1769265000000,89425.1,89471.7,89392.1,89407.7,613.877
1769266800000,89407.7,89456.7,89342.6,89354.5,806.885
1769268600000,89354.5,89388.3,89215.2,89235.0,918.414
1769270400000,89234.9,89332.1,89116.9,89220.5,1729.128
1769272200000,89220.5,89275.7,89135.0,89248.6,990.753
1769274000000,89248.6,89371.6,89216.4,89361.1,991.834
1769275800000,89361.0,89369.7,89270.6,89369.6,952.248
1769277600000,89369.6,89398.0,89340.3,89389.8,554.577
1769279400000,89389.8,89425.2,89351.6,89351.6,374.615
1769281200000,89351.7,89351.7,89230.2,89253.6,453.329
1769283000000,89253.7,89321.2,89247.6,89286.0,294.625
1769284800000,89286.1,89365.6,89286.0,89362.7,231.765
1769286600000,89362.7,89362.8,89331.6,89333.7,126.71
1769288400000,89333.7,89335.7,89219.6,89285.6,546.661
1769290200000,89285.6,89340.6,89266.7,89340.6,237.425
1769292000000,89340.6,89444.4,89340.6,89358.1,408.606
1769293800000,89358.2,89390.0,89257.0,89390.0,226.378
1769295600000,89390.0,89436.7,89252.5,89347.8,591.175
1769297400000,89347.7,89347.7,89155.0,89180.7,600.442
1769299200000,89180.7,89266.5,89138.9,89145.1,553.163
1769301000000,89145.2,89275.7,89144.2,89275.7,309.395
1769302800000,89275.7,89281.6,89158.4,89161.3,382.917
1769304600000,89161.3,89161.4,89025.3,89139.7,880.239
1769306400000,89139.6,89226.8,89101.2,89105.0,356.55
1769308200000,89105.1,89166.0,89100.0,89105.0,344.175
1769310000000,89105.1,89147.0,88933.5,89000.2,1104.579
1769311800000,89000.1,89000.1,88800.0,88920.0,1906.188
1769313600000,88920.0,88995.2,88905.6,88934.2,846.08
1769315400000,88934.1,89057.8,88934.1,88977.4,502.766
1769317200000,88977.4,89015.1,88950.1,88956.4,328.475
1769319000000,88956.5,88971.0,88835.6,88966.1,657.417
1769320800000,88966.1,88966.1,88609.0,88759.1,2057.586
1769322600000,88759.1,88860.9,88651.3,88810.0,1243.634
1769324400000,88810.1,88810.1,88688.2,88759.0,510.222
1769326200000,88759.1,88759.1,88600.0,88630.3,795.743
1769328000000,88630.3,88727.2,88600.2,88650.0,669.76
1769329800000,88650.0,88650.1,88084.0,88254.8,5163.414
1769331600000,88254.9,88436.3,88193.5,88416.3,1551.515
1769333400000,88416.2,88453.3,88306.4,88361.6,943.12
1769335200000,88361.5,88599.4,88361.5,88590.9,1520.265
1769337000000,88590.9,88642.7,88494.4,88616.0,901.121
1769338800000,88616.0,88633.3,88531.3,88633.3,680.9
1769340600000,88633.2,88673.9,88489.1,88531.0,741.2
1769342400000,88530.9,88736.8,88400.0,88649.9,2674.972
1769344200000,88649.8,88760.1,88632.9,88752.0,1211.528
1769346000000,88752.0,88819.2,88651.0,88651.0,1481.667
1769347800000,88651.1,88947.1,88610.0,88875.1,1722.257
1769349600000,88875.1,88898.9,88580.0,88678.8,2249.045
1769351400000,88678.8,88707.4,88580.0,88666.1,1027.341
1769353200000,88666.1,88728.7,88584.3,88707.5,851.276
1769355000000,88707.6,88707.6,88306.6,88406.0,1659.668
1769356800000,88406.0,88410.0,87511.6,88008.5,12726.096
1769358600000,88008.5,88131.7,87705.1,88049.9,3469.295
1769360400000,88049.9,88072.6,87717.5,87852.2,2469.362
1769362200000,87852.2,87967.9,87730.8,87845.7,1444.419
1769364000000,87845.7,87950.1,87366.0,87491.9,5569.05
1769365800000,87491.9,87551.8,86777.0,87370.1,9861.433
1769367600000,87370.2,87469.2,86350.0,86427.3,11022.907
1769369400000,86427.2,86794.3,86100.0,86459.4,9346.808
1769371200000,86459.4,86680.0,86211.8,86452.1,3279.076
1769373000000,86452.1,86629.1,86159.1,86618.3,3822.901
1769374800000,86618.4,86966.4,86584.9,86928.0,3422.469
1769376600000,86927.9,86935.9,86342.9,86525.1,4609.278
1769378400000,86525.0,86547.0,86201.0,86287.9,2479.749
1769380200000,86287.8,86704.9,86139.4,86489.1,3239.424
1769382000000,86489.0,86711.0,86021.7,86454.3,7136.111
1769383800000,86454.4,86760.8,86225.1,86628.9,3152.807
1769385600000,86628.9,87150.8,86614.2,86808.8,4624.926
1769387400000,86808.7,86943.4,86463.2,86808.4,2262.573
1769389200000,86808.5,87777.0,86772.9,87618.8,7155.595
1769391000000,87618.8,87791.5,87467.8,87661.8,4391.858
1769392800000,87661.7,87901.6,87399.9,87866.6,2149.033
1769394600000,87866.5,87922.0,87410.3,87514.8,3132.232
1769396400000,87514.7,87643.6,87388.2,87400.3,2239.329
1769398200000,87400.3,87429.3,87028.5,87233.1,2684.757
1769400000000,87233.1,87820.7,87188.3,87809.9,2457.202
1769401800000,87810.0,87908.4,87660.4,87700.0,2133.116
1769403600000,87699.9,87821.3,87617.1,87814.3,878.675
1769405400000,87814.4,87919.0,87707.0,87776.4,1492.563
1769407200000,87776.5,87947.3,87705.8,87892.0,1665.415
1769409000000,87892.0,87999.0,87755.0,87902.6,1741.576
1769410800000,87902.7,88059.6,87730.3,87755.2,1740.984
1769412600000,87755.2,88016.2,87665.6,87968.9,1523.219
1769414400000,87969.0,88367.5,87800.0,88155.8,3536.96
1769416200000,88155.8,88185.9,87933.5,87947.3,1236.032
1769418000000,87947.4,87968.4,87682.5,87760.1,2605.502
1769419800000,87760.1,87778.4,87556.9,87630.4,2154.224
1769421600000,87630.4,87896.5,87620.0,87868.9,1048.038
1769423400000,87868.9,87920.0,87812.4,87858.1,595.509
1769425200000,87858.0,87943.8,87744.3,87751.7,1140.151
1769427000000,87751.7,87846.0,87721.2,87810.0,647.434
1769428800000,87810.1,87934.7,87700.0,87843.4,1112.914
1769430600000,87843.3,87859.7,87693.6,87762.1,761.0
1769432400000,87762.1,87905.7,87651.4,87850.0,1390.044
1769434200000,87850.1,88010.3,87832.3,87917.9,1490.625
1769436000000,87917.8,87978.0,87599.0,87645.7,2991.105
1769437800000,87645.8,88500.0,87411.2,88137.0,9504.541
1769439600000,88137.0,88834.1,88000.0,88456.7,9547.571
1769441400000,88456.8,88463.6,87278.5,87609.5,11121.982
1769443200000,87609.4,87925.5,87159.6,87660.9,5857.952
1769445000000,87660.9,87887.4,87367.1,87579.4,2930.346
1769446800000,87579.5,87756.7,87160.0,87367.9,2820.105
1769448600000,87367.9,87715.3,86960.0,87657.5,4909.334
1769450400000,87657.4,88080.2,87611.1,88041.2,2503.767
1769452200000,88041.3,88375.0,87887.1,88361.9,4781.878
1769454000000,88362.0,88496.4,88058.7,88134.4,3533.594
1769455800000,88134.4,88297.4,87904.4,87965.6,1302.536
1769457600000,87965.5,88088.0,87768.0,87844.2,1348.987
1769459400000,87844.2,87871.7,87506.8,87595.3,1866.265
1769461200000,87595.3,87896.9,87533.3,87896.8,1603.304
1769463000000,87896.9,88199.0,87829.2,88016.5,2148.32
1769464800000,88016.4,88115.7,87953.9,88051.1,734.577
1769466600000,88051.0,88239.0,88001.1,88095.0,1043.001
1769468400000,88094.9,88423.1,87976.5,88413.4,1355.94
1769470200000,88413.5,88637.4,88300.0,88300.6,2712.9
1769472000000,88300.6,88431.4,88157.4,88360.1,1956.045
1769473800000,88360.1,88366.0,88205.9,88319.4,1048.248
1769475600000,88319.4,88426.1,88162.9,88403.9,1260.443
1769477400000,88404.0,88699.9,88377.1,88523.6,2098.804
1769479200000,88523.6,88758.0,88503.3,88517.9,2277.324
1769481000000,88518.0,88823.1,88518.0,88785.8,1563.999
1769482800000,88785.7,88880.6,88535.0,88697.7,1619.017
1769484600000,88697.7,88788.8,88639.2,88744.6,947.492
1769486400000,88744.7,88983.3,88608.7,88793.7,2289.594
1769488200000,88793.7,88800.0,88463.4,88532.7,1260.211
1769490000000,88532.6,88548.1,88350.3,88449.6,1179.979
1769491800000,88449.6,88524.9,88371.7,88424.0,803.473
1769493600000,88424.0,88493.4,88353.9,88358.5,623.09
1769495400000,88358.5,88358.6,88239.9,88295.4,1044.07
1769497200000,88295.3,88479.9,88290.5,88479.9,790.919
1769499000000,88479.9,88519.5,88278.1,88287.9,870.032
1769500800000,88288.0,88365.6,88175.0,88193.7,1109.136
1769502600000,88193.8,88271.1,88084.0,88137.5,1345.853
1769504400000,88137.6,88137.6,87937.8,87948.7,2041.682
1769506200000,87948.7,88022.7,87825.0,87852.6,1538.245
1769508000000,87852.6,88023.1,87842.7,87951.1,1317.85
1769509800000,87951.1,87951.1,87722.0,87754.3,1395.111
1769511600000,87754.3,87878.6,87707.1,87839.6,848.59
1769513400000,87839.5,88065.9,87839.5,87947.5,1363.987
1769515200000,87947.4,88126.3,87922.6,88007.4,1390.101
1769517000000,88007.4,88021.5,87911.9,87952.2,776.788
1769518800000,87952.1,87976.4,87755.0,87778.9,1147.601
1769520600000,87778.9,88042.6,87764.7,87945.2,1135.473
1769522400000,87945.2,88418.8,87912.3,88214.9,3560.504
1769524200000,88214.9,88300.1,87622.0,87712.1,5324.089
1769526000000,87712.2,88167.1,87530.0,87591.2,5010.009
1769527800000,87591.1,88032.7,87579.8,88000.1,3373.346
1769529600000,88000.1,88683.8,87962.6,88338.2,7896.317
1769531400000,88338.2,88836.3,88338.2,88604.9,4187.254
1769533200000,88604.9,88660.9,87555.0,87852.6,8182.782
1769535000000,87852.6,87958.9,87265.4,87510.4,6413.018
1769536800000,87510.3,87931.7,87413.7,87826.0,3843.737
1769538600000,87826.1,88488.8,87700.5,88249.6,3787.163
1769540400000,88249.6,88338.2,88006.4,88213.9,2513.951
1769542200000,88214.0,88521.5,88131.3,88378.1,1517.461
1769544000000,88378.1,89170.3,88335.6,89108.1,6315.578
1769545800000,89108.1,89469.3,88776.5,89360.1,5953.969
1769547600000,89360.0,89499.0,89186.8,89209.0,3881.123
1769549400000,89209.0,89254.4,88947.3,89039.5,2481.047
1769551200000,89039.6,89240.2,88966.2,89122.5,1551.74
1769553000000,89122.4,89394.9,89082.7,89203.1,1445.559
1769554800000,89203.1,89491.8,89100.0,89467.2,1799.102
1769556600000,89467.2,89478.1,89163.0,89197.8,1845.208
1769558400000,89197.8,89375.7,89102.2,89275.6,1389.754
1769560200000,89275.7,89429.4,89106.8,89429.2,1261.501
1769562000000,89429.2,89454.6,89235.0,89285.7,1488.18
1769563800000,89285.7,89440.0,89153.1,89360.0,966.257
1769565600000,89360.1,89410.0,89202.2,89292.5,935.623
1769567400000,89292.5,89330.5,89059.8,89245.1,1190.137
1769569200000,89245.1,89273.8,88954.7,89026.7,1768.138
1769571000000,89026.8,89146.8,88932.6,89079.8,1026.603
1769572800000,89079.8,89128.0,88800.1,88912.4,2082.651
1769574600000,88912.3,89088.0,88854.9,88944.0,769.578
1769576400000,88944.0,89032.2,88796.8,88847.7,1045.334
1769578200000,88847.7,89071.0,88786.0,89051.1,1622.719
1769580000000,89051.1,89246.7,89051.1,89156.1,1344.785
1769581800000,89156.1,89366.0,89085.2,89287.9,1157.233
1769583600000,89288.2,89318.6,89158.2,89239.6,776.406
1769585400000,89239.6,89260.4,89072.1,89106.8,912.101
1769587200000,89106.8,89241.0,88972.7,88995.2,1328.035
1769589000000,88995.2,89082.7,88851.0,88901.1,1229.02
1769590800000,88901.1,88989.1,88831.9,88968.1,1154.753
1769592600000,88968.1,89554.6,88965.5,89542.6,2975.971
1769594400000,89542.6,89682.5,89284.0,89310.6,3483.112
1769596200000,89310.7,89481.5,89310.6,89368.4,1023.627
1769598000000,89368.4,89436.3,89282.9,89418.9,1059.762
1769599800000,89418.9,90122.0,89326.7,90036.9,7049.624
1769601600000,90036.9,90138.9,89752.9,89824.6,4315.799
1769603400000,89824.6,89999.0,89739.6,89955.0,2572.047
1769605200000,89954.9,90338.2,89909.0,90090.5,4461.008
1769607000000,90090.5,90444.4,90053.7,90220.1,4386.875
1769608800000,90220.1,90221.3,89884.1,89953.9,2617.499
1769610600000,89953.9,90102.8,89401.6,89578.1,7216.351
1769612400000,89578.1,89820.3,88852.2,89224.7,8987.013
1769614200000,89224.7,89600.0,89178.0,89444.4,3500.111
1769616000000,89444.5,89734.4,89207.3,89714.5,2722.043
1769617800000,89714.4,89790.6,89419.4,89588.8,2288.751
1769619600000,89588.8,89752.4,89515.0,89554.8,1500.421
1769621400000,89554.8,90592.7,89238.8,90142.9,8764.677
1769623200000,90142.9,90149.2,89457.3,89735.9,7174.476
1769625000000,89735.8,89778.0,89216.4,89501.0,2253.191
1769626800000,89500.9,89693.9,89033.8,89369.8,4572.214
1769628600000,89369.9,89568.1,88974.0,89363.6,3716.361
1769630400000,89363.5,89880.1,89302.0,89762.3,3003.276
1769632200000,89762.4,89762.4,88964.7,89099.9,3157.536
1769634000000,89100.0,89237.7,88829.0,89138.9,2797.767
1769635800000,89138.9,89449.1,89029.8,89369.3,1582.771
1769637600000,89369.4,89437.6,89093.2,89247.4,985.901
1769639400000,89247.5,89380.0,89155.9,89347.1,593.173
1769641200000,89347.1,89433.3,89218.6,89253.4,783.095
1769643000000,89253.5,89362.6,89159.2,89261.7,891.599
1769644800000,89261.7,89316.8,88959.4,88996.6,1666.451
1769646600000,88996.7,89121.9,88861.5,89112.0,1442.436
1769648400000,89112.0,89130.0,88557.5,88792.1,2190.741
1769650200000,88792.2,88863.9,88508.7,88561.7,2729.522
1769652000000,88561.7,88721.9,88377.0,88573.5,2526.925
1769653800000,88573.4,88573.6,87650.1,87857.9,9238.083
1769655600000,87857.9,88226.7,87723.2,88001.7,4911.332
1769657400000,88001.6,88123.4,87911.8,88003.2,1468.466
1769659200000,88003.2,88052.8,87863.0,88034.0,1593.725
1769661000000,88033.9,88308.8,88033.9,88269.9,1733.437
1769662800000,88270.0,88378.0,88153.1,88171.1,1262.019
1769664600000,88171.1,88332.1,88106.0,88149.3,962.396
1769666400000,88149.3,88280.1,88133.0,88248.2,814.287
1769668200000,88248.1,88300.0,88218.2,88281.1,596.906
1769670000000,88281.2,88359.3,88219.0,88231.3,854.308
1769671800000,88231.3,88394.2,88211.0,88310.9,1604.216
1769673600000,88310.9,88440.8,87866.2,88412.9,4232.005
1769675400000,88413.0,88461.2,87889.1,88028.1,2959.998
1769677200000,88028.0,88120.2,87948.8,87987.9,973.007
1769679000000,87987.9,88105.0,87850.0,87851.1,1455.834
1769680800000,87851.0,87989.0,87800.0,87913.6,1589.124
1769682600000,87913.6,87984.8,87773.1,87920.1,1146.112
1769684400000,87920.0,88027.9,87731.7,87760.2,1806.997
1769686200000,87760.2,87871.7,87711.0,87795.2,1845.673
1769688000000,87795.1,88067.0,87775.1,87900.0,1810.462
1769689800000,87900.1,88084.9,87788.9,88073.8,1331.059
1769691600000,88073.9,88133.2,88033.2,88133.0,1134.273
1769693400000,88132.9,88132.9,87907.6,88008.8,1118.014
1769695200000,88008.8,88035.5,87760.0,87782.4,1486.884
1769697000000,87782.4,87912.3,86946.1,86978.7,10730.403
1769698800000,86978.8,87013.7,85166.3,85433.9,33852.419
1769700600000,85433.8,85613.1,84335.4,84898.0,23006.001
1769702400000,84897.9,84950.9,84400.0,84473.9,10701.938
1769704200000,84473.9,85367.2,84222.0,85230.3,13733.873
1769706000000,85230.3,85596.1,84985.2,85002.0,12188.764
1769707800000,85002.0,85110.8,83939.0,84225.0,13610.563
1769709600000,84225.0,84595.3,83644.9,83835.4,9759.183
1769711400000,83835.4,84083.6,83355.0,83440.9,10279.078
1769713200000,83440.8,83927.7,83338.3,83767.1,6163.496
1769715000000,83767.1,84305.2,83767.0,83979.4,6688.658
1769716800000,83979.5,84181.3,83856.8,83969.1,2710.167
1769718600000,83969.0,84376.2,83785.6,84186.3,3818.577
1769720400000,84186.4,84436.2,84169.3,84329.5,2823.315
1769722200000,84329.5,84623.1,84246.2,84491.0,2009.897
1769724000000,84491.1,84580.0,84271.3,84405.4,1788.766
1769725800000,84405.4,84553.2,84350.0,84529.6,1205.282
1769727600000,84529.5,84644.7,84400.0,84545.9,1505.101
1769729400000,84545.9,84699.9,84545.9,84604.7,1701.418
1769731200000,84604.7,84697.2,84275.0,84337.5,2232.989
1769733000000,84337.5,84490.3,84100.0,84157.4,3366.97
1769734800000,84157.4,84157.5,83468.2,83733.4,6625.519
1769736600000,83733.3,83855.2,81000.0,82434.7,33767.911
1769738400000,82434.7,82514.4,81203.1,81439.1,12337.717
1769740200000,81439.2,82154.8,81116.0,82128.1,9262.456
1769742000000,82128.0,82396.5,81995.6,82324.8,4862.893
1769743800000,82324.7,82709.5,82320.2,82640.9,3945.784
1769745600000,82640.9,83299.9,82640.4,83001.0,5212.862
1769747400000,83001.0,83163.5,82843.1,82906.6,3106.685
1769749200000,82906.5,83300.0,82859.4,83220.2,2552.535
1769751000000,83220.2,83270.0,82866.7,82873.5,2089.116
1769752800000,82873.5,82882.3,82328.0,82381.0,5676.291
1769754600000,82381.0,82644.5,82021.1,82560.8,5394.625
1769756400000,82560.8,83074.4,82560.8,82627.4,4882.873
1769758200000,82627.4,82910.7,82431.6,82770.1,4790.942
1769760000000,82770.1,82939.7,82553.7,82650.1,3466.48
1769761800000,82650.0,82650.0,82399.0,82625.3,2510.779
1769763600000,82625.3,82793.5,82135.3,82368.6,4111.318
1769765400000,82368.5,82607.2,82108.4,82320.5,3208.291
1769767200000,82320.5,82589.5,82115.1,82482.5,2789.932
1769769000000,82482.5,82859.0,82439.1,82793.2,2509.348
1769770800000,82793.2,82889.7,82651.7,82693.5,1682.572
1769772600000,82693.5,83280.6,82626.9,83104.8,4181.139
1769774400000,83104.7,83296.9,82603.2,82700.1,4175.726
1769776200000,82700.1,82886.4,82630.0,82752.8,1764.587
1769778000000,82752.8,82822.2,82502.0,82675.9,2282.708
1769779800000,82676.0,83062.0,82372.1,82704.9,3937.371
1769781600000,82704.8,83120.0,82693.9,82950.0,2981.398
1769783400000,82949.9,83779.2,82730.9,83061.4,12420.341
1769785200000,83061.5,83577.0,82567.2,82586.9,7636.547
1769787000000,82586.9,83338.0,82328.6,82850.2,6862.522
1769788800000,82850.1,83222.0,82504.3,83133.3,5366.091
1769790600000,83133.3,83472.8,83007.7,83115.2,4225.308
1769792400000,83115.1,83450.5,82600.0,83350.1,6720.807
1769794200000,83350.0,83350.0,82823.4,82908.0,3239.449
1769796000000,82908.0,83203.6,81832.0,82468.3,9584.924
1769797800000,82468.3,84159.4,82151.6,83897.3,11189.954
1769799600000,83897.3,84487.9,83875.7,84264.7,8333.674
1769801400000,84264.7,84599.0,84080.0,84200.0,4331.821
1769803200000,84199.9,84221.4,83501.0,83927.1,7513.53
1769805000000,83927.1,84275.5,83523.7,83890.3,6689.439
1769806800000,83890.3,84487.7,83759.0,84234.1,3348.889
1769808600000,84234.2,84385.0,84000.0,84240.3,2613.25
1769810400000,84240.3,84291.5,83875.7,83904.0,1427.68
1769812200000,83904.0,84192.4,83900.2,84191.1,997.602
1769814000000,84191.1,84194.0,83897.0,83999.9,1494.395
1769815800000,84000.0,84261.7,83956.9,84211.4,1088.476
1769817600000,84211.4,84224.3,84066.4,84125.4,1668.157
1769819400000,84125.4,84239.5,83964.9,84028.1,1319.136
1769821200000,84028.1,84227.1,84016.6,84089.0,933.302
1769823000000,84088.9,84089.0,83861.8,83965.9,1278.148
1769824800000,83966.0,84010.5,83800.1,83850.0,1151.295
1769826600000,83850.0,84150.0,83775.5,84085.6,1780.276
1769828400000,84085.5,84190.0,84071.8,84111.3,632.646
1769830200000,84111.4,84154.3,83987.5,83987.5,578.091
1769832000000,83987.5,84110.0,83950.1,84105.3,628.976
1769833800000,84105.4,84107.0,83899.9,83960.4,690.637
1769835600000,83960.3,83988.9,83861.7,83950.2,958.052
1769837400000,83950.2,84056.9,83942.2,83961.8,569.075
1769839200000,83961.8,84012.6,83600.0,83627.2,1866.82
1769841000000,83627.1,83804.8,83627.1,83739.1,1151.389
1769842800000,83739.1,83759.9,83637.4,83661.5,806.046
1769844600000,83661.5,83681.9,83368.0,83514.4,3357.449
1769846400000,83514.3,83598.0,83005.7,83058.3,5733.918
1769848200000,83058.4,83189.4,82530.2,83031.1,8306.221
1769850000000,83031.1,83251.0,82850.0,82989.6,2585.796
1769851800000,82989.6,83265.0,82989.6,83075.3,1584.711
1769853600000,83075.3,83132.0,82880.0,83019.4,1548.391
1769855400000,83019.5,83160.0,83000.0,83120.9,1148.872
1769857200000,83121.0,83121.0,82943.2,82964.3,983.421
1769859000000,82964.3,83031.9,82802.3,82983.2,1330.591
1769860800000,82983.2,83115.3,82767.5,82957.3,1792.657
1769862600000,82957.3,82961.3,82677.4,82735.6,1923.546
1769864400000,82735.6,82888.0,82665.6,82800.0,1537.508
1769866200000,82799.9,82822.1,82449.0,82733.0,3468.254
1769868000000,82733.0,82898.7,81156.5,81568.6,13235.576
1769869800000,81568.6,81600.0,80754.3,81452.5,18277.408
1769871600000,81452.5,81760.0,81039.7,81272.1,7600.896
1769873400000,81272.1,81496.8,81123.1,81268.6,3897.515
1769875200000,81268.6,82200.0,80430.6,81078.5,20189.228
1769877000000,81078.6,81247.2,80050.0,80320.9,13284.452
1769878800000,80321.0,80506.9,78010.1,79081.7,32978.447
1769880600000,79081.7,79245.0,78451.2,78857.1,10074.759
1769882400000,78857.0,79100.0,77900.0,78399.9,9155.154
1769884200000,78399.9,78701.7,75500.0,77996.8,37505.966
1769886000000,77996.8,78527.1,77747.4,77937.8,10007.501
1769887800000,77937.7,78023.3,77144.1,77707.9,7015.97
1769889600000,77707.9,78106.0,77332.5,77349.9,5305.056
1769891400000,77349.9,78062.0,77037.8,77956.7,5170.211
1769893200000,77956.6,78122.2,77323.1,77793.0,5874.144
1769895000000,77793.0,78330.8,77682.3,78252.4,4637.847
1769896800000,78252.5,78443.1,78019.5,78292.3,3116.489
1769898600000,78292.3,78391.4,77931.8,78114.5,2368.721
1769900400000,78114.4,79200.0,78023.9,78933.1,7487.699
1769902200000,78933.0,79148.5,78599.9,78706.8,3052.091
1769904000000,78706.7,79396.8,78600.2,79056.9,4719.182
1769905800000,79056.9,79190.0,78707.0,78861.2,2652.516
1769907600000,78861.3,78906.3,78352.2,78800.5,3426.986
1769909400000,78800.4,78837.9,78245.7,78504.8,2134.067
1769911200000,78504.8,78871.8,78339.6,78596.0,2105.766
1769913000000,78596.1,79024.0,78567.5,78856.4,1659.257
1769914800000,78856.4,78971.5,78630.3,78705.7,1537.755
1769916600000,78705.7,78880.0,78642.2,78826.3,1010.447
1769918400000,78826.3,79094.9,78680.4,78892.3,1570.699
1769920200000,78892.4,79019.1,78873.6,78938.1,991.644
1769922000000,78938.3,78970.1,78688.0,78906.4,2141.437
1769923800000,78906.4,78910.2,78483.0,78583.9,2419.191
1769925600000,78583.9,78791.6,78566.3,78679.8,1054.551
1769927400000,78679.8,78758.0,78221.0,78262.9,4127.888
1769929200000,78263.0,78328.9,77899.9,78181.0,3770.025
1769931000000,78180.9,78687.2,78139.5,78320.8,2585.782
1769932800000,78320.8,78500.4,78213.6,78471.9,2156.228
1769934600000,78471.9,78833.0,78420.5,78571.3,1908.258
1769936400000,78571.4,78804.0,78511.0,78645.9,1048.068
1769938200000,78645.9,79107.4,78644.8,78997.0,1775.034
1769940000000,78996.9,79194.0,78840.6,78986.6,2011.899
1769941800000,78986.7,79001.9,78099.8,78239.9,6105.506
1769943600000,78240.0,78475.2,78240.0,78381.3,1357.623
1769945400000,78381.4,78838.5,78381.4,78712.1,2220.034
1769947200000,78712.1,78724.8,78199.9,78400.2,2361.705
1769949000000,78400.3,78629.2,78313.2,78420.6,1655.5
1769950800000,78420.6,78732.0,78420.6,78646.5,1533.017
1769952600000,78646.6,78653.8,78149.3,78280.7,2337.311
1769954400000,78280.8,78402.3,77777.7,77812.9,5116.669
1769956200000,77812.9,78500.0,77206.3,78179.4,14944.323
1769958000000,78179.4,78220.4,76895.5,76961.7,10079.979
1769959800000,76961.7,77840.2,76752.5,77563.8,7924.511
1769961600000,77563.8,77813.7,77056.7,77504.4,6871.366
1769963400000,77504.4,77726.7,77100.6,77459.2,3153.698
1769965200000,77459.2,77721.5,77300.0,77526.9,2940.784
1769967000000,77526.8,77711.1,77259.5,77711.0,2430.267
1769968800000,77711.1,78421.6,77690.0,78116.4,6277.411
1769970600000,78116.3,78154.1,77689.1,77995.9,2385.301
1769972400000,77995.9,78073.9,77563.5,77670.4,1861.617
1769974200000,77670.4,77775.9,76950.9,77142.4,3944.44
1769976000000,77142.4,77398.1,76543.7,76655.6,5731.337
1769977800000,76655.7,77708.2,76655.7,77073.5,4288.316
1769979600000,77073.6,77111.5,76425.1,76955.8,5651.522
1769981400000,76955.9,77140.2,76307.4,76489.0,5079.515
1769983200000,76489.0,77753.6,76406.4,77158.9,7082.949
1769985000000,77158.8,77575.0,77106.3,77211.4,2395.275
1769986800000,77211.4,77300.2,75644.0,76762.1,18112.389
1769988600000,76762.1,77586.9,76668.7,76931.5,6335.035
1769990400000,76931.6,78050.0,76560.8,77897.5,8244.388
1769992200000,77897.6,78111.0,77508.9,77638.6,3468.204
1769994000000,77638.5,77915.0,76568.8,77737.8,7345.968
1769995800000,77737.9,77800.0,77319.7,77482.2,2983.401
1769997600000,77482.1,77529.3,76926.5,77085.5,3372.457
1769999400000,77085.5,77220.4,76403.5,76447.2,5039.538
1770001200000,76447.1,76538.7,75000.0,75045.8,18584.562
1770003000000,75045.8,76450.0,74555.0,76256.2,20994.0
1770004800000,76256.2,76483.7,75286.2,76440.8,8708.634
1770006600000,76440.7,76579.4,75743.7,75856.3,4806.432
1770008400000,75856.3,75958.9,74868.0,75045.9,7506.672
1770010200000,75046.0,75641.1,74853.0,75449.6,5946.384
1770012000000,75449.6,76043.1,75101.9,75656.0,6629.119
1770013800000,75655.9,76800.0,74900.1,76511.3,12964.641
1770015600000,76511.3,76810.1,76282.2,76400.9,4930.454
1770017400000,76400.9,76930.0,76380.0,76612.6,4656.925
1770019200000,76612.6,77157.8,76576.7,76745.3,4706.306
1770021000000,76745.3,77061.1,76618.4,76831.2,2634.108
1770022800000,76831.2,77333.0,76610.9,77322.8,3783.984
1770024600000,77322.8,77776.7,77171.6,77666.0,7986.152
1770026400000,77666.0,77815.8,77422.8,77612.4,3896.301
1770028200000,77612.4,77800.0,77420.7,77463.3,2151.919
1770030000000,77463.3,77777.0,77398.2,77776.9,2454.593
1770031800000,77777.0,77937.7,77657.4,77716.1,3299.632
1770033600000,77716.0,78400.0,77665.0,78131.2,5470.151
1770035400000,78131.1,78147.9,77765.4,77947.5,3203.479
1770037200000,77947.5,78093.6,77756.5,77877.4,2886.751
1770039000000,77877.4,78452.5,77771.7,78172.1,4303.779
1770040800000,78172.2,78256.0,77570.0,77980.7,4366.099
1770042600000,77980.6,78835.5,77603.8,77797.6,17447.906
1770044400000,77797.8,78899.0,77515.6,78567.2,10082.754
1770046200000,78567.2,79311.0,78378.4,78800.6,11192.961
1770048000000,78800.5,79248.0,78550.0,79127.5,6282.828
1770049800000,79127.5,79169.9,78525.7,78588.8,4043.086
1770051600000,78588.8,79166.2,78553.1,78909.9,3585.828
1770053400000,78909.9,79159.5,78700.0,78936.8,2662.637
1770055200000,78936.7,78936.7,78318.5,78382.3,3685.046
1770057000000,78382.3,78829.0,78356.6,78523.9,2583.674
1770058800000,78523.9,78652.3,78266.0,78438.4,2370.142
1770060600000,78438.4,78509.4,78234.9,78299.2,1982.194
1770062400000,78299.1,78634.0,78080.0,78370.5,3223.144
1770064200000,78370.4,78418.5,77843.2,77976.7,3786.464
1770066000000,77976.9,78431.9,77880.0,78252.2,2334.522
1770067800000,78252.3,78520.0,78230.1,78489.0,1315.11
1770069600000,78489.0,78818.2,78488.9,78626.1,1589.905
1770071400000,78626.1,78811.0,78597.6,78758.2,915.937
1770073200000,78758.3,78804.7,78520.4,78584.0,1629.022
1770075000000,78584.1,78935.9,78558.3,78692.5,1608.221
1770076800000,78692.5,78903.4,78366.6,78878.6,2543.319
1770078600000,78878.5,79070.4,78721.2,79031.1,2121.376
1770080400000,79031.1,79163.0,78677.0,78866.9,2498.729
1770082200000,78866.9,78990.8,78756.7,78980.0,1095.92
1770084000000,78980.0,78980.1,78424.1,78664.0,1873.18
1770085800000,78664.0,78677.0,77750.2,77774.8,5190.803
1770087600000,77774.8,78276.0,77566.5,78263.2,5404.792
1770089400000,78263.2,78874.9,78204.0,78710.7,4128.001
1770091200000,78710.7,78760.3,78431.5,78471.1,2509.401
1770093000000,78471.2,78967.9,78462.9,78767.4,3143.548
1770094800000,78767.5,78775.7,78244.8,78392.9,2093.293
1770096600000,78392.8,78463.5,78183.8,78202.9,1512.44
1770098400000,78202.8,78619.8,77900.1,78522.8,4487.598
1770100200000,78522.7,78635.0,78387.2,78557.3,1694.107
1770102000000,78557.4,78864.1,78448.1,78634.6,2460.838
1770103800000,78634.7,78898.9,78600.0,78749.9,1959.272
1770105600000,78750.0,78948.2,78426.0,78846.7,2608.124
1770107400000,78846.7,79049.0,78642.1,78708.7,2385.262
1770109200000,78708.7,78803.6,77917.8,77920.0,7557.677
1770111000000,77919.9,78413.8,77900.0,78351.5,2996.345
1770112800000,78351.4,78520.0,78295.0,78422.5,1512.764
1770114600000,78422.6,78422.6,78012.3,78077.2,2230.621
1770116400000,78077.3,78245.4,77976.0,78012.5,1954.393
1770118200000,78012.5,78315.9,77960.0,78040.1,1958.211
1770120000000,78040.1,78299.0,77950.0,78280.3,2005.238
1770121800000,78280.1,78377.8,78170.0,78289.8,2015.858
1770123600000,78289.8,78423.0,78151.0,78391.7,2075.806
1770125400000,78391.7,78425.8,78150.0,78260.4,2151.366
1770127200000,78260.4,78397.5,78041.6,78385.3,3333.81
1770129000000,78385.3,78385.3,77131.2,77164.5,15447.716
1770130800000,77164.5,78090.3,77000.5,77700.0,14288.563
1770132600000,77699.9,78184.0,77275.0,78094.1,10128.765
1770134400000,78094.2,78101.5,76600.0,76642.9,14767.02
1770136200000,76642.8,76869.5,76448.0,76458.2,9773.639
1770138000000,76458.2,76500.0,75650.0,75865.1,15904.296
1770139800000,75865.0,75928.2,74844.7,74882.4,13031.733
1770141600000,74882.4,75267.8,73949.5,74071.0,24706.431
1770143400000,74071.0,74272.9,73100.0,73111.7,19437.004
1770145200000,73111.7,75218.0,72889.2,74898.2,29823.731
1770147000000,74898.3,75221.4,74248.2,74893.8,10791.777
1770148800000,74893.9,75852.9,74541.0,75615.2,9061.597
1770150600000,75615.2,76690.0,75585.7,76431.9,15471.739
1770152400000,76431.9,76920.7,76316.9,76461.1,5937.893
1770154200000,76461.2,76615.2,76069.0,76199.9,3532.134
1770156000000,76200.0,76269.6,75482.2,75993.1,6762.42
1770157800000,75993.1,76049.9,75377.3,75672.5,2656.934
1770159600000,75672.5,75921.8,75393.4,75714.9,3969.71
1770161400000,75715.0,75969.3,75512.9,75732.4,2730.322
1770163200000,75732.4,76032.8,75420.0,75981.2,3367.61
1770165000000,75981.2,76229.1,75841.6,75871.0,3026.798
1770166800000,75871.0,76553.5,75871.0,76423.4,3590.892
1770168600000,76423.3,76786.1,76255.9,76392.0,3656.15
1770170400000,76392.1,76571.9,76133.0,76151.4,2368.517
1770172200000,76151.3,76151.4,75670.0,75926.8,3465.97
1770174000000,75926.9,76680.1,75870.5,76355.7,2894.997
1770175800000,76355.6,76952.5,76340.5,76661.1,2859.359
1770177600000,76661.1,76809.4,76488.8,76558.7,1464.428
1770179400000,76558.7,76729.4,76385.1,76448.0,1248.744
1770181200000,76448.0,76497.2,76318.4,76433.4,1340.002
1770183000000,76433.4,76433.4,76072.0,76255.0,1915.827
1770184800000,76255.0,76549.3,76218.5,76452.3,1508.636
1770186600000,76452.3,76761.0,76403.1,76616.9,2174.337
1770188400000,76616.8,76626.4,76304.0,76416.5,1935.806
1770190200000,76416.5,76597.7,76345.0,76478.9,1579.147
1770192000000,76478.9,76507.7,76027.0,76088.5,3361.88
1770193800000,76088.4,76557.8,76042.0,76541.3,2336.794
1770195600000,76541.2,76568.0,76075.2,76116.2,2193.662
1770197400000,76116.2,76200.9,75925.5,76081.9,3112.156
1770199200000,76082.0,76194.0,76025.6,76070.5,1720.732
1770201000000,76070.4,76308.9,76065.9,76266.8,1665.774
1770202800000,76266.7,76266.8,75629.9,75815.5,5904.243
1770204600000,75815.6,76217.9,75810.5,75987.6,3537.129
1770206400000,75987.6,76239.4,75968.5,76043.6,2867.211
1770208200000,76043.7,76245.5,76025.2,76160.0,2190.921
1770210000000,76160.0,76163.6,75722.2,75829.9,2772.578
1770211800000,75830.0,75915.2,74829.6,74838.4,10156.599
1770213600000,74838.3,75544.0,74770.0,75263.2,7614.525
1770215400000,75263.1,75764.4,74201.5,74328.9,18107.814
1770217200000,74329.0,75299.0,73799.2,74865.6,20372.453
1770219000000,74865.6,74956.7,73756.0,74107.0,13967.744
1770220800000,74107.0,74211.8,73356.0,74109.9,15634.401
1770222600000,74110.0,74198.7,73038.0,73609.1,14679.765
1770224400000,73609.1,73825.7,72377.0,72450.0,19567.025
1770226200000,72450.0,72946.2,72101.0,72544.2,16099.721
1770228000000,72544.3,73574.1,72227.8,73383.9,18106.003
1770229800000,73383.9,74097.6,73243.0,73398.4,12665.343
1770231600000,73398.4,73894.5,73050.0,73128.0,6560.049
1770233400000,73127.9,73987.4,73004.0,73895.3,7427.054
1770235200000,73895.2,74141.1,73458.5,73568.3,4902.266
1770237000000,73568.4,73708.3,73390.1,73488.9,2333.377
1770238800000,73488.9,73632.0,73056.4,73060.9,3157.29
1770240600000,73060.8,73319.1,72150.0,72772.8,6975.162
1770242400000,72772.9,73675.3,71838.0,73477.6,11201.201
1770244200000,73477.5,73500.0,72400.0,72511.1,4763.488
1770246000000,72511.0,73366.2,72431.3,73353.7,5110.489
1770247800000,73353.7,73500.0,73116.1,73137.4,3662.57
1770249600000,73137.5,73300.0,72724.0,73221.4,4135.171
1770251400000,73221.2,73221.2,72784.8,72838.9,2289.716
1770253200000,72838.9,73316.3,71950.0,72941.4,9196.587
1770255000000,72941.4,73166.7,72222.0,72389.2,5238.284
1770256800000,72389.1,72539.5,71600.0,72294.3,11182.347
1770258600000,72294.3,72832.5,71263.1,71429.1,12993.988
1770260400000,71429.1,71850.0,71248.0,71490.9,10353.263
1770262200000,71490.9,71594.1,71111.0,71198.9,6288.44
1770264000000,71199.0,71420.3,70676.3,70997.7,16815.285
1770265800000,70997.6,71378.9,70700.1,70873.2,6515.275
1770267600000,70863.9,71050.0,70085.3,70399.6,12792.78
1770269400000,70399.5,71122.0,70299.0,70694.9,8650.45
1770271200000,70694.8,70877.0,70367.1,70495.0,6372.745
1770273000000,70495.0,70955.0,70492.9,70911.4,5601.187
1770274800000,70911.5,71600.0,70867.2,71383.3,8281.041
1770276600000,71383.2,71406.4,70587.5,70716.1,5600.483
1770278400000,70716.1,71477.0,70639.7,71305.0,5479.831
1770280200000,71304.9,71511.0,71001.7,71020.9,3972.985
1770282000000,71020.9,71944.4,71006.5,71700.9,8431.683
1770283800000,71700.9,71779.1,71408.4,71531.7,3227.162
1770285600000,71531.6,71693.0,71280.0,71678.4,2892.416
1770287400000,71678.5,71693.3,70609.4,70820.3,6349.967
1770289200000,70820.3,71020.0,69908.6,70030.6,14821.031
1770291000000,70030.7,70688.8,69862.0,70279.0,9981.062
1770292800000,70279.1,70566.6,69112.1,69601.3,22625.741
1770294600000,69601.4,69800.0,69159.7,69532.9,12446.107
1770296400000,69532.9,69798.6,69223.0,69258.7,6689.715
1770298200000,69258.6,69717.0,69229.6,69656.3,6307.413
1770300000000,69656.3,70294.6,69450.0,70094.9,10677.032
1770301800000,70095.0,70848.6,69247.3,69365.5,19582.42
1770303600000,69365.4,69569.6,66710.1,66804.2,54817.998
1770305400000,66804.3,68226.4,66666.0,67451.9,35646.249
1770307200000,67452.0,68222.2,66904.2,68139.7,20159.088
1770309000000,68139.8,68667.4,67543.9,68262.7,15919.195
1770310800000,68262.7,68348.6,66400.0,67378.5,25310.656
1770312600000,67378.5,67514.7,66125.0,66153.9,17551.332
1770314400000,66153.8,66519.2,65441.6,65810.0,22044.349
1770316200000,65810.3,66448.0,65359.1,66312.1,15093.812
1770318000000,66312.1,66615.3,65601.0,65835.1,11364.195
1770319800000,65835.0,66140.8,65160.0,65237.4,11342.615
1770321600000,65237.5,65678.1,63333.1,63820.7,36697.251
1770323400000,63820.6,64126.6,62233.3,63750.9,40836.438
1770325200000,63750.9,64759.2,62853.9,63954.0,30009.237
1770327000000,63954.1,64242.4,63007.1,63188.8,15671.405
1770328800000,63188.8,64297.7,62644.3,64079.2,15147.216
1770330600000,64079.3,64591.1,63600.0,63878.7,10821.693
1770332400000,63878.7,64866.0,63750.3,64367.3,12719.631
1770334200000,64367.4,64468.6,62666.3,62868.1,13145.774
1770336000000,62868.1,63028.6,59800.0,61315.8,60105.746
1770337800000,61315.8,63812.5,61266.0,63460.4,33983.833
1770339600000,63460.4,64881.1,63458.1,64059.7,22774.319
1770341400000,64059.6,65741.4,63969.1,65666.0,16904.505
1770343200000,65666.0,65969.5,64124.9,64567.2,17447.809
1770345000000,64567.1,65376.6,64405.0,64955.6,11124.313
1770346800000,64955.6,65126.9,64320.5,64659.3,6816.164
1770348600000,64659.2,64899.6,63702.3,64138.1,7813.619
1770350400000,64138.1,64974.8,63924.7,64869.4,6245.206
1770352200000,64869.4,64957.0,64512.3,64865.1,3700.043
1770354000000,64865.1,65699.9,64767.3,65424.9,6325.521
1770355800000,65424.9,66783.0,65336.6,66365.3,12757.471
1770357600000,66365.3,66753.7,65530.0,65800.2,11045.154
1770359400000,65800.1,65811.1,64805.3,64947.6,12388.472
1770361200000,64947.6,65292.6,64596.7,64948.9,9787.906
1770363000000,64948.8,65509.6,64590.1,64811.2,7848.195
1770364800000,64811.2,65168.9,64438.9,64774.9,6421.241
1770366600000,64775.0,65100.0,64450.0,64850.1,7462.183
1770368400000,64850.2,65620.6,64716.6,65578.8,6584.801
1770370200000,65578.8,66119.2,65540.0,65757.9,8682.806
1770372000000,65757.9,66198.7,65500.0,65989.1,5802.621
1770373800000,65989.0,66147.5,65750.7,65929.4,5417.046
1770375600000,65929.5,66063.6,65732.1,66024.0,3470.251
1770377400000,66024.0,66773.4,65976.0,66586.1,10269.799
1770379200000,66586.1,66588.0,66171.4,66353.2,5175.649
1770381000000,66353.1,66581.9,66072.0,66522.6,4742.696
1770382800000,66522.7,67472.0,66440.8,66899.1,15792.609
1770384600000,66899.0,67661.8,66750.5,67274.9,8240.05
1770386400000,67274.9,67370.0,66539.3,67072.1,10730.531
1770388200000,67072.1,68588.0,66996.0,68149.1,28988.512
1770390000000,68149.1,68549.7,67715.0,68122.0,16474.008
1770391800000,68121.9,69157.9,68000.0,68577.5,15542.996
1770393600000,68577.5,69750.1,68348.0,69450.1,17254.833
1770395400000,69450.1,70188.8,69350.0,69896.0,18108.686
1770397200000,69896.0,71000.0,69536.0,70882.2,16964.53
1770399000000,70879.7,71451.6,70479.7,70707.3,16840.264
1770400800000,70707.3,70772.1,69301.8,69522.8,17257.101
1770402600000,69522.9,70264.6,69355.0,69728.7,9422.88
1770404400000,69728.7,70438.5,69608.0,70209.9,6570.951
1770406200000,70209.9,70927.8,70086.1,70675.5,5556.051
1770408000000,70675.5,70797.2,70159.0,70527.0,4839.858
1770409800000,70526.9,70954.7,69925.3,69939.0,8382.561
1770411600000,69939.0,70454.8,69764.7,70341.3,4594.713
1770413400000,70341.4,70396.3,70055.5,70308.7,1795.312
1770415200000,70308.7,70784.9,70227.7,70775.3,5168.996
1770417000000,70775.3,71550.0,70769.3,71321.1,7730.947
1770418800000,71321.2,71714.4,70501.7,70539.8,8964.198
1770420600000,70539.8,70847.0,70469.1,70544.5,2864.813
1770422400000,70544.5,70569.4,69967.2,70066.8,7009.953
1770424200000,70066.8,70294.0,69674.5,69917.1,7122.578
1770426000000,69917.2,70140.0,69695.9,69949.9,3207.449
1770427800000,69950.0,70665.1,69900.0,70431.1,4178.674
1770429600000,70431.0,70589.1,70272.9,70402.9,2086.951
1770431400000,70403.0,70515.4,70101.1,70319.0,2089.736
1770433200000,70319.1,70850.0,70237.4,70820.1,3571.133
1770435000000,70820.1,70899.5,70534.5,70887.1,2589.281
1770436800000,70887.2,71690.0,70804.2,71114.4,8934.96
1770438600000,71114.5,71229.1,70564.0,70728.7,3838.163
1770440400000,70728.6,71150.0,70089.9,70229.8,6981.894
1770442200000,70229.8,70378.0,69906.4,70124.6,4959.828
1770444000000,70124.6,70274.5,69830.0,70177.3,3572.88
1770445800000,70177.2,70265.7,68700.0,68733.6,15885.869
1770447600000,68733.6,69050.0,67250.0,67977.3,30872.734
1770449400000,67977.3,68662.0,67500.1,68050.5,13656.822
1770451200000,68050.5,68627.7,67710.8,68370.6,11455.506
1770453000000,68370.5,68797.8,68289.2,68458.5,5278.958
1770454800000,68458.6,68732.0,68400.0,68431.3,3242.912
1770456600000,68431.2,68442.6,67855.0,68107.4,6054.557
1770458400000,68107.3,68288.0,67818.4,67907.0,3201.937
1770460200000,67907.0,68044.6,67550.2,67954.8,4563.801
1770462000000,67954.8,68132.1,67837.4,67895.4,2494.335
1770463800000,67895.4,68020.0,67639.2,67935.1,3542.139
1770465600000,67935.0,70000.0,67870.2,69282.8,19354.499
1770467400000,69282.7,69972.3,68762.8,68988.7,10983.119
1770469200000,68988.7,69237.8,68859.2,69212.8,4083.133
1770471000000,69212.9,69333.0,68771.8,69062.8,3262.135
1770472800000,69062.9,69154.9,68812.0,68907.5,2407.465
1770474600000,68912.1,69009.5,68290.0,68615.9,5964.739
1770476400000,68615.8,69470.0,68519.9,69235.3,7293.145
1770478200000,69235.8,69776.9,69000.0,69122.1,6378.144
1770480000000,69122.1,69887.7,69000.0,69273.0,15561.037
1770481800000,69273.0,69447.2,68801.0,68924.3,3279.692
1770483600000,68924.4,69099.8,68478.1,69044.4,4620.782
1770485400000,69044.5,69399.2,68914.4,69154.3,2898.894
1770487200000,69154.2,69500.0,68966.9,69317.1,2498.795
1770489000000,69317.1,69672.6,69232.0,69475.0,2384.567
1770490800000,69475.0,69555.2,69244.4,69391.6,1416.333
1770492600000,69391.6,69467.5,69222.3,69341.4,1427.155
1770494400000,69341.3,69470.2,69216.6,69401.0,920.773
1770496200000,69400.9,69688.2,69339.7,69596.5,1490.203
1770498000000,69596.5,69669.7,69379.0,69460.0,945.859
1770499800000,69460.0,69614.4,69312.0,69466.3,1064.919
1770501600000,69466.2,69673.6,69376.9,69542.2,1169.752
1770503400000,69542.1,69542.1,69273.5,69368.2,759.054
1770505200000,69368.2,69398.7,68734.6,68996.0,4240.443
1770507000000,68996.0,69436.8,68996.0,69254.2,1865.964
1770508800000,69254.3,69399.4,68962.5,69004.5,1965.596
1770510600000,69004.5,69156.8,68843.7,69100.2,2088.705
1770512400000,69100.3,69370.9,69062.4,69116.2,1653.977
1770514200000,69116.3,69478.2,69057.4,69341.5,1649.632
1770516000000,69341.4,69666.0,69200.0,69393.9,2301.129
1770517800000,69393.9,69503.8,69111.0,69335.7,2074.284
1770519600000,69335.7,69418.2,69151.9,69303.1,1664.903
1770521400000,69303.2,69386.5,69026.5,69064.7,1513.426
1770523200000,69064.7,69296.3,68928.0,69203.1,1552.223
1770525000000,69203.2,69348.8,69084.2,69303.4,872.315
1770526800000,69303.4,69397.1,69184.7,69239.9,1633.87
1770528600000,69240.0,69257.8,69112.2,69190.7,994.062
1770530400000,69190.8,69374.6,69055.0,69326.2,1876.915
1770532200000,69326.1,69391.1,69212.6,69321.8,931.212
1770534000000,69321.7,69457.5,69175.9,69422.4,1991.228
1770535800000,69422.3,69693.0,69365.3,69665.0,2251.61
1770537600000,69665.1,70382.7,69467.9,70168.0,7701.514
1770539400000,70168.0,70790.0,70030.7,70624.5,8598.008
1770541200000,70624.4,70671.5,70253.3,70412.4,2932.165
1770543000000,70412.5,70565.8,70058.0,70066.8,3965.223
1770544800000,70066.9,70422.2,69839.1,70009.6,7503.341
1770546600000,70009.6,70381.6,69976.0,70231.1,2589.809
1770548400000,70231.1,70913.1,70182.1,70660.1,4587.85
1770550200000,70660.0,71199.9,70629.5,70954.0,5943.938
1770552000000,70954.0,71010.0,70720.0,70918.0,2419.084
1770553800000,70918.0,71281.3,70653.0,71203.4,5046.241
1770555600000,71203.4,71455.0,70921.6,71409.1,4325.224
1770557400000,71409.1,71479.7,71150.4,71472.6,3225.118
1770559200000,71472.5,71524.9,71119.1,71199.3,3332.58
1770561000000,71199.3,71312.8,71047.1,71218.3,2120.171
1770562800000,71218.3,71433.2,70730.2,70870.4,4543.72
1770564600000,70870.3,71257.7,70832.9,71152.6,3243.106
1770566400000,71152.5,71225.5,70941.1,71118.9,2098.225
1770568200000,71118.9,71119.1,70220.1,70388.7,7107.716
1770570000000,70388.6,70834.0,70374.8,70526.6,3650.298
1770571800000,70526.5,70840.9,70526.5,70754.5,1860.218
1770573600000,70754.4,71049.3,70710.4,70951.7,2396.126
1770575400000,70951.6,71376.3,70943.2,71103.1,3358.933
1770577200000,71103.0,71333.2,71100.5,71164.6,1318.718
1770579000000,71164.6,71480.0,71105.5,71381.0,1655.638
1770580800000,71381.0,71381.3,70889.9,70988.7,2551.242
1770582600000,70988.8,71146.0,70657.7,70801.5,1753.345
1770584400000,70801.5,71103.8,70692.5,70932.8,1420.087
1770586200000,70932.9,70974.7,70500.0,70665.4,1980.418
1770588000000,70665.5,70950.0,70660.0,70818.5,1257.328
1770589800000,70818.4,71076.4,70607.4,71036.2,1345.268
1770591600000,71036.2,72300.0,70258.4,70473.7,19308.605
1770593400000,70473.3,70778.6,69913.3,70288.1,10599.243
1770595200000,70288.2,70738.5,70220.2,70438.9,4596.953
1770597000000,70438.8,70584.4,70065.8,70454.1,2852.853
1770598800000,70453.8,70892.8,70246.3,70680.9,3311.095
1770600600000,70681.0,70756.0,70013.3,70328.0,4380.17
1770602400000,70327.9,70472.0,70175.1,70420.1,1959.001
1770604200000,70420.2,70979.8,70403.4,70593.0,3543.863
1770606000000,70593.1,70924.5,70571.4,70794.1,1905.69
1770607800000,70794.1,71434.9,70794.0,71269.9,5525.514
1770609600000,71269.8,71320.0,70980.4,71212.4,2261.374
1770611400000,71212.3,71212.3,70875.0,70967.0,1832.955
1770613200000,70966.9,71020.7,70766.8,70990.3,1687.021
1770615000000,70990.2,71079.0,70820.0,71014.2,1804.45
1770616800000,71014.1,71014.2,70251.1,70379.6,4706.193
1770618600000,70379.5,70691.5,70332.6,70622.4,1826.769
1770620400000,70622.4,70868.1,70426.4,70680.2,2263.437
1770622200000,70680.1,70713.3,70317.8,70393.5,2780.788
1770624000000,70393.5,70583.3,70013.3,70056.4,4173.313
1770625800000,70056.4,70076.0,69358.6,69832.2,9081.529
1770627600000,69832.1,70081.9,69661.5,69859.2,3289.774
1770629400000,69859.1,69936.1,69429.5,69588.0,4545.872
1770631200000,69587.9,69698.9,68922.0,69000.0,8483.198
1770633000000,69000.0,69000.0,68373.9,68694.0,11399.512
1770634800000,68694.1,68954.5,68550.0,68832.8,4726.067
1770636600000,68832.9,68997.6,68643.0,68899.9,3311.717
1770638400000,68900.0,69220.0,68822.2,69008.0,5845.188
1770640200000,69008.0,69207.1,68893.7,69109.7,2537.646
1770642000000,69109.7,69275.7,68902.4,69237.8,3297.589
1770643800000,69237.9,69237.9,68548.3,68556.9,4833.983
1770645600000,68557.0,69020.7,68271.7,68950.0,9105.511
1770647400000,68950.1,69740.4,68456.9,69232.4,14480.583
1770649200000,69232.5,69843.7,68767.6,68884.5,9942.066
1770651000000,68884.5,69617.9,68809.1,69528.9,6485.253
1770652800000,69528.9,69687.5,69050.0,69557.8,4113.162
1770654600000,69557.8,70389.5,69279.0,70049.1,10798.86
1770656400000,70049.1,70304.6,69824.4,70007.9,5331.134
1770658200000,70007.9,71008.0,69940.0,70570.6,10400.432
1770660000000,70570.6,70978.6,70045.9,70243.4,5959.717
1770661800000,70243.4,70524.1,70090.0,70379.9,3122.57
1770663600000,70379.9,70660.0,70213.1,70627.1,2635.201
1770665400000,70627.1,71041.0,70591.7,70912.7,4623.547
1770667200000,70912.6,71085.0,70450.0,70506.7,4350.818
1770669000000,70506.7,70824.9,70451.2,70683.9,3605.881
1770670800000,70683.9,70758.0,70249.0,70282.4,2078.865
1770672600000,70282.5,70463.7,69776.1,70362.4,5961.556
1770674400000,70362.4,70687.9,70236.3,70413.6,2469.891
1770676200000,70413.6,70576.1,70300.0,70334.2,1201.234
1770678000000,70334.2,70542.9,70216.0,70247.4,1586.569
1770679800000,70247.4,70404.0,70042.1,70110.5,1426.464
1770681600000,70110.6,70226.3,69846.8,69955.8,2780.637
1770683400000,69955.8,70083.7,69705.8,69793.3,2262.078
1770685200000,69793.3,70435.2,69793.3,70328.3,2774.666
1770687000000,70328.4,70499.9,70207.7,70454.7,2262.936
1770688800000,70454.7,70454.7,70203.9,70208.6,1440.896
1770690600000,70208.7,70260.0,69952.8,70068.4,2086.643
1770692400000,70068.5,70137.4,69441.9,69508.0,4762.449
1770694200000,69508.0,69567.8,69155.8,69473.3,4162.802
1770696000000,69473.2,69877.9,69432.9,69794.5,3495.46
1770697800000,69794.4,69886.1,69600.0,69800.5,1600.332
1770699600000,69800.5,69832.1,69446.8,69494.9,2127.365
1770701400000,69494.9,69681.7,69169.1,69415.3,3794.218
1770703200000,69415.4,69469.8,69015.9,69168.6,3487.437
1770705000000,69168.6,69260.0,68633.3,68872.4,6261.879
1770706800000,68872.4,69173.4,68800.1,69045.1,4030.849
1770708600000,69045.0,69097.3,68825.0,68882.1,2113.814
1770710400000,68882.2,69074.2,68686.9,69001.1,3700.038
1770712200000,69001.1,69195.2,68799.4,69091.9,3112.043
1770714000000,69091.8,69376.3,69045.4,69239.8,3820.348
1770715800000,69239.9,69249.4,68913.9,69115.0,2401.711
1770717600000,69115.0,69232.7,68971.0,69140.0,1505.538
1770719400000,69140.0,69140.0,68876.5,68884.8,1579.362
1770721200000,68884.8,68970.0,68773.6,68900.1,1972.707
1770723000000,68900.2,69048.9,68406.4,68489.9,6698.689
1770724800000,68489.9,68789.9,68489.9,68717.1,3408.361
1770726600000,68717.1,68819.1,68370.3,68564.8,2936.592
1770728400000,68564.7,68763.8,68318.0,68689.8,3608.261
1770730200000,68689.9,69099.6,68657.5,68981.9,4419.295
1770732000000,68981.8,69554.7,68829.4,69176.1,7691.785
1770733800000,69176.0,69400.0,67883.0,68426.3,20032.44
1770735600000,68426.3,69298.5,68258.7,69182.1,12055.432
1770737400000,69182.1,69485.0,69057.0,69251.5,7007.87
1770739200000,69251.4,69778.0,68889.7,69387.1,7596.624
1770741000000,69387.1,69636.0,69218.2,69473.5,3302.642
1770742800000,69473.5,69774.7,69267.8,69627.5,3491.136
1770744600000,69627.5,69957.9,69576.7,69886.6,4515.099
1770746400000,69886.5,69910.1,68832.1,68862.1,5243.733
1770748200000,68862.1,69083.3,68555.6,68860.0,4768.917
1770750000000,68860.0,68957.0,68658.9,68898.2,2865.005
1770751800000,68898.3,69278.2,68852.6,69031.4,2956.029
1770753600000,69031.3,69116.9,68676.4,68780.1,2147.592
1770755400000,68780.2,68948.0,68585.6,68719.2,2317.241
1770757200000,68719.2,68980.0,68605.5,68616.0,1537.34
1770759000000,68616.0,68699.8,68322.1,68623.3,3010.082
1770760800000,68623.3,68764.9,68526.6,68657.3,1382.643
1770762600000,68657.2,68833.5,68595.9,68662.7,1153.739
1770764400000,68662.7,68729.4,68468.9,68625.2,1099.974
1770766200000,68625.2,68830.8,68549.0,68805.3,1089.88
1770768000000,68805.3,69218.3,68750.0,69149.5,2697.507
1770769800000,69149.4,69197.6,68978.5,69156.8,1253.037
1770771600000,69156.9,69262.7,68887.0,68917.5,1433.732
1770773400000,68917.5,69087.4,68868.8,68947.5,1238.764
1770775200000,68947.5,69132.7,68905.0,69023.9,1104.658
1770777000000,69023.9,69093.3,68563.8,68641.3,2814.076
1770778800000,68641.3,68718.0,67951.8,68245.0,6097.847
1770780600000,68245.0,68515.0,68123.8,68143.6,2505.576
1770782400000,68143.6,68288.0,67500.0,67534.8,6790.787
1770784200000,67534.9,67678.9,67320.0,67548.8,6733.694
1770786000000,67548.8,67781.4,67503.3,67546.4,2694.007
1770787800000,67546.4,67564.1,67357.0,67367.8,2864.444
1770789600000,67367.8,67463.4,66666.0,67086.0,10445.85
1770791400000,67085.9,67140.0,66511.0,66788.0,5404.15
1770793200000,66786.3,66983.4,66600.1,66962.9,4230.618
1770795000000,66962.9,67225.0,66905.5,67000.0,3957.01
1770796800000,67000.0,67094.4,66779.5,66895.3,3346.863
1770798600000,66895.3,67024.9,66755.2,66950.3,1847.851
1770800400000,66950.3,67085.5,66770.8,66947.6,2092.299
1770802200000,66947.6,66973.0,66682.1,66848.6,2027.955
1770804000000,66848.6,66864.8,66611.9,66838.9,2652.973
1770805800000,66839.0,66858.6,66342.6,66506.0,6197.076
1770807600000,66506.1,67087.4,66477.9,66961.6,4426.86
1770809400000,66961.6,67064.7,66854.6,67023.0,2644.785
1770811200000,67022.9,67400.0,66922.5,67188.1,6369.914
1770813000000,67188.1,67269.3,66976.6,67099.2,2647.306
1770814800000,67099.2,67177.7,66757.9,66986.1,3795.882
1770816600000,66985.8,67638.4,66836.5,67424.2,12983.302
1770818400000,67424.1,68821.1,67408.0,67974.3,20474.271
1770820200000,67974.3,68219.7,66400.0,66559.9,19080.534
1770822000000,66559.8,66770.7,65718.5,66162.7,19481.726
1770823800000,66162.8,66788.7,66029.2,66489.3,9755.895
1770825600000,66489.4,67250.0,66383.0,66579.1,8465.276
1770827400000,66579.0,66705.6,65910.0,66008.0,8422.743
1770829200000,66008.0,66718.7,65834.5,66625.9,5691.875
1770831000000,66625.9,66895.0,66414.2,66489.1,5453.24
1770832800000,66489.1,67063.8,66114.5,66891.2,4726.131
1770834600000,66891.1,67274.6,66770.0,67239.2,4052.337
1770836400000,67239.2,67732.9,67069.4,67392.1,6543.982
1770838200000,67392.1,67831.4,67254.8,67547.7,4146.927
1770840000000,67547.6,67720.0,67160.2,67178.0,2781.861
1770841800000,67177.9,67620.1,67138.4,67523.2,2567.103
1770843600000,67523.3,68194.9,67371.5,68153.5,4737.258
1770845400000,68153.5,68315.0,67761.8,67780.6,5585.856
1770847200000,67780.6,67844.1,67352.6,67535.2,2348.719
1770849000000,67535.2,67689.5,67353.8,67392.0,1677.9
1770850800000,67392.1,67528.7,66808.7,66984.5,4703.218
1770852600000,66984.5,67105.7,66757.4,67054.4,2629.849
1770854400000,67054.8,67485.8,67016.6,67355.0,3675.856
1770856200000,67355.1,67685.0,67355.1,67431.6,2445.634
1770858000000,67431.7,67849.0,67430.5,67778.4,2715.466
1770859800000,67778.5,68021.0,67576.6,67668.4,3388.389
1770861600000,67668.3,67769.1,67370.7,67500.2,2354.012
1770863400000,67500.2,67735.8,67390.0,67408.3,1826.756
1770865200000,67408.3,67531.8,67267.1,67356.2,1715.233
1770867000000,67356.2,67564.1,67300.3,67550.2,1008.728
1770868800000,67550.3,67659.6,67159.2,67183.5,3338.656
1770870600000,67183.4,67271.0,66962.8,66989.9,2686.054
1770872400000,66989.8,67178.2,66640.0,66850.0,3905.647
1770874200000,66849.9,67134.4,66822.5,67110.1,1755.733
1770876000000,67110.1,67329.0,66976.8,67260.2,1827.788
1770877800000,67260.3,67324.9,67050.0,67096.1,1317.872
1770879600000,67096.1,67296.8,66902.6,67195.2,1982.911
1770881400000,67195.2,67224.3,67054.3,67181.5,1154.555
1770883200000,67181.5,67313.9,66860.0,66896.3,2005.519
1770885000000,66896.3,67128.4,66878.3,67107.3,1529.99
1770886800000,67107.4,67293.4,67012.5,67263.0,1721.275
1770888600000,67263.0,67699.9,67207.6,67517.7,3591.064
1770890400000,67517.7,67598.3,67372.1,67580.9,1994.536
1770892200000,67580.9,67998.8,67576.1,67979.5,3677.364
1770894000000,67979.4,68230.0,67650.1,68170.2,6137.314
1770895800000,68170.3,68265.5,67971.7,68031.8,3052.765
1770897600000,68031.8,68125.8,67822.7,67948.5,3754.783
1770899400000,67948.6,67966.1,67684.8,67832.4,2486.429
1770901200000,67832.4,68043.5,67643.3,67733.3,3565.702
1770903000000,67733.3,68375.9,67691.5,68339.9,5014.221
1770904800000,68340.0,68385.0,67820.0,67958.5,3845.465
1770906600000,67958.5,68250.0,67448.4,67547.5,8918.802
1770908400000,67547.8,67927.5,66958.0,67821.5,10499.859
1770910200000,67821.6,67970.9,67033.0,67107.0,7037.297
1770912000000,67107.0,67221.9,65956.9,66034.5,15753.754
1770913800000,66034.4,66512.9,65503.2,65825.7,16714.124
1770915600000,65825.7,66238.8,65518.5,66100.0,9393.405
1770917400000,66100.0,66177.1,65320.4,65383.9,7447.955
1770919200000,65383.8,65763.0,65192.1,65277.3,7464.641
1770921000000,65277.2,65671.0,65081.0,65559.4,5232.538
1770922800000,65559.4,65941.2,65234.0,65742.6,4920.463
1770924600000,65742.5,66090.8,65728.0,65760.7,4044.812
1770926400000,65760.7,66008.7,65450.7,65475.6,3315.436
1770928200000,65475.7,65658.9,65177.8,65401.0,3866.51
1770930000000,65401.0,65770.0,65400.1,65575.7,2257.926
1770931800000,65575.7,65873.3,65549.3,65821.8,1736.099
1770933600000,65821.7,65927.3,65610.0,65927.2,1721.305
1770935400000,65927.3,66382.0,65850.0,66262.4,4425.259
1770937200000,66262.4,66460.8,66170.3,66370.8,3694.295
1770939000000,66370.8,66456.1,66131.1,66243.1,2073.062
1770940800000,66243.2,66498.4,65976.7,66000.1,3259.875
1770942600000,66000.0,66111.5,65833.9,65881.4,2582.129
1770944400000,65881.5,66265.0,65881.5,66190.5,2090.603
1770946200000,66190.5,66595.2,66190.5,66423.4,2693.825
1770948000000,66423.4,66625.0,66345.1,66494.5,1683.995
1770949800000,66494.6,66732.8,66427.4,66627.9,1871.034
1770951600000,66628.0,66741.6,66453.0,66646.9,1830.328
1770953400000,66646.8,66778.5,66423.1,66519.6,2038.676
1770955200000,66519.6,66650.2,66400.1,66418.7,1488.331
1770957000000,66418.7,66450.0,66273.4,66299.9,1655.606
1770958800000,66300.0,66424.5,66189.4,66292.2,1748.611
1770960600000,66292.1,66477.1,66151.5,66151.5,1568.611
1770962400000,66151.5,66279.9,66003.2,66095.6,1856.536
1770964200000,66095.6,66367.5,65964.2,66333.7,2109.739
1770966000000,66333.7,66545.7,66304.5,66489.0,2389.477
1770967800000,66489.0,66489.1,66012.2,66183.3,2963.927
1770969600000,66183.3,66476.0,66159.9,66382.9,2115.704
1770971400000,66382.9,66723.0,66341.4,66673.0,2984.386
1770973200000,66673.0,66834.7,66574.9,66789.9,2984.221
1770975000000,66789.9,67046.2,66737.2,66924.3,3953.802
1770976800000,66924.4,67078.4,66766.1,66882.1,3177.181
1770978600000,66882.0,67095.1,66808.8,66939.4,2323.411
1770980400000,66939.5,66999.9,66807.1,66944.5,1946.847
1770982200000,66944.6,67196.8,66750.0,67137.8,3374.886
1770984000000,67137.8,67143.2,66887.0,67058.9,2124.602
1770985800000,67058.9,67180.1,66965.5,67050.0,1682.495
1770987600000,67050.1,67400.0,66903.0,67304.4,4225.954
1770989400000,67304.3,67600.0,67074.0,67238.2,8632.049
1770991200000,67238.1,67368.8,67094.4,67284.8,2796.204
1770993000000,67284.9,67999.9,66823.6,67709.5,17379.038
1770994800000,67709.6,68888.0,67653.0,68864.1,16998.192
1770996600000,68864.1,69289.5,68325.0,68652.0,17625.616
1770998400000,68652.1,69141.0,68500.0,69043.4,9788.888
1771000200000,69043.4,69473.7,68864.0,68920.8,7942.996
1771002000000,68920.9,69112.4,68593.8,68938.1,5272.472
1771003800000,68938.1,69215.7,68924.2,69003.9,2978.799
1771005600000,69004.0,69179.5,68853.9,69037.8,3621.236
1771007400000,69037.8,69378.8,68972.0,69086.7,3763.433
1771009200000,69086.8,69197.0,68926.5,68970.0,2376.68
1771011000000,68970.0,69093.6,68865.2,68904.2,2419.755
1771012800000,68904.3,68936.1,68670.7,68796.9,2495.939
1771014600000,68796.9,68925.7,68639.7,68750.1,3458.567
1771016400000,68750.1,69055.9,68700.1,68871.0,2885.979
1771018200000,68871.0,68916.8,68766.6,68869.2,1589.336
1771020000000,68869.2,68962.3,68674.6,68845.3,2470.568
1771021800000,68845.3,68975.9,68760.4,68968.9,1064.075
1771023600000,68968.9,68985.4,68808.1,68875.8,1432.506
1771025400000,68875.9,68950.0,68784.1,68821.5,1326.169
1771027200000,68821.5,68884.4,68736.2,68876.2,1373.074
1771029000000,68876.1,69118.1,68856.2,69062.2,2028.015
1771030800000,69062.2,69082.8,68942.0,69023.0,1820.111
1771032600000,69023.0,69041.0,68888.1,68932.0,970.503
1771034400000,68932.0,68981.1,68830.0,68878.2,939.12
1771036200000,68878.2,68931.0,68817.2,68849.2,1210.894
1771038000000,68849.3,68925.0,68818.0,68905.5,726.074
1771039800000,68905.4,68994.1,68869.3,68947.7,574.906
1771041600000,68947.7,68967.3,68838.7,68880.7,610.889
1771043400000,68880.7,68893.7,68755.6,68763.6,913.717
1771045200000,68763.5,68878.3,68718.0,68839.0,790.556
1771047000000,68839.0,68843.8,68712.8,68738.1,930.635
1771048800000,68738.2,68860.6,68689.1,68860.6,1053.963
1771050600000,68860.5,68897.6,68818.6,68895.3,614.961
1771052400000,68895.4,68930.0,68848.1,68924.8,787.822
1771054200000,68924.7,69318.2,68915.0,69182.2,3424.842
1771056000000,69182.1,69780.0,69174.5,69460.6,5509.237
1771057800000,69460.7,69847.1,69430.5,69707.3,3505.528
1771059600000,69707.3,69868.6,69532.3,69551.9,2575.524
1771061400000,69552.0,69729.3,69551.6,69675.6,1068.599
1771063200000,69675.6,69675.6,69542.3,69583.3,1057.303
1771065000000,69583.4,69650.2,69568.9,69633.8,757.438
1771066800000,69633.8,70455.0,69633.7,70159.8,8467.868
1771068600000,70159.8,70557.7,70008.4,70464.8,4487.275
1771070400000,70464.8,70499.4,70266.3,70324.9,2900.585
1771072200000,70324.9,70331.2,69525.6,69602.2,10220.037
1771074000000,69602.2,69734.0,69163.7,69234.0,8335.051
1771075800000,69234.1,69548.0,69230.8,69430.1,3888.263
1771077600000,69430.0,69618.0,69295.0,69422.1,2784.604
1771079400000,69422.1,69825.0,69422.1,69667.3,3222.085
1771081200000,69667.3,70010.6,69528.3,69830.5,3359.565
1771083000000,69830.5,69927.9,69680.3,69754.2,1660.177
1771084800000,69754.2,69787.3,69295.8,69394.3,3739.299
1771086600000,69394.2,69765.2,69259.1,69731.3,3819.143
1771088400000,69731.2,69903.3,69581.9,69794.6,2405.986
1771090200000,69794.6,69854.4,69632.0,69710.9,1503.06
1771092000000,69710.9,69832.0,69641.6,69707.3,1354.604
1771093800000,69707.4,69778.0,69650.0,69741.0,833.605
1771095600000,69741.1,69859.8,69573.8,69809.2,1226.429
1771097400000,69809.1,69897.1,69771.7,69849.0,1071.318
1771099200000,69848.9,69969.8,69682.0,69799.2,2152.673
1771101000000,69799.1,69999.0,69780.0,69987.4,1251.052
1771102800000,69987.5,70230.6,69944.1,69962.1,2971.479
1771104600000,69962.1,69987.5,69600.0,69896.4,3036.99
1771106400000,69896.4,70000.0,69737.0,69900.9,1762.94
1771108200000,69901.0,70065.0,69883.9,69927.3,1136.945
1771110000000,69927.3,69984.6,69678.1,69794.0,2270.857
1771111800000,69794.1,69833.3,69736.0,69795.4,1428.645
1771113600000,69795.4,69827.3,69598.2,69667.1,1935.238
1771115400000,69667.1,69772.6,69562.0,69743.4,1303.641
1771117200000,69743.4,69872.1,69431.8,69492.9,1982.923
1771119000000,69492.9,69694.1,69316.0,69684.9,2654.57
1771120800000,69684.9,69726.9,69372.1,69438.1,1551.066
1771122600000,69438.0,69546.0,69325.9,69450.6,1244.199
1771124400000,69450.6,69562.0,69412.0,69412.0,702.722
1771126200000,69412.1,69967.4,69212.2,69926.0,7197.538
1771128000000,69925.9,70499.8,69925.9,70170.9,8996.775
1771129800000,70170.9,70351.6,70077.0,70157.0,2094.337
1771131600000,70156.9,70467.8,70101.5,70300.0,2292.374
1771133400000,70300.1,70418.4,70229.3,70235.9,1271.329
1771135200000,70235.9,70514.8,70150.0,70348.2,1998.239
1771137000000,70348.3,70506.8,70253.9,70370.2,1471.615
1771138800000,70370.2,70865.1,70275.5,70642.5,3711.821
1771140600000,70642.4,70907.7,70550.0,70784.0,4410.882
1771142400000,70784.0,70938.5,70521.3,70530.9,3559.04
1771144200000,70531.0,70572.3,70114.8,70405.1,5627.096
1771146000000,70405.1,70628.0,70336.7,70592.0,1748.329
1771147800000,70591.9,70592.0,70330.7,70382.5,1283.429
1771149600000,70382.5,70424.6,70166.9,70400.9,1867.071
1771151400000,70400.8,70487.8,70253.7,70389.5,1252.169
1771153200000,70389.6,70514.6,70320.0,70353.7,1221.548
1771155000000,70353.6,70366.4,70237.1,70268.7,1758.121
1771156800000,70268.6,70371.9,69946.0,70332.7,4428.488
1771158600000,70332.6,70391.0,69266.1,69284.9,8755.942
1771160400000,69285.0,69593.2,68980.0,69020.0,9215.401
1771162200000,69020.1,69146.7,68741.4,68907.2,7937.299
1771164000000,68907.2,69082.8,68811.5,69059.5,3909.853
1771165800000,69059.5,69180.0,68936.0,69140.0,2949.97
1771167600000,69139.9,69230.0,68845.0,68858.8,3062.203
1771169400000,68858.7,69068.1,68848.1,69068.1,1527.893
1771171200000,69068.1,69068.1,68753.0,69044.1,3089.872
1771173000000,69044.1,69074.0,68888.0,68977.6,1190.281
1771174800000,68977.6,69050.4,68880.0,68961.5,1478.465
1771176600000,68961.4,69026.3,68152.0,68607.8,8742.661
1771178400000,68607.8,68770.9,68404.9,68526.5,2594.996
1771180200000,68526.5,68689.9,68313.6,68420.0,4553.023
1771182000000,68420.0,68542.6,68029.6,68524.4,7073.528
1771183800000,68524.5,68529.7,68182.7,68263.6,1861.393
1771185600000,68263.7,68462.3,68100.2,68457.0,1718.954
1771187400000,68457.0,68535.4,68371.0,68420.1,1021.089
1771189200000,68420.1,68800.0,68420.1,68764.7,2358.337
1771191000000,68764.7,68934.0,68675.5,68809.0,2214.51
1771192800000,68809.0,69042.4,68756.3,68974.1,1563.696
1771194600000,68974.1,69049.2,68873.0,68962.2,1423.993
1771196400000,68962.2,68962.2,68291.1,68612.8,3557.118
1771198200000,68612.8,68803.0,68510.1,68796.9,1885.093
1771200000000,68796.9,69033.6,68688.9,68812.9,2304.817
1771201800000,68813.0,68933.9,68656.9,68810.4,1184.89
1771203600000,68810.4,69010.0,68608.9,68690.7,1534.776
1771205400000,68690.7,68734.0,68409.3,68590.8,1696.683
1771207200000,68590.8,68697.9,68301.0,68322.7,1676.411
1771209000000,68322.8,68493.8,68210.8,68295.1,1757.427
1771210800000,68295.2,68420.0,68138.1,68152.7,1628.252
1771212600000,68152.8,68439.9,68112.2,68392.6,1654.183
1771214400000,68392.6,68768.0,68385.0,68742.0,2194.391
1771216200000,68742.0,68869.8,68650.3,68832.4,1366.511
1771218000000,68832.4,68860.7,68345.7,68428.0,1594.646
1771219800000,68428.0,68463.1,68255.0,68350.1,1441.52
1771221600000,68350.1,68412.6,68183.3,68315.9,1138.713
1771223400000,68315.8,68496.9,68298.2,68414.8,1197.463
1771225200000,68414.8,68637.1,68330.4,68538.5,2014.865
1771227000000,68538.6,68612.5,68394.2,68552.4,1375.38
1771228800000,68552.5,68710.6,68503.2,68698.7,1407.335
1771230600000,68698.8,68769.5,68592.7,68724.5,1350.455
1771232400000,68724.5,68952.4,68707.0,68930.1,2459.413
1771234200000,68930.1,69029.9,68835.4,68961.1,1929.257
1771236000000,68961.0,68961.0,68656.9,68763.1,1395.795
1771237800000,68763.1,68907.8,68707.1,68762.0,1013.137
1771239600000,68762.0,68817.2,68300.0,68631.7,4175.05
1771241400000,68631.7,68899.3,68529.0,68769.4,2115.341
1771243200000,68769.4,69586.9,68769.0,69467.4,6382.72
1771245000000,69467.4,69826.0,69244.1,69739.3,8628.743
1771246800000,69739.3,70110.9,68461.8,68574.1,14510.222
1771248600000,68574.1,68857.9,68180.0,68355.6,10833.173
1771250400000,68355.5,68607.8,68208.6,68274.3,5342.186
1771252200000,68274.3,68684.4,68250.0,68386.7,3581.768
1771254000000,68386.6,68578.4,68200.1,68204.1,3584.365
1771255800000,68204.1,68221.6,67250.0,67505.5,16719.267
1771257600000,67505.5,67810.7,67475.0,67742.6,4624.85
1771259400000,67742.7,67950.0,67573.0,67854.0,3161.516
1771261200000,67854.1,67950.0,67557.2,67892.5,2794.63
1771263000000,67892.5,68048.3,67859.8,67917.2,2198.737
1771264800000,67917.2,68221.7,67877.6,68102.1,3510.522
1771266600000,68102.0,68108.2,67800.0,67833.0,2246.434
1771268400000,67833.0,68023.9,67785.4,67932.9,1124.458
1771270200000,67933.0,68108.9,67860.6,67883.6,1005.572
1771272000000,67883.5,68220.6,67788.6,68199.9,1905.332
1771273800000,68199.9,68544.0,68069.2,68508.9,3530.261
1771275600000,68508.9,68614.8,68400.0,68502.0,2306.189
1771277400000,68501.9,68928.6,68426.1,68835.1,2676.601
1771279200000,68835.2,68870.7,68550.2,68581.0,2283.799
1771281000000,68580.9,68700.3,68471.0,68561.1,1555.065
1771282800000,68561.1,68810.4,68508.0,68615.7,1357.028
1771284600000,68615.8,68962.1,68590.1,68862.5,2109.599
1771286400000,68862.6,68917.3,68667.1,68847.9,1604.037
1771288200000,68847.9,69033.0,68800.3,68849.9,2233.284
1771290000000,68849.9,68972.3,68750.8,68832.9,1277.963
1771291800000,68833.0,68969.9,68537.0,68582.6,2040.071
1771293600000,68582.7,69228.6,68350.0,69013.0,4445.039
1771295400000,69012.9,69047.1,68803.3,68806.3,1554.358
1771297200000,68806.3,68832.7,68547.9,68621.9,2023.25
1771299000000,68621.9,68637.1,68435.7,68443.6,1299.875
1771300800000,68443.6,68681.8,68356.7,68567.9,1926.865
1771302600000,68567.9,68568.0,68251.0,68450.1,1632.205
1771304400000,68450.0,68485.1,67892.8,68019.0,4354.753
1771306200000,68019.1,68253.0,67854.2,68207.3,2438.534
1771308000000,68207.2,68450.0,68191.9,68398.6,1443.703
1771309800000,68398.6,68496.4,68351.2,68370.8,868.371
1771311600000,68370.7,68376.6,68168.0,68179.9,1129.038
1771313400000,68179.9,68451.8,68133.1,68353.4,1642.025
1771315200000,68353.4,68445.8,68240.3,68265.6,1105.131
1771317000000,68265.3,68319.5,68093.0,68140.0,1435.063
1771318800000,68139.9,68277.0,67951.6,68002.4,2054.437
1771320600000,68002.4,68152.6,67960.4,68087.1,1402.761
1771322400000,68087.0,68164.6,67760.9,67874.7,2705.83
1771324200000,67874.6,67912.2,67655.0,67822.1,2547.896
1771326000000,67822.1,67905.8,67656.5,67875.9,2567.513
1771327800000,67876.0,67890.0,67684.0,67824.4,1380.84
1771329600000,67824.3,68150.9,67795.0,68076.8,3075.901
1771331400000,68076.8,68272.5,67825.9,67893.2,3008.381
1771333200000,67893.3,68350.0,67700.3,68091.0,4259.004
1771335000000,68091.0,68330.1,67924.9,68105.3,2826.47
1771336800000,68105.3,68319.5,67959.5,67996.6,2305.447
1771338600000,67996.7,68225.0,66676.1,66846.7,18913.541
1771340400000,66846.8,67191.5,66707.7,66819.5,9387.341
1771342200000,66819.5,67381.5,66588.0,67363.6,7406.823
1771344000000,67363.6,67943.3,67286.4,67505.2,9005.084
1771345800000,67505.2,68127.9,67392.7,67493.1,6421.9
1771347600000,67493.1,67697.2,67030.9,67435.5,4995.385
1771349400000,67435.6,67480.4,66824.5,67208.6,5402.783
1771351200000,67208.5,67782.7,67088.7,67708.2,3659.565
1771353000000,67708.2,68209.0,67656.1,68063.3,5513.714
1771354800000,68063.3,68220.1,67830.0,67853.6,3610.536
1771356600000,67853.6,68040.0,67703.5,67766.9,2312.133
1771358400000,67766.9,67820.0,67426.4,67707.8,2442.673
1771360200000,67707.7,67896.1,67504.6,67719.3,1664.086
1771362000000,67718.0,67897.6,67543.3,67557.5,1541.439
1771363800000,67557.4,67651.1,67500.0,67642.4,661.966
1771365600000,67642.4,67673.0,67488.7,67673.0,843.162
1771367400000,67672.9,67755.0,67473.2,67498.2,668.286
1771369200000,67498.1,67592.8,67355.7,67408.3,1178.893
1771371000000,67408.3,67554.6,67360.0,67475.9,967.767
1771372800000,67475.9,67595.5,67411.0,67466.0,887.594
1771374600000,67466.1,67579.6,67241.7,67263.9,1637.688
1771376400000,67267.0,67346.5,67010.1,67020.8,2913.605
1771378200000,67020.8,67165.5,66850.1,67137.2,2632.0
1771380000000,67137.2,67374.8,67115.2,67185.7,1711.07
1771381800000,67185.8,67398.2,67176.9,67297.9,1023.393
1771383600000,67298.0,67526.7,67294.7,67505.9,1142.585
1771385400000,67505.9,67683.4,67469.6,67590.2,1911.522
1771387200000,67590.3,67687.5,67456.6,67641.5,1745.707
1771389000000,67641.6,67872.8,67597.2,67790.9,1750.608
1771390800000,67790.9,67909.9,67654.2,67697.8,2039.222
1771392600000,67697.9,67734.4,67572.0,67613.4,1521.698
1771394400000,67613.3,67870.2,67577.0,67833.9,1165.419
1771396200000,67834.0,67948.0,67780.0,67813.5,1246.439
1771398000000,67813.6,67855.7,67655.9,67713.8,770.539
1771399800000,67713.7,68190.2,67707.2,68078.4,3511.733
1771401600000,68078.5,68438.0,68060.0,68254.7,4368.287
1771403400000,68254.7,68270.0,68033.0,68099.9,2793.094
1771405200000,68099.9,68222.8,67966.0,68121.9,2342.7
1771407000000,68121.9,68249.2,68100.0,68128.4,1171.89
1771408800000,68128.4,68153.7,67938.3,68020.2,1680.931
1771410600000,68020.2,68020.2,67704.0,67771.2,2900.435
1771412400000,67771.2,67781.4,67037.2,67417.0,9317.159
1771414200000,67416.9,67571.1,67319.9,67345.4,2728.585
1771416000000,67345.4,67658.0,67337.6,67532.9,2094.941
1771417800000,67532.9,67571.8,67312.0,67429.8,2006.061
1771419600000,67429.9,67566.4,67350.0,67442.7,1794.297
1771421400000,67442.8,67455.3,67007.0,67202.2,4171.614
1771423200000,67202.3,67329.9,67035.3,67050.7,2848.189
1771425000000,67050.6,67300.0,66666.2,67190.5,10083.16
1771426800000,67190.4,67525.9,67159.5,67293.1,5879.663
1771428600000,67293.0,68336.0,67258.8,67671.0,14264.904
1771430400000,67671.1,67684.6,66933.0,67230.1,10744.906
1771432200000,67230.1,67309.9,67001.6,67104.8,3250.231
1771434000000,67104.8,67455.7,67021.8,67103.5,3667.083
1771435800000,67103.5,67210.9,67055.5,67156.3,1899.159
1771437600000,67156.6,67203.7,66600.8,66849.3,5810.763
1771439400000,66849.3,66918.2,66129.6,66327.2,9296.215
1771441200000,66327.2,66588.0,66069.3,66241.5,5817.502
1771443000000,66241.5,66336.6,65826.1,66138.2,7868.193
1771444800000,66138.3,66340.0,66102.3,66264.8,2648.072
1771446600000,66264.7,66528.8,66098.9,66230.2,4979.515
1771448400000,66230.3,66376.6,65993.1,66373.6,3468.433
1771450200000,66373.5,66466.8,66232.0,66300.6,2099.989
1771452000000,66300.5,66364.8,66192.7,66284.9,1093.152
1771453800000,66284.8,66451.5,66284.7,66379.0,766.924
1771455600000,66379.0,66415.8,66240.0,66287.1,976.922
1771457400000,66287.0,66472.6,66287.0,66422.8,1529.6
1771459200000,66422.8,66573.6,66301.8,66371.0,1497.271
1771461000000,66371.0,66524.9,66321.3,66410.7,917.696
1771462800000,66410.8,66746.1,66407.9,66665.6,2249.167
1771464600000,66665.7,66842.6,66586.5,66830.3,1768.78
1771466400000,66830.4,66933.0,66716.7,66906.6,1676.502
1771468200000,66906.7,66910.3,66610.5,66800.7,1699.848
1771470000000,66800.8,66929.6,66690.1,66929.1,884.174
1771471800000,66929.1,66975.0,66811.8,66950.4,1255.993
1771473600000,66950.4,67042.3,66826.0,66864.3,1812.212
1771475400000,66864.4,66920.0,66721.7,66776.4,1727.792
1771477200000,66776.5,66867.7,66651.8,66712.1,1285.123
1771479000000,66712.1,66854.7,66684.1,66847.6,839.664
1771480800000,66847.6,67189.6,66836.5,67146.8,2271.359
1771482600000,67146.7,67275.4,67056.0,67123.8,1854.274
1771484400000,67123.8,67237.6,67001.6,67183.3,1587.597
1771486200000,67183.3,67299.4,67080.1,67180.4,1609.81
1771488000000,67180.4,67180.4,66845.2,66889.9,2671.326
1771489800000,66889.9,66950.0,66769.0,66937.7,2321.616
1771491600000,66937.7,67173.8,66844.8,67103.2,1728.173
1771493400000,67103.2,67122.0,66724.6,66811.8,2567.551
1771495200000,66811.7,66905.9,66711.6,66836.3,1429.201
1771497000000,66836.3,66942.5,66740.5,66810.1,1252.995
1771498800000,66810.0,66907.4,66792.7,66814.8,838.526
1771500600000,66814.9,66823.9,66431.1,66468.9,4825.221
1771502400000,66468.8,66655.5,66272.4,66633.1,4448.891
1771504200000,66633.0,66643.4,66392.0,66489.6,2528.69
1771506000000,66489.5,66529.4,66100.0,66137.6,6716.836
1771507800000,66137.6,66267.3,65716.7,65871.2,8966.572
1771509600000,65871.2,66069.0,65800.0,65942.0,4393.415
1771511400000,65941.9,66635.5,65595.7,66381.9,13075.394
1771513200000,66382.0,66723.0,65940.6,66011.8,8610.598
1771515000000,66011.8,66572.0,65931.2,66362.7,4605.269
1771516800000,66362.6,66388.0,65863.8,66156.6,4928.259
1771518600000,66156.6,66494.7,66150.5,66267.6,3941.762
1771520400000,66267.6,67035.0,66234.2,66587.9,7411.818
1771522200000,66588.0,66699.6,66140.9,66336.1,5097.434
1771524000000,66336.0,66899.1,66215.1,66873.5,5080.026
1771525800000,66873.5,67067.3,66671.1,67003.2,5974.219
1771527600000,67003.2,67174.0,66799.8,66910.2,3558.074
1771529400000,66910.3,67105.4,66667.0,67022.9,3330.106
1771531200000,67022.8,67105.0,66784.3,66905.5,1916.823
1771533000000,66905.5,67147.8,66870.0,67118.7,2178.636
1771534800000,67118.6,67144.0,66962.5,67019.8,1579.753
1771536600000,67019.8,67050.0,66867.5,66893.2,902.993
1771538400000,66893.1,66909.4,66730.0,66739.6,1525.192
1771540200000,66739.7,66975.9,66618.2,66873.9,1955.887
1771542000000,66873.9,66997.9,66784.1,66975.7,1316.004
1771543800000,66975.6,66997.4,66879.2,66974.0,818.079
1771545600000,66973.9,67490.0,66912.4,67352.7,5391.541
1771547400000,67352.7,67357.4,67170.2,67190.1,1918.422
1771549200000,67190.2,67326.0,67115.2,67179.3,1636.203
1771551000000,67179.2,67320.0,67138.2,67249.2,1377.705
1771552800000,67249.3,67318.9,67137.5,67163.3,1227.701
1771554600000,67163.3,67300.0,67163.3,67208.1,960.544
1771556400000,67208.0,67455.5,67206.6,67383.3,1497.096
1771558200000,67383.2,67466.8,67273.9,67327.2,2153.881
1771560000000,67327.2,67359.3,67079.3,67196.8,2724.963
1771561800000,67196.8,67300.0,67132.1,67228.4,1481.055
1771563600000,67228.5,67420.1,67166.1,67380.0,2266.625
1771565400000,67380.0,67999.9,67377.0,67756.0,8259.005
1771567200000,67756.1,67865.2,67612.9,67688.9,2684.541
1771569000000,67689.0,67862.3,67620.5,67809.4,1963.659
1771570800000,67809.5,67956.3,67738.8,67910.6,1532.241
1771572600000,67910.6,67917.0,67704.5,67794.7,2219.303
1771574400000,67794.8,67920.0,67765.4,67829.3,1377.297
1771576200000,67829.3,67870.2,67716.6,67839.9,1304.018
1771578000000,67839.8,68178.8,67839.8,68158.7,5351.053
1771579800000,68158.7,68199.4,68068.7,68174.1,1984.048
1771581600000,68174.2,68283.7,68050.1,68213.3,2936.558
1771583400000,68213.4,68256.2,67733.8,67909.7,4925.423
1771585200000,67909.8,67945.1,67727.7,67842.0,3305.521
1771587000000,67842.0,67862.1,67250.0,67290.5,6450.106
1771588800000,67290.4,67494.2,67222.7,67289.4,4602.119
1771590600000,67289.4,67577.1,67274.0,67498.9,2783.406
1771592400000,67498.9,67503.3,66925.8,67168.7,8004.022
1771594200000,67168.8,67184.4,66408.1,66784.8,19316.431
1771596000000,66784.8,67063.0,66629.9,66963.2,7295.176
1771597800000,66963.2,67299.9,66811.5,67043.2,8425.134
1771599600000,67043.2,68099.9,66500.8,67421.1,28496.163
1771601400000,67421.1,67649.1,66900.0,67547.6,10088.421
1771603200000,67547.6,67888.0,67268.1,67289.6,9417.492
1771605000000,67289.6,67888.0,67253.0,67763.2,4347.171
1771606800000,67763.2,67763.2,66965.0,66992.7,10131.903
1771608600000,66992.7,67663.2,66915.0,67582.0,13263.371
1771610400000,67581.9,67800.0,67437.6,67636.9,4763.758
1771612200000,67636.9,67998.9,67500.0,67901.1,7089.733
1771614000000,67901.0,67983.0,67513.4,67592.8,3077.917
1771615800000,67592.8,67813.8,67506.8,67616.5,1900.7
1771617600000,67616.5,67800.0,67535.0,67551.5,1853.745
1771619400000,67551.6,67733.0,67486.6,67719.7,1483.685
1771621200000,67719.4,67776.0,67600.0,67718.1,1689.771
1771623000000,67718.0,67816.4,67669.9,67792.3,1490.198
1771624800000,67792.3,67990.0,67603.2,67900.0,1978.582
1771626600000,67900.0,68115.9,67851.6,68049.8,2613.713
1771628400000,68049.8,68220.0,67917.0,67964.7,2705.664
1771630200000,67964.8,68007.4,67880.0,67979.3,1557.187
1771632000000,67979.3,68023.7,67857.1,67894.6,1844.577
1771633800000,67894.5,67921.8,67745.3,67805.2,1588.991
1771635600000,67805.1,67898.8,67805.1,67818.5,790.887
1771637400000,67818.5,67981.7,67818.5,67916.1,914.659
1771639200000,67916.2,68037.4,67875.3,68030.0,1112.011
1771641000000,68030.0,68079.0,67961.3,67970.3,861.727
1771642800000,67970.3,67970.5,67633.6,67767.2,3252.813
1771644600000,67767.2,67807.2,67488.9,67637.0,3118.72
1771646400000,67636.9,67690.8,67555.2,67685.4,1540.36
1771648200000,67685.4,67823.1,67655.1,67782.2,1165.681
1771650000000,67782.3,67850.0,67782.2,67829.4,917.213
1771651800000,67829.4,67859.2,67757.1,67827.1,646.595
1771653600000,67827.2,67899.0,67813.7,67836.1,704.054
1771655400000,67836.1,67836.2,67711.4,67759.5,810.228
1771657200000,67759.6,67827.0,67712.6,67820.9,475.096
1771659000000,67820.8,67852.5,67785.0,67821.0,575.829
1771660800000,67821.0,67960.0,67776.2,67939.4,1170.387
1771662600000,67939.4,68047.5,67901.1,68016.9,1566.365
1771664400000,68016.9,68249.9,67933.3,68198.3,4543.797
1771666200000,68198.2,68280.0,68100.4,68115.8,2940.83
1771668000000,68115.7,68221.6,68108.6,68162.5,1253.1
1771669800000,68162.5,68210.2,68130.2,68184.6,964.815
1771671600000,68184.6,68259.4,68140.2,68142.1,2173.82
1771673400000,68142.0,68162.0,68045.5,68060.9,1811.801
1771675200000,68061.0,68105.4,67919.1,67933.3,2304.256
1771677000000,67933.3,68186.9,67882.8,68175.9,3148.022
1771678800000,68175.9,68250.0,68073.0,68207.4,1193.173
1771680600000,68207.4,68229.6,68130.0,68223.3,827.977
1771682400000,68223.3,68651.4,68146.6,68407.8,6427.01
1771684200000,68407.8,68600.0,68380.0,68416.6,3690.926
1771686000000,68416.6,68543.2,68389.2,68421.0,1500.445
1771687800000,68421.1,68687.0,68382.7,68571.5,2847.024
1771689600000,68571.5,68599.3,68066.0,68237.4,6302.064
1771691400000,68237.3,68330.8,68100.0,68292.4,1794.655
1771693200000,68292.3,68318.3,68156.4,68249.8,1256.395
1771695000000,68249.8,68444.4,68227.6,68408.8,1641.331
1771696800000,68408.8,68525.0,68339.5,68458.9,1695.314
1771698600000,68458.8,68616.8,68451.4,68547.2,1658.126
1771700400000,68547.3,68632.5,68491.6,68531.0,1303.135
1771702200000,68531.0,68621.0,68490.0,68516.3,859.543
1771704000000,68516.3,68568.1,68440.4,68528.2,904.171
1771705800000,68528.2,68539.9,68114.4,68180.9,2337.644
1771707600000,68180.9,68344.0,68152.2,68312.4,1319.881
1771709400000,68312.3,68373.6,68252.4,68351.0,802.428
1771711200000,68351.1,68412.9,68189.7,68228.9,1058.705
1771713000000,68228.9,68254.6,67860.0,67936.6,3243.418
1771714800000,67936.7,68067.3,67900.8,68042.8,1574.26
1771716600000,68042.7,68095.4,67926.0,67933.1,1061.234
1771718400000,67933.2,68035.7,67763.7,67820.2,1896.806
1771720200000,67820.2,67924.5,67805.9,67912.0,1099.18
1771722000000,67912.0,68085.0,67902.6,68083.3,1625.798
1771723800000,68083.2,68147.6,68009.0,68132.3,1156.694
1771725600000,68132.3,68198.5,68014.0,68014.1,956.421
1771727400000,68014.1,68082.1,67836.7,67871.5,2376.89
1771729200000,67871.5,68013.7,67781.2,67931.3,2044.244
1771731000000,67931.3,68031.7,67861.2,68010.5,1345.038
1771732800000,68010.5,68060.0,67934.9,67971.9,1087.782
1771734600000,67971.8,68019.9,67931.0,67950.2,633.35
1771736400000,67950.2,67983.3,67852.0,67920.5,1116.998
1771738200000,67920.5,67949.5,67850.4,67944.5,627.868
1771740000000,67944.5,68204.3,67933.9,68076.8,2465.562
1771741800000,68076.8,68141.8,68000.0,68006.4,1157.973
1771743600000,68006.3,68014.3,67954.6,67993.8,1022.385
1771745400000,67993.9,68067.2,67971.6,67973.0,830.668
1771747200000,67973.0,67986.9,67877.0,67932.2,1828.539
1771749000000,67932.2,67966.2,67892.3,67909.3,1010.848
1771750800000,67909.3,68033.8,67909.3,67995.8,985.656
1771752600000,67995.8,68081.9,67959.2,68022.4,807.285
1771754400000,68022.4,68100.6,67982.3,68057.8,924.71
1771756200000,68057.8,68134.0,68031.1,68096.6,1110.208
1771758000000,68096.6,68220.0,68096.6,68194.1,1884.919
1771759800000,68194.2,68204.5,68121.8,68183.4,533.835
1771761600000,68183.4,68205.1,67937.3,68044.5,2366.845
1771763400000,68044.5,68044.6,67836.4,67892.4,2410.498
1771765200000,67892.4,68011.4,67885.1,67892.5,1499.112
1771767000000,67892.4,67934.4,67538.0,67622.4,6919.908
1771768800000,67622.3,67664.1,67446.0,67595.6,3910.952
1771770600000,67595.5,67658.7,67310.6,67420.1,5353.601
1771772400000,67420.0,67583.2,67275.0,67574.3,4052.732
1771774200000,67574.2,67800.0,67515.9,67659.9,4660.696
1771776000000,67660.0,67712.0,67497.1,67506.9,1787.755
1771777800000,67507.0,67634.4,67486.2,67601.6,989.283
1771779600000,67601.7,67602.5,67463.7,67465.3,1188.854
1771781400000,67465.3,67511.5,67150.0,67365.0,5292.53
1771783200000,67364.9,67444.5,67301.8,67316.7,1304.94
1771785000000,67316.7,67433.4,67288.9,67392.3,1078.268
1771786800000,67392.2,67458.1,67372.6,67411.7,665.998
1771788600000,67411.7,67458.5,67382.6,67402.2,673.507
1771790400000,67402.1,67464.3,67330.9,67426.0,721.688
1771792200000,67426.1,67457.7,67324.1,67374.9,1043.017
1771794000000,67375.0,67488.9,67375.0,67429.4,451.374
1771795800000,67429.3,67617.0,67429.3,67576.2,1198.238
1771797600000,67576.2,67666.0,67450.1,67565.0,1358.248
1771799400000,67564.9,67728.0,67502.0,67631.2,1500.181
1771801200000,67631.2,67690.5,67435.5,67572.9,2005.68
1771803000000,67573.0,67707.7,67456.2,67613.5,1379.86
1771804800000,67613.6,67655.8,67370.0,67442.1,1720.025
1771806600000,67442.1,67442.2,66680.1,66705.8,6419.586
1771808400000,66705.8,66705.8,64888.0,65006.7,36084.556
1771810200000,65006.6,65366.8,64232.8,64387.2,22689.522
1771812000000,64387.2,64777.9,64273.8,64715.4,9202.643
1771813800000,64715.8,64877.2,64636.8,64742.4,5126.944
1771815600000,64742.5,65071.7,64658.0,64725.6,4141.36
1771817400000,64725.7,64980.1,64680.0,64894.0,3702.237
1771819200000,64894.1,64989.9,64671.7,64737.9,3181.927
1771821000000,64737.9,64788.8,64628.5,64777.3,1764.484
1771822800000,64777.2,65189.3,64768.8,65006.3,4958.905
1771824600000,65006.3,65097.3,64917.4,65031.9,1919.025
1771826400000,65031.9,65428.0,64990.8,65269.5,5510.164
1771828200000,65269.5,65775.0,65242.2,65717.7,5949.123
1771830000000,65717.7,65864.7,65597.5,65649.9,4646.66
1771831800000,65650.0,65980.0,65638.1,65915.8,3550.578
1771833600000,65915.7,65922.9,65541.6,65645.0,4111.125
1771835400000,65645.1,65699.9,65534.6,65639.0,2344.665
1771837200000,65639.0,65851.4,65633.8,65808.2,2476.672
1771839000000,65808.2,66432.9,65788.2,66374.8,9205.139
1771840800000,66374.9,66574.5,66234.2,66332.1,4858.257
1771842600000,66332.0,66380.6,66182.4,66291.1,2396.12
1771844400000,66291.2,66462.1,66216.1,66290.7,1845.383
1771846200000,66290.6,66298.0,66072.5,66170.8,3489.426
1771848000000,66170.8,66230.4,65981.0,66112.6,2717.428
1771849800000,66112.6,66490.0,65860.9,66249.9,7474.91
1771851600000,66250.0,66360.1,66079.3,66191.4,3390.519
1771853400000,66191.4,66397.8,66067.7,66099.9,3102.243
1771855200000,66099.9,66234.6,66013.0,66052.0,2560.93
1771857000000,66052.1,66192.0,65500.0,65895.5,13960.5
1771858800000,65895.6,66240.4,65675.8,65788.7,6039.52
1771860600000,65788.6,65915.7,65556.6,65633.1,4822.001
1771862400000,65633.1,65666.0,65155.0,65607.6,9128.572
1771864200000,65607.5,65701.2,65260.7,65343.1,4164.447
1771866000000,65343.0,65431.4,64541.8,64548.0,9298.271
1771867800000,64547.9,64788.8,64111.8,64787.3,12593.241
1771869600000,64787.2,64893.0,64553.3,64785.0,5607.241
1771871400000,64785.1,65149.0,64555.0,64602.9,5016.495
1771873200000,64602.9,64822.9,64280.0,64437.3,4827.363
1771875000000,64437.2,64518.6,64050.0,64273.9,6426.206
1771876800000,64273.9,64363.1,63860.0,63977.4,6202.41
1771878600000,63977.4,64460.0,63966.2,64445.9,3805.0
1771880400000,64445.9,64675.2,64427.5,64528.9,3359.301
1771882200000,64529.0,64758.0,64500.0,64554.6,1749.724
1771884000000,64554.6,64989.0,64526.9,64904.9,3580.996
1771885800000,64904.9,64904.9,64604.9,64694.3,1534.157
1771887600000,64694.4,64873.6,64667.4,64806.5,2081.479
1771889400000,64806.5,64850.0,64484.2,64625.8,2413.816
1771891200000,64625.8,64980.0,64625.7,64834.0,2581.539
1771893000000,64834.0,64979.6,64794.1,64910.2,1466.382
1771894800000,64910.2,64910.2,63375.6,64409.2,16988.287
1771896600000,64409.2,64597.1,64034.5,64131.0,5486.091
1771898400000,64131.0,64297.2,63962.2,64289.9,3316.95
1771900200000,64289.9,64480.0,64047.4,64080.3,2910.579
1771902000000,64080.2,64080.2,63522.5,63680.5,6473.766
1771903800000,63680.6,63769.4,63303.9,63570.5,5557.161
1771905600000,63570.5,63606.3,62818.0,63190.6,14818.494
1771907400000,63190.7,63368.6,62937.5,63338.2,3762.356
1771909200000,63338.1,63514.4,62655.0,62790.1,8217.682
1771911000000,62790.0,63073.5,62687.9,63067.5,3910.517
1771912800000,63067.5,63280.0,62848.5,63172.2,2923.964
1771914600000,63172.2,63290.9,62902.5,63050.4,3077.551
1771916400000,63050.4,63333.0,62885.4,63248.0,3903.955
1771918200000,63247.9,63273.9,62967.1,63155.3,2547.58
1771920000000,63155.4,63293.3,62965.2,63272.7,2773.218
1771921800000,63272.7,63432.4,63240.1,63357.2,2771.909
1771923600000,63357.2,63384.0,63062.7,63106.2,2318.006
1771925400000,63106.3,63229.0,62900.0,63213.3,3481.671
1771927200000,63213.4,63275.7,63068.6,63239.1,1570.584
1771929000000,63239.0,63341.6,63106.3,63250.0,1544.962
1771930800000,63250.0,63295.9,63111.4,63148.3,1375.744
1771932600000,63148.3,63230.7,63027.0,63192.2,2028.256
1771934400000,63192.1,63319.2,63080.0,63289.1,1969.973
1771936200000,63289.1,63313.3,62923.0,62936.0,3613.895
1771938000000,62935.9,63072.8,62772.8,62893.5,4488.855
1771939800000,62893.6,63083.7,62401.7,62877.0,12286.998
1771941600000,62877.0,63007.7,62734.0,62973.7,3433.719
1771943400000,62973.8,63807.5,62727.0,63422.0,15738.359
1771945200000,63422.0,63949.7,63270.6,63890.0,8506.693
1771947000000,63890.0,63993.1,63626.0,63933.4,5707.244
1771948800000,63933.4,64388.0,63843.2,63918.7,9751.038
1771950600000,63918.7,64271.0,63664.8,64227.3,7782.565
1771952400000,64227.4,64491.0,64080.2,64125.5,7806.36
1771954200000,64125.6,64241.0,64013.5,64188.8,2558.06
1771956000000,64188.8,64378.3,63850.0,64264.0,5062.838
1771957800000,64264.0,64478.5,64258.1,64395.1,3648.716
1771959600000,64395.1,64719.1,64214.3,64283.5,5948.923
1771961400000,64283.5,64493.8,64268.3,64405.4,1706.628
1771963200000,64405.4,64480.0,64281.5,64437.9,1642.213
1771965000000,64437.9,64566.5,64355.0,64430.8,1893.753
1771966800000,64430.8,64430.8,63769.2,63887.5,5036.294
1771968600000,63887.4,64060.3,63840.3,64009.2,2242.777
1771970400000,64009.2,64200.0,63943.5,64115.1,1720.233
1771972200000,64115.1,64161.7,63956.5,64091.8,1091.187
1771974000000,64091.8,64193.8,63821.5,64153.2,2733.293
1771975800000,64153.1,64217.2,63987.8,64031.3,972.751
1771977600000,64031.4,64052.0,63876.0,63934.7,1449.039
1771979400000,63934.8,64288.0,63934.7,64188.9,1908.384
1771981200000,64189.0,66283.1,64106.0,65921.0,26574.669
1771983000000,65921.0,66260.2,65744.6,65860.4,7412.573
1771984800000,65860.4,66279.1,65854.3,66082.3,6887.323
1771986600000,66082.3,66151.3,65817.2,65852.0,3161.888
1771988400000,65852.0,65928.7,65458.8,65559.3,4763.275
1771990200000,65559.2,65611.0,65310.5,65361.7,4697.934
1771992000000,65361.7,65588.3,65053.9,65557.7,5873.365
1771993800000,65557.7,65627.5,65363.1,65427.9,1728.087
1771995600000,65428.0,65488.2,65133.0,65169.5,2435.593
1771997400000,65169.5,65208.6,64720.4,64847.9,7057.043
1771999200000,64847.9,65098.5,64841.3,64990.1,2177.305
1772001000000,64990.1,65085.2,64828.8,64862.6,1932.93
1772002800000,64862.6,65160.4,64735.5,65080.7,2902.352
1772004600000,65080.8,65159.9,64818.1,65001.1,2505.838
1772006400000,65001.2,65220.0,64929.7,65160.0,1985.768
1772008200000,65160.0,65550.0,65155.4,65490.9,4530.82
1772010000000,65491.0,65674.1,65417.3,65535.4,3075.39
1772011800000,65535.4,65543.8,65389.4,65524.2,1966.576
1772013600000,65524.2,65640.0,65323.8,65335.8,2138.396
1772015400000,65335.8,65479.4,65303.7,65364.4,1255.202
1772017200000,65364.5,65378.8,65161.0,65325.8,2616.091
1772019000000,65325.8,65457.3,65295.5,65396.7,1493.338
1772020800000,65396.6,65910.9,65280.1,65740.9,6118.67
1772022600000,65740.9,66222.0,65712.0,66038.7,6225.49
1772024400000,66038.7,66299.9,65987.3,66147.0,5798.636
1772026200000,66147.1,66687.1,66105.5,66209.5,10266.817
1772028000000,66209.5,66588.8,66179.2,66543.5,4710.767
1772029800000,66543.4,66985.5,66180.1,66936.9,13193.865
1772031600000,66936.7,67221.0,66680.0,67034.1,11688.063
1772033400000,67034.2,67548.0,66923.0,67362.3,11343.014
1772035200000,67362.4,68068.1,67354.2,67826.5,12438.851
1772037000000,67826.6,68300.5,67774.3,68249.9,7703.004
1772038800000,68249.9,68647.0,67977.7,68525.9,12954.57
1772040600000,68525.9,68842.0,68354.0,68625.6,8788.684
1772042400000,68625.6,69500.0,68340.0,69311.4,14893.258
1772044200000,69311.6,69531.3,69166.1,69293.3,8357.19
1772046000000,69293.3,69375.1,68720.8,68940.8,9051.393
1772047800000,68940.9,69062.3,68743.1,69005.2,2978.888
1772049600000,69005.2,69058.7,68567.9,68770.8,5364.468
1772051400000,68770.7,69350.0,68735.0,69104.9,5855.442
1772053200000,69104.9,69197.3,68746.8,68767.8,3033.484
1772055000000,68767.8,69999.0,68720.0,68874.2,13849.443
1772056800000,68874.2,69149.7,68781.9,68842.9,2907.621
1772058600000,68842.9,68872.3,68014.8,68402.0,7614.654
1772060400000,68402.0,68665.2,68179.0,68238.7,4235.654
1772062200000,68238.7,68265.8,67557.0,67952.5,7337.713
1772064000000,67952.5,68413.4,67690.1,68242.0,5062.483
1772065800000,68242.0,68504.3,67932.5,68294.4,4251.865
1772067600000,68294.3,68666.0,68172.6,68350.5,3476.65
1772069400000,68350.5,68545.2,68179.6,68213.9,2338.479
1772071200000,68213.9,68233.7,67756.8,67910.6,3792.232
1772073000000,67910.7,68346.4,67905.0,68219.2,2117.759
1772074800000,68219.1,68350.0,68003.7,68065.9,1908.883
1772076600000,68065.9,68290.0,68007.5,68187.5,1230.895
1772078400000,68187.4,68658.4,68150.0,68521.3,3307.193
1772080200000,68521.4,68850.0,68510.9,68533.1,3032.186
1772082000000,68533.1,68534.3,68080.0,68313.0,3760.01
1772083800000,68313.1,68479.8,68222.0,68408.2,1553.472
1772085600000,68408.3,68487.8,68201.1,68213.7,1545.824
1772087400000,68213.6,68222.0,68025.5,68146.1,1902.45
1772089200000,68146.1,68269.9,68065.0,68146.0,1267.793
1772091000000,68146.0,68165.7,67780.0,67800.0,3636.245
1772092800000,67800.0,68218.3,67750.0,67996.1,3654.135
1772094600000,67996.2,68108.5,67862.7,67923.3,2006.353
1772096400000,67923.4,68381.9,67900.0,68151.2,3216.189
1772098200000,68151.1,68617.3,68108.8,68553.0,4348.365
1772100000000,68553.0,68689.7,68294.5,68300.0,3340.539
1772101800000,68300.0,68434.4,68221.9,68271.9,2336.517
1772103600000,68272.0,68371.3,68099.1,68124.6,1982.045
1772105400000,68124.7,68195.0,67952.0,68025.2,2149.872
1772107200000,68025.2,68270.9,67999.0,68121.1,2388.042
1772109000000,68121.1,68268.9,67968.2,68140.9,2174.281
1772110800000,68140.9,68187.0,67907.1,68126.9,2356.842
1772112600000,68127.0,68178.4,67810.2,67877.8,2728.292
1772114400000,67877.8,68119.1,67626.2,68077.0,4855.452
1772116200000,68077.0,68263.5,67235.8,67659.8,13705.361
1772118000000,67659.8,67707.8,66821.0,66950.7,12856.064
1772119800000,66950.6,67627.1,66730.7,67353.4,9352.05
1772121600000,67353.3,67558.7,67020.2,67415.8,5485.413
1772123400000,67415.8,67425.8,66462.0,66617.3,12020.749
1772125200000,66617.3,67026.8,66567.9,66900.8,5697.168
1772127000000,66900.9,66995.1,66580.0,66795.5,3553.174
1772128800000,66795.4,66995.6,66536.1,66829.0,4047.001
1772130600000,66828.9,67347.4,66808.4,67268.9,6736.799
1772132400000,67268.8,67888.0,67246.3,67544.0,6877.08
1772134200000,67543.9,67674.0,67365.0,67550.7,2904.341
1772136000000,67550.7,67790.1,67504.0,67527.6,2293.339
1772137800000,67527.7,67529.6,67250.3,67386.5,2720.38
1772139600000,67386.6,67488.2,67114.0,67449.2,2123.037
1772141400000,67449.1,67549.9,67340.0,67432.1,1094.306
1772143200000,67432.1,67549.8,67269.1,67377.9,1253.355
1772145000000,67377.8,67592.9,67370.9,67531.4,875.279
1772146800000,67531.3,67580.0,67352.3,67525.1,1295.519
1772148600000,67525.1,67618.1,67371.0,67448.2,1225.297
1772150400000,67448.1,67502.9,67133.2,67272.0,2195.243
1772152200000,67271.9,67283.2,66959.0,67190.3,3220.993
1772154000000,67190.3,67211.7,66841.6,67034.2,3084.32
1772155800000,67034.1,67344.6,66984.3,67315.9,4425.893
1772157600000,67315.9,67488.0,67226.3,67372.5,2589.308
1772159400000,67372.6,67500.0,67220.0,67226.5,1825.297
1772161200000,67226.4,67251.8,67050.0,67072.1,1574.869
1772163000000,67072.2,67670.0,67071.5,67557.4,3391.943
1772164800000,67557.4,68188.8,67533.8,67911.6,7268.007
1772166600000,67911.6,67931.0,67648.2,67709.2,4342.441
1772168400000,67709.1,67887.9,67645.1,67761.0,2251.33
1772170200000,67761.0,67842.4,67634.0,67685.8,1259.959
1772172000000,67685.8,67743.3,67470.0,67563.3,1788.627
1772173800000,67563.3,67787.3,67557.4,67617.1,1632.843
1772175600000,67617.1,67682.0,67432.1,67468.1,1506.333
1772177400000,67468.2,67733.7,67417.4,67644.1,2741.621
1772179200000,67644.1,68017.3,67618.5,67924.9,3061.125
1772181000000,67925.0,68050.0,67680.0,67897.4,2477.172
1772182800000,67897.5,68127.8,67802.8,67987.7,3621.778
1772184600000,67987.6,68004.6,67245.0,67318.4,4549.541
1772186400000,67318.3,67381.0,66616.2,66752.0,11051.918
1772188200000,66751.9,66926.3,66540.4,66575.1,6295.46
1772190000000,66575.2,66762.6,66334.2,66492.4,7408.572
1772191800000,66492.4,66534.9,65923.0,66094.1,11748.547
1772193600000,66094.0,66198.0,65853.7,65882.4,5382.532
1772195400000,65882.5,66010.4,65714.2,65902.4,5355.189
1772197200000,65902.5,66136.7,65880.3,65987.5,5606.761
1772199000000,65987.5,66320.0,65626.1,66240.0,9892.948
1772200800000,66240.0,66300.0,65959.8,66086.0,5036.443
1772202600000,66086.0,66289.9,65656.0,65855.5,11656.465
1772204400000,65855.4,66220.2,65804.8,66088.2,7057.787
1772206200000,66088.2,66289.8,65834.7,66072.6,3939.161
1772208000000,66072.5,66095.2,65695.3,65968.1,6046.366
1772209800000,65968.2,66027.4,65433.2,65449.3,7489.648
1772211600000,65449.3,65646.1,65163.2,65182.5,6364.657
1772213400000,65182.6,65724.3,65080.0,65673.0,6479.874
1772215200000,65672.9,65772.4,65360.0,65550.7,3474.117
1772217000000,65550.8,65655.0,65180.0,65284.8,2923.192
1772218800000,65284.8,65410.7,65135.3,65310.1,3026.446
1772220600000,65310.1,65433.7,65214.6,65365.4,1927.494
1772222400000,65365.4,65638.0,65365.4,65550.8,2292.64
1772224200000,65550.8,65637.9,65412.4,65564.2,1845.32
1772226000000,65564.3,65721.6,65445.2,65662.6,1865.453
1772227800000,65662.6,65685.0,65366.5,65502.3,1456.633
1772229600000,65502.2,65589.6,65410.8,65442.4,924.568
1772231400000,65442.4,65647.2,64875.6,65609.0,6234.994
1772233200000,65609.0,65871.9,65517.6,65855.0,2799.058
1772235000000,65855.0,65921.7,65788.8,65836.0,1566.478
1772236800000,65836.0,65990.0,65681.9,65745.7,2591.191
1772238600000,65745.7,65956.1,65708.4,65906.3,1140.13
1772240400000,65906.3,65943.6,65778.7,65805.5,1316.207
1772242200000,65805.6,65828.2,65701.2,65747.2,1160.803
1772244000000,65747.3,65947.9,65734.2,65885.8,979.63
1772245800000,65885.7,65994.7,65881.5,65926.9,1007.138
1772247600000,65927.0,65949.7,65818.5,65856.9,969.328
1772249400000,65856.9,65884.4,65700.9,65763.8,1500.617
1772251200000,65763.8,65786.8,65567.1,65636.7,1548.633
1772253000000,65636.7,65673.3,65441.0,65632.0,2744.346
1772254800000,65632.1,65700.0,65591.5,65612.2,875.732
1772256600000,65612.2,65612.3,65462.1,65558.6,1875.585
1772258400000,65558.6,65560.0,64347.4,64527.8,17174.727
1772260200000,64527.8,64546.4,62979.5,63173.8,25928.903
1772262000000,63173.8,63853.9,62981.2,63472.0,15426.308
1772263800000,63472.1,64298.7,63422.0,63788.4,11624.043
1772265600000,63787.4,63851.3,63356.1,63591.1,8122.64
1772267400000,63591.0,63737.5,63372.0,63439.7,3277.858
1772269200000,63439.6,63923.6,63313.9,63805.6,4591.435
1772271000000,63805.5,63805.6,63505.0,63621.4,2737.762
1772272800000,63621.3,63925.0,63377.5,63807.2,4697.972
1772274600000,63807.2,64030.0,63799.9,63964.5,2833.421
1772276400000,63964.5,64260.0,63915.4,64211.7,4250.786
1772278200000,64211.6,64267.9,63736.0,63810.4,5401.839
1772280000000,63810.4,64053.3,63796.2,63967.7,2322.948
1772281800000,63967.8,64034.9,63782.2,63980.0,1738.895
1772283600000,63979.9,64146.4,63865.6,63999.9,2028.833
1772285400000,63999.9,65190.0,63870.8,65069.5,17145.563
1772287200000,65069.5,65335.8,64610.7,64755.8,10533.522
1772289000000,64755.8,65135.0,64239.3,64402.4,11732.394
1772290800000,64402.5,64810.0,64175.8,64718.9,6729.149
1772292600000,64718.9,64991.8,64607.1,64800.0,3377.735
1772294400000,64800.1,64964.8,64635.0,64895.7,2297.216
1772296200000,64895.7,65170.5,64850.3,65053.8,3144.302
1772298000000,65053.7,65098.7,64851.6,65064.9,2314.759
1772299800000,65064.8,65581.3,64800.0,65395.4,4779.11
1772301600000,65395.3,65423.3,65139.4,65139.5,3055.257
1772303400000,65139.6,66165.8,65139.6,65873.0,8411.032
1772305200000,65872.9,65915.9,65557.3,65690.9,3466.309
1772307000000,65691.0,66642.8,65679.5,66318.1,11693.269
1772308800000,66318.1,67022.9,66150.0,66723.9,8009.466
1772310600000,66723.9,67138.0,66578.2,66918.6,4490.326
1772312400000,66918.6,66952.6,66329.7,66436.2,4835.788
1772314200000,66436.1,67009.9,66357.9,66684.8,5273.779
1772316000000,66684.8,67100.0,66579.1,66959.0,3530.557
1772317800000,66959.0,67735.0,66908.5,67081.4,7908.709
1772319600000,67081.4,67183.3,66855.5,66871.6,2446.219
1772321400000,66871.7,67019.8,66688.3,66937.1,2880.615
1772323200000,66937.0,67089.6,66730.0,66746.4,2682.955
1772325000000,66746.5,66849.1,66578.3,66755.6,2770.9
1772326800000,66755.5,66761.6,65812.0,66309.3,8525.871
1772328600000,66309.3,67686.7,66250.1,67311.6,13706.092
1772330400000,67311.7,68189.0,67305.2,67734.5,14833.395
1772332200000,67734.5,68139.0,67573.0,67588.3,6473.173
1772334000000,67588.3,67793.4,67361.0,67534.6,4144.271
1772335800000,67534.6,67675.1,67351.0,67474.7,3423.207
1772337600000,67474.8,67582.2,67017.4,67293.2,4770.759
1772339400000,67293.3,67437.2,67226.8,67313.0,2344.62
1772341200000,67313.1,67547.3,67163.5,67422.9,2518.184
1772343000000,67423.0,67526.5,67247.9,67264.2,2106.79
1772344800000,67264.2,67320.0,66888.0,67014.0,5325.363
1772346600000,67014.0,67056.5,66757.2,66890.1,2966.528
1772348400000,66890.0,67049.6,66757.9,66956.3,1835.104
1772350200000,66956.3,67201.2,66877.5,67113.9,2594.261
1772352000000,67114.0,67275.5,66875.1,67195.7,2456.237
1772353800000,67195.7,67226.5,66429.8,66535.0,5414.243
1772355600000,66535.0,66745.4,66324.5,66587.3,4123.332
1772357400000,66587.3,66625.0,66205.8,66380.1,3817.182
1772359200000,66380.1,66578.8,66160.4,66546.5,2844.575
1772361000000,66546.4,66720.2,66335.7,66430.0,3438.175
1772362800000,66429.9,66638.0,66411.0,66523.1,1985.957
1772364600000,66522.8,66546.1,66344.0,66439.0,1250.341
1772366400000,66439.0,66525.9,66382.6,66386.5,1059.655
1772368200000,66386.5,66487.7,66211.6,66270.6,2398.375
1772370000000,66270.5,66392.9,66100.0,66294.4,2573.596
1772371800000,66294.4,67333.0,66207.2,66907.1,10528.87
1772373600000,66907.2,67280.0,66720.0,66895.7,5920.609
1772375400000,66895.8,67020.0,66702.9,66817.5,2582.479
1772377200000,66817.5,67219.1,66797.9,67038.3,3419.828
1772379000000,67038.3,67218.0,66770.2,66810.8,2982.229
1772380800000,66810.8,67083.0,66651.0,66992.6,3770.402
1772382600000,66992.7,67036.1,65777.0,66112.2,11111.383
1772384400000,66112.2,66200.0,65681.3,65997.1,7313.75
1772386200000,65997.1,66106.0,65893.3,65956.8,3146.124
1772388000000,65956.7,66656.0,65954.2,66386.5,5586.75
1772389800000,66386.5,66422.0,66209.7,66288.1,2425.524
1772391600000,66288.0,66325.8,65921.7,65976.9,2895.438
1772393400000,65977.0,66078.0,65750.0,65926.0,2842.911
1772395200000,65925.9,65932.0,65266.8,65267.3,6500.907
1772397000000,65267.4,65370.1,65030.3,65255.7,4995.938
1772398800000,65255.7,65649.2,65242.0,65556.7,3061.419
1772400600000,65556.7,65726.7,65495.7,65629.3,1744.427
1772402400000,65629.2,66888.0,65478.5,65841.6,9444.571
1772404200000,65841.6,65920.5,65011.0,65241.0,7395.198
1772406000000,65241.0,66052.6,65092.4,65609.8,6971.103
1772407800000,65609.7,65850.0,65575.8,65750.0,2088.435
1772409600000,65749.9,66197.4,65726.0,65906.7,3431.947
1772411400000,65906.6,66766.0,65897.3,66472.5,5777.627
1772413200000,66472.6,67082.5,66326.7,66526.0,5529.175
1772415000000,66526.1,66669.5,66380.7,66500.0,1909.673
1772416800000,66500.0,66585.0,65842.5,66155.3,4723.524
1772418600000,66155.4,66420.0,66121.4,66242.2,1738.682
1772420400000,66242.2,66849.6,66071.0,66745.2,3544.739
1772422200000,66745.2,67014.9,66674.0,66787.3,3390.366
1772424000000,66787.3,66922.1,66627.4,66904.4,2741.543
1772425800000,66904.3,66950.0,66600.1,66825.1,2158.613
1772427600000,66825.2,66869.6,66513.8,66643.2,1938.353
1772429400000,66643.1,66966.0,66627.9,66701.2,2101.67
1772431200000,66701.2,66703.1,66015.0,66244.0,4107.797
1772433000000,66244.1,66285.0,66022.5,66176.9,2081.436
1772434800000,66176.8,66182.9,65509.0,65764.6,6138.45
1772436600000,65764.5,65990.6,65750.1,65981.3,2641.698
1772438400000,65981.2,66086.3,65612.4,65705.7,4560.345
1772440200000,65705.7,66279.2,65693.1,66247.9,3124.636
1772442000000,66247.9,66707.5,66162.3,66373.4,5271.826
1772443800000,66373.4,66510.0,66118.8,66132.3,3213.844
1772445600000,66132.3,66327.0,66039.6,66226.7,2233.72
1772447400000,66226.8,66368.5,66100.0,66284.0,1486.917
1772449200000,66284.0,66284.0,65973.2,66045.9,3033.529
1772451000000,66045.9,66455.7,65973.1,66329.9,2921.657
1772452800000,66329.8,66369.1,66046.0,66102.7,1882.339
1772454600000,66102.8,66118.0,65879.6,65927.8,2471.329
1772456400000,65927.7,66111.9,65717.6,65782.8,4013.882
1772458200000,65782.9,65907.5,65319.9,65412.3,6327.104
1772460000000,65412.3,65640.1,65234.4,65551.9,5625.89
1772461800000,65552.0,67188.0,65547.1,67128.7,21843.386
1772463600000,67128.6,68777.0,66911.2,68525.3,30684.503
1772465400000,68525.3,69588.0,68375.1,69089.1,27669.877
1772467200000,69089.1,69738.1,68871.6,69341.4,14764.914
1772469000000,69341.5,70100.0,69000.0,69395.6,19671.026
1772470800000,69395.2,69549.2,69143.5,69371.7,6679.624
1772472600000,69371.7,69412.2,68757.6,69170.3,8302.654
1772474400000,69170.0,69177.3,68700.1,69062.4,4608.635
1772476200000,69062.3,69247.1,68794.8,68853.8,5335.229
1772478000000,68853.8,68949.4,68519.8,68784.1,6344.302
1772479800000,68784.1,69039.1,68676.3,68928.4,3582.226
1772481600000,68928.4,69187.8,68529.5,68903.6,5927.586
1772483400000,68903.6,69468.4,68853.3,69054.2,5553.595
1772485200000,69054.1,69388.0,68953.9,69374.8,2640.966
1772487000000,69374.8,69500.0,69287.5,69366.9,2283.318
1772488800000,69366.9,69459.0,69103.0,69331.5,2253.74
1772490600000,69331.6,69420.9,69221.4,69414.2,2173.571
1772492400000,69414.2,69453.8,68945.1,68971.4,3682.039
1772494200000,68971.5,68981.1,68700.0,68801.8,3254.53
1772496000000,68801.8,68979.1,68600.0,68771.1,2921.731
1772497800000,68771.2,69132.2,68647.5,69051.9,2951.842
1772499600000,69051.8,69221.6,68838.9,68874.6,2620.788
1772501400000,68874.6,69043.3,68717.4,68724.6,2208.496
1772503200000,68724.5,68744.0,68142.1,68420.8,7398.717
1772505000000,68420.6,68599.0,68333.5,68478.1,2602.757
1772506800000,68478.0,68515.2,68186.4,68387.1,2535.852
1772508600000,68387.1,68516.2,68276.2,68349.3,1413.825
1772510400000,68349.4,68425.7,68243.9,68295.2,1230.269
1772512200000,68295.1,68361.4,68018.0,68093.0,2909.224
1772514000000,68093.1,68561.9,68001.0,68375.0,3698.758
1772515800000,68375.0,68380.3,67801.0,67911.6,5663.725
1772517600000,67911.6,68010.9,67778.0,67860.6,2755.379
1772519400000,67860.6,68248.0,67759.6,68070.0,3785.164
1772521200000,68070.0,68264.2,67915.2,68208.7,3197.839
1772523000000,68208.7,68228.1,68027.7,68138.3,1943.968
1772524800000,68138.2,68281.6,67666.0,67718.7,5629.898
1772526600000,67718.8,67724.4,66853.5,66972.7,13152.697
1772528400000,66972.8,67157.0,66550.0,66599.4,10579.888
1772530200000,66599.4,66685.9,66270.7,66614.5,8551.926
1772532000000,66614.4,66680.3,66400.0,66483.7,4583.317
1772533800000,66483.7,67035.6,66422.7,66826.3,6319.128
1772535600000,66826.4,67055.0,66729.0,66798.9,4341.459
1772537400000,66798.9,67134.8,66780.2,67000.0,4424.939
1772539200000,67000.0,68000.0,67000.0,67546.5,10600.55
1772541000000,67546.5,67556.4,67223.8,67360.1,3962.11
1772542800000,67360.1,67400.0,66929.6,67074.5,4833.195
1772544600000,67074.4,67076.8,66600.5,66893.6,6280.799
1772546400000,66893.7,67319.9,66818.4,67079.0,5768.433
1772548200000,67078.9,67559.0,66080.0,66539.9,16840.127
1772550000000,66539.9,66999.7,66424.1,66791.2,6945.822
1772551800000,66791.2,67830.9,66782.1,67692.5,12701.991
1772553600000,67692.5,68972.9,67620.0,68790.7,14381.048
1772555400000,68790.7,68790.7,67440.0,68137.4,15277.351
1772557200000,68137.4,68249.9,67582.6,68194.3,7135.724
1772559000000,68193.8,68377.9,67728.0,68280.5,5136.483
1772560800000,68280.5,68565.5,67934.2,68428.4,4912.415
1772562600000,68428.4,68885.0,68392.8,68589.9,4820.152
1772564400000,68590.0,68845.8,68260.0,68610.0,5014.175
1772566200000,68610.1,68781.4,68301.6,68395.9,4824.875
1772568000000,68395.9,68470.5,68105.5,68348.8,2847.857
1772569800000,68348.8,68557.4,68042.4,68232.9,2695.693
1772571600000,68233.3,68233.3,67778.4,67903.8,4015.729
1772573400000,67903.8,68062.8,67850.0,67976.5,1585.611
1772575200000,67976.5,68485.5,67976.5,68213.1,2561.639
1772577000000,68213.1,68400.0,68133.5,68275.1,1266.756
1772578800000,68275.2,68821.5,68206.4,68450.5,3860.371
1772580600000,68450.5,68550.8,68216.4,68295.3,1779.408
1772582400000,68295.2,68383.4,68051.1,68264.7,2301.396
1772584200000,68264.8,68310.2,67826.0,68065.8,3710.234
1772586000000,68065.8,68321.3,67922.4,68212.6,3842.182
1772587800000,68212.6,68887.9,68170.5,68377.9,7462.408
1772589600000,68384.6,68419.7,68019.0,68042.7,2917.632
1772591400000,68042.7,68371.0,67950.0,68286.0,2638.056
1772593200000,68286.0,68360.2,67920.0,67948.0,3709.169
1772595000000,67947.9,67967.7,67350.0,67700.1,7111.751
1772596800000,67700.1,67926.9,67475.7,67559.1,4398.601
1772598600000,67559.0,67815.6,67421.9,67755.8,3896.965
1772600400000,67755.8,67933.3,67635.4,67797.4,2612.161
1772602200000,67797.5,68353.9,67696.1,68173.2,4001.1
1772604000000,68173.2,68200.0,68001.7,68095.6,2733.803
1772605800000,68095.7,68650.1,68090.5,68472.2,5428.227
1772607600000,68472.3,68750.0,68316.0,68741.5,3813.76
1772609400000,68741.6,69676.4,68601.3,69464.5,12446.178
1772611200000,69464.5,69688.0,69100.2,69284.8,8381.302
1772613000000,69284.8,71200.0,69264.0,70993.7,22192.35
1772614800000,70993.7,71500.0,70700.0,71289.2,17193.258
1772616600000,71289.1,71887.9,71172.4,71487.1,19295.673
1772618400000,71487.1,71844.0,71306.5,71490.8,9014.872
1772620200000,71490.7,71518.1,71155.1,71310.9,7404.046
1772622000000,71310.8,71468.0,71157.5,71194.0,4493.807
1772623800000,71194.1,71284.2,70893.1,71082.4,6635.824
1772625600000,71082.3,71125.4,70589.4,70603.2,6234.241
1772627400000,70603.2,71340.0,70559.7,71307.8,8741.582
1772629200000,71307.9,71589.8,71177.7,71327.2,6061.193
1772631000000,71327.0,71533.3,71216.7,71447.9,3584.653
1772632800000,71448.0,71986.5,71363.0,71698.5,7992.144
1772634600000,71698.5,72630.0,71234.6,71580.5,28315.243
1772636400000,71580.4,72960.0,71527.6,72930.9,16045.016
1772638200000,72931.0,73436.4,72512.1,73339.7,15644.428
1772640000000,73339.7,73473.0,72467.2,72920.0,12895.473
1772641800000,72919.9,73426.8,72846.1,73241.2,6489.374
1772643600000,73241.2,73702.1,72858.0,73004.4,12510.878
1772645400000,73004.5,73367.4,73004.5,73174.2,6438.817
1772647200000,73174.3,73382.9,72854.0,73360.6,5138.122
1772649000000,73360.6,73686.6,73083.4,73651.4,6510.892
1772650800000,73651.3,74046.5,73485.6,73529.6,13141.959
1772652600000,73529.6,73831.7,73470.0,73580.2,3900.493
1772654400000,73580.3,73678.2,73232.3,73436.0,3867.504
1772656200000,73435.9,73540.9,72961.8,72971.8,3866.919
1772658000000,72973.3,73188.4,72830.8,73128.8,4673.271
1772659800000,73128.7,73290.8,73024.7,73273.5,1910.954
1772661600000,73273.6,73495.0,73154.9,73232.4,2476.68
1772663400000,73232.5,73280.4,72601.2,72678.9,3845.828
1772665200000,72678.9,72885.1,72402.3,72516.5,4272.758
1772667000000,72516.5,72800.0,72273.0,72641.4,4950.319
1772668800000,72641.4,72949.5,72511.5,72791.3,3203.422
1772670600000,72791.3,72972.8,72671.0,72725.0,2257.887
1772672400000,72725.1,73295.7,72644.0,72910.1,4889.357
1772674200000,72910.0,72928.1,72369.3,72507.8,3126.133
1772676000000,72507.8,72856.3,72484.7,72680.9,2325.989
1772677800000,72680.9,72685.3,72300.0,72468.9,3298.22
1772679600000,72469.0,72718.1,72449.5,72501.9,2426.304
1772681400000,72502.0,72530.8,72305.8,72469.6,2064.373
1772683200000,72469.5,72811.0,72412.8,72766.3,2507.151
1772685000000,72766.2,73060.0,72493.0,72784.0,4549.617
1772686800000,72784.1,72897.9,72417.1,72445.5,1984.406
1772688600000,72445.5,72559.0,72200.6,72374.9,3726.736
1772690400000,72375.0,72523.0,72000.1,72373.6,6479.337
1772692200000,72373.6,72637.8,72260.3,72520.3,2885.339
1772694000000,72520.3,72650.0,72390.7,72495.3,2359.543
1772695800000,72495.3,72495.4,71740.0,72025.5,8136.958
1772697600000,72025.4,72059.2,71716.3,71807.2,4104.57
1772699400000,71807.1,72340.0,71766.2,72307.6,3769.234
1772701200000,72307.6,72777.0,72272.0,72657.5,5569.931
1772703000000,72657.4,72863.0,72372.9,72563.2,3410.744
1772704800000,72563.1,73424.9,72480.6,73122.3,6798.362
1772706600000,73122.4,73539.1,73122.0,73347.0,6557.869
1772708400000,73346.9,73410.9,72875.0,73085.5,4623.057
1772710200000,73085.4,73085.5,72745.4,72879.9,3568.745
1772712000000,72880.0,72997.2,72625.1,72779.7,3897.714
1772713800000,72779.7,73032.0,72651.5,72842.2,2609.517
1772715600000,72842.2,72896.8,72290.7,72494.1,5503.263
1772717400000,72494.1,72663.2,72150.1,72435.5,6169.61
1772719200000,72435.5,72603.9,72278.1,72511.2,2823.921
1772721000000,72511.2,72817.0,71900.1,72574.7,13053.739
1772722800000,72574.7,72741.4,71223.3,71254.1,15950.077
1772724600000,71254.0,71760.0,71136.2,71611.7,12184.046
1772726400000,71611.7,71617.7,70753.3,70953.8,16028.922
1772728200000,70953.9,71620.6,70940.5,71267.9,7780.328
1772730000000,71267.9,71537.2,70822.0,70894.9,5531.367
1772731800000,70894.8,70988.0,70612.8,70668.5,6260.255
1772733600000,70668.5,71039.1,70622.1,70783.2,4381.454
1772735400000,70783.1,71052.5,70765.5,70962.8,2627.359
1772737200000,70962.9,71444.8,70952.8,71073.2,5533.521
1772739000000,71073.2,71141.9,70836.0,70875.5,2819.079
1772740800000,70875.5,71322.1,70805.9,71152.9,3158.331
1772742600000,71153.0,71360.9,71006.1,71206.2,2119.937
1772744400000,71205.8,71511.1,71194.1,71477.6,2668.651
1772746200000,71477.5,71530.4,70974.5,71099.7,2725.43
1772748000000,71099.6,71257.7,71022.1,71116.9,1868.521
1772749800000,71116.9,71340.0,71103.5,71170.9,1638.451
1772751600000,71170.9,71268.1,71115.8,71187.1,1478.147
1772753400000,71187.2,71194.9,70737.9,70854.8,2733.356
1772755200000,70854.8,71024.9,70799.4,70881.2,1915.516
1772757000000,70881.2,70974.0,70740.0,70952.5,1806.616
1772758800000,70952.5,70990.1,70339.6,70423.0,5490.734
1772760600000,70423.1,71257.6,70413.8,71217.0,4811.9
1772762400000,71217.0,71387.5,70976.8,71295.7,3884.695
1772764200000,71295.7,71330.4,71090.3,71204.1,1947.363
1772766000000,71204.0,71253.0,70955.0,71137.1,1915.948
1772767800000,71137.1,71186.9,70983.5,71045.4,1507.148
1772769600000,71045.4,71081.5,70830.7,70841.4,1803.156
1772771400000,70841.4,70934.5,70212.1,70578.1,6239.631
1772773200000,70578.2,70628.7,70285.7,70359.1,3497.063
1772775000000,70359.1,70483.1,70100.0,70396.4,5457.172
1772776800000,70396.4,70490.1,70220.9,70389.1,2211.313
1772778600000,70389.1,70830.9,70342.4,70565.5,3281.753
1772780400000,70565.5,70854.6,70430.7,70827.8,2935.575
1772782200000,70827.8,71168.0,70827.8,71026.7,4186.321
1772784000000,71026.7,71035.3,70791.4,70895.9,2886.793
1772785800000,70895.8,70998.0,70696.4,70750.2,2653.508
1772787600000,70750.2,70789.9,70320.7,70375.5,3631.269
1772789400000,70375.5,70590.0,70254.5,70521.4,3585.061
1772791200000,70521.3,70768.2,70482.1,70741.9,2776.899
1772793000000,70741.8,70755.4,70430.2,70506.8,3078.7
1772794800000,70506.8,70587.9,70389.5,70523.7,2172.132
1772796600000,70523.8,70621.0,70164.9,70185.6,4284.604
1772798400000,70185.6,70200.7,69752.1,69979.9,9501.544
1772800200000,69979.8,70068.9,69617.0,69895.2,6629.701
1772802000000,69895.2,70236.6,69801.6,70027.9,4250.149
1772803800000,70027.8,70328.5,69179.4,69189.6,15184.575
1772805600000,69189.6,69241.1,68600.1,68944.4,17682.665
1772807400000,68944.4,69054.0,68121.6,68367.6,15040.164
1772809200000,68367.7,68986.9,68277.5,68850.0,9724.533
1772811000000,68849.9,69079.6,68258.8,68468.4,6719.281
1772812800000,68468.3,68759.5,68186.0,68504.2,5653.292
1772814600000,68504.2,68677.4,68301.3,68410.2,3821.364
1772816400000,68410.2,68611.4,68160.6,68221.1,4123.73
1772818200000,68221.2,68269.3,67712.3,67930.7,9678.833
1772820000000,67930.6,68397.8,67921.5,68254.2,4173.259
1772821800000,68254.1,68444.0,68087.0,68144.0,2986.659
1772823600000,68143.9,68450.0,68103.7,68190.3,2267.519
1772825400000,68190.4,68280.0,67967.2,68101.0,2195.811
1772827200000,68100.9,68259.0,67731.0,67807.9,3551.489
1772829000000,67807.8,68146.2,67777.4,68078.2,2970.949
1772830800000,68078.1,68163.2,67890.7,67976.8,1953.637
1772832600000,67976.8,68306.6,67950.1,68258.3,1988.733
1772834400000,68258.3,68361.7,68217.8,68262.3,1167.017
1772836200000,68262.4,68406.6,68190.0,68291.2,1238.884
1772838000000,68291.2,68343.4,68207.1,68322.9,1267.824
1772839800000,68322.8,68322.8,68059.7,68083.0,1650.221
1772841600000,68083.0,68239.5,68075.3,68182.1,1893.693
1772843400000,68182.1,68372.3,68176.0,68243.2,2053.494
1772845200000,68243.1,68332.0,68140.0,68202.7,1313.971
1772847000000,68202.6,68306.2,68157.6,68222.2,851.568
1772848800000,68222.2,68273.4,68066.0,68078.0,1531.013
1772850600000,68078.0,68346.6,68018.7,68320.1,1780.083
1772852400000,68320.0,68524.9,68200.0,68202.7,3242.892
1772854200000,68202.7,68242.5,68063.0,68063.2,1507.945
1772856000000,68063.3,68089.2,67764.1,67994.8,3566.188
1772857800000,67994.9,68130.7,67935.2,68028.0,1046.453
1772859600000,68028.0,68111.2,67867.4,67990.5,1972.566
1772861400000,67990.3,68088.4,67919.0,67990.1,1132.219
1772863200000,67990.0,67998.0,67820.7,67841.0,1323.613
1772865000000,67841.0,67926.5,67570.3,67665.7,3890.907
1772866800000,67665.9,67740.1,67411.0,67700.0,4891.371
1772868600000,67700.0,67837.4,67624.4,67809.4,2430.444
1772870400000,67809.5,68035.3,67735.9,67908.1,2539.946
1772872200000,67908.2,67984.2,67675.0,67767.6,1664.8
1772874000000,67767.6,68045.3,67700.0,67933.4,1672.938
1772875800000,67933.3,68007.8,67904.7,67970.5,954.552
1772877600000,67970.5,68078.0,67872.1,67948.5,1529.911
1772879400000,67948.5,67982.4,67835.1,67851.6,893.924
1772881200000,67851.7,68215.6,67808.4,68114.9,3325.884
1772883000000,68114.9,68132.7,67971.1,67975.9,1257.133
1772884800000,67976.0,68050.6,67914.9,67989.9,1133.42
1772886600000,67990.0,68007.4,67855.2,67954.6,1108.042
1772888400000,67954.6,68042.3,67901.0,67950.0,1514.984
1772890200000,67950.0,68009.1,67810.0,67891.3,1359.748
1772892000000,67891.2,67892.9,67568.4,67764.9,3264.082
1772893800000,67764.9,68061.1,67760.0,67980.1,2241.736
1772895600000,67980.1,67987.8,67820.0,67923.7,1149.748
1772897400000,67923.8,68000.0,67732.1,67844.8,1606.653
1772899200000,67844.8,67859.1,67704.0,67746.0,1295.288
1772901000000,67746.0,67800.0,67663.3,67757.5,1188.812
1772902800000,67757.6,67913.6,67744.0,67843.7,941.327
1772904600000,67843.7,67850.6,67728.1,67749.7,693.233
1772906400000,67749.7,67749.8,67400.0,67621.7,3473.314
1772908200000,67621.6,67629.6,67442.3,67530.8,1905.105
1772910000000,67530.8,67537.4,67123.9,67187.3,4408.51
1772911800000,67187.2,67315.0,66850.1,67042.6,5619.901
1772913600000,67042.6,67269.0,67028.0,67206.6,2020.895
1772915400000,67206.7,67397.5,67206.6,67354.4,2162.281
1772917200000,67354.4,67445.9,67294.4,67420.7,1468.102
1772919000000,67420.8,67420.8,67233.5,67416.4,1516.81
1772920800000,67416.3,67434.3,67220.5,67239.8,1002.382
1772922600000,67239.7,67334.8,67058.0,67220.0,2492.702
1772924400000,67220.0,67373.9,67137.4,67337.3,1622.091
1772926200000,67337.3,67363.8,67200.8,67232.1,1113.488
1772928000000,67232.1,67459.0,67226.9,67311.3,1467.163
1772929800000,67311.2,67337.4,67138.0,67161.0,1770.842
1772931600000,67161.0,67293.0,67123.1,67197.7,1568.41
1772933400000,67197.7,67329.7,67055.3,67266.3,1618.425
1772935200000,67266.2,67321.1,67177.1,67190.9,802.141
1772937000000,67190.9,67399.8,66720.8,66894.8,5669.391
1772938800000,66894.9,67060.5,66804.0,66972.3,2391.084
1772940600000,66972.3,67048.1,66905.0,66974.9,1597.933
1772942400000,66974.9,67059.9,66899.9,66962.6,1627.717
1772944200000,66962.5,66981.9,66508.0,66602.7,4488.077
1772946000000,66602.7,67168.8,66584.0,67095.7,3523.908
1772947800000,67095.8,67221.1,67060.0,67115.4,1986.897
1772949600000,67115.3,67202.5,67007.0,67022.6,1460.989
1772951400000,67022.6,67198.4,67002.4,67134.3,1137.002
1772953200000,67134.4,67430.0,67121.3,67324.1,3252.809
1772955000000,67324.0,67331.9,67224.5,67277.2,1076.66
1772956800000,67277.1,67330.8,67121.1,67239.1,1266.69
1772958600000,67239.1,67565.3,67186.1,67490.9,2915.667
1772960400000,67491.0,67888.0,67432.7,67812.4,5765.007
1772962200000,67812.5,67822.9,67654.6,67662.9,2026.759
1772964000000,67663.0,68171.6,67659.5,68019.2,5481.577
1772965800000,68019.2,68050.0,67833.4,67869.1,2456.738
1772967600000,67869.0,67869.0,67418.0,67646.9,4570.799
1772969400000,67646.8,67789.2,67377.0,67490.0,3318.64
1772971200000,67490.1,67623.0,66851.3,67392.0,7961.594
1772973000000,67391.9,67467.9,67251.6,67286.0,1879.579
1772974800000,67286.0,67411.3,66730.0,67120.3,6103.308
1772976600000,67120.2,67258.6,66800.0,67196.9,3273.818
1772978400000,67196.8,67399.9,67154.9,67225.4,2106.503
1772980200000,67225.3,67347.5,67018.0,67304.1,2337.586
1772982000000,67304.1,67333.1,67097.2,67130.0,1950.745
1772983800000,67130.0,67199.1,67030.1,67174.7,1726.471
1772985600000,67174.6,67232.0,66988.0,67073.8,1933.849
1772987400000,67073.7,67083.2,66761.8,66829.9,3523.111
1772989200000,66830.0,67151.7,66752.5,67027.4,3285.024
1772991000000,67027.4,67089.3,66900.0,67017.0,1302.456
1772992800000,67017.1,67047.3,66707.0,66892.2,1833.0
1772994600000,66892.2,66954.6,66718.4,66777.5,1457.315
1772996400000,66777.6,67250.0,66746.0,67169.4,2985.839
1772998200000,67169.5,67459.2,67169.4,67299.0,2534.242
1773000000000,67299.0,67299.0,67000.0,67000.0,1965.978
1773001800000,67000.1,67496.4,67000.0,67195.7,3413.739
1773003600000,67195.6,67231.9,66666.6,66903.5,3420.591
1773005400000,66903.5,67013.8,66855.0,66977.1,1277.551
1773007200000,66977.1,66978.3,65569.2,65871.6,23167.701
1773009000000,65871.7,66272.2,65680.0,66198.4,5626.648
1773010800000,66198.4,66527.2,66066.4,66427.3,3996.46
1773012600000,66427.4,66480.0,65880.0,65934.3,3443.54
1773014400000,65934.3,66370.0,65770.5,66134.1,4349.524
1773016200000,66134.1,66730.0,66134.1,66326.9,4682.193
1773018000000,66326.8,66600.0,66081.5,66439.1,3986.802
1773019800000,66439.1,66655.5,66136.0,66150.1,4107.658
1773021600000,66150.1,66320.0,65916.9,66081.1,3369.689
1773023400000,66081.1,66678.2,66055.0,66500.0,4751.727
1773025200000,66500.1,67646.0,66476.9,67186.9,12401.432
1773027000000,67186.8,67358.1,67011.8,67165.3,3786.958
1773028800000,67165.3,67593.0,67124.5,67537.2,3146.621
1773030600000,67537.2,67537.2,67067.3,67100.3,3674.491
1773032400000,67100.3,67385.0,67080.2,67354.2,2081.02
1773034200000,67354.2,68038.4,67314.3,67869.6,17353.399
1773036000000,67869.7,67894.0,67428.9,67466.8,4199.931
1773037800000,67466.9,67524.1,67177.0,67229.8,3060.608
1773039600000,67229.9,67286.0,66833.9,67174.9,5200.735
1773041400000,67174.9,67536.9,67173.3,67504.8,3941.881
1773043200000,67504.9,67799.8,67344.4,67767.8,4273.023
1773045000000,67767.7,67885.3,67639.5,67772.4,3053.311
1773046800000,67772.4,68026.0,67523.0,67972.7,4062.274
1773048600000,67972.7,68441.5,67857.3,67946.5,8928.687
1773050400000,67946.4,68058.2,67757.9,67758.0,4069.677
1773052200000,67758.1,67817.1,67518.0,67571.2,3210.233
1773054000000,67571.3,67746.9,67301.0,67439.3,3539.56
1773055800000,67439.4,67832.6,67424.0,67723.3,2277.052
1773057600000,67723.3,68133.0,67714.2,68115.0,3219.552
1773059400000,68114.9,68311.7,67945.3,68124.1,5931.239
1773061200000,68124.1,68760.9,68102.2,68734.9,8502.485
1773063000000,68734.8,69273.9,68683.6,68939.9,17325.614
1773064800000,68940.0,69247.1,68641.5,69114.4,9600.735
1773066600000,69114.4,69449.1,69009.5,69112.8,9448.798
1773068400000,69112.8,69215.0,68925.9,69050.0,4799.409
1773070200000,69049.9,69145.1,68688.4,68832.3,5673.244
1773072000000,68832.4,69028.4,68703.0,68928.4,3625.735
1773073800000,68928.5,69188.0,68586.4,68920.5,4650.712
1773075600000,68920.6,69056.1,68556.9,68589.8,3264.633
1773077400000,68589.8,68729.5,68217.0,68570.0,5938.447
1773079200000,68570.0,68627.3,68200.1,68514.6,3781.114
1773081000000,68514.5,68673.0,68281.3,68327.4,2117.802
1773082800000,68327.5,69336.4,68327.5,69320.5,8292.322
1773084600000,69320.5,69498.0,68744.7,68951.8,8263.703
1773086400000,68951.8,69100.2,68820.0,68921.5,2187.88
1773088200000,68921.4,69005.7,68718.0,68916.3,1852.568
1773090000000,68916.3,69064.1,68788.0,68805.9,2168.275
1773091800000,68805.9,69005.0,68621.4,68882.7,2041.113
1773093600000,68882.7,69000.0,68642.0,68795.9,1619.14
1773095400000,68795.9,68836.4,68554.2,68602.2,2050.033
1773097200000,68602.2,68663.0,68486.2,68568.1,1623.475
1773099000000,68568.1,68594.1,68333.0,68394.1,1725.033
1773100800000,68394.0,69000.0,68345.0,68943.4,4812.959
1773102600000,68943.4,69259.9,68848.8,69113.1,4494.044
1773104400000,69113.2,69217.4,68806.1,68936.5,2363.481
1773106200000,68936.6,69362.9,68721.4,69229.0,3822.064
1773108000000,69229.0,69359.9,69064.0,69333.0,2713.441
1773109800000,69333.1,70555.0,69333.0,70242.0,18471.835
1773111600000,70242.0,70348.1,69983.2,70087.7,4897.491
1773113400000,70087.7,70099.6,69338.5,69391.0,9954.127
1773115200000,69391.0,69780.0,69391.0,69700.0,3985.612
1773117000000,69700.1,70094.7,69700.1,70035.8,3602.91
1773118800000,70035.8,70330.4,69973.8,70010.2,4133.39
1773120600000,70010.2,70096.9,69842.7,69938.3,1763.174
1773122400000,69938.3,70160.3,69719.4,70104.1,3266.111
1773124200000,70104.1,70134.4,69826.2,69879.6,2029.2
1773126000000,69879.6,70500.0,69793.7,70289.8,6841.831
1773127800000,70289.8,70478.9,70236.0,70374.7,2696.336
1773129600000,70374.7,70951.9,70332.2,70810.3,10511.98
1773131400000,70810.3,71067.2,70564.3,70650.9,6747.674
1773133200000,70650.9,71253.9,70615.5,71185.0,6154.567
1773135000000,71185.0,71272.4,70866.6,71030.4,3551.732
1773136800000,71030.5,71049.9,70682.4,70730.3,2940.876
1773138600000,70730.2,70924.9,70619.5,70737.6,3515.87
1773140400000,70737.6,70837.1,70538.5,70617.9,3245.3
1773142200000,70617.9,70662.2,70505.3,70570.1,2236.134
1773144000000,70570.1,70602.5,70312.0,70356.6,4699.36
1773145800000,70356.6,70554.6,70250.2,70486.8,2733.874
1773147600000,70486.9,70869.4,70486.9,70821.4,4048.822
1773149400000,70821.3,70888.0,69680.0,69883.7,16975.804
1773151200000,69883.7,70118.7,69184.8,69762.0,13861.033
1773153000000,69762.0,71499.9,69752.8,71435.7,15842.483
1773154800000,71435.7,71748.1,70931.3,71309.0,13324.304
1773156600000,71308.9,71590.9,70856.3,71296.9,8338.361
1773158400000,71296.9,71665.8,70900.0,71324.0,6604.736
1773160200000,71324.3,71408.9,71089.5,71224.5,4515.438
1773162000000,71224.5,71412.3,70946.3,71002.7,3014.089
1773163800000,71002.5,71199.2,70465.1,70827.1,7198.061
1773165600000,70827.1,70871.7,70091.0,70289.0,7305.371
1773167400000,70289.0,70444.8,69854.7,69975.2,5870.096
1773169200000,69975.2,70249.1,69822.0,69931.5,4884.616
1773171000000,69931.5,70065.0,69688.0,70005.2,4081.272
1773172800000,70005.1,70227.4,69958.1,70200.1,2614.063
1773174600000,70200.0,70311.4,70163.1,70192.9,1840.93
1773176400000,70192.9,70375.4,69876.0,69896.8,2565.263
1773178200000,69896.8,70006.2,69485.7,69712.8,5651.981
1773180000000,69712.9,69830.2,69388.0,69563.1,3236.036
1773181800000,69563.1,69734.4,69445.0,69653.9,2069.249
1773183600000,69653.9,69828.8,69644.6,69764.6,2355.703
1773185400000,69764.7,69938.2,69734.4,69901.9,3291.4
1773187200000,69901.8,70123.1,69707.8,70001.7,4141.587
1773189000000,70001.6,70139.6,69756.2,69998.1,2493.883
1773190800000,69998.1,70114.2,69921.8,70044.2,2104.787
1773192600000,70044.2,70086.6,69829.4,70027.8,1814.403
1773194400000,70027.9,70087.5,69875.3,69929.9,1692.732
1773196200000,69930.0,69930.0,69563.3,69778.2,3073.07
1773198000000,69778.2,69863.0,69462.3,69494.0,2821.534
1773199800000,69493.9,69614.5,69455.6,69517.0,1792.415
1773201600000,69517.0,69953.1,69462.1,69942.4,2801.166
1773203400000,69942.5,70249.1,69876.0,70089.7,3201.282
1773205200000,70089.8,70162.4,69834.2,69906.3,1842.785
1773207000000,69906.3,69906.4,69329.7,69463.7,4825.858
1773208800000,69463.7,69795.7,69454.9,69759.9,2899.754
1773210600000,69759.9,69970.2,69673.2,69907.0,2119.824
1773212400000,69907.1,69986.8,69714.0,69746.7,1614.876
1773214200000,69746.7,69746.8,69456.4,69622.1,3123.2
1773216000000,69622.2,69738.8,69467.2,69467.2,1918.241
1773217800000,69467.2,69750.0,69464.0,69617.4,2481.665
1773219600000,69617.4,69634.9,69489.3,69496.0,1741.359
1773221400000,69496.0,69729.0,69324.1,69431.2,3625.752
1773223200000,69431.3,69564.0,69350.5,69459.8,2028.088
1773225000000,69459.8,69689.8,69433.6,69570.5,2060.934
1773226800000,69570.5,69641.6,69387.5,69418.9,1826.431
1773228600000,69419.0,69517.8,69098.0,69144.0,3909.101
1773230400000,69144.0,69420.0,68932.9,69401.7,6635.847
1773232200000,69401.7,69767.8,69110.1,69319.0,6859.353
1773234000000,69318.9,70360.0,69294.1,70175.6,9960.727
1773235800000,70175.6,71060.7,69742.0,70134.8,21005.204
1773237600000,70134.8,70798.8,69917.5,70612.9,12531.48
1773239400000,70612.9,70938.1,70395.1,70536.6,8864.153
1773241200000,70536.7,70612.5,69902.7,70159.0,7908.817
1773243000000,70159.0,70288.1,69618.6,70186.9,7496.939
1773244800000,70187.0,70582.6,70093.2,70420.0,4601.986
1773246600000,70419.9,70799.9,70410.6,70538.9,5006.158
1773248400000,70539.0,71286.0,70523.4,71207.7,8363.211
1773250200000,71207.6,71280.0,70474.2,70745.1,8133.497
1773252000000,70745.1,70866.5,70562.3,70673.3,3383.538
1773253800000,70673.3,70738.3,70353.5,70582.2,4314.438
1773255600000,70582.1,70594.5,70333.3,70486.7,1873.096
1773257400000,70486.7,70700.0,70431.8,70600.8,1628.91
1773259200000,70600.7,70606.1,70349.5,70399.2,1324.736
1773261000000,70399.1,70692.8,70396.0,70586.1,1950.882
1773262800000,70586.1,70766.7,70451.8,70510.0,1631.842
1773264600000,70510.1,70747.5,70505.5,70702.3,997.6
1773266400000,70702.4,70931.9,70427.0,70448.7,2046.29
1773268200000,70448.7,70488.0,70200.2,70329.1,3229.175
1773270000000,70329.2,70466.0,70264.8,70319.4,1397.49
1773271800000,70319.4,70380.2,70078.6,70150.0,2527.86
1773273600000,70150.0,70314.1,70087.1,70211.9,1917.609
1773275400000,70211.8,70300.0,70096.1,70176.9,1046.712
1773277200000,70176.9,70188.1,69823.1,69860.6,4394.133
1773279000000,69860.7,69958.7,69706.1,69800.8,2667.371
1773280800000,69800.7,69851.5,69460.8,69560.2,4036.993
1773282600000,69560.2,69585.2,69180.0,69242.9,4523.622
1773284400000,69243.0,69477.0,69187.6,69375.0,3023.211
1773286200000,69375.0,69595.9,69231.4,69402.6,3067.931
1773288000000,69402.6,69640.3,69402.6,69445.7,2102.921
1773289800000,69445.6,69445.7,69250.1,69330.1,1746.746
1773291600000,69330.1,69438.0,69150.0,69217.7,2753.784
1773293400000,69217.6,69514.6,69217.6,69429.9,2000.117
1773295200000,69430.0,69526.6,69320.0,69500.1,1789.45
1773297000000,69500.1,69517.1,69354.2,69461.5,1120.044
1773298800000,69461.4,69639.7,69370.7,69566.8,1956.773
1773300600000,69566.7,69818.8,69561.2,69782.6,4151.995
1773302400000,69782.7,70079.1,69676.0,69765.9,5707.598
1773304200000,69766.0,69878.3,69667.3,69865.1,2603.537
1773306000000,69865.1,69884.6,69540.9,69650.2,2543.863
1773307800000,69650.2,70377.7,69650.2,69914.9,7130.724
1773309600000,69915.0,70183.4,69815.4,70110.0,3301.468
1773311400000,70109.9,70477.0,70097.3,70372.3,5055.551
1773313200000,70372.4,70600.0,70321.7,70508.5,3693.461
1773315000000,70508.5,70756.5,70358.6,70388.5,5004.493
1773316800000,70388.6,70444.0,70244.7,70381.6,3702.34
1773318600000,70381.6,70584.2,70246.2,70348.6,2872.25
1773320400000,70348.6,70490.0,69959.9,70074.6,4839.466
1773322200000,70074.6,70419.7,69614.8,69930.5,10810.932
1773324000000,69930.4,70625.0,69868.9,69906.8,9741.035
1773325800000,69906.8,69961.8,69303.8,69549.4,11702.938
1773327600000,69549.3,70388.0,69430.0,70249.9,8217.419
1773329400000,70249.9,70532.0,70092.5,70282.9,8475.9
1773331200000,70282.8,70530.0,69856.4,70021.0,8757.487
1773333000000,70021.1,70475.8,69988.4,70328.3,4813.735
1773334800000,70328.3,70499.9,70151.4,70256.5,3731.952
1773336600000,70256.5,70402.8,70017.4,70167.3,2993.852
1773338400000,70167.3,70256.5,69832.4,69983.1,3432.307
1773340200000,69983.0,70063.8,69754.8,69781.0,2621.751
1773342000000,69781.1,70188.0,69725.0,70168.2,2991.36
1773343800000,70168.3,70511.2,70160.0,70393.7,3696.501
1773345600000,70393.7,70508.8,70213.5,70266.0,2098.545
1773347400000,70266.1,70266.1,70063.7,70127.0,1487.776
1773349200000,70127.1,70433.4,70127.1,70252.8,1226.51
1773351000000,70252.8,70350.9,70165.5,70244.5,919.471
1773352800000,70244.4,70281.5,70066.1,70149.9,1470.04
1773354600000,70150.0,70200.5,69974.7,70141.1,1208.953
1773356400000,70141.1,70727.9,70122.7,70501.5,5373.409
1773358200000,70501.5,70630.0,70427.5,70480.1,1964.557
1773360000000,70480.1,71726.0,70342.7,71449.1,17887.493
1773361800000,71449.0,71979.2,71200.0,71443.3,10383.956
1773363600000,71443.4,71738.6,71429.1,71492.1,4295.123
1773365400000,71492.1,71698.7,71240.0,71629.9,3881.753
1773367200000,71630.0,71665.2,71376.8,71426.2,2171.151
1773369000000,71426.2,71458.0,71006.5,71114.6,4552.729
1773370800000,71114.6,71260.9,71044.4,71069.1,1886.073
1773372600000,71069.1,71485.6,70920.1,71366.3,4016.317
1773374400000,71366.3,71469.0,71200.0,71279.7,2237.46
1773376200000,71279.8,71407.0,71229.2,71352.5,1285.089
1773378000000,71352.6,71418.0,71201.0,71378.8,1872.287
1773379800000,71378.8,71616.0,71378.4,71515.4,3614.264
1773381600000,71515.5,71568.5,71170.3,71209.5,2454.496
1773383400000,71209.5,71354.9,71150.0,71315.9,3041.713
1773385200000,71315.9,71559.5,71208.0,71479.9,3096.454
1773387000000,71479.9,71649.7,71348.0,71585.3,5168.815
1773388800000,71585.2,71618.0,71347.1,71543.9,3058.811
1773390600000,71543.8,72156.4,71537.7,71790.0,10628.724
1773392400000,71790.0,71934.9,71549.9,71778.5,3679.681
1773394200000,71778.5,72060.0,71740.2,71960.0,4474.382
1773396000000,71959.9,72467.9,71953.0,72316.4,9567.99
1773397800000,72316.4,72547.0,72286.2,72421.2,5465.054
1773399600000,72421.1,72491.0,72186.7,72286.1,4879.383
1773401400000,72286.1,72325.0,72150.0,72189.9,2039.509
1773403200000,72189.8,72463.0,72166.1,72370.9,2886.663
1773405000000,72370.9,72882.8,72283.9,72735.3,8816.771
1773406800000,72735.3,73269.1,72635.8,72993.3,10848.334
1773408600000,72993.4,73568.0,72706.9,73344.8,14767.012
1773410400000,73344.7,73866.0,73238.0,73685.1,12395.8
1773412200000,73685.0,73870.0,72328.4,72353.4,21359.941
1773414000000,72353.3,72828.2,72151.3,72441.9,11216.133
1773415800000,72441.8,72572.4,71700.0,71800.0,13223.95
1773417600000,71800.1,71914.3,71130.6,71359.8,17944.635
1773419400000,71359.8,72090.2,71348.5,71846.0,12267.693
1773421200000,71846.0,72215.1,71549.8,71623.0,7786.195
1773423000000,71622.9,71658.4,70862.3,70999.5,12785.945
1773424800000,70999.5,71241.9,70811.0,71163.1,7786.614
1773426600000,71163.1,71318.8,70971.0,71020.1,3473.74
1773428400000,71020.0,71273.1,70963.0,71049.6,2638.322
1773430200000,71049.7,71238.0,71001.0,71148.0,3106.427
1773432000000,71148.1,71447.2,71111.1,71269.2,2747.312
1773433800000,71269.2,71426.5,71227.2,71307.4,1598.549
1773435600000,71307.5,71452.1,71091.7,71124.0,1684.67
1773437400000,71123.9,71280.8,71021.2,71063.1,1840.244
1773439200000,71063.1,71150.0,70568.0,70640.7,5946.209
1773441000000,70640.7,70785.8,70510.8,70785.8,2914.534
1773442800000,70785.7,70982.9,70658.9,70859.6,2741.587
1773444600000,70859.7,70959.3,70819.5,70895.5,1816.134
1773446400000,70895.5,70920.0,70708.9,70872.8,1913.347
1773448200000,70872.8,70890.7,70520.5,70600.0,3766.004
1773450000000,70600.0,70771.8,70600.0,70750.6,1147.476
1773451800000,70750.6,70872.5,70436.2,70790.3,3862.266
1773453600000,70790.3,70870.0,70741.9,70767.2,1284.773
1773455400000,70767.2,70837.3,70690.1,70749.2,1069.851
1773457200000,70749.2,71099.0,70749.2,71000.4,3153.659
1773459000000,71000.5,71141.7,71000.4,71034.3,1713.922
1773460800000,71034.3,71177.0,71020.0,71151.8,1586.777
1773462600000,71151.9,71272.3,70977.0,70996.3,2430.004
1773464400000,70996.3,71119.0,70935.4,71076.3,1376.378
1773466200000,71076.2,71082.9,70871.1,70980.7,1369.3
1773468000000,70980.7,70980.7,70643.1,70669.9,2929.695
1773469800000,70669.8,70709.2,70256.0,70591.9,6871.554
1773471600000,70591.9,70686.4,70507.5,70649.6,1631.462
1773473400000,70649.6,70706.0,70444.0,70565.6,2574.569
1773475200000,70565.6,70672.9,70524.7,70636.9,1156.922
1773477000000,70636.9,70652.4,70495.0,70550.6,1132.147
1773478800000,70550.6,70707.0,70522.2,70649.6,1543.019
1773480600000,70649.6,70649.6,70360.0,70474.7,2469.761
1773482400000,70474.7,70530.0,70384.4,70431.9,1411.867
1773484200000,70432.0,70550.7,70350.0,70531.8,1578.26
1773486000000,70531.8,70684.7,70521.5,70638.9,1428.427
1773487800000,70638.9,70745.1,70590.0,70705.0,1083.715
1773489600000,70705.0,70800.0,70655.7,70677.8,1516.022
1773491400000,70677.8,70750.0,70568.0,70733.4,1461.462
1773493200000,70733.5,70900.0,70661.0,70870.4,2198.378
1773495000000,70870.4,70899.0,70750.0,70813.4,1298.004
1773496800000,70813.3,70914.6,70651.0,70784.9,1654.664
1773498600000,70784.9,70803.3,70532.3,70566.8,1554.977
1773500400000,70566.8,70695.7,70525.8,70630.1,1326.387
1773502200000,70630.1,70630.1,70444.1,70554.6,1715.697
1773504000000,70554.7,70625.0,70455.6,70623.2,1514.914
1773505800000,70623.2,70674.5,70560.0,70636.7,734.699
1773507600000,70636.7,70707.9,70600.0,70700.0,691.65
1773509400000,70699.9,70700.0,70545.9,70586.1,600.793
1773511200000,70586.2,70595.0,70515.2,70582.6,532.091
1773513000000,70582.6,70662.9,70582.6,70623.5,535.076
1773514800000,70623.5,70680.0,70552.6,70638.9,655.987
1773516600000,70638.8,70705.7,70599.9,70664.1,445.635
1773518400000,70664.1,70735.0,70607.7,70696.4,585.807
1773520200000,70696.4,70835.0,70694.3,70765.3,1072.661
1773522000000,70765.3,70765.3,70611.9,70656.1,748.317
1773523800000,70656.1,70784.6,70643.8,70769.6,655.898
1773525600000,70769.5,70772.7,70669.9,70700.0,574.278
1773527400000,70700.0,70771.9,70661.9,70678.5,449.538
1773529200000,70678.5,71071.9,70678.5,70991.8,3274.088
1773531000000,70991.8,71221.9,70987.0,71174.4,3000.836
1773532800000,71174.4,71186.8,70958.8,71030.5,1862.434
1773534600000,71030.5,71080.1,70912.8,70950.4,929.769
1773536400000,70950.5,70999.0,70841.0,70899.9,1176.938
1773538200000,70900.0,71000.0,70815.7,70960.8,990.738
1773540000000,70960.8,71359.4,70960.8,71232.3,3365.077
1773541800000,71232.3,71599.9,71119.1,71404.4,4739.402
1773543600000,71404.3,71489.6,71271.7,71291.9,1906.812
1773545400000,71291.9,71400.0,71166.3,71314.8,2148.5
1773547200000,71314.8,71629.6,71277.1,71492.1,3179.9
1773549000000,71492.2,71548.0,71411.2,71546.3,1276.608
1773550800000,71546.4,71750.0,71428.1,71589.3,3097.364
1773552600000,71589.3,71650.0,71436.1,71448.6,2308.386
1773554400000,71448.5,71549.0,71414.8,71425.8,1308.144
1773556200000,71425.8,71445.1,71343.5,71415.2,1447.151
1773558000000,71415.1,71626.1,71388.0,71530.4,2290.624
1773559800000,71530.4,71530.5,71370.0,71420.8,1123.244
1773561600000,71420.8,71643.7,71420.8,71541.0,1647.81
1773563400000,71541.0,71679.9,71457.7,71674.8,1369.637
1773565200000,71674.9,71897.9,71651.7,71810.0,4767.359
1773567000000,71810.1,71831.8,71654.3,71751.3,1282.019
1773568800000,71751.3,71878.9,71676.0,71820.4,1119.348
1773570600000,71820.4,71828.0,71737.2,71740.6,788.969
1773572400000,71740.5,71777.0,71612.4,71665.9,1732.412
1773574200000,71665.9,71850.0,71623.0,71800.0,1395.587
1773576000000,71800.1,71800.1,71618.0,71669.4,1137.378
1773577800000,71669.3,71700.3,71526.9,71578.8,1520.48
1773579600000,71578.8,71650.0,71220.1,71487.5,6832.038
1773581400000,71487.5,71600.0,71250.0,71575.3,3930.75
1773583200000,71575.3,71600.1,71369.5,71428.2,1856.276
1773585000000,71428.2,71592.1,71311.0,71588.0,1899.28
1773586800000,71588.0,71590.0,71424.8,71441.6,1430.78
1773588600000,71441.6,71517.5,71375.7,71444.4,862.984
1773590400000,71444.4,71556.4,71275.0,71371.9,2137.823
1773592200000,71371.9,71478.4,71281.1,71405.5,1687.459
1773594000000,71405.5,71508.0,71373.3,71477.1,963.656
1773595800000,71477.1,71971.8,71439.1,71788.0,4902.265
1773597600000,71787.9,71856.0,71652.8,71696.5,1223.55
1773599400000,71696.5,71800.0,71275.0,71346.8,3630.566
1773601200000,71346.7,71514.8,71300.0,71483.1,1870.83
1773603000000,71483.1,71547.7,71408.9,71515.2,699.35
1773604800000,71515.2,71536.4,71396.4,71449.9,531.206
1773606600000,71450.0,71899.6,71449.9,71690.1,3195.993
1773608400000,71690.0,71777.0,71587.6,71724.8,924.443
1773610200000,71724.8,72200.0,71724.7,72074.6,5343.94
1773612000000,72074.6,72280.0,71681.4,71896.2,4930.436
1773613800000,71896.3,73130.2,71896.2,72715.6,12260.831
1773615600000,72715.7,73199.9,72401.0,72451.2,11388.077
1773617400000,72451.3,72793.9,72376.2,72778.9,4059.619
1773619200000,72778.8,72980.1,72462.9,72479.9,4152.208
1773621000000,72479.9,72652.4,72417.9,72497.4,2094.471
1773622800000,72497.4,72667.5,72235.6,72616.3,3443.253
1773624600000,72616.3,72819.2,72451.3,72724.1,2281.482
1773626400000,72724.2,72823.5,72350.1,72419.4,2274.483
1773628200000,72419.4,72564.8,72333.0,72481.1,1388.9
1773630000000,72481.0,72846.0,72400.0,72822.0,2478.307
1773631800000,72821.9,74307.3,72819.0,73539.5,32767.817
1773633600000,73539.5,74026.3,73539.4,73572.8,10032.631
1773635400000,73572.9,74444.0,73560.5,73799.5,15077.903
1773637200000,73799.4,74062.8,73704.5,73874.3,9057.285
1773639000000,73874.4,74237.0,73677.9,74176.5,6134.678
1773640800000,74176.6,74181.4,73549.7,73683.1,6379.978
1773642600000,73683.1,73825.6,73663.1,73680.7,1930.4
1773644400000,73680.6,73886.0,73628.0,73800.0,2802.291
1773646200000,73800.0,73836.8,73345.9,73427.7,4529.991
1773648000000,73427.8,73755.8,73327.9,73327.9,3967.451
1773649800000,73327.9,73341.0,72841.9,73098.3,9445.435
1773651600000,73098.4,73247.1,73030.0,73235.6,2291.374
1773653400000,73235.6,73299.7,73141.2,73219.7,1726.986
1773655200000,73219.7,73498.5,73219.6,73402.1,2972.533
1773657000000,73402.2,73762.9,73159.2,73745.5,5361.42
1773658800000,73745.5,73856.6,73501.1,73519.3,3331.955
1773660600000,73519.2,73633.8,73466.3,73515.3,1886.083
1773662400000,73515.3,73867.6,73420.4,73838.3,5590.522
1773664200000,73838.2,74043.0,73674.3,73830.0,5286.866
1773666000000,73830.0,73978.6,73746.3,73869.2,2395.678
1773667800000,73869.1,74481.5,73800.0,74075.0,13935.19
1773669600000,74075.0,74450.0,73550.0,73581.0,8293.077
1773671400000,73581.0,73616.8,72926.4,73519.8,16997.934
1773673200000,73519.8,73869.0,73283.4,73800.0,5774.042
1773675000000,73800.0,74000.0,73141.1,73240.2,6977.097
1773676800000,73240.2,73500.0,73122.0,73388.6,4242.271
1773678600000,73388.6,73887.5,73289.4,73726.3,4384.943
1773680400000,73726.4,73920.0,73626.2,73651.7,2605.579
1773682200000,73651.8,74066.0,73614.4,73911.7,4146.188
1773684000000,73911.7,74310.2,73871.6,74217.7,5402.521
1773685800000,74217.7,74330.6,73818.7,73883.0,3702.033
1773687600000,73883.1,74399.9,73715.0,74080.6,4278.354
1773689400000,74080.6,74220.0,73806.9,73928.8,3183.488
1773691200000,73928.8,74030.0,73819.0,73938.3,1626.391
1773693000000,73938.2,74200.0,73938.1,74191.5,1836.912
1773694800000,74191.4,74479.5,74094.3,74237.0,4755.528
1773696600000,74237.0,74777.7,74211.4,74360.3,8052.164
1773698400000,74360.3,74875.0,74331.8,74613.0,6838.604
1773700200000,74613.1,74830.0,74571.6,74718.9,2542.003
1773702000000,74719.0,74729.5,74201.1,74569.1,5197.666
1773703800000,74569.0,74880.0,74555.4,74846.4,3222.624
1773705600000,74846.4,75488.0,74567.1,75048.7,15073.197
1773707400000,75048.6,75286.1,74872.9,75283.9,3813.465
1773709200000,75283.8,75988.0,75028.5,75899.9,11655.726
1773711000000,75900.0,75998.9,75417.8,75584.7,6116.566
1773712800000,75584.6,75641.3,75068.0,75128.2,5291.61
1773714600000,75128.3,75431.1,75080.0,75157.3,2746.773
1773716400000,75157.3,75287.9,74700.3,74796.2,4277.525
1773718200000,74796.2,74807.0,74231.6,74424.9,9500.966
1773720000000,74424.9,74652.2,74250.0,74390.6,5215.668
1773721800000,74390.6,74473.4,73943.3,74203.3,8388.169
1773723600000,74203.3,74387.5,74050.0,74364.8,3767.987
1773725400000,74364.9,74428.7,73723.4,73996.0,6772.145
1773727200000,73996.0,74242.0,73835.4,74171.2,3525.793
1773729000000,74171.2,74238.9,73907.7,74045.1,2813.078
1773730800000,74045.0,74415.7,74026.3,74357.1,2994.178
1773732600000,74357.1,74365.8,74181.6,74212.7,1438.01
1773734400000,74212.8,74418.5,74057.5,74269.5,2196.223
1773736200000,74269.6,74397.9,74090.0,74150.0,2248.72
1773738000000,74150.1,74362.0,73943.9,74264.9,3753.422
1773739800000,74264.8,74290.7,73791.8,73890.1,2632.437
1773741600000,73890.0,73922.2,73512.0,73718.4,7011.1
1773743400000,73718.4,73759.7,73567.1,73706.1,4108.134
1773745200000,73705.8,74065.0,73651.1,73973.1,4218.842
1773747000000,73973.0,74230.7,73904.9,73997.1,3315.037
1773748800000,73997.1,74150.0,73737.9,73764.0,3849.723
1773750600000,73764.1,73890.0,73643.5,73711.1,3752.339
1773752400000,73711.0,73850.0,73625.8,73677.6,2493.785
1773754200000,73677.6,74167.2,73330.3,73580.6,14221.395
1773756000000,73580.7,73898.4,73389.0,73853.2,4218.818
1773757800000,73853.3,74388.0,73851.3,74340.2,7282.349
1773759600000,74340.2,74856.2,73935.6,74009.4,10505.407
1773761400000,74009.4,74118.6,73616.2,73878.5,5370.308
1773763200000,73878.5,74314.0,73826.8,74160.0,3811.67
1773765000000,74160.1,74220.6,73944.4,74120.0,3216.175
1773766800000,74120.0,74405.7,73961.5,74244.1,4770.193
1773768600000,74244.1,74555.0,74155.5,74480.1,2948.592
1773770400000,74480.1,74633.0,74330.8,74374.0,3534.649
1773772200000,74373.9,74723.7,74366.5,74637.0,3188.366
1773774000000,74637.1,74763.6,74466.7,74586.3,3028.712
1773775800000,74586.3,74728.9,74364.4,74460.8,2813.86
1773777600000,74460.8,74648.6,74325.0,74614.9,1982.539
1773779400000,74615.0,74615.0,74437.6,74469.9,1142.963
1773781200000,74470.0,74749.8,74413.1,74527.2,1878.853
1773783000000,74527.1,74777.0,74461.1,74650.3,1850.648
1773784800000,74650.2,74739.4,74330.0,74330.1,1626.083
1773786600000,74330.0,74356.0,73893.5,74265.8,4213.385
1773788400000,74265.8,74360.0,74050.0,74151.6,1375.686
1773790200000,74151.5,74151.5,73829.5,73872.4,2327.704
1773792000000,73872.3,74027.8,73619.4,73736.5,3571.368
1773793800000,73736.4,73845.2,73492.0,73821.3,2761.653
1773795600000,73821.3,74013.4,73780.0,73972.2,1887.358
1773797400000,73972.2,74167.5,73965.4,74035.2,1878.701
1773799200000,74035.2,74258.7,73999.2,74181.8,1588.641
1773801000000,74181.9,74437.0,74150.0,74300.0,1710.003
1773802800000,74299.9,74587.9,74202.0,74480.0,2430.348
1773804600000,74480.0,74633.0,74370.0,74414.6,2025.015
1773806400000,74414.7,74455.7,74210.8,74219.9,1530.783
1773808200000,74219.8,74224.6,74100.0,74139.6,1746.237
1773810000000,74139.5,74271.0,74005.0,74027.7,1671.489
1773811800000,74027.7,74118.6,73785.0,73911.2,3055.181
1773813600000,73911.2,74190.1,73901.1,74138.3,1935.792
1773815400000,74138.2,74176.0,73892.0,73910.0,1353.717
1773817200000,73910.1,73959.4,73763.0,73804.6,1731.195
1773819000000,73804.5,73874.6,73636.5,73840.0,3032.923
1773820800000,73840.1,74031.4,73814.3,73996.6,2158.66
1773822600000,73996.5,74080.1,73924.8,74005.8,1748.748
1773824400000,74005.9,74184.5,73991.1,74113.4,1561.129
1773826200000,74113.4,74246.2,74071.1,74136.0,1643.985
1773828000000,74136.0,74220.0,74051.9,74135.1,1092.354
1773829800000,74135.0,74166.7,73761.5,73895.0,3028.893
1773831600000,73895.0,74034.8,73499.3,73555.9,4248.959
1773833400000,73555.9,73560.5,72731.6,72906.4,18839.018
1773835200000,72906.4,72947.4,72613.5,72782.2,8117.398
1773837000000,72782.2,72782.2,72237.5,72325.1,12996.903
1773838800000,72325.1,72507.8,72088.0,72444.9,11001.863
1773840600000,72445.0,72547.5,71938.6,72104.4,11975.665
1773842400000,72104.5,72194.1,71550.0,71620.7,10708.648
1773844200000,71620.7,71842.7,70975.1,71160.3,14631.321
1773846000000,71160.4,71455.9,70821.2,71260.0,17474.94
1773847800000,71260.0,71497.0,71173.8,71436.4,7385.907
1773849600000,71436.3,71536.0,71061.4,71199.5,5712.453
1773851400000,71199.5,71438.3,71001.8,71289.5,4577.527
1773853200000,71289.5,71486.0,71164.7,71446.7,3092.404
1773855000000,71446.8,71722.2,71311.7,71556.6,4840.02
1773856800000,71556.6,71980.5,71517.6,71649.9,7543.491
1773858600000,71650.0,71814.2,70904.5,71066.5,6808.049
1773860400000,71066.5,71460.3,71046.0,71248.8,3727.372
1773862200000,71248.9,71327.9,70858.3,71030.3,4489.181
1773864000000,71030.3,71030.3,70456.0,70945.3,9697.336
1773865800000,70945.4,71298.0,70913.2,71172.3,3667.1
1773867600000,71172.3,71438.1,71145.2,71203.4,1890.474
1773869400000,71203.4,71378.2,71127.5,71219.7,1267.537
1773871200000,71219.7,71233.2,70920.0,71056.5,2320.376
1773873000000,71056.5,71118.0,70899.9,71118.0,1233.416
1773874800000,71117.9,71234.0,71024.8,71171.3,1560.404
1773876600000,71171.4,71333.1,71171.3,71202.9,1803.534
1773878400000,71202.9,71283.3,71048.4,71261.7,1983.918
1773880200000,71261.7,71265.8,70940.0,70970.1,1909.652
1773882000000,70970.0,71078.6,70921.5,71040.1,1415.462
1773883800000,71040.0,71149.9,70970.9,71078.5,1275.807
1773885600000,71078.5,71221.0,70858.4,71221.0,1937.66
1773887400000,71220.9,71226.7,71001.1,71020.6,1243.557
1773889200000,71020.7,71598.3,71020.7,71462.3,4550.455
1773891000000,71462.4,71504.8,71164.8,71180.0,2489.789
1773892800000,71180.0,71180.0,70625.9,70700.0,5054.34
1773894600000,70699.9,70848.6,70619.3,70790.7,2305.718
1773896400000,70790.7,70879.0,70643.5,70658.3,1612.955
1773898200000,70658.2,70848.1,70608.1,70792.8,1660.537
1773900000000,70792.7,70945.5,70681.2,70692.2,1955.82
1773901800000,70692.2,70725.4,70468.0,70552.4,3688.386
1773903600000,70552.4,70570.0,69421.1,69769.8,22183.4
1773905400000,69769.8,70270.0,69746.5,70145.1,7491.255
1773907200000,70145.0,70255.0,70029.3,70029.3,3463.62
1773909000000,70029.4,70138.0,69860.3,69957.4,6781.239
1773910800000,69957.4,70433.6,69950.0,70223.8,4690.571
1773912600000,70223.8,70535.0,70048.2,70463.0,4759.92
1773914400000,70463.0,70499.0,70324.8,70369.5,1915.133
1773916200000,70369.5,70381.6,70082.4,70102.0,2087.639
1773918000000,70102.1,70238.7,70034.8,70163.0,1919.571
1773919800000,70163.1,70214.4,69872.3,69926.8,3080.733
1773921600000,69926.8,69926.8,69523.9,69577.5,8172.595
1773923400000,69577.5,69748.6,69069.0,69264.6,7707.791
1773925200000,69264.7,69491.5,69050.0,69312.0,7937.182
1773927000000,69311.9,70058.0,69209.3,69866.3,10004.39
1773928800000,69866.2,70144.6,69097.1,69134.6,7909.189
1773930600000,69134.7,69560.1,69060.0,69450.1,7532.931
1773932400000,69450.0,69879.1,69168.0,69168.1,7824.721
1773934200000,69168.0,69535.6,68750.0,69372.7,15777.134
1773936000000,69372.8,69576.8,69124.0,69497.2,6183.414
1773937800000,69497.2,69611.6,69225.8,69426.3,3428.551
1773939600000,69426.3,69723.9,69065.4,69631.2,4757.222
1773941400000,69631.1,69938.1,69452.8,69820.0,3752.603
1773943200000,69820.0,69900.0,69572.7,69627.6,2296.147
1773945000000,69627.5,69822.0,69547.7,69787.5,1596.979
1773946800000,69787.4,70563.5,69765.5,70243.1,11134.747
1773948600000,70243.1,70459.6,70122.0,70233.1,3745.358
1773950400000,70233.0,70443.4,70160.9,70300.0,1654.35
1773952200000,70299.9,70655.2,70279.8,70444.3,2352.612
1773954000000,70444.4,70654.4,70409.4,70510.4,1643.181
1773955800000,70510.5,70550.0,70331.9,70376.1,1671.158
1773957600000,70376.0,70475.9,70270.0,70342.0,1380.738
1773959400000,70342.0,70342.0,69910.2,70157.0,3518.18
1773961200000,70156.9,70260.0,69931.6,70114.8,1834.519
1773963000000,70114.8,70161.5,69677.1,69887.4,3373.348
1773964800000,69887.4,70148.7,69801.3,70074.9,2047.722
1773966600000,70074.9,70280.6,70018.0,70159.9,2042.482
1773968400000,70159.9,70420.6,70150.0,70359.4,2194.893
1773970200000,70359.3,70563.8,70342.4,70370.9,2063.075
1773972000000,70370.8,70458.4,70131.7,70209.9,1866.901
1773973800000,70210.0,70485.1,70030.6,70373.8,2255.168
1773975600000,70373.8,70636.5,70345.2,70636.0,1816.389
1773977400000,70636.0,70777.0,70515.0,70696.1,3833.543
1773979200000,70696.1,70944.9,70664.2,70887.9,3465.748
1773981000000,70888.0,70890.9,70520.0,70743.4,3159.694
1773982800000,70743.3,70833.8,70568.5,70595.3,1939.332
1773984600000,70595.2,70697.0,70454.8,70570.2,1739.395
1773986400000,70570.3,70623.7,70361.7,70450.7,2226.617
1773988200000,70451.1,70513.7,70307.0,70462.0,1589.229
1773990000000,70461.9,70525.1,70161.0,70420.7,3199.689
1773991800000,70420.6,70900.0,70386.7,70811.9,4678.924
1773993600000,70812.0,71342.2,70751.9,71205.6,8230.804
1773995400000,71205.6,71205.6,70969.0,71000.4,3426.328
1773997200000,71000.4,71001.0,70369.6,70471.1,5725.294
1773999000000,70471.1,70721.8,70430.9,70544.9,3843.722
1774000800000,70545.0,70566.4,70175.0,70293.6,4243.0
1774002600000,70293.5,70651.2,70266.0,70580.9,3422.232
1774004400000,70580.9,70780.8,70532.1,70670.0,2922.072
1774006200000,70669.9,70679.1,70266.0,70439.9,3654.413
1774008000000,70440.0,70647.5,70364.8,70406.5,3203.84
1774009800000,70406.6,70428.5,70210.1,70304.6,2494.454
1774011600000,70304.7,70580.0,70200.0,70464.5,3003.892
1774013400000,70464.5,70480.0,69755.0,69831.1,14007.474
1774015200000,69831.0,70085.0,69562.5,69911.8,15909.356
1774017000000,69911.9,70240.0,69604.4,69706.0,9454.007
1774018800000,69705.9,69972.3,69450.0,69790.7,10010.367
1774020600000,69790.7,69983.0,69717.9,69829.5,3602.382
1774022400000,69829.5,70080.0,69820.0,69994.0,3291.776
1774024200000,69994.0,69998.8,69577.0,69792.1,3415.73
1774026000000,69792.1,69930.0,69602.3,69621.6,2624.499
1774027800000,69621.3,70035.0,69350.0,69970.8,5900.074
1774029600000,69970.9,70048.9,69600.0,69637.3,3628.36
1774031400000,69637.3,69870.5,69484.0,69733.3,3687.846
1774033200000,69733.6,69950.0,69662.0,69842.9,2062.633
1774035000000,69843.0,70161.0,69634.8,70141.9,3421.578
1774036800000,70141.9,70225.0,69910.0,69939.4,2549.613
1774038600000,69939.4,70063.1,69701.3,70019.7,2333.008
1774040400000,70019.7,70550.0,69900.9,70470.6,5081.594
1774042200000,70470.6,70720.6,70338.5,70498.3,3047.805
1774044000000,70498.3,70888.0,70495.7,70652.5,3411.721
1774045800000,70652.4,70799.9,70569.2,70739.2,1406.064
1774047600000,70739.2,70739.3,70388.3,70447.9,2110.28
1774049400000,70447.9,70566.6,70427.0,70472.7,996.498
1774051200000,70472.6,70803.1,70430.2,70615.3,2066.422
1774053000000,70615.3,70699.5,70528.5,70643.9,836.896
1774054800000,70643.9,70726.8,70537.1,70569.1,830.214
1774056600000,70569.1,70620.8,70419.4,70430.3,907.772
1774058400000,70430.4,70669.4,70403.2,70610.3,1324.082
1774060200000,70610.4,70758.2,70533.7,70703.7,1228.301
1774062000000,70703.7,70752.6,70614.2,70673.0,925.437
1774063800000,70672.9,70672.9,70590.0,70638.0,647.746
1774065600000,70637.9,70798.5,70631.3,70715.0,1301.761
1774067400000,70715.0,70715.0,70582.7,70602.7,1049.072
1774069200000,70602.8,70767.8,70598.7,70748.5,964.389
1774071000000,70748.5,70800.0,70641.2,70673.9,1000.781
1774072800000,70673.8,70786.1,70655.1,70773.0,965.475
1774074600000,70773.0,70784.6,70704.0,70739.2,744.832
1774076400000,70739.2,70849.2,70697.5,70839.8,1253.433
1774078200000,70839.9,70840.9,70639.0,70687.3,1036.657
1774080000000,70687.4,70721.7,70471.0,70487.5,2438.016
1774081800000,70487.4,70606.9,70455.6,70563.3,1509.688
1774083600000,70563.3,70711.5,70537.7,70550.1,1414.038
1774085400000,70550.1,70666.2,70539.7,70633.5,665.095
1774087200000,70633.5,70666.0,70521.2,70537.9,945.761
1774089000000,70538.0,70599.9,70533.0,70576.0,666.259
1774090800000,70576.0,70580.4,70525.1,70570.1,742.925
1774092600000,70570.0,70619.9,70536.0,70618.3,457.764
1774094400000,70618.2,70769.6,70618.2,70748.9,1335.859
1774096200000,70749.0,70751.0,70670.8,70680.0,590.277
1774098000000,70680.0,70785.1,70668.5,70702.2,657.311
1774099800000,70702.3,70761.6,70675.0,70700.3,664.235
1774101600000,70700.3,71077.7,70700.3,70890.7,4197.041
1774103400000,70890.8,70989.0,70550.0,70595.0,3379.227
1774105200000,70595.0,70645.0,70420.0,70637.9,2557.885
1774107000000,70637.9,70739.0,70563.0,70599.1,1463.598
1774108800000,70599.1,70620.2,70261.8,70391.8,2242.439
1774110600000,70391.8,70448.5,70214.8,70274.9,2153.708
1774112400000,70275.0,70394.9,70163.0,70330.7,1892.67
1774114200000,70330.8,70399.0,70236.1,70280.1,1034.959
1774116000000,70280.0,70420.0,70261.4,70374.1,993.199
1774117800000,70374.2,70504.7,70350.0,70360.6,1022.529
1774119600000,70360.6,70417.7,70358.7,70387.7,481.468
1774121400000,70387.7,70397.5,70290.5,70365.9,456.633
1774123200000,70365.8,70459.1,70332.3,70425.7,594.15
1774125000000,70425.7,70472.9,70405.3,70432.4,806.682
1774126800000,70432.5,70482.2,70320.3,70323.3,741.948
1774128600000,70323.3,70364.6,70231.7,70321.6,592.679
1774130400000,70321.5,70354.9,70231.8,70256.5,678.035
1774132200000,70256.5,70344.8,70226.7,70253.2,676.791
1774134000000,70253.2,70265.5,70080.0,70085.8,1948.056
1774135800000,70085.8,70171.7,68511.3,68881.5,17000.691
1774137600000,68881.5,69028.9,68189.0,68860.3,14627.209
1774139400000,68860.3,69122.5,68728.8,68904.5,5000.718
1774141200000,68904.5,69065.7,68801.0,68989.4,2346.138
1774143000000,68989.4,69039.4,68713.5,68926.1,2145.714
1774144800000,68926.0,69377.9,68899.9,69314.7,3449.964
1774146600000,69314.7,69331.1,69158.7,69237.6,2515.142
1774148400000,69237.5,69529.7,69080.3,69400.1,2487.883
1774150200000,69400.0,69555.8,69230.1,69307.0,3151.58
1774152000000,69307.1,69493.2,69183.3,69229.8,2676.19
1774153800000,69229.7,69370.8,69167.0,69313.4,1624.768
1774155600000,69313.3,69317.6,69122.1,69138.1,1358.456
1774157400000,69138.2,69220.0,69110.0,69116.4,1095.04
1774159200000,69116.3,69200.0,69025.6,69200.0,1683.438
1774161000000,69199.9,69215.2,69113.3,69126.9,677.37
1774162800000,69126.9,69219.4,69086.9,69146.3,962.192
1774164600000,69146.4,69146.4,68846.4,68884.5,3081.599
1774166400000,68884.5,68950.0,68500.1,68581.1,5820.462
1774168200000,68581.0,68788.0,68523.0,68756.7,2489.58
1774170000000,68756.6,68862.0,68536.7,68608.1,1941.952
1774171800000,68608.1,68807.5,68600.0,68780.1,1385.659
1774173600000,68780.1,68809.5,68612.7,68688.9,976.702
1774175400000,68688.9,68730.2,68539.5,68601.1,1396.826
1774177200000,68601.1,68650.0,68339.0,68374.1,2944.343
1774179000000,68374.1,68475.6,68030.0,68177.0,5446.307
1774180800000,68177.0,68740.5,68153.1,68614.7,5575.371
1774182600000,68614.7,68662.4,68521.1,68614.5,1703.602
1774184400000,68614.4,68932.8,68614.4,68764.2,3423.332
1774186200000,68764.3,68814.6,68500.9,68660.3,2268.147
1774188000000,68660.4,68878.2,68501.0,68805.5,2104.284
1774189800000,68805.5,68888.0,68600.7,68675.5,1504.731
1774191600000,68675.5,69000.0,68675.4,68861.0,2603.663
1774193400000,68861.1,68873.2,68670.0,68814.9,1327.572
1774195200000,68814.9,68852.3,68633.9,68673.7,1117.75
1774197000000,68673.8,68818.5,68627.9,68761.9,850.363
1774198800000,68761.8,68820.0,68694.4,68779.1,772.913
1774200600000,68779.2,68797.1,68635.0,68635.0,919.194
1774202400000,68635.0,68698.0,68550.3,68661.0,804.563
1774204200000,68660.9,68712.0,68300.1,68580.3,2669.688
1774206000000,68580.2,68595.9,68241.5,68246.5,1951.771
1774207800000,68246.4,68389.1,68108.0,68170.6,2249.743
1774209600000,68170.6,68470.6,68170.6,68288.2,1814.883
1774211400000,68288.3,68338.5,68044.4,68134.9,1752.709
1774213200000,68135.0,68196.9,67300.0,67761.6,12374.468
1774215000000,67761.6,67950.0,67634.2,67864.4,2427.102
1774216800000,67864.5,68336.4,67528.3,68218.0,5591.948
1774218600000,68218.0,68376.9,68065.0,68301.5,2521.796
1774220400000,68301.5,68434.3,68064.5,68071.2,2627.605
1774222200000,68071.2,68137.2,67804.1,67830.6,2638.134
1774224000000,67830.7,68130.6,67736.0,67965.5,3656.551
1774225800000,67965.5,67972.8,67400.1,67642.5,5051.956
1774227600000,67642.5,68093.9,67500.0,68054.5,3386.905
1774229400000,68054.4,68127.0,67866.4,67875.6,2363.459
1774231200000,67875.6,68294.3,67764.2,68235.9,3147.741
1774233000000,68235.8,68375.8,68129.7,68282.4,3054.04
1774234800000,68282.3,68555.5,68130.0,68170.0,3315.981
1774236600000,68170.1,68199.0,68022.6,68045.1,1522.099
1774238400000,68045.2,68199.9,68011.2,68199.8,1337.094
1774240200000,68199.8,68517.0,68182.6,68504.5,2918.286
1774242000000,68504.4,68846.6,68504.4,68659.9,4672.803
1774243800000,68659.9,68872.4,68540.0,68864.2,4193.201
1774245600000,68864.1,68865.2,68468.0,68537.2,3011.999
1774247400000,68537.2,68537.2,67653.1,67845.3,8916.681
1774249200000,67845.2,67965.1,67456.7,67769.8,6415.468
1774251000000,67769.7,68426.4,67739.3,68306.0,6552.276
1774252800000,68305.9,68670.0,68305.9,68434.5,4042.821
1774254600000,68434.4,68621.0,68281.6,68400.1,2505.252
1774256400000,68400.2,68439.6,68100.8,68217.5,2470.842
1774258200000,68217.5,68305.0,67880.0,68305.0,3479.42
1774260000000,68304.9,68688.0,68267.3,68429.6,3830.409
1774261800000,68429.6,68547.0,68261.0,68512.2,1957.805
1774263600000,68512.2,71468.0,68505.7,70673.9,57348.351
1774265400000,70674.0,71180.0,70006.7,70097.3,23185.529
1774267200000,70097.2,70474.8,69644.0,70311.8,14529.726
1774269000000,70311.7,70850.0,70136.6,70710.0,8053.353
1774270800000,70710.0,70888.0,70551.3,70780.0,4430.199
1774272600000,70779.9,71564.9,70620.0,71450.0,15573.567
1774274400000,71449.9,71789.8,71256.4,71312.3,11677.27
1774276200000,71312.4,71500.0,71080.9,71409.8,6503.461
1774278000000,71409.8,71635.5,70839.3,70864.1,7818.988
1774279800000,70864.1,70917.2,70074.7,70112.2,13644.144
1774281600000,70112.2,70532.8,70106.7,70188.0,8148.697
1774283400000,70187.9,70736.4,70100.5,70539.6,5342.232
1774285200000,70539.6,70719.8,70325.6,70503.6,2942.141
1774287000000,70503.4,71094.2,70488.6,71052.7,5053.958
1774288800000,71052.6,71139.6,70836.4,70855.1,3495.607
1774290600000,70855.1,71166.0,70855.1,71040.5,2875.945
1774292400000,71040.5,71232.0,70786.1,71003.2,3001.847
1774294200000,71003.2,71037.9,70612.5,70647.1,2707.573
1774296000000,70647.1,70799.5,70509.3,70768.9,2196.964
1774297800000,70769.0,70953.5,70754.4,70876.6,1524.305
1774299600000,70876.6,70958.8,70786.1,70858.1,855.518
1774301400000,70858.0,70976.3,70789.9,70813.7,890.422
1774303200000,70813.9,70859.0,70528.0,70600.0,1730.143
1774305000000,70600.0,70772.2,70477.1,70745.1,1553.151
1774306800000,70745.1,70778.5,70370.0,70678.7,2186.508
1774308600000,70678.7,70973.8,70575.9,70865.9,2026.99
1774310400000,70866.0,71080.0,70617.9,70689.9,3463.708
1774312200000,70690.0,70790.0,70377.9,70650.0,2735.72
1774314000000,70650.1,70845.7,70470.3,70796.9,1725.602
1774315800000,70797.0,70839.7,70232.0,70479.9,3232.961
1774317600000,70479.9,70668.7,70380.0,70530.5,1559.391
1774319400000,70530.5,70606.0,70329.9,70416.0,1726.847
1774321200000,70416.0,70558.9,70362.6,70506.1,1360.311
1774323000000,70506.2,70534.0,70400.0,70512.1,1100.064
1774324800000,70512.1,70726.4,70483.6,70494.6,1779.924
1774326600000,70494.6,70494.6,70214.3,70339.9,2266.203
1774328400000,70340.0,70345.1,70075.5,70149.1,3561.492
1774330200000,70149.2,70352.9,70115.4,70249.6,1606.601
1774332000000,70249.6,70425.1,70220.0,70348.6,1702.809
1774333800000,70348.7,70544.9,70348.6,70507.8,1714.151
1774335600000,70507.9,71000.0,70439.8,70889.8,5693.959
1774337400000,70889.8,71377.5,70781.5,71255.2,6939.38
1774339200000,71255.2,71314.3,70823.9,70890.1,4311.647
1774341000000,70890.1,71066.6,70832.2,70933.8,2303.828
1774342800000,70933.8,71014.2,70812.7,70980.1,1996.98
1774344600000,70980.0,71339.8,70946.5,71288.5,2820.433
1774346400000,71288.5,71299.8,71065.0,71077.9,2257.821
1774348200000,71078.0,71259.2,71050.1,71237.4,1814.399
1774350000000,71237.4,71237.4,70916.9,71035.3,2603.488
1774351800000,71035.3,71301.9,70980.9,71116.4,2792.07
1774353600000,71116.4,71144.0,70942.0,71050.3,2007.407
1774355400000,71050.3,71050.3,70822.2,70924.4,2409.783
1774357200000,70924.4,71029.2,70534.9,70569.9,5123.549
1774359000000,70569.9,70752.8,69888.0,70067.0,14821.862
1774360800000,70067.0,70449.0,69718.0,69970.1,10578.435
1774362600000,69970.1,70104.0,69467.8,69847.6,13080.848
1774364400000,69847.6,70240.0,69818.0,69997.6,7691.041
1774366200000,69997.5,70168.6,69739.5,69837.7,4850.339
1774368000000,69837.6,69979.0,69593.9,69769.8,5008.422
1774369800000,69769.9,69815.6,69281.2,69448.3,8270.833
1774371600000,69448.4,69486.0,69074.0,69149.5,6509.303
1774373400000,69149.4,69305.0,68884.5,69205.0,7525.653
1774375200000,69205.0,69481.8,69127.4,69383.5,5109.457
1774377000000,69383.5,69724.8,69341.0,69399.5,3756.483
1774378800000,69399.5,69668.8,69395.9,69510.4,1677.262
1774380600000,69510.4,69510.4,69226.0,69342.6,2597.543
1774382400000,69342.6,70270.0,69257.9,69975.0,7129.999
1774384200000,69974.9,70212.5,69858.4,70066.6,5452.895
1774386000000,70066.6,70182.9,69844.3,70022.5,2703.404
1774387800000,70022.6,70386.6,69992.0,70296.2,3140.716
1774389600000,70296.2,70548.1,70143.8,70204.4,3915.123
1774391400000,70204.4,70359.1,70084.0,70277.9,1793.401
1774393200000,70278.0,70729.1,70216.7,70712.0,4802.907
1774395000000,70712.1,70800.0,70502.0,70523.9,3165.496
1774396800000,70524.0,70723.5,70493.0,70630.0,1707.178
1774398600000,70630.0,71028.0,70422.6,70804.3,5118.307
1774400400000,70804.3,70950.0,70650.7,70727.1,2977.639
1774402200000,70727.1,70793.6,70590.6,70643.1,2021.476
1774404000000,70643.1,70678.9,70484.7,70564.4,1957.187
1774405800000,70564.4,70741.5,70460.1,70500.0,1707.842
1774407600000,70500.0,70541.6,70375.0,70500.1,2539.244
1774409400000,70500.1,70777.9,70500.1,70689.3,2138.868
1774411200000,70689.2,70920.0,70659.9,70833.1,1950.139
1774413000000,70833.1,70949.3,70691.6,70938.1,1637.034
1774414800000,70938.1,71319.9,70900.2,71160.9,5812.002
1774416600000,71160.8,71220.0,71040.3,71080.1,1736.799
1774418400000,71080.1,71233.7,70950.2,71195.8,2103.635
1774420200000,71195.8,71216.8,70928.5,70962.8,2446.033
1774422000000,70962.8,71121.3,70916.1,71028.9,1587.133
1774423800000,71028.9,71233.6,70850.0,70900.0,2903.416
1774425600000,70899.9,71226.0,70752.5,71155.6,3580.089
1774427400000,71155.7,71478.0,71142.7,71209.1,5515.021
1774429200000,71209.2,71361.2,71108.0,71226.7,2172.676
1774431000000,71226.6,71376.0,71058.4,71301.5,2331.029
1774432800000,71301.4,71450.0,71250.9,71369.8,2349.323
1774434600000,71369.7,71600.0,71278.7,71462.7,3310.525
1774436400000,71462.7,71935.9,71425.0,71832.8,4826.465
1774438200000,71832.9,71999.9,71484.5,71650.3,7524.757
1774440000000,71650.3,71816.7,71085.5,71310.3,9067.125
1774441800000,71310.3,71933.3,71149.9,71685.4,7622.704
1774443600000,71685.4,71837.0,71550.0,71594.2,2930.684
1774445400000,71594.2,71931.9,71473.3,71546.6,5484.499
1774447200000,71546.6,71666.6,71232.0,71341.2,5537.132
1774449000000,71341.1,71530.0,71190.0,71203.6,2916.193
1774450800000,71203.6,71282.3,70531.4,70986.7,12197.261
1774452600000,70986.8,71078.1,70741.7,70792.4,4308.309
1774454400000,70792.4,71742.2,70671.3,71475.3,10732.961
1774456200000,71475.3,71605.1,71202.4,71290.0,4292.643
1774458000000,71290.0,71361.8,70923.1,71043.7,3247.587
1774459800000,71043.7,71043.7,70676.8,70752.6,3158.367
1774461600000,70752.6,71121.3,70720.0,70935.3,3693.11
1774463400000,70935.3,70979.3,70623.4,70786.8,2249.166
1774465200000,70786.8,70984.5,70741.8,70928.2,1750.406
1774467000000,70928.0,71082.3,70741.8,70853.2,1398.804
1774468800000,70853.3,70879.9,70603.0,70679.9,2401.985
1774470600000,70679.9,71028.0,70667.1,70970.0,1580.245
1774472400000,70970.0,71149.6,70889.6,70947.0,1772.014
1774474200000,70947.0,71075.6,70929.3,71000.0,723.023
1774476000000,71000.0,71103.5,70907.1,71004.5,970.274
1774477800000,71004.5,71606.0,70992.7,71330.1,3808.515
1774479600000,71330.0,71412.1,71200.0,71326.9,1445.957
1774481400000,71327.0,71349.9,71143.5,71297.5,1273.068
1774483200000,71297.5,71346.5,71139.6,71261.0,1453.692
1774485000000,71261.0,71408.1,71088.1,71265.8,2294.202
1774486800000,71265.8,71341.0,71116.9,71283.7,1236.563
1774488600000,71283.7,71324.6,71132.8,71212.9,1216.711
1774490400000,71212.9,71257.1,70855.7,70858.1,2489.478
1774492200000,70858.1,70888.0,70640.0,70855.0,3318.93
1774494000000,70855.0,70944.9,70650.0,70683.5,2091.199
1774495800000,70683.4,70885.4,70680.0,70881.9,1268.599
1774497600000,70882.0,70882.0,70680.0,70838.0,1291.454
1774499400000,70838.0,70863.7,70724.5,70737.0,1291.274
1774501200000,70737.0,70767.6,70435.1,70540.8,3834.445
1774503000000,70540.8,70595.0,69906.2,69988.7,8551.521
1774504800000,69988.6,70115.8,69815.4,70026.1,5743.362
1774506600000,70026.1,70126.6,69950.0,70057.5,1928.153
1774508400000,70057.4,70140.0,69864.6,69934.4,2372.901
1774510200000,69934.4,70127.9,69722.6,70053.8,3157.629
1774512000000,70053.8,70095.7,69781.5,69785.6,2916.501
1774513800000,69785.6,70012.0,69769.7,69985.9,2677.026
1774515600000,69986.0,70131.5,69835.1,69986.9,2806.09
1774517400000,69987.0,69987.0,69366.0,69537.6,9430.416
1774519200000,69537.6,69693.7,69460.0,69619.8,2593.188
1774521000000,69619.8,69627.6,69417.0,69480.0,2060.864
1774522800000,69480.0,69620.0,69127.2,69281.9,6078.857
1774524600000,69282.0,69420.1,69232.0,69239.3,2736.506
1774526400000,69239.3,69398.0,69187.4,69387.0,2994.762
1774528200000,69387.1,69428.0,69208.3,69395.1,2168.819
1774530000000,69395.2,69500.0,69336.4,69360.0,2850.71
1774531800000,69360.0,69872.2,69158.9,69617.4,12685.791
1774533600000,69615.8,69800.0,69374.0,69580.0,4208.865
1774535400000,69579.9,69750.0,69217.0,69450.1,4928.863
1774537200000,69450.0,69472.6,68553.4,68998.8,14590.878
1774539000000,68998.9,69199.0,68867.0,69054.8,4685.812
1774540800000,69054.9,69054.9,68826.2,68858.2,3688.396
1774542600000,68858.1,68989.6,68797.8,68904.8,2640.176
1774544400000,68904.8,69070.1,68878.6,69061.7,1719.915
1774546200000,69061.8,69138.8,68325.2,68456.1,8404.864
1774548000000,68456.2,68581.3,68115.8,68162.5,7950.181
1774549800000,68163.2,68474.5,68148.2,68457.0,3466.979
1774551600000,68457.0,68547.0,68345.0,68400.4,1698.024
1774553400000,68400.4,68657.4,68317.9,68502.7,2852.331
1774555200000,68502.7,69466.6,68378.5,69139.2,13478.378
1774557000000,69139.3,69277.3,68900.0,68973.8,3061.77
1774558800000,68973.9,69213.3,68849.8,69051.7,3126.474
1774560600000,69051.7,69100.0,68870.6,68885.8,1666.217
1774562400000,68885.8,69000.0,68542.5,68718.3,3344.108
1774564200000,68718.3,68862.5,68674.5,68862.5,1758.465
1774566000000,68862.5,68968.9,68600.0,68708.5,2496.614
1774567800000,68708.6,68818.8,68616.7,68788.0,1166.661
1774569600000,68788.1,68942.2,68643.9,68689.6,3298.515
1774571400000,68689.6,68757.2,68458.5,68746.4,2749.463
1774573200000,68746.4,68919.7,68654.8,68877.0,1886.731
1774575000000,68877.1,69033.3,68808.2,69016.4,1520.728
1774576800000,69016.5,69142.7,68917.7,68990.2,1693.08
1774578600000,68990.3,69043.3,68815.5,68870.8,1026.004
1774580400000,68870.8,68888.4,68621.5,68793.5,2595.703
1774582200000,68793.6,68877.3,68725.8,68728.8,1012.223
1774584000000,68728.8,68764.5,68257.2,68496.2,5990.371
1774585800000,68496.2,68599.2,68463.3,68540.2,1528.51
1774587600000,68540.1,68830.0,68508.8,68562.6,2687.435
1774589400000,68562.5,68668.4,68453.6,68588.8,1346.027
1774591200000,68588.8,68811.0,68530.6,68754.3,1510.338
1774593000000,68754.2,68793.3,68600.0,68621.5,1286.889
1774594800000,68621.5,68925.0,68570.0,68883.8,2931.189
1774596600000,68883.7,68918.0,68416.5,68501.7,5336.802
1774598400000,68501.8,68619.9,68181.0,68200.9,4555.465
1774600200000,68201.0,68268.8,67560.0,67876.6,13595.346
1774602000000,67876.7,67912.1,67500.2,67901.5,5625.335
1774603800000,67901.6,67905.5,67632.0,67651.9,3309.38
1774605600000,67652.0,67737.9,67565.7,67725.5,2076.643
1774607400000,67725.6,67734.3,66257.4,66456.4,24526.31
1774609200000,66456.4,66713.7,66175.4,66673.8,8929.316
1774611000000,66673.7,66810.9,66603.0,66663.2,3637.993
1774612800000,66663.3,66742.2,66481.8,66500.8,3183.14
1774614600000,66500.7,66650.0,66388.0,66579.4,2900.634
1774616400000,66579.4,66699.9,66452.0,66658.5,2761.826
1774618200000,66658.6,66693.5,65950.0,66153.9,12620.675
1774620000000,66153.9,66375.2,65681.5,65694.3,11889.801
1774621800000,65694.1,66206.3,65691.1,66162.7,8907.35
1774623600000,66162.7,66435.6,65930.3,66307.0,9516.314
1774625400000,66307.0,66615.0,66051.2,66092.0,8024.387
1774627200000,66091.9,66092.0,65731.8,65926.5,7528.579
1774629000000,65926.6,66149.6,65782.0,65945.5,3911.362
1774630800000,65945.5,66267.4,65828.1,65828.1,4995.302
1774632600000,65828.1,65901.3,65550.0,65604.0,5730.743
1774634400000,65604.0,65838.5,65501.0,65728.0,3924.008
1774636200000,65728.1,65939.1,65693.5,65804.0,2873.905
1774638000000,65804.0,65910.0,65666.6,65892.5,2204.094
1774639800000,65892.5,66119.6,65837.8,66005.4,3592.013
1774641600000,66005.5,66125.8,65766.1,65862.9,3040.443
1774643400000,65862.9,66060.4,65783.7,65983.0,1657.553
1774645200000,65983.1,66148.0,65972.6,66110.6,1205.795
1774647000000,66110.7,66136.1,65989.5,66040.3,1026.563
1774648800000,66040.4,66053.2,65903.6,65971.0,1301.796
1774650600000,65971.0,66040.1,65874.4,65981.1,1170.275
1774652400000,65981.1,66186.6,65931.5,66150.0,1323.903
1774654200000,66149.9,66384.0,66118.2,66364.2,2404.791
1774656000000,66364.1,66432.7,66239.9,66331.4,1720.943
1774657800000,66331.4,66472.4,66331.3,66389.9,1589.743
1774659600000,66389.9,66389.9,66039.1,66177.2,2116.256
1774661400000,66177.1,66248.8,66006.1,66137.1,1672.141
1774663200000,66137.2,66214.0,65970.7,66012.0,1956.768
1774665000000,66012.1,66038.0,65888.0,66020.1,1930.256
1774666800000,66020.0,66151.8,66020.0,66131.3,1466.419
1774668600000,66131.3,66217.5,66103.6,66191.8,995.302
1774670400000,66191.8,66259.9,66068.3,66231.8,1345.763
1774672200000,66231.9,66274.7,66193.3,66243.5,683.779
1774674000000,66243.6,66349.0,66169.0,66299.5,1096.16
1774675800000,66299.5,66333.0,66245.8,66310.0,1125.887
1774677600000,66310.0,66460.0,66270.9,66427.0,1588.788
1774679400000,66427.1,66444.0,66315.0,66358.2,1093.36
1774681200000,66358.1,66450.0,66341.3,66431.4,821.702
1774683000000,66431.3,66533.9,66391.7,66520.8,1605.745
1774684800000,66520.9,66529.4,66430.2,66517.1,1489.733
1774686600000,66517.0,66521.4,66352.1,66374.9,1257.038
1774688400000,66374.9,66374.9,66250.1,66315.8,1737.055
1774690200000,66315.4,66326.3,66203.5,66270.9,1058.563
1774692000000,66271.0,66379.9,66114.0,66133.9,1632.146
1774693800000,66133.8,66200.0,66087.3,66184.9,1267.802
1774695600000,66184.9,66283.6,66162.0,66282.7,1086.322
1774697400000,66282.6,66325.7,66262.6,66288.5,1166.069
1774699200000,66288.4,66498.1,66191.7,66402.0,2250.08
1774701000000,66402.0,66436.2,66253.6,66416.7,1263.822
1774702800000,66416.7,66478.5,66363.6,66432.4,1470.774
1774704600000,66432.4,67148.7,66419.5,66813.3,11715.581
1774706400000,66813.4,66900.1,66682.0,66789.0,2358.949
1774708200000,66788.9,66942.3,66631.5,66716.2,3001.601
1774710000000,66716.1,67284.0,66678.1,66994.1,7732.236
1774711800000,66994.1,67120.1,66884.0,66982.3,2116.062
1774713600000,66982.4,67065.0,66887.2,67038.9,2182.235
1774715400000,67038.9,67038.9,66821.3,66894.3,1804.628
1774717200000,66894.3,66965.7,66732.1,66739.9,1754.536
1774719000000,66739.9,66889.6,66644.0,66808.6,1719.258
1774720800000,66808.6,66907.6,66806.0,66845.7,1021.169
1774722600000,66845.7,66920.0,66801.0,66871.1,1468.24
1774724400000,66871.2,66916.5,66764.7,66827.8,780.367
1774726200000,66827.8,66873.0,66795.0,66873.0,532.519
1774728000000,66873.0,66978.0,66871.2,66881.7,1129.588
1774729800000,66881.6,66968.0,66868.3,66885.5,732.961
1774731600000,66885.6,66890.0,66751.0,66814.2,766.132
1774733400000,66814.2,66859.9,66526.8,66644.8,1625.969
1774735200000,66644.9,66757.8,66562.0,66743.5,1709.259
1774737000000,66743.5,66758.9,66660.0,66729.0,685.359
1774738800000,66729.0,66729.0,66233.6,66352.6,4356.086
1774740600000,66352.5,66450.0,66271.9,66334.8,1692.341
1774742400000,66334.8,66455.5,66235.6,66357.3,1537.686
1774744200000,66357.2,66468.6,66323.5,66444.4,1010.318
1774746000000,66444.3,66585.9,66440.6,66516.7,1637.707
1774747800000,66516.6,66566.6,66344.2,66536.1,1497.829
1774749600000,66536.0,66677.0,66500.4,66615.7,1667.175
1774751400000,66615.7,66820.0,66529.7,66773.7,1825.956
1774753200000,66773.7,67100.0,66724.0,66935.3,4396.343
1774755000000,66935.4,66974.9,66821.3,66875.7,1464.09
1774756800000,66875.7,66907.5,66737.1,66786.3,1619.544
1774758600000,66786.3,66819.9,66683.3,66701.9,744.452
1774760400000,66701.9,66723.7,66571.4,66603.5,1715.709
1774762200000,66603.6,66799.5,66565.0,66741.3,1378.288
1774764000000,66741.3,66845.0,66601.1,66661.8,1289.362
1774765800000,66661.8,66746.1,66622.4,66704.4,766.252
1774767600000,66704.4,66704.5,66521.4,66648.6,1231.876
1774769400000,66648.6,66720.0,66572.3,66632.5,1812.137
1774771200000,66632.4,66727.1,66560.0,66641.1,913.624
1774773000000,66641.1,66743.7,66641.0,66689.5,972.581
1774774800000,66689.4,66740.0,66556.0,66645.0,1047.733
1774776600000,66644.9,66670.1,66500.9,66600.1,1028.31
1774778400000,66600.0,66600.0,66401.0,66440.0,1899.249
1774780200000,66440.0,66545.9,66375.5,66473.4,1141.181
1774782000000,66473.4,66831.9,66473.3,66803.8,2593.794
1774783800000,66803.8,66986.8,66734.1,66780.8,2196.955
1774785600000,66780.8,66820.0,66689.5,66751.3,1589.627
1774787400000,66751.4,66844.3,66668.0,66818.6,1219.212
1774789200000,66818.7,66849.0,66483.9,66601.1,2919.114
1774791000000,66601.1,66658.1,66501.7,66546.0,1054.596
1774792800000,66546.1,66764.9,66420.0,66502.1,3054.728
1774794600000,66502.1,66587.5,66464.2,66556.2,1203.065
1774796400000,66556.3,66695.0,66300.9,66392.5,3334.757
1774798200000,66392.5,66519.1,66288.1,66500.0,2213.266
1774800000000,66499.9,66639.0,66400.0,66591.5,1898.72
1774801800000,66591.5,66591.5,66455.9,66467.8,954.113
1774803600000,66467.8,66518.2,66111.0,66228.9,3697.027
1774805400000,66228.9,66410.6,66201.0,66356.6,1687.312
1774807200000,66356.6,66441.2,66291.2,66367.8,787.517
1774809000000,66367.9,66524.0,66351.0,66397.2,938.076
1774810800000,66397.1,66448.0,66353.4,66395.2,962.667
1774812600000,66395.3,66453.4,66282.1,66320.2,1212.522
1774814400000,66320.3,66767.9,66312.7,66675.6,3346.497
1774816200000,66675.7,66691.7,66536.4,66578.6,1115.806
1774818000000,66578.6,66661.8,66477.5,66622.0,877.019
1774819800000,66622.0,66734.5,66570.0,66678.8,1513.236
1774821600000,66678.8,66686.1,66191.5,66352.3,4256.542
1774823400000,66352.2,66397.8,64918.2,65820.3,21575.22
1774825200000,65820.2,66350.4,65819.0,65971.5,7768.827
1774827000000,65971.4,66137.5,65823.6,65977.9,3710.779
1774828800000,65978.0,67043.2,65754.2,66537.5,11240.116
1774830600000,66537.4,66708.7,66072.4,66251.2,5315.097
1774832400000,66251.2,66634.8,66251.1,66565.6,3646.686
1774834200000,66565.6,66806.1,66495.4,66624.1,3769.966
1774836000000,66624.2,66875.0,66538.5,66720.0,2538.308
1774837800000,66720.0,67487.7,66560.0,67087.0,11677.354
1774839600000,67087.1,67264.5,66934.7,67208.9,3199.738
1774841400000,67208.9,67288.8,67086.2,67139.8,2064.962
1774843200000,67140.0,67625.1,67129.3,67414.8,4685.823
1774845000000,67414.7,67620.0,67350.0,67579.1,3070.427
1774846800000,67579.2,67777.0,67542.7,67623.5,3925.268
1774848600000,67623.6,67671.2,67404.0,67459.0,2673.523
1774850400000,67459.0,67550.0,67238.6,67288.5,3239.377
1774852200000,67288.5,67394.7,67250.0,67273.4,2118.491
1774854000000,67273.5,67430.0,67180.5,67301.2,1972.773
1774855800000,67301.3,67612.6,67255.0,67595.9,3302.922
1774857600000,67595.9,67888.5,67574.6,67727.0,7362.41
1774859400000,67727.1,67920.0,67623.1,67634.0,2536.009
1774861200000,67633.9,67667.9,67467.6,67485.1,2745.437
1774863000000,67485.0,67564.1,67426.0,67466.2,1539.286
1774864800000,67466.2,67470.9,67365.0,67391.0,1604.46
1774866600000,67391.0,67498.0,67333.3,67463.0,1600.643
1774868400000,67463.1,67998.0,67459.7,67655.9,5035.987
1774870200000,67655.9,67719.7,67475.0,67651.5,2816.567
1774872000000,67651.5,67950.0,67627.7,67827.1,3420.38
1774873800000,67827.2,67929.8,67775.3,67859.3,1852.91
1774875600000,67859.4,68148.4,67800.1,67838.1,4688.247
1774877400000,67838.1,68008.5,67378.7,67490.9,8386.325
1774879200000,67490.8,67724.6,67200.0,67279.1,5895.631
1774881000000,67279.0,67843.8,67055.0,67762.7,8903.689
1774882800000,67762.8,67875.0,67373.7,67494.0,5547.835
1774884600000,67493.9,67871.8,67430.5,67590.2,4074.108
1774886400000,67590.2,67614.9,67253.3,67320.6,3265.446
1774888200000,67320.6,67481.0,67188.0,67333.0,2324.223
1774890000000,67332.9,67443.8,66617.3,66787.2,7067.359
1774891800000,66787.3,66975.9,66729.9,66805.2,4140.819
1774893600000,66805.1,66899.9,66548.0,66670.9,4193.729
1774895400000,66670.9,66794.9,66456.4,66620.6,4303.145
1774897200000,66620.6,66640.0,66200.1,66278.0,5483.021
1774899000000,66278.1,66556.7,66213.5,66516.0,3392.327
1774900800000,66515.9,66662.6,66488.7,66620.0,1930.365
1774902600000,66620.0,66647.0,66510.9,66614.9,920.457
1774904400000,66614.9,66963.6,66550.0,66822.0,3764.02
1774906200000,66822.1,66973.5,66757.9,66770.6,1375.62
1774908000000,66770.6,66971.2,66668.2,66785.7,1635.914
1774909800000,66785.7,66831.5,66650.9,66746.5,1381.772
1774911600000,66746.4,66752.7,66377.1,66672.1,3928.867
1774913400000,66672.1,66769.1,66626.6,66764.4,1501.226
1774915200000,66764.4,66792.4,66498.9,66779.9,2604.401
1774917000000,66780.0,67276.0,66731.5,67172.5,5565.724
1774918800000,67172.5,67850.0,67004.2,67743.0,7456.975
1774920600000,67743.0,68377.0,67697.2,67896.2,13931.776
1774922400000,67896.1,68072.7,67726.9,68007.1,2908.869
1774924200000,68007.0,68058.0,67802.2,67911.8,1789.973
1774926000000,67911.8,67974.8,67763.1,67807.2,2017.575
1774927800000,67807.2,67892.1,67610.5,67670.8,2508.494
1774929600000,67670.8,67865.7,67441.8,67562.7,3558.302
1774931400000,67562.7,67652.2,67480.0,67510.1,1832.415
1774933200000,67510.1,67630.0,67356.4,67592.3,2883.815
1774935000000,67592.4,67756.8,67530.9,67648.9,2371.041
1774936800000,67649.0,67679.5,67300.1,67383.2,2758.146
1774938600000,67383.3,67505.8,67307.6,67465.4,1594.767
1774940400000,67465.4,67497.0,67071.9,67260.9,4076.511
1774942200000,67260.8,67410.0,67179.7,67343.8,2700.203
1774944000000,67343.9,67476.9,67208.4,67280.4,1879.468
1774945800000,67280.3,67281.9,66655.0,66745.1,9184.68
1774947600000,66745.1,66891.8,66321.0,66403.9,7908.044
1774949400000,66403.9,66499.7,65938.0,66099.3,7076.735
1774951200000,66099.3,66432.0,66067.0,66350.0,4537.524
1774953000000,66350.1,66442.0,66188.7,66329.4,4324.805
1774954800000,66329.4,66850.0,66205.0,66610.0,8389.075
1774956600000,66610.0,66805.7,66534.0,66652.4,2606.298
1774958400000,66652.4,66799.4,66480.0,66764.5,3132.816
1774960200000,66764.4,66909.3,66615.2,66623.8,3267.358
1774962000000,66623.8,66932.6,66623.8,66773.8,2119.992
1774963800000,66773.7,67375.0,66691.9,67255.6,11151.8
1774965600000,67255.6,67765.8,67078.8,67692.7,11776.216
1774967400000,67692.7,67712.2,66374.4,66555.9,12505.665
1774969200000,66556.0,67262.2,66555.9,66920.8,11386.514
1774971000000,66920.8,67127.4,66666.5,66700.0,5051.845
1774972800000,66700.0,67165.5,66695.9,67056.5,3352.375
1774974600000,67056.4,67985.5,66916.6,67632.6,14511.436
1774976400000,67632.6,68600.0,67532.8,68002.3,21542.134
1774978200000,68002.4,68091.9,67357.1,67493.9,9532.743
1774980000000,67493.8,67929.7,67488.0,67744.9,4583.937
1774981800000,67744.9,67912.8,67601.9,67814.6,2087.47
1774983600000,67814.5,67996.0,67802.0,67840.3,2485.765
1774985400000,67840.4,67934.9,67671.3,67803.0,2076.202
1774987200000,67803.0,68177.2,67794.8,67967.3,3234.252
1774989000000,67967.2,68234.0,67911.1,68227.2,2110.752
1774990800000,68227.3,68227.3,67840.4,67995.9,2077.481
1774992600000,67995.9,68382.9,67991.7,68234.6,2137.301
1774994400000,68234.7,68306.9,68013.4,68080.0,2101.503
1774996200000,68080.1,68214.9,67919.5,68141.6,1437.907
1774998000000,68141.7,68332.6,68050.0,68224.3,1864.511
1774999800000,68224.2,68332.0,68173.1,68241.5,1339.494
1775001600000,68241.4,68241.5,67863.3,67964.3,3205.368
1775003400000,67964.3,68305.1,67808.1,68288.0,2693.976
1775005200000,68288.0,68330.0,67976.5,68006.4,2769.714
1775007000000,68006.3,68054.7,67707.5,67746.4,3097.32
1775008800000,67746.4,67881.2,67556.1,67603.6,2641.497
1775010600000,67603.7,67705.8,67534.9,67623.8,1750.693
1775012400000,67623.9,68086.2,67623.9,67932.0,2535.637
1775014200000,67932.2,68214.5,67872.5,68134.0,2357.792
1775016000000,68134.0,68234.0,67965.0,68118.8,3931.692
1775017800000,68118.9,68450.0,68067.2,68272.3,2874.415
1775019600000,68272.3,68732.5,68114.5,68552.9,5717.895
1775021400000,68552.9,68630.5,68404.0,68418.2,2670.385
1775023200000,68418.3,68860.0,68418.2,68826.0,4760.254
1775025000000,68825.9,69220.0,68765.7,69069.1,9587.024
1775026800000,69069.1,69288.0,68825.1,68869.3,6083.357
1775028600000,68869.3,68962.9,68631.1,68651.9,3865.506
1775030400000,68651.9,68743.0,68425.5,68708.1,5149.107
1775032200000,68708.2,68821.5,68526.7,68630.8,2822.696
1775034000000,68630.9,68702.3,68360.0,68527.4,3392.661
1775035800000,68527.3,68664.3,68370.6,68608.4,1772.511
1775037600000,68608.4,68632.1,68450.0,68489.9,1230.93
1775039400000,68489.9,68595.7,68370.1,68545.1,2005.983
1775041200000,68545.2,68640.7,68471.5,68519.4,1426.446
1775043000000,68519.4,68702.3,68501.6,68669.9,1905.718
1775044800000,68670.0,68685.1,68421.2,68480.4,2196.929
1775046600000,68480.3,68773.9,68220.9,68363.8,6887.891
1775048400000,68364.1,68570.0,68128.0,68527.8,4562.613
1775050200000,68527.8,68650.0,67883.7,68091.4,8223.221
1775052000000,68091.4,68487.0,68020.0,68485.5,4399.895
1775053800000,68485.6,68657.1,68203.4,68559.1,4503.811
1775055600000,68559.2,68873.1,68380.3,68712.6,4176.241
1775057400000,68712.7,68938.8,68622.3,68877.0,3520.251
1775059200000,68876.9,68909.5,68570.0,68836.0,3712.894
1775061000000,68836.1,68961.6,68670.4,68781.1,2908.573
1775062800000,68781.1,69142.6,68456.0,68491.4,5264.5
1775064600000,68491.4,68510.0,68212.1,68239.7,3477.633
1775066400000,68239.7,68264.7,67900.4,68060.3,5311.371
1775068200000,68060.4,68313.8,67970.5,68054.2,2950.012
1775070000000,68054.2,68255.9,68000.0,68244.8,1662.828
1775071800000,68244.8,68269.9,68036.0,68143.8,1953.49
1775073600000,68143.7,68167.4,67971.2,68021.5,1488.93
1775075400000,68021.5,68217.8,67927.0,68159.8,1336.426
1775077200000,68159.7,68510.6,68136.5,68402.1,2148.299
1775079000000,68402.2,68482.4,68230.1,68324.7,1370.096
1775080800000,68324.8,68324.8,68032.9,68149.9,1606.759
1775082600000,68149.9,68284.2,68040.2,68088.4,1043.722
1775084400000,68088.5,68220.9,68050.0,68088.3,935.777
1775086200000,68088.3,68146.0,67952.2,68086.5,1385.481
1775088000000,68086.4,68244.8,68013.3,68179.1,1648.885
1775089800000,68179.0,68639.1,68166.5,68565.1,3161.977
1775091600000,68565.2,68565.2,67223.0,67538.9,19810.498
1775093400000,67538.9,67545.7,67000.3,67316.4,8666.345
1775095200000,67316.4,67316.4,66729.5,66863.7,6711.201
1775097000000,66863.8,67016.5,66590.0,66821.6,4234.656
1775098800000,66821.6,66931.9,66601.5,66831.6,3204.992
1775100600000,66831.6,66850.0,66455.9,66538.4,3612.013
1775102400000,66538.4,66617.7,66337.0,66386.8,3061.284
1775104200000,66386.9,66420.0,66171.8,66300.2,4137.414
1775106000000,66300.2,66478.2,66270.0,66449.9,3003.078
1775107800000,66449.9,66628.8,66362.2,66558.2,4375.898
1775109600000,66558.2,66798.9,66530.0,66612.7,4977.308
1775111400000,66612.6,66666.5,66506.4,66652.9,1681.553
1775113200000,66653.0,66681.8,66521.4,66647.2,1152.383
1775115000000,66647.2,66898.5,66644.1,66887.9,2652.879
1775116800000,66887.8,66887.9,66555.7,66645.3,2356.698
1775118600000,66645.2,66705.2,66372.9,66418.2,2906.417
1775120400000,66418.1,66487.0,66256.0,66444.1,3024.362
1775122200000,66444.1,66487.7,66332.0,66428.6,1731.708
1775124000000,66428.7,66471.9,66188.1,66337.0,2483.517
1775125800000,66337.1,66471.6,66322.9,66424.0,1495.448
1775127600000,66424.1,66449.7,66065.1,66415.5,3737.587
1775129400000,66415.5,66447.4,66138.2,66180.6,2074.357
1775131200000,66180.6,66215.2,65919.1,66115.3,6602.923
1775133000000,66115.4,66209.3,65962.2,66014.2,2428.794
1775134800000,66014.3,66158.7,65850.4,66110.9,5388.092
1775136600000,66110.9,66250.0,65676.1,66227.3,10468.151
1775138400000,66227.3,66458.0,66123.0,66222.0,6340.542
1775140200000,66221.9,67080.0,66217.2,66822.4,14296.03
1775142000000,66822.3,66944.0,66596.2,66805.1,5718.558
1775143800000,66805.2,66960.7,66666.6,66810.6,2847.871
1775145600000,66810.6,66929.1,66707.6,66836.6,2478.509
1775147400000,66836.6,67234.4,66808.4,67050.1,5438.287
1775149200000,67050.0,67400.0,66815.1,67201.9,6071.647
1775151000000,67201.8,67229.0,66622.4,66641.4,6192.571
1775152800000,66641.4,66810.0,66550.0,66592.7,3303.885
1775154600000,66592.7,67044.8,66592.6,66941.6,2330.437
1775156400000,66941.7,67082.9,66885.5,66994.2,1880.362
1775158200000,66994.1,67038.3,66827.8,66943.2,1818.765
1775160000000,66943.2,67035.2,66755.6,67017.9,1989.279
1775161800000,67017.8,67078.9,66899.0,66906.3,1040.482
1775163600000,66906.4,66993.4,66681.3,66802.3,1340.333
1775165400000,66802.3,66917.2,66729.7,66910.7,754.287
1775167200000,66910.7,66990.0,66782.0,66875.6,1081.348
1775169000000,66875.7,67008.5,66875.7,66954.0,991.514
1775170800000,66954.0,67070.2,66892.3,66906.3,995.97
1775172600000,66906.2,66930.5,66820.6,66868.5,657.826
1775174400000,66868.6,66976.2,66745.0,66793.9,1398.653
1775176200000,66794.0,66884.1,66671.0,66761.8,1324.404
1775178000000,66761.8,66868.8,66696.3,66834.9,1088.289
1775179800000,66834.8,66881.3,66450.0,66599.0,2999.136
1775181600000,66599.1,66726.7,66375.0,66424.9,3517.003
1775183400000,66424.9,66517.2,66240.0,66504.6,3755.394
1775185200000,66504.6,66698.5,66461.0,66602.1,2885.238
1775187000000,66602.2,66677.7,66492.6,66550.0,1244.718
1775188800000,66550.1,66666.0,66505.6,66505.6,723.269
1775190600000,66505.7,66648.4,66468.0,66578.8,1021.723
1775192400000,66578.8,66641.0,66375.1,66549.1,1074.102
1775194200000,66549.0,66789.6,66478.8,66574.9,2389.883
1775196000000,66574.9,66665.8,66523.2,66594.2,795.73
1775197800000,66594.3,66770.0,66550.0,66762.0,1269.259
1775199600000,66762.1,66916.4,66716.4,66913.2,1816.948
1775201400000,66913.1,67233.3,66882.4,67008.8,4382.058
1775203200000,67008.8,67258.0,66993.4,67023.0,2792.682
1775205000000,67023.0,67090.0,66864.1,66935.0,1975.256
1775206800000,66935.1,66976.0,66714.3,66790.0,1916.862
1775208600000,66790.0,66888.0,66757.0,66828.9,846.156
1775210400000,66828.9,66847.9,66727.7,66727.7,914.137
1775212200000,66727.8,66871.9,66644.0,66845.3,1303.568
1775214000000,66845.3,66927.7,66790.6,66904.9,1333.893
1775215800000,66904.9,67041.9,66880.2,66983.4,1403.798
1775217600000,66983.5,67110.4,66890.4,67087.1,1648.811
1775219400000,67087.2,67350.0,66605.9,66690.4,7298.422
1775221200000,66690.4,66707.1,66525.4,66649.9,3543.671
1775223000000,66650.0,66663.3,66478.5,66644.6,2627.507
1775224800000,66644.6,66968.1,66600.0,66878.1,2818.918
1775226600000,66878.2,66953.7,66773.3,66900.0,1630.873
1775228400000,66899.9,66999.0,66828.6,66899.8,1541.194
1775230200000,66899.8,66956.2,66778.9,66806.1,1249.126
1775232000000,66806.0,66965.0,66800.0,66959.0,838.863
1775233800000,66958.9,67046.1,66896.4,66972.5,1351.765
1775235600000,66972.5,67040.0,66714.1,66844.6,2196.652
1775237400000,66844.6,66923.6,66773.1,66811.0,994.262
1775239200000,66811.0,66899.7,66746.9,66850.0,904.35
1775241000000,66850.1,66890.1,66767.7,66783.7,408.714
1775242800000,66783.6,66827.3,66746.0,66765.2,626.064
1775244600000,66765.2,66882.9,66740.6,66857.0,601.206
1775246400000,66857.0,66878.0,66816.0,66847.7,413.346
1775248200000,66847.7,66888.0,66800.0,66800.1,363.505
1775250000000,66800.0,66900.3,66791.8,66860.6,770.994
1775251800000,66860.5,66946.3,66848.0,66929.5,841.37
1775253600000,66929.4,66943.0,66813.0,66885.7,720.328
1775255400000,66885.7,66930.6,66818.5,66860.0,515.742
1775257200000,66859.9,66880.9,66804.3,66828.1,527.389
1775259000000,66828.1,66930.0,66800.7,66930.0,662.602
1775260800000,66930.0,66935.3,66838.9,66885.6,565.64
1775262600000,66885.6,66930.0,66855.0,66863.4,373.588
1775264400000,66863.4,66895.7,66811.4,66811.4,734.981
1775266200000,66811.5,66837.1,66795.8,66820.0,460.548
1775268000000,66820.0,66891.4,66781.6,66804.7,563.862
1775269800000,66804.7,66859.6,66773.3,66814.1,485.395
1775271600000,66814.0,66875.4,66814.0,66824.4,410.323
1775273400000,66824.4,66838.3,66798.8,66799.1,308.395
1775275200000,66799.1,66835.0,66745.5,66834.6,452.528
1775277000000,66834.6,66840.0,66817.8,66833.5,350.171
1775278800000,66833.5,66878.8,66817.8,66849.7,631.373
1775280600000,66849.8,66908.4,66844.8,66871.0,856.022
1775282400000,66871.0,66940.0,66871.0,66920.0,800.114
1775284200000,66920.0,67023.7,66886.8,66981.5,1122.452
1775286000000,66981.5,67004.1,66904.0,66928.0,862.036
1775287800000,66928.0,67019.1,66919.1,66982.0,932.659
1775289600000,66982.1,67025.0,66957.2,67017.2,863.545
1775291400000,67017.3,67017.3,66874.5,66907.8,775.076
1775293200000,66907.8,66958.2,66882.1,66944.8,563.114
1775295000000,66944.9,66954.8,66927.1,66952.1,321.856
1775296800000,66952.1,66993.3,66880.9,66906.9,825.744
1775298600000,66906.9,67150.3,66894.3,67139.1,1886.017
1775300400000,67139.1,67223.8,67068.3,67092.7,1910.704
1775302200000,67092.8,67128.9,67050.0,67128.9,846.875
1775304000000,67128.9,67152.5,67048.0,67075.1,849.722
1775305800000,67075.2,67096.5,67025.2,67062.0,613.657
1775307600000,67061.9,67103.3,67044.8,67076.7,400.098
1775309400000,67076.6,67245.3,67061.6,67170.0,1944.102
1775311200000,67170.0,67193.3,67160.0,67160.0,665.1
1775313000000,67160.0,67180.0,67003.7,67177.6,3702.756
1775314800000,67177.5,67554.5,67145.6,67297.2,6772.824
1775316600000,67297.2,67359.0,67242.6,67357.3,1431.098
1775318400000,67357.4,67459.1,67292.0,67410.7,1562.639
1775320200000,67410.6,67500.0,67319.3,67335.2,4019.736
1775322000000,67335.1,67386.0,67249.9,67362.8,1449.804
1775323800000,67362.8,67372.6,67283.6,67302.3,496.742
1775325600000,67302.3,67350.0,67252.0,67300.5,964.595
1775327400000,67300.6,67300.6,67226.4,67265.7,478.138
1775329200000,67265.6,67523.8,67265.6,67332.9,1500.147
1775331000000,67332.9,67343.9,67245.6,67262.7,705.086
1775332800000,67262.8,67262.8,67150.6,67237.6,1031.93
1775334600000,67237.6,67269.4,67220.3,67240.2,424.26
1775336400000,67240.2,67258.7,67180.9,67244.0,347.03
1775338200000,67243.9,67452.7,67231.7,67325.0,1015.371
1775340000000,67325.0,67415.5,67305.4,67389.8,660.948
1775341800000,67389.8,67438.7,67337.8,67368.9,490.552
1775343600000,67368.9,67371.4,67272.7,67272.7,595.526
1775345400000,67272.8,67296.1,67214.2,67271.0,745.458
1775347200000,67271.1,67279.2,67196.8,67230.5,706.034
1775349000000,67230.4,67240.5,67131.1,67177.0,714.538
1775350800000,67177.0,67200.0,67082.0,67101.6,841.519
1775352600000,67101.6,67102.5,67045.2,67060.6,790.179
1775354400000,67060.6,67132.5,66900.0,67100.0,2317.684
1775356200000,67100.0,67154.0,67085.0,67144.3,706.485
1775358000000,67144.3,67166.9,67100.0,67124.6,459.085
1775359800000,67124.6,67124.7,67058.0,67113.5,368.128
1775361600000,67113.4,67159.6,67034.8,67157.8,533.079
1775363400000,67157.7,67160.0,67051.3,67066.2,474.558
1775365200000,67066.3,67127.5,67010.0,67049.3,678.589
1775367000000,67049.3,67072.9,66822.8,66905.1,1646.782
1775368800000,66905.2,66918.6,66575.5,66729.9,6151.473
1775370600000,66729.9,66831.6,66729.8,66771.6,1550.515
1775372400000,66771.6,66887.1,66767.0,66786.2,1747.307
1775374200000,66786.3,66794.6,66685.3,66787.4,1134.027
1775376000000,66787.4,66873.7,66782.1,66833.2,782.471
1775377800000,66833.2,66910.0,66800.0,66892.5,755.529
1775379600000,66892.6,66996.0,66862.3,66973.1,1289.494
1775381400000,66973.2,67020.4,66935.1,66996.0,735.037
1775383200000,66996.1,67000.0,66928.1,66958.9,730.898
1775385000000,66958.9,67132.8,66950.4,67012.3,1301.88
1775386800000,67012.4,67054.1,66960.0,66975.6,732.646
1775388600000,66975.7,66985.4,66934.4,66972.7,576.259
1775390400000,66972.7,66972.7,66858.1,66858.1,1272.987
1775392200000,66858.1,66863.8,66650.0,66751.4,3955.672
1775394000000,66751.5,66830.1,66673.4,66676.6,1439.185
1775395800000,66676.6,66892.9,66666.0,66863.4,1340.098
1775397600000,66863.5,66940.2,66783.1,66879.4,1470.567
1775399400000,66879.3,66938.0,66858.2,66892.5,842.487
1775401200000,66892.6,67521.7,66792.6,67478.2,7130.832
1775403000000,67478.2,67828.6,67240.0,67272.2,10112.969
1775404800000,67272.2,67366.8,67241.7,67287.8,1926.95
1775406600000,67287.8,67381.0,67132.2,67178.8,1906.658
1775408400000,67178.9,67316.2,67150.0,67304.8,1438.113
1775410200000,67304.8,67376.3,67270.4,67342.2,880.044
1775412000000,67342.2,67345.6,67246.6,67274.1,918.109
1775413800000,67274.1,67428.2,67274.1,67381.1,841.673
1775415600000,67381.2,67540.0,67329.9,67435.3,1731.869
1775417400000,67435.4,67438.2,67250.0,67329.1,989.594
1775419200000,67329.1,67477.9,67302.4,67450.1,662.117
1775421000000,67450.0,67681.6,67436.2,67636.7,3240.33
1775422800000,67636.7,67636.8,67377.2,67453.7,1899.275
1775424600000,67453.8,67672.9,67394.8,67519.5,1104.501
1775426400000,67519.5,67771.4,67313.6,67406.4,3729.499
1775428200000,67406.3,68347.9,67384.7,68313.0,10875.863
1775430000000,68313.0,68950.2,68232.0,68772.1,10687.077
1775431800000,68772.0,69108.0,68761.9,68997.9,6797.504
1775433600000,68997.9,69583.0,68997.9,69150.8,10729.168
1775435400000,69150.9,69415.0,69030.0,69051.9,3439.85
1775437200000,69051.9,69103.1,68803.7,68950.9,4582.05
1775439000000,68950.9,68950.9,68761.0,68782.9,1700.12
1775440800000,68782.9,69300.0,68740.2,69198.4,4596.797
1775442600000,69198.5,69386.2,69155.0,69183.6,2537.174
1775444400000,69183.6,69223.4,69030.0,69151.4,2244.009
1775446200000,69151.4,69206.0,69026.6,69092.4,1643.364
1775448000000,69092.3,69172.4,68943.3,68971.7,1726.314
1775449800000,68971.7,69188.0,68967.0,69107.6,1585.664
1775451600000,69107.6,69188.9,69052.0,69139.1,1009.086
1775453400000,69139.1,69214.5,69118.4,69167.1,982.767
1775455200000,69167.0,69338.2,68769.6,68813.9,4006.109
1775457000000,68813.9,69079.5,68805.0,68958.7,2467.508
1775458800000,68958.8,69078.4,68800.0,69048.2,1561.893
1775460600000,69048.3,69190.8,68922.9,69089.7,3435.408
1775462400000,69089.8,69225.0,69047.7,69199.8,2063.139
1775464200000,69199.9,69328.7,69175.0,69191.7,1930.747
1775466000000,69191.7,70252.9,69180.0,69899.9,14250.801
1775467800000,69899.9,69947.0,69646.9,69699.4,4181.173
1775469600000,69699.4,69845.4,69690.3,69730.2,2041.36
1775471400000,69730.1,69982.2,69666.0,69739.2,3306.675
1775473200000,69739.2,69739.2,69550.0,69591.8,2163.232
1775475000000,69591.8,69680.0,69524.0,69583.6,1601.517
1775476800000,69583.5,69602.4,69391.0,69433.5,2228.923
1775478600000,69433.4,69520.3,69283.0,69337.3,2480.863
1775480400000,69337.4,69457.5,69294.6,69440.1,1787.39
1775482200000,69440.1,69521.4,69200.1,69399.8,4705.645
1775484000000,69399.7,69671.9,69088.0,69512.8,6416.164
1775485800000,69512.8,69791.3,69264.1,69620.0,6391.169
1775487600000,69620.0,69774.6,69490.0,69699.9,3297.618
1775489400000,69700.0,69931.9,69615.3,69922.5,4228.425
1775491200000,69922.4,70087.5,69813.3,69863.8,3977.928
1775493000000,69863.7,70332.5,69737.6,69759.2,6763.898
1775494800000,69759.2,69778.4,69240.0,69499.0,7688.174
1775496600000,69499.0,69604.6,69383.2,69540.6,1885.765
1775498400000,69540.6,69955.3,69436.4,69816.1,3439.344
1775500200000,69816.0,69900.0,69660.4,69852.9,1611.458
1775502000000,69852.8,69862.2,69543.8,69805.4,1948.615
1775503800000,69805.4,69850.0,69632.8,69704.8,1382.211
1775505600000,69704.8,69933.6,69578.0,69918.1,1830.238
1775507400000,69918.0,69940.0,69773.2,69779.4,1003.669
1775509200000,69779.5,69784.3,69617.9,69622.6,932.81
1775511000000,69622.6,69631.0,69400.0,69476.5,1434.353
1775512800000,69476.5,69554.2,69282.3,69333.0,1808.967
1775514600000,69333.0,69333.4,68777.0,68777.1,5596.109
1775516400000,68777.0,68788.0,68227.5,68498.4,10814.678
1775518200000,68498.3,68880.1,68452.0,68817.9,3316.897
1775520000000,68817.9,69111.8,68766.3,68902.4,4083.997
1775521800000,68902.4,69018.6,68682.7,68738.7,2992.464
1775523600000,68738.6,68878.3,68500.0,68692.6,3991.28
1775525400000,68692.6,68773.3,68291.0,68363.9,3237.564
1775527200000,68363.9,68549.1,68241.9,68543.6,2774.33
1775529000000,68543.5,68684.6,68467.5,68640.3,2376.336
1775530800000,68640.3,68768.9,68586.5,68745.0,1768.571
1775532600000,68745.0,68780.0,68696.1,68746.3,1106.814
1775534400000,68746.4,68755.0,68510.5,68572.5,1818.47
1775536200000,68572.4,68955.6,68572.4,68819.3,2430.178
1775538000000,68819.2,68831.0,68648.7,68670.0,1269.139
1775539800000,68669.9,68720.8,68577.6,68627.5,1286.698
1775541600000,68627.4,68635.9,68400.6,68539.1,2275.953
1775543400000,68539.1,68579.5,68450.0,68540.0,1229.336
1775545200000,68539.9,68630.5,68470.0,68546.3,1017.985
1775547000000,68546.3,68677.8,68546.3,68592.1,1023.24
1775548800000,68592.0,68830.3,68570.7,68725.1,2033.776
1775550600000,68725.1,68963.4,68725.1,68907.1,2608.548
1775552400000,68907.1,69218.3,68900.0,69025.9,4037.689
1775554200000,69026.0,69219.0,69013.8,69109.8,2020.332
1775556000000,69109.9,69170.0,68627.0,68704.0,4849.714
1775557800000,68703.9,68745.6,68151.8,68196.0,8810.469
1775559600000,68196.1,68383.5,68033.0,68336.9,6241.87
1775561400000,68336.8,68430.1,68250.0,68310.8,1751.226
1775563200000,68310.7,68444.0,68039.8,68396.9,4634.784
1775565000000,68396.9,68579.3,68207.9,68367.0,3022.977
1775566800000,68366.9,68613.8,68343.3,68455.9,4563.815
1775568600000,68455.9,68571.8,68168.0,68208.1,3979.308
1775570400000,68208.1,68232.1,67741.0,68127.5,11271.076
1775572200000,68127.5,68203.0,67831.0,67831.0,3104.965
1775574000000,67831.1,68178.0,67711.0,68159.7,5613.388
1775575800000,68159.6,68250.0,68040.8,68138.4,2348.808
1775577600000,68138.5,68431.8,68049.9,68358.1,4652.831
1775579400000,68358.1,68371.5,68174.0,68207.2,1577.135
1775581200000,68207.2,68385.1,68164.5,68385.1,1666.419
1775583000000,68385.1,68996.0,68385.1,68670.0,6314.182
1775584800000,68670.1,68746.7,68516.7,68606.7,1923.572
1775586600000,68606.8,68700.0,68318.1,68413.7,2803.941
1775588400000,68413.7,68787.4,68315.3,68547.9,2737.706
1775590200000,68547.9,69068.6,68422.2,68975.9,6691.007
1775592000000,68975.9,69500.0,68975.9,69325.8,7362.09
1775593800000,69325.7,69382.0,69130.4,69285.2,2329.532
1775595600000,69285.3,70200.0,69273.3,69561.0,14090.571
1775597400000,69561.0,70078.0,69560.9,69886.7,4547.138
1775599200000,69886.7,70561.0,69886.6,70380.1,10847.568
1775601000000,70380.0,71499.9,70375.1,71479.9,21117.009
1775602800000,71479.9,72743.4,71155.0,72738.2,25639.782
1775604600000,72738.2,72743.4,71850.1,71890.2,12952.664
1775606400000,71890.2,72086.4,71756.8,71894.7,7118.758
1775608200000,71894.9,71980.0,71505.2,71681.9,5035.602
1775610000000,71681.9,71732.6,71422.0,71450.0,3364.303
1775611800000,71449.9,71559.9,71416.9,71446.5,2282.333
1775613600000,71446.5,71698.0,71335.5,71428.1,2655.16
1775615400000,71428.1,71453.4,71186.0,71330.0,3554.548
1775617200000,71329.9,71449.9,71231.3,71446.5,1701.982
1775619000000,71446.4,71446.5,71255.0,71259.6,1045.011
1775620800000,71259.7,71569.0,71250.0,71534.3,3179.966
1775622600000,71534.3,71649.8,71488.0,71528.6,1859.584
1775624400000,71528.6,71750.0,71516.3,71680.2,1967.889
1775626200000,71680.3,71797.0,71607.9,71701.6,1965.36
1775628000000,71701.5,71919.0,71539.2,71821.4,2786.105
1775629800000,71821.3,71829.8,71679.2,71697.5,1233.264
1775631600000,71697.4,71873.7,71600.0,71780.0,1662.593
1775633400000,71780.0,71780.1,71551.8,71612.0,2355.1
1775635200000,71612.1,71790.9,71612.0,71724.0,1702.623
1775637000000,71724.0,71808.5,71615.7,71776.0,1413.645
1775638800000,71776.0,71945.0,71650.0,71650.1,2110.053
1775640600000,71650.1,71719.4,71555.3,71655.4,1253.042
1775642400000,71655.4,71782.1,71554.0,71615.6,1392.263
1775644200000,71615.6,71624.2,71415.3,71445.7,1871.533
1775646000000,71445.7,71640.0,71415.4,71620.1,1679.194
1775647800000,71620.1,71687.6,71367.0,71650.2,3038.737
1775649600000,71650.2,71824.6,71542.6,71733.2,5464.454
1775651400000,71733.1,72169.5,71700.0,72023.6,5119.124
1775653200000,72023.6,72858.5,72023.6,72449.9,21263.653
1775655000000,72450.0,72579.0,71460.1,71563.2,16468.852
1775656800000,71563.2,71723.8,71270.6,71424.2,6704.652
1775658600000,71424.1,71480.0,70671.6,70888.0,14029.2
1775660400000,70888.0,71213.7,70796.4,71151.3,5531.715
1775662200000,71151.5,71327.2,71070.3,71274.8,4638.728
1775664000000,71274.9,71462.3,71223.8,71359.5,4046.077
1775665800000,71359.5,71655.0,71218.9,71560.9,3684.213
1775667600000,71561.0,71765.6,71447.4,71599.9,3918.793
1775669400000,71599.9,71934.5,71593.5,71847.5,4343.541
1775671200000,71847.5,71847.7,71264.2,71355.4,5956.359
1775673000000,71355.5,71576.9,71035.8,71064.9,4271.603
1775674800000,71064.9,71252.7,70980.0,71086.2,2787.269
1775676600000,71086.2,71333.0,71022.2,71283.0,3156.81
1775678400000,71283.0,71444.8,71265.0,71399.7,1474.507
1775680200000,71399.7,71403.0,71226.0,71336.9,829.921
1775682000000,71337.0,71726.7,71293.2,71627.2,1761.861
1775683800000,71627.2,71697.5,71467.4,71509.5,1350.356
1775685600000,71509.6,71536.2,71110.6,71134.6,2160.398
1775687400000,71134.7,71340.0,71024.2,71024.3,1781.794
1775689200000,71024.2,71198.4,70850.9,70995.3,3276.445
1775691000000,70995.3,71142.8,70920.0,71038.1,1129.519
1775692800000,71038.2,71107.0,70833.1,70891.1,1836.87
1775694600000,70891.2,70914.3,70622.9,70779.0,4006.32
1775696400000,70779.0,70857.0,70428.0,70591.5,4922.486
1775698200000,70591.5,70940.8,70562.8,70900.0,2809.587
1775700000000,70899.9,71043.1,70777.0,70989.5,1936.259
1775701800000,70989.5,71168.0,70880.0,71029.7,2673.259
1775703600000,71029.6,71091.9,70835.8,70882.6,1589.921
1775705400000,70882.6,71022.1,70818.0,70961.2,1419.151
1775707200000,70961.2,70980.5,70763.2,70820.1,1070.439
1775709000000,70820.1,70900.0,70700.0,70760.1,1995.918
1775710800000,70760.1,70977.6,70666.0,70950.1,1829.618
1775712600000,70950.1,71063.0,70885.0,70959.7,1876.703
1775714400000,70959.6,71058.6,70802.4,70833.0,1545.23
1775716200000,70833.0,70998.9,70780.1,70998.8,1012.65
1775718000000,70998.8,71087.8,70937.0,70958.4,1482.145
1775719800000,70958.4,71047.2,70913.5,70945.0,1189.739
1775721600000,70945.0,70985.9,70831.9,70942.6,1080.734
1775723400000,70942.6,71342.0,70942.6,71207.6,3777.181
1775725200000,71207.5,71480.0,71060.9,71248.8,3221.953
1775727000000,71248.7,71533.0,71150.1,71488.7,2433.521
1775728800000,71488.7,71498.9,71300.0,71362.2,1826.616
1775730600000,71362.2,71430.0,71234.7,71234.7,1275.626
1775732400000,71234.7,71317.0,71007.8,71039.9,2549.465
1775734200000,71039.9,71187.8,71039.9,71109.9,1145.096
1775736000000,71109.9,71299.6,70978.8,71236.7,2046.337
1775737800000,71236.7,71264.3,71060.0,71245.0,1639.188
1775739600000,71244.9,71320.0,71027.8,71070.0,1683.3
1775741400000,71070.0,71128.4,70590.0,70765.2,7360.398
1775743200000,70765.2,70823.3,70470.2,70603.9,4452.056
1775745000000,70603.9,71224.5,70565.0,71083.5,5898.692
1775746800000,71083.4,71630.0,70887.8,71302.2,8076.453
1775748600000,71302.4,72320.0,71252.6,72108.0,17995.378
1775750400000,72108.0,72377.4,72010.0,72023.2,7622.323
1775752200000,72023.2,72052.4,71688.8,72048.0,6076.423
1775754000000,72048.1,72517.9,72028.2,72299.8,8322.715
1775755800000,72299.7,72476.3,72055.0,72306.9,4403.26
1775757600000,72307.0,72339.0,71730.0,71869.5,4793.008
1775759400000,71869.4,71922.9,71705.0,71849.3,2118.022
1775761200000,71849.3,72100.0,71701.3,71785.0,4119.948
1775763000000,71785.0,72267.3,71777.8,72055.9,4421.495
1775764800000,72055.8,72316.1,71945.0,72254.6,2250.561
1775766600000,72254.6,72419.8,72213.9,72377.6,1947.043
1775768400000,72377.6,72666.6,72109.8,72142.6,4387.894
1775770200000,72142.7,72442.6,72102.5,72230.1,1595.993
1775772000000,72230.2,73128.0,72217.8,72592.1,9723.664
1775773800000,72592.1,72600.0,71911.1,71911.2,5530.163
1775775600000,71911.1,71999.0,71539.9,71748.9,6004.882
1775777400000,71748.9,71815.1,71582.8,71750.4,2830.774
1775779200000,71750.4,71866.2,71546.0,71800.1,3784.224
1775781000000,71800.0,71995.8,71749.9,71932.3,2613.747
1775782800000,71932.3,72045.4,71620.6,71834.0,2949.246
1775784600000,71833.9,72350.0,71816.2,72124.0,5286.361
1775786400000,72124.0,72255.0,72081.7,72140.4,1883.931
1775788200000,72140.4,72193.0,71882.3,71926.3,2167.511
1775790000000,71926.2,71993.0,71770.5,71777.2,1874.316
1775791800000,71777.2,71934.7,71776.0,71837.3,1156.619
1775793600000,71837.3,71939.1,71823.3,71835.5,923.916
1775795400000,71835.5,72199.9,71781.9,72088.8,2172.123
1775797200000,72088.8,72243.6,71973.8,72189.9,1505.42
1775799000000,72189.9,72234.1,72054.7,72098.6,1306.293
1775800800000,72098.4,72154.8,71907.3,71932.0,1379.754
1775802600000,71932.0,71982.2,71759.0,71778.1,2136.349
1775804400000,71778.1,71821.1,71667.0,71692.5,2039.316
1775806200000,71692.4,71763.8,71382.1,71461.2,5022.41
1775808000000,71461.2,71666.0,71395.0,71611.0,2887.626
1775809800000,71611.1,71730.0,71460.1,71571.6,2643.972
1775811600000,71571.6,71818.5,71555.8,71730.6,1943.814
1775813400000,71730.7,71840.8,71701.1,71746.2,1444.803
1775815200000,71746.1,71780.0,71658.8,71696.9,1366.375
1775817000000,71697.0,71910.0,71688.9,71872.4,1997.373
1775818800000,71872.5,72194.0,71861.5,72175.2,3886.624
1775820600000,72175.2,72229.0,72054.0,72092.7,2947.645
1775822400000,72092.8,72294.9,71960.5,72134.7,4528.552
1775824200000,72134.6,72467.3,71999.2,72225.5,7578.809
1775826000000,72225.4,72260.0,72118.1,72260.0,2064.996
1775827800000,72260.0,72381.0,71868.5,72284.0,5388.356
1775829600000,72283.9,73050.0,72209.8,72933.0,14410.329
1775831400000,72933.0,73123.9,72649.0,72870.6,10145.314
1775833200000,72870.6,73255.7,72700.0,72740.5,7534.784
1775835000000,72740.4,72806.3,72309.5,72421.0,6292.325
1775836800000,72421.1,72798.6,72350.0,72730.1,4437.971
1775838600000,72730.2,73024.1,72528.5,72954.0,3732.949
1775840400000,72954.0,72993.0,72760.0,72928.7,2012.313
1775842200000,72928.6,73125.1,72750.0,73079.9,2982.082
1775844000000,73079.9,73127.6,72830.7,72940.0,3208.756
1775845800000,72939.9,73080.4,72866.3,73056.7,1206.25
1775847600000,73056.7,73223.4,72931.0,72952.9,2580.742
1775849400000,72952.9,73220.0,72850.5,73187.3,3196.942
1775851200000,73187.4,73244.1,73078.5,73208.3,3170.033
1775853000000,73208.4,73450.0,72995.8,73310.5,5088.731
1775854800000,73310.5,73311.5,72978.0,73054.0,1539.913
1775856600000,73054.0,73166.9,72883.7,73156.2,1237.167
1775858400000,73156.2,73213.4,72962.6,72977.1,1967.038
1775860200000,72977.1,72985.7,72669.1,72834.2,2509.885
1775862000000,72834.2,72905.9,72744.1,72855.3,1561.583
1775863800000,72855.4,72925.0,72797.8,72917.4,874.078
1775865600000,72917.4,72917.4,72769.8,72859.9,1174.647
1775867400000,72859.9,72897.3,72730.8,72792.5,681.633
1775869200000,72792.5,72809.2,72615.0,72800.0,1859.895
1775871000000,72799.9,72972.5,72785.6,72920.1,1207.312
1775872800000,72920.1,73000.0,72872.6,72950.0,1085.306
1775874600000,72950.0,73066.2,72880.0,72928.3,1954.175
1775876400000,72928.2,73048.5,72926.6,72952.4,885.61
1775878200000,72952.5,72988.8,72769.4,72835.1,1275.421
1775880000000,72835.1,72921.5,72633.5,72680.0,3652.142
1775881800000,72679.9,72788.5,72679.9,72771.2,908.142
1775883600000,72771.3,72796.7,72631.0,72774.9,1303.936
1775885400000,72775.0,72800.0,72672.2,72680.0,769.224
1775887200000,72680.0,72691.7,72566.4,72654.7,1688.957
1775889000000,72654.8,72738.0,72646.3,72727.5,989.36
1775890800000,72727.5,72790.9,72700.0,72762.2,1300.142
1775892600000,72762.3,72776.7,72630.0,72707.7,1294.44
1775894400000,72707.8,72767.5,72672.7,72700.0,814.001
1775896200000,72700.0,72728.0,72595.0,72625.4,1138.427
1775898000000,72625.4,72868.1,72580.0,72822.7,2086.407
1775899800000,72822.6,72883.0,72712.3,72874.0,1074.977
1775901600000,72874.1,72886.0,72733.3,72829.5,1032.697
1775903400000,72829.5,72831.1,72723.2,72801.2,714.879
1775905200000,72801.3,72844.3,72781.4,72786.8,520.3
1775907000000,72786.8,72874.1,72782.8,72868.2,732.293
1775908800000,72868.2,72906.3,72760.3,72822.2,1114.372
1775910600000,72822.2,72945.0,72809.4,72895.6,1043.161
1775912400000,72895.6,72895.6,72451.9,72577.2,5039.39
1775914200000,72577.1,72678.2,72533.7,72612.2,1223.4
1775916000000,72612.3,72728.5,72568.2,72670.6,1161.026
1775917800000,72670.7,72696.0,72560.4,72660.9,792.281
1775919600000,72660.8,72869.9,72638.8,72715.7,1208.253
1775921400000,72715.8,72834.0,72701.9,72817.3,835.462
1775923200000,72817.3,72899.4,72775.3,72839.6,1003.894
1775925000000,72839.5,73180.0,72820.1,72991.3,4045.049
1775926800000,72991.3,73069.8,72900.1,73038.1,1140.409
1775928600000,73038.1,73140.8,73021.1,73056.2,996.83
1775930400000,73056.2,73213.7,72990.2,73152.7,1464.406
1775932200000,73152.8,73700.0,73150.0,73515.9,8670.459
1775934000000,73515.9,73773.4,73400.4,73584.7,4227.197
1775935800000,73584.8,73772.4,73560.0,73635.9,2086.545
1775937600000,73635.9,73648.8,73361.5,73378.8,1706.491
1775939400000,73378.7,73400.0,73183.5,73252.9,2069.678
1775941200000,73252.8,73400.0,73155.0,73304.4,1370.425
1775943000000,73304.4,73500.0,73267.9,73384.7,1261.922
1775944800000,73384.7,73529.0,73324.9,73414.5,1025.827
1775946600000,73414.5,73422.2,73183.4,73333.3,2076.827
1775948400000,73333.3,73333.4,72861.2,73092.0,3468.71
1775950200000,73092.0,73130.1,72967.4,73013.4,993.333
1775952000000,73013.4,73072.4,72817.4,73039.0,1665.668
1775953800000,73039.0,73077.6,72939.7,73038.8,919.122
1775955600000,73038.7,73094.4,72940.0,72975.9,1190.192
1775957400000,72975.9,72979.4,71259.0,71598.7,24204.153
1775959200000,71598.7,72000.0,71302.0,71737.3,8687.714
1775961000000,71737.3,71894.0,71714.0,71723.7,1865.4
1775962800000,71723.7,71831.8,71575.0,71693.3,2643.12
1775964600000,71693.2,71724.5,71556.3,71563.6,1993.813
1775966400000,71563.6,71656.3,71450.0,71485.6,2268.745
1775968200000,71485.6,71557.2,71407.7,71428.7,1710.845
1775970000000,71428.7,71646.4,71369.7,71636.1,2352.986
1775971800000,71636.2,71750.0,71580.0,71665.1,1979.312
1775973600000,71665.0,71728.0,71622.1,71673.0,1361.777
1775975400000,71672.9,71673.0,71602.0,71618.9,649.99
1775977200000,71618.8,71642.0,71541.4,71589.9,774.003
1775979000000,71589.9,71716.2,71589.9,71628.1,925.931
1775980800000,71628.2,71676.2,71595.2,71661.5,821.328
1775982600000,71661.5,71750.0,71555.0,71592.3,1151.994
1775984400000,71592.4,71596.7,71509.2,71560.1,884.699
1775986200000,71560.1,71600.0,71461.7,71502.4,791.517
1775988000000,71502.3,71655.2,71472.0,71569.0,1039.963
1775989800000,71569.1,71570.0,71309.7,71416.1,1907.088
1775991600000,71416.1,71510.0,71392.0,71488.9,1440.834
1775993400000,71488.9,71495.9,71384.3,71435.0,782.67
1775995200000,71435.0,71435.0,71300.0,71375.8,1899.99
1775997000000,71375.8,71478.0,71000.0,71050.1,6913.363
1775998800000,71050.0,71117.2,70888.4,71010.0,8158.195
1776000600000,71010.0,71060.0,70818.7,70861.5,3473.693
1776002400000,70861.4,71063.8,70829.3,71040.4,2307.587
1776004200000,71040.5,71059.1,70655.6,70714.3,5598.627
1776006000000,70714.3,70826.9,70666.0,70675.3,2072.147
1776007800000,70675.2,70898.0,70566.5,70856.2,4517.86
1776009600000,70856.1,70926.7,70780.0,70885.9,1903.956
1776011400000,70885.9,70906.6,70777.0,70890.9,697.463
1776013200000,70890.8,70968.9,70853.1,70955.0,1273.3
1776015000000,70955.0,71188.0,70889.0,71099.9,2903.712
1776016800000,71100.0,71177.3,71010.0,71047.2,1879.026
1776018600000,71047.2,71160.0,71047.2,71092.6,728.741
1776020400000,71092.5,71199.0,71083.6,71125.0,941.557
1776022200000,71125.1,71130.1,71034.6,71055.2,1190.057
1776024000000,71055.2,71073.6,70920.4,71024.7,1724.255
1776025800000,71024.6,71417.9,71024.6,71302.9,3404.646
1776027600000,71302.8,71423.9,71110.3,71268.8,1599.527
1776029400000,71268.9,71334.4,71172.0,71331.7,965.481
1776031200000,71331.4,71332.4,70522.0,70636.4,9567.058
1776033000000,70636.4,70905.9,70458.2,70875.6,3515.392
1776034800000,70875.5,70882.4,70561.4,70684.4,2052.228
1776036600000,70684.3,70762.6,70533.0,70711.1,1522.264
1776038400000,70711.2,71062.0,70574.0,70935.4,3028.442
1776040200000,70935.4,71225.0,70907.9,71130.0,2298.049
1776042000000,71129.9,71193.6,71020.3,71061.2,2180.074
1776043800000,71061.3,71190.6,70990.7,71156.1,1655.057
1776045600000,71156.0,71235.5,70941.4,71187.7,1820.933
1776047400000,71187.6,71245.0,70960.0,71047.0,1598.528
1776049200000,71047.0,71128.8,70957.4,71000.1,1624.38
1776051000000,71000.0,71024.3,70874.4,70944.8,927.138
1776052800000,70944.8,71014.1,70865.2,71000.0,908.859
1776054600000,70999.9,71114.9,70812.7,70854.3,1309.85
1776056400000,70854.4,70892.4,70735.8,70826.5,1269.782
1776058200000,70826.5,70865.2,70627.9,70847.8,1548.509
1776060000000,70847.7,71050.0,70843.7,70991.3,1675.509
1776061800000,70991.3,71068.0,70964.1,70989.6,842.883
1776063600000,70989.7,71045.1,70640.3,70680.1,2165.701
1776065400000,70680.1,70807.9,70652.8,70780.0,1671.304
1776067200000,70780.1,70833.0,70609.4,70725.1,1386.037
1776069000000,70725.1,70728.1,70517.3,70644.8,2172.452
1776070800000,70644.9,70875.3,70634.9,70751.5,2067.746
1776072600000,70751.5,70790.7,70706.0,70758.4,572.235
1776074400000,70758.3,70814.2,70670.9,70722.4,999.05
1776076200000,70722.2,70800.0,70643.5,70716.0,971.728
1776078000000,70716.0,70865.2,70700.3,70823.1,1404.254
1776079800000,70823.2,70960.3,70763.3,70883.9,1700.136
1776081600000,70883.9,71048.4,70800.1,70821.8,2379.607
1776083400000,70821.7,71188.0,70722.3,71043.0,3318.196
1776085200000,71043.0,71234.5,71037.3,71147.1,3149.549
1776087000000,71147.1,71677.9,70780.0,71623.0,14390.915
1776088800000,71623.0,71737.5,71326.3,71599.9,8365.434
1776090600000,71599.9,72358.5,71551.1,72347.2,12441.216
1776092400000,72347.1,72431.0,71801.0,71904.1,8547.252
1776094200000,71904.2,71904.2,71600.1,71823.6,4858.096
1776096000000,71823.6,72234.7,71629.5,72193.0,5809.456
1776097800000,72193.0,72393.8,72010.0,72157.3,7840.517
1776099600000,72157.4,72397.9,72081.7,72396.8,3702.476
1776101400000,72396.8,72549.2,72015.5,72101.0,7856.937
1776103200000,72100.9,72230.0,72000.0,72123.9,3173.263
1776105000000,72124.0,72424.9,72123.7,72380.0,2604.277
1776106800000,72380.1,72872.8,72248.5,72806.7,7500.373
1776108600000,72806.7,73441.7,72780.0,73272.2,17827.071
1776110400000,73272.1,73349.3,72953.3,73053.1,6530.131
1776112200000,73053.1,73235.7,73013.3,73098.9,2750.915
1776114000000,73098.8,73259.0,73026.7,73079.9,2047.177
1776115800000,73079.9,73329.4,73060.0,73140.0,1596.161
1776117600000,73140.0,74456.0,73130.0,74103.1,19790.244
1776119400000,74103.1,74750.0,74011.0,74599.9,11984.829
1776121200000,74600.0,74870.0,74411.1,74681.5,10241.72
1776123000000,74681.5,74849.0,74367.6,74385.0,6525.071
1776124800000,74384.9,74493.4,74185.8,74229.9,3905.658
1776126600000,74229.9,74424.7,74057.7,74127.9,4312.888
1776128400000,74127.9,74388.1,73946.9,74259.3,3434.37
1776130200000,74259.3,74400.0,74200.0,74345.5,1376.377
1776132000000,74345.5,74583.1,74318.3,74350.1,2384.133
1776133800000,74350.1,74430.0,74236.1,74294.4,1469.131
1776135600000,74294.5,74387.6,74212.8,74253.6,1254.8
1776137400000,74253.5,74461.9,74240.3,74408.8,1513.726
1776139200000,74408.8,74470.0,74339.5,74463.2,1250.784
1776141000000,74463.2,74476.1,74316.9,74355.5,1014.918
1776142800000,74355.5,74401.8,74260.2,74309.0,1247.258
1776144600000,74308.9,74330.0,74112.2,74184.5,1868.229
1776146400000,74184.5,74420.0,74184.5,74349.0,1709.536
1776148200000,74348.9,74519.9,74321.8,74485.0,1602.579
1776150000000,74485.1,74900.0,74395.6,74636.8,5433.466
1776151800000,74636.8,74648.4,74430.2,74513.4,2087.855
1776153600000,74513.3,74601.4,74419.1,74601.3,1739.477
1776155400000,74601.3,74873.5,74570.3,74713.9,3672.019
1776157200000,74714.0,74799.5,74579.0,74638.5,2322.642
1776159000000,74638.6,74664.3,74403.1,74471.9,1899.105
1776160800000,74471.9,74557.6,74419.0,74523.2,1226.689
1776162600000,74523.2,74581.7,74300.0,74309.8,2383.505
1776164400000,74309.8,74418.3,74277.4,74316.3,1268.796
1776166200000,74316.4,74430.0,74267.2,74342.4,1713.179
1776168000000,74342.4,74400.0,74234.0,74255.1,2155.726
1776169800000,74255.2,74459.6,74250.3,74416.7,2429.495
1776171600000,74416.7,74699.9,74366.0,74452.8,3777.397
1776173400000,74452.9,75484.0,74452.8,75471.2,17385.837
1776175200000,75471.1,75830.0,75279.5,75803.5,14679.019
1776177000000,75803.4,76009.0,74964.7,74966.3,17395.434
1776178800000,74966.3,75084.4,74514.1,74760.8,11030.648
1776180600000,74760.9,75396.9,74750.6,75268.1,6244.487
1776182400000,75268.1,75684.9,75136.2,75200.1,6612.188
1776184200000,75200.1,75244.4,74450.0,74597.1,6884.085
1776186000000,74597.2,74902.7,74530.4,74575.3,3771.241
1776187800000,74575.3,74719.9,74200.2,74699.9,5634.481
1776189600000,74699.9,74765.0,74387.8,74469.8,2280.112
1776191400000,74469.8,74519.8,73789.7,74050.0,9543.176
1776193200000,74049.9,74362.8,73833.5,74117.3,4018.067
1776195000000,74117.4,74243.2,73981.5,74176.4,3203.674
1776196800000,74176.5,74387.7,74072.6,74139.7,2161.265
1776198600000,74139.6,74252.1,73960.0,74059.0,1256.232
1776200400000,74058.9,74253.8,74000.0,74079.9,987.961
1776202200000,74079.9,74295.7,73903.8,74230.3,1669.207
1776204000000,74230.3,74339.4,73866.3,73872.0,2291.575
1776205800000,73872.0,74089.1,73766.8,73987.5,2388.175
1776207600000,73987.6,74184.6,73961.3,74071.8,1439.952
1776209400000,74071.8,74200.1,74000.0,74106.9,1930.936
1776211200000,74106.9,74635.0,74085.0,74538.5,5113.807
1776213000000,74538.5,74560.0,74385.5,74520.3,1272.88
1776214800000,74520.3,74739.2,74461.0,74636.0,2117.318
1776216600000,74636.4,74700.0,74450.8,74568.3,1675.918
1776218400000,74568.3,74653.4,74298.2,74311.3,1454.83
1776220200000,74311.4,74321.6,74142.7,74280.0,2349.12
1776222000000,74280.0,74338.9,74123.6,74250.0,1237.67
1776223800000,74250.0,74333.0,74162.0,74296.8,982.261
1776225600000,74296.8,74400.0,74255.1,74273.5,973.492
1776227400000,74273.5,74368.7,74211.3,74290.8,854.995
1776229200000,74290.7,74390.0,73960.1,73975.2,2652.938
1776231000000,73975.3,74010.3,73822.6,73983.2,2947.527
1776232800000,73983.1,74015.7,73874.2,73882.4,1524.202
1776234600000,73882.4,73986.5,73822.0,73851.1,1200.675
1776236400000,73851.0,73987.0,73550.0,73676.0,4367.384
1776238200000,73676.1,73752.9,73449.0,73705.1,4779.769
1776240000000,73705.2,73963.3,73640.1,73959.7,2148.577
1776241800000,73959.7,74154.3,73931.6,74070.4,2761.58
1776243600000,74070.4,74143.5,73886.0,73914.6,1855.697
1776245400000,73914.7,73998.8,73868.0,73968.3,1105.498
1776247200000,73968.3,74142.7,73840.4,73865.4,1881.589
1776249000000,73865.4,74222.7,73750.0,73825.9,3473.159
1776250800000,73825.9,74056.2,73825.9,73920.0,1532.828
1776252600000,73920.0,74227.5,73900.5,74155.1,2700.435
1776254400000,74155.0,74218.5,74001.1,74135.6,2225.444
1776256200000,74135.5,74473.5,74135.5,74228.7,3260.797
1776258000000,74228.8,74397.0,74130.0,74348.9,1923.23
1776259800000,74348.9,74380.0,73769.5,74015.8,5722.672
1776261600000,74015.9,74466.0,73776.5,74388.6,5022.39
1776263400000,74388.5,74431.1,73869.0,74108.8,4281.074
1776265200000,74108.8,74290.0,73925.1,73990.7,3219.897
1776267000000,73990.6,73990.7,73540.0,73797.5,6636.025
1776268800000,73797.5,74145.2,73714.9,74049.6,2848.2
1776270600000,74049.5,74120.3,73776.0,73900.4,2204.661
1776272400000,73900.3,74197.1,73874.5,74076.3,1938.78
1776274200000,74076.3,74153.0,73873.8,74099.1,1796.004
1776276000000,74099.0,74328.0,74028.0,74159.3,2350.897
1776277800000,74159.4,74369.2,74150.0,74349.1,1380.821
1776279600000,74349.1,74673.9,74311.9,74673.9,4030.579
1776281400000,74673.9,75240.0,74670.0,74957.8,8024.621
1776283200000,74957.7,74991.5,74466.5,74721.6,4729.086
1776285000000,74721.7,74871.5,74586.8,74796.8,1973.74
1776286800000,74796.7,74816.0,74547.8,74595.0,1211.919
1776288600000,74595.1,74788.0,74498.6,74703.0,1323.905
1776290400000,74703.1,75148.2,74696.0,74945.6,2823.182
1776292200000,74945.7,75425.6,74867.6,74931.3,5027.276
1776294000000,74931.3,74932.1,74609.8,74703.1,2705.701
1776295800000,74703.2,74818.7,74579.0,74776.2,1404.721
1776297600000,74776.3,74796.0,74400.0,74564.7,2235.027
1776299400000,74564.8,74839.0,74564.8,74772.0,2054.931
1776301200000,74772.1,74772.1,74415.0,74569.9,1539.832
1776303000000,74569.9,74676.3,74520.0,74612.8,887.708
1776304800000,74612.8,74888.0,74556.7,74855.9,1402.613
1776306600000,74855.8,75232.7,74763.7,74840.8,4522.797
1776308400000,74840.7,75123.5,74830.0,75000.0,1775.973
1776310200000,75000.0,75012.5,74825.1,74851.9,1232.369
1776312000000,74851.9,74974.0,74800.0,74886.4,1159.15
1776313800000,74886.3,75130.0,74675.4,74899.9,6525.923
1776315600000,74900.0,75075.0,74852.4,75027.8,1440.366
1776317400000,75027.8,75100.0,74966.3,75006.1,1331.877
1776319200000,75006.0,75079.1,74961.0,74979.1,988.466
1776321000000,74979.1,74999.9,74801.8,74985.9,1808.608
1776322800000,74985.9,75039.0,74808.9,74863.0,982.104
1776324600000,74863.0,74869.4,74590.3,74667.7,2808.78
1776326400000,74667.7,74711.8,74466.9,74647.7,3436.073
1776328200000,74647.8,74706.9,74514.1,74634.3,1368.055
1776330000000,74634.2,74866.9,74592.5,74784.0,1943.038
1776331800000,74784.1,74799.0,74550.0,74558.7,1507.589
1776333600000,74558.6,74621.1,74257.6,74415.4,4482.929
1776335400000,74415.4,74482.8,74226.2,74267.8,2595.974
1776337200000,74267.7,74354.2,74234.9,74333.8,1854.574
1776339000000,74333.7,74537.3,74302.8,74528.4,3389.438
1776340800000,74528.4,74836.6,74524.7,74672.9,4113.107
1776342600000,74672.9,74708.6,74542.7,74577.7,1598.931
1776344400000,74577.8,74981.1,74545.4,74933.5,2879.604
1776346200000,74933.6,74977.9,73256.8,73755.9,18502.404
1776348000000,73756.0,73956.0,73388.0,73745.0,10692.334
1776349800000,73744.9,74155.7,73731.2,73937.0,5788.738
1776351600000,73936.8,74424.6,73900.0,74151.3,5552.49
1776353400000,74151.3,74880.0,74130.4,74659.5,7588.202
1776355200000,74659.5,74901.6,74515.2,74531.8,4327.205
1776357000000,74531.9,74600.0,74007.6,74140.6,5203.021
1776358800000,74140.6,74243.9,73873.5,74181.1,3976.694
1776360600000,74181.0,74410.7,74056.4,74301.6,2715.213
1776362400000,74301.6,74498.3,74202.0,74371.9,2403.552
1776364200000,74371.9,75073.0,74322.5,75000.0,5449.568
1776366000000,75000.1,75071.9,74711.0,74976.9,3327.317
1776367800000,74977.0,75378.1,74930.3,75309.4,5509.794
1776369600000,75309.5,75500.0,75066.0,75159.8,4141.167
1776371400000,75159.9,75219.8,74964.6,75188.9,2115.371
1776373200000,75189.0,75245.7,74736.5,74890.2,2736.245
1776375000000,74890.2,74978.6,74806.8,74902.2,1248.59
1776376800000,74902.3,75090.8,74787.7,74889.1,1791.485
1776378600000,74889.0,74954.8,74790.2,74833.9,820.914
1776380400000,74833.9,75097.2,74800.0,74987.9,1186.935
1776382200000,74987.9,75149.1,74969.4,75106.8,1454.65
1776384000000,75106.8,75118.4,74848.4,74964.8,1762.914
1776385800000,74964.9,75075.0,74874.7,74900.2,1195.2
1776387600000,74900.2,74998.2,74578.7,74719.9,2617.175
1776389400000,74720.0,74810.5,74532.9,74707.6,2033.128
1776391200000,74707.7,74770.0,74560.2,74560.8,1075.428
1776393000000,74560.3,74709.8,74480.0,74670.6,1263.312
1776394800000,74670.5,74736.9,74558.9,74702.6,1784.592
1776396600000,74702.7,74814.1,74574.2,74582.8,1375.701
1776398400000,74582.8,74764.1,74550.0,74717.4,898.327
1776400200000,74717.4,74818.1,74704.7,74748.4,947.921
1776402000000,74748.3,74770.5,74508.2,74629.7,1725.121
1776403800000,74629.6,74696.8,74576.3,74604.8,652.92
1776405600000,74604.8,74780.1,74559.7,74773.0,1471.017
1776407400000,74773.0,74904.2,74724.0,74895.1,1619.849
1776409200000,74895.2,75060.4,74892.7,74944.9,2143.304
1776411000000,74944.9,75047.4,74897.5,75047.4,2233.406
1776412800000,75047.4,75136.0,74951.6,75069.2,2720.58
1776414600000,75069.2,75869.0,75054.3,75749.8,11576.32
1776416400000,75749.8,76350.0,75581.2,76249.6,11170.27
1776418200000,76249.6,76295.2,75463.2,75746.0,10065.421
1776420000000,75746.1,75853.7,75100.0,75186.6,6897.168
1776421800000,75186.7,75321.4,75030.2,75229.7,6764.881
1776423600000,75229.6,75437.0,75195.7,75415.1,1923.123
1776425400000,75415.1,75564.7,75317.5,75542.2,2356.49
1776427200000,75542.1,75947.8,75481.8,75727.7,4202.82
1776429000000,75727.8,76235.4,75601.3,76195.6,8922.611
1776430800000,76195.7,76968.4,76006.7,76536.9,22260.709
1776432600000,76537.0,77376.3,76023.0,77294.3,27301.646
1776434400000,77294.2,77696.1,76951.1,77400.0,16375.239
1776436200000,77400.0,77999.9,77399.8,77825.1,15054.677
1776438000000,77825.1,77940.0,77520.1,77694.4,7543.219
1776439800000,77694.4,77841.8,77389.0,77736.2,6173.71
1776441600000,77736.2,78300.0,77660.0,78105.1,11004.028
1776443400000,78105.1,78230.0,77728.8,77805.1,4580.439
1776445200000,77805.1,77870.0,77042.0,77189.9,8543.74
1776447000000,77189.9,77618.6,77189.9,77465.3,3819.726
1776448800000,77465.3,77521.3,77028.4,77149.5,4271.851
1776450600000,77149.5,77344.8,77040.0,77112.1,2226.343
1776452400000,77112.0,77348.9,76921.9,77227.0,3329.392
1776454200000,77227.1,77429.8,77159.2,77348.8,2776.839
1776456000000,77349.2,77566.0,77298.8,77323.8,2173.062
1776457800000,77323.8,77349.4,77111.0,77283.7,1581.277
1776459600000,77283.7,77458.1,77228.6,77398.2,1103.863
1776461400000,77398.2,77459.0,77236.6,77400.1,890.512
1776463200000,77400.0,77477.1,77249.3,77350.0,1503.308
1776465000000,77350.1,77440.7,77222.1,77261.8,1174.682
1776466800000,77261.9,77267.0,76854.2,77012.8,2987.576
1776468600000,77012.8,77123.0,76935.3,77030.6,1321.078
1776470400000,77030.6,77190.0,76993.3,77178.3,1344.56
1776472200000,77178.4,77216.2,76931.0,77135.1,1508.91
1776474000000,77135.2,77287.9,77072.7,77245.4,1283.767
1776475800000,77245.4,77274.6,77090.0,77175.9,1132.941
1776477600000,77175.9,77380.0,77085.6,77277.1,1266.311
1776479400000,77277.2,77370.7,77218.0,77249.5,855.452
1776481200000,77249.6,77254.3,77118.7,77139.3,620.617
1776483000000,77139.2,77165.6,76903.2,76964.3,1874.476
1776484800000,76964.4,77054.5,76888.0,76943.3,1268.108
1776486600000,76943.3,77131.8,76824.1,77065.9,2264.143
1776488400000,77065.8,77233.6,77063.5,77108.1,1393.29
1776490200000,77108.0,77150.0,77063.7,77085.0,769.421
1776492000000,77085.1,77177.0,77008.0,77041.6,1203.94
1776493800000,77041.7,77118.7,77035.2,77078.7,480.328
1776495600000,77078.7,77086.5,77000.0,77049.4,669.496
1776497400000,77049.3,77054.6,76826.8,76951.0,2646.283
1776499200000,76951.0,77004.2,76584.7,76644.7,6850.217
1776501000000,76644.7,76755.4,76460.0,76695.1,4103.631
1776502800000,76695.1,76695.1,76357.1,76538.9,4605.332
1776504600000,76538.8,76663.2,76487.8,76557.1,1975.175
1776506400000,76557.1,76557.2,76166.0,76287.4,7039.556
1776508200000,76287.4,76287.4,76091.8,76150.0,2555.604
1776510000000,76150.0,76150.0,75870.0,76034.5,5132.383
1776511800000,76034.5,76135.8,75710.6,76002.0,5429.124
1776513600000,76002.0,76277.4,76000.0,76100.1,3448.436
1776515400000,76100.1,76243.0,76000.0,76168.0,1980.76
1776517200000,76168.0,76176.0,76012.3,76046.1,1140.039
1776519000000,76046.1,76145.7,75738.0,76080.5,3954.463
1776520800000,76080.5,76150.0,75924.4,76101.1,1458.082
1776522600000,76101.0,76268.2,76101.0,76211.2,2238.209
1776524400000,76211.2,76342.7,76085.4,76164.9,1936.908
1776526200000,76164.9,76195.4,75931.9,76124.8,1275.427
1776528000000,76124.8,76176.6,75584.1,76041.2,6905.646
1776529800000,76041.2,76088.6,75807.1,75897.9,1675.581
1776531600000,75897.9,75930.5,75724.8,75809.3,2231.825
1776533400000,75809.3,75843.3,75783.8,75783.9,1208.205
1776535200000,75783.9,75805.1,75550.0,75618.3,3506.398
1776537000000,75618.3,75697.4,75395.9,75603.7,5160.221
1776538800000,75603.7,75761.1,75569.9,75647.6,1564.062
1776540600000,75647.5,75655.8,75532.3,75604.2,757.408
1776542400000,75604.2,75743.6,75558.6,75667.8,1100.751
1776544200000,75667.7,75799.9,75659.9,75706.1,881.375
1776546000000,75706.1,75795.0,75551.0,75700.1,986.349
1776547800000,75700.1,75773.6,75622.2,75766.5,456.983
1776549600000,75766.4,75766.4,75560.0,75669.5,821.506
1776551400000,75669.5,75836.9,75669.5,75765.5,1406.883
1776553200000,75765.5,75843.3,75757.0,75770.0,820.419
1776555000000,75770.1,75770.1,75653.4,75653.8,705.39
1776556800000,75653.8,75804.0,75519.7,75570.0,1732.02
1776558600000,75570.0,75648.9,75506.1,75627.3,897.104
1776560400000,75627.4,75757.7,75500.0,75500.1,1111.647
1776562200000,75500.0,75605.9,75408.5,75577.4,1579.984
1776564000000,75577.4,75650.0,75353.0,75449.8,1644.995
1776565800000,75449.8,75692.3,75400.6,75450.1,1242.507
1776567600000,75450.0,75523.1,75314.0,75485.7,1830.446
1776569400000,75485.7,75607.9,75444.2,75473.0,823.81
1776571200000,75472.9,75747.3,75471.5,75640.6,1685.983
1776573000000,75640.6,75675.6,75371.6,75623.7,1830.29
1776574800000,75623.7,75650.0,75466.3,75509.5,1921.417
1776576600000,75509.5,75629.7,75490.0,75505.1,681.46
1776578400000,75505.1,75505.1,75234.2,75364.5,2698.196
1776580200000,75364.5,75445.9,75315.1,75359.7,644.128
1776582000000,75359.6,75363.2,74824.3,74930.3,5793.221
1776583800000,74930.5,75250.0,74930.4,75205.6,2876.346
1776585600000,75205.7,75250.0,75090.0,75090.3,1323.368
1776587400000,75090.3,75230.7,75024.3,75220.0,1332.507
1776589200000,75220.1,75232.1,74901.2,75048.0,1717.002
1776591000000,75048.0,75126.1,74863.6,74974.6,1352.232
1776592800000,74974.6,75081.2,74888.0,75044.6,1610.658
1776594600000,75044.5,75199.0,75007.6,75175.5,1165.389
1776596400000,75175.5,75513.6,75170.0,75331.5,3868.212
1776598200000,75331.5,75589.2,75329.4,75557.4,1995.101
1776600000000,75557.5,75665.7,75452.2,75474.6,3431.294
1776601800000,75474.7,75642.4,75386.4,75529.3,1700.241
1776603600000,75529.2,76200.0,75505.1,75999.0,8816.864
1776605400000,75999.0,76066.0,75808.0,75877.9,2754.872
1776607200000,75878.0,75987.0,75625.9,75916.8,3731.263
1776609000000,75916.8,76100.0,75740.8,75971.3,2235.364
1776610800000,75971.4,76116.8,75821.6,75917.3,1764.555
1776612600000,75917.4,75943.6,75342.3,75807.6,4535.158
1776614400000,75807.7,75817.7,75505.0,75526.2,1890.801
1776616200000,75526.1,75666.0,75255.7,75345.6,2822.395
1776618000000,75345.5,75348.4,74938.9,75228.6,6141.996
1776619800000,75228.6,75323.5,74560.0,74742.4,6169.535
1776621600000,74742.3,74876.9,74550.0,74772.2,3610.683
1776623400000,74772.1,74781.2,74568.7,74736.2,1737.858
1776625200000,74736.2,74988.0,74736.2,74908.9,1738.147
1776627000000,74908.9,75043.1,74852.0,74917.9,1121.161
1776628800000,74918.0,74920.2,74599.0,74720.8,2052.235
1776630600000,74720.7,74831.8,74375.0,74591.6,3577.939
1776632400000,74591.7,74736.3,74526.9,74707.5,1103.642
1776634200000,74707.5,74776.3,74304.5,74379.5,2633.883
1776636000000,74379.4,74379.5,73700.2,73912.1,14095.548
1776637800000,73912.0,74166.0,73884.1,74005.0,2574.423
1776639600000,74005.0,74018.6,73750.0,73847.9,3093.713
1776641400000,73847.9,73948.7,73746.4,73758.4,2286.618
1776643200000,73758.4,74239.9,73669.0,74186.4,6988.932
1776645000000,74186.5,74322.9,74100.0,74228.1,2082.631
1776646800000,74228.1,74328.0,74167.6,74253.2,1646.61
1776648600000,74253.2,74697.6,74253.2,74549.4,3828.161
1776650400000,74549.5,74588.3,74254.9,74404.2,1675.923
1776652200000,74404.1,74480.0,74359.9,74364.5,1233.615
1776654000000,74364.5,74556.3,74309.8,74465.0,2101.154
1776655800000,74465.0,74600.0,74411.9,74593.9,1676.968
1776657600000,74593.9,74598.1,74397.9,74467.8,1173.544
1776659400000,74467.7,74573.4,74389.1,74523.7,816.746
1776661200000,74523.7,74523.7,74088.0,74100.1,2438.491
1776663000000,74100.0,74267.6,74061.2,74226.5,1410.692
1776664800000,74226.5,74413.6,74206.7,74300.1,1473.086
1776666600000,74300.1,74860.0,74300.1,74751.1,4026.99
1776668400000,74751.2,75539.3,74650.0,75175.9,8862.124
1776670200000,75175.9,75209.7,74618.0,74795.5,5243.215
1776672000000,74795.5,74970.5,74614.6,74783.4,3027.573
1776673800000,74783.3,74900.1,74563.2,74691.7,2438.997
1776675600000,74691.7,75120.0,74660.8,74989.0,3128.265
1776677400000,74989.0,75200.0,74934.2,75028.8,1903.371
1776679200000,75028.9,75375.1,75028.9,75265.9,2656.716
1776681000000,75266.0,75266.0,74964.8,74993.2,1667.302
1776682800000,74993.3,75237.9,74907.1,75123.2,1840.941
1776684600000,75123.1,75243.0,75032.3,75148.7,1357.023
1776686400000,75148.8,75633.0,75031.9,75368.9,4327.338
1776688200000,75369.0,75420.1,74939.1,75245.0,3294.483
1776690000000,75245.1,75320.8,74951.6,75155.0,3364.523
1776691800000,75155.0,75392.0,74811.7,75232.8,5754.129
1776693600000,75232.7,75734.0,74990.0,75531.4,5708.766
1776695400000,75531.5,75648.4,74873.1,75000.1,6669.018
1776697200000,75000.1,75750.0,74639.5,75708.0,9200.599
1776699000000,75708.0,75708.1,75468.9,75668.1,4191.164
1776700800000,75668.1,75676.3,75280.8,75318.7,3362.599
1776702600000,75318.8,75533.9,75250.0,75300.0,1865.929
1776704400000,75300.0,75839.0,75242.5,75668.6,4353.791
1776706200000,75668.6,75975.4,75553.0,75853.7,3898.997
1776708000000,75853.7,76282.5,75853.7,76065.4,8277.162
1776709800000,76065.5,76439.0,75942.4,76388.8,5784.181
1776711600000,76389.3,76449.8,76130.0,76159.0,5826.497
1776713400000,76159.0,76285.7,76105.6,76252.5,5323.68
1776715200000,76252.5,76531.0,76072.9,76273.6,3666.756
1776717000000,76273.7,76283.6,76161.8,76229.9,5223.394
1776718800000,76230.0,76323.9,75798.4,75887.1,4349.639
1776720600000,75887.1,75927.8,75721.7,75909.5,1075.631
1776722400000,75909.4,76105.4,75851.1,75882.2,1405.341
1776724200000,75882.1,76037.3,75853.5,75927.7,752.379
1776726000000,75927.7,75927.7,75556.2,75618.9,2699.761
1776727800000,75618.9,75843.1,75584.7,75790.1,1074.84
1776729600000,75790.1,75886.1,75650.0,75858.2,1645.002
1776731400000,75858.3,76054.0,75808.2,76050.0,2004.86
1776733200000,76049.9,76232.3,75939.2,76082.0,2042.198
1776735000000,76081.9,76190.4,75798.6,75887.0,1176.424
1776736800000,75887.1,75889.9,75635.0,75677.6,2265.934
1776738600000,75677.7,75764.4,75532.0,75540.0,1654.978
1776740400000,75540.0,75623.9,75433.1,75589.7,1765.344
1776742200000,75589.6,75680.0,75447.7,75669.1,1283.656
1776744000000,75669.1,75737.1,75558.8,75593.5,1467.321
1776745800000,75593.5,75790.3,75581.8,75768.3,1168.733
1776747600000,75768.2,75947.1,75758.1,75859.6,2213.997
1776749400000,75859.6,75859.6,75732.3,75760.8,820.913
1776751200000,75760.7,75772.9,75658.3,75714.8,1043.248
1776753000000,75714.8,76088.0,75714.8,75930.5,2209.766
1776754800000,75930.4,76276.4,75770.0,76139.4,2523.356
1776756600000,76139.3,76276.6,75981.0,76050.0,2825.186
1776758400000,76050.0,76341.0,76025.0,76302.6,2074.865
1776760200000,76302.6,76999.0,76203.7,76462.4,7613.808
1776762000000,76462.4,76565.2,76138.9,76204.1,3526.36
1776763800000,76204.1,76349.9,76103.3,76324.2,2478.916
1776765600000,76324.2,76533.0,76306.3,76468.9,1717.949
1776767400000,76468.9,76844.5,76421.4,76702.1,3984.803
1776769200000,76702.2,76716.7,76281.1,76629.0,4675.655
1776771000000,76629.0,76650.0,76360.2,76408.3,1748.755
1776772800000,76408.3,76455.4,76200.0,76335.2,2982.284
1776774600000,76335.1,76491.1,75631.2,75972.8,10367.504
1776776400000,75972.9,76095.9,75854.4,75986.9,2173.992
1776778200000,75986.9,76144.0,75688.0,75859.9,5218.46
1776780000000,75860.0,76305.9,75650.0,76075.1,7438.184
1776781800000,76075.2,76574.3,75571.7,75628.9,10346.39
1776783600000,75628.9,75950.2,75355.2,75653.6,7076.48
1776785400000,75653.7,75800.0,75485.0,75799.9,2673.866
1776787200000,75800.0,75970.0,75779.8,75828.8,2954.022
1776789000000,75828.8,76155.0,75705.4,75739.2,2862.367
1776790800000,75739.3,75788.2,75017.8,75291.2,7914.701
1776792600000,75291.3,75875.1,75236.9,75516.0,6561.712
1776794400000,75515.9,75639.6,75330.6,75431.2,2909.068
1776796200000,75431.3,75609.2,75273.0,75563.1,2012.238
1776798000000,75563.1,75900.0,75500.0,75741.0,3472.503
1776799800000,75741.0,75750.0,74777.9,74988.6,9882.061
1776801600000,74988.7,75751.3,74942.2,75610.7,8233.712
1776803400000,75610.7,75824.8,75534.6,75649.4,1954.19
1776805200000,75649.3,75732.5,75496.1,75537.5,1177.929
1776807000000,75537.5,75599.9,75402.9,75506.4,767.148
1776808800000,75506.4,75558.6,75250.0,75329.6,1955.821
1776810600000,75329.5,75608.6,75257.8,75598.6,900.24
1776812400000,75598.6,75830.0,75570.3,75741.7,1495.774
1776814200000,75741.7,76396.2,75735.4,76288.2,5498.314
1776816000000,76288.3,76471.2,76209.8,76230.7,3138.119
1776817800000,76230.7,76360.3,76170.0,76327.1,2258.306
1776819600000,76327.1,76380.0,76078.6,76123.2,2084.098
1776821400000,76123.2,76316.4,76095.1,76267.3,920.765
1776823200000,76267.4,77234.6,76183.7,77195.8,12203.96
1776825000000,77195.8,77613.0,77033.5,77568.1,8784.309
1776826800000,77568.0,77699.0,77376.4,77488.5,6968.629
1776828600000,77488.4,77596.8,77366.0,77488.3,2703.538
1776830400000,77488.4,77590.2,77321.7,77470.0,2265.76
1776832200000,77469.9,77670.8,77405.1,77475.5,2230.361
1776834000000,77475.4,78447.5,77406.0,78226.3,17854.43
1776835800000,78226.3,78335.7,77928.6,77954.4,9115.313
1776837600000,77954.4,78008.8,77873.4,77939.9,2885.993
1776839400000,77939.9,77990.1,77860.0,77971.6,1633.231
1776841200000,77971.5,78098.0,77774.3,77855.1,2983.838
1776843000000,77855.1,78080.0,77805.6,77979.8,2258.959
1776844800000,77979.7,78186.0,77930.0,77931.7,3385.167
1776846600000,77931.7,78037.9,77895.3,77970.0,1801.942
1776848400000,77970.0,78127.4,77912.1,78119.2,1390.143
1776850200000,78119.3,78152.8,77935.1,77959.9,1611.487
1776852000000,77959.9,78037.7,77908.6,78027.4,1203.062
1776853800000,78027.4,78151.0,78025.3,78117.8,1469.631
1776855600000,78117.8,78280.0,78054.5,78280.0,2699.417
1776857400000,78280.0,78365.8,78122.9,78263.2,2120.839
1776859200000,78263.2,78490.8,78105.8,78142.7,4227.403
1776861000000,78142.8,78298.3,78060.0,78196.6,2182.765
1776862800000,78196.6,78462.2,78120.1,78426.8,3268.604
1776864600000,78426.9,78799.0,78232.9,78794.5,9618.02
1776866400000,78794.4,79142.8,78639.3,78958.3,11842.843
1776868200000,78958.4,79056.0,78511.1,78996.8,8341.992
1776870000000,78996.7,79100.0,78800.3,79028.4,5939.565
1776871800000,79028.4,79370.0,78966.0,79234.3,7590.309
1776873600000,79234.3,79444.0,78838.8,78888.3,6297.638
1776875400000,78888.2,78993.6,78586.7,78705.1,5070.834
1776877200000,78705.1,78998.6,78660.0,78797.7,3228.212
1776879000000,78797.8,78961.2,78666.0,78869.8,2227.999
1776880800000,78869.8,78959.9,78783.7,78863.1,1291.508
1776882600000,78863.1,79129.8,78811.1,78989.5,2062.411
1776884400000,78989.5,79020.0,78654.6,78979.9,4339.241
1776886200000,78979.9,79009.4,78716.4,78791.3,2576.284
1776888000000,78791.3,78868.9,78419.7,78547.4,3573.1
1776889800000,78547.4,78570.0,78360.0,78395.8,2313.007
1776891600000,78395.8,78567.7,78361.4,78535.5,984.395
1776893400000,78535.4,78788.3,78535.4,78713.8,1447.901
1776895200000,78713.9,78784.0,78479.2,78488.7,1443.727
1776897000000,78488.7,78580.0,78403.2,78552.1,1111.943
1776898800000,78552.1,78559.2,78140.1,78294.8,2419.301
1776900600000,78294.8,78295.1,78111.6,78139.8,1716.797
1776902400000,78139.7,78459.9,77526.8,78406.4,10402.783
1776904200000,78406.3,78534.9,78221.5,78389.9,2481.963
1776906000000,78390.0,78445.2,78015.0,78047.2,2198.305
1776907800000,78047.1,78398.8,78026.7,78311.0,1785.431
1776909600000,78310.9,78320.0,77939.7,77993.6,2081.262
1776911400000,77993.7,78079.1,77715.0,77897.6,3068.281
1776913200000,77897.6,77991.7,77588.2,77649.9,2968.395
1776915000000,77649.9,77723.1,77410.7,77704.3,4060.187
1776916800000,77704.3,77902.6,77627.4,77757.6,2603.792
1776918600000,77757.6,77912.0,77757.6,77871.6,1425.161
1776920400000,77871.5,78000.0,77838.4,77854.9,2233.582
1776922200000,77854.9,78093.2,77724.4,77991.9,2232.787
1776924000000,77992.0,78310.1,77992.0,78238.1,3896.228
1776925800000,78238.1,78300.0,78052.5,78167.0,1729.695
1776927600000,78167.0,78210.9,78068.8,78112.9,1496.308
1776929400000,78113.0,78135.9,77925.9,78009.1,1954.17
1776931200000,78009.1,78142.2,77866.3,77941.8,1880.516
1776933000000,77941.9,77947.4,77680.0,77822.1,3705.336
1776934800000,77822.1,77830.0,77400.2,77590.6,5456.531
1776936600000,77590.7,77729.7,77500.0,77613.0,1957.319
1776938400000,77613.0,77678.3,76504.6,77345.5,14654.679
1776940200000,77345.5,77437.9,77238.4,77362.9,2363.016
1776942000000,77363.0,77460.0,77321.6,77425.3,2001.341
1776943800000,77425.4,77709.1,77341.8,77649.9,3444.662
1776945600000,77650.0,77837.6,77555.5,77726.0,3921.033
1776947400000,77726.0,77829.0,77460.4,77826.8,4305.792
1776949200000,77826.8,77875.7,77525.0,77546.8,2461.495
1776951000000,77546.8,77649.9,77322.8,77486.7,3393.105
1776952800000,77486.6,77920.0,77378.4,77690.5,4276.944
1776954600000,77690.4,78176.0,77690.4,78132.8,5202.051
1776956400000,78132.8,78648.0,77929.0,78343.4,7608.086
1776958200000,78343.3,78559.8,78202.9,78329.2,4326.139
1776960000000,78329.3,78466.8,78182.0,78244.2,2494.986
1776961800000,78244.1,78410.7,77965.8,78049.0,2980.767
1776963600000,78049.1,78137.8,77492.9,77542.7,7985.256
1776965400000,77542.8,77770.9,76900.1,77715.2,13728.09
1776967200000,77715.1,78100.0,77683.7,77860.0,6435.181
1776969000000,77860.0,78079.0,77617.8,77631.7,3905.728
1776970800000,77631.5,77859.9,77543.4,77812.5,2938.314
1776972600000,77812.5,77855.9,77557.5,77670.5,2727.029
1776974400000,77670.4,77871.5,77598.4,77697.2,1870.293
1776976200000,77697.2,78020.0,77674.4,77841.3,2014.684
1776978000000,77841.3,77875.0,77743.3,77874.9,705.95
1776979800000,77874.9,78044.2,77815.4,77819.6,1171.473
1776981600000,77819.5,78261.5,77819.5,78129.3,2559.943
1776983400000,78129.2,78299.0,78129.2,78194.2,1069.318
1776985200000,78194.1,78194.1,77983.5,78097.8,1344.716
1776987000000,78097.9,78266.0,78091.2,78216.8,976.909
1776988800000,78217.4,78432.0,78120.0,78365.0,1715.839
1776990600000,78365.0,78459.1,78274.4,78376.7,1232.624
1776992400000,78376.7,78380.0,77951.1,77987.8,3264.847
1776994200000,77987.9,78399.0,77901.0,78369.9,2561.38
1776996000000,78369.8,78546.0,78192.3,78215.7,3279.252
1776997800000,78215.7,78395.3,77986.0,78074.0,2657.195
1776999600000,78074.0,78134.0,77591.4,77697.0,4666.918
1777001400000,77697.0,77700.0,77500.0,77690.1,4031.578
1777003200000,77690.1,77814.7,77555.0,77560.0,1861.357
1777005000000,77560.1,77714.9,77413.0,77620.5,2076.445
1777006800000,77620.5,77650.0,77401.5,77598.5,1836.842
1777008600000,77598.5,78019.2,77598.5,77911.0,4855.917
1777010400000,77911.1,77945.0,77761.6,77793.2,1377.362
1777012200000,77793.2,77875.9,77704.0,77741.9,1194.748
1777014000000,77742.0,77814.0,77601.0,77680.7,1245.638
1777015800000,77680.7,77704.1,77500.0,77620.5,2807.105
1777017600000,77620.5,77987.2,77530.1,77819.9,3092.998
1777019400000,77819.9,77850.1,77688.4,77744.6,1449.121
1777021200000,77744.6,77773.9,77355.8,77458.0,3913.461
1777023000000,77457.9,77551.0,77373.4,77497.2,1595.38
1777024800000,77497.2,77718.0,77410.0,77642.5,1555.181
1777026600000,77642.4,77765.5,77572.5,77715.2,1464.364
1777028400000,77715.2,78298.8,77715.1,78293.0,8969.871
1777030200000,78293.1,78346.1,78125.5,78194.8,3254.513
1777032000000,78194.9,78309.2,78137.5,78231.4,2069.173
1777033800000,78231.5,78245.2,77963.6,78233.0,2899.017
1777035600000,78233.0,78432.9,78100.0,78126.8,3474.075
1777037400000,78126.7,78255.2,77870.0,78050.1,5003.242
1777039200000,78050.0,78060.5,77639.5,77663.3,5125.968
1777041000000,77663.4,78027.8,77639.0,77986.4,3769.203
1777042800000,77986.3,77994.5,77521.0,77781.6,4260.898
1777044600000,77781.5,78199.0,77673.2,78007.3,4788.309
1777046400000,78007.3,78031.9,77600.0,77683.4,3402.89
1777048200000,77683.3,77875.3,77543.4,77732.7,2650.457
1777050000000,77732.6,77734.1,77550.0,77637.9,2668.402
1777051800000,77637.9,77792.9,77414.4,77644.6,4430.161
1777053600000,77644.5,77681.6,77308.0,77461.7,2816.501
1777055400000,77461.6,77601.3,77444.1,77579.2,1493.863
1777057200000,77579.2,77711.0,77485.1,77533.4,1317.109
1777059000000,77533.4,77615.8,77503.6,77596.1,1300.151
1777060800000,77596.0,77619.8,77412.8,77492.8,1744.346
1777062600000,77492.8,77727.0,77492.7,77688.2,1312.676
1777064400000,77688.2,77718.5,77530.7,77582.9,1201.12
1777066200000,77582.8,77595.2,77490.0,77490.1,659.763
1777068000000,77490.0,77579.9,77465.0,77500.0,841.06
1777069800000,77500.1,77500.1,77206.8,77294.5,2606.71
1777071600000,77294.6,77386.2,77288.9,77368.1,1049.504
1777073400000,77368.1,77439.1,77349.0,77395.4,938.471
1777075200000,77395.3,77459.7,77254.7,77271.9,1277.64
1777077000000,77271.8,77420.0,77266.5,77419.9,601.166
1777078800000,77420.0,77502.0,77392.7,77441.9,965.139
1777080600000,77441.9,77579.3,77441.8,77490.0,1026.158
1777082400000,77490.0,77606.7,77450.0,77589.7,856.029
1777084200000,77589.8,77608.2,77549.2,77567.6,459.058
1777086000000,77567.6,77666.8,77500.0,77511.6,718.74
1777087800000,77511.7,77678.0,77511.6,77629.0,755.511
1777089600000,77629.0,77653.2,77580.8,77596.5,520.434
1777091400000,77596.6,77600.0,77545.0,77579.5,429.082
1777093200000,77579.5,77579.5,77438.1,77448.6,901.88
1777095000000,77448.7,77511.8,77442.6,77475.8,409.73
1777096800000,77475.8,77523.2,77437.0,77440.0,553.096
1777098600000,77440.0,77547.0,77439.9,77458.8,640.763
1777100400000,77458.9,77500.9,77400.0,77500.1,889.729
1777102200000,77500.2,77533.2,77448.1,77449.9,902.173
1777104000000,77449.9,77541.7,77444.0,77526.1,565.883
1777105800000,77526.0,77615.6,77526.0,77603.3,884.43
1777107600000,77603.4,77626.2,77536.2,77538.0,486.345
1777109400000,77538.0,77736.8,77538.0,77672.5,1391.653
1777111200000,77672.6,77800.0,77672.5,77776.5,1341.501
1777113000000,77776.5,77847.0,77722.7,77749.3,1448.296
1777114800000,77749.3,77749.3,77585.0,77626.3,1476.786
1777116600000,77626.3,77651.3,77564.0,77638.7,971.596
1777118400000,77638.7,77673.0,77555.9,77561.6,743.802
1777120200000,77561.5,77572.5,77500.1,77518.3,1159.897
1777122000000,77518.3,77615.8,77518.3,77577.6,523.431
1777123800000,77577.6,77676.5,77560.0,77650.1,980.942
1777125600000,77650.1,77719.1,77589.8,77686.6,1192.035
1777127400000,77686.7,77713.4,77603.8,77618.2,700.976
1777129200000,77618.3,77686.8,77600.8,77665.8,449.696
1777131000000,77665.9,77691.1,77263.0,77289.3,3999.715
1777132800000,77289.3,77411.8,77251.2,77355.3,2816.179
1777134600000,77355.3,77385.0,77100.0,77364.0,2533.097
1777136400000,77364.0,77379.7,77256.1,77284.1,865.446
1777138200000,77284.1,77301.7,77162.0,77213.4,897.656
1777140000000,77213.3,77293.9,77174.2,77285.2,848.316
1777141800000,77285.1,77353.6,77246.9,77256.8,1147.438
1777143600000,77256.8,77312.6,77208.0,77218.4,606.988
1777145400000,77218.3,77301.6,77153.0,77285.6,886.54
1777147200000,77285.7,77402.0,77267.3,77389.4,1006.846
1777149000000,77389.4,77450.0,77359.9,77439.1,476.281
1777150800000,77439.0,77500.0,77426.2,77483.2,922.482
1777152600000,77483.1,77493.0,77367.0,77492.9,558.34
1777154400000,77492.9,77541.1,77455.4,77518.2,664.191
1777156200000,77518.2,77599.9,77488.3,77513.2,709.25
1777158000000,77513.3,77575.1,77480.9,77551.4,545.915
1777159800000,77551.3,77615.7,77533.5,77585.0,884.209
1777161600000,77585.0,77607.7,77425.9,77432.0,1358.841
1777163400000,77432.1,77557.6,77401.8,77457.4,814.434
1777165200000,77457.4,77531.6,77440.0,77459.8,911.425
1777167000000,77459.9,77523.5,77395.2,77417.4,497.704
1777168800000,77417.3,77553.9,77410.0,77518.3,691.634
1777170600000,77518.3,77547.1,77434.9,77480.1,435.686
1777172400000,77480.0,77500.0,77370.1,77384.0,495.093
1777174200000,77384.1,77386.1,77280.0,77349.3,1166.096
1777176000000,77349.3,77456.0,77338.4,77430.2,578.073
1777177800000,77430.1,77777.0,77379.0,77727.0,3260.618
1777179600000,77727.1,78164.7,77670.9,78060.0,6227.654
1777181400000,78060.0,78156.5,77939.0,77949.4,1719.714
1777183200000,77949.4,78008.0,77886.0,77911.5,1037.322
1777185000000,77911.5,78012.2,77851.2,77963.2,919.951
1777186800000,77963.3,78000.0,77947.2,77957.0,571.49
1777188600000,77957.0,78085.0,77920.5,78061.5,861.99
1777190400000,78061.5,78095.3,77973.5,78042.1,999.069
1777192200000,78042.2,78182.8,77981.2,77989.0,1224.577
1777194000000,77989.1,78020.0,77926.4,77972.0,677.346
1777195800000,77971.9,77972.0,77880.0,77971.8,849.825
1777197600000,77971.8,78017.7,77914.5,77972.7,683.453
1777199400000,77972.7,77973.1,77923.4,77961.4,517.962
1777201200000,77961.5,78114.5,77961.4,78092.1,728.268
1777203000000,78092.1,78104.0,78005.7,78050.0,657.601
1777204800000,78050.0,78063.5,77918.0,77935.3,1001.618
1777206600000,77935.3,77947.5,77715.0,77795.5,2072.71
1777208400000,77795.4,77899.7,77742.6,77834.7,1261.918
1777210200000,77834.7,77953.2,77825.1,77940.1,1059.046
1777212000000,77940.0,78136.5,77840.5,78022.0,1749.093
1777213800000,78022.0,78120.0,77950.0,78053.4,1720.153
1777215600000,78053.5,78091.3,77912.5,78058.0,1914.232
1777217400000,78057.9,78073.6,77952.2,78007.9,605.222
1777219200000,78007.9,78028.7,77965.0,78011.1,665.042
1777221000000,78011.0,78055.7,77890.0,77890.0,1009.494
1777222800000,77890.1,78009.4,77815.0,77975.4,1064.863
1777224600000,77975.5,78026.9,77896.8,77976.7,518.315
1777226400000,77976.7,78326.2,77945.7,78138.6,4076.437
1777228200000,78138.7,78260.0,78096.7,78238.1,1321.58
1777230000000,78238.1,78477.9,77967.9,78159.0,5343.691
1777231800000,78158.9,78250.0,78004.8,78183.1,1250.854
1777233600000,78183.2,78225.7,78107.0,78185.1,595.596
1777235400000,78185.0,78355.1,78135.0,78150.1,1068.116
1777237200000,78150.0,78247.4,78139.0,78151.5,573.245
1777239000000,78151.6,78994.8,77777.0,78369.7,8655.366
1777240800000,78369.6,78821.1,78307.0,78484.8,4557.184
1777242600000,78484.7,78484.7,77915.5,78274.7,3710.455
1777244400000,78274.7,78424.5,78106.2,78109.0,1520.704
1777246200000,78109.0,78870.3,77988.1,78613.5,4742.545
1777248000000,78614.4,78842.7,78319.1,78443.4,3523.952
1777249800000,78443.3,79338.0,78356.7,79263.7,6848.89
1777251600000,79264.1,79455.0,78671.8,78866.7,7170.593
1777253400000,78866.7,79346.4,78807.6,79245.3,3497.216
1777255200000,79245.3,79268.8,78984.7,79085.5,2576.165
1777257000000,79085.6,79218.0,79000.0,79082.9,1600.721
1777258800000,79082.9,79229.9,79032.9,79199.6,1768.994
1777260600000,79199.6,79273.4,79032.3,79065.1,1345.472
1777262400000,79065.1,79092.1,78957.0,79084.1,1884.276
1777264200000,79084.2,79128.1,78830.0,78882.6,1691.647
1777266000000,78882.6,78904.1,77753.0,77780.1,19108.593
1777267800000,77780.0,77826.7,77503.6,77730.6,9794.258
1777269600000,77730.5,77834.0,77610.0,77677.1,6203.596
1777271400000,77677.0,77699.5,77408.6,77657.9,3456.238
1777273200000,77657.9,77698.2,77512.3,77647.6,2171.264
1777275000000,77647.5,77696.5,77534.1,77556.7,1746.622
1777276800000,77556.7,77685.1,77517.4,77524.3,1744.187
1777278600000,77524.3,77775.3,77500.0,77763.5,2888.059
1777280400000,77763.4,77817.0,77657.1,77739.1,2055.243
1777282200000,77739.2,77949.9,77719.0,77856.1,3876.155
1777284000000,77856.1,77903.1,77740.1,77768.0,1616.504
1777285800000,77768.0,77886.0,77756.3,77806.7,990.251
1777287600000,77806.7,77854.2,77700.0,77815.5,1187.693
1777289400000,77815.6,77848.5,77737.0,77804.3,727.236
1777291200000,77804.3,77835.7,77672.0,77713.3,1704.587
1777293000000,77713.2,77749.4,77575.0,77627.4,2514.964
1777294800000,77627.3,77750.0,77592.8,77668.9,1947.821
1777296600000,77668.9,77930.3,77516.4,77700.0,5083.319
1777298400000,77700.3,77881.1,77627.2,77836.9,2967.36
1777300200000,77836.8,78232.0,77744.9,77776.0,6699.796
1777302000000,77775.9,77796.3,76524.0,76823.1,19065.146
1777303800000,76823.0,77063.0,76683.2,76760.0,5549.912
1777305600000,76760.0,76829.1,76611.7,76710.0,4218.194
1777307400000,76709.9,76784.0,76509.7,76587.9,2882.559
1777309200000,76587.9,76868.5,76585.4,76793.5,2962.361
1777311000000,76793.4,76902.7,76664.2,76702.3,2311.28
1777312800000,76702.3,76820.3,76623.1,76657.4,1303.065
1777314600000,76657.0,76858.5,76636.0,76790.7,856.312
1777316400000,76790.6,76863.0,76584.0,76584.1,1365.862
1777318200000,76584.1,76844.4,76400.0,76844.4,4355.431
1777320000000,76844.3,76967.8,76780.9,76952.4,1505.796
1777321800000,76952.4,77037.0,76893.4,76915.8,1238.729
1777323600000,76915.8,76915.9,76783.0,76867.4,828.438
1777325400000,76867.4,76944.5,76740.3,76741.4,731.087
1777327200000,76741.4,76937.4,76714.8,76926.4,1205.49
1777329000000,76926.4,77037.0,76911.7,77025.8,1815.466
1777330800000,77025.8,77216.4,76971.5,77089.9,2572.366
1777332600000,77089.9,77419.7,77088.0,77331.2,3941.717
1777334400000,77331.2,77412.2,77180.1,77188.8,2492.998
1777336200000,77188.8,77450.0,77171.1,77334.9,2229.236
1777338000000,77334.9,77356.8,77150.0,77200.3,1287.826
1777339800000,77200.3,77200.3,76989.0,77047.2,2044.149
1777341600000,77047.2,77187.7,76960.6,76965.4,1517.364
1777343400000,76965.3,77000.1,76632.4,76845.0,4023.264
1777345200000,76844.9,76866.5,76633.0,76732.6,1862.114
1777347000000,76732.5,76810.2,76710.2,76770.6,849.742
1777348800000,76770.6,76900.0,76654.6,76760.1,1396.396
1777350600000,76760.0,76921.8,76700.6,76845.2,1340.482
1777352400000,76845.2,77132.4,76845.2,77025.8,2915.372
1777354200000,77025.8,77037.9,76760.9,76848.0,1484.593
1777356000000,76848.1,76985.1,76788.2,76862.4,1007.12
1777357800000,76862.4,76900.7,76525.6,76664.9,3220.53
1777359600000,76665.0,76677.1,76324.1,76610.0,3552.326
1777361400000,76609.9,76888.0,76588.0,76828.4,2584.754
1777363200000,76828.3,76928.0,76733.4,76928.0,1518.996
1777365000000,76928.0,76956.0,76701.0,76820.1,1535.314
1777366800000,76820.0,76823.6,76669.0,76746.3,876.61
1777368600000,76746.3,76746.3,76443.0,76557.2,1915.772
1777370400000,76557.3,76657.0,76427.8,76487.7,1603.451
1777372200000,76487.7,76592.7,76483.4,76580.1,1120.468
1777374000000,76580.1,76612.3,76227.0,76308.1,3600.088
1777375800000,76308.0,76309.7,76088.0,76198.8,4067.146
1777377600000,76198.9,76338.3,76129.0,76195.2,2669.788
1777379400000,76195.1,76403.7,76137.5,76345.6,2748.28
1777381200000,76345.6,76345.6,75904.4,76160.1,5445.227
1777383000000,76160.0,76388.0,76001.0,76158.2,4911.636
1777384800000,76158.4,76175.0,75735.0,75796.3,5455.16
1777386600000,75796.3,75920.0,75635.6,75920.0,5992.433
1777388400000,75920.0,76034.9,75789.6,75984.2,3808.772
1777390200000,75984.3,76053.0,75840.8,76027.8,1889.109
1777392000000,76027.7,76068.3,75908.7,75926.7,1425.455
1777393800000,75926.7,76224.2,75840.3,76091.7,2383.363
1777395600000,76091.7,76199.1,75915.2,76056.9,1734.265
1777397400000,76056.9,76247.0,76056.9,76154.2,1707.24
1777399200000,76154.1,76251.0,76100.0,76202.7,1521.487
1777401000000,76202.7,76223.6,76114.6,76208.2,1313.1
1777402800000,76208.1,76208.2,76032.3,76138.1,697.654
1777404600000,76138.1,76352.0,76100.8,76293.6,1734.171
1777406400000,76293.5,76422.1,76287.1,76332.6,1756.812
1777408200000,76332.6,76432.5,76318.8,76420.0,795.492
1777410000000,76420.0,76448.0,76242.7,76262.7,1229.759
1777411800000,76262.7,76380.0,76217.8,76321.5,845.645
1777413600000,76321.5,76409.6,76272.2,76291.9,1163.561
1777415400000,76292.0,76326.0,76178.0,76206.2,852.923
1777417200000,76206.1,76328.2,76150.0,76240.8,969.372
1777419000000,76240.7,76340.8,76205.9,76298.1,822.062
1777420800000,76298.2,76349.9,76227.5,76276.4,1151.846
1777422600000,76276.4,76519.8,76250.0,76470.9,1666.524
1777424400000,76471.0,76500.0,76167.2,76182.3,1568.09
1777426200000,76182.2,76633.3,76138.7,76534.9,2487.727
1777428000000,76535.0,76633.3,76410.0,76416.7,1510.804
1777429800000,76416.7,76494.3,76350.8,76488.1,792.653
1777431600000,76488.0,76868.0,76466.5,76841.7,3441.585
1777433400000,76841.6,77098.8,76751.8,76955.7,5138.737
1777435200000,76955.7,77028.0,76839.8,77003.1,2179.164
1777437000000,77003.1,77432.1,76978.7,77224.2,8252.724
1777438800000,77224.1,77270.0,77150.0,77236.6,2087.916
1777440600000,77236.6,77298.9,77174.4,77254.7,1537.852
1777442400000,77254.7,77294.4,77037.1,77049.5,2536.8
1777444200000,77049.5,77072.5,76888.0,76978.5,4004.427
1777446000000,76978.5,77067.5,76965.3,77012.2,1873.065
1777447800000,77012.3,77140.0,76951.0,77003.8,1552.052
1777449600000,77003.8,77113.6,76936.7,77060.6,1223.956
1777451400000,77060.5,77060.5,76921.2,76998.5,838.309
1777453200000,76998.4,77103.0,76918.5,77085.7,881.634
1777455000000,77085.6,77774.0,77083.3,77605.5,9876.828
1777456800000,77605.4,77873.2,77596.7,77847.6,4998.499
1777458600000,77847.6,77855.0,77506.8,77575.3,3865.22
1777460400000,77575.3,77635.0,77440.0,77469.5,1942.521
1777462200000,77469.5,77654.7,77459.8,77552.5,2096.997
1777464000000,77552.5,77563.6,76951.0,77112.6,6345.668
1777465800000,77112.5,77188.0,76945.1,77110.0,2695.318
1777467600000,77110.0,77225.7,76829.6,76897.7,3750.811
1777469400000,76897.6,76897.6,76385.0,76748.7,11028.047
1777471200000,76748.6,76751.9,76480.0,76691.2,3855.01
1777473000000,76691.2,76850.0,76441.5,76540.3,3851.241
1777474800000,76540.2,76607.5,76115.4,76200.1,6804.421
1777476600000,76200.1,76306.4,75675.2,75889.1,9154.1
1777478400000,75889.1,76115.4,75653.0,75810.0,8571.769
1777480200000,75810.0,75887.1,75670.0,75774.7,3470.91
1777482000000,75774.7,76076.0,75752.5,75855.1,3965.8
1777483800000,75855.3,76145.8,75840.4,76139.6,2601.944
1777485600000,76139.3,76220.0,74868.0,75107.6,23279.156
1777487400000,75107.6,75476.1,74906.5,75470.1,6264.174
1777489200000,75470.1,75564.0,75331.1,75488.5,3623.831
1777491000000,75488.6,75530.0,75251.6,75518.5,2608.722
1777492800000,75518.4,75684.8,75448.0,75634.0,4394.322
1777494600000,75634.1,75826.7,75533.3,75636.0,2965.716
1777496400000,75636.1,75860.4,75562.3,75788.5,1899.262
1777498200000,75788.6,76061.2,75752.1,75883.1,1917.059
1777500000000,75883.1,75966.0,75775.7,75804.7,2067.722
1777501800000,75804.7,75937.3,75804.6,75884.5,1233.418
1777503600000,75884.5,75956.8,75651.3,75733.0,1489.387
1777505400000,75733.1,75849.1,75731.1,75749.9,1189.765
1777507200000,75749.9,75830.0,75612.2,75782.3,1622.238
1777509000000,75782.2,76300.0,75782.2,76199.1,5063.928
1777510800000,76199.1,76377.0,76130.1,76303.4,2577.927
1777512600000,76303.3,76445.0,76158.2,76193.9,2170.746
1777514400000,76193.9,76311.8,76076.0,76084.3,2031.198
1777516200000,76084.3,76084.4,75448.9,75663.6,6037.157
1777518000000,75663.5,75862.0,75608.6,75844.5,1548.212
1777519800000,75844.4,75950.0,75800.0,75882.1,1023.147
1777521600000,75881.6,75931.7,75625.0,75637.3,1928.102
1777523400000,75637.3,75650.9,75363.2,75458.3,2778.138
1777525200000,75458.4,75596.3,75273.5,75389.1,1583.943
1777527000000,75389.2,75721.0,75389.1,75569.6,1847.319
1777528800000,75569.6,75661.2,75540.1,75641.7,1073.549
1777530600000,75641.7,75835.6,75641.7,75720.6,1737.93
1777532400000,75720.6,75864.9,75684.6,75852.7,1418.314
1777534200000,75852.7,76148.0,75852.6,76129.9,3394.669
1777536000000,76129.9,76180.0,75987.6,76045.3,3773.858
1777537800000,76045.4,76116.5,76012.0,76025.7,918.359
1777539600000,76025.8,76197.2,75973.3,76196.1,1210.489
1777541400000,76196.0,76332.6,76035.1,76062.7,2407.71
1777543200000,76062.7,76136.6,75943.3,75952.8,1367.216
1777545000000,75952.8,76088.8,75952.8,76001.6,1110.625
1777546800000,76001.7,76233.0,76001.6,76075.1,1640.358
1777548600000,76075.1,76100.0,75836.0,76032.9,2903.161
1777550400000,76032.9,76333.3,76009.8,76298.8,2937.857
1777552200000,76298.7,76375.1,76199.0,76259.0,2494.532
1777554000000,76259.0,76320.8,76111.1,76147.2,1417.409
1777555800000,76147.2,76630.3,76066.6,76370.3,7216.772
1777557600000,76370.4,76546.7,76044.7,76310.5,4609.745
1777559400000,76310.4,76519.6,76161.6,76256.0,3207.054
1777561200000,76256.1,76468.1,76116.0,76468.1,2171.84
1777563000000,76468.1,76614.9,76283.2,76423.0,2906.488
1777564800000,76423.0,76446.9,76251.0,76322.7,1857.858
1777566600000,76322.7,76384.6,76181.9,76220.1,923.639
1777568400000,76220.2,76294.2,76060.4,76110.8,1925.57
1777570200000,76110.7,76268.0,76100.0,76209.2,1082.85
1777572000000,76209.2,76438.3,76206.1,76249.9,1574.453
1777573800000,76250.0,76440.0,76166.3,76309.1,1297.247
1777575600000,76309.2,76466.6,76264.2,76432.8,1487.783
1777577400000,76432.8,76470.5,76334.2,76366.7,1611.437
1777579200000,76366.7,76525.4,76273.3,76429.9,1949.922
1777581000000,76429.9,76536.2,76399.7,76451.1,1075.927
1777582800000,76451.1,76495.4,76274.5,76299.9,843.851
1777584600000,76299.9,76416.0,76186.0,76202.8,1067.0
1777586400000,76202.8,76409.3,76191.4,76395.9,788.897
1777588200000,76395.8,76408.1,76155.1,76197.9,719.933
1777590000000,76198.0,76299.9,76173.3,76299.9,782.726
1777591800000,76299.9,76347.0,76261.1,76305.4,635.377
