id,direction,signals,n_signals,tp,sl,train_return,train_sharpe,train_drawdown,train_trades,train_winrate,score,train_chop_trades,train_chop_trade_share,train_chop_pnl,train_chop_return_pct,train_chop_win_rate,train_chop_avg_trade_return_pct,train_chop_total_trade_return_pct,train_trendy_trades,train_trendy_trade_share,train_trendy_pnl,train_trendy_return_pct,train_trendy_win_rate,train_trendy_avg_trade_return_pct,train_trendy_total_trade_return_pct,train_volatile_trades,train_volatile_trade_share,train_volatile_pnl,train_volatile_return_pct,train_volatile_win_rate,train_volatile_avg_trade_return_pct,train_volatile_total_trade_return_pct
38c9a249,bull,s88|s39|s79,3,0.0204613529,0.0097732523,4.6922,0.0,-6.1478,34,44.1176,0.090221,12,0.3529,33342.88,3.3343,41.6667,0.2824,3.3894,6,0.1765,62368.84,6.2369,66.6667,1.0383,6.2299,16,0.4706,24057.83,2.4058,37.5,0.1565,2.5036
64c42461,bull,s4|s64|s27,3,0.0193925348,0.0117502377,-3.9677,0.0,-11.4353,59,42.3729,0.076942,17,0.2881,46959.03,4.6959,47.0588,0.2905,4.9388,14,0.2373,22043.49,2.2043,42.8571,0.1597,2.2353,28,0.4746,11258.54,1.1259,39.2857,0.0484,1.3564
6d33beff,bull,s4|s55|s78,3,0.0186691067,0.0105603287,0.3868,0.0,-6.922,32,43.75,0.0717,11,0.3438,87190.6,8.7191,63.6364,0.804,8.8442,7,0.2188,-16138.1,-1.6138,28.5714,-0.2209,-1.5463,14,0.4375,-2227.97,-0.2228,35.7143,-0.0121,-0.1697
4f0b9616,bull,s9|s79|s7|s55|s45,5,0.0219223743,0.0124757751,3.3,0.0,-6.6461,26,46.1538,0.068496,9,0.3462,-13255.91,-1.3256,33.3333,-0.101,-0.9088,6,0.2308,63888.64,6.3889,66.6667,1.0456,6.2738,11,0.4231,35946.66,3.5947,45.4545,0.316,3.4757
1b6d0b51,bull,s15|s35|s33|s95,4,0.0195924546,0.0113837464,0.8587,0.0,-7.1359,29,44.8276,0.067576,11,0.3793,28706.3,2.8706,45.4545,0.2696,2.966,4,0.1379,-15172.15,-1.5172,25.0,-0.364,-1.4559,14,0.4828,55607.94,5.5608,50.0,0.4104,5.7461
fcb69bdb,bull,s15|s82|s27,3,0.0247485179,0.0139512993,1.6022,0.0,-8.6801,30,43.3333,0.066221,9,0.3,-50600.96,-5.0601,22.2222,-0.5351,-4.8162,6,0.2,71222.57,7.1223,66.6667,1.1849,7.1091,15,0.5,60097.8,6.0098,46.6667,0.4109,6.1629
167614fc,bull,s65|s41|s8|s7,4,0.0221654673,0.0109472248,-3.779,0.0,-8.52,46,36.9565,0.064578,12,0.2609,33006.05,3.3006,41.6667,0.285,3.4197,9,0.1957,-557.55,-0.0558,33.3333,0.009,0.0813,25,0.5435,21750.68,2.1751,36.0,0.0973,2.4334
84f145a2,bull,s82|s84|s27,3,0.0269430507,0.0116471916,0.976,0.0,-8.3981,36,36.1111,0.062671,12,0.3333,-65606.0,-6.5606,16.6667,-0.5215,-6.2586,9,0.25,88097.16,8.8097,55.5556,0.9792,8.8126,15,0.4167,55520.08,5.552,40.0,0.3789,5.6834
26dbd46d,bull,s60|s78|s27,3,0.0233263422,0.014649752,3.4511,0.0,-7.1678,23,47.8261,0.062458,7,0.3043,47801.81,4.7802,57.1429,0.7051,4.9356,6,0.2609,25256.25,2.5256,50.0,0.4338,2.603,10,0.4348,4990.12,0.499,40.0,0.0541,0.5407
3cbaecdf,bull,s41|s32|s91|s11,4,0.0209879902,0.0103504816,-4.3034,0.0,-8.7863,46,36.9565,0.061913,14,0.3043,10418.58,1.0419,35.7143,0.0842,1.1786,8,0.1739,9363.67,0.9364,37.5,0.1401,1.1212,24,0.5217,31651.37,3.1651,37.5,0.1401,3.3635
1c5aa3a2,bull,s91|s95|s84|s42,4,0.0232594691,0.0138169538,11.1831,0.0,-6.2666,14,64.2857,0.061261,5,0.3571,43244.96,4.3245,60.0,0.8429,4.2144,6,0.4286,29327.49,2.9327,50.0,0.4721,2.8328,3,0.2143,72715.63,7.2716,100.0,2.3259,6.9778
23706347,bull,s78|s88|s42|s64|s83,5,0.0408842562,0.0114640691,11.8265,0.0,-6.4111,22,36.3636,0.060352,3,0.1364,15945.34,1.5945,33.3333,0.5985,1.7956,7,0.3182,78597.92,7.8598,42.8571,1.0971,7.6796,12,0.5455,75263.82,7.5264,33.3333,0.5985,7.1824
a07c4c95,bull,s83|s82|s27,3,0.0263329321,0.016148465,2.3465,0.0,-7.2622,24,45.8333,0.060048,7,0.2917,-73978.64,-7.3979,14.2857,-1.008,-7.0558,5,0.2083,90094.42,9.0094,80.0,1.7837,8.9183,12,0.5,59621.98,5.9622,50.0,0.5092,6.1107
1d9aba94,bull,s40|s3|s21,3,0.0260506873,0.0147751785,9.719,0.0,-7.0046,16,56.25,0.059716,4,0.25,-21451.5,-2.1452,25.0,-0.4569,-1.8275,5,0.3125,50614.66,5.0615,60.0,0.972,4.8602,7,0.4375,105526.01,10.5526,71.4286,1.4386,10.0703
fa5ae8e8,bull,s15|s42|s34|s91,4,0.0281097481,0.0113991881,2.8725,0.0,-6.6527,27,37.037,0.055427,7,0.2593,-2950.23,-0.295,28.5714,-0.0111,-0.0776,7,0.2593,37657.26,3.7657,42.8571,0.5533,3.8732,13,0.4815,49698.94,4.9699,38.4615,0.3797,4.9355
4f7155aa,bull,s8|s65|s94|s88,4,0.0195825035,0.0081157322,-3.8908,0.0,-9.2228,47,34.0426,0.055362,21,0.4468,21511.92,2.1512,33.3333,0.1117,2.3457,6,0.1277,-21279.46,-2.1279,16.6667,-0.3499,-2.0996,20,0.4255,57566.67,5.7567,40.0,0.2964,5.9271
ce82b598,bull,s30|s64|s39|s93|s32,5,0.0239347801,0.0149267161,-1.5181,0.0,-8.0624,28,42.8571,0.055055,7,0.25,-27994.89,-2.7995,28.5714,-0.3823,-2.6764,5,0.1786,78811.36,7.8811,80.0,1.6162,8.0812,16,0.5714,-7951.14,-0.7951,37.5,-0.0354,-0.5658
64ee5e30,bull,s87|s41,2,0.0232249986,0.0108689335,5.7585,0.0,-6.7981,19,47.3684,0.055003,8,0.4211,13295.32,1.3295,37.5,0.1916,1.533,3,0.1579,1080.97,0.1081,33.3333,0.0496,0.1487,8,0.4211,86778.56,8.6779,62.5,1.044,8.3518
b6bf2d6a,bull,s79|s44|s26,3,0.0220250564,0.0116437573,1.8997,0.0,-6.1765,23,43.4783,0.054972,7,0.3043,18008.49,1.8008,42.8571,0.2786,1.95,4,0.1739,21072.41,2.1072,50.0,0.5191,2.0763,12,0.5217,26710.89,2.6711,41.6667,0.2385,2.8619
b08106dd,bull,s42|s58|s27,3,0.0264750468,0.0122644988,0.3956,0.0,-6.9718,29,37.931,0.054787,8,0.2759,-22495.89,-2.2496,25.0,-0.258,-2.0637,4,0.1379,28350.47,2.835,50.0,0.7105,2.8421,17,0.5862,59632.64,5.9633,41.1765,0.3687,6.268
02efb7fe,bull,s70|s54|s38,3,0.0218577475,0.0106346675,0.0088,0.0,-7.9396,28,39.2857,0.052681,11,0.3929,43962.03,4.3962,45.4545,0.4135,4.5481,7,0.25,-43506.58,-4.3507,14.2857,-0.5993,-4.195,10,0.3571,56267.67,5.6268,50.0,0.5612,5.6115
f022de21,bull,s88|s33|s96,3,0.0321328848,0.0102023813,4.4594,0.0,-7.108,27,33.3333,0.052117,8,0.2963,543.33,0.0543,25.0,0.0381,0.3051,6,0.2222,66255.25,6.6255,50.0,1.0965,6.5792,13,0.4815,36832.7,3.6833,30.7692,0.2824,3.671
d8309632,bear,s85|s18|s25,3,0.0243692336,0.0136461796,-1.15,0.0,-7.2198,27,40.7407,0.05182,11,0.4074,-37914.12,-3.7914,27.2727,-0.3278,-3.6062,4,0.1481,-18355.44,-1.8355,25.0,-0.4142,-1.6569,12,0.4444,102447.53,10.2448,58.3333,0.8529,10.2354
ca11eefa,bull,s39|s92|s69,3,0.0184950846,0.0108381108,-5.6147,0.0,-11.987,43,39.5349,0.051759,14,0.3256,22725.64,2.2726,42.8571,0.1733,2.4266,8,0.186,-28132.37,-2.8132,25.0,-0.3505,-2.8038,21,0.4884,34212.8,3.4213,42.8571,0.1733,3.6398
e0e9cd8f,bull,s43|s33|s42,3,0.0264380509,0.0111728221,0.6508,0.0,-8.9371,30,36.6667,0.051475,9,0.3,-65626.06,-6.5626,11.1111,-0.6994,-6.2945,6,0.2,45809.13,4.5809,50.0,0.7633,4.5796,15,0.5,95231.9,9.5232,46.6667,0.6379,9.5684
13013e83,bull,s43|s33|s53|s36,4,0.0340357594,0.0197240668,6.6752,0.0,-5.9005,16,50.0,0.05088,3,0.1875,-5420.1,-0.542,33.3333,-0.1804,-0.5412,3,0.1875,47761.94,4.7762,66.6667,1.6116,4.8347,10,0.625,70190.31,7.019,50.0,0.7156,7.1558
507d4b74,bull,s64|s9|s48,3,0.0234688484,0.0104436918,-4.2279,0.0,-8.0989,41,34.1463,0.050209,10,0.2439,-36811.66,-3.6812,20.0,-0.3661,-3.6612,6,0.1463,70294.83,7.0295,66.6667,1.2165,7.2988,25,0.6098,7203.28,0.7203,32.0,0.0408,1.0208
8597eca7,bull,s87|s33|s73,3,0.0292584506,0.0140484855,13.1198,0.0,-5.8979,11,63.6364,0.049653,5,0.4545,15179.17,1.5179,40.0,0.3274,1.6371,2,0.1818,16481.53,1.6482,50.0,0.7605,1.521,4,0.3636,122962.2,12.2962,100.0,2.9258,11.7034
2b1fe37c,bull,s15|s43|s87|s24|s95,5,0.0253138616,0.0147137747,1.2014,0.0,-5.5732,20,45.0,0.049234,7,0.35,56914.71,5.6915,57.1429,0.8159,5.7114,4,0.2,-21304.67,-2.1305,25.0,-0.4707,-1.8827,9,0.45,27386.64,2.7387,44.4444,0.3076,2.7687
400d4247,bull,s84|s15|s11|s2|s43,5,0.032712706,0.0129957269,2.0624,0.0,-6.3511,25,36.0,0.048598,2,0.08,18606.06,1.8606,50.0,0.9858,1.9717,8,0.32,32135.2,3.2135,37.5,0.4145,3.3159,15,0.6,31564.97,3.1565,33.3333,0.224,3.3606
0a373572,bull,s75|s4|s9|s65,4,0.0265698267,0.0158467007,0.9999,0.0,-6.084,20,45.0,0.048299,7,0.35,15217.11,1.5217,42.8571,0.2332,1.6323,3,0.15,-6724.0,-0.6724,33.3333,-0.1708,-0.5124,10,0.5,52820.31,5.282,50.0,0.5362,5.3616
6c95894c,bear,s52|s28|s19,3,0.0207434741,0.0090668213,-4.0936,0.0,-12.5188,50,34.0,0.048069,18,0.36,41814.87,4.1815,38.8889,0.2526,4.5469,7,0.14,-4317.4,-0.4317,28.5714,-0.055,-0.3847,25,0.5,9625.81,0.9626,32.0,0.0472,1.1812
1d8d4458,bull,s40|s59|s27,3,0.0237035733,0.0089358132,5.1986,0.0,-6.9513,19,42.1053,0.047977,7,0.3684,-33034.71,-3.3035,14.2857,-0.4273,-2.9911,6,0.3158,46239.26,4.6239,50.0,0.7384,4.4303,6,0.3158,79604.07,7.9604,66.6667,1.2824,7.6943
0b24d349,bear,s101|s16|s85|s52,4,0.019373722,0.0118308753,-1.2422,0.0,-7.3463,23,43.4783,0.047577,10,0.4348,-58493.24,-5.8493,20.0,-0.559,-5.59,4,0.1739,14961.77,1.4962,50.0,0.3771,1.5086,9,0.3913,82173.56,8.2174,66.6667,0.8972,8.075
ef0b00a2,bull,s5|s70|s30|s1|s24,5,0.0329906277,0.0107208454,3.1014,0.0,-8.1253,28,32.1429,0.047297,6,0.2143,65132.26,6.5132,50.0,1.1135,6.6809,6,0.2143,21841.15,2.1841,33.3333,0.385,2.3098,16,0.5714,1797.5,0.1798,25.0,0.0207,0.3312
e3e05f8c,bull,s70|s5|s65,3,0.0191833745,0.0104672085,-4.6881,0.0,-12.2999,39,38.4615,0.046591,13,0.3333,9679.62,0.968,38.4615,0.0937,1.2179,7,0.1795,-13171.91,-1.3172,28.5714,-0.1996,-1.3969,19,0.4872,37141.16,3.7141,42.1053,0.2017,3.8328
0b057599,bear,s86|s80|s52,3,0.0205622932,0.0133269196,-1.9473,0.0,-9.8972,26,42.3077,0.04651,7,0.2692,-24418.28,-2.4418,28.5714,-0.3644,-2.551,7,0.2692,6883.98,0.6884,42.8571,0.1197,0.8379,12,0.4615,39622.0,3.9622,50.0,0.3618,4.3412
8bff9aa9,bull,s92|s43|s69,3,0.0283083906,0.0138642671,-0.0214,0.0,-6.2232,23,39.1304,0.045373,7,0.3043,28738.84,2.8739,42.8571,0.421,2.9468,4,0.1739,-14913.92,-1.4914,25.0,-0.3321,-1.3284,12,0.5217,42406.46,4.2406,41.6667,0.3708,4.4492
0317ca39,bull,s53|s58|s27,3,0.0228694702,0.0113695721,-3.4188,0.0,-9.0122,33,36.3636,0.04513,13,0.3939,-13093.52,-1.3094,30.7692,-0.0834,-1.0848,7,0.2121,-11138.73,-1.1139,28.5714,-0.1587,-1.1109,13,0.3939,56824.51,5.6825,46.1538,0.4433,5.763
c0cbebd2,bull,s10|s15|s65,3,0.0290146406,0.0166521534,0.3922,0.0,-7.5755,21,42.8571,0.045114,4,0.1905,70184.83,7.0185,75.0,1.7598,7.0392,5,0.2381,-40271.09,-4.0271,20.0,-0.7519,-3.7594,12,0.5714,27045.35,2.7045,41.6667,0.2376,2.8508
14cfd2c0,bull,s35|s2|s5,3,0.0206936517,0.0124284871,-5.1012,0.0,-9.8156,33,39.3939,0.045098,11,0.3333,59899.6,5.99,54.5455,0.5638,6.2019,7,0.2121,-52515.29,-5.2515,14.2857,-0.7697,-5.3877,15,0.4545,7994.43,0.7994,40.0,0.082,1.2306
57cd5641,bull,s58|s65|s95,3,0.0188165956,0.0093459689,-7.2655,0.0,-9.1199,46,34.7826,0.044092,16,0.3478,-9737.92,-0.9738,31.25,-0.0545,-0.8723,8,0.1739,8276.8,0.8277,37.5,0.1215,0.972,22,0.4783,17263.37,1.7263,36.3636,0.0895,1.9689
9e17ca81,bull,s70|s88|s8,3,0.0390589438,0.0122959094,2.7695,0.0,-6.3134,26,30.7692,0.043912,3,0.1154,12790.94,1.2791,33.3333,0.4822,1.4467,6,0.2308,78239.97,7.824,50.0,1.3382,8.0289,17,0.6538,-5830.77,-0.5831,23.5294,-0.0212,-0.3611
fdf2434d,bull,s70|s58|s41,3,0.0231635252,0.0141631067,-3.6984,0.0,-12.8298,32,40.625,0.043899,6,0.1875,-11764.78,-1.1765,33.3333,-0.1721,-1.0325,6,0.1875,25653.2,2.5653,50.0,0.45,2.7001,20,0.625,13310.49,1.331,40.0,0.0768,1.5351
9f7d933b,bull,s38|s14|s94|s44,4,0.0184293009,0.0098209671,-5.974,0.0,-7.8525,36,36.1111,0.043833,13,0.3611,39448.3,3.9448,46.1538,0.3218,4.1829,3,0.0833,-29039.05,-2.9039,0.0,-0.9821,-2.9463,20,0.5556,-943.34,-0.0943,35.0,0.0067,0.1333
1a1398e6,bull,s70|s78|s27,3,0.0318463204,0.0122111985,0.7018,0.0,-7.3162,27,33.3333,0.043664,6,0.2222,-31133.29,-3.1133,16.6667,-0.4868,-2.921,6,0.2222,58182.18,5.8182,50.0,0.9818,5.8905,15,0.5556,34878.89,3.4879,33.3333,0.2475,3.712
8988afa9,bull,s41|s93|s27,3,0.0273457082,0.0165330351,1.1631,0.0,-10.5099,20,45.0,0.043249,6,0.3,-13840.75,-1.3841,33.3333,-0.1907,-1.1441,4,0.2,21934.06,2.1934,50.0,0.5406,2.1625,10,0.5,53313.27,5.3313,50.0,0.5406,5.4063
59637d8d,bull,s60|s9|s27,3,0.0299699189,0.0178426119,-0.4037,0.0,-8.086,21,42.8571,0.043133,5,0.2381,-43788.26,-4.3788,20.0,-0.828,-4.1401,5,0.2381,101657.33,10.1657,80.0,2.0407,10.2037,11,0.5238,-7370.03,-0.737,36.3636,-0.0456,-0.5019
2d9e44fb,bull,s95|s8|s33|s42|s78,5,0.0362535236,0.0198645611,2.6531,0.0,-7.9804,19,42.1053,0.042935,3,0.1579,-6163.66,-0.6164,33.3333,-0.1159,-0.3476,5,0.2632,12261.63,1.2262,40.0,0.2583,1.2913,11,0.5789,59866.21,5.9866,45.4545,0.5644,6.208
21833e82,bull,s33|s34|s5,3,0.0273068622,0.0132487159,-1.9304,0.0,-10.3795,30,36.6667,0.042684,6,0.2,-40292.05,-4.0292,16.6667,-0.6489,-3.8937,6,0.2,41385.12,4.1385,50.0,0.7029,4.2174,18,0.6,42832.65,4.2833,38.8889,0.2523,4.5412
ce976475,bull,s35|s48|s8,3,0.0289212545,0.0142427412,-0.0226,0.0,-8.2611,23,39.1304,0.042558,7,0.3043,28695.53,2.8696,42.8571,0.4256,2.9793,5,0.2174,12280.38,1.228,40.0,0.3023,1.5114,11,0.4783,15606.0,1.5606,36.3636,0.1453,1.5986
ee87b258,bull,s8|s79,2,0.0221964115,0.0136720783,4.1405,0.0,-4.9869,13,53.8462,0.042416,2,0.1538,8108.78,0.8109,50.0,0.4262,0.8524,4,0.3077,52281.98,5.2282,75.0,1.3229,5.2917,7,0.5385,11669.76,1.167,42.8571,0.17,1.1901
06259a18,bull,s41|s84|s27,3,0.0317615867,0.0115308438,0.5645,0.0,-7.8307,28,32.1429,0.042109,8,0.2857,-7230.03,-0.723,25.0,-0.0708,-0.5662,4,0.1429,39320.64,3.9321,50.0,1.0115,4.0461,16,0.5714,29255.4,2.9255,31.25,0.1998,3.1969
e1ec9fac,bull,s9|s78,2,0.0333786731,0.0154281682,1.8713,0.0,-7.3208,21,38.0952,0.04192,4,0.1905,33301.99,3.3302,50.0,0.8975,3.5901,6,0.2857,3972.32,0.3972,33.3333,0.0841,0.5045,11,0.5238,24239.85,2.424,36.3636,0.232,2.5518
f594c753,bull,s7|s83|s9,3,0.0249446814,0.0124324646,-4.2047,0.0,-9.1466,34,35.2941,0.041904,9,0.2647,-37482.79,-3.7483,22.2222,-0.4126,-3.7138,5,0.1471,48183.78,4.8184,60.0,0.9994,4.9969,20,0.5882,10287.57,1.0288,35.0,0.065,1.2991
0186c078,bull,s87|s10|s59,3,0.0236908126,0.0100914722,1.0149,0.0,-6.4313,21,38.0952,0.041602,9,0.4286,-24996.47,-2.4996,22.2222,-0.2584,-2.3259,6,0.2857,40156.57,4.0157,50.0,0.68,4.0798,6,0.2857,41019.47,4.1019,50.0,0.68,4.0798
eb7a49c4,bull,s7|s3|s34,3,0.022866094,0.0138456522,-6.9375,0.0,-13.0549,41,39.0244,0.04113,13,0.3171,1494.49,0.1494,38.4615,0.0274,0.3565,6,0.1463,25921.72,2.5922,50.0,0.451,2.7061,22,0.5366,-13244.65,-1.3245,36.3636,-0.0496,-1.091
7a9b1a1b,bull,s75|s94|s12,3,0.0182245433,0.0114748239,-6.0152,0.0,-10.6239,33,39.3939,0.041084,12,0.3636,-19022.59,-1.9023,33.3333,-0.1575,-1.89,4,0.1212,-45403.04,-4.5403,0.0,-1.1475,-4.5899,17,0.5152,69911.38,6.9911,52.9412,0.4248,7.2222
30a8c8a5,bull,s43|s59|s27,3,0.0221471155,0.0132567161,-2.9208,0.0,-11.5797,27,40.7407,0.040932,6,0.2222,-8707.18,-0.8707,33.3333,-0.1455,-0.8733,6,0.2222,25983.55,2.5984,50.0,0.4445,2.6671,15,0.5556,12166.71,1.2167,40.0,0.0905,1.3572
4c65c8ed,bull,s30|s7|s27,3,0.0323262483,0.0105024169,-0.1048,0.0,-11.2129,37,29.7297,0.040797,9,0.2432,-11498.35,-1.1498,22.2222,-0.0985,-0.8864,6,0.1622,65230.41,6.523,50.0,1.0912,6.5471,22,0.5946,23518.57,2.3519,27.2727,0.1178,2.5919
30bbaaa9,bull,s83|s42|s9,3,0.0266305875,0.0123377278,-2.7865,0.0,-9.8539,31,35.4839,0.040761,8,0.2581,-23125.86,-2.3126,25.0,-0.2596,-2.0765,5,0.1613,16181.23,1.6181,40.0,0.325,1.6248,18,0.5806,48438.58,4.8439,38.8889,0.2817,5.0699
0b1e75df,bull,s4|s5,2,0.0293425687,0.0116185937,1.0114,0.0,-6.7505,23,34.7826,0.040545,9,0.3913,16351.65,1.6352,33.3333,0.2035,1.8316,5,0.2174,23452.77,2.3453,40.0,0.4766,2.3829,9,0.3913,16879.56,1.688,33.3333,0.2035,1.8316
9c182de4,bull,s9|s30|s15,3,0.0333013725,0.0084437199,0.4371,0.0,-7.0394,35,25.7143,0.040441,10,0.2857,-2137.38,-0.2137,20.0,-0.0095,-0.0947,6,0.1714,32331.24,3.2331,33.3333,0.5471,3.2828,19,0.5429,45841.59,4.5842,26.3158,0.2542,4.8295
627496ef,bear,s97|s17|s37,3,0.0281792023,0.01352045,4.0966,0.0,-7.2755,16,43.75,0.040259,6,0.375,1123.28,0.1123,33.3333,0.0379,0.2277,4,0.25,30153.68,3.0154,50.0,0.7329,2.9318,6,0.375,42925.65,4.2926,50.0,0.7329,4.3976
eaff7b6b,bull,s21|s40|s30,3,0.04598443,0.0108028815,13.9171,0.0,-5.8752,13,38.4615,0.039891,4,0.3077,11305.37,1.1305,25.0,0.3394,1.3576,2,0.1538,33125.3,3.3125,50.0,1.7591,3.5182,7,0.5385,101856.38,10.1856,42.8571,1.3535,9.4742
c4622a44,bull,s84|s88|s27,3,0.0444336776,0.0143028844,4.4404,0.0,-7.5625,22,31.8182,0.039833,3,0.1364,13577.29,1.3577,33.3333,0.5276,1.5828,8,0.3636,61290.56,6.1291,37.5,0.7723,6.1787,11,0.5,16010.18,1.601,27.2727,0.1716,1.8878
97c896d2,bull,s88|s7|s27,3,0.0457997884,0.0149024706,7.9014,0.0,-7.0402,18,33.3333,0.039775,2,0.1111,-32745.42,-3.2745,0.0,-1.4902,-2.9805,3,0.1667,17385.38,1.7385,33.3333,0.5332,1.5995,13,0.7222,107255.55,10.7256,38.4615,0.8445,10.9779
c69b17bb,bull,s30|s15|s4,3,0.0240750805,0.0133076468,-2.1714,0.0,-7.4248,23,39.1304,0.039758,7,0.3043,-20107.38,-2.0107,28.5714,-0.2627,-1.8388,3,0.1304,34744.71,3.4745,66.6667,1.1614,3.4843,13,0.5652,12106.4,1.2106,38.4615,0.107,1.3914
707a64a7,bull,s63|s39|s40,3,0.0308011332,0.0181452482,7.0856,0.0,-4.0585,11,54.5455,0.039557,2,0.1818,10527.06,1.0527,50.0,0.6328,1.2656,4,0.3636,75299.44,7.5299,75.0,1.8565,7.4258,5,0.4545,7114.18,0.7114,40.0,0.1433,0.7167
68f5c130,bull,s33|s14|s87|s10,4,0.0310781481,0.0091957319,1.5431,0.0,-7.5162,27,29.6296,0.039157,10,0.3704,67627.36,6.7627,40.0,0.6914,6.9138,4,0.1481,3231.6,0.3232,25.0,0.0873,0.3491,13,0.4815,-1246.11,-0.1246,23.0769,0.0098,0.1277
9c47c2ce,bull,s30|s5|s27,3,0.0342464503,0.0184501923,0.5143,0.0,-8.1154,20,40.0,0.039084,5,0.25,-42000.25,-4.2,20.0,-0.7911,-3.9554,4,0.2,84066.26,8.4066,75.0,2.1072,8.4289,11,0.55,4840.21,0.484,36.3636,0.0712,0.7834
76f02695,bull,s1|s40|s7,3,0.0236540239,0.0100832504,-6.3417,0.0,-8.7668,44,31.8182,0.038533,13,0.2955,-30355.97,-3.0356,23.0769,-0.2298,-2.987,8,0.1818,51560.02,5.156,50.0,0.6785,5.4283,23,0.5227,1849.95,0.185,30.4348,0.0185,0.4246
89caf104,bull,s6|s32|s59|s10|s12,5,0.0359493289,0.0131637989,3.5895,0.0,-7.6947,21,33.3333,0.038335,5,0.2381,30444.01,3.0444,40.0,0.6481,3.2407,4,0.1905,45580.03,4.558,50.0,1.1393,4.5571,12,0.5714,-12184.66,-1.2185,25.0,-0.0886,-1.0626
b389ba79,bull,s64|s93|s82,3,0.0194587719,0.0114267377,-9.0805,0.0,-14.2402,64,39.0625,0.038145,16,0.25,29968.64,2.9969,43.75,0.2086,3.3371,16,0.25,30381.86,3.0382,43.75,0.2086,3.3371,32,0.5,-27240.11,-2.724,34.375,-0.081,-2.5915
b348a841,bull,s30|s10|s44|s36|s55,5,0.0292148744,0.019391479,-2.7427,0.0,-8.9923,21,42.8571,0.038062,5,0.2381,-50534.99,-5.0535,20.0,-0.967,-4.8351,4,0.1905,67262.86,6.7263,75.0,1.7063,6.8253,12,0.5714,7931.02,0.7931,41.6667,0.0861,1.0334
5bf4d2e3,bull,s5|s32|s27,3,0.0387813844,0.0145533083,3.7298,0.0,-8.3114,21,33.3333,0.037794,5,0.2381,31355.22,3.1355,40.0,0.6781,3.3903,4,0.1905,48254.63,4.8255,50.0,1.2114,4.8456,12,0.5714,-16720.49,-1.672,25.0,-0.122,-1.4636
0560154c,bull,s79|s69|s6,3,0.0359577366,0.0081601082,1.1047,0.0,-6.6465,33,24.2424,0.037756,10,0.303,-38487.92,-3.8488,10.0,-0.3748,-3.7483,8,0.2424,65081.63,6.5082,37.5,0.8384,6.7073,15,0.4545,52361.0,5.2361,26.6667,0.3605,5.407
735d6004,bull,s33|s65,2,0.021585085,0.010016336,-5.1203,0.0,-7.7176,33,33.3333,0.037201,12,0.3636,3948.9,0.3949,33.3333,0.0517,0.621,3,0.0909,2156.21,0.2156,33.3333,0.0517,0.1552,18,0.5455,7481.82,0.7482,33.3333,0.0517,0.9314
dd0fb797,bull,s9|s83|s21,3,0.0333536187,0.0164008723,2.015,0.0,-7.6393,17,41.1765,0.036948,1,0.0588,-17636.48,-1.7636,0.0,-1.6401,-1.6401,8,0.4706,15268.46,1.5268,37.5,0.2257,1.8056,8,0.4706,68577.67,6.8578,50.0,0.8476,6.7811
8878ff6c,bull,s70|s10|s87,3,0.0369139716,0.0199505312,0.4814,0.0,-9.8762,20,40.0,0.036919,4,0.2,-26938.62,-2.6939,25.0,-0.5734,-2.2938,5,0.25,13923.95,1.3924,40.0,0.2795,1.3976,11,0.55,62551.1,6.2551,45.4545,0.5897,6.4867
f8eeb534,bull,s95|s39|s87,3,0.0290527307,0.0119951327,4.8427,0.0,-5.4641,14,42.8571,0.036834,5,0.3571,21769.86,2.177,40.0,0.4424,2.212,4,0.2857,33778.01,3.3778,50.0,0.8529,3.4115,5,0.3571,21554.1,2.1554,40.0,0.4424,2.212
68feeb92,bull,s3|s38|s10,3,0.0377637904,0.0133287628,2.8629,0.0,-7.7823,22,31.8182,0.036766,3,0.1364,8954.17,0.8954,33.3333,0.3702,1.1106,5,0.2273,34861.3,3.4861,40.0,0.7108,3.5541,14,0.6364,16011.47,1.6011,28.5714,0.1269,1.7768
998492f7,bull,s30|s79|s3,3,0.0283622772,0.0147298606,-1.2822,0.0,-10.3209,24,37.5,0.036676,6,0.25,-3513.35,-0.3513,33.3333,-0.0366,-0.2195,2,0.0833,13550.97,1.3551,50.0,0.6816,1.3632,16,0.6667,20158.18,2.0158,37.5,0.143,2.2875
472788eb,bull,s30|s42|s11|s65,4,0.0240557558,0.0096772244,-2.9736,0.0,-6.3937,28,32.1429,0.036598,10,0.3571,2674.61,0.2675,30.0,0.0443,0.4427,5,0.1786,18664.0,1.8664,40.0,0.3816,1.908,13,0.4643,7619.27,0.7619,30.7692,0.0702,0.9128
0b4c5e91,bear,s29|s97|s72,3,0.019326602,0.0091008329,3.6776,0.0,-4.2011,12,50.0,0.036506,5,0.4167,39890.94,3.9891,60.0,0.7956,3.9778,4,0.3333,-8141.38,-0.8141,25.0,-0.1994,-0.7976,3,0.25,29172.7,2.9173,66.6667,0.9851,2.9552
e95146e7,bull,s44|s54|s27,3,0.0382418888,0.0137903812,2.5836,0.0,-7.8896,21,33.3333,0.0364,5,0.2381,-20750.22,-2.075,20.0,-0.3384,-1.692,5,0.2381,35866.25,3.5866,40.0,0.7023,3.5113,11,0.5238,54630.93,5.4631,36.3636,0.513,5.6435
39d7ef0a,bull,s96|s78|s26,3,0.0215084992,0.0105071323,-3.7658,0.0,-6.308,26,34.6154,0.036327,6,0.2308,31697.84,3.1698,50.0,0.5501,3.3004,7,0.2692,-10165.67,-1.0166,28.5714,-0.136,-0.9519,13,0.5,-10149.18,-1.0149,30.7692,-0.0656,-0.853
6ffcb00b,bear,s81|s16|s52,3,0.0280553276,0.015223495,-2.0925,0.0,-9.6039,24,37.5,0.036153,11,0.4583,3127.78,0.3128,36.3636,0.0514,0.5657,5,0.2083,10293.9,1.0294,40.0,0.2088,1.044,8,0.3333,5601.42,0.5601,37.5,0.1006,0.8049
d38b6a62,bull,s33|s10,2,0.0332279585,0.0159700965,-0.7852,0.0,-7.9858,22,36.3636,0.036077,3,0.1364,-417.2,-0.0417,33.3333,0.0429,0.1288,7,0.3182,33982.94,3.3983,42.8571,0.5115,3.5803,12,0.5455,3009.48,0.3009,33.3333,0.0429,0.5151
31007975,bull,s40|s87|s27,3,0.0431017076,0.0168893984,13.2273,0.0,-7.6604,10,50.0,0.035986,1,0.1,44920.44,4.492,100.0,4.3102,4.3102,3,0.3,3646.76,0.3647,33.3333,0.3108,0.9323,6,0.6,84752.77,8.4753,50.0,1.3106,7.8637
e5180635,bull,s60|s68|s40,3,0.0212312031,0.0126573768,4.1189,0.0,-5.5811,11,54.5455,0.035941,6,0.5455,25227.67,2.5228,50.0,0.4287,2.5721,3,0.2727,-5400.68,-0.5401,33.3333,-0.1361,-0.4084,2,0.1818,44023.3,4.4023,100.0,2.1231,4.2462
431aaca2,bull,s42|s48|s27,3,0.0377247179,0.0088072175,4.4274,0.0,-6.0542,23,26.087,0.035792,9,0.3913,10438.79,1.0439,22.2222,0.1533,1.3799,3,0.1304,68264.59,6.8265,66.6667,2.2214,6.6642,11,0.4783,-5020.94,-0.5021,18.1818,-0.0347,-0.3816
a372fd8f,bull,s83|s87|s44,3,0.0227301145,0.01129907,-0.3661,0.0,-5.402,18,38.8889,0.035639,12,0.6667,32802.58,3.2803,41.6667,0.288,3.4557,1,0.0556,-11297.5,-1.1298,0.0,-1.1299,-1.1299,5,0.2778,10804.77,1.0805,40.0,0.2313,1.1563
4a6ea2cc,bull,s10|s42|s93|s87,4,0.0188357008,0.0107399169,-2.3377,0.0,-7.2033,20,40.0,0.035616,11,0.55,-565.13,-0.0565,36.3636,0.0015,0.0163,3,0.15,-3126.11,-0.3126,33.3333,-0.0881,-0.2644,6,0.3,23381.59,2.3382,50.0,0.4048,2.4287
4c08d446,bull,s75|s82|s35|s70|s8,5,0.0372255888,0.0140017167,0.2688,0.0,-8.6855,25,32.0,0.035509,5,0.2,29631.85,2.9632,40.0,0.6489,3.2446,6,0.24,17172.96,1.7173,33.3333,0.3074,1.8444,14,0.56,6373.93,0.6374,28.5714,0.0635,0.8885
62cdeb05,bull,s9|s82|s26,3,0.0350529504,0.0138693535,-1.1225,0.0,-9.6498,28,32.1429,0.035274,3,0.1071,5433.19,0.5433,33.3333,0.2438,0.7314,6,0.2143,13807.82,1.3808,33.3333,0.2438,1.4628,19,0.6786,25971.69,2.5972,31.5789,0.158,3.0016
4627b36f,bull,s78|s54|s10,3,0.0384267022,0.0190431166,1.6589,0.0,-8.6278,18,38.8889,0.035071,4,0.2222,35470.47,3.547,50.0,0.9692,3.8767,5,0.2778,18364.32,1.8364,40.0,0.3945,1.9724,9,0.5,-991.86,-0.0992,33.3333,0.0113,0.1021
df9faae6,bull,s11|s84|s73,3,0.0330174562,0.0169022709,3.1001,0.0,-5.2388,14,42.8571,0.035071,3,0.2143,-1959.7,-0.196,33.3333,-0.0262,-0.0787,5,0.3571,63722.86,6.3723,60.0,1.305,6.5248,6,0.4286,-2516.35,-0.2516,33.3333,-0.0262,-0.1574
26fa3f5f,bull,s35|s87|s6,3,0.0271368793,0.013147462,-1.497,0.0,-7.808,22,36.3636,0.035059,7,0.3182,27224.86,2.7225,42.8571,0.4117,2.8821,5,0.2273,14143.46,1.4143,40.0,0.2966,1.4831,10,0.4545,-11942.02,-1.1942,30.0,-0.1062,-1.0622
5750e674,bull,s11|s6,2,0.0351242671,0.0146471997,3.9601,0.0,-6.3094,16,37.5,0.035012,2,0.125,-30682.13,-3.0682,0.0,-1.4647,-2.9294,5,0.3125,75391.79,7.5392,60.0,1.5216,7.6078,9,0.5625,16310.07,1.631,33.3333,0.1943,1.749
f0231931,bull,s41|s15|s9|s78,4,0.0273184415,0.0177938423,-4.4177,0.0,-8.5523,22,40.9091,0.034936,6,0.2727,-19125.12,-1.9125,33.3333,-0.2756,-1.6538,5,0.2273,1212.8,0.1213,40.0,0.0251,0.1255,11,0.5,27330.22,2.733,45.4545,0.2712,2.9829
e61bf45a,bull,s10|s38|s94,3,0.0292152951,0.0134984884,-3.3293,0.0,-7.8184,26,34.6154,0.034878,6,0.2308,1986.75,0.1987,33.3333,0.0739,0.4437,5,0.1923,17459.24,1.7459,40.0,0.3587,1.7935,15,0.5769,8657.83,0.8658,33.3333,0.0739,1.1092
d3a9c594,bull,s82|s68|s27,3,0.0474893072,0.0116410165,8.7729,0.0,-7.0034,17,29.4118,0.034788,2,0.1176,36381.1,3.6381,50.0,1.7924,3.5848,3,0.1765,-37304.3,-3.7304,0.0,-1.1641,-3.4923,12,0.7059,96172.53,9.6173,33.3333,0.8069,9.6829
88f9c83c,bull,s38|s10|s65|s88|s35,5,0.0263538248,0.0091093416,-3.2049,0.0,-6.125,31,29.0323,0.034659,12,0.3871,30747.99,3.0748,33.3333,0.2712,3.2541,5,0.1613,-10268.51,-1.0269,20.0,-0.2017,-1.0084,14,0.4516,11703.81,1.1704,28.5714,0.1023,1.4322
fe81edfd,bull,s34|s10,2,0.0387443537,0.0137253673,1.7515,0.0,-7.6932,23,30.4348,0.034606,4,0.1739,-4897.71,-0.4898,25.0,-0.0608,-0.2432,4,0.1739,49180.88,4.9181,50.0,1.2509,5.0038,15,0.6522,1511.78,0.1512,26.6667,0.0267,0.3998
043fb042,bull,s15|s42|s2,3,0.0282469438,0.0137103302,-2.4126,0.0,-7.0383,22,36.3636,0.034463,5,0.2273,13825.43,1.3825,40.0,0.3073,1.5363,4,0.1818,-13571.14,-1.3571,25.0,-0.3221,-1.2884,13,0.5909,29112.51,2.9113,38.4615,0.2427,3.1552
c8904d39,bull,s60|s96|s27,3,0.0243290389,0.0082475162,-2.3474,0.0,-7.3827,31,29.0323,0.034447,10,0.3226,13531.8,1.3532,30.0,0.1525,1.5255,6,0.1935,79094.86,7.9095,66.6667,1.347,8.0821,15,0.4839,-58756.55,-5.8757,13.3333,-0.3904,-5.856
fdded2b8,bull,s92|s10|s27,3,0.0415850154,0.0086217668,7.6323,0.0,-6.1008,18,27.7778,0.034402,2,0.1111,32932.48,3.2932,50.0,1.6482,3.2963,7,0.3889,38494.68,3.8495,28.5714,0.5723,4.0061,9,0.5,22651.24,2.2651,22.2222,0.2535,2.2818
c972f2e4,bull,s69|s38|s14,3,0.0275583737,0.0138392206,-3.7573,0.0,-8.1574,25,36.0,0.034249,7,0.28,24943.35,2.4943,42.8571,0.3903,2.7318,4,0.16,-14264.99,-1.4265,25.0,-0.349,-1.3959,14,0.56,10965.45,1.0965,35.7143,0.0946,1.3239
082e237e,bull,s45|s5|s27,3,0.0191645272,0.0080578229,-5.6403,0.0,-12.6797,46,32.6087,0.034248,15,0.3261,41679.76,4.168,40.0,0.2831,4.2467,10,0.2174,27959.27,2.7959,40.0,0.2831,2.8311,21,0.4565,-34154.31,-3.4154,23.8095,-0.1576,-3.3103
948012c2,bull,s36|s10|s27,3,0.0368457147,0.0087119472,0.135,0.0,-7.1509,33,24.2424,0.034198,9,0.2727,-34438.67,-3.4439,11.1111,-0.365,-3.285,6,0.1818,82990.2,8.299,50.0,1.4067,8.4401,18,0.5455,22163.16,2.2163,22.2222,0.1412,2.5416
210e2902,bull,s68|s65|s33|s46,4,0.0356828695,0.0149361205,9.7297,0.0,-6.0036,10,50.0,0.034182,4,0.4,-11198.58,-1.1199,25.0,-0.2281,-0.9125,2,0.2,18601.75,1.8602,50.0,1.0373,2.0747,4,0.4,97161.78,9.7162,75.0,2.3028,9.2112
013f8490,bull,s40|s78|s14|s96,4,0.0281606926,0.014588652,0.5596,0.0,-8.601,17,41.1765,0.033988,3,0.1765,-45098.59,-4.5099,0.0,-1.4589,-4.3766,4,0.2353,25267.76,2.5268,50.0,0.6786,2.7144,10,0.5882,67432.71,6.7433,50.0,0.6786,6.786
149da310,bull,s34|s21,2,0.0460215877,0.0177361585,9.8674,0.0,-7.6554,12,41.6667,0.033961,2,0.1667,29482.42,2.9482,50.0,1.4143,2.8285,3,0.25,5686.38,0.5686,33.3333,0.3516,1.0549,7,0.5833,68887.12,6.8887,42.8571,0.9589,6.712
f1c04182,bull,s65|s4|s8|s24,4,0.0294401592,0.0107008246,-1.7877,0.0,-6.6308,26,30.7692,0.033937,8,0.3077,32626.17,3.2626,37.5,0.4352,3.4816,4,0.1538,-3521.3,-0.3521,25.0,-0.0666,-0.2662,14,0.5385,9273.21,0.9273,28.5714,0.0768,1.0752
460ae46b,bull,s38|s21|s27,3,0.0350942885,0.0129483295,3.0036,0.0,-6.1169,17,35.2941,0.033846,4,0.2353,-5682.07,-0.5682,25.0,-0.0938,-0.3751,6,0.3529,65425.37,6.5425,50.0,1.1073,6.6438,7,0.4118,5101.25,0.5101,28.5714,0.0778,0.5447
eac01b45,bull,s65|s8|s27,3,0.0250029729,0.0139007711,-5.5777,0.0,-10.4343,30,36.6667,0.033832,8,0.2667,-34068.49,-3.4068,25.0,-0.4175,-3.3399,6,0.2,31879.47,3.1879,50.0,0.5551,3.3307,16,0.5333,8754.97,0.8755,37.5,0.0688,1.101
71e10c87,bull,s11|s63|s35|s59|s88,5,0.0393026122,0.0129154912,8.9224,0.0,-6.649,12,41.6667,0.033778,2,0.1667,25193.4,2.5193,50.0,1.3194,2.6387,5,0.4167,-16019.34,-1.6019,20.0,-0.2472,-1.2359,5,0.4167,96820.16,9.682,60.0,1.8415,9.2077
444f36be,bull,s78|s39|s75,3,0.0337027422,0.0188519338,-0.4047,0.0,-7.6268,17,41.1765,0.03367,3,0.1765,-5243.43,-0.5243,33.3333,-0.1334,-0.4001,5,0.2941,61405.12,6.1405,60.0,1.2681,6.3404,9,0.5294,-14176.31,-1.4176,33.3333,-0.1334,-1.2003
7456083e,bull,s96|s32|s60|s39|s3,5,0.023051787,0.0120142563,-6.0997,0.0,-10.6735,34,35.2941,0.033635,12,0.3529,-39019.09,-3.9019,25.0,-0.3248,-3.8973,4,0.1176,54879.75,5.488,75.0,1.4285,5.7141,18,0.5294,-7692.05,-0.7692,33.3333,-0.0326,-0.586
ff518ef2,bull,s70|s30|s91,3,0.0446424657,0.0132028281,6.1315,0.0,-10.3843,20,30.0,0.033349,4,0.2,-56489.43,-5.6489,0.0,-1.3203,-5.2811,3,0.15,19225.11,1.9225,33.3333,0.6079,1.8237,13,0.65,116436.57,11.6437,38.4615,0.9045,11.759
ec5662f6,bull,s10|s5|s8,3,0.0377403846,0.011020998,-0.7415,0.0,-7.2195,30,26.6667,0.033225,7,0.2333,-30131.46,-3.0131,14.2857,-0.4055,-2.8386,7,0.2333,67376.69,6.7377,42.8571,0.9877,6.9137,16,0.5333,15709.49,1.5709,25.0,0.1169,1.871
dbd38349,bull,s42|s43|s9,3,0.0326262442,0.0167266688,-4.0449,0.0,-8.4689,25,36.0,0.033207,6,0.24,-52088.91,-5.2089,16.6667,-0.8501,-5.1007,6,0.24,45274.9,4.5275,50.0,0.795,4.7699,13,0.52,25598.2,2.5598,38.4615,0.2255,2.9318
57fd58ca,bull,s91|s54|s42,3,0.0250732612,0.0122236183,-3.2561,0.0,-11.6115,28,35.7143,0.033199,4,0.1429,-11784.64,-1.1785,25.0,-0.2899,-1.1598,8,0.2857,12566.21,1.2566,37.5,0.1763,1.4102,16,0.5714,26440.89,2.6441,37.5,0.1763,2.8203
1985e8f0,bull,s3|s65|s78|s84,4,0.0319237418,0.0190973455,-0.7603,0.0,-7.6703,17,41.1765,0.033142,4,0.2353,23291.57,2.3292,50.0,0.6413,2.5653,3,0.1765,-6573.19,-0.6573,33.3333,-0.209,-0.6271,10,0.5882,10451.06,1.0451,40.0,0.1311,1.3111
0ed65602,bull,s44|s55|s27,3,0.0365159129,0.0132326078,0.6477,0.0,-7.6781,22,31.8182,0.033005,5,0.2273,-19759.15,-1.9759,20.0,-0.3283,-1.6415,5,0.2273,33442.66,3.3443,40.0,0.6667,3.3334,12,0.5455,38010.72,3.8011,33.3333,0.335,4.0203
4de5d5ae,bull,s54|s10|s27,3,0.0377041058,0.0109012288,0.8448,0.0,-7.1328,25,28.0,0.03299,9,0.36,-52208.78,-5.2209,11.1111,-0.5501,-4.9506,6,0.24,79939.97,7.994,50.0,1.3401,8.0409,10,0.4,35394.12,3.5394,30.0,0.368,3.6804
d98a3a65,bull,s42|s70|s5,3,0.0342872449,0.016698756,-1.0006,0.0,-10.0903,22,36.3636,0.03292,5,0.2273,15297.24,1.5297,40.0,0.3696,1.8478,5,0.2273,18073.32,1.8073,40.0,0.3696,1.8478,12,0.5455,1438.98,0.1439,33.3333,0.0297,0.3559
df218183,bull,s64|s59|s9,3,0.0271940487,0.011721733,-4.0461,0.0,-9.2739,31,32.2581,0.032716,8,0.2581,-55549.59,-5.555,12.5,-0.6857,-5.4858,6,0.1935,45256.99,4.5257,50.0,0.7736,4.6417,17,0.5484,31417.65,3.1418,35.2941,0.2013,3.4225
6369dec7,bull,s91|s10|s30|s33,4,0.0455961453,0.0140768195,8.953,0.0,-8.8545,14,35.7143,0.03259,1,0.0714,46492.48,4.6492,100.0,4.5596,4.5596,5,0.3571,-16234.7,-1.6235,20.0,-0.2142,-1.0711,8,0.5714,69326.78,6.9327,37.5,0.8301,6.6404
5d6d833b,bull,s82|s1|s70,3,0.0208320016,0.0135192261,-9.1059,0.0,-13.6874,41,39.0244,0.032462,9,0.2195,14332.27,1.4332,44.4444,0.1748,1.5732,5,0.122,413.93,0.0414,40.0,0.0221,0.1106,27,0.6585,-23621.27,-2.3621,37.037,-0.0797,-2.1507
2cf9a1d4,bear,s52|s97|s28|s89|s57,5,0.030891916,0.0187015003,9.8723,0.0,-8.0364,8,62.5,0.032461,2,0.25,12553.55,1.2554,50.0,0.6095,1.219,1,0.125,31752.74,3.1753,100.0,3.0892,3.0892,5,0.625,55235.64,5.5236,60.0,1.1055,5.5273
051c9e9e,bull,s38|s5|s78|s59|s14,5,0.0315968946,0.0146830173,0.2256,0.0,-8.7077,19,36.8421,0.032416,5,0.2632,64332.41,6.4332,60.0,1.3085,6.5425,4,0.2105,-13695.48,-1.3695,25.0,-0.3113,-1.2452,10,0.5263,-9775.16,-0.9775,30.0,-0.0799,-0.799
75db0e04,bull,s32|s10|s82|s38,4,0.0306429008,0.0154298978,-3.7085,0.0,-6.3651,23,34.7826,0.032393,5,0.2174,-31946.05,-3.1946,20.0,-0.6215,-3.1077,5,0.2174,58557.85,5.8558,60.0,1.2214,6.1069,13,0.5652,-18641.98,-1.8642,30.7692,-0.1254,-1.6297
a3ed8a2c,bull,s43|s53|s12|s5|s8,5,0.032896638,0.0140318408,-0.8983,0.0,-10.1331,23,34.7826,0.032363,7,0.3043,39607.32,3.9607,42.8571,0.608,4.2563,6,0.2609,9317.93,0.9318,33.3333,0.1611,0.9666,10,0.4348,-593.48,-0.0593,30.0,0.0047,0.0467
0bb764f5,bull,s68|s35|s84,3,0.0271734549,0.0112304827,-1.4117,0.0,-9.0327,24,33.3333,0.032282,9,0.375,49998.9,4.9999,44.4444,0.5838,5.2541,5,0.2083,-18079.7,-1.808,20.0,-0.355,-1.7748,10,0.4167,1633.33,0.1633,30.0,0.0291,0.2907
1c2146bb,bull,s43|s6,2,0.0380605965,0.016593147,0.3966,0.0,-8.6468,20,35.0,0.032258,4,0.2,95707.3,9.5707,75.0,2.4397,9.7589,7,0.35,-8419.19,-0.8419,28.5714,-0.0978,-0.6845,9,0.45,-42410.77,-4.2411,22.2222,-0.4448,-4.0031
e142c3a8,bull,s91|s34|s75,3,0.0350734224,0.0192121332,-2.9726,0.0,-8.5583,21,38.0952,0.032223,5,0.2381,9041.34,0.9041,40.0,0.2502,1.251,2,0.0952,15738.19,1.5738,50.0,0.7931,1.5861,14,0.6667,-1924.36,-0.1924,35.7143,0.0176,0.2458
9bbed4d8,bull,s91|s79|s26,3,0.0222897417,0.0146605314,-5.2839,0.0,-8.858,23,39.1304,0.032054,6,0.2609,-13937.43,-1.3937,33.3333,-0.2344,-1.4063,6,0.2609,20226.29,2.0226,50.0,0.3815,2.2888,11,0.4783,-15274.44,-1.5274,36.3636,-0.1224,-1.3465
4c04247c,bull,s5|s14|s1,3,0.0297544654,0.0159010946,-3.3952,0.0,-10.7337,24,37.5,0.032025,9,0.375,81631.16,8.1631,55.5556,0.9463,8.5168,3,0.125,-47338.39,-4.7338,0.0,-1.5901,-4.7703,12,0.5,-10160.58,-1.0161,33.3333,-0.0683,-0.8191
c5fcbe11,bull,s70|s65|s27,3,0.0353409075,0.0149244183,0.6875,0.0,-9.2456,20,35.0,0.032005,3,0.15,4561.21,0.4561,33.3333,0.1831,0.5492,6,0.3,8537.61,0.8538,33.3333,0.1831,1.0984,11,0.55,35387.66,3.5388,36.3636,0.3354,3.6893
5561ccbe,bull,s63|s14|s96|s34|s42,5,0.0310082609,0.0145085569,-2.0707,0.0,-8.9685,23,34.7826,0.031813,7,0.3043,32042.47,3.2042,42.8571,0.4999,3.4991,5,0.2174,17919.17,1.7919,40.0,0.3698,1.8491,11,0.4783,-24415.09,-2.4415,27.2727,-0.2095,-2.3044
e0290542,bull,s95|s38|s64,3,0.0317392049,0.0183876494,-3.2749,0.0,-8.5684,21,38.0952,0.031702,5,0.2381,-44021.17,-4.4021,20.0,-0.8362,-4.1811,6,0.2857,38422.36,3.8422,50.0,0.6676,4.0055,10,0.4762,14074.99,1.4075,40.0,0.1663,1.6631
213dd5d2,bull,s68|s43|s10,3,0.0341715066,0.0160442212,-2.9363,0.0,-7.9434,23,34.7826,0.031635,4,0.1739,-16390.94,-1.6391,25.0,-0.349,-1.3961,6,0.2609,52478.18,5.2478,50.0,0.9064,5.4382,13,0.5652,-9943.23,-0.9943,30.7692,-0.0593,-0.7712
f9dc0924,bull,s42|s64|s68,3,0.032906241,0.0193914327,-2.7358,0.0,-9.9958,20,40.0,0.031628,4,0.2,-27799.12,-2.7799,25.0,-0.6317,-2.5268,4,0.2,26366.4,2.6366,50.0,0.6757,2.703,12,0.6,25085.23,2.5085,41.6667,0.2399,2.8791
f124364d,bull,s79|s21|s12,3,0.0336569355,0.0184514059,5.7364,0.0,-4.9603,10,50.0,0.031613,1,0.1,33283.91,3.3284,100.0,3.3657,3.3657,4,0.4,-22711.48,-2.2711,25.0,-0.5424,-2.1697,5,0.5,63931.98,6.3932,60.0,1.2814,6.4068
6b2b7f3c,bull,s24|s5|s1,3,0.0206366903,0.0128968166,-8.6812,0.0,-10.5223,35,37.1429,0.031596,11,0.3143,-7936.63,-0.7937,36.3636,-0.0703,-0.7731,4,0.1143,-49528.24,-4.9528,0.0,-1.2897,-5.1587,20,0.5714,38566.77,3.8567,45.0,0.2193,4.3865
6baa8219,bull,s95|s84|s33|s64,4,0.0301883434,0.0147117619,-0.7632,0.0,-8.15,19,36.8421,0.031549,4,0.2105,73746.33,7.3746,75.0,1.8963,7.5853,8,0.4211,15342.48,1.5342,37.5,0.2126,1.7006,7,0.3684,-58408.89,-5.8409,14.2857,-0.8297,-5.8082
d73d8606,bear,s72|s29|s52|s22,4,0.0262530506,0.0154269575,5.076,0.0,-3.9256,9,55.5556,0.031535,3,0.3333,80343.63,8.0344,100.0,2.6253,7.8759,3,0.3333,-48254.63,-4.8255,0.0,-1.5427,-4.6281,3,0.3333,36988.62,3.6989,66.6667,1.236,3.7079
ccd64033,bull,s41|s12|s21,3,0.0316699474,0.0143784293,-2.7214,0.0,-10.8199,26,34.6154,0.03146,5,0.1923,-26968.64,-2.6969,20.0,-0.5169,-2.5844,7,0.2692,35855.77,3.5856,42.8571,0.5357,3.7496,14,0.5385,26283.11,2.6283,35.7143,0.2067,2.8944
183b2812,bull,s78|s70|s55,3,0.0425787562,0.0106909039,6.5992,0.0,-7.5126,17,29.4118,0.031312,4,0.2353,63128.34,6.3128,50.0,1.5944,6.3776,4,0.2353,-45372.09,-4.5372,0.0,-1.0691,-4.2764,9,0.5294,64138.95,6.4139,33.3333,0.7066,6.3591
d1d3fa1a,bear,s20|s31|s101,3,0.0278727258,0.0159216396,-1.4932,0.0,-7.9388,18,38.8889,0.031276,6,0.3333,-8472.67,-0.8473,33.3333,-0.1324,-0.7941,5,0.2778,7204.46,0.7204,40.0,0.1596,0.7981,7,0.3889,17652.44,1.7652,42.8571,0.2847,1.9932
684a4acd,bull,s95|s70|s27,3,0.0467052143,0.0130570715,7.2577,0.0,-8.3821,16,31.25,0.031243,1,0.0625,47201.92,4.7202,100.0,4.6705,4.6705,5,0.3125,-9941.12,-0.9941,20.0,-0.1105,-0.5523,10,0.625,49419.25,4.9419,30.0,0.4872,4.8716
df73d544,bull,s87|s58|s11,3,0.0365285382,0.0154733466,-0.9138,0.0,-7.3311,21,33.3333,0.031228,2,0.0952,19529.02,1.9529,50.0,1.0528,2.1055,6,0.2857,59188.69,5.9189,50.0,1.0528,6.3166,13,0.619,-46239.95,-4.624,23.0769,-0.3473,-4.5148
684192b5,bull,s47|s6|s58|s38|s34,5,0.0188407434,0.0124450519,-7.6645,0.0,-9.803,29,37.931,0.031161,12,0.4138,5345.51,0.5346,41.6667,0.0591,0.7088,4,0.1379,-17402.37,-1.7402,25.0,-0.4624,-1.8494,13,0.4483,-7036.36,-0.7036,38.4615,-0.0412,-0.5357
db54ef9c,bull,s95|s5|s27,3,0.0417706234,0.0111953813,5.5388,0.0,-6.2804,17,29.4118,0.031127,5,0.2941,49672.79,4.9673,40.0,0.9991,4.9955,5,0.2941,48239.04,4.8239,40.0,0.9991,4.9955,7,0.4118,-26610.41,-2.661,14.2857,-0.3629,-2.5402
b8c7bf40,bull,s41|s2|s82|s38|s84,5,0.0243901107,0.0109782919,-6.1347,0.0,-10.2335,37,32.4324,0.031123,8,0.2162,-51043.35,-5.1043,12.5,-0.6557,-5.2458,8,0.2162,50216.62,5.0217,50.0,0.6706,5.3647,21,0.5676,13362.87,1.3363,33.3333,0.0811,1.7035
a8e49d78,bull,s69|s78|s45|s53|s64,5,0.0239782073,0.0137252982,-4.1176,0.0,-10.5505,24,37.5,0.030901,7,0.2917,-60126.11,-6.0126,14.2857,-0.8339,-5.8374,5,0.2083,6935.58,0.6936,40.0,0.1356,0.6781,12,0.5,60184.83,6.0185,50.0,0.5126,6.1517
39801dcf,bull,s40|s30|s5|s58|s3,5,0.0272115358,0.0141280412,-3.7684,0.0,-7.9771,22,36.3636,0.030838,8,0.3636,-32674.07,-3.2674,25.0,-0.3793,-3.0345,4,0.1818,26247.35,2.6247,50.0,0.6542,2.6167,10,0.4545,22364.78,2.2365,40.0,0.2408,2.4078
c80c8c41,bull,s33|s78|s41|s12,4,0.0361446094,0.010592764,0.6884,0.0,-8.3986,25,28.0,0.030779,7,0.28,110478.23,11.0478,57.1429,1.6114,11.28,5,0.2,-7293.12,-0.7293,20.0,-0.1245,-0.6226,13,0.52,-45649.64,-4.565,15.3846,-0.3402,-4.4231
d47130e5,bull,s88|s65|s34,3,0.0413401202,0.0189831557,0.5594,0.0,-10.7082,19,36.8421,0.030643,2,0.1053,-39467.59,-3.9468,0.0,-1.8983,-3.7966,5,0.2632,22900.96,2.2901,40.0,0.5146,2.5731,12,0.6316,71554.04,7.1554,41.6667,0.6152,7.3819
5b9fb2de,bull,s30|s24|s27,3,0.0444499556,0.0123533155,1.5594,0.0,-9.4247,26,26.9231,0.030541,7,0.2692,-32827.73,-3.2828,14.2857,-0.4239,-2.967,6,0.2308,38893.25,3.8893,33.3333,0.6581,3.9487,13,0.5,63849.2,6.3849,30.7692,0.5125,6.662
0363ddaf,bull,s45|s42|s21,3,0.0313796485,0.0108660335,4.1938,0.0,-5.019,13,38.4615,0.030447,6,0.4615,18027.21,1.8027,33.3333,0.3216,1.9295,4,0.3077,-2605.4,-0.2605,25.0,-0.0305,-0.1218,3,0.2308,53149.26,5.3149,66.6667,1.7298,5.1893
32f8cb90,bear,s18|s51|s19|s17,4,0.0277640892,0.0177628278,-0.9637,0.0,-5.4068,14,42.8571,0.030379,6,0.4286,28979.86,2.898,50.0,0.5001,3.0004,2,0.1429,-36440.75,-3.6441,0.0,-1.7763,-3.5526,6,0.4286,28681.05,2.8681,50.0,0.5001,3.0004
99346f0a,bull,s83|s68|s64,3,0.0522369113,0.0083650702,11.3928,0.0,-8.36,15,26.6667,0.030147,4,0.2667,29277.63,2.9278,25.0,0.6785,2.7142,4,0.2667,23879.58,2.388,25.0,0.6785,2.7142,7,0.4667,64566.47,6.4566,28.5714,0.895,6.2648
6a95bfbf,bull,s40|s60|s73|s41|s88,5,0.0393590531,0.0103107417,5.4484,0.0,-7.1525,17,29.4118,0.030114,7,0.4118,-25362.63,-2.5363,14.2857,-0.3215,-2.2505,3,0.1765,17005.25,1.7005,33.3333,0.6246,1.8738,7,0.4118,79037.4,7.9037,42.8571,1.0976,7.6834
a5cb8abe,bull,s43|s82|s75,3,0.0387670021,0.0175795988,1.6775,0.0,-8.1618,17,35.2941,0.029956,0,0.0,0.0,0.0,0.0,0.0,0.0,3,0.1765,-53650.78,-5.3651,0.0,-1.758,-5.2739,14,0.8235,87105.0,8.7105,42.8571,0.6569,9.1965
3ddea7a8,bull,s95|s10|s26,3,0.0264760456,0.0140219503,0.7993,0.0,-8.2818,14,42.8571,0.029938,4,0.2857,24141.36,2.4141,50.0,0.6227,2.4908,5,0.3571,51103.09,5.1103,60.0,1.0277,5.1384,5,0.3571,-30661.47,-3.0661,20.0,-0.5922,-2.9612
e268345c,bull,s4|s6,2,0.035674374,0.0129240159,1.8385,0.0,-8.1857,18,33.3333,0.029807,4,0.2222,94101.6,9.4102,75.0,2.3525,9.4099,5,0.2778,-18162.89,-1.8163,20.0,-0.3204,-1.6022,9,0.5,-20529.66,-2.053,22.2222,-0.2124,-1.9119
fe507c60,bull,s68|s64|s4|s8,4,0.0217623571,0.01283328,-7.1302,0.0,-12.4692,32,37.5,0.029806,10,0.3125,42399.77,4.24,50.0,0.4465,4.4645,6,0.1875,-40632.37,-4.0632,16.6667,-0.7067,-4.2404,16,0.5,650.26,0.065,37.5,0.014,0.2241
1ed01b57,bull,s15|s38|s27,3,0.0335185413,0.0110785917,-0.6582,0.0,-7.7222,24,29.1667,0.029616,8,0.3333,-1032.62,-0.1033,25.0,0.0071,0.0566,4,0.1667,-562.18,-0.0562,25.0,0.0071,0.0283,12,0.5,43615.89,4.3616,33.3333,0.3787,4.5445
b41fe694,bull,s75|s34|s83|s6|s36,5,0.0335133019,0.0173609215,-1.7262,0.0,-8.6042,19,36.8421,0.029567,5,0.2632,63498.94,6.3499,60.0,1.3164,6.5818,4,0.2105,-19250.09,-1.925,25.0,-0.4642,-1.8569,10,0.5263,-23226.64,-2.3227,30.0,-0.2099,-2.0987
476c382b,bull,s15|s36|s5,3,0.0363801236,0.0141904875,-0.1943,0.0,-9.6615,21,33.3333,0.0295,4,0.1905,43258.46,4.3258,50.0,1.1095,4.4379,4,0.1905,-7552.5,-0.7552,25.0,-0.1548,-0.6191,13,0.619,15576.92,1.5577,30.7692,0.137,1.7806
87f03a20,bull,s82|s47|s8,3,0.0297696304,0.0101803446,-3.4715,0.0,-8.1632,32,28.125,0.02944,6,0.1875,16855.56,1.6856,33.3333,0.3136,1.8818,7,0.2188,7263.94,0.7264,28.5714,0.1234,0.8638,19,0.5938,3786.84,0.3787,26.3158,0.0333,0.6323
39fc8e68,bull,s39|s38|s7,3,0.0353959021,0.018168293,-4.1858,0.0,-7.8691,23,34.7826,0.029439,5,0.2174,-38410.68,-3.8411,20.0,-0.7455,-3.7277,5,0.2174,65872.38,6.5872,60.0,1.397,6.9851,13,0.5652,-24796.84,-2.4797,30.7692,-0.1687,-2.1931
f86ba9c5,bull,s73|s21|s30,3,0.0226463993,0.01393731,-0.8389,0.0,-6.7712,14,42.8571,0.029373,4,0.2857,53676.54,5.3677,75.0,1.35,5.4002,3,0.2143,-5747.25,-0.5747,33.3333,-0.1743,-0.5228,7,0.5,-25618.6,-2.5619,28.5714,-0.3485,-2.4394
d8260d20,bull,s84|s6|s44|s46,4,0.0221114522,0.0144247529,-2.8856,0.0,-8.5766,17,41.1765,0.029327,5,0.2941,35893.74,3.5894,60.0,0.7497,3.7485,4,0.2353,-20821.15,-2.0821,25.0,-0.5291,-2.1163,8,0.4706,-6865.63,-0.6866,37.5,-0.0724,-0.5789
42b61dd5,bear,s67|s89|s18|s52,4,0.036966895,0.0175002599,4.9694,0.0,-7.6976,12,41.6667,0.029228,4,0.3333,39051.12,3.9051,50.0,0.9733,3.8933,2,0.1667,17395.58,1.7396,50.0,0.9733,1.9467,6,0.5,2627.02,0.2627,33.3333,0.0655,0.3933
e1073abe,bull,s2|s84|s33,3,0.0303181719,0.0191884454,-2.9984,0.0,-8.6832,17,41.1765,0.029065,5,0.2941,-47790.66,-4.7791,20.0,-0.9287,-4.6436,3,0.1765,40195.55,4.0196,66.6667,1.3816,4.1448,9,0.5294,22592.04,2.2592,44.4444,0.2814,2.533
d2990169,bull,s44|s7|s40|s94,4,0.0274310581,0.0127393851,-3.674,0.0,-8.3824,24,33.3333,0.028875,6,0.25,2053.62,0.2054,33.3333,0.0651,0.3905,3,0.125,1699.02,0.1699,33.3333,0.0651,0.1952,15,0.625,7089.07,0.7089,33.3333,0.0651,0.9761
d8229077,bull,s44|s94|s5|s43,4,0.0307686047,0.0179072176,-1.1949,0.0,-10.5716,18,38.8889,0.028862,8,0.4444,-49152.81,-4.9153,25.0,-0.5738,-4.5906,2,0.1111,13447.84,1.3448,50.0,0.6431,1.2861,8,0.4444,49665.68,4.9666,50.0,0.6431,5.1446
8bc7e100,bull,s60|s3|s70|s40,4,0.0278381401,0.0164117771,-1.2379,0.0,-6.3224,15,40.0,0.028824,4,0.2667,-23332.66,-2.3333,25.0,-0.5349,-2.1397,1,0.0667,27739.55,2.774,100.0,2.7838,2.7838,10,0.6667,11306.66,1.1307,40.0,0.1288,1.2882
9ed37de4,bull,s7|s21|s40,3,0.0473498965,0.0107002905,11.1987,0.0,-7.6795,11,36.3636,0.028786,0,0.0,0.0,0.0,0.0,0.0,0.0,4,0.3636,10194.25,1.0194,25.0,0.3812,1.5249,7,0.6364,105272.53,10.5273,42.8571,1.4178,9.9249
17bb5e07,bull,s82|s74|s27,3,0.0394224951,0.0191909944,-0.3719,0.0,-10.5333,20,35.0,0.028765,6,0.3,-1434.97,-0.1435,33.3333,0.0347,0.2081,1,0.05,39628.66,3.9629,100.0,3.9422,3.9422,13,0.65,-18523.01,-1.8523,30.7692,-0.1156,-1.5029
6f2a9868,bull,s65|s3|s27,3,0.0235834238,0.0082696793,-5.2084,0.0,-11.2952,45,28.8889,0.028753,17,0.3778,16053.05,1.6053,29.4118,0.1099,1.8681,7,0.1556,38486.69,3.8487,42.8571,0.5382,3.7672,21,0.4667,-15248.13,-1.5248,23.8095,-0.0686,-1.4398
678cf22d,bull,s9|s91|s14|s94,4,0.032431635,0.0183859917,-0.8598,0.0,-11.1689,18,38.8889,0.028699,5,0.2778,7851.62,0.7852,40.0,0.1941,0.9705,1,0.0556,-18438.41,-1.8438,0.0,-1.8386,-1.8386,12,0.6667,30593.23,3.0593,41.6667,0.2788,3.3456
1a0b91ca,bull,s82|s68|s3,3,0.0310374588,0.0195113552,-2.3569,0.0,-12.9783,20,40.0,0.028655,5,0.25,-48283.89,-4.8284,20.0,-0.9402,-4.7008,3,0.15,42197.13,4.2197,66.6667,1.4188,4.2564,12,0.6,15561.3,1.5561,41.6667,0.1551,1.8608
6388e57e,bull,s6|s33|s46,3,0.0266116421,0.0139943193,-3.0713,0.0,-10.6527,22,36.3636,0.028533,7,0.3182,21006.41,2.1006,42.8571,0.3408,2.3858,6,0.2727,-2218.33,-0.2218,33.3333,-0.0459,-0.2754,9,0.4091,-5121.78,-0.5122,33.3333,-0.0459,-0.4131
babcfb81,bull,s39|s41|s83|s30|s33,5,0.0297464225,0.0190569881,-4.7016,0.0,-10.0085,20,40.0,0.028467,4,0.2,-75810.8,-7.5811,0.0,-1.9057,-7.6228,5,0.25,96473.61,9.6474,80.0,1.9986,9.9929,11,0.55,-16725.66,-1.6726,36.3636,-0.131,-1.4413
6eb1de34,bull,s60|s14|s27,3,0.0318602906,0.0150393678,-3.1871,0.0,-10.0014,23,34.7826,0.028334,7,0.3043,79825.29,7.9825,57.1429,1.176,8.2323,5,0.2174,-28986.86,-2.8987,20.0,-0.5659,-2.8297,11,0.4783,-26651.64,-2.6652,27.2727,-0.2249,-2.4734
6057b57b,bull,s34|s9|s27,3,0.0382793581,0.0121275845,-1.3623,0.0,-9.4876,29,27.5862,0.028331,5,0.1724,-62017.48,-6.2017,0.0,-1.2128,-6.0638,6,0.2069,27366.2,2.7366,33.3333,0.4675,2.8048,18,0.6207,80055.52,8.0056,33.3333,0.4675,8.4145
c695d110,bull,s4|s64|s45|s15|s44,5,0.0287274269,0.0115352481,-4.7576,0.0,-7.9185,30,30.0,0.028328,8,0.2667,-13017.28,-1.3017,25.0,-0.147,-1.1757,7,0.2333,-438.91,-0.0439,28.5714,-0.0032,-0.0221,15,0.5,24724.31,2.4724,33.3333,0.1886,2.8285
0cc25492,bull,s88|s93|s64|s96,4,0.026718014,0.0169997785,-1.4713,0.0,-7.1712,14,42.8571,0.028328,6,0.4286,-15144.6,-1.5145,33.3333,-0.2427,-1.4563,2,0.1429,8766.58,0.8767,50.0,0.4859,0.9718,6,0.4286,27173.4,2.7173,50.0,0.4859,2.9155
c63f4332,bull,s6|s39,2,0.040681601,0.0132739945,4.8137,0.0,-8.2931,15,33.3333,0.028313,0,0.0,0.0,0.0,0.0,0.0,0.0,6,0.4,25164.98,2.5165,33.3333,0.4711,2.8267,9,0.6,42671.94,4.2672,33.3333,0.4711,4.2401
b1920f3c,bull,s45|s35|s65|s30,4,0.0286176664,0.0187927323,-3.644,0.0,-8.6376,17,41.1765,0.028234,5,0.2941,-910.18,-0.091,40.0,0.0171,0.0857,2,0.1176,9316.41,0.9316,50.0,0.4912,0.9825,10,0.5882,-424.23,-0.0424,40.0,0.0171,0.1714
b26a3f66,bull,s60|s87|s4|s94|s43,5,0.0290116401,0.0173881965,-2.0828,0.0,-9.9931,18,38.8889,0.028208,4,0.2222,-24721.2,-2.4721,25.0,-0.5788,-2.3153,3,0.1667,-6340.64,-0.6341,33.3333,-0.1922,-0.5765,11,0.6111,39087.75,3.9088,45.4545,0.3703,4.0729
abe30b47,bull,s9|s10|s34,3,0.034041277,0.0125783448,-2.6353,0.0,-8.7084,27,29.6296,0.0282,4,0.1481,-50527.47,-5.0527,0.0,-1.2578,-5.0313,6,0.2222,61974.51,6.1975,50.0,1.0731,6.4389,17,0.6296,16329.97,1.633,29.4118,0.1133,1.9266
e1fab0d1,bull,s54|s42|s69|s44,4,0.022284631,0.0139472203,-5.8538,0.0,-10.2129,24,37.5,0.028054,9,0.375,-18393.33,-1.8393,33.3333,-0.187,-1.6829,4,0.1667,-54086.98,-5.4087,0.0,-1.3947,-5.5789,11,0.4583,61132.61,6.1133,54.5455,0.5816,6.3972
407470be,bull,s88|s46|s21,3,0.0477962769,0.015147002,10.7164,0.0,-7.662,10,40.0,0.027976,2,0.2,33104.39,3.3104,50.0,1.6325,3.2649,3,0.3,13447.54,1.3448,33.3333,0.5834,1.7502,5,0.5,52974.29,5.2974,40.0,1.003,5.0152
69859de2,bull,s70|s32|s27,3,0.0336928311,0.014392953,-3.163,0.0,-9.1694,25,32.0,0.02792,5,0.2,-25541.2,-2.5541,20.0,-0.4776,-2.3879,6,0.24,56220.58,5.6221,50.0,0.965,5.79,14,0.56,-11751.64,-1.1752,28.5714,-0.0654,-0.9158
8d1cb67a,bull,s64|s15|s3|s88|s94,5,0.0318815025,0.0128465313,-1.933,0.0,-10.8407,25,32.0,0.027873,7,0.28,-46592.78,-4.6593,14.2857,-0.6457,-4.5198,2,0.08,18973.92,1.8974,50.0,0.9517,1.9035,16,0.64,59947.04,5.9947,37.5,0.3926,6.2824
cc871b45,bull,s68|s39|s27,3,0.039796648,0.0125154444,4.3926,0.0,-8.1304,16,31.25,0.027817,3,0.1875,14312.77,1.4313,33.3333,0.4922,1.4766,4,0.25,53687.2,5.3687,50.0,1.3641,5.4562,9,0.5625,-9904.08,-0.9904,22.2222,-0.0891,-0.8015
366d288b,bull,s24|s33|s82|s42,4,0.0385706385,0.0168503205,2.3946,0.0,-11.3223,17,35.2941,0.027708,1,0.0588,-17447.82,-1.7448,0.0,-1.685,-1.685,3,0.1765,-52785.1,-5.2785,0.0,-1.685,-5.0551,13,0.7647,112209.47,11.2209,46.1538,0.8729,11.3472
bfb6b3b3,bull,s9|s44,2,0.0275928908,0.0145307609,-3.8467,0.0,-12.425,25,36.0,0.027669,8,0.32,-34950.51,-3.4951,25.0,-0.4,-3.1999,4,0.16,-14495.58,-1.4496,25.0,-0.4,-1.5999,13,0.52,61538.85,6.1539,46.1538,0.4911,6.3842
0b237203,bull,s35|s5,2,0.0352998728,0.0158675595,1.2304,0.0,-9.935,17,35.2941,0.02754,3,0.1765,2361.15,0.2361,33.3333,0.1188,0.3565,4,0.2353,37154.75,3.7155,50.0,0.9716,3.8865,10,0.5882,-6297.21,-0.6297,30.0,-0.0517,-0.5173
53a8b6ca,bull,s43|s12|s27,3,0.0442203429,0.0114182051,4.1202,0.0,-7.6883,19,26.3158,0.027498,3,0.1579,20649.83,2.065,33.3333,0.7128,2.1384,5,0.2632,-3925.1,-0.3925,20.0,-0.029,-0.1452,11,0.5789,40138.93,4.0139,27.2727,0.3756,4.1315
4cca2f62,bull,s69|s34|s10|s42,4,0.0334489086,0.0121929152,-3.7426,0.0,-7.2416,28,28.5714,0.027451,9,0.3214,23647.18,2.3647,33.3333,0.3021,2.7189,5,0.1786,29063.32,2.9063,40.0,0.6064,3.0319,14,0.5,-35005.84,-3.5006,21.4286,-0.2413,-3.3775
37022aac,bull,s96|s6|s1,3,0.0223614856,0.0141829159,-5.333,0.0,-12.1641,23,39.1304,0.027401,8,0.3478,-6706.54,-0.6707,37.5,-0.0479,-0.383,5,0.2174,3485.22,0.3485,40.0,0.0435,0.2174,10,0.4348,3320.08,0.332,40.0,0.0435,0.4348
45d609e3,bull,s30|s65|s27,3,0.0466177271,0.0186093979,4.9465,0.0,-9.7731,14,35.7143,0.027331,2,0.1429,27338.63,2.7339,50.0,1.4004,2.8008,1,0.0714,-19574.1,-1.9574,0.0,-1.8609,-1.8609,11,0.7857,52914.0,5.2914,36.3636,0.511,5.6205
588194fb,bull,s6|s38|s26,3,0.0372224061,0.0164928545,3.8434,0.0,-8.7695,13,38.4615,0.027157,2,0.1538,19838.21,1.9838,50.0,1.0365,2.073,4,0.3077,-14942.29,-1.4942,25.0,-0.3064,-1.2256,7,0.5385,46053.33,4.6053,42.8571,0.6528,4.5696
0983b9ac,bull,s45|s64|s39,3,0.0289361074,0.0181477531,-6.1669,0.0,-8.3209,21,38.0952,0.027155,4,0.1905,-70167.87,-7.0168,0.0,-1.8148,-7.2591,5,0.2381,91466.17,9.1466,80.0,1.9519,9.7597,12,0.5714,-31471.55,-3.1472,33.3333,-0.2453,-2.9438
a72fd533,bull,s65|s38|s54,3,0.0482397701,0.0161729113,8.6985,0.0,-6.399,10,40.0,0.027119,3,0.3,12871.2,1.2871,33.3333,0.5298,1.5894,2,0.2,29658.15,2.9658,50.0,1.6033,3.2067,5,0.5,51250.81,5.1251,40.0,0.9592,4.7961
2e71c0c3,bull,s38|s34|s43,3,0.0320494688,0.0084076741,-3.626,0.0,-7.015,38,23.6842,0.026983,9,0.2368,-35475.91,-3.5476,11.1111,-0.3912,-3.5212,7,0.1842,59951.22,5.9951,42.8571,0.8931,6.2518,22,0.5789,14237.37,1.4237,22.7273,0.0787,1.7317
fb561f7f,bull,s84|s33|s68|s35,4,0.0263599723,0.0093515036,-2.5269,0.0,-7.0686,24,29.1667,0.02697,10,0.4167,11649.53,1.165,30.0,0.1362,1.3619,5,0.2083,-10930.1,-1.093,20.0,-0.2209,-1.1046,9,0.375,21722.71,2.1723,33.3333,0.2552,2.2971
376bca3e,bull,s40|s35|s8|s34|s94,5,0.0362688664,0.0146498761,-2.5538,0.0,-10.6195,25,32.0,0.026963,3,0.12,-44676.63,-4.4677,0.0,-1.465,-4.395,6,0.24,62662.52,6.2663,50.0,1.0809,6.4857,16,0.64,16490.38,1.649,31.25,0.1262,2.0196
394ffc7d,bull,s44|s84|s27,3,0.0257759231,0.0097832153,-6.0389,0.0,-9.1422,38,28.9474,0.026798,12,0.3158,-46242.94,-4.6243,16.6667,-0.3857,-4.628,9,0.2368,51024.7,5.1025,44.4444,0.6021,5.4188,17,0.4474,8969.7,0.897,29.4118,0.0675,1.1481
2a375a87,bear,s90|s16|s20,3,0.0262787786,0.0167334755,-5.5999,0.0,-9.3827,21,38.0952,0.02677,10,0.4762,3988.99,0.3989,40.0,0.0471,0.4714,4,0.1905,-24279.14,-2.4279,25.0,-0.598,-2.3922,7,0.3333,9498.23,0.9498,42.8571,0.17,1.1902
644827bc,bull,s9|s6|s74,3,0.0275985608,0.0156835491,-4.9193,0.0,-12.3573,24,37.5,0.02676,8,0.3333,57.6,0.0058,37.5,0.0547,0.4378,6,0.25,-6163.2,-0.6163,33.3333,-0.1256,-0.7537,10,0.4167,15374.56,1.5375,40.0,0.1629,1.6293
371c3c7d,bull,s53|s92|s43|s69|s87,5,0.0188899765,0.0119356308,-6.0487,0.0,-8.1676,22,36.3636,0.026573,9,0.4091,14622.66,1.4623,44.4444,0.1765,1.5882,3,0.1364,-34847.81,-3.4848,0.0,-1.1936,-3.5807,10,0.4545,2695.7,0.2696,40.0,0.0395,0.3946
b45db14b,bull,s83|s38|s27,3,0.0509425735,0.0106233971,8.1004,0.0,-7.986,15,26.6667,0.026533,3,0.2,30456.85,3.0457,33.3333,0.9899,2.9696,4,0.2667,15874.63,1.5875,25.0,0.4768,1.9072,8,0.5333,38076.31,3.8076,25.0,0.4768,3.8145
38e1cd92,bull,s64|s70,2,0.0300497402,0.0153800338,-4.0781,0.0,-10.1221,23,34.7826,0.026528,4,0.1739,-61373.6,-6.1374,0.0,-1.538,-6.152,6,0.2609,42278.16,4.2278,50.0,0.7335,4.4009,13,0.5652,23913.37,2.3913,38.4615,0.2093,2.7208
4be6b88b,bull,s5|s64|s38|s12,4,0.0293270826,0.0189780541,-3.57,0.0,-9.6114,18,38.8889,0.026479,6,0.3333,-18938.19,-1.8938,33.3333,-0.2876,-1.7258,3,0.1667,39229.94,3.923,66.6667,1.3225,3.9676,9,0.5,-27819.2,-2.7819,33.3333,-0.2876,-2.5887
caacd095,bull,s87|s39|s10,3,0.0287007073,0.0159533108,-6.2201,0.0,-7.313,23,34.7826,0.026463,5,0.2174,-34712.74,-3.4713,20.0,-0.7023,-3.5113,6,0.2609,78131.58,7.8132,66.6667,1.3816,8.2896,12,0.5217,-58005.04,-5.8005,25.0,-0.479,-5.7478
cc2d0060,bull,s39|s7|s53,3,0.0361447185,0.0144677984,-1.3956,0.0,-9.9462,22,31.8182,0.026415,1,0.0455,-14220.89,-1.4221,0.0,-1.4468,-1.4468,6,0.2727,61099.58,6.11,50.0,1.0838,6.5031,15,0.6818,-16772.14,-1.6772,26.6667,-0.0971,-1.4567
8c9d2e07,bear,s13|s29|s37,3,0.0251492938,0.0110726678,-0.7374,0.0,-8.4298,17,35.2941,0.026399,6,0.3529,41684.55,4.1685,50.0,0.7038,4.223,3,0.1765,-33756.69,-3.3757,0.0,-1.1073,-3.3218,8,0.4706,18527.28,1.8527,37.5,0.2511,2.0085
06c73bea,bull,s4|s55|s39,3,0.0216752132,0.0109267795,-6.5627,0.0,-12.9772,35,34.2857,0.026372,10,0.2857,-10665.23,-1.0665,30.0,-0.1146,-1.1462,6,0.1714,-1788.41,-0.1788,33.3333,-0.0059,-0.0357,19,0.5429,18146.77,1.8147,36.8421,0.1084,2.0605
9ea5f118,bull,s43|s44|s10,3,0.0325662175,0.0162516511,-4.4378,0.0,-9.8748,23,34.7826,0.026207,4,0.1739,-65371.46,-6.5371,0.0,-1.6252,-6.5007,6,0.2609,47007.81,4.7008,50.0,0.8157,4.8944,13,0.5652,29366.77,2.9367,38.4615,0.2524,3.2818
5070f370,bull,s7|s83|s21|s87|s74,5,0.0227998053,0.0121578553,-2.2174,0.0,-7.2571,16,37.5,0.026195,6,0.375,31116.66,3.1117,50.0,0.5321,3.1926,4,0.25,-49207.88,-4.9208,0.0,-1.2158,-4.8631,6,0.375,31469.59,3.147,50.0,0.5321,3.1926
bb0d0be1,bear,s89|s52,2,0.0340431955,0.0165163624,2.2946,0.0,-8.1227,13,38.4615,0.026051,4,0.3077,34343.47,3.4343,50.0,0.8763,3.5054,3,0.2308,-819.45,-0.0819,33.3333,0.0337,0.101,6,0.4615,864.77,0.0865,33.3333,0.0337,0.2021
3546e05a,bull,s5|s42|s54,3,0.0198852965,0.0131268341,-6.7228,0.0,-12.8905,26,38.4615,0.025907,8,0.3077,25697.13,2.5697,50.0,0.3379,2.7034,6,0.2308,-11443.82,-1.1444,33.3333,-0.2123,-1.2737,12,0.4615,-26598.6,-2.6599,33.3333,-0.2123,-2.5473
cc98726a,bull,s83|s91|s26,3,0.0364421104,0.0121979335,6.589,0.0,-5.277,9,44.4444,0.025894,1,0.1111,-12920.68,-1.2921,0.0,-1.2198,-1.2198,4,0.4444,97985.92,9.7986,75.0,2.4282,9.7128,4,0.4444,-586.38,-0.0586,25.0,-0.0038,-0.0152
5ee20351,bull,s82|s68|s88,3,0.049151476,0.0149820199,7.6577,0.0,-7.6311,12,33.3333,0.025857,0,0.0,0.0,0.0,0.0,0.0,0.0,5,0.4167,-14900.25,-1.49,20.0,-0.2155,-1.0777,7,0.5833,87932.22,8.7932,42.8571,1.2504,8.7526
c1dc01ec,bull,s78|s41|s68|s91,4,0.0225278942,0.0108403374,-2.0371,0.0,-7.2572,17,35.2941,0.025827,4,0.2353,-10321.06,-1.0321,25.0,-0.2498,-0.9993,5,0.2941,11755.28,1.1755,40.0,0.2507,1.2535,8,0.4706,12270.62,1.2271,37.5,0.1673,1.3382
23edc50d,bull,s36|s1|s27,3,0.0290829098,0.0158047185,-6.3493,0.0,-9.5962,26,34.6154,0.025823,6,0.2308,-6750.48,-0.675,33.3333,-0.0842,-0.5053,4,0.1538,24036.1,2.4036,50.0,0.6639,2.6556,16,0.6154,-30157.13,-3.0157,31.25,-0.1777,-2.8437
849888f4,bull,s91|s82|s63,3,0.0293414482,0.0123243772,-4.8642,0.0,-12.68,35,31.4286,0.025752,5,0.1429,-20321.77,-2.0322,20.0,-0.3991,-1.9956,7,0.2,76138.7,7.6139,57.1429,1.1485,8.0393,23,0.6571,-35715.04,-3.5715,26.087,-0.1455,-3.3466
5b4d4d5d,bear,s19|s85|s72|s80|s22,5,0.0207673424,0.0127149783,-1.3342,0.0,-4.1464,12,41.6667,0.025734,4,0.3333,15868.39,1.5868,50.0,0.4026,1.6105,4,0.3333,-18028.11,-1.8028,25.0,-0.4344,-1.7378,4,0.3333,15517.62,1.5518,50.0,0.4026,1.6105
5234b371,bear,s100|s29|s18,3,0.0259110919,0.016920188,-5.8663,0.0,-9.8837,21,38.0952,0.025691,5,0.2381,-40917.79,-4.0918,20.0,-0.8354,-4.177,8,0.381,33475.12,3.3475,50.0,0.4495,3.5964,8,0.381,-9253.55,-0.9254,37.5,-0.0858,-0.6868
8c47dd8f,bull,s7|s84|s5,3,0.0318253754,0.0161255579,-4.5987,0.0,-10.0477,23,34.7826,0.025673,8,0.3478,12403.92,1.2404,37.5,0.1856,1.4848,3,0.1304,45586.22,4.5586,66.6667,1.5842,4.7525,12,0.5217,-51519.38,-5.1519,25.0,-0.4138,-4.9654
83fae1fe,bull,s32|s43|s40|s68|s46,5,0.0348438975,0.0188057237,0.4376,0.0,-6.6569,12,41.6667,0.025627,4,0.3333,29552.46,2.9552,50.0,0.8019,3.2076,3,0.25,-3449.63,-0.345,33.3333,-0.0923,-0.2768,5,0.4167,12385.09,1.2385,40.0,0.2654,1.3271
0d90aa98,bull,s9|s88|s21|s68,4,0.0275265196,0.0170334994,1.0748,0.0,-8.1117,11,45.4545,0.025592,3,0.2727,-7643.73,-0.7644,33.3333,-0.218,-0.654,4,0.3636,19555.77,1.9556,50.0,0.5247,2.0986,4,0.3636,21140.03,2.114,50.0,0.5247,2.0986
2d0d0701,bull,s91|s38|s43|s60,4,0.0312980523,0.0183773634,-2.4201,0.0,-7.6252,16,37.5,0.025582,4,0.25,-25663.84,-2.5664,25.0,-0.5959,-2.3834,4,0.25,73279.0,7.3279,75.0,1.8879,7.5517,8,0.5,-48076.92,-4.8077,25.0,-0.5959,-4.7668
c4fe58ad,bull,s47|s42|s39,3,0.0263605101,0.0127345736,-3.8533,0.0,-7.9079,21,33.3333,0.025562,6,0.2857,530.57,0.0531,33.3333,0.0297,0.1783,5,0.2381,13583.28,1.3583,40.0,0.2903,1.4517,10,0.4762,-11383.13,-1.1383,30.0,-0.1006,-1.006
03861bed,bull,s4|s10|s64|s39,4,0.045241105,0.0090007907,3.1374,0.0,-7.5107,23,21.7391,0.025408,5,0.2174,62275.56,6.2276,40.0,1.2696,6.348,5,0.2174,7108.39,0.7108,20.0,0.1848,0.9238,13,0.5652,-9861.54,-0.9862,15.3846,-0.0656,-0.8526
c6f32848,bull,s6|s12|s27,3,0.024620028,0.0101273135,-4.9491,0.0,-9.3199,30,30.0,0.025346,13,0.4333,-27432.1,-2.7432,23.0769,-0.2109,-2.7413,4,0.1333,28650.74,2.8651,50.0,0.7246,2.8985,13,0.4333,3824.35,0.3824,30.7692,0.0564,0.7334
35f3d198,bull,s79|s38|s91,3,0.0281011456,0.0107665843,-3.7119,0.0,-10.9957,30,30.0,0.025299,8,0.2667,28641.91,2.8642,37.5,0.3809,3.0471,7,0.2333,1972.5,0.1972,28.5714,0.0338,0.2369,15,0.5,-8577.24,-0.8577,26.6667,-0.0402,-0.6028
dcc250d2,bull,s95|s40|s87,3,0.0245470515,0.0142257614,1.084,0.0,-8.6965,11,45.4545,0.025214,5,0.4545,4811.34,0.4811,40.0,0.1283,0.6417,2,0.1818,9987.09,0.9987,50.0,0.5161,1.0321,4,0.3636,21199.84,2.12,50.0,0.5161,2.0643
94350cc9,bull,s5|s14|s96,3,0.0269980396,0.0163151781,-5.3501,0.0,-12.8572,24,37.5,0.025213,9,0.375,21662.29,2.1662,44.4444,0.2935,2.6416,5,0.2083,-35792.78,-3.5793,20.0,-0.7653,-3.8263,10,0.4167,8843.67,0.8844,40.0,0.101,1.0101
0673e7a4,bull,s38|s41,2,0.0377790477,0.0084589378,2.5261,0.0,-7.1739,21,23.8095,0.025205,4,0.1905,11622.51,1.1623,25.0,0.3101,1.2402,5,0.2381,1933.13,0.1933,20.0,0.0789,0.3943,12,0.5714,36970.2,3.697,25.0,0.3101,3.7207
57c96b78,bull,s88|s14,2,0.0282255454,0.0125248913,0.7865,0.0,-7.1981,13,38.4615,0.025203,6,0.4615,44600.96,4.4601,50.0,0.785,4.7102,2,0.1538,-24857.23,-2.4857,0.0,-1.2525,-2.505,5,0.3846,18514.83,1.8515,40.0,0.3775,1.8876
aa5093db,bull,s40|s96,2,0.0264045559,0.0134604012,-0.4096,0.0,-5.6068,13,38.4615,0.025201,3,0.2308,-2040.1,-0.204,33.3333,-0.0172,-0.0516,5,0.3846,12249.33,1.2249,40.0,0.2486,1.2428,5,0.3846,11724.72,1.1725,40.0,0.2486,1.2428
af7a4284,bull,s34|s54|s27,3,0.0435678739,0.0181527083,2.3092,0.0,-8.489,15,33.3333,0.025131,1,0.0667,43524.87,4.3525,100.0,4.3568,4.3568,4,0.2667,-12756.44,-1.2756,25.0,-0.2723,-1.089,10,0.6667,264.4,0.0264,30.0,0.0363,0.3635
e72db8e9,bull,s60|s10|s68,3,0.0394520513,0.0142653747,0.3805,0.0,-9.6486,20,30.0,0.02503,3,0.15,9882.13,0.9882,33.3333,0.364,1.0921,4,0.2,-4721.15,-0.4721,25.0,-0.0836,-0.3344,13,0.65,27122.26,2.7122,30.7692,0.2263,2.942
c08d1718,bull,s3|s36|s4,3,0.027069831,0.0161615674,-6.9237,0.0,-12.3659,27,37.037,0.025012,8,0.2963,-2279.7,-0.228,37.5,0.005,0.0402,3,0.1111,-4397.48,-0.4397,33.3333,-0.1751,-0.5253,16,0.5926,-2642.14,-0.2642,37.5,0.005,0.0803
96047676,bull,s65|s36|s39,3,0.0299658227,0.0147760677,-5.8206,0.0,-8.2058,24,33.3333,0.025008,5,0.2083,13529.23,1.3529,40.0,0.3121,1.5603,4,0.1667,28221.76,2.8222,50.0,0.7595,3.038,15,0.625,-43847.54,-4.3848,26.6667,-0.2845,-4.2673
c63fc731,bull,s41|s34,2,0.0391906236,0.0122013656,-0.5628,0.0,-7.2554,23,26.087,0.024952,2,0.087,-24531.85,-2.4532,0.0,-1.2201,-2.4403,4,0.1739,51661.27,5.1661,50.0,1.3495,5.3979,17,0.7391,-5227.69,-0.5228,23.5294,-0.0109,-0.1855
a4a95169,bull,s38|s63|s43,3,0.0395004405,0.0137400303,2.3817,0.0,-8.4493,16,31.25,0.024937,1,0.0625,38620.39,3.862,100.0,3.95,3.95,5,0.3125,-18479.04,-1.8479,20.0,-0.3092,-1.546,10,0.625,21742.34,2.1742,30.0,0.2232,2.2321
6767a15b,bull,s21|s11|s15|s87|s9,5,0.0348507656,0.0126169374,-1.2143,0.0,-7.6065,20,30.0,0.024929,6,0.3,-29357.85,-2.9358,16.6667,-0.4706,-2.8234,4,0.2,42680.03,4.268,50.0,1.1117,4.4468,10,0.5,14486.06,1.4486,30.0,0.1623,1.6234
b42749d7,bull,s84|s42|s59,3,0.0723091698,0.0135892075,17.1446,0.0,-6.473,7,42.8571,0.024882,1,0.1429,74918.46,7.4918,100.0,7.2309,7.2309,3,0.4286,39114.34,3.9114,33.3333,1.5044,4.5131,3,0.4286,52297.45,5.2297,33.3333,1.5044,4.5131
71256e19,bull,s46|s63|s27,3,0.0363515849,0.0171427903,5.1062,0.0,-5.0059,8,50.0,0.024865,2,0.25,-35943.58,-3.5944,0.0,-1.7143,-3.4286,4,0.5,93005.78,9.3006,75.0,2.2978,9.1912,2,0.25,18872.63,1.8873,50.0,0.9604,1.9209
e3c65b19,bull,s87|s53|s32,3,0.0190009477,0.0080602696,-6.506,0.0,-9.1,33,30.303,0.024806,13,0.3939,2106.51,0.2107,30.7692,0.0266,0.3461,5,0.1515,-12771.95,-1.2772,20.0,-0.2648,-1.324,15,0.4545,13165.45,1.3165,33.3333,0.096,1.4402
73b99cab,bull,s11|s43,2,0.0371368916,0.0164639819,-1.6294,0.0,-8.2619,18,33.3333,0.024731,1,0.0556,-16100.27,-1.61,0.0,-1.6464,-1.6464,6,0.3333,57321.18,5.7321,50.0,1.0336,6.2019,11,0.6111,-22009.55,-2.201,27.2727,-0.1846,-2.0301
0b73d3e4,bull,s15|s68,2,0.0315952579,0.0198921674,5.1426,0.0,-5.235,7,57.1429,0.024681,5,0.7143,2375.65,0.2376,40.0,0.0703,0.3514,0,0.0,0.0,0.0,0.0,0.0,0.0,2,0.2857,63100.87,6.3101,100.0,3.1595,6.3191
940b6afe,bull,s38|s78|s40,3,0.0292146986,0.011153285,1.515,0.0,-8.4279,14,35.7143,0.024617,6,0.4286,-28542.56,-2.8543,16.6667,-0.4425,-2.6552,3,0.2143,6379.08,0.6379,33.3333,0.2303,0.6908,5,0.3571,65572.46,6.5572,60.0,1.3068,6.5338
fa403853,bull,s41|s64,2,0.0380971494,0.0095009984,-2.0247,0.0,-8.7824,34,23.5294,0.024577,6,0.1765,-11254.18,-1.1254,16.6667,-0.1568,-0.9408,8,0.2353,64320.74,6.4321,37.5,0.8348,6.6786,20,0.5882,-1915.96,-0.1916,20.0,0.0019,0.0373
81c96acc,bull,s64|s78|s60|s14,4,0.0282650803,0.0108385885,-3.7358,0.0,-9.481,27,29.6296,0.024571,10,0.3704,6467.39,0.6467,30.0,0.0893,0.8925,4,0.1481,-42092.39,-4.2092,0.0,-1.0839,-4.3354,13,0.4815,51875.58,5.1876,38.4615,0.4201,5.4617
bd6da5c4,bull,s58|s91|s27,3,0.0465980686,0.0120005455,0.8062,0.0,-9.0668,24,25.0,0.024492,1,0.0417,44745.51,4.4746,100.0,4.6598,4.6598,6,0.25,-14504.1,-1.4504,16.6667,-0.2234,-1.3405,17,0.7083,25720.7,2.5721,23.5294,0.1787,3.0385
2b28a8bb,bull,s30|s14|s11,3,0.0375009304,0.0184716835,-1.0073,0.0,-9.9435,17,35.2941,0.024488,1,0.0588,-18716.58,-1.8717,0.0,-1.8472,-1.8472,4,0.2353,36296.8,3.6297,50.0,0.9515,3.8058,12,0.7059,-1134.81,-0.1135,33.3333,0.0186,0.223
520c72bd,bull,s3|s64|s73|s40,4,0.035059698,0.0168273255,4.4942,0.0,-5.0056,8,50.0,0.024474,2,0.25,16284.26,1.6284,50.0,0.9116,1.8232,2,0.25,19432.22,1.9432,50.0,0.9116,1.8232,4,0.5,36165.09,3.6165,50.0,0.9116,3.6465
e575b8a5,bull,s59|s40|s1,3,0.0217301004,0.0120891695,-3.8064,0.0,-6.2737,17,35.2941,0.024424,9,0.5294,-41723.05,-4.1723,22.2222,-0.4574,-4.1164,2,0.1176,9033.94,0.9034,50.0,0.482,0.9641,6,0.3529,27845.03,2.7845,50.0,0.482,2.8923
4641ef67,bull,s55|s44|s12,3,0.0261751208,0.0125394517,-5.6172,0.0,-8.2383,25,32.0,0.024408,7,0.28,-11760.34,-1.176,28.5714,-0.1478,-1.0347,4,0.16,-10788.04,-1.0788,25.0,-0.2861,-1.1443,14,0.56,15488.63,1.5489,35.7143,0.1287,1.8021
1efe8d20,bull,s82|s70|s58,3,0.0414114938,0.0194033774,-1.0091,0.0,-9.4331,18,33.3333,0.024359,2,0.1111,19962.91,1.9963,50.0,1.1004,2.2008,2,0.1111,-38953.79,-3.8954,0.0,-1.9403,-3.8807,14,0.7778,27582.07,2.7582,35.7143,0.2316,3.2427
70688183,bull,s78|s47|s64,3,0.0465552155,0.0102816951,5.8374,0.0,-7.3978,15,26.6667,0.024347,4,0.2667,71059.69,7.106,50.0,1.8137,7.2547,3,0.2,-32819.74,-3.282,0.0,-1.0282,-3.0845,8,0.5333,31895.37,3.1895,25.0,0.3928,3.142
04897044,bull,s9|s96|s5|s33|s30,5,0.0422429446,0.0195449974,1.9824,0.0,-9.406,14,35.7143,0.024319,1,0.0714,41855.93,4.1856,100.0,4.2243,4.2243,4,0.2857,-18976.88,-1.8977,25.0,-0.4098,-1.6392,9,0.6429,7060.66,0.7061,33.3333,0.1051,0.9459
125a161b,bull,s55|s87|s70|s82|s4,5,0.0329896729,0.0137319016,-4.0391,0.0,-9.7978,26,30.7692,0.024314,6,0.2308,54581.44,5.4581,50.0,0.9629,5.7773,6,0.2308,9727.47,0.9727,33.3333,0.1842,1.1052,14,0.5385,-53107.2,-5.3107,21.4286,-0.372,-5.2082
b323a1fb,bull,s36|s38,2,0.026333934,0.0147997816,-5.056,0.0,-8.0009,20,35.0,0.024309,7,0.35,16419.64,1.642,42.8571,0.2829,1.9803,3,0.15,-3020.21,-0.302,33.3333,-0.1089,-0.3266,10,0.5,-25331.19,-2.5331,30.0,-0.246,-2.4597
a2bf92b4,bull,s35|s96,2,0.0320920899,0.0189696225,-2.5583,0.0,-8.773,16,37.5,0.024303,3,0.1875,44602.11,4.4602,66.6667,1.5072,4.5215,5,0.3125,5306.46,0.5306,40.0,0.1455,0.7275,8,0.5,-51257.61,-5.1258,25.0,-0.6204,-4.9634
3883e81a,bull,s88|s11|s26,3,0.0700520358,0.0133938441,13.0452,0.0,-5.7316,9,33.3333,0.024297,3,0.3333,40943.35,4.0943,33.3333,1.4421,4.3264,1,0.1111,67847.93,6.7848,100.0,7.0052,7.0052,5,0.5556,20222.68,2.0223,20.0,0.3295,1.6477
d8e6c219,bull,s87|s78|s27,3,0.0429393288,0.0080364259,4.8833,0.0,-6.2825,17,23.5294,0.024233,5,0.2941,113077.23,11.3077,60.0,2.2549,11.2745,4,0.2353,-33578.76,-3.3579,0.0,-0.8036,-3.2146,8,0.4706,-14561.36,-1.4561,12.5,-0.1664,-1.3316
5734a5fa,bull,s74|s91|s6|s10,4,0.0376732526,0.0118797526,-0.0103,0.0,-8.9167,22,27.2727,0.024212,5,0.2273,38920.22,3.892,40.0,0.7941,3.9707,7,0.3182,14760.05,1.476,28.5714,0.2278,1.5948,10,0.4545,-21616.83,-2.1617,20.0,-0.1969,-1.9692
0d68aaea,bull,s35|s30|s11|s32|s1,5,0.0210982673,0.0103636127,-8.6652,0.0,-10.8688,40,32.5,0.024186,12,0.3,-559.46,-0.0559,33.3333,0.0124,0.1484,3,0.075,1591.55,0.1592,33.3333,0.0124,0.0371,25,0.625,-9521.32,-0.9521,32.0,-0.0296,-0.7395
ba502a64,bull,s64|s74|s79|s9|s88,5,0.0407575391,0.0165241477,-1.4446,0.0,-11.0121,23,30.4348,0.024145,5,0.2174,-27951.02,-2.7951,20.0,-0.5068,-2.5339,2,0.087,22951.66,2.2952,50.0,1.2117,2.4233,16,0.6957,18983.81,1.8984,31.25,0.1376,2.2022
ba202839,bull,s58|s33|s27,3,0.0517675471,0.0141799942,6.7967,0.0,-8.9021,13,30.7692,0.024125,1,0.0769,53387.78,5.3388,100.0,5.1768,5.1768,3,0.2308,-45310.35,-4.531,0.0,-1.418,-4.254,9,0.6923,68274.22,6.8274,33.3333,0.7803,7.0223
b2f3ca38,bull,s63|s8|s1|s94|s55,5,0.0297068445,0.0185644902,-3.539,0.0,-7.7024,16,37.5,0.024076,2,0.125,-36296.37,-3.6296,0.0,-1.8564,-3.7129,1,0.0625,-18124.13,-1.8124,0.0,-1.8564,-1.8564,13,0.8125,42657.61,4.2658,46.1538,0.3715,4.829
61cf48f1,bull,s8|s36|s96|s54,4,0.0358736036,0.017698922,0.7393,0.0,-8.67,13,38.4615,0.024006,2,0.1538,16619.42,1.6619,50.0,0.9087,1.8175,4,0.3077,34658.94,3.4659,50.0,0.9087,3.6349,7,0.5385,-17456.92,-1.7457,28.5714,-0.2392,-1.6747
a02188e5,bull,s10|s64|s26,3,0.0427810006,0.018034162,1.5997,0.0,-8.8463,15,33.3333,0.023958,1,0.0667,41841.26,4.1841,100.0,4.2781,4.2781,3,0.2,-55423.09,-5.5423,0.0,-1.8034,-5.4102,11,0.7333,41511.46,4.1511,36.3636,0.408,4.4885
00904ed2,bull,s83|s8|s30|s39,4,0.0354016209,0.0164010524,0.4839,0.0,-7.8476,14,35.7143,0.02395,3,0.2143,1801.51,0.1802,33.3333,0.0867,0.26,2,0.1429,17762.2,1.7762,50.0,0.95,1.9001,9,0.6429,6091.41,0.6091,33.3333,0.0867,0.7799
3b3d60a1,bull,s35|s24|s33|s7,4,0.03074273,0.0118455817,-5.0331,0.0,-9.4763,31,29.0323,0.023892,10,0.3226,48733.29,4.8733,40.0,0.519,5.1897,6,0.1935,-27287.57,-2.7288,16.6667,-0.4748,-2.8485,15,0.4839,-10928.43,-1.0928,26.6667,-0.0489,-0.733
ab817b4a,bull,s75|s79|s33|s69,4,0.0292657762,0.0146228735,-2.2703,0.0,-8.8788,17,35.2941,0.023856,7,0.4118,-60079.75,-6.008,14.2857,-0.8353,-5.8471,3,0.1765,-326.99,-0.0327,33.3333,0.0007,0.002,7,0.4118,71845.24,7.1845,57.1429,1.0456,7.3194
e293352c,bear,s85|s98|s52|s37|s80,5,0.0289815696,0.0164429372,-2.6031,0.0,-9.4751,16,37.5,0.023572,4,0.25,-20668.03,-2.0668,25.0,-0.5087,-2.0347,5,0.3125,51687.92,5.1688,60.0,1.0812,5.4059,7,0.4375,-25557.48,-2.5557,28.5714,-0.3465,-2.4252
28985ea0,bull,s38|s68,2,0.03109792,0.0135321595,3.7044,0.0,-5.7355,9,44.4444,0.02357,5,0.5556,21525.61,2.1526,40.0,0.432,2.1599,2,0.2222,16746.88,1.6747,50.0,0.8783,1.7566,2,0.2222,17195.75,1.7196,50.0,0.8783,1.7566
716f5f16,bull,s64|s59|s7,3,0.0259213938,0.0114111261,-6.8785,0.0,-14.3979,47,31.9149,0.023535,14,0.2979,-47110.97,-4.7111,21.4286,-0.3411,-4.7758,10,0.2128,68926.15,6.8926,50.0,0.7255,7.2551,23,0.4894,-3421.68,-0.3422,30.4348,-0.0049,-0.1128
62c59fc8,bull,s47|s94|s15|s33,4,0.0311721895,0.0135268272,-1.8162,0.0,-9.1958,18,33.3333,0.023453,5,0.2778,-68154.6,-6.8155,0.0,-1.3527,-6.7634,2,0.1111,16967.23,1.6967,50.0,0.8823,1.7645,11,0.6111,72587.31,7.2587,45.4545,0.6791,7.47
88f9fe00,bull,s47|s78|s84,3,0.0222250496,0.0132745975,-3.3524,0.0,-8.651,16,37.5,0.023404,4,0.25,17745.42,1.7745,50.0,0.4475,1.7901,5,0.3125,3805.47,0.3805,40.0,0.0925,0.4626,7,0.4375,-22841.18,-2.2841,28.5714,-0.3132,-2.1923
7ff0f970,bull,s84|s68|s10,3,0.0410639348,0.0197586299,1.2082,0.0,-9.485,14,35.7143,0.023386,2,0.1429,20821.45,2.0821,50.0,1.0653,2.1305,4,0.2857,-20473.06,-2.0473,25.0,-0.4553,-1.8212,8,0.5714,21869.68,2.187,37.5,0.305,2.4399
bcef81b3,bear,s31|s101|s18,3,0.0318245518,0.0178312025,-4.5426,0.0,-12.6501,22,36.3636,0.023307,6,0.2727,-57513.52,-5.7514,16.6667,-0.9555,-5.7331,5,0.2273,7513.83,0.7514,40.0,0.2031,1.0155,11,0.5,49165.54,4.9166,45.4545,0.474,5.2136
ac160df9,bull,s30|s84|s21,3,0.0714491537,0.0136685138,12.4478,0.0,-7.7571,10,30.0,0.023304,1,0.1,72799.52,7.28,100.0,7.1449,7.1449,4,0.4,23967.49,2.3967,25.0,0.7611,3.0444,5,0.5,19745.07,1.9745,20.0,0.3355,1.6775
8bd29cc5,bull,s87|s11,2,0.0373902461,0.0177945345,3.9832,0.0,-6.6116,9,44.4444,0.023298,2,0.2222,17843.73,1.7844,50.0,0.9798,1.9596,3,0.3333,1260.66,0.1261,33.3333,0.06,0.1801,4,0.4444,38864.96,3.8865,50.0,0.9798,3.9191
cc71c13c,bull,s94|s48|s70,3,0.023907301,0.0095916196,-5.9553,0.0,-8.5723,31,29.0323,0.023286,10,0.3226,3258.61,0.3259,30.0,0.0458,0.4581,2,0.0645,-18340.48,-1.834,0.0,-0.9592,-1.9183,19,0.6129,16774.44,1.6774,31.5789,0.0987,1.8753
ec2efe89,bull,s4|s78|s24|s2|s70,5,0.04376434,0.0143339731,2.2726,0.0,-9.6731,17,29.4118,0.023224,2,0.1176,88142.62,8.8143,100.0,4.3764,8.7529,5,0.2941,-75022.24,-7.5022,0.0,-1.4334,-7.167,10,0.5882,29234.69,2.9235,30.0,0.3096,3.0955
326f557f,bull,s8|s5|s26,3,0.033195678,0.0153306287,-2.9258,0.0,-11.05,21,33.3333,0.023162,7,0.3333,34754.19,3.4754,42.8571,0.5466,3.8265,6,0.2857,5495.25,0.5495,33.3333,0.0845,0.5069,8,0.381,-27055.8,-2.7056,25.0,-0.3199,-2.5592
4bbc4539,bull,s34|s33|s70,3,0.0296714688,0.0130302112,-5.785,0.0,-10.0139,29,31.0345,0.023155,5,0.1724,-23139.17,-2.3139,20.0,-0.449,-2.2449,6,0.2069,47678.06,4.7678,50.0,0.8321,4.9924,18,0.6207,-23217.84,-2.3218,27.7778,-0.1169,-2.1035
49d068d0,bull,s33|s38|s27,3,0.0532435775,0.0112642754,4.5644,0.0,-6.9434,17,23.5294,0.023125,3,0.1765,29726.73,2.9727,33.3333,1.0238,3.0715,3,0.1765,28914.85,2.8915,33.3333,1.0238,3.0715,11,0.6471,3180.16,0.318,18.1818,0.0464,0.5109
67be1d28,bull,s30|s39|s75|s48|s1,5,0.0217722041,0.0108947596,-6.7876,0.0,-9.3464,28,32.1429,0.023094,13,0.4643,-44433.84,-4.4434,23.0769,-0.3356,-4.3631,3,0.1071,-31443.13,-3.1443,0.0,-1.0895,-3.2684,12,0.4286,63065.13,6.3065,50.0,0.5439,6.5265
c6d9f1de,bull,s69|s82|s74|s6|s21,5,0.0417011385,0.0155563721,-0.0345,0.0,-10.7947,20,30.0,0.022991,3,0.15,9413.38,0.9413,33.3333,0.3529,1.0588,4,0.2,-6406.7,-0.6407,25.0,-0.1242,-0.4968,13,0.65,23827.94,2.3828,30.7692,0.2061,2.6797
45da1d6a,bull,s3|s10|s96,3,0.0384994589,0.0186183493,-2.3777,0.0,-9.5899,17,35.2941,0.022985,3,0.1765,-1412.96,-0.1413,33.3333,0.0421,0.1263,6,0.3529,58195.81,5.8196,50.0,0.9941,5.9643,8,0.4706,-36416.07,-3.6416,25.0,-0.4339,-3.4711
9f381685,bull,s9|s45|s14|s11,4,0.0407395576,0.016531974,1.4321,0.0,-9.7972,15,33.3333,0.022901,2,0.1333,22427.41,2.2427,50.0,1.2104,2.4208,4,0.2667,-10160.69,-1.0161,25.0,-0.2214,-0.8856,9,0.6,21673.46,2.1673,33.3333,0.2559,2.3027
ce3ade6b,bull,s30|s14,2,0.0315401729,0.0194769589,-3.195,0.0,-10.4233,15,40.0,0.022785,5,0.3333,53872.7,5.3873,60.0,1.1133,5.5667,2,0.1333,11231.53,1.1232,50.0,0.6032,1.2063,8,0.5333,-55590.56,-5.5591,25.0,-0.6723,-5.3781
a15e1b60,bull,s43|s35|s36|s45,4,0.0424267746,0.01340256,1.0425,0.0,-8.206,18,27.7778,0.022639,2,0.1111,27826.09,2.7826,50.0,1.4512,2.9024,4,0.2222,278.03,0.0278,25.0,0.0555,0.2219,12,0.6667,4917.24,0.4917,25.0,0.0555,0.6657
285239de,bull,s82|s14,2,0.026715708,0.0104133413,-5.2983,0.0,-8.0539,28,28.5714,0.022601,11,0.3929,-4467.02,-0.4467,27.2727,-0.0287,-0.316,3,0.1071,-29813.78,-2.9814,0.0,-1.0413,-3.124,14,0.5,35092.66,3.5093,35.7143,0.2847,3.9858
8dab7a7e,bull,s7|s10,2,0.0467921688,0.0183454615,5.0969,0.0,-8.9619,11,36.3636,0.02257,1,0.0909,45919.92,4.592,100.0,4.6792,4.6792,2,0.1818,-39004.07,-3.9004,0.0,-1.8345,-3.6691,8,0.7273,47786.51,4.7787,37.5,0.6081,4.8649
174af1fc,bull,s33|s87|s47|s7|s96,5,0.0216441051,0.0095683222,-7.9388,0.0,-11.4497,42,30.9524,0.022472,14,0.3333,-39247.12,-3.9247,21.4286,-0.288,-4.0319,6,0.1429,65220.3,6.522,66.6667,1.124,6.744,22,0.5238,-24561.56,-2.4562,27.2727,-0.1056,-2.3229
14eca5a0,bull,s69|s88|s21|s36,4,0.0375705361,0.0136999486,2.5933,0.0,-5.7901,11,36.3636,0.022461,3,0.2727,8758.77,0.8759,33.3333,0.339,1.0171,4,0.3636,46587.61,4.6588,50.0,1.1935,4.7741,4,0.3636,-3632.69,-0.3633,25.0,-0.0882,-0.3529
5bbf465d,bull,s60|s94,2,0.0231116377,0.0147302021,-5.7494,0.0,-9.4883,19,36.8421,0.022444,6,0.3158,-48653.42,-4.8653,16.6667,-0.8423,-5.0539,3,0.1579,29323.78,2.9324,66.6667,1.0498,3.1493,10,0.5263,2287.8,0.2288,40.0,0.0407,0.4065
fb1af740,bull,s5|s10|s54|s93|s4,5,0.0406405939,0.0189274066,0.7305,0.0,-10.1106,14,35.7143,0.022325,2,0.1429,80668.25,8.0668,100.0,4.0641,8.1281,4,0.2857,-18480.1,-1.848,25.0,-0.4035,-1.6142,8,0.5714,-34329.1,-3.4329,25.0,-0.4035,-3.2283
8807858b,bear,s89|s16|s27,3,0.0261682358,0.0142924733,-5.5646,0.0,-10.4185,24,33.3333,0.022313,6,0.25,-5760.32,-0.576,33.3333,-0.0806,-0.4833,7,0.2917,-19433.59,-1.9434,28.5714,-0.2732,-1.9126,11,0.4583,2581.21,0.2581,36.3636,0.0421,0.4626
d496c970,bull,s45|s91|s79|s4,4,0.0339540416,0.0172991902,2.8713,0.0,-6.9808,9,44.4444,0.022298,0,0.0,0.0,0.0,0.0,0.0,0.0,6,0.6667,49163.42,4.9163,50.0,0.8327,4.9965,3,0.3333,-2087.14,-0.2087,33.3333,-0.0215,-0.0644
085fe83b,bear,s31|s89|s81,3,0.0270317261,0.0139774076,2.3696,0.0,-6.3267,9,44.4444,0.02229,3,0.3333,39252.53,3.9253,66.6667,1.3362,4.0086,3,0.3333,-1147.26,-0.1147,33.3333,-0.0308,-0.0923,3,0.3333,-1941.23,-0.1941,33.3333,-0.0308,-0.0923
d1be98a5,bull,s5|s10|s46,3,0.0316863561,0.0146438691,-2.9717,0.0,-11.6871,21,33.3333,0.022282,7,0.3333,33255.72,3.3256,42.8571,0.5212,3.6484,6,0.2857,5235.98,0.5236,33.3333,0.08,0.4797,8,0.381,-25815.74,-2.5816,25.0,-0.3061,-2.4491
fbdbc6c1,bear,s90|s16|s27,3,0.0304230739,0.0131247381,-5.4775,0.0,-11.7844,33,30.303,0.022206,11,0.3333,25344.95,2.5345,36.3636,0.2711,2.9819,7,0.2121,-46749.16,-4.6749,14.2857,-0.6904,-4.8325,15,0.4545,16467.54,1.6468,33.3333,0.1391,2.0868
c45b9dfb,bear,s71|s101|s57|s90|s20,5,0.0202386447,0.0109187821,-5.3968,0.0,-8.5165,21,33.3333,0.022203,9,0.4286,-35678.39,-3.5678,22.2222,-0.3995,-3.5954,6,0.2857,-4031.08,-0.4031,33.3333,-0.0533,-0.3198,6,0.2857,27664.39,2.7664,50.0,0.466,2.796
fa9515f1,bull,s95|s55|s11|s36|s79,5,0.0423066563,0.0151787396,3.8509,0.0,-7.6867,12,33.3333,0.022162,2,0.1667,-32288.18,-3.2288,0.0,-1.5179,-3.0357,2,0.1667,25809.59,2.581,50.0,1.3564,2.7128,8,0.6667,50877.98,5.0878,37.5,0.6378,5.1026
3740cc9d,bear,s28|s90|s26,3,0.0342983826,0.0177307969,0.0614,0.0,-10.3597,13,38.4615,0.021983,3,0.2308,-3056.35,-0.3056,33.3333,-0.0388,-0.1163,2,0.1538,67432.57,6.7433,100.0,3.4298,6.8597,8,0.6154,-39193.59,-3.9194,25.0,-0.4724,-3.7788
ac99a05d,bear,s90|s85|s97,3,0.0247078613,0.0138672393,-1.5538,0.0,-8.225,13,38.4615,0.021969,7,0.5385,-60049.46,-6.0049,14.2857,-0.8357,-5.8496,1,0.0769,24927.78,2.4928,100.0,2.4708,2.4708,5,0.3846,46217.13,4.6217,60.0,0.9278,4.6389
14d3eac3,bull,s78|s93|s9|s8,4,0.0251979844,0.0098444584,-4.1116,0.0,-8.4383,24,29.1667,0.021955,8,0.3333,-9386.43,-0.9386,25.0,-0.1084,-0.8671,5,0.2083,20103.78,2.0104,40.0,0.4173,2.0863,11,0.4583,-4309.16,-0.4309,27.2727,-0.0287,-0.3162
c43badb6,bull,s38|s69|s14|s44|s33,5,0.0347309291,0.0159925997,-1.0533,0.0,-11.6086,18,33.3333,0.021946,3,0.1667,1751.47,0.1751,33.3333,0.0915,0.2746,3,0.1667,2036.38,0.2036,33.3333,0.0915,0.2746,12,0.6667,8789.36,0.8789,33.3333,0.0915,1.0983
ffb81ac0,bear,s85|s49|s18,3,0.0287884941,0.0119775771,-0.8516,0.0,-7.8567,15,33.3333,0.021907,8,0.5333,-56587.54,-5.6588,12.5,-0.6882,-5.5055,1,0.0667,28968.46,2.8968,100.0,2.8788,2.8788,6,0.4,49836.81,4.9837,50.0,0.8405,5.0433
dc26ab56,bull,s96|s65,2,0.0382335665,0.0195103543,2.4959,0.0,-6.8746,10,40.0,0.021872,2,0.2,16483.3,1.6483,50.0,0.9362,1.8723,2,0.2,17219.08,1.7219,50.0,0.9362,1.8723,6,0.6,-1642.58,-0.1643,33.3333,-0.0262,-0.1574
08631591,bull,s54|s64|s4,3,0.0376024116,0.0152798043,-2.622,0.0,-11.8066,22,31.8182,0.021801,4,0.1818,93604.1,9.3604,75.0,2.4382,9.7527,5,0.2273,-76923.6,-7.6924,0.0,-1.528,-7.6399,13,0.5909,11435.07,1.1435,30.7692,0.0992,1.2891
5540c387,bull,s8|s68|s60,3,0.0390612107,0.0186813689,0.1942,0.0,-10.0204,14,35.7143,0.0218,2,0.1429,19264.4,1.9264,50.0,1.019,2.038,3,0.2143,323.7,0.0324,33.3333,0.0566,0.1698,9,0.6429,2854.39,0.2854,33.3333,0.0566,0.5095
d7cf9759,bull,s4|s96|s39|s60,4,0.0246988359,0.0112517661,-6.2672,0.0,-10.1654,29,31.0345,0.021772,10,0.3448,-42144.58,-4.2145,20.0,-0.4062,-4.0616,6,0.2069,5643.82,0.5644,33.3333,0.0732,0.4391,13,0.4483,31047.52,3.1048,38.4615,0.2575,3.348
8040f5d3,bull,s4|s40|s78,3,0.0430838906,0.0167825021,1.1198,0.0,-10.0983,16,31.25,0.021739,2,0.125,83078.07,8.3078,100.0,4.3084,8.6168,4,0.25,-68670.25,-6.867,0.0,-1.6783,-6.713,10,0.625,10673.08,1.0673,30.0,0.1177,1.1774
2eb0c620,bull,s88|s96,2,0.0438584897,0.0184383752,3.8548,0.0,-8.5965,11,36.3636,0.021719,3,0.2727,3756.67,0.3757,33.3333,0.2327,0.6982,2,0.1818,-37615.74,-3.7616,0.0,-1.8438,-3.6877,6,0.5455,76083.91,7.6084,50.0,1.271,7.626
8ca1ae41,bull,s65|s78,2,0.033837424,0.0125801917,-0.6287,0.0,-7.3294,17,29.4118,0.021669,6,0.3529,-31022.23,-3.1022,16.6667,-0.4844,-2.9064,1,0.0588,-12506.54,-1.2507,0.0,-1.258,-1.258,10,0.5882,58324.53,5.8325,40.0,0.5987,5.9869
493f6fd2,bull,s8|s14|s27,3,0.042408668,0.0169869811,-2.1286,0.0,-9.7961,19,31.5789,0.021597,1,0.0526,42473.87,4.2474,100.0,4.2409,4.2409,6,0.3158,14346.83,1.4347,33.3333,0.2812,1.6869,12,0.6316,-29659.76,-2.966,25.0,-0.2138,-2.5657
52c69de5,bull,s78|s5,2,0.0288689709,0.012348652,-4.2277,0.0,-6.4544,20,30.0,0.02149,5,0.25,18536.9,1.8537,40.0,0.4138,2.0692,5,0.25,-20054.93,-2.0055,20.0,-0.4105,-2.0526,10,0.5,-1608.78,-0.1609,30.0,0.0017,0.0166
64ba9ffb,bull,s95|s88|s64,3,0.0635130094,0.0193879183,11.6216,0.0,-7.3059,7,42.8571,0.02144,0,0.0,0.0,0.0,0.0,0.0,0.0,2,0.2857,39062.23,3.9062,50.0,2.2063,4.4125,5,0.7143,72455.23,7.2455,40.0,1.3772,6.8862
e47e7525,bull,s9|s15|s27,3,0.039922784,0.0093750352,-0.9894,0.0,-7.3496,28,21.4286,0.021436,4,0.1429,10865.57,1.0866,25.0,0.2949,1.1798,3,0.1071,20907.33,2.0907,33.3333,0.7058,2.1173,21,0.75,-3044.18,-0.3044,19.0476,0.0015,0.0316
23e37d71,bull,s46|s54|s78|s43,4,0.0220219993,0.0146450266,-3.4502,0.0,-6.4817,13,38.4615,0.021356,7,0.5385,6107.79,0.6108,42.8571,0.1069,0.7486,3,0.2308,-43359.81,-4.336,0.0,-1.4645,-4.3935,3,0.2308,28087.09,2.8087,66.6667,0.98,2.9399
53cbcadb,bull,s35|s69|s40|s92,4,0.0310040683,0.0139679228,0.7772,0.0,-5.48,10,40.0,0.021334,5,0.5,18360.81,1.8361,40.0,0.4021,2.0104,1,0.1,-13682.23,-1.3682,0.0,-1.3968,-1.3968,4,0.4,32951.26,3.2951,50.0,0.8518,3.4072
d80fbe62,bull,s14|s12|s79,3,0.0281006367,0.013048485,-5.9715,0.0,-9.8784,25,32.0,0.021239,7,0.28,28726.3,2.8726,42.8571,0.4587,3.2108,4,0.16,-9899.71,-0.99,25.0,-0.2761,-1.1045,14,0.56,-19877.5,-1.9878,28.5714,-0.1292,-1.8082
105483b7,bull,s58|s15|s75,3,0.0323262195,0.0106967225,-4.1205,0.0,-9.3901,30,26.6667,0.021209,11,0.3667,7893.13,0.7893,27.2727,0.1037,1.1405,5,0.1667,-10426.64,-1.0427,20.0,-0.2092,-1.0461,14,0.4667,20264.97,2.0265,28.5714,0.1596,2.2338
36567e90,bull,s75|s21|s36|s15|s43,5,0.0291848128,0.0128266456,-4.5213,0.0,-9.7229,22,31.8182,0.021208,6,0.2727,-35261.01,-3.5261,16.6667,-0.5825,-3.4948,4,0.1818,31146.56,3.1147,50.0,0.8179,3.2716,12,0.5455,11018.49,1.1018,33.3333,0.1177,1.4126
09f6cb90,bull,s73|s7|s5|s39|s9,5,0.0240049293,0.0136160113,-8.0359,0.0,-11.617,29,34.4828,0.021143,7,0.2414,-19445.67,-1.9446,28.5714,-0.2867,-2.007,5,0.1724,42784.01,4.2784,60.0,0.8957,4.4783,17,0.5862,-44811.19,-4.4811,29.4118,-0.2551,-4.3367
9f4448da,bear,s28|s66|s81,3,0.0275572625,0.0153186009,-1.3464,0.0,-9.6131,13,38.4615,0.021101,7,0.5385,17938.25,1.7938,42.8571,0.3057,2.1397,3,0.2308,-3494.96,-0.3495,33.3333,-0.1027,-0.308,3,0.2308,-2519.03,-0.2519,33.3333,-0.1027,-0.308
678b8a49,bull,s41|s88,2,0.0520826113,0.0119619499,9.916,0.0,-6.7753,8,37.5,0.021094,1,0.125,-13449.97,-1.345,0.0,-1.1962,-1.1962,3,0.375,24965.2,2.4965,33.3333,0.9386,2.8159,4,0.5,84841.77,8.4842,50.0,2.006,8.0241
41bd2848,bull,s32|s91|s21,3,0.0265647559,0.0114264104,-5.0486,0.0,-12.1988,29,31.0345,0.021061,4,0.1379,-8399.07,-0.8399,25.0,-0.1929,-0.7714,6,0.2069,43705.73,4.3706,50.0,0.7569,4.5415,19,0.6552,-28503.0,-2.8503,26.3158,-0.1429,-2.7146
6d6bd7ad,bull,s30|s54|s91,3,0.0710924535,0.0174514039,11.5192,0.0,-9.7085,9,33.3333,0.021051,0,0.0,0.0,0.0,0.0,0.0,0.0,2,0.2222,-38994.79,-3.8995,0.0,-1.7451,-3.4903,7,0.7778,144972.17,14.4972,42.8571,2.0496,14.3472
eaa3f9e4,bear,s89|s85|s52,3,0.0304417929,0.0119049721,-3.5233,0.0,-9.8527,24,29.1667,0.021047,10,0.4167,-35518.92,-3.5519,20.0,-0.3436,-3.4356,4,0.1667,-5780.12,-0.578,25.0,-0.1318,-0.5273,10,0.4167,48352.02,4.8352,40.0,0.5034,5.0337
d5fd53c7,bull,s55|s3|s78|s96,4,0.0249756023,0.00828127,-1.0391,0.0,-7.4106,17,29.4118,0.021028,6,0.3529,-16667.9,-1.6668,16.6667,-0.2738,-1.6431,2,0.1176,16481.51,1.6482,50.0,0.8347,1.6694,9,0.5294,22909.42,2.2909,33.3333,0.2804,2.5239
ab0dcde0,bull,s34|s64|s32,3,0.0324473109,0.0177515577,-5.545,0.0,-14.5899,25,36.0,0.021025,5,0.2,8096.21,0.8096,40.0,0.2328,1.164,3,0.12,-2289.22,-0.2289,33.3333,-0.1019,-0.3056,17,0.68,-4305.62,-0.4306,35.2941,-0.0034,-0.0583
3dfe5273,bull,s30|s3|s73|s9,4,0.0275949239,0.0177575432,-3.2685,0.0,-7.1667,13,38.4615,0.021011,4,0.3077,-25934.86,-2.5935,25.0,-0.6419,-2.5678,1,0.0769,27058.82,2.7059,100.0,2.7595,2.7595,8,0.6154,-7785.69,-0.7786,37.5,-0.075,-0.6003
13bf7171,bear,s90|s29|s57|s52|s77,5,0.0222289804,0.0125382967,-5.728,0.0,-9.0416,21,33.3333,0.020985,7,0.3333,14916.24,1.4916,42.8571,0.2362,1.6534,6,0.2857,-73824.62,-7.3825,0.0,-1.2538,-7.523,8,0.381,36812.42,3.6812,50.0,0.4845,3.8763
431fc2e1,bull,s44|s47|s78,3,0.0319445901,0.0177417199,-2.1049,0.0,-7.9808,14,35.7143,0.020939,4,0.2857,-22401.05,-2.2401,25.0,-0.532,-2.1281,2,0.1429,13636.84,1.3637,50.0,0.7101,1.4203,8,0.5714,5192.68,0.5193,37.5,0.0891,0.7125
0a27d590,bull,s94|s9,2,0.0363941747,0.0114286592,-0.208,0.0,-8.162,18,27.7778,0.020886,5,0.2778,-57946.04,-5.7946,0.0,-1.1429,-5.7143,0,0.0,0.0,0.0,0.0,0.0,0.0,13,0.7222,88175.43,8.8175,38.4615,0.6965,9.0542
a15fcc4d,bull,s30|s60|s34,3,0.0425696625,0.0173281445,-2.479,0.0,-9.9525,19,31.5789,0.020886,1,0.0526,41767.51,4.1768,100.0,4.257,4.257,5,0.2632,-28759.75,-2.876,20.0,-0.5349,-2.6743,13,0.6842,10432.96,1.0433,30.7692,0.1102,1.4325
54ddbb2b,bull,s60|s11|s65,3,0.0370225184,0.0198293041,-1.8245,0.0,-8.4459,14,35.7143,0.020862,2,0.1429,15323.74,1.5324,50.0,0.8597,1.7193,3,0.2143,-3596.78,-0.3597,33.3333,-0.0879,-0.2636,9,0.6429,-9950.22,-0.995,33.3333,-0.0879,-0.7908
4b3f162b,bull,s12|s53|s48|s9|s69,5,0.0395076128,0.0178199055,-0.7963,0.0,-9.1146,15,33.3333,0.020841,3,0.2,2117.93,0.2118,33.3333,0.1289,0.3868,1,0.0667,-17871.85,-1.7872,0.0,-1.782,-1.782,11,0.7333,29926.57,2.9927,36.3636,0.3026,3.3291
9b157272,bull,s75|s70|s33|s6,4,0.0393879729,0.0105932735,0.7467,0.0,-8.6583,20,25.0,0.020805,7,0.35,75589.13,7.5589,42.8571,1.0827,7.5791,6,0.3,-15393.91,-1.5394,16.6667,-0.2263,-1.3578,7,0.35,-25836.31,-2.5836,14.2857,-0.3453,-2.4172
47ce9ca9,bull,s73|s54|s35,3,0.0282846378,0.0145174109,-4.3174,0.0,-8.3164,18,33.3333,0.020801,7,0.3889,-17761.66,-1.7762,28.5714,-0.2288,-1.6018,4,0.2222,-56364.1,-5.6364,0.0,-1.4517,-5.807,7,0.3889,65843.73,6.5844,57.1429,0.9941,6.9586
272d319b,bull,s14|s55|s39|s82|s32,5,0.0375075277,0.0184503373,-3.7811,0.0,-9.0805,18,33.3333,0.020748,1,0.0556,-18055.66,-1.8056,0.0,-1.845,-1.845,5,0.2778,17095.79,1.7096,40.0,0.3933,1.9664,12,0.6667,-1529.42,-0.1529,33.3333,0.0202,0.2427
1708f38e,bull,s36|s48|s10,3,0.0398282206,0.0133422975,-1.2294,0.0,-6.4852,19,26.3158,0.020738,3,0.1579,11719.7,1.172,33.3333,0.4381,1.3144,2,0.1053,25453.09,2.5453,50.0,1.3243,2.6486,14,0.7368,-29634.46,-2.9634,21.4286,-0.1949,-2.7281
4a89e8e2,bull,s78|s46|s41|s36,4,0.0629529435,0.0170452109,8.3722,0.0,-6.0961,9,33.3333,0.020736,3,0.3333,105851.12,10.5851,66.6667,3.6287,10.8861,1,0.1111,-18468.41,-1.8468,0.0,-1.7045,-1.7045,5,0.5556,-4509.58,-0.451,20.0,-0.1046,-0.5228
360c420d,bull,s87|s42|s75|s33,4,0.0591776515,0.0135805745,7.7589,0.0,-5.8086,10,30.0,0.020722,3,0.3,29121.41,2.9121,33.3333,1.0672,3.2017,1,0.1,-14586.22,-1.4586,0.0,-1.3581,-1.3581,6,0.6,64539.05,6.4539,33.3333,1.0672,6.4033
5c484c80,bear,s19|s31|s52|s23,4,0.0229796631,0.0144332037,-0.3509,0.0,-5.6036,9,44.4444,0.020721,1,0.1111,-14601.47,-1.4601,0.0,-1.4433,-1.4433,2,0.2222,8202.69,0.8203,50.0,0.4273,0.8546,6,0.6667,24811.15,2.4811,50.0,0.4273,2.5639
6d7db244,bull,s45|s11|s58,3,0.0222138066,0.0131436007,-8.5774,0.0,-11.1462,29,34.4828,0.020706,8,0.2759,-625.81,-0.0626,37.5,0.0115,0.0923,7,0.2414,-19968.03,-1.9968,28.5714,-0.3041,-2.129,14,0.4828,-8819.22,-0.8819,35.7143,-0.0516,-0.7223
325f6b8d,bull,s95|s36|s3|s70,4,0.0605976966,0.0183272406,9.0257,0.0,-6.463,8,37.5,0.020674,1,0.125,-18308.91,-1.8309,0.0,-1.8327,-1.8327,2,0.25,39305.64,3.9306,50.0,2.1135,4.227,5,0.625,66359.4,6.6359,40.0,1.3243,6.6214
51a23ae8,bull,s38|s32,2,0.0282161887,0.0133145235,-1.7052,0.0,-8.1297,15,33.3333,0.020637,6,0.4,-39905.47,-3.9905,16.6667,-0.6393,-3.8356,2,0.1333,14885.34,1.4885,50.0,0.7451,1.4902,7,0.4667,29652.14,2.9652,42.8571,0.4484,3.139
3d161c1f,bull,s83|s30|s68,3,0.0293775836,0.0117856287,1.0887,0.0,-6.6376,11,36.3636,0.020577,4,0.3636,-6454.14,-0.6454,25.0,-0.1495,-0.5979,5,0.4545,63468.74,6.3469,60.0,1.2912,6.4561,2,0.1818,-24006.42,-2.4006,0.0,-1.1786,-2.3571
9d96c91d,bull,s33|s53|s12,3,0.0251198697,0.0152081662,-7.4479,0.0,-9.965,23,34.7826,0.020544,7,0.3043,11649.02,1.1649,42.8571,0.2075,1.4527,4,0.1739,-18815.69,-1.8816,25.0,-0.5126,-2.0505,12,0.5217,-22733.76,-2.2734,33.3333,-0.1765,-2.1186
8cb80116,bull,s73|s6|s30|s4|s42,5,0.0462462411,0.0100848543,3.1095,0.0,-7.637,17,23.5294,0.020439,3,0.1765,24998.66,2.4999,33.3333,0.8692,2.6077,4,0.2353,13653.58,1.3654,25.0,0.3998,1.5992,10,0.5882,11368.65,1.1369,20.0,0.1181,1.1814
83eac054,bull,s83|s3,2,0.0427034033,0.0128391501,7.7543,0.0,-3.6369,6,50.0,0.020413,2,0.3333,28632.05,2.8632,50.0,1.4932,2.9864,1,0.1667,44838.5,4.4838,100.0,4.2703,4.2703,3,0.5,16820.32,1.682,33.3333,0.5675,1.7025
1bd0c024,bull,s45|s8|s94,3,0.0351901416,0.0198583148,-1.6479,0.0,-10.1116,13,38.4615,0.020399,2,0.1538,-40462.62,-4.0463,0.0,-1.9858,-3.9717,1,0.0769,35154.95,3.5155,100.0,3.519,3.519,10,0.7692,18576.08,1.8576,40.0,0.2161,2.1611
c7c98c81,bull,s21|s39|s27,3,0.0488700505,0.012400587,2.79,0.0,-7.4769,16,25.0,0.020393,2,0.125,35812.8,3.5813,50.0,1.8235,3.6469,3,0.1875,22566.55,2.2567,33.3333,0.8023,2.4069,11,0.6875,-16205.1,-1.6205,18.1818,-0.126,-1.3865
0094bb28,bull,s4|s55|s7,3,0.035958113,0.0129091455,-3.1096,0.0,-10.8913,24,29.1667,0.020346,5,0.2083,126509.9,12.651,80.0,2.6185,13.0923,5,0.2083,-64277.43,-6.4277,0.0,-1.2909,-6.4546,14,0.5833,-35273.36,-3.5273,21.4286,-0.2438,-3.4126
0c57878b,bull,s36|s75|s10,3,0.0334776032,0.0107755631,-3.0237,0.0,-9.8571,26,26.9231,0.020334,9,0.3462,-9307.13,-0.9307,22.2222,-0.0942,-0.8474,5,0.1923,32012.57,3.2013,40.0,0.6926,3.4629,12,0.4615,565.58,0.0566,25.0,0.0288,0.3453
1aa8d2dd,bull,s78|s54|s69,3,0.0338075674,0.0196807118,-2.9592,0.0,-7.5723,14,35.7143,0.020325,3,0.2143,-57954.3,-5.7954,0.0,-1.9681,-5.9042,2,0.1429,12630.75,1.2631,50.0,0.7063,1.4127,9,0.6429,32985.16,3.2985,44.4444,0.4092,3.6827
7352ee6e,bull,s39|s9,2,0.0285924629,0.0087757401,-4.8787,0.0,-7.9166,32,25.0,0.020311,7,0.2188,-59555.84,-5.9556,0.0,-0.8776,-6.143,7,0.2188,83233.17,8.3233,57.1429,1.2578,8.8043,18,0.5625,-10466.45,-1.0466,22.2222,-0.0472,-0.8491
f68dad54,bull,s4|s94,2,0.0260560134,0.0115667715,-4.2087,0.0,-7.4959,20,30.0,0.020271,7,0.35,-42646.51,-4.2647,14.2857,-0.6192,-4.3345,0,0.0,0.0,0.0,0.0,0.0,0.0,13,0.65,34600.95,3.4601,38.4615,0.2904,3.7746
8b50b58c,bull,s10|s4,2,0.0320303039,0.0137957129,-5.8066,0.0,-10.0363,26,30.7692,0.020266,8,0.3077,67585.69,6.7586,50.0,0.9117,7.2938,5,0.1923,-21813.72,-2.1814,20.0,-0.4631,-2.3153,13,0.5,-43020.76,-4.3021,23.0769,-0.322,-4.1866
62943894,bull,s39|s96|s48,3,0.0373772321,0.0173482361,-2.1297,0.0,-7.9947,15,33.3333,0.020249,0,0.0,0.0,0.0,0.0,0.0,0.0,6,0.4,57372.55,5.7373,50.0,1.0014,6.0087,9,0.6,-48768.96,-4.8769,22.2222,-0.5187,-4.6683
1e533e50,bull,s45|s40|s15,3,0.0501608834,0.0139159975,8.1667,0.0,-5.5942,7,42.8571,0.020224,4,0.5714,5180.82,0.5181,25.0,0.2103,0.8413,1,0.1429,50110.72,5.0111,100.0,5.0161,5.0161,2,0.2857,39598.72,3.9599,50.0,1.8122,3.6245
08e21a01,bull,s94|s44|s59,3,0.0217015318,0.012931962,-9.6937,0.0,-10.9237,32,34.375,0.020211,9,0.2812,20667.29,2.0667,44.4444,0.2461,2.2146,3,0.0938,-37612.48,-3.7612,0.0,-1.2932,-3.8796,20,0.625,-17915.05,-1.7915,35.0,-0.081,-1.6205
3fc57baf,bear,s29|s72|s23,3,0.0295365728,0.0145451468,0.8613,0.0,-7.4905,10,40.0,0.020195,5,0.5,15176.18,1.5176,40.0,0.3088,1.5438,2,0.2,-29495.34,-2.9495,0.0,-1.4545,-2.909,3,0.3,42616.13,4.2616,66.6667,1.4843,4.4528
9efe2355,bull,s75|s82|s27,3,0.048016012,0.0088602452,2.2471,0.0,-9.3174,26,19.2308,0.020139,4,0.1538,78583.1,7.8583,50.0,1.9578,7.8312,4,0.1538,20130.59,2.0131,25.0,0.5359,2.1435,18,0.6923,-49217.59,-4.9218,11.1111,-0.2541,-4.5732
df0c9349,bear,s72|s50|s101,3,0.0251933854,0.016426117,-6.1857,0.0,-10.935,19,36.8421,0.020132,6,0.3158,-15202.0,-1.5202,33.3333,-0.2553,-1.5318,5,0.2632,-40557.74,-4.0558,20.0,-0.8102,-4.0511,8,0.4211,32013.14,3.2013,50.0,0.4384,3.5069
29f9ee96,bull,s6|s96|s87|s36,4,0.0547253442,0.0139004488,7.8765,0.0,-6.5703,9,33.3333,0.020123,2,0.2222,39658.57,3.9659,50.0,2.0412,4.0825,2,0.2222,38852.08,3.8852,50.0,2.0412,4.0825,5,0.5556,-273.66,-0.0274,20.0,-0.0175,-0.0876
8c80e5c6,bull,s14|s54|s36,3,0.0279905366,0.0120130838,-6.3259,0.0,-10.3885,30,30.0,0.020119,10,0.3333,37202.74,3.7203,40.0,0.3988,3.9884,4,0.1333,-46510.61,-4.6511,0.0,-1.2013,-4.8052,16,0.5333,4179.28,0.4179,31.25,0.0488,0.7809
fd6891c0,bull,s78|s64|s74,3,0.0398106774,0.0100303936,-1.2983,0.0,-8.0858,27,22.2222,0.020097,3,0.1111,66757.85,6.6758,66.6667,2.3197,6.9591,6,0.2222,-59922.29,-5.9922,0.0,-1.003,-6.0182,18,0.6667,15549.8,1.555,22.2222,0.1045,1.8817
1913d020,bull,s58|s14,2,0.0190406756,0.0096488944,-9.7975,0.0,-11.7093,43,32.5581,0.020087,16,0.3721,16192.63,1.6193,37.5,0.111,1.7755,6,0.1395,-27901.25,-2.7901,16.6667,-0.4867,-2.9204,21,0.4884,-3183.56,-0.3184,33.3333,-0.0086,-0.18
38610b9e,bull,s12|s24|s96|s59|s79,5,0.0368057424,0.0107667643,-0.6588,0.0,-7.4065,20,25.0,0.020058,5,0.25,-8300.09,-0.83,20.0,-0.1252,-0.6261,4,0.2,4393.18,0.4393,25.0,0.1126,0.4505,11,0.55,22394.49,2.2394,27.2727,0.2208,2.4283
ec81bc36,bull,s94|s83|s88|s4,4,0.0551296435,0.013515922,7.9989,0.0,-6.4423,8,37.5,0.020027,3,0.375,23895.27,2.3895,33.3333,0.9366,2.8098,2,0.25,-28314.26,-2.8314,0.0,-1.3516,-2.7032,3,0.375,101698.49,10.1698,66.6667,3.2248,9.6743
cd3d4d01,bull,s41|s44|s21|s92,4,0.0461266087,0.0146144498,7.9415,0.0,-5.768,7,42.8571,0.020025,0,0.0,0.0,0.0,0.0,0.0,0.0,1,0.1429,-15801.85,-1.5802,0.0,-1.4614,-1.4614,6,0.8571,94761.74,9.4762,50.0,1.5756,9.4536
2d3652e4,bull,s70|s53|s3,3,0.0370798605,0.0170303125,-2.6978,0.0,-6.7994,16,31.25,0.020019,4,0.25,-68040.57,-6.8041,0.0,-1.703,-6.8121,2,0.125,19781.83,1.9782,50.0,1.0025,2.005,10,0.625,41548.81,4.1549,40.0,0.4614,4.6138
2f7f0490,bull,s88|s82|s26,3,0.0604439179,0.0122032354,8.5954,0.0,-8.4261,11,27.2727,0.020003,0,0.0,0.0,0.0,0.0,0.0,0.0,5,0.4545,6207.45,0.6207,20.0,0.2326,1.1631,6,0.5455,74319.42,7.4319,33.3333,1.2012,7.2075
24b8b6eb,bull,s91|s8|s35|s55,4,0.0334543697,0.0177756882,-1.667,0.0,-9.6878,14,35.7143,0.019995,4,0.2857,29022.56,2.9023,50.0,0.7839,3.1357,3,0.2143,47633.6,4.7634,66.6667,1.6378,4.9133,7,0.5,-73318.61,-7.3319,14.2857,-1.0457,-7.32
8eed7522,bear,s51|s20|s76,3,0.0243282715,0.0159159563,-1.5982,0.0,-11.8093,12,41.6667,0.019963,4,0.3333,-24129.68,-2.413,25.0,-0.5855,-2.342,2,0.1667,48239.83,4.824,100.0,2.4328,4.8657,6,0.5,-16408.08,-1.6408,33.3333,-0.2501,-1.5007
586df3ec,bull,s93|s68|s27,3,0.0241185257,0.0159975958,-0.6362,0.0,-6.6664,9,44.4444,0.019942,4,0.4444,16013.1,1.6013,50.0,0.406,1.6242,3,0.3333,-8642.77,-0.8643,33.3333,-0.2626,-0.7877,2,0.2222,7869.37,0.7869,50.0,0.406,0.8121
66612484,bull,s34|s44|s94|s59|s6,5,0.0343661144,0.0091826756,-2.5974,0.0,-10.7093,33,24.2424,0.019938,11,0.3333,27071.01,2.7071,27.2727,0.2694,2.9637,6,0.1818,31577.2,3.1577,33.3333,0.5334,3.2002,16,0.4848,-17742.15,-1.7742,18.75,-0.1017,-1.6276
3edcca30,bull,s74|s21|s26,3,0.0336986558,0.0174853379,-0.3608,0.0,-6.354,10,40.0,0.019899,3,0.3,-2305.99,-0.2306,33.3333,-0.0424,-0.1272,2,0.2,-35062.81,-3.5063,0.0,-1.7485,-3.4971,5,0.5,64301.17,6.4301,60.0,1.3225,6.6125
f13d7764,bull,s35|s74|s27,3,0.0348565167,0.0142318911,-2.0855,0.0,-10.6554,20,30.0,0.019877,5,0.25,24636.1,2.4636,40.0,0.5403,2.7017,4,0.2,-8421.27,-0.8421,25.0,-0.196,-0.7839,11,0.55,-10519.12,-1.0519,27.2727,-0.0844,-0.9286
43a934bd,bull,s41|s87|s93,3,0.0581536396,0.00924281,7.1095,0.0,-7.0841,13,23.0769,0.019868,7,0.5385,66553.03,6.6553,28.5714,1.0013,7.0093,1,0.0769,-9824.22,-0.9824,0.0,-0.9243,-0.9243,5,0.3846,22813.37,2.2813,20.0,0.4236,2.1182
97e4850a,bull,s6|s15|s91,3,0.0354985774,0.0123546252,-3.0747,0.0,-10.1262,26,26.9231,0.019808,7,0.2692,7709.72,0.771,28.5714,0.1318,0.9224,5,0.1923,33777.85,3.3778,40.0,0.6787,3.3933,14,0.5385,-32117.81,-3.2118,21.4286,-0.21,-2.9405
22ecad7f,bull,s40|s60|s48,3,0.0352441765,0.0126457755,6.3296,0.0,-3.5821,6,50.0,0.019749,4,0.6667,-4422.79,-0.4423,25.0,-0.0673,-0.2693,0,0.0,0.0,0.0,0.0,0.0,0.0,2,0.3333,71814.27,7.1814,100.0,3.5244,7.0488
79eb9b1c,bull,s39|s82|s32,3,0.0313529243,0.0166852499,-7.6708,0.0,-10.9183,27,33.3333,0.019743,4,0.1481,-64725.31,-6.4725,0.0,-1.6685,-6.6741,5,0.1852,56812.51,5.6813,60.0,1.2138,6.0688,18,0.6667,-15779.16,-1.5779,33.3333,-0.0673,-1.2105
1244ad65,bull,s42|s12|s26,3,0.0440090383,0.0135634555,2.5706,0.0,-8.5429,14,28.5714,0.019703,3,0.2143,72297.74,7.2298,66.6667,2.4818,7.4455,3,0.2143,-42270.75,-4.2271,0.0,-1.3563,-4.069,8,0.5714,6296.38,0.6296,25.0,0.083,0.6637
2ab25211,bull,s3|s84|s27,3,0.0444777049,0.0102317508,-0.961,0.0,-8.7835,27,22.2222,0.019695,6,0.2222,-7987.66,-0.7988,16.6667,-0.1114,-0.6681,6,0.2222,45958.4,4.5958,33.3333,0.8005,4.8028,15,0.5556,7506.48,0.7506,20.0,0.071,1.0652
cebeadbe,bear,s80|s20,2,0.027525565,0.0153607612,-3.1072,0.0,-8.1909,14,35.7143,0.01964,5,0.3571,-34989.09,-3.4989,20.0,-0.6783,-3.3917,3,0.2143,38737.32,3.8737,66.6667,1.323,3.969,6,0.4286,-7202.53,-0.7203,33.3333,-0.1065,-0.6392
587885ed,bull,s9|s33,2,0.039747589,0.0133640574,0.239,0.0,-9.9273,18,27.7778,0.019623,2,0.1111,25935.28,2.5935,50.0,1.3192,2.6384,4,0.2222,-1557.43,-0.1557,25.0,-0.0086,-0.0345,12,0.6667,-3430.47,-0.343,25.0,-0.0086,-0.1034
e0191161,bull,s41|s65|s43|s92,4,0.0620380123,0.0175854503,7.1336,0.0,-6.5085,9,33.3333,0.019622,2,0.2222,42581.53,4.2582,50.0,2.2226,4.4453,2,0.2222,41812.03,4.1812,50.0,2.2226,4.4453,5,0.5556,-7818.32,-0.7818,20.0,-0.1661,-0.8304
fb4699e4,bull,s41|s91|s34,3,0.0311727749,0.0167846092,-6.8862,0.0,-12.861,26,34.6154,0.019614,7,0.2692,-23640.09,-2.364,28.5714,-0.3082,-2.1577,4,0.1538,27724.27,2.7724,50.0,0.7194,2.8776,15,0.5769,-15066.44,-1.5066,33.3333,-0.0799,-1.1982
d7edd54f,bull,s14|s54,2,0.0289484465,0.0130843341,-1.884,0.0,-9.0371,15,33.3333,0.019606,7,0.4667,-9401.93,-0.9402,28.5714,-0.1075,-0.7525,2,0.1333,-25750.7,-2.5751,0.0,-1.3084,-2.6169,6,0.4,45305.82,4.5306,50.0,0.7932,4.7592
9d179516,bull,s15|s4|s93,3,0.0635489267,0.0153017808,7.2168,0.0,-7.0339,10,30.0,0.019553,2,0.2,47198.66,4.7199,50.0,2.4124,4.8247,2,0.2,45923.31,4.5923,50.0,2.4124,4.8247,6,0.6,-13418.16,-1.3418,16.6667,-0.216,-1.296
3ede59d7,bull,s44|s33|s26,3,0.0192615493,0.0117508321,-9.662,0.0,-12.8316,34,35.2941,0.019543,11,0.3235,-5711.15,-0.5711,36.3636,-0.0474,-0.521,4,0.1176,-14970.54,-1.4971,25.0,-0.3998,-1.5991,19,0.5588,-8577.22,-0.8577,36.8421,-0.0325,-0.6179
d0682685,bull,s10|s88|s26,3,0.0683882504,0.0188450933,8.8397,0.0,-9.01,9,33.3333,0.019499,2,0.2222,48420.08,4.842,50.0,2.4772,4.9543,3,0.3333,25373.43,2.5373,33.3333,1.0233,3.0698,4,0.4444,14110.31,1.411,25.0,0.2963,1.1853
b82af58d,bull,s38|s68|s78|s47|s15,5,0.0388542947,0.0179742906,6.2613,0.0,-4.1999,6,50.0,0.019493,3,0.5,-55423.25,-5.5423,0.0,-1.7974,-5.3923,1,0.1667,38041.62,3.8042,100.0,3.8854,3.8854,2,0.3333,78730.46,7.873,100.0,3.8854,7.7709
5f18472e,bull,s96|s15|s64,3,0.0320704726,0.0159182258,-6.0303,0.0,-11.8942,24,33.3333,0.019294,5,0.2083,14652.19,1.4652,40.0,0.3277,1.6386,7,0.2917,30779.13,3.0779,42.8571,0.4648,3.2539,12,0.5,-48578.88,-4.8579,25.0,-0.3921,-4.7053
964834e3,bull,s78|s45|s41|s36,4,0.0571259569,0.0173184965,6.422,0.0,-6.1744,9,33.3333,0.01929,4,0.4444,75534.56,7.5535,50.0,1.9904,7.9615,0,0.0,0.0,0.0,0.0,0.0,0.0,5,0.5556,-12005.21,-1.2005,20.0,-0.243,-1.2148
f37ff3b1,bull,s91|s48|s10|s21,4,0.0390850305,0.0169750288,7.2574,0.0,-6.1267,6,50.0,0.019278,1,0.1667,-18553.24,-1.8553,0.0,-1.6975,-1.6975,2,0.3333,22992.46,2.2992,50.0,1.1055,2.211,3,0.5,61184.43,6.1184,66.6667,2.0398,6.1195
9595b678,bull,s41|s94|s74,3,0.0227976833,0.0142458712,-8.8367,0.0,-14.1759,30,36.6667,0.019275,10,0.3333,4706.24,0.4706,40.0,0.0572,0.5716,2,0.0667,-27313.11,-2.7313,0.0,-1.4246,-2.8492,18,0.6,594.05,0.0594,38.8889,0.016,0.2879
2a2ef368,bull,s88|s34|s64,3,0.0217716983,0.0094543945,-9.4289,0.0,-13.3162,65,32.3077,0.019259,21,0.3231,-42822.54,-4.2823,23.8095,-0.202,-4.2412,13,0.2,91352.22,9.1352,53.8462,0.736,9.5676,31,0.4769,-13997.25,-1.3997,29.0323,-0.0389,-1.2051
7dda1e2f,bull,s38|s3,2,0.0314904003,0.01633347,-1.3172,0.0,-5.581,11,36.3636,0.019157,3,0.2727,-2844.37,-0.2844,33.3333,-0.0392,-0.1177,2,0.1818,15472.69,1.5473,50.0,0.7578,1.5157,6,0.5455,-3561.56,-0.3562,33.3333,-0.0392,-0.2353
b4212955,bull,s46|s11|s41,3,0.0319212759,0.0160384343,-6.4402,0.0,-8.7363,22,31.8182,0.019133,3,0.1364,-46649.92,-4.665,0.0,-1.6038,-4.8115,6,0.2727,89919.79,8.992,66.6667,1.5935,9.5608,13,0.5909,-65150.75,-6.5151,23.0769,-0.4971,-6.4621
6977141a,bear,s29|s18|s85,3,0.0253998887,0.0120377017,-6.7023,0.0,-9.5792,26,30.7692,0.019116,11,0.4231,-56872.09,-5.6872,18.1818,-0.5231,-5.754,4,0.1538,-11570.15,-1.157,25.0,-0.2678,-1.0713,11,0.4231,52783.29,5.2783,45.4545,0.4979,5.4773
e2cb3bc2,bull,s87|s64,2,0.0624275712,0.0155482261,7.2444,0.0,-7.8272,10,30.0,0.019099,3,0.3,26899.76,2.69,33.3333,1.0444,3.1331,2,0.2,-33603.0,-3.3603,0.0,-1.5548,-3.1096,5,0.5,80852.7,8.0853,40.0,1.5642,7.821
9dd1def6,bull,s42|s70|s7|s88,4,0.0675549666,0.0195552694,8.1145,0.0,-8.8185,9,33.3333,0.01908,0,0.0,0.0,0.0,0.0,0.0,0.0,3,0.3333,23186.05,2.3186,33.3333,0.9481,2.8444,6,0.6667,57531.68,5.7532,33.3333,0.9481,5.6889
48a6cc8b,bull,s36|s91|s4|s43,4,0.0377467609,0.0189042873,-5.8069,0.0,-10.4836,21,33.3333,0.019035,4,0.1905,33308.71,3.3309,50.0,0.9421,3.7685,4,0.1905,-19548.92,-1.9549,25.0,-0.4742,-1.8966,13,0.619,-21384.18,-2.1384,30.7692,-0.1473,-1.9152
c0d2af81,bull,s70|s8|s3,3,0.040925503,0.0136904913,-2.1058,0.0,-9.5161,23,26.087,0.018993,2,0.087,-27244.73,-2.7245,0.0,-1.369,-2.7381,6,0.2609,25215.83,2.5216,33.3333,0.4515,2.7089,15,0.6522,9188.45,0.9188,26.6667,0.0874,1.3107
5579fda5,bull,s12|s10|s83,3,0.0204081433,0.0112108169,-7.7246,0.0,-9.0558,25,32.0,0.018967,8,0.32,-26045.41,-2.6045,25.0,-0.3306,-2.6449,5,0.2,-22830.5,-2.2831,20.0,-0.4887,-2.4435,12,0.48,20187.11,2.0187,41.6667,0.1964,2.3565
7fdb2859,bull,s59|s87|s12,3,0.0253988057,0.0150223095,-1.3758,0.0,-6.5641,10,40.0,0.018961,2,0.2,9308.22,0.9308,50.0,0.5188,1.0376,4,0.4,-60323.38,-6.0323,0.0,-1.5022,-6.0089,4,0.4,60638.64,6.0639,75.0,1.5294,6.1174
cce96cfd,bear,s52|s25|s31|s62,4,0.0418049266,0.0096475229,4.7935,0.0,-4.6151,9,33.3333,0.018959,2,0.2222,32642.09,3.2642,50.0,1.6079,3.2157,1,0.1111,-10218.88,-1.0219,0.0,-0.9648,-0.9648,6,0.6667,43809.64,4.381,33.3333,0.7503,4.502
62224c2a,bull,s96|s41,2,0.0447425527,0.0118870206,1.8148,0.0,-7.6708,16,25.0,0.018959,3,0.1875,75220.7,7.5221,66.6667,2.5866,7.7598,4,0.25,-48331.61,-4.8332,0.0,-1.1887,-4.7548,9,0.5625,5035.86,0.5036,22.2222,0.0697,0.6276
ee077016,bull,s8|s12|s27,3,0.0488236045,0.0108099819,2.5633,0.0,-8.1162,18,22.2222,0.018926,2,0.1111,37135.71,3.7136,50.0,1.9007,3.8014,4,0.2222,14823.47,1.4823,25.0,0.4098,1.6394,12,0.6667,-12434.36,-1.2434,16.6667,-0.0871,-1.0453
de8fee03,bull,s84|s69|s54,3,0.0204678694,0.0134733859,-9.3271,0.0,-12.0187,28,35.7143,0.018916,7,0.25,8206.64,0.8207,42.8571,0.1073,0.751,6,0.2143,-13165.95,-1.3166,33.3333,-0.216,-1.2958,15,0.5357,-33588.03,-3.3588,33.3333,-0.216,-3.2395
5befbe92,bull,s10|s68|s26,3,0.0402928129,0.019371999,2.9128,0.0,-12.4163,10,40.0,0.01888,3,0.3,514.7,0.0515,33.3333,0.0516,0.1549,2,0.2,19207.13,1.9207,50.0,1.046,2.0921,5,0.5,22079.13,2.2079,40.0,0.4494,2.247
f6fcc014,bull,s53|s11|s9|s32,4,0.0280490069,0.0158966771,-6.0414,0.0,-7.8005,18,33.3333,0.018876,5,0.2778,-35667.43,-3.5667,20.0,-0.7108,-3.5538,4,0.2222,22738.63,2.2739,50.0,0.6076,2.4305,9,0.5,-12835.38,-1.2835,33.3333,-0.1248,-1.1233
df3b1d01,bull,s84|s43|s53,3,0.0586962197,0.0080490874,5.3855,0.0,-6.286,16,18.75,0.018859,4,0.25,33396.6,3.3397,25.0,0.8637,3.4549,3,0.1875,-25467.95,-2.5468,0.0,-0.8049,-2.4147,9,0.5625,59081.22,5.9081,22.2222,0.6783,6.1049
a3e470ef,bull,s59|s39|s96|s65,4,0.0315854482,0.0131101687,-2.5289,0.0,-7.6178,17,29.4118,0.018791,2,0.1176,17785.79,1.7786,50.0,0.9238,1.8475,4,0.2353,-8030.99,-0.8031,25.0,-0.1936,-0.7745,11,0.6471,-11784.78,-1.1785,27.2727,-0.092,-1.0125
5d5734e7,bull,s73|s30|s27,3,0.0645743082,0.0092669247,6.3235,0.0,-7.607,16,18.75,0.018791,2,0.125,55369.13,5.5369,50.0,2.7654,5.5307,3,0.1875,-29412.5,-2.9412,0.0,-0.9267,-2.7801,11,0.6875,43033.44,4.3033,18.1818,0.4159,4.5746
632770c9,bull,s21|s39,2,0.023229793,0.0145852265,-1.8628,0.0,-6.2146,10,40.0,0.018781,3,0.3,-5868.13,-0.5868,33.3333,-0.198,-0.5941,3,0.3,30484.48,3.0484,66.6667,1.0625,3.1874,4,0.4,-21018.88,-2.1019,25.0,-0.5131,-2.0526
23ec054e,bull,s42|s36|s26,3,0.0587403816,0.0132344244,6.203,0.0,-7.1325,11,27.2727,0.018751,2,0.1818,41818.46,4.1818,50.0,2.2753,4.5506,1,0.0909,-14010.43,-1.401,0.0,-1.3234,-1.3234,8,0.7273,38417.32,3.8417,25.0,0.4759,3.8074
4fd0af4e,bull,s39|s5|s15,3,0.0414776541,0.0162672326,-2.5442,0.0,-11.0337,20,30.0,0.018689,0,0.0,0.0,0.0,0.0,0.0,0.0,8,0.4,40816.1,4.0816,37.5,0.5387,4.3097,12,0.6,-25727.75,-2.5728,25.0,-0.1831,-2.1972
eea24094,bull,s21|s1|s27,3,0.0729735934,0.0125874863,6.4348,0.0,-7.8183,14,21.4286,0.01864,2,0.1429,57956.66,5.7957,50.0,3.0193,6.0386,2,0.1429,58505.06,5.8505,50.0,3.0193,6.0386,10,0.7143,-42272.11,-4.2272,10.0,-0.4031,-4.0314
75b2d2e7,bull,s10|s93|s15,3,0.0623738243,0.0144674474,5.7303,0.0,-6.7185,11,27.2727,0.018608,2,0.1818,47265.9,4.7266,50.0,2.3953,4.7906,2,0.1818,45948.17,4.5948,50.0,2.3953,4.7906,7,0.6364,-26231.9,-2.6232,14.2857,-0.349,-2.4431
1e52b045,bull,s93|s14|s84,3,0.0312728668,0.0192424352,-0.5315,0.0,-8.2814,10,40.0,0.018606,4,0.4,22163.95,2.2164,50.0,0.6015,2.4061,1,0.1,-19378.1,-1.9378,0.0,-1.9242,-1.9242,5,0.5,3972.05,0.3972,40.0,0.0964,0.4818
9eb08f88,bull,s35|s7,2,0.0349670021,0.0167764467,-3.7,0.0,-10.3501,19,31.5789,0.018577,3,0.1579,578.01,0.0578,33.3333,0.0471,0.1414,4,0.2105,34156.96,3.4157,50.0,0.9095,3.6381,12,0.6316,-47500.67,-4.7501,25.0,-0.3841,-4.6087
33250b1b,bull,s88|s79|s27,3,0.0594773056,0.0087055615,6.7186,0.0,-8.4389,15,20.0,0.018467,2,0.1333,50405.23,5.0405,50.0,2.5386,5.0772,5,0.3333,21549.63,2.155,20.0,0.4931,2.4655,8,0.5333,-1372.95,-0.1373,12.5,-0.0183,-0.1462
1ed8f8fd,bull,s53|s33|s34|s87,4,0.0346323842,0.0164340886,-0.8788,0.0,-6.5144,12,33.3333,0.018466,5,0.4167,17981.62,1.7982,40.0,0.3993,1.9963,2,0.1667,17859.01,1.7859,50.0,0.9099,1.8198,5,0.4167,-32051.51,-3.2052,20.0,-0.6221,-3.1104
c6bcee3b,bull,s79|s70|s27,3,0.0711988447,0.0186461491,7.4768,0.0,-9.1978,10,30.0,0.018463,1,0.1,71435.06,7.1435,100.0,7.1199,7.1199,3,0.3,30532.33,3.0532,33.3333,1.1302,3.3907,6,0.6,-24472.45,-2.4472,16.6667,-0.3672,-2.2032
de3cccaf,bull,s42|s21|s26,3,0.0240908547,0.0135131327,-2.1775,0.0,-5.5184,11,36.3636,0.018442,5,0.4545,6563.29,0.6563,40.0,0.1528,0.7642,2,0.1818,-26786.61,-2.6787,0.0,-1.3513,-2.7026,4,0.3636,20209.38,2.0209,50.0,0.5289,2.1155
342ccf8a,bull,s48|s4|s21,3,0.0457273325,0.0175506766,4.4597,0.0,-5.1544,8,37.5,0.01838,2,0.25,25496.79,2.5497,50.0,1.4088,2.8177,0,0.0,0.0,0.0,0.0,0.0,0.0,6,0.75,20736.33,2.0736,33.3333,0.3542,2.1252
8a45a522,bear,s29|s18|s89,3,0.0386097147,0.0182214702,-0.9952,0.0,-11.5879,15,33.3333,0.018377,4,0.2667,38936.73,3.8937,50.0,1.0194,4.0776,3,0.2,401.86,0.0402,33.3333,0.0722,0.2167,8,0.5333,-33550.15,-3.355,25.0,-0.4014,-3.2109
dd403ffe,bull,s6|s42|s26,3,0.0316818491,0.0159216168,-4.7213,0.0,-12.4656,21,33.3333,0.018362,7,0.3333,27722.68,2.7723,42.8571,0.448,3.1359,6,0.2857,734.32,0.0734,33.3333,-0.0054,-0.0323,8,0.381,-33630.27,-3.363,25.0,-0.4021,-3.2166
dd7e8068,bull,s58|s42|s1,3,0.0217988745,0.0113594173,-9.8952,0.0,-10.9691,37,32.4324,0.018359,10,0.2703,16611.28,1.6611,40.0,0.1904,1.9039,7,0.1892,-43403.11,-4.3403,14.2857,-0.6623,-4.6358,20,0.5405,1569.55,0.157,35.0,0.0246,0.492
a7222552,bull,s69|s42|s40,3,0.0397748973,0.0127806759,-1.6484,0.0,-10.6133,23,26.087,0.018321,3,0.1304,12842.77,1.2843,33.3333,0.4738,1.4214,5,0.2174,-12940.38,-1.294,20.0,-0.227,-1.1348,15,0.6522,16276.74,1.6277,26.6667,0.1234,1.8512
529d2c87,bull,s15|s10,2,0.0578921147,0.0184837872,5.3042,0.0,-6.5088,9,33.3333,0.018304,2,0.2222,37383.68,3.7384,50.0,1.9704,3.9408,2,0.2222,37053.51,3.7054,50.0,1.9704,3.9408,5,0.5556,-16101.01,-1.6101,20.0,-0.3209,-1.6043
b5c131da,bull,s11|s55|s88,3,0.0246940363,0.0093575288,-4.7314,0.0,-9.4917,25,28.0,0.0183,10,0.4,-25796.92,-2.5797,20.0,-0.2547,-2.5472,5,0.2,20617.94,2.0618,40.0,0.4263,2.1315,10,0.4,6088.71,0.6089,30.0,0.0858,0.8579
e2a2a4b6,bull,s68|s30|s9,3,0.0502990015,0.0087528563,2.1653,0.0,-7.4359,21,19.0476,0.018268,4,0.1905,23373.45,2.3373,25.0,0.601,2.404,4,0.1905,-36101.46,-3.6101,0.0,-0.8753,-3.5011,13,0.619,61113.15,6.1113,23.0769,0.4874,6.3368
ec5bbc3d,bull,s5|s10|s93,3,0.030485897,0.012343961,-4.7762,0.0,-10.1292,24,29.1667,0.018244,9,0.375,14610.15,1.461,33.3333,0.1933,1.7394,6,0.25,12232.99,1.2233,33.3333,0.1933,1.1596,9,0.375,-27043.89,-2.7044,22.2222,-0.2826,-2.5436
f1faa12a,bull,s78|s63|s95,3,0.0249298447,0.0132140922,3.7971,0.0,-4.2752,5,60.0,0.018236,2,0.4,11093.01,1.1093,50.0,0.5858,1.1716,2,0.4,11670.13,1.167,50.0,0.5858,1.1716,1,0.2,25474.81,2.5475,100.0,2.493,2.493
1f9393b1,bull,s39|s70,2,0.0705814403,0.0080920052,5.655,0.0,-7.3366,19,15.7895,0.018232,3,0.1579,53426.43,5.3426,33.3333,1.8132,5.4397,4,0.2105,43941.82,4.3942,25.0,1.1576,4.6305,12,0.6316,-20568.17,-2.0568,8.3333,-0.1536,-1.8431
db4bcba8,bull,s38|s96|s26,3,0.0565605414,0.0145789115,6.2377,0.0,-7.9393,10,30.0,0.018227,1,0.1,56671.52,5.6672,100.0,5.6561,5.6561,4,0.4,8439.12,0.8439,25.0,0.3206,1.2824,5,0.5,-1005.19,-0.1005,20.0,-0.0351,-0.1755
c34d8084,bull,s10|s43,2,0.0631918113,0.0173372323,6.1628,0.0,-7.9905,10,30.0,0.018136,1,0.1,63179.62,6.318,100.0,6.3192,6.3192,2,0.2,-37176.86,-3.7177,0.0,-1.7337,-3.4674,7,0.7,37275.71,3.7276,28.5714,0.5671,3.9697
49c6df99,bull,s58|s33|s70,3,0.0422517642,0.0175391515,-0.1322,0.0,-12.1902,16,31.25,0.018128,1,0.0625,-17179.91,-1.718,0.0,-1.7539,-1.7539,5,0.3125,-30557.97,-3.0558,20.0,-0.5581,-2.7905,10,0.625,60688.78,6.0689,40.0,0.6377,6.3772
916e6e2f,bull,s87|s41|s35,3,0.0694944932,0.0137715641,7.3276,0.0,-9.6034,12,25.0,0.01812,1,0.0833,-14970.67,-1.4971,0.0,-1.3772,-1.3772,2,0.1667,52521.41,5.2521,50.0,2.7861,5.5723,9,0.75,42231.96,4.2232,22.2222,0.4732,4.2588
b3e0bdfd,bull,s4|s30|s96,3,0.029420688,0.011642372,-5.658,0.0,-10.2488,28,28.5714,0.018108,8,0.2857,-12780.42,-1.278,25.0,-0.1377,-1.1013,7,0.25,994.59,0.0995,28.5714,0.009,0.063,13,0.4643,10570.3,1.057,30.7692,0.0992,1.2901
ebef55f7,bull,s3|s40|s27,3,0.0599424203,0.0142113661,5.8168,0.0,-7.5995,11,27.2727,0.018103,1,0.0909,59343.68,5.9344,100.0,5.9942,5.9942,3,0.2727,28683.7,2.8684,33.3333,1.0507,3.152,7,0.6364,-26266.36,-2.6266,14.2857,-0.3618,-2.5326
f457b6b3,bull,s1|s68|s40|s7,4,0.0349418235,0.0121943987,3.9228,0.0,-5.0882,8,37.5,0.018068,5,0.625,-16670.62,-1.6671,20.0,-0.2767,-1.3836,0,0.0,0.0,0.0,0.0,0.0,0.0,3,0.375,59049.76,5.905,66.6667,1.923,5.7689
e995fc48,bull,s30|s74|s70|s9|s41,5,0.0429559261,0.0170588796,-1.1707,0.0,-10.2245,17,29.4118,0.017979,0,0.0,0.0,0.0,0.0,0.0,0.0,5,0.2941,-27328.54,-2.7329,20.0,-0.5056,-2.528,12,0.7059,31814.52,3.1815,33.3333,0.2946,3.5353
1903fa8e,bull,s60|s68,2,0.0356682874,0.0142614012,3.404,0.0,-4.6754,7,42.8571,0.017943,4,0.5714,-8315.4,-0.8315,25.0,-0.1779,-0.7116,2,0.2857,20075.95,2.0076,50.0,1.0703,2.1407,1,0.1429,36841.57,3.6842,100.0,3.5668,3.5668
b85357d3,bull,s11|s9,2,0.0393672754,0.018588047,-2.6571,0.0,-9.0518,16,31.25,0.017909,1,0.0625,-18098.72,-1.8099,0.0,-1.8588,-1.8588,4,0.25,37694.52,3.7695,50.0,1.039,4.1558,11,0.6875,-32566.5,-3.2566,27.2727,-0.2782,-3.0603
c58e5026,bull,s4|s10|s83|s43,4,0.0442230598,0.0152211146,-0.4992,0.0,-10.6122,18,27.7778,0.01782,3,0.1667,128868.62,12.8869,100.0,4.4223,13.2669,5,0.2778,-77638.89,-7.7639,0.0,-1.5221,-7.6106,10,0.5556,-33639.01,-3.3639,20.0,-0.3332,-3.3323
dea408fc,bull,s40|s43,2,0.0499547276,0.0087825251,5.1723,0.0,-7.1416,13,23.0769,0.017809,4,0.3077,22592.12,2.2592,25.0,0.5902,2.3607,4,0.3077,21062.75,2.1063,25.0,0.5902,2.3607,5,0.3846,15441.04,1.5441,20.0,0.2965,1.4825
c7ca92ec,bull,s87|s14,2,0.0503482139,0.0161335669,4.8083,0.0,-6.8655,8,37.5,0.017782,4,0.5,65006.41,6.5006,50.0,1.7107,6.8429,1,0.125,-17256.79,-1.7257,0.0,-1.6134,-1.6134,3,0.375,19915.19,1.9915,33.3333,0.6027,1.8081
3ea3d8a7,bull,s74|s79|s41,3,0.0316242578,0.0104493762,-4.9895,0.0,-11.1072,34,26.4706,0.01777,13,0.3824,-53902.51,-5.3903,15.3846,-0.3977,-5.1695,4,0.1176,1644.14,0.1644,25.0,0.0069,0.0276,17,0.5,70139.74,7.014,35.2941,0.44,7.4802
d5fc667b,bull,s32|s54|s35|s78,4,0.0347314557,0.0129722498,-0.6922,0.0,-7.0737,13,30.7692,0.017763,5,0.3846,27387.89,2.7388,40.0,0.6109,3.0546,1,0.0769,-12651.56,-1.2652,0.0,-1.2972,-1.2972,7,0.5385,3883.74,0.3884,28.5714,0.0657,0.4602
c429dfd5,bull,s12|s88|s40,3,0.053337896,0.0110717995,5.1368,0.0,-7.1791,12,25.0,0.017762,7,0.5833,-16619.13,-1.6619,14.2857,-0.187,-1.3093,2,0.1667,41563.89,4.1564,50.0,2.1133,4.2266,3,0.25,32492.45,3.2492,33.3333,1.0398,3.1194
c2e486e7,bull,s30|s38|s40,3,0.0504161224,0.0133789639,4.8436,0.0,-6.8732,10,30.0,0.017751,3,0.3,22464.6,2.2465,33.3333,0.7886,2.3658,2,0.2,35559.35,3.5559,50.0,1.8519,3.7037,5,0.5,-3262.23,-0.3262,20.0,-0.062,-0.31
7f463eab,bull,s64|s12|s8,3,0.0399131516,0.0084373877,-4.0561,0.0,-7.2282,40,20.0,0.017673,6,0.15,-3810.07,-0.381,16.6667,-0.0379,-0.2274,8,0.2,72809.36,7.2809,37.5,0.9694,7.7553,26,0.65,-28097.68,-2.8098,15.3846,-0.0999,-2.597
efc3a3c5,bull,s69|s58|s43,3,0.0461046679,0.0149706763,-0.5463,0.0,-10.0897,19,26.3158,0.017667,1,0.0526,-15371.84,-1.5372,0.0,-1.4971,-1.4971,4,0.2105,-256.99,-0.0257,25.0,0.0298,0.1193,14,0.7368,30396.68,3.0397,28.5714,0.2479,3.4712
25292ca7,bear,s97|s20|s31|s80|s37,5,0.026283837,0.0152454196,-3.95,0.0,-9.4773,14,35.7143,0.017615,4,0.2857,-20194.27,-2.0194,25.0,-0.4863,-1.9452,3,0.2143,36362.07,3.6362,66.6667,1.2441,3.7322,7,0.5,-24516.19,-2.4516,28.5714,-0.338,-2.3659
f79b0d76,bull,s69|s30,2,0.0598761952,0.0099872442,4.3778,0.0,-6.2879,15,20.0,0.017594,2,0.1333,49518.01,4.9518,50.0,2.4944,4.9889,2,0.1333,-20522.65,-2.0523,0.0,-0.9987,-1.9974,11,0.7333,26512.6,2.6513,18.1818,0.2715,2.9867
1f882be5,bull,s30|s83|s92|s3,4,0.0193545722,0.0103060526,1.4535,0.0,-3.1417,6,50.0,0.017567,3,0.5,28282.07,2.8282,66.6667,0.9468,2.8403,1,0.1667,19189.79,1.919,100.0,1.9355,1.9355,2,0.3333,-20819.44,-2.0819,0.0,-1.0306,-2.0612
87af4d56,bull,s83|s36|s26,3,0.024394167,0.0152322073,1.4358,0.0,-3.1301,6,50.0,0.017562,3,0.5,32881.77,3.2882,66.6667,1.1185,3.3556,0,0.0,0.0,0.0,0.0,0.0,0.0,3,0.5,-6555.8,-0.6556,33.3333,-0.2023,-0.607
52a2d87d,bull,s46|s70|s91,3,0.0633686523,0.0190048055,5.8268,0.0,-8.5018,10,30.0,0.01756,1,0.1,-18587.78,-1.8588,0.0,-1.9005,-1.9005,2,0.2,40695.6,4.0696,50.0,2.2182,4.4364,7,0.7,29098.71,2.9099,28.5714,0.453,3.1713
967eb70d,bull,s93|s3|s36|s11|s78,5,0.048815031,0.0134363623,4.78,0.0,-7.1271,10,30.0,0.017548,3,0.3,82712.05,8.2712,66.6667,2.8065,8.4194,1,0.1,-14243.64,-1.4244,0.0,-1.3436,-1.3436,6,0.6,-19038.77,-1.9039,16.6667,-0.3061,-1.8367
795f4454,bull,s42|s78,2,0.0600695816,0.0162696461,5.9402,0.0,-8.6768,10,30.0,0.017546,2,0.2,118992.29,11.8992,100.0,6.007,12.0139,3,0.3,-52668.26,-5.2668,0.0,-1.627,-4.8809,5,0.5,-4362.65,-0.4363,20.0,-0.1002,-0.5009
42b3c090,bull,s15|s87,2,0.039251795,0.0144911877,4.085,0.0,-6.5543,7,42.8571,0.017535,3,0.4286,7830.92,0.7831,33.3333,0.3423,1.0269,1,0.1429,-15367.46,-1.5367,0.0,-1.4491,-1.4491,3,0.4286,65908.99,6.5909,66.6667,2.1337,6.4012
3e3d6344,bull,s92|s33|s30,3,0.0546956071,0.0108384016,4.4587,0.0,-6.5581,13,23.0769,0.017522,3,0.2308,32830.48,3.283,33.3333,1.1006,3.3019,3,0.2308,31308.1,3.1308,33.3333,1.1006,3.3019,7,0.5385,-12055.19,-1.2055,14.2857,-0.1476,-1.0335
76853670,bull,s2|s46|s34|s73|s21,5,0.0300235893,0.0182403938,-2.361,0.0,-7.6968,10,40.0,0.017493,4,0.4,-25492.65,-2.5493,25.0,-0.6174,-2.4698,2,0.2,-35367.23,-3.5367,0.0,-1.824,-3.6481,4,0.4,68407.22,6.8407,75.0,1.7958,7.183
d7b0fa4f,bull,s30|s83|s2,3,0.0723123445,0.0193936252,5.9081,0.0,-8.6468,11,27.2727,0.017492,3,0.2727,32106.55,3.2107,33.3333,1.1175,3.3525,2,0.1818,50281.74,5.0282,50.0,2.6459,5.2919,6,0.5455,-28217.14,-2.8217,16.6667,-0.4109,-2.4656
2f1d6f5c,bull,s34|s60|s35,3,0.0418793703,0.0113941968,-2.0791,0.0,-9.1011,26,23.0769,0.017478,3,0.1154,69851.81,6.9852,66.6667,2.4122,7.2365,7,0.2692,-26844.07,-2.6844,14.2857,-0.3784,-2.6486,16,0.6154,-25494.86,-2.5495,18.75,-0.1405,-2.2486
68839d46,bear,s37|s90|s98,3,0.0369630818,0.0158256167,0.527,0.0,-9.773,12,33.3333,0.017469,2,0.1667,19757.8,1.9758,50.0,1.0569,2.1137,2,0.1667,20274.01,2.0274,50.0,1.0569,2.1137,8,0.6667,-22415.84,-2.2416,25.0,-0.2628,-2.1028
3eae0453,bull,s73|s43|s30|s91,4,0.055268432,0.015420619,5.6961,0.0,-8.4816,10,30.0,0.017468,1,0.1,-16483.95,-1.6484,0.0,-1.5421,-1.5421,2,0.2,38055.86,3.8056,50.0,1.9924,3.9848,7,0.7,32702.08,3.2702,28.5714,0.4776,3.3434
49a95df1,bear,s20|s61|s17|s51,4,0.0213573328,0.0125668449,-2.5671,0.0,-6.4873,11,36.3636,0.017459,5,0.4545,-29145.74,-2.9146,20.0,-0.5782,-2.891,2,0.1818,8211.55,0.8212,50.0,0.4395,0.879,4,0.3636,16856.17,1.6856,50.0,0.4395,1.7581
148e553d,bull,s68|s32|s39,3,0.0674148486,0.0137727399,6.6549,0.0,-9.6437,12,25.0,0.017445,1,0.0833,68408.69,6.8409,100.0,6.7415,6.7415,3,0.25,36752.19,3.6752,33.3333,1.329,3.9869,8,0.6667,-31467.99,-3.1468,12.5,-0.3624,-2.8994
f53e9b64,bull,s35|s41|s70|s59,4,0.0379722102,0.0191351131,-2.8375,0.0,-10.1867,15,33.3333,0.017427,2,0.1333,17634.46,1.7634,50.0,0.9419,1.8837,4,0.2667,35144.43,3.5144,50.0,0.9419,3.7674,9,0.6,-59172.33,-5.9172,22.2222,-0.6445,-5.8001
3e7e6308,bear,s66|s29|s52|s62|s19,5,0.0239945985,0.0120478931,-1.1914,0.0,-8.3982,11,36.3636,0.017409,5,0.4545,46805.31,4.6805,60.0,0.9578,4.7888,2,0.1818,-23941.48,-2.3941,0.0,-1.2048,-2.4096,4,0.3636,-13067.72,-1.3068,25.0,-0.3037,-1.2149
f7e85311,bull,s41|s30,2,0.0553638852,0.0158628514,4.9152,0.0,-7.5513,10,30.0,0.017401,1,0.1,55193.41,5.5193,100.0,5.5364,5.5364,3,0.3,20777.71,2.0778,33.3333,0.7879,2.3638,6,0.6,-24982.31,-2.4982,16.6667,-0.3992,-2.395
1b91f849,bull,s79|s35|s64|s94|s42,5,0.0254626642,0.0096381155,-7.096,0.0,-12.2088,42,28.5714,0.017391,11,0.2619,-37206.4,-3.7206,18.1818,-0.3256,-3.5818,7,0.1667,37897.0,3.7897,42.8571,0.5405,3.7836,24,0.5714,11798.01,1.1798,29.1667,0.06,1.4391
23f11298,bull,s60|s15|s40|s6,4,0.0525015878,0.0172894415,3.9333,0.0,-6.3776,9,33.3333,0.017388,2,0.2222,33451.45,3.3451,50.0,1.7606,3.5212,2,0.2222,33276.0,3.3276,50.0,1.7606,3.5212,5,0.5556,-16809.16,-1.6809,20.0,-0.3331,-1.6656
b02842a4,bull,s88|s94|s27,3,0.0667667843,0.013281112,6.2706,0.0,-9.1827,13,23.0769,0.017359,0,0.0,0.0,0.0,0.0,0.0,0.0,4,0.3077,24314.8,2.4315,25.0,0.6731,2.6923,9,0.6923,38076.72,3.8077,22.2222,0.4507,4.0566
50c390f1,bull,s46|s6|s27,3,0.0604357449,0.0126259136,5.085,0.0,-7.6216,13,23.0769,0.017344,3,0.2308,33510.96,3.3511,33.3333,1.1728,3.5184,3,0.2308,33104.56,3.3105,33.3333,1.1728,3.5184,7,0.5385,-16767.74,-1.6768,14.2857,-0.2189,-1.532
6ca5cff6,bull,s84|s30|s60,3,0.0456491713,0.0187737094,0.5529,0.0,-9.2903,13,30.7692,0.017329,2,0.1538,25009.15,2.5009,50.0,1.3438,2.6875,3,0.2308,6639.58,0.664,33.3333,0.2701,0.8102,8,0.6154,-23346.95,-2.3347,25.0,-0.2668,-2.1344
cea6af50,bull,s36|s30|s8|s24,4,0.0253934176,0.0110666895,-6.8084,0.0,-11.3034,30,30.0,0.017314,12,0.4,-24555.45,-2.4555,25.0,-0.1952,-2.342,2,0.0667,14646.75,1.4647,50.0,0.7163,1.4327,16,0.5333,1652.71,0.1653,31.25,0.0327,0.5234
af10ac48,bull,s5|s15|s92,3,0.0532458618,0.0181331381,4.1458,0.0,-6.8222,9,33.3333,0.017301,2,0.2222,33211.54,3.3212,50.0,1.7556,3.5113,2,0.2222,33115.48,3.3115,50.0,1.7556,3.5113,5,0.5556,-19553.41,-1.9553,20.0,-0.3857,-1.9287
d1231929,bear,s61|s98|s26,3,0.0222534787,0.0083658738,0.8102,0.0,-2.5834,8,37.5,0.017278,5,0.625,-11795.77,-1.1796,20.0,-0.2242,-1.121,0,0.0,0.0,0.0,0.0,0.0,0.0,3,0.375,36006.62,3.6007,66.6667,1.2047,3.6141
d9964c8c,bull,s55|s91|s94|s6,4,0.0352787474,0.0118218206,-0.8557,0.0,-6.8738,14,28.5714,0.017268,6,0.4286,-23898.85,-2.3899,16.6667,-0.3972,-2.383,0,0.0,0.0,0.0,0.0,0.0,0.0,8,0.5714,43680.17,4.368,37.5,0.5841,4.6727
6adb8149,bull,s30|s96|s26,3,0.0266154066,0.0110275901,-6.3614,0.0,-8.0092,25,28.0,0.017263,9,0.36,-24699.65,-2.47,22.2222,-0.2662,-2.3962,3,0.12,40442.83,4.0443,66.6667,1.4068,4.2203,13,0.52,-31108.64,-3.1109,23.0769,-0.2341,-3.043
e8b65bd4,bull,s8|s4|s46|s30,4,0.056857871,0.0160698245,5.1219,0.0,-8.0605,10,30.0,0.017261,1,0.1,56727.16,5.6727,100.0,5.6858,5.6858,3,0.3,21689.08,2.1689,33.3333,0.8239,2.4718,6,0.6,-24526.76,-2.4527,16.6667,-0.3915,-2.3491
e0c9bca8,bull,s5|s55|s87|s64,4,0.0378177522,0.0118796408,-0.525,0.0,-6.8519,15,26.6667,0.017203,6,0.4,25711.83,2.5712,33.3333,0.4686,2.8117,3,0.2,12822.88,1.2823,33.3333,0.4686,1.4058,6,0.4,-21905.18,-2.1905,16.6667,-0.3597,-2.158
1fb551c4,bull,s38|s30|s41|s34|s10,5,0.057403606,0.0091656324,4.6401,0.0,-7.0841,15,20.0,0.017192,2,0.1333,47445.04,4.7445,50.0,2.4119,4.8238,4,0.2667,27214.26,2.7214,25.0,0.7477,2.9907,9,0.6,-16518.3,-1.6518,11.1111,-0.1769,-1.5921
8e3af545,bull,s14|s53|s65|s4,4,0.0597483013,0.0152147674,4.3134,0.0,-7.0011,11,27.2727,0.017175,2,0.1818,43724.18,4.3724,50.0,2.2267,4.4534,2,0.1818,42735.63,4.2736,50.0,2.2267,4.4534,7,0.6364,-33639.09,-3.3639,14.2857,-0.4506,-3.154
301dd4cf,bull,s15|s96|s59,3,0.0374990892,0.0138642918,-0.7543,0.0,-7.121,14,28.5714,0.017174,2,0.1429,22738.2,2.2738,50.0,1.1817,2.3635,3,0.2143,9067.27,0.9067,33.3333,0.3257,0.9771,9,0.6429,-23732.39,-2.3732,22.2222,-0.245,-2.2052
9a91f343,bull,s59|s42|s27,3,0.0509245299,0.0143676235,4.6271,0.0,-7.5583,10,30.0,0.017167,2,0.2,100827.42,10.0827,100.0,5.0925,10.1849,2,0.2,-30252.34,-3.0252,0.0,-1.4368,-2.8735,6,0.6,-21728.68,-2.1729,16.6667,-0.3486,-2.0914
3613ca4a,bull,s94|s46|s27,3,0.0621755745,0.0144776586,5.3722,0.0,-8.3339,12,25.0,0.017157,1,0.0833,-14587.64,-1.4588,0.0,-1.4478,-1.4478,3,0.25,31685.2,3.1685,33.3333,1.1073,3.322,8,0.6667,34115.59,3.4116,25.0,0.4686,3.7485
8c2db390,bull,s64|s74|s27,3,0.0515062173,0.0180368829,1.7656,0.0,-10.5611,14,28.5714,0.017106,2,0.1429,103079.33,10.3079,100.0,5.1506,10.3012,3,0.2143,-55720.12,-5.572,0.0,-1.8037,-5.4111,9,0.6429,-27443.65,-2.7444,22.2222,-0.2583,-2.3246
3fb9d9b3,bull,s10|s3|s95|s69,4,0.0608733718,0.0175309008,4.7348,0.0,-7.8729,10,30.0,0.017064,1,0.1,60693.01,6.0693,100.0,6.0873,6.0873,3,0.3,22320.73,2.2321,33.3333,0.8604,2.5812,6,0.6,-28066.19,-2.8066,16.6667,-0.4464,-2.6781
580d378e,bull,s78|s48|s34,3,0.0457937744,0.0137502105,1.5321,0.0,-9.7723,15,26.6667,0.017043,5,0.3333,48738.87,4.8739,40.0,1.0067,5.0337,4,0.2667,-56515.49,-5.6515,0.0,-1.375,-5.5001,6,0.4,35257.16,3.5257,33.3333,0.6098,3.6587
fa1389fa,bull,s79|s34|s88|s35,4,0.0521872246,0.0166326416,4.9174,0.0,-8.3514,9,33.3333,0.017031,2,0.2222,-34802.22,-3.4802,0.0,-1.6633,-3.3265,3,0.3333,-51671.05,-5.1671,0.0,-1.6633,-4.9898,4,0.4444,139781.81,13.9782,75.0,3.4982,13.9929
dfb1f308,bull,s30|s46|s44,3,0.0372179222,0.0124332851,-3.9425,0.0,-8.4915,23,26.087,0.017028,4,0.1739,-1397.83,-0.1398,25.0,-0.002,-0.0082,6,0.2609,22711.97,2.2712,33.3333,0.4117,2.4703,13,0.5652,-14970.31,-1.497,23.0769,-0.0975,-1.2679
d978ae8d,bull,s35|s94|s10|s5|s41,5,0.0462913013,0.0197709246,0.5345,0.0,-10.4194,12,33.3333,0.017011,1,0.0833,44226.72,4.4227,100.0,4.6291,4.6291,3,0.25,3540.8,0.3541,33.3333,0.225,0.6749,8,0.6667,-26260.18,-2.626,25.0,-0.3255,-2.6043
86f2c6e2,bull,s70|s73|s48|s12|s40,5,0.0390111476,0.0140921817,2.5666,0.0,-5.5044,8,37.5,0.017001,2,0.25,-30148.25,-3.0148,0.0,-1.4092,-2.8184,2,0.25,-29075.52,-2.9076,0.0,-1.4092,-2.8184,4,0.5,104066.79,10.4067,75.0,2.5735,10.2941
35b636fa,bull,s7|s11|s6|s30,4,0.0692516729,0.0172761022,6.0034,0.0,-9.5595,11,27.2727,0.016974,0,0.0,0.0,0.0,0.0,0.0,0.0,5,0.4545,81495.92,8.1496,40.0,1.7335,8.6675,6,0.5455,-17905.9,-1.7906,16.6667,-0.2855,-1.7129
713b2c9f,bear,s66|s72|s19,3,0.0225436053,0.014962358,-6.648,0.0,-9.8938,17,35.2941,0.016867,7,0.4118,7625.24,0.7625,42.8571,0.1112,0.7781,4,0.2353,-59092.27,-5.9092,0.0,-1.4962,-5.9849,6,0.3529,20724.92,2.0725,50.0,0.3791,2.2744
46222b96,bull,s55|s35|s64|s58|s83,5,0.0282163544,0.017467091,-7.0204,0.0,-8.381,18,33.3333,0.016839,3,0.1667,-7907.41,-0.7907,33.3333,-0.2239,-0.6718,4,0.2222,20490.13,2.049,50.0,0.5375,2.1499,11,0.6111,-55081.28,-5.5081,27.2727,-0.5008,-5.5088
a8cb3db1,bull,s82|s84,2,0.0587699525,0.0113294208,4.5621,0.0,-7.4644,14,21.4286,0.016839,2,0.1429,46700.73,4.6701,50.0,2.372,4.7441,2,0.1429,-23014.37,-2.3014,0.0,-1.1329,-2.2659,10,0.7143,23220.4,2.322,20.0,0.269,2.6905
48068c3c,bull,s47|s1|s11|s30,4,0.0385213912,0.0082500749,-0.3354,0.0,-5.8643,19,21.0526,0.016805,5,0.2632,4491.91,0.4492,20.0,0.1104,0.5521,2,0.1053,-16309.37,-1.6309,0.0,-0.825,-1.65,12,0.6316,38695.29,3.8695,25.0,0.3443,4.1313
69cf0424,bull,s6|s7|s82,3,0.0507003216,0.0199700865,0.7833,0.0,-10.2725,13,30.7692,0.016802,0,0.0,0.0,0.0,0.0,0.0,0.0,2,0.1538,-40212.37,-4.0212,0.0,-1.997,-3.994,11,0.8462,56844.86,5.6845,36.3636,0.5728,6.3011
9d0da4c4,bull,s39|s41,2,0.0271681239,0.0125455401,-7.6356,0.0,-9.0796,27,29.6296,0.016798,7,0.2593,-46853.03,-4.6853,14.2857,-0.6872,-4.8105,6,0.2222,40992.59,4.0993,50.0,0.7311,4.3868,14,0.5185,-18886.15,-1.8886,28.5714,-0.1199,-1.6783
e320640b,bull,s7|s12,2,0.0320026193,0.0141067147,-4.9006,0.0,-9.4796,20,30.0,0.016784,4,0.2,33374.95,3.3375,50.0,0.8948,3.5792,4,0.2,-10270.58,-1.0271,25.0,-0.2579,-1.0318,12,0.6,-32210.01,-3.221,25.0,-0.2579,-3.0953
da0457b1,bull,s7|s64|s42|s69,4,0.043386015,0.0161522549,-1.7655,0.0,-9.8888,18,27.7778,0.016778,1,0.0556,-16199.22,-1.6199,0.0,-1.6152,-1.6152,3,0.1667,-48473.32,-4.8473,0.0,-1.6152,-4.8457,14,0.7778,65855.62,6.5856,35.7143,0.5111,7.156
5e09f0a8,bull,s88|s33|s4,3,0.0673339705,0.0188417007,6.2626,0.0,-10.455,10,30.0,0.016737,0,0.0,0.0,0.0,0.0,0.0,0.0,4,0.4,4417.84,0.4418,25.0,0.2702,1.0809,6,0.6,60255.72,6.0256,33.3333,0.9884,5.9301
7ae26259,bull,s14|s78|s26,3,0.0429514242,0.019266285,-0.0805,0.0,-10.0069,12,33.3333,0.016718,2,0.1667,-38701.32,-3.8701,0.0,-1.9266,-3.8533,2,0.1667,21547.92,2.1548,50.0,1.1843,2.3685,8,0.6667,29927.18,2.9927,37.5,0.4065,3.2523
69720956,bull,s38|s40,2,0.022802239,0.0108408704,-2.0797,0.0,-7.3555,12,33.3333,0.016708,7,0.5833,-10000.69,-1.0001,28.5714,-0.1229,-0.86,2,0.1667,-21403.15,-2.1403,0.0,-1.0841,-2.1682,3,0.25,34558.58,3.4559,66.6667,1.1588,3.4764
210355c3,bear,s81|s52|s29,3,0.0192801492,0.0117877182,-9.5592,0.0,-11.3169,30,33.3333,0.016687,15,0.5,-21521.75,-2.1522,33.3333,-0.1432,-2.1476,4,0.1333,-15189.36,-1.5189,25.0,-0.4021,-1.6083,11,0.3667,-8222.25,-0.8222,36.3636,-0.049,-0.5393
b05bda74,bull,s43|s75|s4,3,0.035257975,0.0142943444,-4.2853,0.0,-12.6314,23,30.4348,0.016684,4,0.1739,87392.7,8.7393,75.0,2.287,9.148,5,0.2174,-70647.92,-7.0648,0.0,-1.4294,-7.1472,14,0.6087,-3653.27,-0.3653,28.5714,-0.0137,-0.1912
6d208533,bull,s47|s15|s4,3,0.0585532372,0.0154000877,3.8045,0.0,-7.0711,11,27.2727,0.016681,2,0.1818,42302.64,4.2303,50.0,2.1577,4.3153,2,0.1818,41433.05,4.1433,50.0,2.1577,4.3153,7,0.6364,-36004.14,-3.6004,14.2857,-0.4835,-3.3847
98bdc1a9,bull,s54|s41|s27,3,0.0604773158,0.013458089,4.9815,0.0,-8.5681,12,25.0,0.016613,1,0.0833,60086.75,6.0087,100.0,6.0477,6.0477,4,0.3333,16597.05,1.6597,25.0,0.5026,2.0103,7,0.5833,-20958.86,-2.0959,14.2857,-0.2896,-2.0271
6850490c,bull,s60|s14,2,0.0451132509,0.0178507772,-0.3526,0.0,-9.126,13,30.7692,0.016515,3,0.2308,69219.3,6.9219,66.6667,2.4125,7.2376,1,0.0769,-17983.45,-1.7983,0.0,-1.7851,-1.7851,9,0.6923,-36416.11,-3.6416,22.2222,-0.3859,-3.4729
8bbe026f,bull,s64|s48|s26,3,0.0206837334,0.0102103035,0.6387,0.0,-4.4298,7,42.8571,0.016497,3,0.4286,30440.22,3.044,66.6667,1.0386,3.1157,1,0.1429,19916.7,1.9917,100.0,2.0684,2.0684,3,0.4286,-30228.84,-3.0229,0.0,-1.021,-3.0631
5786b1ab,bull,s70|s14|s94|s24,4,0.0579314488,0.0180937203,3.4276,0.0,-7.0923,10,30.0,0.016487,4,0.4,75759.7,7.576,50.0,1.9919,7.9675,1,0.1,-18839.49,-1.8839,0.0,-1.8094,-1.8094,5,0.5,-15113.57,-1.5114,20.0,-0.2889,-1.4443
b00b0fc4,bull,s96|s45|s65,3,0.0244232194,0.0080063354,-5.2425,0.0,-9.9591,31,25.8065,0.016475,14,0.4516,-16538.9,-1.6539,21.4286,-0.1057,-1.48,3,0.0968,8694.86,0.8695,33.3333,0.2804,0.8411,14,0.4516,16671.1,1.6671,28.5714,0.1259,1.763
4b167015,bear,s100|s28|s27,3,0.0309912032,0.0181165697,-4.9681,0.0,-12.5652,17,35.2941,0.016427,3,0.1765,-7734.95,-0.7735,33.3333,-0.1747,-0.5242,4,0.2353,23581.1,2.3581,50.0,0.6437,2.5749,10,0.5882,-33551.6,-3.3552,30.0,-0.3384,-3.3842
5304859c,bull,s78|s32|s3|s30,4,0.0443990906,0.0101703762,0.2369,0.0,-7.3313,18,22.2222,0.016423,5,0.2778,-51842.48,-5.1842,0.0,-1.017,-5.0852,2,0.1111,34251.65,3.4252,50.0,1.7114,3.4229,11,0.6111,48823.91,4.8824,27.2727,0.4712,5.1834
ce393ecc,bear,s31|s90|s77|s85,4,0.0271942227,0.0102227598,1.3259,0.0,-5.0652,8,37.5,0.016417,6,0.75,-25379.5,-2.538,16.6667,-0.3987,-2.392,0,0.0,0.0,0.0,0.0,0.0,0.0,2,0.25,55026.71,5.5027,100.0,2.7194,5.4388
731e4219,bull,s48|s33|s91|s36|s5,5,0.0395754737,0.0175854565,-1.459,0.0,-12.215,16,31.25,0.016406,2,0.125,20626.72,2.0627,50.0,1.0995,2.199,4,0.25,-14122.47,-1.4122,25.0,-0.3295,-1.3181,10,0.625,-6495.99,-0.6496,30.0,-0.0437,-0.4372
cd29dffa,bull,s11|s79|s94,3,0.0387360847,0.0143304113,-1.826,0.0,-10.1598,18,27.7778,0.016398,1,0.0556,-14082.74,-1.4083,0.0,-1.433,-1.433,2,0.1111,-28377.49,-2.8377,0.0,-1.433,-2.8661,15,0.8333,45595.97,4.5596,33.3333,0.3358,5.0376
3e25a563,bull,s84|s43|s15,3,0.0439083166,0.0131687311,-0.0786,0.0,-7.8362,16,25.0,0.016377,2,0.125,29386.23,2.9386,50.0,1.537,3.074,4,0.25,-52679.49,-5.2679,0.0,-1.3169,-5.2675,10,0.625,36331.07,3.6331,30.0,0.3954,3.9544
3708da29,bull,s8|s95|s30|s32,4,0.0550965554,0.0162962804,3.9429,0.0,-8.0094,10,30.0,0.016349,2,0.2,38560.42,3.856,50.0,1.94,3.88,3,0.3,19684.5,1.9684,33.3333,0.7501,2.2504,5,0.5,-11247.19,-1.1247,20.0,-0.2018,-1.0089
e74e6ded,bull,s1|s95|s38|s35,4,0.0510557888,0.0198226176,2.4335,0.0,-6.3053,9,33.3333,0.016347,2,0.2222,28061.82,2.8062,50.0,1.5617,3.1233,2,0.2222,28334.2,2.8334,50.0,1.5617,3.1233,5,0.5556,-27106.86,-2.7107,20.0,-0.5647,-2.8235
ca2e3447,bull,s75|s91|s47|s4|s94,5,0.0329374673,0.010395275,-1.6577,0.0,-9.7726,19,26.3158,0.01634,7,0.3684,-30313.89,-3.0314,14.2857,-0.4205,-2.9434,4,0.2105,44964.79,4.4965,50.0,1.1271,4.5084,8,0.4211,2305.01,0.2305,25.0,0.0438,0.3503
53dd165d,bull,s59|s8|s68|s94,4,0.0396304156,0.0102540341,2.4533,0.0,-6.1275,10,30.0,0.016286,4,0.4,-43303.19,-4.3303,0.0,-1.0254,-4.1016,2,0.2,28963.5,2.8963,50.0,1.4688,2.9376,4,0.4,60098.24,6.0098,50.0,1.4688,5.8753
165722ec,bull,s15|s78|s54|s7|s46,5,0.0415748396,0.0107648511,0.1023,0.0,-7.7063,17,23.5294,0.016279,7,0.4118,-25597.29,-2.5597,14.2857,-0.3288,-2.3014,2,0.1176,-21382.53,-2.1383,0.0,-1.0765,-2.153,8,0.4706,69508.55,6.9509,37.5,0.8863,7.09
9f82db77,bull,s48|s30|s27,3,0.0514895144,0.0088235018,4.1742,0.0,-7.4829,15,20.0,0.016274,2,0.1333,42268.24,4.2268,50.0,2.1333,4.2666,4,0.2667,-36664.38,-3.6664,0.0,-0.8824,-3.5294,9,0.6,39837.38,3.9837,22.2222,0.4579,4.1215
0f8b6664,bull,s1|s41|s5,3,0.0350439103,0.0150547469,-4.9478,0.0,-11.2702,24,29.1667,0.016271,5,0.2083,21674.32,2.1674,40.0,0.4985,2.4924,5,0.2083,24093.42,2.4093,40.0,0.4985,2.4924,14,0.5833,-61173.97,-6.1174,21.4286,-0.4319,-6.047
bd6c7aba,bull,s34|s15|s26,3,0.0395985545,0.0177368857,-1.2659,0.0,-8.2735,13,30.7692,0.01623,2,0.1538,20802.49,2.0802,50.0,1.0931,2.1862,2,0.1538,21268.9,2.1269,50.0,1.0931,2.1862,9,0.6923,-47252.02,-4.7252,22.2222,-0.4996,-4.4961
7d38acda,bull,s39|s95|s27,3,0.0562176815,0.0172490246,4.1527,0.0,-8.5545,10,30.0,0.016189,1,0.1,55853.17,5.5853,100.0,5.6218,5.6218,3,0.3,18799.95,1.88,33.3333,0.724,2.172,6,0.6,-31362.46,-3.1362,16.6667,-0.5005,-3.0027
522ab9a9,bull,s70|s4|s32|s53|s45,5,0.0620287257,0.0190278663,4.2497,0.0,-8.7414,10,30.0,0.016155,1,0.1,61629.74,6.163,100.0,6.2029,6.2029,3,0.3,20380.74,2.0381,33.3333,0.7991,2.3973,6,0.6,-34753.66,-3.4754,16.6667,-0.5518,-3.3111
8b120911,bull,s63|s9|s42|s74,4,0.0345628872,0.0140191154,-2.0095,0.0,-10.9211,17,29.4118,0.016128,6,0.3529,-37140.47,-3.714,16.6667,-0.5922,-3.5533,1,0.0588,-13763.43,-1.3763,0.0,-1.4019,-1.4019,10,0.5882,52543.31,5.2543,40.0,0.5414,5.4137
ba4feccf,bull,s38|s40|s36,3,0.0501703926,0.0096993447,3.0501,0.0,-6.3048,14,21.4286,0.01612,6,0.4286,-545.12,-0.0545,16.6667,0.0279,0.1674,2,0.1429,37900.73,3.7901,50.0,2.0236,4.0471,6,0.4286,2120.55,0.2121,16.6667,0.0279,0.1674
40d0b0c9,bull,s44|s95|s63,3,0.0292158461,0.0106444735,0.4191,0.0,-4.0516,9,33.3333,0.016114,3,0.3333,46459.61,4.646,66.6667,1.5929,4.7787,2,0.2222,-21463.35,-2.1463,0.0,-1.0644,-2.1289,4,0.4444,-2923.64,-0.2924,25.0,-0.0679,-0.2718
946abd1d,bull,s47|s30|s3,3,0.0288181159,0.0179333214,-6.1276,0.0,-11.3468,17,35.2941,0.016093,4,0.2353,-70478.09,-7.0478,0.0,-1.7933,-7.1733,3,0.1765,84766.03,8.4766,100.0,2.8818,8.6454,10,0.5882,-41084.19,-4.1084,30.0,-0.3908,-3.9079
a8682c4e,bear,s18|s20,2,0.0257362987,0.014606226,-7.1253,0.0,-11.0677,21,33.3333,0.016084,10,0.4762,-24141.8,-2.4142,30.0,-0.2503,-2.5035,4,0.1905,-17876.0,-1.7876,25.0,-0.4521,-1.8082,7,0.3333,15646.68,1.5647,42.8571,0.2683,1.8784
48a6bc7d,bull,s87|s82|s30,3,0.0641806765,0.0157926037,4.7043,0.0,-8.9438,12,25.0,0.016077,0,0.0,0.0,0.0,0.0,0.0,0.0,2,0.1667,-33047.8,-3.3048,0.0,-1.5793,-3.1585,10,0.8333,77716.35,7.7716,30.0,0.8199,8.1994
9d8658e3,bull,s12|s21|s43,3,0.0561007134,0.0161356843,4.9466,0.0,-9.8022,10,30.0,0.016076,0,0.0,0.0,0.0,0.0,0.0,0.0,4,0.4,3344.97,0.3345,25.0,0.1923,0.7694,6,0.6,48111.32,4.8111,33.3333,0.7943,4.7659
c2514ca0,bull,s48|s70|s11,3,0.0644926899,0.017950346,3.976,0.0,-8.22,11,27.2727,0.016074,1,0.0909,-17575.33,-1.7575,0.0,-1.795,-1.795,4,0.3636,87309.06,8.7309,50.0,2.3271,9.3085,6,0.5455,-26356.22,-2.6356,16.6667,-0.421,-2.5259
367b4760,bull,s36|s30|s5,3,0.0579756799,0.0126219932,5.0304,0.0,-9.3872,12,25.0,0.01607,0,0.0,0.0,0.0,0.0,0.0,0.0,4,0.3333,16895.99,1.6896,25.0,0.5027,2.011,8,0.6667,39652.67,3.9653,25.0,0.5027,4.0219
76fae1d9,bull,s32|s3,2,0.0451175184,0.0197706602,-1.8959,0.0,-8.5025,12,33.3333,0.016058,1,0.0833,-20044.09,-2.0044,0.0,-1.9771,-1.9771,2,0.1667,24339.28,2.4339,50.0,1.2673,2.5347,9,0.75,12678.51,1.2679,33.3333,0.1859,1.6729
ea9947c7,bull,s78|s36|s27,3,0.0677189294,0.0182890187,4.6351,0.0,-9.1584,11,27.2727,0.016034,1,0.0909,66423.91,6.6424,100.0,6.7719,6.7719,4,0.3636,7614.33,0.7614,25.0,0.3213,1.2852,6,0.5455,-23933.24,-2.3933,16.6667,-0.3954,-2.3726
1f0a3c26,bull,s14|s87|s4,3,0.0691363166,0.0148496335,5.7523,0.0,-10.4097,12,25.0,0.016027,3,0.25,121667.14,12.1667,66.6667,4.1141,12.3423,2,0.1667,-31737.66,-3.1738,0.0,-1.485,-2.9699,7,0.5833,-21487.92,-2.1488,14.2857,-0.2852,-1.9961
2889bd67,bull,s12|s96|s27,3,0.0465025309,0.0169919012,0.0838,0.0,-9.6077,14,28.5714,0.016023,1,0.0714,44943.61,4.4944,100.0,4.6503,4.6503,3,0.2143,11243.61,1.1244,33.3333,0.4173,1.2519,10,0.7143,-45074.63,-4.5075,20.0,-0.4293,-4.293
ae097195,bull,s41|s36,2,0.0573771076,0.0127093908,3.2381,0.0,-6.853,13,23.0769,0.016022,1,0.0769,-13255.18,-1.3255,0.0,-1.2709,-1.2709,2,0.1538,41771.35,4.1771,50.0,2.2334,4.4668,10,0.7692,11232.47,1.1232,20.0,0.1308,1.3079
fc073850,bull,s8|s35|s3,3,0.0522997382,0.0103676904,2.3891,0.0,-10.1952,19,21.0526,0.016009,0,0.0,0.0,0.0,0.0,0.0,0.0,4,0.2105,18803.39,1.8803,25.0,0.5299,2.1197,15,0.7895,30546.79,3.0547,20.0,0.2166,3.2487
4a852446,bull,s84|s34|s27,3,0.0532621299,0.0175652358,3.8991,0.0,-8.5604,10,30.0,0.015983,1,0.1,52717.81,5.2718,100.0,5.3262,5.3262,1,0.1,-18106.48,-1.8106,0.0,-1.7565,-1.7565,8,0.8,-2150.94,-0.2151,25.0,0.0142,0.1133
c577e610,bull,s14|s96|s43|s11,4,0.061200397,0.0131328184,3.9153,0.0,-7.8194,13,23.0769,0.015973,2,0.1538,121142.64,12.1143,100.0,6.12,12.2401,2,0.1538,-27388.51,-2.7389,0.0,-1.3133,-2.6266,9,0.6923,-46530.31,-4.653,11.1111,-0.4874,-4.3862
88710f11,bull,s74|s36|s30|s11,4,0.0454788754,0.0139988306,0.4097,0.0,-9.5016,15,26.6667,0.01594,1,0.0667,44448.52,4.4449,100.0,4.5479,4.5479,3,0.2,16239.07,1.6239,33.3333,0.5827,1.7481,11,0.7333,-36979.57,-3.698,18.1818,-0.3185,-3.5032
09230be4,bull,s70|s11|s30,3,0.064792528,0.0139188863,4.1409,0.0,-8.186,13,23.0769,0.015921,0,0.0,0.0,0.0,0.0,0.0,0.0,4,0.3077,98076.76,9.8077,50.0,2.5437,10.1747,9,0.6923,-48717.56,-4.8718,11.1111,-0.5173,-4.6559
a0bb352e,bull,s34|s91|s36,3,0.0397961553,0.0162226747,-6.0637,0.0,-11.7297,27,29.6296,0.0159,4,0.1481,-10207.36,-1.0207,25.0,-0.2218,-0.8872,5,0.1852,28062.0,2.8062,40.0,0.6185,3.0924,18,0.6667,-16438.47,-1.6438,27.7778,-0.0662,-1.1914
d414054b,bull,s70|s39|s54|s65|s42,5,0.0571046316,0.0084497172,3.1823,0.0,-6.3057,17,17.6471,0.015896,3,0.1765,103435.92,10.3436,66.6667,3.5253,10.576,3,0.1765,-25751.22,-2.5751,0.0,-0.845,-2.5349,11,0.6471,-29151.51,-2.9152,9.0909,-0.249,-2.7393
455385a4,bull,s45|s74|s34|s96,4,0.0530366823,0.0198838975,2.9527,0.0,-7.8967,9,33.3333,0.015862,4,0.4444,-10546.47,-1.0546,25.0,-0.1654,-0.6615,2,0.2222,31180.38,3.118,50.0,1.6576,3.3153,3,0.3333,14483.12,1.4483,33.3333,0.4423,1.3269
c3cc678b,bull,s41|s40,2,0.046667386,0.0173304488,1.7659,0.0,-12.7911,13,30.7692,0.015859,1,0.0769,47056.0,4.7056,100.0,4.6667,4.6667,4,0.3077,-9122.43,-0.9122,25.0,-0.1331,-0.5324,8,0.6154,-12183.76,-1.2184,25.0,-0.1331,-1.0648
95ad928f,bull,s36|s75|s9|s6,4,0.0355382571,0.0124823978,-2.4906,0.0,-9.1103,19,26.3158,0.015829,5,0.2632,-15569.67,-1.557,20.0,-0.2878,-1.4391,3,0.1579,10479.36,1.0479,33.3333,0.3524,1.0573,11,0.5789,4722.92,0.4723,27.2727,0.0614,0.6756
967c729b,bull,s95|s70|s21|s48,4,0.029374411,0.0186597268,-0.2487,0.0,-4.8527,7,42.8571,0.015823,2,0.2857,9665.97,0.9666,50.0,0.5357,1.0715,1,0.1429,28493.69,2.8494,100.0,2.9374,2.9374,4,0.5714,-26946.46,-2.6946,25.0,-0.6651,-2.6605
8d33ddcd,bull,s65|s24|s27,3,0.0596902982,0.0150862579,4.3824,0.0,-9.1523,11,27.2727,0.015816,2,0.1818,43813.09,4.3813,50.0,2.2302,4.4604,2,0.1818,43825.94,4.3826,50.0,2.2302,4.4604,7,0.6364,-33595.6,-3.3596,14.2857,-0.4404,-3.0827
12e7105c,bull,s35|s30|s27,3,0.0485438948,0.0176726626,0.9975,0.0,-11.0906,14,28.5714,0.015801,1,0.0714,49055.39,4.9055,100.0,4.8544,4.8544,3,0.2143,-54250.57,-5.4251,0.0,-1.7673,-5.3018,10,0.7143,17600.32,1.76,30.0,0.2192,2.1923
643503b6,bull,s96|s53|s8,3,0.021474627,0.0080498951,-7.6755,0.0,-11.5596,43,27.907,0.015773,17,0.3953,-18203.03,-1.8203,23.5294,-0.1103,-1.875,6,0.1395,38799.04,3.8799,50.0,0.6712,4.0274,20,0.4651,-14818.12,-1.4818,25.0,-0.0669,-1.3375
d23fe9f9,bull,s4|s6|s69|s88|s42,5,0.0408983657,0.008827314,-0.8544,0.0,-8.3821,25,20.0,0.015718,5,0.2,54606.2,5.4606,40.0,1.1063,5.5315,7,0.28,-13334.02,-1.3334,14.2857,-0.1724,-1.2066,13,0.52,-17307.82,-1.7308,15.3846,-0.1177,-1.5304
55c26db0,bull,s6|s78|s4,3,0.0399276218,0.0198352936,-2.6167,0.0,-12.3947,15,33.3333,0.015705,2,0.1333,78358.02,7.8358,100.0,3.9928,7.9855,4,0.2667,-80139.51,-8.014,0.0,-1.9835,-7.9341,9,0.6,-1775.33,-0.1775,33.3333,0.0086,0.0771
eb617232,bull,s10|s46|s39|s15|s73,5,0.0588889974,0.0187191371,3.2697,0.0,-8.3178,10,30.0,0.015625,2,0.2,38512.15,3.8512,50.0,2.0085,4.017,2,0.2,38144.47,3.8144,50.0,2.0085,4.017,6,0.6,-36328.28,-3.6328,16.6667,-0.5784,-3.4707
ab69766f,bull,s10|s21|s60,3,0.0492875999,0.0096398369,2.8584,0.0,-6.6804,14,21.4286,0.01559,4,0.2857,19079.47,1.9079,25.0,0.5092,2.0368,3,0.2143,28306.79,2.8307,33.3333,1.0003,3.0008,7,0.5,-9470.25,-0.947,14.2857,-0.1222,-0.8551
8f172210,bull,s33|s15,2,0.0475814724,0.0189901839,1.939,0.0,-7.066,9,33.3333,0.01558,3,0.3333,7747.31,0.7747,33.3333,0.32,0.9601,2,0.2222,27036.21,2.7036,50.0,1.4296,2.8591,4,0.4444,-10016.71,-1.0017,25.0,-0.2347,-0.9389
0b27a961,bull,s8|s54|s70,3,0.0235426577,0.0081040262,-7.7142,0.0,-9.7293,42,26.1905,0.015563,14,0.3333,-49157.93,-4.9158,14.2857,-0.3583,-5.0163,8,0.1905,28694.31,2.8694,37.5,0.3763,3.0108,20,0.4762,24975.23,2.4975,30.0,0.139,2.78
d87c697c,bull,s95|s5|s3|s69,4,0.0616615883,0.0196548312,3.3903,0.0,-8.667,10,30.0,0.015512,2,0.2,40188.22,4.0188,50.0,2.1003,4.2007,2,0.2,39782.9,3.9783,50.0,2.1003,4.2007,6,0.6,-38412.78,-3.8413,16.6667,-0.6102,-3.6613
f1734e97,bull,s63|s10|s12,3,0.0331490928,0.0112563745,-5.4885,0.0,-6.9254,24,25.0,0.01549,6,0.25,19357.9,1.9358,33.3333,0.3545,2.1273,4,0.1667,-879.17,-0.0879,25.0,-0.0155,-0.062,14,0.5833,-26178.28,-2.6178,21.4286,-0.1741,-2.4373
43bd4488,bull,s43|s24|s38|s44|s40,5,0.0573787094,0.0186153396,3.0319,0.0,-8.2449,10,30.0,0.015479,2,0.2,37448.23,3.7448,50.0,1.9382,3.8763,2,0.2,-38986.54,-3.8987,0.0,-1.8615,-3.7231,6,0.6,37755.77,3.7756,33.3333,0.6716,4.0296
facc946d,bull,s69|s46|s21|s5|s15,5,0.0633301136,0.0199965479,3.7535,0.0,-9.2402,10,30.0,0.015459,2,0.2,41447.84,4.1448,50.0,2.1667,4.3334,2,0.2,40981.31,4.0981,50.0,2.1667,4.3334,6,0.6,-38511.71,-3.8512,16.6667,-0.6109,-3.6653
a1aa2eaa,bull,s11|s75|s27,3,0.0563669666,0.0182008511,3.4925,0.0,-8.9082,10,30.0,0.015449,1,0.1,55846.82,5.5847,100.0,5.6367,5.6367,3,0.3,17077.82,1.7078,33.3333,0.6655,1.9965,6,0.6,-36173.84,-3.6174,16.6667,-0.5773,-3.4637
5dcc4485,bull,s60|s83|s36|s1|s93,5,0.018438615,0.0090405861,-10.4032,0.0,-10.9624,42,30.9524,0.01542,15,0.3571,447.72,0.0448,33.3333,0.0119,0.1787,5,0.119,-17531.76,-1.7532,20.0,-0.3545,-1.7724,22,0.5238,-7994.72,-0.7995,31.8182,-0.0297,-0.6538
809447f4,bull,s38|s8|s40|s43|s1,5,0.0645369613,0.0166861336,3.1052,0.0,-7.7464,12,25.0,0.015404,1,0.0833,62342.52,6.2343,100.0,6.4537,6.4537,3,0.25,26216.4,2.6216,33.3333,1.0388,3.1165,8,0.6667,-52058.12,-5.2058,12.5,-0.6533,-5.2266
9dadde9c,bull,s4|s58|s27,3,0.0516128852,0.0088291473,1.6127,0.0,-8.6801,22,18.1818,0.015381,3,0.1364,91929.9,9.193,66.6667,3.1466,9.4397,4,0.1818,-36171.35,-3.6171,0.0,-0.8829,-3.5317,15,0.6818,-13038.78,-1.3039,13.3333,-0.077,-1.1553
da5b7595,bull,s88|s64|s55,3,0.035726816,0.008699862,-2.8922,0.0,-10.4694,31,22.5806,0.015354,8,0.2581,16714.55,1.6715,25.0,0.2407,1.9254,9,0.2903,52700.43,5.27,33.3333,0.6109,5.4981,14,0.4516,-33235.64,-3.3236,14.2857,-0.2353,-3.2945
e482a298,bull,s21|s14|s35,3,0.0183790465,0.0082924734,-11.0255,0.0,-11.0918,55,30.9091,0.01535,25,0.4545,30169.68,3.017,36.0,0.1309,3.2732,7,0.1273,-54894.96,-5.4895,0.0,-0.8292,-5.8047,23,0.4182,17729.82,1.773,34.7826,0.0985,2.2645
4c8a8dfe,bull,s78|s33|s65,3,0.0544394153,0.0146399685,3.8154,0.0,-9.1145,11,27.2727,0.015342,1,0.0909,53481.76,5.3482,100.0,5.4439,5.4439,4,0.3636,8179.48,0.8179,25.0,0.263,1.052,6,0.5455,-19517.19,-1.9517,16.6667,-0.3127,-1.876
9cc1aa23,bull,s36|s10|s9|s93|s35,5,0.0631875791,0.0183531241,3.2546,0.0,-8.3704,11,27.2727,0.01534,1,0.0909,-19365.09,-1.9365,0.0,-1.8353,-1.8353,3,0.2727,103314.14,10.3314,66.6667,3.6007,10.8022,7,0.6364,-47737.26,-4.7737,14.2857,-0.6704,-4.6931
a95fda3b,bull,s45|s84|s4,3,0.0463261608,0.0096478119,3.173,0.0,-7.6874,13,23.0769,0.015304,3,0.2308,26569.08,2.6569,33.3333,0.901,2.7031,5,0.3846,-49853.82,-4.9854,0.0,-0.9648,-4.8239,5,0.3846,63012.15,6.3012,40.0,1.2742,6.3709
570e9565,bull,s82|s69|s53|s47,4,0.0205267795,0.0121424507,-8.1698,0.0,-9.3457,22,31.8182,0.015285,9,0.4091,-11230.9,-1.1231,33.3333,-0.1253,-1.1274,3,0.1364,-35180.35,-3.518,0.0,-1.2142,-3.6427,10,0.4545,7558.89,0.7559,40.0,0.0925,0.9252
61ee3ec5,bull,s41|s87|s43,3,0.0571827716,0.018647094,3.4029,0.0,-9.0737,10,30.0,0.015278,0,0.0,0.0,0.0,0.0,0.0,0.0,2,0.2,-39024.38,-3.9024,0.0,-1.8647,-3.7294,8,0.8,74747.16,7.4747,37.5,0.9789,7.8313
4138bf0c,bull,s42|s78|s91,3,0.0608749813,0.0178177937,3.0306,0.0,-8.1704,11,27.2727,0.015274,1,0.0909,57276.3,5.7276,100.0,6.0875,6.0875,2,0.1818,-37107.4,-3.7107,0.0,-1.7818,-3.5636,8,0.7273,13656.48,1.3656,25.0,0.1855,1.4843
e045d57f,bear,s99|s20|s26,3,0.0193938357,0.009990038,-3.8787,0.0,-6.0198,13,30.7692,0.015271,7,0.5385,-11366.89,-1.1367,28.5714,-0.1595,-1.1163,3,0.2308,-852.06,-0.0852,33.3333,-0.0195,-0.0586,3,0.2308,-874.34,-0.0874,33.3333,-0.0195,-0.0586
40d317f3,bull,s38|s70|s92|s5,4,0.0473080612,0.017697595,2.1843,0.0,-7.9734,9,33.3333,0.015267,3,0.3333,10214.39,1.0214,33.3333,0.3971,1.1913,2,0.2222,28051.43,2.8051,50.0,1.4805,2.961,4,0.4444,-6251.11,-0.6251,25.0,-0.1446,-0.5785
cac1cec6,bull,s41|s59|s64,3,0.0447175408,0.0198193711,-1.2697,0.0,-9.5074,13,30.7692,0.015264,0,0.0,0.0,0.0,0.0,0.0,0.0,2,0.1538,-39674.77,-3.9675,0.0,-1.9819,-3.9639,11,0.8462,34837.31,3.4837,36.3636,0.3649,4.0135
bd2e0590,bear,s20|s72|s19|s76,4,0.0246580387,0.0161465341,-6.8273,0.0,-11.2747,17,35.2941,0.015215,9,0.5294,-23572.4,-2.3572,33.3333,-0.2545,-2.2905,2,0.1176,-32806.96,-3.2807,0.0,-1.6147,-3.2293,6,0.3529,25351.93,2.5352,50.0,0.4256,2.5535
71ca1c44,bull,s91|s11|s60|s45,4,0.0260374139,0.0166364547,-6.2622,0.0,-12.0299,17,35.2941,0.015213,5,0.2941,1015.27,0.1015,40.0,0.0433,0.2165,4,0.2353,18148.3,1.8148,50.0,0.47,1.8802,8,0.4706,-47769.77,-4.777,25.0,-0.5968,-4.7744
6544532a,bull,s8|s60|s27,3,0.0581247688,0.0197497949,3.3199,0.0,-9.0829,10,30.0,0.015206,1,0.1,57411.68,5.7412,100.0,5.8125,5.8125,2,0.2,-41187.49,-4.1187,0.0,-1.975,-3.95,7,0.7,14499.98,1.45,28.5714,0.25,1.7501
bb282fda,bull,s60|s91|s27,3,0.0550676297,0.0092870285,2.4339,0.0,-12.0793,28,17.8571,0.015159,3,0.1071,101080.57,10.1081,66.6667,3.3616,10.0848,6,0.2143,6460.84,0.6461,16.6667,0.1439,0.8632,19,0.6786,-51380.1,-5.138,10.5263,-0.2513,-4.7744
faf18d55,bull,s43|s53|s8,3,0.0497118447,0.0097934143,0.758,0.0,-8.0401,21,19.0476,0.015143,1,0.0476,48458.54,4.8459,100.0,4.9712,4.9712,4,0.1905,18327.91,1.8328,25.0,0.5083,2.0332,16,0.7619,-39281.43,-3.9281,12.5,-0.2355,-3.7684
60e84f88,bear,s90|s81|s57,3,0.0195139074,0.0101770771,-5.7669,0.0,-9.7024,20,30.0,0.01513,11,0.55,4552.74,0.4553,36.3636,0.062,0.6816,3,0.15,-1472.2,-0.1472,33.3333,-0.028,-0.084,6,0.3,-30115.64,-3.0116,16.6667,-0.5229,-3.1371
922a9534,bull,s38|s45|s15|s40,4,0.0336914064,0.0106405381,0.4536,0.0,-5.4089,10,30.0,0.015118,5,0.5,-10290.16,-1.029,20.0,-0.1774,-0.8871,3,0.3,11877.06,1.1877,33.3333,0.4137,1.241,2,0.2,23218.72,2.3219,50.0,1.1525,2.3051
530a88f1,bull,s58|s84|s48,3,0.0236877842,0.0147018099,-8.1921,0.0,-10.4175,21,33.3333,0.015111,9,0.4286,-19416.24,-1.9416,33.3333,-0.1905,-1.7148,4,0.1905,-18639.07,-1.8639,25.0,-0.5104,-2.0418,8,0.381,-3240.55,-0.3241,37.5,-0.0306,-0.2446
cd25068c,bull,s5|s63|s35,3,0.0478039614,0.0106531678,0.2159,0.0,-8.0954,19,21.0526,0.015099,4,0.2105,13429.56,1.343,25.0,0.3961,1.5844,4,0.2105,14348.67,1.4349,25.0,0.3961,1.5844,11,0.5789,-1668.18,-0.1668,18.1818,-0.0025,-0.0271
e0ca01ee,bull,s43|s78|s88|s9,4,0.047669069,0.0117597499,2.8026,0.0,-7.812,12,25.0,0.015066,0,0.0,0.0,0.0,0.0,0.0,0.0,4,0.3333,9751.33,0.9751,25.0,0.3097,1.239,8,0.6667,24186.09,2.4186,25.0,0.3097,2.478
7925c9b2,bull,s35|s75|s70,3,0.0672270482,0.0137803862,4.5457,0.0,-9.8247,13,23.0769,0.015064,1,0.0769,-14884.25,-1.4884,0.0,-1.378,-1.378,4,0.3077,103122.21,10.3122,50.0,2.6723,10.6893,8,0.6154,-30098.82,-3.0099,12.5,-0.3654,-2.9236
acbf2758,bear,s37|s13|s25|s80,4,0.029819124,0.0177014281,-3.1649,0.0,-9.3209,11,36.3636,0.015063,2,0.1818,10975.39,1.0975,50.0,0.6059,1.2118,3,0.2727,-6401.6,-0.6402,33.3333,-0.1861,-0.5584,6,0.5455,-11952.07,-1.1952,33.3333,-0.1861,-1.1167
fc754bd5,bull,s88|s78|s11,3,0.0530645287,0.0120204806,2.6939,0.0,-7.4071,13,23.0769,0.015024,2,0.1538,39266.91,3.9267,50.0,2.0522,4.1044,5,0.3846,2414.29,0.2414,20.0,0.0997,0.4983,6,0.4615,-7221.18,-0.7221,16.6667,-0.1173,-0.7038
00ddb221,bull,s69|s9,2,0.0389710291,0.0140508546,-3.0454,0.0,-9.1006,19,26.3158,0.014996,4,0.2105,-3881.19,-0.3881,25.0,-0.0795,-0.3182,2,0.1053,-27498.62,-2.7499,0.0,-1.4051,-2.8102,13,0.6842,25101.77,2.5102,30.7692,0.2264,2.9426
baded062,bull,s47|s88|s12,3,0.0594324106,0.0103008665,3.7526,0.0,-8.3637,15,20.0,0.014976,7,0.4667,-6131.02,-0.6131,14.2857,-0.0339,-0.2373,3,0.2,-31665.41,-3.1665,0.0,-1.0301,-3.0903,5,0.3333,87785.13,8.7785,40.0,1.7592,8.7962
6e5311dd,bear,s66|s85|s27,3,0.0309415866,0.0160437306,-0.542,0.0,-5.5961,8,37.5,0.014967,6,0.75,-3577.05,-0.3577,33.3333,-0.0382,-0.2292,0,0.0,0.0,0.0,0.0,0.0,0.0,2,0.25,13956.4,1.3956,50.0,0.7449,1.4898
6c1648d2,bull,s43|s21|s82,3,0.0443530671,0.0154484412,-2.0366,0.0,-10.4825,19,26.3158,0.014954,0,0.0,0.0,0.0,0.0,0.0,0.0,5,0.2632,-19351.9,-1.9352,20.0,-0.3488,-1.7441,14,0.7368,19110.67,1.9111,28.5714,0.1638,2.2928
680aac46,bear,s18|s56|s16,3,0.0291711681,0.0120330872,-5.3701,0.0,-11.6276,24,29.1667,0.014946,11,0.4583,-8965.6,-0.8966,27.2727,-0.0796,-0.8751,5,0.2083,-19199.68,-1.92,20.0,-0.3792,-1.8961,8,0.3333,24367.06,2.4367,37.5,0.3419,2.7348
876fd7b0,bull,s42|s82,2,0.0643735196,0.0159390138,3.6736,0.0,-9.2022,12,25.0,0.014901,1,0.0833,60916.26,6.0916,100.0,6.4374,6.4374,3,0.25,-50459.85,-5.046,0.0,-1.5939,-4.7817,8,0.6667,32922.11,3.2922,25.0,0.4139,3.3113
e7bb767d,bull,s1|s39|s33|s4|s6,5,0.0381073935,0.0170019074,-4.0797,0.0,-12.1512,20,30.0,0.014891,4,0.2,94073.95,9.4074,75.0,2.433,9.732,3,0.15,-50082.82,-5.0083,0.0,-1.7002,-5.1006,13,0.65,-58045.58,-5.8046,23.0769,-0.4284,-5.5697
f2e41deb,bull,s42|s93|s78,3,0.0503078878,0.0083532385,2.401,0.0,-6.4543,16,18.75,0.014877,5,0.3125,73046.79,7.3047,40.0,1.5111,7.5556,3,0.1875,-25720.17,-2.572,0.0,-0.8353,-2.506,8,0.5,-8940.19,-0.894,12.5,-0.1021,-0.8165
3f059010,bull,s60|s48|s9|s39,4,0.0506174197,0.0197029824,1.8989,0.0,-8.4105,9,33.3333,0.014826,2,0.2222,28862.3,2.8862,50.0,1.5457,3.0914,2,0.2222,29135.17,2.9135,50.0,1.5457,3.0914,5,0.5556,-28817.49,-2.8817,20.0,-0.5639,-2.8195
cf66de14,bull,s41|s32|s73|s15,4,0.0419522852,0.017877603,-1.0687,0.0,-10.3738,13,30.7692,0.014797,5,0.3846,-32839.97,-3.284,20.0,-0.5912,-2.9558,1,0.0769,-17789.67,-1.779,0.0,-1.7878,-1.7878,7,0.5385,53123.19,5.3123,42.8571,0.7764,5.4346
1c745897,bull,s75|s35|s96,3,0.06184392,0.0192809787,3.2322,0.0,-9.6542,10,30.0,0.014793,1,0.1,-20589.76,-2.059,0.0,-1.9281,-1.9281,3,0.3,101705.29,10.1705,66.6667,3.4802,10.4407,6,0.6,-36269.93,-3.627,16.6667,-0.576,-3.4561
adb182a8,bull,s69|s15|s33|s41,4,0.051218864,0.018309378,2.9478,0.0,-9.8839,9,33.3333,0.014785,2,0.2222,32066.93,3.2067,50.0,1.6455,3.2909,1,0.1111,-19065.28,-1.9065,0.0,-1.8309,-1.8309,6,0.6667,27099.53,2.71,33.3333,0.4867,2.92
5310118e,bull,s4|s33|s58,3,0.0358950126,0.0159159085,-3.8244,0.0,-12.5816,20,30.0,0.014783,3,0.15,53223.6,5.3224,66.6667,1.8625,5.5874,4,0.2,-63111.71,-6.3112,0.0,-1.5916,-6.3664,13,0.65,-1556.75,-0.1557,30.7692,0.0026,0.0337
601dfe3d,bull,s65|s30|s69,3,0.0541362394,0.0152793228,3.2339,0.0,-9.2295,11,27.2727,0.014754,2,0.1818,37991.6,3.7992,50.0,1.9428,3.8857,1,0.0909,-15734.94,-1.5735,0.0,-1.5279,-1.5279,8,0.7273,13806.94,1.3807,25.0,0.2075,1.6597
b97181a3,bull,s70|s4,2,0.0423092896,0.0127706408,-1.1508,0.0,-11.1868,20,25.0,0.014735,4,0.2,111727.65,11.1728,75.0,2.8539,11.4157,5,0.25,-64513.19,-6.4513,0.0,-1.2771,-6.3853,11,0.55,-31838.64,-3.1839,18.1818,-0.2756,-3.0317
dcea1ae2,bull,s54|s11|s12,3,0.0342900956,0.0195700321,-4.9711,0.0,-10.3459,15,33.3333,0.014723,1,0.0667,-19129.56,-1.913,0.0,-1.957,-1.957,3,0.2,-5672.19,-0.5672,33.3333,-0.1617,-0.485,11,0.7333,-3103.22,-0.3103,36.3636,0.0015,0.017
186c9921,bull,s70|s96,2,0.0591194605,0.0121441689,2.8716,0.0,-7.7429,14,21.4286,0.014712,4,0.2857,90650.97,9.0651,50.0,2.3488,9.3951,4,0.2857,-49782.16,-4.9782,0.0,-1.2144,-4.8577,6,0.4286,-2402.64,-0.2403,16.6667,-0.0267,-0.1601
3f4eb610,bull,s24|s46|s83,3,0.0366633485,0.0172848611,-0.3012,0.0,-6.4996,8,37.5,0.014687,3,0.375,-51638.79,-5.1639,0.0,-1.7285,-5.1855,3,0.375,54220.87,5.4221,66.6667,1.8681,5.6042,2,0.25,18046.47,1.8046,50.0,0.9689,1.9378
c4d608e7,bull,s91|s78|s84,3,0.0408047869,0.0120743186,-3.9947,0.0,-8.9203,25,24.0,0.01463,4,0.16,2695.54,0.2696,25.0,0.1145,0.4582,6,0.24,-20278.07,-2.0278,16.6667,-0.3261,-1.9567,15,0.6,26461.32,2.6461,26.6667,0.2027,3.0402
b27e5c0b,bull,s44|s14|s34|s78,4,0.0440075107,0.0133784002,-0.7305,0.0,-8.7902,16,25.0,0.014626,1,0.0625,-13159.87,-1.316,0.0,-1.3378,-1.3378,4,0.25,1913.02,0.1913,25.0,0.0968,0.3872,11,0.6875,22236.46,2.2236,27.2727,0.2272,2.4995
3021327a,bear,s101|s49|s89,3,0.0255517349,0.0117686286,-5.2527,0.0,-10.8122,20,30.0,0.014621,9,0.45,41036.76,4.1037,44.4444,0.4818,4.3364,3,0.15,-34700.32,-3.47,0.0,-1.1769,-3.5306,8,0.4,-21156.31,-2.1156,25.0,-0.2439,-1.9508
db876bc8,bear,s16|s99|s19,3,0.0225523519,0.0141148676,-8.0151,0.0,-13.509,23,34.7826,0.01461,9,0.3913,-16997.21,-1.6997,33.3333,-0.1892,-1.7032,4,0.1739,-20622.44,-2.0622,25.0,-0.4948,-1.9792,10,0.4348,5256.14,0.5256,40.0,0.0552,0.552
c0c5e517,bull,s69|s44|s21|s11|s42,5,0.0718664308,0.0197682783,3.5153,0.0,-9.8336,11,27.2727,0.014603,0,0.0,0.0,0.0,0.0,0.0,0.0,4,0.3636,97131.31,9.7131,50.0,2.6049,10.4196,7,0.6364,-47619.25,-4.7619,14.2857,-0.6678,-4.6743
02cefb26,bull,s94|s11|s27,3,0.04748661,0.0090212821,0.795,0.0,-8.5396,21,19.0476,0.014576,2,0.0952,37493.4,3.7493,50.0,1.9233,3.8465,3,0.1429,28781.98,2.8782,33.3333,0.9815,2.9444,16,0.7619,-33907.45,-3.3907,12.5,-0.1958,-3.1325
35768849,bull,s43|s24|s10|s95|s46,5,0.0419929244,0.0163561967,-0.9922,0.0,-9.9032,14,28.5714,0.01457,1,0.0714,41271.05,4.1271,100.0,4.1993,4.1993,4,0.2857,-8266.63,-0.8267,25.0,-0.1769,-0.7076,9,0.6429,-32558.12,-3.2558,22.2222,-0.339,-3.0508
85352959,bull,s33|s8|s65,3,0.0442848473,0.0110170073,-1.029,0.0,-9.8212,23,21.7391,0.014553,2,0.087,31950.36,3.195,50.0,1.6634,3.3268,6,0.2609,-11764.41,-1.1764,16.6667,-0.18,-1.08,15,0.6522,-2079.42,-0.2079,20.0,0.0043,0.065
c38ca58a,bull,s8|s40|s96,3,0.05576445,0.0085289662,2.7655,0.0,-7.0703,17,17.6471,0.014549,4,0.2353,28660.85,2.8661,25.0,0.7544,3.0178,4,0.2353,28202.88,2.8203,25.0,0.7544,3.0178,9,0.5294,-13530.62,-1.3531,11.1111,-0.1385,-1.2467
fc8d2bf0,bear,s19|s67|s52|s37,4,0.0420791225,0.009722443,2.0042,0.0,-7.9011,11,27.2727,0.014549,4,0.3636,12879.05,1.2879,25.0,0.3228,1.2912,3,0.2727,-30149.58,-3.015,0.0,-0.9722,-2.9167,4,0.3636,63405.94,6.3406,50.0,1.6178,6.4713
9b442363,bull,s69|s38|s27,3,0.0443721933,0.0173380241,-2.4438,0.0,-11.0925,18,27.7778,0.014501,4,0.2222,-9465.55,-0.9466,25.0,-0.191,-0.7642,2,0.1111,-34057.15,-3.4057,0.0,-1.7338,-3.4676,12,0.6667,34750.99,3.4751,33.3333,0.3232,3.8785
b1b9bdb2,bull,s9|s78|s75,3,0.0795977572,0.0097097422,8.902,0.0,-7.2371,9,22.2222,0.014501,1,0.1111,78588.7,7.8589,100.0,7.9598,7.9598,3,0.3333,-31854.51,-3.1855,0.0,-0.971,-2.9129,5,0.5556,41786.72,4.1787,20.0,0.8152,4.0759
a505bfdf,bull,s43|s44|s94|s91|s39,5,0.025214918,0.0150560856,-8.9709,0.0,-15.7428,31,35.4839,0.014471,8,0.2581,-78540.91,-7.8541,12.5,-1.0022,-8.0178,5,0.1613,43341.46,4.3341,60.0,0.9107,4.5533,18,0.5806,8675.28,0.8675,38.8889,0.0605,1.0887
7d99e284,bull,s91|s64|s43|s35,4,0.0477364685,0.0176757016,1.8018,0.0,-8.311,10,30.0,0.014455,0,0.0,0.0,0.0,0.0,0.0,0.0,2,0.2,-36205.0,-3.6205,0.0,-1.7676,-3.5351,8,0.8,51563.16,5.1563,37.5,0.6854,5.4831
c98492a9,bull,s43|s47|s21|s14,4,0.0684537074,0.0167234997,11.04,0.0,-4.5231,4,50.0,0.014447,2,0.5,-35347.99,-3.5348,0.0,-1.6723,-3.3447,1,0.25,67107.25,6.7107,100.0,6.8454,6.8454,1,0.25,71557.73,7.1558,100.0,6.8454,6.8454
6719ffff,bull,s4|s46|s1,3,0.0425115586,0.0197603773,-2.1409,0.0,-9.4321,13,30.7692,0.014416,2,0.1538,20634.51,2.0635,50.0,1.1376,2.2751,2,0.1538,21239.09,2.1239,50.0,1.1376,2.2751,9,0.6923,-54340.28,-5.434,22.2222,-0.5922,-5.33
86175219,bull,s15|s96,2,0.0719340401,0.014403172,10.3177,0.0,-5.7298,5,40.0,0.014408,1,0.2,-16197.7,-1.6198,0.0,-1.4403,-1.4403,2,0.4,54753.08,5.4753,50.0,2.8765,5.7531,2,0.4,61230.09,6.123,50.0,2.8765,5.7531
e36eecb9,bull,s33|s95|s27,3,0.066383224,0.0144852606,4.0091,0.0,-9.9557,13,23.0769,0.014404,1,0.0769,67150.93,6.7151,100.0,6.6383,6.6383,4,0.3077,19396.33,1.9396,25.0,0.5732,2.2927,8,0.6154,-37988.54,-3.7989,12.5,-0.4377,-3.5014
dae455ec,bull,s74|s14|s95,3,0.0602734103,0.0182024409,1.9598,0.0,-8.1245,11,27.2727,0.014362,2,0.1818,39663.01,3.9663,50.0,2.1035,4.2071,2,0.1818,40317.27,4.0317,50.0,2.1035,4.2071,7,0.6364,-50785.54,-5.0786,14.2857,-0.6992,-4.8941
24e3ead0,bull,s4|s68|s2,3,0.0420336998,0.0123109221,-2.1307,0.0,-9.5806,21,23.8095,0.014349,7,0.3333,-33268.18,-3.3268,14.2857,-0.4547,-3.1832,4,0.1905,4498.21,0.4498,25.0,0.1275,0.5101,10,0.4762,37069.31,3.7069,30.0,0.3992,3.9925
112f9526,bull,s39|s53|s6,3,0.0363579421,0.019576766,-4.0239,0.0,-12.0612,15,33.3333,0.014316,1,0.0667,-19792.15,-1.9792,0.0,-1.9577,-1.9577,4,0.2667,32676.93,3.2677,50.0,0.8391,3.3562,10,0.6667,-30682.52,-3.0683,30.0,-0.2796,-2.7964
b90d66a4,bull,s63|s96|s9,3,0.056530712,0.016845517,2.5788,0.0,-9.0538,11,27.2727,0.014294,1,0.0909,55191.99,5.5192,100.0,5.6531,5.6531,4,0.3636,1551.53,0.1552,25.0,0.1499,0.5994,6,0.5455,-27275.73,-2.7276,16.6667,-0.4616,-2.7697
3e7a2ad3,bull,s55|s95|s41|s9,4,0.0432478912,0.0189919447,-1.0756,0.0,-11.1039,13,30.7692,0.01422,1,0.0769,42214.45,4.2214,100.0,4.3248,4.3248,4,0.3077,-15380.52,-1.5381,25.0,-0.3432,-1.3728,8,0.6154,-29255.15,-2.9255,25.0,-0.3432,-2.7456
50443e57,bull,s43|s41|s6|s70,4,0.0491250974,0.0176626376,1.7683,0.0,-8.7083,10,30.0,0.01419,0,0.0,0.0,0.0,0.0,0.0,0.0,3,0.3,10843.66,1.0844,33.3333,0.46,1.38,7,0.7,8618.1,0.8618,28.5714,0.142,0.9937
d54e41d1,bull,s2|s65|s5,3,0.0420726357,0.0195085976,-2.535,0.0,-9.2052,13,30.7692,0.014184,2,0.1538,20491.5,2.0492,50.0,1.1282,2.2564,2,0.1538,21963.21,2.1963,50.0,1.1282,2.2564,9,0.6923,-54194.07,-5.4194,22.2222,-0.5824,-5.2415
ff5ae919,bull,s11|s10,2,0.0629504116,0.0147301651,2.7522,0.0,-8.563,13,23.0769,0.014183,0,0.0,0.0,0.0,0.0,0.0,0.0,4,0.3077,92721.75,9.2722,50.0,2.411,9.644,9,0.6923,-57187.51,-5.7188,11.1111,-0.6099,-5.4891
25b9ff42,bull,s35|s15|s27,3,0.0467232676,0.0198911668,-1.5963,0.0,-10.4633,13,30.7692,0.014178,2,0.1538,24362.94,2.4363,50.0,1.3416,2.6832,2,0.1538,25826.61,2.5827,50.0,1.3416,2.6832,9,0.6923,-47974.99,-4.7975,22.2222,-0.5088,-4.5792
47234eaa,bull,s4|s65|s68,3,0.0514361664,0.0100736921,-0.0704,0.0,-7.7068,21,19.0476,0.014171,6,0.2857,-762.43,-0.0762,16.6667,0.0178,0.1068,3,0.1429,29931.33,2.9931,33.3333,1.043,3.1289,12,0.5714,-356.78,-0.0357,16.6667,0.0178,0.2135
afd1ebef,bull,s46|s78|s58,3,0.036051793,0.0149927194,-2.3879,0.0,-8.5222,14,28.5714,0.014167,5,0.3571,-25204.36,-2.5204,20.0,-0.4784,-2.3919,3,0.2143,5797.82,0.5798,33.3333,0.2022,0.6066,6,0.4286,10893.98,1.0894,33.3333,0.2022,1.2133
362e6261,bear,s16|s29,2,0.0304447077,0.0153323473,-2.7281,0.0,-10.0468,12,33.3333,0.014147,4,0.3333,28615.44,2.8615,50.0,0.7556,3.0225,3,0.25,-45323.78,-4.5324,0.0,-1.5332,-4.5997,5,0.4167,12405.16,1.2405,40.0,0.2978,1.4892
fa9ed411,bull,s91|s82|s26,3,0.0220323607,0.0125457172,-11.0635,0.0,-15.758,48,35.4167,0.014133,12,0.25,-44019.18,-4.4019,25.0,-0.3901,-4.6814,8,0.1667,66126.03,6.6126,62.5,0.9066,7.2525,28,0.5833,-41250.56,-4.1251,32.1429,-0.1431,-4.0077
ff1a9f0d,bull,s47|s33|s30,3,0.0523327152,0.0188757403,1.8647,0.0,-8.9784,10,30.0,0.014105,2,0.2,32688.5,3.2689,50.0,1.6728,3.3457,3,0.3,12279.27,1.2279,33.3333,0.486,1.4581,5,0.5,-24829.82,-2.483,20.0,-0.4634,-2.317
93dbe411,bull,s2|s42|s43|s70|s7,5,0.0719943911,0.0126896985,4.4683,0.0,-10.3017,15,20.0,0.01409,0,0.0,0.0,0.0,0.0,0.0,0.0,4,0.2667,28626.53,2.8627,25.0,0.8481,3.3925,11,0.7333,28276.55,2.8277,18.1818,0.2707,2.9781
c0facb81,bull,s87|s9|s44|s33,4,0.0547490932,0.0158683669,2.83,0.0,-9.7192,11,27.2727,0.014076,2,0.1818,37191.1,3.7191,50.0,1.944,3.8881,3,0.2727,-49798.39,-4.9798,0.0,-1.5868,-4.7605,6,0.5455,45293.09,4.5293,33.3333,0.7671,4.6025
f84ae4c3,bear,s16|s89,2,0.032624693,0.0167936873,-0.4342,0.0,-7.6137,8,37.5,0.014068,4,0.5,30048.65,3.0049,50.0,0.7916,3.1662,0,0.0,0.0,0.0,0.0,0.0,0.0,4,0.5,-18783.7,-1.8784,25.0,-0.4439,-1.7756
721936eb,bear,s16|s20|s28,3,0.0305246647,0.0171592536,-5.4962,0.0,-10.3922,15,33.3333,0.014052,7,0.4667,-26221.93,-2.6222,28.5714,-0.3535,-2.4747,2,0.1333,12941.79,1.2942,50.0,0.6683,1.3365,6,0.4,-8594.69,-0.8595,33.3333,-0.1265,-0.7588
6d209f3e,bull,s11|s42|s84|s44,4,0.0592186478,0.0127173836,2.156,0.0,-7.5785,14,21.4286,0.014049,4,0.2857,19104.07,1.9104,25.0,0.5267,2.1066,2,0.1429,-26079.48,-2.6079,0.0,-1.2717,-2.5435,8,0.5714,38781.31,3.8781,25.0,0.5267,4.2133
24a1a94f,bull,s4|s34|s65,3,0.0328864345,0.0096706967,-5.7659,0.0,-10.3179,37,24.3243,0.014027,11,0.2973,60035.2,6.0035,36.3636,0.5805,6.3851,6,0.1622,-14629.83,-1.463,16.6667,-0.2578,-1.5467,20,0.5405,-25882.86,-2.5883,20.0,-0.1159,-2.3185
f68027cb,bear,s25|s86|s81|s89|s37,5,0.0257502468,0.0156968367,-3.985,0.0,-8.5398,12,33.3333,0.014026,4,0.3333,18080.89,1.8081,50.0,0.5027,2.0107,3,0.25,-6081.24,-0.6081,33.3333,-0.1881,-0.5643,5,0.4167,-36830.6,-3.6831,20.0,-0.7407,-3.7037
4e07867e,bull,s34|s3|s84|s87,4,0.0215357481,0.0093545173,-5.3522,0.0,-7.6764,18,27.7778,0.014002,7,0.3889,-3601.09,-0.3601,28.5714,-0.0529,-0.3701,3,0.1667,2718.83,0.2719,33.3333,0.0942,0.2827,8,0.4444,-13974.5,-1.3975,25.0,-0.1632,-1.3056
d472e99e,bull,s15|s39,2,0.0451764686,0.0139068741,0.9833,0.0,-7.4168,11,27.2727,0.01397,2,0.1818,30545.39,3.0545,50.0,1.5635,3.127,2,0.1818,30318.5,3.0318,50.0,1.5635,3.127,7,0.6364,-39882.01,-3.9882,14.2857,-0.5466,-3.8265
3a2679b3,bull,s82|s83|s42|s21|s39,5,0.0664275459,0.012914465,2.4787,0.0,-7.7983,15,20.0,0.013956,3,0.2,116210.62,11.6211,66.6667,3.998,11.9941,2,0.1333,-26575.27,-2.6575,0.0,-1.2914,-2.5829,10,0.6667,-52061.73,-5.2062,10.0,-0.498,-4.9803
e0f4404c,bull,s84|s60,2,0.0316046122,0.0141460809,-2.1807,0.0,-9.973,13,30.7692,0.013953,5,0.3846,-26177.64,-2.6178,20.0,-0.4996,-2.498,3,0.2308,2846.56,0.2847,33.3333,0.1104,0.3312,5,0.3846,20358.56,2.0359,40.0,0.4154,2.0771
ec91a21a,bull,s91|s94|s30,3,0.0591444891,0.0168552464,4.1868,0.0,-11.715,11,27.2727,0.013952,0,0.0,0.0,0.0,0.0,0.0,0.0,2,0.1818,-35154.26,-3.5154,0.0,-1.6855,-3.371,9,0.8182,73058.73,7.3059,33.3333,0.8478,7.6302
e9a324d9,bear,s28|s17|s85|s99|s90,5,0.0331984893,0.0183765056,-1.0696,0.0,-7.009,8,37.5,0.013951,5,0.625,-41838.16,-4.1838,20.0,-0.8062,-4.0308,1,0.125,33155.09,3.3155,100.0,3.3198,3.3198,2,0.25,13843.55,1.3844,50.0,0.7411,1.4822
27f5cc44,bull,s11|s94|s30,3,0.0599550242,0.0166603092,2.6328,0.0,-9.6593,11,27.2727,0.013942,1,0.0909,-17272.3,-1.7272,0.0,-1.666,-1.666,2,0.1818,41179.41,4.1179,50.0,2.1647,4.3295,8,0.7273,17524.27,1.7524,25.0,0.2494,1.9948
d9395b21,bull,s7|s60|s93,3,0.0307390082,0.014962447,-5.9823,0.0,-10.4194,20,30.0,0.013925,3,0.15,-44725.21,-4.4725,0.0,-1.4962,-4.4887,5,0.25,61580.67,6.1581,60.0,1.2458,6.2292,12,0.6,-44101.01,-4.4101,25.0,-0.3537,-4.2445
7337ca0e,bear,s13|s18|s29|s19,4,0.0237309355,0.0094204043,-4.0931,0.0,-9.4286,18,27.7778,0.013923,6,0.3333,9732.56,0.9733,33.3333,0.163,0.978,4,0.2222,-37631.07,-3.7631,0.0,-0.942,-3.7682,8,0.4444,23326.34,2.3326,37.5,0.3011,2.4091
9332d9f1,bull,s36|s96|s84|s43,4,0.0474476689,0.014656641,1.7501,0.0,-8.5289,11,27.2727,0.013911,1,0.0909,47119.54,4.712,100.0,4.7448,4.7448,4,0.3636,1231.88,0.1232,25.0,0.0869,0.3478,6,0.5455,-26784.91,-2.6785,16.6667,-0.4306,-2.5836
b31b97b2,bull,s94|s12|s84|s24,4,0.0246760131,0.0150565835,-6.9607,0.0,-11.1901,18,33.3333,0.013891,5,0.2778,-34975.83,-3.4976,20.0,-0.711,-3.555,0,0.0,0.0,0.0,0.0,0.0,0.0,13,0.7222,1212.17,0.1212,38.4615,0.0225,0.2927
b7246bba,bull,s35|s11,2,0.028810943,0.0114615314,-7.0262,0.0,-10.2408,29,27.5862,0.01388,9,0.3103,13942.17,1.3942,33.3333,0.1963,1.7664,5,0.1724,-15207.16,-1.5207,20.0,-0.3407,-1.7035,15,0.5172,-12902.19,-1.2902,26.6667,-0.0722,-1.0833
70918752,bull,s60|s75|s78,3,0.039135352,0.0153745708,-1.8598,0.0,-9.569,14,28.5714,0.013879,5,0.3571,-23565.53,-2.3566,20.0,-0.4473,-2.2363,1,0.0714,-15177.67,-1.5178,0.0,-1.5375,-1.5375,8,0.5714,37925.39,3.7925,37.5,0.5067,4.0533
72830346,bull,s59|s8|s4|s35|s10,5,0.0394243015,0.0120871098,-3.4421,0.0,-10.1728,25,24.0,0.013857,6,0.24,78854.23,7.8854,50.0,1.3669,8.2012,4,0.16,-47651.25,-4.7651,0.0,-1.2087,-4.8348,15,0.6,-29063.28,-2.9063,20.0,-0.1785,-2.6772
8f1c124a,bull,s38|s15,2,0.0493349237,0.017917843,1.0754,0.0,-8.3852,10,30.0,0.013829,5,0.5,-26551.07,-2.6551,20.0,-0.4467,-2.2336,1,0.1,48305.82,4.8306,100.0,4.9335,4.9335,4,0.4,-3388.42,-0.3388,25.0,-0.1105,-0.4419
0ee36fbb,bear,s28|s89|s26,3,0.0270682003,0.009634639,-0.4834,0.0,-5.6826,11,27.2727,0.013824,4,0.3636,-2313.6,-0.2314,25.0,-0.0459,-0.1836,1,0.0909,26726.6,2.6727,100.0,2.7068,2.7068,6,0.5455,-21908.47,-2.1908,16.6667,-0.3517,-2.1105
5120c7c8,bull,s70|s7|s94|s64,4,0.0332327107,0.0139824749,-5.8976,0.0,-13.2333,27,29.6296,0.013823,6,0.2222,-83451.14,-8.3451,0.0,-1.3982,-8.3895,6,0.2222,55938.66,5.5939,50.0,0.9625,5.7751,15,0.5556,22805.36,2.2805,33.3333,0.1756,2.6339
7a104023,bull,s87|s94|s7|s4,4,0.0365311679,0.0186857707,-3.3871,0.0,-9.6807,12,33.3333,0.013778,3,0.25,-2139.58,-0.214,33.3333,-0.028,-0.084,1,0.0833,-18471.75,-1.8472,0.0,-1.8686,-1.8686,8,0.6667,13677.06,1.3677,37.5,0.2021,1.6165
da3c3b0c,bull,s69|s42|s33|s36|s24,5,0.0211129675,0.0117439309,-11.832,0.0,-13.3861,47,34.0426,0.013763,17,0.3617,-338.06,-0.0338,35.2941,-0.0147,-0.2505,5,0.1064,-26157.05,-2.6157,20.0,-0.5173,-2.5863,25,0.5319,-3381.58,-0.3382,36.0,0.0085,0.2114
44aa2370,bear,s29|s16|s97,3,0.0295978003,0.0193995658,-4.1615,0.0,-9.9665,11,36.3636,0.01376,3,0.2727,37235.4,3.7235,66.6667,1.3265,3.9796,3,0.2727,-57128.51,-5.7129,0.0,-1.94,-5.8199,5,0.4545,-704.17,-0.0704,40.0,0.0199,0.0997
8979d945,bull,s45|s40|s27,3,0.0662656555,0.0110895276,8.0009,0.0,-6.5677,7,28.5714,0.013722,2,0.2857,56981.4,5.6981,50.0,2.7588,5.5176,3,0.4286,41372.58,4.1373,33.3333,1.4696,4.4087,2,0.2857,-23297.82,-2.3298,0.0,-1.109,-2.2179
8eb8a0be,bull,s15|s8|s38,3,0.0486045941,0.0159651149,-0.3162,0.0,-11.0167,15,26.6667,0.013706,1,0.0667,47266.51,4.7267,100.0,4.8605,4.8605,4,0.2667,-1940.11,-0.194,25.0,0.0177,0.0709,10,0.6667,-31842.58,-3.1843,20.0,-0.3051,-3.0512
11c7fcbc,bull,s47|s5|s24|s95,4,0.0700277181,0.0145619736,8.4068,0.0,-5.5731,5,40.0,0.013691,3,0.6,-46908.63,-4.6909,0.0,-1.4562,-4.3686,1,0.2,68801.24,6.8801,100.0,7.0028,7.0028,1,0.2,73472.11,7.3472,100.0,7.0028,7.0028
423b59d5,bull,s8|s35|s63|s68,4,0.0409627547,0.0138278148,1.5881,0.0,-9.3016,10,30.0,0.01369,4,0.4,-235.29,-0.0235,25.0,-0.013,-0.0521,2,0.2,25561.62,2.5562,50.0,1.3567,2.7135,4,0.4,-1933.01,-0.1933,25.0,-0.013,-0.0521
ad8e06d9,bull,s9|s46|s36|s38|s83,5,0.047840372,0.0176125722,0.389,0.0,-7.7166,10,30.0,0.013681,2,0.2,27950.9,2.7951,50.0,1.5114,3.0228,2,0.2,28068.56,2.8069,50.0,1.5114,3.0228,6,0.6,-40172.95,-4.0173,16.6667,-0.6704,-4.0222
d5bb7a0c,bear,s101|s19|s62,3,0.0272760644,0.0125809951,-5.2633,0.0,-9.0687,17,29.4118,0.013592,9,0.5294,5363.78,0.5364,33.3333,0.0705,0.6342,2,0.1176,-25547.0,-2.5547,0.0,-1.2581,-2.5162,6,0.3529,3868.54,0.3869,33.3333,0.0705,0.4228
b345f332,bull,s63|s96|s42|s24,4,0.0306443435,0.0152044938,-4.2237,0.0,-7.7266,13,30.7692,0.013581,6,0.4615,-1819.84,-0.182,33.3333,0.0078,0.0471,1,0.0769,-14801.92,-1.4802,0.0,-1.5204,-1.5204,6,0.4615,-254.11,-0.0254,33.3333,0.0078,0.0471
c2c9a149,bull,s35|s58|s68|s8,4,0.0208279625,0.0095950033,-8.9036,0.0,-10.8983,34,29.4118,0.01355,12,0.3529,34322.45,3.4322,41.6667,0.3081,3.6975,6,0.1765,-25361.34,-2.5361,16.6667,-0.4525,-2.7147,16,0.4706,-32373.83,-3.2374,25.0,-0.1989,-3.1828
1830f078,bull,s82|s5|s33|s11,4,0.0656869938,0.010112641,3.2606,0.0,-8.7299,17,17.6471,0.01353,5,0.2941,98590.02,9.859,40.0,2.0207,10.1036,3,0.1765,-31511.03,-3.1511,0.0,-1.0113,-3.0338,9,0.5294,-17238.14,-1.7238,11.1111,-0.169,-1.5214
974147db,bull,s42|s39,2,0.0454694721,0.0129559703,-0.8106,0.0,-9.1938,17,23.5294,0.01352,1,0.0588,44077.98,4.4078,100.0,4.5469,4.5469,4,0.2353,6272.5,0.6273,25.0,0.165,0.6602,12,0.7059,-41189.87,-4.119,16.6667,-0.3218,-3.8621
d60b0897,bear,s89|s25|s76,3,0.0195737865,0.0109146379,-4.6178,0.0,-7.2853,13,30.7692,0.013515,5,0.3846,-24246.54,-2.4247,20.0,-0.4817,-2.4085,2,0.1538,-21487.83,-2.1488,0.0,-1.0915,-2.1829,6,0.4615,25535.17,2.5535,50.0,0.433,2.5977
6bc0ae9e,bull,s10|s12|s27,3,0.0506937828,0.019004138,1.2522,0.0,-9.206,10,30.0,0.013478,1,0.1,49833.78,4.9834,100.0,5.0694,5.0694,2,0.2,-38965.76,-3.8966,0.0,-1.9004,-3.8008,7,0.7,3766.3,0.3766,28.5714,0.091,0.6367
79e5a6ae,bull,s44|s83|s9|s43,4,0.03748155,0.0182961415,-3.972,0.0,-11.9184,16,31.25,0.013474,3,0.1875,-54099.54,-5.41,0.0,-1.8296,-5.4888,3,0.1875,351.55,0.0352,33.3333,0.0296,0.0889,10,0.625,35915.77,3.5916,40.0,0.4015,4.0149
5e111064,bull,s68|s3|s10,3,0.0626404745,0.0140949023,2.7478,0.0,-9.5548,13,23.0769,0.013405,2,0.1538,49136.76,4.9137,50.0,2.4273,4.8546,4,0.3077,17306.31,1.7306,25.0,0.5089,2.0356,7,0.5385,-24739.38,-2.4739,14.2857,-0.3133,-2.1929
a16a6b7e,bull,s4|s14,2,0.0490541696,0.0124322658,-0.5546,0.0,-9.0826,18,22.2222,0.013392,5,0.2778,58575.18,5.8575,40.0,1.2162,6.0812,2,0.1111,-24894.5,-2.4894,0.0,-1.2432,-2.4865,11,0.6111,-16446.09,-1.6446,18.1818,-0.1253,-1.3782
a2aaf36d,bull,s14|s11|s60|s35,4,0.0709954598,0.017289617,3.672,0.0,-11.2988,12,25.0,0.01339,1,0.0833,-18769.37,-1.8769,0.0,-1.729,-1.729,4,0.3333,104610.62,10.4611,50.0,2.6853,10.7412,7,0.5833,-35246.79,-3.5247,14.2857,-0.4677,-3.2742
5474ddd5,bull,s21|s68|s27,3,0.0689053917,0.0119737072,9.5804,0.0,-8.9504,6,33.3333,0.013376,3,0.5,46412.75,4.6413,33.3333,1.4986,4.4958,2,0.3333,55785.8,5.5786,50.0,2.8466,5.6932,1,0.1667,-13422.57,-1.3423,0.0,-1.1974,-1.1974
d1e18f92,bull,s40|s38|s79|s42|s54,5,0.0507923675,0.0178353451,8.1715,0.0,-3.258,3,66.6667,0.013375,1,0.3333,49737.02,4.9737,100.0,5.0792,5.0792,0,0.0,0.0,0.0,0.0,0.0,0.0,2,0.6667,34341.37,3.4341,50.0,1.6479,3.2957
66f0c410,bull,s65|s12|s68,3,0.033092293,0.0152313295,-4.1716,0.0,-10.7611,17,29.4118,0.01335,3,0.1765,1418.61,0.1419,33.3333,0.0877,0.263,2,0.1176,-29552.33,-2.9552,0.0,-1.5231,-3.0463,12,0.7059,8173.0,0.8173,33.3333,0.0877,1.0519
cadc4a8e,bull,s33|s87|s35|s74|s95,5,0.0457830233,0.0111570287,-0.1223,0.0,-9.7242,18,22.2222,0.013322,9,0.5,8791.14,0.8791,22.2222,0.1496,1.3467,2,0.1111,-21992.1,-2.1992,0.0,-1.1157,-2.2314,7,0.3889,35505.73,3.5506,28.5714,0.5112,3.5781
498b9d3b,bull,s24|s82|s93,3,0.0311014943,0.0135287518,-6.1371,0.0,-9.817,21,28.5714,0.01332,6,0.2857,5541.3,0.5541,33.3333,0.1348,0.8088,2,0.0952,-25624.59,-2.5625,0.0,-1.3529,-2.7058,13,0.619,-89.18,-0.0089,30.7692,0.0204,0.2647
4e1a367f,bull,s88|s15|s79,3,0.0727020064,0.0183535683,7.443,0.0,-6.2723,6,33.3333,0.013315,0,0.0,0.0,0.0,0.0,0.0,0.0,1,0.1667,-17962.75,-1.7963,0.0,-1.8354,-1.8354,5,0.8333,86072.17,8.6072,40.0,1.8069,9.0343
2859d9f7,bull,s11|s3|s48,3,0.0436876534,0.015120908,-0.7938,0.0,-6.0597,11,27.2727,0.013302,2,0.1818,-30523.79,-3.0524,0.0,-1.5121,-3.0242,1,0.0909,42698.69,4.2699,100.0,4.3688,4.3688,8,0.7273,-5829.5,-0.583,25.0,-0.0419,-0.335
073e3760,bull,s91|s69,2,0.0729983598,0.0132513569,2.9091,0.0,-8.7931,16,18.75,0.013282,3,0.1875,43267.64,4.3268,33.3333,1.5499,4.6496,2,0.125,-27255.02,-2.7255,0.0,-1.3251,-2.6503,11,0.6875,22503.9,2.2504,18.1818,0.243,2.6735
76fc6626,bull,s7|s73|s10,3,0.0666477438,0.0101175329,2.3705,0.0,-7.5346,18,16.6667,0.013276,3,0.1667,44962.94,4.4963,33.3333,1.5471,4.6413,4,0.2222,33752.86,3.3753,25.0,0.9074,3.6295,11,0.6111,-36891.09,-3.6891,9.0909,-0.3139,-3.4528
b95ade36,bull,s21|s60|s27,3,0.0688110028,0.0096402431,3.742,0.0,-9.4092,18,16.6667,0.013227,6,0.3333,17852.51,1.7853,16.6667,0.3435,2.061,2,0.1111,58019.42,5.8019,50.0,2.9585,5.9171,10,0.5556,-19682.09,-1.9682,10.0,-0.1795,-1.7951
9a410cef,bull,s21|s4|s14,3,0.0625506303,0.0117091314,2.5011,0.0,-8.6824,15,20.0,0.013187,4,0.2667,99424.7,9.9425,50.0,2.5421,10.1683,2,0.1333,-24140.36,-2.414,0.0,-1.1709,-2.3418,9,0.6,-33487.38,-3.3487,11.1111,-0.3458,-3.1122
65fba8e5,bull,s39|s8|s42|s63,4,0.052690514,0.0086329142,1.6319,0.0,-6.8979,17,17.6471,0.013184,4,0.2353,85213.81,8.5214,50.0,2.2029,8.8115,3,0.1765,-25912.15,-2.5912,0.0,-0.8633,-2.5899,10,0.5882,-26411.11,-2.6411,10.0,-0.2501,-2.5006
0ef7d1e4,bull,s4|s42|s26,3,0.0358541235,0.009101118,-2.958,0.0,-7.7396,24,20.8333,0.013176,7,0.2917,68930.22,6.893,42.8571,1.0165,7.1158,4,0.1667,-35731.93,-3.5732,0.0,-0.9101,-3.6404,13,0.5417,-30262.91,-3.0263,15.3846,-0.2185,-2.8404
e647b0ac,bull,s30|s38|s82,3,0.0565330637,0.0180304771,2.4332,0.0,-10.5581,11,27.2727,0.013173,0,0.0,0.0,0.0,0.0,0.0,0.0,2,0.1818,-37039.02,-3.7039,0.0,-1.803,-3.6061,9,0.8182,57189.64,5.719,33.3333,0.6824,6.1416
73b1b466,bull,s11|s47|s7|s64,4,0.0656826047,0.0160005862,2.2191,0.0,-9.151,13,23.0769,0.01317,0,0.0,0.0,0.0,0.0,0.0,0.0,4,0.3077,92913.97,9.2914,50.0,2.4841,9.9364,9,0.6923,-62968.49,-6.2968,11.1111,-0.6925,-6.2322
e5f0be93,bull,s42|s3|s60,3,0.0455355396,0.0101293126,-0.4872,0.0,-8.8665,19,21.0526,0.013152,2,0.1053,34665.06,3.4665,50.0,1.7703,3.5406,4,0.2105,13676.85,1.3677,25.0,0.3787,1.5148,13,0.6842,-22205.85,-2.2206,15.3846,-0.1565,-2.0351
0c13c3c7,bull,s44|s88|s38|s8,4,0.0556627649,0.0141400975,2.4662,0.0,-10.0337,12,25.0,0.013143,3,0.25,27156.71,2.7157,33.3333,0.9128,2.7383,3,0.25,-44722.55,-4.4723,0.0,-1.414,-4.242,6,0.5,52723.46,5.2723,33.3333,0.9128,5.4765
b4755575,bull,s1|s48|s5|s40,4,0.0512401842,0.0158800276,5.9103,0.0,-3.1272,4,50.0,0.013141,3,0.75,17261.3,1.7261,33.3333,0.6493,1.948,0,0.0,0.0,0.0,0.0,0.0,0.0,1,0.25,52745.98,5.2746,100.0,5.124,5.124
881dc9a3,bull,s93|s32|s69|s33|s36,5,0.0653187067,0.0176037126,2.3781,0.0,-9.9676,12,25.0,0.013106,2,0.1667,45699.48,4.5699,50.0,2.3857,4.7715,2,0.1667,45932.02,4.5932,50.0,2.3857,4.7715,8,0.6667,-60804.24,-6.0804,12.5,-0.7238,-5.7907
eae90ca2,bull,s30|s75|s8,3,0.0748583612,0.0186084601,8.333,0.0,-8.0625,6,33.3333,0.013097,0,0.0,0.0,0.0,0.0,0.0,0.0,2,0.3333,-40618.99,-4.0619,0.0,-1.8608,-3.7217,4,0.6667,112661.6,11.2662,50.0,2.8125,11.25
af05f5a6,bull,s53|s9|s38|s34,4,0.0571088413,0.0134914804,1.8983,0.0,-8.8424,13,23.0769,0.013077,1,0.0769,55677.71,5.5678,100.0,5.7109,5.7109,4,0.3077,13383.81,1.3384,25.0,0.4159,1.6634,8,0.6154,-37773.95,-3.7774,12.5,-0.4666,-3.7332
3a221c4b,bull,s96|s39|s12|s73,4,0.0540269979,0.0156246318,0.9562,0.0,-8.7657,11,27.2727,0.013056,1,0.0909,-15334.42,-1.5334,0.0,-1.5625,-1.5625,4,0.3636,3879.0,0.3879,25.0,0.1788,0.7153,6,0.5455,43773.51,4.3774,33.3333,0.7593,4.5555
d7a323c7,bull,s70|s7|s63,3,0.0584736761,0.01224527,2.568,0.0,-9.3128,14,21.4286,0.013053,2,0.1429,46212.89,4.6213,50.0,2.3114,4.6228,4,0.2857,18734.28,1.8734,25.0,0.5434,2.1738,8,0.5714,-29080.66,-2.9081,12.5,-0.3405,-2.7243
53211a24,bull,s39|s7|s92|s68|s55,5,0.0781199335,0.0096573722,7.4892,0.0,-8.0711,9,22.2222,0.013034,3,0.3333,-32352.91,-3.2353,0.0,-0.9657,-2.8972,3,0.3333,56187.65,5.6188,33.3333,1.9602,5.8805,3,0.3333,62306.32,6.2306,33.3333,1.9602,5.8805
a1639591,bull,s39|s15|s26,3,0.0381334632,0.01592838,-2.5743,0.0,-9.6319,14,28.5714,0.013026,2,0.1429,21519.18,2.1519,50.0,1.1103,2.2205,2,0.1429,21828.95,2.1829,50.0,1.1103,2.2205,10,0.7143,-53366.3,-5.3366,20.0,-0.5116,-5.116
51a4440f,bull,s79|s36|s32,3,0.059463235,0.0192204473,1.3644,0.0,-9.3655,11,27.2727,0.013019,1,0.0909,-18794.54,-1.8795,0.0,-1.922,-1.922,1,0.0909,-19538.93,-1.9539,0.0,-1.922,-1.922,9,0.8182,56649.42,5.6649,33.3333,0.7007,6.3067
a7e2298d,bull,s65|s14|s45,3,0.0343131769,0.0100728708,-3.4037,0.0,-8.3645,22,22.7273,0.012968,5,0.2273,-7016.61,-0.7017,20.0,-0.1196,-0.5978,2,0.0909,-19535.57,-1.9536,0.0,-1.0073,-2.0146,15,0.6818,22835.32,2.2835,26.6667,0.1763,2.6451
73ff3310,bull,s73|s7|s8|s96|s83,5,0.0567236608,0.0115343931,1.4813,0.0,-7.5719,15,20.0,0.012963,3,0.2,98871.35,9.8871,66.6667,3.3971,10.1913,4,0.2667,-46760.14,-4.676,0.0,-1.1534,-4.6138,8,0.5333,-25444.2,-2.5444,12.5,-0.3002,-2.4017
050e9d13,bull,s94|s30|s87|s40,4,0.0568405015,0.0150753597,7.1555,0.0,-5.6408,4,50.0,0.012936,2,0.5,39804.35,3.9804,50.0,2.0883,4.1765,0,0.0,0.0,0.0,0.0,0.0,0.0,2,0.5,43063.66,4.3064,50.0,2.0883,4.1765
f67b84ba,bull,s43|s9|s64,3,0.0415170959,0.0097927918,-3.6438,0.0,-9.8247,33,21.2121,0.012927,5,0.1515,1632.09,0.1632,20.0,0.0469,0.2346,6,0.1818,-8549.5,-0.8549,16.6667,-0.1241,-0.7447,22,0.6667,36699.2,3.6699,22.7273,0.1869,4.1108
f704afe0,bear,s101|s80|s52,3,0.0272472744,0.0174389523,-9.5561,0.0,-13.6005,26,34.6154,0.012907,5,0.1923,-40141.24,-4.0141,20.0,-0.8502,-4.2509,7,0.2692,9187.43,0.9187,42.8571,0.1712,1.1986,14,0.5385,-22609.52,-2.261,35.7143,-0.148,-2.0714
f254b3d5,bull,s73|s3|s9|s15|s91,5,0.0344798082,0.0096211232,-3.9599,0.0,-8.9812,27,22.2222,0.012897,6,0.2222,-14006.99,-1.4007,16.6667,-0.2271,-1.3626,3,0.1111,14526.18,1.4526,33.3333,0.5079,1.5238,18,0.6667,614.6,0.0615,22.2222,0.0179,0.3224
618ace52,bull,s55|s70|s84|s39,4,0.0411171537,0.0099136436,0.1692,0.0,-6.3061,14,21.4286,0.012892,3,0.2143,20488.2,2.0488,33.3333,0.7097,2.129,2,0.1429,-19832.27,-1.9832,0.0,-0.9914,-1.9827,9,0.6429,10995.34,1.0995,22.2222,0.1427,1.2839
9ae8bf25,bull,s60|s35|s3,3,0.0553756123,0.0090774858,0.4049,0.0,-8.609,23,17.3913,0.012865,5,0.2174,17226.88,1.7227,20.0,0.3813,1.9066,3,0.1304,35729.08,3.5729,33.3333,1.2407,3.7221,15,0.6522,-9664.7,-0.9665,13.3333,-0.0484,-0.7256
c3f0e8bb,bull,s32|s91|s27,3,0.0688211114,0.0101332007,5.0959,0.0,-11.834,17,17.6471,0.01286,0,0.0,0.0,0.0,0.0,0.0,0.0,3,0.1765,-31846.55,-3.1847,0.0,-1.0133,-3.04,14,0.8235,91858.72,9.1859,21.4286,0.6786,9.4998
08adc01e,bull,s60|s65|s42|s10,4,0.0784326538,0.0185224944,7.4986,0.0,-7.6675,6,33.3333,0.012839,1,0.1667,-20565.42,-2.0565,0.0,-1.8522,-1.8522,2,0.3333,56605.13,5.6605,50.0,2.9955,5.991,3,0.5,43104.15,4.3104,33.3333,1.3796,4.1388
e9f81d5d,bear,s100|s28|s13,3,0.0379667274,0.011452399,4.4554,0.0,-2.5798,4,50.0,0.012807,1,0.25,-11852.47,-1.1852,0.0,-1.1452,-1.1452,2,0.5,26650.86,2.6651,50.0,1.3257,2.6514,1,0.25,37928.75,3.7929,100.0,3.7967,3.7967
c7050f3e,bear,s17|s85|s25,3,0.0263228676,0.0080365593,-0.8544,0.0,-6.7359,11,27.2727,0.012802,4,0.3636,35163.22,3.5163,50.0,0.9143,3.6573,2,0.1818,-15960.7,-1.5961,0.0,-0.8037,-1.6073,5,0.4545,-5864.26,-0.5864,20.0,-0.1165,-0.5823
1619f234,bull,s40|s11|s45|s34,4,0.0635804648,0.0103978841,5.1815,0.0,-5.4483,9,22.2222,0.012789,3,0.3333,42238.97,4.2239,33.3333,1.4262,4.2785,2,0.2222,51093.62,5.1094,50.0,2.6591,5.3183,4,0.4444,-42398.1,-4.2398,0.0,-1.0398,-4.1592
163a60b3,bull,s30|s3,2,0.0340490537,0.0132592806,-5.6581,0.0,-7.5664,19,26.3158,0.012774,5,0.2632,-18686.36,-1.8686,20.0,-0.3798,-1.8988,2,0.1053,19262.86,1.9263,50.0,1.0395,2.079,12,0.6316,-18936.93,-1.8937,25.0,-0.1432,-1.7186
2e7e6442,bull,s54|s30|s15|s33|s12,5,0.0435123373,0.0139250906,-1.6972,0.0,-9.4613,16,25.0,0.012745,2,0.125,29233.9,2.9234,50.0,1.4794,2.9587,3,0.1875,15117.53,1.5118,33.3333,0.5221,1.5662,11,0.6875,-41143.8,-4.1144,18.1818,-0.3482,-3.8301
a6e32841,bear,s71|s51|s28|s90|s100,5,0.0429221901,0.0110511324,4.1657,0.0,-3.0876,5,40.0,0.01274,2,0.4,-23458.12,-2.3458,0.0,-1.1051,-2.2102,1,0.2,44051.63,4.4052,100.0,4.2922,4.2922,2,0.4,31387.37,3.1387,50.0,1.5936,3.1871
6ad4d58f,bull,s7|s82|s74,3,0.0701843015,0.0169788826,3.3415,0.0,-11.2057,13,23.0769,0.012735,0,0.0,0.0,0.0,0.0,0.0,0.0,2,0.1538,-35131.43,-3.5131,0.0,-1.6979,-3.3958,11,0.8462,68373.31,6.8373,27.2727,0.6793,7.4722
5c6c4fc8,bull,s45|s14|s70,3,0.0502808763,0.0086628606,0.1496,0.0,-8.3629,23,17.3913,0.012734,9,0.3913,37245.93,3.7246,22.2222,0.4436,3.9922,2,0.087,-17511.84,-1.7512,0.0,-0.8663,-1.7326,12,0.5217,11897.24,1.1897,16.6667,0.1161,1.3933
7f11870c,bull,s8|s41|s35,3,0.0471842448,0.0193558444,-2.0424,0.0,-10.6894,14,28.5714,0.012733,0,0.0,0.0,0.0,0.0,0.0,0.0,2,0.1429,-38416.25,-3.8416,0.0,-1.9356,-3.8712,12,0.8571,28257.71,2.8258,33.3333,0.2824,3.389
03e28cb5,bull,s7|s21|s84|s73|s53,5,0.0682987253,0.0192203715,6.28,0.0,-6.3445,6,33.3333,0.01273,2,0.3333,-39705.8,-3.9706,0.0,-1.922,-3.8441,1,0.1667,-20468.4,-2.0468,0.0,-1.922,-1.922,3,0.5,115865.74,11.5866,66.6667,3.9126,11.7377
f0adcc8f,bull,s40|s35|s26,3,0.0356698763,0.0129303799,-0.6923,0.0,-7.0924,11,27.2727,0.01271,4,0.3636,-5043.16,-0.5043,25.0,-0.078,-0.3121,1,0.0909,-12763.43,-1.2763,0.0,-1.293,-1.293,6,0.5455,18924.6,1.8925,33.3333,0.327,1.9618
28f77e56,bull,s36|s87|s95,3,0.0502175678,0.0089826954,0.5081,0.0,-5.8648,17,17.6471,0.012709,10,0.5882,-33123.15,-3.3123,10.0,-0.3063,-3.0627,2,0.1176,-17388.88,-1.7389,0.0,-0.8983,-1.7965,5,0.2941,70936.55,7.0937,40.0,1.4697,7.3487
8bd81f5b,bull,s45|s64|s42,3,0.0613118687,0.0105665902,2.6285,0.0,-9.0225,16,18.75,0.012703,2,0.125,119118.54,11.9119,100.0,6.1312,12.2624,3,0.1875,-32754.12,-3.2754,0.0,-1.0567,-3.17,11,0.6875,-45108.13,-4.5108,9.0909,-0.4032,-4.4354
a30ae359,bull,s33|s54|s65,3,0.0732760464,0.0152940608,6.5196,0.0,-7.031,7,28.5714,0.012698,2,0.2857,-31916.27,-3.1916,0.0,-1.5294,-3.0588,2,0.2857,55588.92,5.5589,50.0,2.8991,5.7982,3,0.4286,42899.46,4.2899,33.3333,1.4229,4.2688
bbaf1859,bull,s82|s68,2,0.0331306291,0.0098272186,-0.343,0.0,-7.5769,11,27.2727,0.012697,4,0.3636,-40463.62,-4.0464,0.0,-0.9827,-3.9309,3,0.2727,12783.09,1.2783,33.3333,0.4492,1.3476,4,0.3636,47030.92,4.7031,50.0,1.1652,4.6607
8984ad4b,bull,s91|s65|s78|s10,4,0.044882645,0.0141800069,1.396,0.0,-9.9295,11,27.2727,0.012675,1,0.0909,44527.66,4.4528,100.0,4.4883,4.4883,4,0.3636,404.46,0.0404,25.0,0.0586,0.2343,6,0.5455,-26913.18,-2.6913,16.6667,-0.4336,-2.6017
9842f700,bull,s35|s36,2,0.044986602,0.016477014,-2.2459,0.0,-9.6274,15,26.6667,0.01264,2,0.1333,25926.19,2.5926,50.0,1.4255,2.851,3,0.2,10665.83,1.0666,33.3333,0.4011,1.2033,10,0.6667,-42719.21,-4.2719,20.0,-0.4184,-4.1843
8fc75078,bear,s29|s31|s62|s52,4,0.0446280004,0.0105734418,3.3435,0.0,-2.7959,6,33.3333,0.012598,2,0.3333,34014.84,3.4015,50.0,1.7027,3.4055,1,0.1667,-11055.02,-1.1055,0.0,-1.0573,-1.0573,3,0.5,22476.53,2.2477,33.3333,0.7827,2.3481
301e69cd,bull,s24|s35|s9|s45,4,0.0668332552,0.0160940716,6.7223,0.0,-7.353,6,33.3333,0.01258,2,0.3333,-35470.14,-3.547,0.0,-1.6094,-3.2188,2,0.3333,49510.33,4.951,50.0,2.537,5.0739,2,0.3333,52860.55,5.2861,50.0,2.537,5.0739
e69bec4a,bull,s6|s4|s27,3,0.0664213945,0.0157583413,2.6768,0.0,-10.5202,13,23.0769,0.012578,2,0.1538,132110.83,13.2111,100.0,6.6421,13.2843,3,0.2308,-49350.31,-4.935,0.0,-1.5758,-4.7275,8,0.6154,-47364.59,-4.7365,12.5,-0.5486,-4.3887
461b9a2f,bear,s29|s66|s25|s89,4,0.0421997242,0.0154709024,4.4546,0.0,-3.5539,4,50.0,0.012573,1,0.25,42333.65,4.2334,100.0,4.22,4.22,1,0.25,-15455.43,-1.5455,0.0,-1.5471,-1.5471,2,0.5,25512.08,2.5512,50.0,1.3364,2.6729
c18cfda1,bull,s47|s12|s96,3,0.0488976728,0.0172372716,0.1153,0.0,-9.2134,10,30.0,0.012564,1,0.1,48245.67,4.8246,100.0,4.8898,4.8898,4,0.4,-5879.42,-0.5879,25.0,-0.0704,-0.2814,5,0.5,-20373.27,-2.0373,20.0,-0.401,-2.0051
ab6b2fe7,bull,s15|s64|s27,3,0.0772846665,0.0190763696,8.0441,0.0,-9.1795,6,33.3333,0.012557,1,0.1667,77879.08,7.7879,100.0,7.7285,7.7285,0,0.0,0.0,0.0,0.0,0.0,0.0,5,0.8333,-3643.33,-0.3643,20.0,0.0196,0.0979
ae3aff19,bull,s9|s73|s27,3,0.0796222953,0.0127660977,8.1701,0.0,-9.7988,8,25.0,0.012525,1,0.125,81970.53,8.1971,100.0,7.9622,7.9622,2,0.25,-27698.35,-2.7698,0.0,-1.2766,-2.5532,5,0.625,24762.78,2.4763,20.0,0.5712,2.8558
e39e0bde,bear,s57|s81|s26,3,0.0283381595,0.0154539258,3.4991,0.0,-1.8681,3,66.6667,0.012504,2,0.6667,12047.33,1.2047,50.0,0.6442,1.2884,0,0.0,0.0,0.0,0.0,0.0,0.0,1,0.3333,29055.5,2.9056,100.0,2.8338,2.8338
49f7730d,bull,s9|s7|s3,3,0.0684088353,0.0161416749,2.858,0.0,-10.86,13,23.0769,0.012502,0,0.0,0.0,0.0,0.0,0.0,0.0,2,0.1538,-33474.4,-3.3474,0.0,-1.6142,-3.2283,11,0.8462,70297.03,7.0297,27.2727,0.6918,7.6093
ec869f92,bull,s54|s69|s6|s96,4,0.0725922137,0.0149497987,6.57,0.0,-7.5964,7,28.5714,0.012489,1,0.1429,-16539.13,-1.6539,0.0,-1.495,-1.495,3,0.4286,39049.15,3.9049,33.3333,1.4231,4.2693,3,0.4286,44556.61,4.4557,33.3333,1.4231,4.2693
4bf0193f,bull,s73|s78,2,0.0286308793,0.0093960739,4.187,0.0,-2.9851,3,66.6667,0.012468,2,0.6667,19641.68,1.9642,50.0,0.9617,1.9235,0,0.0,0.0,0.0,0.0,0.0,0.0,1,0.3333,28276.91,2.8277,100.0,2.8631,2.8631
c0fa5c80,bull,s5|s84|s27,3,0.0543107074,0.0115769182,1.5672,0.0,-8.2375,15,20.0,0.012467,2,0.1333,41801.24,4.1801,50.0,2.1367,4.2734,2,0.1333,41926.03,4.1926,50.0,2.1367,4.2734,11,0.7333,-64114.04,-6.4114,9.0909,-0.5587,-6.1458
c4bf67ad,bull,s4|s55|s8,3,0.0639628206,0.0186499675,2.17,0.0,-11.2883,11,27.2727,0.012459,1,0.0909,61292.01,6.1292,100.0,6.3963,6.3963,3,0.2727,-59065.43,-5.9065,0.0,-1.865,-5.595,7,0.6364,34090.37,3.409,28.5714,0.4954,3.4676
bb4caaa7,bull,s21|s36|s27,3,0.0634760902,0.0178430142,1.7138,0.0,-9.9984,12,25.0,0.012446,2,0.1667,43600.93,4.3601,50.0,2.2817,4.5633,2,0.1667,43996.95,4.3997,50.0,2.2817,4.5633,8,0.6667,-64280.23,-6.428,12.5,-0.7678,-6.1425
de71844e,bull,s68|s84,2,0.0480756828,0.0139757009,5.5989,0.0,-5.9998,5,40.0,0.01244,2,0.4,34960.8,3.4961,50.0,1.705,3.41,2,0.4,-29823.58,-2.9824,0.0,-1.3976,-2.7951,1,0.2,48027.65,4.8028,100.0,4.8076,4.8076
3cf86716,bull,s48|s58|s36|s65,4,0.0600983932,0.0198106079,0.0723,0.0,-8.5255,11,27.2727,0.012437,2,0.1818,37628.94,3.7629,50.0,2.0144,4.0288,2,0.1818,38641.04,3.8641,50.0,2.0144,4.0288,7,0.6364,-60827.38,-6.0827,14.2857,-0.8395,-5.8765
c26e3190,bull,s68|s11,2,0.0671175839,0.0151882162,5.8119,0.0,-6.5895,6,33.3333,0.012417,3,0.5,37399.92,3.74,33.3333,1.2247,3.6741,2,0.3333,50711.93,5.0712,50.0,2.5965,5.1929,1,0.1667,-16913.93,-1.6914,0.0,-1.5188,-1.5188
bac45ceb,bull,s8|s32|s36|s46,4,0.038310935,0.0160620707,-2.1778,0.0,-10.8949,14,28.5714,0.012409,3,0.2143,5268.52,0.5269,33.3333,0.2062,0.6187,2,0.1429,21875.6,2.1876,50.0,1.1124,2.2249,9,0.6429,-37486.0,-3.7486,22.2222,-0.3979,-3.5813
e9b3d193,bear,s52|s85|s28,3,0.0236358168,0.0121157488,-9.1547,0.0,-13.315,35,31.4286,0.012405,14,0.4,-27310.2,-2.731,28.5714,-0.1901,-2.6614,4,0.1143,-12293.33,-1.2293,25.0,-0.3178,-1.2711,17,0.4857,5100.25,0.51,35.2941,0.0502,0.8542
8206018b,bull,s95|s55|s91,3,0.0455934247,0.009961168,1.4132,0.0,-8.552,14,21.4286,0.012399,3,0.2143,23674.26,2.3674,33.3333,0.8557,2.5671,5,0.3571,-51052.38,-5.1052,0.0,-0.9961,-4.9806,6,0.4286,51688.02,5.1688,33.3333,0.8557,5.1342
c96c6775,bull,s95|s94|s5|s36,4,0.0722311026,0.0156949238,6.0961,0.0,-7.1823,7,28.5714,0.012397,2,0.2857,-33738.49,-3.3738,0.0,-1.5695,-3.139,1,0.1429,70884.45,7.0884,100.0,7.2231,7.2231,4,0.5714,25210.9,2.5211,25.0,0.6287,2.5146
44fbdb3f,bull,s38|s32|s11|s47|s10,5,0.0771274052,0.0082937704,6.0602,0.0,-7.5495,12,16.6667,0.012382,0,0.0,0.0,0.0,0.0,0.0,0.0,4,0.3333,49028.65,4.9029,25.0,1.3062,5.2246,8,0.6667,18528.67,1.8529,12.5,0.2384,1.9071
ef862c36,bear,s25|s16|s13|s29,4,0.0393110121,0.0112839758,-1.0383,0.0,-6.5038,12,25.0,0.01232,3,0.25,16053.36,1.6053,33.3333,0.5581,1.6743,4,0.3333,-45647.02,-4.5647,0.0,-1.1284,-4.5136,5,0.4167,43211.94,4.3212,40.0,0.8954,4.477
0a409bec,bull,s42|s3|s64|s34,4,0.0430984313,0.0129556163,-2.1898,0.0,-11.1292,21,23.8095,0.012298,2,0.0952,83983.75,8.3984,100.0,4.3098,8.6197,4,0.1905,-51534.73,-5.1535,0.0,-1.2956,-5.1822,15,0.7143,-28941.24,-2.8941,20.0,-0.1745,-2.6172
24c61518,bear,s80|s28|s98,3,0.0476749165,0.0119772808,5.752,0.0,-6.6875,5,40.0,0.012295,3,0.6,23781.1,2.3781,33.3333,0.7907,2.372,1,0.2,-11965.31,-1.1965,0.0,-1.1977,-1.1977,1,0.2,46305.32,4.6305,100.0,4.7675,4.7675
94f4d19e,bull,s43|s38|s35|s5,4,0.0497144352,0.0140139675,0.8599,0.0,-9.0836,12,25.0,0.012285,2,0.1667,34168.72,3.4169,50.0,1.785,3.57,3,0.25,19560.22,1.956,33.3333,0.7229,2.1687,7,0.5833,-34789.84,-3.479,14.2857,-0.491,-3.4369
c3805753,bull,s75|s43|s35,3,0.0446874121,0.0119517686,-1.5318,0.0,-8.8168,18,22.2222,0.012272,4,0.2222,6726.34,0.6726,25.0,0.2208,0.8832,4,0.2222,8284.3,0.8284,25.0,0.2208,0.8832,10,0.5556,-8224.01,-0.8224,20.0,-0.0624,-0.6239
15ff8cb3,bull,s64|s6|s47|s38,4,0.0769176634,0.0160502729,6.9647,0.0,-8.6462,7,28.5714,0.012269,1,0.1429,-17860.12,-1.786,0.0,-1.605,-1.605,3,0.4286,40695.66,4.0696,33.3333,1.4939,4.4817,3,0.4286,46875.89,4.6876,33.3333,1.4939,4.4817
9c4adf5f,bull,s6|s14|s55,3,0.0558596863,0.0174383242,1.4457,0.0,-10.6514,11,27.2727,0.012242,3,0.2727,91686.25,9.1686,66.6667,3.1427,9.4281,2,0.1818,-35894.41,-3.5894,0.0,-1.7438,-3.4877,6,0.5455,-32714.32,-3.2714,16.6667,-0.5222,-3.1332
86473cfc,bull,s4|s65,2,0.070061478,0.0155143625,5.7641,0.0,-7.1142,7,28.5714,0.01224,1,0.1429,-16764.94,-1.6765,0.0,-1.5514,-1.5514,2,0.2857,52296.0,5.2296,50.0,2.7274,5.4547,4,0.5714,23509.88,2.351,25.0,0.588,2.3518
a8b9a99c,bull,s8|s68|s91,3,0.0325116748,0.0119381811,-7.0187,0.0,-10.509,30,26.6667,0.012239,6,0.2,-26944.17,-2.6944,16.6667,-0.453,-2.7179,6,0.2,56851.94,5.6852,50.0,1.0287,6.172,18,0.6,-38230.04,-3.823,22.2222,-0.206,-3.7088
21a7289e,bull,s41|s36|s14|s59,4,0.0490426812,0.0139132063,0.759,0.0,-9.0371,12,25.0,0.012222,2,0.1667,33622.44,3.3622,50.0,1.7565,3.5129,3,0.25,19923.76,1.9924,33.3333,0.7072,2.1216,7,0.5833,-35496.06,-3.5496,14.2857,-0.492,-3.4437
0a155edc,bull,s65|s30|s1|s75,4,0.0408400429,0.0128857844,-2.9266,0.0,-7.6573,17,23.5294,0.012209,4,0.2353,852.09,0.0852,25.0,0.0546,0.2183,1,0.0588,-12523.45,-1.2523,0.0,-1.2886,-1.2886,12,0.7059,3469.68,0.347,25.0,0.0546,0.6548
93fc870f,bull,s96|s38|s30|s44,4,0.0654530704,0.0176586314,5.794,0.0,-7.2722,6,33.3333,0.012163,1,0.1667,-18794.71,-1.8795,0.0,-1.7659,-1.7659,2,0.3333,44933.79,4.4934,50.0,2.3897,4.7794,3,0.5,30968.48,3.0968,33.3333,1.0045,3.0136
e8f3b328,bull,s53|s11|s84,3,0.0420631485,0.011874214,-0.3437,0.0,-7.0357,13,23.0769,0.012155,2,0.1538,-23365.38,-2.3365,0.0,-1.1874,-2.3748,3,0.2308,17054.54,1.7055,33.3333,0.6105,1.8315,8,0.6154,10635.54,1.0636,25.0,0.161,1.2881
4b219b88,bear,s28|s17|s89,3,0.027406618,0.0094633988,-2.3215,0.0,-9.2438,16,25.0,0.012154,7,0.4375,6227.27,0.6227,28.5714,0.1071,0.7496,2,0.125,17409.61,1.741,50.0,0.8972,1.7943,7,0.4375,-30109.92,-3.011,14.2857,-0.4196,-2.9374
0784c728,bull,s73|s46|s15|s68|s3,5,0.0377882965,0.0169809137,-1.5698,0.0,-7.6664,10,30.0,0.012144,7,0.7,-65679.56,-6.568,14.2857,-0.9157,-6.4097,0,0.0,0.0,0.0,0.0,0.0,0.0,3,0.3,57359.2,5.7359,66.6667,1.9532,5.8596
151172fd,bull,s70|s63|s5,3,0.0591405137,0.0153890879,2.3082,0.0,-11.2828,12,25.0,0.012092,2,0.1667,43881.18,4.3881,50.0,2.1876,4.3751,5,0.4167,-6770.28,-0.677,20.0,-0.0483,-0.2416,5,0.4167,-3181.62,-0.3182,20.0,-0.0483,-0.2416
70e68054,bull,s68|s78,2,0.0270798182,0.0114398039,2.2681,0.0,-2.665,4,50.0,0.012086,1,0.25,-11846.5,-1.1847,0.0,-1.144,-1.144,0,0.0,0.0,0.0,0.0,0.0,0.0,3,0.75,42774.99,4.2775,66.6667,1.424,4.272
85dea398,bull,s84|s9|s34,3,0.0564071933,0.0195328942,0.3219,0.0,-9.4016,11,27.2727,0.012078,0,0.0,0.0,0.0,0.0,0.0,0.0,2,0.1818,-39714.11,-3.9714,0.0,-1.9533,-3.9066,9,0.8182,46784.7,4.6785,33.3333,0.578,5.2024
2515d686,bear,s29|s97|s18|s31,4,0.02808785,0.0137126312,2.0038,0.0,-2.3972,4,50.0,0.012066,0,0.0,0.0,0.0,0.0,0.0,0.0,3,0.75,444.12,0.0444,33.3333,0.0221,0.0663,1,0.25,27618.93,2.7619,100.0,2.8088,2.8088
f9e22c42,bear,s67|s29|s20|s52,4,0.04232535,0.0094862083,3.3414,0.0,-4.2757,6,33.3333,0.012065,1,0.1667,42490.04,4.249,100.0,4.2325,4.2325,2,0.3333,-19540.91,-1.9541,0.0,-0.9486,-1.8972,3,0.5,22472.81,2.2473,33.3333,0.7784,2.3353
c7edd02f,bull,s8|s32|s7|s64,4,0.0347167552,0.0169029756,-8.2972,0.0,-11.9869,26,30.7692,0.012042,3,0.1154,-49170.89,-4.9171,0.0,-1.6903,-5.0709,6,0.2308,49727.69,4.9728,50.0,0.8907,5.3441,17,0.6538,-32776.71,-3.2777,29.4118,-0.1721,-2.9252
e7e8b719,bull,s53|s39|s1,3,0.040330446,0.0158507231,-5.1366,0.0,-8.9149,19,26.3158,0.012029,4,0.2105,-8275.13,-0.8275,25.0,-0.1805,-0.7222,1,0.0526,-15122.7,-1.5123,0.0,-1.5851,-1.5851,14,0.7368,-2204.47,-0.2204,28.5714,0.0201,0.2815
fefe0f46,bull,s41|s79|s26,3,0.0415107084,0.0184245825,-1.0432,0.0,-8.5613,10,30.0,0.012029,0,0.0,0.0,0.0,0.0,0.0,0.0,3,0.3,-54946.1,-5.4946,0.0,-1.8425,-5.5274,7,0.7,47088.22,4.7088,42.8571,0.7262,5.0834
84a2779d,bull,s46|s83|s26,3,0.0428104088,0.0154025205,2.7647,0.0,-3.8576,5,40.0,0.011949,2,0.4,-30849.43,-3.0849,0.0,-1.5403,-3.0805,2,0.4,83524.9,8.3525,100.0,4.281,8.5621,1,0.2,-15119.86,-1.512,0.0,-1.5403,-1.5403
e207e5e9,bull,s41|s30|s93|s5,4,0.0697722941,0.017063242,5.4529,0.0,-7.401,7,28.5714,0.011945,0,0.0,0.0,0.0,0.0,0.0,0.0,3,0.4286,32041.53,3.2042,33.3333,1.1882,3.5646,4,0.5714,18196.81,1.8197,25.0,0.4646,1.8583
1749b7f1,bull,s64|s73|s27,3,0.0743837096,0.0161694822,7.4137,0.0,-10.0234,7,28.5714,0.011942,1,0.1429,75420.45,7.542,100.0,7.4384,7.4384,1,0.1429,-17260.38,-1.726,0.0,-1.6169,-1.6169,5,0.7143,5706.26,0.5706,20.0,0.1941,0.9706
acf47e0e,bull,s65|s36,2,0.0563522183,0.0142798934,0.7453,0.0,-8.76,13,23.0769,0.011942,2,0.1538,40922.99,4.0923,50.0,2.1036,4.2072,2,0.1538,40957.38,4.0957,50.0,2.1036,4.2072,9,0.6923,-60590.06,-6.059,11.1111,-0.6432,-5.7887
46a94fb8,bull,s9|s12|s26,3,0.0359814933,0.0111046375,-4.2971,0.0,-8.6086,21,23.8095,0.011934,8,0.381,49139.26,4.9139,37.5,0.6553,5.2421,4,0.1905,-43373.77,-4.3374,0.0,-1.1105,-4.4419,9,0.4286,-7548.06,-0.7548,22.2222,-0.0641,-0.5769
1ec78ec0,bull,s6|s47|s70|s39,4,0.0508960263,0.0192594131,0.0874,0.0,-10.2322,10,30.0,0.011931,1,0.1,-19240.15,-1.924,0.0,-1.9259,-1.9259,4,0.4,60313.9,6.0314,50.0,1.5818,6.3273,5,0.5,-27824.22,-2.7824,20.0,-0.5228,-2.6142
6f422645,bull,s14|s82|s73,3,0.0582311467,0.0186095071,0.5608,0.0,-9.994,11,27.2727,0.011897,3,0.2727,18995.68,1.8996,33.3333,0.7004,2.1012,1,0.0909,-18934.31,-1.8934,0.0,-1.861,-1.861,7,0.6364,19749.67,1.975,28.5714,0.3345,2.3415
a2e8ae1b,bull,s15|s32|s40|s1,4,0.0348146146,0.0189802259,-4.9067,0.0,-9.009,13,30.7692,0.01187,4,0.3077,-23918.24,-2.3918,25.0,-0.5532,-2.2126,1,0.0769,-18210.27,-1.821,0.0,-1.898,-1.898,8,0.6154,7838.99,0.7839,37.5,0.1193,0.9543
864868ac,bear,s61|s25|s26,3,0.0272422052,0.0170172053,-6.7589,0.0,-11.1342,15,33.3333,0.011869,4,0.2667,-23518.97,-2.3519,25.0,-0.5952,-2.3809,4,0.2667,-24483.96,-2.4484,25.0,-0.5952,-2.3809,7,0.4667,11811.51,1.1812,42.8571,0.1951,1.3658
7ba55d1d,bull,s5|s36|s26,3,0.0469912001,0.0182349907,-0.2982,0.0,-9.8566,10,30.0,0.011847,2,0.2,27372.79,2.7373,50.0,1.4378,2.8756,2,0.2,27608.36,2.7608,50.0,1.4378,2.8756,6,0.6,-45631.37,-4.5631,16.6667,-0.7364,-4.4184
8b657bda,bull,s83|s95|s42,3,0.0619126298,0.0144831302,4.7061,0.0,-6.6717,7,28.5714,0.011833,2,0.2857,48328.24,4.8328,50.0,2.3715,4.7429,3,0.4286,30164.3,3.0164,33.3333,1.0982,3.2946,2,0.2857,-30188.89,-3.0189,0.0,-1.4483,-2.8966
c47e2930,bull,s47|s11|s64|s41,4,0.0674102934,0.0172906676,1.3783,0.0,-9.745,13,23.0769,0.011832,0,0.0,0.0,0.0,0.0,0.0,0.0,4,0.3077,93217.34,9.3217,50.0,2.506,10.0239,9,0.6923,-71623.36,-7.1623,11.1111,-0.7879,-7.0915
87adc25f,bull,s39|s65,2,0.0696308438,0.0161048212,5.2019,0.0,-7.3365,7,28.5714,0.011832,1,0.1429,-17357.72,-1.7358,0.0,-1.6105,-1.6105,2,0.2857,51260.18,5.126,50.0,2.6763,5.3526,4,0.5714,21145.96,2.1146,25.0,0.5329,2.1316
5a899968,bull,s12|s70|s14|s41|s48,5,0.0400391114,0.010777939,-3.0271,0.0,-9.1321,23,21.7391,0.011828,5,0.2174,96982.31,9.6982,60.0,1.9712,9.8561,5,0.2174,-53618.39,-5.3618,0.0,-1.0778,-5.389,13,0.5652,-41059.97,-4.106,15.3846,-0.296,-3.8479
e3cde5a9,bull,s14|s46|s91,3,0.0668046026,0.019420172,1.718,0.0,-10.8854,12,25.0,0.011812,3,0.25,111121.87,11.1122,66.6667,3.8063,11.4189,1,0.0833,-19696.21,-1.9696,0.0,-1.942,-1.942,8,0.6667,-73194.61,-7.3195,12.5,-0.8642,-6.9137
6daf95c5,bull,s53|s59,2,0.0240428087,0.0087316395,1.127,0.0,-2.131,5,40.0,0.011812,2,0.4,15041.85,1.5042,50.0,0.7656,1.5311,1,0.2,23506.93,2.3507,100.0,2.4043,2.4043,2,0.4,-17352.38,-1.7352,0.0,-0.8732,-1.7463
8ab532b8,bear,s29|s101|s31|s81|s71,5,0.0432799306,0.0143732667,2.0117,0.0,-3.2474,6,33.3333,0.011797,3,0.5,14256.45,1.4256,33.3333,0.4844,1.4533,2,0.3333,-29175.59,-2.9176,0.0,-1.4373,-2.8747,1,0.1667,41832.58,4.1833,100.0,4.328,4.328
27457312,bull,s33|s70|s88|s45,4,0.0590066621,0.0087614218,2.2648,0.0,-8.7641,18,16.6667,0.011796,11,0.6111,-31980.4,-3.198,9.0909,-0.2601,-2.8608,3,0.1667,39825.38,3.9825,33.3333,1.3828,4.1484,4,0.2222,33254.11,3.3254,25.0,0.8181,3.2722
6f1e2e0f,bull,s7|s53|s8,3,0.0464747219,0.0153854364,-2.2388,0.0,-12.1876,20,25.0,0.011793,0,0.0,0.0,0.0,0.0,0.0,0.0,5,0.25,-16814.41,-1.6814,20.0,-0.3013,-1.5067,15,0.75,12298.88,1.2299,26.6667,0.1111,1.6659
4fc9b8ee,bull,s47|s63|s70|s4,4,0.053955367,0.0159708433,2.8458,0.0,-4.3856,6,33.3333,0.011787,4,0.6667,-66180.03,-6.618,0.0,-1.5971,-6.3883,1,0.1667,52934.57,5.2935,100.0,5.3955,5.3955,1,0.1667,54680.52,5.4681,100.0,5.3955,5.3955
fb39a211,bear,s37|s89|s31,3,0.0344289613,0.0174154422,-4.9748,0.0,-12.3384,16,31.25,0.011787,5,0.3125,-36662.13,-3.6662,20.0,-0.7047,-3.5233,2,0.125,17369.56,1.737,50.0,0.8507,1.7014,9,0.5625,-3393.94,-0.3394,33.3333,-0.0134,-0.1206
027fdc6c,bull,s64|s48|s11,3,0.067461125,0.0149322217,2.0975,0.0,-10.2005,14,21.4286,0.011781,0,0.0,0.0,0.0,0.0,0.0,0.0,4,0.2857,99284.75,9.9285,50.0,2.6264,10.5058,10,0.7143,-68295.25,-6.8295,10.0,-0.6693,-6.6929
1cea15d2,bull,s3|s15|s42|s95|s46,5,0.0477554229,0.0198761184,-0.7764,0.0,-9.3412,10,30.0,0.011774,1,0.1,46689.22,4.6689,100.0,4.7755,4.7755,3,0.3,6450.34,0.645,33.3333,0.2668,0.8003,6,0.6,-53241.92,-5.3242,16.6667,-0.8604,-5.1625
a28801d7,bull,s79|s91,2,0.0354770874,0.0129756481,-3.3513,0.0,-8.2933,16,25.0,0.011749,2,0.125,-25626.42,-2.5626,0.0,-1.2976,-2.5951,4,0.25,-3297.36,-0.3297,25.0,-0.0862,-0.345,10,0.625,12349.5,1.2349,30.0,0.156,1.5602
63f2d6a6,bull,s3|s74|s82|s34,4,0.0566914149,0.0182982364,0.8291,0.0,-10.6241,11,27.2727,0.011718,0,0.0,0.0,0.0,0.0,0.0,0.0,3,0.2727,17947.9,1.7948,33.3333,0.6698,2.0095,8,0.7273,461.25,0.0461,25.0,0.0449,0.3593
c7b68d37,bull,s59|s2|s44|s10,4,0.0585183258,0.0187728384,3.4221,0.0,-5.3527,6,33.3333,0.011716,2,0.3333,-38019.56,-3.802,0.0,-1.8773,-3.7546,0,0.0,0.0,0.0,0.0,0.0,0.0,4,0.6667,76459.12,7.6459,50.0,1.9873,7.9491
27674f22,bull,s87|s79,2,0.0226478772,0.0102278868,1.295,0.0,-2.9268,4,50.0,0.011712,1,0.25,-10513.16,-1.0513,0.0,-1.0228,-1.0228,0,0.0,0.0,0.0,0.0,0.0,0.0,3,0.75,35006.65,3.5007,66.6667,1.1689,3.5068
19c88d91,bull,s44|s12|s8|s95,4,0.0483211636,0.0143368051,0.0394,0.0,-8.7863,12,25.0,0.011712,3,0.25,79912.36,7.9912,66.6667,2.7435,8.2306,3,0.25,-43860.69,-4.3861,0.0,-1.4337,-4.301,6,0.5,-24075.36,-2.4075,16.6667,-0.3894,-2.3363
5332a75e,bull,s7|s59|s78|s96,4,0.044365832,0.0143185934,-0.5154,0.0,-8.0518,12,25.0,0.011708,1,0.0833,-14071.28,-1.4071,0.0,-1.4319,-1.4319,4,0.3333,-762.83,-0.0763,25.0,0.0353,0.141,7,0.5833,15324.25,1.5324,28.5714,0.2448,1.7139
3948cad9,bull,s64|s96|s59|s7|s79,5,0.0689236799,0.0157081549,3.4616,0.0,-12.6836,13,23.0769,0.011707,0,0.0,0.0,0.0,0.0,0.0,0.0,4,0.3077,18077.36,1.8077,25.0,0.545,2.1799,9,0.6923,25270.46,2.527,22.2222,0.3099,2.789
3aad14ba,bull,s79|s70|s38|s46,4,0.030182941,0.0101381153,-2.6151,0.0,-5.2718,12,25.0,0.011694,5,0.4167,-11293.06,-1.1293,20.0,-0.2074,-1.037,5,0.4167,-10540.48,-1.054,20.0,-0.2074,-1.037,2,0.1667,19566.32,1.9566,50.0,1.0022,2.0045
4a9566b6,bull,s5|s96|s10|s87|s4,5,0.0512250394,0.0173225534,0.6055,0.0,-10.3842,11,27.2727,0.011679,1,0.0909,50640.98,5.0641,100.0,5.1225,5.1225,4,0.3636,-3157.6,-0.3158,25.0,-0.0186,-0.0743,6,0.5455,-36777.84,-3.6778,16.6667,-0.5898,-3.5388
5eb85d26,bull,s24|s6|s4,3,0.0741191324,0.0113021697,5.169,0.0,-7.4289,10,20.0,0.011678,1,0.1,-11140.96,-1.1141,0.0,-1.1302,-1.1302,4,0.4,36165.58,3.6166,25.0,1.0053,4.0213,5,0.5,28415.47,2.8415,20.0,0.5782,2.891
78347538,bull,s35|s64|s5|s33,4,0.0412610246,0.0120535363,-3.3397,0.0,-9.4642,22,22.7273,0.011629,5,0.2273,44970.96,4.4971,40.0,0.9272,4.6361,7,0.3182,-31426.08,-3.1426,14.2857,-0.4437,-3.106,10,0.4545,-16451.22,-1.6451,20.0,-0.1391,-1.3906
b30633da,bull,s30|s54|s27,3,0.0765670181,0.0141422324,7.5427,0.0,-10.8327,8,25.0,0.011628,1,0.125,78273.9,7.8274,100.0,7.6567,7.6567,2,0.25,-30319.96,-3.032,0.0,-1.4142,-2.8284,5,0.625,16148.51,1.6149,20.0,0.4,1.9998
d10c4a93,bull,s5|s47,2,0.0720913364,0.017172332,5.8132,0.0,-8.6528,7,28.5714,0.011621,3,0.4286,-54582.89,-5.4583,0.0,-1.7172,-5.1517,2,0.2857,52462.64,5.2463,50.0,2.746,5.4919,2,0.2857,56319.08,5.6319,50.0,2.746,5.4919
e3a1b225,bull,s53|s59|s10,3,0.0603349348,0.0157378122,0.2682,0.0,-8.5442,13,23.0769,0.011614,5,0.3846,-6103.89,-0.6104,20.0,-0.0523,-0.2616,3,0.2308,27193.58,2.7194,33.3333,0.962,2.8859,5,0.3846,-3427.62,-0.3428,20.0,-0.0523,-0.2616
d7a6c3dc,bull,s92|s4|s12,3,0.0386820461,0.010382629,-3.0195,0.0,-7.4879,18,22.2222,0.011565,6,0.3333,33855.37,3.3855,33.3333,0.5972,3.5834,3,0.1667,-30949.77,-3.095,0.0,-1.0383,-3.1148,9,0.5,2900.06,0.29,22.2222,0.0521,0.4686
ebfe475a,bull,s44|s12,2,0.0704354272,0.016049994,5.3208,0.0,-8.2253,7,28.5714,0.011525,2,0.2857,-33049.35,-3.3049,0.0,-1.605,-3.21,1,0.1429,-17327.57,-1.7328,0.0,-1.605,-1.605,4,0.5714,107299.1,10.7299,50.0,2.7193,10.8771
8f8c96f6,bull,s55|s35|s70,3,0.0456933445,0.0135986708,-1.9066,0.0,-9.725,17,23.5294,0.011488,1,0.0588,-13773.85,-1.3774,0.0,-1.3599,-1.3599,4,0.2353,62069.47,6.2069,50.0,1.6047,6.4189,12,0.7059,-46640.78,-4.6641,16.6667,-0.3717,-4.46
e3066253,bull,s68|s7,2,0.0440608846,0.016272016,0.7328,0.0,-11.8352,10,30.0,0.011485,4,0.4,-5762.73,-0.5763,25.0,-0.1189,-0.4755,3,0.3,9973.97,0.9974,33.3333,0.3839,1.1517,3,0.3,10935.22,1.0935,33.3333,0.3839,1.1517
ac339530,bull,s65|s21|s70|s74|s83,5,0.071239735,0.0193967525,3.9689,0.0,-6.5348,7,28.5714,0.011478,3,0.4286,-59099.85,-5.91,0.0,-1.9397,-5.819,1,0.1429,-20315.62,-2.0316,0.0,-1.9397,-1.9397,3,0.4286,119820.44,11.982,66.6667,4.1028,12.3083
623ff417,bull,s59|s14|s6,3,0.0256121342,0.0113241683,-7.5008,0.0,-10.3517,25,28.0,0.011471,12,0.48,8964.16,0.8964,33.3333,0.0988,1.1855,4,0.16,-6838.11,-0.6838,25.0,-0.209,-0.836,9,0.36,-28961.94,-2.8962,22.2222,-0.3116,-2.8045
6d898d03,bull,s48|s44|s27,3,0.0454099437,0.0191308551,-1.1311,0.0,-9.3896,10,30.0,0.011461,3,0.3,-58552.94,-5.8553,0.0,-1.9131,-5.7393,2,0.2,26245.35,2.6245,50.0,1.314,2.6279,5,0.5,30924.61,3.0925,40.0,0.6685,3.3427
f6ff65a2,bull,s14|s92|s8|s96,4,0.0670719902,0.019016315,5.034,0.0,-8.2203,6,33.3333,0.011457,1,0.1667,-20650.4,-2.065,0.0,-1.9016,-1.9016,2,0.3333,45382.18,4.5382,50.0,2.4028,4.8056,3,0.5,29769.3,2.9769,33.3333,0.968,2.9039
084033b6,bull,s96|s69|s4,3,0.0697362414,0.0186926283,1.6622,0.0,-11.3076,12,25.0,0.011454,1,0.0833,68419.23,6.8419,100.0,6.9736,6.9736,4,0.3333,7907.03,0.7907,25.0,0.3415,1.3658,7,0.5833,-43139.68,-4.314,14.2857,-0.606,-4.242
0ebd43c7,bull,s1|s12|s47|s74,4,0.0423258406,0.015466349,-3.5355,0.0,-9.2512,15,26.6667,0.011431,5,0.3333,-21048.49,-2.1048,20.0,-0.3908,-1.954,2,0.1333,-30618.14,-3.0618,0.0,-1.5466,-3.0933,8,0.5333,46586.6,4.6587,37.5,0.6206,4.9646
d901716c,bull,s74|s7|s30,3,0.0315642348,0.0104832444,-5.8867,0.0,-13.4573,38,26.3158,0.011422,9,0.2368,-52091.88,-5.2092,11.1111,-0.5811,-5.2302,6,0.1579,60908.7,6.0909,50.0,1.054,6.3243,23,0.6053,8061.17,0.8061,26.087,0.0486,1.117
bca2c501,bull,s45|s91|s27,3,0.0742091951,0.0182747952,6.5637,0.0,-10.1307,7,28.5714,0.011421,1,0.1429,74749.41,7.4749,100.0,7.4209,7.4209,1,0.1429,-19335.01,-1.9335,0.0,-1.8275,-1.8275,5,0.7143,-3135.57,-0.3136,20.0,0.0222,0.111
d902d80d,bull,s24|s69|s84|s54|s12,5,0.0450032979,0.0194497281,-3.9459,0.0,-9.7163,14,28.5714,0.011419,3,0.2143,3732.28,0.3732,33.3333,0.2035,0.6104,1,0.0714,-18918.52,-1.8919,0.0,-1.945,-1.945,10,0.7143,-4406.2,-0.4406,30.0,-0.0114,-0.1138
b6fae35a,bull,s82|s84|s88|s69,4,0.0576498953,0.011385614,1.4006,0.0,-8.7267,16,18.75,0.011415,5,0.3125,10235.73,1.0236,20.0,0.2421,1.2107,3,0.1875,-34296.41,-3.4296,0.0,-1.1386,-3.4157,8,0.5,43711.39,4.3711,25.0,0.5873,4.6986
bc359de3,bull,s41|s55|s94,3,0.0509829316,0.0181251905,-1.1376,0.0,-8.4921,11,27.2727,0.011394,2,0.1818,-36242.63,-3.6243,0.0,-1.8125,-3.625,1,0.0909,-18127.66,-1.8128,0.0,-1.8125,-1.8125,8,0.7273,57469.67,5.747,37.5,0.779,6.2323
4a437f6d,bull,s35|s60|s83|s47,4,0.0424197505,0.0185757698,1.6329,0.0,-4.1999,5,40.0,0.011393,3,0.6,-56734.46,-5.6734,0.0,-1.8576,-5.5727,1,0.2,41507.07,4.1507,100.0,4.242,4.242,1,0.2,42294.5,4.2294,100.0,4.242,4.242
680c348f,bull,s42|s39|s53,3,0.0587533519,0.0106052006,0.5551,0.0,-7.2219,17,17.6471,0.011389,4,0.2353,92835.84,9.2836,50.0,2.4074,9.6296,3,0.1765,-31714.24,-3.1714,0.0,-1.0605,-3.1816,10,0.5882,-38827.33,-3.8827,10.0,-0.3669,-3.6693
f89ea583,bull,s24|s12|s27,3,0.0422101378,0.0133820589,-3.7715,0.0,-10.5243,20,25.0,0.011336,3,0.15,68314.51,6.8315,66.6667,2.3679,7.1038,3,0.15,-39932.21,-3.9932,0.0,-1.3382,-4.0146,14,0.7,-23002.0,-2.3002,21.4286,-0.1469,-2.0572
5b6d358c,bull,s65|s40|s1|s95|s47,5,0.0575446086,0.0177871836,4.1747,0.0,-7.4369,6,33.3333,0.011327,3,0.5,21272.61,2.1273,33.3333,0.7323,2.197,1,0.1667,56351.73,5.6352,100.0,5.7545,5.7545,2,0.3333,-36789.26,-3.6789,0.0,-1.7787,-3.5574
bf9b9206,bull,s1|s3|s41|s35,4,0.0321309788,0.0119134636,-6.9768,0.0,-9.6347,27,25.9259,0.011322,8,0.2963,32898.73,3.2899,37.5,0.4603,3.6826,3,0.1111,-34120.29,-3.412,0.0,-1.1913,-3.574,16,0.5926,-17036.63,-1.7037,25.0,-0.0902,-1.4438
065f254f,bear,s89|s61|s67|s80,4,0.0365237959,0.0083530697,1.5988,0.0,-3.7479,7,28.5714,0.011321,2,0.2857,28035.4,2.8035,50.0,1.4085,2.8171,2,0.2857,-16911.53,-1.6912,0.0,-0.8353,-1.6706,3,0.4286,18740.06,1.874,33.3333,0.6606,1.9818
5ec3cd63,bull,s64|s10|s74|s30,4,0.0757513612,0.0179979653,6.191,0.0,-9.8912,7,28.5714,0.011313,0,0.0,0.0,0.0,0.0,0.0,0.0,2,0.2857,-38626.12,-3.8626,0.0,-1.7998,-3.5996,5,0.7143,95981.51,9.5982,40.0,1.9502,9.7509
e245daed,bull,s60|s96|s88,3,0.0641155324,0.0139053542,4.3596,0.0,-7.3243,8,25.0,0.011274,1,0.125,-14932.7,-1.4933,0.0,-1.3905,-1.3905,3,0.375,33876.63,3.3877,33.3333,1.2102,3.6305,4,0.5,22295.91,2.2296,25.0,0.56,2.2399
f2016332,bull,s69|s9|s3,3,0.0524538956,0.0123728947,-0.6209,0.0,-10.3546,19,21.0526,0.011252,0,0.0,0.0,0.0,0.0,0.0,0.0,3,0.1579,-37406.22,-3.7406,0.0,-1.2373,-3.7119,16,0.8421,56016.56,5.6017,25.0,0.3834,6.1341
e506cd02,bull,s54|s65|s84,3,0.0641826429,0.0180125504,3.2847,0.0,-6.1794,7,28.5714,0.011244,3,0.4286,-54734.72,-5.4735,0.0,-1.8013,-5.4038,1,0.1429,-18723.43,-1.8723,0.0,-1.8013,-1.8013,3,0.4286,107492.26,10.7492,66.6667,3.6784,11.0353
ec0bee14,bull,s95|s14|s27,3,0.0770813863,0.0158858623,5.6362,0.0,-9.098,8,25.0,0.01124,2,0.25,58567.14,5.8567,50.0,3.0598,6.1196,1,0.125,-16757.95,-1.6758,0.0,-1.5886,-1.5886,5,0.625,12355.43,1.2355,20.0,0.2708,1.3538
6754919f,bull,s12|s96|s26,3,0.0347542109,0.0189092792,-5.1698,0.0,-9.5171,13,30.7692,0.0112,3,0.2308,47742.96,4.7743,66.6667,1.6866,5.0599,2,0.1538,-36683.73,-3.6684,0.0,-1.8909,-3.7819,8,0.6154,-44953.77,-4.4954,25.0,-0.5493,-4.3947
fbdcb380,bull,s15|s2|s39,3,0.0270179542,0.011146826,-7.6997,0.0,-10.9021,29,27.5862,0.011167,13,0.4483,-68633.93,-6.8634,15.3846,-0.5275,-6.8579,3,0.1034,5650.06,0.565,33.3333,0.1575,0.4724,13,0.4483,42835.16,4.2835,38.4615,0.3532,4.5915
5a7503d1,bull,s47|s82|s12,3,0.0353352737,0.0127257559,-5.3869,0.0,-10.8145,23,26.087,0.011164,5,0.2174,28944.31,2.8944,40.0,0.6499,3.2493,5,0.2174,-61254.94,-6.1255,0.0,-1.2726,-6.3629,13,0.5652,23201.21,2.3201,30.7692,0.2062,2.6809
e1831534,bull,s3|s95|s10|s12,4,0.0680180696,0.0179012355,4.5873,0.0,-8.4508,6,33.3333,0.01116,1,0.1667,67950.12,6.795,100.0,6.8018,6.8018,2,0.3333,-38648.87,-3.8649,0.0,-1.7901,-3.5802,3,0.5,32195.65,3.2196,33.3333,1.0739,3.2216
b72cc1dc,bull,s60|s10|s48|s94|s8,5,0.0758577424,0.0176454414,5.2635,0.0,-9.05,7,28.5714,0.011147,1,0.1429,-19150.04,-1.915,0.0,-1.7645,-1.7645,2,0.2857,55521.44,5.5521,50.0,2.9106,5.8212,4,0.5714,22687.65,2.2688,25.0,0.573,2.2921
bfec5dbb,bull,s21|s53|s27,3,0.0402620015,0.0096107571,-0.6545,0.0,-10.4061,19,21.0526,0.011142,7,0.3684,-18212.01,-1.8212,14.2857,-0.2486,-1.7403,3,0.1579,71761.98,7.1762,66.6667,2.3638,7.0913,9,0.4737,-39286.23,-3.9286,11.1111,-0.4069,-3.6624
74d8f546,bull,s2|s10|s41,3,0.0681483447,0.0147147967,2.5434,0.0,-11.5816,14,21.4286,0.01112,0,0.0,0.0,0.0,0.0,0.0,0.0,4,0.2857,19906.52,1.9907,25.0,0.6001,2.4004,10,0.7143,16028.39,1.6028,20.0,0.1858,1.8578
aabd03be,bear,s23|s90|s26,3,0.0274684028,0.0141378506,0.1502,0.0,-3.2011,5,40.0,0.0111,2,0.4,-28989.61,-2.899,0.0,-1.4138,-2.8276,0,0.0,0.0,0.0,0.0,0.0,0.0,3,0.6,40643.27,4.0643,66.6667,1.36,4.0799
512bd580,bull,s39|s82|s24,3,0.0420940036,0.0107919104,-2.9355,0.0,-10.9088,28,21.4286,0.011098,2,0.0714,80460.94,8.0461,100.0,4.2094,8.4188,4,0.1429,-42405.57,-4.2406,0.0,-1.0792,-4.3168,22,0.7857,-28637.41,-2.8637,18.1818,-0.1176,-2.5878
b2da2c3b,bull,s70|s95|s26,3,0.0386674185,0.0181371943,-1.5783,0.0,-9.4118,10,30.0,0.01109,1,0.1,38448.85,3.8449,100.0,3.8667,3.8667,4,0.4,-16855.73,-1.6856,25.0,-0.3936,-1.5744,5,0.5,-35152.7,-3.5153,20.0,-0.6776,-3.3881
ab6c810d,bull,s82|s15|s44|s88|s36,5,0.0377898017,0.0185272848,-5.9864,0.0,-12.778,20,30.0,0.011088,2,0.1,-36323.54,-3.6324,0.0,-1.8527,-3.7055,3,0.15,-53851.93,-5.3852,0.0,-1.8527,-5.5582,15,0.75,53640.6,5.3641,40.0,0.4,5.9993
eb1407f2,bull,s96|s69|s38|s3,4,0.07228538,0.0174771347,5.1497,0.0,-9.0412,7,28.5714,0.011087,0,0.0,0.0,0.0,0.0,0.0,0.0,4,0.5714,14248.12,1.4248,25.0,0.4963,1.9854,3,0.4286,38710.23,3.871,33.3333,1.2444,3.7331
69646a4c,bull,s53|s75|s2|s39|s70,5,0.06689254,0.0192492501,3.032,0.0,-6.2286,7,28.5714,0.011082,2,0.2857,-39265.61,-3.9266,0.0,-1.9249,-3.8499,1,0.1429,-20009.85,-2.001,0.0,-1.9249,-1.9249,4,0.5714,92071.97,9.2072,50.0,2.3822,9.5287
65c87df0,bull,s11|s3|s41,3,0.0680389086,0.0154429831,1.6816,0.0,-10.4795,14,21.4286,0.011081,0,0.0,0.0,0.0,0.0,0.0,0.0,3,0.2143,32856.81,3.2857,33.3333,1.2384,3.7153,11,0.7857,-6001.2,-0.6001,18.1818,-0.0264,-0.2909
130e5bfe,bull,s24|s96|s38|s60|s32,5,0.0565155734,0.0140095261,0.9148,0.0,-10.0944,13,23.0769,0.011078,1,0.0769,55815.88,5.5816,100.0,5.6516,5.6516,4,0.3077,12285.3,1.2285,25.0,0.3622,1.4487,8,0.6154,-43428.12,-4.3428,12.5,-0.5194,-4.1551
04b19f5a,bull,s54|s41|s68|s33,4,0.077329612,0.0081041903,5.8008,0.0,-9.0163,12,16.6667,0.011077,7,0.5833,-61754.8,-6.1755,0.0,-0.8104,-5.6729,3,0.25,59300.06,5.93,33.3333,2.0374,6.1121,2,0.1667,72957.4,7.2957,50.0,3.4613,6.9225
ce983f3e,bull,s5|s96|s27,3,0.0420719577,0.0111904838,-2.3819,0.0,-10.5375,23,21.7391,0.011076,5,0.2174,-3828.81,-0.3829,20.0,-0.0538,-0.269,5,0.2174,-3004.18,-0.3004,20.0,-0.0538,-0.269,13,0.5652,11935.55,1.1936,23.0769,0.1101,1.4311
ce1976fd,bull,s11|s32|s54,3,0.0231659067,0.0099605427,-8.7206,0.0,-11.6724,35,28.5714,0.01107,10,0.2857,549.05,0.0549,30.0,-0.0023,-0.0226,6,0.1714,4270.01,0.427,33.3333,0.1082,0.649,19,0.5429,-24359.44,-2.4359,26.3158,-0.1243,-2.3618
1b5ed203,bull,s96|s36|s34|s46,4,0.0578810532,0.0131971772,3.5855,0.0,-6.7196,8,25.0,0.011069,2,0.25,41407.69,4.1408,50.0,2.2342,4.4684,2,0.25,-26598.19,-2.6598,0.0,-1.3197,-2.6394,4,0.5,18303.86,1.8304,25.0,0.4572,1.829
1733626d,bull,s73|s44,2,0.0421330075,0.0178198627,1.1912,0.0,-4.1878,6,33.3333,0.011064,4,0.6667,-12026.57,-1.2027,25.0,-0.2832,-1.1327,0,0.0,0.0,0.0,0.0,0.0,0.0,2,0.3333,22640.0,2.264,50.0,1.2157,2.4313
b1c630dc,bull,s60|s14|s48|s8,4,0.0333219188,0.0161575166,-5.6224,0.0,-11.0695,17,29.4118,0.011063,6,0.3529,460.72,0.0461,33.3333,0.0336,0.2014,3,0.1765,1638.62,0.1639,33.3333,0.0336,0.1007,8,0.4706,-31697.84,-3.1698,25.0,-0.3788,-3.0301
38415915,bull,s43|s83|s46,3,0.0529604339,0.0150907705,4.0608,0.0,-7.6515,7,28.5714,0.01106,2,0.2857,-30647.82,-3.0648,0.0,-1.5091,-3.0182,3,0.4286,20653.57,2.0654,33.3333,0.7593,2.2779,2,0.2857,37632.57,3.7633,50.0,1.8935,3.787
f2e318dc,bull,s4|s93|s7,3,0.0569022795,0.0110571465,1.7952,0.0,-10.1358,15,20.0,0.011032,1,0.0667,55373.32,5.5373,100.0,5.6902,5.6902,4,0.2667,-45781.37,-4.5781,0.0,-1.1057,-4.4229,10,0.6667,24016.12,2.4016,20.0,0.2535,2.5347
4de269b4,bull,s21|s42|s96|s79,4,0.0485099314,0.0133067654,2.9223,0.0,-6.2036,7,28.5714,0.011031,2,0.2857,33383.6,3.3384,50.0,1.7602,3.5203,3,0.4286,-40879.3,-4.0879,0.0,-1.3307,-3.992,2,0.2857,35331.44,3.5331,50.0,1.7602,3.5203
ed991282,bull,s35|s10|s82|s65,4,0.0569280099,0.0149083727,0.3927,0.0,-9.4952,13,23.0769,0.011002,1,0.0769,-15516.1,-1.5516,0.0,-1.4908,-1.4908,4,0.3077,79811.22,7.9811,50.0,2.101,8.4039,8,0.6154,-48044.61,-4.8045,12.5,-0.5929,-4.7431
aaf3b977,bull,s21|s69,2,0.055854584,0.0162056903,2.7403,0.0,-6.0741,7,28.5714,0.010983,4,0.5714,4174.75,0.4175,25.0,0.1809,0.7238,0,0.0,0.0,0.0,0.0,0.0,0.0,3,0.4286,23015.52,2.3016,33.3333,0.7814,2.3443
821fcefb,bull,s73|s60|s53|s35,4,0.0694014597,0.0195627677,2.9557,0.0,-6.4189,7,28.5714,0.010959,2,0.2857,-39976.82,-3.9977,0.0,-1.9563,-3.9126,1,0.1429,-20405.39,-2.0405,0.0,-1.9563,-1.9563,4,0.5714,96368.65,9.6369,50.0,2.4919,9.9677
b412da18,bull,s8|s73|s63,3,0.0192024962,0.0109098288,-3.8948,0.0,-6.5429,10,30.0,0.010958,6,0.6,-6290.98,-0.6291,33.3333,-0.0872,-0.5234,1,0.1,-10432.09,-1.0432,0.0,-1.091,-1.091,3,0.3,-2644.44,-0.2644,33.3333,-0.0872,-0.2617
dc580dd9,bull,s40|s21,2,0.0658629989,0.0149910268,5.8072,0.0,-10.2255,7,28.5714,0.010957,3,0.4286,36329.51,3.633,33.3333,1.196,3.5881,2,0.2857,49971.99,4.9972,50.0,2.5436,5.0872,2,0.2857,-32588.94,-3.2589,0.0,-1.4991,-2.9982
5ec773e5,bull,s73|s64|s26,3,0.032665066,0.0141451743,-2.3025,0.0,-8.6746,10,30.0,0.010953,6,0.6,7388.87,0.7389,33.3333,0.1458,0.8749,1,0.1,-13615.14,-1.3615,0.0,-1.4145,-1.4145,3,0.3,2928.82,0.2929,33.3333,0.1458,0.4375
5b4e57dd,bull,s64|s78|s33,3,0.0601075686,0.0172910241,1.2611,0.0,-11.483,12,25.0,0.010943,0,0.0,0.0,0.0,0.0,0.0,0.0,3,0.25,-53567.39,-5.3567,0.0,-1.7291,-5.1873,9,0.75,72978.07,7.2978,33.3333,0.8509,7.6577
c08c003e,bull,s11|s55|s4,3,0.0535259926,0.0160340581,-0.1783,0.0,-9.5686,12,25.0,0.010939,1,0.0833,51564.79,5.1565,100.0,5.3526,5.3526,4,0.3333,3090.77,0.3091,25.0,0.1356,0.5424,7,0.5833,-43282.01,-4.3282,14.2857,-0.6097,-4.2678
ce8f3051,bear,s22|s29|s16|s89,4,0.032154477,0.0143464091,1.0033,0.0,-4.9102,5,40.0,0.010928,1,0.2,31494.84,3.1495,100.0,3.2154,3.2154,1,0.2,-14332.07,-1.4332,0.0,-1.4346,-1.4346,3,0.6,2607.67,0.2608,33.3333,0.1154,0.3462
c057fbb5,bull,s41|s24|s30|s1|s44,5,0.0363607466,0.0143818689,-4.824,0.0,-10.2982,19,26.3158,0.010928,3,0.1579,6511.48,0.6511,33.3333,0.2532,0.7597,2,0.1053,-27910.2,-2.791,0.0,-1.4382,-2.8764,14,0.7368,-1500.27,-0.15,28.5714,0.0116,0.1624
e4ae2b73,bull,s42|s69,2,0.0583962328,0.0196668433,-0.256,0.0,-10.3813,11,27.2727,0.010923,2,0.1818,36153.15,3.6153,50.0,1.9365,3.8729,2,0.1818,34765.38,3.4765,50.0,1.9365,3.8729,7,0.6364,-59445.39,-5.9445,14.2857,-0.8515,-5.9605
bb66e2c8,bull,s3|s79|s87|s84,4,0.0543186771,0.0185947365,1.8088,0.0,-5.4156,6,33.3333,0.010919,1,0.1667,52056.41,5.2056,100.0,5.4319,5.4319,0,0.0,0.0,0.0,0.0,0.0,0.0,5,0.8333,-21050.0,-2.105,20.0,-0.4012,-2.006
34af6390,bull,s69|s15,2,0.0725348557,0.0190020235,4.3848,0.0,-8.4234,7,28.5714,0.010918,1,0.1429,-20410.32,-2.041,0.0,-1.9002,-1.9002,2,0.2857,50960.92,5.0961,50.0,2.6766,5.3533,4,0.5714,14813.2,1.4813,25.0,0.3882,1.5529
a2bc7770,bull,s46|s73|s63,3,0.0198674451,0.0096079285,0.0382,0.0,-3.7077,5,40.0,0.010903,4,0.8,19929.21,1.9929,50.0,0.513,2.0519,1,0.2,-9544.38,-0.9544,0.0,-0.9608,-0.9608,0,0.0,0.0,0.0,0.0,0.0,0.0
37cbf7ec,bull,s91|s70|s38,3,0.0780699718,0.0180300734,4.4542,0.0,-8.2498,8,25.0,0.010891,0,0.0,0.0,0.0,0.0,0.0,0.0,3,0.375,36823.91,3.6824,33.3333,1.4003,4.201,5,0.625,5276.9,0.5277,20.0,0.119,0.595
1c82821d,bull,s1|s38|s41,3,0.0307204785,0.0179823734,-9.1816,0.0,-11.3334,22,31.8182,0.01088,5,0.2273,-40439.42,-4.0439,20.0,-0.8242,-4.1209,3,0.1364,40928.75,4.0929,66.6667,1.4486,4.3459,14,0.6364,-58156.06,-5.8156,28.5714,-0.4067,-5.6942
afb22c3d,bull,s43|s46|s6|s42,4,0.0557710268,0.0157999769,1.1095,0.0,-11.3693,12,25.0,0.010879,1,0.0833,55631.41,5.5631,100.0,5.5771,5.5771,5,0.4167,-11020.48,-1.102,20.0,-0.1486,-0.7429,6,0.5,-24232.36,-2.4232,16.6667,-0.3871,-2.3229
e047965f,bull,s10|s87|s11|s55,4,0.0742177264,0.01715428,6.2509,0.0,-11.0353,7,28.5714,0.010866,2,0.2857,57888.85,5.7889,50.0,2.8532,5.7063,1,0.1429,-18232.77,-1.8233,0.0,-1.7154,-1.7154,4,0.5714,18799.87,1.88,25.0,0.5689,2.2755
b3c7d879,bear,s52|s67|s56,3,0.0312026153,0.0171060293,-2.8947,0.0,-9.3747,9,33.3333,0.010853,2,0.2222,13004.04,1.3004,50.0,0.7048,1.4097,3,0.3333,-3216.5,-0.3216,33.3333,-0.1003,-0.3009,4,0.4444,-21436.82,-2.1437,25.0,-0.5029,-2.0115
2d5644e1,bull,s7|s42|s58|s70,4,0.0532385391,0.0163951074,0.0355,0.0,-10.0,12,25.0,0.010834,1,0.0833,50309.28,5.0309,100.0,5.3239,5.3239,3,0.25,-50129.1,-5.0129,0.0,-1.6395,-4.9185,8,0.6667,6949.86,0.695,25.0,0.1013,0.8106
0fa23e3e,bull,s95|s59|s33|s36,4,0.045755685,0.0140527911,2.3388,0.0,-5.9033,7,28.5714,0.01083,4,0.5714,2480.95,0.2481,25.0,0.0899,0.3597,1,0.1429,44977.57,4.4978,100.0,4.5756,4.5756,2,0.2857,-28455.74,-2.8456,0.0,-1.4053,-2.8106
1a15e00d,bull,s84|s78|s10,3,0.0757107837,0.0188891581,5.6557,0.0,-10.3528,7,28.5714,0.010819,2,0.2857,150283.33,15.0283,100.0,7.5711,15.1422,1,0.1429,-19990.8,-1.9991,0.0,-1.8889,-1.8889,4,0.5714,-78545.2,-7.8545,0.0,-1.8889,-7.5557
1b97b198,bull,s15|s6|s84,3,0.0644132591,0.0088530237,4.2002,0.0,-7.3907,11,18.1818,0.010818,1,0.0909,-8748.36,-0.8748,0.0,-0.8853,-0.8853,5,0.4545,-45848.58,-4.5849,0.0,-0.8853,-4.4265,5,0.4545,100230.81,10.0231,40.0,2.0453,10.2267
83b6b26a,bear,s101|s77|s80,3,0.0312324198,0.017759234,-7.4578,0.0,-10.0479,16,31.25,0.010808,3,0.1875,-5486.95,-0.5487,33.3333,-0.1429,-0.4286,6,0.375,-9940.88,-0.9941,33.3333,-0.1429,-0.8572,7,0.4375,-26269.84,-2.627,28.5714,-0.3762,-2.6331
df1ae15f,bull,s78|s58,2,0.0367323089,0.0118534451,-3.633,0.0,-8.1136,17,23.5294,0.010783,7,0.4118,-35612.85,-3.5613,14.2857,-0.4913,-3.4388,2,0.1176,-23125.96,-2.3126,0.0,-1.1853,-2.3707,8,0.4706,48827.34,4.8827,37.5,0.6366,5.093
37136695,bull,s42|s55|s60|s94,4,0.0540717929,0.0153537137,2.1907,0.0,-5.8233,7,28.5714,0.010781,2,0.2857,-31179.78,-3.118,0.0,-1.5354,-3.0707,1,0.1429,-15828.1,-1.5828,0.0,-1.5354,-1.5354,4,0.5714,75306.61,7.5307,50.0,1.9359,7.7436
17f1c0cb,bull,s96|s69|s10,3,0.0597371199,0.0140789841,0.8531,0.0,-9.7328,14,21.4286,0.01078,1,0.0714,59160.74,5.9161,100.0,5.9737,5.9737,4,0.2857,14620.75,1.4621,25.0,0.4375,1.75,9,0.6429,-54960.39,-5.496,11.1111,-0.5877,-5.2895
34a34ef3,bull,s96|s14,2,0.0612857481,0.0111398561,0.0399,0.0,-7.1406,17,17.6471,0.010771,6,0.3529,72030.17,7.203,33.3333,1.3002,7.8012,3,0.1765,-33120.12,-3.312,0.0,-1.114,-3.342,8,0.4706,-17700.85,-1.7701,12.5,-0.2087,-1.6693
0de1103a,bull,s94|s63|s91,3,0.0533999718,0.0178198856,-1.9849,0.0,-12.1046,15,26.6667,0.010724,2,0.1333,-35257.05,-3.5257,0.0,-1.782,-3.564,1,0.0667,-18166.54,-1.8167,0.0,-1.782,-1.782,12,0.8,64640.63,6.4641,33.3333,0.592,7.1041
02439912,bull,s53|s40|s84|s15|s63,5,0.0544015574,0.019792986,2.1931,0.0,-6.5426,6,33.3333,0.010697,3,0.5,11282.2,1.1282,33.3333,0.4939,1.4816,1,0.1667,-20497.43,-2.0497,0.0,-1.9793,-1.9793,2,0.3333,35385.33,3.5385,50.0,1.7304,3.4609
e2f555c7,bull,s34|s84|s48|s53|s9,5,0.0596742837,0.0148697829,2.8844,0.0,-6.6338,8,25.0,0.010662,1,0.125,-14604.79,-1.4605,0.0,-1.487,-1.487,2,0.25,-30784.79,-3.0785,0.0,-1.487,-2.974,5,0.625,71565.41,7.1565,40.0,1.4948,7.4739
1c8c1c75,bull,s3|s91,2,0.049043564,0.0193906328,-1.3266,0.0,-10.4665,10,30.0,0.010659,0,0.0,0.0,0.0,0.0,0.0,0.0,1,0.1,-19529.78,-1.953,0.0,-1.9391,-1.9391,9,0.9,26958.06,2.6958,33.3333,0.3421,3.0787
d5bc3099,bull,s34|s35|s84,3,0.0548298177,0.0181157029,-0.9946,0.0,-8.8766,12,25.0,0.010654,1,0.0833,52102.04,5.2102,100.0,5.483,5.483,3,0.25,16327.16,1.6327,33.3333,0.6199,1.8598,8,0.6667,-72543.39,-7.2543,12.5,-0.8998,-7.198
4bbe2ea1,bull,s91|s78|s12|s36,4,0.0582367587,0.0189316005,-0.7774,0.0,-9.1791,12,25.0,0.010645,4,0.3333,-1264.29,-0.1264,25.0,0.036,0.1442,1,0.0833,-19628.18,-1.9628,0.0,-1.8932,-1.8932,7,0.5833,18951.26,1.8951,28.5714,0.3117,2.1816
7402bf21,bull,s54|s6|s60|s47,4,0.0538368027,0.0182725423,1.9956,0.0,-6.427,6,33.3333,0.010644,2,0.3333,-37637.18,-3.7637,0.0,-1.8273,-3.6545,2,0.3333,33704.0,3.3704,50.0,1.7782,3.5564,2,0.3333,35489.19,3.5489,50.0,1.7782,3.5564
4479f95e,bull,s64|s59,2,0.0263251375,0.0120980784,-4.4748,0.0,-9.9346,14,28.5714,0.010643,7,0.5,-48012.15,-4.8012,14.2857,-0.6609,-4.6263,4,0.2857,28971.24,2.8971,50.0,0.7114,2.8454,3,0.2143,1970.71,0.1971,33.3333,0.071,0.2129
0834e4ce,bull,s21|s83|s65,3,0.0237187623,0.0107931522,-3.7758,0.0,-6.1466,11,27.2727,0.010621,5,0.4545,-19826.09,-1.9826,20.0,-0.3891,-1.9454,3,0.2727,-32256.87,-3.2257,0.0,-1.0793,-3.2379,3,0.2727,36043.35,3.6043,66.6667,1.2215,3.6644
1886cc23,bear,s66|s62|s99,3,0.0199247767,0.0128363689,-0.9257,0.0,-3.3859,5,40.0,0.010614,3,0.6,-6138.14,-0.6138,33.3333,-0.1916,-0.5748,2,0.4,6768.89,0.6769,50.0,0.3544,0.7088,0,0.0,0.0,0.0,0.0,0.0,0.0
ae248133,bull,s91|s95|s9|s11|s36,5,0.0651304535,0.0197331911,0.4328,0.0,-10.8611,12,25.0,0.010595,0,0.0,0.0,0.0,0.0,0.0,0.0,3,0.25,20744.25,2.0744,33.3333,0.8555,2.5664,9,0.75,-10454.7,-1.0455,22.2222,-0.0875,-0.7871
7de4d694,bear,s80|s49|s100,3,0.0302975222,0.0120761774,-0.0883,0.0,-3.7989,6,33.3333,0.01059,3,0.5,5533.06,0.5533,33.3333,0.2048,0.6145,2,0.3333,17615.75,1.7616,50.0,0.9111,1.8221,1,0.1667,-12058.77,-1.2059,0.0,-1.2076,-1.2076
3f9780fa,bull,s30|s35|s2,3,0.0415594645,0.0189579601,-3.916,0.0,-10.7685,14,28.5714,0.010569,1,0.0714,39657.66,3.9658,100.0,4.1559,4.1559,2,0.1429,22368.83,2.2369,50.0,1.1301,2.2602,11,0.7857,-89164.2,-8.9164,18.1818,-0.7955,-8.7503
f2fc836c,bull,s73|s10|s68,3,0.0349568024,0.0105863549,-1.6424,0.0,-7.3399,13,23.0769,0.010567,5,0.3846,-53700.35,-5.37,0.0,-1.0586,-5.2932,3,0.2308,13116.45,1.3116,33.3333,0.4595,1.3784,5,0.3846,37825.78,3.7826,40.0,0.7631,3.8155
38a90cf9,bull,s7|s91|s48|s9,4,0.0705754482,0.0148138788,5.0479,0.0,-9.7333,8,25.0,0.010559,0,0.0,0.0,0.0,0.0,0.0,0.0,2,0.25,-31311.28,-3.1311,0.0,-1.4814,-2.9628,6,0.75,79065.95,7.9066,33.3333,1.3649,8.1895
a751c0ab,bull,s84|s1|s47,3,0.0685342272,0.0166065366,3.4574,0.0,-7.6216,8,25.0,0.010554,4,0.5,-68209.54,-6.821,0.0,-1.6607,-6.6426,1,0.125,-17178.21,-1.7178,0.0,-1.6607,-1.6607,3,0.375,118099.49,11.8099,66.6667,4.0154,12.0462
67b1e192,bull,s73|s30|s59|s65,4,0.0407544593,0.0140213316,0.3007,0.0,-3.8702,7,28.5714,0.010543,5,0.7143,-16145.25,-1.6145,20.0,-0.3066,-1.5331,0,0.0,0.0,0.0,0.0,0.0,0.0,2,0.2857,25414.69,2.5415,50.0,1.3367,2.6733
14fd3db1,bull,s53|s21|s30|s88,4,0.0414562647,0.018171836,1.2538,0.0,-5.8459,6,33.3333,0.010497,2,0.3333,-37280.27,-3.728,0.0,-1.8172,-3.6344,1,0.1667,40580.99,4.0581,100.0,4.1456,4.1456,3,0.5,4687.42,0.4687,33.3333,0.1704,0.5113
4446a816,bear,s22|s18|s29|s31,4,0.0183368348,0.0116933264,-0.8904,0.0,-3.8899,5,40.0,0.010477,0,0.0,0.0,0.0,0.0,0.0,0.0,3,0.6,-35321.26,-3.5321,0.0,-1.1693,-3.508,2,0.4,36430.61,3.6431,100.0,1.8337,3.6674
bbb6074a,bull,s95|s59|s5|s43,4,0.0689354208,0.0189146815,3.2437,0.0,-7.9608,7,28.5714,0.010473,2,0.2857,50245.83,5.0246,50.0,2.501,5.0021,2,0.2857,47664.51,4.7665,50.0,2.501,5.0021,3,0.4286,-59249.11,-5.9249,0.0,-1.8915,-5.6744
bbd1749a,bull,s39|s91|s73,3,0.0580332243,0.0163101331,-0.2805,0.0,-9.2938,13,23.0769,0.010459,2,0.1538,39272.73,3.9273,50.0,2.0862,4.1723,2,0.1538,38605.55,3.8606,50.0,2.0862,4.1723,9,0.6923,-72833.71,-7.2834,11.1111,-0.805,-7.2448
4e0995b6,bull,s68|s46|s6,3,0.0590849014,0.0142575502,3.1991,0.0,-7.4765,8,25.0,0.010459,4,0.5,16176.18,1.6176,25.0,0.4078,1.6312,3,0.375,28501.11,2.8501,33.3333,1.019,3.057,1,0.125,-15400.13,-1.54,0.0,-1.4258,-1.4258
627f2e92,bear,s86|s89|s37,3,0.0312797005,0.0117919627,-6.3044,0.0,-9.3381,24,25.0,0.010449,8,0.3333,-9455.67,-0.9456,25.0,-0.1024,-0.8192,6,0.25,13830.79,1.3831,33.3333,0.2565,1.5392,10,0.4167,-32511.41,-3.2511,20.0,-0.3178,-3.1776
5d19bee6,bull,s1|s14|s54|s10,4,0.05950595,0.0153245245,1.9931,0.0,-5.9059,8,25.0,0.010441,2,0.25,-31007.69,-3.1008,0.0,-1.5325,-3.0649,1,0.125,-15687.19,-1.5687,0.0,-1.5325,-1.5325,5,0.625,69875.49,6.9875,40.0,1.4608,7.3038
2acf21fc,bear,s89|s101|s85,3,0.0310252665,0.0150534356,-6.0945,0.0,-11.0513,17,29.4118,0.010439,6,0.3529,-688.36,-0.0688,33.3333,0.0306,0.1837,3,0.1765,-45470.37,-4.547,0.0,-1.5053,-4.516,8,0.4706,17913.33,1.7913,37.5,0.2226,1.7809
7f767010,bull,s88|s14|s96,3,0.071518036,0.0160857854,4.4204,0.0,-9.1903,8,25.0,0.010418,1,0.125,-17399.47,-1.7399,0.0,-1.6086,-1.6086,3,0.375,36294.5,3.6295,33.3333,1.3115,3.9346,4,0.5,23190.06,2.319,25.0,0.5815,2.3261
fd224e9b,bull,s7|s93|s82,3,0.0733433132,0.016454166,5.079,0.0,-10.0755,8,25.0,0.010414,0,0.0,0.0,0.0,0.0,0.0,0.0,1,0.125,-17187.45,-1.7187,0.0,-1.6454,-1.6454,7,0.875,59756.64,5.9757,28.5714,0.9202,6.4416
19fec079,bull,s39|s34|s10,3,0.0497400146,0.0195500803,-1.5794,0.0,-9.4079,11,27.2727,0.010401,1,0.0909,47721.26,4.7721,100.0,4.974,4.974,2,0.1818,-38996.77,-3.8997,0.0,-1.955,-3.91,8,0.7273,-20559.7,-2.056,25.0,-0.2228,-1.782
5bb5579a,bull,s42|s48|s58|s40,4,0.0197443817,0.0088375456,-0.8368,0.0,-3.3417,6,33.3333,0.010395,3,0.5,1657.35,0.1657,33.3333,0.069,0.2069,1,0.1667,-8638.73,-0.8639,0.0,-0.8838,-0.8838,2,0.3333,10394.82,1.0395,50.0,0.5453,1.0907
83f73cf3,bull,s10|s12|s48|s65|s11,5,0.0261679977,0.0090661718,-7.6229,0.0,-9.4253,32,25.0,0.010389,11,0.3438,-30030.78,-3.0031,18.1818,-0.266,-2.926,6,0.1875,16218.53,1.6219,33.3333,0.2679,1.6071,15,0.4688,2798.8,0.2799,26.6667,0.033,0.4944
d9861b21,bear,s51|s101|s28,3,0.0364986104,0.0161676749,-2.7405,0.0,-9.0417,10,30.0,0.010383,2,0.2,-32126.2,-3.2126,0.0,-1.6168,-3.2335,1,0.1,34956.87,3.4957,100.0,3.6499,3.6499,7,0.7,-9453.84,-0.9454,28.5714,-0.112,-0.7841
f1859191,bull,s14|s53|s10|s84|s44,5,0.0680189468,0.0129628884,3.697,0.0,-7.9333,9,22.2222,0.010378,1,0.1111,-12756.52,-1.2757,0.0,-1.2963,-1.2963,3,0.3333,-40941.77,-4.0942,0.0,-1.2963,-3.8889,5,0.5556,94760.38,9.476,40.0,1.943,9.7149
8a56f65e,bull,s21|s88,2,0.0770863288,0.0198131852,5.4282,0.0,-11.1005,7,28.5714,0.010378,3,0.4286,38011.87,3.8012,33.3333,1.2487,3.746,2,0.2857,54389.36,5.4389,50.0,2.8637,5.7273,2,0.2857,-42699.23,-4.2699,0.0,-1.9813,-3.9626
46fef250,bear,s62|s71|s26,3,0.0203987823,0.0130990939,-0.9128,0.0,-4.2287,5,40.0,0.010366,2,0.4,-26290.92,-2.6291,0.0,-1.3099,-2.6198,2,0.4,40509.87,4.051,100.0,2.0399,4.0798,1,0.2,-13326.79,-1.3327,0.0,-1.3099,-1.3099
b4d8df25,bear,s101|s76|s90,3,0.0254313402,0.0157607624,-8.6005,0.0,-13.6416,21,33.3333,0.010363,8,0.381,-80682.16,-8.0682,12.5,-1.0612,-8.4894,3,0.1429,30317.85,3.0318,66.6667,1.1701,3.5102,10,0.4762,5302.73,0.5303,40.0,0.0716,0.7161
854fd226,bull,s21|s11,2,0.071945048,0.0142038766,5.7087,0.0,-11.0282,8,25.0,0.01036,4,0.5,28775.88,2.8776,25.0,0.7333,2.9333,1,0.125,70710.72,7.0711,100.0,7.1945,7.1945,3,0.375,-44843.06,-4.4843,0.0,-1.4204,-4.2612
eff0e332,bull,s83|s1|s26,3,0.0228080952,0.0142159739,-0.7819,0.0,-4.4255,5,40.0,0.01036,3,0.6,30169.74,3.017,66.6667,1.0467,3.14,0,0.0,0.0,0.0,0.0,0.0,0.0,2,0.4,-28173.65,-2.8174,0.0,-1.4216,-2.8432
2746f380,bull,s88|s69|s48,3,0.0713356934,0.0183087789,4.0285,0.0,-9.3074,7,28.5714,0.010347,0,0.0,0.0,0.0,0.0,0.0,0.0,4,0.5714,10533.36,1.0533,25.0,0.4102,1.6409,3,0.4286,35445.08,3.5445,33.3333,1.1573,3.4718
51cefd5d,bull,s58|s10|s8|s82|s32,5,0.05341922,0.0109299251,-0.3137,0.0,-10.4273,21,19.0476,0.010335,1,0.0476,50663.7,5.0664,100.0,5.3419,5.3419,3,0.1429,-32933.37,-3.2933,0.0,-1.093,-3.279,17,0.8095,4422.23,0.4422,17.6471,0.0426,0.7239
501f415a,bear,s61|s20|s89,3,0.0319467238,0.0193993899,-3.9998,0.0,-8.8767,9,33.3333,0.010327,1,0.1111,30384.68,3.0385,100.0,3.1947,3.1947,2,0.2222,-38963.87,-3.8964,0.0,-1.9399,-3.8799,6,0.6667,-14148.27,-1.4148,33.3333,-0.2284,-1.3704
2c96fede,bear,s80|s16|s25|s13,4,0.0367735901,0.0117364719,-2.4267,0.0,-7.4319,12,25.0,0.010319,4,0.3333,1128.3,0.1128,25.0,0.0391,0.1564,3,0.25,-35464.44,-3.5464,0.0,-1.1736,-3.5209,5,0.4167,36638.03,3.6638,40.0,0.7668,3.8338
8d50226a,bull,s70|s94|s79|s95,4,0.0396198675,0.0166751331,-3.751,0.0,-6.6658,11,27.2727,0.0103,4,0.3636,43277.72,4.3278,50.0,1.1472,4.5889,1,0.0909,-16658.46,-1.6658,0.0,-1.6675,-1.6675,6,0.5455,-44114.51,-4.4115,16.6667,-0.7293,-4.3756
a5856307,bull,s96|s58|s38|s78,4,0.0537503895,0.0137910017,-0.009,0.0,-9.8919,13,23.0769,0.010275,6,0.4615,-19563.6,-1.9564,16.6667,-0.2534,-1.5205,3,0.2308,24849.84,2.485,33.3333,0.8723,2.6168,4,0.3077,13656.57,1.3657,25.0,0.3094,1.2377
add014f2,bull,s58|s82|s9,3,0.0457377093,0.0158718253,-3.8104,0.0,-11.37,20,25.0,0.010259,0,0.0,0.0,0.0,0.0,0.0,0.0,4,0.2,-62291.66,-6.2292,0.0,-1.5872,-6.3487,16,0.8,46914.97,4.6915,31.25,0.3381,5.4098
5ca337ab,bear,s76|s37|s16,3,0.0407218025,0.0168669909,-2.175,0.0,-10.0139,10,30.0,0.010252,3,0.3,5121.43,0.5121,33.3333,0.2329,0.6988,2,0.2,-34017.66,-3.4018,0.0,-1.6867,-3.3734,5,0.5,29611.99,2.9612,40.0,0.6169,3.0843
ec1a8dbe,bull,s44|s42|s5,3,0.0419924535,0.0100592135,-2.467,0.0,-9.8793,25,20.0,0.010247,3,0.12,73431.84,7.3432,66.6667,2.4642,7.3926,7,0.28,-19366.87,-1.9367,14.2857,-0.2623,-1.8363,15,0.6,-49137.48,-4.9137,13.3333,-0.3119,-4.6785
d4e7d2cb,bull,s84|s30|s93|s41,4,0.0496176781,0.0155441502,1.746,0.0,-6.5688,7,28.5714,0.010219,1,0.1429,-15528.62,-1.5529,0.0,-1.5544,-1.5544,2,0.2857,-32036.98,-3.2037,0.0,-1.5544,-3.1088,4,0.5714,66263.66,6.6264,50.0,1.7037,6.8147
6a840ff9,bull,s82|s41,2,0.0512304496,0.0187034754,-0.562,0.0,-11.0511,11,27.2727,0.010212,0,0.0,0.0,0.0,0.0,0.0,0.0,3,0.2727,-57115.0,-5.7115,0.0,-1.8703,-5.611,8,0.7273,56532.61,5.6533,37.5,0.7522,6.0174
1d0e87a4,bull,s74|s6|s83,3,0.0320446981,0.0137650545,-5.6802,0.0,-10.7603,18,27.7778,0.010199,5,0.2778,21065.71,2.1066,40.0,0.4559,2.2794,2,0.1111,-26176.04,-2.6176,0.0,-1.3765,-2.753,11,0.6111,-16135.37,-1.6135,27.2727,-0.1271,-1.3986
bd4ef362,bull,s34|s87|s58,3,0.046799923,0.018618565,-4.468,0.0,-9.4098,15,26.6667,0.01017,2,0.1333,24739.81,2.474,50.0,1.4091,2.8181,2,0.1333,25929.32,2.5929,50.0,1.4091,2.8181,11,0.7333,-73815.68,-7.3816,18.1818,-0.6724,-7.3967
bf48d590,bull,s11|s59|s27,3,0.071566766,0.0161551047,4.3858,0.0,-9.6602,8,25.0,0.01017,1,0.125,72377.19,7.2377,100.0,7.1567,7.1567,2,0.25,53354.82,5.3355,50.0,2.7706,5.5412,5,0.625,-84353.24,-8.4353,0.0,-1.6155,-8.0776
58939f95,bull,s24|s6|s34|s65|s93,5,0.0660966063,0.0149773687,3.4846,0.0,-8.4888,8,25.0,0.010156,1,0.125,-15818.58,-1.5819,0.0,-1.4977,-1.4977,2,0.25,49361.05,4.9361,50.0,2.556,5.1119,5,0.625,4990.72,0.4991,20.0,0.1237,0.6187
f175c7e1,bear,s77|s90|s26,3,0.0290401717,0.0183443194,-4.2341,0.0,-8.8968,9,33.3333,0.010147,3,0.3333,-8106.47,-0.8106,33.3333,-0.2549,-0.7648,2,0.2222,-36996.23,-3.6996,0.0,-1.8344,-3.6689,4,0.4444,20522.91,2.0523,50.0,0.5348,2.1392
9ae8ab10,bull,s84|s64|s12|s94,4,0.0442422371,0.0140433165,-2.8489,0.0,-10.6405,16,25.0,0.010139,3,0.1875,71254.06,7.1254,66.6667,2.4814,7.4441,3,0.1875,-42249.1,-4.2249,0.0,-1.4043,-4.213,10,0.625,-25017.78,-2.5018,20.0,-0.2386,-2.3862
de7c0ab7,bull,s70|s44|s2|s84,4,0.0658327679,0.018980989,3.3433,0.0,-8.8977,7,28.5714,0.010135,2,0.2857,-38675.4,-3.8675,0.0,-1.8981,-3.7962,1,0.1429,-20135.01,-2.0135,0.0,-1.8981,-1.8981,4,0.5714,91310.04,9.131,50.0,2.3426,9.3704
95bb1d13,bull,s12|s96,2,0.0695354866,0.0141498437,3.3126,0.0,-8.3551,8,25.0,0.01011,2,0.25,53336.63,5.3337,50.0,2.7693,5.5386,3,0.375,-45279.24,-4.5279,0.0,-1.415,-4.245,3,0.375,42050.67,4.2051,33.3333,1.3745,4.1236
4a32b415,bull,s54|s39|s78|s5|s93,5,0.0612551387,0.0123218444,2.6002,0.0,-6.9982,9,22.2222,0.010093,1,0.1111,-12133.56,-1.2134,0.0,-1.2322,-1.2322,3,0.3333,-38550.46,-3.855,0.0,-1.2322,-3.6966,5,0.5556,83327.84,8.3328,40.0,1.7109,8.5545
b678a623,bull,s41|s9|s53,3,0.0589525437,0.0155773548,0.7269,0.0,-11.1329,13,23.0769,0.010072,0,0.0,0.0,0.0,0.0,0.0,0.0,4,0.3077,8012.08,0.8012,25.0,0.3055,1.222,9,0.6923,7357.73,0.7358,22.2222,0.0985,0.8864
a11372c8,bear,s57|s37|s49,3,0.0309941881,0.01541933,-3.6559,0.0,-8.3607,10,30.0,0.010059,3,0.3,-535.48,-0.0535,33.3333,0.0052,0.0156,3,0.3,-747.99,-0.0748,33.3333,0.0052,0.0156,4,0.4,-15920.66,-1.5921,25.0,-0.3816,-1.5264
3b69c86f,bull,s58|s24|s48|s21|s96,5,0.0379779994,0.0127585862,-1.983,0.0,-8.4068,12,25.0,0.010043,6,0.5,-28070.67,-2.8071,16.6667,-0.4302,-2.5815,1,0.0833,-12582.44,-1.2582,0.0,-1.2759,-1.2759,5,0.4167,36919.46,3.6919,40.0,0.7536,3.768
c9876651,bull,s11|s8|s34|s95,4,0.0570319213,0.0137226418,0.4814,0.0,-10.1236,14,21.4286,0.010035,1,0.0714,55533.56,5.5534,100.0,5.7032,5.7032,4,0.2857,12455.65,1.2456,25.0,0.3966,1.5864,9,0.6429,-53181.92,-5.3182,11.1111,-0.5861,-5.2749
bbfd0a94,bull,s41|s1|s59|s75,4,0.0591225073,0.0197248252,1.4602,0.0,-6.6286,7,28.5714,0.010034,2,0.2857,-39892.32,-3.9892,0.0,-1.9725,-3.945,1,0.1429,-20167.48,-2.0167,0.0,-1.9725,-1.9725,4,0.5714,75505.69,7.5506,50.0,1.9699,7.8795
6e80aaea,bull,s95|s38|s68,3,0.0640965505,0.0179386086,2.8211,0.0,-8.4665,7,28.5714,0.010024,1,0.1429,65321.0,6.5321,100.0,6.4097,6.4097,3,0.4286,25081.15,2.5081,33.3333,0.9406,2.8219,3,0.4286,-55987.35,-5.5987,0.0,-1.7939,-5.3816
e261cf6b,bull,s40|s38|s53,3,0.0319501975,0.0085894127,-3.3315,0.0,-7.8243,19,21.0526,0.010016,11,0.5789,-54841.32,-5.4841,9.0909,-0.4904,-5.3944,2,0.1053,23019.78,2.302,50.0,1.168,2.3361,6,0.3158,28778.26,2.8778,33.3333,0.4924,2.9543
ec4633b9,bear,s56|s16|s29|s66,4,0.0344609108,0.0103860898,0.1588,0.0,-4.9686,7,28.5714,0.010002,3,0.4286,13085.02,1.3085,33.3333,0.4563,1.3689,2,0.2857,-20695.15,-2.0695,0.0,-1.0386,-2.0772,2,0.2857,22915.99,2.2916,50.0,1.2037,2.4075
2537b5e5,bull,s6|s59|s63,3,0.0475151415,0.0189609433,1.2421,0.0,-7.2317,6,33.3333,0.009993,2,0.3333,27724.41,2.7724,50.0,1.4277,2.8554,2,0.3333,27045.06,2.7045,50.0,1.4277,2.8554,2,0.3333,-38330.07,-3.833,0.0,-1.8961,-3.7922
fa0ffdd4,bear,s17|s31|s52|s29|s101,5,0.0335301321,0.0166856287,-3.3281,0.0,-8.9222,10,30.0,0.009984,3,0.3,-1293.12,-0.1293,33.3333,0.0053,0.0159,2,0.2,16532.35,1.6532,50.0,0.8422,1.6845,5,0.5,-33869.32,-3.3869,20.0,-0.6642,-3.3212
a83a3709,bull,s88|s74|s15|s58,4,0.071065017,0.0172254613,2.5076,0.0,-7.5566,8,25.0,0.009978,2,0.25,-35073.88,-3.5074,0.0,-1.7225,-3.4451,1,0.125,-17846.69,-1.7847,0.0,-1.7225,-1.7225,5,0.625,86623.37,8.6623,40.0,1.8091,9.0454
2e1cd61f,bear,s101|s25|s97|s20,4,0.0304662674,0.0168811944,-5.7533,0.0,-10.3293,13,30.7692,0.00996,6,0.4615,-54199.82,-5.42,16.6667,-0.899,-5.394,2,0.1538,12462.8,1.2463,50.0,0.6793,1.3585,5,0.3846,9334.46,0.9334,40.0,0.2058,1.0289
324b192c,bull,s92|s30|s58,3,0.0585825337,0.0089346876,0.7914,0.0,-8.5036,18,16.6667,0.009956,7,0.3889,2857.36,0.2857,14.2857,0.0711,0.4974,2,0.1111,-18150.14,-1.815,0.0,-0.8935,-1.7869,9,0.5,52887.73,5.2888,22.2222,0.6069,5.4622
