id,direction,signals,n_signals,tp,sl,train_return,train_sharpe,train_drawdown,train_trades,train_winrate,score,train_chop_trades,train_chop_trade_share,train_chop_pnl,train_chop_return_pct,train_chop_win_rate,train_chop_avg_trade_return_pct,train_chop_total_trade_return_pct,train_trendy_trades,train_trendy_trade_share,train_trendy_pnl,train_trendy_return_pct,train_trendy_win_rate,train_trendy_avg_trade_return_pct,train_trendy_total_trade_return_pct,train_volatile_trades,train_volatile_trade_share,train_volatile_pnl,train_volatile_return_pct,train_volatile_win_rate,train_volatile_avg_trade_return_pct,train_volatile_total_trade_return_pct
bc3b17d6,bull,s59|s9|s68,3,0.0183775105,0.0088352086,4.9272,0.0,-2.6682,13,53.8462,0.045043,4,0.3077,46141.41,4.6141,75.0,1.1574,4.6297,2,0.1538,37838.32,3.7838,100.0,1.8378,3.6755,7,0.5385,-8216.13,-0.8216,28.5714,-0.106,-0.7421
7842f004,bull,s46|s34|s74|s84,4,0.021381726,0.0101487225,0.6779,0.0,-5.983,20,40.0,0.041905,7,0.35,53990.57,5.3991,57.1429,0.7869,5.5081,6,0.3,1459.11,0.1459,33.3333,0.0361,0.2169,7,0.35,-8708.8,-0.8709,28.5714,-0.114,-0.798
ede046a1,bull,s88|s39|s79,3,0.0204613529,0.0097732523,0.4166,0.0,-6.0566,20,40.0,0.041399,3,0.15,61275.77,6.1276,100.0,2.0461,6.1384,3,0.15,670.71,0.0671,33.3333,0.0305,0.0915,14,0.7,-17543.24,-1.7543,28.5714,-0.1135,-1.5887
9a1252f2,bull,s91|s79|s26,3,0.0222897417,0.0146605314,1.2507,0.0,-6.0245,15,46.6667,0.038079,3,0.2,67680.29,6.768,100.0,2.229,6.6869,2,0.1333,7128.41,0.7128,50.0,0.3815,0.7629,10,0.6667,-38418.59,-3.8419,30.0,-0.3575,-3.5754
2d14639d,bull,s68|s14|s4|s54|s24,5,0.0191042438,0.0088639843,-0.3557,0.0,-3.3519,19,36.8421,0.037638,9,0.4737,30797.75,3.0798,44.4444,0.3566,3.2097,5,0.2632,-16447.61,-1.6448,20.0,-0.327,-1.6352,5,0.2632,11113.92,1.1114,40.0,0.2323,1.1617
8cede394,bear,s52|s37|s18,3,0.0242886745,0.0108572938,0.7775,0.0,-9.5566,21,38.0952,0.037265,5,0.2381,15035.82,1.5036,40.0,0.3201,1.6005,6,0.2857,4521.75,0.4522,33.3333,0.0858,0.5148,10,0.4762,30964.05,3.0964,40.0,0.3201,3.2011
fc72596e,bull,s21|s14|s35,3,0.0183790465,0.0082924734,-4.6186,0.0,-6.8828,30,33.3333,0.036526,13,0.4333,23904.68,2.3905,38.4615,0.1966,2.5555,9,0.3,4553.7,0.4554,33.3333,0.0598,0.5382,8,0.2667,-13275.84,-1.3276,25.0,-0.1625,-1.2997
95246304,bull,s60|s78|s27,3,0.0233263422,0.014649752,3.5042,0.0,-5.1058,12,50.0,0.035688,5,0.4167,41217.7,4.1218,60.0,0.8136,4.068,3,0.25,-45888.55,-4.5889,0.0,-1.465,-4.3949,4,0.3333,55516.23,5.5516,75.0,1.3832,5.5329
c42b6a53,bull,s96|s53|s8,3,0.021474627,0.0080498951,0.4318,0.0,-6.2884,21,33.3333,0.034802,6,0.2857,70273.07,7.0273,66.6667,1.1633,6.9799,7,0.3333,-28415.45,-2.8415,14.2857,-0.3832,-2.6825,8,0.381,-5656.09,-0.5656,25.0,-0.0669,-0.535
9af81af1,bull,s43|s59|s27,3,0.0221471155,0.0132567161,-0.3449,0.0,-6.785,17,41.1765,0.03461,4,0.2353,51825.98,5.1826,75.0,1.3296,5.3185,4,0.2353,-52709.07,-5.2709,0.0,-1.3257,-5.3027,9,0.5294,19896.97,1.9897,44.4444,0.2478,2.2305
c19a8de9,bull,s83|s36|s26,3,0.024394167,0.0152322073,10.9364,0.0,-2.0092,6,83.3333,0.034526,2,0.3333,49451.38,4.9451,100.0,2.4394,4.8788,1,0.1667,25010.15,2.501,100.0,2.4394,2.4394,3,0.5,35400.68,3.5401,66.6667,1.1185,3.3556
f0c4aea4,bull,s83|s1|s26,3,0.0228080952,0.0142159739,10.1984,0.0,-2.3438,6,83.3333,0.034051,2,0.3333,46953.72,4.6954,100.0,2.2808,4.5616,1,0.1667,23698.62,2.3699,100.0,2.2808,2.2808,3,0.5,32263.97,3.2264,66.6667,1.0467,3.14
b1d2472f,bull,s21|s39,2,0.023229793,0.0145852265,8.1873,0.0,-2.409,7,71.4286,0.033573,3,0.4286,70328.27,7.0328,100.0,2.323,6.9689,2,0.2857,-29786.99,-2.9787,0.0,-1.4585,-2.917,2,0.2857,47748.22,4.7748,100.0,2.323,4.646
3384d9e7,bull,s15|s35|s33|s95,4,0.0195924546,0.0113837464,0.4491,0.0,-3.5662,14,42.8571,0.033507,6,0.4286,-7366.87,-0.7367,33.3333,-0.1058,-0.635,5,0.3571,4879.46,0.4879,40.0,0.1007,0.5034,3,0.2143,27147.54,2.7148,66.6667,0.9267,2.7801
fadf0a97,bull,s95|s10|s26,3,0.0264760456,0.0140219503,7.4811,0.0,-2.9394,8,62.5,0.033377,3,0.375,79660.11,7.966,100.0,2.6476,7.9428,0,0.0,0.0,0.0,0.0,0.0,0.0,5,0.625,11603.67,1.1604,40.0,0.2177,1.0886
0084234d,bull,s75|s94|s12,3,0.0182245433,0.0114748239,0.8149,0.0,-4.624,13,46.1538,0.033241,6,0.4615,49194.1,4.9194,66.6667,0.8325,4.9949,3,0.2308,-34851.63,-3.4852,0.0,-1.1475,-3.4424,4,0.3077,13176.37,1.3176,50.0,0.3375,1.3499
45d06a44,bull,s60|s83|s36|s1|s93,5,0.018438615,0.0090405861,0.162,0.0,-4.5486,15,40.0,0.032101,9,0.6,55224.32,5.5224,55.5556,0.6226,5.6031,3,0.2,-27428.86,-2.7429,0.0,-0.9041,-2.7122,3,0.2,251.34,0.0251,33.3333,0.0119,0.0357
02421283,bull,s91|s95|s84|s42,4,0.0232594691,0.0138169538,4.8775,0.0,-3.2114,9,55.5556,0.031778,3,0.3333,32389.06,3.2389,66.6667,1.0901,3.2702,2,0.2222,9421.13,0.9421,50.0,0.4721,0.9443,4,0.4444,18845.56,1.8846,50.0,0.4721,1.8885
a5b50252,bull,s41|s1|s88|s2|s69,5,0.0243661491,0.0151337267,-2.7093,0.0,-5.889,18,38.8889,0.031738,2,0.1111,8592.54,0.8593,50.0,0.4616,0.9232,5,0.2778,-35966.98,-3.5967,20.0,-0.7234,-3.6169,11,0.6111,28130.3,2.813,45.4545,0.2821,3.1028
f3cd4dec,bull,s40|s59|s27,3,0.0237035733,0.0089358132,4.1734,0.0,-3.2849,12,41.6667,0.031641,7,0.5833,66367.71,6.6368,57.1429,0.9715,6.8007,0,0.0,0.0,0.0,0.0,0.0,0.0,5,0.4167,-11627.7,-1.1628,20.0,-0.2408,-1.204
3c6bd871,bull,s64|s48|s26,3,0.0206837334,0.0102103035,4.4212,0.0,-3.3498,9,55.5556,0.031374,4,0.4444,52114.94,5.2115,75.0,1.296,5.1841,1,0.1111,-10777.46,-1.0777,0.0,-1.021,-1.021,4,0.4444,21563.71,2.1564,50.0,0.5237,2.0947
0c0bc8ec,bull,s21|s83|s65,3,0.0237187623,0.0107931522,4.2018,0.0,-3.4232,10,50.0,0.031308,2,0.2,46964.26,4.6964,100.0,2.3719,4.7438,5,0.5,-19990.61,-1.9991,20.0,-0.3891,-1.9454,3,0.3,37213.26,3.7213,66.6667,1.2215,3.6644
7c38b840,bear,s89|s71|s61,3,0.0202796546,0.0094008412,0.5601,0.0,-6.2563,15,40.0,0.031041,4,0.2667,-37293.25,-3.7293,0.0,-0.9401,-3.7603,4,0.2667,-37963.01,-3.7963,0.0,-0.9401,-3.7603,7,0.4667,110729.33,11.0729,85.7143,1.604,11.2277
2dc2ae6b,bear,s77|s13|s49|s16,4,0.019016278,0.0091235534,2.8799,0.0,-2.5711,10,50.0,0.030761,0,0.0,0.0,0.0,0.0,0.0,0.0,2,0.2,9943.16,0.9943,50.0,0.4946,0.9893,8,0.8,38994.26,3.8994,50.0,0.4946,3.9571
123be4d1,bull,s44|s33|s26,3,0.0192615493,0.0117508321,-4.7032,0.0,-6.8095,22,36.3636,0.030734,9,0.4091,46204.76,4.6205,55.5556,0.5478,4.9304,7,0.3182,-49592.79,-4.9593,14.2857,-0.732,-5.1243,6,0.2727,-9263.36,-0.9263,33.3333,-0.1413,-0.848
48318f3f,bear,s86|s80|s52,3,0.0205622932,0.0133269196,-3.5921,0.0,-9.9098,20,40.0,0.030361,4,0.2,-19587.94,-1.9588,25.0,-0.4855,-1.9418,3,0.15,-39374.2,-3.9374,0.0,-1.3327,-3.9981,13,0.65,61218.05,6.1218,53.8462,0.4921,6.3975
a299feca,bull,s64|s47,2,0.0209466681,0.0116904242,2.4426,0.0,-3.4374,11,45.4545,0.029881,2,0.1818,41557.24,4.1557,100.0,2.0947,4.1893,3,0.2727,-35508.2,-3.5508,0.0,-1.169,-3.5071,6,0.5455,27150.96,2.7151,50.0,0.4628,2.7769
deef3423,bull,s73|s21|s30,3,0.0226463993,0.01393731,3.8489,0.0,-5.4391,9,55.5556,0.029834,4,0.4444,88923.1,8.8923,100.0,2.2646,9.0586,2,0.2222,-27480.99,-2.7481,0.0,-1.3937,-2.7875,3,0.3333,-5143.66,-0.5144,33.3333,-0.1743,-0.5228
e49b4cba,bull,s42|s21|s26,3,0.0240908547,0.0135131327,2.4242,0.0,-5.4016,11,45.4545,0.028568,1,0.0909,24123.44,2.4123,100.0,2.4091,2.4091,5,0.4545,-31074.56,-3.1075,20.0,-0.5992,-2.9962,5,0.4545,44496.15,4.4496,60.0,0.9049,4.5246
72ed958e,bull,s46|s30,2,0.0226764764,0.0112970485,2.0009,0.0,-4.7286,12,41.6667,0.028516,2,0.1667,45296.68,4.5297,100.0,2.2676,4.5353,3,0.25,-34937.54,-3.4938,0.0,-1.1297,-3.3891,7,0.5833,22574.23,2.2574,42.8571,0.3263,2.2841
3bc6187d,bull,s96|s6|s1,3,0.0223614856,0.0141829159,-1.8884,0.0,-5.8361,15,40.0,0.028481,4,0.2667,15315.56,1.5316,50.0,0.4089,1.6357,5,0.3333,1089.24,0.1089,40.0,0.0435,0.2174,6,0.4,-12382.84,-1.2383,33.3333,-0.2001,-1.2009
b622d06f,bull,s30|s39|s75|s48|s1,5,0.0217722041,0.0108947596,1.8408,0.0,-4.5786,12,41.6667,0.028471,5,0.4167,9638.38,0.9638,40.0,0.2172,1.086,4,0.3333,-10959.33,-1.0959,25.0,-0.2728,-1.0912,3,0.25,32374.04,3.2374,66.6667,1.0883,3.265
5523548c,bull,s11|s32|s54,3,0.0231659067,0.0099605427,1.8399,0.0,-4.4785,13,38.4615,0.02842,4,0.3077,25808.72,2.5809,50.0,0.6603,2.6411,3,0.2308,-30403.7,-3.0404,0.0,-0.9961,-2.9882,6,0.4615,39279.46,3.9279,50.0,0.6603,3.9616
8a1ece58,bull,s39|s92|s69,3,0.0184950846,0.0108381108,-4.2472,0.0,-5.8361,20,35.0,0.028201,6,0.3,-6698.61,-0.6699,33.3333,-0.106,-0.6362,4,0.2,14694.35,1.4694,50.0,0.3828,1.5314,10,0.5,-20870.23,-2.087,30.0,-0.2038,-2.0382
75217aec,bull,s74|s79|s47,3,0.0239186671,0.0080669206,-0.1692,0.0,-6.7158,19,31.5789,0.028087,5,0.2632,86049.22,8.6049,80.0,1.7522,8.7608,2,0.1053,-16293.99,-1.6294,0.0,-0.8067,-1.6134,12,0.6316,-33174.91,-3.3175,16.6667,-0.2736,-3.2832
97e3356d,bull,s36|s30|s8|s24,4,0.0253934176,0.0110666895,-1.1513,0.0,-5.8676,18,33.3333,0.028005,6,0.3333,40349.85,4.035,50.0,0.7163,4.298,6,0.3333,-29543.26,-2.9543,16.6667,-0.499,-2.994,6,0.3333,5492.94,0.5493,33.3333,0.1087,0.652
b0d069a5,bull,s32|s94,2,0.0183399695,0.0089915372,-1.2514,0.0,-6.72,16,37.5,0.027947,5,0.3125,36908.53,3.6909,60.0,0.7407,3.7037,5,0.3125,9125.55,0.9126,40.0,0.1941,0.9705,6,0.375,-26963.01,-2.6963,16.6667,-0.4436,-2.6618
497610c0,bull,s21|s15|s43,3,0.027205734,0.0086898761,1.8205,0.0,-4.8028,16,31.25,0.02772,3,0.1875,9580.64,0.9581,33.3333,0.3275,0.9826,5,0.3125,-8772.11,-0.8772,20.0,-0.1511,-0.7554,8,0.5,37814.8,3.7815,37.5,0.4771,3.8168
819d6a80,bull,s73|s64|s26,3,0.032665066,0.0141451743,10.1346,0.0,-3.6088,6,66.6667,0.027565,1,0.1667,32579.39,3.2579,100.0,3.2665,3.2665,1,0.1667,33537.79,3.3538,100.0,3.2665,3.2665,4,0.6667,38215.75,3.8216,50.0,0.926,3.704
1805bf5b,bull,s94|s48|s70,3,0.023907301,0.0095916196,2.7221,0.0,-6.7568,13,38.4615,0.027561,6,0.4615,77193.24,7.7193,66.6667,1.2741,7.6446,4,0.3077,-40097.45,-4.0097,0.0,-0.9592,-3.8366,3,0.2308,5108.68,0.5109,33.3333,0.1575,0.4724
4e6419c5,bull,s94|s12|s84|s24,4,0.0246760131,0.0150565835,1.5476,0.0,-5.7634,11,45.4545,0.027558,5,0.4545,42400.19,4.24,60.0,0.8783,4.3915,2,0.1818,-30626.14,-3.0626,0.0,-1.5057,-3.0113,4,0.3636,19188.55,1.9189,50.0,0.481,1.9239
08b6fc43,bull,s6|s46,2,0.0208285405,0.0121949714,0.6189,0.0,-4.2686,12,41.6667,0.027521,3,0.25,28784.94,2.8785,66.6667,0.9821,2.9462,3,0.25,-37019.89,-3.702,0.0,-1.2195,-3.6585,6,0.5,25389.62,2.539,50.0,0.4317,2.5901
96723ac8,bull,s95|s70|s21|s48,4,0.029374411,0.0186597268,11.3702,0.0,-1.4343,4,100.0,0.027294,3,0.75,90391.42,9.0391,100.0,2.9374,8.8123,0,0.0,0.0,0.0,0.0,0.0,0.0,1,0.25,31748.42,3.1748,100.0,2.9374,2.9374
3ce28734,bull,s7|s83|s21|s87|s74,5,0.0227998053,0.0121578553,0.1304,0.0,-4.5274,12,41.6667,0.026865,0,0.0,0.0,0.0,0.0,0.0,0.0,7,0.5833,18786.2,1.8786,42.8571,0.2824,1.9768,5,0.4167,8632.41,0.8632,40.0,0.1825,0.9126
b0494a60,bull,s78|s63|s95,3,0.0249298447,0.0132140922,9.4644,0.0,-1.4349,4,100.0,0.026684,3,0.75,76359.79,7.636,100.0,2.493,7.479,0,0.0,0.0,0.0,0.0,0.0,0.0,1,0.25,26651.66,2.6652,100.0,2.493,2.493
0c475e58,bull,s35|s87|s6,3,0.0271368793,0.013147462,-0.0367,0.0,-4.0952,14,35.7143,0.026519,4,0.2857,26635.66,2.6636,50.0,0.6995,2.7979,3,0.2143,-39592.34,-3.9592,0.0,-1.3147,-3.9442,7,0.5,27681.08,2.7681,42.8571,0.4117,2.8821
a609c792,bull,s21|s65,2,0.0256736105,0.0080325005,7.405,0.0,-3.7108,6,66.6667,0.026219,3,0.5,43806.34,4.3806,66.6667,1.4438,4.3315,1,0.1667,-8196.17,-0.8196,0.0,-0.8033,-0.8033,2,0.3333,52655.14,5.2655,100.0,2.5674,5.1347
0292ecad,bull,s88|s14,2,0.0282255454,0.0125248913,5.5093,0.0,-3.6475,8,50.0,0.025775,3,0.375,43834.72,4.3835,66.6667,1.4642,4.3926,1,0.125,-12503.78,-1.2504,0.0,-1.2525,-1.2525,4,0.5,30764.92,3.0765,50.0,0.785,3.1401
ed93a9fe,bull,s58|s1|s93|s64,4,0.0207219777,0.0091739559,-0.4663,0.0,-4.4364,14,35.7143,0.025751,8,0.5714,44784.09,4.4784,50.0,0.5774,4.6192,2,0.1429,-18440.42,-1.844,0.0,-0.9174,-1.8348,4,0.2857,-6829.89,-0.683,25.0,-0.17,-0.68
84762783,bull,s45|s42|s21,3,0.0313796485,0.0108660335,5.1154,0.0,-3.9966,10,40.0,0.025694,2,0.2,20536.26,2.0536,50.0,1.0257,2.0514,3,0.3,8260.88,0.8261,33.3333,0.3216,0.9648,5,0.5,29961.07,2.9961,40.0,0.6032,3.0161
b4dc669a,bear,s61|s28|s31,3,0.0184157415,0.0110483544,-3.3044,0.0,-6.3494,16,37.5,0.025675,2,0.125,-22159.72,-2.216,0.0,-1.1048,-2.2097,2,0.125,-21815.72,-2.1816,0.0,-1.1048,-2.2097,12,0.75,42772.07,4.2772,50.0,0.3684,4.4204
2f7bb717,bull,s44|s65,2,0.0247557576,0.0121275591,-2.7923,0.0,-5.8692,18,33.3333,0.02564,6,0.3333,35338.51,3.5339,50.0,0.6314,3.7885,6,0.3333,-35330.44,-3.533,16.6667,-0.598,-3.5882,6,0.3333,-231.92,-0.0232,33.3333,0.0167,0.1001
fe98ec32,bull,s1|s58|s74,3,0.0205910312,0.0096225581,-4.1733,0.0,-6.9608,22,31.8182,0.025467,9,0.4091,61786.49,6.1786,55.5556,0.7163,6.4465,3,0.1364,-28394.73,-2.8395,0.0,-0.9623,-2.8868,10,0.4545,-35782.96,-3.5783,20.0,-0.358,-3.5798
23c26935,bull,s43|s3|s15|s45|s6,5,0.024964284,0.0086103199,0.3558,0.0,-5.2165,16,31.25,0.025448,5,0.3125,57059.57,5.706,60.0,1.1534,5.7672,3,0.1875,-26148.38,-2.6148,0.0,-0.861,-2.5831,8,0.5,-2428.5,-0.2428,25.0,-0.0217,-0.1733
a46ee0f3,bull,s41|s94|s74,3,0.0227976833,0.0142458712,-2.6237,0.0,-7.5009,16,37.5,0.025441,5,0.3125,38906.74,3.8907,60.0,0.798,3.9901,4,0.25,-20741.45,-2.0741,25.0,-0.4985,-1.994,7,0.4375,-25664.34,-2.5664,28.5714,-0.3662,-2.5634
36f20e18,bull,s79|s44|s26,3,0.0220250564,0.0116437573,-0.2244,0.0,-5.787,13,38.4615,0.025253,3,0.2308,31837.11,3.1837,66.6667,1.0802,3.2406,3,0.2308,32425.24,3.2425,66.6667,1.0802,3.2406,7,0.5385,-48669.29,-4.8669,14.2857,-0.6834,-4.7837
c53adf49,bull,s84|s69|s54,3,0.0204678694,0.0134733859,0.4492,0.0,-7.7961,11,45.4545,0.02525,4,0.3636,13596.26,1.3596,50.0,0.3497,1.3989,2,0.1818,6210.95,0.6211,50.0,0.3497,0.6994,5,0.4545,-16.59,-0.0017,40.0,0.0103,0.0516
203d3387,bull,s83|s45|s24,3,0.0211504396,0.0086112323,4.4761,0.0,-3.0673,7,57.1429,0.025218,3,0.4286,63425.33,6.3425,100.0,2.115,6.3451,1,0.1429,-8655.96,-0.8656,0.0,-0.8611,-0.8611,3,0.4286,4227.85,0.4228,33.3333,0.1309,0.3928
7657b8b8,bull,s68|s1|s88|s95|s82,5,0.0291957592,0.011889041,4.9695,0.0,-5.0005,9,44.4444,0.024878,2,0.2222,-24677.57,-2.4678,0.0,-1.1889,-2.3778,1,0.1111,29870.5,2.9871,100.0,2.9196,2.9196,6,0.6667,51418.14,5.1418,50.0,0.8653,5.192
b4d83fcf,bull,s41|s46|s26,3,0.0239803579,0.0130946763,-0.4441,0.0,-6.0336,13,38.4615,0.024832,4,0.3077,56259.82,5.626,75.0,1.4712,5.8846,2,0.1538,-26159.44,-2.6159,0.0,-1.3095,-2.6189,7,0.5385,-17397.26,-1.7397,28.5714,-0.2502,-1.7513
7893e2f9,bull,s95|s39|s87,3,0.0290527307,0.0119951327,5.9302,0.0,-6.5211,8,50.0,0.024665,2,0.25,16930.49,1.693,50.0,0.8529,1.7058,1,0.125,-12284.64,-1.2285,0.0,-1.1995,-1.1995,5,0.625,62871.56,6.2872,60.0,1.2634,6.3168
871c9f3c,bull,s45|s10|s26,3,0.019773122,0.0084763815,2.8648,0.0,-2.6889,8,50.0,0.024543,4,0.5,50654.23,5.0654,75.0,1.2711,5.0843,2,0.25,-17316.47,-1.7316,0.0,-0.8476,-1.6953,2,0.25,11576.11,1.1576,50.0,0.5648,1.1297
d9276120,bear,s13|s52|s27,3,0.0186323356,0.0089962178,-5.8277,0.0,-13.1906,33,33.3333,0.024497,9,0.2727,-27308.78,-2.7309,22.2222,-0.2857,-2.5709,9,0.2727,-25448.48,-2.5448,22.2222,-0.2857,-2.5709,15,0.4545,57469.8,5.747,46.6667,0.3897,5.8457
a2cfa2dc,bull,s94|s91|s47,3,0.0266985891,0.0139488668,0.6977,0.0,-8.0419,13,38.4615,0.024453,2,0.1538,54417.69,5.4418,100.0,2.6699,5.3397,4,0.3077,-57929.77,-5.793,0.0,-1.3949,-5.5795,7,0.5385,23460.87,2.3461,42.8571,0.3471,2.43
39ba0a74,bull,s32|s41|s68|s48,4,0.0200348876,0.0085917409,4.1387,0.0,-4.5746,8,50.0,0.024453,5,0.625,43234.19,4.3234,60.0,0.8584,4.2921,1,0.125,-9116.07,-0.9116,0.0,-0.8592,-0.8592,2,0.25,11592.49,1.1592,50.0,0.5722,1.1443
313a9244,bull,s84|s33|s68|s35,4,0.0263599723,0.0093515036,4.0077,0.0,-4.7931,10,40.0,0.02433,5,0.5,23856.35,2.3856,40.0,0.4933,2.4665,2,0.2,-19059.31,-1.9059,0.0,-0.9352,-1.8703,3,0.3,43360.3,4.336,66.6667,1.4456,4.3368
8f56dba9,bull,s21|s60|s87,3,0.0269392838,0.0136094298,5.0669,0.0,-5.9881,7,57.1429,0.024322,1,0.1429,26967.39,2.6967,100.0,2.6939,2.6939,2,0.2857,12987.5,1.2987,50.0,0.6665,1.333,4,0.5714,26697.24,2.6697,50.0,0.6665,2.666
6a14b0d4,bull,s96|s45|s65,3,0.0244232194,0.0080063354,-1.1026,0.0,-3.831,18,27.7778,0.024275,6,0.3333,79452.4,7.9452,66.6667,1.3613,8.168,5,0.2778,-39921.39,-3.9921,0.0,-0.8006,-4.0032,7,0.3889,-23537.17,-2.3537,14.2857,-0.3374,-2.3615
02d42e92,bear,s13|s19|s67,3,0.019431187,0.0099846729,2.112,0.0,-2.2847,8,50.0,0.024255,0,0.0,0.0,0.0,0.0,0.0,0.0,1,0.125,-10301.44,-1.0301,0.0,-0.9985,-0.9985,7,0.875,47620.0,4.762,57.1429,0.6824,4.7771
809130a4,bull,s24|s74|s26,3,0.0251844031,0.0132530174,-0.9633,0.0,-6.1042,13,38.4615,0.024237,4,0.3077,23026.25,2.3026,50.0,0.5966,2.3863,3,0.2308,-40081.57,-4.0082,0.0,-1.3253,-3.9759,6,0.4615,34842.63,3.4843,50.0,0.5966,3.5794
d0c09961,bear,s17|s62|s13,3,0.0190375996,0.0118036934,1.9082,0.0,-2.0472,7,57.1429,0.024209,0,0.0,0.0,0.0,0.0,0.0,0.0,0,0.0,0.0,0.0,0.0,0.0,0.0,7,1.0,40346.54,4.0347,57.1429,0.582,4.0739
7fbd0bed,bull,s9|s79|s7|s55|s45,5,0.0219223743,0.0124757751,-1.7437,0.0,-4.6343,14,35.7143,0.024154,2,0.1429,8981.31,0.8981,50.0,0.4723,0.9447,6,0.4286,-7075.05,-0.7075,33.3333,-0.101,-0.6058,6,0.4286,-6307.85,-0.6308,33.3333,-0.101,-0.6058
1545db0e,bull,s42|s58|s27,3,0.0264750468,0.0122644988,-1.1919,0.0,-4.917,15,33.3333,0.024144,3,0.2,781.27,0.0781,33.3333,0.0649,0.1946,4,0.2667,-10452.54,-1.0453,25.0,-0.258,-1.0318,8,0.5333,16751.91,1.6752,37.5,0.2263,1.8103
1e1bbefc,bull,s87|s10|s59,3,0.0236908126,0.0100914722,-0.5524,0.0,-5.845,15,33.3333,0.024077,5,0.3333,16562.95,1.6563,40.0,0.3421,1.7107,5,0.3333,-17161.68,-1.7162,20.0,-0.3335,-1.6675,5,0.3333,15820.15,1.582,40.0,0.3421,1.7107
53bd0de8,bull,s54|s8|s46,3,0.0255988765,0.0119383426,-1.058,0.0,-5.1732,15,33.3333,0.024074,4,0.2667,62122.6,6.2123,75.0,1.6215,6.4858,4,0.2667,-47136.9,-4.7137,0.0,-1.1938,-4.7753,7,0.4667,-9128.48,-0.9128,28.5714,-0.1213,-0.8494
bfdc220e,bull,s4|s30|s75|s21,4,0.0242508574,0.0106721557,2.4421,0.0,-3.279,9,44.4444,0.023988,6,0.6667,39955.63,3.9956,50.0,0.6789,4.0736,2,0.2222,-21834.78,-2.1835,0.0,-1.0672,-2.1344,1,0.1111,24561.96,2.4562,100.0,2.4251,2.4251
042109b2,bull,s58|s84|s48,3,0.0236877842,0.0147018099,3.8091,0.0,-5.1592,7,57.1429,0.023966,5,0.7143,40395.1,4.0395,60.0,0.8332,4.166,0,0.0,0.0,0.0,0.0,0.0,0.0,2,0.2857,9626.0,0.9626,50.0,0.4493,0.8986
990c22e5,bull,s15|s35|s46|s82,4,0.0238123808,0.009268526,-0.394,0.0,-5.8386,16,31.25,0.023891,5,0.3125,52096.53,5.2097,60.0,1.058,5.29,6,0.375,-55996.04,-5.5996,0.0,-0.9269,-5.5611,5,0.3125,19343.9,1.9344,40.0,0.3964,1.9819
570b5a91,bull,s47|s42|s39,3,0.0263605101,0.0127345736,-1.4837,0.0,-4.9057,15,33.3333,0.023804,3,0.2,133.53,0.0134,33.3333,0.0297,0.0891,3,0.2,423.59,0.0424,33.3333,0.0297,0.0891,9,0.6,1317.38,0.1317,33.3333,0.0297,0.2674
bf4ec68e,bull,s46|s54|s78|s43,4,0.0220219993,0.0146450266,-2.2155,0.0,-4.9999,13,38.4615,0.023796,2,0.1538,7228.66,0.7229,50.0,0.3688,0.7377,4,0.3077,-58665.5,-5.8666,0.0,-1.4645,-5.858,7,0.5385,42788.29,4.2788,57.1429,0.6308,4.4153
5c58e6d7,bull,s47|s33|s26,3,0.0280353568,0.0134684669,2.5148,0.0,-3.7753,9,44.4444,0.023772,4,0.4444,69426.3,6.9426,75.0,1.7659,7.0638,1,0.1111,-14201.33,-1.4201,0.0,-1.3468,-1.3468,4,0.4444,-11948.11,-1.1948,25.0,-0.3093,-1.237
4e885679,bull,s8|s79,2,0.0221964115,0.0136720783,3.9577,0.0,-5.8332,7,57.1429,0.023766,2,0.2857,8107.68,0.8108,50.0,0.4262,0.8524,1,0.1429,21824.35,2.1824,100.0,2.2196,2.2196,4,0.5714,17448.24,1.7448,50.0,0.4262,1.7049
d8145ea7,bull,s91|s32|s12|s33,4,0.030372345,0.008721563,-0.8751,0.0,-4.3047,19,26.3158,0.023763,3,0.1579,50991.08,5.0991,66.6667,1.7341,5.2023,6,0.3158,-52675.19,-5.2675,0.0,-0.8722,-5.2329,10,0.5263,28731.76,2.8732,30.0,0.3007,3.0066
04510609,bull,s59|s40|s1,3,0.0217301004,0.0120891695,2.5292,0.0,-3.9553,8,50.0,0.02372,5,0.625,40201.52,4.0202,60.0,0.8202,4.1012,1,0.125,-12247.95,-1.2248,0.0,-1.2089,-1.2089,2,0.25,9661.0,0.9661,50.0,0.482,0.9641
aa3fe2f8,bear,s89|s25|s76,3,0.0195737865,0.0109146379,1.7837,0.0,-3.0687,8,50.0,0.023669,2,0.25,-22270.11,-2.227,0.0,-1.0915,-2.1829,2,0.25,-22554.77,-2.2555,0.0,-1.0915,-2.1829,4,0.5,78903.28,7.8903,100.0,1.9574,7.8295
eaea050a,bear,s80|s98|s27,3,0.0271276243,0.0171109947,-0.1999,0.0,-9.3332,11,45.4545,0.023664,2,0.1818,-35224.04,-3.5224,0.0,-1.7111,-3.4222,2,0.1818,10468.65,1.0469,50.0,0.5008,1.0017,7,0.6364,55738.93,5.5739,57.1429,0.8168,5.7178
dcbf2317,bull,s2|s8|s48,3,0.0239171034,0.0106708862,-2.1186,0.0,-4.2302,15,33.3333,0.02365,8,0.5333,50577.79,5.0578,50.0,0.6623,5.2985,3,0.2,-31788.19,-3.1788,0.0,-1.0671,-3.2013,4,0.2667,-8028.66,-0.8029,25.0,-0.2024,-0.8096
dbb082fc,bull,s10|s42|s93|s87,4,0.0188357008,0.0107399169,-1.1585,0.0,-6.661,13,38.4615,0.0236,5,0.3846,33707.59,3.3708,60.0,0.7005,3.5027,3,0.2308,-31748.22,-3.1748,0.0,-1.074,-3.222,5,0.3846,4404.02,0.4404,40.0,0.109,0.5452
43da6b15,bull,s70|s78|s27,3,0.0318463204,0.0122111985,3.0444,0.0,-4.6663,11,36.3636,0.023599,1,0.0909,-12187.75,-1.2188,0.0,-1.2211,-1.2211,5,0.4545,-18518.31,-1.8518,20.0,-0.34,-1.6998,5,0.4545,70812.04,7.0812,60.0,1.4223,7.1117
34b1d0a3,bull,s6|s12|s27,3,0.024620028,0.0101273135,-1.1612,0.0,-5.1682,16,31.25,0.023552,4,0.25,28195.25,2.8195,50.0,0.7246,2.8985,5,0.3125,-50771.78,-5.0772,0.0,-1.0127,-5.0637,7,0.4375,32401.47,3.2401,42.8571,0.4764,3.3351
a1dd25f0,bull,s33|s53|s12,3,0.0251198697,0.0152081662,-1.773,0.0,-6.0149,13,38.4615,0.023464,5,0.3846,124124.16,12.4124,100.0,2.512,12.5599,4,0.3077,-61585.0,-6.1585,0.0,-1.5208,-6.0833,4,0.3077,-60737.26,-6.0737,0.0,-1.5208,-6.0833
441e1bce,bull,s68|s35|s84,3,0.0271734549,0.0112304827,3.1692,0.0,-5.1579,10,40.0,0.023441,5,0.5,19707.42,1.9707,40.0,0.4131,2.0655,2,0.2,-22757.2,-2.2757,0.0,-1.123,-2.2461,3,0.3,42819.9,4.282,66.6667,1.4372,4.3116
5414a7b9,bull,s44|s84|s27,3,0.0257759231,0.0097832153,-3.3344,0.0,-7.9749,25,28.0,0.023369,6,0.24,11138.73,1.1139,33.3333,0.207,1.2419,8,0.32,-8180.81,-0.8181,25.0,-0.0893,-0.7147,11,0.44,-1439.66,-0.144,27.2727,-0.0085,-0.0938
023ed450,bull,s6|s91|s45|s8,4,0.0247746352,0.0147793049,-1.585,0.0,-6.4262,13,38.4615,0.023339,2,0.1538,-29854.05,-2.9854,0.0,-1.4779,-2.9559,3,0.2308,-4921.71,-0.4922,33.3333,-0.1595,-0.4784,8,0.6154,38082.64,3.8083,50.0,0.4998,3.9981
f41028d6,bull,s60|s94,2,0.0231116377,0.0147302021,1.9898,0.0,-4.0406,8,50.0,0.023334,4,0.5,54652.41,5.4652,75.0,1.3651,5.4605,2,0.25,-30381.66,-3.0382,0.0,-1.473,-2.946,2,0.25,8223.83,0.8224,50.0,0.4191,0.8381
7b4785dd,bull,s88|s93|s64|s96,4,0.026718014,0.0169997785,2.6177,0.0,-5.0148,8,50.0,0.023268,2,0.25,53232.8,5.3233,100.0,2.6718,5.3436,1,0.125,26148.9,2.6149,100.0,2.6718,2.6718,5,0.625,-42050.91,-4.2051,20.0,-0.8256,-4.1281
33754e4c,bull,s9|s48|s53|s84|s88,5,0.0309325958,0.0122405196,2.5161,0.0,-4.4966,11,36.3636,0.023246,5,0.4545,24218.59,2.4219,40.0,0.5029,2.5144,1,0.0909,-12555.48,-1.2555,0.0,-1.2241,-1.2241,5,0.4545,24084.45,2.4084,40.0,0.5029,2.5144
d455e3d6,bear,s13|s99|s19,3,0.0313394497,0.0131428538,2.4454,0.0,-4.9635,10,40.0,0.022978,0,0.0,0.0,0.0,0.0,0.0,0.0,2,0.2,-27336.46,-2.7336,0.0,-1.3143,-2.6286,8,0.8,72287.35,7.2287,50.0,0.9098,7.2786
37ffbe63,bear,s13|s90|s25,3,0.0253048867,0.0158156345,1.3279,0.0,-3.9025,8,50.0,0.022977,0,0.0,0.0,0.0,0.0,0.0,0.0,0,0.0,0.0,0.0,0.0,0.0,0.0,8,1.0,36553.57,3.6554,50.0,0.4745,3.7957
6a4b3dac,bull,s65|s75|s41|s84,4,0.0307141059,0.0098723981,2.0059,0.0,-4.119,12,33.3333,0.02296,5,0.4167,31265.96,3.1266,40.0,0.6362,3.1811,4,0.3333,-40522.26,-4.0522,0.0,-0.9872,-3.949,3,0.25,51241.57,5.1242,66.6667,1.7185,5.1556
42a5b5e8,bull,s59|s14|s6,3,0.0256121342,0.0113241683,-2.0596,0.0,-4.5877,16,31.25,0.02296,5,0.3125,52231.12,5.2231,60.0,1.0838,5.4188,4,0.25,-44955.74,-4.4956,0.0,-1.1324,-4.5297,7,0.4375,-6141.92,-0.6142,28.5714,-0.0771,-0.5397
23c04278,bear,s86|s56|s50,3,0.0199288176,0.0095603112,-3.2277,0.0,-7.8045,18,33.3333,0.022923,3,0.1667,-28034.55,-2.8035,0.0,-0.956,-2.8681,5,0.2778,-18352.46,-1.8352,20.0,-0.3662,-1.8312,10,0.5556,49712.14,4.9712,50.0,0.5184,5.1843
9a9a973e,bull,s30|s15|s4,3,0.0240750805,0.0133076468,-2.1663,0.0,-5.6331,14,35.7143,0.022842,5,0.3571,6630.34,0.663,40.0,0.1645,0.8227,4,0.2857,-15861.06,-1.5861,25.0,-0.3962,-1.5848,5,0.3571,7294.94,0.7295,40.0,0.1645,0.8227
c1123022,bull,s24|s6,2,0.0242511989,0.0142629136,1.5013,0.0,-4.2095,9,44.4444,0.022808,4,0.4444,19436.69,1.9437,50.0,0.4994,1.9977,3,0.3333,-43421.23,-4.3421,0.0,-1.4263,-4.2789,2,0.2222,48194.51,4.8195,100.0,2.4251,4.8502
29f98223,bear,s50|s101,2,0.0220648051,0.0110712141,-0.5862,0.0,-8.4445,13,38.4615,0.022804,2,0.1538,-22105.47,-2.2105,0.0,-1.1071,-2.2142,4,0.3077,-11425.54,-1.1426,25.0,-0.2787,-1.1149,7,0.5385,53921.65,5.3922,57.1429,0.7864,5.5046
3a4569d0,bull,s4|s5,2,0.0293425687,0.0116185937,-1.7654,0.0,-4.7328,17,29.4118,0.022772,4,0.2353,33392.87,3.3393,50.0,0.8862,3.5448,3,0.1765,-34462.34,-3.4462,0.0,-1.1619,-3.4856,10,0.5882,5190.16,0.519,30.0,0.067,0.6698
6f8f71e3,bull,s9|s87|s63|s44,4,0.029684556,0.0113467304,2.2822,0.0,-5.013,11,36.3636,0.0227,4,0.3636,35880.71,3.5881,50.0,0.9169,3.6676,3,0.2727,-34149.6,-3.415,0.0,-1.1347,-3.404,4,0.3636,35422.13,3.5422,50.0,0.9169,3.6676
3fb0b6f3,bull,s74|s88|s55|s58|s7,5,0.0256472772,0.0103708576,-1.1131,0.0,-6.7356,15,33.3333,0.022602,6,0.4,44510.0,4.451,50.0,0.7638,4.5829,4,0.2667,-6320.07,-0.632,25.0,-0.1366,-0.5465,5,0.3333,-15873.83,-1.5874,20.0,-0.3167,-1.5836
768218a6,bear,s77|s52|s99,3,0.0246784696,0.0091432174,1.2895,0.0,-3.9551,11,36.3636,0.022524,4,0.3636,-3164.74,-0.3165,25.0,-0.0688,-0.2751,1,0.0909,-9328.24,-0.9328,0.0,-0.9143,-0.9143,6,0.5455,45982.47,4.5982,50.0,0.7768,4.6606
839789a2,bull,s15|s82|s27,3,0.0247485179,0.0139512993,-5.6326,0.0,-8.0392,21,33.3333,0.022408,4,0.1905,19675.45,1.9675,50.0,0.5399,2.1594,3,0.1429,-40505.73,-4.0506,0.0,-1.3951,-4.1854,14,0.6667,-4066.6,-0.4067,35.7143,-0.013,-0.1819
56c7b639,bear,s17|s85|s25,3,0.0263228676,0.0080365593,1.5579,0.0,-4.5752,12,33.3333,0.022201,2,0.1667,-16245.32,-1.6245,0.0,-0.8037,-1.6073,3,0.25,-24646.02,-2.4646,0.0,-0.8037,-2.411,7,0.5833,80764.72,8.0765,57.1429,1.1597,8.1182
596bae5d,bear,s77|s37|s80,3,0.0257974485,0.0122366298,-1.1718,0.0,-7.7239,14,35.7143,0.0222,3,0.2143,-37106.25,-3.7106,0.0,-1.2237,-3.671,3,0.2143,1445.73,0.1446,33.3333,0.0441,0.1324,8,0.5714,52680.49,5.268,50.0,0.678,5.4243
7cb0e750,bull,s83|s44|s27,3,0.0279125425,0.0089841318,-2.2727,0.0,-7.0799,23,26.087,0.022048,5,0.2174,27530.32,2.753,40.0,0.5775,2.8873,9,0.3913,-7818.86,-0.7819,22.2222,-0.0785,-0.7064,9,0.3913,-7453.39,-0.7453,22.2222,-0.0785,-0.7064
6a958dbe,bull,s6|s33|s46,3,0.0266116421,0.0139943193,-2.6191,0.0,-5.3659,15,33.3333,0.022028,3,0.2,-1873.05,-0.1873,33.3333,-0.0459,-0.1377,3,0.2,-41664.47,-4.1664,0.0,-1.3994,-4.1983,9,0.6,34194.73,3.4195,44.4444,0.4053,3.6475
c972ef20,bull,s5|s42|s54,3,0.0198852965,0.0131268341,-5.1464,0.0,-6.8561,17,35.2941,0.022008,3,0.1765,25029.94,2.503,66.6667,0.8881,2.6644,6,0.3529,-44455.03,-4.4455,16.6667,-0.7625,-4.5749,8,0.4706,-7196.97,-0.7197,37.5,-0.0747,-0.5978
35babb95,bear,s29|s97|s72,3,0.019326602,0.0091008329,-1.4422,0.0,-7.6621,14,35.7143,0.021949,4,0.2857,-36024.54,-3.6025,0.0,-0.9101,-3.6403,2,0.1429,9437.69,0.9438,50.0,0.5113,1.0226,8,0.5714,39886.9,3.9887,50.0,0.5113,4.0903
65413be7,bear,s61|s56,2,0.0262585108,0.0098519906,1.2481,0.0,-4.8098,11,36.3636,0.021924,3,0.2727,-30097.84,-3.0098,0.0,-0.9852,-2.9556,2,0.1818,-20143.57,-2.0144,0.0,-0.9852,-1.9704,6,0.5455,85054.79,8.5055,66.6667,1.4222,8.533
1beea2f4,bull,s94|s32|s48|s60|s41,5,0.0291927976,0.0132259552,2.3965,0.0,-6.8416,10,40.0,0.021812,5,0.5,104732.67,10.4733,80.0,2.0709,10.3545,2,0.2,-27246.96,-2.7247,0.0,-1.3226,-2.6452,3,0.3,-41466.28,-4.1466,0.0,-1.3226,-3.9678
75e69e81,bull,s4|s96|s39|s60,4,0.0246988359,0.0112517661,-2.671,0.0,-5.0125,16,31.25,0.021769,8,0.5,51178.19,5.1178,50.0,0.6724,5.3788,3,0.1875,-33451.2,-3.3451,0.0,-1.1252,-3.3755,5,0.3125,-20184.74,-2.0185,20.0,-0.4062,-2.0308
5b4a8e08,bull,s1|s40|s7,3,0.0236540239,0.0100832504,-3.997,0.0,-6.0638,21,28.5714,0.021645,4,0.1905,25706.31,2.5706,50.0,0.6785,2.7142,6,0.2857,5788.1,0.5788,33.3333,0.1163,0.6975,11,0.5238,-42979.9,-4.298,18.1818,-0.3949,-4.3441
47f288a4,bear,s37|s18,2,0.0389755872,0.0194757033,2.6684,0.0,-7.9263,9,44.4444,0.021641,3,0.3333,-67.83,-0.0068,33.3333,0.0008,0.0024,2,0.2222,78412.0,7.8412,100.0,3.8976,7.7951,4,0.4444,-22473.23,-2.2473,25.0,-0.4863,-1.9452
011935d2,bull,s78|s41|s68|s91,4,0.0225278942,0.0108403374,-2.5055,0.0,-5.9856,15,33.3333,0.021606,5,0.3333,44649.87,4.465,60.0,0.9181,4.5903,4,0.2667,-10736.72,-1.0737,25.0,-0.2498,-0.9993,6,0.4,-31640.34,-3.164,16.6667,-0.5279,-3.1674
9e2fdee9,bear,s52|s28|s19,3,0.0207434741,0.0090668213,-4.3816,0.0,-11.7713,25,32.0,0.02158,5,0.2,12203.71,1.2204,40.0,0.2857,1.4286,10,0.4,-30271.5,-3.0272,20.0,-0.3105,-3.1048,10,0.4,27065.27,2.7065,40.0,0.2857,2.8573
ad7d4e32,bull,s75|s21|s36|s15|s43,5,0.0291848128,0.0128266456,1.0487,0.0,-5.208,11,36.3636,0.021486,3,0.2727,3376.6,0.3377,33.3333,0.1177,0.3532,4,0.3636,-51598.36,-5.1598,0.0,-1.2827,-5.1307,4,0.3636,72886.98,7.2887,75.0,1.8682,7.4728
5fe1585a,bull,s60|s68|s40,3,0.0212312031,0.0126573768,0.2344,0.0,-5.221,9,44.4444,0.021349,5,0.5556,38274.87,3.8275,60.0,0.7676,3.8379,1,0.1111,-12793.87,-1.2794,0.0,-1.2657,-1.2657,3,0.3333,-4796.23,-0.4796,33.3333,-0.1361,-0.4084
ab5b709e,bear,s67|s56|s27,3,0.0275848792,0.0102049732,1.514,0.0,-6.1046,11,36.3636,0.021303,4,0.3636,-41955.59,-4.1956,0.0,-1.0205,-4.082,1,0.0909,-10458.38,-1.0458,0.0,-1.0205,-1.0205,6,0.5455,90075.56,9.0076,66.6667,1.4988,8.993
6eb805ae,bull,s11|s55|s88,3,0.0246940363,0.0093575288,0.9669,0.0,-5.0459,12,33.3333,0.021295,2,0.1667,15085.21,1.5085,50.0,0.7668,1.5337,3,0.25,-28401.56,-2.8402,0.0,-0.9358,-2.8073,7,0.5833,35802.35,3.5802,42.8571,0.5236,3.6652
5b7fbd71,bull,s1|s39|s35|s43,4,0.0201612897,0.0087476695,-4.3129,0.0,-6.1975,21,28.5714,0.020945,7,0.3333,23725.63,2.3726,42.8571,0.3642,2.5493,4,0.1905,-6157.65,-0.6158,25.0,-0.152,-0.6082,10,0.4762,-29674.96,-2.9675,20.0,-0.2966,-2.9659
6d29f21f,bull,s95|s83|s91|s79|s11,5,0.0246646488,0.0080912996,1.3146,0.0,-5.7422,13,30.7692,0.020888,6,0.4615,81924.0,8.1924,66.6667,1.3746,8.2476,2,0.1538,-16577.48,-1.6577,0.0,-0.8091,-1.6183,5,0.3846,-40887.66,-4.0888,0.0,-0.8091,-4.0456
cccd35f2,bull,s1|s39,2,0.0296902883,0.0083113344,0.2614,0.0,-3.8269,15,26.6667,0.020869,5,0.3333,33402.51,3.3403,40.0,0.6889,3.4447,5,0.3333,-41604.46,-4.1604,0.0,-0.8311,-4.1557,5,0.3333,33156.77,3.3157,40.0,0.6889,3.4447
8b595949,bull,s30|s10|s44|s36|s55,5,0.0292148744,0.019391479,0.6736,0.0,-6.8976,9,44.4444,0.02076,2,0.2222,9058.12,0.9058,50.0,0.4912,0.9823,4,0.4444,-29618.05,-2.9618,25.0,-0.724,-2.896,3,0.3333,37718.89,3.7719,66.6667,1.3013,3.9038
2ecd10c2,bull,s24|s59|s33,3,0.0244655314,0.0127419418,-2.9435,0.0,-6.4318,15,33.3333,0.020679,5,0.3333,10112.73,1.0113,40.0,0.2141,1.0705,4,0.2667,-14137.55,-1.4138,25.0,-0.344,-1.376,6,0.4,-3388.51,-0.3389,33.3333,-0.0339,-0.2037
56f1352d,bull,s12|s10|s83,3,0.0204081433,0.0112108169,-3.3809,0.0,-5.9098,15,33.3333,0.020624,8,0.5333,35215.73,3.5216,50.0,0.4599,3.6789,3,0.2,-33228.42,-3.3228,0.0,-1.1211,-3.3632,4,0.2667,-13384.04,-1.3384,25.0,-0.3306,-1.3224
8f9cd797,bear,s52|s85|s28,3,0.0236358168,0.0121157488,-3.9736,0.0,-8.9893,18,33.3333,0.02057,5,0.2778,-24599.45,-2.4599,20.0,-0.4965,-2.4827,8,0.4444,8422.55,0.8423,37.5,0.1291,1.0329,5,0.2778,9969.61,0.997,40.0,0.2185,1.0924
bc405aff,bull,s15|s65|s41|s45,4,0.0227059581,0.0093132291,-2.9778,0.0,-5.3082,17,29.4118,0.020536,7,0.4118,29564.54,2.9565,42.8571,0.4409,3.0865,5,0.2941,-46083.19,-4.6083,0.0,-0.9313,-4.6566,5,0.2941,16694.89,1.6695,40.0,0.3494,1.7472
e6526bcc,bear,s97|s37|s27,3,0.0347601709,0.0194352569,1.0323,0.0,-7.9151,9,44.4444,0.020469,3,0.3333,-4177.18,-0.4177,33.3333,-0.137,-0.411,2,0.2222,69408.69,6.9409,100.0,3.476,6.952,4,0.4444,-26021.84,-2.6022,25.0,-0.5886,-2.3546
5f251624,bull,s43|s83|s26,3,0.0358891009,0.0134035428,9.7173,0.0,-2.7785,4,75.0,0.020443,3,0.75,109964.09,10.9964,100.0,3.5889,10.7667,0,0.0,0.0,0.0,0.0,0.0,0.0,1,0.25,-13814.69,-1.3815,0.0,-1.3404,-1.3404
84ff8e78,bull,s55|s48|s5,3,0.0276549883,0.0158077479,-1.001,0.0,-4.6125,10,40.0,0.020432,3,0.3,82649.81,8.265,100.0,2.7655,8.2965,4,0.4,-21445.33,-2.1445,25.0,-0.4942,-1.9768,3,0.3,-47589.17,-4.7589,0.0,-1.5808,-4.7423
04276ac6,bull,s44|s7|s40|s94,4,0.0274310581,0.0127393851,0.7154,0.0,-6.4629,11,36.3636,0.020364,2,0.1818,13970.46,1.397,50.0,0.7346,1.4692,3,0.2727,1629.83,0.163,33.3333,0.0651,0.1952,6,0.5455,3483.23,0.3483,33.3333,0.0651,0.3905
d3ab3825,bull,s40|s3|s21,3,0.0260506873,0.0147751785,0.6355,0.0,-6.9219,10,40.0,0.020355,2,0.2,10470.83,1.0471,50.0,0.5638,1.1276,2,0.2,10714.84,1.0715,50.0,0.5638,1.1276,6,0.6,-7666.77,-0.7667,33.3333,-0.1167,-0.6999
435f7d1a,bull,s53|s92|s43|s69|s87,5,0.0188899765,0.0119356308,-3.445,0.0,-6.8915,14,35.7143,0.020353,4,0.2857,12639.17,1.2639,50.0,0.3477,1.3909,4,0.2857,-16990.55,-1.6991,25.0,-0.4229,-1.6917,6,0.4286,-10253.05,-1.0253,33.3333,-0.166,-0.9963
4c92f814,bear,s29|s18|s89,3,0.0386097147,0.0182214702,1.4371,0.0,-7.9945,10,40.0,0.020353,3,0.3,-56571.83,-5.6572,0.0,-1.8221,-5.4664,2,0.2,78890.79,7.8891,100.0,3.861,7.7219,5,0.5,19658.51,1.9659,40.0,0.4511,2.2555
6e0401ea,bull,s15|s42|s2,3,0.0282469438,0.0137103302,0.0483,0.0,-5.7411,11,36.3636,0.020253,4,0.3636,27331.02,2.7331,50.0,0.7268,2.9073,3,0.2727,-40293.04,-4.0293,0.0,-1.371,-4.1131,4,0.3636,27267.59,2.7268,50.0,0.7268,2.9073
468cfe11,bull,s24|s82|s26,3,0.0211997825,0.0129650379,-6.6876,0.0,-8.3681,21,33.3333,0.020221,6,0.2857,22679.9,2.268,50.0,0.4117,2.4704,3,0.1429,-5173.91,-0.5174,33.3333,-0.1577,-0.473,12,0.5714,-52408.2,-5.2408,25.0,-0.4424,-5.3086
c39305e5,bull,s6|s96,2,0.0239834459,0.0114600917,-2.9153,0.0,-6.3503,16,31.25,0.020172,5,0.3125,47378.41,4.7378,60.0,0.9806,4.903,5,0.3125,-21990.55,-2.1991,20.0,-0.4371,-2.1857,6,0.375,-33115.4,-3.3115,16.6667,-0.5553,-3.3317
6be6e989,bull,s41|s93|s27,3,0.0273457082,0.0165330351,-0.747,0.0,-5.3839,10,40.0,0.020172,1,0.1,-16588.43,-1.6588,0.0,-1.6533,-1.6533,3,0.3,-6141.18,-0.6141,33.3333,-0.1907,-0.572,6,0.6,30406.04,3.0406,50.0,0.5406,3.2438
088d5711,bull,s95|s84|s33|s64,4,0.0301883434,0.0147117619,-0.0162,0.0,-5.873,11,36.3636,0.02011,3,0.2727,-66.89,-0.0067,33.3333,0.0255,0.0765,1,0.0909,29801.52,2.9802,100.0,3.0188,3.0188,7,0.6364,-14462.35,-1.4462,28.5714,-0.1883,-1.3182
53508afb,bull,s10|s4,2,0.0320303039,0.0137957129,0.3914,0.0,-5.9555,12,33.3333,0.020088,1,0.0833,-13297.67,-1.3298,0.0,-1.3796,-1.3796,4,0.3333,-10364.98,-1.0365,25.0,-0.2339,-0.9357,7,0.5833,38471.1,3.8471,42.8571,0.5844,4.0908
3d0728d5,bull,s6|s92|s41,3,0.0233699998,0.0082011935,-2.3788,0.0,-5.6009,19,26.3158,0.019999,4,0.2105,28851.06,2.8851,50.0,0.7584,3.0338,5,0.2632,-40234.32,-4.0234,0.0,-0.8201,-4.1006,10,0.5263,11639.51,1.164,30.0,0.127,1.2702
2a59c993,bull,s88|s36,2,0.0363831839,0.0110967579,5.8999,0.0,-3.1612,7,42.8571,0.019976,0,0.0,0.0,0.0,0.0,0.0,0.0,5,0.7143,39137.55,3.9138,40.0,0.7895,3.9476,2,0.2857,24505.32,2.4505,50.0,1.2643,2.5286
f69f6eea,bear,s89|s62|s19,3,0.0187515327,0.0109420803,-3.3569,0.0,-7.5108,14,35.7143,0.019931,5,0.3571,-54411.29,-5.4411,0.0,-1.0942,-5.471,3,0.2143,-32878.91,-3.2879,0.0,-1.0942,-3.2826,6,0.4286,81443.03,8.1443,83.3333,1.3803,8.2816
947c8445,bull,s69|s42|s33|s36|s24,5,0.0211129675,0.0117439309,-6.1261,0.0,-8.6109,22,31.8182,0.019852,4,0.1818,17243.54,1.7244,50.0,0.4685,1.8738,6,0.2727,-5523.8,-0.5524,33.3333,-0.0792,-0.475,12,0.5455,-42235.96,-4.2236,25.0,-0.353,-4.2356
dd1c1770,bull,s35|s69|s40|s92,4,0.0310040683,0.0139679228,8.3357,0.0,-3.7642,4,75.0,0.019764,2,0.5,64566.58,6.4567,100.0,3.1004,6.2008,0,0.0,0.0,0.0,0.0,0.0,0.0,2,0.5,15722.58,1.5723,50.0,0.8518,1.7036
a446350f,bull,s47|s94|s15|s33,4,0.0311721895,0.0135268272,6.4503,0.0,-2.7794,5,60.0,0.019746,4,0.8,80607.34,8.0607,75.0,1.9997,7.999,1,0.2,-13899.43,-1.3899,0.0,-1.3527,-1.3527,0,0.0,0.0,0.0,0.0,0.0,0.0
f4f2883a,bull,s9|s83|s21,3,0.0333536187,0.0164008723,-0.201,0.0,-6.2667,11,36.3636,0.019687,1,0.0909,32249.69,3.225,100.0,3.3354,3.3354,1,0.0909,-16264.75,-1.6265,0.0,-1.6401,-1.6401,9,0.8182,-857.93,-0.0858,33.3333,0.0184,0.1656
8a7c2c94,bull,s6|s2,2,0.0219408228,0.0120060405,-2.1879,0.0,-3.6609,11,36.3636,0.019658,6,0.5455,28754.3,2.8754,50.0,0.4967,2.9804,3,0.2727,-36126.79,-3.6127,0.0,-1.2006,-3.6018,2,0.1818,9654.32,0.9654,50.0,0.4967,0.9935
4b59e1e7,bull,s35|s48|s8,3,0.0289212545,0.0142427412,-3.3819,0.0,-6.2908,16,31.25,0.019632,2,0.125,13268.38,1.3268,50.0,0.7339,1.4679,5,0.3125,-27809.42,-2.7809,20.0,-0.561,-2.805,9,0.5625,-554.72,-0.0555,33.3333,0.0145,0.1307
03fcc39c,bull,s95|s59|s26,3,0.030877274,0.0138509749,8.8832,0.0,-2.7811,3,100.0,0.019631,3,1.0,95086.02,9.5086,100.0,3.0877,9.2632,0,0.0,0.0,0.0,0.0,0.0,0.0,0,0.0,0.0,0.0,0.0,0.0,0.0
13fc4a09,bull,s70|s60|s26,3,0.0318741711,0.0084185126,0.6225,0.0,-5.6909,15,26.6667,0.019625,5,0.3333,38198.15,3.8198,40.0,0.7699,3.8493,4,0.2667,-34374.42,-3.4374,0.0,-0.8419,-3.3674,6,0.4,28876.26,2.8876,33.3333,0.5012,3.0074
31e206ce,bull,s15|s47|s93,3,0.0305874029,0.0152830894,8.7974,0.0,-2.7827,3,100.0,0.01961,2,0.6667,61910.37,6.191,100.0,3.0587,6.1175,1,0.3333,32319.7,3.232,100.0,3.0587,3.0587,0,0.0,0.0,0.0,0.0,0.0,0.0
31361d59,bull,s10|s12|s48|s65|s11,5,0.0261679977,0.0090661718,-2.8616,0.0,-5.368,19,26.3158,0.019531,6,0.3158,48543.91,4.8544,50.0,0.8551,5.1305,5,0.2632,-44280.26,-4.428,0.0,-0.9066,-4.5331,8,0.4211,-3128.03,-0.3128,25.0,-0.0258,-0.2061
5a822089,bull,s83|s82|s27,3,0.0263329321,0.016148465,-5.0825,0.0,-9.3901,17,35.2941,0.01951,3,0.1765,33961.84,3.3962,66.6667,1.2172,3.6517,2,0.1176,-31324.13,-3.1324,0.0,-1.6148,-3.2297,12,0.7059,-25807.08,-2.5807,33.3333,-0.1988,-2.3856
181adea2,bull,s87|s39|s10,3,0.0287007073,0.0159533108,-1.1454,0.0,-5.2868,11,36.3636,0.019503,2,0.1818,12151.51,1.2152,50.0,0.6374,1.2747,3,0.2727,-3760.98,-0.3761,33.3333,-0.1069,-0.3206,6,0.5455,-7967.11,-0.7967,33.3333,-0.1069,-0.6412
b0e3edb6,bull,s30|s42|s11|s65,4,0.0240557558,0.0096772244,-3.4126,0.0,-5.1702,18,27.7778,0.019502,7,0.3889,31700.87,3.1701,42.8571,0.478,3.3458,4,0.2222,-38095.24,-3.8095,0.0,-0.9677,-3.8709,7,0.3889,-860.1,-0.086,28.5714,-0.0039,-0.0275
bd2cc48b,bear,s37|s13|s25|s80,4,0.029819124,0.0177014281,-0.1448,0.0,-8.1592,9,44.4444,0.01949,1,0.1111,-17705.2,-1.7705,0.0,-1.7701,-1.7701,1,0.1111,-18433.53,-1.8434,0.0,-1.7701,-1.7701,7,0.7778,64732.35,6.4732,57.1429,0.9453,6.6172
4b3275ec,bull,s32|s91|s21,3,0.0265647559,0.0114264104,-2.5637,0.0,-6.8875,17,29.4118,0.019488,2,0.1176,-22894.22,-2.2894,0.0,-1.1426,-2.2853,5,0.2941,17830.0,1.783,40.0,0.377,1.885,10,0.5882,-1326.02,-0.1326,30.0,-0.0029,-0.0291
df5994f5,bull,s79|s35|s64|s94|s42,5,0.0254626642,0.0096381155,-4.398,0.0,-6.1202,23,26.087,0.019462,5,0.2174,20263.17,2.0263,40.0,0.4402,2.2011,4,0.1739,-37442.52,-3.7443,0.0,-0.9638,-3.8552,14,0.6087,3946.14,0.3946,28.5714,0.0391,0.547
9a83e4fb,bull,s8|s45|s58|s94,4,0.029583753,0.0132399493,5.5935,0.0,-2.7809,5,60.0,0.019403,4,0.8,75954.91,7.5955,75.0,1.8878,7.5511,1,0.2,-13559.5,-1.3559,0.0,-1.324,-1.324,0,0.0,0.0,0.0,0.0,0.0,0.0
6fdd22f3,bear,s20|s61|s17|s51,4,0.0213573328,0.0125668449,-1.8163,0.0,-5.2671,10,40.0,0.019387,1,0.1,-12527.24,-1.2527,0.0,-1.2567,-1.2567,2,0.2,-25437.21,-2.5437,0.0,-1.2567,-2.5134,7,0.7,46689.09,4.6689,57.1429,0.6818,4.7729
d6aa802c,bull,s6|s88|s78,3,0.0266452963,0.011396838,-2.7103,0.0,-6.809,17,29.4118,0.019369,3,0.1765,3544.66,0.3545,33.3333,0.1284,0.3852,3,0.1765,-33990.5,-3.3991,0.0,-1.1397,-3.4191,11,0.6471,24792.23,2.4792,36.3636,0.2437,2.6803
27325b50,bear,s52|s28|s27,3,0.03188352,0.0110577293,-0.8966,0.0,-9.2303,17,29.4118,0.019366,5,0.2941,28580.43,2.858,40.0,0.6119,3.0594,6,0.3529,-23085.45,-2.3085,16.6667,-0.3901,-2.3405,6,0.3529,17744.69,1.7745,33.3333,0.3256,1.9536
abbdcd6d,bull,s59|s39|s96|s65,4,0.0315854482,0.0131101687,0.3662,0.0,-6.948,12,33.3333,0.019349,5,0.4167,66210.69,6.6211,60.0,1.3707,6.8536,3,0.25,-39716.32,-3.9716,0.0,-1.311,-3.9331,4,0.3333,-7848.2,-0.7848,25.0,-0.1936,-0.7745
f2bc875e,bull,s82|s47|s8,3,0.0297696304,0.0101803446,-2.2417,0.0,-6.3553,19,26.3158,0.019348,1,0.0526,-10312.67,-1.0313,0.0,-1.018,-1.018,5,0.2632,27170.61,2.7171,40.0,0.58,2.8998,13,0.6842,-13664.83,-1.3665,23.0769,-0.0961,-1.2495
04536501,bear,s51|s18|s27,3,0.0316984967,0.0166282492,-2.2588,0.0,-9.7303,14,35.7143,0.019297,3,0.2143,45257.27,4.5257,66.6667,1.559,4.6769,5,0.3571,-34285.84,-3.4286,20.0,-0.6963,-3.4815,6,0.4286,-5764.44,-0.5764,33.3333,-0.0519,-0.3116
36cedf24,bear,s23|s72|s16|s13,4,0.0290556151,0.0110496443,4.152,0.0,-1.9473,6,50.0,0.019292,0,0.0,0.0,0.0,0.0,0.0,0.0,1,0.1667,-11625.97,-1.1626,0.0,-1.105,-1.105,5,0.8333,65391.23,6.5391,60.0,1.3014,6.5068
23f7b4ca,bear,s90|s16|s27,3,0.0304230739,0.0131247381,-1.2199,0.0,-10.2752,15,33.3333,0.019288,5,0.3333,-23691.64,-2.3692,20.0,-0.4415,-2.2076,4,0.2667,-8629.45,-0.8629,25.0,-0.2238,-0.8951,6,0.4,50138.09,5.0138,50.0,0.8649,5.1895
a4430b09,bull,s48|s63|s74,3,0.0223894061,0.0107552807,6.221,0.0,-1.3847,3,100.0,0.019244,2,0.6667,45143.27,4.5143,100.0,2.2389,4.4779,0,0.0,0.0,0.0,0.0,0.0,0.0,1,0.3333,23243.7,2.3244,100.0,2.2389,2.2389
cffc33c9,bull,s63|s39|s40,3,0.0308011332,0.0181452482,6.6713,0.0,-3.736,4,75.0,0.019238,2,0.5,64143.97,6.4144,100.0,3.0801,6.1602,0,0.0,0.0,0.0,0.0,0.0,0.0,2,0.5,10977.73,1.0978,50.0,0.6328,1.2656
093fa885,bear,s85|s76|s13,3,0.0206612798,0.0089859583,5.6976,0.0,-0.7432,3,100.0,0.019234,0,0.0,0.0,0.0,0.0,0.0,0.0,0,0.0,0.0,0.0,0.0,0.0,0.0,3,1.0,63012.91,6.3013,100.0,2.0661,6.1984
f65f0861,bear,s17|s31|s98|s19|s86,5,0.0250329258,0.0082221215,-0.1331,0.0,-5.9718,13,30.7692,0.019204,2,0.1538,-16771.39,-1.6771,0.0,-0.8222,-1.6444,2,0.1538,-16799.96,-1.68,0.0,-0.8222,-1.6444,9,0.6923,58614.49,5.8614,44.4444,0.6558,5.9021
bb6d663d,bull,s8|s65|s94|s88,4,0.0195825035,0.0081157322,-6.301,0.0,-8.1542,29,27.5862,0.019193,8,0.2759,17295.79,1.7296,37.5,0.2271,1.8169,10,0.3448,-25033.19,-2.5033,20.0,-0.2576,-2.5761,11,0.3793,-6470.75,-0.6471,27.2727,-0.0562,-0.6178
cc2bdfb0,bull,s53|s58|s27,3,0.0228694702,0.0113695721,-4.0125,0.0,-5.9713,16,31.25,0.019132,6,0.375,66062.66,6.6063,66.6667,1.1456,6.8739,4,0.25,-44784.11,-4.4784,0.0,-1.137,-4.5478,6,0.375,-33767.23,-3.3767,16.6667,-0.5663,-3.3978
0c6e5769,bear,s19|s49|s99|s13,4,0.0224457821,0.0104106626,4.9369,0.0,-2.0,4,75.0,0.0191,0,0.0,0.0,0.0,0.0,0.0,0.0,0,0.0,0.0,0.0,0.0,0.0,0.0,4,1.0,57476.37,5.7476,75.0,1.4232,5.6927
ba648c4d,bear,s98|s76|s16,3,0.0271191327,0.0155986861,5.8265,0.0,-3.3218,4,75.0,0.019067,0,0.0,0.0,0.0,0.0,0.0,0.0,1,0.25,-16351.04,-1.6351,0.0,-1.5599,-1.5599,3,0.75,82749.03,8.2749,100.0,2.7119,8.1357
b0fe3119,bear,s13|s25|s22,3,0.0330975979,0.0133699577,4.644,0.0,-3.2686,6,50.0,0.019052,0,0.0,0.0,0.0,0.0,0.0,0.0,1,0.1667,-14177.15,-1.4177,0.0,-1.337,-1.337,5,0.8333,72908.21,7.2908,60.0,1.4511,7.2553
4a1c5244,bear,s31|s66|s13,3,0.0327969527,0.0182946337,5.1202,0.0,-3.3329,5,60.0,0.019048,0,0.0,0.0,0.0,0.0,0.0,0.0,1,0.2,-19588.54,-1.9589,0.0,-1.8295,-1.8295,4,0.8,81119.37,8.1119,75.0,2.0024,8.0096
8c25eaae,bear,s76|s67|s27,3,0.0261690532,0.0152264393,5.5736,0.0,-3.3248,4,75.0,0.018986,0,0.0,0.0,0.0,0.0,0.0,0.0,1,0.25,-15926.07,-1.5926,0.0,-1.5226,-1.5226,3,0.75,79788.48,7.9788,100.0,2.6169,7.8507
b1810c6c,bear,s76|s25,2,0.0206984712,0.0127194535,4.1546,0.0,-1.4704,4,75.0,0.018977,0,0.0,0.0,0.0,0.0,0.0,0.0,1,0.25,-13420.08,-1.342,0.0,-1.2719,-1.2719,3,0.75,63126.33,6.3126,100.0,2.0698,6.2095
84be5e4a,bull,s69|s48|s32,3,0.0245081294,0.0089914941,-0.9684,0.0,-4.6892,14,28.5714,0.018976,3,0.2143,39010.81,3.9011,66.6667,1.3342,4.0025,3,0.2143,-26920.31,-2.692,0.0,-0.8991,-2.6974,8,0.5714,-5701.85,-0.5702,25.0,-0.0617,-0.4933
97bbdfeb,bull,s83|s32|s92|s36|s73,5,0.0187959395,0.01042405,5.1082,0.0,-1.4328,3,100.0,0.018968,2,0.6667,37827.15,3.7827,100.0,1.8796,3.7592,0,0.0,0.0,0.0,0.0,0.0,0.0,1,0.3333,19401.42,1.9401,100.0,1.8796,1.8796
3a3351d4,bull,s1|s9,2,0.0270962699,0.0107300191,-0.8407,0.0,-5.4658,13,30.7692,0.018862,4,0.3077,31251.08,3.1251,50.0,0.8183,3.2733,5,0.3846,-52771.55,-5.2772,0.0,-1.073,-5.365,4,0.3077,30840.86,3.0841,50.0,0.8183,3.2733
276a7220,bull,s9|s6|s74,3,0.0275985608,0.0156835491,-4.4111,0.0,-6.5068,15,33.3333,0.018851,3,0.2,-4272.54,-0.4273,33.3333,-0.1256,-0.3769,3,0.2,-46488.17,-4.6488,0.0,-1.5684,-4.7051,9,0.6,29432.93,2.9433,44.4444,0.3553,3.1976
e011720b,bear,s20|s16|s26,3,0.0228213206,0.0100430158,-3.3224,0.0,-10.6414,19,31.5789,0.018819,4,0.2105,-39652.59,-3.9653,0.0,-1.0043,-4.0172,3,0.1579,1026.7,0.1027,33.3333,0.0912,0.2735,12,0.6316,43383.93,4.3384,41.6667,0.365,4.3805
6ded4ff6,bull,s21|s45|s54,3,0.0206867472,0.0126270298,4.1476,0.0,-2.1192,4,75.0,0.018819,3,0.75,62442.01,6.2442,100.0,2.0687,6.206,1,0.25,-12845.09,-1.2845,0.0,-1.2627,-1.2627,0,0.0,0.0,0.0,0.0,0.0,0.0
524d32ce,bull,s82|s84|s27,3,0.0269430507,0.0116471916,-4.8615,0.0,-7.1878,21,28.5714,0.018776,4,0.1905,28879.44,2.8879,50.0,0.7648,3.0592,3,0.1429,-34018.97,-3.4019,0.0,-1.1647,-3.4942,14,0.6667,-10904.28,-1.0904,28.5714,-0.0621,-0.87
7004bad4,bull,s92|s84|s46,3,0.0310391325,0.0109923294,4.9428,0.0,-4.9691,7,42.8571,0.018681,3,0.4286,51724.39,5.1724,66.6667,1.7029,5.1086,2,0.2857,-23292.42,-2.3292,0.0,-1.0992,-2.1985,2,0.2857,20217.38,2.0217,50.0,1.0023,2.0047
a3481e01,bull,s93|s68|s27,3,0.0241185257,0.0159975958,4.8441,0.0,-3.6818,4,75.0,0.018666,2,0.5,48627.3,4.8627,100.0,2.4119,4.8237,1,0.25,-16671.46,-1.6671,0.0,-1.5998,-1.5998,1,0.25,24707.23,2.4707,100.0,2.4119,2.4119
ea189b0d,bull,s44|s47|s26,3,0.0301756787,0.0101994863,4.754,0.0,-4.5924,6,50.0,0.018629,2,0.3333,61593.86,6.1594,100.0,3.0176,6.0351,1,0.1667,-10789.39,-1.0789,0.0,-1.0199,-1.0199,3,0.5,9211.37,0.9211,33.3333,0.3259,0.9777
53ba3ec2,bull,s73|s10|s68,3,0.0349568024,0.0105863549,4.6535,0.0,-5.0349,8,37.5,0.018561,3,0.375,59869.99,5.987,66.6667,1.9776,5.9327,0,0.0,0.0,0.0,0.0,0.0,0.0,5,0.625,-9126.61,-0.9127,20.0,-0.1478,-0.7389
9537a45d,bear,s17|s31,2,0.0336144812,0.0141359652,4.5557,0.0,-4.7573,6,50.0,0.018474,0,0.0,0.0,0.0,0.0,0.0,0.0,1,0.1667,-14785.31,-1.4785,0.0,-1.4136,-1.4136,5,0.8333,72632.57,7.2633,60.0,1.4514,7.2572
bda54023,bull,s83|s87|s44,3,0.0227301145,0.01129907,-1.4113,0.0,-5.8365,12,33.3333,0.018443,3,0.25,29.98,0.003,33.3333,0.0044,0.0132,5,0.4167,-22517.48,-2.2517,20.0,-0.4493,-2.2466,4,0.3333,21367.96,2.1368,50.0,0.5716,2.2862
9ee8b1e2,bear,s51|s31|s27,3,0.0362267986,0.0092258665,1.0563,0.0,-7.589,15,26.6667,0.018437,3,0.2,-28348.75,-2.8349,0.0,-0.9226,-2.7678,5,0.3333,45201.39,4.5201,40.0,0.8955,4.4776,7,0.4667,24126.14,2.4126,28.5714,0.3761,2.6324
59cf269d,bull,s93|s14|s84,3,0.0312728668,0.0192424352,5.1377,0.0,-5.4158,5,60.0,0.01843,3,0.6,43800.58,4.3801,66.6667,1.4434,4.3303,0,0.0,0.0,0.0,0.0,0.0,0.0,2,0.4,10992.3,1.0992,50.0,0.6015,1.203
e8b8e35c,bull,s95|s45|s43|s3|s65,5,0.030186471,0.0084314637,-0.4149,0.0,-5.6547,15,26.6667,0.018413,8,0.5333,45488.41,4.5488,37.5,0.605,4.8402,2,0.1333,-16607.11,-1.6607,0.0,-0.8431,-1.6863,5,0.3333,-3648.59,-0.3649,20.0,-0.0708,-0.3539
3c41ec58,bull,s53|s32|s34,3,0.0268639984,0.0097897954,-2.8998,0.0,-6.3044,19,26.3158,0.018405,2,0.1053,16370.51,1.6371,50.0,0.8537,1.7074,6,0.3158,-22654.94,-2.2655,16.6667,-0.3681,-2.2085,11,0.5789,1272.61,0.1273,27.2727,0.0207,0.2274
963352b9,bear,s62|s67|s25,3,0.0322806259,0.0099418095,4.2296,0.0,-4.6867,7,42.8571,0.0184,2,0.2857,-21180.3,-2.118,0.0,-0.9942,-1.9884,1,0.1429,-10852.71,-1.0853,0.0,-0.9942,-0.9942,4,0.5714,89020.61,8.9021,75.0,2.1725,8.69
baa4f06a,bull,s48|s24|s34,3,0.0295214998,0.0114727356,-0.9769,0.0,-5.9269,13,30.7692,0.018361,6,0.4615,11587.12,1.1587,33.3333,0.2192,1.3152,2,0.1538,-22436.11,-2.2436,0.0,-1.1473,-2.2945,5,0.3846,22692.88,2.2693,40.0,0.4925,2.4625
5f39fb3b,bull,s83|s42|s9,3,0.0266305875,0.0123377278,-3.8882,0.0,-6.2973,17,29.4118,0.018289,3,0.1765,709.47,0.0709,33.3333,0.0652,0.1955,4,0.2353,-10192.78,-1.0193,25.0,-0.2596,-1.0383,10,0.5882,-7739.6,-0.774,30.0,-0.0647,-0.6472
087cb5bf,bear,s97|s17|s80,3,0.0340645169,0.0144720935,2.8672,0.0,-3.4934,7,42.8571,0.018138,0,0.0,0.0,0.0,0.0,0.0,0.0,3,0.4286,-44425.98,-4.4426,0.0,-1.4472,-4.3416,4,0.5714,87197.34,8.7197,75.0,2.193,8.7721
229a52d4,bull,s14|s12|s79,3,0.0281006367,0.013048485,-1.1472,0.0,-6.712,12,33.3333,0.018066,6,0.5,42928.66,4.2929,50.0,0.7526,4.5156,2,0.1667,-26182.61,-2.6183,0.0,-1.3048,-2.6097,4,0.3333,-11106.74,-1.1107,25.0,-0.2761,-1.1045
78093672,bear,s56|s77|s67,3,0.0237231557,0.0137753214,2.5963,0.0,-3.3284,5,60.0,0.01804,0,0.0,0.0,0.0,0.0,0.0,0.0,1,0.2,-14047.77,-1.4048,0.0,-1.3775,-1.3775,4,0.8,57300.06,5.73,75.0,1.4349,5.7394
5af8d835,bull,s44|s95|s63,3,0.0292158461,0.0106444735,2.9995,0.0,-3.9563,7,42.8571,0.018018,5,0.7143,65636.54,6.5637,60.0,1.3272,6.6359,0,0.0,0.0,0.0,0.0,0.0,0.0,2,0.2857,-21687.78,-2.1688,0.0,-1.0644,-2.1289
5e7dda9f,bull,s65|s21|s55,3,0.0278504832,0.009195082,2.8296,0.0,-3.8271,7,42.8571,0.017977,4,0.5714,37413.89,3.7414,50.0,0.9328,3.7311,1,0.1429,-9310.27,-0.931,0.0,-0.9195,-0.9195,2,0.2857,17993.22,1.7993,50.0,0.9328,1.8655
d1498052,bull,s46|s63|s27,3,0.0363515849,0.0171427903,3.585,0.0,-4.9357,7,42.8571,0.017935,2,0.2857,19157.89,1.9158,50.0,0.9604,1.9209,0,0.0,0.0,0.0,0.0,0.0,0.0,5,0.7143,19373.35,1.9373,40.0,0.4255,2.1275
78e7a45f,bull,s95|s6|s91|s38|s8,5,0.0266966791,0.0156653535,-4.8113,0.0,-7.0026,15,33.3333,0.017924,2,0.1333,-30617.24,-3.0617,0.0,-1.5665,-3.1331,3,0.2,-4931.89,-0.4932,33.3333,-0.1545,-0.4634,10,0.6667,9933.46,0.9933,40.0,0.1279,1.2795
a5287f43,bear,s57|s86|s22,3,0.0277945115,0.0170590738,2.6562,0.0,-3.804,5,60.0,0.017921,1,0.2,-17908.59,-1.7909,0.0,-1.7059,-1.7059,0,0.0,0.0,0.0,0.0,0.0,0.0,4,0.8,66699.66,6.67,75.0,1.6581,6.6324
8961d6e7,bull,s40|s96,2,0.0264045559,0.0134604012,3.6793,0.0,-5.1995,6,50.0,0.017894,2,0.3333,13437.61,1.3438,50.0,0.6472,1.2944,1,0.1667,26346.0,2.6346,100.0,2.6405,2.6405,3,0.5,-1639.48,-0.1639,33.3333,-0.0172,-0.0516
b209e6e1,bear,s57|s71|s80,3,0.0260006896,0.0137343343,-1.8103,0.0,-6.8842,11,36.3636,0.017863,1,0.0909,-13379.69,-1.338,0.0,-1.3734,-1.3734,2,0.1818,-27838.48,-2.7838,0.0,-1.3734,-2.7469,8,0.7273,47236.61,4.7237,50.0,0.6133,4.9065
c89a08c1,bull,s74|s21|s26,3,0.0336986558,0.0174853379,3.3244,0.0,-4.8337,6,50.0,0.017856,3,0.5,101399.54,10.14,100.0,3.3699,10.1096,1,0.1667,-17653.95,-1.7654,0.0,-1.7485,-1.7485,2,0.3333,-36409.32,-3.6409,0.0,-1.7485,-3.4971
1985bbef,bear,s61|s81|s27,3,0.0320559632,0.0175207443,-0.6726,0.0,-9.3751,10,40.0,0.017837,1,0.1,-17652.17,-1.7652,0.0,-1.7521,-1.7521,3,0.3,-3000.65,-0.3001,33.3333,-0.0995,-0.2986,6,0.6,41256.01,4.1256,50.0,0.7268,4.3606
b5cff202,bull,s95|s9|s58|s82,4,0.0263816439,0.0151769165,-2.1021,0.0,-6.5903,11,36.3636,0.017801,5,0.4545,45727.51,4.5728,60.0,0.9758,4.8791,2,0.1818,-29939.1,-2.9939,0.0,-1.5177,-3.0354,4,0.3636,-19015.52,-1.9016,25.0,-0.4787,-1.9149
de382014,bear,s101|s77|s51|s80,4,0.0206817332,0.0101035285,-2.3062,0.0,-5.6367,12,33.3333,0.017728,0,0.0,0.0,0.0,0.0,0.0,0.0,3,0.25,-30020.04,-3.002,0.0,-1.0104,-3.0311,9,0.75,30896.1,3.0896,44.4444,0.3579,3.2209
97629344,bull,s87|s58|s45|s82,4,0.0257761012,0.0112357335,3.0928,0.0,-4.9787,6,50.0,0.017692,3,0.5,39737.86,3.9738,66.6667,1.3439,4.0316,1,0.1667,-11480.15,-1.148,0.0,-1.1236,-1.1236,2,0.3333,14731.14,1.4731,50.0,0.727,1.454
7b9168f2,bear,s17|s85|s56,3,0.0235362775,0.0114623359,-2.29,0.0,-5.8199,12,33.3333,0.017611,2,0.1667,-22808.14,-2.2808,0.0,-1.1462,-2.2925,3,0.25,-34627.5,-3.4627,0.0,-1.1462,-3.4387,7,0.5833,58581.63,5.8582,57.1429,0.8537,5.9758
aeb28948,bear,s80|s23|s27,3,0.0298328977,0.0179796143,-2.1351,0.0,-7.9011,10,40.0,0.017551,1,0.1,-17978.96,-1.7979,0.0,-1.798,-1.798,2,0.2,11851.37,1.1851,50.0,0.5927,1.1853,7,0.7,15163.03,1.5163,42.8571,0.2511,1.758
8664a128,bear,s61|s57|s29,3,0.0239175883,0.0094838375,-1.7453,0.0,-5.9436,13,30.7692,0.017549,3,0.2308,-28304.73,-2.8305,0.0,-0.9484,-2.8452,3,0.2308,-28744.8,-2.8745,0.0,-0.9484,-2.8452,7,0.5385,65876.61,6.5877,57.1429,0.9603,6.7219
d2a34aab,bull,s83|s91|s26,3,0.0364421104,0.0121979335,4.5769,0.0,-7.1087,8,37.5,0.017517,1,0.125,37843.15,3.7843,100.0,3.6442,3.6442,2,0.25,-25136.92,-2.5137,0.0,-1.2198,-2.4396,5,0.625,34329.54,3.433,40.0,0.7258,3.629
994d42c7,bull,s91|s54|s42,3,0.0250732612,0.0122236183,-4.4745,0.0,-6.2893,17,29.4118,0.0175,3,0.1765,-376.32,-0.0376,33.3333,0.0209,0.0626,4,0.2353,-11457.69,-1.1458,25.0,-0.2899,-1.1598,10,0.5882,-11216.19,-1.1216,30.0,-0.1035,-1.0346
69c9315a,bull,s40|s1|s36|s2,4,0.0282942004,0.0122183906,-2.702,0.0,-4.7695,13,30.7692,0.01747,5,0.3846,57565.95,5.7566,60.0,1.2089,6.0446,3,0.2308,-36336.29,-3.6336,0.0,-1.2218,-3.6655,5,0.3846,-20511.85,-2.0512,20.0,-0.4116,-2.0579
92f62508,bull,s54|s45|s3,3,0.0210292814,0.0093705986,1.0796,0.0,-2.7976,7,42.8571,0.01743,4,0.5714,53338.49,5.3338,75.0,1.3429,5.3717,1,0.1429,-9424.68,-0.9425,0.0,-0.9371,-0.9371,2,0.2857,-19003.35,-1.9003,0.0,-0.9371,-1.8741
75487961,bear,s67|s57|s20,3,0.0266569129,0.0130588563,2.7886,0.0,-5.3357,6,50.0,0.017418,2,0.3333,-26729.38,-2.6729,0.0,-1.3059,-2.6118,0,0.0,0.0,0.0,0.0,0.0,0.0,4,0.6667,66802.11,6.6802,75.0,1.6728,6.6912
294d0fef,bear,s86|s56|s71|s66|s17,5,0.0283613755,0.013978994,2.3427,0.0,-4.7455,6,50.0,0.017416,2,0.3333,-28924.43,-2.8924,0.0,-1.3979,-2.7958,0,0.0,0.0,0.0,0.0,0.0,0.0,4,0.6667,71258.53,7.1259,75.0,1.7776,7.1105
18ac8b4a,bull,s84|s60,2,0.0316046122,0.0141460809,2.4805,0.0,-5.0564,7,42.8571,0.017265,3,0.4286,48369.98,4.837,66.6667,1.6354,4.9063,1,0.1429,-14474.52,-1.4475,0.0,-1.4146,-1.4146,3,0.4286,2867.27,0.2867,33.3333,0.1104,0.3312
3994ba78,bull,s95|s38|s64,3,0.0317392049,0.0183876494,-1.8294,0.0,-7.7663,11,36.3636,0.017264,1,0.0909,30323.52,3.0324,100.0,3.1739,3.1739,2,0.1818,-36188.2,-3.6188,0.0,-1.8388,-3.6775,8,0.7273,760.11,0.076,37.5,0.041,0.3279
5b1e0253,bull,s94|s44|s59,3,0.0217015318,0.012931962,-1.6501,0.0,-8.0147,11,36.3636,0.017258,4,0.3636,52246.47,5.2246,75.0,1.3043,5.2173,2,0.1818,-26642.02,-2.6642,0.0,-1.2932,-2.5864,5,0.4545,-30137.77,-3.0138,20.0,-0.6005,-3.0026
a717e9c4,bear,s100|s86|s20|s50,4,0.0190876674,0.0086929376,-1.803,0.0,-6.9607,12,33.3333,0.017257,5,0.4167,-43121.93,-4.3122,0.0,-0.8693,-4.3465,2,0.1667,10110.93,1.0111,50.0,0.5197,1.0395,5,0.4167,38844.32,3.8844,60.0,0.7975,3.9877
d5c26b95,bull,s95|s40|s87,3,0.0245470515,0.0142257614,1.7886,0.0,-4.5362,6,50.0,0.017225,2,0.3333,10670.08,1.067,50.0,0.5161,1.0321,1,0.1667,-14931.96,-1.4932,0.0,-1.4226,-1.4226,3,0.5,34435.9,3.4436,66.6667,1.1623,3.4868
81ec1c0c,bull,s79|s91,2,0.0354770874,0.0129756481,-0.4271,0.0,-7.5458,14,28.5714,0.017183,1,0.0714,35557.71,3.5558,100.0,3.5477,3.5477,2,0.1429,21989.74,2.199,50.0,1.1251,2.2501,11,0.7857,-48295.07,-4.8295,18.1818,-0.4166,-4.5827
517f29bc,bear,s67|s90|s52,3,0.041301514,0.0106184601,1.1497,0.0,-8.667,16,25.0,0.017151,11,0.6875,-16387.61,-1.6388,18.1818,-0.1178,-1.2963,3,0.1875,20646.03,2.0646,33.3333,0.6688,2.0065,2,0.125,30092.2,3.0092,50.0,1.5342,3.0683
5398f6c4,bear,s18|s90|s37,3,0.0430295666,0.0131092649,0.6553,0.0,-9.0391,14,28.5714,0.017141,5,0.3571,45648.16,4.5648,40.0,0.9346,4.6731,3,0.2143,17035.35,1.7035,33.3333,0.5604,1.6811,6,0.4286,-25513.01,-2.5513,16.6667,-0.3753,-2.2517
4aedaa96,bull,s41|s84|s79,3,0.0304246102,0.0080016395,-0.3768,0.0,-6.2591,17,23.5294,0.017103,6,0.3529,-10716.95,-1.0717,16.6667,-0.1597,-0.9584,2,0.1176,22455.73,2.2456,50.0,1.1211,2.2423,9,0.5294,4035.7,0.4036,22.2222,0.0538,0.4838
cd6d1f84,bear,s61|s56|s76,3,0.0243437501,0.0112707087,-2.0312,0.0,-6.8826,12,33.3333,0.017095,2,0.1667,-22175.21,-2.2175,0.0,-1.1271,-2.2541,3,0.25,-34340.53,-3.4341,0.0,-1.1271,-3.3812,7,0.5833,62333.07,6.2333,57.1429,0.908,6.3563
80662093,bull,s58|s42|s1,3,0.0217988745,0.0113594173,-6.0869,0.0,-7.6451,20,30.0,0.017087,7,0.35,17867.65,1.7868,42.8571,0.2851,1.9959,5,0.25,-22925.22,-2.2925,20.0,-0.4728,-2.3639,8,0.4,-24877.85,-2.4878,25.0,-0.307,-2.4559
94d4cf14,bull,s14|s54,2,0.0289484465,0.0130843341,2.1314,0.0,-5.0283,7,42.8571,0.017082,4,0.5714,73099.84,7.31,75.0,1.844,7.3761,1,0.1429,-13400.13,-1.34,0.0,-1.3084,-1.3084,2,0.2857,-26527.23,-2.6527,0.0,-1.3084,-2.6169
a07d5fc9,bear,s25|s86|s52,3,0.0326269574,0.0172517372,-2.2123,0.0,-7.5635,11,36.3636,0.017061,3,0.2727,-2326.5,-0.2326,33.3333,-0.0626,-0.1877,2,0.1818,-33863.39,-3.3863,0.0,-1.7252,-3.4503,6,0.5455,42945.64,4.2946,50.0,0.7688,4.6126
1bc3168e,bear,s80|s31|s56|s19,4,0.0335733941,0.0091034698,1.5143,0.0,-3.6003,10,30.0,0.017051,1,0.1,-9263.04,-0.9263,0.0,-0.9103,-0.9103,3,0.3,-27947.44,-2.7947,0.0,-0.9103,-2.731,6,0.6,72542.97,7.2543,50.0,1.2235,7.341
89ec1270,bull,s35|s24|s75|s82,4,0.0327371675,0.0143306001,1.6013,0.0,-4.1258,8,37.5,0.017044,4,0.5,36211.52,3.6212,50.0,0.9203,3.6813,2,0.25,-29399.08,-2.9399,0.0,-1.4331,-2.8661,2,0.25,17781.08,1.7781,50.0,0.9203,1.8407
4170c564,bull,s5|s46,2,0.0331350028,0.0193628555,1.8819,0.0,-4.8185,7,42.8571,0.01703,2,0.2857,13391.99,1.3392,50.0,0.6886,1.3772,0,0.0,0.0,0.0,0.0,0.0,0.0,5,0.7143,6384.36,0.6384,40.0,0.1636,0.8181
57612be6,bull,s64|s70,2,0.0300497402,0.0153800338,-2.472,0.0,-6.3972,12,33.3333,0.017021,1,0.0833,-15691.23,-1.5691,0.0,-1.538,-1.538,3,0.25,-1537.72,-0.1538,33.3333,-0.0237,-0.071,8,0.6667,11948.8,1.1949,37.5,0.1656,1.3249
a1803df3,bull,s60|s9|s27,3,0.0299699189,0.0178426119,-2.5095,0.0,-7.2562,11,36.3636,0.017003,1,0.0909,-17644.18,-1.7644,0.0,-1.7843,-1.7843,3,0.2727,-6117.04,-0.6117,33.3333,-0.1905,-0.5715,7,0.6364,15482.53,1.5483,42.8571,0.2648,1.8539
b547360d,bull,s41|s55,2,0.0186557484,0.0103974603,-3.6512,0.0,-4.8896,12,33.3333,0.016974,5,0.4167,34294.18,3.4294,60.0,0.7034,3.5172,4,0.3333,-13197.12,-1.3197,25.0,-0.3134,-1.2537,3,0.25,-30604.32,-3.0604,0.0,-1.0397,-3.1192
e42fbbf0,bear,s90|s29|s56,3,0.0255450609,0.0134588679,-2.27,0.0,-7.6412,11,36.3636,0.016959,4,0.3636,-53829.38,-5.3829,0.0,-1.3459,-5.3835,1,0.0909,24722.62,2.4723,100.0,2.5545,2.5545,6,0.5455,35148.47,3.5148,50.0,0.6043,3.6259
7d223b4b,bull,s65|s41|s8|s7,4,0.0221654673,0.0109472248,-6.7383,0.0,-8.4188,24,29.1667,0.016939,6,0.25,31495.57,3.1496,50.0,0.5609,3.3655,6,0.25,-31790.73,-3.1791,16.6667,-0.5428,-3.2571,12,0.5,-32299.11,-3.2299,25.0,-0.2669,-3.2029
9f85ffd1,bull,s38|s40,2,0.022802239,0.0108408704,1.0048,0.0,-3.9852,7,42.8571,0.016889,4,0.5714,57563.24,5.7563,75.0,1.4391,5.7566,0,0.0,0.0,0.0,0.0,0.0,0.0,3,0.4286,-33256.56,-3.3257,0.0,-1.0841,-3.2523
2093e3a2,bull,s55|s44|s83|s24|s41,5,0.0256571103,0.0127786434,-3.2406,0.0,-4.8449,13,30.7692,0.016851,3,0.2308,-344.39,-0.0344,33.3333,0.0033,0.01,5,0.3846,-25453.88,-2.5454,20.0,-0.5091,-2.5457,5,0.3846,11683.05,1.1683,40.0,0.2596,1.2978
73302f70,bull,s82|s1|s70,3,0.0208320016,0.0135192261,-8.5055,0.0,-10.3422,24,33.3333,0.016777,5,0.2083,65752.09,6.5752,80.0,1.3962,6.9809,5,0.2083,-65127.89,-6.5128,0.0,-1.3519,-6.7596,14,0.5833,-50619.6,-5.062,28.5714,-0.3705,-5.1864
a6de5383,bear,s97|s16|s62,3,0.0353357984,0.0116940399,2.9868,0.0,-6.6545,8,37.5,0.016717,3,0.375,-36201.62,-3.6202,0.0,-1.1694,-3.5082,1,0.125,-12471.72,-1.2472,0.0,-1.1694,-1.1694,4,0.5,94912.47,9.4912,75.0,2.3578,9.4313
d8607282,bear,s98|s89|s37,3,0.0188561884,0.0090894195,-4.0734,0.0,-8.4932,16,31.25,0.016633,5,0.3125,-45620.81,-4.5621,0.0,-0.9089,-4.5447,3,0.1875,-27177.29,-2.7177,0.0,-0.9089,-2.7268,8,0.5,66428.17,6.6428,62.5,0.8377,6.7013
febaa9f2,bull,s33|s10,2,0.0332279585,0.0159700965,1.4143,0.0,-4.8568,8,37.5,0.016574,2,0.25,16805.7,1.6806,50.0,0.8629,1.7258,0,0.0,0.0,0.0,0.0,0.0,0.0,6,0.75,631.29,0.0631,33.3333,0.0429,0.2576
22df199d,bull,s2|s84|s33,3,0.0303181719,0.0191884454,-3.1023,0.0,-7.1838,11,36.3636,0.016529,3,0.2727,39868.16,3.9868,66.6667,1.3816,4.1448,2,0.1818,-38369.89,-3.837,0.0,-1.9188,-3.8377,6,0.5455,-17412.16,-1.7412,33.3333,-0.2686,-1.6117
ccb8442c,bull,s41|s12|s21,3,0.0316699474,0.0143784293,-1.9578,0.0,-6.9709,13,30.7692,0.016527,0,0.0,0.0,0.0,0.0,0.0,0.0,5,0.3846,-26786.23,-2.6786,20.0,-0.5169,-2.5844,8,0.6154,21614.97,2.1615,37.5,0.289,2.3118
2ddf5951,bull,s83|s30|s68,3,0.0293775836,0.0117856287,2.6649,0.0,-6.6474,8,37.5,0.016515,0,0.0,0.0,0.0,0.0,0.0,0.0,3,0.375,5054.18,0.5054,33.3333,0.1935,0.5806,5,0.625,23094.86,2.3095,40.0,0.468,2.3398
5b87e2d0,bull,s43|s33|s42,3,0.0264380509,0.0111728221,-3.894,0.0,-7.345,18,27.7778,0.01646,2,0.1111,-21962.57,-2.1963,0.0,-1.1173,-2.2346,6,0.3333,6567.02,0.6567,33.3333,0.1364,0.8185,10,0.5556,327.22,0.0327,30.0,0.011,0.1104
cfc1cc68,bull,s36|s1|s27,3,0.0290829098,0.0158047185,-2.8655,0.0,-6.7258,12,33.3333,0.016407,1,0.0833,27989.06,2.7989,100.0,2.9083,2.9083,5,0.4167,-34113.18,-3.4113,20.0,-0.6827,-3.4136,6,0.5,-6619.27,-0.6619,33.3333,-0.0842,-0.5053
482d8e1d,bull,s63|s96|s42|s24,4,0.0306443435,0.0152044938,0.6768,0.0,-4.4862,8,37.5,0.01628,4,0.5,75485.47,7.5485,75.0,1.9182,7.6729,2,0.25,-31009.56,-3.101,0.0,-1.5204,-3.0409,2,0.25,-30542.93,-3.0543,0.0,-1.5204,-3.0409
3d57c07e,bull,s60|s3|s70|s40,4,0.0278381401,0.0164117771,0.2266,0.0,-4.4331,7,42.8571,0.016265,4,0.5714,22163.28,2.2163,50.0,0.5713,2.2853,2,0.2857,11000.01,1.1,50.0,0.5713,1.1426,1,0.1429,-16717.02,-1.6717,0.0,-1.6412,-1.6412
a280d929,bull,s6|s54|s12|s88,4,0.0236827553,0.0133846214,1.1216,0.0,-5.6963,7,42.8571,0.016236,3,0.4286,32612.58,3.2613,66.6667,1.1327,3.3981,2,0.2857,-26660.92,-2.6661,0.0,-1.3385,-2.6769,2,0.2857,10165.94,1.0166,50.0,0.5149,1.0298
11125dc6,bear,s80|s72|s49,3,0.0223566845,0.0115646844,-4.8167,0.0,-7.9184,16,31.25,0.016233,3,0.1875,-33440.74,-3.3441,0.0,-1.1565,-3.4694,2,0.125,-22371.43,-2.2371,0.0,-1.1565,-2.3129,11,0.6875,38651.6,3.8652,45.4545,0.3854,4.2395
5dda3500,bull,s63|s8|s1|s94|s55,5,0.0297068445,0.0185644902,0.6569,0.0,-5.1396,7,42.8571,0.016209,2,0.2857,59699.38,5.9699,100.0,2.9707,5.9414,4,0.5714,-27771.91,-2.7772,25.0,-0.6497,-2.5987,1,0.1429,-18900.32,-1.89,0.0,-1.8564,-1.8564
b74fb6e3,bull,s75|s79|s33|s69,4,0.0292657762,0.0146228735,1.1096,0.0,-5.249,8,37.5,0.016191,2,0.25,58973.84,5.8974,100.0,2.9266,5.8532,2,0.25,-30291.77,-3.0292,0.0,-1.4623,-2.9246,4,0.5,-15597.5,-1.5597,25.0,-0.3651,-1.4603
5f5bded3,bull,s45|s35|s65|s30,4,0.0286176664,0.0187927323,0.5971,0.0,-5.1409,7,42.8571,0.016175,1,0.1429,-18862.24,-1.8862,0.0,-1.8793,-1.8793,3,0.4286,-9854.55,-0.9855,33.3333,-0.2989,-0.8968,3,0.4286,37578.02,3.7578,66.6667,1.2814,3.8443
10f47521,bull,s32|s43|s40|s68|s46,5,0.0348438975,0.0188057237,0.491,0.0,-4.5969,8,37.5,0.016108,2,0.25,15431.31,1.5431,50.0,0.8019,1.6038,0,0.0,0.0,0.0,0.0,0.0,0.0,6,0.75,-7642.54,-0.7643,33.3333,-0.0923,-0.5535
33d1abb4,bear,s17|s85|s80,3,0.0276180647,0.016319478,0.194,0.0,-4.8192,7,42.8571,0.016085,0,0.0,0.0,0.0,0.0,0.0,0.0,3,0.4286,-49611.65,-4.9612,0.0,-1.6319,-4.8958,4,0.5714,65520.91,6.5521,75.0,1.6634,6.6535
4f9dd765,bull,s9|s88|s21|s68,4,0.0275265196,0.0170334994,0.3346,0.0,-5.0671,7,42.8571,0.016059,0,0.0,0.0,0.0,0.0,0.0,0.0,1,0.1429,-17080.76,-1.7081,0.0,-1.7033,-1.7033,6,0.8571,30074.97,3.0075,50.0,0.5247,3.1479
3bcc359b,bull,s78|s93|s9|s8,4,0.0251979844,0.0098444584,-2.6324,0.0,-5.3181,15,26.6667,0.016055,1,0.0667,-9462.26,-0.9462,0.0,-0.9844,-0.9844,5,0.3333,19715.27,1.9715,40.0,0.4173,2.0863,9,0.6,-19506.62,-1.9507,22.2222,-0.2057,-1.8515
7c9a7074,bear,s90|s61|s27,3,0.0316240343,0.0102275481,-1.3797,0.0,-11.0735,18,27.7778,0.016054,5,0.2778,-10657.93,-1.0658,20.0,-0.1857,-0.9286,4,0.2222,1640.61,0.1641,25.0,0.0235,0.0941,9,0.5,31184.51,3.1185,33.3333,0.3723,3.3507
2d89c680,bear,s50|s66|s57,3,0.0203853436,0.0112518796,0.1289,0.0,-4.8154,7,42.8571,0.01605,2,0.2857,-22532.6,-2.2533,0.0,-1.1252,-2.2504,1,0.1429,-11214.82,-1.1215,0.0,-1.1252,-1.1252,4,0.5714,48995.09,4.8995,75.0,1.2476,4.9904
7fea500d,bull,s38|s14|s94|s44,4,0.0184293009,0.0098209671,-4.9815,0.0,-7.0437,17,29.4118,0.016041,9,0.5294,-4323.33,-0.4323,33.3333,-0.0404,-0.3638,5,0.2941,-20258.18,-2.0258,20.0,-0.4171,-2.0855,3,0.1765,-1502.44,-0.1502,33.3333,-0.0404,-0.1213
1a3fd2e2,bull,s5|s14|s1,3,0.0297544654,0.0159010946,-2.4604,0.0,-7.7857,12,33.3333,0.016032,2,0.1667,13193.0,1.3193,50.0,0.6927,1.3853,3,0.25,-47638.04,-4.7638,0.0,-1.5901,-4.7703,7,0.5833,23654.44,2.3654,42.8571,0.3666,2.5659
d1fcc417,bull,s69|s12|s35|s42,4,0.0271671099,0.0090094183,-2.1396,0.0,-5.4588,16,25.0,0.016021,3,0.1875,8476.16,0.8476,33.3333,0.3049,0.9148,3,0.1875,-26516.26,-2.6516,0.0,-0.9009,-2.7028,10,0.625,16399.34,1.6399,30.0,0.1844,1.8435
b9953ba7,bull,s38|s34|s43,3,0.0320494688,0.0084076741,-1.4304,0.0,-5.5051,18,22.2222,0.015995,2,0.1111,22390.15,2.239,50.0,1.1821,2.3642,5,0.2778,-41074.76,-4.1075,0.0,-0.8408,-4.2038,11,0.6111,26311.43,2.6311,27.2727,0.2626,2.8887
0393ac75,bull,s82|s14,2,0.026715708,0.0104133413,-2.9337,0.0,-4.9992,15,26.6667,0.01598,4,0.2667,-4757.41,-0.4757,25.0,-0.1131,-0.4524,4,0.2667,-5085.1,-0.5085,25.0,-0.1131,-0.4524,7,0.4667,270.89,0.0271,28.5714,0.0195,0.1365
8569dc32,bull,s42|s48|s27,3,0.0377247179,0.0088072175,1.8322,0.0,-5.2926,12,25.0,0.015948,4,0.3333,57052.56,5.7053,50.0,1.4459,5.7835,3,0.25,-27016.12,-2.7016,0.0,-0.8807,-2.6422,5,0.4167,1606.64,0.1607,20.0,0.0499,0.2496
bf710c7c,bear,s81|s16|s52,3,0.0280553276,0.015223495,-2.5412,0.0,-8.9102,11,36.3636,0.015883,2,0.1818,-30108.41,-3.0108,0.0,-1.5223,-3.0447,4,0.3636,26071.38,2.6071,50.0,0.6416,2.5664,5,0.4545,7593.35,0.7593,40.0,0.2088,1.044
9756ff34,bull,s75|s32,2,0.0259878477,0.0154375522,0.0689,0.0,-5.1356,7,42.8571,0.015882,5,0.7143,46593.33,4.6593,60.0,0.9418,4.7088,2,0.2857,-31751.48,-3.1751,0.0,-1.5438,-3.0875,0,0.0,0.0,0.0,0.0,0.0,0.0
99b0d339,bear,s25|s56|s26,3,0.0267722547,0.0090368708,-1.2981,0.0,-7.9831,14,28.5714,0.01584,5,0.3571,-45463.63,-4.5464,0.0,-0.9037,-4.5184,2,0.1429,-18227.78,-1.8228,0.0,-0.9037,-1.8074,7,0.5,78966.44,7.8966,57.1429,1.1425,7.9978
a52d1c14,bull,s35|s58|s68|s8,4,0.0208279625,0.0095950033,-4.5463,0.0,-7.0643,18,27.7778,0.015824,7,0.3889,23356.75,2.3357,42.8571,0.3443,2.4104,4,0.2222,-37735.06,-3.7735,0.0,-0.9595,-3.838,7,0.3889,-7052.88,-0.7053,28.5714,-0.0903,-0.6319
7bef92fd,bull,s60|s87|s4|s94|s43,5,0.0290116401,0.0173881965,-3.7282,0.0,-6.3874,12,33.3333,0.015822,3,0.25,38242.09,3.8242,66.6667,1.3545,4.0635,2,0.1667,-34857.01,-3.4857,0.0,-1.7388,-3.4776,7,0.5833,-28422.2,-2.8422,28.5714,-0.4131,-2.8918
6663cd00,bull,s58|s14,2,0.0190406756,0.0096488944,-5.0979,0.0,-7.1154,17,29.4118,0.015809,9,0.5294,27009.05,2.7009,44.4444,0.3102,2.7918,3,0.1765,-28586.59,-2.8587,0.0,-0.9649,-2.8947,5,0.2941,-19689.63,-1.969,20.0,-0.3911,-1.9555
75015f6c,bear,s76|s25|s26,3,0.018139992,0.0105217915,-0.2334,0.0,-4.9089,7,42.8571,0.015808,1,0.1429,-10748.75,-1.0749,0.0,-1.0522,-1.0522,2,0.2857,-21485.81,-2.1486,0.0,-1.0522,-2.1044,4,0.5714,44193.34,4.4193,75.0,1.0975,4.3898
6ca3ee90,bear,s62|s71|s26,3,0.0203987823,0.0130990939,-0.6152,0.0,-4.4552,7,42.8571,0.015784,3,0.4286,-39179.73,-3.918,0.0,-1.3099,-3.9297,1,0.1429,-13342.0,-1.3342,0.0,-1.3099,-1.3099,3,0.4286,60292.5,6.0292,100.0,2.0399,6.1196
2687412b,bull,s47|s64|s14,3,0.0227616354,0.0095830524,-4.614,0.0,-6.3321,19,26.3158,0.015768,6,0.3158,-24787.76,-2.4788,16.6667,-0.4192,-2.5154,4,0.2105,-5973.71,-0.5974,25.0,-0.1497,-0.5988,9,0.4737,8816.31,0.8816,33.3333,0.1199,1.0787
fa1a65ad,bear,s57|s29|s16|s51,4,0.0237157109,0.0146053916,-0.248,0.0,-5.0532,7,42.8571,0.015739,1,0.1429,-14727.48,-1.4727,0.0,-1.4605,-1.4605,2,0.2857,9198.69,0.9199,50.0,0.4555,0.911,4,0.5714,16994.38,1.6994,50.0,0.4555,1.8221
e93695b8,bear,s66|s29|s52|s62|s19,5,0.0239945985,0.0120478931,-2.6042,0.0,-8.123,12,33.3333,0.015651,3,0.25,-35862.71,-3.5863,0.0,-1.2048,-3.6144,2,0.1667,-24581.81,-2.4582,0.0,-1.2048,-2.4096,7,0.5833,58770.32,5.877,57.1429,0.8548,5.9835
f7463330,bull,s82|s15|s74,3,0.0315814523,0.0125618288,0.7103,0.0,-5.3582,9,33.3333,0.015618,3,0.3333,49808.13,4.9808,66.6667,1.6867,5.0601,4,0.4444,-51029.75,-5.103,0.0,-1.2562,-5.0247,2,0.2222,18751.4,1.8751,50.0,0.951,1.902
8b71466f,bull,s58|s82|s74,3,0.0247298744,0.014014356,-6.8523,0.0,-8.7702,19,31.5789,0.015586,5,0.2632,42721.92,4.2722,60.0,0.9232,4.6161,3,0.1579,-3998.27,-0.3998,33.3333,-0.11,-0.3299,11,0.5789,-74304.05,-7.4304,18.1818,-0.697,-7.6669
2eb03a53,bear,s18|s23|s25|s62|s72,5,0.0316694945,0.0140074597,-1.8951,0.0,-9.2172,12,33.3333,0.015544,4,0.3333,-56388.19,-5.6388,0.0,-1.4007,-5.603,2,0.1667,-29091.7,-2.9092,0.0,-1.4007,-2.8015,6,0.5,97691.56,9.7692,66.6667,1.6444,9.8663
828105c4,bear,s100|s28|s27,3,0.0309912032,0.0181165697,-3.3004,0.0,-8.4141,11,36.3636,0.015542,5,0.4545,4896.24,0.4896,40.0,0.1527,0.7633,4,0.3636,-22790.47,-2.279,25.0,-0.584,-2.3359,2,0.1818,12285.79,1.2286,50.0,0.6437,1.2875
2e7173dc,bull,s41|s91|s34,3,0.0311727749,0.0167846092,-5.6209,0.0,-7.5705,16,31.25,0.015538,1,0.0625,-16597.95,-1.6598,0.0,-1.6785,-1.6785,4,0.25,-19825.4,-1.9825,25.0,-0.4795,-1.9181,11,0.6875,4747.98,0.4748,36.3636,0.0654,0.7199
d28860b5,bear,s13|s17|s50|s19,4,0.0225535572,0.0127644443,-3.6806,0.0,-6.8583,12,33.3333,0.015529,1,0.0833,-12371.58,-1.2372,0.0,-1.2764,-1.2764,4,0.3333,-50534.75,-5.0535,0.0,-1.2764,-5.1058,7,0.5833,49865.02,4.9865,57.1429,0.7417,5.1921
979cc21a,bear,s100|s23|s27,3,0.0333862606,0.0143591028,1.0264,0.0,-6.6018,8,37.5,0.015488,2,0.25,-30166.81,-3.0167,0.0,-1.4359,-2.8718,2,0.25,19623.48,1.9623,50.0,0.9514,1.9027,4,0.5,37346.13,3.7346,50.0,0.9514,3.8054
cde0570f,bull,s74|s88|s2|s4|s94,5,0.0255144094,0.0119922024,-4.3028,0.0,-8.499,17,29.4118,0.015479,6,0.3529,38816.31,3.8816,50.0,0.6761,4.0567,3,0.1765,-35953.41,-3.5953,0.0,-1.1992,-3.5977,8,0.4706,-20908.14,-2.0908,25.0,-0.2616,-2.0924
5e5d6075,bull,s70|s53|s88|s47|s44,5,0.0248933314,0.0107168435,-3.4568,0.0,-5.5381,14,28.5714,0.015476,4,0.2857,-7402.55,-0.7403,25.0,-0.1814,-0.7257,6,0.4286,-28684.06,-2.8684,16.6667,-0.4782,-2.8691,4,0.2857,27042.9,2.7043,50.0,0.7088,2.8353
490c3109,bear,s100|s98|s27,3,0.031604996,0.0190217969,0.2522,0.0,-6.3965,7,42.8571,0.015455,2,0.2857,-40144.79,-4.0145,0.0,-1.9022,-3.8044,1,0.1429,32755.38,3.2755,100.0,3.1605,3.1605,4,0.5714,24290.71,2.4291,50.0,0.6292,2.5166
7b3b8389,bull,s10|s38|s94,3,0.0292152951,0.0134984884,-0.4805,0.0,-4.1959,9,33.3333,0.015388,5,0.5556,58406.49,5.8406,60.0,1.213,6.0649,1,0.1111,-13406.34,-1.3406,0.0,-1.3498,-1.3498,3,0.3333,-40248.2,-4.0248,0.0,-1.3498,-4.0495
50b8140a,bull,s55|s87|s70|s82|s4,5,0.0329896729,0.0137319016,-2.4208,0.0,-7.0264,14,28.5714,0.015387,2,0.1429,18592.21,1.8592,50.0,0.9629,1.9258,3,0.2143,-41186.15,-4.1186,0.0,-1.3732,-4.1196,9,0.6429,14282.29,1.4282,33.3333,0.1842,1.6578
a2470470,bull,s64|s78|s60|s14,4,0.0282650803,0.0108385885,-3.0139,0.0,-5.564,15,26.6667,0.015376,4,0.2667,-4405.42,-0.4405,25.0,-0.1063,-0.4251,4,0.2667,-4915.04,-0.4915,25.0,-0.1063,-0.4251,7,0.4667,999.34,0.0999,28.5714,0.0334,0.2337
931acbcd,bear,s62|s16|s89,3,0.029259201,0.0115538532,-1.5107,0.0,-9.0992,13,30.7692,0.015331,4,0.3077,-46531.22,-4.6531,0.0,-1.1554,-4.6215,1,0.0769,-12004.96,-1.2005,0.0,-1.1554,-1.1554,8,0.6154,69672.84,6.9673,50.0,0.8853,7.0821
75d8f718,bull,s88|s64|s55,3,0.035726816,0.008699862,-0.3158,0.0,-7.6071,18,22.2222,0.01533,1,0.0556,-9183.97,-0.9184,0.0,-0.87,-0.87,5,0.2778,634.74,0.0635,20.0,0.0185,0.0927,12,0.6667,27055.35,2.7055,25.0,0.2407,2.8882
7375642a,bear,s76|s17|s27,3,0.0370624356,0.0100032956,1.9,0.0,-6.9841,10,30.0,0.01533,3,0.3,-30830.01,-3.083,0.0,-1.0003,-3.001,2,0.2,-20865.78,-2.0866,0.0,-1.0003,-2.0007,5,0.5,91219.37,9.1219,60.0,1.8236,9.1181
b94cb46a,bull,s4|s94,2,0.0260560134,0.0115667715,0.1157,0.0,-5.1022,9,33.3333,0.015328,4,0.4444,28390.83,2.8391,50.0,0.7245,2.8978,2,0.2222,-23603.17,-2.3603,0.0,-1.1567,-2.3134,3,0.3333,2847.3,0.2847,33.3333,0.0974,0.2922
270e6a9d,bear,s37|s66|s27,3,0.0459771114,0.0198753637,1.8211,0.0,-8.0369,8,37.5,0.015308,2,0.25,-40900.27,-4.09,0.0,-1.9875,-3.9751,3,0.375,71938.14,7.1938,66.6667,2.4026,7.2079,3,0.375,4047.21,0.4047,33.3333,0.2075,0.6226
ed007388,bull,s2|s46|s34|s73|s21,5,0.0300235893,0.0182403938,-0.656,0.0,-4.7525,8,37.5,0.015299,3,0.375,39673.85,3.9674,66.6667,1.3936,4.1807,3,0.375,-6554.35,-0.6554,33.3333,-0.2152,-0.6457,2,0.25,-36450.85,-3.6451,0.0,-1.824,-3.6481
05dd3140,bull,s14|s54|s36,3,0.0279905366,0.0120130838,-3.0215,0.0,-6.3433,14,28.5714,0.015288,6,0.4286,6869.91,0.687,33.3333,0.1321,0.7929,2,0.1429,-23519.84,-2.352,0.0,-1.2013,-2.4026,6,0.4286,6050.95,0.6051,33.3333,0.1321,0.7929
d08b4818,bull,s35|s30|s11|s32|s1,5,0.0210982673,0.0103636127,-4.3697,0.0,-8.6091,17,29.4118,0.015276,4,0.2353,-10568.53,-1.0569,25.0,-0.2498,-0.9993,3,0.1765,313.15,0.0313,33.3333,0.0124,0.0371,10,0.5882,-9153.16,-0.9153,30.0,-0.0925,-0.925
2e38ac43,bear,s80|s29,2,0.030932691,0.0084034577,1.2458,0.0,-6.2325,10,30.0,0.015257,3,0.3,-25724.06,-2.5724,0.0,-0.8403,-2.521,2,0.2,-17372.89,-1.7373,0.0,-0.8403,-1.6807,5,0.5,75956.78,7.5957,60.0,1.5198,7.5991
43b55655,bear,s28|s101|s72|s50,4,0.0196338702,0.0090929799,-2.992,0.0,-7.3365,13,30.7692,0.015166,5,0.3846,-44683.04,-4.4683,0.0,-0.9093,-4.5465,2,0.1538,-18166.76,-1.8167,0.0,-0.9093,-1.8186,6,0.4615,58573.36,5.8573,66.6667,1.0058,6.035
e0108c81,bull,s43|s44|s94|s91|s39,5,0.025214918,0.0150560856,-5.8833,0.0,-7.6116,16,31.25,0.015162,2,0.125,9348.62,0.9349,50.0,0.5079,1.0159,6,0.375,-49185.58,-4.9186,16.6667,-0.8344,-5.0066,8,0.5,-701.82,-0.0702,37.5,0.0046,0.0364
fd9816e3,bull,s65|s4|s8|s24,4,0.0294401592,0.0107008246,-2.4229,0.0,-6.5922,15,26.6667,0.01516,6,0.4,14704.88,1.4705,33.3333,0.268,1.6077,2,0.1333,-20899.32,-2.0899,0.0,-1.0701,-2.1402,7,0.4667,3427.98,0.3428,28.5714,0.0768,0.5376
0b9c5650,bull,s44|s94|s5|s43,4,0.0307686047,0.0179072176,-3.9672,0.0,-6.9936,12,33.3333,0.015156,1,0.0833,29468.73,2.9469,100.0,3.0769,3.0769,4,0.3333,-23601.77,-2.3602,25.0,-0.5738,-2.2953,7,0.5833,-28851.77,-2.8852,28.5714,-0.4,-2.7999
eca8ffc0,bull,s88|s69,2,0.0281692232,0.0085780688,0.3721,0.0,-4.8512,11,27.2727,0.015126,1,0.0909,28080.08,2.808,100.0,2.8169,2.8169,2,0.1818,-17009.38,-1.7009,0.0,-0.8578,-1.7156,8,0.7273,3320.53,0.3321,25.0,0.0609,0.487
47bfc2fa,bull,s38|s21|s27,3,0.0350942885,0.0129483295,1.4778,0.0,-7.2942,9,33.3333,0.015125,1,0.1111,36300.61,3.6301,100.0,3.5094,3.5094,4,0.4444,-53809.61,-5.381,0.0,-1.2948,-5.1793,4,0.4444,43413.02,4.3413,50.0,1.1073,4.4292
65ab4987,bull,s44|s47|s78,3,0.0319445901,0.0177417199,-0.8965,0.0,-4.8766,8,37.5,0.015085,1,0.125,31219.38,3.1219,100.0,3.1945,3.1945,4,0.5,-21791.47,-2.1791,25.0,-0.532,-2.1281,3,0.375,-4642.56,-0.4643,33.3333,-0.118,-0.3539
eb495b30,bear,s31|s57|s27,3,0.0364350557,0.0128474608,1.1924,0.0,-7.1954,9,33.3333,0.014973,3,0.3333,-39095.91,-3.9096,0.0,-1.2847,-3.8542,1,0.1111,-13320.42,-1.332,0.0,-1.2847,-1.2847,5,0.5556,82563.13,8.2563,60.0,1.6722,8.361
55cf55e2,bull,s4|s6,2,0.035674374,0.0129240159,0.5914,0.0,-5.9015,10,30.0,0.014932,3,0.3,9669.67,0.967,33.3333,0.3275,0.9826,1,0.1,-13143.6,-1.3144,0.0,-1.2924,-1.2924,6,0.6,17623.13,1.7623,33.3333,0.3275,1.9653
68f9c436,bear,s18|s28|s27,3,0.0415267351,0.0194238923,2.0769,0.0,-9.3033,8,37.5,0.014864,2,0.25,-39676.05,-3.9676,0.0,-1.9424,-3.8848,4,0.5,42593.16,4.2593,50.0,1.1051,4.4206,2,0.25,21299.08,2.1299,50.0,1.1051,2.2103
1aa1e45d,bull,s69|s34|s10|s42,4,0.0334489086,0.0121929152,-2.0436,0.0,-7.4296,15,26.6667,0.014861,3,0.2,8443.3,0.8443,33.3333,0.3021,0.9063,3,0.2,-35866.42,-3.5866,0.0,-1.2193,-3.6579,9,0.6,23710.52,2.3711,33.3333,0.3021,2.7189
30265ce0,bull,s55|s64,2,0.0298229041,0.0179081554,-0.1604,0.0,-7.334,7,42.8571,0.01483,2,0.2857,59376.86,5.9377,100.0,2.9823,5.9646,2,0.2857,-35994.23,-3.5994,0.0,-1.7908,-3.5816,3,0.4286,-7433.24,-0.7433,33.3333,-0.1998,-0.5993
e4414fb5,bull,s4|s34|s65,3,0.0328864345,0.0096706967,-1.8786,0.0,-6.5318,17,23.5294,0.014783,3,0.1765,12767.97,1.2768,33.3333,0.4515,1.3545,4,0.2353,-38185.07,-3.8185,0.0,-0.9671,-3.8683,10,0.5882,28221.14,2.8221,30.0,0.3096,3.0964
8bcce901,bull,s55|s4,2,0.0295188418,0.0141397866,-0.3469,0.0,-6.3195,8,37.5,0.014745,2,0.25,58634.24,5.8634,100.0,2.9519,5.9038,3,0.375,-156.95,-0.0157,33.3333,0.0413,0.1239,3,0.375,-42443.73,-4.2444,0.0,-1.414,-4.2419
8aac5171,bull,s53|s87|s63,3,0.0290585239,0.0173946761,0.1723,0.0,-8.0789,7,42.8571,0.014703,4,0.5714,67643.96,6.7644,75.0,1.7445,6.9781,1,0.1429,-17814.5,-1.7815,0.0,-1.7395,-1.7395,2,0.2857,-34290.31,-3.429,0.0,-1.7395,-3.4789
4abd3fe5,bear,s100|s51|s27,3,0.0402597968,0.0187174269,0.7957,0.0,-8.0311,8,37.5,0.014654,2,0.25,-39020.64,-3.9021,0.0,-1.8717,-3.7435,3,0.375,63201.85,6.3202,66.6667,2.0601,6.1802,3,0.375,432.63,0.0433,33.3333,0.0942,0.2825
5fc970f7,bear,s37|s90|s98,3,0.0369630818,0.0158256167,-2.4249,0.0,-8.7521,13,30.7692,0.014651,5,0.3846,-27007.78,-2.7008,20.0,-0.5268,-2.6339,5,0.3846,-26642.37,-2.6642,20.0,-0.5268,-2.6339,3,0.2308,55697.23,5.5697,66.6667,1.9367,5.8101
3de4d175,bull,s53|s74|s95,3,0.0269991762,0.0142397376,-0.9098,0.0,-5.8401,8,37.5,0.014614,5,0.625,51716.07,5.1716,60.0,1.0504,5.2518,2,0.25,-29110.19,-2.911,0.0,-1.424,-2.8479,1,0.125,-14337.0,-1.4337,0.0,-1.424,-1.424
3630e0ea,bear,s81|s29|s71,3,0.037290984,0.0197078692,-0.5675,0.0,-6.3631,8,37.5,0.014583,3,0.375,-58720.84,-5.8721,0.0,-1.9708,-5.9124,2,0.25,16194.37,1.6194,50.0,0.8792,1.7583,3,0.375,52714.06,5.2714,66.6667,1.8291,5.4874
86ff9820,bull,s54|s42|s69|s44,4,0.022284631,0.0139472203,-3.9868,0.0,-7.8201,12,33.3333,0.014542,2,0.1667,8347.79,0.8348,50.0,0.4169,0.8337,5,0.4167,-33102.31,-3.3102,20.0,-0.6701,-3.3504,5,0.4167,1040.24,0.104,40.0,0.0546,0.2728
851d861f,bull,s7|s60|s93,3,0.0307390082,0.014962447,0.3126,0.0,-7.6371,8,37.5,0.014534,5,0.625,60432.33,6.0432,60.0,1.2458,6.2292,1,0.125,-15359.21,-1.5359,0.0,-1.4962,-1.4962,2,0.25,-29686.48,-2.9686,0.0,-1.4962,-2.9925
83413f01,bear,s89|s62|s37,3,0.0401067132,0.0199655463,0.1245,0.0,-7.4322,8,37.5,0.014512,1,0.125,-20684.04,-2.0684,0.0,-1.9966,-1.9966,2,0.25,-40891.32,-4.0891,0.0,-1.9966,-3.9931,5,0.625,79078.06,7.9078,60.0,1.6078,8.0389
63b1fffd,bear,s29|s13|s85|s16|s18,5,0.0370857803,0.0137145268,0.8491,0.0,-7.6052,9,33.3333,0.014505,2,0.2222,-27968.42,-2.7968,0.0,-1.3715,-2.7429,2,0.2222,-28460.7,-2.8461,0.0,-1.3715,-2.7429,5,0.5556,83337.85,8.3338,60.0,1.6766,8.3828
6e157490,bear,s28|s18|s100,3,0.0450684259,0.012982103,2.2652,0.0,-8.916,10,30.0,0.014463,3,0.3,77447.44,7.7447,66.6667,2.5718,7.7155,4,0.4,-53413.58,-5.3414,0.0,-1.2982,-5.1928,3,0.3,17536.65,1.7537,33.3333,0.6368,1.9104
67be199e,bull,s73|s54|s35,3,0.0282846378,0.0145174109,-0.3195,0.0,-6.9983,8,37.5,0.014436,4,0.5,68773.34,6.8773,75.0,1.7584,7.0337,1,0.125,-14867.79,-1.4868,0.0,-1.4517,-1.4517,3,0.375,-43407.79,-4.3408,0.0,-1.4517,-4.3552
a68b10ae,bull,s30|s64|s39|s93|s32,5,0.0239347801,0.0149267161,-6.2288,0.0,-7.9177,16,31.25,0.014426,2,0.125,-28742.86,-2.8743,0.0,-1.4927,-2.9853,4,0.25,16264.6,1.6265,50.0,0.4504,1.8016,10,0.625,-32837.83,-3.2838,30.0,-0.3268,-3.2683
0cab5f03,bull,s63|s14|s96|s34|s42,5,0.0310082609,0.0145085569,-4.1092,0.0,-5.9351,14,28.5714,0.014412,3,0.2143,1293.65,0.1294,33.3333,0.0664,0.1991,3,0.2143,-42790.81,-4.2791,0.0,-1.4509,-4.3526,8,0.5714,18163.96,1.8164,37.5,0.256,2.0482
ef7703ea,bull,s75|s82|s48|s95|s91,5,0.030439178,0.0194719782,-2.3994,0.0,-4.2916,8,37.5,0.014404,2,0.25,10133.06,1.0133,50.0,0.5484,1.0967,2,0.25,10171.56,1.0172,50.0,0.5484,1.0967,4,0.5,-28360.03,-2.836,25.0,-0.6994,-2.7977
ee0eee5d,bull,s39|s41,2,0.0271681239,0.0125455401,-3.6451,0.0,-6.656,14,28.5714,0.014326,3,0.2143,1700.54,0.1701,33.3333,0.0692,0.2077,2,0.1429,-24826.59,-2.4827,0.0,-1.2546,-2.5091,9,0.6429,4397.95,0.4398,33.3333,0.0692,0.6231
8b2fca71,bull,s42|s43|s9,3,0.0326262442,0.0167266688,-4.3768,0.0,-6.7762,13,30.7692,0.014163,0,0.0,0.0,0.0,0.0,0.0,0.0,4,0.3077,-18527.52,-1.8528,25.0,-0.4388,-1.7554,9,0.6923,-4189.26,-0.4189,33.3333,-0.0276,-0.2481
3857e03c,bear,s90|s62|s80,3,0.0278357476,0.0085385171,0.24,0.0,-6.7831,10,30.0,0.014122,1,0.1,-8784.17,-0.8784,0.0,-0.8539,-0.8539,2,0.2,-17494.41,-1.7494,0.0,-0.8539,-1.7077,7,0.7,48969.04,4.8969,42.8571,0.705,4.9353
5fa3436d,bull,s74|s7|s30,3,0.0315642348,0.0104832444,-3.9711,0.0,-7.3148,21,23.8095,0.014112,3,0.1429,9677.75,0.9678,33.3333,0.3533,1.0598,8,0.381,-41494.05,-4.1494,12.5,-0.5227,-4.1818,10,0.4762,18787.4,1.8787,30.0,0.2131,2.131
9e627c96,bull,s24|s33,2,0.0322623916,0.008972949,-0.6137,0.0,-4.6267,12,25.0,0.01408,6,0.5,27878.67,2.7879,33.3333,0.4772,2.8633,2,0.1667,-18231.26,-1.8231,0.0,-0.8973,-1.7946,4,0.3333,4560.96,0.4561,25.0,0.1336,0.5344
168b9afb,bull,s4|s74|s46,3,0.0360580092,0.012771607,-0.5549,0.0,-5.2163,11,27.2727,0.014069,4,0.3636,45117.06,4.5117,50.0,1.1643,4.6573,1,0.0909,-12806.09,-1.2806,0.0,-1.2772,-1.2772,6,0.5455,-28952.89,-2.8953,16.6667,-0.4633,-2.78
16244ea9,bear,s18|s56|s37,3,0.0340625127,0.0130511787,-1.9172,0.0,-9.2982,14,28.5714,0.014042,4,0.2857,40034.13,4.0034,50.0,1.0506,4.2023,5,0.3571,-17756.28,-1.7756,20.0,-0.3628,-1.8142,5,0.3571,-19449.75,-1.945,20.0,-0.3628,-1.8142
534669a9,bull,s53|s43|s33|s5|s94,5,0.0341615702,0.0096368907,-2.3213,0.0,-6.1777,18,22.2222,0.013985,3,0.1667,13726.56,1.3727,33.3333,0.4963,1.4888,4,0.2222,-37801.81,-3.7802,0.0,-0.9637,-3.8548,11,0.6111,22832.42,2.2832,27.2727,0.2308,2.539
9e85056e,bull,s84|s6|s44|s46,4,0.0221114522,0.0144247529,-4.5087,0.0,-7.9384,12,33.3333,0.013956,3,0.25,-6478.67,-0.6479,33.3333,-0.2246,-0.6738,4,0.3333,-20885.52,-2.0886,25.0,-0.5291,-2.1163,5,0.4167,-289.01,-0.0289,40.0,0.019,0.0949
df5a897c,bear,s99|s20|s26,3,0.0193938357,0.009990038,-2.0376,0.0,-4.8638,9,33.3333,0.013906,0,0.0,0.0,0.0,0.0,0.0,0.0,0,0.0,0.0,0.0,0.0,0.0,0.0,9,1.0,-2283.61,-0.2284,33.3333,-0.0195,-0.1759
a7b6db86,bull,s79|s69|s6,3,0.0359577366,0.0081601082,-0.0444,0.0,-4.8527,14,21.4286,0.013874,3,0.2143,19388.87,1.9389,33.3333,0.6546,1.9638,2,0.1429,-16626.15,-1.6626,0.0,-0.816,-1.632,9,0.6429,13089.32,1.3089,22.2222,0.1644,1.4795
c6f9a58f,bull,s42|s64|s68,3,0.032906241,0.0193914327,-4.542,0.0,-8.0091,12,33.3333,0.013873,0,0.0,0.0,0.0,0.0,0.0,0.0,4,0.3333,-26016.94,-2.6017,25.0,-0.6317,-2.5268,8,0.6667,-576.21,-0.0576,37.5,0.022,0.1762
980f3e20,bull,s7|s3|s34,3,0.022866094,0.0138456522,-8.4265,0.0,-10.0779,22,31.8182,0.013867,4,0.1818,51088.34,5.1088,75.0,1.3688,5.4753,4,0.1818,-53244.22,-5.3244,0.0,-1.3846,-5.5383,14,0.6364,-46737.09,-4.6737,28.5714,-0.3357,-4.6992
17268595,bear,s76|s20|s27,3,0.0223909932,0.0129567789,-4.0989,0.0,-8.6332,12,33.3333,0.013849,3,0.25,-38015.94,-3.8016,0.0,-1.2957,-3.887,1,0.0833,-13137.86,-1.3138,0.0,-1.2957,-1.2957,8,0.6667,36102.46,3.6102,50.0,0.4717,3.7737
ade8bc58,bull,s91|s11|s60|s45,4,0.0260374139,0.0166364547,-2.0305,0.0,-6.0207,8,37.5,0.013811,3,0.375,34231.02,3.4231,66.6667,1.1813,3.5438,1,0.125,-16864.27,-1.6864,0.0,-1.6636,-1.6636,4,0.5,-23912.81,-2.3913,25.0,-0.5968,-2.3872
539911b9,bull,s75|s7|s26,3,0.0341174511,0.0088718629,-0.4868,0.0,-5.1887,12,25.0,0.013797,4,0.3333,50507.34,5.0507,50.0,1.2623,5.0491,3,0.25,-27265.75,-2.7266,0.0,-0.8872,-2.6616,5,0.4167,-2460.77,-0.2461,20.0,-0.0274,-0.137
df918806,bull,s30|s96|s26,3,0.0266154066,0.0110275901,-4.819,0.0,-7.7936,19,26.3158,0.01379,6,0.3158,81118.02,8.1118,66.6667,1.4068,8.4406,6,0.3158,-64938.71,-6.4939,0.0,-1.1028,-6.6166,7,0.3684,-38887.94,-3.8888,14.2857,-0.565,-3.955
7b0bea79,bull,s48|s8|s92|s14|s60,5,0.0271279064,0.0146589973,-0.5833,0.0,-8.03,8,37.5,0.013772,5,0.625,50366.3,5.0366,60.0,1.0413,5.2066,1,0.125,-14999.86,-1.5,0.0,-1.4659,-1.4659,2,0.25,-28983.53,-2.8984,0.0,-1.4659,-2.9318
1dfb8389,bull,s53|s2|s4,3,0.026251257,0.011678504,-3.8751,0.0,-7.037,14,28.5714,0.013749,6,0.4286,40319.13,4.0319,50.0,0.7286,4.3718,3,0.2143,-33750.99,-3.3751,0.0,-1.1679,-3.5036,5,0.3571,-20570.17,-2.057,20.0,-0.4093,-2.0463
893343b6,bull,s75|s91|s47|s4|s94,5,0.0329374673,0.010395275,-0.8955,0.0,-4.7362,12,25.0,0.01373,3,0.25,53701.51,5.3702,66.6667,1.8493,5.548,3,0.25,-31329.28,-3.1329,0.0,-1.0395,-3.1186,6,0.5,-19197.21,-1.9197,16.6667,-0.3173,-1.9039
bd0f052c,bear,s77|s18|s27,3,0.0465587481,0.0172734169,0.7133,0.0,-8.8774,9,33.3333,0.01372,4,0.4444,-7673.83,-0.7674,25.0,-0.1315,-0.5262,2,0.2222,29669.75,2.967,50.0,1.4643,2.9285,3,0.3333,10392.27,1.0392,33.3333,0.4004,1.2012
09a5581d,bull,s68|s32|s33|s21,4,0.0264663052,0.01758028,-1.446,0.0,-7.1399,8,37.5,0.013647,3,0.375,-8771.78,-0.8772,33.3333,-0.2898,-0.8694,2,0.25,-36093.6,-3.6094,0.0,-1.758,-3.5161,3,0.375,35002.32,3.5002,66.6667,1.1784,3.5352
42c25a68,bull,s96|s32|s60|s39|s3,5,0.023051787,0.0120142563,-5.9583,0.0,-8.0999,17,29.4118,0.013635,6,0.3529,31520.16,3.152,50.0,0.5519,3.3113,2,0.1176,-24053.47,-2.4053,0.0,-1.2014,-2.4029,9,0.5294,-37149.96,-3.715,22.2222,-0.4222,-3.7996
7e754f66,bull,s15|s42|s34|s91,4,0.0281097481,0.0113991881,-3.2765,0.0,-7.1774,15,26.6667,0.013609,2,0.1333,-22085.16,-2.2085,0.0,-1.1399,-2.2798,3,0.2,4520.92,0.4521,33.3333,0.177,0.5311,10,0.6667,2501.78,0.2502,30.0,0.0453,0.4535
69830e13,bear,s28|s86|s90|s18|s100,5,0.0450320591,0.0147772056,0.7962,0.0,-8.4169,10,30.0,0.013587,4,0.4,59811.1,5.9811,50.0,1.5127,6.051,3,0.3,-45069.41,-4.5069,0.0,-1.4777,-4.4332,3,0.3,13753.83,1.3754,33.3333,0.5159,1.5478
219d1419,bull,s4|s33|s58,3,0.0358950126,0.0159159085,-1.3777,0.0,-5.6522,10,30.0,0.013507,2,0.2,19314.97,1.9315,50.0,0.999,1.9979,1,0.1,-15845.16,-1.5845,0.0,-1.5916,-1.5916,7,0.7,-9802.06,-0.9802,28.5714,-0.1113,-0.779
3493eb3e,bull,s15|s43|s87|s24|s95,5,0.0253138616,0.0147137747,-2.4214,0.0,-5.1491,9,33.3333,0.013476,2,0.2222,10132.45,1.0132,50.0,0.53,1.06,4,0.4444,-18965.64,-1.8966,25.0,-0.4707,-1.8827,3,0.3333,-4991.92,-0.4992,33.3333,-0.1371,-0.4114
144c528d,bear,s18|s86|s27,3,0.0380814113,0.0147277217,-1.7205,0.0,-10.2632,14,28.5714,0.013452,4,0.2857,44764.14,4.4764,50.0,1.1677,4.6707,4,0.2857,-5476.51,-0.5477,25.0,-0.1525,-0.6102,6,0.4286,-37798.35,-3.7798,16.6667,-0.5926,-3.5557
ab77a868,bull,s87|s41,2,0.0232249986,0.0108689335,-3.727,0.0,-7.6855,14,28.5714,0.01337,1,0.0714,-10246.06,-1.0246,0.0,-1.0869,-1.0869,4,0.2857,23141.39,2.3141,50.0,0.6178,2.4712,9,0.6429,-30282.78,-3.0283,22.2222,-0.3293,-2.9633
538bb3b7,bear,s20|s62,2,0.0373448762,0.0184816815,0.0774,0.0,-9.8165,8,37.5,0.013338,3,0.375,-56522.76,-5.6523,0.0,-1.8482,-5.5445,1,0.125,-19752.96,-1.9753,0.0,-1.8482,-1.8482,4,0.5,93289.91,9.329,75.0,2.3388,9.3553
f94a8896,bull,s70|s2,2,0.0263180508,0.0121998091,-2.9891,0.0,-3.8209,10,30.0,0.013316,5,0.5,14913.61,1.4914,40.0,0.3207,1.6037,2,0.2,-24028.92,-2.4029,0.0,-1.22,-2.44,3,0.3,1130.83,0.1131,33.3333,0.0639,0.1918
d2196b7a,bull,s70|s39|s55|s75,4,0.0298494237,0.0136967275,-1.5886,0.0,-6.6182,9,33.3333,0.013282,3,0.3333,45762.48,4.5762,66.6667,1.5334,4.6002,3,0.3333,747.27,0.0747,33.3333,0.0819,0.2456,3,0.3333,-40930.43,-4.093,0.0,-1.3697,-4.109
02d59597,bull,s35|s74|s27,3,0.0348565167,0.0142318911,-0.6327,0.0,-7.096,10,30.0,0.013236,2,0.2,19776.86,1.9777,50.0,1.0312,2.0625,2,0.2,-28176.15,-2.8176,0.0,-1.4232,-2.8464,6,0.6,10741.47,1.0741,33.3333,0.2131,1.2785
58fd0296,bull,s24|s5,2,0.0212362341,0.0119733053,-6.3857,0.0,-7.9363,17,29.4118,0.01322,5,0.2941,36942.9,3.6943,60.0,0.7952,3.9762,5,0.2941,-57117.89,-5.7118,0.0,-1.1973,-5.9867,7,0.4118,-18238.72,-1.8239,28.5714,-0.2485,-1.7394
59297a36,bull,s46|s84|s21,3,0.0283039476,0.0159017863,-1.7457,0.0,-6.5618,9,33.3333,0.0132,2,0.2222,55879.49,5.5879,100.0,2.8304,5.6608,1,0.1111,-16233.42,-1.6233,0.0,-1.5902,-1.5902,6,0.6667,-51756.93,-5.1757,16.6667,-0.8534,-5.1205
d0885753,bear,s56|s18|s100,3,0.0331291956,0.0185973686,-3.4108,0.0,-11.8702,11,36.3636,0.013164,3,0.2727,-56529.83,-5.653,0.0,-1.8597,-5.5792,1,0.0909,-19109.73,-1.911,0.0,-1.8597,-1.8597,7,0.6364,75112.77,7.5113,57.1429,1.0961,7.6725
9137bb52,bull,s41|s84|s27,3,0.0317615867,0.0115308438,-3.1883,0.0,-7.0421,16,25.0,0.013159,0,0.0,0.0,0.0,0.0,0.0,0.0,7,0.4375,-37331.2,-3.7331,14.2857,-0.5346,-3.7423,9,0.5625,23598.27,2.3598,33.3333,0.29,2.61
76526d4f,bull,s47|s78|s84,3,0.0222250496,0.0132745975,-2.9556,0.0,-5.0425,9,33.3333,0.013149,2,0.2222,8735.57,0.8736,50.0,0.4475,0.895,4,0.4444,-17946.44,-1.7946,25.0,-0.44,-1.7599,3,0.3333,-4661.27,-0.4661,33.3333,-0.1441,-0.4324
daff988f,bull,s1|s35,2,0.0357634477,0.0085353609,-0.9523,0.0,-4.5517,14,21.4286,0.01311,5,0.3571,44703.45,4.4703,40.0,0.9184,4.5921,4,0.2857,-34163.3,-3.4163,0.0,-0.8535,-3.4141,5,0.3571,460.82,0.0461,20.0,0.0324,0.1622
b5de1ad0,bull,s34|s3|s84|s87,4,0.0215357481,0.0093545173,-4.6967,0.0,-5.839,15,26.6667,0.013109,5,0.3333,13967.06,1.3967,40.0,0.3002,1.5008,2,0.1333,11412.52,1.1413,50.0,0.6091,1.2181,8,0.5333,-43321.78,-4.3322,12.5,-0.5493,-4.3946
19ad59fa,bear,s49|s61|s27,3,0.0301961566,0.0128978828,-3.0346,0.0,-9.9603,13,30.7692,0.013075,3,0.2308,-38159.19,-3.8159,0.0,-1.2898,-3.8694,2,0.1538,-26581.06,-2.6581,0.0,-1.2898,-2.5796,8,0.6154,67394.39,6.7394,50.0,0.8649,6.9193
0dec9e36,bull,s74|s79|s41,3,0.0316242578,0.0104493762,-1.3844,0.0,-5.6242,11,27.2727,0.01307,2,0.1818,20361.03,2.0361,50.0,1.0587,2.1175,6,0.5455,-21147.54,-2.1148,16.6667,-0.3437,-2.0623,3,0.2727,10357.56,1.0358,33.3333,0.3575,1.0726
e71324b6,bull,s88|s34|s64,3,0.0217716983,0.0094543945,-8.1664,0.0,-9.8219,33,27.2727,0.012993,8,0.2424,45552.4,4.5552,50.0,0.6159,4.9269,5,0.1515,-44626.61,-4.4627,0.0,-0.9454,-4.7272,20,0.6061,-33548.06,-3.3548,25.0,-0.1648,-3.2957
3f3eb12c,bear,s85|s98|s52|s37|s80,5,0.0289815696,0.0164429372,-4.4759,0.0,-9.3568,12,33.3333,0.012966,3,0.25,-49493.71,-4.9494,0.0,-1.6443,-4.9329,3,0.25,42519.27,4.2519,66.6667,1.384,4.152,6,0.5,-10425.78,-1.0426,33.3333,-0.1301,-0.7809
1ca6ebdf,bear,s18|s52|s27,3,0.0458587868,0.0104623246,-0.2815,0.0,-9.8504,18,22.2222,0.012956,4,0.2222,69999.87,7.0,50.0,1.7698,7.0793,6,0.3333,-6431.35,-0.6431,16.6667,-0.1075,-0.6453,8,0.4444,-30689.72,-3.069,12.5,-0.3422,-2.7377
0e3447ba,bull,s73|s7|s79,3,0.0375880544,0.0096514538,0.2424,0.0,-6.7916,13,23.0769,0.012955,0,0.0,0.0,0.0,0.0,0.0,0.0,4,0.3077,55164.73,5.5165,50.0,1.3968,5.5873,9,0.6923,-41398.28,-4.1398,11.1111,-0.4403,-3.9624
f216a785,bear,s13|s29|s61|s72,4,0.0255805901,0.0104206935,-1.7735,0.0,-6.0515,10,30.0,0.01295,2,0.2,-20596.99,-2.0597,0.0,-1.0421,-2.0841,1,0.1,-10494.94,-1.0495,0.0,-1.0421,-1.0421,7,0.7,33541.99,3.3542,42.8571,0.5008,3.5059
2dfb7842,bull,s70|s41|s2|s32,4,0.0226414158,0.0102587329,-5.6913,0.0,-7.3885,19,26.3158,0.012926,4,0.2105,-8703.51,-0.8704,25.0,-0.2034,-0.8135,6,0.3158,-27729.5,-2.773,16.6667,-0.4775,-2.8652,9,0.4737,5285.02,0.5285,33.3333,0.0708,0.6372
081b46eb,bull,s95|s8|s33|s42|s78,5,0.0362535236,0.0198645611,-2.6618,0.0,-5.884,9,33.3333,0.012906,2,0.2222,15320.78,1.5321,50.0,0.8194,1.6389,1,0.1111,-19634.32,-1.9634,0.0,-1.9865,-1.9865,6,0.6667,-9144.58,-0.9145,33.3333,-0.1159,-0.6951
293e93b3,bull,s60|s96|s27,3,0.0243290389,0.0082475162,-4.089,0.0,-8.1314,21,23.8095,0.012885,5,0.2381,54997.93,5.4998,60.0,1.1298,5.6492,6,0.2857,-48715.33,-4.8715,0.0,-0.8248,-4.9485,10,0.4762,-17451.57,-1.7452,20.0,-0.1732,-1.7322
5e7eba2c,bull,s24|s78|s58,3,0.0290245916,0.0155519541,-2.2216,0.0,-6.5282,9,33.3333,0.012875,5,0.5556,52695.09,5.2695,60.0,1.1194,5.597,1,0.1111,-15385.72,-1.5386,0.0,-1.5552,-1.5552,3,0.3333,-45620.5,-4.5621,0.0,-1.5552,-4.6656
1ba486c4,bear,s89|s61|s67|s80,4,0.0365237959,0.0083530697,5.9116,0.0,-3.2681,3,66.6667,0.012831,1,0.3333,-8326.02,-0.8326,0.0,-0.8353,-0.8353,0,0.0,0.0,0.0,0.0,0.0,0.0,2,0.6667,73388.92,7.3389,100.0,3.6524,7.3048
e4445463,bull,s14|s91,2,0.0342681062,0.0090842079,-1.3807,0.0,-4.8161,13,23.0769,0.012807,6,0.4615,30994.62,3.0995,33.3333,0.5367,3.2199,1,0.0769,-9225.54,-0.9226,0.0,-0.9084,-0.9084,6,0.4615,-12083.08,-1.2083,16.6667,-0.1859,-1.1153
cb499ee4,bull,s33|s87|s47|s7|s96,5,0.0216441051,0.0095683222,-6.603,0.0,-8.015,23,26.087,0.01279,6,0.2609,33800.03,3.38,50.0,0.6038,3.6227,8,0.3478,-43535.32,-4.3535,12.5,-0.5667,-4.5334,9,0.3913,-23853.07,-2.3853,22.2222,-0.2632,-2.369
832208d2,bear,s80|s62|s52|s85,4,0.0411362846,0.0147825395,6.1693,0.0,-3.8417,3,66.6667,0.012789,0,0.0,0.0,0.0,0.0,0.0,0.0,0,0.0,0.0,0.0,0.0,0.0,0.0,3,1.0,67737.08,6.7737,66.6667,2.2497,6.749
28481d15,bull,s69|s73,2,0.0356275068,0.0145529672,4.9078,0.0,-2.225,3,66.6667,0.012777,2,0.6667,71647.65,7.1648,100.0,3.5628,7.1255,0,0.0,0.0,0.0,0.0,0.0,0.0,1,0.3333,-15021.2,-1.5021,0.0,-1.4553,-1.4553
908e033c,bull,s82|s69|s53|s47,4,0.0205267795,0.0121424507,-3.331,0.0,-5.2424,9,33.3333,0.012771,4,0.4444,47955.65,4.7956,75.0,1.2359,4.9438,2,0.2222,-24271.65,-2.4272,0.0,-1.2142,-2.4285,3,0.3333,-35837.57,-3.5838,0.0,-1.2142,-3.6427
921a2163,bull,s30|s79|s3,3,0.0283622772,0.0147298606,-4.8416,0.0,-6.9324,14,28.5714,0.012754,2,0.1429,54153.2,5.4153,100.0,2.8362,5.6725,2,0.1429,-29174.5,-2.9174,0.0,-1.473,-2.946,10,0.7143,-60146.88,-6.0147,20.0,-0.6111,-6.1114
b20fbff2,bull,s73|s69|s45,3,0.0338335686,0.0103925207,3.6953,0.0,-1.8109,4,50.0,0.012748,2,0.5,67314.97,6.7315,100.0,3.3834,6.7667,0,0.0,0.0,0.0,0.0,0.0,0.0,2,0.5,-20920.41,-2.092,0.0,-1.0393,-2.0785
e22d2681,bull,s83|s69|s96|s45,4,0.0301212051,0.0099445346,5.6858,0.0,-1.433,2,100.0,0.012738,2,1.0,60966.76,6.0967,100.0,3.0121,6.0242,0,0.0,0.0,0.0,0.0,0.0,0.0,0,0.0,0.0,0.0,0.0,0.0,0.0
963a87af,bear,s18|s98|s37|s76,4,0.0367956849,0.0145762089,7.0715,0.0,-3.3204,2,100.0,0.012733,0,0.0,0.0,0.0,0.0,0.0,0.0,0,0.0,0.0,0.0,0.0,0.0,0.0,2,1.0,74700.1,7.47,100.0,3.6796,7.3591
79783739,bear,s71|s80|s23|s97|s62,5,0.0314227957,0.0142022352,4.2513,0.0,-1.6189,3,66.6667,0.012729,0,0.0,0.0,0.0,0.0,0.0,0.0,1,0.3333,-14595.33,-1.4595,0.0,-1.4202,-1.4202,2,0.6667,63133.83,6.3134,100.0,3.1423,6.2846
8b9be69f,bear,s13|s62|s66|s80|s23,5,0.027065975,0.0096480174,5.0705,0.0,-0.7322,2,100.0,0.012723,0,0.0,0.0,0.0,0.0,0.0,0.0,0,0.0,0.0,0.0,0.0,0.0,0.0,2,1.0,54691.89,5.4692,100.0,2.7066,5.4132
62bbd28c,bull,s63|s3|s26,3,0.027967871,0.009231772,4.0618,0.0,-1.4436,3,66.6667,0.012715,1,0.3333,27575.74,2.7576,100.0,2.7968,2.7968,0,0.0,0.0,0.0,0.0,0.0,0.0,2,0.6667,19076.81,1.9077,50.0,0.9368,1.8736
cb97417f,bear,s22|s29|s16|s89,4,0.032154477,0.0143464091,4.3821,0.0,-1.8722,3,66.6667,0.012715,1,0.3333,-14756.98,-1.4757,0.0,-1.4346,-1.4346,0,0.0,0.0,0.0,0.0,0.0,0.0,2,0.6667,64603.9,6.4604,100.0,3.2154,6.4309
ba004844,bear,s13|s18|s98|s62,4,0.0359926896,0.0166629001,6.9079,0.0,-3.2685,2,100.0,0.012713,0,0.0,0.0,0.0,0.0,0.0,0.0,0,0.0,0.0,0.0,0.0,0.0,0.0,2,1.0,73065.84,7.3066,100.0,3.5993,7.1985
77835c27,bear,s67|s80|s89,3,0.0310672962,0.0108041355,3.2018,0.0,-1.3353,4,50.0,0.012704,2,0.5,-21720.6,-2.1721,0.0,-1.0804,-2.1608,0,0.0,0.0,0.0,0.0,0.0,0.0,2,0.5,61690.58,6.1691,100.0,3.1067,6.2135
ac74a333,bear,s18|s51|s19|s17,4,0.0277640892,0.0177628278,-4.3837,0.0,-11.2696,11,36.3636,0.012704,3,0.2727,-53330.87,-5.3331,0.0,-1.7763,-5.3288,1,0.0909,-18009.63,-1.801,0.0,-1.7763,-1.7763,7,0.6364,56285.51,5.6286,57.1429,0.8253,5.7768
061ab67a,bull,s8|s36|s96|s54,4,0.0358736036,0.017698922,-0.8708,0.0,-8.6645,9,33.3333,0.012694,3,0.3333,50992.8,5.0993,66.6667,1.8016,5.4048,3,0.3333,-494.01,-0.0494,33.3333,0.0159,0.0476,3,0.3333,-52097.85,-5.2098,0.0,-1.7699,-5.3097
78b5de3c,bull,s32|s10|s82|s38,4,0.0306429008,0.0154298978,-2.5129,0.0,-5.4934,10,30.0,0.012694,1,0.1,30154.71,3.0155,100.0,3.0643,3.0643,3,0.3,-45948.2,-4.5948,0.0,-1.543,-4.629,6,0.6,-2101.79,-0.2102,33.3333,-0.0072,-0.0434
b3fd0a28,bull,s55|s95|s40|s59|s84,5,0.0279105562,0.0141149854,5.2316,0.0,-1.3245,2,100.0,0.012678,2,1.0,56414.94,5.6415,100.0,2.7911,5.5821,0,0.0,0.0,0.0,0.0,0.0,0.0,0,0.0,0.0,0.0,0.0,0.0,0.0
9de47dbd,bull,s10|s15|s65,3,0.0290146406,0.0166521534,-2.4883,0.0,-6.5422,9,33.3333,0.012676,2,0.2222,12202.04,1.2202,50.0,0.6181,1.2362,2,0.2222,-33445.14,-3.3445,0.0,-1.6652,-3.3304,5,0.5556,6578.83,0.6579,40.0,0.1615,0.8073
674ef991,bull,s41|s2|s78,3,0.0238794734,0.0097067287,-5.4127,0.0,-7.2486,20,25.0,0.012641,6,0.3,8099.73,0.81,33.3333,0.1489,0.8932,5,0.25,-14862.93,-1.4863,20.0,-0.2989,-1.4947,9,0.45,-20803.65,-2.0804,22.2222,-0.2243,-2.0188
dd0cba60,bull,s75|s4|s9|s65,4,0.0265698267,0.0158467007,-2.7108,0.0,-6.3167,9,33.3333,0.012637,1,0.1111,-15346.0,-1.5346,0.0,-1.5847,-1.5847,3,0.3333,-5890.47,-0.589,33.3333,-0.1708,-0.5124,5,0.5556,4350.29,0.435,40.0,0.112,0.56
3b342232,bull,s33|s65,2,0.021585085,0.010016336,-6.1347,0.0,-7.0527,19,26.3158,0.012635,8,0.4211,13778.32,1.3778,37.5,0.1834,1.4674,5,0.2632,-48642.88,-4.8643,0.0,-1.0016,-5.0082,6,0.3158,2175.46,0.2175,33.3333,0.0517,0.3105
cd1b5247,bull,s55|s44|s12,3,0.0261751208,0.0125394517,-2.3143,0.0,-5.8682,10,30.0,0.012628,3,0.3,38645.19,3.8645,66.6667,1.327,3.9811,4,0.4,-12535.74,-1.2536,25.0,-0.2861,-1.1443,3,0.3,-36848.94,-3.6849,0.0,-1.2539,-3.7618
56d50e17,bull,s2|s78|s47|s69,4,0.0236101513,0.0118713159,-3.4274,0.0,-4.4456,10,30.0,0.012591,5,0.5,45323.24,4.5323,60.0,0.9418,4.7088,2,0.2,-23551.45,-2.3551,0.0,-1.1871,-2.3743,3,0.3,-35138.12,-3.5138,0.0,-1.1871,-3.5614
17d1d7f2,bull,s87|s53|s32,3,0.0190009477,0.0080602696,-5.554,0.0,-7.887,19,26.3158,0.012567,6,0.3158,30830.38,3.083,50.0,0.547,3.2822,5,0.2632,-38466.61,-3.8467,0.0,-0.806,-4.0301,8,0.4211,-11530.82,-1.1531,25.0,-0.1295,-1.036
25fab9d9,bull,s87|s79|s73,3,0.0244831054,0.0122619618,4.5301,0.0,-1.323,2,100.0,0.012566,1,0.5,24415.27,2.4415,100.0,2.4483,2.4483,0,0.0,0.0,0.0,0.0,0.0,0.0,1,0.5,24969.81,2.497,100.0,2.4483,2.4483
f5658183,bull,s38|s45|s15|s40,4,0.0336914064,0.0106405381,3.7455,0.0,-2.7026,4,50.0,0.01255,3,0.75,57075.42,5.7075,66.6667,1.8914,5.6742,0,0.0,0.0,0.0,0.0,0.0,0.0,1,0.25,-11303.83,-1.1304,0.0,-1.0641,-1.0641
5152af95,bull,s68|s43|s10,3,0.0341715066,0.0160442212,-1.9235,0.0,-6.5261,10,30.0,0.012546,2,0.2,17144.73,1.7145,50.0,0.9064,1.8127,1,0.1,-15628.99,-1.5629,0.0,-1.6044,-1.6044,7,0.7,-13836.07,-1.3836,28.5714,-0.1697,-1.1878
663bd6b1,bear,s23|s86|s20|s89,4,0.0363732202,0.0198961588,4.6433,0.0,-3.2725,3,66.6667,0.012525,0,0.0,0.0,0.0,0.0,0.0,0.0,1,0.3333,-20535.78,-2.0536,0.0,-1.9896,-1.9896,2,0.6667,72993.99,7.2994,100.0,3.6373,7.2746
434e182e,bull,s93|s59|s26,3,0.0235418666,0.0119253885,4.3377,0.0,-1.4326,2,100.0,0.012522,2,1.0,47455.82,4.7456,100.0,2.3542,4.7084,0,0.0,0.0,0.0,0.0,0.0,0.0,0,0.0,0.0,0.0,0.0,0.0,0.0
4a90a04b,bear,s18|s62|s27,3,0.040458168,0.0180298879,-0.8481,0.0,-9.0825,9,33.3333,0.012485,4,0.4444,-15913.39,-1.5913,25.0,-0.3408,-1.3631,2,0.2222,22729.19,2.2729,50.0,1.1214,2.2428,3,0.3333,3063.24,0.3063,33.3333,0.1466,0.4398
a4fdad33,bull,s91|s34|s75,3,0.0350734224,0.0192121332,-5.4401,0.0,-7.5198,13,30.7692,0.012477,0,0.0,0.0,0.0,0.0,0.0,0.0,4,0.3077,-23632.77,-2.3633,25.0,-0.5641,-2.2563,9,0.6923,-11970.15,-1.197,33.3333,-0.1117,-1.0053
6e5a6499,bear,s89|s13|s67,3,0.0309775556,0.0101096348,3.3312,0.0,-2.5954,4,50.0,0.012443,0,0.0,0.0,0.0,0.0,0.0,0.0,1,0.25,-10547.62,-1.0548,0.0,-1.011,-1.011,3,0.75,51905.08,5.1905,66.6667,1.7282,5.1845
d2c67d95,bear,s16|s49|s20|s80|s76,5,0.0360747267,0.0111536757,-0.5281,0.0,-7.7819,11,27.2727,0.012399,2,0.1818,-22297.52,-2.2298,0.0,-1.1154,-2.2307,3,0.2727,-34161.23,-3.4161,0.0,-1.1154,-3.3461,6,0.5455,73446.94,7.3447,50.0,1.2461,7.4763
702eb1bd,bull,s43|s6,2,0.0380605965,0.016593147,-1.8006,0.0,-6.9407,10,30.0,0.012395,2,0.2,20391.13,2.0391,50.0,1.0734,2.1467,1,0.1,-16519.39,-1.6519,0.0,-1.6593,-1.6593,7,0.7,-8974.0,-0.8974,28.5714,-0.0978,-0.6845
9559aaf7,bear,s80|s67|s77|s62|s71,5,0.0235334807,0.0133717858,2.7488,0.0,-1.534,3,66.6667,0.012384,0,0.0,0.0,0.0,0.0,0.0,0.0,1,0.3333,-13619.75,-1.362,0.0,-1.3372,-1.3372,2,0.6667,47115.71,4.7116,100.0,2.3533,4.7067
bb9c1d05,bull,s8|s83|s43|s54,4,0.0215231864,0.0106754543,-2.8629,0.0,-5.542,10,30.0,0.012384,5,0.5,41521.67,4.1522,60.0,0.8644,4.3219,2,0.2,-21325.07,-2.1325,0.0,-1.0675,-2.1351,3,0.3,-31345.83,-3.1346,0.0,-1.0675,-3.2026
2a2d73dc,bull,s35|s1|s15|s93|s79,5,0.0308345236,0.0104639622,-1.9627,0.0,-5.1874,12,25.0,0.012381,6,0.5,18650.61,1.8651,33.3333,0.3302,1.9813,3,0.25,-31206.96,-3.1207,0.0,-1.0464,-3.1392,3,0.25,8853.48,0.8853,33.3333,0.3302,0.9907
4b715c14,bull,s82|s68,2,0.0331306291,0.0098272186,3.7959,0.0,-3.794,5,40.0,0.01238,3,0.6,56247.27,5.6247,66.6667,1.8811,5.6434,0,0.0,0.0,0.0,0.0,0.0,0.0,2,0.4,-20182.73,-2.0183,0.0,-0.9827,-1.9654
964fa98c,bull,s12|s55,2,0.0209760292,0.0099832372,-3.0986,0.0,-5.2532,10,30.0,0.012369,4,0.4,52163.99,5.2164,75.0,1.3236,5.2945,4,0.4,-40027.37,-4.0027,0.0,-0.9983,-3.9933,2,0.2,-19816.54,-1.9817,0.0,-0.9983,-1.9966
2cd8b0a6,bear,s52|s18,2,0.0398392602,0.0151597629,-0.2528,0.0,-9.0517,10,30.0,0.012367,3,0.3,7523.14,0.7523,33.3333,0.3173,0.952,3,0.3,-45309.99,-4.531,0.0,-1.516,-4.5479,4,0.4,48148.37,4.8148,50.0,1.234,4.9359
652d2cb5,bear,s66|s86|s89|s61,4,0.0273429867,0.0115690856,2.2955,0.0,-1.6044,4,50.0,0.01235,1,0.25,-11549.41,-1.1549,0.0,-1.1569,-1.1569,1,0.25,-11964.89,-1.1965,0.0,-1.1569,-1.1569,2,0.5,54489.37,5.4489,100.0,2.7343,5.4686
3d063720,bull,s68|s64|s4|s8,4,0.0217623571,0.01283328,-6.7088,0.0,-8.3893,17,29.4118,0.012319,4,0.2353,-16826.1,-1.6826,25.0,-0.4184,-1.6737,4,0.2353,-16419.29,-1.6419,25.0,-0.4184,-1.6737,9,0.5294,-12066.4,-1.2066,33.3333,-0.1301,-1.1713
6c8c15fc,bull,s46|s73|s63,3,0.0198674451,0.0096079285,2.3944,0.0,-1.7347,3,66.6667,0.012262,2,0.6667,39772.33,3.9772,100.0,1.9867,3.9735,0,0.0,0.0,0.0,0.0,0.0,0.0,1,0.3333,-9762.1,-0.9762,0.0,-0.9608,-0.9608
bcae82e0,bull,s58|s65|s95,3,0.0188165956,0.0093459689,-7.5628,0.0,-7.9015,22,27.2727,0.012259,11,0.5,8729.3,0.8729,36.3636,0.0895,0.9845,5,0.2273,-18017.77,-1.8018,20.0,-0.3713,-1.8567,6,0.2727,-27708.35,-2.7708,16.6667,-0.4652,-2.7913
a55dfec3,bull,s83|s58,2,0.0253229603,0.015345402,2.8986,0.0,-2.4678,3,66.6667,0.012251,0,0.0,0.0,0.0,0.0,0.0,0.0,1,0.3333,24856.38,2.4856,100.0,2.5323,2.5323,2,0.6667,10129.33,1.0129,50.0,0.4989,0.9978
6af902c9,bull,s24|s82|s93,3,0.0311014943,0.0135287518,-4.8597,0.0,-6.5852,15,26.6667,0.012242,4,0.2667,33540.81,3.3541,50.0,0.8786,3.5145,3,0.2,-39972.42,-3.9972,0.0,-1.3529,-4.0586,8,0.5333,-20173.96,-2.0174,25.0,-0.2371,-1.897
492f7663,bull,s64|s59|s9,3,0.0271940487,0.011721733,-5.5471,0.0,-8.1841,19,26.3158,0.012239,2,0.1053,-22550.12,-2.255,0.0,-1.1722,-2.3443,5,0.2632,17027.42,1.7027,40.0,0.3845,1.9223,12,0.6316,-24808.19,-2.4808,25.0,-0.1993,-2.3913
9f719132,bear,s29|s71|s37|s13,4,0.0280988104,0.0104554987,2.6813,0.0,-2.6341,4,50.0,0.012226,0,0.0,0.0,0.0,0.0,0.0,0.0,1,0.25,-10846.88,-1.0847,0.0,-1.0455,-1.0455,3,0.75,45844.07,4.5844,66.6667,1.5247,4.5742
05703aa5,bear,s67|s28|s27,3,0.0376805597,0.0148902685,-1.9566,0.0,-7.0321,10,30.0,0.012215,5,0.5,27929.29,2.7929,40.0,0.6138,3.069,5,0.5,-22213.35,-2.2213,20.0,-0.4376,-2.1881,0,0.0,0.0,0.0,0.0,0.0,0.0
2b137d8b,bear,s29|s85|s37,3,0.0444710906,0.0197487444,-0.6186,0.0,-9.9088,9,33.3333,0.012204,3,0.3333,-59711.26,-5.9711,0.0,-1.9749,-5.9246,2,0.2222,87662.68,8.7663,100.0,4.4471,8.8942,4,0.4444,-17159.08,-1.7159,25.0,-0.3694,-1.4775
8118a43e,bear,s51|s13|s80|s28|s25,5,0.0337507985,0.0168999323,3.0833,0.0,-3.2706,4,50.0,0.012202,0,0.0,0.0,0.0,0.0,0.0,0.0,0,0.0,0.0,0.0,0.0,0.0,0.0,4,1.0,32773.63,3.2774,50.0,0.8425,3.3702
1c0fafa3,bear,s13|s80|s85|s25|s66,5,0.0332302732,0.0170065541,3.0793,0.0,-3.2726,4,50.0,0.0122,0,0.0,0.0,0.0,0.0,0.0,0.0,0,0.0,0.0,0.0,0.0,0.0,0.0,4,1.0,31544.93,3.1545,50.0,0.8112,3.2447
f53c7b87,bear,s100|s57|s86,3,0.0231540537,0.0153988612,-2.4601,0.0,-8.8962,8,37.5,0.012155,3,0.375,-46154.44,-4.6154,0.0,-1.5399,-4.6197,2,0.25,7532.82,0.7533,50.0,0.3878,0.7755,3,0.375,30018.85,3.0019,66.6667,1.0303,3.0909
889bf9af,bull,s10|s63|s73,3,0.0334857076,0.0168092161,2.2883,0.0,-2.4461,4,50.0,0.012145,2,0.5,65954.56,6.5955,100.0,3.3486,6.6971,0,0.0,0.0,0.0,0.0,0.0,0.0,2,0.5,-33716.88,-3.3717,0.0,-1.6809,-3.3618
83281a26,bull,s39|s41|s83|s30|s33,5,0.0297464225,0.0190569881,-4.9476,0.0,-9.8679,12,33.3333,0.012145,3,0.25,-8389.58,-0.839,33.3333,-0.2789,-0.8368,2,0.1667,-37701.52,-3.7702,0.0,-1.9057,-3.8114,7,0.5833,10458.48,1.0458,42.8571,0.1859,1.3011
dff0cfd7,bull,s43|s75|s4,3,0.035257975,0.0142943444,-2.1101,0.0,-6.0974,11,27.2727,0.012119,3,0.2727,6296.55,0.6297,33.3333,0.2223,0.6669,1,0.0909,-14264.85,-1.4265,0.0,-1.4294,-1.4294,7,0.6364,-3019.35,-0.3019,28.5714,-0.0137,-0.0956
0bb991d6,bull,s87|s33|s73,3,0.0292584506,0.0140484855,-2.4722,0.0,-6.5416,10,30.0,0.012097,2,0.2,15177.56,1.5178,50.0,0.7605,1.521,1,0.1,-14241.87,-1.4242,0.0,-1.4048,-1.4048,7,0.7,-13160.8,-1.3161,28.5714,-0.1675,-1.1726
59584612,bear,s16|s99|s19,3,0.0225523519,0.0141148676,-5.9191,0.0,-12.011,15,33.3333,0.012087,3,0.2,-41151.13,-4.1151,0.0,-1.4115,-4.2345,3,0.2,-6167.36,-0.6167,33.3333,-0.1892,-0.5677,9,0.6,18401.11,1.8401,44.4444,0.2182,1.9635
57bbcf5c,bear,s18|s66|s81,3,0.028482737,0.0114412147,-3.4302,0.0,-9.6139,14,28.5714,0.012082,2,0.1429,-22936.14,-2.2936,0.0,-1.1441,-2.2882,6,0.4286,12757.92,1.2758,33.3333,0.1867,1.1201,6,0.4286,8154.29,0.8154,33.3333,0.1867,1.1201
c6d99edd,bear,s62|s89|s72,3,0.0211319631,0.0122205513,-5.1607,0.0,-8.4149,13,30.7692,0.012069,4,0.3077,-47377.52,-4.7378,0.0,-1.2221,-4.8882,2,0.1538,-23879.84,-2.388,0.0,-1.2221,-2.4441,7,0.5385,44936.38,4.4936,57.1429,0.6838,4.7866
c44b5e43,bull,s55|s58|s73|s69,4,0.0244398389,0.0137973168,-3.1951,0.0,-6.7347,9,33.3333,0.012063,3,0.3333,71716.99,7.1717,100.0,2.444,7.332,3,0.3333,-41520.06,-4.152,0.0,-1.3797,-4.1392,3,0.3333,-40895.27,-4.0895,0.0,-1.3797,-4.1392
41ad051b,bear,s56|s16|s29|s66,4,0.0344609108,0.0103860898,2.6793,0.0,-3.4469,5,40.0,0.012038,0,0.0,0.0,0.0,0.0,0.0,0.0,0,0.0,0.0,0.0,0.0,0.0,0.0,5,1.0,36659.79,3.666,40.0,0.7553,3.7764
3a6d9689,bear,s13|s86|s101|s56,4,0.0317270836,0.016674511,-2.481,0.0,-7.7371,9,33.3333,0.012036,2,0.2222,-33371.43,-3.3371,0.0,-1.6675,-3.3349,1,0.1111,-16542.94,-1.6543,0.0,-1.6675,-1.6675,6,0.6667,43071.57,4.3072,50.0,0.7526,4.5158
44957e9f,bear,s13|s29|s89,3,0.0434912129,0.0118677243,2.579,0.0,-3.3551,6,33.3333,0.01203,1,0.1667,-11988.4,-1.1988,0.0,-1.1868,-1.1868,1,0.1667,-12307.36,-1.2307,0.0,-1.1868,-1.1868,4,0.6667,62149.43,6.2149,50.0,1.5812,6.3247
097e2c5a,bear,s89|s85|s62,3,0.0315311002,0.0141022836,2.6091,0.0,-3.4218,4,50.0,0.012014,2,0.5,-28714.38,-2.8714,0.0,-1.4102,-2.8205,0,0.0,0.0,0.0,0.0,0.0,0.0,2,0.5,62828.96,6.2829,100.0,3.1531,6.3062
9b387ae4,bull,s68|s78,2,0.0270798182,0.0114398039,2.2649,0.0,-3.0242,4,50.0,0.011999,2,0.5,15305.41,1.5305,50.0,0.782,1.564,1,0.25,-11840.58,-1.1841,0.0,-1.144,-1.144,1,0.25,27347.13,2.7347,100.0,2.708,2.708
c4993511,bull,s47|s30|s3,3,0.0288181159,0.0179333214,-4.0503,0.0,-5.8453,9,33.3333,0.011927,3,0.3333,38085.85,3.8086,66.6667,1.3234,3.9703,1,0.1111,-17998.76,-1.7999,0.0,-1.7933,-1.7933,5,0.5556,-42793.25,-4.2793,20.0,-0.8583,-4.2915
5e499192,bull,s12|s83|s26,3,0.0219066031,0.0084667578,0.7865,0.0,-1.3198,5,40.0,0.011919,2,0.4,13108.85,1.3109,50.0,0.672,1.344,2,0.4,-17054.63,-1.7055,0.0,-0.8467,-1.6934,1,0.2,21841.42,2.1841,100.0,2.1907,2.1907
dc2b8a77,bear,s16|s23|s27,3,0.0266722805,0.0161399284,-4.8045,0.0,-10.3898,12,33.3333,0.011907,3,0.25,-47158.52,-4.7159,0.0,-1.614,-4.842,2,0.1667,10562.02,1.0562,50.0,0.5266,1.0532,7,0.5833,12762.4,1.2762,42.8571,0.2208,1.5457
b6f50d35,bull,s83|s44,2,0.0334434477,0.0111136955,3.3553,0.0,-4.7947,5,40.0,0.011904,1,0.2,32927.17,3.2927,100.0,3.3443,3.3443,2,0.4,22235.85,2.2236,50.0,1.1165,2.233,2,0.4,-22576.06,-2.2576,0.0,-1.1114,-2.2227
08519e43,bear,s86|s89|s80|s100,4,0.0256579105,0.011169199,2.0463,0.0,-3.1464,4,50.0,0.0119,1,0.25,-11250.52,-1.1251,0.0,-1.1169,-1.1169,1,0.25,-11399.89,-1.14,0.0,-1.1169,-1.1169,2,0.5,51126.02,5.1126,100.0,2.5658,5.1316
faf1888f,bull,s9|s48|s83,3,0.0319904161,0.0083496235,2.8177,0.0,-4.1856,5,40.0,0.011871,3,0.6,55291.87,5.5292,66.6667,1.8544,5.5631,0,0.0,0.0,0.0,0.0,0.0,0.0,2,0.4,-16985.12,-1.6985,0.0,-0.835,-1.6699
2eed514e,bull,s8|s73|s63,3,0.0192024962,0.0109098288,0.8141,0.0,-1.863,4,50.0,0.011813,2,0.5,37911.58,3.7912,100.0,1.9202,3.8405,0,0.0,0.0,0.0,0.0,0.0,0.0,2,0.5,-21808.14,-2.1808,0.0,-1.091,-2.182
4414b081,bear,s31|s62|s89|s25,4,0.0338391692,0.0199360952,1.8508,0.0,-3.2725,4,50.0,0.011807,0,0.0,0.0,0.0,0.0,0.0,0.0,2,0.5,-41253.38,-4.1253,0.0,-1.9936,-3.9872,2,0.5,67885.36,6.7885,100.0,3.3839,6.7678
bcd8a03b,bull,s64|s45,2,0.031053659,0.012794071,2.7719,0.0,-4.6975,4,50.0,0.01176,3,0.75,48484.01,4.8484,66.6667,1.6438,4.9313,0,0.0,0.0,0.0,0.0,0.0,0.0,1,0.25,-12755.42,-1.2755,0.0,-1.2794,-1.2794
6a13057a,bull,s70|s15|s11|s63,4,0.027195717,0.0091606988,-1.8769,0.0,-6.1806,12,25.0,0.011748,5,0.4167,26572.18,2.6572,40.0,0.5382,2.6909,3,0.25,-27592.65,-2.7593,0.0,-0.9161,-2.7482,4,0.3333,-1015.96,-0.1016,25.0,-0.0072,-0.0286
b6f41177,bull,s65|s41|s95|s1,4,0.0286356953,0.0093265528,-2.5895,0.0,-4.5669,13,23.0769,0.011745,5,0.3846,28117.58,2.8118,40.0,0.5858,2.9292,4,0.3077,-36819.44,-3.6819,0.0,-0.9327,-3.7306,4,0.3077,-238.88,-0.0239,25.0,0.0164,0.0656
142a3813,bull,s41|s2|s82|s38|s84,5,0.0243901107,0.0109782919,-7.6225,0.0,-9.2864,26,26.9231,0.011658,6,0.2308,3816.67,0.3817,33.3333,0.0811,0.4867,7,0.2692,-6019.03,-0.6019,28.5714,-0.0873,-0.6111,13,0.5,-36884.73,-3.6885,23.0769,-0.2816,-3.6613
12d9f712,bear,s71|s98|s86,3,0.0388787507,0.010780248,2.115,0.0,-3.7792,6,33.3333,0.011655,3,0.5,-32364.04,-3.2364,0.0,-1.078,-3.2341,1,0.1667,-11004.77,-1.1005,0.0,-1.078,-1.078,2,0.3333,76465.59,7.6466,100.0,3.8879,7.7758
a9e89ebb,bull,s92|s15|s45,3,0.0220413245,0.0118313471,1.1855,0.0,-3.3809,4,50.0,0.011568,2,0.5,43500.83,4.3501,100.0,2.2041,4.4083,2,0.5,-23676.28,-2.3676,0.0,-1.1831,-2.3663,0,0.0,0.0,0.0,0.0,0.0,0.0
049a9600,bull,s53|s96,2,0.0267808542,0.0160598087,-3.3062,0.0,-7.5802,9,33.3333,0.011526,4,0.4444,62455.79,6.2456,75.0,1.6071,6.4283,2,0.2222,-32454.53,-3.2455,0.0,-1.606,-3.212,3,0.3333,-47451.84,-4.7452,0.0,-1.606,-4.8179
7f1b1dcb,bear,s16|s20|s28,3,0.0305246647,0.0171592536,-4.8002,0.0,-10.9449,12,33.3333,0.011511,3,0.25,-51247.55,-5.1248,0.0,-1.7159,-5.1478,1,0.0833,-17237.54,-1.7238,0.0,-1.7159,-1.7159,8,0.6667,51161.62,5.1162,50.0,0.6683,5.3462
de480eae,bear,s28|s18|s23,3,0.036869713,0.0165106388,-1.5095,0.0,-8.8464,10,30.0,0.011485,3,0.3,54144.89,5.4145,66.6667,1.9076,5.7229,5,0.5,-28876.62,-2.8877,20.0,-0.5835,-2.9173,2,0.2,-33095.57,-3.3096,0.0,-1.6511,-3.3021
23acde9f,bull,s11|s93|s68|s24,4,0.0268319959,0.0101430683,1.2389,0.0,-3.3742,5,40.0,0.011483,3,0.6,43452.66,4.3453,66.6667,1.4507,4.3521,1,0.2,-10498.41,-1.0498,0.0,-1.0143,-1.0143,1,0.2,-10368.1,-1.0368,0.0,-1.0143,-1.0143
8d7a98e8,bull,s24|s7|s14|s34,4,0.0237017159,0.0112646397,-7.2016,0.0,-8.972,22,27.2727,0.011482,7,0.3182,23552.55,2.3553,42.8571,0.3721,2.6047,4,0.1818,-10134.95,-1.0135,25.0,-0.2523,-1.0092,11,0.5,-53231.8,-5.3232,18.1818,-0.4907,-5.3978
2d8f0ce5,bull,s30|s46|s44,3,0.0372179222,0.0124332851,-1.9269,0.0,-6.5065,12,25.0,0.011465,2,0.1667,24224.53,2.4225,50.0,1.2392,2.4785,2,0.1667,-24758.11,-2.4758,0.0,-1.2433,-2.4867,8,0.6667,-2094.43,-0.2094,25.0,-0.002,-0.0164
388f29eb,bull,s53|s10,2,0.0275968836,0.0115473026,-3.0522,0.0,-5.8729,11,27.2727,0.011438,6,0.5455,46047.7,4.6048,50.0,0.8025,4.8149,2,0.1818,-23115.49,-2.3115,0.0,-1.1547,-2.3095,3,0.2727,-33985.15,-3.3985,0.0,-1.1547,-3.4642
31d6f271,bull,s40|s87|s27,3,0.0431017076,0.0168893984,3.4451,0.0,-6.5978,5,40.0,0.011399,1,0.2,42247.79,4.2248,100.0,4.3102,4.3102,0,0.0,0.0,0.0,0.0,0.0,0.0,4,0.8,-9014.54,-0.9015,25.0,-0.1892,-0.7566
e043142c,bull,s40|s78|s14|s96,4,0.0281606926,0.014588652,-2.8372,0.0,-7.2386,10,30.0,0.011387,4,0.4,69028.44,6.9028,75.0,1.7473,6.9893,2,0.2,-29893.51,-2.9894,0.0,-1.4589,-2.9177,4,0.4,-57845.36,-5.7845,0.0,-1.4589,-5.8355
062856b6,bear,s13|s25|s76|s19|s90,5,0.0398025425,0.0135044844,2.4494,0.0,-5.0708,6,33.3333,0.01135,0,0.0,0.0,0.0,0.0,0.0,0.0,1,0.1667,-14063.31,-1.4063,0.0,-1.3504,-1.3504,5,0.8333,38134.2,3.8134,40.0,0.7818,3.9092
c044d5eb,bull,s15|s68,2,0.0315952579,0.0198921674,1.4057,0.0,-4.7191,4,50.0,0.011317,3,0.75,42771.0,4.2771,66.6667,1.4433,4.3298,0,0.0,0.0,0.0,0.0,0.0,0.0,1,0.25,-20565.96,-2.0566,0.0,-1.9892,-1.9892
b2ab0a8a,bull,s12|s58|s2|s6,4,0.0274311739,0.0108256124,-2.3975,0.0,-6.9426,11,27.2727,0.011308,5,0.4545,21741.39,2.1741,40.0,0.4477,2.2386,2,0.1818,-21723.88,-2.1724,0.0,-1.0826,-2.1651,4,0.3636,-5829.88,-0.583,25.0,-0.1261,-0.5046
3a46f04e,bear,s80|s71|s22,3,0.0415229328,0.0190782536,1.3718,0.0,-4.1658,5,40.0,0.011299,1,0.2,-18946.5,-1.8947,0.0,-1.9078,-1.9078,1,0.2,-19388.46,-1.9388,0.0,-1.9078,-1.9078,3,0.6,61944.01,6.1944,66.6667,2.1323,6.3968
343bbe98,bull,s4|s55|s7,3,0.035958113,0.0129091455,-2.2814,0.0,-6.2842,12,25.0,0.011285,3,0.25,9654.09,0.9654,33.3333,0.338,1.014,1,0.0833,-12728.78,-1.2729,0.0,-1.2909,-1.2909,8,0.6667,-7795.45,-0.7795,25.0,-0.0692,-0.5539
eb489611,bull,s15|s83|s93|s5|s68,5,0.0307587721,0.012313515,1.3491,0.0,-4.2031,5,40.0,0.011279,3,0.6,49163.73,4.9164,66.6667,1.6401,4.9204,1,0.2,-12803.1,-1.2803,0.0,-1.2314,-1.2314,1,0.2,-12643.2,-1.2643,0.0,-1.2314,-1.2314
31b65f36,bear,s76|s101,2,0.0243577016,0.0139088484,1.2254,0.0,-4.7393,4,50.0,0.011255,0,0.0,0.0,0.0,0.0,0.0,0.0,1,0.25,-14262.06,-1.4262,0.0,-1.3909,-1.3909,3,0.75,34669.16,3.4669,66.6667,1.1602,3.4807
0410a87e,bear,s101|s77|s80,3,0.0312324198,0.017759234,-4.6704,0.0,-11.5003,12,33.3333,0.011236,2,0.1667,-35706.25,-3.5706,0.0,-1.7759,-3.5518,2,0.1667,-35141.02,-3.5141,0.0,-1.7759,-3.5518,8,0.6667,51623.86,5.1624,50.0,0.6737,5.3893
263b3c88,bear,s67|s89|s18|s52,4,0.036966895,0.0175002599,-2.4005,0.0,-9.3684,9,33.3333,0.011213,4,0.4444,-71002.94,-7.1003,0.0,-1.75,-7.0001,0,0.0,0.0,0.0,0.0,0.0,0.0,5,0.5556,74156.09,7.4156,60.0,1.518,7.59
8f32252e,bear,s57|s77,2,0.0341943014,0.0138722653,1.5453,0.0,-4.7361,5,40.0,0.011197,0,0.0,0.0,0.0,0.0,0.0,0.0,1,0.2,-14289.69,-1.429,0.0,-1.3872,-1.3872,4,0.8,39755.43,3.9755,50.0,1.0161,4.0644
5e556074,bull,s39|s7|s53,3,0.0361447185,0.0144677984,-2.1941,0.0,-7.4655,11,27.2727,0.011142,2,0.1818,20910.71,2.0911,50.0,1.0838,2.1677,2,0.1818,-28896.94,-2.8897,0.0,-1.4468,-2.8936,7,0.6364,-2121.62,-0.2122,28.5714,-0.0007,-0.005
6593a16f,bull,s30|s14,2,0.0315401729,0.0194769589,-3.9802,0.0,-7.4526,9,33.3333,0.01111,3,0.3333,43553.31,4.3553,66.6667,1.4534,4.3603,2,0.2222,-39861.85,-3.9862,0.0,-1.9477,-3.8954,4,0.4444,-27722.6,-2.7723,25.0,-0.6723,-2.6891
644f604e,bull,s65|s3|s27,3,0.0235834238,0.0082696793,-6.4092,0.0,-9.2099,29,24.1379,0.011105,4,0.1379,27638.7,2.7639,50.0,0.7657,3.0627,6,0.2069,-16931.62,-1.6932,16.6667,-0.2961,-1.7765,19,0.6552,-30526.32,-3.0526,21.0526,-0.1564,-2.9711
3450dd2c,bull,s45|s43|s26,3,0.0330628451,0.0193594634,2.6843,0.0,-7.3631,4,50.0,0.011092,3,0.75,45283.14,4.5283,66.6667,1.5589,4.6766,0,0.0,0.0,0.0,0.0,0.0,0.0,1,0.25,-19300.98,-1.9301,0.0,-1.9359,-1.9359
1bb7ad8d,bear,s16|s71|s81|s20|s37,5,0.038766437,0.0190760292,-1.9253,0.0,-10.2376,9,33.3333,0.011085,2,0.2222,-37968.75,-3.7969,0.0,-1.9076,-3.8152,2,0.2222,-39342.76,-3.9343,0.0,-1.9076,-3.8152,5,0.5556,76098.71,7.6099,60.0,1.5629,7.8147
6753b131,bull,s34|s33|s70,3,0.0296714688,0.0130302112,-6.1625,0.0,-8.3805,19,26.3158,0.011079,2,0.1053,-25188.59,-2.5189,0.0,-1.303,-2.606,5,0.2632,17952.11,1.7952,40.0,0.405,2.0252,12,0.6316,-29160.16,-2.916,25.0,-0.2355,-2.8257
ab0866d9,bear,s90|s29|s57|s52|s77,5,0.0222289804,0.0125382967,-5.0668,0.0,-9.8805,13,30.7692,0.011024,6,0.4615,-74390.78,-7.4391,0.0,-1.2538,-7.523,1,0.0769,21991.37,2.1991,100.0,2.2229,2.2229,6,0.4615,27772.79,2.7773,50.0,0.4845,2.9072
5b963dcc,bull,s45|s64|s39,3,0.0289361074,0.0181477531,-6.4674,0.0,-8.018,13,30.7692,0.01102,2,0.1538,55009.96,5.501,100.0,2.8936,5.7872,3,0.2308,-53298.22,-5.3298,0.0,-1.8148,-5.4443,8,0.6154,-50557.66,-5.0558,25.0,-0.6377,-5.1014
7ffc87cd,bull,s24|s46|s83,3,0.0366633485,0.0172848611,1.7306,0.0,-5.5911,5,40.0,0.011015,1,0.2,-17500.1,-1.75,0.0,-1.7285,-1.7285,1,0.2,-17737.33,-1.7737,0.0,-1.7285,-1.7285,3,0.6,55040.41,5.504,66.6667,1.8681,5.6042
df8a7832,bull,s6|s15|s91,3,0.0354985774,0.0123546252,-1.7452,0.0,-7.4251,12,25.0,0.010979,2,0.1667,23049.64,2.305,50.0,1.1572,2.3144,3,0.25,-37355.68,-3.7356,0.0,-1.2355,-3.7064,7,0.5833,7477.72,0.7478,28.5714,0.1318,0.9224
db4f4ccc,bull,s5|s10|s46,3,0.0316863561,0.0146438691,-3.2889,0.0,-6.2942,11,27.2727,0.010952,1,0.0909,30789.22,3.0789,100.0,3.1686,3.1686,2,0.1818,-28970.69,-2.8971,0.0,-1.4644,-2.9288,8,0.7273,-25831.1,-2.5831,25.0,-0.3061,-2.4491
243324c5,bear,s18|s52|s23,3,0.0363194657,0.0157444089,-1.683,0.0,-9.514,10,30.0,0.010945,3,0.3,2849.28,0.2849,33.3333,0.161,0.4831,3,0.3,-46724.82,-4.6725,0.0,-1.5744,-4.7233,4,0.4,39915.57,3.9916,50.0,1.0288,4.115
212b2823,bull,s8|s32|s7|s64,4,0.0347167552,0.0169029756,-5.5681,0.0,-8.1254,14,28.5714,0.010938,0,0.0,0.0,0.0,0.0,0.0,0.0,4,0.2857,-16786.48,-1.6786,25.0,-0.3998,-1.5992,10,0.7143,-16209.39,-1.6209,30.0,-0.1417,-1.4171
f9ae239e,bear,s85|s18|s37|s25|s49,5,0.0488334636,0.0182630193,-0.4958,0.0,-11.1965,10,30.0,0.010885,3,0.3,-56369.4,-5.6369,0.0,-1.8263,-5.4789,3,0.3,12468.89,1.2469,33.3333,0.4102,1.2307,4,0.4,58391.59,5.8392,50.0,1.5285,6.1141
6da3b652,bull,s94|s53,2,0.0297978226,0.0096928538,1.0034,0.0,-4.4369,6,33.3333,0.010884,3,0.5,50094.69,5.0095,66.6667,1.6634,4.9903,2,0.3333,-20051.02,-2.0051,0.0,-0.9693,-1.9386,1,0.1667,-9970.28,-0.997,0.0,-0.9693,-0.9693
75b88d3a,bear,s57|s28|s18,3,0.0331310656,0.0143858481,-1.7333,0.0,-9.5724,10,30.0,0.01087,1,0.1,-14279.51,-1.428,0.0,-1.4386,-1.4386,5,0.5,21509.61,2.151,40.0,0.4621,2.3105,4,0.4,-10579.1,-1.0579,25.0,-0.2507,-1.0026
1cfcbf97,bull,s41|s15|s9|s78,4,0.0273184415,0.0177938423,-3.9453,0.0,-8.0038,9,33.3333,0.010837,0,0.0,0.0,0.0,0.0,0.0,0.0,3,0.3333,-8883.14,-0.8883,33.3333,-0.2756,-0.8269,6,0.6667,-17183.6,-1.7184,33.3333,-0.2756,-1.6538
05113545,bear,s80|s89|s61|s86,4,0.04062022,0.0164023766,0.1554,0.0,-3.6387,6,33.3333,0.010765,1,0.1667,-16349.27,-1.6349,0.0,-1.6402,-1.6402,2,0.3333,-33371.06,-3.3371,0.0,-1.6402,-3.2805,3,0.5,63238.27,6.3238,66.6667,2.1613,6.4838
d6a7490d,bear,s101|s76|s90,3,0.0254313402,0.0157607624,-3.6444,0.0,-8.5656,9,33.3333,0.010751,2,0.2222,-32376.35,-3.2376,0.0,-1.5761,-3.1522,2,0.2222,-31402.7,-3.1403,0.0,-1.5761,-3.1522,5,0.5556,44707.94,4.4708,60.0,0.8954,4.4772
3f5f1868,bull,s4|s30|s96,3,0.029420688,0.011642372,-4.7022,0.0,-7.5343,16,25.0,0.010748,3,0.1875,5442.69,0.5443,33.3333,0.2045,0.6136,5,0.3125,-17190.13,-1.719,20.0,-0.343,-1.7149,8,0.5,-11790.32,-1.179,25.0,-0.1377,-1.1013
fd753044,bear,s18|s22|s27,3,0.0546495284,0.0188494842,2.8103,0.0,-7.9533,5,40.0,0.010738,2,0.4,34530.37,3.453,50.0,1.79,3.58,1,0.2,-18975.33,-1.8975,0.0,-1.8849,-1.8849,2,0.4,34718.29,3.4718,50.0,1.79,3.58
fe800072,bear,s72|s66|s61|s89,4,0.042387926,0.0172237608,0.1667,0.0,-3.8018,6,33.3333,0.010711,2,0.3333,-34368.27,-3.4368,0.0,-1.7224,-3.4448,1,0.1667,-17538.37,-1.7538,0.0,-1.7224,-1.7224,3,0.5,65541.87,6.5542,66.6667,2.2517,6.7552
dabcc9f8,bull,s55|s46|s93,3,0.0234717269,0.0137607676,-0.5201,0.0,-3.6406,5,40.0,0.0107,2,0.4,46939.17,4.6939,100.0,2.3472,4.6943,1,0.2,-14112.54,-1.4113,0.0,-1.3761,-1.3761,2,0.4,-27914.51,-2.7915,0.0,-1.3761,-2.7522
55dbaf74,bull,s84|s53|s63|s11,4,0.029653315,0.0080198682,0.6416,0.0,-3.9521,7,28.5714,0.010699,4,0.5714,43047.13,4.3047,50.0,1.0817,4.3267,1,0.1429,-8281.88,-0.8282,0.0,-0.802,-0.802,2,0.2857,-16337.46,-1.6337,0.0,-0.802,-1.604
03e40437,bear,s13|s51|s61,3,0.0345512535,0.0198222101,-3.5522,0.0,-8.7922,9,33.3333,0.010695,1,0.1111,-19759.74,-1.976,0.0,-1.9822,-1.9822,1,0.1111,-19485.38,-1.9485,0.0,-1.9822,-1.9822,7,0.7778,21737.63,2.1738,42.8571,0.3481,2.4365
b47014cf,bear,s31|s52|s27,3,0.0529291293,0.0187919993,2.6172,0.0,-7.9415,5,40.0,0.010664,2,0.4,32808.41,3.2808,50.0,1.7069,3.4137,1,0.2,-18917.46,-1.8917,0.0,-1.8792,-1.8792,2,0.4,33104.79,3.3105,50.0,1.7069,3.4137
84754b0e,bull,s46|s3,2,0.0230472776,0.0135134221,-4.5782,0.0,-6.1788,10,30.0,0.01063,2,0.2,9269.19,0.9269,50.0,0.4767,0.9534,3,0.3,-40578.33,-4.0578,0.0,-1.3513,-4.054,5,0.5,5288.36,0.5288,40.0,0.1111,0.5554
836f9334,bear,s31|s101|s76|s17,4,0.0344428692,0.0157822248,1.2297,0.0,-6.3335,5,40.0,0.010592,0,0.0,0.0,0.0,0.0,0.0,0.0,1,0.2,-16471.35,-1.6471,0.0,-1.5782,-1.5782,4,0.8,36889.23,3.6889,50.0,0.933,3.7321
8075154c,bull,s4|s55|s78,3,0.0186691067,0.0105603287,-6.6447,0.0,-10.1948,17,29.4118,0.010565,3,0.1765,-2394.51,-0.2395,33.3333,-0.0817,-0.2452,5,0.2941,-24072.24,-2.4072,20.0,-0.4714,-2.3572,9,0.5294,-7378.13,-0.7378,33.3333,-0.0817,-0.7355
3e4a2762,bear,s77|s29|s13,3,0.0312119141,0.0176229208,-0.1889,0.0,-4.5763,5,40.0,0.010552,0,0.0,0.0,0.0,0.0,0.0,0.0,1,0.2,-17884.87,-1.7885,0.0,-1.7623,-1.7623,4,0.8,25956.49,2.5956,50.0,0.6794,2.7178
6c8ed331,bear,s57|s85|s29,3,0.029760635,0.0152346602,0.2602,0.0,-5.2355,5,40.0,0.010533,1,0.2,-15369.96,-1.537,0.0,-1.5235,-1.5235,0,0.0,0.0,0.0,0.0,0.0,0.0,4,0.8,27951.32,2.7951,50.0,0.7263,2.9052
4b4b4e8b,bear,s20|s17|s66,3,0.0329501465,0.0188262966,-0.2131,0.0,-4.6122,5,40.0,0.010531,1,0.2,-18550.25,-1.855,0.0,-1.8826,-1.8826,0,0.0,0.0,0.0,0.0,0.0,0.0,4,0.8,26275.49,2.6275,50.0,0.7062,2.8248
3592480b,bear,s50|s20|s62,3,0.0356814876,0.0149939656,-2.0251,0.0,-9.7609,10,30.0,0.010523,3,0.3,-44550.44,-4.455,0.0,-1.4994,-4.4982,2,0.2,-30912.33,-3.0912,0.0,-1.4994,-2.9988,5,0.5,75251.88,7.5252,60.0,1.5411,7.7057
8becee9b,bear,s90|s97|s27,3,0.056025218,0.0102017499,3.2007,0.0,-7.4652,8,25.0,0.010465,4,0.5,23980.31,2.398,25.0,0.6355,2.542,3,0.375,-31597.49,-3.1597,0.0,-1.0202,-3.0605,1,0.125,55903.88,5.5904,100.0,5.6025,5.6025
1ccaae9e,bull,s33|s34|s5,3,0.0273068622,0.0132487159,-6.5148,0.0,-9.4106,18,27.7778,0.010455,2,0.1111,-25141.9,-2.5142,0.0,-1.3249,-2.6497,4,0.2222,24989.19,2.4989,50.0,0.7029,2.8116,12,0.6667,-37709.84,-3.771,25.0,-0.311,-3.7318
969ce7a1,bear,s80|s101|s27,3,0.0424126126,0.0146391547,-2.8756,0.0,-11.2173,15,26.6667,0.010454,3,0.2,-44155.24,-4.4155,0.0,-1.4639,-4.3917,3,0.2,14175.56,1.4176,33.3333,0.4378,1.3134,9,0.6,34658.45,3.4658,33.3333,0.4378,3.9403
734cd99f,bull,s64|s93|s82,3,0.0194587719,0.0114267377,-10.771,0.0,-12.2869,31,32.2581,0.010434,5,0.1613,32332.01,3.2332,60.0,0.7105,3.5523,5,0.1613,-25366.05,-2.5366,20.0,-0.525,-2.6248,21,0.6774,-54089.19,-5.4089,28.5714,-0.2602,-5.4648
d9fafbe0,bull,s65|s78,2,0.033837424,0.0125801917,1.1651,0.0,-6.0338,6,33.3333,0.010387,4,0.6667,-4005.16,-0.4005,25.0,-0.0976,-0.3903,0,0.0,0.0,0.0,0.0,0.0,0.0,2,0.3333,19733.62,1.9734,50.0,1.0629,2.1257
a094316e,bear,s61|s57|s80,3,0.0375671296,0.0186562733,-3.0522,0.0,-10.0483,9,33.3333,0.010376,2,0.2222,-36772.72,-3.6773,0.0,-1.8656,-3.7313,1,0.1111,-19130.05,-1.913,0.0,-1.8656,-1.8656,6,0.6667,53845.94,5.3846,50.0,0.9455,5.6733
f5ac5577,bull,s36|s75|s10,3,0.0334776032,0.0107755631,-3.4818,0.0,-8.7192,17,23.5294,0.010371,3,0.1765,10901.0,1.0901,33.3333,0.3975,1.1926,5,0.2941,-9891.92,-0.9892,20.0,-0.1925,-0.9625,9,0.5294,-10744.83,-1.0745,22.2222,-0.0942,-0.8474
d349923e,bull,s8|s68|s91,3,0.0325116748,0.0119381811,-4.9024,0.0,-6.8251,17,23.5294,0.010371,1,0.0588,-11825.62,-1.1826,0.0,-1.1938,-1.1938,5,0.2941,-14916.86,-1.4917,20.0,-0.3048,-1.5241,11,0.6471,-707.84,-0.0708,27.2727,0.0185,0.203
84dcc760,bull,s91|s4|s58|s96,4,0.0277168036,0.0131078825,-6.0176,0.0,-7.1446,15,26.6667,0.010349,2,0.1333,-25455.54,-2.5456,0.0,-1.3108,-2.6216,4,0.2667,27246.42,2.7246,50.0,0.7304,2.9218,9,0.6,-36414.5,-3.6415,22.2222,-0.4036,-3.6322
231f47ac,bull,s58|s30|s83|s75,4,0.0310943999,0.0099667569,-0.2836,0.0,-3.612,7,28.5714,0.010324,3,0.4286,52075.17,5.2075,66.6667,1.7407,5.2222,3,0.4286,-30656.46,-3.0656,0.0,-0.9967,-2.99,1,0.1429,-10047.61,-1.0048,0.0,-0.9967,-0.9967
2d511c01,bull,s15|s32|s40|s1,4,0.0348146146,0.0189802259,0.8678,0.0,-6.758,5,40.0,0.01032,3,0.6,49168.24,4.9168,66.6667,1.6883,5.0649,2,0.4,-38329.28,-3.8329,0.0,-1.898,-3.796,0,0.0,0.0,0.0,0.0,0.0,0.0
697f34c6,bull,s79|s21|s12,3,0.0336569355,0.0184514059,0.7755,0.0,-6.6381,5,40.0,0.010319,2,0.4,13853.7,1.3854,50.0,0.7603,1.5206,2,0.4,15239.81,1.524,50.0,0.7603,1.5206,1,0.2,-18809.63,-1.881,0.0,-1.8451,-1.8451
f3fa800c,bull,s91|s12|s64|s73|s6,5,0.0358487442,0.0100712504,-1.9835,0.0,-6.5015,14,21.4286,0.010317,2,0.1429,25470.03,2.547,50.0,1.2889,2.5777,3,0.2143,-30308.52,-3.0309,0.0,-1.0071,-3.0214,9,0.6429,-447.32,-0.0447,22.2222,0.0133,0.1199
a66d53dd,bull,s15|s10|s45|s38,4,0.0216968534,0.0094086856,-3.6597,0.0,-5.7918,12,25.0,0.010317,7,0.5833,26737.95,2.6738,42.8571,0.3922,2.7456,2,0.1667,-18441.65,-1.8442,0.0,-0.9409,-1.8817,3,0.25,-28279.4,-2.8279,0.0,-0.9409,-2.8226
4e632fa9,bear,s86|s89|s37,3,0.0312797005,0.0117919627,-3.9015,0.0,-10.0073,15,26.6667,0.010312,5,0.3333,-15973.51,-1.5974,20.0,-0.3178,-1.5888,3,0.2,-35757.64,-3.5758,0.0,-1.1792,-3.5376,7,0.4667,45306.9,4.5307,42.8571,0.6667,4.6671
ed98653b,bull,s64|s15|s3|s88|s94,5,0.0318815025,0.0128465313,-3.0919,0.0,-6.56,12,25.0,0.010309,2,0.1667,18086.1,1.8086,50.0,0.9517,1.9035,4,0.3333,-51022.36,-5.1022,0.0,-1.2847,-5.1386,6,0.5,11470.79,1.1471,33.3333,0.2063,1.2377
3c0fba44,bull,s74|s60|s54|s68,4,0.0268683789,0.0113414469,-0.5933,0.0,-3.9611,6,33.3333,0.010289,3,0.5,42078.87,4.2079,66.6667,1.4132,4.2395,2,0.3333,-23166.14,-2.3166,0.0,-1.1341,-2.2683,1,0.1667,-11403.62,-1.1404,0.0,-1.1341,-1.1341
13649975,bear,s100|s29|s18,3,0.0259110919,0.016920188,-7.052,0.0,-12.5003,15,33.3333,0.010287,4,0.2667,-66187.92,-6.6188,0.0,-1.692,-6.7681,3,0.2,-7290.04,-0.729,33.3333,-0.2643,-0.7929,8,0.5333,32947.7,3.2948,50.0,0.4495,3.5964
11dcae04,bear,s19|s71,2,0.0236404699,0.0106916281,-0.8255,0.0,-3.7538,6,33.3333,0.010252,3,0.5,-32243.37,-3.2243,0.0,-1.0692,-3.2075,1,0.1667,-10987.56,-1.0988,0.0,-1.0692,-1.0692,2,0.3333,47038.11,4.7038,100.0,2.364,4.7281
18e48c08,bear,s66|s17|s27,3,0.0348495097,0.0172207486,-2.5617,0.0,-10.9759,9,33.3333,0.010229,3,0.3333,-51543.04,-5.1543,0.0,-1.7221,-5.1662,1,0.1111,-17972.39,-1.7972,0.0,-1.7221,-1.7221,5,0.5556,68403.64,6.8404,60.0,1.4021,7.0107
31ca2732,bear,s29|s71|s19|s97,4,0.0323882309,0.0136123961,-0.3063,0.0,-4.6049,6,33.3333,0.010195,3,0.5,-41311.48,-4.1311,0.0,-1.3612,-4.0837,1,0.1667,-14206.78,-1.4207,0.0,-1.3612,-1.3612,2,0.3333,64592.27,6.4592,100.0,3.2388,6.4776
e93cf632,bull,s54|s6|s8,3,0.037329022,0.0090535062,-1.718,0.0,-6.3833,15,20.0,0.010193,3,0.2,18720.23,1.872,33.3333,0.6407,1.9222,3,0.2,-27179.89,-2.718,0.0,-0.9054,-2.7161,9,0.6,9352.15,0.9352,22.2222,0.1254,1.1284
9f93d8e5,bear,s52|s67|s56,3,0.0312026153,0.0171060293,-0.7287,0.0,-5.1126,5,40.0,0.010175,1,0.2,-16910.04,-1.691,0.0,-1.7106,-1.7106,0,0.0,0.0,0.0,0.0,0.0,0.0,4,0.8,26473.9,2.6474,50.0,0.7048,2.8193
e655a425,bull,s40|s35|s26,3,0.0356698763,0.0129303799,1.9016,0.0,-7.6104,6,33.3333,0.010173,2,0.3333,22650.09,2.265,50.0,1.137,2.2739,1,0.1667,-13191.44,-1.3191,0.0,-1.293,-1.293,3,0.5,8418.58,0.8419,33.3333,0.327,0.9809
103dbb1b,bull,s94|s3|s24,3,0.0308762584,0.0150200738,-4.3301,0.0,-6.1043,11,27.2727,0.010161,4,0.3636,73357.81,7.3358,75.0,1.9402,7.7609,1,0.0909,-14631.35,-1.4631,0.0,-1.502,-1.502,6,0.5455,-87774.11,-8.7774,0.0,-1.502,-9.012
b47972e7,bull,s53|s11|s9|s32,4,0.0280490069,0.0158966771,-3.8479,0.0,-8.0208,10,30.0,0.010109,2,0.2,11692.92,1.1693,50.0,0.6076,1.2152,2,0.2,-32216.58,-3.2217,0.0,-1.5897,-3.1793,6,0.6,-7672.94,-0.7673,33.3333,-0.1248,-0.7489
4aa82ece,bear,s61|s17|s28|s20,4,0.0301315725,0.0177698816,-1.3085,0.0,-4.5612,5,40.0,0.010108,1,0.2,-17509.33,-1.7509,0.0,-1.777,-1.777,0,0.0,0.0,0.0,0.0,0.0,0.0,4,0.8,23027.29,2.3027,50.0,0.6181,2.4723
1e2e4787,bull,s5|s10|s93,3,0.030485897,0.012343961,-3.2349,0.0,-6.6569,12,25.0,0.010102,2,0.1667,17695.2,1.7695,50.0,0.9071,1.8142,2,0.1667,-24439.25,-2.4439,0.0,-1.2344,-2.4688,8,0.6667,-14622.78,-1.4623,25.0,-0.1636,-1.3092
9faf2721,bear,s99|s86|s72|s57|s49,5,0.0315881048,0.0121550811,0.133,0.0,-5.535,6,33.3333,0.010071,1,0.1667,-12144.75,-1.2145,0.0,-1.2155,-1.2155,0,0.0,0.0,0.0,0.0,0.0,0.0,5,0.8333,25444.26,2.5444,40.0,0.5342,2.6711
6f97366c,bull,s46|s11|s41,3,0.0319212759,0.0160384343,-4.3031,0.0,-6.2883,11,27.2727,0.010063,0,0.0,0.0,0.0,0.0,0.0,0.0,3,0.2727,-976.41,-0.0976,33.3333,-0.0052,-0.0156,8,0.7273,-33056.3,-3.3056,25.0,-0.4049,-3.2388
4b874570,bull,s1|s41|s47,3,0.0317664036,0.0111043745,-3.0313,0.0,-6.1407,13,23.0769,0.010058,4,0.3077,39126.68,3.9127,50.0,1.0331,4.1324,3,0.2308,-32416.63,-3.2417,0.0,-1.1104,-3.3313,6,0.4615,-24483.87,-2.4484,16.6667,-0.3959,-2.3755
ae4561d8,bull,s75|s15,2,0.0300450699,0.0094111021,-0.3423,0.0,-4.2115,7,28.5714,0.010039,3,0.4286,50540.02,5.054,66.6667,1.6893,5.0679,3,0.4286,-28934.53,-2.8935,0.0,-0.9411,-2.8233,1,0.1429,-9487.44,-0.9487,0.0,-0.9411,-0.9411
f67f467e,bear,s29|s61|s27,3,0.0278023771,0.0106293033,-4.9594,0.0,-10.8995,19,26.3158,0.010036,5,0.2632,-52383.25,-5.2383,0.0,-1.0629,-5.3147,5,0.2632,23245.36,2.3245,40.0,0.4743,2.3717,9,0.4737,17686.82,1.7687,33.3333,0.2181,1.9631
77db7783,bull,s35|s5,2,0.0352998728,0.0158675595,-3.2497,0.0,-7.7738,11,27.2727,0.01001,3,0.2727,2812.52,0.2813,33.3333,0.1188,0.3565,1,0.0909,-15797.02,-1.5797,0.0,-1.5868,-1.5868,7,0.6364,-10555.72,-1.0556,28.5714,-0.1248,-0.8738
8cf59f5b,bull,s70|s58|s41,3,0.0231635252,0.0141631067,-7.5721,0.0,-9.5149,17,29.4118,0.009997,2,0.1176,-27592.57,-2.7593,0.0,-1.4163,-2.8326,5,0.2941,-32718.17,-3.2718,20.0,-0.6698,-3.3489,10,0.5882,6553.08,0.6553,40.0,0.0768,0.7675
4fcf179a,bull,s79|s70|s38|s46,4,0.030182941,0.0101381153,0.4544,0.0,-5.3958,7,28.5714,0.009988,3,0.4286,50444.58,5.0445,66.6667,1.6743,5.0228,1,0.1429,-10559.86,-1.056,0.0,-1.0138,-1.0138,3,0.4286,-31024.68,-3.1025,0.0,-1.0138,-3.0414
d0cbb973,bear,s90|s18|s23|s77,4,0.0217203005,0.0081811557,-1.2139,0.0,-3.1908,7,28.5714,0.00998,2,0.2857,-16246.82,-1.6247,0.0,-0.8181,-1.6362,1,0.1429,-8140.58,-0.8141,0.0,-0.8181,-0.8181,4,0.5714,26256.74,2.6257,50.0,0.677,2.7078
0faf49f5,bear,s97|s17|s27,3,0.0303151723,0.0162530015,-3.318,0.0,-10.452,9,33.3333,0.009967,3,0.3333,-48420.36,-4.842,0.0,-1.6253,-4.8759,1,0.1111,-16850.8,-1.6851,0.0,-1.6253,-1.6253,5,0.5556,56940.08,5.694,60.0,1.1688,5.844
bd8d6149,bear,s28|s17|s85|s99|s90,5,0.0331984893,0.0183765056,-1.0093,0.0,-5.4426,5,40.0,0.009964,2,0.4,-36491.35,-3.6491,0.0,-1.8377,-3.6753,0,0.0,0.0,0.0,0.0,0.0,0.0,3,0.6,45974.05,4.5974,66.6667,1.6007,4.802
284dd2ec,bear,s23|s25|s27,3,0.0318157166,0.0158575338,-4.3622,0.0,-12.1822,13,30.7692,0.009961,3,0.2308,-46270.64,-4.6271,0.0,-1.5858,-4.7573,2,0.1538,-32571.92,-3.2572,0.0,-1.5858,-3.1715,8,0.6154,61234.55,6.1235,50.0,0.7979,6.3833
2c416e1e,bull,s4|s21|s5,3,0.0307648175,0.0083709636,-4.0591,0.0,-6.3211,20,20.0,0.00992,3,0.15,12719.21,1.2719,33.3333,0.4674,1.4023,6,0.3,-48530.44,-4.853,0.0,-0.8371,-5.0226,11,0.55,22618.36,2.2618,27.2727,0.2302,2.5327
b69a6c2e,bear,s85|s18|s25,3,0.0243692336,0.0136461796,-5.859,0.0,-10.2422,13,30.7692,0.009918,2,0.1538,10636.1,1.0636,50.0,0.5362,1.0723,3,0.2308,-40730.43,-4.073,0.0,-1.3646,-4.0939,8,0.6154,3705.95,0.3706,37.5,0.061,0.4877
bbf3b154,bear,s89|s71|s50,3,0.0436023145,0.0180785851,0.0393,0.0,-5.895,6,33.3333,0.009897,2,0.3333,-36488.2,-3.6488,0.0,-1.8079,-3.6157,1,0.1667,-18022.86,-1.8023,0.0,-1.8079,-1.8079,3,0.5,66748.92,6.6749,66.6667,2.3042,6.9126
50b497e1,bull,s34|s21,2,0.0460215877,0.0177361585,1.0942,0.0,-7.3756,6,33.3333,0.00987,1,0.1667,45182.08,4.5182,100.0,4.6022,4.6022,1,0.1667,-17013.86,-1.7014,0.0,-1.7736,-1.7736,4,0.6667,-9975.13,-0.9975,25.0,-0.1797,-0.7187
26e81bec,bull,s82|s68|s3,3,0.0310374588,0.0195113552,-6.6849,0.0,-9.2279,13,30.7692,0.00985,2,0.1538,11050.15,1.105,50.0,0.5763,1.1526,3,0.2308,-57368.82,-5.7369,0.0,-1.9511,-5.8534,8,0.6154,-6447.25,-0.6447,37.5,-0.0556,-0.4444
13765e94,bull,s78|s5,2,0.0288689709,0.012348652,-3.7049,0.0,-6.4472,12,25.0,0.009801,2,0.1667,15918.09,1.5918,50.0,0.826,1.652,2,0.1667,-24520.59,-2.4521,0.0,-1.2349,-2.4697,8,0.6667,-17136.49,-1.7136,25.0,-0.2044,-1.6354
cab74ac0,bear,s66|s29|s50|s20,4,0.0306395209,0.0127823288,-0.3072,0.0,-5.7761,6,33.3333,0.009773,1,0.1667,-12905.62,-1.2906,0.0,-1.2782,-1.2782,1,0.1667,-13311.27,-1.3311,0.0,-1.2782,-1.2782,4,0.6667,35446.29,3.5446,50.0,0.8929,3.5714
36ea7713,bear,s31|s18,2,0.034376966,0.0166697425,-3.5544,0.0,-8.9818,10,30.0,0.009767,2,0.2,-33916.35,-3.3916,0.0,-1.667,-3.3339,2,0.2,-33384.68,-3.3385,0.0,-1.667,-3.3339,6,0.6,51765.08,5.1765,50.0,0.8854,5.3122
24436800,bull,s24|s5|s1,3,0.0206366903,0.0128968166,-8.7289,0.0,-10.2411,20,30.0,0.009744,6,0.3,-10559.99,-1.056,33.3333,-0.1719,-1.0314,4,0.2,-17368.52,-1.7369,25.0,-0.4513,-1.8054,10,0.5,-29010.88,-2.9011,30.0,-0.2837,-2.8368
c0f009eb,bear,s100|s50|s22,3,0.0225460839,0.0121857131,-1.6287,0.0,-4.1879,6,33.3333,0.009711,3,0.5,-36771.52,-3.6772,0.0,-1.2186,-3.6557,2,0.3333,10339.19,1.0339,50.0,0.518,1.036,1,0.1667,22178.67,2.2179,100.0,2.2546,2.2546
d29ccabb,bear,s16|s57|s100|s99|s49,5,0.0223881635,0.0119960902,-1.5887,0.0,-4.292,6,33.3333,0.009692,1,0.1667,-11714.25,-1.1714,0.0,-1.1996,-1.1996,2,0.3333,9902.46,0.9902,50.0,0.5196,1.0392,3,0.5,-2314.57,-0.2315,33.3333,-0.0535,-0.1604
29631f95,bull,s96|s78|s26,3,0.0215084992,0.0105071323,-5.0919,0.0,-9.1176,15,26.6667,0.009684,5,0.3333,10801.36,1.0801,40.0,0.2299,1.1496,4,0.2667,-9635.78,-0.9636,25.0,-0.2503,-1.0013,6,0.4,-30912.76,-3.0913,16.6667,-0.5171,-3.1027
e4f6832d,bear,s97|s20|s31|s80|s37,5,0.026283837,0.0152454196,-4.1865,0.0,-9.8256,9,33.3333,0.00968,2,0.2222,-29787.44,-2.9787,0.0,-1.5245,-3.0491,1,0.1111,-15423.67,-1.5424,0.0,-1.5245,-1.5245,6,0.6667,31266.79,3.1267,50.0,0.5519,3.3115
f838b4d6,bull,s54|s11|s12,3,0.0342900956,0.0195700321,0.477,0.0,-8.3904,5,40.0,0.009674,3,0.6,-5611.43,-0.5611,33.3333,-0.1617,-0.485,0,0.0,0.0,0.0,0.0,0.0,0.0,2,0.4,13668.34,1.3668,50.0,0.736,1.472
635eace1,bear,s62|s80|s26,3,0.0409695765,0.0125551467,0.3186,0.0,-6.1021,7,28.5714,0.009616,2,0.2857,-25273.48,-2.5273,0.0,-1.2555,-2.511,1,0.1429,-12644.6,-1.2645,0.0,-1.2555,-1.2555,4,0.5714,54977.54,5.4978,50.0,1.4207,5.6829
8c3f901e,bull,s30|s3,2,0.0340490537,0.0132592806,-4.2761,0.0,-5.949,12,25.0,0.009612,1,0.0833,-13463.6,-1.3464,0.0,-1.3259,-1.3259,3,0.25,6471.65,0.6472,33.3333,0.251,0.753,8,0.6667,-12076.45,-1.2076,25.0,-0.1432,-1.1458
32be6a81,bear,s19|s31|s52|s23,4,0.0229796631,0.0144332037,-1.5014,0.0,-5.957,5,40.0,0.009612,0,0.0,0.0,0.0,0.0,0.0,0.0,0,0.0,0.0,0.0,0.0,0.0,0.0,5,1.0,1866.91,0.1867,40.0,0.0532,0.266
200183d4,bear,s31|s18|s27,3,0.0565772738,0.0152668789,1.5066,0.0,-7.7416,7,28.5714,0.009592,2,0.2857,39735.76,3.9736,50.0,2.0655,4.131,4,0.5714,-62630.96,-6.2631,0.0,-1.5267,-6.1068,1,0.1429,56454.74,5.6455,100.0,5.6577,5.6577
fb011a79,bear,s66|s20|s50,3,0.0261508775,0.0101029455,-3.729,0.0,-6.7202,12,25.0,0.009582,4,0.3333,-39251.98,-3.9252,0.0,-1.0103,-4.0412,3,0.25,-29979.07,-2.9979,0.0,-1.0103,-3.0309,5,0.4167,55322.92,5.5323,60.0,1.1649,5.8247
494efe55,bear,s13|s29|s37,3,0.0251492938,0.0110726678,-5.1689,0.0,-9.1713,15,26.6667,0.009543,4,0.2667,-43466.47,-4.3466,0.0,-1.1073,-4.4291,3,0.2,-32831.54,-3.2832,0.0,-1.1073,-3.3218,8,0.5333,54341.01,5.4341,50.0,0.7038,5.6307
e0102cd5,bear,s99|s18|s76|s90|s16,5,0.0415549849,0.0091230773,1.5525,0.0,-6.6202,9,22.2222,0.009543,1,0.1111,42626.97,4.2627,100.0,4.1555,4.1555,1,0.1111,-9414.52,-0.9415,0.0,-0.9123,-0.9123,7,0.7778,-15409.23,-1.5409,14.2857,-0.1883,-1.3183
3f8f1b85,bear,s101|s37|s52,3,0.0599039929,0.0127412877,2.3285,0.0,-8.252,8,25.0,0.009529,2,0.25,45691.26,4.5691,50.0,2.3581,4.7163,3,0.375,-38742.09,-3.8742,0.0,-1.2741,-3.8224,3,0.375,33061.67,3.3062,33.3333,1.1474,3.4421
d7533f8e,bear,s31|s101|s18,3,0.0318245518,0.0178312025,-5.2847,0.0,-13.0685,12,33.3333,0.009517,3,0.25,-53095.19,-5.3095,0.0,-1.7831,-5.3494,1,0.0833,-17953.55,-1.7954,0.0,-1.7831,-1.7831,8,0.6667,53431.41,5.3431,50.0,0.6997,5.5973
65f95546,bull,s15|s2|s39,3,0.0270179542,0.011146826,-5.0796,0.0,-8.324,16,25.0,0.009507,7,0.4375,-2438.78,-0.2439,28.5714,-0.0243,-0.1698,3,0.1875,-31849.24,-3.1849,0.0,-1.1147,-3.344,6,0.375,6520.32,0.652,33.3333,0.1575,0.9449
13e80032,bull,s32|s1|s59|s2|s21,5,0.034074336,0.0109580224,-0.1386,0.0,-5.7634,7,28.5714,0.009502,3,0.4286,12493.65,1.2494,33.3333,0.4053,1.2158,1,0.1429,-11335.34,-1.1335,0.0,-1.0958,-1.0958,3,0.4286,10848.54,1.0849,33.3333,0.4053,1.2158
cab679ed,bear,s86|s99|s26,3,0.0257018489,0.0090308819,-0.8526,0.0,-4.8541,7,28.5714,0.009484,4,0.5714,-1773.7,-0.1774,25.0,-0.0348,-0.1391,0,0.0,0.0,0.0,0.0,0.0,0.0,3,0.4286,7365.63,0.7366,33.3333,0.2547,0.764
ccc08912,bear,s61|s20|s89,3,0.0319467238,0.0193993899,-6.0063,0.0,-12.158,12,33.3333,0.00948,2,0.1667,-37537.3,-3.7537,0.0,-1.9399,-3.8799,3,0.25,-59439.1,-5.9439,0.0,-1.9399,-5.8198,7,0.5833,67431.47,6.7431,57.1429,0.9941,6.9589
c7ae973b,bear,s100|s50|s66,3,0.0252868864,0.0138241318,-1.7601,0.0,-4.6651,6,33.3333,0.009476,3,0.5,-41777.95,-4.1778,0.0,-1.3824,-4.1472,2,0.3333,11405.78,1.1406,50.0,0.5731,1.1463,1,0.1667,24814.58,2.4815,100.0,2.5287,2.5287
f1873aef,bear,s13|s80|s26,3,0.0326061969,0.0147150061,0.0145,0.0,-7.0951,6,33.3333,0.009453,1,0.1667,-15066.57,-1.5067,0.0,-1.4715,-1.4715,0,0.0,0.0,0.0,0.0,0.0,0.0,5,0.8333,20277.49,2.0277,40.0,0.4213,2.1067
db339551,bull,s21|s53|s27,3,0.0402620015,0.0096107571,1.2371,0.0,-7.0362,8,25.0,0.009414,2,0.25,30186.22,3.0186,50.0,1.5326,3.0651,3,0.375,-28972.33,-2.8972,0.0,-0.9611,-2.8832,3,0.375,19683.73,1.9684,33.3333,0.7013,2.104
d0c6bff6,bull,s70|s95|s26,3,0.0386674185,0.0181371943,-0.0786,0.0,-7.1122,6,33.3333,0.009402,3,0.5,1630.14,0.163,33.3333,0.0798,0.2393,0,0.0,0.0,0.0,0.0,0.0,0.0,3,0.5,1038.35,0.1038,33.3333,0.0798,0.2393
8aaa6a48,bear,s22|s18|s29|s31,4,0.0183368348,0.0116933264,-2.2432,0.0,-4.2479,6,33.3333,0.009394,0,0.0,0.0,0.0,0.0,0.0,0.0,2,0.3333,-23097.64,-2.3098,0.0,-1.1693,-2.3387,4,0.6667,12536.57,1.2537,50.0,0.3322,1.3287
a27e8e4b,bull,s3|s64|s73|s40,4,0.035059698,0.0168273255,-1.0918,0.0,-5.9294,6,33.3333,0.009341,0,0.0,0.0,0.0,0.0,0.0,0.0,1,0.1667,33079.25,3.3079,100.0,3.506,3.506,5,0.8333,-32271.99,-3.2272,20.0,-0.645,-3.225
107504ca,bear,s90|s37|s27,3,0.0585497231,0.0165950107,1.5879,0.0,-8.5133,7,28.5714,0.009314,2,0.2857,-34013.58,-3.4014,0.0,-1.6595,-3.319,4,0.5714,6076.71,0.6077,25.0,0.2191,0.8765,1,0.1429,58483.57,5.8484,100.0,5.855,5.855
6d654d02,bull,s40|s35|s8|s34|s94,5,0.0362688664,0.0146498761,-3.7464,0.0,-7.0695,12,25.0,0.009313,2,0.1667,20703.6,2.0704,50.0,1.0809,2.1619,2,0.1667,-28520.66,-2.8521,0.0,-1.465,-2.93,8,0.6667,-17527.1,-1.7527,25.0,-0.192,-1.5362
d7fea526,bear,s37|s101|s27,3,0.0576801311,0.0161557123,1.638,0.0,-8.6287,7,28.5714,0.009293,2,0.2857,39718.23,3.9718,50.0,2.0762,4.1524,4,0.5714,-66223.55,-6.6224,0.0,-1.6156,-6.4623,1,0.1429,57555.21,5.7555,100.0,5.768,5.768
70e511bf,bull,s44|s58|s47|s53|s33,5,0.0306123991,0.014661791,-4.6324,0.0,-7.0336,11,27.2727,0.009281,3,0.2727,45011.64,4.5012,66.6667,1.5521,4.6563,3,0.2727,-43450.09,-4.345,0.0,-1.4662,-4.3985,5,0.4545,-28550.35,-2.855,20.0,-0.5607,-2.8035
b0607ebe,bull,s6|s42|s26,3,0.0316818491,0.0159216168,-4.7343,0.0,-6.8975,11,27.2727,0.009281,1,0.0909,30637.54,3.0638,100.0,3.1682,3.1682,2,0.1818,-31636.26,-3.1636,0.0,-1.5922,-3.1843,8,0.7273,-32854.84,-3.2855,25.0,-0.4021,-3.2166
2debe4e3,bear,s66|s85|s27,3,0.0309415866,0.0160437306,-2.1167,0.0,-4.746,6,33.3333,0.009275,3,0.5,-1544.28,-0.1544,33.3333,-0.0382,-0.1146,1,0.1667,30314.69,3.0315,100.0,3.0942,3.0942,2,0.3333,-32354.69,-3.2355,0.0,-1.6044,-3.2087
b0039d37,bear,s23|s89|s27,3,0.0410981237,0.0098339902,0.5348,0.0,-6.4336,8,25.0,0.009254,4,0.5,-39209.02,-3.9209,0.0,-0.9834,-3.9336,1,0.125,-10075.37,-1.0075,0.0,-0.9834,-0.9834,3,0.375,70517.87,7.0518,66.6667,2.4121,7.2362
d95be2c2,bull,s70|s32|s27,3,0.0336928311,0.014392953,-4.2306,0.0,-6.5249,12,25.0,0.009241,1,0.0833,32371.98,3.2372,100.0,3.3693,3.3693,4,0.3333,-56288.0,-5.6288,0.0,-1.4393,-5.7572,7,0.5833,-6375.1,-0.6375,28.5714,-0.0654,-0.4579
328680f4,bear,s71|s101|s57|s90|s20,5,0.0202386447,0.0109187821,-5.6009,0.0,-10.1073,14,28.5714,0.009237,4,0.2857,-43216.42,-4.3216,0.0,-1.0919,-4.3675,2,0.1429,-21495.94,-2.1496,0.0,-1.0919,-2.1838,8,0.5714,36497.56,3.6498,50.0,0.466,3.7279
bd3d3cc4,bull,s38|s5|s78|s59|s14,5,0.0315968946,0.0146830173,-3.6376,0.0,-8.4412,11,27.2727,0.009228,2,0.1818,16623.72,1.6624,50.0,0.8457,1.6914,2,0.1818,-30015.42,-3.0015,0.0,-1.4683,-2.9366,7,0.6364,-10704.77,-1.0705,28.5714,-0.146,-1.0221
04528f2a,bull,s82|s74|s27,3,0.0394224951,0.0191909944,-4.858,0.0,-6.8144,11,27.2727,0.009227,1,0.0909,-19209.01,-1.9209,0.0,-1.9191,-1.9191,3,0.2727,561.42,0.0561,33.3333,0.0347,0.1041,7,0.6364,-19240.9,-1.9241,28.5714,-0.2444,-1.711
3c86c822,bear,s72|s80|s27,3,0.0303633392,0.012091444,-4.9831,0.0,-9.7864,15,26.6667,0.009213,4,0.2667,-47876.08,-4.7876,0.0,-1.2091,-4.8366,3,0.2,6669.73,0.667,33.3333,0.206,0.618,8,0.5333,27743.07,2.7743,37.5,0.3829,3.0633
91feb06c,bull,s36|s48|s12,3,0.0317051336,0.0143026184,-0.0628,0.0,-7.6875,6,33.3333,0.009202,5,0.8333,18382.65,1.8383,40.0,0.41,2.0502,0,0.0,0.0,0.0,0.0,0.0,0.0,1,0.1667,-13806.05,-1.3806,0.0,-1.4303,-1.4303
1c2defaa,bear,s61|s37|s49|s90|s31,5,0.0322587086,0.018778791,-4.7049,0.0,-10.1058,9,33.3333,0.009155,2,0.2222,-37962.78,-3.7963,0.0,-1.8779,-3.7558,1,0.1111,-19082.68,-1.9083,0.0,-1.8779,-1.8779,6,0.6667,39098.8,3.9099,50.0,0.674,4.044
e3021254,bull,s70|s7|s94|s64,4,0.0332327107,0.0139824749,-5.5012,0.0,-8.1385,16,25.0,0.009146,1,0.0625,-14096.77,-1.4097,0.0,-1.3982,-1.3982,5,0.3125,-22679.54,-2.268,20.0,-0.4539,-2.2697,10,0.625,260.24,0.026,30.0,0.0182,0.1821
265d62d7,bull,s83|s78|s32|s60|s40,5,0.0375419883,0.0154495074,-1.79,0.0,-4.4404,7,28.5714,0.009133,3,0.4286,58280.87,5.8281,66.6667,1.9878,5.9634,2,0.2857,-31373.89,-3.1374,0.0,-1.545,-3.0899,2,0.2857,-30838.21,-3.0838,0.0,-1.545,-3.0899
66b7b8eb,bear,s56|s17,2,0.034877056,0.0082822109,-0.7569,0.0,-4.3239,9,22.2222,0.00912,2,0.2222,-16384.31,-1.6384,0.0,-0.8282,-1.6564,1,0.1111,-8282.53,-0.8283,0.0,-0.8282,-0.8282,6,0.6667,34902.29,3.4902,33.3333,0.6104,3.6625
5f93bd46,bull,s60|s14|s27,3,0.0318602906,0.0150393678,-3.7699,0.0,-8.4591,11,27.2727,0.009099,3,0.2727,48349.16,4.8349,66.6667,1.6227,4.8681,2,0.1818,-30743.88,-3.0744,0.0,-1.5039,-3.0079,6,0.5455,-43696.52,-4.3697,16.6667,-0.7223,-4.3337
35be866b,bull,s35|s7,2,0.0349670021,0.0167764467,-4.0549,0.0,-8.1247,11,27.2727,0.009069,3,0.2727,759.05,0.0759,33.3333,0.0471,0.1414,1,0.0909,-16661.92,-1.6662,0.0,-1.6776,-1.6776,7,0.6364,-15692.6,-1.5693,28.5714,-0.1993,-1.3948
1ee49c92,bear,s100|s37|s27,3,0.050163445,0.0113486677,1.3062,0.0,-7.8625,8,25.0,0.009062,2,0.25,37523.35,3.7523,50.0,1.9407,3.8815,3,0.375,-34307.45,-3.4307,0.0,-1.1349,-3.4046,3,0.375,26484.23,2.6484,33.3333,0.9155,2.7466
c5b9da12,bull,s1|s3|s41|s35,4,0.0321309788,0.0119134636,-4.2331,0.0,-5.822,13,23.0769,0.009056,3,0.2308,7784.7,0.7785,33.3333,0.2768,0.8304,2,0.1538,-23540.79,-2.3541,0.0,-1.1913,-2.3827,8,0.6154,-8682.29,-0.8682,25.0,-0.0902,-0.7219
85f015df,bull,s59|s36|s21,3,0.0350535141,0.0088676364,-0.4058,0.0,-4.9611,9,22.2222,0.009029,2,0.2222,-17987.45,-1.7987,0.0,-0.8868,-1.7735,3,0.3333,-27115.72,-2.7116,0.0,-0.8868,-2.6603,4,0.4444,51903.07,5.1903,50.0,1.3093,5.2372
89a789e1,bear,s18|s29|s27,3,0.0520736694,0.0180791638,0.627,0.0,-9.0894,6,33.3333,0.009029,3,0.5,13644.78,1.3645,33.3333,0.5305,1.5915,1,0.1667,-17811.7,-1.7812,0.0,-1.8079,-1.8079,2,0.3333,32998.83,3.2999,50.0,1.6997,3.3995
e49e9412,bull,s79|s94|s60,3,0.0270299619,0.0084417114,-2.6142,0.0,-7.1963,14,21.4286,0.009027,4,0.2857,36528.99,3.6529,50.0,0.9294,3.7177,4,0.2857,-33561.02,-3.3561,0.0,-0.8442,-3.3767,6,0.4286,-15516.01,-1.5516,16.6667,-0.253,-1.5179
ccd0d741,bear,s50|s25|s71|s100|s76,5,0.0224436515,0.0145646744,-2.5962,0.0,-4.8811,6,33.3333,0.008997,3,0.5,-43588.52,-4.3589,0.0,-1.4565,-4.3694,1,0.1667,-14868.02,-1.4868,0.0,-1.4565,-1.4565,2,0.3333,44500.91,4.4501,100.0,2.2444,4.4887
7a2b19dc,bear,s29|s72|s23,3,0.0295365728,0.0145451468,-4.1342,0.0,-9.5108,10,30.0,0.008986,4,0.4,-57303.97,-5.7304,0.0,-1.4545,-5.8181,1,0.1,-14814.87,-1.4815,0.0,-1.4545,-1.4545,5,0.5,57310.67,5.7311,60.0,1.1904,5.9519
143d681c,bull,s41|s24|s30|s1|s44,5,0.0363607466,0.0143818689,-0.7512,0.0,-6.1748,7,28.5714,0.008986,4,0.5714,-6859.62,-0.686,25.0,-0.1696,-0.6785,0,0.0,0.0,0.0,0.0,0.0,0.0,3,0.4286,5782.7,0.5783,33.3333,0.2532,0.7597
9ba10a62,bear,s72|s90|s62,3,0.0262512519,0.0104522479,-4.001,0.0,-7.2305,12,25.0,0.008953,4,0.3333,-41142.4,-4.1142,0.0,-1.0452,-4.1809,2,0.1667,-20663.52,-2.0664,0.0,-1.0452,-2.0904,6,0.5,45492.71,4.5493,50.0,0.79,4.7397
7a9e19e4,bear,s16|s57|s22,3,0.0316054916,0.0152046801,-2.0929,0.0,-5.7424,6,33.3333,0.008928,2,0.3333,-29916.06,-2.9916,0.0,-1.5205,-3.0409,0,0.0,0.0,0.0,0.0,0.0,0.0,4,0.6667,30763.03,3.0763,50.0,0.82,3.2802
d041760c,bear,s29|s18,2,0.0403704029,0.0182409105,-3.9705,0.0,-9.8548,10,30.0,0.008911,3,0.3,-53900.88,-5.3901,0.0,-1.8241,-5.4723,2,0.2,79656.42,7.9656,100.0,4.037,8.0741,5,0.5,-35645.67,-3.5646,20.0,-0.6519,-3.2593
228f37a2,bull,s69|s36|s74|s92,4,0.0306459727,0.008842584,-1.0178,0.0,-5.1195,8,25.0,0.008891,4,0.5,43245.35,4.3245,50.0,1.0902,4.3607,2,0.25,-18092.02,-1.8092,0.0,-0.8843,-1.7685,2,0.25,-17783.35,-1.7783,0.0,-0.8843,-1.7685
19c68603,bull,s34|s46|s55,3,0.0329209825,0.0194513763,-1.2853,0.0,-6.9487,6,33.3333,0.008882,2,0.3333,12696.94,1.2697,50.0,0.6735,1.347,0,0.0,0.0,0.0,0.0,0.0,0.0,4,0.6667,-26306.97,-2.6307,25.0,-0.6358,-2.5433
dbef5424,bull,s47|s95|s91,3,0.0417677241,0.0158227679,0.1109,0.0,-7.6103,7,28.5714,0.008866,1,0.1429,40330.43,4.033,100.0,4.1768,4.1768,0,0.0,0.0,0.0,0.0,0.0,0.0,6,0.8571,-38617.24,-3.8617,16.6667,-0.6224,-3.7346
e8bc47b4,bull,s1|s15|s26,3,0.0318204195,0.0086013252,-3.1817,0.0,-5.9147,15,20.0,0.008859,6,0.4,28084.66,2.8085,33.3333,0.4873,2.9236,4,0.2667,-34173.64,-3.4174,0.0,-0.8601,-3.4405,5,0.3333,-3275.86,-0.3276,20.0,-0.0517,-0.2585
a5a903a4,bear,s37|s86,2,0.0219755408,0.0104682976,-6.1261,0.0,-11.4086,18,27.7778,0.008857,5,0.2778,-19717.55,-1.9718,20.0,-0.398,-1.9898,3,0.1667,-30886.46,-3.0886,0.0,-1.0468,-3.1405,10,0.5556,24260.23,2.426,40.0,0.2509,2.5092
6e6119f5,bull,s87|s78|s27,3,0.0429393288,0.0080364259,0.8357,0.0,-6.3537,10,20.0,0.008856,4,0.4,18208.14,1.8208,25.0,0.4708,1.883,2,0.2,-15951.1,-1.5951,0.0,-0.8036,-1.6073,4,0.4,16979.55,1.698,25.0,0.4708,1.883
8837ff7c,bull,s84|s15|s11|s2|s43,5,0.032712706,0.0129957269,-3.6746,0.0,-7.811,12,25.0,0.008848,5,0.4167,24529.03,2.4529,40.0,0.5288,2.6438,3,0.25,-37938.06,-3.7938,0.0,-1.2996,-3.8987,4,0.3333,-7665.78,-0.7666,25.0,-0.1569,-0.6274
0e07bb00,bull,s55|s35|s64|s58|s83,5,0.0282163544,0.017467091,-5.4607,0.0,-8.0408,10,30.0,0.008807,3,0.3,37595.79,3.7596,66.6667,1.2989,3.8966,3,0.3,-8418.58,-0.8419,33.3333,-0.2239,-0.6718,4,0.4,-67895.61,-6.7896,0.0,-1.7467,-6.9868
c1947643,bull,s92|s46|s68,3,0.0357898023,0.0195024613,-0.8716,0.0,-7.7137,6,33.3333,0.008805,1,0.1667,35676.82,3.5677,100.0,3.579,3.579,1,0.1667,-20370.04,-2.037,0.0,-1.9502,-1.9502,4,0.6667,-23359.88,-2.336,25.0,-0.5679,-2.2718
7b6dfb9f,bear,s77|s61,2,0.0355068414,0.0145660729,-1.7464,0.0,-5.4129,7,28.5714,0.008749,0,0.0,0.0,0.0,0.0,0.0,0.0,2,0.2857,-28821.37,-2.8821,0.0,-1.4566,-2.9132,5,0.7143,25231.34,2.5231,40.0,0.5463,2.7315
340e5310,bull,s58|s15|s75,3,0.0323262195,0.0106967225,-1.3184,0.0,-5.0749,8,25.0,0.00872,3,0.375,53478.08,5.3478,66.6667,1.7985,5.3956,2,0.25,-21900.37,-2.19,0.0,-1.0697,-2.1393,3,0.375,-32273.51,-3.2274,0.0,-1.0697,-3.209
74b83d8f,bull,s34|s64|s32,3,0.0324473109,0.0177515577,-6.988,0.0,-8.8863,14,28.5714,0.008709,1,0.0714,-17382.88,-1.7383,0.0,-1.7752,-1.7752,3,0.2143,-3850.66,-0.3851,33.3333,-0.1019,-0.3056,10,0.7143,-28229.79,-2.823,30.0,-0.2692,-2.6919
65507f15,bull,s15|s38|s27,3,0.0335185413,0.0110785917,-0.9102,0.0,-5.67,8,25.0,0.008696,4,0.5,44048.09,4.4048,50.0,1.122,4.488,2,0.25,-22550.07,-2.255,0.0,-1.1079,-2.2157,2,0.25,-22169.3,-2.2169,0.0,-1.1079,-2.2157
a9aeb4dc,bear,s61|s99|s50,3,0.026188723,0.0125012621,-4.4073,0.0,-8.2423,11,27.2727,0.008682,1,0.0909,-12001.38,-1.2001,0.0,-1.2501,-1.2501,3,0.2727,1005.17,0.1005,33.3333,0.0395,0.1186,7,0.6364,-11535.46,-1.1535,28.5714,-0.1447,-1.0129
c87a6e0c,bear,s13|s18|s29|s19,4,0.0237309355,0.0094204043,-5.0754,0.0,-9.2706,16,25.0,0.008604,4,0.25,-36721.11,-3.6721,0.0,-0.942,-3.7682,2,0.125,-18722.33,-1.8722,0.0,-0.942,-1.8841,10,0.625,36544.29,3.6544,40.0,0.384,3.8401
5c67ec48,bull,s55|s3|s78|s96,4,0.0249756023,0.00828127,-1.9883,0.0,-4.4788,8,25.0,0.008578,1,0.125,24401.64,2.4402,100.0,2.4976,2.4976,3,0.375,-24727.04,-2.4727,0.0,-0.8281,-2.4844,4,0.5,-284.77,-0.0285,25.0,0.0033,0.0132
7865b539,bear,s49|s20|s27,3,0.0333745588,0.0159999742,-4.0536,0.0,-10.3125,10,30.0,0.00857,4,0.4,-63581.33,-6.3581,0.0,-1.6,-6.4,1,0.1,-16369.75,-1.637,0.0,-1.6,-1.6,5,0.5,66088.43,6.6088,60.0,1.3625,6.8124
9f7aca4e,bull,s45|s91|s79|s4,4,0.0339540416,0.0172991902,-1.4955,0.0,-7.6171,6,33.3333,0.00854,2,0.3333,16252.72,1.6253,50.0,0.8327,1.6655,0,0.0,0.0,0.0,0.0,0.0,0.0,4,0.6667,-19309.9,-1.931,25.0,-0.4486,-1.7944
f0e48c5c,bull,s47|s6|s58|s38|s34,5,0.0188407434,0.0124450519,-9.0547,0.0,-10.8164,20,30.0,0.008533,7,0.35,34866.9,3.4867,57.1429,0.5433,3.8028,3,0.15,-35282.84,-3.5283,0.0,-1.2445,-3.7335,10,0.5,-60162.2,-6.0162,20.0,-0.6188,-6.1879
6aeb9322,bull,s30|s5|s27,3,0.0342464503,0.0184501923,-7.1756,0.0,-8.8478,14,28.5714,0.008531,1,0.0714,-18067.01,-1.8067,0.0,-1.845,-1.845,3,0.2143,-3589.8,-0.359,33.3333,-0.0885,-0.2654,10,0.7143,-28029.48,-2.8029,30.0,-0.2641,-2.6412
e355d0ca,bull,s39|s53|s6,3,0.0363579421,0.019576766,-0.9733,0.0,-8.3859,6,33.3333,0.008514,1,0.1667,-19325.12,-1.9325,0.0,-1.9577,-1.9577,2,0.3333,-39773.84,-3.9774,0.0,-1.9577,-3.9154,3,0.5,51633.87,5.1634,66.6667,1.7713,5.3139
037902d1,bull,s7|s83|s9,3,0.0249446814,0.0124324646,-7.2365,0.0,-9.1986,19,26.3158,0.008514,2,0.1053,-23591.84,-2.3592,0.0,-1.2432,-2.4865,5,0.2632,10812.27,1.0812,40.0,0.2518,1.2592,12,0.6316,-37296.99,-3.7297,25.0,-0.3088,-3.7058
d5f699fb,bear,s16|s29,2,0.0304447077,0.0153323473,-4.422,0.0,-9.9451,10,30.0,0.008495,3,0.3,-45014.21,-4.5014,0.0,-1.5332,-4.5997,2,0.2,15091.03,1.5091,50.0,0.7556,1.5112,5,0.5,12199.68,1.22,40.0,0.2978,1.4892
6949b893,bull,s74|s6|s83,3,0.0320446981,0.0137650545,-1.9985,0.0,-5.7022,7,28.5714,0.008486,2,0.2857,63344.71,6.3345,100.0,3.2045,6.4089,3,0.4286,-41712.66,-4.1713,0.0,-1.3765,-4.1295,2,0.2857,-27599.02,-2.7599,0.0,-1.3765,-2.753
b46c940a,bull,s68|s58|s44|s11|s1,5,0.0267407221,0.0143720781,-4.9792,0.0,-7.7883,11,27.2727,0.008478,3,0.2727,37613.68,3.7614,66.6667,1.3036,3.9109,3,0.2727,-42290.39,-4.229,0.0,-1.4372,-4.3116,5,0.4545,-30818.32,-3.0818,20.0,-0.615,-3.0748
f29d0ec0,bull,s43|s44|s10,3,0.0325662175,0.0162516511,-4.5291,0.0,-8.4728,11,27.2727,0.008422,1,0.0909,30887.13,3.0887,100.0,3.2566,3.2566,2,0.1818,-31711.28,-3.1711,0.0,-1.6252,-3.2503,8,0.7273,-33428.22,-3.3428,25.0,-0.4047,-3.2377
76990416,bull,s58|s33|s70,3,0.0422517642,0.0175391515,-0.7059,0.0,-7.6241,7,28.5714,0.008403,1,0.1429,41350.15,4.135,100.0,4.2252,4.2252,1,0.1429,-17867.2,-1.7867,0.0,-1.7539,-1.7539,5,0.7143,-29206.73,-2.9207,20.0,-0.5581,-2.7905
4e443fa8,bear,s52|s37|s62,3,0.0567144441,0.0081286825,1.4619,0.0,-7.4028,11,18.1818,0.008401,3,0.2727,38955.57,3.8956,33.3333,1.3486,4.0457,5,0.4545,-41090.55,-4.1091,0.0,-0.8129,-4.0643,3,0.2727,39556.51,3.9557,33.3333,1.3486,4.0457
59a31925,bull,s69|s88|s21|s36,4,0.0375705361,0.0136999486,-1.7513,0.0,-5.1764,8,25.0,0.008394,0,0.0,0.0,0.0,0.0,0.0,0.0,4,0.5,-54909.48,-5.4909,0.0,-1.37,-5.48,4,0.5,46088.88,4.6089,50.0,1.1935,4.7741
76136a70,bear,s101|s80|s52,3,0.0272472744,0.0174389523,-6.5383,0.0,-12.9686,12,33.3333,0.008386,3,0.25,-51338.92,-5.1339,0.0,-1.7439,-5.2317,1,0.0833,-17324.25,-1.7324,0.0,-1.7439,-1.7439,8,0.6667,36950.96,3.6951,50.0,0.4904,3.9233
53d32af2,bull,s9|s24|s75|s5,4,0.0267672281,0.0100637314,-4.9634,0.0,-8.7214,17,23.5294,0.008354,5,0.2941,21437.09,2.1437,40.0,0.4669,2.3343,4,0.2353,-38418.21,-3.8418,0.0,-1.0064,-4.0255,8,0.4706,-8730.23,-0.873,25.0,-0.0856,-0.6848
af5997e4,bull,s30|s3|s73|s9,4,0.0275949239,0.0177575432,-2.8781,0.0,-6.3437,6,33.3333,0.008335,2,0.3333,8406.76,0.8407,50.0,0.4919,0.9837,2,0.3333,9555.6,0.9556,50.0,0.4919,0.9837,2,0.3333,-35104.74,-3.5105,0.0,-1.7758,-3.5515
cb2ee7ed,bull,s3|s65|s78|s84,4,0.0319237418,0.0190973455,-2.3753,0.0,-7.124,6,33.3333,0.008295,2,0.3333,12800.36,1.28,50.0,0.6413,1.2826,1,0.1667,-19391.47,-1.9391,0.0,-1.9097,-1.9097,3,0.5,-7488.19,-0.7488,33.3333,-0.209,-0.6271
8c268208,bull,s68|s65|s33|s46,4,0.0356828695,0.0149361205,-0.7272,0.0,-7.8543,7,28.5714,0.008294,3,0.4286,5478.31,0.5478,33.3333,0.1937,0.5811,0,0.0,0.0,0.0,0.0,0.0,0.0,4,0.5714,-10555.37,-1.0555,25.0,-0.2281,-0.9125
9d76043a,bull,s44|s55|s27,3,0.0365159129,0.0132326078,-1.2869,0.0,-6.0083,8,25.0,0.008292,3,0.375,9494.98,0.9495,33.3333,0.335,1.0051,1,0.125,-12801.98,-1.2802,0.0,-1.3233,-1.3233,4,0.5,-4809.78,-0.481,25.0,-0.0795,-0.3182
5c0802d3,bull,s4|s55|s39,3,0.0216752132,0.0109267795,-7.1878,0.0,-9.4672,19,26.3158,0.008282,6,0.3158,-322.44,-0.0322,33.3333,-0.0059,-0.0357,4,0.2105,-42694.97,-4.2695,0.0,-1.0927,-4.3707,9,0.4737,-1200.67,-0.1201,33.3333,-0.0059,-0.0535
4da93de2,bull,s35|s24|s33|s7,4,0.03074273,0.0118455817,-5.3588,0.0,-8.2913,17,23.5294,0.008255,3,0.1765,6277.7,0.6278,33.3333,0.2351,0.7052,4,0.2353,-45711.67,-4.5712,0.0,-1.1846,-4.7382,10,0.5882,6455.07,0.6455,30.0,0.0931,0.9309
259515d7,bull,s34|s91|s36,3,0.0397961553,0.0162226747,-4.6212,0.0,-7.3804,12,25.0,0.00825,2,0.1667,22100.59,2.2101,50.0,1.1787,2.3573,1,0.0833,-15882.24,-1.5882,0.0,-1.6223,-1.6223,9,0.75,-35687.79,-3.5688,22.2222,-0.3774,-3.3966
cf22b0eb,bear,s99|s61|s37,3,0.0275008903,0.0083648608,-4.3997,0.0,-8.7652,18,22.2222,0.008198,7,0.3889,-57697.37,-5.7697,0.0,-0.8365,-5.8554,4,0.2222,2103.6,0.2104,25.0,0.0602,0.2406,7,0.3889,47279.56,4.728,42.8571,0.7006,4.9043
c34d31f6,bear,s85|s56|s37|s52,4,0.0396739021,0.0188266225,-2.0389,0.0,-7.8643,6,33.3333,0.00819,1,0.1667,-18697.88,-1.8698,0.0,-1.8827,-1.8827,0,0.0,0.0,0.0,0.0,0.0,0.0,5,0.8333,20363.1,2.0363,40.0,0.4574,2.2868
1d8afe8b,bull,s44|s47|s60,3,0.034143223,0.0137235395,-1.3636,0.0,-7.2565,7,28.5714,0.008189,4,0.5714,-7373.39,-0.7373,25.0,-0.1757,-0.7027,0,0.0,0.0,0.0,0.0,0.0,0.0,3,0.4286,5337.22,0.5337,33.3333,0.2232,0.6696
a0bac5ca,bull,s24|s79|s83|s70|s74,5,0.0355665653,0.0111450903,-1.451,0.0,-6.019,8,25.0,0.008182,4,0.5,1092.5,0.1093,25.0,0.0533,0.2131,1,0.125,-11193.16,-1.1193,0.0,-1.1145,-1.1145,3,0.375,12885.01,1.2885,33.3333,0.4425,1.3276
c858a3c4,bear,s90|s20|s57|s16|s98,5,0.022406823,0.0082013801,-3.1107,0.0,-9.5033,12,25.0,0.008171,4,0.3333,-32388.67,-3.2389,0.0,-0.8201,-3.2806,1,0.0833,-8257.65,-0.8258,0.0,-0.8201,-0.8201,7,0.5833,33426.02,3.3426,42.8571,0.4916,3.4415
8d69298e,bear,s52|s18|s23|s37|s13,5,0.0473534753,0.010321627,0.2878,0.0,-7.5104,9,22.2222,0.008152,1,0.1111,45879.85,4.588,100.0,4.7353,4.7353,4,0.4444,-41330.21,-4.133,0.0,-1.0322,-4.1287,4,0.4444,15479.33,1.5479,25.0,0.4097,1.6389
9a97332d,bear,s101|s16|s85|s52,4,0.019373722,0.0118308753,-7.6819,0.0,-11.1947,17,29.4118,0.008134,3,0.1765,-34184.64,-3.4185,0.0,-1.1831,-3.5493,3,0.1765,-34465.18,-3.4465,0.0,-1.1831,-3.5493,11,0.6471,24422.73,2.4423,45.4545,0.2353,2.5883
f37c8998,bull,s24|s32|s55|s42,4,0.0351171331,0.0092130276,-1.718,0.0,-4.9058,9,22.2222,0.008114,4,0.4444,6788.48,0.6788,25.0,0.187,0.7478,3,0.3333,-27830.44,-2.783,0.0,-0.9213,-2.7639,2,0.2222,25311.04,2.5311,50.0,1.2952,2.5904
adf93ee6,bull,s42|s70|s5,3,0.0342872449,0.016698756,-4.9766,0.0,-8.3603,11,27.2727,0.008103,0,0.0,0.0,0.0,0.0,0.0,0.0,3,0.2727,-109.89,-0.011,33.3333,0.0297,0.089,8,0.7273,-32902.74,-3.2903,25.0,-0.3952,-3.1618
46c721a0,bear,s16|s77|s27,3,0.0354258424,0.0124664537,-3.0461,0.0,-9.6884,12,25.0,0.0081,3,0.25,-36891.96,-3.6892,0.0,-1.2466,-3.7399,2,0.1667,-24958.83,-2.4959,0.0,-1.2466,-2.4933,7,0.5833,53928.81,5.3929,42.8571,0.8059,5.6412
5c76498d,bull,s91|s82|s26,3,0.0220323607,0.0125457172,-9.0751,0.0,-11.4447,24,29.1667,0.008095,3,0.125,28530.14,2.853,66.6667,1.0506,3.1519,3,0.125,-35316.64,-3.5317,0.0,-1.2546,-3.7637,18,0.75,-52556.23,-5.2556,27.7778,-0.2941,-5.2933
10df7bb3,bear,s89|s52,2,0.0340431955,0.0165163624,-4.4393,0.0,-10.5954,10,30.0,0.008091,5,0.5,-82530.24,-8.253,0.0,-1.6516,-8.2582,0,0.0,0.0,0.0,0.0,0.0,0.0,5,0.5,66952.19,6.6952,60.0,1.3819,6.9097
25812578,bear,s97|s37|s20|s16,4,0.0331354121,0.0144642524,-3.9972,0.0,-9.6839,11,27.2727,0.008091,2,0.1818,-28237.97,-2.8238,0.0,-1.4464,-2.8929,2,0.1818,-28690.57,-2.8691,0.0,-1.4464,-2.8929,7,0.6364,38904.32,3.8904,42.8571,0.5936,4.1549
3a0a67ef,bull,s45|s6|s96,3,0.03518304,0.0112527916,-3.7289,0.0,-6.8335,14,21.4286,0.008084,4,0.2857,45531.48,4.5531,50.0,1.1965,4.786,4,0.2857,816.55,0.0817,25.0,0.0356,0.1425,6,0.4286,-66415.46,-6.6415,0.0,-1.1253,-6.7517
9a57ca4c,bear,s62|s90|s18,3,0.0580741948,0.0155216404,0.2994,0.0,-8.6205,8,25.0,0.008054,3,0.375,24445.85,2.4446,33.3333,0.901,2.7031,3,0.375,-47434.85,-4.7435,0.0,-1.5522,-4.6565,2,0.25,42225.21,4.2225,50.0,2.1276,4.2553
78241861,bull,s4|s47|s26,3,0.0350029203,0.0104192541,-0.9472,0.0,-6.063,9,22.2222,0.008044,5,0.5556,37324.75,3.7325,40.0,0.775,3.8748,2,0.2222,-20989.45,-2.0989,0.0,-1.0419,-2.0839,2,0.2222,-20662.29,-2.0662,0.0,-1.0419,-2.0839
1b6e7e3d,bear,s17|s31|s52|s29|s101,5,0.0335301321,0.0166856287,-4.432,0.0,-10.6876,10,30.0,0.008042,3,0.3,-49746.81,-4.9747,0.0,-1.6686,-5.0057,1,0.1,-16728.3,-1.6728,0.0,-1.6686,-1.6686,6,0.6,48310.0,4.831,50.0,0.8422,5.0534
3a9c5eab,bear,s61|s23|s77|s86,4,0.0269633079,0.0136582566,-2.9059,0.0,-5.5721,7,28.5714,0.008032,0,0.0,0.0,0.0,0.0,0.0,0.0,2,0.2857,-26752.31,-2.6752,0.0,-1.3658,-2.7317,5,0.7143,11504.05,1.1504,40.0,0.259,1.2952
dbdb58e6,bull,s9|s30|s15,3,0.0333013725,0.0084437199,-3.6623,0.0,-8.4304,20,20.0,0.008024,6,0.3,30278.4,3.0278,33.3333,0.5471,3.2828,5,0.25,-40756.65,-4.0757,0.0,-0.8444,-4.2219,9,0.45,5015.93,0.5016,22.2222,0.0833,0.7497
90f52564,bear,s19|s85|s72|s80|s22,5,0.0207673424,0.0127149783,-7.1122,0.0,-9.5509,14,28.5714,0.008012,2,0.1429,-23932.85,-2.3933,0.0,-1.2715,-2.543,3,0.2143,-36886.77,-3.6887,0.0,-1.2715,-3.8145,9,0.6429,16618.94,1.6619,44.4444,0.2166,1.9494
2af33bff,bear,s90|s80|s37,3,0.0365450466,0.0129805102,-4.7464,0.0,-10.3271,16,25.0,0.008011,4,0.25,-51752.03,-5.1752,0.0,-1.2981,-5.1922,5,0.3125,35774.71,3.5775,40.0,0.683,3.4149,7,0.4375,3789.24,0.3789,28.5714,0.117,0.8188
ae44dd67,bear,s18|s81|s26,3,0.0419181858,0.0104975943,-1.3624,0.0,-10.1432,14,21.4286,0.007954,2,0.1429,-21436.0,-2.1436,0.0,-1.0498,-2.0995,5,0.3571,54069.67,5.407,40.0,1.0469,5.2344,7,0.5,-24490.57,-2.4491,14.2857,-0.301,-2.1067
1023d1d4,bear,s20|s31|s101,3,0.0278727258,0.0159216396,-6.5293,0.0,-11.8766,13,30.7692,0.007946,3,0.2308,-45898.21,-4.5898,0.0,-1.5922,-4.7765,1,0.0769,-15957.68,-1.5958,0.0,-1.5922,-1.5922,9,0.6923,28936.37,2.8936,44.4444,0.3543,3.1883
6ecc7d18,bear,s37|s77|s99|s29|s90,5,0.0281736663,0.0181847514,-3.9487,0.0,-6.0962,6,33.3333,0.00791,1,0.1667,-18141.84,-1.8142,0.0,-1.8185,-1.8185,1,0.1667,-17521.78,-1.7522,0.0,-1.8185,-1.8185,4,0.6667,17988.77,1.7989,50.0,0.4994,1.9978
5ae8c226,bear,s72|s89|s98,3,0.0359522672,0.0146177798,-2.5876,0.0,-6.478,7,28.5714,0.00783,3,0.4286,-43261.76,-4.3262,0.0,-1.4618,-4.3853,0,0.0,0.0,0.0,0.0,0.0,0.0,4,0.5714,40235.76,4.0236,50.0,1.0667,4.2669
85d1790c,bear,s101|s61|s16,3,0.0301396112,0.0098408525,-4.2828,0.0,-10.1515,17,23.5294,0.007821,4,0.2353,-39017.78,-3.9018,0.0,-0.9841,-3.9363,4,0.2353,970.55,0.0971,25.0,0.0154,0.0617,9,0.5294,29264.53,2.9265,33.3333,0.3486,3.1374
c03b6021,bull,s1|s68|s40|s7,4,0.0349418235,0.0121943987,-2.0704,0.0,-5.9861,8,25.0,0.007802,4,0.5,44345.14,4.4345,50.0,1.1374,4.5495,1,0.125,-12440.56,-1.2441,0.0,-1.2194,-1.2194,3,0.375,-36510.35,-3.651,0.0,-1.2194,-3.6583
1cc352f3,bull,s92|s9|s74,3,0.0358375795,0.0117002114,-1.7885,0.0,-6.4101,8,25.0,0.007779,2,0.25,70678.62,7.0679,100.0,3.5838,7.1675,4,0.5,-47196.26,-4.7196,0.0,-1.17,-4.6801,2,0.25,-23573.2,-2.3573,0.0,-1.17,-2.34
420fd598,bear,s16|s57,2,0.0328069485,0.016170191,-3.0423,0.0,-5.9994,7,28.5714,0.007777,2,0.2857,-31777.57,-3.1778,0.0,-1.617,-3.234,1,0.1429,-15922.04,-1.5922,0.0,-1.617,-1.617,4,0.5714,31077.55,3.1078,50.0,0.8318,3.3274
278386f5,bull,s41|s64,2,0.0380971494,0.0095009984,-2.9765,0.0,-6.7137,16,18.75,0.007745,0,0.0,0.0,0.0,0.0,0.0,0.0,6,0.375,-9551.35,-0.9551,16.6667,-0.1568,-0.9408,10,0.625,-2193.76,-0.2194,20.0,0.0019,0.0186
e385fd2c,bear,s101|s25|s97|s20,4,0.0304662674,0.0168811944,-4.215,0.0,-11.4776,10,30.0,0.007741,3,0.3,-50598.96,-5.0599,0.0,-1.6881,-5.0644,2,0.2,-34997.15,-3.4997,0.0,-1.6881,-3.3762,5,0.5,58048.21,5.8048,60.0,1.1527,5.7636
b9cda811,bull,s12|s96|s26,3,0.0347542109,0.0189092792,-1.2623,0.0,-10.1774,6,33.3333,0.00773,3,0.5,-3330.21,-0.333,33.3333,-0.1021,-0.3064,1,0.1667,-18897.78,-1.8898,0.0,-1.8909,-1.8909,2,0.3333,14039.01,1.4039,50.0,0.7922,1.5845
add153e9,bull,s82|s44,2,0.033295203,0.017591743,-5.3566,0.0,-8.4335,11,27.2727,0.00772,1,0.0909,31338.38,3.1338,100.0,3.3295,3.3295,4,0.3636,-19224.9,-1.9225,25.0,-0.487,-1.948,6,0.5455,-54650.01,-5.465,16.6667,-0.9111,-5.4664
baf5d46d,bear,s28|s18|s72,3,0.0363798368,0.0140428413,-3.6198,0.0,-9.4644,12,25.0,0.007711,3,0.25,5991.69,0.5992,33.3333,0.2765,0.8294,6,0.5,16692.33,1.6692,33.3333,0.2765,1.6588,3,0.25,-42345.86,-4.2346,0.0,-1.4043,-4.2129
d9e68b65,bear,s97|s29|s27,3,0.0372478101,0.0107440883,-3.6412,0.0,-7.3957,14,21.4286,0.007709,5,0.3571,-52678.46,-5.2678,0.0,-1.0744,-5.372,5,0.3571,40621.93,4.0622,40.0,0.8453,4.2263,4,0.2857,3075.9,0.3076,25.0,0.1254,0.5016
79b09b39,bull,s6|s53,2,0.0334354733,0.0083819791,-0.8853,0.0,-6.8608,9,22.2222,0.007658,7,0.7778,22724.26,2.2724,28.5714,0.3566,2.4961,0,0.0,0.0,0.0,0.0,0.0,0.0,2,0.2222,-16216.0,-1.6216,0.0,-0.8382,-1.6764
195aeb90,bear,s22|s62|s27,3,0.0408648549,0.0133638188,-0.1179,0.0,-10.2573,7,28.5714,0.007626,3,0.4286,-40127.71,-4.0128,0.0,-1.3364,-4.0091,0,0.0,0.0,0.0,0.0,0.0,0.0,4,0.5714,52910.52,5.2911,50.0,1.3751,5.5002
b80c4f31,bull,s2|s74|s11,3,0.0269813801,0.0083190897,-6.3517,0.0,-7.7615,23,21.7391,0.007602,6,0.2609,85660.73,8.5661,66.6667,1.5215,9.1287,4,0.1739,-32152.88,-3.2153,0.0,-0.8319,-3.3276,13,0.5652,-70733.51,-7.0734,7.6923,-0.5604,-7.2848
7944840a,bear,s77|s62|s29,3,0.0428506871,0.0103879643,-0.7178,0.0,-7.1969,9,22.2222,0.007597,2,0.2222,-20388.38,-2.0388,0.0,-1.0388,-2.0776,1,0.1111,-10390.81,-1.0391,0.0,-1.0388,-1.0388,6,0.6667,41391.31,4.1391,33.3333,0.7358,4.415
2719b489,bull,s75|s65,2,0.0298082933,0.0113147017,-2.6521,0.0,-5.6898,8,25.0,0.007572,3,0.375,47774.23,4.7774,66.6667,1.6101,4.8302,3,0.375,-34361.19,-3.4361,0.0,-1.1315,-3.3944,2,0.25,-22609.63,-2.261,0.0,-1.1315,-2.2629
91766043,bear,s62|s16|s56|s20|s101,5,0.035617328,0.0106666213,-2.7727,0.0,-9.681,13,23.0769,0.007565,3,0.2308,-31742.24,-3.1742,0.0,-1.0667,-3.2,3,0.2308,-32438.13,-3.2438,0.0,-1.0667,-3.2,7,0.5385,62537.41,6.2537,42.8571,0.9169,6.4185
e865b424,bear,s66|s19|s50|s18,4,0.0233129974,0.0124182371,-5.1443,0.0,-9.0388,11,27.2727,0.007507,2,0.1818,-23693.93,-2.3694,0.0,-1.2418,-2.4836,3,0.2727,-37045.09,-3.7045,0.0,-1.2418,-3.7255,6,0.5455,30831.62,3.0832,50.0,0.5447,3.2684
4cf4d1b9,bull,s4|s42|s26,3,0.0358541235,0.009101118,-3.2714,0.0,-6.5681,16,18.75,0.007507,3,0.1875,16962.02,1.6962,33.3333,0.5884,1.7652,4,0.25,-35798.39,-3.5798,0.0,-0.9101,-3.6404,9,0.5625,5964.47,0.5964,22.2222,0.0889,0.8
d8185013,bull,s43|s21|s82,3,0.0443530671,0.0154484412,-1.7988,0.0,-7.0297,8,25.0,0.007475,2,0.25,27386.26,2.7386,50.0,1.4452,2.8905,0,0.0,0.0,0.0,0.0,0.0,0.0,6,0.75,-34200.6,-3.4201,16.6667,-0.5482,-3.2889
ff64c8a1,bull,s65|s14|s45,3,0.0343131769,0.0100728708,-4.0589,0.0,-6.2893,15,20.0,0.007469,5,0.3333,37009.43,3.7009,40.0,0.7682,3.8408,3,0.2,-29835.49,-2.9835,0.0,-1.0073,-3.0219,7,0.4667,-26743.23,-2.6743,14.2857,-0.3732,-2.6124
374f37d9,bull,s33|s78|s41|s12,4,0.0361446094,0.010592764,-3.7866,0.0,-6.6571,15,20.0,0.007465,3,0.2,14469.08,1.4469,33.3333,0.4986,1.4959,2,0.1333,-21351.03,-2.1351,0.0,-1.0593,-2.1186,10,0.6667,-13540.64,-1.3541,20.0,-0.1245,-1.2453
12edcb5b,bear,s18|s13|s27,3,0.0569965753,0.0118552826,0.5149,0.0,-9.2015,9,22.2222,0.007402,4,0.4444,18717.73,1.8718,25.0,0.5358,2.1431,4,0.4444,-48038.91,-4.8039,0.0,-1.1855,-4.7421,1,0.1111,56873.13,5.6873,100.0,5.6997,5.6997
4a124ada,bull,s55|s91|s43|s73,4,0.0299995565,0.0152671923,-3.4755,0.0,-6.3274,7,28.5714,0.007396,3,0.4286,44118.42,4.4118,66.6667,1.4911,4.4732,2,0.2857,-30693.11,-3.0693,0.0,-1.5267,-3.0534,2,0.2857,-30795.0,-3.0795,0.0,-1.5267,-3.0534
9ac70b72,bull,s95|s46|s53,3,0.0272039644,0.0129425743,-2.7501,0.0,-6.0961,8,25.0,0.007314,3,0.375,40487.36,4.0487,66.6667,1.3822,4.1465,1,0.125,-12960.45,-1.296,0.0,-1.2943,-1.2943,4,0.5,-51311.68,-5.1312,0.0,-1.2943,-5.177
bdc8e35b,bull,s7|s12,2,0.0320026193,0.0141067147,-1.5344,0.0,-9.1137,7,28.5714,0.007313,5,0.7143,19011.53,1.9012,40.0,0.4337,2.1685,0,0.0,0.0,0.0,0.0,0.0,0.0,2,0.2857,-27245.98,-2.7246,0.0,-1.4107,-2.8213
9496ee07,bull,s93|s1|s39,3,0.036447658,0.017028395,-2.0358,0.0,-8.5594,7,28.5714,0.007265,3,0.4286,1922.08,0.1922,33.3333,0.0797,0.2391,1,0.1429,-16656.84,-1.6657,0.0,-1.7028,-1.7028,3,0.4286,355.76,0.0356,33.3333,0.0797,0.2391
a825b5b3,bear,s80|s16|s25|s13,4,0.0367735901,0.0117364719,-1.3056,0.0,-7.0386,9,22.2222,0.007259,3,0.3333,-35097.71,-3.5098,0.0,-1.1736,-3.5209,2,0.2222,-23976.03,-2.3976,0.0,-1.1736,-2.3473,4,0.4444,49391.25,4.9391,50.0,1.2519,5.0074
21dcf09a,bull,s83|s8|s30|s39,4,0.0354016209,0.0164010524,-2.4568,0.0,-8.0677,7,28.5714,0.007236,4,0.5714,35750.63,3.5751,50.0,0.95,3.8001,1,0.1429,-16509.85,-1.651,0.0,-1.6401,-1.6401,2,0.2857,-32276.94,-3.2277,0.0,-1.6401,-3.2802
00ca6335,bear,s81|s37|s27,3,0.0587872486,0.0125735865,0.3506,0.0,-9.3003,9,22.2222,0.00723,3,0.3333,-38641.23,-3.8641,0.0,-1.2574,-3.7721,5,0.5556,5873.92,0.5874,20.0,0.1699,0.8493,1,0.1111,58659.93,5.866,100.0,5.8787,5.8787
986701bf,bear,s98|s17|s77,3,0.0289284411,0.0161836134,-3.7854,0.0,-6.437,7,28.5714,0.007177,0,0.0,0.0,0.0,0.0,0.0,0.0,2,0.2857,-31539.68,-3.154,0.0,-1.6184,-3.2367,5,0.7143,7449.75,0.745,40.0,0.1861,0.9306
1ee2b651,bear,s80|s22|s29,3,0.0411267208,0.0105197899,-1.1397,0.0,-7.4281,9,22.2222,0.007168,3,0.3333,-30999.17,-3.0999,0.0,-1.052,-3.1559,1,0.1111,-10642.79,-1.0643,0.0,-1.052,-1.052,5,0.5556,48013.56,4.8014,40.0,1.0139,5.0694
6dc3c91d,bear,s80|s29|s77|s20,4,0.0288832923,0.0088947182,-2.3294,0.0,-5.8492,9,22.2222,0.007164,2,0.2222,-17347.65,-1.7348,0.0,-0.8895,-1.7789,2,0.2222,-17584.04,-1.7584,0.0,-0.8895,-1.7789,5,0.5556,29410.44,2.941,40.0,0.6216,3.1082
a9b02fb0,bear,s18|s66|s25|s89|s100,5,0.0383136409,0.0185076894,-1.9607,0.0,-8.9324,7,28.5714,0.00715,3,0.4286,-56819.28,-5.6819,0.0,-1.8508,-5.5523,1,0.1429,-19443.03,-1.9443,0.0,-1.8508,-1.8508,3,0.4286,58716.05,5.8716,66.6667,1.9373,5.812
f63931bb,bull,s70|s10|s87,3,0.0369139716,0.0199505312,-2.8958,0.0,-7.7091,7,28.5714,0.007141,2,0.2857,15727.95,1.5728,50.0,0.8482,1.6963,0,0.0,0.0,0.0,0.0,0.0,0.0,5,0.7143,-43478.24,-4.3478,20.0,-0.8578,-4.2888
e99063ca,bear,s56|s50|s27,3,0.0307868323,0.0170759731,-5.5041,0.0,-10.9018,10,30.0,0.007056,1,0.1,-16707.66,-1.6708,0.0,-1.7076,-1.7076,3,0.3,-2948.82,-0.2949,33.3333,-0.1122,-0.3365,6,0.6,-9045.36,-0.9045,33.3333,-0.1122,-0.673
15d55b4c,bear,s61|s28|s49,3,0.0183686053,0.0093246021,-3.5141,0.0,-5.6299,8,25.0,0.007049,4,0.5,-36827.12,-3.6827,0.0,-0.9325,-3.7298,1,0.125,-9081.47,-0.9081,0.0,-0.9325,-0.9325,3,0.375,26510.99,2.6511,66.6667,0.9138,2.7413
3313832e,bull,s74|s36|s88,3,0.0431838639,0.017184793,-2.6298,0.0,-6.8308,8,25.0,0.007038,0,0.0,0.0,0.0,0.0,0.0,0.0,3,0.375,-50903.8,-5.0904,0.0,-1.7185,-5.1554,5,0.625,31646.75,3.1647,40.0,0.6963,3.4813
97b13b6a,bear,s98|s18|s77|s80,4,0.0349013527,0.0179260151,-3.8479,0.0,-6.7115,7,28.5714,0.007026,0,0.0,0.0,0.0,0.0,0.0,0.0,2,0.2857,-35008.13,-3.5008,0.0,-1.7926,-3.5852,5,0.7143,13627.79,1.3628,40.0,0.3205,1.6025
7348edfd,bear,s29|s28|s37,3,0.0452213063,0.0183993742,-2.8417,0.0,-8.0584,7,28.5714,0.007024,3,0.4286,-54738.14,-5.4738,0.0,-1.8399,-5.5198,3,0.4286,69021.34,6.9021,66.6667,2.4014,7.2043,1,0.1429,-18780.85,-1.8781,0.0,-1.8399,-1.8399
4b405013,bear,s31|s56,2,0.0384904685,0.0198035781,-3.7661,0.0,-6.866,7,28.5714,0.007007,1,0.1429,-19590.59,-1.9591,0.0,-1.9804,-1.9804,1,0.1429,-19444.7,-1.9445,0.0,-1.9804,-1.9804,5,0.7143,15139.42,1.5139,40.0,0.3514,1.757
6b5451dc,bear,s97|s17|s37,3,0.0281792023,0.01352045,-4.6368,0.0,-10.4991,11,27.2727,0.00699,3,0.2727,-39872.07,-3.9872,0.0,-1.352,-4.0561,2,0.1818,-26826.3,-2.6826,0.0,-1.352,-2.7041,6,0.5455,42180.5,4.2181,50.0,0.7329,4.3976
19e51028,bear,s80|s23|s29|s22|s72,5,0.0409847989,0.0171165138,-1.9723,0.0,-9.339,7,28.5714,0.006973,2,0.2857,-33496.86,-3.3497,0.0,-1.7117,-3.4233,1,0.1429,-17394.83,-1.7395,0.0,-1.7117,-1.7117,4,0.5714,45033.11,4.5033,50.0,1.1934,4.7737
bd3838f7,bull,s8|s54|s70,3,0.0235426577,0.0081040262,-6.216,0.0,-8.4148,23,21.7391,0.00695,4,0.1739,-1323.3,-0.1323,25.0,-0.0192,-0.0769,8,0.3478,-32027.07,-3.2027,12.5,-0.4148,-3.3186,11,0.4783,4649.67,0.465,27.2727,0.0527,0.5796
adf691db,bull,s65|s12|s68,3,0.033092293,0.0152313295,-1.8862,0.0,-9.5287,7,28.5714,0.006942,5,0.7143,17604.24,1.7604,40.0,0.4098,2.0491,0,0.0,0.0,0.0,0.0,0.0,0.0,2,0.2857,-29375.11,-2.9375,0.0,-1.5231,-3.0463
04d8308d,bear,s18|s90|s67,3,0.0440892589,0.016635612,-1.4394,0.0,-8.6855,8,25.0,0.00691,3,0.375,-51049.22,-5.1049,0.0,-1.6636,-4.9907,4,0.5,-6630.33,-0.663,25.0,-0.1454,-0.5818,1,0.125,44039.44,4.4039,100.0,4.4089,4.4089
eb29c821,bull,s64|s59,2,0.0263251375,0.0120980784,-3.2757,0.0,-6.2602,8,25.0,0.006899,4,0.5,28067.79,2.8068,50.0,0.7114,2.8454,1,0.125,-12143.23,-1.2143,0.0,-1.2098,-1.2098,3,0.375,-36321.33,-3.6321,0.0,-1.2098,-3.6294
4a1258b9,bear,s101|s57|s18,3,0.0416224749,0.0151893077,-0.6348,0.0,-9.7975,8,25.0,0.006891,2,0.25,-30568.5,-3.0569,0.0,-1.5189,-3.0379,1,0.125,-15812.46,-1.5812,0.0,-1.5189,-1.5189,5,0.625,36793.75,3.6794,40.0,0.7535,3.7677
c93234f1,bull,s1|s68|s79|s64,4,0.0355384161,0.0129202444,-2.4134,0.0,-7.4286,8,25.0,0.00689,3,0.375,8498.78,0.8499,33.3333,0.3233,0.9698,1,0.125,-12731.72,-1.2732,0.0,-1.292,-1.292,4,0.5,-3937.99,-0.3938,25.0,-0.0806,-0.3222
a267de9b,bear,s81|s28|s52,3,0.0499877103,0.0118288169,-0.213,0.0,-9.1916,9,22.2222,0.006883,4,0.4444,12029.93,1.203,25.0,0.3625,1.4501,3,0.3333,-35168.76,-3.5169,0.0,-1.1829,-3.5486,2,0.2222,37499.72,3.75,50.0,1.9079,3.8159
ee1ae37c,bear,s57|s50|s81|s90|s18,5,0.0216164411,0.0090382579,-6.9268,0.0,-10.0334,20,25.0,0.006877,5,0.25,-44026.45,-4.4026,0.0,-0.9038,-4.5191,6,0.3,5895.35,0.5895,33.3333,0.118,0.708,9,0.45,10270.82,1.0271,33.3333,0.118,1.062
4a983205,bear,s52|s61|s31|s17,4,0.0216645577,0.0115003514,-6.9014,0.0,-9.825,15,26.6667,0.006876,2,0.1333,-21985.71,-2.1986,0.0,-1.15,-2.3001,2,0.1333,-22205.21,-2.2205,0.0,-1.15,-2.3001,11,0.7333,4701.92,0.4702,36.3636,0.056,0.6156
71c997f7,bull,s3|s32|s9,3,0.0341502736,0.0159728899,-5.7829,0.0,-7.7417,12,25.0,0.006874,2,0.1667,16830.08,1.683,50.0,0.9089,1.8177,2,0.1667,-30599.02,-3.0599,0.0,-1.5973,-3.1946,8,0.6667,-29029.36,-2.9029,25.0,-0.3442,-2.7537
19f17635,bull,s41|s32|s91|s11,4,0.0209879902,0.0103504816,-7.5467,0.0,-9.2105,20,25.0,0.006873,3,0.15,-30.18,-0.003,33.3333,0.0096,0.0287,6,0.3,-29539.28,-2.9539,16.6667,-0.5127,-3.0764,11,0.55,-20485.41,-2.0485,27.2727,-0.1804,-1.984
a2f7185b,bull,s5|s14|s96,3,0.0269980396,0.0163151781,-6.4614,0.0,-8.2763,11,27.2727,0.006852,1,0.0909,25793.83,2.5794,100.0,2.6998,2.6998,3,0.2727,-47964.04,-4.7964,0.0,-1.6315,-4.8946,7,0.6364,-27533.15,-2.7533,28.5714,-0.394,-2.758
9408ed4d,bull,s69|s1,2,0.0342231633,0.0136766867,-2.3362,0.0,-7.6263,8,25.0,0.006844,3,0.375,6413.18,0.6413,33.3333,0.229,0.687,1,0.125,-13441.97,-1.3442,0.0,-1.3677,-1.3677,4,0.5,-8267.73,-0.8268,25.0,-0.1702,-0.6807
c9ca65a0,bull,s91|s8|s35|s55,4,0.0334543697,0.0177756882,-6.2336,0.0,-8.701,11,27.2727,0.006772,3,0.2727,-2628.61,-0.2629,33.3333,-0.0699,-0.2097,2,0.1818,-34506.75,-3.4507,0.0,-1.7776,-3.5551,6,0.5455,-6213.91,-0.6214,33.3333,-0.0699,-0.4194
0b0a5628,bull,s75|s34|s83|s6|s36,5,0.0335133019,0.0173609215,-2.757,0.0,-8.8149,7,28.5714,0.006754,2,0.2857,14821.06,1.4821,50.0,0.8076,1.6152,1,0.1429,-16653.9,-1.6654,0.0,-1.7361,-1.7361,4,0.5714,-19745.11,-1.9745,25.0,-0.4642,-1.8569
9ec4cdb3,bull,s8|s5|s26,3,0.033195678,0.0153306287,-5.6456,0.0,-8.0948,12,25.0,0.006752,2,0.1667,16629.45,1.6629,50.0,0.8933,1.7865,1,0.0833,-14983.59,-1.4984,0.0,-1.5331,-1.5331,9,0.75,-41449.03,-4.1449,22.2222,-0.4547,-4.0923
c14e4abb,bear,s89|s16|s27,3,0.0261682358,0.0142924733,-6.6707,0.0,-11.6438,14,28.5714,0.006748,3,0.2143,-40761.52,-4.0762,0.0,-1.4292,-4.2877,3,0.2143,-2503.26,-0.2503,33.3333,-0.0806,-0.2417,8,0.5714,4482.8,0.4483,37.5,0.088,0.7042
46107515,bull,s46|s78|s58,3,0.036051793,0.0149927194,-2.3022,0.0,-7.8746,8,25.0,0.006747,2,0.25,19761.36,1.9761,50.0,1.053,2.1059,0,0.0,0.0,0.0,0.0,0.0,0.0,6,0.75,-39481.51,-3.9482,16.6667,-0.6485,-3.8912
1dc3e431,bull,s10|s5|s8,3,0.0377403846,0.011020998,-3.9159,0.0,-7.3053,15,20.0,0.006726,2,0.1333,25594.3,2.5594,50.0,1.336,2.6719,3,0.2,-32411.39,-3.2411,0.0,-1.1021,-3.3063,10,0.6667,-14518.41,-1.4518,20.0,-0.1269,-1.2687
6d645c8e,bull,s15|s1,2,0.036431265,0.0110604572,-2.9295,0.0,-4.9243,10,20.0,0.006702,5,0.5,-8629.67,-0.863,20.0,-0.1562,-0.7811,3,0.3,-32946.5,-3.2946,0.0,-1.106,-3.3181,2,0.2,24466.83,2.4467,50.0,1.2685,2.5371
1c8e0c9c,bear,s90|s16|s20,3,0.0262787786,0.0167334755,-7.3516,0.0,-12.3888,13,30.7692,0.006691,3,0.2308,-47771.16,-4.7771,0.0,-1.6733,-5.02,1,0.0769,-16651.32,-1.6651,0.0,-1.6733,-1.6733,9,0.6923,18527.76,1.8528,44.4444,0.2383,2.1448
ffdabd4e,bear,s101|s51|s77,3,0.0267457032,0.0084547816,-4.1319,0.0,-7.9588,14,21.4286,0.006687,2,0.1429,-16284.05,-1.6284,0.0,-0.8455,-1.691,3,0.2143,9981.76,0.9982,33.3333,0.3279,0.9836,9,0.6429,-7353.82,-0.7354,22.2222,-0.0632,-0.5692
31ba08a0,bear,s28|s52,2,0.0612655914,0.0125303438,-0.2251,0.0,-8.7081,10,20.0,0.006595,3,0.3,33522.18,3.3522,33.3333,1.2068,3.6205,6,0.6,-2661.99,-0.2662,16.6667,-0.0231,-0.1386,1,0.1,-12854.58,-1.2855,0.0,-1.253,-1.253
c2891629,bear,s19|s97|s27,3,0.025453981,0.0162659365,-7.6916,0.0,-12.09,13,30.7692,0.006571,2,0.1538,-30879.84,-3.088,0.0,-1.6266,-3.2532,2,0.1538,-31725.95,-3.1726,0.0,-1.6266,-3.2532,9,0.6923,17819.88,1.782,44.4444,0.2276,2.0486
e9fa6ed2,bear,s50|s18|s89|s19,4,0.0309743418,0.0131209247,-5.0073,0.0,-9.2004,12,25.0,0.006569,2,0.1667,-25309.79,-2.531,0.0,-1.3121,-2.6242,3,0.25,-38922.81,-3.8923,0.0,-1.3121,-3.9363,7,0.5833,37796.88,3.7797,42.8571,0.5777,4.0439
52a9c658,bear,s97|s80|s27,3,0.043768473,0.0174792941,-1.3741,0.0,-9.504,8,25.0,0.006559,2,0.25,-35333.87,-3.5334,0.0,-1.7479,-3.4959,2,0.25,26417.37,2.6417,50.0,1.3145,2.6289,4,0.5,-10126.9,-1.0127,25.0,-0.2167,-0.8669
57622859,bear,s49|s61|s20,3,0.0262835069,0.0143623017,-6.855,0.0,-11.6905,14,28.5714,0.006502,3,0.2143,-40922.26,-4.0922,0.0,-1.4362,-4.3087,1,0.0714,-14169.44,-1.4169,0.0,-1.4362,-1.4362,10,0.7143,16124.86,1.6125,40.0,0.1896,1.896
6d681805,bull,s24|s3|s26,3,0.0432651728,0.0179583579,-3.9068,0.0,-6.2566,8,25.0,0.006496,1,0.125,-17204.78,-1.7205,0.0,-1.7958,-1.7958,2,0.25,-35473.09,-3.5473,0.0,-1.7958,-3.5917,5,0.625,29158.81,2.9159,40.0,0.6531,3.2655
09886409,bull,s55|s70,2,0.0332174918,0.0152223858,-2.848,0.0,-9.315,7,28.5714,0.006493,3,0.4286,1612.61,0.1613,33.3333,0.0924,0.2773,2,0.2857,16252.48,1.6252,50.0,0.8998,1.7995,2,0.2857,-29346.75,-2.9347,0.0,-1.5222,-3.0445
fedb3640,bear,s80|s56|s61|s98|s16,5,0.0419177721,0.0192511542,-2.8631,0.0,-9.4186,7,28.5714,0.006441,1,0.1429,-18731.67,-1.8732,0.0,-1.9251,-1.9251,1,0.1429,-19042.46,-1.9042,0.0,-1.9251,-1.9251,5,0.7143,23079.93,2.308,40.0,0.5216,2.6082
f6c3f6d4,bear,s81|s52|s29,3,0.0192801492,0.0117877182,-8.9778,0.0,-12.6672,20,30.0,0.006435,5,0.25,-58132.01,-5.8132,0.0,-1.1788,-5.8939,5,0.25,4614.4,0.4614,40.0,0.0639,0.3197,10,0.5,4878.58,0.4879,40.0,0.0639,0.6394
ce822b90,bull,s45|s11|s58,3,0.0222138066,0.0131436007,-8.0416,0.0,-8.8271,15,26.6667,0.006406,5,0.3333,37652.72,3.7653,60.0,0.8071,4.0354,3,0.2,-37662.18,-3.7662,0.0,-1.3144,-3.9431,7,0.4667,-55353.72,-5.5354,14.2857,-0.8093,-5.6648
51b75036,bear,s85|s61|s13|s31,4,0.0599410668,0.0165934323,5.3684,0.0,-3.8426,2,50.0,0.006398,0,0.0,0.0,0.0,0.0,0.0,0.0,0,0.0,0.0,0.0,0.0,0.0,0.0,2,1.0,42354.51,4.2355,50.0,2.1674,4.3348
357f4920,bear,s17|s98|s13,3,0.0629456705,0.0182005151,5.2705,0.0,-3.8426,2,50.0,0.006382,0,0.0,0.0,0.0,0.0,0.0,0.0,0,0.0,0.0,0.0,0.0,0.0,0.0,2,1.0,43598.29,4.3598,50.0,2.2373,4.4745
20897b2f,bear,s62|s29|s100,3,0.0337420358,0.0168793872,-3.2252,0.0,-9.0807,7,28.5714,0.00638,3,0.4286,-49875.83,-4.9876,0.0,-1.6879,-5.0638,1,0.1429,-17385.13,-1.7385,0.0,-1.6879,-1.6879,3,0.4286,48810.5,4.8811,66.6667,1.6868,5.0605
c71a0e4d,bear,s13|s25|s37|s97,4,0.0569275674,0.0154573887,5.236,0.0,-3.8426,2,50.0,0.006377,0,0.0,0.0,0.0,0.0,0.0,0.0,0,0.0,0.0,0.0,0.0,0.0,0.0,2,1.0,40594.18,4.0594,50.0,2.0735,4.147
71305470,bull,s79|s73|s26,3,0.0689566044,0.018659023,6.6767,0.0,-2.7809,1,100.0,0.006367,1,1.0,68832.39,6.8832,100.0,6.8957,6.8957,0,0.0,0.0,0.0,0.0,0.0,0.0,0,0.0,0.0,0.0,0.0,0.0,0.0
17d60ebd,bear,s80|s62,2,0.0493752298,0.0166268531,5.0904,0.0,-3.8417,2,50.0,0.006353,0,0.0,0.0,0.0,0.0,0.0,0.0,1,0.5,-17390.83,-1.7391,0.0,-1.6627,-1.6627,1,0.5,49324.37,4.9324,100.0,4.9375,4.9375
cd509b52,bull,s63|s9|s42|s74,4,0.0345628872,0.0140191154,-3.3978,0.0,-7.2877,8,25.0,0.006327,3,0.375,54080.35,5.408,66.6667,1.8369,5.5107,3,0.375,-42431.66,-4.2432,0.0,-1.4019,-4.2057,2,0.25,-27983.45,-2.7983,0.0,-1.4019,-2.8038
7a6668eb,bear,s16|s86,2,0.0431836361,0.0095976503,-1.246,0.0,-7.831,10,20.0,0.006305,3,0.3,-28327.46,-2.8327,0.0,-0.9598,-2.8793,1,0.1,-9751.75,-0.9752,0.0,-0.9598,-0.9598,6,0.6,45362.01,4.5362,33.3333,0.7996,4.7977
653efe42,bull,s45|s8|s94,3,0.0351901416,0.0198583148,-3.9753,0.0,-8.2677,7,28.5714,0.006301,2,0.2857,14228.5,1.4228,50.0,0.7666,1.5332,2,0.2857,-39366.85,-3.9367,0.0,-1.9858,-3.9717,3,0.4286,-5255.75,-0.5256,33.3333,-0.1509,-0.4526
b110c368,bull,s30|s60|s79|s1,4,0.0420894929,0.0158172913,-2.6571,0.0,-8.3315,8,25.0,0.0063,3,0.375,8801.61,0.8802,33.3333,0.3485,1.0455,2,0.25,-31429.78,-3.143,0.0,-1.5817,-3.1635,3,0.375,9539.18,0.9539,33.3333,0.3485,1.0455
f8a13ee0,bull,s78|s39|s75,3,0.0337027422,0.0188519338,-3.4497,0.0,-9.0094,7,28.5714,0.006284,2,0.2857,13813.14,1.3813,50.0,0.7425,1.4851,0,0.0,0.0,0.0,0.0,0.0,0.0,5,0.7143,-42121.83,-4.2122,20.0,-0.8341,-4.1705
1db5b2ad,bear,s67|s37|s13,3,0.0519534173,0.016403275,4.6401,0.0,-3.8426,2,50.0,0.006281,0,0.0,0.0,0.0,0.0,0.0,0.0,0,0.0,0.0,0.0,0.0,0.0,0.0,2,1.0,34704.54,3.4705,50.0,1.7775,3.555
b557a706,bull,s93|s73|s88|s34,4,0.0478273669,0.0080794844,4.5693,0.0,-1.4338,1,100.0,0.00628,1,1.0,47736.46,4.7736,100.0,4.7827,4.7827,0,0.0,0.0,0.0,0.0,0.0,0.0,0,0.0,0.0,0.0,0.0,0.0,0.0
1deb5f0e,bull,s53|s59|s7|s73,4,0.0523890757,0.0080429227,3.8372,0.0,-2.7829,2,50.0,0.00628,1,0.5,51810.88,5.1811,100.0,5.2389,5.2389,0,0.0,0.0,0.0,0.0,0.0,0.0,1,0.5,-8028.23,-0.8028,0.0,-0.8043,-0.8043
1ec9eb4a,bull,s93|s53,2,0.047638768,0.011975604,4.5504,0.0,-1.4338,1,100.0,0.006278,1,1.0,47548.22,4.7548,100.0,4.7639,4.7639,0,0.0,0.0,0.0,0.0,0.0,0.0,0,0.0,0.0,0.0,0.0,0.0,0.0
20f79188,bull,s73|s59,2,0.0569928661,0.0121928445,5.4831,0.0,-2.7806,1,100.0,0.006272,1,1.0,56884.54,5.6885,100.0,5.6993,5.6993,0,0.0,0.0,0.0,0.0,0.0,0.0,0,0.0,0.0,0.0,0.0,0.0,0.0
73a765cf,bull,s73|s38|s93,3,0.0465226718,0.0134949526,4.4392,0.0,-1.4338,1,100.0,0.006269,1,1.0,46434.24,4.6434,100.0,4.6523,4.6523,0,0.0,0.0,0.0,0.0,0.0,0.0,0,0.0,0.0,0.0,0.0,0.0,0.0
4c96f7df,bull,s93|s53|s83,3,0.0565510548,0.0163838779,5.4391,0.0,-2.7806,1,100.0,0.006268,1,1.0,56443.57,5.6444,100.0,5.6551,5.6551,0,0.0,0.0,0.0,0.0,0.0,0.0,0,0.0,0.0,0.0,0.0,0.0,0.0
7cf319aa,bull,s88|s93|s73,3,0.0460272232,0.0168652755,4.3898,0.0,-1.4338,1,100.0,0.006265,1,1.0,45939.74,4.594,100.0,4.6027,4.6027,0,0.0,0.0,0.0,0.0,0.0,0.0,0,0.0,0.0,0.0,0.0,0.0,0.0
7edd586f,bear,s100|s19|s85|s90,4,0.0634425436,0.0081417667,6.131,0.0,-3.7968,1,100.0,0.006263,0,0.0,0.0,0.0,0.0,0.0,0.0,0,0.0,0.0,0.0,0.0,0.0,0.0,1,1.0,63240.35,6.324,100.0,6.3443,6.3443
17099d2a,bull,s73|s93|s26,3,0.0550605468,0.0082360321,5.2905,0.0,-2.7806,1,100.0,0.006256,1,1.0,54955.89,5.4956,100.0,5.5061,5.5061,0,0.0,0.0,0.0,0.0,0.0,0.0,0,0.0,0.0,0.0,0.0,0.0,0.0
17eecbb8,bear,s23|s76|s13|s62|s52,5,0.0618051299,0.0135263223,5.9805,0.0,-3.8417,1,100.0,0.006248,0,0.0,0.0,0.0,0.0,0.0,0.0,0,0.0,0.0,0.0,0.0,0.0,0.0,1,1.0,61741.46,6.1741,100.0,6.1805,6.1805
f1dcbbec,bull,s82|s92|s26,3,0.0694514905,0.0081503954,4.5773,0.0,-4.7462,3,33.3333,0.006244,1,0.3333,-8129.02,-0.8129,0.0,-0.815,-0.815,1,0.3333,-8584.46,-0.8584,0.0,-0.815,-0.815,1,0.3333,68615.66,6.8616,100.0,6.9451,6.9451
5e52e05b,bear,s62|s13|s25|s17,4,0.0597819228,0.0183878406,4.37,0.0,-3.8417,2,50.0,0.006238,0,0.0,0.0,0.0,0.0,0.0,0.0,0,0.0,0.0,0.0,0.0,0.0,0.0,2,1.0,40294.33,4.0294,50.0,2.0697,4.1394
0a64623e,bear,s13|s31|s26,3,0.0531336768,0.0198295107,4.3467,0.0,-3.8426,2,50.0,0.006234,0,0.0,0.0,0.0,0.0,0.0,0.0,0,0.0,0.0,0.0,0.0,0.0,0.0,2,1.0,32273.19,3.2273,50.0,1.6652,3.3304
09ff4a9b,bull,s83|s53|s11|s59,4,0.053113669,0.0127286076,3.5458,0.0,-2.777,2,50.0,0.006234,1,0.5,52163.54,5.2164,100.0,5.3114,5.3114,0,0.0,0.0,0.0,0.0,0.0,0.0,1,0.5,-12705.36,-1.2705,0.0,-1.2729,-1.2729
ccdd714a,bull,s73|s44,2,0.0421330075,0.0178198627,4.0015,0.0,-1.4338,1,100.0,0.006234,1,1.0,42052.92,4.2053,100.0,4.2133,4.2133,0,0.0,0.0,0.0,0.0,0.0,0.0,0,0.0,0.0,0.0,0.0,0.0,0.0
fb4352ac,bear,s101|s61|s23|s13,4,0.0601272418,0.018001757,4.3261,0.0,-3.8417,2,50.0,0.006231,0,0.0,0.0,0.0,0.0,0.0,0.0,0,0.0,0.0,0.0,0.0,0.0,0.0,2,1.0,41067.35,4.1067,50.0,2.1063,4.2125
0534a108,bear,s67|s50|s80|s90|s98,5,0.0538218235,0.0169890555,5.1772,0.0,-3.1425,1,100.0,0.006226,0,0.0,0.0,0.0,0.0,0.0,0.0,0,0.0,0.0,0.0,0.0,0.0,0.0,1,1.0,53713.92,5.3714,100.0,5.3822,5.3822
1432594e,bull,s38|s63|s26,3,0.03576065,0.0089515212,2.2363,0.0,-1.1395,2,50.0,0.006221,1,0.5,35670.67,3.5671,100.0,3.5761,3.5761,1,0.5,-9225.06,-0.9225,0.0,-0.8952,-0.8952,0,0.0,0.0,0.0,0.0,0.0,0.0
f3ced25b,bear,s80|s99|s72,3,0.0321843155,0.0145775753,-5.9301,0.0,-8.4546,12,25.0,0.00622,3,0.25,-42985.68,-4.2986,0.0,-1.4578,-4.3733,4,0.3333,-11402.81,-1.1403,25.0,-0.2887,-1.1548,5,0.4167,18550.65,1.8551,40.0,0.4127,2.0636
a93cf255,bear,s81|s62|s29|s52,4,0.0490404174,0.0088925166,3.5927,0.0,-3.8806,4,25.0,0.006218,2,0.5,-18285.47,-1.8285,0.0,-0.8893,-1.7785,1,0.25,48984.98,4.8985,100.0,4.904,4.904,1,0.25,-9300.75,-0.9301,0.0,-0.8893,-0.8893
1ddcb1f8,bear,s50|s13,2,0.0443194026,0.0082095699,3.7905,0.0,-3.2725,2,50.0,0.006214,0,0.0,0.0,0.0,0.0,0.0,0.0,0,0.0,0.0,0.0,0.0,0.0,0.0,2,1.0,35712.45,3.5712,50.0,1.8055,3.611
6f07d0aa,bull,s54|s59,2,0.0383732839,0.0102414805,3.629,0.0,-1.325,1,100.0,0.006211,1,1.0,38325.45,3.8325,100.0,3.8373,3.8373,0,0.0,0.0,0.0,0.0,0.0,0.0,0,0.0,0.0,0.0,0.0,0.0,0.0
72fbd9b0,bull,s58|s48|s26,3,0.0491149788,0.0152781156,4.6976,0.0,-2.7805,1,100.0,0.006209,1,1.0,49021.64,4.9022,100.0,4.9115,4.9115,0,0.0,0.0,0.0,0.0,0.0,0.0,0,0.0,0.0,0.0,0.0,0.0,0.0
6a3f503e,bull,s47|s53,2,0.0588074563,0.0097666851,4.427,0.0,-4.1853,2,50.0,0.006206,2,1.0,48285.95,4.8286,50.0,2.452,4.9041,0,0.0,0.0,0.0,0.0,0.0,0.0,0,0.0,0.0,0.0,0.0,0.0,0.0
2543841a,bull,s60|s83,2,0.0479882421,0.019265652,4.5833,0.0,-2.7794,1,100.0,0.0062,0,0.0,0.0,0.0,0.0,0.0,0.0,1,1.0,47876.25,4.7876,100.0,4.7988,4.7988,0,0.0,0.0,0.0,0.0,0.0,0.0
37dd0005,bull,s44|s93|s21|s83,4,0.029089117,0.0114090605,2.6983,0.0,-0.3318,1,100.0,0.006196,1,1.0,29006.22,2.9006,100.0,2.9089,2.9089,0,0.0,0.0,0.0,0.0,0.0,0.0,0,0.0,0.0,0.0,0.0,0.0,0.0
39ac717a,bull,s11|s84|s73,3,0.0330174562,0.0169022709,-2.7261,0.0,-10.1978,7,28.5714,0.00619,4,0.5714,-18227.24,-1.8227,25.0,-0.4422,-1.7689,0,0.0,0.0,0.0,0.0,0.0,0.0,3,0.4286,-1953.03,-0.1953,33.3333,-0.0262,-0.0787
6e8b240f,bull,s40|s12,2,0.0588220706,0.0121550342,4.1775,0.0,-4.1902,2,50.0,0.006166,1,0.5,57930.03,5.793,100.0,5.8822,5.8822,1,0.5,-12141.83,-1.2142,0.0,-1.2155,-1.2155,0,0.0,0.0,0.0,0.0,0.0,0.0
e97b293e,bear,s23|s61|s99|s71,4,0.0336926488,0.0086339272,2.071,0.0,-1.3909,2,50.0,0.006164,0,0.0,0.0,0.0,0.0,0.0,0.0,0,0.0,0.0,0.0,0.0,0.0,0.0,2,1.0,24742.67,2.4743,50.0,1.2529,2.5059
7c88fe51,bull,s83|s40|s26,3,0.0298065679,0.0168944076,3.8841,0.0,-2.7806,1,100.0,0.006144,1,1.0,29751.45,2.9751,100.0,2.9807,2.9807,0,0.0,0.0,0.0,0.0,0.0,0.0,0,0.0,0.0,0.0,0.0,0.0,0.0
c61523e5,bull,s94|s63|s95|s82,4,0.0511644503,0.0113633802,3.5051,0.0,-3.5052,2,50.0,0.00614,2,1.0,39057.7,3.9058,50.0,1.9901,3.9801,0,0.0,0.0,0.0,0.0,0.0,0.0,0,0.0,0.0,0.0,0.0,0.0,0.0
33766f35,bull,s42|s73|s83|s30,4,0.0299684474,0.0096604054,2.7885,0.0,-1.4338,1,100.0,0.006137,1,1.0,29911.49,2.9911,100.0,2.9968,2.9968,0,0.0,0.0,0.0,0.0,0.0,0.0,0,0.0,0.0,0.0,0.0,0.0,0.0
7b068234,bull,s82|s53|s47|s59,4,0.0568817472,0.0113942066,4.0626,0.0,-4.3421,2,50.0,0.006129,2,1.0,44633.2,4.4633,50.0,2.2744,4.5488,0,0.0,0.0,0.0,0.0,0.0,0.0,0,0.0,0.0,0.0,0.0,0.0,0.0
54ab3689,bear,s29|s66|s25|s89,4,0.0421997242,0.0154709024,4.0177,0.0,-3.2725,1,100.0,0.006125,0,0.0,0.0,0.0,0.0,0.0,0.0,0,0.0,0.0,0.0,0.0,0.0,0.0,1,1.0,42131.84,4.2132,100.0,4.22,4.22
28c8624e,bull,s59|s54|s94|s83,4,0.0273804622,0.0089526986,2.5321,0.0,-1.325,1,100.0,0.006123,1,1.0,27346.33,2.7346,100.0,2.738,2.738,0,0.0,0.0,0.0,0.0,0.0,0.0,0,0.0,0.0,0.0,0.0,0.0,0.0
541d52aa,bull,s93|s14,2,0.0579639406,0.0113639983,4.1719,0.0,-4.5557,2,50.0,0.006121,2,1.0,45727.82,4.5728,50.0,2.33,4.66,0,0.0,0.0,0.0,0.0,0.0,0.0,0,0.0,0.0,0.0,0.0,0.0,0.0
2c493a0e,bull,s88|s11|s26,3,0.0700520358,0.0133938441,4.4175,0.0,-5.2259,3,33.3333,0.00612,0,0.0,0.0,0.0,0.0,0.0,0.0,0,0.0,0.0,0.0,0.0,0.0,0.0,3,1.0,41418.8,4.1419,33.3333,1.4421,4.3264
09f095de,bear,s49|s25|s23,3,0.0252636504,0.0155112501,2.3259,0.0,-1.1513,1,100.0,0.006117,0,0.0,0.0,0.0,0.0,0.0,0.0,0,0.0,0.0,0.0,0.0,0.0,0.0,1,1.0,25231.65,2.5232,100.0,2.5264,2.5264
b5ed3443,bear,s37|s13|s80|s31,4,0.0625153613,0.0168713997,3.6029,0.0,-4.1783,3,33.3333,0.006113,0,0.0,0.0,0.0,0.0,0.0,0.0,1,0.3333,-17530.56,-1.7531,0.0,-1.6871,-1.6871,2,0.6667,44574.06,4.4574,50.0,2.2822,4.5644
d28b4f43,bear,s49|s62|s13|s17|s37,5,0.046714231,0.0173801241,3.7438,0.0,-4.1026,2,50.0,0.006107,0,0.0,0.0,0.0,0.0,0.0,0.0,0,0.0,0.0,0.0,0.0,0.0,0.0,2,1.0,28523.87,2.8524,50.0,1.4667,2.9334
3728e0fe,bull,s87|s79,2,0.0226478772,0.0102278868,2.0602,0.0,-1.0339,1,100.0,0.006103,0,0.0,0.0,0.0,0.0,0.0,0.0,0,0.0,0.0,0.0,0.0,0.0,0.0,1,1.0,22622.4,2.2622,100.0,2.2648,2.2648
2347ee6d,bear,s71|s13,2,0.0181803234,0.0087849195,1.6172,0.0,-0.4793,1,100.0,0.006101,0,0.0,0.0,0.0,0.0,0.0,0.0,0,0.0,0.0,0.0,0.0,0.0,0.0,1,1.0,18151.08,1.8151,100.0,1.818,1.818
750d3579,bear,s25|s100,2,0.0571022198,0.0088081088,3.2352,0.0,-3.7968,3,33.3333,0.006093,2,0.6667,-18428.88,-1.8429,0.0,-0.8808,-1.7616,0,0.0,0.0,0.0,0.0,0.0,0.0,1,0.3333,56920.23,5.692,100.0,5.7102,5.7102
07d45b46,bear,s77|s66|s80,3,0.0271478461,0.0121155161,-3.8341,0.0,-7.2012,8,25.0,0.00609,0,0.0,0.0,0.0,0.0,0.0,0.0,3,0.375,-35775.1,-3.5775,0.0,-1.2116,-3.6347,5,0.625,16584.81,1.6585,40.0,0.359,1.7949
b31b1d96,bull,s38|s45,2,0.0310578238,0.0089309635,1.7775,0.0,-1.6261,2,50.0,0.006089,1,0.5,30669.8,3.067,100.0,3.1058,3.1058,0,0.0,0.0,0.0,0.0,0.0,0.0,1,0.5,-8903.98,-0.8904,0.0,-0.8931,-0.8931
57f79a7c,bear,s101|s97,2,0.0190905662,0.0105969876,1.7061,0.0,-0.7962,1,100.0,0.006089,0,0.0,0.0,0.0,0.0,0.0,0.0,0,0.0,0.0,0.0,0.0,0.0,0.0,1,1.0,19036.75,1.9037,100.0,1.9091,1.9091
a2faf396,bear,s52|s71|s18,3,0.0368338628,0.0122285697,-3.2729,0.0,-10.906,13,23.0769,0.006089,4,0.3077,-48615.38,-4.8615,0.0,-1.2229,-4.8914,5,0.3846,-13409.38,-1.3409,20.0,-0.2416,-1.208,4,0.3077,48055.74,4.8056,50.0,1.2303,4.9211
f6275315,bear,s85|s71|s13,3,0.036102819,0.0132921578,3.4084,0.0,-3.2725,1,100.0,0.006076,0,0.0,0.0,0.0,0.0,0.0,0.0,0,0.0,0.0,0.0,0.0,0.0,0.0,1,1.0,36044.74,3.6045,100.0,3.6103,3.6103
d671cd39,bear,s61|s101|s18|s89,4,0.0373044194,0.0196766494,-5.6753,0.0,-12.3066,10,30.0,0.006076,2,0.2,-38603.38,-3.8603,0.0,-1.9677,-3.9353,1,0.1,-19268.87,-1.9269,0.0,-1.9677,-1.9677,7,0.7,29736.06,2.9736,42.8571,0.4744,3.3207
0e4d8e7d,bear,s49|s13,2,0.0200624325,0.0105740305,1.806,0.0,-1.1513,1,100.0,0.006075,0,0.0,0.0,0.0,0.0,0.0,0.0,0,0.0,0.0,0.0,0.0,0.0,0.0,1,1.0,20037.02,2.0037,100.0,2.0062,2.0062
0da70614,bull,s93|s32,2,0.0535005786,0.0106242213,3.8067,0.0,-4.484,2,50.0,0.006071,2,1.0,42071.78,4.2072,50.0,2.1438,4.2876,0,0.0,0.0,0.0,0.0,0.0,0.0,0,0.0,0.0,0.0,0.0,0.0,0.0
23f6a957,bear,s81|s29,2,0.0460592077,0.0159932087,2.53,0.0,-2.7927,2,50.0,0.00607,1,0.5,-16655.73,-1.6656,0.0,-1.5993,-1.5993,1,0.5,46007.14,4.6007,100.0,4.6059,4.6059,0,0.0,0.0,0.0,0.0,0.0,0.0
45b0713a,bear,s57|s67|s80|s31|s52,5,0.0477363124,0.0146325642,3.1592,0.0,-3.8426,3,33.3333,0.006067,0,0.0,0.0,0.0,0.0,0.0,0.0,0,0.0,0.0,0.0,0.0,0.0,0.0,3,1.0,17402.11,1.7402,33.3333,0.6157,1.8471
4163645c,bull,s30|s32|s36|s12,4,0.0388798634,0.0112403823,-3.1467,0.0,-5.7043,10,20.0,0.00606,4,0.4,53583.28,5.3583,50.0,1.382,5.5279,3,0.3,-33730.53,-3.3731,0.0,-1.124,-3.3721,3,0.3,-33630.36,-3.363,0.0,-1.124,-3.3721
bbd360e7,bear,s18|s98,2,0.0337869809,0.0148054148,3.174,0.0,-3.3204,1,100.0,0.006055,0,0.0,0.0,0.0,0.0,0.0,0.0,0,0.0,0.0,0.0,0.0,0.0,0.0,1,1.0,33700.84,3.3701,100.0,3.3787,3.3787
2349ad9a,bull,s96|s14|s83|s21,4,0.0692042857,0.0103476292,4.8547,0.0,-6.1768,3,33.3333,0.006053,3,1.0,46842.95,4.6843,33.3333,1.617,4.8509,0,0.0,0.0,0.0,0.0,0.0,0.0,0,0.0,0.0,0.0,0.0,0.0,0.0
dd3d4069,bull,s21|s59|s93|s7,4,0.0576353821,0.0137233786,3.8919,0.0,-4.7831,2,50.0,0.006049,2,1.0,42920.1,4.292,50.0,2.1956,4.3912,0,0.0,0.0,0.0,0.0,0.0,0.0,0,0.0,0.0,0.0,0.0,0.0,0.0
95c44040,bull,s78|s54|s36|s48,4,0.0284467944,0.0183673439,-4.7134,0.0,-7.8859,7,28.5714,0.006048,3,0.4286,37378.85,3.7379,66.6667,1.2842,3.8526,3,0.4286,-54755.3,-5.4755,0.0,-1.8367,-5.5102,1,0.1429,-18048.81,-1.8049,0.0,-1.8367,-1.8367
010ce530,bull,s1|s63|s59|s93,4,0.060427609,0.0155371204,3.9718,0.0,-4.9576,2,50.0,0.006041,2,1.0,43715.79,4.3716,50.0,2.2445,4.489,0,0.0,0.0,0.0,0.0,0.0,0.0,0,0.0,0.0,0.0,0.0,0.0,0.0
f9aac171,bull,s1|s93,2,0.057222347,0.0138412856,3.8396,0.0,-4.7945,2,50.0,0.006039,2,1.0,42396.88,4.2397,50.0,2.1691,4.3381,0,0.0,0.0,0.0,0.0,0.0,0.0,0,0.0,0.0,0.0,0.0,0.0,0.0
deef8433,bull,s33|s94|s47|s63,4,0.0538352291,0.0120622027,3.6963,0.0,-4.6234,2,50.0,0.006037,2,1.0,40967.32,4.0967,50.0,2.0887,4.1773,0,0.0,0.0,0.0,0.0,0.0,0.0,0,0.0,0.0,0.0,0.0,0.0,0.0
89d523a6,bull,s63|s45|s96,3,0.0604971787,0.0135558087,4.1872,0.0,-5.3033,2,50.0,0.006034,2,1.0,45878.94,4.5879,50.0,2.3471,4.6941,0,0.0,0.0,0.0,0.0,0.0,0.0,0,0.0,0.0,0.0,0.0,0.0,0.0
f794ac53,bull,s75|s3|s92,3,0.0452016552,0.0081082695,2.2151,0.0,-2.7805,3,33.3333,0.006031,2,0.6667,36309.45,3.6309,50.0,1.8547,3.7093,1,0.3333,-8097.5,-0.8097,0.0,-0.8108,-0.8108,0,0.0,0.0,0.0,0.0,0.0,0.0
312243a9,bull,s1|s39|s33|s4|s6,5,0.0381073935,0.0170019074,-3.0877,0.0,-8.3261,8,25.0,0.006027,2,0.25,19643.11,1.9643,50.0,1.0553,2.1105,0,0.0,0.0,0.0,0.0,0.0,0.0,6,0.75,-47211.36,-4.7211,16.6667,-0.7817,-4.6902
2dbfe0f8,bear,s23|s90|s56,3,0.0302030238,0.0160595448,1.8678,0.0,-2.057,1,100.0,0.006026,0,0.0,0.0,0.0,0.0,0.0,0.0,0,0.0,0.0,0.0,0.0,0.0,0.0,1,1.0,30137.96,3.0138,100.0,3.0203,3.0203
77aa7d8e,bear,s80|s13,2,0.0474190613,0.0175935967,3.2366,0.0,-4.1917,2,50.0,0.006015,0,0.0,0.0,0.0,0.0,0.0,0.0,0,0.0,0.0,0.0,0.0,0.0,0.0,2,1.0,29027.53,2.9028,50.0,1.4913,2.9825
8ef4c243,bear,s98|s77,2,0.0286362498,0.0173923002,2.6597,0.0,-3.3204,1,100.0,0.006014,0,0.0,0.0,0.0,0.0,0.0,0.0,0,0.0,0.0,0.0,0.0,0.0,0.0,1,1.0,28563.24,2.8563,100.0,2.8636,2.8636
d375c9f7,bull,s84|s95,2,0.0596616367,0.0177518479,3.6717,0.0,-4.7901,2,50.0,0.006013,2,1.0,40710.59,4.0711,50.0,2.0955,4.191,0,0.0,0.0,0.0,0.0,0.0,0.0,0,0.0,0.0,0.0,0.0,0.0,0.0
79f82084,bull,s15|s68|s30,3,0.0375990647,0.0088121481,-2.5244,0.0,-5.7122,11,18.1818,0.006008,5,0.4545,1415.56,0.1416,20.0,0.047,0.235,2,0.1818,-17847.78,-1.7848,0.0,-0.8812,-1.7624,4,0.3636,10981.22,1.0981,25.0,0.2791,1.1163
f4a346e9,bear,s13|s51|s89,3,0.0371080525,0.0091925402,2.4793,0.0,-3.2709,3,33.3333,0.006006,0,0.0,0.0,0.0,0.0,0.0,0.0,1,0.3333,-9397.01,-0.9397,0.0,-0.9193,-0.9193,2,0.6667,27435.38,2.7435,50.0,1.3958,2.7916
355b08c7,bear,s13|s20,2,0.0425586392,0.0090114734,3.3282,0.0,-4.4074,3,33.3333,0.006005,0,0.0,0.0,0.0,0.0,0.0,0.0,0,0.0,0.0,0.0,0.0,0.0,0.0,3,1.0,23742.83,2.3743,33.3333,0.8179,2.4536
c95f0e8f,bull,s3|s79|s45|s40,4,0.0324020031,0.0134751517,1.4411,0.0,-1.8793,2,50.0,0.006005,0,0.0,0.0,0.0,0.0,0.0,0.0,0,0.0,0.0,0.0,0.0,0.0,0.0,2,1.0,18390.68,1.8391,50.0,0.9463,1.8927
a42796a8,bear,s86|s13|s27,3,0.041992088,0.0188087789,-4.7629,0.0,-11.8343,11,27.2727,0.005998,2,0.1818,24042.55,2.4043,50.0,1.1592,2.3183,2,0.1818,-37296.82,-3.7297,0.0,-1.8809,-3.7618,7,0.6364,-13879.49,-1.3879,28.5714,-0.1437,-1.006
135a7cbd,bull,s79|s12|s26,3,0.0720484528,0.0095576111,3.3027,0.0,-4.4501,4,25.0,0.005989,1,0.25,70295.22,7.0295,100.0,7.2048,7.2048,2,0.5,-18962.54,-1.8963,0.0,-0.9558,-1.9115,1,0.25,-9972.96,-0.9973,0.0,-0.9558,-0.9558
ea787bc3,bull,s53|s59,2,0.0240428087,0.0087316395,1.1022,0.0,-1.6468,2,50.0,0.005979,1,0.5,23722.54,2.3723,100.0,2.4043,2.4043,0,0.0,0.0,0.0,0.0,0.0,0.0,1,0.5,-8715.69,-0.8716,0.0,-0.8732,-0.8732
2fd2e943,bull,s21|s63|s70|s47,4,0.0394432285,0.0149670662,3.2932,0.0,-4.5991,2,50.0,0.005975,2,1.0,23759.37,2.3759,50.0,1.2238,2.4476,0,0.0,0.0,0.0,0.0,0.0,0.0,0,0.0,0.0,0.0,0.0,0.0,0.0
9c37ae2b,bear,s51|s99|s23,3,0.0360838106,0.0095938482,1.0219,0.0,-1.5101,3,33.3333,0.005973,0,0.0,0.0,0.0,0.0,0.0,0.0,2,0.6667,25989.99,2.599,50.0,1.3245,2.649,1,0.3333,-9781.57,-0.9782,0.0,-0.9594,-0.9594
615aa124,bull,s64|s9|s48,3,0.0234688484,0.0104436918,-8.227,0.0,-9.8825,24,25.0,0.005973,5,0.2083,14607.87,1.4608,40.0,0.3121,1.5607,6,0.25,-28205.26,-2.8205,16.6667,-0.4792,-2.875,13,0.5417,-34125.32,-3.4125,23.0769,-0.2618,-3.403
e195f2c9,bear,s81|s71|s37|s62,4,0.0326986915,0.0129881504,1.5226,0.0,-2.3135,2,50.0,0.005966,0,0.0,0.0,0.0,0.0,0.0,0.0,0,0.0,0.0,0.0,0.0,0.0,0.0,2,1.0,19166.17,1.9166,50.0,0.9855,1.9711
4a0c3c1b,bear,s89|s31|s71|s50,4,0.0367926997,0.010049331,2.2325,0.0,-3.2725,2,50.0,0.005964,0,0.0,0.0,0.0,0.0,0.0,0.0,1,0.5,-10373.38,-1.0373,0.0,-1.0049,-1.0049,1,0.5,36733.51,3.6734,100.0,3.6793,3.6793
cc0c87af,bear,s23|s20|s56,3,0.0297022993,0.0106790086,-3.402,0.0,-6.6493,9,22.2222,0.00596,3,0.3333,-31241.89,-3.1242,0.0,-1.0679,-3.2037,1,0.1111,-10428.88,-1.0429,0.0,-1.0679,-1.0679,5,0.5556,25281.27,2.5281,40.0,0.5474,2.7368
f6935284,bear,s49|s100|s90,3,0.0654318856,0.0088317738,2.8484,0.0,-3.9916,4,25.0,0.005954,0,0.0,0.0,0.0,0.0,0.0,0.0,2,0.5,-18548.39,-1.8548,0.0,-0.8832,-1.7664,2,0.5,55961.96,5.5962,50.0,2.83,5.66
1f3bdfe4,bear,s100|s99|s62|s50,4,0.0303789686,0.0156618211,1.0187,0.0,-1.764,2,50.0,0.005951,1,0.5,-16070.92,-1.6071,0.0,-1.5662,-1.5662,1,0.5,30289.99,3.029,100.0,3.0379,3.0379,0,0.0,0.0,0.0,0.0,0.0,0.0
2d274287,bear,s76|s99|s26,3,0.0401440074,0.0146756969,2.0805,0.0,-3.3204,2,50.0,0.005934,0,0.0,0.0,0.0,0.0,0.0,0.0,0,0.0,0.0,0.0,0.0,0.0,0.0,2,1.0,24845.82,2.4846,50.0,1.2734,2.5468
edbbb176,bull,s45|s30|s26,3,0.0515862158,0.0124106644,3.4411,0.0,-5.1401,2,50.0,0.005934,2,1.0,38411.45,3.8411,50.0,1.9588,3.9176,0,0.0,0.0,0.0,0.0,0.0,0.0,0,0.0,0.0,0.0,0.0,0.0,0.0
0087e2df,bear,s37|s76|s13|s86,4,0.0348484873,0.015680675,2.7379,0.0,-4.2119,2,50.0,0.005933,0,0.0,0.0,0.0,0.0,0.0,0.0,0,0.0,0.0,0.0,0.0,0.0,0.0,2,1.0,18536.34,1.8536,50.0,0.9584,1.9168
60df8e3d,bull,s44|s73|s47,3,0.0629438797,0.0132429982,2.8726,0.0,-4.2293,3,33.3333,0.005928,1,0.3333,-13205.26,-1.3205,0.0,-1.3243,-1.3243,0,0.0,0.0,0.0,0.0,0.0,0.0,2,0.6667,48008.24,4.8008,50.0,2.485,4.9701
cfc04f7b,bull,s88|s45,2,0.0194044578,0.0086150195,0.657,0.0,-1.5077,2,50.0,0.005924,1,0.5,19151.36,1.9151,100.0,1.9404,1.9404,1,0.5,-8600.5,-0.86,0.0,-0.8615,-0.8615,0,0.0,0.0,0.0,0.0,0.0,0.0
79f15098,bull,s93|s10,2,0.0470672733,0.0125354219,2.9836,0.0,-4.6693,2,50.0,0.005917,2,1.0,33833.11,3.3833,50.0,1.7266,3.4532,0,0.0,0.0,0.0,0.0,0.0,0.0,0,0.0,0.0,0.0,0.0,0.0,0.0
c4e31dfc,bull,s83|s53|s59,3,0.0381817054,0.0188868532,1.4502,0.0,-2.6541,2,50.0,0.005914,1,0.5,37324.28,3.7324,100.0,3.8182,3.8182,0,0.0,0.0,0.0,0.0,0.0,0.0,1,0.5,-18852.35,-1.8852,0.0,-1.8887,-1.8887
65a3eccb,bull,s60|s73,2,0.0267150331,0.0118307918,0.9164,0.0,-1.9537,2,50.0,0.005912,1,0.5,26298.16,2.6298,100.0,2.6715,2.6715,0,0.0,0.0,0.0,0.0,0.0,0.0,1,0.5,-11802.57,-1.1803,0.0,-1.1831,-1.1831
02da0d1c,bull,s75|s40|s26,3,0.0509390414,0.0194356417,2.6323,0.0,-4.2938,2,50.0,0.005906,1,0.5,49700.97,4.9701,100.0,5.0939,5.0939,1,0.5,-19399.87,-1.94,0.0,-1.9436,-1.9436,0,0.0,0.0,0.0,0.0,0.0,0.0
11427981,bear,s90|s22|s50|s100,4,0.0376032504,0.0190726164,1.3751,0.0,-2.6459,2,50.0,0.005903,0,0.0,0.0,0.0,0.0,0.0,0.0,1,0.5,-19729.6,-1.973,0.0,-1.9073,-1.9073,1,0.5,37527.86,3.7528,100.0,3.7603,3.7603
7236d29a,bull,s92|s3|s26,3,0.0378969588,0.0103331129,2.3021,0.0,-3.9187,2,50.0,0.005898,1,0.5,37802.13,3.7802,100.0,3.7897,3.7897,0,0.0,0.0,0.0,0.0,0.0,0.0,1,0.5,-10690.22,-1.069,0.0,-1.0333,-1.0333
811d7112,bull,s79|s35|s63|s42|s68,5,0.0714567507,0.0148114001,4.5866,0.0,-6.6884,3,33.3333,0.005897,2,0.6667,-29319.91,-2.932,0.0,-1.4811,-2.9623,0,0.0,0.0,0.0,0.0,0.0,0.0,1,0.3333,68933.39,6.8933,100.0,7.1457,7.1457
7b0a2ccc,bull,s24|s32|s41,3,0.0315845832,0.0190657731,-7.1433,0.0,-8.8155,11,27.2727,0.005896,1,0.0909,30029.53,3.003,100.0,3.1585,3.1585,2,0.1818,-37035.47,-3.7035,0.0,-1.9066,-3.8132,8,0.7273,-51307.82,-5.1308,25.0,-0.6403,-5.1225
e3a6337f,bear,s25|s76|s20|s13,4,0.0517302417,0.0168733163,2.594,0.0,-4.1132,3,33.3333,0.005882,0,0.0,0.0,0.0,0.0,0.0,0.0,1,0.3333,-17340.34,-1.734,0.0,-1.6873,-1.6873,2,0.6667,33982.83,3.3983,50.0,1.7428,3.4857
2b0f01c3,bear,s18|s85|s13,3,0.0412612582,0.0171950647,-2.3791,0.0,-9.5829,8,25.0,0.005878,3,0.375,7304.78,0.7305,33.3333,0.229,0.6871,0,0.0,0.0,0.0,0.0,0.0,0.0,5,0.625,-29468.16,-2.9468,20.0,-0.5504,-2.7519
52153d3c,bull,s48|s33|s91|s36|s5,5,0.0395754737,0.0175854565,-3.6376,0.0,-7.9102,8,25.0,0.005875,0,0.0,0.0,0.0,0.0,0.0,0.0,1,0.125,-17098.18,-1.7098,0.0,-1.7585,-1.7585,7,0.875,-11357.13,-1.1357,28.5714,-0.1254,-0.8776
a17e9006,bull,s92|s84|s39|s47,4,0.0504860171,0.0160510885,2.9475,0.0,-5.0074,2,50.0,0.005871,2,1.0,33462.24,3.3462,50.0,1.7217,3.4435,0,0.0,0.0,0.0,0.0,0.0,0.0,0,0.0,0.0,0.0,0.0,0.0,0.0
9d17f845,bull,s46|s83|s26,3,0.0428104088,0.0154025205,3.3738,0.0,-5.5923,2,50.0,0.005869,1,0.5,42012.93,4.2013,100.0,4.281,4.281,0,0.0,0.0,0.0,0.0,0.0,0.0,1,0.5,-15357.04,-1.5357,0.0,-1.5403,-1.5403
aaf3d554,bear,s90|s66|s61|s13|s80,5,0.0493084527,0.0130668615,2.3356,0.0,-3.8417,3,33.3333,0.005869,1,0.3333,-13442.8,-1.3443,0.0,-1.3067,-1.3067,0,0.0,0.0,0.0,0.0,0.0,0.0,2,0.6667,35598.13,3.5598,50.0,1.8121,3.6242
abcb249d,bear,s57|s17|s29|s81,4,0.0271668513,0.0169040188,0.5811,0.0,-1.9162,2,50.0,0.005863,0,0.0,0.0,0.0,0.0,0.0,0.0,0,0.0,0.0,0.0,0.0,0.0,0.0,2,1.0,9757.3,0.9757,50.0,0.5131,1.0263
502a1bcc,bear,s13|s71|s31,3,0.0589153936,0.0192343963,2.7546,0.0,-4.4779,3,33.3333,0.005855,0,0.0,0.0,0.0,0.0,0.0,0.0,1,0.3333,-19854.63,-1.9855,0.0,-1.9234,-1.9234,2,0.6667,38543.0,3.8543,50.0,1.984,3.9681
3fba68a1,bull,s21|s92|s26,3,0.0514515368,0.0148894013,3.1586,0.0,-5.4416,2,50.0,0.005852,2,1.0,35579.33,3.5579,50.0,1.8281,3.6562,0,0.0,0.0,0.0,0.0,0.0,0.0,0,0.0,0.0,0.0,0.0,0.0,0.0
89df0790,bear,s51|s77|s66|s57,4,0.0201554489,0.0101770288,0.5752,0.0,-2.0477,2,50.0,0.005846,0,0.0,0.0,0.0,0.0,0.0,0.0,1,0.5,-10143.51,-1.0144,0.0,-1.0177,-1.0177,1,0.5,19848.38,1.9848,100.0,2.0155,2.0155
a27bdcd6,bear,s51|s20|s76,3,0.0243282715,0.0159159563,-4.5183,0.0,-8.6297,7,28.5714,0.005845,2,0.2857,-31277.85,-3.1278,0.0,-1.5916,-3.1832,1,0.1429,-15665.88,-1.5666,0.0,-1.5916,-1.5916,4,0.5714,15415.63,1.5416,50.0,0.4206,1.6825
b6498090,bear,s22|s37|s20|s18,4,0.0426442959,0.0179602997,-2.2746,0.0,-9.7912,8,25.0,0.005844,1,0.125,-17903.69,-1.7904,0.0,-1.796,-1.796,2,0.25,-36918.02,-3.6918,0.0,-1.796,-3.5921,5,0.625,30701.05,3.0701,40.0,0.6282,3.1408
05324f5d,bear,s86|s17|s27,3,0.0427664213,0.0190134935,-4.8568,0.0,-11.9447,11,27.2727,0.005842,2,0.1818,24582.31,2.4582,50.0,1.1876,2.3753,2,0.1818,-37700.38,-3.77,0.0,-1.9013,-3.8027,7,0.6364,-13469.95,-1.347,28.5714,-0.1362,-0.9535
0781e671,bear,s50|s25|s62|s56,4,0.0296978864,0.0136235068,-3.3146,0.0,-8.4244,8,25.0,0.005835,2,0.25,-26974.86,-2.6975,0.0,-1.3624,-2.7247,2,0.25,-27485.88,-2.7486,0.0,-1.3624,-2.7247,4,0.5,31558.98,3.1559,50.0,0.8037,3.2149
37d6543a,bull,s93|s65,2,0.0422499365,0.0131315191,2.4413,0.0,-4.7257,2,50.0,0.005824,2,1.0,28400.05,2.84,50.0,1.4559,2.9118,0,0.0,0.0,0.0,0.0,0.0,0.0,0,0.0,0.0,0.0,0.0,0.0,0.0
082d0fa3,bear,s76|s100|s16|s67|s90,5,0.0311612501,0.0183010584,0.822,0.0,-2.5681,2,50.0,0.005823,0,0.0,0.0,0.0,0.0,0.0,0.0,1,0.5,-18805.26,-1.8805,0.0,-1.8301,-1.8301,1,0.5,31061.94,3.1062,100.0,3.1161,3.1161
f7f96991,bear,s13|s17|s20,3,0.0595315818,0.0197295241,2.7614,0.0,-4.6664,3,33.3333,0.005823,1,0.3333,-20348.66,-2.0349,0.0,-1.973,-1.973,0,0.0,0.0,0.0,0.0,0.0,0.0,2,0.6667,38648.93,3.8649,50.0,1.9901,3.9802
932dfac1,bear,s18|s20,2,0.0257362987,0.014606226,-7.2816,0.0,-11.9326,14,28.5714,0.005821,3,0.2143,-41495.1,-4.1495,0.0,-1.4606,-4.3819,1,0.0714,-14370.68,-1.4371,0.0,-1.4606,-1.4606,10,0.7143,12565.43,1.2565,40.0,0.1531,1.5308
25488a35,bear,s51|s101|s28,3,0.0364986104,0.0161676749,-3.5489,0.0,-8.1469,8,25.0,0.005818,0,0.0,0.0,0.0,0.0,0.0,0.0,5,0.625,23180.91,2.3181,40.0,0.4899,2.4494,3,0.375,-48455.53,-4.8456,0.0,-1.6168,-4.8503
cd550d0f,bull,s40|s94|s59,3,0.058206161,0.0166278867,3.0319,0.0,-5.0633,3,33.3333,0.005816,2,0.6667,40451.49,4.0451,50.0,2.0789,4.1578,0,0.0,0.0,0.0,0.0,0.0,0.0,1,0.3333,-17208.45,-1.7208,0.0,-1.6628,-1.6628
ad992293,bull,s59|s30|s83|s21,4,0.0434162168,0.0148010738,2.3819,0.0,-4.7633,2,50.0,0.00581,2,1.0,27802.06,2.7802,50.0,1.4308,2.8615,0,0.0,0.0,0.0,0.0,0.0,0.0,0,0.0,0.0,0.0,0.0,0.0,0.0
cb459533,bull,s93|s74,2,0.0491294974,0.0175368724,2.6559,0.0,-5.1501,2,50.0,0.005807,2,1.0,30539.32,3.0539,50.0,1.5796,3.1593,0,0.0,0.0,0.0,0.0,0.0,0.0,0,0.0,0.0,0.0,0.0,0.0,0.0
5ace8734,bear,s86|s22|s17,3,0.0241694228,0.0124570519,-6.3128,0.0,-8.5215,12,25.0,0.005804,3,0.25,-36414.25,-3.6414,0.0,-1.2457,-3.7371,2,0.1667,-24426.22,-2.4426,0.0,-1.2457,-2.4914,7,0.5833,21179.19,2.1179,42.8571,0.324,2.268
1cbe1247,bear,s86|s37|s71|s31,4,0.0304958764,0.017088986,-5.0499,0.0,-8.0323,7,28.5714,0.005798,1,0.1429,-16861.19,-1.6861,0.0,-1.7089,-1.7089,1,0.1429,-17210.74,-1.7211,0.0,-1.7089,-1.7089,5,0.7143,8386.16,0.8386,40.0,0.1945,0.9725
46545304,bull,s1|s21|s63|s14,4,0.066579894,0.0137630917,3.8796,0.0,-6.2987,3,33.3333,0.005797,2,0.6667,-27254.2,-2.7254,0.0,-1.3763,-2.7526,0,0.0,0.0,0.0,0.0,0.0,0.0,1,0.3333,64380.85,6.4381,100.0,6.658,6.658
3003fced,bull,s87|s30,2,0.0669885055,0.0172941043,2.4164,0.0,-4.3682,3,33.3333,0.005794,1,0.3333,-16942.35,-1.6942,0.0,-1.7294,-1.7294,1,0.3333,-17258.42,-1.7258,0.0,-1.7294,-1.7294,1,0.3333,64268.69,6.4269,100.0,6.6989,6.6989
016da5a2,bull,s38|s78|s40,3,0.0292146986,0.011153285,-3.0717,0.0,-7.4138,9,22.2222,0.005785,2,0.2222,57136.61,5.7137,100.0,2.9215,5.8429,2,0.2222,-22412.74,-2.2413,0.0,-1.1153,-2.2307,5,0.5556,-55085.18,-5.5085,0.0,-1.1153,-5.5766
86a043b4,bull,s93|s58|s63|s43,4,0.0450528984,0.016136189,2.4072,0.0,-5.0157,2,50.0,0.005783,2,1.0,28053.86,2.8054,50.0,1.4458,2.8917,0,0.0,0.0,0.0,0.0,0.0,0.0,0,0.0,0.0,0.0,0.0,0.0,0.0
d9e9c0de,bull,s73|s45|s3,3,0.0521874451,0.0091135436,2.6857,0.0,-4.8098,3,33.3333,0.005779,2,0.6667,41895.22,4.1895,50.0,2.1537,4.3074,0,0.0,0.0,0.0,0.0,0.0,0.0,1,0.3333,-9086.01,-0.9086,0.0,-0.9114,-0.9114
fed81d3c,bear,s25|s101|s76|s89,4,0.0479374784,0.008612246,2.0279,0.0,-3.6368,4,25.0,0.005776,1,0.25,-8790.58,-0.8791,0.0,-0.8612,-0.8612,1,0.25,-8889.96,-0.889,0.0,-0.8612,-0.8612,2,0.5,38705.54,3.8706,50.0,1.9663,3.9325
2ae95cf3,bull,s84|s78,2,0.0643912293,0.0122571217,3.4513,0.0,-5.8518,3,33.3333,0.005775,2,0.6667,-24286.65,-2.4287,0.0,-1.2257,-2.4514,0,0.0,0.0,0.0,0.0,0.0,0.0,1,0.3333,62449.49,6.2449,100.0,6.4391,6.4391
ed56c51d,bull,s39|s82|s32,3,0.0313529243,0.0166852499,-7.9683,0.0,-9.628,15,26.6667,0.005773,1,0.0667,29320.38,2.932,100.0,3.1353,3.1353,5,0.3333,-34905.71,-3.4906,20.0,-0.7078,-3.5388,9,0.6,-53371.37,-5.3371,22.2222,-0.601,-5.4091
aa603b22,bear,s49|s90|s99,3,0.030594395,0.016061624,1.0034,0.0,-3.3309,2,50.0,0.005761,0,0.0,0.0,0.0,0.0,0.0,0.0,0,0.0,0.0,0.0,0.0,0.0,0.0,2,1.0,14070.82,1.4071,50.0,0.7266,1.4533
680b5b25,bear,s22|s85|s99,3,0.0327321311,0.0183526831,0.9735,0.0,-3.3212,2,50.0,0.005757,0,0.0,0.0,0.0,0.0,0.0,0.0,0,0.0,0.0,0.0,0.0,0.0,0.0,2,1.0,13771.83,1.3772,50.0,0.719,1.4379
24708784,bull,s47|s30,2,0.0604486962,0.0137540204,2.5216,0.0,-4.7928,3,33.3333,0.005742,2,0.6667,44878.35,4.4878,50.0,2.3347,4.6695,0,0.0,0.0,0.0,0.0,0.0,0.0,1,0.3333,-13735.72,-1.3736,0.0,-1.3754,-1.3754
c095cdc5,bull,s73|s15|s63|s10,4,0.0461361889,0.0154980041,2.4397,0.0,-5.4146,2,50.0,0.005741,2,1.0,29755.02,2.9755,50.0,1.5319,3.0638,0,0.0,0.0,0.0,0.0,0.0,0.0,0,0.0,0.0,0.0,0.0,0.0,0.0
4e84c6e6,bear,s22|s20,2,0.02234575,0.0121079091,0.5936,0.0,-2.9685,2,50.0,0.005739,0,0.0,0.0,0.0,0.0,0.0,0.0,0,0.0,0.0,0.0,0.0,0.0,0.0,2,1.0,9888.55,0.9889,50.0,0.5119,1.0238
28efd7aa,bear,s19|s25|s90|s97,4,0.0564227838,0.0156134954,1.7552,0.0,-3.7968,3,33.3333,0.005738,0,0.0,0.0,0.0,0.0,0.0,0.0,1,0.3333,-16122.97,-1.6123,0.0,-1.5613,-1.5613,2,0.6667,39814.78,3.9815,50.0,2.0405,4.0809
886b27ae,bear,s76|s29|s51,3,0.0352855797,0.0105472018,0.7514,0.0,-2.4883,3,33.3333,0.005732,0,0.0,0.0,0.0,0.0,0.0,0.0,2,0.6667,24319.01,2.4319,50.0,1.2369,2.4738,1,0.3333,-10730.07,-1.073,0.0,-1.0547,-1.0547
e1d398e8,bull,s30|s45,2,0.0479723543,0.0196566306,2.3213,0.0,-5.3543,2,50.0,0.005729,2,1.0,27184.88,2.7185,50.0,1.4158,2.8316,0,0.0,0.0,0.0,0.0,0.0,0.0,0,0.0,0.0,0.0,0.0,0.0,0.0
db00bcc9,bull,s73|s35,2,0.0598216654,0.0093219848,3.2516,0.0,-5.8966,3,33.3333,0.005719,2,0.6667,49048.25,4.9048,50.0,2.525,5.05,0,0.0,0.0,0.0,0.0,0.0,0.0,1,0.3333,-9192.36,-0.9192,0.0,-0.9322,-0.9322
d375fe9b,bull,s47|s94,2,0.0609754079,0.0191559249,2.7948,0.0,-5.3071,3,33.3333,0.005715,2,0.6667,40504.78,4.0505,50.0,2.091,4.1819,0,0.0,0.0,0.0,0.0,0.0,0.0,1,0.3333,-19812.05,-1.9812,0.0,-1.9156,-1.9156
96ae4980,bear,s100|s19,2,0.0690138419,0.0083715554,2.335,0.0,-4.0791,5,20.0,0.00571,3,0.6,-26270.08,-2.627,0.0,-0.8372,-2.5115,1,0.2,-8828.58,-0.8829,0.0,-0.8372,-0.8372,1,0.2,68793.89,6.8794,100.0,6.9014,6.9014
261de824,bear,s29|s99|s23,3,0.0385453319,0.0150027873,0.1593,0.0,-1.8669,3,33.3333,0.005702,0,0.0,0.0,0.0,0.0,0.0,0.0,1,0.3333,37808.24,3.7808,100.0,3.8545,3.8545,2,0.6667,-30231.19,-3.0231,0.0,-1.5003,-3.0006
f8627f72,bull,s43|s33|s53|s36,4,0.0340357594,0.0197240668,-3.8138,0.0,-9.9211,7,28.5714,0.005697,2,0.2857,12923.63,1.2924,50.0,0.7156,1.4312,0,0.0,0.0,0.0,0.0,0.0,0.0,5,0.7143,-45086.7,-4.5087,20.0,-0.8972,-4.4861
8bcbf830,bull,s59|s93,2,0.0428584282,0.0180193003,1.9955,0.0,-5.1969,2,50.0,0.005696,2,1.0,23928.03,2.3928,50.0,1.242,2.4839,0,0.0,0.0,0.0,0.0,0.0,0.0,0,0.0,0.0,0.0,0.0,0.0,0.0
38cbbd67,bull,s2|s45|s63,3,0.0477715389,0.010200333,2.0325,0.0,-4.445,3,33.3333,0.005688,2,0.6667,36428.1,3.6428,50.0,1.8786,3.7571,0,0.0,0.0,0.0,0.0,0.0,0.0,1,0.3333,-10166.9,-1.0167,0.0,-1.02,-1.02
fceab5b3,bear,s29|s98|s56,3,0.0435373672,0.0131618706,1.4856,0.0,-3.299,4,25.0,0.005684,0,0.0,0.0,0.0,0.0,0.0,0.0,0,0.0,0.0,0.0,0.0,0.0,0.0,4,1.0,2899.11,0.2899,25.0,0.1013,0.4052
dcb9dace,bull,s7|s84|s5,3,0.0318253754,0.0161255579,-7.5346,0.0,-10.3076,15,26.6667,0.005682,2,0.1333,14031.54,1.4032,50.0,0.785,1.57,2,0.1333,-30861.75,-3.0862,0.0,-1.6126,-3.2251,11,0.7333,-34725.86,-3.4726,27.2727,-0.3048,-3.3528
8ff1c3b8,bear,s85|s62|s99,3,0.0404241788,0.0090760608,1.5524,0.0,-3.8684,3,33.3333,0.005676,1,0.3333,39868.5,3.9868,100.0,4.0424,4.0424,0,0.0,0.0,0.0,0.0,0.0,0.0,2,0.6667,-18350.23,-1.835,0.0,-0.9076,-1.8152
b09976ed,bull,s11|s87|s47|s93,4,0.0445542888,0.0197714959,1.9768,0.0,-5.3654,2,50.0,0.005672,2,1.0,23736.84,2.3737,50.0,1.2391,2.4783,0,0.0,0.0,0.0,0.0,0.0,0.0,0,0.0,0.0,0.0,0.0,0.0,0.0
bc62d3a6,bull,s55|s73|s94|s84,4,0.030931489,0.0184154748,0.6562,0.0,-3.6198,2,50.0,0.005671,1,0.5,30872.7,3.0873,100.0,3.0931,3.0931,0,0.0,0.0,0.0,0.0,0.0,0.0,1,0.5,-18899.91,-1.89,0.0,-1.8415,-1.8415
3ddd0fe6,bull,s9|s91|s14|s94,4,0.032431635,0.0183859917,-3.7653,0.0,-10.0673,7,28.5714,0.005663,1,0.1429,-17603.49,-1.7603,0.0,-1.8386,-1.8386,2,0.2857,13050.6,1.3051,50.0,0.7023,1.4046,4,0.5714,-23826.03,-2.3826,25.0,-0.5682,-2.2726
53e1f623,bear,s71|s50|s89|s13|s31,5,0.0388194949,0.0096787672,1.3531,0.0,-3.2725,4,25.0,0.005648,0,0.0,0.0,0.0,0.0,0.0,0.0,1,0.25,-9791.94,-0.9792,0.0,-0.9679,-0.9679,3,0.75,18748.08,1.8748,33.3333,0.6487,1.9462
d21f2cad,bear,s57|s71|s13|s16|s99,5,0.0335523103,0.0103787697,1.2218,0.0,-3.6723,3,33.3333,0.005632,0,0.0,0.0,0.0,0.0,0.0,0.0,0,0.0,0.0,0.0,0.0,0.0,0.0,3,1.0,12125.23,1.2125,33.3333,0.4265,1.2795
b3e6da07,bear,s71|s51|s28|s90|s100,5,0.0429221901,0.0110511324,1.3249,0.0,-3.8138,3,33.3333,0.005631,0,0.0,0.0,0.0,0.0,0.0,0.0,2,0.6667,31348.95,3.1349,50.0,1.5936,3.1871,1,0.3333,-11328.87,-1.1329,0.0,-1.1051,-1.1051
ca29c63f,bull,s12|s83,2,0.0301117855,0.0195092386,0.5977,0.0,-3.8875,2,50.0,0.005629,0,0.0,0.0,0.0,0.0,0.0,0.0,1,0.5,30041.51,3.0042,100.0,3.0112,3.0112,1,0.5,-20008.33,-2.0008,0.0,-1.9509,-1.9509
217b6d54,bear,s61|s25|s26,3,0.0272422052,0.0170172053,-7.9936,0.0,-12.9018,13,30.7692,0.005623,3,0.2308,-48606.99,-4.8607,0.0,-1.7017,-5.1052,1,0.0769,-16944.14,-1.6944,0.0,-1.7017,-1.7017,9,0.6923,20906.89,2.0907,44.4444,0.2654,2.3883
b6aca4ef,bear,s81|s20|s90|s62|s50,5,0.0459599869,0.008079337,1.2698,0.0,-3.2725,4,25.0,0.005621,1,0.25,-8422.53,-0.8423,0.0,-0.8079,-0.8079,1,0.25,-8339.07,-0.8339,0.0,-0.8079,-0.8079,2,0.5,37629.1,3.7629,50.0,1.894,3.7881
d90edb6f,bull,s43|s82|s75,3,0.0387670021,0.0175795988,-4.101,0.0,-7.8363,8,25.0,0.005614,2,0.25,19612.07,1.9612,50.0,1.0594,2.1187,0,0.0,0.0,0.0,0.0,0.0,0.0,6,0.75,-49510.38,-4.951,16.6667,-0.8188,-4.9131
0d822bb8,bear,s28|s90|s26,3,0.0342983826,0.0177307969,-4.2442,0.0,-7.6606,8,25.0,0.005607,3,0.375,-53235.11,-5.3235,0.0,-1.7731,-5.3192,4,0.5,-19304.09,-1.9304,25.0,-0.4724,-1.8894,1,0.125,33964.29,3.3964,100.0,3.4298,3.4298
9917d524,bear,s16|s101|s27,3,0.024925266,0.0156707375,-7.9699,0.0,-14.8098,16,31.25,0.005581,3,0.1875,-45094.93,-4.5095,0.0,-1.5671,-4.7012,4,0.25,-20957.41,-2.0957,25.0,-0.5522,-2.2087,9,0.5625,18470.64,1.8471,44.4444,0.2372,2.1347
75ee7996,bull,s45|s2|s26,3,0.0446018563,0.0107396134,1.6121,0.0,-4.4952,3,33.3333,0.005578,2,0.6667,33196.85,3.3197,50.0,1.6931,3.3862,0,0.0,0.0,0.0,0.0,0.0,0.0,1,0.3333,-11035.19,-1.1035,0.0,-1.074,-1.074
5603700f,bull,s63|s8|s26,3,0.0645544063,0.0197925311,2.5433,0.0,-5.7463,3,33.3333,0.005576,2,0.6667,42340.8,4.2341,50.0,2.2381,4.4762,0,0.0,0.0,0.0,0.0,0.0,0.0,1,0.3333,-19727.65,-1.9728,0.0,-1.9793,-1.9793
26b9b63c,bear,s76|s28|s31|s101|s13,5,0.0597460236,0.0175251924,1.9087,0.0,-4.9805,3,33.3333,0.005562,0,0.0,0.0,0.0,0.0,0.0,0.0,1,0.3333,-18130.33,-1.813,0.0,-1.7525,-1.7525,2,0.6667,41176.38,4.1176,50.0,2.111,4.2221
84d14d29,bear,s16|s13|s66,3,0.0408831528,0.0167345402,1.5657,0.0,-4.5802,3,33.3333,0.005551,0,0.0,0.0,0.0,0.0,0.0,0.0,0,0.0,0.0,0.0,0.0,0.0,0.0,3,1.0,6468.93,0.6469,33.3333,0.2471,0.7414
21ca4a8a,bull,s96|s15|s64,3,0.0320704726,0.0159182258,-6.6358,0.0,-8.4463,12,25.0,0.005548,1,0.0833,30123.19,3.0123,100.0,3.207,3.207,4,0.3333,-61509.92,-6.151,0.0,-1.5918,-6.3673,7,0.5833,-16634.51,-1.6635,28.5714,-0.2207,-1.545
62afc195,bull,s2|s47,2,0.0498325124,0.0130249042,1.6492,0.0,-4.7154,3,33.3333,0.005547,2,0.6667,35953.29,3.5953,50.0,1.8404,3.6808,0,0.0,0.0,0.0,0.0,0.0,0.0,1,0.3333,-13419.81,-1.342,0.0,-1.3025,-1.3025
91341b8f,bear,s86|s13,2,0.0342531144,0.015612274,0.8724,0.0,-3.6838,3,33.3333,0.005546,0,0.0,0.0,0.0,0.0,0.0,0.0,0,0.0,0.0,0.0,0.0,0.0,0.0,3,1.0,2159.19,0.2159,33.3333,0.101,0.3029
f4343d32,bull,s41|s92|s26,3,0.0601206031,0.0095626594,2.1792,0.0,-4.798,4,25.0,0.005546,2,0.5,49804.15,4.9804,50.0,2.5279,5.0558,2,0.5,-19859.88,-1.986,0.0,-0.9563,-1.9125,0,0.0,0.0,0.0,0.0,0.0,0.0
813e1061,bear,s89|s50|s25|s81,4,0.030847472,0.0148315541,-0.5451,0.0,-1.8144,3,33.3333,0.005543,1,0.3333,-14813.52,-1.4814,0.0,-1.4832,-1.4832,1,0.3333,-14953.74,-1.4954,0.0,-1.4832,-1.4832,1,0.3333,30294.15,3.0294,100.0,3.0847,3.0847
9cdeea4f,bear,s99|s23|s28,3,0.037275315,0.0112198251,0.8073,0.0,-3.6141,3,33.3333,0.005543,1,0.3333,36676.21,3.6676,100.0,3.7275,3.7275,0,0.0,0.0,0.0,0.0,0.0,0.0,2,0.6667,-22618.05,-2.2618,0.0,-1.122,-2.244
c67b7a88,bear,s13|s86|s99,3,0.044282951,0.0122944223,1.0813,0.0,-3.3596,4,25.0,0.00554,0,0.0,0.0,0.0,0.0,0.0,0.0,0,0.0,0.0,0.0,0.0,0.0,0.0,4,1.0,6272.33,0.6272,25.0,0.185,0.74
f351c48e,bear,s19|s13|s61|s77,4,0.047782869,0.0151330305,2.5274,0.0,-5.9702,3,33.3333,0.005532,0,0.0,0.0,0.0,0.0,0.0,0.0,1,0.3333,-15517.33,-1.5517,0.0,-1.5133,-1.5133,2,0.6667,31935.13,3.1935,50.0,1.6325,3.265
342a05d7,bear,s31|s76|s61|s98,4,0.0383279256,0.0148306357,1.8062,0.0,-5.0114,3,33.3333,0.005531,0,0.0,0.0,0.0,0.0,0.0,0.0,1,0.3333,-15071.78,-1.5072,0.0,-1.4831,-1.4831,2,0.6667,22807.15,2.2807,50.0,1.1749,2.3497
5ff13c5d,bear,s101|s18|s26,3,0.0300171104,0.0186663143,-7.4996,0.0,-13.6821,13,30.7692,0.005528,3,0.2308,-55048.08,-5.5048,0.0,-1.8666,-5.5999,2,0.1538,-36207.33,-3.6207,0.0,-1.8666,-3.7333,8,0.6154,42721.13,4.2721,50.0,0.5675,4.5403
f62089dd,bull,s48|s83|s68|s5|s53,5,0.0239757558,0.0084030463,0.0793,0.0,-2.7505,3,33.3333,0.005524,2,0.6667,15266.41,1.5266,50.0,0.7786,1.5573,1,0.3333,-8479.01,-0.8479,0.0,-0.8403,-0.8403,0,0.0,0.0,0.0,0.0,0.0,0.0
958b3471,bull,s45|s39|s26,3,0.0599375671,0.0173045384,1.7475,0.0,-4.9995,3,33.3333,0.005519,0,0.0,0.0,0.0,0.0,0.0,0.0,0,0.0,0.0,0.0,0.0,0.0,0.0,3,1.0,23519.37,2.3519,33.3333,0.8443,2.5328
3d99b1bb,bull,s59|s87|s21,3,0.0695252581,0.0142358028,3.2931,0.0,-7.1085,3,33.3333,0.005511,0,0.0,0.0,0.0,0.0,0.0,0.0,1,0.3333,-14218.62,-1.4219,0.0,-1.4236,-1.4236,2,0.6667,53080.74,5.3081,50.0,2.7645,5.5289
ddf8708f,bear,s50|s13|s22,3,0.0426885649,0.0189157076,0.3656,0.0,-3.272,3,33.3333,0.005499,0,0.0,0.0,0.0,0.0,0.0,0.0,0,0.0,0.0,0.0,0.0,0.0,0.0,3,1.0,3602.55,0.3603,33.3333,0.1619,0.4857
36d6cd24,bear,s89|s17|s62|s66|s52,5,0.0334593355,0.0129063953,0.0951,0.0,-2.9539,3,33.3333,0.005491,1,0.3333,-12680.43,-1.268,0.0,-1.2906,-1.2906,0,0.0,0.0,0.0,0.0,0.0,0.0,2,0.6667,19520.87,1.9521,50.0,1.0276,2.0553
b610bf9e,bear,s13|s98|s18|s29,4,0.0470472954,0.0147684768,0.3268,0.0,-3.2738,3,33.3333,0.005489,0,0.0,0.0,0.0,0.0,0.0,0.0,0,0.0,0.0,0.0,0.0,0.0,0.0,3,1.0,16324.54,1.6325,33.3333,0.5837,1.751
e668d8b5,bear,s18|s80|s97|s72|s76,5,0.0372047563,0.0100817689,-2.7556,0.0,-7.1803,10,20.0,0.005487,3,0.3,-29646.44,-2.9646,0.0,-1.0082,-3.0245,2,0.2,-19940.71,-1.9941,0.0,-1.0082,-2.0164,5,0.5,41753.5,4.1753,40.0,0.8833,4.4164
0bf890b1,bear,s23|s13|s27,3,0.0431559613,0.0185439509,1.4127,0.0,-4.754,3,33.3333,0.005483,0,0.0,0.0,0.0,0.0,0.0,0.0,0,0.0,0.0,0.0,0.0,0.0,0.0,3,1.0,4980.75,0.4981,33.3333,0.2023,0.6068
871cd871,bull,s1|s48|s5|s40,4,0.0512401842,0.0158800276,1.1966,0.0,-4.5004,3,33.3333,0.005477,1,0.3333,50169.15,5.0169,100.0,5.124,5.124,0,0.0,0.0,0.0,0.0,0.0,0.0,2,0.6667,-32174.68,-3.2175,0.0,-1.588,-3.176
2205028c,bull,s44|s83|s9|s43,4,0.03748155,0.0182961415,-4.3106,0.0,-7.8505,8,25.0,0.005473,3,0.375,151.56,0.0152,33.3333,0.0296,0.0889,1,0.125,-17174.05,-1.7174,0.0,-1.8296,-1.8296,4,0.5,-19376.36,-1.9376,25.0,-0.4352,-1.7407
fd1565b3,bull,s93|s38|s9|s45,4,0.0475899482,0.0121418578,1.6233,0.0,-5.1082,3,33.3333,0.00547,2,0.6667,34261.29,3.4261,50.0,1.7724,3.5448,0,0.0,0.0,0.0,0.0,0.0,0.0,1,0.3333,-12105.18,-1.2105,0.0,-1.2142,-1.2142
55942965,bear,s20|s49|s13|s67|s19,5,0.0389911907,0.0160516939,1.2527,0.0,-4.6413,3,33.3333,0.005465,0,0.0,0.0,0.0,0.0,0.0,0.0,0,0.0,0.0,0.0,0.0,0.0,0.0,3,1.0,6017.98,0.6018,33.3333,0.2296,0.6888
cdb67acc,bull,s68|s88|s48,3,0.0523576738,0.0144725,1.5984,0.0,-5.1021,3,33.3333,0.005465,2,0.6667,36921.41,3.6921,50.0,1.8943,3.7885,0,0.0,0.0,0.0,0.0,0.0,0.0,1,0.3333,-14901.09,-1.4901,0.0,-1.4472,-1.4472
22892a9b,bear,s25|s62|s29,3,0.0389835309,0.0192555927,-3.4102,0.0,-11.0119,7,28.5714,0.005465,2,0.2857,-37392.83,-3.7393,0.0,-1.9256,-3.8511,0,0.0,0.0,0.0,0.0,0.0,0.0,5,0.7143,17090.14,1.709,40.0,0.404,2.02
c51aa31c,bear,s25|s99|s13|s101,4,0.0559145844,0.0195942525,1.5075,0.0,-4.9986,3,33.3333,0.005462,0,0.0,0.0,0.0,0.0,0.0,0.0,0,0.0,0.0,0.0,0.0,0.0,0.0,3,1.0,15123.72,1.5124,33.3333,0.5575,1.6726
3b070405,bull,s40|s82|s94|s73,4,0.0424595393,0.0161451627,1.5947,0.0,-5.1148,3,33.3333,0.005462,1,0.3333,41603.02,4.1603,100.0,4.246,4.246,1,0.3333,-16127.62,-1.6128,0.0,-1.6145,-1.6145,1,0.3333,-16468.35,-1.6468,0.0,-1.6145,-1.6145
7068dffd,bear,s50|s85|s71|s16|s23,5,0.0339741729,0.0126211019,0.204,0.0,-3.2725,3,33.3333,0.00546,1,0.3333,-12802.53,-1.2803,0.0,-1.2621,-1.2621,1,0.3333,-12999.26,-1.2999,0.0,-1.2621,-1.2621,1,0.3333,33919.52,3.392,100.0,3.3974,3.3974
8d023c6e,bear,s18|s23|s90,3,0.0514292371,0.0193376031,3.2492,0.0,-7.3592,3,33.3333,0.005455,1,0.3333,-19836.45,-1.9836,0.0,-1.9338,-1.9338,1,0.3333,-20259.76,-2.026,0.0,-1.9338,-1.9338,1,0.3333,51371.13,5.1371,100.0,5.1429,5.1429
e9ce2dad,bull,s59|s73|s27,3,0.0548406968,0.0135795,2.3937,0.0,-6.2479,3,33.3333,0.00545,3,1.0,26102.3,2.6102,33.3333,0.9227,2.7682,0,0.0,0.0,0.0,0.0,0.0,0.0,0,0.0,0.0,0.0,0.0,0.0,0.0
c99ba085,bull,s95|s21|s63,3,0.0482300967,0.0118380327,1.7458,0.0,-5.4018,3,33.3333,0.005447,2,0.6667,35690.24,3.569,50.0,1.8196,3.6392,0,0.0,0.0,0.0,0.0,0.0,0.0,1,0.3333,-12184.18,-1.2184,0.0,-1.1838,-1.1838
4bfce7af,bear,s89|s72|s51|s18|s97,5,0.0275737127,0.017958635,-5.7755,0.0,-7.9089,7,28.5714,0.005444,1,0.1429,-17927.54,-1.7928,0.0,-1.7959,-1.7959,2,0.2857,-35280.09,-3.528,0.0,-1.7959,-3.5917,4,0.5714,17849.11,1.7849,50.0,0.4808,1.923
a5663860,bear,s51|s57|s97,3,0.0240518785,0.0091267511,-0.0563,0.0,-3.0348,3,33.3333,0.00544,1,0.3333,-9013.94,-0.9014,0.0,-0.9127,-0.9127,1,0.3333,-9096.69,-0.9097,0.0,-0.9127,-0.9127,1,0.3333,23461.48,2.3461,100.0,2.4052,2.4052
d4d850e4,bear,s56|s49|s101|s13,4,0.0437059253,0.0157940144,1.1051,0.0,-4.6632,3,33.3333,0.005426,0,0.0,0.0,0.0,0.0,0.0,0.0,0,0.0,0.0,0.0,0.0,0.0,0.0,3,1.0,10955.79,1.0956,33.3333,0.4039,1.2118
4aad9422,bull,s40|s38|s53,3,0.0319501975,0.0085894127,-3.5997,0.0,-5.1668,11,18.1818,0.005422,6,0.5455,28711.28,2.8711,33.3333,0.4924,2.9543,2,0.1818,-17356.34,-1.7356,0.0,-0.8589,-1.7179,3,0.2727,-25540.59,-2.5541,0.0,-0.8589,-2.5768
4f837aaa,bull,s73|s93|s8,3,0.0533130167,0.0114808144,2.3078,0.0,-6.3051,3,33.3333,0.005419,2,0.6667,40304.88,4.0305,50.0,2.0916,4.1832,0,0.0,0.0,0.0,0.0,0.0,0.0,1,0.3333,-11294.72,-1.1295,0.0,-1.1481,-1.1481
c06a1a22,bear,s37|s19|s18|s72|s61,5,0.0209909542,0.0113831916,-8.5126,0.0,-12.9338,21,28.5714,0.005402,3,0.1429,-32018.92,-3.2019,0.0,-1.1383,-3.415,2,0.0952,-21593.21,-2.1593,0.0,-1.1383,-2.2766,16,0.7619,8977.86,0.8978,37.5,0.0757,1.2114
81288d30,bear,s80|s76|s86,3,0.0328018341,0.0150427303,-4.1525,0.0,-8.2249,8,25.0,0.005394,3,0.375,-44131.84,-4.4132,0.0,-1.5043,-4.5128,1,0.125,-15218.62,-1.5219,0.0,-1.5043,-1.5043,4,0.5,33432.62,3.3433,50.0,0.888,3.5518
10242f45,bull,s83|s93|s39,3,0.0401063202,0.0100847526,1.3173,0.0,-5.13,3,33.3333,0.005393,2,0.6667,29519.73,2.952,50.0,1.5011,3.0022,0,0.0,0.0,0.0,0.0,0.0,0.0,1,0.3333,-10314.99,-1.0315,0.0,-1.0085,-1.0085
ac3ec2ea,bear,s85|s37,2,0.0610896289,0.0181696653,2.4342,0.0,-5.7735,4,25.0,0.005393,1,0.25,-18422.24,-1.8422,0.0,-1.817,-1.817,1,0.25,59707.34,5.9707,100.0,6.109,6.109,2,0.5,-36929.99,-3.693,0.0,-1.817,-3.6339
fca62ffd,bear,s17|s20|s13|s62,4,0.0396263984,0.017736325,0.9752,0.0,-4.6821,3,33.3333,0.005391,0,0.0,0.0,0.0,0.0,0.0,0.0,0,0.0,0.0,0.0,0.0,0.0,0.0,3,1.0,3206.8,0.3207,33.3333,0.1385,0.4154
624dea4d,bear,s89|s61,2,0.0439921307,0.0159718057,0.8913,0.0,-3.7568,4,25.0,0.005384,1,0.25,-16023.7,-1.6024,0.0,-1.5972,-1.5972,0,0.0,0.0,0.0,0.0,0.0,0.0,3,0.75,10825.13,1.0825,33.3333,0.4016,1.2049
9e2e4807,bear,s72|s29|s16,3,0.032452975,0.0133459281,-5.4596,0.0,-10.246,12,25.0,0.005382,4,0.3333,-51981.95,-5.1982,0.0,-1.3346,-5.3384,2,0.1667,19069.3,1.9069,50.0,0.9554,1.9107,6,0.5,8540.98,0.8541,33.3333,0.192,1.1522
1ae015f1,bear,s28|s71|s99,3,0.0421694526,0.0154444776,0.4274,0.0,-4.0275,3,33.3333,0.005378,1,0.3333,41393.6,4.1394,100.0,4.2169,4.2169,0,0.0,0.0,0.0,0.0,0.0,0.0,2,0.6667,-31134.53,-3.1135,0.0,-1.5444,-3.0889
326140e5,bull,s40|s14|s79|s46,4,0.0462337592,0.0189659147,1.1652,0.0,-5.0343,3,33.3333,0.005373,1,0.3333,45186.75,4.5187,100.0,4.6234,4.6234,0,0.0,0.0,0.0,0.0,0.0,0.0,2,0.6667,-38260.53,-3.8261,0.0,-1.8966,-3.7932
29c43a4c,bear,s25|s90,2,0.0201353922,0.0106657439,-0.7483,0.0,-2.5126,3,33.3333,0.005368,0,0.0,0.0,0.0,0.0,0.0,0.0,1,0.3333,-10697.0,-1.0697,0.0,-1.0666,-1.0666,2,0.6667,9245.32,0.9245,50.0,0.4735,0.947
f5637e94,bull,s40|s11|s45|s34,4,0.0635804648,0.0103978841,2.2507,0.0,-5.6963,4,25.0,0.005353,3,0.75,40736.87,4.0737,33.3333,1.4262,4.2785,0,0.0,0.0,0.0,0.0,0.0,0.0,1,0.25,-10366.87,-1.0367,0.0,-1.0398,-1.0398
cbfb6913,bull,s60|s14|s48|s8,4,0.0333219188,0.0161575166,-4.343,0.0,-8.0828,8,25.0,0.005341,3,0.375,49130.35,4.913,66.6667,1.6829,5.0486,2,0.25,-32546.2,-3.2546,0.0,-1.6158,-3.2315,3,0.375,-47722.51,-4.7723,0.0,-1.6158,-4.8473
46add0eb,bear,s67|s29|s20|s52,4,0.04232535,0.0094862083,0.4848,0.0,-3.4044,4,25.0,0.005338,2,0.5,-18618.51,-1.8619,0.0,-0.9486,-1.8972,0,0.0,0.0,0.0,0.0,0.0,0.0,2,0.5,31303.2,3.1303,50.0,1.642,3.2839
ac0f7cc0,bull,s40|s55|s75|s38,4,0.0535386277,0.0195894517,0.6608,0.0,-4.571,3,33.3333,0.005336,1,0.3333,51136.35,5.1136,100.0,5.3539,5.3539,2,0.6667,-38658.92,-3.8659,0.0,-1.9589,-3.9179,0,0.0,0.0,0.0,0.0,0.0,0.0
72c27757,bear,s49|s99|s86|s18,4,0.0427314875,0.0109004072,0.7048,0.0,-3.7092,4,25.0,0.005335,0,0.0,0.0,0.0,0.0,0.0,0.0,1,0.25,42070.41,4.207,100.0,4.2731,4.2731,3,0.75,-33048.61,-3.3049,0.0,-1.09,-3.2701
775210e3,bull,s70|s59|s95|s93|s44,5,0.0479493901,0.0167059019,0.7161,0.0,-4.6887,3,33.3333,0.005328,2,0.6667,30286.12,3.0286,50.0,1.5622,3.1243,0,0.0,0.0,0.0,0.0,0.0,0.0,1,0.3333,-17110.64,-1.7111,0.0,-1.6706,-1.6706
ee1d093a,bull,s8|s73,2,0.0464406393,0.0107057071,1.802,0.0,-6.1607,3,33.3333,0.005324,2,0.6667,34512.73,3.4513,50.0,1.7867,3.5735,0,0.0,0.0,0.0,0.0,0.0,0.0,1,0.3333,-10556.84,-1.0557,0.0,-1.0706,-1.0706
c0eed890,bear,s86|s67|s17|s80,4,0.0407920874,0.0109510781,1.2082,0.0,-5.3773,3,33.3333,0.005322,0,0.0,0.0,0.0,0.0,0.0,0.0,0,0.0,0.0,0.0,0.0,0.0,0.0,3,1.0,17975.1,1.7975,33.3333,0.6297,1.889
05d06ab2,bear,s86|s97|s13|s31,4,0.0356816402,0.017908223,0.5471,0.0,-4.5104,3,33.3333,0.005319,0,0.0,0.0,0.0,0.0,0.0,0.0,0,0.0,0.0,0.0,0.0,0.0,0.0,3,1.0,-1068.84,-0.1069,33.3333,-0.0045,-0.0135
b83a0838,bear,s101|s13|s37|s98,4,0.0444020347,0.0179315089,0.8523,0.0,-4.9451,3,33.3333,0.005314,0,0.0,0.0,0.0,0.0,0.0,0.0,0,0.0,0.0,0.0,0.0,0.0,0.0,3,1.0,7408.73,0.7409,33.3333,0.2846,0.8539
fd6c3da3,bear,s28|s57|s51,3,0.0361704894,0.0087483461,0.7205,0.0,-3.8587,4,25.0,0.005304,1,0.25,-8841.62,-0.8842,0.0,-0.8748,-0.8748,3,0.75,18015.67,1.8016,33.3333,0.6225,1.8674,0,0.0,0.0,0.0,0.0,0.0,0.0
