id,direction,signals,n_signals,tp,sl,train_return,train_sharpe,train_drawdown,train_trades,train_winrate,score,train_chop_trades,train_chop_trade_share,train_chop_pnl,train_chop_return_pct,train_chop_win_rate,train_chop_avg_trade_return_pct,train_chop_total_trade_return_pct,train_trendy_trades,train_trendy_trade_share,train_trendy_pnl,train_trendy_return_pct,train_trendy_win_rate,train_trendy_avg_trade_return_pct,train_trendy_total_trade_return_pct,train_volatile_trades,train_volatile_trade_share,train_volatile_pnl,train_volatile_return_pct,train_volatile_win_rate,train_volatile_avg_trade_return_pct,train_volatile_total_trade_return_pct
c947706e,bear,s28|s72|s27,3,0.0712517293,0.0134559536,70.5014,0.0,-18.3289,84,26.1905,0.30559,19,0.2262,203800.4,20.38,26.3158,0.8836,16.7875,28,0.3333,109638.81,10.9639,21.4286,0.4696,13.1479,37,0.4405,573845.28,57.3845,29.7297,1.1727,43.3914
2604e6a9,bear,s72|s51|s27,3,0.0717579704,0.0140043558,63.0835,0.0,-12.1074,49,30.6122,0.301691,10,0.2041,276800.41,27.68,40.0,2.0301,20.3006,13,0.2653,269375.66,26.9376,38.4615,1.8981,24.6755,26,0.5306,173733.3,17.3733,23.0769,0.5787,15.0461
28ef6a69,bear,s80|s37|s27,3,0.0742474674,0.0165402387,63.7567,0.0,-18.4756,74,28.3784,0.284735,22,0.2973,158090.72,15.8091,27.2727,0.822,18.0841,18,0.2432,-15268.7,-1.5269,16.6667,-0.1409,-2.5361,34,0.4595,663270.27,66.327,35.2941,1.5502,52.7084
2f9d6ab8,bear,s37|s90|s98,3,0.0369630818,0.0158256167,42.7079,0.0,-11.8289,53,47.1698,0.276854,23,0.434,308267.42,30.8267,52.1739,1.1716,26.9475,14,0.2642,166126.3,16.6126,50.0,1.0569,14.7962,16,0.3019,74460.29,7.446,37.5,0.397,6.3522
78773dec,bear,s90|s16|s18,3,0.0702592308,0.0141641248,64.7745,0.0,-22.5343,72,27.7778,0.274828,14,0.1944,173037.39,17.3037,28.5714,0.9957,13.9396,26,0.3611,234150.96,23.4151,26.9231,0.8565,22.2696,32,0.4444,400502.32,40.0502,28.125,0.958,30.6558
6dc69e01,bear,s18|s90,2,0.0546782007,0.0171519849,39.2953,0.0,-14.3808,50,36.0,0.222039,13,0.26,236116.71,23.6117,46.1538,1.6,20.8005,18,0.36,205758.49,20.5758,38.8889,1.0782,19.4076,19,0.38,32195.3,3.2195,26.3158,0.1751,3.3263
a927b50f,bear,s18|s101|s27,3,0.0620168252,0.0190352904,47.3182,0.0,-21.2837,99,31.3131,0.219361,23,0.2323,145229.21,14.5229,30.4348,0.5633,12.9553,24,0.2424,100233.2,10.0233,29.1667,0.4605,11.0518,52,0.5253,441246.52,44.1247,32.6923,0.7463,38.8051
28453133,bear,s18|s90|s67,3,0.0440892589,0.016635612,35.0951,0.0,-13.6589,62,38.7097,0.215533,20,0.3226,157590.47,15.759,40.0,0.7654,15.3087,19,0.3065,107050.1,10.705,36.8421,0.5737,10.8997,23,0.371,193403.89,19.3404,39.1304,0.7126,16.3905
e97a9805,bear,s90|s80|s37,3,0.0365450466,0.0129805102,34.2497,0.0,-14.651,91,37.3626,0.205134,37,0.4066,347403.46,34.7403,43.2432,0.8436,31.213,21,0.2308,81288.65,8.1289,33.3333,0.3528,7.4088,33,0.3626,126948.8,12.6949,33.3333,0.3528,11.6424
9a5642db,bear,s62|s90|s18,3,0.0580741948,0.0155216404,37.762,0.0,-14.7605,61,31.1475,0.200209,16,0.2623,327929.58,32.793,43.75,1.6677,26.6825,20,0.3279,109809.75,10.981,30.0,0.6557,13.1142,25,0.4098,45074.57,4.5075,24.0,0.2141,5.3534
1a2b23b7,bear,s16|s19|s27,3,0.0789766473,0.016098639,47.8559,0.0,-12.8698,41,29.2683,0.197308,8,0.1951,173510.48,17.351,37.5,1.9555,15.6437,10,0.2439,147380.82,14.7381,30.0,1.2424,12.4239,23,0.561,211676.2,21.1676,26.087,0.8704,20.0183
2ed3118c,bear,s50|s18|s20,3,0.0519331854,0.0163231502,36.4289,0.0,-14.9064,45,37.7778,0.192897,14,0.3111,106521.47,10.6521,35.7143,0.8054,11.2758,10,0.2222,133312.86,13.3313,40.0,1.0979,10.9794,21,0.4667,234909.14,23.4909,38.0952,0.9679,20.3265
2d8a8fae,bear,s20|s72|s27,3,0.0657710802,0.0154158207,39.203,0.0,-16.1485,64,28.125,0.192742,13,0.2031,155754.28,15.5754,30.7692,0.9565,12.4342,17,0.2656,223808.29,22.3808,35.2941,1.3238,22.5052,34,0.5312,140722.56,14.0723,23.5294,0.3687,12.5357
e677ce0f,bear,s20|s66|s18,3,0.0498443991,0.0135511953,36.2054,0.0,-11.8319,44,36.3636,0.192207,13,0.2955,141423.58,14.1424,38.4615,1.0832,14.0812,12,0.2727,111743.57,11.1744,33.3333,0.7581,9.0968,19,0.4318,220613.34,22.0613,36.8421,0.9805,18.6296
c876fb76,bear,s67|s18|s27,3,0.0669269748,0.0171486949,46.3486,0.0,-26.6052,88,28.4091,0.190806,20,0.2273,85763.07,8.5763,25.0,0.387,7.7404,26,0.2955,44296.87,4.4297,23.0769,0.2253,5.8588,42,0.4773,507487.02,50.7487,33.3333,1.0877,45.6814
437bb775,bear,s18|s80|s27,3,0.0707865425,0.0170305241,43.8472,0.0,-22.1008,94,26.5957,0.188874,19,0.2021,135291.84,13.5292,26.3158,0.6079,11.5505,27,0.2872,-94391.07,-9.4391,18.5185,-0.0768,-2.0739,48,0.5106,605029.82,60.503,31.25,1.0412,49.9791
847ecc53,bear,s28|s81|s27,3,0.051495737,0.0088874464,40.1393,0.0,-17.2475,69,26.087,0.187076,24,0.3478,229057.6,22.9058,29.1667,0.8724,20.9384,20,0.2899,136847.63,13.6848,25.0,0.6208,12.4167,25,0.3623,157171.44,15.7171,24.0,0.5605,14.0113
eb26ecd0,bear,s100|s20|s52,3,0.0493017079,0.018901537,32.6832,0.0,-13.6729,44,40.9091,0.186948,14,0.3182,75548.08,7.5548,35.7143,0.5457,7.6395,12,0.2727,-55481.54,-5.5482,25.0,-0.1851,-2.2209,18,0.4091,417657.64,41.7658,55.5556,1.8989,34.1805
113b5e71,bear,s76|s20|s27,3,0.0223909932,0.0129567789,14.7918,0.0,-4.8981,47,51.0638,0.185804,9,0.1915,101468.87,10.1469,66.6667,1.0608,9.5476,23,0.4894,19674.49,1.9674,39.1304,0.0875,2.0124,15,0.3191,125161.02,12.5161,60.0,0.8252,12.3778
52aacad1,bear,s71|s18|s20,3,0.0730108596,0.0131164991,44.2475,0.0,-14.7723,42,28.5714,0.183445,15,0.3571,151567.68,15.1568,26.6667,0.9851,14.7762,11,0.2619,251239.7,25.124,36.3636,1.8203,20.0228,16,0.381,145465.76,14.5466,25.0,0.8415,13.4645
a86b2299,bear,s85|s98|s52|s37|s80,5,0.0289815696,0.0164429372,19.7916,0.0,-13.1417,49,48.9796,0.182946,19,0.3878,35936.13,3.5936,42.1053,0.2683,5.098,13,0.2653,120255.36,12.0255,53.8462,0.8016,10.4213,17,0.3469,146813.12,14.6813,52.9412,0.7605,12.9291
1892c578,bear,s18|s80|s51,3,0.0504493162,0.0157758004,33.5928,0.0,-18.9613,57,35.0877,0.18275,18,0.3158,178496.64,17.8497,38.8889,0.9978,17.9611,10,0.1754,60204.06,6.0204,30.0,0.4092,4.0917,29,0.5088,233607.81,23.3608,34.4828,0.706,20.4753
4d7accba,bear,s16|s98|s20,3,0.0701060398,0.0192450323,46.84,0.0,-13.8285,35,37.1429,0.180112,10,0.2857,-44792.43,-4.4792,20.0,-0.1375,-1.3748,11,0.3143,187981.79,18.7982,36.3636,1.3246,14.5709,14,0.4,412361.15,41.2361,50.0,2.5431,35.6027
5c485271,bear,s77|s90|s26,3,0.0290401717,0.0183443194,19.9752,0.0,-10.6947,44,52.2727,0.180079,12,0.2727,218047.84,21.8048,75.0,1.7194,20.6329,15,0.3409,104323.44,10.4323,53.3333,0.6927,10.3911,17,0.3864,-31310.9,-3.1311,35.2941,-0.162,-2.7546
3d0dc4c1,bear,s90|s16|s37,3,0.0658770293,0.0166726409,35.8999,0.0,-18.8288,58,29.3103,0.175044,19,0.3276,169592.68,16.9593,31.5789,0.9396,17.8518,17,0.2931,151034.57,15.1035,29.4118,0.7607,12.9313,22,0.3793,138006.57,13.8007,27.2727,0.5841,12.85
57c094d5,bear,s101|s25|s72,3,0.0690566478,0.0170767061,32.3481,0.0,-15.3125,51,29.4118,0.17169,10,0.1961,76145.95,7.6146,30.0,0.8763,8.7633,18,0.3529,130963.76,13.0964,27.7778,0.6849,12.3286,23,0.451,238213.1,23.8213,30.4348,0.9138,21.0169
b38d341a,bear,s52|s67|s56,3,0.0312026153,0.0171060293,16.2402,0.0,-10.4159,57,45.614,0.170555,12,0.2105,148146.74,14.8147,58.3333,1.1074,13.2888,15,0.2632,-80985.42,-8.0985,26.6667,-0.4224,-6.3356,30,0.5263,217931.08,21.7931,50.0,0.7048,21.1449
a913b3c7,bear,s52|s31|s57,3,0.0788261019,0.0186610303,48.6923,0.0,-9.5601,31,35.4839,0.168975,10,0.3226,106806.09,10.6806,30.0,1.0585,10.5851,5,0.1613,87168.63,8.7169,40.0,2.0334,10.1669,16,0.5161,370752.7,37.0753,37.5,1.7897,28.6346
f245cb06,bear,s16|s20|s29,3,0.0652315896,0.0155528534,37.5767,0.0,-12.4936,40,32.5,0.168261,11,0.275,-29228.64,-2.9229,18.1818,-0.0865,-0.9513,12,0.3,164785.72,16.4786,33.3333,1.1375,13.6504,17,0.425,337459.63,33.746,41.1765,1.7711,30.1093
42fdac0f,bear,s37|s90|s62|s18,4,0.064230723,0.014549963,36.4884,0.0,-14.8697,43,30.2326,0.165156,14,0.3256,197507.59,19.7508,35.7143,1.3586,19.0204,13,0.3023,49166.34,4.9166,23.0769,0.363,4.7193,16,0.3721,186104.31,18.6104,31.25,1.0069,16.1104
12047846,bear,s101|s17|s80|s52,4,0.0695170983,0.0111854685,35.9756,0.0,-9.1158,42,26.1905,0.163906,14,0.3333,154165.29,15.4165,28.5714,1.1872,16.6214,8,0.1905,90131.15,9.0131,25.0,0.899,7.1921,20,0.4762,216643.31,21.6643,25.0,0.899,17.9803
0848e314,bear,s52|s37,2,0.0649994621,0.0156871695,35.1357,0.0,-19.3647,86,26.7442,0.162681,29,0.3372,173329.91,17.333,27.5862,0.6571,19.0565,14,0.1628,20367.08,2.0367,21.4286,0.1603,2.244,43,0.5,330177.16,33.0177,27.907,0.683,29.3691
3a79dcfc,bear,s85|s20|s27,3,0.0453425271,0.0112655408,33.2341,0.0,-9.6567,37,37.8378,0.160935,8,0.2162,217042.55,21.7043,62.5,2.4115,19.2916,17,0.4595,34776.55,3.4777,23.5294,0.2054,3.4918,12,0.3243,164803.58,16.4804,41.6667,1.2321,14.7854
378fdb5f,bear,s20|s31|s101,3,0.0278727258,0.0159216396,14.7749,0.0,-12.1061,72,45.8333,0.160281,17,0.2361,76560.41,7.656,47.0588,0.4687,7.9687,19,0.2639,102151.33,10.2151,47.3684,0.4823,9.1638,36,0.5,121853.55,12.1854,44.4444,0.3543,12.7531
3a0203f3,bear,s18|s23|s90,3,0.0514292371,0.0193376031,23.308,0.0,-15.1282,53,35.8491,0.155395,16,0.3019,276283.93,27.6284,50.0,1.6046,25.6733,19,0.3585,40719.14,4.0719,31.5789,0.301,5.7187,18,0.3396,111.49,0.0111,27.7778,0.032,0.5757
d1a87338,bear,s81|s16|s52,3,0.0280553276,0.015223495,21.3826,0.0,-21.7454,98,44.898,0.154988,36,0.3673,207505.35,20.7505,47.2222,0.5214,18.7694,27,0.2755,201127.07,20.1127,51.8519,0.7217,19.4869,35,0.3571,25476.72,2.5477,37.1429,0.0851,2.9802
b7359b9c,bear,s76|s20|s61|s101|s16,5,0.0447758672,0.019826339,18.6841,0.0,-13.2662,56,39.2857,0.152795,13,0.2321,188980.39,18.898,53.8462,1.4959,19.4473,20,0.3571,-4419.11,-0.4419,30.0,-0.0446,-0.8914,23,0.4107,129027.39,12.9027,39.1304,0.5453,12.5414
f63a7b89,bear,s101|s76|s90,3,0.0254313402,0.0157607624,11.3996,0.0,-12.415,49,48.9796,0.152186,19,0.3878,158060.89,15.8061,57.8947,0.8087,15.3659,19,0.3878,25368.48,2.5368,42.1053,0.1583,3.0082,11,0.2245,35745.3,3.5745,45.4545,0.2963,3.2592
d065b7ee,bear,s37|s90|s50,3,0.0248228115,0.0129152325,15.6693,0.0,-14.5671,91,43.956,0.150844,37,0.4066,207905.68,20.7906,48.6486,0.5444,20.1421,27,0.2967,96466.75,9.6467,44.4444,0.3857,10.4145,27,0.2967,25474.67,2.5475,37.037,0.1062,2.8669
68399136,bear,s61|s28|s27,3,0.078764016,0.0181215512,37.8251,0.0,-27.1297,69,26.087,0.148172,19,0.2754,126386.23,12.6386,26.3158,0.7375,14.0118,18,0.2609,-22836.82,-2.2837,16.6667,-0.1974,-3.5531,32,0.4638,395962.31,39.5962,31.25,1.2155,38.8966
1d3acad2,bear,s76|s72|s52,3,0.073705268,0.0175487788,32.9692,0.0,-22.6221,50,28.0,0.14801,13,0.26,172282.27,17.2282,30.7692,1.0529,13.6882,9,0.18,109781.9,10.9782,33.3333,1.2869,11.5823,28,0.56,141997.67,14.1998,25.0,0.5265,14.7413
6375d8c9,bear,s29|s16|s27,3,0.0691503703,0.0162865456,32.5345,0.0,-11.4802,39,30.7692,0.146644,8,0.2051,126945.14,12.6945,37.5,1.5752,12.6018,12,0.3077,68929.68,6.893,25.0,0.5073,6.0872,19,0.4872,217958.63,21.7959,31.5789,1.0694,20.3177
3dba9d67,bear,s90|s16|s27,3,0.0304230739,0.0131247381,18.7055,0.0,-15.3435,108,38.8889,0.145458,28,0.2593,177549.81,17.755,42.8571,0.5539,15.5081,43,0.3981,76847.95,7.6848,34.8837,0.2066,8.8853,37,0.3426,164205.11,16.4205,40.5405,0.453,16.7602
b8057fee,bear,s28|s22|s27,3,0.0688597367,0.0147061771,35.4677,0.0,-25.7394,61,26.2295,0.143341,14,0.2295,125665.33,12.5665,28.5714,0.917,12.8377,19,0.3115,-210094.26,-21.0094,5.2632,-1.0308,-19.5851,28,0.459,537557.1,53.7557,39.2857,1.8123,50.7452
3d067766,bear,s16|s20|s27,3,0.0737707794,0.009993457,31.8939,0.0,-16.2408,58,20.6897,0.140922,16,0.2759,163482.27,16.3482,25.0,1.0948,17.5162,17,0.2931,191915.17,19.1915,23.5294,0.9716,16.5168,25,0.431,92921.99,9.2922,16.0,0.3409,8.5221
c998cde3,bear,s52|s18,2,0.0398392602,0.0151597629,26.2267,0.0,-22.6377,160,34.375,0.140119,41,0.2562,198316.28,19.8316,36.5854,0.4962,20.3435,38,0.2375,27206.97,2.7207,28.9474,0.0761,2.8918,81,0.5062,401473.22,40.1473,35.8025,0.4531,36.7031
82191347,bear,s98|s16|s27,3,0.0693019295,0.0191499005,39.3402,0.0,-10.0932,29,37.931,0.139707,7,0.2414,40579.54,4.058,28.5714,0.6122,4.2854,11,0.3793,63178.57,6.3179,27.2727,0.4973,5.4707,11,0.3793,358379.42,35.8379,54.5455,2.9097,32.0062
6539d3d2,bear,s77|s18|s27,3,0.0465587481,0.0172734169,27.9725,0.0,-25.0949,128,33.5938,0.137387,24,0.1875,171348.19,17.1348,37.5,0.6664,15.9927,31,0.2422,25370.4,2.537,29.0323,0.1259,3.9014,73,0.5703,355035.03,35.5035,34.2466,0.4587,33.4845
63e0d606,bear,s72|s101|s80,3,0.0722492855,0.0193067372,25.671,0.0,-17.6957,52,28.8462,0.136135,13,0.25,82866.91,8.2867,30.7692,0.8864,11.5237,14,0.2692,-1208.81,-0.1209,21.4286,0.0312,0.4374,25,0.4808,283787.77,28.3788,32.0,0.9991,24.978
d9471ff7,bear,s13|s52|s89,3,0.0793729069,0.016973034,29.9878,0.0,-16.2798,45,26.6667,0.136001,15,0.3333,131877.64,13.1878,26.6667,0.8719,13.0788,13,0.2889,-38954.32,-3.8954,15.3846,-0.2151,-2.7958,17,0.3778,314742.69,31.4743,35.2941,1.7031,28.9534
510c0f5d,bear,s52|s37|s62,3,0.0567144441,0.0081286825,33.5402,0.0,-18.1685,155,18.7097,0.135784,52,0.3355,259073.85,25.9074,19.2308,0.4341,22.574,28,0.1806,89638.1,8.9638,17.8571,0.345,9.6613,75,0.4839,305961.41,30.5961,18.6667,0.3975,29.8153
bd20dbac,bear,s97|s20|s31|s80|s37,5,0.026283837,0.0152454196,12.1472,0.0,-9.9849,41,48.7805,0.13528,12,0.2927,22812.88,2.2813,41.6667,0.2058,2.4701,15,0.3659,57412.13,5.7412,46.6667,0.4135,6.2024,14,0.3415,128787.09,12.8787,57.1429,0.8486,11.8798
531eb737,bear,s20|s52|s98,3,0.0686201198,0.0122060499,39.1299,0.0,-13.9389,32,31.25,0.13341,14,0.4375,44698.62,4.4699,21.4286,0.5114,7.1594,7,0.2188,181574.09,18.1574,42.8571,2.2434,15.7036,11,0.3438,241631.78,24.1632,36.3636,1.7185,18.9038
940dbc7c,bear,s16|s62|s27,3,0.0643795234,0.0176283731,31.0308,0.0,-12.2036,35,34.2857,0.133259,9,0.2571,99388.04,9.9388,33.3333,0.9708,8.7368,11,0.3143,56209.45,5.6209,27.2727,0.4737,5.2112,15,0.4286,234095.97,23.4096,40.0,1.5175,22.7622
a2bc09b5,bear,s16|s101|s52|s61,4,0.0752778545,0.0112446923,30.4896,0.0,-17.7909,62,20.9677,0.131489,19,0.3065,203719.33,20.3719,26.3158,1.1524,21.8964,16,0.2581,-2898.52,-0.2899,12.5,-0.0429,-0.687,27,0.4355,254861.13,25.4861,22.2222,0.7983,21.5529
b9669775,bear,s90|s77,2,0.0382117635,0.0163482214,19.7608,0.0,-10.9345,37,43.2432,0.130217,9,0.2432,135722.94,13.5723,55.5556,1.3963,12.5666,13,0.3514,178415.8,17.8416,53.8462,1.303,16.9393,15,0.4054,-34707.0,-3.4707,26.6667,-0.1799,-2.6983
22cbc6ea,bear,s52|s28|s13,3,0.0592782295,0.0149796915,25.0885,0.0,-17.8945,65,27.6923,0.129747,17,0.2615,27155.7,2.7156,23.5294,0.2493,4.2377,18,0.2769,31896.94,3.1897,22.2222,0.1522,2.7397,30,0.4615,303231.2,30.3231,33.3333,0.9773,29.3188
3d211f15,bear,s77|s31|s37,3,0.0696210283,0.0137686708,26.0566,0.0,-15.2468,73,23.2877,0.128349,21,0.2877,97640.87,9.7641,23.8095,0.6086,12.7806,14,0.1918,58969.86,5.897,21.4286,0.4101,5.7408,38,0.5205,259604.36,25.9604,23.6842,0.5982,22.7298
6293ee49,bear,s22|s52|s27,3,0.0773449025,0.0172302401,32.337,0.0,-25.2658,77,24.6753,0.127577,19,0.2468,161785.85,16.1786,26.3158,0.7658,14.5501,23,0.2987,-145427.72,-14.5428,13.0435,-0.4894,-11.257,35,0.4545,450402.73,45.0403,31.4286,1.2493,43.7268
e43e4609,bear,s37|s90|s31,3,0.0765983023,0.0121984723,26.2303,0.0,-12.904,64,20.3125,0.127147,21,0.3281,183979.24,18.3979,23.8095,0.8944,18.7816,19,0.2969,35940.77,3.5941,15.7895,0.1822,3.4619,24,0.375,154896.36,15.4896,20.8333,0.6301,15.1221
69432bf1,bear,s72|s16|s27,3,0.0759858224,0.0097240074,31.0906,0.0,-17.2592,78,17.9487,0.126431,18,0.2308,107953.19,10.7953,16.6667,0.4561,8.2097,17,0.2179,183579.09,18.3579,23.5294,1.0443,17.7531,43,0.5513,172816.47,17.2816,16.2791,0.4229,18.1836
041f6ed6,bear,s18|s98|s16,3,0.074191278,0.0127737242,29.1858,0.0,-20.3821,51,23.5294,0.126185,15,0.2941,68962.45,6.8962,20.0,0.4619,6.9289,15,0.2941,177965.52,17.7966,26.6667,1.0417,15.6254,21,0.4118,169716.58,16.9717,23.8095,0.7932,16.6577
e5dc8f1e,bear,s16|s57|s27,3,0.0539118125,0.0174537368,21.8752,0.0,-11.6697,40,35.0,0.125993,11,0.275,15116.2,1.5116,27.2727,0.201,2.2106,13,0.325,66307.83,6.6308,30.7692,0.4505,5.8564,16,0.4,224546.47,22.4546,43.75,1.3769,22.0299
7696452e,bear,s28|s90|s26,3,0.0342983826,0.0177307969,17.5661,0.0,-12.5178,36,47.2222,0.125552,16,0.4444,76544.64,7.6545,43.75,0.5032,8.0512,9,0.25,-12470.72,-1.2471,33.3333,-0.0388,-0.349,11,0.3056,190055.58,19.0056,63.6364,1.5379,16.9165
fcfa3276,bear,s77|s66|s80,3,0.0271478461,0.0121155161,8.0463,0.0,-9.1714,55,40.0,0.124671,19,0.3455,-1866.57,-0.1867,31.5789,0.0283,0.5385,15,0.2727,55794.86,5.5795,40.0,0.359,5.3847,21,0.3818,145686.02,14.5686,47.619,0.6581,13.8208
49be9c9f,bear,s76|s18|s27,3,0.0622909949,0.0189760592,29.0732,0.0,-27.2366,87,29.8851,0.124238,20,0.2299,37937.57,3.7938,25.0,0.1341,2.6814,23,0.2644,40629.77,4.063,26.087,0.2224,5.1153,44,0.5057,372227.75,37.2228,34.0909,0.8729,38.4059
c90e2d46,bear,s37|s90|s77|s67,4,0.0441843951,0.0089555069,18.5561,0.0,-6.3947,44,27.2727,0.120435,20,0.4545,89052.63,8.9053,25.0,0.4329,8.6589,11,0.25,115700.76,11.5701,36.3636,1.0368,11.4049,13,0.2955,42681.17,4.2681,23.0769,0.3308,4.2998
582ccef7,bear,s37|s101|s27,3,0.0576801311,0.0161557123,24.5749,0.0,-21.3148,92,28.2609,0.119138,26,0.2826,256289.64,25.629,34.6154,0.9403,24.4474,22,0.2391,5135.24,0.5135,22.7273,0.0625,1.3754,44,0.4783,168933.22,16.8933,27.2727,0.3981,17.5179
8dafced5,bear,s81|s101|s19,3,0.0776266424,0.0173153654,29.1615,0.0,-17.4654,39,28.2051,0.116115,12,0.3077,269719.92,26.972,41.6667,2.2244,26.6926,13,0.3333,172307.93,17.2308,30.7692,1.1898,15.4668,14,0.359,-59064.15,-5.9064,14.2857,-0.3752,-5.2531
70de754d,bear,s85|s61|s80,3,0.0562003233,0.0193100797,20.7668,0.0,-17.7962,43,34.8837,0.115524,12,0.2791,77876.09,7.7876,33.3333,0.586,7.0321,11,0.2558,84477.47,8.4477,36.3636,0.8148,8.9631,20,0.4651,143101.43,14.3101,35.0,0.7119,14.2371
b33af4e7,bear,s56|s16|s101,3,0.0698716422,0.0161740856,21.3477,0.0,-15.8644,49,26.5306,0.115042,14,0.2857,9942.81,0.9943,21.4286,0.2264,3.17,12,0.2449,81302.44,8.1302,25.0,0.5337,6.4048,23,0.4694,233875.62,23.3876,30.4348,1.0014,23.0316
74adeb5f,bear,s50|s28|s27,3,0.0659151178,0.0134060554,25.3666,0.0,-20.7814,52,25.0,0.114122,18,0.3462,71453.5,7.1454,22.2222,0.4221,7.5976,19,0.3654,-98175.8,-9.8176,10.5263,-0.5056,-9.6073,15,0.2885,357779.24,35.7779,46.6667,2.361,35.4157
27950838,bear,s13|s61|s80,3,0.0698512288,0.0187010891,25.3531,0.0,-20.3221,43,30.2326,0.112784,12,0.2791,15689.88,1.569,25.0,0.3437,4.1244,11,0.2558,-29994.94,-2.9995,18.1818,-0.2601,-2.8607,20,0.4651,369804.38,36.9804,40.0,1.672,33.4397
532ba22a,bear,s101|s72|s26,3,0.0420680917,0.0188074072,11.0356,0.0,-14.8693,61,37.7049,0.112649,13,0.2131,41140.98,4.1141,38.4615,0.4606,5.9881,17,0.2787,54594.47,5.4594,35.2941,0.2678,4.5527,31,0.5082,150544.25,15.0544,38.7097,0.4757,14.7476
6093facf,bear,s50|s28|s90,3,0.0618252291,0.011923717,29.2565,0.0,-13.9899,35,28.5714,0.112539,13,0.3714,152202.58,15.2203,30.7692,1.0768,13.9987,11,0.3143,86988.45,8.6988,27.2727,0.819,9.0086,11,0.3143,100230.71,10.0231,27.2727,0.819,9.0086
91578458,bear,s28|s18|s26,3,0.0717182673,0.0170356927,27.0095,0.0,-20.5041,43,27.907,0.112012,13,0.3023,126254.9,12.6255,30.7692,1.0273,13.3552,11,0.2558,-110218.62,-11.0219,9.0909,-0.8967,-9.8639,19,0.4419,318131.79,31.8132,36.8421,1.5663,29.76
6be1c12e,bear,s37|s51|s90|s28|s85,5,0.0406507133,0.010128252,26.385,0.0,-7.0587,26,42.3077,0.109869,14,0.5385,233472.02,23.3472,50.0,1.5261,21.3657,7,0.2692,29953.17,2.9953,28.5714,0.438,3.066,5,0.1923,58966.18,5.8966,40.0,1.0183,5.0917
dedfe7f3,bear,s72|s62|s20,3,0.0735733634,0.0108424704,26.4226,0.0,-11.5246,39,23.0769,0.109471,10,0.2564,-113512.84,-11.3513,0.0,-1.0842,-10.8425,15,0.3846,86718.54,8.6719,20.0,0.6041,9.061,14,0.359,379000.04,37.9,42.8571,2.5336,35.47
56e969b0,bear,s25|s62|s52,3,0.078949261,0.0164205309,28.6343,0.0,-10.5749,33,27.2727,0.108656,8,0.2424,-45168.0,-4.5168,12.5,-0.4499,-3.5994,8,0.2424,156112.34,15.6112,37.5,1.9343,15.4745,17,0.5152,213718.95,21.3719,29.4118,1.1629,19.77
815b23a1,bear,s67|s90|s52,3,0.041301514,0.0106184601,17.6983,0.0,-16.2466,80,28.75,0.108303,32,0.4,122634.6,12.2635,28.125,0.3984,12.7489,21,0.2625,144120.32,14.412,33.3333,0.6688,14.0452,27,0.3375,88384.86,8.8385,25.9259,0.2842,7.6741
09a29a7c,bear,s52|s19|s27,3,0.0694328912,0.0117653765,26.3748,0.0,-18.8834,122,19.6721,0.107865,29,0.2377,147482.43,14.7482,20.6897,0.5034,14.5994,36,0.2951,-52040.09,-5.204,13.8889,-0.0488,-1.7562,57,0.4672,421570.07,42.157,22.807,0.6754,38.4951
2a5dabf9,bear,s20|s72|s57,3,0.0631889906,0.0175093505,22.2368,0.0,-17.8571,42,30.9524,0.107716,10,0.2381,-6607.42,-0.6607,20.0,-0.137,-1.3697,14,0.3333,160588.63,16.0589,35.7143,1.1311,15.8361,18,0.4286,162550.0,16.255,33.3333,0.939,16.9022
334f6bf2,bear,s71|s101|s57|s90|s20,5,0.0202386447,0.0109187821,4.543,0.0,-9.1149,42,45.2381,0.106295,15,0.3571,54117.76,5.4118,46.6667,0.3621,5.432,15,0.3571,88414.49,8.8414,53.3333,0.5699,8.5478,12,0.2857,-8450.71,-0.8451,33.3333,-0.0533,-0.6396
d1343e1d,bull,s53|s74|s95,3,0.0269991762,0.0142397376,10.5282,0.0,-9.3402,34,47.0588,0.105583,10,0.2941,19337.43,1.9337,40.0,0.2256,2.2558,9,0.2647,78906.38,7.8906,55.5556,0.8671,7.8037,15,0.4412,80504.5,8.0504,46.6667,0.5005,7.5076
85f39276,bear,s101|s37|s52,3,0.0599039929,0.0127412877,31.2718,0.0,-30.2431,132,23.4848,0.104812,43,0.3258,278587.08,27.8587,25.5814,0.5842,25.1223,27,0.2045,86487.96,8.6488,22.2222,0.3402,9.1857,62,0.4697,244326.66,24.4327,22.5806,0.3662,22.7074
bc0c41e6,bear,s72|s52,2,0.0434301786,0.0188146123,18.687,0.0,-27.3891,81,37.037,0.103692,13,0.1605,275427.43,27.5427,61.5385,1.949,25.3368,22,0.2716,79744.84,7.9745,36.3636,0.382,8.4037,46,0.5679,-5254.75,-0.5255,30.4348,0.0129,0.5955
f872cba2,bear,s72|s57|s66,3,0.0223036443,0.0141020197,2.5171,0.0,-8.0704,41,46.3415,0.102403,10,0.2439,79028.23,7.9028,60.0,0.7741,7.7414,17,0.4146,8928.25,0.8928,41.1765,0.0889,1.5105,14,0.3415,18990.99,1.8991,42.8571,0.15,2.1006
15ce2dcf,bear,s90|s18|s23|s77,4,0.0217203005,0.0081811557,5.6344,0.0,-10.6442,79,36.7089,0.100732,37,0.4684,115987.18,11.5987,37.8378,0.3133,11.5918,22,0.2785,119054.4,11.9054,45.4545,0.541,11.9029,20,0.2532,-15719.2,-1.5719,25.0,-0.0706,-1.4116
f7a392c1,bear,s72|s81|s90,3,0.0501102152,0.011557314,19.4103,0.0,-19.6171,60,26.6667,0.09879,19,0.3167,84416.04,8.4416,26.3158,0.4671,8.8749,19,0.3167,290755.96,29.0756,42.1053,1.4408,27.3751,22,0.3667,-77979.66,-7.798,13.6364,-0.3148,-6.9258
c50ae712,bear,s28|s18|s100,3,0.0450684259,0.012982103,14.221,0.0,-15.5725,65,29.2308,0.097859,26,0.4,119792.23,11.9792,30.7692,0.488,12.687,18,0.2769,-129762.39,-12.9762,11.1111,-0.6532,-11.7577,21,0.3231,262654.63,26.2655,42.8571,1.1897,24.9831
942ab278,bear,s18|s66|s81,3,0.028482737,0.0114412147,6.5763,0.0,-13.5627,51,37.2549,0.097382,22,0.4314,28006.09,2.8006,31.8182,0.1262,2.7761,17,0.3333,160722.71,16.0723,52.9412,0.9695,16.4815,12,0.2353,-19547.88,-1.9548,25.0,-0.146,-1.7523
6dc22415,bear,s90|s37|s27,3,0.0585497231,0.0165950107,22.3187,0.0,-25.5557,85,28.2353,0.097314,18,0.2118,226473.47,22.6473,38.8889,1.2628,22.7303,23,0.2706,57905.37,5.7905,26.087,0.3008,6.9183,44,0.5176,87695.77,8.7696,25.0,0.2191,9.6412
96718e32,bear,s16|s23|s27,3,0.0266722805,0.0161399284,3.0336,0.0,-12.5246,45,44.4444,0.097104,10,0.2222,51415.28,5.1415,50.0,0.5266,5.2662,21,0.4667,-40620.31,-4.062,33.3333,-0.1869,-3.9253,14,0.3111,109099.75,10.91,57.1429,0.8324,11.6539
dbad20af,bear,s18|s28|s37,3,0.0782198678,0.009591798,27.2287,0.0,-19.8678,113,15.9292,0.097099,34,0.3009,283004.5,28.3005,20.5882,0.8487,28.8561,26,0.2301,19640.29,1.964,11.5385,0.054,1.4048,53,0.469,193733.45,19.3733,15.0943,0.3663,19.4128
13561d55,bear,s18|s90|s37,3,0.0430295666,0.0131092649,17.483,0.0,-20.0706,155,29.0323,0.096817,40,0.2581,24048.82,2.4049,25.0,0.0925,3.7018,40,0.2581,80642.09,8.0642,27.5,0.2329,9.3157,75,0.4839,379617.33,37.9617,32.0,0.4855,36.4137
5b599a85,bear,s28|s77|s52,3,0.049041996,0.0167171198,18.4849,0.0,-23.6266,116,31.0345,0.096163,21,0.181,177817.35,17.7817,38.0952,0.8334,17.5013,26,0.2241,-58337.56,-5.8338,23.0769,-0.1542,-4.009,69,0.5948,299720.11,29.972,31.8841,0.425,29.3219
63b4ed5b,bear,s61|s16|s26,3,0.0336335888,0.0168503032,3.7213,0.0,-12.2108,64,39.0625,0.09544,18,0.2812,46847.25,4.6847,38.8889,0.2782,5.0082,22,0.3438,-74521.56,-7.4522,27.2727,-0.3082,-6.7803,24,0.375,194358.9,19.4359,50.0,0.8392,20.1399
dba8ed6b,bear,s19|s49|s80,3,0.076298769,0.0159677533,27.9142,0.0,-15.0546,31,29.0323,0.095226,9,0.2903,115459.19,11.5459,33.3333,1.4788,13.309,7,0.2258,84527.26,8.4527,28.5714,1.0394,7.2759,15,0.4839,151344.94,15.1345,26.6667,0.8637,12.955
8e063f2f,bear,s81|s37|s27,3,0.0587872486,0.0125735865,22.1152,0.0,-21.568,93,23.6559,0.094725,28,0.3011,224484.4,22.4484,28.5714,0.7815,21.8826,26,0.2796,21524.38,2.1524,19.2308,0.115,2.9891,39,0.4194,155986.08,15.5986,23.0769,0.3894,15.1878
d4435ef2,bear,s90|s23|s27,3,0.0649910202,0.0159257796,24.727,0.0,-15.6014,33,30.303,0.094388,9,0.2727,115298.57,11.5299,33.3333,1.1046,9.9418,12,0.3636,128095.67,12.8096,33.3333,1.1046,13.2558,12,0.3636,45918.97,4.5919,25.0,0.4303,5.1641
9e1ea821,bull,s84|s6|s44|s46,4,0.0221114522,0.0144247529,-2.5356,0.0,-9.4419,50,44.0,0.093532,15,0.3,-36080.94,-3.6081,33.3333,-0.2246,-3.369,14,0.28,87198.24,8.7198,57.1429,0.6453,9.0343,21,0.42,20802.53,2.0803,42.8571,0.1234,2.5906
a8760c99,bear,s80|s67|s61,3,0.0674961202,0.018051777,21.4352,0.0,-19.7567,40,30.0,0.093177,11,0.275,-50038.46,-5.0038,18.1818,-0.2498,-2.7474,11,0.275,52890.52,5.2891,27.2727,0.5279,5.8074,18,0.45,304970.49,30.497,38.8889,1.5217,27.3903
9425f479,bear,s29|s56|s52,3,0.0494796284,0.0156166828,10.0225,0.0,-12.6828,56,30.3571,0.093113,8,0.1429,206529.92,20.653,62.5,2.5069,20.0548,13,0.2321,-16503.06,-1.6503,23.0769,-0.0594,-0.7728,35,0.625,29326.95,2.9327,25.7143,0.1122,3.9283
0ad6073e,bear,s31|s85|s27,3,0.064679756,0.0145545286,19.0043,0.0,-10.0679,36,27.7778,0.092986,6,0.1667,-16451.96,-1.6452,16.6667,-0.1349,-0.8093,12,0.3333,59355.22,5.9355,25.0,0.5254,6.3049,18,0.5,226630.98,22.6631,33.3333,1.1857,21.3424
5586850c,bear,s52|s23|s77,3,0.0602252908,0.0172836344,20.0392,0.0,-24.2169,74,28.3784,0.092641,18,0.2432,67976.94,6.7977,27.7778,0.4247,7.6439,12,0.1622,84090.37,8.409,33.3333,0.8553,10.2632,44,0.5946,196137.74,19.6138,27.2727,0.3855,16.9627
bdc4ff5c,bear,s31|s52|s27,3,0.0529291293,0.0187919993,19.6531,0.0,-27.2906,97,31.9588,0.092617,18,0.1856,95428.55,9.5429,33.3333,0.5115,9.2071,23,0.2371,-11295.93,-1.1296,26.087,-0.0082,-0.1889,56,0.5773,299429.92,29.943,33.9286,0.5542,31.0349
185d59d8,bear,s37|s66|s27,3,0.0459771114,0.0198753637,12.9427,0.0,-22.6375,72,36.1111,0.092192,19,0.2639,83583.94,8.3584,36.8421,0.4386,8.3335,19,0.2639,78042.89,7.8043,36.8421,0.4386,8.3335,34,0.4722,88645.4,8.8645,35.2941,0.3367,11.4467
5820b3e9,bear,s98|s18|s77|s80,4,0.0349013527,0.0179260151,9.5112,0.0,-22.6514,48,41.6667,0.091287,17,0.3542,6169.78,0.617,35.2941,0.0719,1.2222,11,0.2292,120809.56,12.081,54.5455,1.0889,11.9778,20,0.4167,71945.83,7.1946,40.0,0.3205,6.4099
69b32a3b,bear,s57|s28|s18,3,0.0331310656,0.0143858481,8.531,0.0,-17.9822,95,36.8421,0.090704,34,0.3579,220233.9,22.0234,44.1176,0.6577,22.3635,33,0.3474,-106727.05,-10.6727,24.2424,-0.2867,-9.4598,28,0.2947,169851.4,16.9851,42.8571,0.5979,16.7399
bd6e2652,bear,s67|s57|s20,3,0.0266569129,0.0130588563,8.6676,0.0,-7.9578,31,45.1613,0.090694,9,0.2903,42017.19,4.2017,44.4444,0.4593,4.1333,13,0.4194,27256.14,2.7256,38.4615,0.2216,2.8814,9,0.2903,82125.98,8.2126,55.5556,0.9005,8.1049
0957d588,bear,s28|s67|s90|s18,4,0.067242392,0.0120515885,28.2367,0.0,-12.8547,28,28.5714,0.089654,10,0.3571,124150.5,12.4151,30.0,1.1737,11.7366,11,0.3929,107200.31,10.72,27.2727,0.9574,10.5314,7,0.25,83411.62,8.3412,28.5714,1.0604,7.4227
2d2a5745,bear,s72|s20|s97|s19,4,0.0294850255,0.0185209485,2.4302,0.0,-14.4934,45,44.4444,0.089616,6,0.1333,31148.02,3.1148,50.0,0.5482,3.2892,18,0.4,-46800.23,-4.68,33.3333,-0.2519,-4.5341,21,0.4667,127292.9,12.7293,52.381,0.6625,13.9126
ba69099e,bear,s80|s28|s77|s52|s71,5,0.0706864238,0.0083188345,16.5405,0.0,-7.3329,47,17.0213,0.089514,18,0.383,82218.18,8.2218,16.6667,0.4849,8.7277,12,0.2553,-19106.89,-1.9107,8.3333,-0.1735,-2.0821,17,0.3617,172831.54,17.2832,23.5294,1.0271,17.4601
86789f85,bear,s18|s28,2,0.0626700966,0.014674247,17.4986,0.0,-17.1543,46,26.087,0.089049,16,0.3478,64914.26,6.4914,25.0,0.4662,7.4589,14,0.3043,-61350.07,-6.135,14.2857,-0.3625,-5.0751,16,0.3478,243571.71,24.3572,37.5,1.433,22.9278
65ef638a,bear,s99|s18|s76|s90|s16,5,0.0415549849,0.0091230773,10.6315,0.0,-10.5449,58,25.8621,0.088478,29,0.5,85124.6,8.5125,24.1379,0.311,9.0177,10,0.1724,64266.7,6.4267,30.0,0.608,6.0803,19,0.3276,82603.75,8.2604,26.3158,0.4213,8.0052
f8a176e5,bear,s66|s18|s81|s86|s101,5,0.0643934078,0.015401154,24.2713,0.0,-25.7987,41,29.2683,0.088145,17,0.4146,147494.91,14.7495,29.4118,0.8068,13.7153,10,0.2439,182740.76,18.2741,40.0,1.6517,16.5167,14,0.3415,11506.8,1.1507,21.4286,0.1698,2.3768
0ebec283,bear,s57|s37|s49,3,0.0309941881,0.01541933,11.4077,0.0,-9.2133,28,46.4286,0.088075,9,0.3214,141056.07,14.1056,66.6667,1.5523,13.9707,11,0.3929,13907.74,1.3908,36.3636,0.1458,1.6041,8,0.2857,17805.91,1.7806,37.5,0.1986,1.5886
ece2d70a,bear,s18|s72|s26,3,0.0316702643,0.0150230332,12.5091,0.0,-26.3451,131,38.9313,0.087795,30,0.229,170857.14,17.0857,43.3333,0.5211,15.6322,36,0.2748,219507.91,21.9508,44.4444,0.573,20.6264,65,0.4962,43454.19,4.3454,33.8462,0.0781,5.0755
c63310d9,bear,s52|s56|s99|s20|s89,5,0.0289414264,0.0144570874,3.1257,0.0,-14.5823,58,39.6552,0.087722,21,0.3621,45291.62,4.5292,38.0952,0.2076,4.3589,15,0.2586,-5750.62,-0.5751,33.3333,0.0009,0.0136,22,0.3793,111492.04,11.1492,45.4545,0.527,11.5929
80c88a98,bear,s20|s72|s67,3,0.0577376287,0.0142126592,18.7353,0.0,-15.2728,37,29.7297,0.087551,7,0.1892,45921.59,4.5922,28.5714,0.6345,4.4412,13,0.3514,107989.66,10.799,30.7692,0.7926,10.3037,17,0.4595,115089.51,11.509,29.4118,0.6949,11.8136
af7dedfd,bear,s90|s81|s57,3,0.0195139074,0.0101770771,3.3377,0.0,-8.7772,36,44.4444,0.086654,20,0.5556,-28179.11,-2.8179,30.0,-0.127,-2.5396,13,0.3611,135230.11,13.523,69.2308,1.0378,13.4917,3,0.0833,180.07,0.018,33.3333,-0.028,-0.084
dd602710,bear,s49|s20|s27,3,0.0333745588,0.0159999742,9.1382,0.0,-11.1402,33,42.4242,0.086067,5,0.1515,63979.12,6.3979,60.0,1.3625,6.8124,16,0.4848,-11214.75,-1.1215,31.25,-0.057,-0.9127,12,0.3636,105996.46,10.5996,50.0,0.8687,10.4248
cbbacddd,bear,s85|s56|s37|s52,4,0.0396739021,0.0188266225,6.7824,0.0,-13.0903,41,39.0244,0.086044,9,0.2195,123217.17,12.3217,55.5556,1.3674,12.3063,11,0.2683,82310.05,8.231,45.4545,0.7765,8.541,21,0.5122,-51203.22,-5.1203,28.5714,-0.2112,-4.4356
33ae8272,bear,s101|s99|s52,3,0.0618369939,0.0146686598,18.7839,0.0,-22.5036,70,25.7143,0.084768,25,0.3571,259143.19,25.9143,32.0,0.9813,24.5329,16,0.2286,-23136.73,-2.3137,18.75,-0.0324,-0.5182,29,0.4143,120083.94,12.0084,24.1379,0.3798,11.0148
24cdc2c6,bear,s18|s80|s97|s72|s76,5,0.0372047563,0.0100817689,8.4911,0.0,-12.676,51,29.4118,0.084172,15,0.2941,86060.26,8.606,33.3333,0.568,8.5206,15,0.2941,36619.57,3.662,26.6667,0.2528,3.792,21,0.4118,73132.32,7.3132,28.5714,0.3429,7.2002
293149a5,bull,s74|s6|s83,3,0.0320446981,0.0137650545,8.3843,0.0,-11.1823,35,40.0,0.083993,13,0.3714,-441.4,-0.0441,30.7692,0.033,0.4293,9,0.2571,105878.04,10.5878,55.5556,1.1685,10.5163,13,0.3714,49141.4,4.9141,38.4615,0.3854,5.0103
207e26c0,bear,s90|s28,2,0.0618828952,0.0112017486,25.3059,0.0,-12.3276,28,28.5714,0.083975,10,0.3571,112676.32,11.2676,30.0,1.0724,10.7236,11,0.3929,97356.49,9.7356,27.2727,0.873,9.6035,7,0.25,75189.8,7.519,28.5714,0.968,6.7757
7d0838d5,bear,s99|s90|s27,3,0.0787542689,0.0199524049,25.3002,0.0,-17.4924,30,30.0,0.083234,8,0.2667,154210.2,15.421,37.5,1.7063,13.6501,10,0.3333,89329.59,8.933,30.0,0.966,9.6596,12,0.4,43560.4,4.356,25.0,0.4724,5.6691
ccc8d7a8,bear,s66|s52|s81,3,0.0567427963,0.0158928904,18.6575,0.0,-16.5171,34,32.3529,0.083053,14,0.4118,68710.9,6.8711,28.5714,0.486,6.8042,11,0.3235,183960.21,18.396,45.4545,1.7123,18.8357,9,0.2647,8921.45,0.8921,22.2222,0.0248,0.2235
c60563d7,bear,s97|s16|s89|s20|s52,5,0.0755617534,0.0176841575,22.327,0.0,-14.1721,31,29.0323,0.083011,10,0.3226,-6582.01,-0.6582,20.0,0.0965,0.965,12,0.3871,65532.2,6.5532,25.0,0.5627,6.7528,9,0.2903,236495.59,23.6496,44.4444,2.3758,21.3826
d2485e2f,bear,s25|s13|s27,3,0.0589145879,0.0189100501,17.0178,0.0,-17.6435,36,33.3333,0.082901,7,0.1944,-62894.6,-6.2895,14.2857,-0.7792,-5.4546,12,0.3333,77187.29,7.7187,33.3333,0.7031,8.4378,17,0.4722,235897.58,23.5898,41.1765,1.3135,22.3302
146add9a,bear,s52|s81,2,0.0788258529,0.010664926,21.7864,0.0,-14.1806,39,20.5128,0.082791,15,0.3846,99841.2,9.9841,20.0,0.7233,10.8498,13,0.3333,128177.33,12.8177,23.0769,0.9987,12.9828,11,0.2821,82770.77,8.2771,18.1818,0.5606,6.1667
dcff7964,bear,s62|s101|s52,3,0.0498660334,0.0129754417,15.2058,0.0,-19.6527,89,26.9663,0.082764,28,0.3146,277941.99,27.7942,35.7143,0.9468,26.5102,25,0.2809,-27768.22,-2.7768,20.0,-0.0407,-1.0179,36,0.4045,103572.33,10.3572,25.0,0.2735,9.8457
99d04443,bear,s101|s20|s72,3,0.0626995153,0.0099878974,15.9977,0.0,-13.707,76,19.7368,0.08208,18,0.2368,180435.17,18.0435,27.7778,1.0203,18.3655,19,0.25,107817.92,10.7818,21.0526,0.5315,10.098,39,0.5132,40587.43,4.0587,15.3846,0.1195,4.6596
36869b07,bear,s90|s29|s57|s52|s77,5,0.0222289804,0.0125382967,1.0495,0.0,-16.6332,94,42.5532,0.081958,32,0.3404,216790.91,21.6791,56.25,0.7018,22.4585,29,0.3085,82207.17,8.2207,44.8276,0.3047,8.8364,33,0.3511,-101903.34,-10.1903,27.2727,-0.3056,-10.0858
23488689,bear,s80|s23|s27,3,0.0298328977,0.0179796143,3.7624,0.0,-15.7529,41,43.9024,0.081588,12,0.2927,74570.58,7.4571,50.0,0.5927,7.112,12,0.2927,15783.33,1.5783,41.6667,0.1942,2.3307,17,0.4146,25751.22,2.5751,41.1765,0.1708,2.9034
acd27109,bear,s52|s57|s27,3,0.0639764807,0.012874956,21.5766,0.0,-23.7187,104,22.1154,0.081497,27,0.2596,107425.64,10.7426,22.2222,0.4203,11.3485,33,0.3173,18304.9,1.8305,18.1818,0.1098,3.6235,44,0.4231,304106.79,30.4107,25.0,0.6338,27.8868
979af976,bear,s19|s13|s52,3,0.0706457763,0.0131104609,16.3965,0.0,-16.697,49,22.449,0.081185,14,0.2857,54107.32,5.4107,21.4286,0.4837,6.7722,12,0.2449,11558.11,1.1558,16.6667,0.0849,1.0187,23,0.4694,204778.38,20.4778,26.087,0.8739,20.0997
b7850666,bear,s20|s81|s90,3,0.0464946462,0.0124428894,15.5258,0.0,-13.5377,34,32.3529,0.080613,19,0.5588,52943.51,5.2944,26.3158,0.3067,5.8273,11,0.3235,171794.43,17.1794,45.4545,1.4347,15.7816,4,0.1176,6914.12,0.6914,25.0,0.2291,0.9166
98959d8d,bear,s67|s28|s27,3,0.0376805597,0.0148902685,10.4179,0.0,-15.6609,37,37.8378,0.08007,14,0.3784,105331.47,10.5331,42.8571,0.764,10.6961,11,0.2973,-111195.96,-11.1196,9.0909,-1.0111,-11.1222,12,0.3243,182582.92,18.2583,58.3333,1.5776,18.9313
525a4480,bear,s62|s20|s18|s77|s51,5,0.0522804983,0.0176961008,13.8704,0.0,-20.1151,42,33.3333,0.079914,10,0.2381,22846.53,2.2847,30.0,0.3297,3.2969,11,0.2619,27716.38,2.7716,27.2727,0.1388,1.5273,21,0.5,178147.66,17.8148,38.0952,0.8962,18.8195
14a70cf9,bear,s37|s71|s80,3,0.0744085328,0.0085051427,17.1215,0.0,-11.321,46,17.3913,0.079761,17,0.3696,193354.4,19.3354,23.5294,1.1004,18.7067,12,0.2609,-24269.46,-2.4269,8.3333,-0.1596,-1.9148,17,0.3696,109305.95,10.9306,17.6471,0.6127,10.4154
9cb7abda,bear,s72|s66|s52,3,0.0467390279,0.0124428528,17.3791,0.0,-24.1402,91,27.4725,0.079513,16,0.1758,295087.82,29.5088,50.0,1.7148,27.4369,26,0.2857,82780.2,8.278,26.9231,0.3491,9.0759,49,0.5385,-25776.11,-2.5776,20.4082,-0.0365,-1.7881
9845af8a,bull,s36|s38,2,0.026333934,0.0147997816,5.9985,0.0,-7.4544,28,46.4286,0.078913,14,0.5,-4178.23,-0.4178,35.7143,-0.0109,-0.1528,6,0.2143,76008.1,7.6008,66.6667,1.2623,7.5736,8,0.2857,43728.61,4.3729,50.0,0.5767,4.6137
c7e64f52,bear,s61|s16,2,0.0738321419,0.0142306874,20.0301,0.0,-15.7286,36,25.0,0.077713,9,0.25,-44934.07,-4.4934,11.1111,-0.4446,-4.0013,14,0.3889,-24394.08,-2.4394,14.2857,-0.165,-2.3104,13,0.3611,346630.6,34.6631,46.1538,2.6414,34.3378
978ee267,bear,s37|s31|s72,3,0.0600984594,0.0147336424,19.2495,0.0,-25.8823,69,26.087,0.077612,14,0.2029,179398.67,17.9399,35.7143,1.1992,16.789,15,0.2174,66525.83,6.6526,26.6667,0.5222,7.8324,40,0.5797,74567.4,7.4567,22.5,0.2104,8.4143
1f5839cb,bear,s57|s50|s81|s90|s18,5,0.0216164411,0.0090382579,-0.261,0.0,-10.0046,58,36.2069,0.077563,28,0.4828,-71444.58,-7.1445,21.4286,-0.2469,-6.9143,22,0.3793,167049.15,16.7049,54.5455,0.7682,16.9015,8,0.1379,18218.18,1.8218,37.5,0.2457,1.9658
b8f722ee,bear,s81|s37|s62,3,0.051635949,0.015629708,13.7411,0.0,-8.574,30,33.3333,0.077545,12,0.4,-51532.63,-5.1533,16.6667,-0.4419,-5.3025,7,0.2333,154872.22,15.4872,57.1429,2.2808,15.9655,11,0.3667,94577.32,9.4577,36.3636,0.8831,9.7136
e086b949,bear,s52|s101|s77|s23,4,0.041945871,0.0133276301,4.9306,0.0,-10.7151,57,29.8246,0.077051,16,0.2807,113648.02,11.3648,37.5,0.74,11.8399,17,0.2982,-13237.44,-1.3237,23.5294,-0.0322,-0.5476,24,0.4211,65675.63,6.5676,29.1667,0.2794,6.7051
4fed308c,bear,s28|s86|s90|s18|s100,5,0.0450320591,0.0147772056,7.7078,0.0,-14.9856,53,30.1887,0.07644,24,0.4528,-10267.52,-1.0268,25.0,0.0175,0.4203,12,0.2264,-613.6,-0.0614,25.0,0.0175,0.2101,17,0.3208,172438.27,17.2438,41.1765,0.985,16.7452
e53942ae,bear,s16|s57|s22,3,0.0316054916,0.0152046801,2.7888,0.0,-13.4412,44,38.6364,0.076332,11,0.25,116674.31,11.6674,54.5455,1.0328,11.361,16,0.3636,-64106.43,-6.4106,25.0,-0.3502,-5.6034,17,0.3864,65275.06,6.5275,41.1765,0.407,6.9192
b30b3f2b,bear,s18|s28|s27,3,0.0415267351,0.0194238923,11.3743,0.0,-26.7212,119,36.9748,0.076258,27,0.2269,78468.78,7.8469,37.037,0.315,8.5061,31,0.2605,-5972.03,-0.5972,32.2581,0.0238,0.7366,61,0.5126,258217.87,25.8218,39.3443,0.4557,27.7958
a8921f0b,bull,s4|s30|s75|s21,4,0.0242508574,0.0106721557,4.0957,0.0,-9.1628,35,40.0,0.076226,8,0.2286,52671.81,5.2672,50.0,0.6789,5.4315,11,0.3143,57907.73,5.7908,45.4545,0.5202,5.7221,16,0.4571,4057.67,0.4058,31.25,0.0241,0.3861
35073ad5,bear,s52|s56,2,0.0599560933,0.0113529958,12.7335,0.0,-10.7924,43,23.2558,0.075959,11,0.2558,86401.2,8.6401,27.2727,0.8095,8.9044,6,0.1395,73925.82,7.3926,33.3333,1.2417,7.45,26,0.6047,56477.55,5.6478,19.2308,0.236,6.1368
52db5616,bear,s19|s90|s99,3,0.0460165192,0.0165384962,11.104,0.0,-13.2573,34,35.2941,0.075158,15,0.4412,125385.3,12.5385,40.0,0.8484,12.7253,7,0.2059,7514.48,0.7514,28.5714,0.1334,0.9341,12,0.3529,53416.52,5.3417,33.3333,0.4313,5.1758
893015af,bear,s89|s85|s52,3,0.0304417929,0.0119049721,2.9196,0.0,-13.0527,49,34.6939,0.07507,23,0.4694,148826.71,14.8827,43.4783,0.6507,14.9653,15,0.3061,-9862.57,-0.9863,26.6667,-0.0613,-0.9188,11,0.2245,-9002.23,-0.9002,27.2727,-0.0356,-0.3914
df05096f,bear,s81|s23|s27,3,0.0342460815,0.0124792839,10.9366,0.0,-13.0515,31,38.7097,0.074847,10,0.3226,66762.71,6.6763,40.0,0.6211,6.2109,12,0.3871,129932.2,12.9932,50.0,1.0883,13.0601,9,0.2903,-22570.32,-2.257,22.2222,-0.2096,-1.8863
c3acbe05,bear,s51|s77|s28,3,0.0307360523,0.0130578554,6.9218,0.0,-7.6761,30,40.0,0.074795,20,0.6667,86635.94,8.6636,40.0,0.446,8.9194,5,0.1667,66132.06,6.6132,60.0,1.3218,6.6092,5,0.1667,-22735.48,-2.2735,20.0,-0.4299,-2.1495
4a04e695,bear,s97|s80|s27,3,0.043768473,0.0174792941,9.2048,0.0,-16.291,39,35.8974,0.074598,11,0.2821,123827.81,12.3828,45.4545,1.0361,11.3967,11,0.2821,-19324.15,-1.9324,27.2727,-0.0775,-0.8529,17,0.4359,65775.9,6.5776,35.2941,0.4138,7.0339
af5f99bf,bear,s52|s85|s56,3,0.0758972039,0.0187560819,16.7755,0.0,-18.9193,41,26.8293,0.074482,13,0.3171,120403.08,12.0403,30.7692,1.0368,13.4784,9,0.2195,-93647.26,-9.3647,11.1111,-0.8239,-7.4151,19,0.4634,234802.96,23.4803,31.5789,1.1134,21.1554
46bfd194,bear,s72|s29|s16,3,0.032452975,0.0133459281,2.3528,0.0,-13.0848,72,34.7222,0.074323,17,0.2361,138200.78,13.8201,47.0588,0.8206,13.951,27,0.375,45992.9,4.5993,33.3333,0.192,5.185,28,0.3889,-14174.56,-1.4175,28.5714,-0.0261,-0.7295
d2d918cb,bear,s86|s17|s20,3,0.0437448883,0.0112186173,11.175,0.0,-16.4686,45,28.8889,0.073765,12,0.2667,26160.14,2.616,25.0,0.2522,3.0267,17,0.3778,135906.25,13.5906,35.2941,0.818,13.9065,16,0.3556,44107.42,4.4107,25.0,0.2522,4.0356
8dc45d4c,bear,s37|s98|s101,3,0.0341033423,0.0160445977,1.9637,0.0,-15.0973,81,37.037,0.073674,32,0.3951,132145.05,13.2145,40.625,0.4328,13.8496,18,0.2222,51192.54,5.1193,38.8889,0.3457,6.2233,31,0.3827,-3046.34,-0.3046,32.2581,0.0132,0.4097
9e9ff170,bull,s30|s14,2,0.0315401729,0.0194769589,-0.3999,0.0,-15.9159,47,42.5532,0.073614,18,0.383,50546.47,5.0546,44.4444,0.3197,5.7552,12,0.2553,70555.21,7.0555,50.0,0.6032,7.2379,17,0.3617,-26031.64,-2.6032,35.2941,-0.1471,-2.5006
9273a143,bull,s30|s75|s8,3,0.0748583612,0.0186084601,16.0168,0.0,-18.3034,41,26.8293,0.073509,7,0.1707,154193.68,15.4194,42.8571,2.1449,15.0141,15,0.3659,4687.1,0.4687,20.0,0.0085,0.1274,19,0.4634,92164.49,9.2164,26.3158,0.5988,11.3773
2417deae,bear,s37|s18,2,0.0389755872,0.0194757033,6.4206,0.0,-22.1658,121,38.0165,0.073235,35,0.2893,75615.41,7.5615,37.1429,0.2235,7.8217,26,0.2149,126609.86,12.661,42.3077,0.5254,13.6596,60,0.4959,82923.47,8.2923,36.6667,0.1956,11.7386
d0d27a5e,bear,s20|s50|s72,3,0.0790420446,0.014254481,22.2011,0.0,-16.4935,32,25.0,0.073167,7,0.2188,-106003.42,-10.6003,0.0,-1.4254,-9.9781,10,0.3125,138173.26,13.8173,30.0,1.3734,13.7345,15,0.4688,262611.27,26.2611,33.3333,1.6844,25.2665
dc3f5837,bull,s40|s3|s21,3,0.0260506873,0.0147751785,2.8501,0.0,-9.5441,32,43.75,0.072972,13,0.4062,-28472.26,-2.8472,30.7692,-0.2213,-2.8774,5,0.1562,3860.9,0.3861,40.0,0.1555,0.7776,14,0.4375,117087.83,11.7088,57.1429,0.8554,11.9754
c03cbdc1,bear,s18|s29|s27,3,0.0520736694,0.0180791638,13.8128,0.0,-24.9384,104,30.7692,0.072744,19,0.1827,163509.49,16.3509,36.8421,0.7767,14.7566,29,0.2788,-127829.63,-12.783,20.6897,-0.3565,-10.3379,56,0.5385,306373.51,30.6374,33.9286,0.5723,32.0471
9461cfd8,bull,s12|s10|s83,3,0.0204081433,0.0112108169,-3.8344,0.0,-9.357,48,39.5833,0.072328,17,0.3542,-3951.46,-0.3951,35.2941,-0.0051,-0.087,14,0.2917,62499.32,6.2499,50.0,0.4599,6.4381,17,0.3542,-3548.5,-0.3549,35.2941,-0.0051,-0.087
ec82590c,bear,s22|s37|s20|s18,4,0.0426442959,0.0179602997,5.3239,0.0,-18.3361,51,35.2941,0.07217,9,0.1765,71465.05,7.1465,44.4444,0.8975,8.0776,16,0.3137,66047.38,6.6047,37.5,0.4766,7.6263,26,0.5098,21473.88,2.1474,30.7692,0.0687,1.7869
2423b5e6,bear,s51|s90|s81,3,0.039453196,0.0146178957,12.3417,0.0,-8.5972,25,40.0,0.071788,15,0.6,48517.08,4.8517,33.3333,0.3406,5.1087,7,0.28,117570.11,11.757,57.1429,1.628,11.3959,3,0.12,11046.51,1.1047,33.3333,0.3406,1.0217
a24e8837,bear,s49|s25|s77,3,0.037726511,0.0182193511,1.934,0.0,-15.2909,48,37.5,0.071389,8,0.1667,-41674.62,-4.1675,25.0,-0.4233,-3.3863,18,0.375,61222.89,6.1223,38.8889,0.3537,6.3673,22,0.4583,100727.94,10.0728,40.9091,0.4668,10.2687
46159d90,bull,s30|s39|s75|s48|s1,5,0.0217722041,0.0108947596,-3.6062,0.0,-9.1522,53,37.7358,0.071326,18,0.3396,-2183.63,-0.2184,33.3333,-0.0006,-0.0104,20,0.3774,74350.81,7.4351,45.0,0.3805,7.6107,15,0.283,-1343.29,-0.1343,33.3333,-0.0006,-0.0087
99a0b2a6,bear,s28|s52,2,0.0612655914,0.0125303438,14.1743,0.0,-17.2548,47,23.4043,0.070637,16,0.3404,90421.84,9.0422,25.0,0.5919,9.4698,13,0.2766,-21873.19,-2.1873,15.3846,-0.1177,-1.5303,18,0.383,146739.03,14.6739,27.7778,0.7969,14.3433
63e690a8,bear,s31|s18|s27,3,0.0565772738,0.0152668789,17.1511,0.0,-25.6262,118,26.2712,0.070539,29,0.2458,137041.78,13.7042,27.5862,0.4552,13.2014,30,0.2542,31263.39,3.1263,23.3333,0.1497,4.4903,59,0.5,233302.68,23.3303,27.1186,0.4216,24.8761
62a3dcb4,bear,s72|s80|s27,3,0.0303633392,0.012091444,4.0808,0.0,-16.4929,119,34.4538,0.070206,30,0.2521,146526.65,14.6527,40.0,0.489,14.6714,40,0.3361,100485.04,10.0485,35.0,0.2768,11.0709,49,0.4118,42200.77,4.2201,30.6122,0.0905,4.4341
ed5ad4d5,bear,s81|s28|s52,3,0.0499877103,0.0118288169,11.5283,0.0,-16.9377,77,24.6753,0.069326,27,0.3506,105092.99,10.5093,25.9259,0.4198,11.3338,22,0.2857,47509.36,4.7509,22.7273,0.222,4.8849,28,0.3636,98198.1,9.8198,25.0,0.3625,10.1509
186f3bb3,bear,s56|s61|s72,3,0.0409961233,0.0136645864,6.9871,0.0,-16.9726,95,30.5263,0.06861,17,0.1789,99108.9,9.9109,35.2941,0.5627,9.5666,30,0.3158,72039.34,7.2039,30.0,0.2734,8.2009,48,0.5053,97358.24,9.7358,29.1667,0.2278,10.935
17ed9e90,bear,s18|s37|s26,3,0.0793590878,0.0112625386,20.3909,0.0,-21.3282,100,17.0,0.068579,34,0.34,45204.37,4.5204,14.7059,0.2064,7.0182,25,0.25,85824.38,8.5824,16.0,0.3237,8.0923,41,0.41,254943.11,25.4943,19.5122,0.642,26.3209
4e1d2641,bear,s13|s52|s71,3,0.0615991142,0.0182960917,13.6397,0.0,-13.8362,32,31.25,0.068352,7,0.2188,33840.21,3.384,28.5714,0.4531,3.1718,7,0.2188,37447.19,3.7447,28.5714,0.4531,3.1718,18,0.5625,131186.84,13.1187,33.3333,0.8336,15.0042
eb9cb424,bear,s61|s100|s13,3,0.0793107247,0.0147253109,21.0464,0.0,-17.6032,32,25.0,0.068081,8,0.25,68535.86,6.8536,25.0,0.8784,7.027,9,0.2812,-47256.65,-4.7257,11.1111,-0.4277,-3.8492,15,0.4688,258051.54,25.8052,33.3333,1.662,24.9301
0d020a0f,bear,s20|s52|s16|s18,4,0.0673079525,0.0093048591,15.6455,0.0,-16.4341,66,18.1818,0.067825,17,0.2576,136865.79,13.6866,23.5294,0.8722,14.8269,16,0.2424,165628.32,16.5628,25.0,0.9848,15.7574,33,0.5,-3664.03,-0.3664,12.1212,-0.0018,-0.0609
60b47f1a,bear,s29|s52|s25,3,0.067337515,0.0186905855,14.1513,0.0,-20.5436,42,28.5714,0.067778,8,0.1905,17008.18,1.7008,25.0,0.2816,2.2532,11,0.2619,135409.37,13.5409,36.3636,1.2592,13.8516,23,0.5476,80917.12,8.0917,26.087,0.3752,8.6285
15e7a68c,bull,s15|s10|s45|s38,4,0.0216968534,0.0094086856,5.524,0.0,-6.2135,25,44.0,0.067728,14,0.56,53511.76,5.3512,42.8571,0.3922,5.4912,5,0.2,78899.72,7.89,80.0,1.5476,7.7379,6,0.24,-26049.45,-2.6049,16.6667,-0.4224,-2.5347
2721bf63,bear,s16|s57,2,0.0328069485,0.016170191,4.718,0.0,-11.8923,32,40.625,0.067245,9,0.2812,151829.26,15.1829,66.6667,1.6481,14.8331,15,0.4688,-54097.61,-5.4098,26.6667,-0.311,-4.6644,8,0.25,15511.06,1.5511,37.5,0.2196,1.757
661b11bd,bear,s13|s17|s20,3,0.0595315818,0.0197295241,16.652,0.0,-21.696,32,34.375,0.066973,8,0.25,-11597.64,-1.1598,25.0,0.0086,0.0686,11,0.3438,35265.6,3.5266,27.2727,0.1887,2.0759,13,0.4062,205482.17,20.5482,46.1538,1.6853,21.9083
9e4989e3,bear,s28|s37,2,0.0780658136,0.0137451965,21.6314,0.0,-13.6605,27,25.9259,0.066594,14,0.5185,-25001.17,-2.5001,14.2857,-0.0629,-0.8811,5,0.1852,31095.56,3.1096,20.0,0.4617,2.3085,8,0.2963,268522.62,26.8523,50.0,3.216,25.7282
9c3f504f,bear,s28|s13|s101,3,0.0548905868,0.0151484656,14.4443,0.0,-15.8822,32,31.25,0.066484,10,0.3125,-19710.53,-1.9711,20.0,-0.1141,-1.1407,12,0.375,100823.22,10.0823,33.3333,0.8198,9.8375,10,0.3125,134151.51,13.4152,40.0,1.2867,12.8672
9b4abc14,bear,s80|s100|s61,3,0.0718580578,0.0136803999,12.9966,0.0,-14.9325,45,22.2222,0.06647,16,0.3556,28861.5,2.8861,18.75,0.2358,3.7729,13,0.2889,-102375.74,-10.2376,7.6923,-0.7101,-9.2307,16,0.3556,300366.35,30.0366,37.5,1.8397,29.4344
0bf544bf,bear,s52|s72|s80|s77,4,0.0324060704,0.0148719219,9.2232,0.0,-28.1569,108,37.963,0.066311,29,0.2685,197179.07,19.7179,44.8276,0.6322,18.3328,27,0.25,240056.79,24.0057,48.1481,0.7892,21.3072,52,0.4815,-87230.97,-8.7231,28.8462,-0.1234,-6.417
3960f750,bear,s89|s19|s99,3,0.0604861815,0.0160440281,17.7536,0.0,-10.9782,24,33.3333,0.066278,12,0.5,186705.1,18.6705,41.6667,1.5844,19.0123,3,0.125,118611.8,11.8612,66.6667,3.4976,10.4928,9,0.375,-75386.16,-7.5386,11.1111,-0.7541,-6.7866
9b1edb40,bear,s61|s67|s77|s98|s72,5,0.0701772098,0.0145932494,13.0035,0.0,-18.5328,52,23.0769,0.065646,13,0.25,-28155.88,-2.8156,15.3846,-0.1552,-2.0171,14,0.2692,24685.16,2.4685,21.4286,0.3572,5.0006,25,0.4808,246670.7,24.6671,28.0,0.9142,22.8562
d08cd33c,bear,s57|s77,2,0.0341943014,0.0138722653,6.2497,0.0,-8.7028,29,37.931,0.065356,7,0.2414,47543.06,4.7543,42.8571,0.6728,4.7094,14,0.4828,42129.32,4.2129,35.7143,0.3294,4.6121,8,0.2759,34202.34,3.4202,37.5,0.4153,3.3222
a6f71839,bear,s37|s85|s28,3,0.0633107865,0.0109945422,16.1565,0.0,-13.3433,35,22.8571,0.065217,15,0.4286,-26395.77,-2.6396,13.3333,-0.1087,-1.6307,9,0.2571,-26074.02,-2.6074,11.1111,-0.2738,-2.4646,11,0.3143,258796.3,25.8796,45.4545,2.2781,25.0587
93fb017a,bear,s86|s90|s80,3,0.0523751309,0.0122935724,13.0804,0.0,-12.0284,33,27.2727,0.064716,17,0.5152,48105.32,4.8105,23.5294,0.2923,4.9684,5,0.1515,68572.19,6.8572,40.0,1.3574,6.787,11,0.3333,58605.71,5.8606,27.2727,0.5343,5.8777
2d032888,bear,s16|s31|s27,3,0.0420991269,0.0198894831,4.478,0.0,-21.0326,48,37.5,0.064622,9,0.1875,5745.19,0.5745,33.3333,0.0773,0.696,14,0.2917,-37258.1,-3.7258,28.5714,-0.2178,-3.0498,25,0.5208,181221.89,18.1222,44.0,0.7386,18.4638
17334c4d,bull,s40|s41|s30|s54,4,0.0374020426,0.0187506565,10.0815,0.0,-9.9486,22,45.4545,0.064611,7,0.3182,-83776.91,-8.3777,14.2857,-1.0729,-7.5102,6,0.2727,167414.58,16.7415,83.3333,2.8043,16.826,9,0.4091,62095.39,6.2095,44.4444,0.6206,5.5855
0e6e7fb0,bear,s16|s20|s28,3,0.0305246647,0.0171592536,-0.5488,0.0,-18.3259,69,40.5797,0.064566,19,0.2754,50891.34,5.0891,42.1053,0.2918,5.5446,24,0.3478,-36580.47,-3.658,33.3333,-0.1265,-3.0351,26,0.3768,120272.04,12.0272,46.1538,0.4849,12.6066
5a5e19a0,bull,s24|s6,2,0.0242511989,0.0142629136,-0.3475,0.0,-9.3527,33,42.4242,0.064564,14,0.4242,-10024.52,-1.0025,35.7143,-0.0508,-0.711,7,0.2121,53259.48,5.3259,57.1429,0.7745,5.4216,12,0.3636,18745.77,1.8746,41.6667,0.1785,2.1416
40a20622,bear,s37|s72|s98|s31,4,0.0238782361,0.0150431264,-2.7,0.0,-12.1766,40,42.5,0.064136,7,0.175,47087.4,4.7087,57.1429,0.7198,5.0384,11,0.275,26613.5,2.6614,45.4545,0.2648,2.9132,22,0.55,-21509.7,-2.151,36.3636,-0.089,-1.9578
06a09328,bear,s90|s72|s20|s100|s31,5,0.0351614402,0.0092430515,4.1913,0.0,-8.6469,43,27.907,0.064109,10,0.2326,-3991.6,-0.3992,20.0,-0.0362,-0.3622,18,0.4186,54342.61,5.4343,27.7778,0.3092,5.5648,15,0.3488,81156.32,8.1156,33.3333,0.5558,8.3377
9f0f8640,bear,s29|s72|s27,3,0.0517590937,0.010995142,12.242,0.0,-18.1208,78,23.0769,0.063836,12,0.1538,125074.29,12.5074,33.3333,0.9923,11.9075,23,0.2949,122955.94,12.2956,26.087,0.5376,12.3637,43,0.5513,16106.88,1.6107,18.6047,0.068,2.9243
5c9ba04c,bear,s61|s31|s66,3,0.0503334199,0.0149119167,5.6337,0.0,-10.7927,42,28.5714,0.063732,9,0.2143,-7630.73,-0.7631,22.2222,-0.0413,-0.3717,9,0.2143,-5324.79,-0.5325,22.2222,-0.0413,-0.3717,24,0.5714,158756.7,15.8757,33.3333,0.6837,16.4077
572bf371,bear,s37|s13|s25|s80,4,0.029819124,0.0177014281,-2.3086,0.0,-13.8331,44,40.9091,0.063354,11,0.25,-53079.21,-5.3079,27.2727,-0.4741,-5.2154,15,0.3409,10740.89,1.0741,40.0,0.1307,1.9602,18,0.4091,108427.95,10.8428,50.0,0.6059,10.9059
4781496c,bull,s6|s38|s26,3,0.0372224061,0.0164928545,6.534,0.0,-10.5761,28,39.2857,0.062868,9,0.3214,-95648.97,-9.5649,11.1111,-1.0524,-9.472,10,0.3571,154220.74,15.4221,60.0,1.5736,15.7363,9,0.3214,64763.17,6.4763,44.4444,0.7381,6.6425
1a770d09,bear,s72|s37|s27,3,0.0567353225,0.0188058018,16.5538,0.0,-31.2034,100,30.0,0.062605,25,0.25,225425.97,22.5426,36.0,0.8389,20.9725,20,0.2,-3701.82,-0.3702,25.0,0.0079,0.159,55,0.55,142995.82,14.2996,29.0909,0.317,17.4339
168c59d3,bear,s62|s16|s56|s20|s101,5,0.035617328,0.0106666213,3.9985,0.0,-13.4547,76,28.9474,0.062472,21,0.2763,94357.8,9.4358,33.3333,0.4761,9.9989,27,0.3553,31792.15,3.1792,25.9259,0.1333,3.5989,28,0.3684,68779.7,6.878,28.5714,0.2557,7.1606
fe6ed20c,bear,s18|s22|s27,3,0.0546495284,0.0188494842,14.2034,0.0,-28.761,98,30.6122,0.062367,19,0.1939,17203.21,1.7203,26.3158,0.0492,0.9355,26,0.2653,-63949.49,-6.3949,23.0769,-0.1888,-4.9093,53,0.5408,368421.16,36.8421,35.8491,0.7499,39.7459
ef0e06d5,bear,s99|s37|s20|s25|s77,5,0.0375822334,0.0170780699,1.1042,0.0,-16.6571,67,35.8209,0.061908,16,0.2388,58039.08,5.8039,37.5,0.342,5.4713,20,0.2985,32886.29,3.2886,35.0,0.2053,4.1061,31,0.4627,60027.0,6.0027,35.4839,0.2318,7.1843
ec1d043a,bull,s46|s34|s74|s84,4,0.021381726,0.0101487225,-2.4433,0.0,-13.629,56,37.5,0.06184,15,0.2679,929.35,0.0929,33.3333,0.0361,0.5421,14,0.25,73375.08,7.3375,50.0,0.5617,7.8631,27,0.4821,10008.48,1.0008,33.3333,0.0361,0.9759
f6fc2007,bear,s20|s61|s17|s51,4,0.0213573328,0.0125668449,-3.4557,0.0,-8.1149,37,40.5405,0.061756,13,0.3514,-60003.44,-6.0003,23.0769,-0.4738,-6.1596,14,0.3784,24839.1,2.4839,42.8571,0.1972,2.7609,10,0.2703,72600.41,7.26,60.0,0.7788,7.7877
7b219a65,bear,s28|s18|s23,3,0.036869713,0.0165106388,1.9353,0.0,-18.3113,50,36.0,0.060807,20,0.4,86487.51,8.6488,40.0,0.4842,9.683,13,0.26,-107840.28,-10.784,15.3846,-0.8298,-10.7878,17,0.34,138788.84,13.8789,47.0588,0.861,14.6362
79f1abee,bear,s89|s85|s27,3,0.0600867446,0.01091033,17.5139,0.0,-11.2812,25,28.0,0.060106,9,0.36,119930.62,11.9931,33.3333,1.2755,11.4798,11,0.44,-62618.75,-6.2619,9.0909,-0.4456,-4.9017,5,0.2,174642.33,17.4642,60.0,3.1688,15.844
cfbd0ec0,bear,s37|s77|s99|s29|s90,5,0.0281736663,0.0181847514,-3.5707,0.0,-18.0642,63,42.8571,0.060096,24,0.381,112319.67,11.232,50.0,0.4994,11.9867,18,0.2857,36499.15,3.6499,44.4444,0.2419,4.3542,21,0.3333,-60775.66,-6.0776,33.3333,-0.2732,-5.7371
94febea0,bull,s65|s30|s1|s75,4,0.0408400429,0.0128857844,3.7891,0.0,-10.0548,40,30.0,0.059994,12,0.3,-56354.25,-5.6354,16.6667,-0.3931,-4.7178,12,0.3,59315.37,5.9315,33.3333,0.5023,6.0274,16,0.4,122223.94,12.2224,37.5,0.7261,11.6182
1703f4ef,bear,s76|s81|s101,3,0.0506795915,0.0128626867,13.399,0.0,-9.95,25,32.0,0.059873,9,0.36,7791.14,0.7791,22.2222,0.1258,1.132,9,0.36,203666.87,20.3667,55.5556,2.2439,20.1947,7,0.28,-26505.17,-2.6505,14.2857,-0.3785,-2.6497
264c222b,bear,s98|s31|s61|s16,4,0.0694917131,0.0189173978,20.0107,0.0,-11.9111,20,35.0,0.059724,5,0.25,-17045.74,-1.7046,20.0,-0.1236,-0.6178,7,0.35,44514.54,4.4515,28.5714,0.6342,4.4396,8,0.4,216696.16,21.6696,50.0,2.5287,20.2297
d48f2eca,bear,s101|s18|s16,3,0.0798738528,0.0171057409,17.151,0.0,-25.9834,70,22.8571,0.059225,18,0.2571,272487.73,27.2488,33.3333,1.5221,27.3974,20,0.2857,-73004.29,-7.3004,15.0,-0.2559,-5.1176,32,0.4571,136258.89,13.6259,21.875,0.4109,13.1473
0260c070,bear,s37|s77|s90,3,0.0483956915,0.0141163261,11.254,0.0,-22.9458,105,27.619,0.059036,35,0.3333,258583.51,25.8584,34.2857,0.7316,25.6073,21,0.2,65403.41,6.5403,28.5714,0.3744,7.8629,49,0.4667,-12385.6,-1.2386,22.449,-0.0083,-0.4068
a0a3d255,bear,s18|s23|s25|s62|s72,5,0.0316694945,0.0140074597,-2.1062,0.0,-12.3755,66,34.8485,0.058994,13,0.197,2679.06,0.2679,30.7692,0.0047,0.0611,22,0.3333,4566.91,0.4567,31.8182,0.0526,1.1575,31,0.4697,103410.41,10.341,38.7097,0.3674,11.3892
97637790,bear,s66|s37|s28,3,0.0728407846,0.0135811318,17.9495,0.0,-13.5741,27,25.9259,0.058781,14,0.5185,-31793.82,-3.1794,14.2857,-0.1235,-1.7292,5,0.1852,24476.26,2.4476,20.0,0.3703,1.8516,8,0.2963,244292.22,24.4292,50.0,2.963,23.7039
b399f41a,bear,s13|s18|s26,3,0.0334186783,0.0185690569,-3.5012,0.0,-14.1339,49,38.7755,0.058722,10,0.2041,-33843.87,-3.3844,30.0,-0.2973,-2.9727,15,0.3061,-21373.79,-2.1374,33.3333,-0.124,-1.8597,24,0.4898,113962.31,11.3962,45.8333,0.5259,12.6208
97912b57,bear,s31|s16|s90,3,0.0272770355,0.0160545141,-3.9672,0.0,-15.575,52,40.3846,0.05856,12,0.2308,19978.08,1.9978,41.6667,0.2,2.4004,17,0.3269,65194.49,6.5194,47.0588,0.4337,7.3726,23,0.4423,-23922.87,-2.3923,34.7826,-0.0983,-2.2601
fefefe6b,bear,s52|s76|s99|s28,4,0.0323816385,0.0140472084,11.633,0.0,-4.9669,16,50.0,0.058122,12,0.75,65039.08,6.5039,41.6667,0.5298,6.3578,1,0.0625,-15068.74,-1.5069,0.0,-1.4047,-1.4047,3,0.1875,99701.79,9.9702,100.0,3.2382,9.7145
8fe9280f,bear,s72|s101|s52|s66,4,0.0584375237,0.0199139084,7.4886,0.0,-13.9934,35,31.4286,0.057582,9,0.2571,125781.63,12.5782,44.4444,1.4909,13.4181,9,0.2571,58376.3,5.8376,33.3333,0.6203,5.5829,17,0.4857,-35350.21,-3.535,23.5294,-0.1478,-2.5131
37aa9247,bull,s47|s30|s3,3,0.0288181159,0.0179333214,-3.997,0.0,-15.1449,46,41.3043,0.057491,16,0.3478,36784.56,3.6785,43.75,0.252,4.0327,10,0.2174,-42367.78,-4.2368,30.0,-0.3908,-3.9079,20,0.4348,59496.8,5.9497,45.0,0.3105,6.2097
21494546,bear,s17|s31|s52|s29|s101,5,0.0335301321,0.0166856287,-2.6662,0.0,-14.2055,57,36.8421,0.057245,13,0.2281,32770.29,3.277,38.4615,0.2628,3.4166,12,0.2105,-3189.25,-0.3189,33.3333,0.0053,0.0635,32,0.5614,61173.28,6.1173,37.5,0.2145,6.8649
654b01c0,bear,s31|s16,2,0.0584319389,0.0190120375,11.838,0.0,-13.8217,27,33.3333,0.057179,7,0.2593,18300.93,1.8301,28.5714,0.3115,2.1804,7,0.2593,21228.33,2.1228,28.5714,0.3115,2.1804,13,0.4815,137003.16,13.7003,38.4615,1.0774,14.0063
9aeedb84,bull,s45|s35|s65|s30,4,0.0286176664,0.0187927323,-1.5583,0.0,-17.0853,39,43.5897,0.057158,15,0.3846,-1514.6,-0.1515,40.0,0.0171,0.2571,10,0.2564,99235.03,9.9235,60.0,0.9654,9.6535,14,0.359,-29994.95,-2.9995,35.7143,-0.186,-2.6046
b043a73f,bear,s81|s90|s26,3,0.0736449878,0.0164699115,25.7058,0.0,-12.2846,16,37.5,0.05711,6,0.375,183794.77,18.3795,50.0,2.8588,17.1525,6,0.375,78421.24,7.8421,33.3333,1.3568,8.141,4,0.25,30237.88,3.0238,25.0,0.6059,2.4235
85ced639,bear,s49|s90|s99,3,0.030594395,0.016061624,1.2086,0.0,-14.6261,35,40.0,0.056669,16,0.4571,107435.45,10.7435,50.0,0.7266,11.6262,7,0.2,-21035.92,-2.1036,28.5714,-0.2731,-1.9119,12,0.3429,-6745.01,-0.6745,33.3333,-0.051,-0.6115
1746fd14,bear,s31|s50|s101,3,0.0784289145,0.0195263098,10.1987,0.0,-12.4037,35,25.7143,0.056509,14,0.4,-3828.14,-0.3828,21.4286,0.1464,2.0497,6,0.1714,80349.01,8.0349,33.3333,1.3125,7.8753,15,0.4286,100511.75,10.0512,26.6667,0.6595,9.8926
ce54571e,bull,s74|s42|s24|s47|s92,5,0.037582302,0.011907855,5.6812,0.0,-14.3794,38,31.5789,0.056486,12,0.3158,49794.08,4.9794,33.3333,0.4589,5.5066,10,0.2632,130244.67,13.0245,50.0,1.2837,12.8372,16,0.4211,-44915.03,-4.4915,18.75,-0.2628,-4.2055
8172006e,bull,s30|s34|s26,3,0.0796462632,0.0190919023,16.2626,0.0,-25.3006,44,25.0,0.056451,7,0.1591,164147.18,16.4147,42.8571,2.3224,16.2571,13,0.2955,53101.38,5.3101,23.0769,0.3694,4.802,24,0.5455,1027.5,0.1027,20.8333,0.1479,3.5485
fb426c13,bull,s30|s84|s6,3,0.041708725,0.009166907,4.5918,0.0,-11.1363,63,23.8095,0.056387,21,0.3333,52936.31,5.2936,23.8095,0.2946,6.1873,18,0.2857,-12335.71,-1.2336,16.6667,-0.0688,-1.2377,24,0.381,134413.78,13.4414,29.1667,0.5672,13.6124
dafa0926,bear,s37|s81|s98,3,0.0429286172,0.014128178,7.0792,0.0,-8.0137,27,33.3333,0.056309,12,0.4444,-54747.11,-5.4747,16.6667,-0.4619,-5.5425,7,0.2593,123596.22,12.3596,57.1429,1.8476,12.933,8,0.2963,55548.63,5.5549,37.5,0.7268,5.8145
3e451792,bull,s42|s75|s40|s60,4,0.0500583613,0.0105598858,10.2095,0.0,-9.0098,30,26.6667,0.056285,8,0.2667,34545.16,3.4545,25.0,0.4595,3.6757,8,0.2667,98564.15,9.8564,37.5,1.2172,9.7376,14,0.4667,30915.72,3.0916,21.4286,0.243,3.4016
83512251,bear,s29|s13|s85|s16|s18,5,0.0370857803,0.0137145268,2.0931,0.0,-11.9,40,32.5,0.056138,7,0.175,756.1,0.0756,28.5714,0.08,0.5599,18,0.45,54555.68,5.4556,33.3333,0.3219,5.794,15,0.375,47100.7,4.7101,33.3333,0.3219,4.8284
e1aaa979,bear,s80|s72|s49,3,0.0223566845,0.0115646844,-4.0217,0.0,-14.117,55,38.1818,0.056108,17,0.3091,-28113.94,-2.8114,29.4118,-0.1588,-2.6993,17,0.3091,4024.07,0.4024,35.2941,0.0408,0.6929,21,0.3818,97053.08,9.7053,47.619,0.4588,9.6355
ac4521f3,bear,s90|s85|s20,3,0.042041707,0.0172353416,10.6161,0.0,-12.7109,22,40.9091,0.055906,8,0.3636,99056.9,9.9057,50.0,1.2403,9.9225,10,0.4545,70128.13,7.0128,40.0,0.6475,6.4755,4,0.1818,-14413.62,-1.4414,25.0,-0.2416,-0.9664
70b20341,bear,s16|s13|s66,3,0.0408831528,0.0167345402,6.2193,0.0,-13.9045,30,36.6667,0.055898,4,0.1333,-68970.71,-6.8971,0.0,-1.6735,-6.6938,14,0.4667,-5294.15,-0.5294,28.5714,-0.0272,-0.3813,12,0.4,196125.46,19.6125,58.3333,1.6876,20.2509
bd889b60,bear,s56|s77|s67,3,0.0237231557,0.0137753214,-4.8837,0.0,-15.4757,69,40.5797,0.055777,13,0.1884,45952.14,4.5952,46.1538,0.3532,4.5912,22,0.3188,-44842.29,-4.4842,31.8182,-0.1844,-4.0568,34,0.4928,81250.26,8.125,44.1176,0.2768,9.4116
e2ed217b,bear,s101|s56|s90,3,0.0602614532,0.0128732437,9.2657,0.0,-16.8483,61,22.9508,0.05537,17,0.2787,143213.98,14.3214,29.4118,0.8637,14.6828,22,0.3607,-313.81,-0.0314,18.1818,0.0424,0.9327,22,0.3607,82763.36,8.2763,22.7273,0.3748,8.2462
13c12628,bear,s20|s17|s66,3,0.0329501465,0.0188262966,4.1531,0.0,-12.6416,25,44.0,0.055344,8,0.32,53275.57,5.3276,50.0,0.7062,5.6495,9,0.36,33461.46,3.3461,44.4444,0.4185,3.7669,8,0.32,4524.76,0.4525,37.5,0.059,0.4719
7299745f,bear,s72|s61|s27,3,0.0715074193,0.0094817305,19.1832,0.0,-23.6402,103,16.5049,0.055327,23,0.2233,121384.84,12.1385,17.3913,0.4603,10.5877,29,0.2816,116001.68,11.6002,17.2414,0.4482,12.9976,51,0.4951,165718.54,16.5719,15.6863,0.3222,16.4345
b1b1d587,bear,s90|s99|s56,3,0.0790012659,0.0183994106,21.8712,0.0,-11.6224,18,33.3333,0.054942,6,0.3333,197498.14,19.7498,50.0,3.0301,18.1806,3,0.1667,37335.27,3.7335,33.3333,1.4067,4.2202,9,0.5,26716.02,2.6716,22.2222,0.3245,2.9207
0bfac741,bull,s2|s78|s47|s69,4,0.0236101513,0.0118713159,5.6154,0.0,-6.7337,18,50.0,0.054814,5,0.2778,82150.4,8.215,80.0,1.6514,8.2569,6,0.3333,72013.67,7.2014,66.6667,1.1783,7.0698,7,0.3889,-48602.44,-4.8602,14.2857,-0.6803,-4.7618
d8120226,bear,s18|s20,2,0.0257362987,0.014606226,-3.2357,0.0,-17.989,74,40.5405,0.054712,22,0.2973,35979.71,3.598,40.9091,0.1898,4.1746,26,0.3514,-20593.0,-2.0593,34.6154,-0.0642,-1.6679,26,0.3514,97319.89,9.732,46.1538,0.4013,10.4348
60e7dee2,bear,s57|s98|s16,3,0.0520002745,0.0142992365,9.9188,0.0,-9.0823,26,30.7692,0.054463,9,0.3462,68285.65,6.8286,33.3333,0.7801,7.0205,10,0.3846,54410.71,5.4411,30.0,0.5591,5.5906,7,0.2692,29029.8,2.903,28.5714,0.4643,3.2504
fd6eecf0,bear,s77|s90|s20|s101,4,0.0443344894,0.0197699318,3.0762,0.0,-16.7833,39,35.8974,0.054325,10,0.2564,56717.3,5.6717,40.0,0.5872,5.8718,16,0.4103,64952.26,6.4952,37.5,0.4269,6.8308,13,0.3333,-4950.9,-0.4951,30.7692,-0.0045,-0.0591
8e14b1ca,bear,s51|s101|s90|s37,4,0.0270775418,0.0117008748,-1.456,0.0,-11.923,43,34.8837,0.05423,17,0.3953,-5982.92,-0.5983,29.4118,-0.0295,-0.5023,17,0.3953,65187.68,6.5188,41.1765,0.4267,7.2534,9,0.2093,10137.37,1.0137,33.3333,0.1225,1.1027
1febac7a,bear,s99|s20|s26,3,0.0193938357,0.009990038,4.7778,0.0,-6.497,18,50.0,0.053863,8,0.4444,-22105.84,-2.2106,25.0,-0.2644,-2.1153,5,0.2778,68852.63,6.8853,80.0,1.3517,6.7585,5,0.2778,38231.72,3.8232,60.0,0.764,3.8201
8d7eb7cf,bear,s20|s77|s97,3,0.047472451,0.0127963386,7.4486,0.0,-15.1632,39,28.2051,0.053758,8,0.2051,77332.77,7.7333,37.5,0.9804,7.8436,16,0.4103,32440.77,3.2441,25.0,0.2271,3.6334,15,0.3846,49929.24,4.9929,26.6667,0.3275,4.913
08db894d,bear,s72|s20|s26,3,0.0760218278,0.0144025282,17.1031,0.0,-19.9472,33,24.2424,0.053657,5,0.1515,-76851.63,-7.6852,0.0,-1.4403,-7.2013,13,0.3939,76725.53,7.6726,23.0769,0.6465,8.404,15,0.4545,245438.36,24.5438,33.3333,1.5739,23.6084
64eff361,bull,s58|s30|s83|s75,4,0.0310943999,0.0099667569,5.4748,0.0,-7.645,26,34.6154,0.053461,4,0.1538,41119.61,4.112,50.0,1.0564,4.2255,11,0.4231,55118.05,5.5118,36.3636,0.4965,5.461,11,0.4231,12918.27,1.2918,27.2727,0.1232,1.3549
27784114,bear,s25|s76|s20|s13,4,0.0517302417,0.0168733163,11.9562,0.0,-16.3801,26,34.6154,0.053316,5,0.1923,-87089.02,-8.7089,0.0,-1.6873,-8.4367,10,0.3846,-27062.88,-2.7063,20.0,-0.3153,-3.1526,11,0.4231,286526.75,28.6527,63.6364,2.6783,29.4618
e25654af,bear,s29|s77|s27,3,0.0408588369,0.0156857606,5.0928,0.0,-21.7311,98,32.6531,0.053137,22,0.2245,210996.32,21.0996,45.4545,1.0016,22.0359,24,0.2449,19228.06,1.9228,29.1667,0.0806,1.9354,52,0.5306,19379.79,1.938,28.8462,0.0625,3.2509
e087d1a9,bear,s80|s56|s77|s37|s49,5,0.0513293703,0.0160417484,5.039,0.0,-17.605,56,28.5714,0.053055,14,0.25,34284.48,3.4284,28.5714,0.3207,4.49,15,0.2679,-45198.92,-4.5199,20.0,-0.2568,-3.8513,27,0.4821,172135.1,17.2135,33.3333,0.6415,17.3213
9d112767,bear,s37|s57|s26,3,0.0521741346,0.0148951917,10.5028,0.0,-14.6213,29,31.0345,0.052925,9,0.3103,58489.49,5.8489,33.3333,0.7461,6.7151,10,0.3448,121541.73,12.1542,40.0,1.1933,11.9325,10,0.3448,-14869.53,-1.487,20.0,-0.1481,-1.4813
a2bb1b3c,bull,s42|s75|s95,3,0.0593563041,0.01675999,8.9973,0.0,-9.1271,27,29.6296,0.052648,9,0.3333,72948.15,7.2948,33.3333,0.8612,7.7509,7,0.2593,117142.13,11.7142,42.8571,1.5861,11.1029,11,0.4074,-41547.9,-4.1548,18.1818,-0.2921,-3.2127
a3f17e7c,bear,s90|s20|s57|s16|s98,5,0.022406823,0.0082013801,-1.4646,0.0,-11.6286,46,32.6087,0.052515,15,0.3261,1654.92,0.1655,26.6667,-0.0039,-0.0588,18,0.3913,125133.0,12.5133,50.0,0.7103,12.7849,13,0.2826,-48172.99,-4.8173,15.3846,-0.3492,-4.5402
2533b5fd,bull,s63|s59|s74|s34|s78,5,0.0449295587,0.0088844756,11.3976,0.0,-7.904,24,29.1667,0.052502,8,0.3333,-18747.24,-1.8747,12.5,-0.2158,-1.7262,5,0.2083,173555.81,17.3556,80.0,3.4167,17.0834,11,0.4583,8600.81,0.8601,18.1818,0.09,0.9899
cc1a6484,bear,s13|s99|s19,3,0.0313394497,0.0131428538,-2.9833,0.0,-11.9042,57,33.3333,0.052354,10,0.1754,46556.42,4.6556,40.0,0.465,4.6501,24,0.4211,-52769.68,-5.277,25.0,-0.2022,-4.8535,23,0.4035,89544.56,8.9545,39.1304,0.4263,9.8055
9ec84cd4,bear,s22|s85|s27,3,0.0784144586,0.0174520828,15.2887,0.0,-13.9702,26,26.9231,0.052007,5,0.1923,1389.63,0.139,20.0,0.1721,0.8606,8,0.3077,-153642.28,-15.3642,0.0,-1.7452,-13.9617,13,0.5,361274.41,36.1274,46.1538,2.6794,34.8322
78cedb74,bear,s77|s90|s99|s23,4,0.0285921466,0.0127214849,4.0845,0.0,-10.7877,25,40.0,0.051987,11,0.44,146058.51,14.6059,63.6364,1.3569,14.9259,7,0.28,-7833.25,-0.7833,28.5714,-0.0918,-0.6423,7,0.28,-47766.2,-4.7766,14.2857,-0.682,-4.7737
95602dd8,bull,s30|s3|s73|s9,4,0.0275949239,0.0177575432,1.3293,0.0,-8.0269,22,45.4545,0.051744,10,0.4545,47944.0,4.7944,50.0,0.4919,4.9187,2,0.0909,-37940.16,-3.794,0.0,-1.7758,-3.5515,10,0.4545,49261.86,4.9262,50.0,0.4919,4.9187
3a39b339,bear,s90|s16|s20,3,0.0262787786,0.0167334755,-5.4039,0.0,-17.8669,71,42.2535,0.051544,19,0.2676,21699.27,2.1699,42.1053,0.1377,2.6162,25,0.3521,8863.88,0.8864,40.0,0.0471,1.1786,27,0.3803,55390.49,5.539,44.4444,0.2383,6.4343
e6cee7e8,bull,s95|s82|s75,3,0.0441029709,0.0097586792,3.4346,0.0,-7.9627,42,23.8095,0.051474,11,0.2619,-546.82,-0.0547,18.1818,0.0034,0.0378,10,0.2381,7392.52,0.7393,20.0,0.1014,1.0137,21,0.5,114121.19,11.4121,28.5714,0.563,11.8238
d63ac2a3,bear,s20|s49|s13|s67|s19,5,0.0389911907,0.0160516939,5.5069,0.0,-12.6254,27,37.037,0.051442,4,0.1481,-65932.01,-6.5932,0.0,-1.6052,-6.4207,13,0.4815,9762.63,0.9763,30.7692,0.0885,1.15,10,0.3704,165211.75,16.5212,60.0,1.6974,16.974
55a48564,bear,s89|s62|s37,3,0.0401067132,0.0199655463,-0.2374,0.0,-12.3738,35,37.1429,0.05135,14,0.4,79666.14,7.9666,42.8571,0.578,8.0916,9,0.2571,-62781.94,-6.2782,22.2222,-0.6616,-5.9545,12,0.3429,54114.53,5.4115,41.6667,0.5065,6.0775
7ee68748,bear,s20|s22|s86,3,0.0431883473,0.0134205065,5.053,0.0,-15.5009,40,30.0,0.050967,12,0.3,7327.89,0.7328,25.0,0.0732,0.878,13,0.325,-64982.24,-6.4982,15.3846,-0.4711,-6.1249,15,0.375,191653.57,19.1654,46.6667,1.2997,19.4954
81cceaa3,bear,s18|s72,2,0.0680451578,0.0156751113,17.459,0.0,-30.3046,75,24.0,0.050922,10,0.1333,203071.17,20.3071,40.0,1.7813,17.813,19,0.2533,200097.91,20.0098,31.5789,1.0763,20.4494,46,0.6133,-75566.28,-7.5566,17.3913,-0.1115,-5.1293
ab348aaa,bear,s80|s20,2,0.027525565,0.0153607612,-2.4348,0.0,-13.9284,38,39.4737,0.050841,12,0.3158,-15287.78,-1.5288,33.3333,-0.1065,-1.2784,13,0.3421,-33926.57,-3.3927,30.7692,-0.2165,-2.8145,13,0.3421,101137.52,10.1138,53.8462,0.7732,10.0514
ce028db8,bear,s57|s90|s26,3,0.0342380179,0.0195651274,11.977,0.0,-4.3602,12,58.3333,0.050359,5,0.4167,7277.33,0.7277,40.0,0.1956,0.9781,3,0.25,49696.05,4.9696,66.6667,1.6304,4.8911,4,0.3333,88340.25,8.834,75.0,2.0787,8.3149
98a6152c,bull,s15|s35|s33|s95,4,0.0195924546,0.0113837464,-7.6831,0.0,-12.35,61,39.3443,0.050251,29,0.4754,37350.96,3.7351,41.3793,0.1434,4.1586,13,0.2131,34229.1,3.4229,46.1538,0.2913,3.7869,19,0.3115,-29165.88,-2.9166,31.5789,-0.1602,-3.0434
75f9d934,bull,s15|s38|s47|s34,4,0.0296561838,0.0107466665,2.772,0.0,-6.2018,26,34.6154,0.050091,13,0.5,-21474.8,-2.1475,23.0769,-0.1423,-1.8498,7,0.2692,86453.94,8.6454,57.1429,1.2341,8.6385,6,0.2308,15355.05,1.5355,33.3333,0.2721,1.6326
8955a77b,bear,s29|s80|s61,3,0.0507365735,0.0180334399,5.4632,0.0,-22.0276,51,31.3725,0.049887,12,0.2353,-8753.91,-0.8754,25.0,-0.0841,-1.0091,13,0.2549,-36450.89,-3.6451,23.0769,-0.2163,-2.8125,26,0.5098,209347.18,20.9347,38.4615,0.8417,21.8831
6845c115,bull,s54|s30|s15|s33|s12,5,0.0435123373,0.0139250906,2.2695,0.0,-12.0308,41,29.2683,0.049848,16,0.3902,-3207.6,-0.3208,25.0,0.0434,0.6948,10,0.2439,93320.43,9.332,40.0,0.905,9.0499,15,0.3659,17250.21,1.725,26.6667,0.1392,2.0873
4808e652,bear,s18|s20|s66|s23|s31,5,0.0529015223,0.0178046775,10.206,0.0,-12.3647,23,34.7826,0.049716,6,0.2609,-35390.04,-3.539,16.6667,-0.602,-3.6122,7,0.3043,15676.62,1.5677,28.5714,0.2397,1.678,10,0.4348,169959.38,16.9959,50.0,1.7548,17.5484
6004fe3a,bear,s81|s90|s28|s51,4,0.0460476289,0.0107954795,15.345,0.0,-5.3282,15,40.0,0.049619,8,0.5333,86400.2,8.64,37.5,1.0521,8.4165,6,0.4,112078.62,11.2079,50.0,1.7626,10.5756,1,0.0667,-11808.51,-1.1809,0.0,-1.0795,-1.0795
42a19a93,bear,s13|s80|s85|s25|s66,5,0.0332302732,0.0170065541,3.9687,0.0,-12.5683,24,41.6667,0.049522,4,0.1667,-68592.48,-6.8592,0.0,-1.7007,-6.8026,9,0.375,37881.81,3.7882,44.4444,0.5321,4.7888,11,0.4583,120424.54,12.0425,54.5455,1.0395,11.4349
7d6c298a,bear,s99|s90|s62,3,0.027649324,0.0160409197,-2.0352,0.0,-15.6973,37,40.5405,0.049128,17,0.4595,70762.37,7.0762,47.0588,0.4519,7.6826,7,0.1892,-26462.62,-2.6463,28.5714,-0.3558,-2.4906,13,0.3514,7853.58,0.7854,38.4615,0.0763,0.9919
861c7ea3,bear,s61|s57|s80,3,0.0375671296,0.0186562733,-1.052,0.0,-19.3454,54,37.037,0.048867,12,0.2222,606.11,0.0606,33.3333,0.0085,0.1018,16,0.2963,24165.17,2.4165,37.5,0.2428,3.884,26,0.4815,73712.62,7.3713,38.4615,0.2968,7.7171
85b1f1ba,bull,s78|s45|s24,3,0.0388881961,0.0083727048,7.3197,0.0,-9.3164,29,27.5862,0.048771,13,0.4483,-20228.26,-2.0228,15.3846,-0.1102,-1.4323,4,0.1379,112999.17,11.2999,75.0,2.7073,10.8292,12,0.4138,41517.53,4.1518,25.0,0.3443,4.131
6bb82590,bull,s40|s96,2,0.0264045559,0.0134604012,-0.8979,0.0,-9.0959,28,39.2857,0.048708,9,0.3214,-41116.2,-4.1116,22.2222,-0.4602,-4.1414,6,0.2143,33550.07,3.355,50.0,0.6472,3.8832,13,0.4643,62794.69,6.2795,46.1538,0.4939,6.4205
0644d46b,bear,s62|s28|s99,3,0.0234838603,0.0143000102,1.0626,0.0,-5.9086,20,45.0,0.04861,13,0.65,57.39,0.0057,38.4615,0.0232,0.3019,1,0.05,-14634.63,-1.4635,0.0,-1.43,-1.43,6,0.3,65357.47,6.5357,66.6667,1.0889,6.5335
4239575b,bear,s25|s77|s16|s67|s20,5,0.05620405,0.0139663188,6.7892,0.0,-15.8455,43,25.5814,0.048473,10,0.2326,67385.38,6.7385,30.0,0.7085,7.0848,14,0.3256,11678.76,1.1679,21.4286,0.107,1.4983,19,0.4419,80919.86,8.092,26.3158,0.45,8.5492
fd95ad2c,bear,s81|s18|s72|s29,4,0.0647834525,0.0144308832,11.8482,0.0,-20.6986,40,25.0,0.048238,9,0.225,109345.44,10.9345,33.3333,1.1974,10.7765,12,0.3,148388.3,14.8388,33.3333,1.1974,14.3687,19,0.475,-51406.84,-5.1407,15.7895,-0.1923,-3.6544
64e46957,bear,s16|s31|s26,3,0.0290605531,0.0120937995,-0.9302,0.0,-13.3306,41,34.1463,0.048156,10,0.2439,41911.12,4.1911,40.0,0.4368,4.3679,13,0.3171,-33550.89,-3.3551,23.0769,-0.2597,-3.3756,18,0.439,61236.04,6.1236,38.8889,0.3911,7.0392
416f215e,bear,s72|s57,2,0.0311097443,0.008877268,0.9526,0.0,-8.9565,39,28.2051,0.048014,11,0.2821,60485.71,6.0486,36.3636,0.5663,6.2298,16,0.4103,53614.42,5.3614,31.25,0.3619,5.7899,12,0.3077,-26498.22,-2.6498,16.6667,-0.2213,-2.6553
16694448,bull,s73|s43|s30|s91,4,0.055268432,0.015420619,8.3569,0.0,-14.3953,31,29.0323,0.04795,9,0.2903,2246.67,0.2247,22.2222,0.0288,0.2593,7,0.2258,106171.83,10.6172,42.8571,1.4875,10.4123,15,0.4839,36504.26,3.6504,26.6667,0.343,5.1447
b22727fa,bear,s77|s18|s23,3,0.07791372,0.018391214,15.4965,0.0,-28.8173,58,24.1379,0.047948,13,0.2241,142494.76,14.2495,30.7692,1.1241,14.6134,13,0.2241,-71349.85,-7.135,15.3846,-0.3575,-4.6476,32,0.5517,194299.38,19.4299,25.0,0.5685,18.1921
5fb8216c,bear,s18|s52|s23,3,0.0363194657,0.0157444089,6.2629,0.0,-27.6364,173,35.2601,0.047923,43,0.2486,93511.12,9.3511,34.8837,0.2417,10.3949,42,0.2428,63093.26,6.3093,33.3333,0.161,6.7629,88,0.5087,273096.97,27.3097,36.3636,0.3188,28.0536
b13b973c,bear,s80|s28|s27,3,0.0686012449,0.0088753779,15.4689,0.0,-21.4011,72,16.6667,0.047672,22,0.3056,107917.27,10.7917,18.1818,0.5211,11.4648,22,0.3056,-120704.39,-12.0704,4.5455,-0.5354,-11.7782,28,0.3889,286978.64,28.6979,25.0,1.0494,29.3826
f7c31bfb,bull,s40|s78|s14|s96,4,0.0281606926,0.014588652,-4.8035,0.0,-9.5322,38,36.8421,0.047664,13,0.3421,-61814.99,-6.1815,23.0769,-0.4723,-6.1404,3,0.0789,38189.11,3.8189,66.6667,1.3911,4.1733,22,0.5789,59885.9,5.9886,40.9091,0.29,6.3794
5f882fd9,bull,s75|s32,2,0.0259878477,0.0154375522,-0.3149,0.0,-11.5002,26,42.3077,0.047405,4,0.1538,20156.26,2.0156,50.0,0.5275,2.1101,8,0.3077,42312.77,4.2313,50.0,0.5275,4.2201,14,0.5385,-11085.04,-1.1085,35.7143,-0.0643,-0.8999
3094b597,bull,s6|s53,2,0.0334354733,0.0083819791,5.041,0.0,-7.1001,27,29.6296,0.047386,7,0.2593,-20037.78,-2.0038,14.2857,-0.2408,-1.6856,6,0.2222,76783.77,7.6784,50.0,1.2527,7.516,14,0.5185,50402.82,5.0403,28.5714,0.3566,4.9922
8c2d3bc2,bull,s75|s65,2,0.0298082933,0.0113147017,2.034,0.0,-12.4153,32,34.375,0.04737,6,0.1875,13201.12,1.3201,33.3333,0.2393,1.4358,12,0.375,111811.63,11.1812,50.0,0.9247,11.0962,14,0.4375,-38690.83,-3.8691,21.4286,-0.2503,-3.5037
7925f560,bear,s52|s56|s100,3,0.0549260544,0.0094654932,11.6676,0.0,-20.2827,78,20.5128,0.047361,19,0.2436,131188.9,13.1189,26.3158,0.748,14.2113,20,0.2564,-4208.56,-0.4209,15.0,0.0193,0.3865,39,0.5,149371.09,14.9371,20.5128,0.3743,14.5978
ec9c8094,bear,s72|s18|s56|s51,4,0.0556303307,0.0159918002,6.1547,0.0,-19.9289,51,27.451,0.047185,14,0.2745,124879.12,12.4879,35.7143,0.9588,13.4225,12,0.2353,-52355.78,-5.2356,16.6667,-0.4055,-4.8657,25,0.4902,89643.32,8.9643,28.0,0.4062,10.156
f52b9a62,bull,s38|s70|s92|s5,4,0.0473080612,0.017697595,4.1434,0.0,-9.7341,27,33.3333,0.04718,8,0.2963,-78098.99,-7.8099,12.5,-0.9572,-7.6575,9,0.3333,161334.18,16.1334,55.5556,1.8417,16.575,10,0.3704,14466.36,1.4466,30.0,0.1804,1.8041
5f6e8261,bear,s31|s20,2,0.0558805744,0.0093436732,11.5798,0.0,-7.6847,24,25.0,0.047167,6,0.25,10565.52,1.0566,16.6667,0.1527,0.9162,8,0.3333,55306.64,5.5307,25.0,0.6962,5.5699,10,0.4167,100684.67,10.0685,30.0,1.0224,10.2236
203164d6,bull,s21|s39,2,0.023229793,0.0145852265,0.5071,0.0,-6.4222,20,45.0,0.047105,11,0.55,26603.51,2.6604,45.4545,0.2603,2.8638,2,0.1,8259.67,0.826,50.0,0.4322,0.8645,7,0.35,9977.46,0.9977,42.8571,0.1621,1.1348
4530184a,bear,s67|s89|s18|s52,4,0.036966895,0.0175002599,-0.1051,0.0,-12.4689,33,36.3636,0.047034,15,0.4545,122191.73,12.2192,46.6667,0.7918,11.8766,10,0.303,-71295.73,-7.1296,20.0,-0.6607,-6.6068,8,0.2424,18184.46,1.8184,37.5,0.2925,2.3399
3cd24cbb,bear,s61|s20|s89,3,0.0319467238,0.0193993899,-5.5123,0.0,-17.3468,57,40.3509,0.046963,11,0.193,42550.55,4.2551,45.4545,0.394,4.3337,21,0.3684,-101376.47,-10.1376,28.5714,-0.4729,-9.9311,25,0.4386,110282.16,11.0282,48.0,0.5247,13.1169
fa1a3263,bear,s23|s20|s56,3,0.0297022993,0.0106790086,-2.1809,0.0,-12.2563,52,30.7692,0.046815,14,0.2692,11656.25,1.1656,28.5714,0.0859,1.2019,17,0.3269,15105.05,1.5105,29.4118,0.1198,2.0363,21,0.4038,55487.63,5.5488,33.3333,0.2781,5.841
855f429d,bull,s94|s54|s21|s1|s33,5,0.0739850626,0.0166816509,9.5669,0.0,-13.382,32,25.0,0.046798,10,0.3125,8361.63,0.8362,20.0,0.1452,1.4517,10,0.3125,108357.16,10.8357,30.0,1.0518,10.5184,12,0.375,62586.24,6.2586,25.0,0.5985,7.182
e3381106,bear,s77|s52|s25,3,0.0631922902,0.0135738401,13.6171,0.0,-24.9455,94,22.3404,0.046653,26,0.2766,20362.48,2.0362,19.2308,0.1189,3.0911,16,0.1702,231395.95,23.1396,37.5,1.5213,24.3415,52,0.5532,73865.98,7.3866,19.2308,0.1189,6.1822
5d4bb17f,bear,s81|s28|s50,3,0.0539327266,0.0113726234,13.7458,0.0,-8.9923,19,31.5789,0.046642,9,0.4737,24667.11,2.4667,22.2222,0.314,2.8257,8,0.4211,178623.92,17.8624,50.0,2.128,17.024,2,0.1053,-25080.64,-2.5081,0.0,-1.1373,-2.2745
8c74fc4d,bear,s86|s99|s16|s52|s100,5,0.0597114004,0.0172813954,5.8897,0.0,-11.6883,32,28.125,0.046636,14,0.4375,139915.65,13.9916,35.7143,1.0216,14.3024,3,0.0938,-54662.15,-5.4662,0.0,-1.7281,-5.1844,15,0.4688,41091.14,4.1091,26.6667,0.325,4.875
97d37f09,bear,s56|s29|s25|s80|s37,5,0.067963276,0.0122796475,10.5578,0.0,-17.0512,42,21.4286,0.046505,10,0.2381,30909.73,3.091,20.0,0.3769,3.7689,11,0.2619,23481.0,2.3481,18.1818,0.231,2.541,21,0.5,141370.44,14.137,23.8095,0.6826,14.3342
d23697b2,bear,s71|s101|s26,3,0.045283086,0.0099399509,11.6423,0.0,-5.929,18,33.3333,0.046362,6,0.3333,166031.24,16.6031,66.6667,2.6875,16.1252,4,0.2222,16997.3,1.6997,25.0,0.3866,1.5463,8,0.4444,-27810.32,-2.781,12.5,-0.3037,-2.4297
67e98809,bear,s97|s37|s27,3,0.0347601709,0.0194352569,2.0195,0.0,-27.8227,84,40.4762,0.046038,23,0.2738,91831.6,9.1832,43.4783,0.4128,9.4943,24,0.2857,68032.47,6.8032,41.6667,0.3146,7.5508,37,0.4405,9599.51,0.96,37.8378,0.1071,3.9631
a0d28bbc,bear,s89|s76|s27,3,0.0686988031,0.0095395398,16.0421,0.0,-8.0569,20,25.0,0.045999,8,0.4,86039.43,8.6039,25.0,1.002,8.016,8,0.4,-5226.64,-0.5227,12.5,0.024,0.1922,4,0.2,123574.26,12.3574,50.0,2.958,11.8319
147b1161,bull,s15|s65|s41|s45,4,0.0227059581,0.0093132291,-5.7413,0.0,-9.7162,52,32.6923,0.045963,25,0.4808,-12565.29,-1.2565,28.0,-0.0348,-0.8696,10,0.1923,93804.26,9.3804,60.0,0.9898,9.8983,17,0.3269,-30096.31,-3.0096,23.5294,-0.1779,-3.0248
37727ed9,bull,s47|s33|s30,3,0.0523327152,0.0188757403,2.6472,0.0,-18.9871,52,30.7692,0.045935,15,0.2885,-382.92,-0.0383,26.6667,0.0113,0.1698,13,0.25,37315.72,3.7316,30.7692,0.3035,3.9449,24,0.4615,92013.26,9.2013,33.3333,0.486,11.665
7d8d6683,bear,s90|s17|s57|s20|s18,5,0.0599569043,0.0137127677,8.2762,0.0,-14.8094,36,25.0,0.045847,12,0.3333,50070.53,5.0071,25.0,0.4705,5.6456,12,0.3333,56309.73,5.631,25.0,0.4705,5.6456,12,0.3333,52729.86,5.273,25.0,0.4705,5.6456
fef5b637,bull,s46|s54|s78|s43,4,0.0220219993,0.0146450266,-7.2124,0.0,-8.6074,35,40.0,0.04573,10,0.2857,-382.73,-0.0383,40.0,0.0022,0.0218,7,0.2,6537.68,0.6538,42.8571,0.1069,0.7486,18,0.5143,-10196.68,-1.0197,38.8889,-0.0386,-0.6941
d58866ae,bull,s12|s58|s2|s6,4,0.0274311739,0.0108256124,-1.1957,0.0,-16.6232,51,33.3333,0.045347,15,0.2941,25332.49,2.5332,33.3333,0.1927,2.89,18,0.3529,73530.21,7.353,38.8889,0.4052,7.2936,18,0.3529,-5396.47,-0.5396,27.7778,-0.0199,-0.3577
fac84402,bear,s80|s86|s28,3,0.0488581218,0.0125280058,8.6802,0.0,-9.3957,25,28.0,0.045267,14,0.56,6849.01,0.6849,21.4286,0.0626,0.8766,3,0.12,20153.04,2.0153,33.3333,0.7934,2.3802,8,0.32,82514.12,8.2514,37.5,1.0492,8.3934
cb5e12d5,bear,s72|s89|s81,3,0.0499444387,0.013208726,7.1491,0.0,-14.2072,32,28.125,0.045024,10,0.3125,121714.15,12.1714,40.0,1.2053,12.0525,11,0.3438,99428.29,9.9428,36.3636,0.9756,10.7317,11,0.3438,-84311.85,-8.4312,9.0909,-0.7468,-8.2143
3b03cd80,bear,s37|s81,2,0.0376345722,0.0177654445,1.0879,0.0,-10.7134,27,37.037,0.044994,12,0.4444,-48953.16,-4.8953,25.0,-0.3915,-4.6985,7,0.2593,92203.79,9.2204,57.1429,1.3892,9.7242,8,0.2963,21042.29,2.1042,37.5,0.301,2.4076
3c4824ef,bear,s20|s67|s72|s25,4,0.0450103606,0.0160582056,3.211,0.0,-16.1836,38,31.5789,0.044863,6,0.1579,-97343.39,-9.7343,0.0,-1.6058,-9.6349,15,0.3947,54408.45,5.4408,33.3333,0.4298,6.447,17,0.4474,153926.49,15.3926,41.1765,0.9088,15.449
16dc5a40,bear,s19|s31|s52|s23,4,0.0229796631,0.0144332037,-4.3856,0.0,-11.4218,32,40.625,0.044843,6,0.1875,-12008.62,-1.2009,33.3333,-0.1962,-1.1773,8,0.25,-5464.26,-0.5464,37.5,-0.0403,-0.3227,18,0.5625,34706.78,3.4707,44.4444,0.2195,3.9505
7b7cb4ac,bear,s52|s28|s85|s99|s37,5,0.0264881259,0.0080240277,1.4857,0.0,-16.8605,104,29.8077,0.044784,52,0.5,59412.77,5.9413,26.9231,0.1268,6.5921,26,0.25,28260.71,2.8261,26.9231,0.1268,3.296,26,0.25,132431.93,13.2432,38.4615,0.525,13.6497
1b4bd7c3,bear,s99|s23|s28,3,0.037275315,0.0112198251,10.6905,0.0,-3.9132,14,42.8571,0.044686,11,0.7857,71668.8,7.1669,36.3636,0.6415,7.0562,1,0.0714,-11543.28,-1.1543,0.0,-1.122,-1.122,2,0.1429,75382.33,7.5382,100.0,3.7275,7.4551
5ece799a,bear,s101|s57|s18,3,0.0416224749,0.0151893077,2.6083,0.0,-19.9385,99,31.3131,0.044557,28,0.2828,85638.38,8.5638,32.1429,0.3072,8.6005,31,0.3131,-35182.61,-3.5183,25.8065,-0.0528,-1.6374,40,0.404,186391.61,18.6392,35.0,0.4695,18.7793
ec835567,bear,s37|s23|s77,3,0.0552059535,0.0192218317,1.8552,0.0,-16.9314,65,29.2308,0.044319,16,0.2462,136279.16,13.6279,37.5,0.8689,13.9017,13,0.2,103665.14,10.3665,38.4615,0.9404,12.2255,36,0.5538,-108873.96,-10.8874,22.2222,-0.2682,-9.6564
6cf9604b,bear,s89|s52,2,0.0340431955,0.0165163624,-1.384,0.0,-12.1577,33,36.3636,0.044274,15,0.4545,108713.25,10.8713,46.6667,0.7078,10.6171,10,0.303,-68021.83,-6.8022,20.0,-0.6404,-6.4045,8,0.2424,14855.9,1.4856,37.5,0.2443,1.9548
ba2add0f,bear,s81|s50|s27,3,0.0274757836,0.0153798918,-5.402,0.0,-15.4374,47,38.2979,0.044155,13,0.2766,12632.9,1.2633,38.4615,0.1103,1.434,21,0.4468,89431.83,8.9432,47.619,0.5028,10.5579,13,0.2766,-69009.1,-6.9009,23.0769,-0.549,-7.1372
a81bbc73,bull,s10|s15|s65,3,0.0290146406,0.0166521534,-4.3267,0.0,-19.5672,55,40.0,0.043992,20,0.3636,26600.37,2.66,40.0,0.1615,3.2291,10,0.1818,111761.02,11.1761,60.0,1.0748,10.7479,25,0.4545,-55335.48,-5.5335,32.0,-0.2039,-5.0969
5a279ab3,bull,s95|s38|s64,3,0.0317392049,0.0183876494,-4.8028,0.0,-16.892,46,39.1304,0.043704,15,0.3261,-77036.55,-7.7037,26.6667,-0.502,-7.5307,14,0.3043,79416.05,7.9416,50.0,0.6676,9.3461,17,0.3696,36079.59,3.608,41.1765,0.2253,3.8298
6d35dbd1,bear,s98|s72|s31,3,0.0525694754,0.0151878323,2.2878,0.0,-12.1343,41,26.8293,0.043654,7,0.1707,26442.25,2.6442,28.5714,0.4171,2.92,9,0.2195,-3575.13,-0.3575,22.2222,-0.0131,-0.1176,25,0.6098,85710.48,8.571,28.0,0.3784,9.4605
193aa8bd,bull,s6|s2,2,0.0219408228,0.0120060405,0.8423,0.0,-9.385,21,42.8571,0.04359,6,0.2857,28500.91,2.8501,50.0,0.4967,2.9804,8,0.381,38819.42,3.8819,50.0,0.4967,3.9739,7,0.3333,-16572.11,-1.6572,28.5714,-0.2307,-1.6149
15ee5b96,bear,s90|s56,2,0.0532275567,0.0124267398,21.1286,0.0,-3.7052,9,55.5556,0.043212,3,0.3333,96780.35,9.678,66.6667,3.1343,9.4028,3,0.3333,101207.27,10.1207,66.6667,3.1343,9.4028,3,0.3333,32429.46,3.2429,33.3333,0.9458,2.8374
15f3c24d,bear,s51|s20|s76,3,0.0243282715,0.0159159563,1.4088,0.0,-6.6111,17,47.0588,0.043173,7,0.4118,8692.78,0.8693,42.8571,0.1332,0.9321,5,0.2941,-110.59,-0.0111,40.0,0.0182,0.0909,5,0.2941,39173.52,3.9174,60.0,0.8231,4.1153
f5be9e0d,bear,s76|s90|s86,3,0.0532003396,0.011486067,11.4552,0.0,-9.8432,22,27.2727,0.043168,11,0.5,-5178.65,-0.5179,18.1818,0.0275,0.3026,3,0.1364,99321.92,9.9322,66.6667,3.1638,9.4915,8,0.3636,38828.33,3.8828,25.0,0.4686,3.7484
5b35a888,bull,s38|s96|s26,3,0.0565605414,0.0145789115,7.6527,0.0,-12.9876,29,27.5862,0.043156,8,0.2759,23974.14,2.3974,25.0,0.3206,2.5648,6,0.2069,54636.72,5.4637,33.3333,0.9134,5.4805,15,0.5172,56953.55,5.6954,26.6667,0.4392,6.5874
1d42d321,bull,s1|s10|s6|s54,4,0.0697880331,0.0136152327,8.4602,0.0,-10.8837,31,22.5806,0.042738,17,0.5484,3662.16,0.3662,17.6471,0.1103,1.8751,4,0.129,33789.42,3.3789,25.0,0.7236,2.8942,10,0.3226,111890.51,11.1891,30.0,1.1406,11.4057
6b0cfb1f,bull,s55|s35|s26,3,0.0679289123,0.0143105491,14.8036,0.0,-6.637,16,31.25,0.042577,8,0.5,42577.72,4.2578,25.0,0.6249,4.9995,4,0.25,115093.94,11.5094,50.0,2.6809,10.7237,4,0.25,24287.85,2.4288,25.0,0.6249,2.4997
2b463c43,bull,s63|s69|s91,3,0.0705170292,0.0191998051,8.3086,0.0,-18.7453,38,26.3158,0.042519,15,0.3947,58113.07,5.8113,26.6667,0.4725,7.087,3,0.0789,125916.43,12.5916,66.6667,4.0611,12.1834,20,0.5263,-43057.7,-4.3058,20.0,-0.1256,-2.5129
b195e32d,bear,s101|s50|s80,3,0.0791433013,0.0128158292,14.198,0.0,-21.2423,41,19.5122,0.042313,14,0.3415,192958.84,19.2959,28.5714,1.3458,18.8415,6,0.1463,11445.97,1.1446,16.6667,0.2511,1.5064,21,0.5122,-3857.36,-0.3857,14.2857,0.0321,0.6745
ac5256e1,bear,s77|s52,2,0.0772314445,0.018478176,12.8413,0.0,-27.1001,54,24.0741,0.042287,11,0.2037,176301.11,17.6301,36.3636,1.6325,17.9579,13,0.2407,-68024.82,-6.8025,15.3846,-0.3754,-4.8797,30,0.5556,118725.44,11.8725,23.3333,0.3854,11.5622
e42a3eaf,bear,s81|s101|s90|s57,4,0.0601652013,0.0195975809,21.5752,0.0,-6.0284,9,55.5556,0.042279,3,0.3333,107989.32,10.7989,66.6667,3.3578,10.0733,5,0.5556,149615.65,14.9616,60.0,2.826,14.13,1,0.1111,-21921.8,-2.1922,0.0,-1.9598,-1.9598
fad280f2,bear,s90|s99|s26,3,0.0469587187,0.0180831083,6.655,0.0,-8.6523,19,36.8421,0.042252,7,0.3684,134595.34,13.4595,57.1429,1.9084,13.3586,2,0.1053,-39523.93,-3.9524,0.0,-1.8083,-3.6166,10,0.5263,11873.81,1.1874,30.0,0.1429,1.4294
2aae398e,bull,s53|s45|s30|s69,4,0.0394273251,0.0105757817,5.6092,0.0,-7.2992,23,30.4348,0.042248,9,0.3913,-49153.5,-4.9154,11.1111,-0.502,-4.5179,5,0.2174,98104.59,9.8105,60.0,1.9426,9.713,9,0.3913,55262.48,5.5262,33.3333,0.6092,5.4827
99bcabdc,bear,s25|s101,2,0.071882481,0.0147758503,10.5819,0.0,-16.9791,34,23.5294,0.042145,12,0.3529,74754.73,7.4755,25.0,0.6889,8.2665,9,0.2647,136582.32,13.6582,33.3333,1.411,12.6992,13,0.3824,-31417.69,-3.1418,15.3846,-0.1444,-1.8769
548bb11c,bear,s80|s56|s61|s98|s16,5,0.0419177721,0.0192511542,-1.4134,0.0,-16.6757,43,34.8837,0.042115,11,0.2558,32296.76,3.2297,36.3636,0.2992,3.2913,15,0.3488,-52906.19,-5.2906,26.6667,-0.2939,-4.4092,17,0.3953,90657.81,9.0658,41.1765,0.5936,10.0913
b465e435,bear,s77|s52|s85,3,0.0371514494,0.016045465,3.8832,0.0,-26.2069,120,35.0,0.041912,22,0.1833,70745.12,7.0745,36.3636,0.3299,7.2575,32,0.2667,58674.06,5.8674,34.375,0.2241,7.1711,66,0.55,163959.89,16.396,34.8485,0.2493,16.4528
403d32bb,bull,s38|s5|s78|s59|s14,5,0.0315968946,0.0146830173,-4.4833,0.0,-11.2247,41,34.1463,0.041682,13,0.3171,-99231.88,-9.9232,15.3846,-0.7563,-9.8319,9,0.2195,138027.1,13.8027,66.6667,1.617,14.5532,19,0.4634,-2720.89,-0.2721,31.5789,-0.0068,-0.1298
5b2ba7f0,bear,s25|s90,2,0.0201353922,0.0106657439,0.3615,0.0,-6.1735,19,42.1053,0.041512,7,0.3684,17274.13,1.7274,42.8571,0.2535,1.7743,7,0.3684,48243.19,4.8243,57.1429,0.6935,4.8544,5,0.2632,-23479.31,-2.3479,20.0,-0.4506,-2.2528
f1972588,bear,s99|s90|s50,3,0.0483203051,0.0158288789,4.8284,0.0,-6.9423,22,31.8182,0.041334,7,0.3182,13487.73,1.3488,28.5714,0.2499,1.7496,4,0.1818,65332.48,6.5332,50.0,1.6246,6.4983,11,0.5,14032.27,1.4032,27.2727,0.1666,1.833
75fbe0b2,bear,s23|s90|s56,3,0.0302030238,0.0160595448,9.8557,0.0,-4.257,10,60.0,0.04133,3,0.3,93769.5,9.3769,100.0,3.0203,9.0609,5,0.5,11014.88,1.1015,40.0,0.2445,1.2227,2,0.2,14713.76,1.4714,50.0,0.7072,1.4143
33be1f1c,bear,s80|s72,2,0.0458199627,0.0122803824,2.6036,0.0,-14.6751,46,26.087,0.041078,13,0.2826,72804.99,7.2805,30.7692,0.5597,7.2756,13,0.2826,-105690.14,-10.569,7.6923,-0.7811,-10.1545,20,0.4348,155791.41,15.5791,35.0,0.8055,16.1095
dde5f8de,bull,s1|s12|s47|s74,4,0.0423258406,0.015466349,3.9273,0.0,-13.3037,27,33.3333,0.040931,4,0.1481,110763.01,11.0763,75.0,2.7878,11.1511,10,0.3704,18211.62,1.8212,30.0,0.1871,1.8713,13,0.4815,-33069.47,-3.3069,23.0769,-0.213,-2.7686
dc397471,bear,s61|s17|s28|s20,4,0.0301315725,0.0177698816,-0.2069,0.0,-13.0149,24,41.6667,0.040861,7,0.2917,60151.83,6.0152,57.1429,0.9602,6.7217,10,0.4167,11335.44,1.1335,40.0,0.1391,1.3907,7,0.2917,-27446.61,-2.7447,28.5714,-0.4084,-2.8586
adb258db,bear,s28|s66|s81,3,0.0275572625,0.0153186009,2.7596,0.0,-10.4155,18,44.4444,0.040725,10,0.5556,16325.61,1.6326,40.0,0.1832,1.8317,7,0.3889,62783.05,6.2783,57.1429,0.9182,6.4273,1,0.0556,-15392.95,-1.5393,0.0,-1.5319,-1.5319
a8395c9d,bull,s38|s73|s65,3,0.0531025786,0.0082147167,12.2402,0.0,-6.5738,18,27.7778,0.040526,8,0.4444,-70132.87,-7.0133,0.0,-0.8215,-6.5718,6,0.3333,135985.03,13.5985,50.0,2.2444,13.4664,4,0.2222,94810.66,9.4811,50.0,2.2444,8.9776
219e6f78,bear,s77|s66|s27,3,0.0775615173,0.0183054322,10.5405,0.0,-24.0854,51,23.5294,0.040494,14,0.2745,125057.32,12.5057,28.5714,0.9085,12.7192,11,0.2157,-29736.46,-2.9736,18.1818,-0.0875,-0.9626,26,0.5098,98209.46,9.8209,23.0769,0.3818,9.926
e0b1dd02,bear,s89|s28,2,0.0465803922,0.0161348114,19.8999,0.0,-1.8133,7,71.4286,0.040382,2,0.2857,98611.25,9.8611,100.0,4.658,9.3161,3,0.4286,13334.22,1.3334,33.3333,0.477,1.4311,2,0.2857,102126.17,10.2126,100.0,4.658,9.3161
d4560527,bear,s31|s90|s57,3,0.0344624194,0.011923236,6.7714,0.0,-4.1943,15,40.0,0.040351,3,0.2,10909.28,1.0909,33.3333,0.3539,1.0616,7,0.4667,101424.68,10.1425,57.1429,1.4583,10.208,5,0.3333,-14183.46,-1.4183,20.0,-0.2646,-1.3231
e6d03602,bull,s47|s94|s15|s33,4,0.0311721895,0.0135268272,4.5695,0.0,-7.772,17,41.1765,0.040287,7,0.4118,-52076.84,-5.2077,14.2857,-0.7141,-4.9989,5,0.2941,23624.61,2.3625,40.0,0.4353,2.1764,5,0.2941,109690.8,10.9691,80.0,2.2232,11.1162
be9442c2,bear,s18|s56,2,0.0653643329,0.0178348003,5.6372,0.0,-17.7205,42,26.1905,0.040285,12,0.2857,-59885.12,-5.9885,16.6667,-0.3968,-4.7619,10,0.2381,57525.2,5.7525,30.0,0.7125,7.1249,20,0.4762,145160.72,14.5161,30.0,0.7125,14.2499
ab53c173,bear,s77|s56|s101,3,0.0452629026,0.0179701736,1.0076,0.0,-20.3828,77,32.4675,0.040284,22,0.2857,237148.4,23.7148,45.4545,1.0772,23.6987,19,0.2468,-107810.39,-10.781,21.0526,-0.4658,-8.8501,36,0.4675,43399.91,4.34,30.5556,0.1351,4.8638
9a854002,bear,s80|s18|s61|s17,4,0.0255349008,0.0105756078,-5.1719,0.0,-13.0498,78,33.3333,0.040163,21,0.2692,-5663.16,-0.5663,28.5714,-0.0258,-0.5425,25,0.3205,52831.14,5.2831,36.0,0.2424,6.0604,32,0.4103,52999.83,5.3,34.375,0.1837,5.8796
e67fcd07,bull,s70|s54|s38,3,0.0218577475,0.0106346675,-7.4244,0.0,-11.9174,57,35.0877,0.039813,20,0.3509,-20842.86,-2.0843,30.0,-0.0887,-1.7739,14,0.2456,70180.64,7.0181,50.0,0.5612,7.8562,23,0.4035,-17706.35,-1.7706,30.4348,-0.0746,-1.715
bacc291c,bear,s49|s81|s16|s61|s18,5,0.0605263317,0.0127843898,7.9048,0.0,-19.5179,72,22.2222,0.039732,23,0.3194,6843.17,0.6843,17.3913,-0.0035,-0.0798,21,0.2917,14131.46,1.4131,19.0476,0.118,2.4771,28,0.3889,200125.45,20.0125,28.5714,0.8162,22.8523
cca1078d,bear,s101|s80,2,0.0404395459,0.0094717535,3.8062,0.0,-16.3351,48,25.0,0.039571,19,0.3958,69837.14,6.9837,26.3158,0.3663,6.9593,12,0.25,-18203.59,-1.8204,16.6667,-0.1153,-1.3838,17,0.3542,92053.51,9.2054,29.4118,0.5208,8.8537
a695a20f,bull,s41|s30|s93|s5,4,0.0697722941,0.017063242,8.5157,0.0,-15.9262,31,25.8065,0.039496,7,0.2258,131546.19,13.1546,42.8571,2.0152,14.1064,10,0.3226,94678.07,9.4678,30.0,0.8987,8.9874,14,0.4516,-75941.53,-7.5942,14.2857,-0.4658,-6.5214
f9dd2a7b,bear,s28|s72|s80,3,0.0456740662,0.0136046928,4.362,0.0,-20.1154,51,27.451,0.039455,14,0.2745,46587.45,4.6587,28.5714,0.3332,4.6649,14,0.2745,-79298.99,-7.9299,14.2857,-0.5136,-7.1908,23,0.451,158156.01,15.8156,34.7826,0.7014,16.1322
df684427,bear,s72|s13|s98,3,0.0737720429,0.0103865992,10.9981,0.0,-12.8101,31,19.3548,0.039448,5,0.1613,-54909.35,-5.4909,0.0,-1.0387,-5.1933,10,0.3226,-24620.95,-2.4621,10.0,-0.1971,-1.9707,16,0.5161,256532.32,25.6532,31.25,1.5913,25.4608
0962c3f0,bear,s101|s13,2,0.0432670187,0.018330467,1.4927,0.0,-11.3372,26,34.6154,0.039419,6,0.2308,-50769.38,-5.0769,16.6667,-0.8064,-4.8385,10,0.3846,-651.76,-0.0652,30.0,0.0149,0.1488,10,0.3846,117867.02,11.7867,50.0,1.2468,12.4683
8412bc51,bear,s17|s52|s22,3,0.0360657628,0.0131673612,-2.6127,0.0,-13.7397,56,30.3571,0.039401,10,0.1786,59167.2,5.9167,40.0,0.6526,6.5259,17,0.3036,-29962.53,-2.9963,23.5294,-0.1583,-2.6913,29,0.5179,55606.83,5.5607,31.0345,0.2112,6.1245
66ce58f5,bear,s100|s52|s26,3,0.0491830963,0.0194783563,4.6944,0.0,-15.7239,26,34.6154,0.039235,8,0.3077,50799.88,5.08,37.5,0.627,5.0158,8,0.3077,-99089.17,-9.9089,12.5,-1.0896,-8.7165,10,0.3846,148423.49,14.8423,50.0,1.4852,14.8524
83808b63,bear,s31|s80|s100,3,0.0730296978,0.0165189461,12.6173,0.0,-7.7716,17,29.4118,0.039233,2,0.1176,-35437.64,-3.5438,0.0,-1.6519,-3.3038,4,0.2353,15134.05,1.5134,25.0,0.5868,2.3473,11,0.6471,184225.53,18.4226,36.3636,1.6044,17.6486
63aa4782,bear,s77|s17|s66,3,0.0344456935,0.0128988809,-2.3683,0.0,-9.2811,36,30.5556,0.039132,10,0.2778,60316.93,6.0317,40.0,0.6039,6.0389,12,0.3333,31674.11,3.1674,33.3333,0.2883,3.4592,14,0.3889,-42106.97,-4.2107,21.4286,-0.2754,-3.8551
970d473b,bull,s83|s30|s68,3,0.0293775836,0.0117856287,2.2666,0.0,-5.5867,19,36.8421,0.039076,5,0.2632,62898.28,6.2898,60.0,1.2912,6.4561,7,0.3684,39262.73,3.9263,42.8571,0.5856,4.099,7,0.3684,-41389.32,-4.1389,14.2857,-0.5905,-4.1336
22d374d7,bull,s58|s38|s92,3,0.0408975713,0.0186352242,3.4712,0.0,-11.7385,21,38.0952,0.039041,9,0.4286,-165465.31,-16.5465,0.0,-1.8635,-16.7717,6,0.2857,176127.53,17.6128,83.3333,3.0975,18.5853,6,0.2857,65657.04,6.5657,50.0,1.1131,6.6787
03c7c0df,bear,s52|s101|s20|s99,4,0.0717870748,0.0107772105,11.8759,0.0,-17.3004,35,20.0,0.038922,17,0.4857,137341.3,13.7341,23.5294,0.865,14.7045,8,0.2286,-7337.52,-0.7338,12.5,-0.0457,-0.3653,10,0.2857,68280.86,6.8281,20.0,0.5736,5.7356
b5391742,bear,s97|s80|s19|s61,4,0.069726717,0.0187670167,6.4632,0.0,-13.6607,30,26.6667,0.038922,9,0.3,-2855.5,-0.2856,22.2222,0.0898,0.8084,8,0.2667,21659.97,2.166,25.0,0.3356,2.6851,13,0.4333,106977.93,10.6978,30.7692,0.8462,11.0004
362b95b0,bear,s61|s98|s26,3,0.0222534787,0.0083658738,4.8534,0.0,-2.7355,13,46.1538,0.038914,6,0.4615,-20648.07,-2.0648,16.6667,-0.3263,-1.9576,0,0.0,0.0,0.0,0.0,0.0,0.0,7,0.5385,96165.49,9.6165,71.4286,1.3505,9.4536
f628eb9c,bear,s22|s25|s27,3,0.0371006647,0.0164243792,-2.1488,0.0,-16.5779,44,34.0909,0.038671,5,0.1136,-31077.62,-3.1078,20.0,-0.5719,-2.8597,18,0.4091,-33228.28,-3.3228,27.7778,-0.1556,-2.8014,21,0.4773,128869.05,12.8869,42.8571,0.6515,13.6813
38e4da86,bear,s17|s85|s56,3,0.0235362775,0.0114623359,-6.5331,0.0,-9.7182,41,34.1463,0.038665,13,0.3171,24447.55,2.4448,38.4615,0.1999,2.5983,13,0.3171,-10301.97,-1.0302,30.7692,-0.0694,-0.9016,15,0.3659,670.03,0.067,33.3333,0.0204,0.3058
6f749bb4,bull,s32|s6|s30|s54,4,0.0564020302,0.0199037585,8.6241,0.0,-14.2993,20,35.0,0.038639,6,0.3,30632.27,3.0632,33.3333,0.5532,3.3189,5,0.25,55229.82,5.523,40.0,1.0619,5.3093,9,0.45,45298.69,4.5299,33.3333,0.5532,4.9784
610b5044,bear,s67|s52|s89|s25|s28,5,0.0703920417,0.0094922119,20.169,0.0,-4.7189,11,36.3636,0.038634,4,0.3636,48521.03,4.8521,25.0,1.0479,4.1915,5,0.4545,27590.79,2.7591,20.0,0.6485,3.2423,2,0.1818,149030.41,14.903,100.0,7.0392,14.0784
f46dc0a8,bear,s101|s77|s97,3,0.0407220446,0.0127609484,-2.2953,0.0,-11.5102,62,27.4194,0.038546,17,0.2742,97737.05,9.7737,35.2941,0.6115,10.3962,17,0.2742,-9314.42,-0.9314,23.5294,-0.0177,-0.3004,28,0.4516,13580.82,1.3581,25.0,0.061,1.7074
32471ecd,bull,s75|s82|s48|s95|s91,5,0.030439178,0.0194719782,-0.178,0.0,-15.359,23,43.4783,0.038477,5,0.2174,1384.72,0.1385,40.0,0.0492,0.2462,6,0.2609,81403.7,8.1404,66.6667,1.3802,8.2813,12,0.5217,-40135.25,-4.0135,33.3333,-0.2835,-3.4019
78533efd,bear,s100|s72|s27,3,0.0303867975,0.0141565595,-1.6125,0.0,-21.4158,88,36.3636,0.038393,20,0.2273,74164.26,7.4164,40.0,0.3661,7.3216,31,0.3523,91789.18,9.1789,38.7097,0.3086,9.5667,37,0.4205,965.07,0.0965,32.4324,0.029,1.0728
7a35fe98,bear,s13|s80|s26,3,0.0326061969,0.0147150061,-0.1884,0.0,-12.6139,28,35.7143,0.038387,7,0.25,-57338.91,-5.7339,14.2857,-0.7955,-5.5684,9,0.3214,3679.15,0.3679,33.3333,0.1059,0.9529,12,0.4286,109205.59,10.9206,50.0,0.8946,10.7347
54e62d1a,bear,s90|s86|s17,3,0.0392452608,0.011421851,1.618,0.0,-16.2432,47,27.6596,0.038278,25,0.5319,11340.2,1.134,24.0,0.0738,1.8456,8,0.1702,113779.03,11.3779,50.0,1.3912,11.1294,14,0.2979,-12394.17,-1.2394,21.4286,-0.0565,-0.7905
841ed6d8,bull,s6|s54|s12|s88,4,0.0236827553,0.0133846214,2.6389,0.0,-7.8083,15,46.6667,0.038139,2,0.1333,46207.31,4.6207,100.0,2.3683,4.7366,8,0.5333,39326.57,3.9327,50.0,0.5149,4.1193,5,0.3333,-29336.99,-2.9337,20.0,-0.5971,-2.9856
5ba80552,bear,s50|s61|s56|s90|s28,5,0.0725115798,0.0190814851,9.3363,0.0,-10.7897,21,28.5714,0.03809,8,0.381,18306.07,1.8306,25.0,0.3817,3.0534,8,0.381,23501.81,2.3502,25.0,0.3817,3.0534,5,0.2381,95485.11,9.5485,40.0,1.7556,8.7779
d53229b1,bear,s37|s51|s89,3,0.0458738729,0.0131314435,0.2547,0.0,-9.9658,38,26.3158,0.038052,18,0.4737,174661.15,17.4661,38.8889,0.9815,17.6671,10,0.2632,-75360.59,-7.5361,10.0,-0.7231,-7.2309,10,0.2632,-18667.33,-1.8667,20.0,-0.133,-1.3304
c73d720b,bear,s18|s77|s100,3,0.067471145,0.0086544554,13.7427,0.0,-21.3218,115,15.6522,0.037962,29,0.2522,204119.05,20.4119,20.6897,0.7096,20.5774,22,0.1913,31862.73,3.1863,13.6364,0.1726,3.7979,64,0.5565,135352.51,13.5353,14.0625,0.2051,13.1245
bce62fb4,bull,s1|s6,2,0.0510462869,0.0113099121,6.3223,0.0,-13.6808,32,25.0,0.037918,17,0.5312,-17048.67,-1.7049,17.6471,-0.0306,-0.52,4,0.125,83751.83,8.3752,50.0,1.9868,7.9473,11,0.3438,65485.66,6.5486,27.2727,0.5696,6.266
463330a8,bear,s101|s61|s52|s85,4,0.0628234407,0.0126848431,7.5219,0.0,-19.2269,55,21.8182,0.037862,15,0.2727,191569.36,19.1569,33.3333,1.2485,18.7269,13,0.2364,-21625.78,-2.1626,15.3846,-0.1068,-1.3886,27,0.4909,29705.08,2.9705,18.5185,0.1298,3.5051
9de78586,bull,s92|s33|s30,3,0.0546956071,0.0108384016,4.9036,0.0,-15.4937,51,21.5686,0.037839,15,0.2941,34203.69,3.4204,20.0,0.2268,3.4026,14,0.2745,-23818.6,-2.3819,14.2857,-0.1476,-2.067,22,0.4314,150775.16,15.0775,27.2727,0.7035,15.4759
08689574,bull,s24|s6|s38|s95,4,0.0583993462,0.0083349633,10.2412,0.0,-7.7328,22,22.7273,0.037817,10,0.4545,-88948.44,-8.8948,0.0,-0.8335,-8.335,5,0.2273,159865.69,15.9866,60.0,3.1706,15.8528,7,0.3182,79086.98,7.9087,28.5714,1.0732,7.5124
c8001c20,bear,s18|s13,2,0.0680249377,0.0168515934,7.6624,0.0,-15.7402,31,25.8065,0.037726,5,0.1613,-4780.79,-0.4781,20.0,0.0124,0.0619,9,0.2903,-69148.82,-6.9149,11.1111,-0.7421,-6.6788,17,0.5484,216319.79,21.632,35.2941,1.3105,22.2782
159e091f,bear,s86|s66|s89,3,0.0570320361,0.0161843337,10.8179,0.0,-5.3561,14,35.7143,0.037617,7,0.5,32566.95,3.2567,28.5714,0.4735,3.3142,3,0.2143,98417.13,9.8417,66.6667,3.2627,9.788,4,0.2857,7126.69,0.7127,25.0,0.212,0.8479
76fd85bb,bear,s18|s85|s28|s81,4,0.036867173,0.0145169953,2.5701,0.0,-13.9479,26,34.6154,0.037587,13,0.5,63357.01,6.3357,38.4615,0.5246,6.82,10,0.3846,6849.79,0.685,30.0,0.0898,0.8983,3,0.1154,8398.43,0.8398,33.3333,0.2611,0.7833
682f9481,bull,s75|s38|s45|s39,4,0.0510501763,0.0163184561,11.603,0.0,-5.3855,12,41.6667,0.037261,5,0.4167,-89101.97,-8.9102,0.0,-1.6318,-8.1592,3,0.25,157855.17,15.7855,100.0,5.105,15.3151,4,0.3333,73293.04,7.3293,50.0,1.7366,6.9463
33259597,bear,s89|s76|s28,3,0.0679346284,0.0095775407,24.6683,0.0,-2.3017,7,57.1429,0.036848,2,0.2857,65768.72,6.5769,50.0,2.9179,5.8357,3,0.4286,49151.36,4.9151,33.3333,1.626,4.878,2,0.2857,146608.81,14.6609,100.0,6.7935,13.5869
bcc3b0c2,bull,s38|s45|s94,3,0.0751896313,0.0093316389,13.0581,0.0,-5.529,18,22.2222,0.036832,4,0.2222,-39774.22,-3.9774,0.0,-0.9332,-3.7327,3,0.1667,148166.57,14.8167,66.6667,4.7016,14.1048,11,0.6111,59330.51,5.9331,18.1818,0.6036,6.6395
ad131ead,bear,s52|s76|s101,3,0.0446327651,0.0125445975,5.1074,0.0,-21.5869,89,26.9663,0.036568,26,0.2921,190525.99,19.0526,34.6154,0.7248,18.8437,26,0.2921,-53577.97,-5.3578,19.2308,-0.1549,-4.0273,37,0.4157,107693.68,10.7694,27.027,0.2909,10.7624
f5438293,bear,s89|s72|s51|s18|s97,5,0.0275737127,0.017958635,-3.8869,0.0,-15.22,29,41.3793,0.0365,10,0.3448,41702.81,4.1703,50.0,0.4808,4.8075,13,0.4483,-11208.24,-1.1208,38.4615,-0.0446,-0.5801,6,0.2069,-16208.91,-1.6209,33.3333,-0.2781,-1.6687
81cc183d,bear,s57|s71|s80,3,0.0260006896,0.0137343343,-1.6259,0.0,-7.1051,21,38.0952,0.036316,8,0.381,8751.5,0.8751,37.5,0.1166,0.933,8,0.381,6998.32,0.6998,37.5,0.1166,0.933,5,0.2381,9763.85,0.9764,40.0,0.216,1.0798
af7a4385,bear,s37|s77|s20|s98,4,0.0373552086,0.0137613319,-0.4966,0.0,-9.6075,29,31.0345,0.036131,8,0.2759,39766.58,3.9767,37.5,0.5407,4.3259,12,0.4138,90231.48,9.0231,41.6667,0.7537,9.0447,9,0.3103,-76677.23,-7.6677,11.1111,-0.8082,-7.2735
fd9cd694,bear,s81|s25|s20,3,0.0474270113,0.0148281758,4.187,0.0,-20.3145,41,29.2683,0.03576,9,0.2195,-75260.87,-7.5261,11.1111,-0.7911,-7.1198,15,0.3659,80366.22,8.0366,33.3333,0.5924,8.8853,17,0.4146,126032.91,12.6033,35.2941,0.7144,12.1452
85c9bcdc,bear,s85|s72|s31,3,0.026843966,0.0135726848,-7.7762,0.0,-13.3775,59,35.5932,0.035542,9,0.1525,-2676.56,-0.2677,33.3333,-0.01,-0.0904,15,0.2542,-4054.77,-0.4055,33.3333,-0.01,-0.1507,35,0.5932,42502.09,4.2502,37.1429,0.1439,5.0372
15925333,bull,s38|s40,2,0.022802239,0.0108408704,0.1924,0.0,-6.2952,18,38.8889,0.035478,9,0.5,35286.23,3.5286,44.4444,0.4112,3.7005,4,0.2222,-10039.8,-1.004,25.0,-0.243,-0.972,5,0.2778,12817.06,1.2817,40.0,0.2616,1.3082
9f554574,bear,s28|s89|s80,3,0.059401541,0.0107822215,10.4073,0.0,-9.0783,19,26.3158,0.03547,8,0.4211,56503.13,5.6503,25.0,0.6764,5.411,7,0.3684,-11943.09,-1.1943,14.2857,-0.0756,-0.5292,4,0.2105,100434.48,10.0434,50.0,2.431,9.7239
4a2749de,bear,s77|s28|s23,3,0.028112948,0.0135728602,0.2227,0.0,-10.2478,21,38.0952,0.035462,15,0.7143,82101.55,8.2102,46.6667,0.5881,8.8208,3,0.1429,1223.94,0.1224,33.3333,0.0322,0.0967,3,0.1429,-40427.76,-4.0428,0.0,-1.3573,-4.0719
9eadbb4c,bull,s38|s65,2,0.0485688211,0.0099934938,8.6114,0.0,-6.2867,17,29.4118,0.035299,8,0.4706,-83585.77,-8.3586,0.0,-0.9993,-7.9948,5,0.2941,125428.91,12.5429,60.0,2.5144,12.5719,4,0.2353,79621.73,7.9622,50.0,1.9288,7.7151
81d9fec0,bull,s21|s83|s65,3,0.0237187623,0.0107931522,2.6173,0.0,-4.5155,14,42.8571,0.035138,8,0.5714,16546.6,1.6547,37.5,0.2149,1.7191,2,0.1429,12625.09,1.2625,50.0,0.6463,1.2926,4,0.2857,25648.53,2.5649,50.0,0.6463,2.5851
059b8b80,bear,s52|s97|s28|s89|s57,5,0.030891916,0.0187015003,10.5821,0.0,-2.0699,7,71.4286,0.035057,2,0.2857,63779.41,6.3779,100.0,3.0892,6.1784,3,0.4286,-8325.22,-0.8325,33.3333,-0.217,-0.6511,2,0.2857,64964.97,6.4965,100.0,3.0892,6.1784
ee136ab9,bull,s38|s63|s43,3,0.0395004405,0.0137400303,-0.2502,0.0,-15.0757,40,30.0,0.035018,14,0.35,-87247.52,-8.7248,14.2857,-0.6134,-8.5879,11,0.275,59301.93,5.9302,36.3636,0.562,6.1822,15,0.375,103165.2,10.3165,40.0,0.7556,11.3342
983e36ea,bear,s77|s62|s27,3,0.0531854828,0.0134369321,4.5488,0.0,-18.5141,83,24.0964,0.034942,18,0.2169,158351.38,15.8351,33.3333,0.8771,15.787,23,0.2771,8568.63,0.8569,21.7391,0.1046,2.4063,42,0.506,26004.1,2.6004,21.4286,0.0839,3.5251
2f487c1e,bear,s72|s81|s26,3,0.0614363333,0.0114822364,6.7025,0.0,-12.6305,32,21.875,0.034908,12,0.375,3232.4,0.3232,16.6667,0.0671,0.805,8,0.25,121436.97,12.1437,37.5,1.5862,12.6898,12,0.375,7490.53,0.7491,16.6667,0.0671,0.805
aec1aaa6,bull,s42|s21|s26,3,0.0240908547,0.0135131327,-4.2604,0.0,-10.4748,26,38.4615,0.034798,13,0.5,10246.18,1.0246,38.4615,0.095,1.2349,6,0.2308,29496.47,2.9496,50.0,0.5289,3.1733,7,0.2692,-19827.01,-1.9827,28.5714,-0.2769,-1.9384
d9cd63e0,bear,s62|s37|s27,3,0.0433082539,0.0109067165,5.6216,0.0,-20.6866,109,24.7706,0.034738,31,0.2844,89908.83,8.9909,25.8065,0.3084,9.5612,31,0.2844,33235.62,3.3236,22.5806,0.1335,4.1397,47,0.4312,115023.62,11.5024,25.5319,0.2935,13.7964
088d101c,bear,s31|s22|s90|s99|s56,5,0.0310406119,0.0140058317,-3.2209,0.0,-7.6322,27,33.3333,0.034679,4,0.1481,32772.46,3.2772,50.0,0.8517,3.407,7,0.2593,-52807.57,-5.2808,14.2857,-0.7571,-5.2994,16,0.5926,41189.48,4.1189,37.5,0.2887,4.6185
00468632,bear,s28|s89|s26,3,0.0270682003,0.009634639,8.0044,0.0,-2.313,9,55.5556,0.034514,3,0.3333,46300.22,4.63,66.6667,1.4834,4.4502,3,0.3333,7304.34,0.7304,33.3333,0.26,0.7799,3,0.3333,44657.62,4.4658,66.6667,1.4834,4.4502
46ebeb62,bear,s89|s101|s27,3,0.0615626997,0.0149796124,6.5105,0.0,-21.4782,62,24.1935,0.034188,18,0.2903,174654.54,17.4655,33.3333,1.0534,18.9621,21,0.3387,-85167.59,-8.5168,14.2857,-0.4045,-8.4945,23,0.371,100075.77,10.0076,26.087,0.4988,11.4723
516d47d4,bear,s67|s37|s99,3,0.0388463479,0.0090489375,1.765,0.0,-12.9031,41,24.3902,0.034047,21,0.5122,43792.24,4.3792,23.8095,0.2355,4.9449,6,0.1463,-7352.29,-0.7352,16.6667,-0.1066,-0.6398,14,0.3415,65306.66,6.5307,28.5714,0.4635,6.4896
5394bc01,bear,s81|s72|s97,3,0.0705028253,0.0188338475,8.522,0.0,-12.9935,21,28.5714,0.033945,8,0.381,24431.53,2.4432,25.0,0.35,2.8003,5,0.2381,167238.96,16.7239,60.0,3.4768,17.3841,8,0.381,-63980.64,-6.3981,12.5,-0.7667,-6.1334
d5163d7e,bear,s101|s61|s23|s13,4,0.0601272418,0.018001757,5.7789,0.0,-9.4218,20,30.0,0.03394,6,0.3,-33837.99,-3.3838,16.6667,-0.498,-2.9882,7,0.35,30321.25,3.0321,28.5714,0.4321,3.0246,7,0.35,101832.32,10.1832,42.8571,1.5482,10.8375
f88a3a15,bear,s80|s101|s27,3,0.0424126126,0.0146391547,1.9846,0.0,-21.3887,90,30.0,0.033772,24,0.2667,226340.36,22.634,41.6667,0.9132,21.9178,29,0.3222,-94112.46,-9.4112,20.6897,-0.2835,-8.2225,37,0.4111,77729.32,7.7729,29.7297,0.2322,8.5921
843054c1,bull,s65|s38|s54,3,0.0482397701,0.0161729113,4.2071,0.0,-11.8901,22,31.8182,0.03371,10,0.4545,-165178.07,-16.5178,0.0,-1.6173,-16.1729,6,0.2727,220209.38,22.0209,83.3333,3.7504,22.5026,6,0.2727,31955.07,3.1955,33.3333,0.5298,3.1788
c0461696,bear,s28|s18|s72,3,0.0363798368,0.0140428413,6.3246,0.0,-30.3643,160,33.125,0.03358,36,0.225,143587.01,14.3587,36.1111,0.4165,14.9953,49,0.3063,14192.21,1.4192,28.5714,0.0364,1.7818,75,0.4688,271085.71,27.1086,34.6667,0.3437,25.7777
c169508d,bear,s25|s72|s50|s16,4,0.0699379976,0.0168311239,8.1502,0.0,-20.3958,36,25.0,0.033418,7,0.1944,-34205.27,-3.4205,14.2857,-0.4436,-3.1049,12,0.3333,49989.89,4.999,25.0,0.4861,5.8334,17,0.4722,143110.11,14.311,29.4118,0.8689,14.7717
53787666,bear,s99|s86|s28|s76,4,0.025387579,0.013326296,7.1728,0.0,-2.6591,8,62.5,0.033314,4,0.5,25681.34,2.5681,50.0,0.6031,2.4123,0,0.0,0.0,0.0,0.0,0.0,0.0,4,0.5,62083.89,6.2084,75.0,1.5709,6.2836
07a51342,bear,s23|s101|s13,3,0.0708983482,0.0154961718,8.9878,0.0,-9.1785,19,26.3158,0.033198,5,0.2632,5724.75,0.5725,20.0,0.1783,0.8914,7,0.3684,-25172.58,-2.5173,14.2857,-0.3154,-2.2079,7,0.3684,149383.91,14.9384,42.8571,2.153,15.071
d20d95ce,bear,s99|s85|s27,3,0.048921651,0.0156478679,3.9596,0.0,-16.877,30,30.0,0.033124,9,0.3,189396.11,18.9396,55.5556,2.0224,18.2017,7,0.2333,-49451.12,-4.9451,14.2857,-0.6424,-4.4966,14,0.4667,-35094.25,-3.5094,21.4286,-0.1812,-2.5362
e64731b1,bull,s1|s95|s38|s35,4,0.0510557888,0.0198226176,2.661,0.0,-10.6498,21,33.3333,0.033052,11,0.5238,-85096.88,-8.5097,18.1818,-0.6936,-7.6292,4,0.1905,134171.05,13.4171,75.0,3.3336,13.3345,6,0.2857,20310.66,2.0311,33.3333,0.3804,2.2821
72482761,bear,s90|s80|s31,3,0.0751673506,0.0136390103,10.618,0.0,-11.846,21,23.8095,0.032912,5,0.2381,16185.98,1.6186,20.0,0.4122,2.0611,5,0.2381,20797.11,2.0797,20.0,0.4122,2.0611,11,0.5238,112967.79,11.2968,27.2727,1.0581,11.639
5d913ac8,bear,s18|s86|s57|s80|s22,5,0.0357453537,0.0159974706,-5.0613,0.0,-12.0733,40,32.5,0.032828,13,0.325,-5351.17,-0.5351,30.7692,-0.0077,-0.0996,12,0.3,-37613.33,-3.7613,25.0,-0.3062,-3.6741,15,0.375,63976.15,6.3976,40.0,0.47,7.0495
989534c2,bear,s61|s97|s52,3,0.0746611877,0.0110016354,13.5174,0.0,-24.9027,73,17.8082,0.032786,19,0.2603,49257.43,4.9257,15.7895,0.2524,4.7957,17,0.2329,-38336.67,-3.8337,11.7647,-0.0924,-1.5702,37,0.5068,293090.27,29.309,21.6216,0.752,27.8242
41411868,bull,s42|s12|s26,3,0.0440090383,0.0135634555,1.9461,0.0,-15.5875,35,28.5714,0.032715,12,0.3429,60612.66,6.0613,33.3333,0.5627,6.7529,9,0.2571,105465.37,10.5465,44.4444,1.2024,10.8219,14,0.4,-75625.02,-7.5625,14.2857,-0.5339,-7.4743
e08cd49c,bull,s63|s9|s42|s74,4,0.0345628872,0.0140191154,-1.9026,0.0,-15.216,37,32.4324,0.032589,13,0.3514,-39727.74,-3.9728,23.0769,-0.2808,-3.6502,9,0.2432,109260.1,10.926,55.5556,1.2971,11.6738,15,0.4054,-16904.21,-1.6904,26.6667,-0.1064,-1.5959
07b43a66,bear,s37|s80|s72|s56,4,0.037223053,0.0118960229,-2.744,0.0,-13.4346,68,27.9412,0.032544,16,0.2353,53346.01,5.3346,31.25,0.3454,5.5259,20,0.2941,1411.47,0.1411,25.0,0.0384,0.7675,32,0.4706,54204.77,5.4205,28.125,0.1919,6.1399
9f0ffbf4,bull,s55|s32,2,0.0332538466,0.0146757235,5.4279,0.0,-3.577,11,45.4545,0.032416,4,0.3636,-13696.36,-1.3696,25.0,-0.2693,-1.0773,4,0.3636,87739.2,8.7739,75.0,2.1271,8.5086,3,0.2727,3430.75,0.3431,33.3333,0.1301,0.3902
6433667f,bear,s57|s52|s25,3,0.0733459613,0.0123086486,6.3326,0.0,-14.6585,42,19.0476,0.032338,15,0.3571,-22360.62,-2.2361,13.3333,-0.0888,-1.3321,14,0.3333,166718.39,16.6718,28.5714,1.2164,17.0297,13,0.3095,7487.6,0.7488,15.3846,0.0869,1.1297
81fc9983,bear,s49|s61|s20,3,0.0262835069,0.0143623017,-6.3818,0.0,-18.6428,58,37.931,0.032337,13,0.2241,-20280.18,-2.028,30.7692,-0.1856,-2.4127,24,0.4138,-61779.76,-6.178,29.1667,-0.2507,-6.0175,21,0.3621,127415.65,12.7416,52.381,0.6928,14.5496
76374fd5,bear,s57|s71|s13|s16|s99,5,0.0335523103,0.0103787697,1.8369,0.0,-9.4931,23,30.4348,0.032279,6,0.2609,26136.68,2.6137,33.3333,0.4265,2.559,12,0.5217,50227.4,5.0227,33.3333,0.4265,5.1179,5,0.2174,-9892.04,-0.9892,20.0,-0.1593,-0.7963
bde991f9,bull,s96|s75,2,0.0446499717,0.0156452004,3.7553,0.0,-8.5012,18,33.3333,0.032226,3,0.1667,12064.11,1.2064,33.3333,0.4453,1.336,4,0.2222,57853.51,5.7854,50.0,1.4502,5.801,11,0.6111,5823.36,0.5823,27.2727,0.0799,0.8788
af414fe9,bull,s41|s30,2,0.0553638852,0.0158628514,-0.6998,0.0,-13.1832,47,25.5319,0.032192,12,0.2553,85053.9,8.5054,33.3333,0.7879,9.4553,12,0.2553,19738.09,1.9738,25.0,0.1944,2.3326,23,0.4894,-16730.76,-1.6731,21.7391,-0.0379,-0.8712
d0ea7e46,bear,s76|s25|s26,3,0.018139992,0.0105217915,4.3175,0.0,-1.3489,8,62.5,0.032116,4,0.5,15004.22,1.5004,50.0,0.3809,1.5236,1,0.125,18414.38,1.8414,100.0,1.814,1.814,3,0.375,26186.73,2.6187,66.6667,0.8586,2.5758
663af944,bear,s20|s72|s19|s76,4,0.0246580387,0.0161465341,-8.8807,0.0,-18.2325,54,40.7407,0.032002,11,0.2037,-12957.95,-1.2958,36.3636,-0.1309,-1.4394,19,0.3519,-64260.3,-6.426,31.5789,-0.3261,-6.1957,24,0.4444,90134.04,9.0134,50.0,0.4256,10.2138
46738fb1,bull,s91|s75|s93|s96,4,0.0403255799,0.0195412411,8.2199,0.0,-7.7168,10,50.0,0.031946,2,0.2,19897.44,1.9897,50.0,1.0392,2.0784,3,0.3,62949.59,6.295,66.6667,2.037,6.111,5,0.5,20357.49,2.0357,40.0,0.4405,2.2027
35e5a1cd,bear,s17|s20,2,0.0494679065,0.0154392848,6.2662,0.0,-15.9975,22,31.8182,0.031912,7,0.3182,14998.74,1.4999,28.5714,0.3106,2.1739,8,0.3636,69798.85,6.9799,37.5,0.8901,7.1207,7,0.3182,19949.19,1.9949,28.5714,0.3106,2.1739
a07f2250,bear,s13|s25,2,0.0662327281,0.015268202,5.4027,0.0,-13.0064,29,24.1379,0.031903,5,0.1724,822.86,0.0823,20.0,0.1032,0.516,9,0.3103,-57264.69,-5.7265,11.1111,-0.6213,-5.5913,15,0.5172,170982.7,17.0983,33.3333,1.1899,17.8482
c40626d0,bear,s19|s67|s52|s37,4,0.0420791225,0.009722443,-1.5599,0.0,-9.5554,49,22.449,0.031792,12,0.2449,85154.06,8.5154,33.3333,0.7545,9.0537,14,0.2857,67276.91,6.7277,28.5714,0.5078,7.1092,23,0.4694,-71436.12,-7.1436,13.0435,-0.2966,-6.8211
bbcfed31,bear,s25|s52|s98,3,0.0708611278,0.0118927847,6.2381,0.0,-13.0539,36,19.4444,0.031769,11,0.3056,-52852.48,-5.2852,9.0909,-0.437,-4.8067,12,0.3333,182934.92,18.2935,33.3333,1.5692,18.8302,13,0.3611,7060.43,0.706,15.3846,0.0839,1.0902
ede570c3,bull,s44|s12|s8|s95,4,0.0483211636,0.0143368051,-0.4295,0.0,-10.3439,34,26.4706,0.03173,12,0.3529,9043.94,0.9044,25.0,0.1328,1.5932,9,0.2647,114970.29,11.497,44.4444,1.3511,12.1601,13,0.3824,-60935.66,-6.0936,15.3846,-0.4697,-6.1063
351953fc,bear,s71|s77|s80|s37,4,0.0764216877,0.0168225815,7.9606,0.0,-13.5148,25,24.0,0.031649,7,0.28,59622.83,5.9623,28.5714,0.9819,6.873,6,0.24,86333.75,8.6334,33.3333,1.4259,8.5553,12,0.48,-22550.02,-2.255,16.6667,-0.1282,-1.5382
53d828d2,bull,s55|s46|s93,3,0.0234717269,0.0137607676,4.3497,0.0,-3.1215,9,55.5556,0.031446,3,0.3333,-5807.49,-0.5807,33.3333,-0.135,-0.405,4,0.4444,58888.02,5.8888,75.0,1.4164,5.6654,2,0.2222,8962.58,0.8963,50.0,0.4855,0.9711
fdce46d2,bear,s72|s56|s26,3,0.0414131718,0.0179578283,-4.8756,0.0,-15.7488,55,32.7273,0.031433,12,0.2182,79353.25,7.9353,41.6667,0.678,8.1361,16,0.2909,-57391.94,-5.7392,25.0,-0.3115,-4.9841,27,0.4909,38088.62,3.8089,33.3333,0.1833,4.9478
52f20195,bear,s62|s52|s56|s90,4,0.0747913858,0.01858257,16.9167,0.0,-10.325,10,40.0,0.031338,5,0.5,97705.8,9.7706,40.0,1.8767,9.3835,2,0.2,51597.33,5.1597,50.0,2.8104,5.6209,3,0.3,40228.36,4.0228,33.3333,1.2542,3.7626
e582d91b,bull,s87|s53|s32,3,0.0190009477,0.0080602696,-8.3738,0.0,-9.9032,54,31.4815,0.03124,18,0.3333,-35481.24,-3.5481,22.2222,-0.2047,-3.684,10,0.1852,50171.18,5.0171,50.0,0.547,5.4703,26,0.4815,6519.15,0.6519,30.7692,0.0266,0.6923
db3c709a,bear,s29|s50|s27,3,0.0642917404,0.0163711357,5.3602,0.0,-13.7931,27,25.9259,0.031233,6,0.2222,56774.16,5.6774,33.3333,1.0516,6.3099,8,0.2963,28524.35,2.8524,25.0,0.3795,3.0357,13,0.4815,21930.31,2.193,23.0769,0.2243,2.9164
968b6705,bull,s65|s78,2,0.033837424,0.0125801917,-0.8909,0.0,-12.3787,28,32.1429,0.031208,10,0.3571,-37226.6,-3.7227,20.0,-0.3297,-3.2967,5,0.1786,123046.46,12.3046,80.0,2.4554,12.277,13,0.4643,-25859.99,-2.586,23.0769,-0.1868,-2.429
59978e61,bull,s96|s14|s83|s21,4,0.0692042857,0.0103476292,10.3447,0.0,-6.7657,17,23.5294,0.031168,10,0.5882,53311.51,5.3312,20.0,0.5563,5.5628,2,0.1176,59090.86,5.9091,50.0,2.9428,5.8857,5,0.2941,27981.6,2.7982,20.0,0.5563,2.7814
451a2957,bear,s80|s98|s27,3,0.0271276243,0.0171109947,-7.0241,0.0,-18.096,43,39.5349,0.031149,13,0.3023,43183.76,4.3184,46.1538,0.3307,4.2989,13,0.3023,-49448.8,-4.9449,30.7692,-0.3499,-4.5488,17,0.3953,15311.17,1.5311,41.1765,0.1105,1.8783
e6fe3557,bear,s77|s20|s67,3,0.0756903379,0.0109686376,10.5541,0.0,-16.6999,31,19.3548,0.031112,8,0.2581,-11395.89,-1.1396,12.5,-0.0136,-0.109,10,0.3226,65284.21,6.5284,20.0,0.6363,6.3632,13,0.4194,117351.24,11.7351,23.0769,0.903,11.7385
8ea1a89e,bear,s61|s37|s90,3,0.0488736884,0.0128062322,4.1504,0.0,-19.9612,109,24.7706,0.03103,33,0.3028,185624.23,18.5624,30.303,0.5885,19.4194,30,0.2752,92732.25,9.2732,26.6667,0.3642,10.9252,46,0.422,-40865.19,-4.0865,19.5652,-0.0738,-3.3967
51cefaef,bear,s16|s99|s28,3,0.0380471709,0.0112255692,0.3777,0.0,-10.2817,29,27.5862,0.030986,18,0.6207,40776.7,4.0777,27.7778,0.2461,4.4303,5,0.1724,-8586.54,-0.8587,20.0,-0.1371,-0.6855,6,0.2069,29299.87,2.93,33.3333,0.5199,3.1192
95df5fab,bear,s22|s31|s85,3,0.0589547374,0.017159782,6.3485,0.0,-12.6638,20,30.0,0.030961,1,0.05,-18950.05,-1.895,0.0,-1.716,-1.716,5,0.25,-88356.14,-8.8356,0.0,-1.716,-8.5799,14,0.7,212901.05,21.2901,42.8571,1.5461,21.645
9b57016c,bull,s21|s65,2,0.0256736105,0.0080325005,3.6893,0.0,-3.7138,13,38.4615,0.03094,8,0.6154,36628.97,3.6629,37.5,0.4607,3.6858,2,0.1538,17490.09,1.749,50.0,0.8821,1.7641,3,0.2308,9456.89,0.9457,33.3333,0.3203,0.9609
019dea83,bear,s77|s37|s80,3,0.0257974485,0.0122366298,-3.1395,0.0,-22.8676,166,37.3494,0.030887,50,0.3012,96646.34,9.6646,38.0,0.2216,11.0816,43,0.259,72791.23,7.2791,37.2093,0.1916,8.237,73,0.4398,128660.97,12.8661,36.9863,0.1831,13.3646
6c501135,bear,s89|s25|s76,3,0.0195737865,0.0109146379,0.0565,0.0,-6.3213,14,42.8571,0.030753,7,0.5,14437.4,1.4437,42.8571,0.2152,1.5063,4,0.2857,48102.18,4.8102,75.0,1.1952,4.7807,3,0.2143,-33589.66,-3.359,0.0,-1.0915,-3.2744
fc838efe,bear,s90|s76|s56,3,0.0658351724,0.0177248219,13.6564,0.0,-7.0733,10,40.0,0.030681,3,0.3,118220.3,11.822,66.6667,3.7982,11.3946,4,0.4,6728.6,0.6729,25.0,0.3165,1.2661,3,0.3,32676.15,3.2676,33.3333,1.0129,3.0386
7bcb6159,bear,s25|s99|s27,3,0.0487227367,0.0140969467,-0.6677,0.0,-14.919,50,26.0,0.030572,13,0.26,6087.02,0.6087,23.0769,0.04,0.5199,12,0.24,72214.22,7.2214,33.3333,0.6843,8.2115,25,0.5,17926.17,1.7926,24.0,0.098,2.4494
4d6d4172,bear,s100|s89|s27,3,0.0676113717,0.0142566776,5.4998,0.0,-10.8382,26,23.0769,0.030532,8,0.3077,130804.87,13.0805,37.5,1.6444,13.1551,12,0.4615,-96948.74,-9.6949,8.3333,-0.7434,-8.9212,6,0.2308,74465.69,7.4466,33.3333,1.3033,7.8196
df99a441,bear,s98|s90|s86,3,0.0653446318,0.0182867082,9.1164,0.0,-11.8612,17,29.4118,0.0303,7,0.4118,32278.62,3.2279,28.5714,0.5608,3.9256,3,0.1765,26979.39,2.6979,33.3333,0.959,2.8771,7,0.4118,40274.24,4.0274,28.5714,0.5608,3.9256
cb1d6b13,bear,s89|s25|s16,3,0.0688108896,0.0128338536,8.2122,0.0,-21.2654,48,20.8333,0.03029,10,0.2083,-52753.07,-5.2753,10.0,-0.4669,-4.6694,18,0.375,85931.54,8.5932,22.2222,0.5309,9.557,20,0.4167,153099.04,15.3099,25.0,0.7577,15.1547
f3d7667d,bull,s53|s21|s30|s88,4,0.0414562647,0.018171836,5.2036,0.0,-6.6073,12,41.6667,0.030238,4,0.3333,-16111.04,-1.6111,25.0,-0.3265,-1.3059,3,0.25,1789.57,0.179,33.3333,0.1704,0.5113,5,0.4167,90941.17,9.0941,60.0,1.7605,8.8025
5ee34966,bear,s90|s66|s61|s13|s80,5,0.0493084527,0.0130668615,2.0189,0.0,-10.0188,27,25.9259,0.03013,5,0.1852,-65412.3,-6.5412,0.0,-1.3067,-6.5334,10,0.3704,-64212.63,-6.4213,10.0,-0.6829,-6.8293,12,0.4444,202806.52,20.2807,50.0,1.8121,21.745
eea2094e,bear,s100|s16|s26,3,0.044937493,0.0089055276,10.7818,0.0,-4.161,10,40.0,0.030129,4,0.4,126968.99,12.6969,75.0,3.1477,12.5907,4,0.4,-37607.86,-3.7608,0.0,-0.8906,-3.5622,2,0.2,39378.37,3.9378,50.0,1.8016,3.6032
7e0d25be,bull,s83|s6|s96|s74,4,0.0572470423,0.0181809582,5.9167,0.0,-13.101,19,31.5789,0.030058,7,0.3684,91880.22,9.188,42.8571,1.4145,9.9017,3,0.1579,21826.63,2.1827,33.3333,0.6962,2.0885,9,0.4737,-16248.3,-1.6248,22.2222,-0.1419,-1.2773
2279eb7b,bull,s38|s96|s1|s75,4,0.0553731759,0.0131356742,7.0155,0.0,-13.8862,22,27.2727,0.030017,7,0.3182,-26348.94,-2.6349,14.2857,-0.3349,-2.3441,5,0.2273,140547.15,14.0547,60.0,2.797,13.9848,10,0.4545,3670.37,0.367,20.0,0.0566,0.5661
da9f7def,bull,s54|s45|s42|s78,4,0.0319059173,0.0180733974,-0.5687,0.0,-5.891,15,40.0,0.030016,6,0.4,-10339.91,-1.034,33.3333,-0.1414,-0.8482,4,0.2667,76991.92,7.6992,75.0,1.9411,7.7644,5,0.3333,-42318.75,-4.2319,20.0,-0.8078,-4.0388
41504272,bear,s31|s57|s27,3,0.0364350557,0.0128474608,-3.774,0.0,-12.7426,45,28.8889,0.030009,5,0.1111,-13488.29,-1.3488,20.0,-0.2991,-1.4955,18,0.4,-37265.13,-3.7265,22.2222,-0.1896,-3.4124,22,0.4889,100997.88,10.0998,36.3636,0.5073,11.1616
dc976d06,bear,s85|s61|s100,3,0.0368578351,0.0109261947,2.864,0.0,-3.8897,16,31.25,0.029932,7,0.4375,66373.98,6.6374,42.8571,0.9553,6.6869,6,0.375,-19753.99,-1.9754,16.6667,-0.2962,-1.7773,3,0.1875,14028.57,1.4029,33.3333,0.5002,1.5005
a151157d,bull,s83|s38|s27,3,0.0509425735,0.0106233971,3.3055,0.0,-8.3133,26,23.0769,0.029907,7,0.2692,-17522.07,-1.7522,14.2857,-0.1828,-1.2798,10,0.3846,78231.35,7.8231,30.0,0.7846,7.8464,9,0.3462,25228.28,2.5228,22.2222,0.3058,2.7521
b1ffb7f6,bull,s74|s60|s54|s68,4,0.0268683789,0.0113414469,2.9142,0.0,-4.1626,12,41.6667,0.029801,4,0.3333,-7630.19,-0.763,25.0,-0.1789,-0.7156,4,0.3333,68452.11,6.8452,75.0,1.7316,6.9264,4,0.3333,-7674.09,-0.7674,25.0,-0.1789,-0.7156
b0c09850,bull,s12|s55,2,0.0209760292,0.0099832372,2.183,0.0,-3.2176,11,45.4545,0.029797,5,0.4545,11571.28,1.1571,40.0,0.24,1.2002,4,0.3636,21627.75,2.1628,50.0,0.5496,2.1986,2,0.1818,10746.38,1.0746,50.0,0.5496,1.0993
72f91a60,bull,s74|s79|s47,3,0.0239186671,0.0080669206,-1.0083,0.0,-7.6292,23,30.4348,0.029616,9,0.3913,-9126.29,-0.9126,22.2222,-0.0959,-0.8631,3,0.1304,7488.19,0.7488,33.3333,0.2595,0.7785,11,0.4783,35901.44,3.5901,36.3636,0.3564,3.9206
f21b2aea,bear,s61|s98|s27,3,0.0693783048,0.0120581023,9.6216,0.0,-22.4099,72,19.4444,0.02959,14,0.1944,-6636.17,-0.6636,14.2857,-0.0424,-0.5941,21,0.2917,56633.75,5.6634,19.0476,0.3454,7.2525,37,0.5139,199685.98,19.9686,21.6216,0.555,20.5341
ae4deb37,bull,s34|s33|s38|s15,4,0.075819183,0.013306103,6.2485,0.0,-15.8244,41,19.5122,0.029567,16,0.3902,41275.5,4.1275,18.75,0.3405,5.4478,10,0.2439,51735.35,5.1735,20.0,0.4519,4.519,15,0.3659,53292.89,5.3293,20.0,0.4519,6.7784
92cd70b7,bear,s37|s23|s90|s19,4,0.0460070022,0.0147442164,12.9325,0.0,-4.161,7,57.1429,0.029495,2,0.2857,93944.69,9.3945,100.0,4.6007,9.2014,3,0.4286,82077.97,8.2078,66.6667,2.5757,7.727,2,0.2857,-31840.14,-3.184,0.0,-1.4744,-2.9488
b1b0d19a,bull,s34|s21,2,0.0460215877,0.0177361585,-2.9505,0.0,-15.3307,42,30.9524,0.029453,14,0.3333,-57913.77,-5.7914,21.4286,-0.4074,-5.7033,12,0.2857,-33663.86,-3.3664,25.0,-0.1797,-2.1561,16,0.381,158308.64,15.8309,43.75,1.0158,16.2526
9f63498d,bull,s75|s88|s55,3,0.0501955762,0.0132823675,10.0404,0.0,-4.5207,10,40.0,0.02932,4,0.4,8042.08,0.8042,25.0,0.2587,1.0348,4,0.4,75850.58,7.5851,50.0,1.8457,7.3826,2,0.2,36862.95,3.6863,50.0,1.8457,3.6913
e22f47cb,bear,s28|s86|s101,3,0.0512546832,0.0188304403,4.7813,0.0,-26.6363,45,31.1111,0.029295,17,0.3778,-55818.26,-5.5818,23.5294,-0.234,-3.9777,12,0.2667,55242.19,5.5242,33.3333,0.4531,5.4375,16,0.3556,121060.0,12.106,37.5,0.7451,11.9224
3eab38e0,bear,s20|s90|s26,3,0.0292875232,0.0122370565,-1.391,0.0,-11.1482,24,33.3333,0.029276,8,0.3333,-17670.91,-1.7671,25.0,-0.1856,-1.4847,9,0.375,14166.85,1.4167,33.3333,0.1604,1.444,7,0.2917,39050.32,3.905,42.8571,0.5559,3.8914
ceb8e40c,bear,s17|s67|s77|s86|s20,5,0.056924186,0.0153952455,4.1765,0.0,-13.7394,26,26.9231,0.029254,7,0.2692,31486.8,3.1487,28.5714,0.5267,3.6872,9,0.3462,144308.01,14.4308,44.4444,1.6747,15.0721,10,0.3846,-83156.17,-8.3156,10.0,-0.8163,-8.1633
ab7dae2e,bull,s95|s40|s87,3,0.0245470515,0.0142257614,-2.3571,0.0,-8.7936,18,38.8889,0.029109,7,0.3889,-22808.03,-2.2808,28.5714,-0.3148,-2.2035,2,0.1111,8657.79,0.8658,50.0,0.5161,1.0321,9,0.5,25377.77,2.5378,44.4444,0.3007,2.7059
031af72d,bull,s8|s83|s43|s54,4,0.0215231864,0.0106754543,-3.0004,0.0,-6.7452,20,35.0,0.029105,7,0.35,-11859.46,-1.1859,28.5714,-0.1476,-1.0331,5,0.25,41603.88,4.1604,60.0,0.8644,4.3219,8,0.4,-20692.63,-2.0693,25.0,-0.2626,-2.1006
41ab67ea,bear,s77|s29|s13,3,0.0312119141,0.0176229208,-8.3323,0.0,-16.4898,51,37.2549,0.028966,11,0.2157,-48405.31,-4.8405,27.2727,-0.4304,-4.7348,17,0.3333,-58148.63,-5.8149,29.4118,-0.326,-5.5415,23,0.451,122386.24,12.2386,47.8261,0.5733,13.1856
48dcbd3a,bear,s89|s98|s19,3,0.0368104794,0.0195858573,4.0998,0.0,-7.0619,11,45.4545,0.028947,6,0.5455,108148.49,10.8148,66.6667,1.8012,10.807,3,0.2727,-2028.31,-0.2028,33.3333,-0.0787,-0.2361,2,0.1818,-41978.45,-4.1978,0.0,-1.9586,-3.9172
7413c50d,bull,s74|s4,2,0.0473664337,0.0160438216,0.6636,0.0,-16.1309,34,29.4118,0.028898,11,0.3235,66394.69,6.6395,36.3636,0.7014,7.7159,7,0.2059,74866.87,7.4867,42.8571,1.1132,7.7924,16,0.4706,-67689.09,-6.7689,18.75,-0.4154,-6.647
0ad1332a,bull,s38|s40|s34|s46,4,0.0667102321,0.0099302587,5.3396,0.0,-10.7876,33,18.1818,0.028737,13,0.3939,-52657.08,-5.2657,7.6923,-0.4035,-5.2453,6,0.1818,89014.21,8.9014,33.3333,1.5617,9.3699,14,0.4242,83710.33,8.371,21.4286,0.6493,9.0898
5273c3fd,bull,s74|s95|s78|s45|s55,5,0.0416441198,0.0190479986,11.9339,0.0,-3.0759,6,66.6667,0.028621,2,0.3333,19845.61,1.9846,50.0,1.1298,2.2596,3,0.5,133019.69,13.302,100.0,4.1644,12.4932,1,0.1667,-20564.42,-2.0564,0.0,-1.9048,-1.9048
6a6a8868,bull,s74|s96,2,0.0428341926,0.0113065607,1.1905,0.0,-13.6775,35,25.7143,0.028611,12,0.3429,21237.23,2.1237,25.0,0.2229,2.6744,7,0.2,26664.83,2.6665,28.5714,0.4162,2.9136,16,0.4571,33065.26,3.3065,25.0,0.2229,3.5658
351901f2,bear,s81|s101|s90,3,0.0605541209,0.0105725278,6.5037,0.0,-18.8215,61,19.6721,0.028567,28,0.459,121529.02,12.1529,21.4286,0.4669,13.0729,17,0.2787,93987.94,9.3988,23.5294,0.6163,10.4774,16,0.2623,-17940.7,-1.7941,12.5,-0.1682,-2.6907
21dd006d,bear,s13|s25|s22,3,0.0330975979,0.0133699577,-4.9385,0.0,-12.0009,39,30.7692,0.02851,6,0.1538,-33503.26,-3.3503,16.6667,-0.5625,-3.3752,16,0.4103,14090.94,1.4091,31.25,0.1151,1.8418,17,0.4359,46686.76,4.6687,35.2941,0.303,5.1516
41d2ae0e,bull,s53|s10|s91|s83|s63,5,0.0336637902,0.0125753524,1.0855,0.0,-8.4175,18,33.3333,0.028472,5,0.2778,-17663.78,-1.7664,20.0,-0.3328,-1.6638,5,0.2778,75950.66,7.5951,60.0,1.5168,7.5841,8,0.4444,-11044.25,-1.1044,25.0,-0.1016,-0.8125
d9ea8d05,bear,s62|s80|s26,3,0.0409695765,0.0125551467,8.2881,0.0,-2.9292,9,44.4444,0.028386,4,0.4444,58343.8,5.8344,50.0,1.4207,5.6829,1,0.1111,-13782.72,-1.3783,0.0,-1.2555,-1.2555,4,0.4444,57077.2,5.7077,50.0,1.4207,5.6829
4c769f22,bear,s90|s22|s57,3,0.0249476809,0.0107917176,1.0529,0.0,-3.788,13,38.4615,0.02814,2,0.1538,14188.52,1.4189,50.0,0.7078,1.4156,7,0.5385,29916.07,2.9916,42.8571,0.4525,3.1676,4,0.3077,-7860.81,-0.7861,25.0,-0.1857,-0.7427
712b20cc,bull,s38|s83|s36|s1,4,0.0544622649,0.0156701572,6.1219,0.0,-10.1263,16,31.25,0.028115,9,0.5625,-141359.0,-14.1359,0.0,-1.567,-14.1031,4,0.25,141367.02,14.1367,75.0,3.6929,14.7717,3,0.1875,93184.19,9.3184,66.6667,3.1085,9.3254
07f0fbb6,bear,s31|s49|s37,3,0.0750527916,0.0138038511,4.8732,0.0,-13.1475,35,20.0,0.028035,10,0.2857,-58628.92,-5.8629,10.0,-0.4918,-4.9182,11,0.3143,22686.16,2.2686,18.1818,0.2352,2.5871,14,0.4,155257.04,15.5257,28.5714,1.1584,16.2173
c629510a,bull,s75|s30,2,0.0579043399,0.0152455361,4.6793,0.0,-8.1133,18,27.7778,0.027976,3,0.1667,25673.78,2.5674,33.3333,0.9138,2.7413,6,0.3333,53451.63,5.3452,33.3333,0.9138,5.4827,9,0.5,6107.77,0.6108,22.2222,0.101,0.909
ed14c6e9,bear,s98|s90|s61,3,0.0351703046,0.0186960657,-4.6416,0.0,-16.0492,33,36.3636,0.027969,11,0.3333,927.96,0.0928,36.3636,0.0892,0.9809,11,0.3333,58159.77,5.816,45.4545,0.5789,6.3675,11,0.3333,-42271.92,-4.2272,27.2727,-0.4005,-4.4058
98fd3be6,bull,s38|s15,2,0.0493349237,0.017917843,5.1334,0.0,-9.3924,14,35.7143,0.02786,7,0.5,-60003.47,-6.0003,14.2857,-0.831,-5.8172,4,0.2857,126398.61,12.6399,75.0,3.2522,13.0087,3,0.2143,12801.24,1.2801,33.3333,0.45,1.3499
581b3aee,bear,s97|s81|s27,3,0.0303338028,0.0097785895,-2.0774,0.0,-10.8834,32,28.125,0.027786,10,0.3125,-19019.94,-1.902,20.0,-0.1756,-1.7561,13,0.4062,106069.15,10.6069,46.1538,0.8735,11.3553,9,0.2812,-46138.7,-4.6139,11.1111,-0.5322,-4.7895
47cd9f13,bear,s20|s31|s29,3,0.0568391084,0.012410296,2.0971,0.0,-12.2204,36,22.2222,0.027644,10,0.2778,9138.04,0.9138,20.0,0.144,1.4396,11,0.3056,768.44,0.0768,18.1818,0.0181,0.1986,15,0.4167,83117.75,8.3118,26.6667,0.6056,9.0843
6a53885a,bear,s31|s85|s61,3,0.049099195,0.0119365548,1.5257,0.0,-15.9452,46,23.913,0.027606,9,0.1957,13492.61,1.3493,22.2222,0.1627,1.4643,13,0.2826,-32641.17,-3.2641,15.3846,-0.2546,-3.3104,24,0.5217,123278.83,12.3279,29.1667,0.5866,14.0773
bddb02cb,bear,s23|s72|s16|s13,4,0.0290556151,0.0110496443,-5.8702,0.0,-10.2701,41,29.2683,0.027481,4,0.0976,-4786.37,-0.4786,25.0,-0.1023,-0.4093,23,0.561,-54701.46,-5.4701,21.7391,-0.2331,-5.3616,14,0.3415,80031.73,8.0032,42.8571,0.6138,8.5937
d1182f14,bear,s51|s13|s80|s28|s25,5,0.0337507985,0.0168999323,-3.7023,0.0,-15.7776,31,35.4839,0.027472,9,0.2903,-101733.72,-10.1734,11.1111,-1.1272,-10.1449,10,0.3226,-22910.72,-2.2911,30.0,-0.1705,-1.7047,12,0.3871,149346.36,14.9346,58.3333,1.2646,15.1756
5acdece4,bull,s36|s12|s74|s92,4,0.0569582417,0.0152401126,4.3575,0.0,-12.281,22,27.2727,0.027458,2,0.0909,115106.1,11.5106,100.0,5.6958,11.3916,8,0.3636,20613.45,2.0613,25.0,0.2809,2.2476,12,0.5455,-44490.78,-4.4491,16.6667,-0.3207,-3.8485
c526df67,bull,s54|s42|s69|s44,4,0.022284631,0.0139472203,-11.3581,0.0,-14.6055,54,38.8889,0.027418,18,0.3333,-36181.35,-3.6181,33.3333,-0.187,-3.3659,16,0.2963,92564.62,9.2565,56.25,0.6433,10.2931,20,0.3704,-56937.87,-5.6938,30.0,-0.3078,-6.1553
71f54478,bear,s90|s62|s80,3,0.0278357476,0.0085385171,2.1859,0.0,-5.8304,15,33.3333,0.027376,5,0.3333,29734.91,2.9735,40.0,0.6011,3.0056,5,0.3333,29392.09,2.9392,40.0,0.6011,3.0056,5,0.3333,-7115.37,-0.7115,20.0,-0.1264,-0.6318
7e3a407d,bear,s20|s66|s90,3,0.0685905301,0.0129821321,11.2869,0.0,-11.0488,14,28.5714,0.02736,5,0.3571,14298.6,1.4299,20.0,0.3332,1.6662,6,0.4286,85863.33,8.5863,33.3333,1.4209,8.5253,3,0.2143,41645.03,4.1645,33.3333,1.4209,4.2626
0da60f57,bull,s87|s42|s75|s33,4,0.0591776515,0.0135805745,3.71,0.0,-15.0939,34,23.5294,0.0273,9,0.2647,18432.95,1.8433,22.2222,0.2588,2.3291,9,0.2647,94313.74,9.4314,33.3333,1.0672,9.605,16,0.4706,-5436.8,-0.5437,18.75,0.0062,0.0985
c785fd16,bull,s93|s1|s12|s42,4,0.0713145426,0.0181372812,7.3026,0.0,-12.3054,18,27.7778,0.027226,7,0.3889,46151.45,4.6151,28.5714,0.742,5.1943,4,0.2222,108938.69,10.8939,50.0,2.6589,10.6355,7,0.3889,-43339.4,-4.3339,14.2857,-0.5358,-3.7509
5ab3c9e6,bear,s17|s77|s26,3,0.0405303804,0.0114932616,-0.5169,0.0,-14.7209,42,26.1905,0.027167,10,0.2381,38947.26,3.8947,30.0,0.4114,4.1138,13,0.3095,56549.38,5.6549,30.7692,0.4514,5.8682,19,0.4524,-13116.51,-1.3117,21.0526,-0.0541,-1.0277
bb839aa2,bear,s23|s25|s27,3,0.0318157166,0.0158575338,-6.6167,0.0,-13.4746,38,34.2105,0.027163,6,0.1579,-1515.33,-0.1515,33.3333,0.0034,0.0201,17,0.4474,-34357.94,-3.4358,29.4118,-0.1836,-3.1212,15,0.3947,43427.14,4.3427,40.0,0.3212,4.8176
8a76562b,bull,s8|s55,2,0.0708830016,0.0136577101,7.9947,0.0,-7.4523,16,25.0,0.027079,8,0.5,-33947.11,-3.3947,12.5,-0.309,-2.4721,4,0.25,117945.43,11.7945,50.0,2.8613,11.4451,4,0.25,29583.64,2.9584,25.0,0.7477,2.991
e6fcd0c5,bear,s76|s20,2,0.0271523848,0.0116446238,8.941,0.0,-1.7443,5,80.0,0.027053,3,0.6,84068.78,8.4069,100.0,2.7152,8.1457,1,0.2,27807.55,2.7808,100.0,2.7152,2.7152,1,0.2,-12225.59,-1.2226,0.0,-1.1645,-1.1645
e438d735,bull,s54|s41|s68|s33,4,0.077329612,0.0081041903,5.8429,0.0,-5.9148,27,14.8148,0.027039,10,0.3704,-712.17,-0.0712,10.0,0.0439,0.4392,5,0.1852,44777.68,4.4778,20.0,0.8983,4.4913,12,0.4444,69305.79,6.9306,16.6667,0.6135,7.3617
55ad792f,bear,s101|s97|s57,3,0.0323411412,0.0106240493,-2.2863,0.0,-11.0136,32,28.125,0.027001,11,0.3438,94168.83,9.4169,45.4545,0.8906,9.7961,11,0.3438,55199.1,5.5199,36.3636,0.5,5.4996,10,0.3125,-107790.23,-10.779,0.0,-1.0624,-10.624
eacd6633,bear,s67|s29|s27,3,0.0748002925,0.0152468828,5.7228,0.0,-9.9201,22,22.7273,0.026978,4,0.1818,26286.63,2.6287,25.0,0.7265,2.906,6,0.2727,86632.4,8.6632,33.3333,1.4769,8.8613,12,0.5455,-11747.14,-1.1747,16.6667,-0.0239,-0.2868
3037e13b,bear,s31|s81|s16|s22,4,0.0728282825,0.0151714537,8.6795,0.0,-8.295,15,26.6667,0.02695,3,0.2,-49558.81,-4.9559,0.0,-1.5171,-4.5514,5,0.3333,-78338.09,-7.8338,0.0,-1.5171,-7.5857,7,0.4667,246186.32,24.6186,57.1429,3.5114,24.5799
76655ed7,bear,s90|s85|s66,3,0.0366163032,0.0114290537,8.5519,0.0,-5.2636,8,50.0,0.026947,4,0.5,99996.47,9.9996,75.0,2.4605,9.842,3,0.375,14214.06,1.4214,33.3333,0.4586,1.3758,1,0.125,-12221.83,-1.2222,0.0,-1.1429,-1.1429
9da70623,bear,s18|s13|s27,3,0.0569965753,0.0118552826,8.9846,0.0,-24.3636,136,21.3235,0.026818,30,0.2206,191087.1,19.1087,26.6667,0.6505,19.5156,37,0.2721,-30764.85,-3.0765,16.2162,-0.069,-2.5534,69,0.5074,185510.85,18.5511,21.7391,0.3113,21.4763
92c81102,bull,s38|s78|s40,3,0.0292146986,0.011153285,-4.803,0.0,-9.8691,34,29.4118,0.026803,13,0.3824,-24667.56,-2.4668,23.0769,-0.1838,-2.3889,7,0.2059,-38869.17,-3.8869,14.2857,-0.5386,-3.7705,14,0.4118,83689.74,8.369,42.8571,0.6147,8.6062
e80d829b,bear,s98|s76|s16,3,0.0271191327,0.0155986861,8.4902,0.0,-2.1382,5,80.0,0.026755,3,0.6,83733.24,8.3733,100.0,2.7119,8.1357,1,0.2,27772.61,2.7773,100.0,2.7119,2.7119,1,0.2,-16375.85,-1.6376,0.0,-1.5599,-1.5599
fe404d3c,bear,s86|s101|s13|s80,4,0.0374178595,0.0185746042,-3.9325,0.0,-12.3212,26,34.6154,0.026599,10,0.3846,-74113.79,-7.4114,20.0,-0.7376,-7.3761,8,0.3077,68929.69,6.893,50.0,0.9422,7.5373,8,0.3077,18004.51,1.8005,37.5,0.2423,1.9381
38dc640a,bear,s23|s89|s27,3,0.0410981237,0.0098339902,3.7737,0.0,-8.2484,18,27.7778,0.026526,6,0.3333,44115.46,4.4115,33.3333,0.7143,4.286,8,0.4444,-31234.99,-3.1235,12.5,-0.3467,-2.774,4,0.2222,62412.75,6.2413,50.0,1.5632,6.2528
114ecefd,bear,s16|s85|s28,3,0.0367326332,0.0107046239,6.1705,0.0,-4.1666,10,40.0,0.026436,4,0.4,99671.4,9.9671,75.0,2.4873,9.9493,4,0.4,-43563.43,-4.3563,0.0,-1.0705,-4.2818,2,0.2,25755.8,2.5756,50.0,1.3014,2.6028
cf4409d3,bear,s81|s23|s28,3,0.0560823955,0.0193563798,4.8652,0.0,-10.452,15,33.3333,0.026431,8,0.5333,-9969.15,-0.9969,25.0,-0.0497,-0.3973,6,0.4,110267.74,11.0268,50.0,1.8363,11.0178,1,0.0667,-20138.04,-2.0138,0.0,-1.9356,-1.9356
1910d7bd,bear,s28|s86|s66,3,0.0349939562,0.0083932705,3.7661,0.0,-8.8019,17,29.4118,0.026144,10,0.5882,4006.84,0.4007,20.0,0.0284,0.2842,2,0.1176,-16455.01,-1.6455,0.0,-0.8393,-1.6787,5,0.2941,82992.91,8.2993,60.0,1.7639,8.8195
31e6a3e1,bear,s98|s81|s61,3,0.0792508162,0.0129269515,7.3926,0.0,-12.4689,25,20.0,0.026082,9,0.36,-29683.5,-2.9684,11.1111,-0.2685,-2.4165,7,0.28,90507.61,9.0508,28.5714,1.341,9.3867,9,0.36,63623.6,6.3624,22.2222,0.7557,6.8013
1a14f93c,bull,s6|s65,2,0.0399562505,0.0093713246,0.9467,0.0,-15.7374,46,23.913,0.026049,21,0.4565,-56531.78,-5.6532,14.2857,-0.2325,-4.8815,6,0.1304,91479.1,9.1479,50.0,1.5292,9.1755,19,0.413,69196.59,6.9197,26.3158,0.361,6.8583
f7d07329,bear,s100|s23|s52,3,0.051608666,0.0129510049,3.5065,0.0,-11.9128,23,26.087,0.026012,9,0.3913,73037.79,7.3038,33.3333,0.8569,7.712,8,0.3478,-107238.02,-10.7238,0.0,-1.2951,-10.3608,6,0.2609,116476.28,11.6476,50.0,1.9329,11.5973
6b97633d,bear,s97|s101|s76,3,0.026603233,0.0134804882,6.8259,0.0,-3.54,6,66.6667,0.026002,4,0.6667,67191.22,6.7191,75.0,1.6582,6.6329,1,0.1667,27230.56,2.7231,100.0,2.6603,2.6603,1,0.1667,-13919.06,-1.3919,0.0,-1.348,-1.348
146337b9,bear,s18|s61|s26,3,0.0744538871,0.0161700524,12.4757,0.0,-30.9329,61,22.9508,0.025957,11,0.1803,92382.67,9.2383,27.2727,0.8546,9.4001,18,0.2951,-37827.75,-3.7828,16.6667,-0.1066,-1.9189,32,0.5246,210255.25,21.0255,25.0,0.6486,20.755
bff1b580,bull,s75|s33|s30|s87,4,0.0424212275,0.0143082676,-0.2172,0.0,-10.8528,24,29.1667,0.025955,4,0.1667,-1843.8,-0.1844,25.0,-0.0126,-0.0504,9,0.375,39080.01,3.908,33.3333,0.4602,4.1414,11,0.4583,9409.5,0.941,27.2727,0.1163,1.2798
e9909380,bull,s70|s93|s55|s42,4,0.0652758163,0.0123916133,5.8484,0.0,-6.0403,17,23.5294,0.025793,8,0.4706,-28825.36,-2.8825,12.5,-0.2683,-2.1465,5,0.2941,95079.9,9.508,40.0,1.8675,9.3377,4,0.2353,27869.58,2.787,25.0,0.7025,2.8101
25f337d2,bear,s90|s97|s27,3,0.056025218,0.0102017499,4.2828,0.0,-14.7491,41,19.5122,0.025765,12,0.2927,71592.69,7.1593,25.0,0.6355,7.626,16,0.3902,23183.11,2.3183,18.75,0.2216,3.5453,13,0.3171,176.41,0.0176,15.3846,-0.0013,-0.0169
956e7504,bear,s85|s61|s49|s18,4,0.037147735,0.0143113555,7.5095,0.0,-6.3659,8,50.0,0.02575,4,0.5,46369.99,4.637,50.0,1.1418,4.5673,1,0.125,37110.61,3.7111,100.0,3.7148,3.7148,3,0.375,8025.29,0.8025,33.3333,0.2842,0.8525
28969ef3,bear,s101|s90|s28|s51,4,0.0481666691,0.0125307932,5.1322,0.0,-11.0489,17,29.4118,0.02571,7,0.4118,-35544.88,-3.5545,14.2857,-0.386,-2.7018,7,0.4118,32442.36,3.2442,28.5714,0.4811,3.3679,3,0.1765,91280.28,9.128,66.6667,2.7934,8.3803
81c1d7f4,bull,s75|s60|s53|s95,4,0.07452489,0.0164241328,7.826,0.0,-8.547,15,26.6667,0.025699,4,0.2667,22027.25,2.2027,25.0,0.6313,2.5252,5,0.3333,100716.68,10.0717,40.0,1.9955,9.9777,6,0.4,-12746.93,-1.2747,16.6667,-0.1266,-0.7596
ac615c54,bear,s101|s49|s90|s16,4,0.0658275097,0.0121289407,7.9792,0.0,-8.9485,16,25.0,0.025623,7,0.4375,-9528.85,-0.9529,14.2857,-0.0992,-0.6946,5,0.3125,95095.03,9.5095,40.0,1.9054,9.5268,4,0.25,27115.26,2.7115,25.0,0.736,2.9441
e0b1d2dc,bear,s101|s77|s31|s37,4,0.0484672529,0.0130535518,-0.1368,0.0,-16.2791,72,25.0,0.025616,22,0.3056,133342.16,13.3342,31.8182,0.6521,14.3467,18,0.25,2676.6,0.2677,22.2222,0.0618,1.1119,32,0.4444,3067.0,0.3067,21.875,0.0404,1.2932
f3120441,bull,s75|s79|s33|s69,4,0.0292657762,0.0146228735,-6.3661,0.0,-16.4862,43,34.8837,0.025566,8,0.186,-30897.76,-3.0898,25.0,-0.3651,-2.9206,13,0.3023,70566.67,7.0567,46.1538,0.5633,7.3235,22,0.5116,-15244.23,-1.5244,31.8182,-0.0658,-1.4483
31259c55,bull,s12|s43|s53|s75,4,0.0385927947,0.011997349,-0.8498,0.0,-11.7719,29,27.5862,0.025545,8,0.2759,-46302.27,-4.6302,12.5,-0.5674,-4.5389,9,0.3103,91535.91,9.1536,44.4444,1.0487,9.4384,12,0.4138,5054.64,0.5055,25.0,0.065,0.7802
e549209f,bear,s72|s77|s27,3,0.0568974564,0.0138062381,10.3001,0.0,-29.2233,100,24.0,0.025531,24,0.24,166331.29,16.6331,29.1667,0.6816,16.3576,20,0.2,132859.02,13.2859,30.0,0.7405,14.8097,56,0.56,-1786.64,-0.1787,19.6429,0.0082,0.4591
a34d5859,bear,s25|s31|s13,3,0.0644413091,0.017887878,4.3922,0.0,-19.8242,34,26.4706,0.025505,6,0.1765,-32022.48,-3.2022,16.6667,-0.4166,-2.4998,9,0.2647,-80355.89,-8.0356,11.1111,-0.874,-7.8662,19,0.5588,228375.22,22.8375,36.8421,1.2444,23.6435
90a35866,bull,s12|s10|s2|s93,4,0.0563697764,0.01894132,5.4389,0.0,-12.2659,15,33.3333,0.025487,5,0.3333,53219.73,5.322,40.0,1.1183,5.5916,4,0.2667,76063.62,7.6064,50.0,1.8714,7.4857,6,0.4,-42820.48,-4.282,16.6667,-0.6389,-3.8337
86136b46,bear,s76|s101,2,0.0243577016,0.0139088484,5.8004,0.0,-3.6239,6,66.6667,0.02548,4,0.6667,59622.8,5.9623,75.0,1.4791,5.9164,1,0.1667,24877.43,2.4877,100.0,2.4358,2.4358,1,0.1667,-14292.24,-1.4292,0.0,-1.3909,-1.3909
8bca06ab,bear,s89|s16|s27,3,0.0261682358,0.0142924733,-9.5365,0.0,-15.7233,65,36.9231,0.025453,18,0.2769,64142.7,6.4143,44.4444,0.369,6.6421,27,0.4154,-100730.73,-10.0731,25.9259,-0.3803,-10.2672,20,0.3077,66139.44,6.6139,45.0,0.3915,7.8297
74aaa44a,bear,s57|s50|s90,3,0.0409059522,0.0161139056,0.9732,0.0,-11.0645,18,33.3333,0.025452,6,0.3333,-38677.8,-3.8678,16.6667,-0.6611,-3.9664,8,0.4444,37462.63,3.7463,37.5,0.5269,4.2148,4,0.2222,45072.57,4.5073,50.0,1.2396,4.9584
4259eb8c,bear,s97|s31|s27,3,0.0621989341,0.010842678,4.1413,0.0,-11.4519,30,20.0,0.025326,2,0.0667,-21524.58,-2.1525,0.0,-1.0843,-2.1685,10,0.3333,34187.07,3.4187,20.0,0.3766,3.7656,18,0.6,88281.1,8.8281,22.2222,0.5389,9.6998
a4b85be8,bull,s21|s42|s96|s79,4,0.0485099314,0.0133067654,3.0651,0.0,-8.7835,17,29.4118,0.025209,7,0.4118,28789.64,2.879,28.5714,0.4355,3.0486,5,0.2941,-8106.58,-0.8107,20.0,-0.0943,-0.4717,5,0.2941,57679.32,5.7679,40.0,1.142,5.71
109b9da9,bull,s54|s47|s74,3,0.0669719697,0.009505858,11.3619,0.0,-3.406,10,30.0,0.025046,4,0.4,117259.55,11.726,50.0,2.8733,11.4932,2,0.2,-20694.15,-2.0694,0.0,-0.9506,-1.9012,4,0.4,38095.82,3.8096,25.0,0.9614,3.8454
9d357f27,bear,s77|s80|s23,3,0.0649666119,0.0097079877,3.9648,0.0,-12.3523,40,17.5,0.025042,13,0.325,13795.42,1.3795,15.3846,0.178,2.3145,9,0.225,-12058.77,-1.2059,11.1111,-0.1411,-1.2697,18,0.45,121664.08,12.1664,22.2222,0.6886,12.3955
8062f353,bull,s78|s58,2,0.0367323089,0.0118534451,-1.9091,0.0,-14.1473,35,28.5714,0.024945,11,0.3143,-37099.36,-3.7099,18.1818,-0.302,-3.3216,6,0.1714,119745.88,11.9746,66.6667,2.0537,12.3222,18,0.5143,-20962.81,-2.0963,22.2222,-0.1057,-1.9019
eaac09eb,bull,s79|s38|s42,3,0.0759657237,0.0185862496,3.0329,0.0,-13.848,29,24.1379,0.024941,11,0.3793,-26526.11,-2.6526,18.1818,-0.1395,-1.5345,7,0.2414,151738.65,15.1739,42.8571,2.1936,15.3552,11,0.3793,-25448.82,-2.5449,18.1818,-0.1395,-1.5345
d2ebe7fd,bull,s58|s41|s92|s74|s48,5,0.0543565235,0.0171778941,2.8347,0.0,-15.7309,24,29.1667,0.02479,7,0.2917,20236.49,2.0236,28.5714,0.3261,2.2824,5,0.2083,124740.21,12.474,60.0,2.5743,12.8714,12,0.5,-67091.57,-6.7092,16.6667,-0.5255,-6.3066
25d5db28,bear,s100|s90|s77|s66,4,0.0243186928,0.0114573992,3.4702,0.0,-3.2748,8,50.0,0.024649,3,0.375,36564.31,3.6564,66.6667,1.2393,3.718,5,0.625,14171.85,1.4172,40.0,0.2853,1.4265,0,0.0,0.0,0.0,0.0,0.0,0.0
be1d4327,bull,s15|s96,2,0.0719340401,0.014403172,6.596,0.0,-13.0599,21,23.8095,0.024626,13,0.619,62783.24,6.2783,23.0769,0.5521,7.177,0,0.0,0.0,0.0,0.0,0.0,0.0,8,0.381,59684.35,5.9684,25.0,0.7181,5.7449
ed43a329,bull,s15|s55|s12|s21,4,0.0798659028,0.0190792254,17.4356,0.0,-4.9795,6,50.0,0.024576,4,0.6667,24993.43,2.4993,25.0,0.5657,2.2628,1,0.1667,78107.33,7.8107,100.0,7.9866,7.9866,1,0.1667,84177.02,8.4177,100.0,7.9866,7.9866
5850f824,bear,s81|s37|s97,3,0.0342369546,0.0163148203,-4.6022,0.0,-12.0825,27,33.3333,0.024486,12,0.4444,-92058.5,-9.2059,16.6667,-0.789,-9.4674,7,0.2593,79450.27,7.945,57.1429,1.2572,8.8003,8,0.2963,17600.38,1.76,37.5,0.2642,2.1137
a3307691,bear,s19|s99|s66,3,0.0256450802,0.0091121187,-0.6018,0.0,-5.0011,16,31.25,0.024429,6,0.375,14567.3,1.4567,33.3333,0.2474,1.4842,7,0.4375,4675.81,0.4676,28.5714,0.0819,0.573,3,0.1875,7112.76,0.7113,33.3333,0.2474,0.7421
ce3b8e05,bull,s83|s8|s30|s39,4,0.0354016209,0.0164010524,-5.0117,0.0,-15.3659,36,33.3333,0.024376,13,0.3611,-13305.62,-1.3306,30.7692,-0.0462,-0.6003,10,0.2778,90497.69,9.0498,50.0,0.95,9.5003,13,0.3611,-57681.33,-5.7681,23.0769,-0.4447,-5.7806
623feabc,bull,s46|s53|s38|s33,4,0.0797742929,0.0098555469,6.6353,0.0,-11.9815,31,16.129,0.02417,9,0.2903,-92543.43,-9.2543,0.0,-0.9856,-8.87,9,0.2903,86015.32,8.6015,22.2222,1.0062,9.056,13,0.4194,139473.33,13.9473,23.0769,1.0828,14.0767
dd37baa2,bear,s31|s90|s77|s85,4,0.0271942227,0.0102227598,3.8789,0.0,-4.8827,9,44.4444,0.024156,3,0.3333,44165.39,4.4165,66.6667,1.4722,4.4166,4,0.4444,32642.78,3.2643,50.0,0.8486,3.3943,2,0.2222,-20306.2,-2.0306,0.0,-1.0223,-2.0446
c40b3105,bear,s77|s89|s26,3,0.052900162,0.0165719827,1.0192,0.0,-13.3553,25,28.0,0.024005,9,0.36,129356.46,12.9356,44.4444,1.4305,12.8741,8,0.32,-67756.17,-6.7756,12.5,-0.7888,-6.3104,8,0.32,1482.09,0.1482,25.0,0.0796,0.6368
e67ebec8,bear,s52|s18|s23|s37|s13,5,0.0473534753,0.010321627,5.0592,0.0,-20.831,163,22.0859,0.024002,50,0.3067,160071.63,16.0072,24.0,0.352,17.602,35,0.2147,-19624.73,-1.9625,17.1429,-0.0434,-1.5206,78,0.4785,206788.6,20.6789,23.0769,0.2988,23.3065
eda4227b,bear,s99|s61|s72|s81,4,0.0673807357,0.0169706898,3.5918,0.0,-13.1214,24,25.0,0.024001,8,0.3333,27400.69,2.7401,25.0,0.4117,3.2937,8,0.3333,110352.98,11.0353,37.5,1.4661,11.7289,8,0.3333,-52940.5,-5.2941,12.5,-0.6427,-5.1414
68718e18,bear,s51|s89|s101,3,0.0247383944,0.0127506021,-8.9722,0.0,-11.1371,39,33.3333,0.023946,19,0.4872,19465.17,1.9465,36.8421,0.1061,2.0162,12,0.3077,-40568.44,-4.0568,25.0,-0.3378,-4.054,8,0.2051,6999.98,0.7,37.5,0.1308,1.0462
560b071e,bear,s66|s52|s37|s86,4,0.0291102132,0.0119839343,-4.6772,0.0,-16.5286,44,31.8182,0.023901,22,0.5,93653.86,9.3654,40.9091,0.4827,10.6201,7,0.1591,-3061.63,-0.3062,28.5714,-0.0243,-0.1699,15,0.3409,-55719.52,-5.572,20.0,-0.3765,-5.6477
1836e427,bull,s7|s83|s21|s87|s74,5,0.0227998053,0.0121578553,-7.4003,0.0,-10.885,29,34.4828,0.023891,12,0.4138,-9448.02,-0.9448,33.3333,-0.0505,-0.6064,8,0.2759,40328.97,4.0329,50.0,0.5321,4.2568,9,0.3103,-38158.85,-3.8159,22.2222,-0.4389,-3.9505
e688eac8,bull,s78|s47|s64,3,0.0465552155,0.0102816951,-0.1852,0.0,-13.8242,59,22.0339,0.023888,19,0.322,-89385.79,-8.9386,10.5263,-0.4299,-8.1678,11,0.1864,61330.67,6.1331,27.2727,0.5219,5.7412,29,0.4915,144125.19,14.4125,27.5862,0.5397,15.6526
fde46034,bull,s39|s68,2,0.0370167533,0.0096139861,3.298,0.0,-4.5571,13,30.7692,0.023875,5,0.3846,-49220.12,-4.922,0.0,-0.9614,-4.807,1,0.0769,37780.43,3.778,100.0,3.7017,3.7017,7,0.5385,70852.39,7.0852,42.8571,1.0371,7.2594
3971a79a,bear,s18|s25|s23,3,0.0784643504,0.0187485029,5.568,0.0,-18.913,35,22.8571,0.023873,10,0.2857,-5880.59,-0.5881,20.0,0.0694,0.6941,8,0.2286,33950.43,3.395,25.0,0.5555,4.4438,17,0.4857,69049.48,6.9049,23.5294,0.4125,7.0127
0b524e4f,bull,s73|s21|s30,3,0.0226463993,0.01393731,-4.8454,0.0,-9.4413,19,36.8421,0.023872,6,0.3158,23532.74,2.3533,50.0,0.4355,2.6127,4,0.2105,-53776.85,-5.3777,0.0,-1.3937,-5.5749,9,0.4737,18374.53,1.8375,44.4444,0.2322,2.0899
4a218790,bull,s78|s41|s68|s91,4,0.0225278942,0.0108403374,-8.9713,0.0,-10.6417,40,32.5,0.023752,11,0.275,-51118.54,-5.1119,18.1818,-0.4773,-5.2507,7,0.175,23524.72,2.3525,42.8571,0.346,2.4222,22,0.55,24037.27,2.4037,36.3636,0.1294,2.8458
489fc730,bear,s97|s51|s27,3,0.0796556129,0.018520425,15.1934,0.0,-6.6791,7,42.8571,0.023703,2,0.2857,57026.98,5.7027,50.0,3.0568,6.1135,4,0.5714,28245.04,2.8245,25.0,0.6024,2.4094,1,0.1429,80584.57,8.0585,100.0,7.9656,7.9656
a667b751,bear,s100|s13|s27,3,0.0674828045,0.0151324661,4.1757,0.0,-17.1399,35,22.8571,0.023698,7,0.2,127414.16,12.7414,42.8571,2.0274,14.1919,12,0.3429,-99694.98,-9.9695,8.3333,-0.8248,-9.8974,16,0.4571,85734.43,8.5734,25.0,0.5521,8.8342
1dfde45e,bear,s101|s13|s98,3,0.0382062702,0.0199229758,-4.6797,0.0,-11.3899,23,34.7826,0.023671,6,0.2609,-61378.1,-6.1378,16.6667,-1.0235,-6.1409,9,0.3913,-7474.21,-0.7474,33.3333,-0.0547,-0.4919,8,0.3478,66319.44,6.6319,50.0,0.9142,7.3133
c8840940,bear,s37|s89|s76,3,0.0501149087,0.0191125324,-2.0575,0.0,-15.6333,33,30.303,0.023614,15,0.4545,129104.9,12.9105,40.0,0.8578,12.8677,8,0.2424,-17361.35,-1.7361,25.0,-0.1806,-1.4445,10,0.303,-63865.16,-6.3865,20.0,-0.5267,-5.267
1ab264a0,bear,s71|s76|s52,3,0.0454261742,0.009531369,3.1372,0.0,-4.6163,16,25.0,0.023584,8,0.5,86888.26,8.6888,37.5,1.1078,8.8622,3,0.1875,25961.02,2.5961,33.3333,0.8788,2.6363,5,0.3125,-48880.89,-4.8881,0.0,-0.9531,-4.7657
cd6057a3,bull,s54|s48|s33|s38|s9,5,0.0357688129,0.0103548329,-3.1976,0.0,-12.1896,43,25.5814,0.023551,15,0.3488,-21330.97,-2.1331,20.0,-0.113,-1.6952,9,0.2093,-913.55,-0.0914,22.2222,-0.0105,-0.0946,19,0.4419,72973.72,7.2974,31.5789,0.4211,8.0
3e5309c5,bull,s55|s88|s75|s58,4,0.0465379126,0.0174698017,3.7258,0.0,-5.7311,11,36.3636,0.023496,4,0.3636,-8000.53,-0.8001,25.0,-0.1468,-0.5871,5,0.4545,39343.7,3.9344,40.0,0.8133,4.0666,2,0.1818,27950.07,2.795,50.0,1.4534,2.9068
0d2a4342,bear,s76|s51|s90,3,0.024413947,0.0155350552,1.8081,0.0,-3.4759,8,50.0,0.023489,4,0.5,-22889.18,-2.2889,25.0,-0.5548,-2.2191,2,0.25,48567.13,4.8567,100.0,2.4414,4.8828,2,0.25,8480.3,0.848,50.0,0.4439,0.8879
2b74a838,bear,s77|s89,2,0.0534123426,0.0109440099,1.6336,0.0,-6.9646,23,21.7391,0.023395,9,0.3913,159181.16,15.9181,44.4444,1.7659,15.8929,8,0.3478,-26382.45,-2.6382,12.5,-0.2899,-2.3196,6,0.2609,-69410.52,-6.9411,0.0,-1.0944,-6.5664
dd7166c2,bear,s90|s23|s50,3,0.0317439381,0.0154011517,2.9926,0.0,-5.1294,9,44.4444,0.023385,5,0.5556,17083.08,1.7083,40.0,0.3457,1.7284,1,0.1111,30441.45,3.0441,100.0,3.1744,3.1744,3,0.3333,112.48,0.0112,33.3333,0.0314,0.0942
7a1c92d1,bear,s31|s100|s18,3,0.053506797,0.0156922919,1.507,0.0,-20.7869,64,26.5625,0.023355,17,0.2656,66652.27,6.6652,29.4118,0.466,7.9226,16,0.25,-113880.55,-11.3881,12.5,-0.7042,-11.2678,31,0.4844,189787.93,18.9788,32.2581,0.663,20.553
f436e3ac,bear,s28|s71|s99,3,0.0421694526,0.0154444776,0.3373,0.0,-7.4113,16,31.25,0.023317,9,0.5625,-25200.97,-2.5201,22.2222,-0.2641,-2.3772,3,0.1875,9143.76,0.9144,33.3333,0.376,1.128,4,0.25,51250.34,5.125,50.0,1.3362,5.345
57137c51,bull,s40|s78|s83,3,0.0749022862,0.0166184507,12.4006,0.0,-5.6186,8,37.5,0.023239,2,0.25,60872.9,6.0873,50.0,2.9142,5.8284,1,0.125,70732.81,7.0733,100.0,7.4902,7.4902,5,0.625,8748.05,0.8748,20.0,0.1686,0.8428
15db0515,bull,s91|s48|s10|s21,4,0.0390850305,0.0169750288,-0.2288,0.0,-7.7939,14,35.7143,0.023197,4,0.2857,-68267.2,-6.8267,0.0,-1.6975,-6.79,5,0.3571,-28710.06,-2.871,20.0,-0.5763,-2.8815,5,0.3571,134177.53,13.4178,80.0,2.7873,13.9365
04109e77,bear,s90|s49|s61,3,0.0369477962,0.0098265798,-1.717,0.0,-14.9801,52,25.0,0.023192,20,0.3846,-15418.62,-1.5419,20.0,-0.0472,-0.9434,14,0.2692,137194.12,13.7194,42.8571,1.022,14.3074,18,0.3462,-35805.0,-3.5805,16.6667,-0.2031,-3.6555
cb61a5f2,bear,s61|s81,2,0.0622918882,0.0188839938,3.042,0.0,-16.6149,25,28.0,0.023162,10,0.4,-28798.07,-2.8798,20.0,-0.2649,-2.6488,7,0.28,99286.6,9.9287,42.8571,1.5906,11.134,8,0.32,8230.59,0.8231,25.0,0.141,1.128
4dac6afc,bear,s20|s16|s26,3,0.0228213206,0.0100430158,-6.8502,0.0,-17.9053,95,34.7368,0.023094,24,0.2526,49091.3,4.9091,37.5,0.2281,5.4747,36,0.3789,52865.23,5.2865,36.1111,0.1825,6.5688,35,0.3684,6205.37,0.6205,31.4286,0.0286,1.0002
3d784fe1,bear,s101|s16|s85|s52,4,0.019373722,0.0118308753,-10.6338,0.0,-17.2161,64,39.0625,0.023004,22,0.3438,52694.46,5.2694,45.4545,0.2353,5.1767,17,0.2656,-17938.48,-1.7938,35.2941,-0.0817,-1.3897,25,0.3906,-15943.81,-1.5944,36.0,-0.0597,-1.4931
bd465a97,bear,s72|s37|s100,3,0.0644557698,0.0130313911,5.6225,0.0,-20.9449,57,21.0526,0.022813,12,0.2105,75107.94,7.5108,25.0,0.634,7.6085,18,0.3158,61708.74,6.1709,22.2222,0.4188,7.5384,27,0.4737,29656.49,2.9656,18.5185,0.1318,3.5588
9fb856a8,bear,s18|s56|s37,3,0.0340625127,0.0130511787,-0.8993,0.0,-23.4426,183,32.2404,0.022796,55,0.3005,166026.13,16.6026,34.5455,0.3224,17.7345,42,0.2295,9051.0,0.9051,28.5714,0.041,1.7215,86,0.4699,173219.11,17.3219,32.5581,0.2288,19.6782
e469f48a,bear,s80|s99|s72,3,0.0321843155,0.0145775753,-2.7438,0.0,-23.5982,66,34.8485,0.022776,23,0.3485,89129.67,8.913,39.1304,0.3721,8.5573,15,0.2273,10654.74,1.0655,33.3333,0.101,1.5146,28,0.4242,6124.02,0.6124,32.1429,0.0453,1.2685
fbdc4453,bull,s55|s6,2,0.0410614578,0.0173301526,3.6729,0.0,-7.0292,10,40.0,0.022721,6,0.6,-49887.16,-4.9887,16.6667,-0.7598,-4.5589,2,0.2,83518.97,8.3519,100.0,4.1061,8.2123,2,0.2,23822.5,2.3823,50.0,1.1866,2.3731
343c5113,bear,s90|s85|s97,3,0.0247078613,0.0138672393,2.6191,0.0,-6.1967,8,50.0,0.022702,4,0.5,59407.65,5.9408,75.0,1.5064,6.0256,3,0.375,-2600.86,-0.2601,33.3333,-0.1009,-0.3027,1,0.125,-14489.75,-1.449,0.0,-1.3867,-1.3867
ef760f8c,bear,s25|s18|s13,3,0.0742916774,0.0102087515,8.7527,0.0,-20.8128,60,16.6667,0.022573,16,0.2667,-84270.54,-8.4271,6.25,-0.4927,-7.884,16,0.2667,167030.03,16.703,25.0,1.0916,17.4662,28,0.4667,133490.45,13.349,17.8571,0.4881,13.6657
4030761a,bull,s92|s75|s42,3,0.0721422467,0.0173624242,5.7567,0.0,-9.2965,15,26.6667,0.022541,3,0.2,34956.52,3.4957,33.3333,1.2472,3.7417,4,0.2667,110452.29,11.0452,50.0,2.739,10.956,8,0.5333,-56049.37,-5.6049,12.5,-0.6174,-4.9395
9109adc6,bull,s40|s82|s94|s73,4,0.0424595393,0.0161451627,2.1296,0.0,-5.1313,11,36.3636,0.022487,1,0.0909,-16933.43,-1.6933,0.0,-1.6145,-1.6145,1,0.0909,42804.31,4.2804,100.0,4.246,4.246,9,0.8182,27100.52,2.7101,33.3333,0.339,3.0508
a05b059d,bear,s16|s57|s100|s99|s49,5,0.0223881635,0.0119960902,1.0329,0.0,-4.1899,9,44.4444,0.022481,4,0.4444,20430.1,2.043,50.0,0.5196,2.0784,5,0.5556,8353.21,0.8353,40.0,0.1758,0.8788,0,0.0,0.0,0.0,0.0,0.0,0.0
c2f8c377,bear,s61|s17|s26,3,0.0375050646,0.0137981909,-3.9215,0.0,-15.8104,44,29.5455,0.022457,12,0.2727,-9149.51,-0.915,25.0,-0.0972,-1.1669,15,0.3409,37311.08,3.7311,33.3333,0.3303,4.9543,17,0.3864,15797.27,1.5797,29.4118,0.1291,2.1947
e3065bb4,bull,s75|s69|s79|s12,4,0.0533146297,0.0098744991,3.8039,0.0,-13.1789,28,21.4286,0.02238,10,0.3571,23559.52,2.356,20.0,0.2763,2.7633,10,0.3571,26027.77,2.6028,20.0,0.2763,2.7633,8,0.2857,48654.01,4.8654,25.0,0.5923,4.7382
051b15a5,bear,s81|s61|s72|s25,4,0.0304535206,0.0189370389,-9.1605,0.0,-20.6445,72,40.2778,0.022258,14,0.1944,-16912.73,-1.6913,35.7143,-0.1298,-1.8166,26,0.3611,-9273.26,-0.9273,38.4615,0.0059,0.1543,32,0.4444,66098.77,6.6099,43.75,0.2671,8.5483
d84865f2,bull,s55|s70,2,0.0332174918,0.0152223858,-2.3721,0.0,-9.5803,18,33.3333,0.022237,8,0.4444,-74885.34,-7.4885,12.5,-0.9167,-7.3339,6,0.3333,99533.59,9.9534,66.6667,1.7071,10.2425,4,0.2222,-12693.43,-1.2693,25.0,-0.3112,-1.245
8c93840c,bull,s6|s69|s26,3,0.0530958587,0.0115470922,0.7255,0.0,-14.6558,46,21.7391,0.02222,12,0.2609,113175.5,11.3176,33.3333,1.0001,12.0007,8,0.1739,-30349.17,-3.0349,12.5,-0.3467,-2.7734,26,0.5652,19434.2,1.9434,19.2308,0.0884,2.299
c0dd07df,bear,s66|s85|s27,3,0.0309415866,0.0160437306,2.3367,0.0,-6.6115,9,44.4444,0.022112,4,0.4444,27849.16,2.7849,50.0,0.7449,2.9796,4,0.4444,-17623.14,-1.7623,25.0,-0.4297,-1.719,1,0.1111,31555.65,3.1556,100.0,3.0942,3.0942
34234dad,bull,s92|s68|s10|s38|s12,5,0.0307392746,0.0094545353,-0.8079,0.0,-6.2284,18,27.7778,0.02211,7,0.3889,-65255.55,-6.5256,0.0,-0.9455,-6.6182,6,0.3333,60731.45,6.0731,50.0,1.0642,6.3854,5,0.2778,31949.63,3.195,40.0,0.6623,3.3115
68115007,bear,s98|s31|s27,3,0.0642763963,0.0110220197,3.5473,0.0,-12.2831,31,19.3548,0.021951,3,0.0968,-33042.18,-3.3042,0.0,-1.1022,-3.3066,10,0.3226,36135.87,3.6136,20.0,0.4038,4.0377,18,0.5806,94035.6,9.4036,22.2222,0.5711,10.2797
c36e16c4,bear,s66|s37|s26,3,0.0330279622,0.0110751167,1.7103,0.0,-5.1276,12,33.3333,0.02195,5,0.4167,31589.72,3.159,40.0,0.6566,3.2831,1,0.0833,-11064.05,-1.1064,0.0,-1.1075,-1.1075,6,0.5,20614.9,2.0615,33.3333,0.3626,2.1755
c362c1ca,bull,s12|s63|s11|s55|s47,5,0.0498302653,0.0134253492,3.1848,0.0,-6.6971,14,28.5714,0.021941,7,0.5,29196.48,2.9196,28.5714,0.4648,3.2534,3,0.2143,22234.43,2.2234,33.3333,0.766,2.298,4,0.2857,9251.68,0.9252,25.0,0.2389,0.9554
824a89a0,bull,s65|s21|s70|s74|s83,5,0.071239735,0.0193967525,2.2252,0.0,-13.2365,23,26.087,0.021828,9,0.3913,89370.52,8.9371,33.3333,1.0815,9.7339,7,0.3043,42710.58,4.2711,28.5714,0.6499,4.5496,7,0.3043,-50494.34,-5.0494,14.2857,-0.6449,-4.5141
50663b11,bear,s56|s50|s27,3,0.0307868323,0.0170759731,-9.2689,0.0,-17.2858,57,36.8421,0.021593,13,0.2281,16532.75,1.6533,38.4615,0.1333,1.7326,19,0.3333,-41061.62,-4.1062,31.5789,-0.1961,-3.7267,25,0.4386,39248.34,3.9248,40.0,0.2069,5.1729
841cc914,bear,s29|s56|s37|s72,4,0.049198559,0.0175455392,-3.1512,0.0,-16.7358,45,28.8889,0.021469,9,0.2,106214.45,10.6214,44.4444,1.2119,10.9067,14,0.3111,10430.83,1.0431,28.5714,0.1524,2.1339,22,0.4889,-59595.98,-5.9596,22.7273,-0.2376,-5.2281
3f437ca9,bear,s90|s86,2,0.078022236,0.0094695064,6.7594,0.0,-10.663,26,15.3846,0.021425,12,0.4615,-33200.52,-3.3201,8.3333,-0.2179,-2.6142,4,0.1538,139586.66,13.9587,50.0,3.4276,13.7105,10,0.3846,-11093.7,-1.1094,10.0,-0.072,-0.7203
18db9b44,bull,s21|s69,2,0.055854584,0.0162056903,3.2981,0.0,-7.7389,13,30.7692,0.021394,8,0.6154,11587.62,1.1588,25.0,0.1809,1.4475,2,0.1538,37401.98,3.7402,50.0,1.9824,3.9649,3,0.2308,22689.71,2.269,33.3333,0.7814,2.3443
95c83442,bear,s18|s89,2,0.0684579698,0.0183461089,-0.1771,0.0,-11.6097,29,24.1379,0.021388,8,0.2759,22165.09,2.2165,25.0,0.3355,2.6839,12,0.4138,37244.67,3.7245,25.0,0.3355,4.0259,9,0.3103,-349.7,-0.035,22.2222,0.0944,0.8493
aaaeea47,bull,s33|s94|s47|s63,4,0.0538352291,0.0120622027,8.397,0.0,-4.152,8,37.5,0.021381,4,0.5,-49618.89,-4.9619,0.0,-1.2062,-4.8249,2,0.25,44169.0,4.4169,50.0,2.0887,4.1773,2,0.25,105763.37,10.5763,100.0,5.3835,10.767
63a57bef,bull,s95|s32|s4|s78,4,0.0389796477,0.0113862438,-3.2389,0.0,-9.5759,32,25.0,0.021323,11,0.3438,-75922.25,-7.5922,9.0909,-0.6808,-7.4883,4,0.125,102648.15,10.2648,75.0,2.6388,10.5553,17,0.5312,5078.11,0.5078,23.5294,0.0465,0.7897
b7b0180a,bear,s67|s22|s19|s16|s97,5,0.0558205464,0.0174623683,2.6642,0.0,-12.1144,17,29.4118,0.021267,1,0.0588,-18627.63,-1.8628,0.0,-1.7462,-1.7462,7,0.4118,-120197.34,-12.0197,0.0,-1.7462,-12.2237,9,0.5294,199310.75,19.9311,55.5556,2.325,20.9253
e43d305e,bull,s91|s78|s24|s54|s59,5,0.0353880687,0.0096833542,-1.4387,0.0,-8.3272,24,25.0,0.021247,7,0.2917,-23476.76,-2.3477,14.2857,-0.3245,-2.2712,6,0.25,74791.63,7.4792,50.0,1.2852,7.7114,11,0.4583,-17682.37,-1.7682,18.1818,-0.1489,-1.6374
12e80ecc,bear,s97|s85|s28,3,0.021783468,0.010194957,0.4773,0.0,-5.2582,10,40.0,0.021227,4,0.4,53842.08,5.3842,75.0,1.3789,5.5155,4,0.4,-40514.84,-4.0515,0.0,-1.0195,-4.078,2,0.2,11255.82,1.1256,50.0,0.5794,1.1589
5f4eaea4,bull,s95|s30|s14,3,0.0761259915,0.0143776098,2.7404,0.0,-14.6032,41,19.5122,0.021065,15,0.3659,43895.64,4.3896,20.0,0.3723,5.5847,9,0.2195,52869.18,5.2869,22.2222,0.5734,5.1609,17,0.4146,15049.69,1.505,17.6471,0.1594,2.7091
3275d8fe,bear,s18|s85,2,0.0415928449,0.0115996706,3.2626,0.0,-8.1302,13,30.7692,0.021052,5,0.3846,45815.85,4.5816,40.0,0.9677,4.8387,5,0.3846,-4649.14,-0.4649,20.0,-0.0961,-0.4806,3,0.2308,18418.26,1.8418,33.3333,0.6131,1.8394
9b1cb4ac,bull,s78|s48|s34,3,0.0457937744,0.0137502105,-2.7439,0.0,-13.488,38,26.3158,0.020906,13,0.3421,-64764.72,-6.4765,15.3846,-0.459,-5.9665,9,0.2368,55595.28,5.5595,33.3333,0.6098,5.488,16,0.4211,66006.0,6.6006,31.25,0.4857,7.7717
3f2d3bb1,bear,s101|s62|s18,3,0.0513660726,0.0172534918,0.9648,0.0,-23.2394,83,28.9157,0.020888,26,0.3133,163973.68,16.3974,34.6154,0.6499,16.8985,22,0.2651,-48374.14,-4.8374,22.7273,-0.1658,-3.6479,35,0.4217,69643.98,6.9644,28.5714,0.2352,8.2323
40132eff,bull,s47|s6|s58|s38|s34,5,0.0188407434,0.0124450519,-12.9819,0.0,-16.2736,74,40.5405,0.020873,27,0.3649,1969.66,0.197,40.7407,0.0301,0.8127,16,0.2162,45155.23,4.5155,50.0,0.3198,5.1166,31,0.4189,-41720.57,-4.1721,35.4839,-0.1344,-4.1653
74ff7728,bear,s23|s77|s26,3,0.0306966662,0.0195870088,0.408,0.0,-6.3547,9,44.4444,0.020862,4,0.4444,-30067.44,-3.0067,25.0,-0.7016,-2.8064,1,0.1111,-19694.48,-1.9694,0.0,-1.9587,-1.9587,4,0.4444,71939.99,7.194,75.0,1.8126,7.2503
a07ae65f,bear,s101|s77|s51|s80,4,0.0206817332,0.0101035285,-8.3864,0.0,-14.4267,45,33.3333,0.020857,18,0.4,2981.69,0.2982,33.3333,0.0158,0.2848,13,0.2889,52680.65,5.2681,46.1538,0.4105,5.3366,14,0.3111,-49538.76,-4.9539,21.4286,-0.3507,-4.9094
a0166005,bull,s48|s53|s75,3,0.063641615,0.0190051188,4.9277,0.0,-10.6564,13,30.7692,0.020813,2,0.1538,43258.97,4.3259,50.0,2.2318,4.4636,5,0.3846,70430.74,7.0431,40.0,1.4054,7.0268,6,0.4615,-36922.93,-3.6923,16.6667,-0.5231,-3.1384
6c16cc77,bear,s23|s52|s22|s31,4,0.0515843486,0.0137434708,1.9234,0.0,-6.1495,15,26.6667,0.020774,0,0.0,0.0,0.0,0.0,0.0,0.0,4,0.2667,-54761.82,-5.4762,0.0,-1.3743,-5.4974,11,0.7333,104204.11,10.4204,36.3636,1.0012,11.0133
7f354510,bull,s73|s10|s68,3,0.0349568024,0.0105863549,-1.1808,0.0,-6.9966,18,27.7778,0.020743,5,0.2778,-53381.03,-5.3381,0.0,-1.0586,-5.2932,3,0.1667,13871.64,1.3872,33.3333,0.4595,1.3784,10,0.5556,73600.75,7.3601,40.0,0.7631,7.6309
d9574d6b,bear,s77|s85|s57|s61,4,0.0674197801,0.0129937435,4.2904,0.0,-8.7705,18,22.2222,0.020706,4,0.2222,-52232.25,-5.2232,0.0,-1.2994,-5.1975,9,0.5,117743.37,11.7743,33.3333,1.3811,12.4297,5,0.2778,13381.75,1.3382,20.0,0.3089,1.5445
ea551de6,bear,s76|s20|s13,3,0.0723188319,0.0108665583,5.6473,0.0,-13.275,27,18.5185,0.020693,6,0.2222,-68093.33,-6.8093,0.0,-1.0867,-6.5199,11,0.4074,-40091.79,-4.0092,9.0909,-0.3304,-3.6347,10,0.3704,220998.97,22.0999,40.0,2.2408,22.4076
dce9a5ad,bear,s16|s49|s25|s77|s72,5,0.0405999683,0.0135417278,-2.9137,0.0,-17.5564,60,28.3333,0.020676,11,0.1833,13758.34,1.3758,27.2727,0.1224,1.3466,20,0.3333,104651.22,10.4651,35.0,0.5408,10.8157,29,0.4833,-22663.66,-2.2664,24.1379,-0.0473,-1.3718
48732e84,bear,s28|s51|s27,3,0.0637480828,0.0093948659,7.5322,0.0,-20.4803,52,17.3077,0.020611,19,0.3654,105256.32,10.5256,21.0526,0.6004,11.4069,17,0.3269,-88129.81,-8.813,5.8824,-0.5092,-8.657,16,0.3077,132507.46,13.2507,25.0,0.8891,14.2254
68747cc7,bull,s6|s47|s70|s39,4,0.0508960263,0.0192594131,-3.9937,0.0,-17.1615,47,29.7872,0.020588,14,0.2979,66474.14,6.6474,35.7143,0.5796,8.1145,7,0.1489,5994.14,0.5994,28.5714,0.0785,0.5495,26,0.5532,-19242.64,-1.9243,26.9231,-0.0371,-0.9657
53b21c45,bear,s86|s18|s89|s17,4,0.0609219019,0.0142980972,2.3656,0.0,-10.6253,21,23.8095,0.020586,8,0.381,33104.19,3.3104,25.0,0.4507,3.6055,5,0.2381,76385.18,7.6385,40.0,1.579,7.895,8,0.381,-41896.72,-4.1897,12.5,-0.4896,-3.9165
25240075,bull,s53|s92|s43|s69|s87,5,0.0188899765,0.0119356308,-11.588,0.0,-16.5799,54,38.8889,0.020575,18,0.3333,28106.18,2.8106,44.4444,0.1765,3.1764,10,0.1852,30694.45,3.0694,50.0,0.3477,3.4772,26,0.4815,-59907.76,-5.9908,30.7692,-0.2451,-6.3722
6015001a,bull,s54|s21|s39,3,0.0729342603,0.0176094681,1.517,0.0,-11.9287,26,23.0769,0.020547,13,0.5,30334.69,3.0335,23.0769,0.3285,4.2708,3,0.1154,38292.22,3.8292,33.3333,1.2572,3.7715,10,0.3846,-252.15,-0.0252,20.0,0.0499,0.4993
2de1c0f2,bear,s50|s90,2,0.0211570378,0.0115711539,-1.953,0.0,-2.6954,11,36.3636,0.020502,6,0.5455,-36910.96,-3.6911,16.6667,-0.6116,-3.6699,1,0.0909,20785.99,2.0786,100.0,2.1157,2.1157,4,0.3636,18375.77,1.8376,50.0,0.4793,1.9172
8e0e9c9f,bull,s63|s46|s54,3,0.042171143,0.0133039041,7.4375,0.0,-3.0317,6,50.0,0.020479,0,0.0,0.0,0.0,0.0,0.0,0.0,3,0.5,72067.53,7.2068,66.6667,2.3679,7.1038,3,0.5,14468.87,1.4469,33.3333,0.5188,1.5563
96e5f6f6,bear,s85|s13|s31|s72,4,0.0620689246,0.0123880136,3.1716,0.0,-13.4895,28,21.4286,0.020442,3,0.1071,-38860.22,-3.886,0.0,-1.2388,-3.7164,9,0.3214,-42821.74,-4.2822,11.1111,-0.4115,-3.7035,16,0.5714,172052.84,17.2053,31.25,1.088,17.4076
a3b29f88,bull,s21|s4|s2|s68|s83,5,0.0420938366,0.0095361222,6.4013,0.0,-2.9902,7,42.8571,0.020329,4,0.5714,14529.32,1.4529,25.0,0.3371,1.3485,2,0.2857,31407.99,3.1408,50.0,1.6279,3.2558,1,0.1429,42240.84,4.2241,100.0,4.2094,4.2094
d9c4e692,bull,s36|s96|s74|s63,4,0.0518504982,0.0140340726,1.7183,0.0,-13.7261,23,26.087,0.02022,9,0.3913,66439.45,6.6439,33.3333,0.7927,7.1347,1,0.0435,52657.0,5.2657,100.0,5.185,5.185,13,0.5652,-54652.0,-5.4652,15.3846,-0.3898,-5.0674
09aaa333,bear,s61|s25|s26,3,0.0272422052,0.0170172053,-10.7741,0.0,-18.6299,68,39.7059,0.020132,17,0.25,-65197.05,-6.5197,29.4118,-0.4,-6.7995,22,0.3235,-66841.35,-6.6841,31.8182,-0.2935,-6.4563,29,0.4265,150921.77,15.0922,51.7241,0.5876,17.0392
c54f0530,bear,s90|s85,2,0.0488927367,0.0127307143,8.1265,0.0,-5.8013,7,42.8571,0.020114,3,0.4286,85557.87,8.5558,66.6667,2.8352,8.5055,3,0.4286,24271.24,2.4271,33.3333,0.781,2.3431,1,0.1429,-13938.76,-1.3939,0.0,-1.2731,-1.2731
d9d60888,bull,s38|s41,2,0.0377790477,0.0084589378,-2.6627,0.0,-10.9029,46,21.7391,0.020109,19,0.413,-69182.25,-6.9182,10.5263,-0.3592,-6.8244,11,0.2391,42278.04,4.2278,27.2727,0.4151,4.5666,16,0.3478,89845.98,8.9846,31.25,0.599,9.5847
d2476410,bull,s41|s15|s9|s78,4,0.0273184415,0.0177938423,-13.1827,0.0,-15.7506,65,40.0,0.020017,26,0.4,-63914.03,-6.3914,34.6154,-0.2178,-5.6629,11,0.1692,112697.14,11.2697,63.6364,1.0914,12.0054,28,0.4308,-47845.44,-4.7845,35.7143,-0.1682,-4.7105
3fbda0e3,bear,s62|s72|s16,3,0.0427292039,0.0110222476,-2.9771,0.0,-13.1855,63,23.8095,0.019964,12,0.1905,26650.72,2.6651,25.0,0.2416,2.8987,25,0.3968,38873.16,3.8873,24.0,0.1878,4.6953,26,0.4127,29424.23,2.9424,23.0769,0.1382,3.593
b5f30042,bear,s86|s56|s71|s66|s17,5,0.0283613755,0.013978994,-0.8617,0.0,-4.9804,11,36.3636,0.019955,6,0.5455,-409.07,-0.0409,33.3333,0.0134,0.0807,3,0.2727,-50.96,-0.0051,33.3333,0.0134,0.0403,2,0.1818,13556.07,1.3556,50.0,0.7191,1.4382
700d15d7,bear,s18|s62|s27,3,0.040458168,0.0180298879,1.4362,0.0,-30.274,120,35.0,0.019923,28,0.2333,72731.18,7.2731,35.7143,0.2859,8.0044,33,0.275,-76094.23,-7.6094,27.2727,-0.2079,-6.8594,59,0.4917,251253.16,25.1253,38.9831,0.4771,28.1462
2aafb14f,bear,s49|s62|s27,3,0.0514227982,0.0154417283,1.7179,0.0,-7.1525,14,28.5714,0.019916,3,0.2143,21095.49,2.1095,33.3333,0.6846,2.0539,3,0.2143,-47039.54,-4.704,0.0,-1.5442,-4.6325,8,0.5714,71416.6,7.1417,37.5,0.9632,7.706
2fe7fa9f,bear,s76|s66|s16|s72,4,0.0292001176,0.0109160357,6.9849,0.0,-1.6717,4,75.0,0.019834,2,0.5,59959.52,5.996,100.0,2.92,5.84,1,0.25,29170.93,2.9171,100.0,2.92,2.92,1,0.25,-11201.76,-1.1202,0.0,-1.0916,-1.0916
c577f498,bear,s37|s51|s26,3,0.0361196567,0.0171975814,-2.5723,0.0,-7.941,15,33.3333,0.019766,8,0.5333,-33107.55,-3.3108,25.0,-0.3868,-3.0946,2,0.1333,-33621.62,-3.3622,0.0,-1.7198,-3.4395,5,0.3333,70204.8,7.0205,60.0,1.4793,7.3964
4be8458e,bull,s83|s78|s32|s60|s40,5,0.0375419883,0.0154495074,-3.6734,0.0,-13.3062,26,30.7692,0.019602,8,0.3077,-20564.64,-2.0565,25.0,-0.2202,-1.7613,4,0.1538,91744.36,9.1744,75.0,2.4294,9.7176,14,0.5385,-58069.11,-5.8069,21.4286,-0.4094,-5.7319
1d6af72b,bear,s100|s28|s27,3,0.0309912032,0.0181165697,-8.3205,0.0,-20.3943,50,38.0,0.019535,17,0.34,67893.78,6.7894,47.0588,0.4993,8.488,17,0.34,-192856.24,-19.2856,11.7647,-1.2339,-20.9766,16,0.32,131607.0,13.1607,56.25,0.9507,15.2105
369363d5,bull,s54|s10,2,0.0644378184,0.0180425015,1.9699,0.0,-7.7649,15,26.6667,0.019375,6,0.4,-31376.51,-3.1377,16.6667,-0.4296,-2.5775,3,0.2,111391.22,11.1391,66.6667,3.6944,11.0833,6,0.4,-29671.51,-2.9672,16.6667,-0.4296,-2.5775
33b7410f,bear,s61|s67|s85,3,0.0243377865,0.0134734668,5.1996,0.0,-1.5471,4,75.0,0.019293,3,0.75,35730.1,3.573,66.6667,1.1734,3.5202,1,0.25,24313.47,2.4313,100.0,2.4338,2.4338,0,0.0,0.0,0.0,0.0,0.0,0.0
8ecb4927,bull,s38|s63|s78,3,0.0310607472,0.0129926461,-0.625,0.0,-5.8528,12,33.3333,0.019186,2,0.1667,-25520.66,-2.5521,0.0,-1.2993,-2.5985,4,0.3333,-9260.42,-0.926,25.0,-0.1979,-0.7917,6,0.5,52290.19,5.229,50.0,0.9034,5.4204
7e98f510,bear,s19|s85|s25|s52|s22,5,0.0724896463,0.0191751597,1.3944,0.0,-17.5489,37,24.3243,0.019169,11,0.2973,-29250.81,-2.9251,18.1818,-0.2509,-2.7597,10,0.2703,66714.14,6.6714,30.0,0.8324,8.3243,16,0.4324,50629.82,5.063,25.0,0.3741,5.9857
dc0948ac,bear,s85|s76|s13,3,0.0206612798,0.0089859583,4.5431,0.0,-1.1955,4,75.0,0.019167,3,0.75,32508.45,3.2508,66.6667,1.0779,3.2337,1,0.25,21025.85,2.1026,100.0,2.0661,2.0661,0,0.0,0.0,0.0,0.0,0.0,0.0
9829ca3f,bear,s28|s52|s99|s100,4,0.0661825157,0.0162022645,5.9769,0.0,-6.1169,10,30.0,0.019111,5,0.5,80083.51,8.0084,40.0,1.6752,8.3758,1,0.1,-17032.04,-1.7032,0.0,-1.6202,-1.6202,4,0.4,17076.0,1.7076,25.0,0.4394,1.7576
6adc9423,bear,s76|s67|s18,3,0.0310086642,0.0110616692,4.7448,0.0,-3.3232,6,50.0,0.019081,4,0.6667,39498.43,3.9498,50.0,0.9973,3.9894,1,0.1667,31876.32,3.1876,100.0,3.1009,3.1009,1,0.1667,-11548.27,-1.1548,0.0,-1.1062,-1.1062
d9e24a01,bull,s14|s78|s26,3,0.0429514242,0.019266285,-6.2703,0.0,-14.6446,34,32.3529,0.01907,13,0.3824,-71729.49,-7.1729,23.0769,-0.4908,-6.3809,5,0.1471,144649.52,14.465,80.0,3.0508,15.2539,16,0.4706,-58763.28,-5.8763,25.0,-0.3712,-5.939
565572b9,bear,s57|s29|s16|s51,4,0.0237157109,0.0146053916,-1.4411,0.0,-6.4778,10,40.0,0.01896,2,0.2,-29076.91,-2.9077,0.0,-1.4605,-2.9211,7,0.7,11467.9,1.1468,42.8571,0.1818,1.2726,1,0.1,22746.12,2.2746,100.0,2.3716,2.3716
874ae210,bear,s76|s25,2,0.0206984712,0.0127194535,4.1598,0.0,-1.5685,4,75.0,0.018955,3,0.75,28633.92,2.8634,66.6667,0.9559,2.8677,1,0.25,21064.45,2.1064,100.0,2.0698,2.0698,0,0.0,0.0,0.0,0.0,0.0,0.0
74a4a54e,bear,s28|s81,2,0.0760898404,0.0098822047,7.3592,0.0,-8.8227,15,20.0,0.018891,7,0.4667,15701.47,1.5701,14.2857,0.24,1.6797,7,0.4667,97696.58,9.7697,28.5714,1.4681,10.2769,1,0.0667,-9411.48,-0.9411,0.0,-0.9882,-0.9882
8b82b6d0,bull,s65|s12|s8|s92,4,0.0685449941,0.0184881559,3.2758,0.0,-14.1316,19,26.3158,0.018869,6,0.3158,58199.27,5.8199,33.3333,1.0523,6.3137,5,0.2632,82393.21,8.2393,40.0,1.6325,8.1626,8,0.4211,-67414.82,-6.7415,12.5,-0.7609,-6.0872
437a8333,bear,s80|s29|s20|s89,4,0.0774884838,0.0161860574,7.3463,0.0,-15.2244,16,25.0,0.018788,4,0.25,28359.24,2.8359,25.0,0.7233,2.893,6,0.375,-5168.2,-0.5168,16.6667,-0.0574,-0.3442,6,0.375,86069.16,8.6069,33.3333,1.5039,9.0233
8dfe21a7,bear,s19|s52,2,0.0520809311,0.0199348017,-3.8287,0.0,-16.1718,37,29.7297,0.018766,10,0.2703,80803.46,8.0803,40.0,0.8871,8.8715,9,0.2432,-38386.47,-3.8386,22.2222,-0.3931,-3.5382,18,0.4865,-8243.99,-0.8244,27.7778,0.007,0.1252
9cf26bad,bull,s73|s21|s24,3,0.0466708874,0.0127677127,1.4152,0.0,-8.2426,14,28.5714,0.018661,7,0.5,-30508.31,-3.0508,14.2857,-0.4276,-2.9935,2,0.1429,31849.74,3.185,50.0,1.6952,3.3903,5,0.3571,53338.16,5.3338,40.0,1.1008,5.5039
1fb02955,bull,s54|s47|s30,3,0.0700371699,0.0091896746,5.2388,0.0,-6.3102,16,18.75,0.018648,6,0.375,18878.9,1.8879,16.6667,0.4015,2.4089,4,0.25,43311.11,4.3311,25.0,1.0617,4.2468,6,0.375,22037.54,2.2038,16.6667,0.4015,2.4089
4ded183f,bear,s99|s51|s57|s72,4,0.0373845613,0.0111279245,3.9002,0.0,-3.8863,8,37.5,0.018631,3,0.375,14696.12,1.4696,33.3333,0.5043,1.5129,5,0.625,40952.9,4.0953,40.0,0.8277,4.1385,0,0.0,0.0,0.0,0.0,0.0,0.0
6ff5e801,bear,s77|s81|s85|s51|s16,5,0.0316213179,0.0105683411,0.2963,0.0,-7.3069,13,30.7692,0.018609,8,0.6154,-1988.8,-0.1989,25.0,-0.0021,-0.0167,3,0.2308,51473.14,5.1473,66.6667,1.7558,5.2674,2,0.1538,-20619.08,-2.0619,0.0,-1.0568,-2.1137
05d9d2c0,bull,s30|s84|s6|s91,4,0.0718815117,0.0103876193,4.5246,0.0,-13.8692,37,16.2162,0.018603,10,0.2703,-27645.99,-2.7646,10.0,-0.2161,-2.1607,10,0.2703,57506.19,5.7506,20.0,0.6066,6.0662,17,0.4595,64194.34,6.4194,17.6471,0.413,7.0218
a82f953c,bear,s31|s18,2,0.034376966,0.0166697425,-7.7012,0.0,-17.5426,50,34.0,0.018567,10,0.2,-63618.69,-6.3619,20.0,-0.646,-6.4604,11,0.22,-31704.14,-3.1704,27.2727,-0.2748,-3.0227,29,0.58,117673.04,11.7673,41.3793,0.4453,12.9138
203a158d,bull,s70|s73|s48|s12|s40,5,0.0390111476,0.0140921817,4.5023,0.0,-4.7416,7,42.8571,0.01853,2,0.2857,24856.63,2.4857,50.0,1.2459,2.4919,3,0.4286,61767.65,6.1768,66.6667,2.131,6.393,2,0.2857,-27707.54,-2.7708,0.0,-1.4092,-2.8184
b11e4b60,bull,s91|s10|s15|s74,4,0.0604210061,0.0134057047,1.5548,0.0,-14.7077,31,22.5806,0.018499,14,0.4516,23169.7,2.317,21.4286,0.2414,3.38,5,0.1613,80576.06,8.0576,40.0,1.6125,8.0625,12,0.3871,-15967.35,-1.5967,16.6667,-0.1101,-1.3215
a58a98bd,bear,s80|s49|s100,3,0.0302975222,0.0120761774,4.2057,0.0,-4.2252,6,50.0,0.018498,1,0.1667,30672.17,3.0672,100.0,3.0298,3.0298,0,0.0,0.0,0.0,0.0,0.0,0.0,5,0.8333,23400.09,2.34,40.0,0.4873,2.4367
942f33a7,bear,s72|s50|s101,3,0.0251933854,0.016426117,-13.678,0.0,-16.6667,95,41.0526,0.018446,27,0.2842,10226.81,1.0227,40.7407,0.053,1.4309,28,0.2947,-7042.83,-0.7043,39.2857,-0.0076,-0.2117,40,0.4211,38980.25,3.898,42.5,0.1262,5.0487
f74a87fc,bear,s56|s52|s86,3,0.0693032533,0.0142001986,4.1164,0.0,-19.7105,54,20.3704,0.018445,18,0.3333,64451.28,6.4451,22.2222,0.4356,7.841,11,0.2037,-79096.84,-7.9097,9.0909,-0.6609,-7.2699,25,0.463,144114.82,14.4115,24.0,0.5841,14.6016
27d96ede,bull,s15|s47|s93,3,0.0305874029,0.0152830894,3.2707,0.0,-3.4204,6,50.0,0.018339,5,0.8333,13278.79,1.3279,40.0,0.3065,1.5326,1,0.1667,31767.52,3.1768,100.0,3.0587,3.0587,0,0.0,0.0,0.0,0.0,0.0,0.0
38e2546f,bear,s80|s51|s97|s77|s71,5,0.0222203859,0.0122761009,1.7075,0.0,-1.4274,6,50.0,0.018306,1,0.1667,-12511.83,-1.2512,0.0,-1.2276,-1.2276,3,0.5,31994.46,3.1994,66.6667,1.0722,3.2165,2,0.3333,9741.16,0.9741,50.0,0.4972,0.9944
5f87afb5,bear,s81|s56|s26,3,0.029274724,0.017646173,-4.3046,0.0,-8.2458,14,35.7143,0.018252,6,0.4286,-13976.57,-1.3977,33.3333,-0.2006,-1.2035,1,0.0714,-16846.51,-1.6847,0.0,-1.7646,-1.7646,7,0.5,14438.78,1.4439,42.8571,0.2463,1.7239
66f3c6fb,bull,s68|s14|s26,3,0.0684444108,0.0100730514,5.1193,0.0,-6.5566,14,21.4286,0.018226,6,0.4286,19103.18,1.9103,16.6667,0.3013,1.8079,1,0.0714,-11072.68,-1.1073,0.0,-1.0073,-1.0073,7,0.5,81491.27,8.1491,28.5714,1.2361,8.6524
fb81f773,bear,s29|s31|s27,3,0.0761120025,0.0089630437,3.2725,0.0,-11.4176,42,14.2857,0.018223,6,0.1429,-51426.16,-5.1426,0.0,-0.8963,-5.3778,11,0.2619,64844.69,6.4845,18.1818,0.6505,7.1557,25,0.5952,101424.46,10.1424,16.0,0.4649,11.6224
0fa99cc7,bear,s101|s22|s57|s80|s66,5,0.0298202848,0.009912108,-2.6689,0.0,-9.9095,22,27.2727,0.018222,6,0.2727,19474.68,1.9475,33.3333,0.3332,1.9992,7,0.3182,50540.56,5.0541,42.8571,0.7116,4.9812,9,0.4091,-51410.34,-5.141,11.1111,-0.5497,-4.9477
5373223b,bull,s38|s93|s69|s41,4,0.0764284977,0.0147374853,3.4468,0.0,-9.7464,19,21.0526,0.018128,10,0.5263,-63426.8,-6.3427,10.0,-0.5621,-5.6209,5,0.2632,105702.64,10.5703,40.0,2.1729,10.8645,4,0.2105,30539.5,3.0539,25.0,0.8054,3.2216
87c6f782,bear,s28|s17|s89,3,0.027406618,0.0094633988,-1.4801,0.0,-5.0474,14,28.5714,0.018102,5,0.3571,-11149.28,-1.1149,20.0,-0.2089,-1.0447,5,0.3571,-11055.71,-1.1056,20.0,-0.2089,-1.0447,4,0.2857,35247.18,3.5247,50.0,0.8972,3.5886
3d8cb0de,bear,s80|s18|s31|s49,4,0.0293666322,0.0113852969,-2.6275,0.0,-11.4152,20,30.0,0.018098,4,0.2,-4942.41,-0.4942,25.0,-0.1197,-0.4789,5,0.25,-17181.35,-1.7181,20.0,-0.3235,-1.6175,11,0.55,37024.43,3.7024,36.3636,0.3434,3.7769
b5b76690,bear,s20|s25|s100,3,0.0367981948,0.0093796461,-2.4153,0.0,-14.8232,54,24.0741,0.018092,12,0.2222,-21429.69,-2.143,16.6667,-0.1683,-2.02,22,0.4074,67551.87,6.7552,27.2727,0.3214,7.0715,20,0.3704,41274.73,4.1275,25.0,0.2165,4.3296
5684dd47,bull,s83|s2|s55,3,0.0336464206,0.0115664854,0.1667,0.0,-7.8547,13,30.7692,0.018047,5,0.3846,-13666.15,-1.3666,20.0,-0.2524,-1.262,5,0.3846,77928.62,7.7929,60.0,1.5561,7.7806,3,0.2308,-36203.5,-3.6203,0.0,-1.1566,-3.4699
fff0ea77,bull,s33|s12|s43|s15,4,0.0716624317,0.0187986213,-0.7698,0.0,-13.657,34,23.5294,0.018046,11,0.3235,52180.99,5.2181,27.2727,0.5873,6.4598,8,0.2353,122677.15,12.2677,37.5,1.5124,12.0994,15,0.4412,-111641.3,-11.1641,13.3333,-0.6737,-10.1057
239d182c,bear,s13|s37|s25|s72|s67,5,0.0693305122,0.0131984366,3.1776,0.0,-16.7862,40,20.0,0.017881,7,0.175,-12463.7,-1.2464,14.2857,-0.1409,-0.986,10,0.25,-55000.28,-5.5,10.0,-0.4946,-4.9455,23,0.575,181893.05,18.1893,26.087,0.8331,19.161
2f64dcbe,bear,s97|s61|s90,3,0.0589221808,0.0126469091,0.7636,0.0,-11.8099,28,21.4286,0.01787,9,0.3214,92345.88,9.2346,33.3333,1.1209,10.0885,9,0.3214,23750.8,2.3751,22.2222,0.3257,2.9316,10,0.3571,-54001.24,-5.4001,10.0,-0.549,-5.49
8fec3e7c,bear,s80|s16|s26,3,0.0485753402,0.012163178,-1.7982,0.0,-13.0543,39,23.0769,0.017843,8,0.2051,81648.37,8.1648,37.5,1.0614,8.491,13,0.3333,-96439.13,-9.6439,7.6923,-0.7491,-9.7383,18,0.4615,75269.21,7.5269,27.7778,0.4709,8.4755
0b6a295c,bull,s38|s78,2,0.0434394605,0.0176119615,0.3946,0.0,-9.1382,12,33.3333,0.017799,2,0.1667,-35698.51,-3.5699,0.0,-1.7612,-3.5224,4,0.3333,-12082.1,-1.2082,25.0,-0.2349,-0.9396,6,0.5,75802.53,7.5803,50.0,1.2914,7.7482
76eafa84,bear,s23|s13|s27,3,0.0431559613,0.0185439509,-3.2014,0.0,-18.4645,31,32.2581,0.017717,3,0.0968,2839.96,0.284,33.3333,0.2023,0.6068,12,0.3871,-97762.27,-9.7762,16.6667,-0.8261,-9.9128,16,0.5161,122091.55,12.2092,43.75,0.845,13.5196
58404e46,bear,s51|s86|s13,3,0.0594997049,0.019649605,-0.4951,0.0,-10.7216,18,27.7778,0.017708,6,0.3333,-37519.69,-3.752,16.6667,-0.6458,-3.8748,6,0.3333,-39416.88,-3.9417,16.6667,-0.6458,-3.8748,6,0.3333,106413.03,10.6413,50.0,1.9925,11.955
9f1e3773,bull,s1|s68|s40|s7,4,0.0349418235,0.0121943987,-2.2379,0.0,-4.5145,14,28.5714,0.017701,6,0.4286,-26103.45,-2.6103,16.6667,-0.4338,-2.603,3,0.2143,55255.31,5.5255,66.6667,1.923,5.7689,5,0.3571,-14743.71,-1.4744,20.0,-0.2767,-1.3836
2f71a53e,bull,s30|s10|s2|s73,4,0.0572222942,0.0168815095,2.4622,0.0,-10.7879,14,28.5714,0.017696,5,0.3571,-12665.25,-1.2665,20.0,-0.2061,-1.0304,3,0.2143,95936.98,9.5937,66.6667,3.2521,9.7563,6,0.4286,-29982.69,-2.9983,16.6667,-0.4531,-2.7185
f08dc64a,bull,s96|s78|s26,3,0.0215084992,0.0105071323,-11.1877,0.0,-11.1877,50,32.0,0.017686,13,0.26,-8299.57,-0.83,30.7692,-0.0656,-0.853,7,0.14,20657.67,2.0658,42.8571,0.3214,2.2497,30,0.6,-29240.96,-2.9241,30.0,-0.0902,-2.7073
c867aa5e,bear,s51|s20|s29|s76,4,0.0214924838,0.0123721095,1.4603,0.0,-2.8534,6,50.0,0.017674,2,0.3333,-24660.75,-2.4661,0.0,-1.2372,-2.4744,3,0.5,30170.71,3.0171,66.6667,1.0204,3.0613,1,0.1667,20959.41,2.0959,100.0,2.1492,2.1492
6a1d4202,bear,s13|s90|s25,3,0.0253048867,0.0158156345,-11.9526,0.0,-16.363,55,38.1818,0.017646,13,0.2364,-1533.37,-0.1533,38.4615,-0.0,-0.0001,18,0.3273,-39534.8,-3.9535,33.3333,-0.2109,-3.7958,24,0.4364,27139.07,2.7139,41.6667,0.1318,3.163
ddac359a,bull,s15|s87,2,0.039251795,0.0144911877,3.17,0.0,-5.2261,7,42.8571,0.01758,4,0.5714,-5387.73,-0.5388,25.0,-0.1055,-0.4222,1,0.1429,40133.34,4.0133,100.0,3.9252,3.9252,2,0.2857,23303.87,2.3304,50.0,1.238,2.4761
4781d8fe,bear,s31|s80|s16|s85|s28,5,0.0664053396,0.0161993186,4.8812,0.0,-13.6636,15,26.6667,0.01756,1,0.0667,-16183.11,-1.6183,0.0,-1.6199,-1.6199,5,0.3333,-5104.66,-0.5105,20.0,0.0322,0.1608,9,0.6,102783.36,10.2783,33.3333,1.1336,10.202
d9d2fe37,bull,s54|s42|s26,3,0.0448140506,0.0112717937,-0.4169,0.0,-9.3219,21,23.8095,0.017554,9,0.4286,5867.78,0.5868,22.2222,0.1192,1.0726,4,0.1905,64073.04,6.4073,50.0,1.6771,6.7085,8,0.381,-33798.32,-3.3798,12.5,-0.4261,-3.4089
e770ce8e,bear,s80|s76|s86,3,0.0328018341,0.0150427303,-3.002,0.0,-8.9661,16,31.25,0.01755,10,0.625,-8473.83,-0.8474,30.0,-0.0689,-0.6894,2,0.125,17227.85,1.7228,50.0,0.888,1.7759,4,0.25,-13206.18,-1.3206,25.0,-0.3082,-1.2326
cd35490e,bear,s13|s101|s26,3,0.0682723895,0.0198602476,0.9356,0.0,-14.6391,23,26.087,0.01752,6,0.2609,-34567.39,-3.4567,16.6667,-0.5171,-3.1029,6,0.2609,-33769.11,-3.3769,16.6667,-0.5171,-3.1029,11,0.4783,123919.65,12.392,36.3636,1.2188,13.4068
6b68c896,bull,s38|s9,2,0.0622270132,0.0162767835,0.6696,0.0,-16.292,33,24.2424,0.01751,12,0.3636,-41432.96,-4.1433,16.6667,-0.3193,-3.8314,8,0.2424,100474.32,10.0474,37.5,1.3162,10.5297,13,0.3939,10132.68,1.0133,23.0769,0.1839,2.3913
e4c0e5d0,bull,s41|s65|s43|s92,4,0.0620380123,0.0175854503,0.3174,0.0,-15.5683,27,25.9259,0.017465,12,0.4444,15917.54,1.5918,25.0,0.232,2.7845,4,0.1481,91345.3,9.1345,50.0,2.2226,8.8905,11,0.4074,-39156.78,-3.9157,18.1818,-0.3108,-3.4193
05babaa9,bull,s95|s10|s26,3,0.0264760456,0.0140219503,-7.0303,0.0,-9.2287,22,31.8182,0.017445,10,0.4545,-18841.29,-1.8841,30.0,-0.1873,-1.8726,3,0.1364,-3335.71,-0.3336,33.3333,-0.0523,-0.1568,9,0.4091,-5727.56,-0.5728,33.3333,-0.0523,-0.4704
8225fd80,bear,s52|s31|s89|s80|s66,5,0.0755238035,0.0126982076,4.8027,0.0,-11.8878,20,20.0,0.017419,6,0.3,9122.63,0.9123,16.6667,0.2005,1.2033,5,0.25,-66597.77,-6.6598,0.0,-1.2698,-6.3491,9,0.45,148508.07,14.8508,33.3333,1.6709,15.0382
1bc83199,bear,s101|s23|s26,3,0.0292264613,0.0085059237,2.8186,0.0,-5.0092,8,37.5,0.017399,4,0.5,41173.45,4.1173,50.0,1.036,4.1441,0,0.0,0.0,0.0,0.0,0.0,0.0,4,0.5,3338.97,0.3339,25.0,0.0927,0.3709
56d1460c,bear,s50|s77|s13|s97|s20,5,0.0766636497,0.0179374761,5.07,0.0,-19.2441,25,24.0,0.017274,6,0.24,-22635.41,-2.2635,16.6667,-0.2171,-1.3024,9,0.36,-72293.91,-7.2294,11.1111,-0.7426,-6.6836,10,0.4,195749.2,19.5749,40.0,1.9903,19.903
c9dc8b93,bear,s72|s49|s89,3,0.0784394261,0.0180333993,3.2095,0.0,-10.8819,17,23.5294,0.017265,3,0.1765,34892.78,3.4893,33.3333,1.4124,4.2373,8,0.4706,44730.15,4.473,25.0,0.6085,4.8678,6,0.3529,-13640.38,-1.364,16.6667,-0.1955,-1.1728
4fa7d408,bear,s80|s90,2,0.0304007463,0.0105031583,2.1345,0.0,-4.386,8,37.5,0.017261,3,0.375,8975.47,0.8975,33.3333,0.3131,0.9394,4,0.5,38918.55,3.8919,50.0,0.9949,3.9795,1,0.125,-10655.78,-1.0656,0.0,-1.0503,-1.0503
99e03e7e,bear,s13|s86|s26,3,0.0472972964,0.0145413465,-0.6222,0.0,-6.8218,15,26.6667,0.017114,5,0.3333,-72938.35,-7.2938,0.0,-1.4541,-7.2707,4,0.2667,2341.12,0.2341,25.0,0.0918,0.3673,6,0.4,94240.9,9.4241,50.0,1.6378,9.8268
0cf54208,bear,s52|s17|s31|s67,4,0.0796145837,0.016130724,6.1411,0.0,-9.4485,12,25.0,0.017093,5,0.4167,6743.04,0.6743,20.0,0.3018,1.5092,4,0.3333,30881.96,3.0882,25.0,0.7806,3.1222,3,0.25,48491.29,4.8491,33.3333,1.5784,4.7353
339360dd,bull,s92|s9|s74,3,0.0358375795,0.0117002114,-4.1217,0.0,-15.3043,44,27.2727,0.017088,17,0.3864,-57994.53,-5.7995,17.6471,-0.3311,-5.629,8,0.1818,132432.73,13.2433,62.5,1.8011,14.4087,19,0.4318,-32488.33,-3.2488,21.0526,-0.1692,-3.2153
3a178401,bear,s50|s66|s57,3,0.0203853436,0.0112518796,-3.3261,0.0,-5.1955,12,33.3333,0.017066,4,0.3333,-13569.17,-1.3569,25.0,-0.3343,-1.337,6,0.5,25887.44,2.5887,50.0,0.4567,2.74,2,0.1667,-22144.26,-2.2144,0.0,-1.1252,-2.2504
23192767,bear,s13|s18|s16,3,0.0588166404,0.0120757329,3.7331,0.0,-20.5182,66,21.2121,0.017014,17,0.2576,73333.53,7.3334,23.5294,0.4605,7.8282,13,0.197,123795.29,12.3795,30.7692,0.9737,12.6585,36,0.5455,-17473.35,-1.7473,16.6667,-0.026,-0.9372
a388ea30,bear,s61|s66|s26,3,0.0458105517,0.0177905619,2.9121,0.0,-5.9851,8,37.5,0.016991,4,0.5,-8638.07,-0.8638,25.0,-0.189,-0.7561,0,0.0,0.0,0.0,0.0,0.0,0.0,4,0.5,53593.59,5.3594,50.0,1.401,5.604
b3476d0e,bear,s80|s71|s22,3,0.0415229328,0.0190782536,-1.9013,0.0,-11.9979,15,33.3333,0.01692,2,0.1333,-36938.48,-3.6938,0.0,-1.9078,-3.8157,5,0.3333,-32521.15,-3.2521,20.0,-0.6958,-3.479,8,0.5333,78768.82,7.8769,50.0,1.1222,8.9779
ad9f04a4,bull,s58|s38|s9|s45,4,0.0674687934,0.0101762946,3.3601,0.0,-9.8995,22,18.1818,0.016846,13,0.5909,-134052.11,-13.4052,0.0,-1.0176,-13.2292,4,0.1818,186450.58,18.6451,75.0,4.8058,19.223,5,0.2273,25664.29,2.5664,20.0,0.5353,2.6764
a8a296d5,bull,s54|s74|s65|s3,4,0.0448750598,0.0189289783,-2.2788,0.0,-13.7652,19,31.5789,0.016844,6,0.3158,-49459.18,-4.9459,16.6667,-0.8295,-4.977,4,0.2105,107899.22,10.7899,75.0,2.8924,11.5696,9,0.4737,-44858.08,-4.4858,22.2222,-0.475,-4.2753
b8127abc,bull,s60|s3|s70|s40,4,0.0278381401,0.0164117771,-8.9111,0.0,-15.9877,33,36.3636,0.016819,13,0.3939,-76368.53,-7.6369,23.0769,-0.62,-8.0603,5,0.1515,2009.05,0.2009,40.0,0.1288,0.6441,15,0.4545,55543.74,5.5544,46.6667,0.4238,6.3573
9dd0e45a,bear,s50|s72|s77|s19,4,0.0318798326,0.0188688523,-12.4074,0.0,-15.1477,59,37.2881,0.016792,9,0.1525,29256.69,2.9257,44.4444,0.3686,3.3175,19,0.322,-55996.18,-5.5996,31.5789,-0.2843,-5.4016,31,0.5254,12176.91,1.2177,38.7097,0.0776,2.405
b80367a5,bear,s51|s90|s26,3,0.0498848073,0.0092437299,3.9332,0.0,-6.9482,12,25.0,0.016773,6,0.5,-57508.11,-5.7508,0.0,-0.9244,-5.5462,1,0.0833,50558.43,5.0558,100.0,4.9885,4.9885,5,0.4167,70692.4,7.0692,40.0,1.4408,7.2038
bf2d5195,bull,s15|s94,2,0.0647603416,0.0144376321,4.1421,0.0,-7.4461,11,27.2727,0.016731,4,0.3636,-61006.6,-6.1007,0.0,-1.4438,-5.7751,3,0.2727,36244.81,3.6245,33.3333,1.1962,3.5885,4,0.3636,99478.16,9.9478,50.0,2.5161,10.0645
31042b1c,bear,s90|s16,2,0.0702357993,0.0122026327,5.0751,0.0,-13.2146,19,21.0526,0.016649,6,0.3158,9477.57,0.9478,16.6667,0.1537,0.9223,6,0.3158,84449.87,8.445,33.3333,1.5277,9.1661,7,0.3684,-5189.41,-0.5189,14.2857,-0.0426,-0.298
e09d4e8e,bull,s55|s4,2,0.0295188418,0.0141397866,-4.7419,0.0,-10.671,19,31.5789,0.016627,8,0.4211,-69304.18,-6.9304,12.5,-0.8682,-6.946,6,0.3158,85972.59,8.5973,66.6667,1.4966,8.9796,5,0.2632,-26902.88,-2.6903,20.0,-0.5408,-2.704
6b7440b2,bear,s101|s80|s52,3,0.0272472744,0.0174389523,-8.6126,0.0,-25.3219,123,42.2764,0.016413,38,0.3089,185750.82,18.5751,50.0,0.4904,18.6358,35,0.2846,-32539.48,-3.2539,37.1429,-0.0841,-2.9442,50,0.4065,14581.97,1.4582,40.0,0.0436,2.1777
b37b0983,bear,s61|s37|s49|s90|s31,5,0.0322587086,0.018778791,-8.4059,0.0,-21.5191,55,38.1818,0.016365,17,0.3091,65995.88,6.5996,47.0588,0.5239,8.9061,14,0.2545,33168.06,3.3168,42.8571,0.3094,4.3322,24,0.4364,-86429.0,-8.6429,29.1667,-0.3893,-9.3428
3073bb41,bull,s43|s3|s15|s45|s6,5,0.024964284,0.0086103199,-7.8682,0.0,-12.1838,64,28.125,0.016351,29,0.4531,-19629.32,-1.9629,24.1379,-0.0506,-1.4677,14,0.2188,11398.41,1.1398,28.5714,0.0982,1.3754,21,0.3281,51135.21,5.1135,33.3333,0.2581,5.4206
07dc375d,bear,s56|s80|s23|s61|s72,5,0.0570480567,0.0124104633,-0.9989,0.0,-14.2781,57,21.0526,0.016328,13,0.2281,45396.37,4.5396,23.0769,0.3618,4.704,15,0.2632,-53202.41,-5.3202,13.3333,-0.3149,-4.724,29,0.5088,111796.53,11.1797,24.1379,0.4355,12.6306
9aa7cfc0,bear,s52|s61|s31|s17,4,0.0216645577,0.0115003514,-12.3988,0.0,-13.6422,73,35.6164,0.016327,13,0.1781,-49347.08,-4.9347,23.0769,-0.3847,-5.001,21,0.2877,18975.22,1.8975,38.0952,0.1134,2.3812,39,0.5342,40438.11,4.0438,38.4615,0.1255,4.896
4d14d5bb,bull,s47|s30,2,0.0604486962,0.0137540204,2.7811,0.0,-6.143,12,25.0,0.016247,3,0.25,-42919.11,-4.2919,0.0,-1.3754,-4.1262,3,0.25,33147.0,3.3147,33.3333,1.098,3.2941,6,0.5,61704.55,6.1705,33.3333,1.098,6.5881
c82be8ef,bear,s57|s67|s80|s31|s52,5,0.0477363124,0.0146325642,-1.6618,0.0,-12.1121,23,26.087,0.016228,6,0.2609,31601.43,3.1601,33.3333,0.6157,3.6942,7,0.3043,19867.94,1.9868,28.5714,0.3187,2.231,10,0.4348,-23351.28,-2.3351,20.0,-0.2159,-2.1588
009a3d1d,bear,s52|s17|s25|s85,4,0.0441893564,0.0164499524,-0.2277,0.0,-9.7843,13,30.7692,0.016131,2,0.1538,-32563.84,-3.2564,0.0,-1.645,-3.29,5,0.3846,35954.83,3.5955,40.0,0.7806,3.9029,6,0.4615,19672.42,1.9672,33.3333,0.3763,2.2579
14af6c42,bull,s58|s21,2,0.0376946246,0.0087167908,-1.0508,0.0,-5.9548,18,22.2222,0.016056,10,0.5556,-41158.62,-4.1159,10.0,-0.4076,-4.0756,2,0.1111,27432.77,2.7433,50.0,1.4489,2.8978,6,0.3333,38941.71,3.8942,33.3333,0.6754,4.0522
de8181f7,bear,s52|s25|s86|s66,4,0.0620029657,0.0139753136,4.7077,0.0,-9.2762,11,27.2727,0.01602,2,0.1818,47141.88,4.7142,50.0,2.4014,4.8028,4,0.3636,18968.44,1.8968,25.0,0.5019,2.0077,5,0.4545,4440.89,0.4441,20.0,0.122,0.6102
9fabf526,bear,s66|s86|s99,3,0.0598927458,0.0182746558,-0.5315,0.0,-11.565,19,26.3158,0.016008,10,0.5263,43997.17,4.3997,30.0,0.5176,5.1756,0,0.0,0.0,0.0,0.0,0.0,0.0,9,0.4737,-11312.36,-1.1312,22.2222,-0.0904,-0.8137
96112fe5,bear,s101|s67|s26,3,0.028779333,0.0086890173,1.493,0.0,-5.6874,9,33.3333,0.016004,4,0.4444,39658.36,3.9658,50.0,1.0045,4.0181,0,0.0,0.0,0.0,0.0,0.0,0.0,5,0.5556,-6433.32,-0.6433,20.0,-0.1195,-0.5977
67684644,bull,s84|s30|s93|s41,4,0.0496176781,0.0155441502,0.2472,0.0,-13.3471,18,27.7778,0.015941,6,0.3333,-29801.13,-2.9801,16.6667,-0.4684,-2.8103,4,0.2222,66389.6,6.639,50.0,1.7037,6.8147,8,0.4444,1885.6,0.1886,25.0,0.0746,0.597
59530282,bull,s83|s95|s42,3,0.0619126298,0.0144831302,4.2376,0.0,-8.8528,11,27.2727,0.015886,6,0.5455,63765.47,6.3765,33.3333,1.0982,6.5893,3,0.2727,30272.08,3.0272,33.3333,1.0982,3.2946,2,0.1818,-29182.64,-2.9183,0.0,-1.4483,-2.8966
f6aa6bf3,bear,s67|s20|s90|s37,4,0.0180877447,0.0092192803,-0.8482,0.0,-3.3276,8,37.5,0.01586,3,0.375,-622.13,-0.0622,33.3333,-0.0117,-0.0351,4,0.5,17541.55,1.7542,50.0,0.4434,1.7737,1,0.125,-9402.16,-0.9402,0.0,-0.9219,-0.9219
f7b03ca1,bear,s89|s22|s49|s19,4,0.0201137809,0.0131325817,-0.7099,0.0,-4.2119,7,42.8571,0.015833,1,0.1429,20202.77,2.0203,100.0,2.0114,2.0114,2,0.2857,6867.22,0.6867,50.0,0.3491,0.6981,4,0.5714,-19964.39,-1.9964,25.0,-0.4821,-1.9284
5f8db4d5,bull,s47|s12|s96,3,0.0488976728,0.0172372716,-4.5606,0.0,-14.3671,36,27.7778,0.015833,13,0.3611,-28862.41,-2.8862,23.0769,-0.1975,-2.568,6,0.1667,25594.07,2.5594,33.3333,0.4808,2.8846,17,0.4722,28053.95,2.8054,29.4118,0.2214,3.7641
2cf4e5db,bear,s90|s19,2,0.069081043,0.0162179211,4.8872,0.0,-9.8184,11,27.2727,0.015821,4,0.3636,18517.05,1.8517,25.0,0.5107,2.0427,4,0.3636,18002.49,1.8002,25.0,0.5107,2.0427,3,0.2727,34750.53,3.4751,33.3333,1.2215,3.6645
80dee622,bear,s25|s72|s26,3,0.0660643858,0.01718278,2.0811,0.0,-20.7375,41,24.3902,0.015812,9,0.2195,-76104.52,-7.6105,11.1111,-0.7933,-7.1398,12,0.2927,34796.43,3.4796,25.0,0.3629,4.3548,20,0.4878,147223.22,14.7223,30.0,0.7791,15.5827
de91f350,bull,s21|s11,2,0.071945048,0.0142038766,2.5636,0.0,-10.6263,19,21.0526,0.015783,11,0.5789,8932.01,0.8932,18.1818,0.146,1.6055,1,0.0526,72035.14,7.2035,100.0,7.1945,7.1945,7,0.3684,-16475.21,-1.6475,14.2857,-0.1897,-1.3278
c2326860,bear,s85|s28,2,0.0472003126,0.0167066863,1.9529,0.0,-6.7131,9,33.3333,0.015781,3,0.3333,75703.65,7.5704,66.6667,2.5898,7.7694,4,0.4444,-67843.84,-6.7844,0.0,-1.6707,-6.6827,2,0.2222,29772.47,2.9772,50.0,1.5247,3.0494
e187d07d,bull,s91|s10|s30|s33,4,0.0455961453,0.0140768195,-5.1151,0.0,-14.1218,65,26.1538,0.015636,16,0.2462,-50610.33,-5.061,18.75,-0.2888,-4.621,17,0.2615,1130.21,0.113,23.5294,-0.0036,-0.0614,32,0.4923,126821.06,12.6821,31.25,0.4571,14.6271
5eb30177,bull,s12|s21|s92,3,0.0307838324,0.0108813745,0.7339,0.0,-5.4353,9,33.3333,0.015593,3,0.3333,8406.98,0.8407,33.3333,0.3007,0.9021,2,0.2222,19318.7,1.9319,50.0,0.9951,1.9902,4,0.4444,-2318.34,-0.2318,25.0,-0.0465,-0.186
f8d7503f,bull,s95|s55|s91,3,0.0455934247,0.009961168,0.2185,0.0,-8.1231,18,22.2222,0.015542,5,0.2778,5100.74,0.5101,20.0,0.115,0.5749,6,0.3333,-5980.91,-0.5981,16.6667,-0.0702,-0.4212,7,0.3889,38144.5,3.8145,28.5714,0.5912,4.1381
f5c9e3a8,bear,s52|s85,2,0.0555141607,0.0191576693,1.6219,0.0,-13.1268,13,30.7692,0.015448,5,0.3846,47058.71,4.7059,40.0,1.0711,5.3555,5,0.3846,-20177.34,-2.0177,20.0,-0.4223,-2.1117,3,0.2308,16388.23,1.6388,33.3333,0.5733,1.7199
a5822684,bear,s56|s89|s67,3,0.042626912,0.017716969,2.0116,0.0,-8.1479,8,37.5,0.015376,3,0.375,4346.24,0.4346,33.3333,0.2398,0.7193,4,0.5,48697.53,4.8698,50.0,1.2455,4.982,1,0.125,-17008.24,-1.7008,0.0,-1.7717,-1.7717
7c118caf,bear,s19|s89|s26,3,0.0341519046,0.0130452778,-3.8066,0.0,-8.4672,18,27.7778,0.015374,8,0.4444,82023.24,8.2023,50.0,1.0553,8.4427,3,0.1667,-39083.94,-3.9084,0.0,-1.3045,-3.9136,7,0.3889,-44987.58,-4.4988,14.2857,-0.6303,-4.412
0c59e44b,bear,s89|s71|s61,3,0.0202796546,0.0094008412,-6.8584,0.0,-14.1018,32,31.25,0.015367,11,0.3438,10842.32,1.0842,36.3636,0.1392,1.5313,12,0.375,31554.77,3.1555,41.6667,0.2966,3.5592,9,0.2812,-51554.5,-5.1554,11.1111,-0.6103,-5.4927
f372270b,bear,s20|s72,2,0.0603121758,0.0103658691,2.5211,0.0,-16.8137,48,18.75,0.015258,9,0.1875,38838.61,3.8839,22.2222,0.534,4.8063,15,0.3125,118511.19,11.8511,26.6667,0.8482,12.7224,24,0.5,-37730.16,-3.773,12.5,-0.1531,-3.6747
53082686,bull,s75|s4|s9|s65,4,0.0265698267,0.0158467007,-11.2903,0.0,-18.2123,60,38.3333,0.015202,23,0.3833,7699.71,0.77,39.1304,0.0751,1.7275,11,0.1833,77308.6,7.7309,54.5455,0.729,8.0185,26,0.4333,-69882.16,-6.9882,30.7692,-0.2795,-7.2682
b50d661a,bull,s42|s48|s58|s40,4,0.0197443817,0.0088375456,-1.2526,0.0,-3.6162,9,33.3333,0.015145,5,0.5556,12005.73,1.2006,40.0,0.2595,1.2976,2,0.2222,10486.7,1.0487,50.0,0.5453,1.0907,2,0.2222,-17299.09,-1.7299,0.0,-0.8838,-1.7675
f118b45f,bear,s77|s97|s26,3,0.0405164788,0.0119593657,1.5109,0.0,-6.7866,10,30.0,0.015137,5,0.5,-9355.2,-0.9355,20.0,-0.1464,-0.7321,0,0.0,0.0,0.0,0.0,0.0,0.0,5,0.5,45239.28,4.5239,40.0,0.9031,4.5155
36b3761f,bull,s40|s60|s48,3,0.0352441765,0.0126457755,-2.5699,0.0,-7.1358,14,28.5714,0.015128,6,0.4286,-28230.53,-2.8231,16.6667,-0.4664,-2.7985,2,0.1429,21391.97,2.1392,50.0,1.1299,2.2598,6,0.4286,17753.69,1.7754,33.3333,0.3318,1.9905
7d8f315f,bear,s61|s76|s52|s25,4,0.0342768562,0.0114305785,-6.2857,0.0,-12.7033,45,26.6667,0.015073,9,0.2,-12154.28,-1.2154,22.2222,-0.1273,-1.146,19,0.4222,50547.56,5.0548,31.5789,0.3003,5.7064,17,0.3778,-14405.65,-1.4406,23.5294,-0.0676,-1.149
0a0a103b,bear,s80|s23|s29|s22|s72,5,0.0409847989,0.0171165138,-2.1536,0.0,-17.5514,22,31.8182,0.015042,2,0.0909,-34180.39,-3.418,0.0,-1.7117,-3.4233,8,0.3636,-26792.69,-2.6793,25.0,-0.2591,-2.0729,12,0.5455,85530.03,8.553,41.6667,0.7092,8.5108
e192f4db,bull,s21|s54|s96|s74|s38,5,0.0518983331,0.0149671698,-1.3135,0.0,-10.7822,20,25.0,0.01496,10,0.5,46049.2,4.6049,30.0,0.5092,5.0925,3,0.15,-45357.75,-4.5358,0.0,-1.4967,-4.4902,7,0.35,26661.12,2.6661,28.5714,0.4137,2.8961
b8e32c11,bear,s85|s19|s80|s22,4,0.0771634647,0.0171000096,4.4856,0.0,-10.2044,12,25.0,0.014959,1,0.0833,-16436.65,-1.6437,0.0,-1.71,-1.71,4,0.3333,-67217.16,-6.7217,0.0,-1.71,-6.84,7,0.5833,151928.66,15.1929,42.8571,2.3299,16.309
77693026,bull,s47|s94,2,0.0609754079,0.0191559249,2.2421,0.0,-8.1825,10,30.0,0.014884,3,0.3,-58004.68,-5.8005,0.0,-1.9156,-5.7468,2,0.2,40950.43,4.095,50.0,2.091,4.1819,5,0.5,59164.92,5.9165,40.0,1.2897,6.4483
6fccda43,bear,s19|s90|s76,3,0.0759296146,0.0195672945,6.3293,0.0,-13.683,10,30.0,0.014854,4,0.4,14730.09,1.473,25.0,0.4307,1.7228,4,0.4,15127.19,1.5127,25.0,0.4307,1.7228,2,0.2,53808.95,5.3809,50.0,2.8181,5.6362
fb74a04f,bull,s94|s53,2,0.0297978226,0.0096928538,-3.8528,0.0,-7.562,20,25.0,0.014761,3,0.15,-28634.49,-2.8634,0.0,-0.9693,-2.9079,4,0.2,38185.82,3.8186,50.0,1.0052,4.021,13,0.65,-9118.28,-0.9118,23.0769,-0.058,-0.7535
ca90cde4,bull,s53|s94|s21,3,0.0638904606,0.0083823234,1.8556,0.0,-10.4462,32,15.625,0.014694,5,0.1562,-44005.29,-4.4005,0.0,-0.8382,-4.1912,8,0.25,76188.82,7.6189,25.0,0.9686,7.7487,19,0.5938,53528.04,5.3528,15.7895,0.3029,5.7554
ac4b472d,bull,s65|s21|s55,3,0.0278504832,0.009195082,-5.6069,0.0,-8.8036,28,25.0,0.01465,15,0.5357,-28098.71,-2.8099,20.0,-0.1786,-2.679,7,0.25,8270.75,0.8271,28.5714,0.1389,0.9726,6,0.2143,18142.19,1.8142,33.3333,0.3153,1.8921
c035bdba,bull,s44|s47|s78,3,0.0319445901,0.0177417199,-9.115,0.0,-13.9121,29,34.4828,0.014646,10,0.3448,-32186.52,-3.2187,30.0,-0.2836,-2.8358,6,0.2069,85986.66,8.5987,66.6667,1.5382,9.2295,13,0.4483,-79256.9,-7.9257,23.0769,-0.6276,-8.1583
cc1ab341,bull,s82|s68,2,0.0331306291,0.0098272186,-0.067,0.0,-5.5239,10,30.0,0.014632,2,0.2,-19838.39,-1.9838,0.0,-0.9827,-1.9654,1,0.1,-10140.71,-1.0141,0.0,-0.9827,-0.9827,7,0.7,59058.48,5.9058,42.8571,0.8583,6.0083
47a46f41,bull,s54|s12,2,0.0765492851,0.0162789889,9.2297,0.0,-3.6156,5,40.0,0.014607,2,0.4,-33103.61,-3.3104,0.0,-1.6279,-3.2558,2,0.4,152824.23,15.2824,100.0,7.6549,15.3099,1,0.2,-17153.85,-1.7154,0.0,-1.6279,-1.6279
275d7a07,bear,s13|s17|s51|s61|s67,5,0.0393262845,0.0186216933,-4.969,0.0,-12.1869,19,31.5789,0.014554,6,0.3158,-53439.31,-5.3439,16.6667,-0.8964,-5.3782,7,0.3684,-14868.6,-1.4869,28.5714,-0.2065,-1.4456,6,0.3158,54494.04,5.4494,50.0,1.0352,6.2114
ba46ce85,bull,s94|s30|s87|s40,4,0.0568405015,0.0150753597,2.2581,0.0,-8.2361,11,27.2727,0.014551,1,0.0909,-15667.39,-1.5667,0.0,-1.5075,-1.5075,4,0.3636,80649.65,8.065,50.0,2.0883,8.353,6,0.5455,-20979.5,-2.098,16.6667,-0.3089,-1.8536
c7833bde,bear,s28|s17|s85|s99|s90,5,0.0331984893,0.0183765056,-5.1182,0.0,-16.0648,20,35.0,0.014533,10,0.5,14541.07,1.4541,40.0,0.2253,2.2535,4,0.2,-72526.93,-7.2527,0.0,-1.8377,-7.3506,6,0.3,47214.01,4.7214,50.0,0.7411,4.4466
bce8b14b,bear,s86|s28|s57,3,0.0474316715,0.0106907939,0.5603,0.0,-11.4996,24,20.8333,0.014516,14,0.5833,17652.63,1.7653,21.4286,0.1764,2.4696,5,0.2083,3516.76,0.3517,20.0,0.0934,0.4668,5,0.2083,4103.9,0.4104,20.0,0.0934,0.4668
13276ba6,bear,s67|s100|s16,3,0.0763531595,0.0102467126,8.5282,0.0,-5.411,7,28.5714,0.014503,4,0.5714,132956.12,13.2956,50.0,3.3053,13.2213,3,0.4286,-33107.72,-3.3108,0.0,-1.0247,-3.074,0,0.0,0.0,0.0,0.0,0.0,0.0
69f1063b,bear,s97|s37|s20|s16,4,0.0331354121,0.0144642524,-7.9434,0.0,-14.6138,42,30.9524,0.014483,14,0.3333,31499.78,3.15,35.7143,0.2536,3.5499,15,0.3571,58655.06,5.8655,40.0,0.4576,6.8634,13,0.3095,-89526.62,-8.9527,15.3846,-0.7141,-9.2836
2712c283,bear,s28|s31|s77,3,0.0665267454,0.0169790117,4.9578,0.0,-25.7877,50,24.0,0.014468,15,0.3,-17317.36,-1.7317,20.0,-0.0278,-0.4168,10,0.2,-13351.53,-1.3352,20.0,-0.0278,-0.2779,25,0.5,165953.23,16.5953,28.0,0.6403,16.0065
9a0f8074,bear,s57|s37|s99,3,0.0609144323,0.0166674135,0.6507,0.0,-19.1854,36,25.0,0.014434,19,0.5278,57384.99,5.7385,26.3158,0.3749,7.1228,6,0.1667,53752.5,5.3753,33.3333,0.9193,5.5159,11,0.3056,-31289.42,-3.1289,18.1818,-0.2562,-2.8178
12bb6a86,bull,s64|s47,2,0.0209466681,0.0116904242,-8.0629,0.0,-11.6473,25,32.0,0.014403,10,0.4,-18405.53,-1.8406,30.0,-0.1899,-1.8993,5,0.2,-25436.11,-2.5436,20.0,-0.5163,-2.5815,10,0.4,10809.0,1.0809,40.0,0.1364,1.3644
7dd9d60c,bull,s54|s70,2,0.0633529456,0.0088906845,1.4428,0.0,-5.3186,18,16.6667,0.014334,8,0.4444,-1693.16,-0.1693,12.5,0.014,0.1118,3,0.1667,44217.98,4.4218,33.3333,1.5191,4.5572,7,0.3889,7677.9,0.7678,14.2857,0.143,1.0009
85d49d50,bull,s75|s15,2,0.0300450699,0.0094111021,-5.0711,0.0,-7.7059,25,24.0,0.014299,5,0.2,-7846.01,-0.7846,20.0,-0.152,-0.7599,10,0.4,23290.03,2.329,30.0,0.2426,2.4257,10,0.4,-17201.16,-1.7201,20.0,-0.152,-1.5199
9133882f,bull,s10|s42|s93|s87,4,0.0188357008,0.0107399169,-8.0828,0.0,-11.7114,25,32.0,0.014267,9,0.36,-38569.23,-3.8569,22.2222,-0.4168,-3.7508,7,0.28,39592.32,3.9592,57.1429,0.616,4.3123,9,0.36,-34677.32,-3.4677,22.2222,-0.4168,-3.7508
b45be0d5,bull,s75|s43,2,0.0611772893,0.0134188228,2.8283,0.0,-13.3219,17,23.5294,0.014258,4,0.2353,18945.47,1.8945,25.0,0.523,2.0921,5,0.2941,80971.56,8.0972,40.0,1.642,8.2098,8,0.4706,-36693.89,-3.6694,12.5,-0.4094,-3.2754
06b64502,bear,s22|s76|s80|s31,4,0.0548062317,0.0159469995,0.9565,0.0,-6.9871,11,27.2727,0.01423,1,0.0909,-15645.18,-1.5645,0.0,-1.5947,-1.5947,2,0.1818,-32308.39,-3.2308,0.0,-1.5947,-3.1894,8,0.7273,79854.89,7.9855,37.5,1.0585,8.4684
a42d5ad8,bear,s66|s90|s100,3,0.0551013869,0.0189417151,-0.4644,0.0,-11.0249,14,28.5714,0.014219,6,0.4286,33742.86,3.3743,33.3333,0.5739,3.4436,7,0.5,-66437.53,-6.6438,14.2857,-0.8364,-5.8549,1,0.0714,57292.6,5.7293,100.0,5.5101,5.5101
f2b55016,bear,s49|s17|s27,3,0.0648290137,0.0128322385,3.6383,0.0,-16.2973,23,21.7391,0.014204,3,0.1304,-36085.97,-3.6086,0.0,-1.2832,-3.8497,9,0.3913,33477.03,3.3477,22.2222,0.4426,3.9832,11,0.4783,83185.9,8.3186,27.2727,0.8348,9.1829
966cbd12,bull,s94|s83|s68|s14,4,0.0794930775,0.0175502055,8.3877,0.0,-3.8645,5,40.0,0.014196,1,0.2,-17532.65,-1.7533,0.0,-1.755,-1.755,0,0.0,0.0,0.0,0.0,0.0,0.0,4,0.8,121639.45,12.1639,50.0,3.0971,12.3886
0a22f41f,bear,s85|s16|s29|s67|s51,5,0.0784566701,0.0166698918,9.5072,0.0,-5.506,5,40.0,0.014151,2,0.4,-32379.62,-3.238,0.0,-1.667,-3.334,2,0.4,63080.27,6.308,50.0,3.0893,6.1787,1,0.2,74070.16,7.407,100.0,7.8457,7.8457
17b1c62c,bear,s56|s28|s89|s86,4,0.0721273551,0.0130859167,9.4133,0.0,-5.5743,5,40.0,0.014093,2,0.4,-27595.32,-2.7595,0.0,-1.3086,-2.6172,2,0.4,56223.42,5.6223,50.0,2.9521,5.9041,1,0.2,75945.32,7.5945,100.0,7.2127,7.2127
40b00093,bear,s20|s76|s51|s90,4,0.061918399,0.0112209758,9.3926,0.0,-3.8419,4,50.0,0.014084,1,0.25,-12426.91,-1.2427,0.0,-1.1221,-1.1221,2,0.5,53486.53,5.3487,50.0,2.5349,5.0697,1,0.25,61038.78,6.1039,100.0,6.1918,6.1918
05b3d31a,bear,s71|s62|s80|s52,4,0.0473033191,0.0176309187,-0.5825,0.0,-5.8124,10,30.0,0.014047,3,0.3,10156.69,1.0157,33.3333,0.4014,1.2041,3,0.3,10365.27,1.0365,33.3333,0.4014,1.2041,4,0.4,-6493.61,-0.6494,25.0,-0.1397,-0.5589
86e4fada,bull,s48|s55|s91,3,0.0483132147,0.0134968018,1.0896,0.0,-7.4983,11,27.2727,0.01401,3,0.2727,-41001.12,-4.1001,0.0,-1.3497,-4.049,3,0.2727,20168.05,2.0168,33.3333,0.7107,2.132,5,0.4545,53611.74,5.3612,40.0,1.1227,5.6136
b21e47cb,bear,s89|s25|s13,3,0.0777359712,0.0198347623,2.5732,0.0,-19.5352,29,24.1379,0.013979,5,0.1724,-4421.41,-0.4421,20.0,-0.0321,-0.1603,9,0.3103,-87877.24,-8.7877,11.1111,-0.8994,-8.0942,15,0.5172,178149.35,17.8149,33.3333,1.2689,19.0332
2e5738b7,bear,s49|s61|s16,3,0.0520240815,0.0188856711,-1.2964,0.0,-23.1118,47,29.7872,0.01395,13,0.2766,-36613.97,-3.6614,23.0769,-0.2522,-3.2784,15,0.3191,-65006.07,-6.5006,20.0,-0.4704,-7.0556,19,0.4043,177374.27,17.7374,42.1053,1.0971,20.845
57d4c6c4,bear,s23|s51|s90,3,0.074547928,0.0164833492,6.7651,0.0,-3.6621,6,33.3333,0.013929,3,0.5,-51393.52,-5.1394,0.0,-1.6483,-4.945,1,0.1667,75529.06,7.5529,100.0,7.4548,7.4548,2,0.3333,55583.51,5.5584,50.0,2.9032,5.8065
f1a1d802,bear,s52|s85|s28,3,0.0236358168,0.0121157488,-5.9791,0.0,-24.899,72,37.5,0.013887,27,0.375,21795.98,2.1796,37.037,0.1126,3.039,20,0.2778,9816.9,0.9817,35.0,0.0397,0.7946,25,0.3472,46934.16,4.6934,40.0,0.2185,5.4622
9b40bd80,bear,s62|s37,2,0.0570022998,0.0136401057,9.5628,0.0,-2.2684,3,66.6667,0.013887,0,0.0,0.0,0.0,0.0,0.0,0.0,0,0.0,0.0,0.0,0.0,0.0,0.0,3,1.0,101707.33,10.1707,66.6667,3.3455,10.0364
35cc6038,bear,s23|s50|s61,3,0.0622351335,0.0189903012,-2.5385,0.0,-10.0628,20,25.0,0.013863,8,0.4,6568.98,0.6569,25.0,0.1316,1.0528,7,0.35,-53844.17,-5.3844,14.2857,-0.7387,-5.1707,5,0.25,61136.4,6.1136,40.0,1.35,6.7499
d8342cd8,bear,s99|s71,2,0.0631432809,0.0146001962,7.0885,0.0,-3.2921,5,40.0,0.013848,2,0.4,47197.04,4.7197,50.0,2.4272,4.8543,1,0.2,64733.6,6.4734,100.0,6.3143,6.3143,2,0.4,-30697.98,-3.0698,0.0,-1.46,-2.92
a8227d4a,bear,s28|s99|s76|s89,4,0.0590691565,0.0104659807,11.7399,0.0,-0.9722,2,100.0,0.013762,1,0.5,59010.08,5.901,100.0,5.9069,5.9069,0,0.0,0.0,0.0,0.0,0.0,0.0,1,0.5,62377.88,6.2378,100.0,5.9069,5.9069
be499ac7,bull,s40|s55|s75|s38,4,0.0535386277,0.0195894517,10.5513,0.0,-0.4967,2,100.0,0.013629,0,0.0,0.0,0.0,0.0,0.0,0.0,1,0.5,53485.11,5.3485,100.0,5.3539,5.3539,1,0.5,56236.07,5.6236,100.0,5.3539,5.3539
def717ba,bear,s100|s16,2,0.0791174173,0.0128285325,7.6691,0.0,-6.3961,7,28.5714,0.013608,4,0.5714,132637.38,13.2637,50.0,3.3144,13.2578,3,0.4286,-41409.65,-4.141,0.0,-1.2829,-3.8486,0,0.0,0.0,0.0,0.0,0.0,0.0
827ef4d0,bear,s13|s51|s89,3,0.0371080525,0.0091925402,0.2243,0.0,-6.5293,12,25.0,0.013514,4,0.3333,10278.85,1.0279,25.0,0.2383,0.953,5,0.4167,-1278.4,-0.1278,20.0,0.0068,0.0338,3,0.25,17734.26,1.7734,33.3333,0.6241,1.8723
0d9e1ded,bull,s93|s68|s27,3,0.0241185257,0.0159975958,-4.7705,0.0,-9.5297,11,36.3636,0.013512,3,0.2727,-7943.29,-0.7943,33.3333,-0.2626,-0.7877,2,0.1818,7567.42,0.7567,50.0,0.406,0.8121,6,0.5455,-16361.75,-1.6362,33.3333,-0.2626,-1.5753
fa3022f5,bull,s47|s33|s26,3,0.0280353568,0.0134684669,-6.7059,0.0,-11.7044,23,30.4348,0.013509,10,0.4348,-9946.01,-0.9946,30.0,-0.1017,-1.0173,5,0.2174,-25636.22,-2.5636,20.0,-0.5168,-2.5839,8,0.3478,12898.26,1.2898,37.5,0.2095,1.6764
474a5556,bull,s74|s95,2,0.0626286442,0.0124976993,7.6551,0.0,-5.2172,5,40.0,0.013497,4,0.8,99491.34,9.9491,50.0,2.5065,10.0262,0,0.0,0.0,0.0,0.0,0.0,0.0,1,0.2,-12860.2,-1.286,0.0,-1.2498,-1.2498
acccac5a,bull,s87|s60,2,0.0402988538,0.0124112541,-0.6741,0.0,-11.6298,14,28.5714,0.013476,6,0.4286,-22919.94,-2.292,16.6667,-0.3626,-2.1757,2,0.1429,27673.84,2.7674,50.0,1.3944,2.7888,6,0.4286,26973.99,2.6974,33.3333,0.5159,3.0953
2f675706,bull,s46|s54,2,0.0507508914,0.009959128,4.8095,0.0,-2.3732,6,33.3333,0.013454,0,0.0,0.0,0.0,0.0,0.0,0.0,3,0.5,30782.6,3.0783,33.3333,1.0278,3.0833,3,0.5,29600.68,2.9601,33.3333,1.0278,3.0833
240a3676,bear,s16|s31|s99,3,0.0732502148,0.0140686877,0.8073,0.0,-13.2148,31,19.3548,0.013423,10,0.3226,30161.17,3.0161,20.0,0.3395,3.3951,7,0.2258,71098.89,7.1099,28.5714,1.088,7.6157,14,0.4516,-30315.16,-3.0315,14.2857,-0.1595,-2.2324
13865776,bull,s92|s95|s74,3,0.0774127899,0.0146494391,8.1224,0.0,-6.9954,6,33.3333,0.01338,4,0.6667,123524.4,12.3524,50.0,3.1382,12.5527,0,0.0,0.0,0.0,0.0,0.0,0.0,2,0.3333,-30182.19,-3.0182,0.0,-1.4649,-2.9299
9dc80721,bull,s75|s11,2,0.0682103992,0.0197578322,-0.7501,0.0,-10.1196,16,25.0,0.013325,3,0.1875,26167.15,2.6167,33.3333,0.9565,2.8695,6,0.375,55317.55,5.5318,33.3333,0.9565,5.7389,7,0.4375,-56041.03,-5.6041,14.2857,-0.7191,-5.0337
de4da0f6,bear,s85|s61|s13|s31,4,0.0599410668,0.0165934323,0.0191,0.0,-17.1107,28,25.0,0.013297,5,0.1786,-83578.3,-8.3578,0.0,-1.6593,-8.2967,7,0.25,-45945.62,-4.5946,14.2857,-0.566,-3.962,16,0.5714,187236.31,18.7236,37.5,1.2107,19.3712
a3f004ed,bear,s16|s67|s86|s56,4,0.0569947695,0.0128300397,1.1286,0.0,-7.5628,13,23.0769,0.013275,6,0.4615,-8451.4,-0.8451,16.6667,-0.1193,-0.7155,5,0.3846,4375.25,0.4375,20.0,0.1135,0.5675,2,0.1538,40897.28,4.0897,50.0,2.2082,4.4165
e126b63c,bull,s74|s21|s26,3,0.0336986558,0.0174853379,-6.6169,0.0,-11.1162,19,31.5789,0.01327,10,0.5263,-71201.39,-7.1201,20.0,-0.7249,-7.2485,4,0.2105,28119.03,2.8119,50.0,0.8107,3.2427,5,0.2632,13068.1,1.3068,40.0,0.2988,1.4941
993e9f71,bull,s15|s10,2,0.0578921147,0.0184837872,-3.4216,0.0,-11.9144,23,26.087,0.013262,11,0.4783,-56600.67,-5.6601,18.1818,-0.4597,-5.057,4,0.1739,75798.95,7.5799,50.0,1.9704,7.8817,8,0.3478,639.76,0.064,25.0,0.061,0.4882
36284a80,bull,s63|s96|s42|s24,4,0.0306443435,0.0152044938,-6.352,0.0,-18.9999,32,34.375,0.013259,14,0.4375,9156.8,0.9157,35.7143,0.117,1.6381,5,0.1562,62673.68,6.2674,60.0,1.2305,6.1524,13,0.4062,-59255.44,-5.9255,23.0769,-0.4624,-6.0112
cf49af7e,bull,s48|s24|s15|s40,4,0.0728663617,0.0123053044,5.7005,0.0,-4.6167,7,28.5714,0.013253,4,0.5714,35581.29,3.5581,25.0,0.8988,3.595,2,0.2857,59295.37,5.9295,50.0,3.0281,6.0561,1,0.1429,-13162.4,-1.3162,0.0,-1.2305,-1.2305
e1c38014,bull,s35|s95|s40|s69,4,0.074021713,0.0153315398,0.6588,0.0,-10.3093,19,21.0526,0.013249,11,0.5789,4378.66,0.4379,18.1818,0.0915,1.006,2,0.1053,57520.96,5.7521,50.0,2.9345,5.869,6,0.3158,-7198.29,-0.7198,16.6667,-0.0439,-0.2636
664ed0dd,bear,s51|s90,2,0.0639311695,0.015363086,5.1405,0.0,-3.4421,6,33.3333,0.013228,3,0.5,-47506.75,-4.7507,0.0,-1.5363,-4.6089,1,0.1667,64351.31,6.4351,100.0,6.3931,6.3931,2,0.3333,46587.64,4.6588,50.0,2.4284,4.8568
20c5f8f9,bear,s20|s100|s26,3,0.0405302202,0.0139444746,0.0929,0.0,-8.305,10,30.0,0.013091,5,0.5,37327.46,3.7327,40.0,0.7845,3.9227,3,0.3,-43102.91,-4.3103,0.0,-1.3944,-4.1833,2,0.2,26731.74,2.6732,50.0,1.3293,2.6586
55828d3e,bear,s61|s85,2,0.0477437999,0.0182225687,7.1471,0.0,-3.9755,3,66.6667,0.013,2,0.6667,29832.29,2.9832,50.0,1.4761,2.9521,1,0.3333,47696.09,4.7696,100.0,4.7744,4.7744,0,0.0,0.0,0.0,0.0,0.0,0.0
f1dab971,bear,s13|s37|s80|s56,4,0.0375845655,0.0100520708,-4.9139,0.0,-11.6652,43,23.2558,0.013,9,0.2093,1820.86,0.1821,22.2222,0.0534,0.4805,15,0.3488,82609.89,8.261,33.3333,0.5827,8.7402,19,0.4419,-48819.17,-4.8819,15.7895,-0.253,-4.8079
6c03d7d1,bull,s2|s63|s95,3,0.0344573915,0.0096582049,6.583,0.0,-0.5003,2,100.0,0.012993,2,1.0,69960.84,6.9961,100.0,3.4457,6.8915,0,0.0,0.0,0.0,0.0,0.0,0.0,0,0.0,0.0,0.0,0.0,0.0,0.0
56bf1c30,bull,s78|s54|s36|s48,4,0.0284467944,0.0183673439,-7.2379,0.0,-9.2606,15,33.3333,0.01298,5,0.3333,-43366.59,-4.3367,20.0,-0.9005,-4.5023,4,0.2667,62851.55,6.2852,75.0,1.6743,6.6973,6,0.4,-62870.52,-6.2871,16.6667,-1.0565,-6.339
9993ee0d,bull,s14|s40,2,0.043934962,0.0089683119,-2.2894,0.0,-5.6936,21,19.0476,0.01298,12,0.5714,-54725.77,-5.4726,8.3333,-0.456,-5.4716,2,0.0952,32392.02,3.2392,50.0,1.7483,3.4967,7,0.3333,41276.93,4.1277,28.5714,0.6147,4.3028
2dce6e42,bull,s54|s21,2,0.0389647053,0.0173624926,5.4361,0.0,-1.9326,3,66.6667,0.012957,0,0.0,0.0,0.0,0.0,0.0,0.0,2,0.6667,79287.46,7.9287,100.0,3.8965,7.7929,1,0.3333,-18648.42,-1.8648,0.0,-1.7362,-1.7362
676decfe,bull,s34|s59|s33|s38,4,0.0761926021,0.0172147456,-0.3469,0.0,-14.261,33,21.2121,0.012847,10,0.303,4826.76,0.4827,20.0,0.1467,1.4667,9,0.2727,119485.44,11.9485,33.3333,1.3921,12.5289,14,0.4242,-62870.61,-6.2871,14.2857,-0.3871,-5.4192
abe824b8,bull,s55|s58|s73|s69,4,0.0244398389,0.0137973168,-7.9998,0.0,-11.4664,22,31.8182,0.012785,9,0.4091,-46665.57,-4.6666,22.2222,-0.53,-4.7702,6,0.2727,63721.95,6.3722,66.6667,1.1694,7.0165,7,0.3182,-55667.93,-5.5668,14.2857,-0.8335,-5.8344
acc0e9b1,bull,s74|s94|s53|s95,4,0.062993732,0.0109683669,4.0816,0.0,-3.8333,8,25.0,0.012772,1,0.125,-10957.39,-1.0957,0.0,-1.0968,-1.0968,3,0.375,40111.18,4.0111,33.3333,1.3686,4.1057,4,0.5,28138.06,2.8138,25.0,0.7522,3.0089
10d59a38,bull,s15|s54|s93,3,0.0456893537,0.0094580263,-0.9957,0.0,-4.497,15,20.0,0.012758,7,0.4667,-66126.34,-6.6126,0.0,-0.9458,-6.6206,3,0.2,79284.68,7.9285,66.6667,2.7307,8.1921,5,0.3333,6740.5,0.6741,20.0,0.1571,0.7857
0d5d0087,bull,s47|s78|s38|s1,4,0.0637147762,0.0195429784,0.5425,0.0,-8.7246,11,27.2727,0.012719,4,0.3636,-80149.88,-8.015,0.0,-1.9543,-7.8172,4,0.3636,85278.17,8.5278,50.0,2.2086,8.8344,3,0.2727,22363.74,2.2364,33.3333,0.821,2.4629
a395927d,bear,s80|s62|s52|s85,4,0.0411362846,0.0147825395,4.3873,0.0,-3.3676,4,50.0,0.012596,1,0.25,41282.4,4.1282,100.0,4.1136,4.1136,0,0.0,0.0,0.0,0.0,0.0,0.0,3,0.75,10661.11,1.0661,33.3333,0.3857,1.1571
5c3f489a,bear,s17|s89,2,0.0669066637,0.0169490802,5.0496,0.0,-5.0948,6,33.3333,0.01259,2,0.3333,47305.32,4.7305,50.0,2.4979,4.9958,2,0.3333,49002.98,4.9003,50.0,2.4979,4.9958,2,0.3333,-33965.7,-3.3966,0.0,-1.6949,-3.3898
14764110,bear,s85|s49|s18,3,0.0287884941,0.0119775771,-3.7682,0.0,-14.4891,20,30.0,0.012584,9,0.45,49948.16,4.9948,44.4444,0.6141,5.5266,5,0.25,-16669.16,-1.6669,20.0,-0.3824,-1.9122,6,0.3,-32080.15,-3.208,16.6667,-0.5183,-3.1099
6b4c39b5,bear,s28|s31|s81|s37,4,0.0532945659,0.0152702951,-0.6677,0.0,-6.7304,12,25.0,0.012513,6,0.5,-24594.62,-2.4595,16.6667,-0.3843,-2.3057,3,0.25,20680.07,2.068,33.3333,0.7585,2.2754,3,0.25,20662.69,2.0663,33.3333,0.7585,2.2754
2e1585c7,bull,s75|s40|s26,3,0.0509390414,0.0194356417,5.3496,0.0,-5.0121,4,50.0,0.012509,1,0.25,51114.09,5.1114,100.0,5.0939,5.0939,1,0.25,50888.12,5.0888,100.0,5.0939,5.0939,2,0.5,-40293.27,-4.0293,0.0,-1.9436,-3.8871
53f26e68,bear,s101|s71|s98|s90,4,0.0267020177,0.0092076949,2.6618,0.0,-1.4387,4,50.0,0.012506,1,0.25,26675.33,2.6675,100.0,2.6702,2.6702,2,0.5,17477.67,1.7478,50.0,0.8747,1.7494,1,0.25,-9425.73,-0.9426,0.0,-0.9208,-0.9208
7616d2b6,bear,s85|s81|s31,3,0.0777284581,0.0120353251,4.8196,0.0,-5.4963,9,22.2222,0.012502,4,0.4444,38821.4,3.8821,25.0,1.0406,4.1622,2,0.2222,-25355.51,-2.5356,0.0,-1.2035,-2.4071,3,0.3333,53579.35,5.3579,33.3333,1.7886,5.3658
bbfa1e74,bear,s17|s37|s66|s89,4,0.0708490238,0.0186300958,5.1054,0.0,-5.4197,6,33.3333,0.012499,2,0.3333,49201.27,4.9201,50.0,2.6109,5.2219,2,0.3333,50988.2,5.0988,50.0,2.6109,5.2219,2,0.3333,-37308.21,-3.7308,0.0,-1.863,-3.726
c5b2c4c8,bear,s17|s37|s20,3,0.0415301661,0.0099317611,-3.5405,0.0,-13.5376,58,22.4138,0.012467,11,0.1897,89050.13,8.905,36.3636,0.8782,9.6598,22,0.3793,81546.77,8.1547,27.2727,0.4103,9.0273,25,0.431,-92581.56,-9.2582,12.0,-0.3756,-9.3908
d3eaa16d,bear,s37|s85|s97,3,0.0669090146,0.0167944294,5.1163,0.0,-5.5324,6,33.3333,0.012464,2,0.3333,-36291.86,-3.6292,0.0,-1.6794,-3.3589,2,0.3333,48975.47,4.8975,50.0,2.5057,5.0115,2,0.3333,51174.37,5.1174,50.0,2.5057,5.0115
38f533ac,bear,s66|s56|s26,3,0.0491991202,0.0190751138,5.0898,0.0,-4.9908,4,50.0,0.012431,2,0.5,30267.41,3.0267,50.0,1.5062,3.0124,0,0.0,0.0,0.0,0.0,0.0,0.0,2,0.5,28445.78,2.8446,50.0,1.5062,3.0124
b354c60a,bear,s51|s13,2,0.0613389838,0.012346239,4.3994,0.0,-4.8533,7,28.5714,0.012425,3,0.4286,-39011.56,-3.9012,0.0,-1.2346,-3.7039,2,0.2857,-24490.86,-2.4491,0.0,-1.2346,-2.4692,2,0.2857,121692.6,12.1693,100.0,6.1339,12.2678
35fd7b87,bull,s78|s32|s3|s30,4,0.0443990906,0.0101703762,-2.004,0.0,-11.3623,28,21.4286,0.012422,8,0.2857,-28922.24,-2.8922,12.5,-0.3349,-2.6794,4,0.1429,-41247.06,-4.1247,0.0,-1.017,-4.0682,16,0.5714,107436.01,10.7436,31.25,0.6883,11.0121
b87933d6,bull,s40|s63|s69|s42,4,0.0439485232,0.0090407867,2.6968,0.0,-2.5943,7,28.5714,0.012421,5,0.7143,7489.51,0.749,20.0,0.1557,0.7785,2,0.2857,33563.55,3.3564,50.0,1.7454,3.4908,0,0.0,0.0,0.0,0.0,0.0,0.0
7d1bd2ee,bear,s90|s19|s86|s67|s71,5,0.0270331507,0.012178437,-2.5435,0.0,-5.9121,10,30.0,0.012418,3,0.3,2461.83,0.2462,33.3333,0.0892,0.2676,4,0.4,-10409.23,-1.0409,25.0,-0.2376,-0.9502,3,0.3,2619.53,0.262,33.3333,0.0892,0.2676
f1cf19d9,bear,s86|s13|s27,3,0.041992088,0.0188087789,-3.5714,0.0,-24.439,66,33.3333,0.012397,16,0.2424,-62308.89,-6.2309,25.0,-0.3609,-5.7737,18,0.2727,-91748.73,-9.1749,22.2222,-0.5297,-9.5355,32,0.4848,218001.08,21.8001,43.75,0.7792,24.9331
c10a2c94,bull,s38|s40|s36,3,0.0501703926,0.0096993447,-2.1116,0.0,-11.6647,41,19.5122,0.012379,19,0.4634,-11117.9,-1.1118,15.7895,-0.0246,-0.4678,7,0.1707,48569.86,4.857,28.5714,0.7406,5.1844,15,0.3659,29637.73,2.9638,20.0,0.2275,3.4119
e83b12d6,bull,s54|s58,2,0.036650331,0.0083975952,-2.0308,0.0,-7.5103,19,21.0526,0.012351,8,0.4211,-22498.85,-2.2499,12.5,-0.2767,-2.2133,4,0.2105,52614.28,5.2614,50.0,1.4126,5.6505,7,0.3684,-13929.84,-1.393,14.2857,-0.1962,-1.3735
2e590d1e,bear,s90|s29|s56,3,0.0255450609,0.0134588679,-9.007,0.0,-13.6152,31,32.2581,0.012338,8,0.2581,42643.1,4.2643,50.0,0.6043,4.8345,10,0.3226,17182.24,1.7182,40.0,0.2143,2.1427,13,0.4194,-91474.56,-9.1475,15.3846,-0.7458,-9.6957
d1d9b14c,bear,s19|s52|s98,3,0.0758989763,0.0092616231,4.7226,0.0,-16.8236,47,14.8936,0.012314,14,0.2979,30669.76,3.067,14.2857,0.2904,4.0658,10,0.2128,72767.7,7.2768,20.0,0.777,7.7705,23,0.4894,37340.71,3.7341,13.0435,0.1846,4.2464
b0d46b0d,bear,s97|s18|s89,3,0.0661790854,0.0138670513,-1.2268,0.0,-12.5015,35,20.0,0.012312,12,0.3429,152146.15,15.2146,33.3333,1.2815,15.378,12,0.3429,-92818.43,-9.2818,8.3333,-0.7197,-8.6358,11,0.3143,1562.18,0.1562,18.1818,0.0687,0.7555
16416681,bear,s81|s20|s90|s62|s50,5,0.0459599869,0.008079337,2.5598,0.0,-2.9928,8,25.0,0.012202,4,0.5,-32708.72,-3.2709,0.0,-0.8079,-3.2317,2,0.25,37958.12,3.7958,50.0,1.894,3.7881,2,0.25,36366.0,3.6366,50.0,1.894,3.7881
e4d131d3,bear,s49|s80,2,0.034075522,0.0148916022,2.9507,0.0,-3.3494,4,50.0,0.01214,1,0.25,33956.65,3.3957,100.0,3.4076,3.4076,0,0.0,0.0,0.0,0.0,0.0,0.0,3,0.75,3592.94,0.3593,33.3333,0.1431,0.4292
78aafcef,bear,s16|s81,2,0.0458744082,0.0154332015,3.3682,0.0,-4.0329,5,40.0,0.012137,3,0.6,-46104.83,-4.6105,0.0,-1.5433,-4.63,1,0.2,45381.01,4.5381,100.0,4.5874,4.5874,1,0.2,44244.76,4.4245,100.0,4.5874,4.5874
369b953e,bear,s37|s61|s26,3,0.0736768602,0.0124426081,5.3634,0.0,-21.6314,54,18.5185,0.012115,14,0.2593,-6271.48,-0.6271,14.2857,-0.014,-0.1958,16,0.2963,51310.15,5.131,18.75,0.3705,5.9277,24,0.4444,121521.2,12.1521,20.8333,0.5499,13.1975
094be2bb,bear,s22|s20,2,0.02234575,0.0121079091,-6.7381,0.0,-8.5979,17,29.4118,0.012066,1,0.0588,-11605.88,-1.1606,0.0,-1.2108,-1.2108,8,0.4706,-60383.24,-6.0383,12.5,-0.7801,-6.241,8,0.4706,37853.99,3.7854,50.0,0.5119,4.0951
52c84d02,bear,s18|s22|s76|s51,4,0.0294614421,0.0128870577,2.4487,0.0,-3.0501,4,50.0,0.012052,1,0.25,-13227.75,-1.3228,0.0,-1.2887,-1.2887,2,0.5,16401.14,1.6401,50.0,0.8287,1.6574,1,0.25,29346.72,2.9347,100.0,2.9461,2.9461
47ecb45f,bear,s20|s62|s19|s31|s57,5,0.0633381423,0.0089312833,3.9251,0.0,-16.668,35,17.1429,0.011988,9,0.2571,-7934.73,-0.7935,11.1111,-0.0901,-0.8112,11,0.3143,41265.67,4.1266,18.1818,0.4209,4.6295,15,0.4286,73813.71,7.3814,20.0,0.5523,8.2839
7edbb71a,bull,s33|s93|s75,3,0.0778085683,0.0134583118,1.1895,0.0,-10.7046,22,18.1818,0.011963,5,0.2273,20898.55,2.0899,20.0,0.4795,2.3975,9,0.4091,58530.95,5.8531,22.2222,0.6823,6.1409,8,0.3636,-21802.08,-2.1802,12.5,-0.205,-1.64
fcf684e3,bear,s57|s81|s26,3,0.0283381595,0.0154539258,1.6928,0.0,-2.562,4,50.0,0.011927,3,0.75,-2868.68,-0.2869,33.3333,-0.0857,-0.257,0,0.0,0.0,0.0,0.0,0.0,0.0,1,0.25,27815.77,2.7816,100.0,2.8338,2.8338
9eb12870,bear,s90|s61|s77|s67,4,0.0574674112,0.0126454653,-1.9885,0.0,-7.4108,20,20.0,0.011925,4,0.2,17257.97,1.7258,25.0,0.4883,1.9531,10,0.5,8884.06,0.8884,20.0,0.1377,1.3771,6,0.3,-6726.38,-0.6726,16.6667,-0.096,-0.576
8258324e,bull,s38|s84|s40,3,0.0652240157,0.0164797594,-0.5217,0.0,-14.7446,26,23.0769,0.011913,9,0.3462,-66875.03,-6.6875,11.1111,-0.7402,-6.6614,8,0.3077,186670.58,18.6671,50.0,2.4372,19.4977,9,0.3462,-73240.72,-7.3241,11.1111,-0.7402,-6.6614
d4393c49,bear,s101|s16|s22|s90,4,0.0643700696,0.0189642534,-1.5139,0.0,-13.1202,20,25.0,0.011834,6,0.3,49812.89,4.9813,33.3333,0.8814,5.2883,9,0.45,-12637.81,-1.2638,22.2222,-0.0446,-0.401,5,0.25,-12886.37,-1.2886,20.0,-0.2297,-1.1487
039f40aa,bear,s22|s76|s16,3,0.0318253529,0.009462912,-4.177,0.0,-10.5641,25,24.0,0.0118,4,0.16,43222.74,4.3223,50.0,1.1181,4.4725,10,0.4,-52472.8,-5.2473,10.0,-0.5334,-5.3341,11,0.44,17236.23,1.7236,27.2727,0.1798,1.9773
35d513fd,bear,s67|s71|s27,3,0.053008293,0.0086872484,3.5669,0.0,-5.2771,8,25.0,0.01175,4,0.5,87957.42,8.7957,50.0,2.2161,8.8642,3,0.375,-27393.19,-2.7393,0.0,-0.8687,-2.6062,1,0.125,-8585.83,-0.8586,0.0,-0.8687,-0.8687
42736f75,bull,s41|s1|s59|s75,4,0.0591225073,0.0197248252,-1.7944,0.0,-15.979,22,27.2727,0.01175,6,0.2727,-41673.25,-4.1673,16.6667,-0.6584,-3.9502,6,0.2727,115927.67,11.5928,50.0,1.9699,11.8193,10,0.4545,-45830.24,-4.583,20.0,-0.3955,-3.9554
29ba3abc,bear,s19|s28|s56|s90,4,0.0425359926,0.0162926621,2.4388,0.0,-4.1614,5,40.0,0.011727,1,0.2,-16626.4,-1.6626,0.0,-1.6293,-1.6293,3,0.6,67345.61,6.7346,66.6667,2.2926,6.8779,1,0.2,-16276.38,-1.6276,0.0,-1.6293,-1.6293
0e4de9ca,bear,s51|s80,2,0.0249150398,0.0135145127,1.4148,0.0,-3.0784,4,50.0,0.011714,2,0.5,-27406.57,-2.7407,0.0,-1.3515,-2.7029,1,0.25,24890.14,2.489,100.0,2.4915,2.4915,1,0.25,24676.74,2.4677,100.0,2.4915,2.4915
34c166aa,bear,s80|s25|s71,3,0.0753118637,0.0125792573,2.8419,0.0,-16.0707,33,18.1818,0.011683,10,0.303,-40779.05,-4.0779,10.0,-0.379,-3.7901,10,0.303,-33571.91,-3.3572,10.0,-0.379,-3.7901,13,0.3939,167273.63,16.7274,30.7692,1.4464,18.8034
3a0d4e99,bull,s35|s46|s95|s75,4,0.0483097937,0.0183861374,-4.0506,0.0,-11.604,18,27.7778,0.011635,5,0.2778,-90735.11,-9.0735,0.0,-1.8386,-9.1931,5,0.2778,39327.82,3.9328,40.0,0.8292,4.1461,8,0.4444,47045.54,4.7046,37.5,0.6625,5.2999
18fe06ee,bull,s65|s40|s26,3,0.0680270047,0.01310235,4.3271,0.0,-6.6601,7,28.5714,0.011626,3,0.4286,40638.3,4.0638,33.3333,1.3941,4.1822,1,0.1429,67959.0,6.7959,100.0,6.8027,6.8027,3,0.4286,-41023.42,-4.1023,0.0,-1.3102,-3.9307
49f633c7,bear,s18|s85|s13,3,0.0412612582,0.0171950647,-4.2052,0.0,-22.5957,53,32.0755,0.011619,11,0.2075,-16865.21,-1.6865,27.2727,-0.1252,-1.3777,18,0.3396,-81324.98,-8.1325,22.2222,-0.4205,-7.5686,24,0.4528,162362.62,16.2363,41.6667,0.7162,17.1882
84020c80,bear,s22|s25,2,0.028031658,0.0170110874,-9.6491,0.0,-12.414,24,33.3333,0.011598,2,0.0833,-31998.38,-3.1998,0.0,-1.7011,-3.4022,7,0.2917,-71636.05,-7.1636,14.2857,-1.0576,-7.4035,15,0.625,52475.61,5.2476,46.6667,0.4009,6.0133
afcbd405,bear,s56|s90|s29|s49,4,0.0284283213,0.015103069,1.7833,0.0,-4.0771,4,50.0,0.011592,1,0.25,28162.05,2.8162,100.0,2.8428,2.8428,0,0.0,0.0,0.0,0.0,0.0,0.0,3,0.75,-2308.75,-0.2309,33.3333,-0.0593,-0.1778
6e42a3f3,bull,s14|s21|s68|s60,4,0.0724746649,0.0082726185,2.9102,0.0,-9.225,20,15.0,0.011586,10,0.5,-3555.37,-0.3555,10.0,-0.0198,-0.1979,1,0.05,69477.82,6.9478,100.0,7.2475,7.2475,9,0.45,3375.53,0.3376,11.1111,0.0699,0.6294
fff06d95,bull,s46|s30,2,0.0226764764,0.0112970485,-9.7256,0.0,-13.5367,38,31.5789,0.01157,5,0.1316,-22370.57,-2.2371,20.0,-0.4502,-2.2512,14,0.3684,7467.5,0.7468,35.7143,0.0836,1.1709,19,0.5,-12559.51,-1.256,31.5789,-0.0569,-1.0803
a6f0f764,bear,s56|s17,2,0.034877056,0.0082822109,-4.0045,0.0,-11.0809,37,21.6216,0.011547,12,0.3243,73140.1,7.314,33.3333,0.6104,7.3251,13,0.3514,-25019.99,-2.502,15.3846,-0.1642,-2.135,12,0.3243,-14605.98,-1.4606,16.6667,-0.1089,-1.3068
16eacbdf,bull,s60|s68|s40,3,0.0212312031,0.0126573768,-8.3197,0.0,-10.3596,19,31.5789,0.011544,7,0.3684,10660.5,1.066,42.8571,0.1866,1.3064,2,0.1053,8937.82,0.8938,50.0,0.4287,0.8574,10,0.5263,-57828.34,-5.7828,20.0,-0.588,-5.8797
8e758b5a,bull,s35|s30|s96|s91,4,0.0283770576,0.0098431215,-4.0758,0.0,-21.3504,111,30.6306,0.011537,34,0.3063,3874.97,0.3875,26.4706,0.0274,0.9315,18,0.1622,53058.87,5.3059,33.3333,0.2897,5.2145,59,0.5315,154174.97,15.4175,32.2034,0.2465,14.5439
8213a351,bull,s54|s78,2,0.0361022602,0.0165661989,-5.1796,0.0,-7.938,14,28.5714,0.011531,5,0.3571,-29610.67,-2.9611,20.0,-0.6033,-3.0163,3,0.2143,51293.52,5.1294,66.6667,1.8546,5.5638,6,0.4286,-46410.05,-4.641,16.6667,-0.7788,-4.6729
fe40245f,bear,s31|s85|s57|s100|s52,5,0.0304441555,0.0095508792,0.968,0.0,-2.6012,6,33.3333,0.011528,1,0.1667,30207.64,3.0208,100.0,3.0444,3.0444,3,0.5,10774.9,1.0775,33.3333,0.3781,1.1342,2,0.3333,-19286.82,-1.9287,0.0,-0.9551,-1.9102
dcaf51cb,bear,s37|s77,2,0.0429539706,0.0126941812,-2.8692,0.0,-18.2972,104,25.9615,0.011516,28,0.2692,76959.35,7.6959,28.5714,0.3205,8.9748,24,0.2308,18496.88,1.8497,25.0,0.1218,2.9229,52,0.5,47246.41,4.7246,25.0,0.1218,6.3329
a48837a8,bear,s99|s57|s26,3,0.064094113,0.0103826419,3.3843,0.0,-5.4342,9,22.2222,0.011502,6,0.6667,-63948.24,-6.3948,0.0,-1.0383,-6.2296,2,0.2222,52905.38,5.2905,50.0,2.6856,5.3711,1,0.1111,63237.32,6.3237,100.0,6.4094,6.4094
3a695592,bear,s80|s62,2,0.0493752298,0.0166268531,1.7528,0.0,-3.7297,6,33.3333,0.011499,2,0.3333,32219.37,3.2219,50.0,1.6374,3.2748,1,0.1667,-17222.13,-1.7222,0.0,-1.6627,-1.6627,3,0.5,14578.78,1.4579,33.3333,0.5374,1.6122
546725cf,bear,s85|s37,2,0.0610896289,0.0181696653,3.389,0.0,-5.9291,6,33.3333,0.011492,2,0.3333,-38700.05,-3.87,0.0,-1.817,-3.6339,2,0.3333,41804.5,4.1804,50.0,2.146,4.292,2,0.3333,43381.83,4.3382,50.0,2.146,4.292
fbc92dec,bull,s73|s38|s24|s46,4,0.0575947664,0.0192388123,2.254,0.0,-4.4402,6,33.3333,0.011483,3,0.5,-58110.16,-5.811,0.0,-1.9239,-5.7716,1,0.1667,56948.6,5.6949,100.0,5.7595,5.7595,2,0.3333,35688.69,3.5689,50.0,1.9178,3.8356
61dc4dfb,bear,s66|s25|s26,3,0.0193007198,0.0128072189,0.4488,0.0,-2.9391,4,50.0,0.011438,1,0.25,-13044.96,-1.3045,0.0,-1.2807,-1.2807,0,0.0,0.0,0.0,0.0,0.0,0.0,3,0.75,25655.47,2.5655,66.6667,0.8598,2.5794
887b0eec,bull,s74|s12|s83,3,0.0506179404,0.012890811,-1.0259,0.0,-16.5555,34,23.5294,0.011436,9,0.2647,130268.78,13.0269,44.4444,1.5335,13.8018,12,0.3529,-27720.88,-2.7721,16.6667,-0.2306,-2.7672,13,0.3824,-44081.67,-4.4082,15.3846,-0.312,-4.0563
99d6780c,bull,s54|s21|s92|s95|s6,5,0.0628359491,0.0094445593,2.6306,0.0,-4.4918,10,20.0,0.011409,6,0.6,-57709.75,-5.771,0.0,-0.9445,-5.6667,1,0.1,60646.27,6.0646,100.0,6.2836,6.2836,3,0.3,43785.82,4.3786,33.3333,1.4649,4.3947
1c52ada4,bear,s16|s61|s19|s18,4,0.0427699535,0.0135201283,-3.595,0.0,-18.6835,77,27.2727,0.011388,16,0.2078,4851.38,0.4851,25.0,0.0552,0.8838,26,0.3377,-18230.66,-1.8231,23.0769,-0.053,-1.3783,35,0.4545,135488.21,13.5488,31.4286,0.4171,14.5986
bce09bf3,bear,s22|s25|s61|s13,4,0.0668388661,0.0137215097,-0.3307,0.0,-13.2899,30,20.0,0.011285,5,0.1667,-67639.57,-6.764,0.0,-1.3722,-6.8608,9,0.3,-45150.96,-4.5151,11.1111,-0.477,-4.2933,16,0.5333,169874.85,16.9875,31.25,1.1454,18.3258
14530410,bear,s61|s98|s17,3,0.0362294229,0.0178067726,-9.1704,0.0,-15.1413,37,32.4324,0.011242,10,0.2703,32459.85,3.246,40.0,0.3808,3.8077,13,0.3514,29328.23,2.9328,38.4615,0.2976,3.8693,14,0.3784,-84690.24,-8.469,21.4286,-0.6228,-8.7186
4fd1319a,bear,s85|s18|s51,3,0.0275195016,0.0103704263,-6.9359,0.0,-12.3574,33,27.2727,0.011222,15,0.4545,-43763.4,-4.3763,20.0,-0.2792,-4.1887,11,0.3333,34839.22,3.4839,36.3636,0.3408,3.7485,7,0.2121,1561.55,0.1562,28.5714,0.0455,0.3187
1f2b6d0c,bull,s15|s83|s93|s5|s68,5,0.0307587721,0.012313515,-2.9782,0.0,-6.3156,11,27.2727,0.011211,5,0.4545,-60599.31,-6.0599,0.0,-1.2314,-6.1568,2,0.1818,58822.54,5.8823,100.0,3.0759,6.1518,4,0.3636,-6665.16,-0.6665,25.0,-0.1545,-0.6182
0fc4c988,bull,s55|s91|s94|s6,4,0.0352787474,0.0118218206,-1.6344,0.0,-19.7239,28,28.5714,0.011203,3,0.1071,-34628.78,-3.4629,0.0,-1.1822,-3.5465,7,0.25,100740.82,10.0741,57.1429,1.5093,10.565,18,0.6429,-29553.26,-2.9553,22.2222,-0.1355,-2.439
014c4c28,bull,s30|s83|s92|s3,4,0.0193545722,0.0103060526,-0.2736,0.0,-2.4416,5,40.0,0.011158,0,0.0,0.0,0.0,0.0,0.0,0.0,3,0.6,-1570.16,-0.157,33.3333,-0.0419,-0.1258,2,0.4,8939.94,0.894,50.0,0.4524,0.9049
a036ac04,bear,s57|s31|s26,3,0.0797851725,0.012903717,3.0155,0.0,-5.4364,10,20.0,0.011151,2,0.2,-26193.81,-2.6194,0.0,-1.2904,-2.5807,4,0.4,37124.96,3.7125,25.0,1.0269,4.1074,4,0.4,39435.99,3.9436,25.0,1.0269,4.1074
22e23010,bull,s73|s93|s8,3,0.0533130167,0.0114808144,1.8771,0.0,-4.2948,8,25.0,0.01114,3,0.375,-34628.34,-3.4628,0.0,-1.1481,-3.4442,2,0.25,41157.53,4.1158,50.0,2.0916,4.1832,3,0.375,28141.32,2.8141,33.3333,1.0117,3.0351
4854e90a,bear,s67|s37|s71,3,0.0212514942,0.0094978504,0.346,0.0,-3.4093,5,40.0,0.011116,1,0.2,21230.26,2.123,100.0,2.1251,2.1251,1,0.2,20901.28,2.0901,100.0,2.1251,2.1251,3,0.6,-28680.87,-2.8681,0.0,-0.9498,-2.8494
90c6862d,bear,s101|s28|s97,3,0.0786238299,0.0143578991,4.0908,0.0,-13.7215,14,21.4286,0.011056,4,0.2857,31529.05,3.1529,25.0,0.8888,3.555,8,0.5714,-27435.62,-2.7436,12.5,-0.2735,-2.1881,2,0.1429,65540.33,6.554,50.0,3.2133,6.4266
9a11baa1,bull,s21|s14,2,0.0746392063,0.0145325808,0.1807,0.0,-11.0289,20,20.0,0.011054,12,0.6,-2910.14,-0.291,16.6667,0.0329,0.3953,2,0.1,59348.76,5.9349,50.0,3.0053,6.0107,6,0.3,-1436.51,-0.1437,16.6667,0.0329,0.1976
f2df8c8c,bear,s25|s85|s27,3,0.0554843411,0.0106516193,-0.3255,0.0,-14.595,41,19.5122,0.011029,8,0.1951,42693.67,4.2694,25.0,0.5882,4.7059,18,0.439,2562.35,0.2562,16.6667,0.0371,0.6679,15,0.3659,35469.45,3.5469,20.0,0.2576,3.8634
3b0cf0e1,bull,s9|s46|s36|s38|s83,5,0.047840372,0.0176125722,-6.8433,0.0,-15.1475,46,28.2609,0.01101,14,0.3043,-116769.12,-11.6769,14.2857,-0.8262,-11.567,9,0.1957,93934.41,9.3934,44.4444,1.1478,10.3299,23,0.5,42629.16,4.2629,30.4348,0.2308,5.3081
f291d3af,bear,s85|s71|s101|s77,4,0.067260158,0.0141510995,4.6067,0.0,-8.565,7,28.5714,0.010982,3,0.4286,37102.43,3.7102,33.3333,1.2986,3.8958,2,0.2857,52248.84,5.2249,50.0,2.6555,5.3109,2,0.2857,-28918.77,-2.8919,0.0,-1.4151,-2.8302
ce441251,bear,s23|s86|s20|s89,4,0.0363732202,0.0198961588,0.1184,0.0,-3.5525,5,40.0,0.010982,2,0.4,15664.98,1.5665,50.0,0.8239,1.6477,3,0.6,-4496.49,-0.4496,33.3333,-0.114,-0.3419,0,0.0,0.0,0.0,0.0,0.0,0.0
9e8916f2,bear,s76|s19|s23,3,0.0322774396,0.0146235819,0.942,0.0,-4.9974,5,40.0,0.010878,3,0.6,1742.24,0.1742,33.3333,0.101,0.303,2,0.4,17972.23,1.7972,50.0,0.8827,1.7654,0,0.0,0.0,0.0,0.0,0.0,0.0
b70f100f,bear,s51|s19|s90|s31,4,0.0735461645,0.0136646536,4.4449,0.0,-8.3498,8,25.0,0.010837,3,0.375,-43108.93,-4.3109,0.0,-1.3665,-4.0994,3,0.375,-43315.35,-4.3315,0.0,-1.3665,-4.0994,2,0.25,147471.68,14.7472,100.0,7.3546,14.7092
886010a0,bull,s39|s41|s83|s30|s33,5,0.0297464225,0.0190569881,-12.7562,0.0,-19.3809,75,40.0,0.010832,22,0.2933,-39400.2,-3.94,36.3636,-0.131,-2.8826,22,0.2933,56323.18,5.6323,45.4545,0.3126,6.878,31,0.4133,-8234.57,-0.8235,38.7097,-0.0165,-0.5126
6f39d4d1,bear,s67|s20|s86|s99,4,0.050310314,0.0109995861,2.9372,0.0,-6.7009,7,28.5714,0.01083,6,0.8571,-5859.41,-0.5859,16.6667,-0.0781,-0.4688,1,0.1429,49351.97,4.9352,100.0,5.031,5.031,0,0.0,0.0,0.0,0.0,0.0,0.0
997d6ad8,bull,s2|s78|s26,3,0.0514410728,0.0197778943,-1.2753,0.0,-18.2829,16,31.25,0.010816,5,0.3125,39266.79,3.9267,40.0,0.871,4.3548,2,0.125,102768.11,10.2768,100.0,5.1441,10.2882,9,0.5625,-110292.21,-11.0292,11.1111,-1.1865,-10.6782
e0f2d355,bear,s28|s99|s26,3,0.0797516519,0.0190993588,4.4087,0.0,-8.7356,7,28.5714,0.0108,4,0.5714,16864.86,1.6865,25.0,0.5613,2.2454,1,0.1429,-21237.45,-2.1237,0.0,-1.9099,-1.9099,2,0.2857,63265.74,6.3266,50.0,3.0326,6.0652
21ae2111,bull,s40|s12,2,0.0588220706,0.0121550342,2.525,0.0,-5.9176,8,25.0,0.010776,3,0.375,32920.85,3.2921,33.3333,1.1504,3.4512,2,0.25,44185.98,4.4186,50.0,2.3334,4.6667,3,0.375,-36068.73,-3.6069,0.0,-1.2155,-3.6465
5a8059e3,bear,s18|s81|s26,3,0.0419181858,0.0104975943,-1.7671,0.0,-17.7823,59,23.7288,0.010771,25,0.4237,-110754.93,-11.0755,12.0,-0.4208,-10.5193,16,0.2712,186958.57,18.6959,43.75,1.2434,19.8949,18,0.3051,24397.3,2.4397,22.2222,0.115,2.0706
be0d8b95,bull,s24|s75|s21,3,0.037099432,0.0109754954,-4.1251,0.0,-14.5194,36,25.0,0.010758,11,0.3056,-26329.39,-2.6329,18.1818,-0.2235,-2.4581,10,0.2778,79617.2,7.9617,40.0,0.8254,8.2545,15,0.4167,-23108.7,-2.3109,20.0,-0.1361,-2.0408
2c099d0f,bear,s13|s66|s56,3,0.0515460974,0.0132659228,-1.5144,0.0,-15.3733,30,23.3333,0.010693,5,0.1667,-64465.94,-6.4466,0.0,-1.3266,-6.633,11,0.3667,40691.86,4.0692,27.2727,0.441,4.8511,14,0.4667,65858.24,6.5858,28.5714,0.5252,7.3525
65da6861,bear,s66|s89|s72|s17,4,0.0337490445,0.0170080189,0.496,0.0,-5.1062,5,40.0,0.010667,1,0.2,32445.88,3.2446,100.0,3.3749,3.3749,2,0.4,15848.83,1.5849,50.0,0.8371,1.6741,2,0.4,-33538.53,-3.3539,0.0,-1.7008,-3.4016
eb6522c5,bear,s99|s51|s81,3,0.0384076821,0.0132186556,-1.5264,0.0,-9.0846,11,27.2727,0.010661,6,0.5455,21734.4,2.1734,33.3333,0.399,2.3941,3,0.2727,10442.33,1.0442,33.3333,0.399,1.197,2,0.1818,-26209.93,-2.621,0.0,-1.3219,-2.6437
3bb7ec7a,bear,s97|s13|s16,3,0.0628012734,0.0093617862,0.9557,0.0,-12.0587,30,16.6667,0.010588,4,0.1333,-38029.69,-3.803,0.0,-0.9362,-3.7447,14,0.4667,-59896.84,-5.9897,7.1429,-0.4207,-5.8902,12,0.4,166983.51,16.6984,33.3333,1.4693,17.6311
bcff1c12,bear,s98|s31|s81|s61,4,0.027054194,0.0117726997,-0.5953,0.0,-3.2153,6,33.3333,0.010557,3,0.5,2960.41,0.296,33.3333,0.117,0.3509,1,0.1667,-11598.98,-1.1599,0.0,-1.1773,-1.1773,2,0.3333,14562.05,1.4562,50.0,0.7641,1.5281
d1398bb3,bear,s77|s71,2,0.0652054997,0.0092813269,4.4122,0.0,-8.5562,9,22.2222,0.010556,4,0.4444,33317.51,3.3318,25.0,0.934,3.7362,2,0.2222,55636.76,5.5637,50.0,2.7962,5.5924,3,0.3333,-27137.11,-2.7137,0.0,-0.9281,-2.7844
72ce469a,bull,s12|s8|s47,3,0.0414247646,0.0087360382,-2.5938,0.0,-14.0016,62,20.9677,0.010523,21,0.3387,-36338.58,-3.6339,14.2857,-0.157,-3.2974,18,0.2903,-7570.04,-0.757,16.6667,-0.0376,-0.6766,23,0.371,141680.99,14.1681,30.4348,0.653,15.0197
2b0d1052,bull,s63|s91|s1|s15,4,0.0635488057,0.0187873781,-2.2218,0.0,-11.0804,16,25.0,0.010519,6,0.375,-33882.4,-3.3882,16.6667,-0.5065,-3.0388,2,0.125,43136.35,4.3136,50.0,2.2381,4.4761,8,0.5,10306.17,1.0306,25.0,0.1797,1.4373
f3878192,bull,s41|s54,2,0.0473162772,0.0104241927,-2.2482,0.0,-8.2628,20,20.0,0.010488,9,0.45,-36868.75,-3.6869,11.1111,-0.4009,-3.6077,4,0.2,68554.45,6.8554,50.0,1.8446,7.3784,7,0.35,-15822.77,-1.5823,14.2857,-0.2176,-1.5229
aafdd946,bull,s74|s48|s33|s55,4,0.0654024096,0.0101983825,2.5007,0.0,-5.9415,10,20.0,0.010436,3,0.3,-31219.76,-3.122,0.0,-1.0198,-3.0595,5,0.5,21077.42,2.1077,20.0,0.4922,2.4609,2,0.2,55861.67,5.5862,50.0,2.7602,5.5204
6b82c6fc,bull,s35|s93|s3|s5,4,0.0528397446,0.0086812982,-0.1594,0.0,-7.2497,17,17.6471,0.010389,9,0.5294,-18197.76,-1.8198,11.1111,-0.1846,-1.6611,1,0.0588,-8846.43,-0.8846,0.0,-0.8681,-0.8681,7,0.4118,59558.75,5.9559,28.5714,0.8896,6.2273
707d8d15,bear,s85|s19|s89|s61,4,0.0675676904,0.0171070752,3.1041,0.0,-7.9764,7,28.5714,0.010388,3,0.4286,28977.7,2.8978,33.3333,1.1118,3.3354,3,0.4286,32478.34,3.2478,33.3333,1.1118,3.3354,1,0.1429,-16443.21,-1.6443,0.0,-1.7107,-1.7107
44686cce,bear,s77|s22|s28|s16,4,0.0798708576,0.0151517791,1.7538,0.0,-10.8645,15,20.0,0.010327,1,0.0667,-15944.3,-1.5944,0.0,-1.5152,-1.5152,7,0.4667,-104285.28,-10.4285,0.0,-1.5152,-10.6062,7,0.4667,167427.51,16.7428,42.8571,2.5572,17.9005
7913de46,bull,s33|s15,2,0.0475814724,0.0189901839,-6.7347,0.0,-12.1414,25,28.0,0.010319,12,0.48,-33009.95,-3.301,25.0,-0.2347,-2.8167,4,0.16,-9972.31,-0.9972,25.0,-0.2347,-0.9389,9,0.36,24204.41,2.4204,33.3333,0.32,2.8803
c22b3112,bull,s44|s95|s63,3,0.0292158461,0.0106444735,-0.9864,0.0,-2.8565,7,28.5714,0.010248,6,0.8571,14779.92,1.478,33.3333,0.2642,1.5854,1,0.1429,-10633.83,-1.0634,0.0,-1.0644,-1.0644,0,0.0,0.0,0.0,0.0,0.0,0.0
8ec45781,bear,s29|s85|s28|s101,4,0.0402937158,0.016127002,0.1998,0.0,-5.3395,6,33.3333,0.010174,1,0.1667,40253.44,4.0253,100.0,4.0294,4.0294,3,0.5,-50239.29,-5.0239,0.0,-1.6127,-4.8381,2,0.3333,24309.57,2.431,50.0,1.2083,2.4167
9080fff7,bear,s85|s28|s50,3,0.0597102949,0.0116222454,1.6352,0.0,-5.5756,9,22.2222,0.010167,3,0.3333,35406.5,3.5406,33.3333,1.2155,3.6466,4,0.4444,-49004.05,-4.9004,0.0,-1.1622,-4.6489,2,0.2222,48601.63,4.8602,50.0,2.4044,4.8088
136bc574,bear,s86|s13,2,0.0342531144,0.015612274,-2.8712,0.0,-9.2945,10,30.0,0.010126,2,0.2,-31038.29,-3.1038,0.0,-1.5612,-3.1225,4,0.4,-14420.18,-1.442,25.0,-0.3146,-1.2584,4,0.4,36432.99,3.6433,50.0,0.932,3.7282
485a2152,bull,s96|s58|s38|s78,4,0.0537503895,0.0137910017,-3.9888,0.0,-11.8234,31,22.5806,0.010116,10,0.3226,-6021.33,-0.6021,20.0,-0.0283,-0.2827,5,0.1613,60227.87,6.0228,40.0,1.3226,6.6128,16,0.5161,-21157.1,-2.1157,18.75,-0.1127,-1.8032
b6f34ebd,bull,s58|s95|s48|s8,4,0.0794580504,0.0179955871,2.8356,0.0,-7.7472,8,25.0,0.010096,6,0.75,-11334.73,-1.1335,16.6667,-0.1753,-1.052,0,0.0,0.0,0.0,0.0,0.0,0.0,2,0.25,55362.08,5.5362,50.0,3.0731,6.1462
90bd9647,bear,s76|s29|s51,3,0.0352855797,0.0105472018,0.2371,0.0,-4.9244,7,28.5714,0.010065,3,0.4286,-31849.51,-3.185,0.0,-1.0547,-3.1642,3,0.4286,58466.97,5.8467,66.6667,2.0008,6.0024,1,0.1429,-10351.26,-1.0351,0.0,-1.0547,-1.0547
c2171e59,bear,s13|s86|s66,3,0.0697970523,0.0101027154,2.1864,0.0,-5.9057,11,18.1818,0.010026,3,0.2727,-32041.29,-3.2041,0.0,-1.0103,-3.0308,4,0.3636,-41994.1,-4.1994,0.0,-1.0103,-4.0411,4,0.3636,118854.53,11.8855,50.0,2.9847,11.9389
1f345179,bear,s31|s56|s62,3,0.0298624425,0.0137703772,-9.4564,0.0,-13.8951,39,30.7692,0.009981,8,0.2051,-23424.3,-2.3424,25.0,-0.2862,-2.2897,11,0.2821,-61517.32,-6.1517,18.1818,-0.5837,-6.4209,20,0.5128,64094.35,6.4094,40.0,0.3683,7.3655
b39a03dd,bull,s68|s1|s43,3,0.0734072008,0.0196917573,-2.7331,0.0,-15.0016,34,23.5294,0.009963,14,0.4118,-10372.46,-1.0372,21.4286,0.0258,0.3612,6,0.1765,65754.35,6.5754,33.3333,1.1341,6.8047,14,0.4118,-4085.58,-0.4086,21.4286,0.0258,0.3612
fd39bea5,bull,s1|s48|s5|s40,4,0.0512401842,0.0158800276,0.5921,0.0,-5.6918,7,28.5714,0.009941,3,0.4286,-49438.65,-4.9439,0.0,-1.588,-4.764,2,0.2857,34645.68,3.4646,50.0,1.768,3.536,2,0.2857,35160.91,3.5161,50.0,1.768,3.536
a9eefd2c,bear,s85|s62|s99,3,0.0404241788,0.0090760608,0.8635,0.0,-5.4546,8,25.0,0.009934,5,0.625,52689.27,5.2689,40.0,1.0724,5.362,0,0.0,0.0,0.0,0.0,0.0,0.0,3,0.375,-27934.56,-2.7935,0.0,-0.9076,-2.7228
8ffe5320,bull,s8|s73|s63,3,0.0192024962,0.0109098288,-1.768,0.0,-3.4258,6,33.3333,0.009918,3,0.5,-2845.89,-0.2846,33.3333,-0.0872,-0.2617,0,0.0,0.0,0.0,0.0,0.0,0.0,3,0.5,-2820.61,-0.2821,33.3333,-0.0872,-0.2617
90f4c181,bear,s19|s25|s90|s97,4,0.0564227838,0.0156134954,-0.0929,0.0,-11.1335,12,25.0,0.009895,4,0.3333,9317.31,0.9317,25.0,0.2396,0.9582,4,0.3333,6172.64,0.6173,25.0,0.2396,0.9582,4,0.3333,7463.79,0.7464,25.0,0.2396,0.9582
e03743f2,bear,s99|s71|s90,3,0.0548987432,0.008659941,0.2612,0.0,-10.5811,23,17.3913,0.009879,12,0.5217,85859.53,8.586,25.0,0.723,8.6757,3,0.1304,-27473.6,-2.7474,0.0,-0.866,-2.598,8,0.3478,-7229.34,-0.7229,12.5,-0.0715,-0.5721
116c0820,bear,s22|s16|s52,3,0.0412428069,0.0126374752,-0.5773,0.0,-23.4979,69,27.5362,0.009806,13,0.1884,164912.67,16.4913,46.1538,1.223,15.8995,24,0.3478,-41420.3,-4.142,20.8333,-0.1412,-3.3898,32,0.4638,23347.0,2.3347,25.0,0.0833,2.6643
b1bcde64,bull,s10|s63|s73,3,0.0334857076,0.0168092161,-1.3837,0.0,-4.3879,6,33.3333,0.009756,3,0.5,-862.71,-0.0863,33.3333,-0.0044,-0.0133,0,0.0,0.0,0.0,0.0,0.0,0.0,3,0.5,-856.73,-0.0857,33.3333,-0.0044,-0.0133
80953744,bear,s100|s37|s27,3,0.050163445,0.0113486677,4.1409,0.0,-24.7047,107,22.4299,0.009739,29,0.271,98740.47,9.874,24.1379,0.3499,10.1473,32,0.2991,-657.68,-0.0658,18.75,0.0185,0.5915,46,0.4299,125517.36,12.5517,23.913,0.3361,15.4595
6847da98,bear,s86|s16|s26,3,0.0603217144,0.0114543189,2.9027,0.0,-18.9737,29,20.6897,0.00972,12,0.4138,-71761.79,-7.1762,8.3333,-0.5473,-6.5676,7,0.2414,60701.15,6.0701,28.5714,0.9053,6.3372,10,0.3448,101313.95,10.1314,30.0,1.0078,10.0785
1cfed671,bull,s43|s46|s55|s75,4,0.0615577546,0.0128086814,-0.547,0.0,-8.5473,15,20.0,0.009651,4,0.2667,21033.47,2.1033,25.0,0.5783,2.3132,4,0.2667,20603.24,2.0603,25.0,0.5783,2.3132,7,0.4667,-16888.33,-1.6888,14.2857,-0.2185,-1.5294
567bad30,bull,s47|s5|s24|s95,4,0.0700277181,0.0145619736,1.4794,0.0,-6.4502,9,22.2222,0.009582,6,0.6667,-4290.39,-0.429,16.6667,-0.0464,-0.2782,0,0.0,0.0,0.0,0.0,0.0,0.0,3,0.3333,37067.97,3.7068,33.3333,1.3635,4.0904
cad09bbf,bear,s19|s49|s99|s13,4,0.0224457821,0.0104106626,-5.0341,0.0,-5.0341,12,25.0,0.009543,4,0.3333,-8774.15,-0.8774,25.0,-0.2197,-0.8786,3,0.25,1284.21,0.1284,33.3333,0.0541,0.1624,5,0.4167,-19439.02,-1.9439,20.0,-0.3839,-1.9197
e3595253,bear,s13|s101|s52,3,0.069215989,0.0133533719,5.2088,0.0,-23.7776,80,20.0,0.009502,21,0.2625,204192.05,20.4192,28.5714,1.0238,21.4995,27,0.3375,-138847.66,-13.8848,11.1111,-0.4179,-11.2833,32,0.4,162852.27,16.2852,21.875,0.4709,15.0678
17459e63,bear,s90|s99,2,0.0733997473,0.0184047902,0.0766,0.0,-11.0519,13,23.0769,0.009459,4,0.3077,106482.2,10.6482,50.0,2.7497,10.999,2,0.1538,-38213.7,-3.8214,0.0,-1.8405,-3.681,7,0.5385,-40809.48,-4.0809,14.2857,-0.529,-3.7029
edb45d47,bull,s10|s93|s15,3,0.0623738243,0.0144674474,-2.2634,0.0,-12.7933,28,21.4286,0.009437,14,0.5,-56604.63,-5.6605,14.2857,-0.349,-4.8862,5,0.1786,78781.4,7.8781,40.0,1.6269,8.1345,9,0.3214,19411.25,1.9411,22.2222,0.2608,2.3476
349ceeaa,bull,s59|s40|s1,3,0.0217301004,0.0120891695,-7.8532,0.0,-9.7542,17,29.4118,0.00937,8,0.4706,2891.26,0.2891,37.5,0.0593,0.4744,3,0.1765,30705.97,3.0706,66.6667,1.0457,3.1371,6,0.3529,-70433.8,-7.0434,0.0,-1.2089,-7.2535
61ad3eb8,bear,s49|s25|s23,3,0.0252636504,0.0155112501,-2.4358,0.0,-4.1568,6,33.3333,0.009334,2,0.3333,9104.92,0.9105,50.0,0.4876,0.9752,1,0.1667,-15495.75,-1.5496,0.0,-1.5511,-1.5511,3,0.5,-6087.99,-0.6088,33.3333,-0.192,-0.5759
a3e816e0,bear,s25|s86|s98|s77,4,0.0605471703,0.011927607,0.2419,0.0,-9.9609,15,20.0,0.009325,5,0.3333,-58463.45,-5.8463,0.0,-1.1928,-5.9638,4,0.2667,91116.32,9.1116,50.0,2.431,9.7239,6,0.4,-672.8,-0.0673,16.6667,0.0152,0.0909
27098760,bull,s35|s54,2,0.0449301347,0.0169994016,-5.6621,0.0,-10.5956,19,26.3158,0.009315,8,0.4211,-73772.97,-7.3773,12.5,-0.9258,-7.4066,4,0.2105,109967.85,10.9968,75.0,2.9448,11.7791,7,0.3684,-56482.68,-5.6483,14.2857,-0.8152,-5.7066
17dcc9f1,bear,s66|s18|s57|s101,4,0.0480934381,0.010526299,-1.9302,0.0,-12.7971,29,20.6897,0.009255,11,0.3793,53420.81,5.3421,27.2727,0.5461,6.007,8,0.2759,87524.57,8.7525,37.5,1.1456,9.1649,10,0.3448,-103760.96,-10.3761,0.0,-1.0526,-10.5263
d32ec7f8,bear,s98|s17|s31,3,0.0465752178,0.010469686,-2.5946,0.0,-8.8598,20,20.0,0.009217,7,0.35,-17155.06,-1.7155,14.2857,-0.232,-1.6243,8,0.4,26852.11,2.6852,25.0,0.3792,3.0332,5,0.25,3053.44,0.3053,20.0,0.0939,0.4696
3cd51917,bear,s19|s71,2,0.0236404699,0.0106916281,-2.0811,0.0,-3.8618,7,28.5714,0.009213,1,0.1429,-10680.94,-1.0681,0.0,-1.0692,-1.0692,4,0.5714,-8646.66,-0.8647,25.0,-0.2109,-0.8434,2,0.2857,12317.53,1.2318,50.0,0.6474,1.2949
afd52edf,bull,s69|s36|s74|s92,4,0.0306459727,0.008842584,-3.7974,0.0,-18.1052,61,26.2295,0.009183,17,0.2787,44920.5,4.492,29.4118,0.2772,4.7119,17,0.2787,84935.8,8.4936,35.2941,0.5095,8.6607,27,0.4426,-42210.79,-4.2211,18.5185,-0.153,-4.1307
b85dfaac,bear,s31|s81|s52|s99,4,0.0510877946,0.014513324,-2.4444,0.0,-11.2887,17,23.5294,0.009161,8,0.4706,12970.27,1.297,25.0,0.1887,1.5096,5,0.2941,-7721.34,-0.7721,20.0,-0.1393,-0.6966,4,0.2353,3758.53,0.3759,25.0,0.1887,0.7548
5eed0b9f,bear,s50|s90|s22,3,0.0634107448,0.0130005552,-1.7501,0.0,-6.9162,16,18.75,0.00912,5,0.3125,-64847.04,-6.4847,0.0,-1.3001,-6.5003,5,0.3125,9470.4,0.947,20.0,0.2282,1.1409,6,0.375,69501.67,6.9502,33.3333,1.247,7.4819
f04c07ce,bear,s37|s86|s25|s97,4,0.0571689227,0.0175733781,0.8615,0.0,-8.0098,7,28.5714,0.009118,3,0.4286,19919.94,1.992,33.3333,0.7341,2.2022,1,0.1429,55993.99,5.5994,100.0,5.7169,5.7169,3,0.4286,-53426.1,-5.3426,0.0,-1.7573,-5.272
35d196af,bull,s75|s5|s26,3,0.0538045188,0.0093842388,0.5314,0.0,-14.7293,32,18.75,0.00908,6,0.1875,66615.37,6.6615,33.3333,1.1679,7.0072,10,0.3125,30764.69,3.0765,20.0,0.3254,3.2535,16,0.5,-26208.91,-2.6209,12.5,-0.1486,-2.377
3bf8870d,bull,s94|s87,2,0.0687460182,0.0099008081,1.4307,0.0,-10.1853,18,16.6667,0.00906,3,0.1667,-30201.54,-3.0202,0.0,-0.9901,-2.9702,5,0.2778,100912.67,10.0913,40.0,2.1558,10.779,10,0.5556,-21850.69,-2.1851,10.0,-0.2036,-2.0361
eefcf81c,bear,s28|s101|s23|s13|s25,5,0.0747683559,0.0162758202,0.4344,0.0,-13.7174,19,21.0526,0.009022,5,0.2632,7702.38,0.7702,20.0,0.1933,0.9665,7,0.3684,-23214.98,-2.3215,14.2857,-0.327,-2.2887,7,0.3684,59192.47,5.9192,28.5714,0.9737,6.8158
b4a67300,bear,s98|s22|s13,3,0.0620135261,0.0126490281,-1.7551,0.0,-9.5607,21,19.0476,0.009005,2,0.0952,-24875.64,-2.4876,0.0,-1.2649,-2.5298,5,0.2381,-61336.63,-6.1337,0.0,-1.2649,-6.3245,14,0.6667,109855.55,10.9856,28.5714,0.8683,12.1564
d668c6dc,bear,s90|s86|s18,3,0.0670589251,0.0122984792,8.1944,0.0,-27.4087,77,19.4805,0.008993,21,0.2727,-37929.92,-3.793,14.2857,-0.0962,-2.0196,26,0.3377,241065.99,24.1066,26.9231,0.9067,23.5741,30,0.3896,22358.15,2.2358,16.6667,0.0928,2.7833
4489cb35,bear,s50|s25|s71|s100|s76,5,0.0224436515,0.0145646744,-2.5983,0.0,-4.887,6,33.3333,0.008993,3,0.5,-7560.43,-0.756,33.3333,-0.2229,-0.6686,2,0.3333,7499.73,0.75,50.0,0.3939,0.7879,1,0.1667,-14122.0,-1.4122,0.0,-1.4565,-1.4565
7eca8427,bull,s63|s38|s91,3,0.0752533987,0.0184425001,0.2335,0.0,-16.2302,22,22.7273,0.008987,5,0.2273,-87525.18,-8.7525,0.0,-1.8443,-9.2213,7,0.3182,137733.65,13.7734,42.8571,2.1713,15.199,10,0.4545,-6337.95,-0.6338,20.0,0.0297,0.2967
2518f036,bull,s83|s40|s26,3,0.0298065679,0.0168944076,-2.1185,0.0,-5.5516,6,33.3333,0.008985,2,0.3333,11799.81,1.18,50.0,0.6456,1.2912,1,0.1667,-16877.52,-1.6878,0.0,-1.6894,-1.6894,3,0.5,-4506.1,-0.4506,33.3333,-0.1327,-0.3982
6e670f22,bull,s43|s24|s68,3,0.0463339206,0.0085021225,-2.0025,0.0,-13.2181,53,18.8679,0.008939,22,0.4151,-29402.24,-2.9402,13.6364,-0.1024,-2.2539,10,0.1887,22881.55,2.2882,20.0,0.2465,2.4651,21,0.3962,93122.26,9.3122,23.8095,0.4554,9.5636
e0dc7394,bull,s44|s73|s47,3,0.0629438797,0.0132429982,-0.4557,0.0,-4.5756,10,20.0,0.00889,5,0.5,7811.43,0.7811,20.0,0.1994,0.9972,0,0.0,0.0,0.0,0.0,0.0,0.0,5,0.5,7592.43,0.7592,20.0,0.1994,0.9972
a93b36d0,bear,s100|s20|s51,3,0.0786318704,0.0181906744,3.068,0.0,-18.9741,17,23.5294,0.008819,6,0.3529,75394.49,7.5394,33.3333,1.4084,8.4501,7,0.4118,-33384.95,-3.3385,14.2857,-0.4359,-3.0512,4,0.2353,22178.58,2.2179,25.0,0.6015,2.406
