id,direction,signals,n_signals,tp,sl,train_return,train_sharpe,train_drawdown,train_trades,train_winrate,score,train_chop_trades,train_chop_trade_share,train_chop_pnl,train_chop_return_pct,train_chop_win_rate,train_chop_avg_trade_return_pct,train_chop_total_trade_return_pct,train_trendy_trades,train_trendy_trade_share,train_trendy_pnl,train_trendy_return_pct,train_trendy_win_rate,train_trendy_avg_trade_return_pct,train_trendy_total_trade_return_pct,train_volatile_trades,train_volatile_trade_share,train_volatile_pnl,train_volatile_return_pct,train_volatile_win_rate,train_volatile_avg_trade_return_pct,train_volatile_total_trade_return_pct
3e0bff89,bull,s64|s93|s82,3,0.0194587719,0.0114267377,7.257,0.0,-6.4843,45,48.8889,0.140618,21,0.4667,70501.75,7.0502,47.619,0.3281,6.8894,9,0.2,18882.8,1.8883,44.4444,0.23,2.0701,15,0.3333,72442.01,7.2442,53.3333,0.5046,7.5683
39901459,bull,s4|s64|s27,3,0.0193925348,0.0117502377,4.6038,0.0,-6.5781,46,47.8261,0.130786,19,0.413,55797.8,5.5798,47.3684,0.3002,5.703,13,0.2826,31059.21,3.1059,46.1538,0.2623,3.4104,14,0.3043,51653.64,5.1654,50.0,0.3821,5.3496
6c9547b4,bull,s82|s1|s70,3,0.0208320016,0.0135192261,11.4186,0.0,-6.1692,32,56.25,0.125387,13,0.4062,61298.27,6.1298,53.8462,0.4978,6.4709,7,0.2188,44951.92,4.4952,57.1429,0.611,4.277,12,0.375,76939.44,7.6939,58.3333,0.6519,7.8228
ae416782,bull,s7|s3|s34,3,0.022866094,0.0138456522,8.663,0.0,-7.0224,38,50.0,0.124324,16,0.4211,146659.61,14.666,62.5,0.9099,14.5587,6,0.1579,24759.23,2.4759,50.0,0.451,2.7061,16,0.4211,-4676.71,-0.4677,37.5,-0.0079,-0.126
103867bd,bull,s35|s2|s5,3,0.0206936517,0.0124284871,10.6677,0.0,-4.0422,29,55.1724,0.113716,9,0.3103,88814.46,8.8814,66.6667,0.9653,8.6876,6,0.2069,-11673.64,-1.1674,33.3333,-0.1388,-0.8327,14,0.4828,91483.57,9.1484,57.1429,0.6498,9.0978
9da1fce4,bull,s53|s92|s43|s69|s87,5,0.0188899765,0.0119356308,11.3286,0.0,-4.7096,27,59.2593,0.11284,11,0.4074,118756.36,11.8756,72.7273,1.0483,11.5313,5,0.1852,-1091.02,-0.1091,40.0,0.0395,0.1973,11,0.4074,51745.51,5.1746,54.5455,0.4878,5.3662
7b38712e,bull,s24|s82|s26,3,0.0211997825,0.0129650379,9.2386,0.0,-7.3662,32,53.125,0.111508,10,0.3125,73363.77,7.3364,60.0,0.7534,7.5339,8,0.25,-3576.81,-0.3577,37.5,-0.0153,-0.1226,14,0.4375,92729.7,9.273,57.1429,0.6558,9.1808
9a843487,bull,s33|s87|s47|s7|s96,5,0.0216441051,0.0095683222,7.9775,0.0,-5.4429,36,44.4444,0.107218,9,0.25,101216.43,10.1216,66.6667,1.124,10.116,8,0.2222,16220.65,1.6221,37.5,0.2136,1.7091,19,0.5278,34196.3,3.4196,36.8421,0.1931,3.6689
f2758700,bull,s47|s6|s58|s38|s34,5,0.0188407434,0.0124450519,7.7248,0.0,-5.6148,29,55.1724,0.104152,11,0.3793,82908.3,8.2908,63.6364,0.7464,8.2105,7,0.2414,5750.88,0.5751,42.8571,0.0963,0.6742,11,0.3793,49140.27,4.914,54.5455,0.462,5.0819
84bef50f,bull,s15|s82|s27,3,0.0247485179,0.0139512993,12.8416,0.0,-5.0776,27,51.8519,0.103512,9,0.3333,69738.82,6.9739,55.5556,0.7549,6.7937,6,0.2222,33575.15,3.3575,50.0,0.5399,3.2392,12,0.4444,65913.7,6.5914,50.0,0.5399,6.4783
6dcc51e0,bull,s58|s65|s95,3,0.0188165956,0.0093459689,5.4159,0.0,-6.9445,37,45.9459,0.102614,14,0.3784,149623.8,14.9624,71.4286,1.077,15.0782,6,0.1622,-29583.02,-2.9583,16.6667,-0.4652,-2.7913,17,0.4595,8024.19,0.8024,35.2941,0.0594,1.0094
1142cfb3,bull,s82|s69|s53|s47,4,0.0205267795,0.0121424507,11.7259,0.0,-3.2982,24,58.3333,0.101764,11,0.4583,131130.04,13.113,72.7273,1.1617,12.7787,4,0.1667,-18366.19,-1.8366,25.0,-0.3975,-1.5901,9,0.375,54155.62,5.4156,55.5556,0.6007,5.4064
c93ec49b,bull,s96|s53|s8,3,0.021474627,0.0080498951,4.6975,0.0,-6.4814,45,37.7778,0.101411,16,0.3556,135823.23,13.5823,56.25,0.8558,13.6922,12,0.2667,-7965.03,-0.7965,25.0,-0.0669,-0.8025,17,0.3778,8014.65,0.8015,29.4118,0.0634,1.0774
a0c3fae2,bull,s64|s59|s7,3,0.0259213938,0.0114111261,8.3599,0.0,-6.9464,35,42.8571,0.09882,12,0.3429,86397.16,8.6397,50.0,0.7255,8.7062,7,0.2,31222.31,3.1222,42.8571,0.4589,3.212,16,0.4571,39802.4,3.9802,37.5,0.2589,4.1417
831e63ba,bull,s82|s84|s27,3,0.0269430507,0.0116471916,12.2228,0.0,-6.2651,29,44.8276,0.095456,10,0.3448,77918.57,7.7919,50.0,0.7648,7.6479,7,0.2414,37098.49,3.7098,42.8571,0.4891,3.424,12,0.4138,52746.12,5.2746,41.6667,0.4432,5.3185
5e1fc238,bull,s88|s39|s79,3,0.0204613529,0.0097732523,5.0252,0.0,-7.3658,36,44.4444,0.094562,15,0.4167,88329.04,8.8329,53.3333,0.6352,9.5278,7,0.1944,20489.15,2.0489,42.8571,0.3184,2.2291,14,0.3889,11079.66,1.108,35.7143,0.1025,1.4347
766ac745,bull,s88|s34|s64,3,0.0217716983,0.0094543945,1.5772,0.0,-8.8312,55,38.1818,0.094361,25,0.4545,42400.4,4.24,36.0,0.1787,4.4675,9,0.1636,36465.98,3.6466,44.4444,0.4424,3.9815,21,0.3818,47149.59,4.715,38.0952,0.2441,5.1266
15434605,bull,s4|s55|s78,3,0.0186691067,0.0105603287,2.9,0.0,-7.7122,37,45.9459,0.093463,17,0.4595,-6249.5,-0.625,35.2941,-0.0244,-0.4149,7,0.1892,71688.77,7.1689,71.4286,1.0318,7.2225,13,0.3514,37011.14,3.7011,46.1538,0.293,3.8092
ba8e6d44,bull,s65|s8|s27,3,0.0250029729,0.0139007711,11.9795,0.0,-5.6768,25,52.0,0.093444,7,0.28,101152.51,10.1153,71.4286,1.3888,9.7213,6,0.24,30735.65,3.0736,50.0,0.5551,3.3307,12,0.48,24732.88,2.4733,41.6667,0.2309,2.7709
941eee38,bull,s96|s32|s60|s39|s3,5,0.023051787,0.0120142563,8.9817,0.0,-6.3921,28,50.0,0.09338,10,0.3571,160333.84,16.0334,80.0,1.6039,16.0386,7,0.25,-14301.57,-1.4302,28.5714,-0.1995,-1.3968,11,0.3929,4980.25,0.498,36.3636,0.0737,0.8107
348d798c,bull,s68|s64|s4|s8,4,0.0217623571,0.01283328,6.8494,0.0,-7.4868,30,50.0,0.092962,10,0.3333,79013.84,7.9014,60.0,0.7924,7.9241,9,0.3,-12061.51,-1.2062,33.3333,-0.1301,-1.1713,11,0.3667,64203.96,6.4204,54.5455,0.6037,6.6408
b809a11c,bull,s60|s83|s36|s1|s93,5,0.018438615,0.0090405861,3.271,0.0,-8.3845,39,43.5897,0.092586,17,0.4359,92725.25,9.2725,52.9412,0.5507,9.3623,4,0.1026,-9858.83,-0.9859,25.0,-0.2171,-0.8683,18,0.4615,27656.04,2.7656,38.8889,0.1646,2.9624
a91d6dd4,bull,s91|s79|s26,3,0.0222897417,0.0146605314,11.2731,0.0,-4.3155,22,59.0909,0.092144,7,0.3182,-32049.19,-3.2049,28.5714,-0.4103,-2.8723,4,0.1818,90548.43,9.0548,100.0,2.229,8.9159,11,0.5,100013.47,10.0013,63.6364,0.8853,9.7386
847e5e0b,bull,s43|s59|s27,3,0.0221471155,0.0132567161,6.2756,0.0,-4.8785,28,50.0,0.089861,12,0.4286,52996.57,5.2997,50.0,0.4445,5.3342,5,0.1786,2701.14,0.2701,40.0,0.0905,0.4524,11,0.3929,65241.06,6.5241,54.5455,0.6054,6.6599
2eb142a7,bull,s46|s34|s74|s84,4,0.021381726,0.0101487225,4.9263,0.0,-3.671,32,43.75,0.089563,14,0.4375,78547.03,7.8547,50.0,0.5617,7.8631,5,0.1562,10591.42,1.0591,40.0,0.2463,1.2317,13,0.4062,23343.13,2.3343,38.4615,0.1978,2.5719
317aa02f,bull,s65|s41|s8|s7,4,0.0221654673,0.0109472248,0.8184,0.0,-8.157,45,40.0,0.088922,15,0.3333,31190.58,3.1191,40.0,0.2298,3.4468,10,0.2222,51799.43,5.1799,50.0,0.5609,5.6091,20,0.4444,11481.65,1.1482,35.0,0.0642,1.2844
a3924e1c,bull,s44|s84|s27,3,0.0257759231,0.0097832153,9.7655,0.0,-7.5545,32,40.625,0.088495,15,0.4688,-6517.22,-0.6517,26.6667,-0.0301,-0.4512,3,0.0938,6930.95,0.6931,33.3333,0.207,0.6209,14,0.4375,147285.35,14.7285,57.1429,1.0536,14.7508
c0cbe1ac,bull,s75|s94|s12,3,0.0182245433,0.0114748239,2.5395,0.0,-4.3627,31,48.3871,0.088183,13,0.4194,27327.58,2.7328,46.1538,0.2233,2.9023,7,0.2258,8595.53,0.8596,42.8571,0.1253,0.8774,11,0.3548,49864.72,4.9865,54.5455,0.4725,5.1973
940e1267,bull,s30|s7|s27,3,0.0323262483,0.0105024169,14.8597,0.0,-6.2273,27,40.7407,0.088009,10,0.3704,111383.88,11.1384,50.0,1.0912,10.9119,5,0.1852,32665.2,3.2665,40.0,0.6629,3.3145,12,0.4444,45175.87,4.5176,33.3333,0.3774,4.5286
514b167a,bull,s74|s7|s30,3,0.0315642348,0.0104832444,15.2712,0.0,-6.3357,26,42.3077,0.08788,9,0.3462,118251.97,11.8252,55.5556,1.2876,11.5888,4,0.1538,42105.63,4.2106,50.0,1.054,4.2162,13,0.5,31030.62,3.1031,30.7692,0.2454,3.1908
27644c59,bull,s83|s82|s27,3,0.0263329321,0.016148465,12.1839,0.0,-4.5584,22,54.5455,0.087427,5,0.2273,46661.75,4.6662,60.0,0.934,4.6702,7,0.3182,100273.2,10.0273,71.4286,1.4195,9.9368,10,0.4545,4276.87,0.4277,40.0,0.0844,0.8441
5820f99c,bull,s30|s15|s4,3,0.0240750805,0.0133076468,8.2957,0.0,-5.4963,26,50.0,0.086681,9,0.3462,103691.77,10.3692,66.6667,1.1614,10.4528,5,0.1923,-28551.3,-2.8551,20.0,-0.5831,-2.9156,12,0.4615,62836.76,6.2837,50.0,0.5384,6.4605
beac472f,bull,s7|s84|s5,3,0.0318253754,0.0161255579,15.9549,0.0,-5.0058,21,52.381,0.086497,8,0.381,112831.22,11.2831,62.5,1.3844,11.075,4,0.1905,30852.48,3.0852,50.0,0.785,3.14,9,0.4286,43443.96,4.3444,44.4444,0.5186,4.6674
58185871,bull,s91|s82|s26,3,0.0220323607,0.0125457172,0.9176,0.0,-6.4387,37,43.2432,0.084422,16,0.4324,36644.24,3.6644,43.75,0.2582,4.1315,7,0.1892,15520.13,1.552,42.8571,0.2273,1.5914,14,0.3784,28211.11,2.8211,42.8571,0.2273,3.1828
42d2a386,bull,s70|s5|s65,3,0.0191833745,0.0104672085,1.9394,0.0,-8.6501,36,44.4444,0.082901,14,0.3889,87242.73,8.7243,57.1429,0.6476,9.0664,9,0.25,23957.27,2.3957,44.4444,0.2711,2.4397,13,0.3611,-21202.28,-2.1202,30.7692,-0.1344,-1.7471
83df8b70,bull,s34|s33|s70,3,0.0296714688,0.0130302112,8.0103,0.0,-8.0705,31,41.9355,0.082854,9,0.2903,95721.25,9.5721,55.5556,1.0693,9.6236,6,0.1935,49682.1,4.9682,50.0,0.8321,4.9924,16,0.5161,-322.2,-0.0322,31.25,0.0314,0.5025
b7ce63fa,bull,s58|s14,2,0.0190406756,0.0096488944,3.099,0.0,-8.0831,34,44.1176,0.08194,13,0.3824,131388.55,13.1389,69.2308,1.0213,13.2771,5,0.1471,-20018.36,-2.0018,20.0,-0.3911,-1.9555,16,0.4706,-13176.11,-1.3176,31.25,-0.0683,-1.0934
1ecacbda,bull,s5|s42|s54,3,0.0198852965,0.0131268341,4.2733,0.0,-7.4749,27,51.8519,0.081121,12,0.4444,101172.69,10.1173,66.6667,0.8881,10.6575,7,0.2593,38977.44,3.8977,57.1429,0.5737,4.0161,8,0.2963,-40213.79,-4.0214,25.0,-0.4874,-3.899
84597299,bull,s41|s2|s82|s38|s84,5,0.0243901107,0.0109782919,5.6252,0.0,-6.0545,32,40.625,0.080776,12,0.375,80049.21,8.0049,50.0,0.6706,8.0471,6,0.1875,3769.44,0.3769,33.3333,0.0811,0.4867,14,0.4375,20398.12,2.0398,35.7143,0.1653,2.3146
ff32b663,bull,s24|s5,2,0.0212362341,0.0119733053,8.8305,0.0,-5.4447,22,54.5455,0.080355,9,0.4091,125365.34,12.5365,77.7778,1.3856,12.4707,4,0.1818,-16112.89,-1.6113,25.0,-0.3671,-1.4684,9,0.4091,23501.52,2.3502,44.4444,0.2786,2.5078
0456049c,bull,s21|s14|s35,3,0.0183790465,0.0082924734,-0.5924,0.0,-9.1238,47,38.2979,0.080044,14,0.2979,118206.06,11.8206,64.2857,0.8854,12.3949,8,0.1702,-38430.9,-3.8431,12.5,-0.4959,-3.9668,25,0.5319,5927.14,0.5927,32.0,0.0242,0.606
b327241a,bull,s42|s58|s27,3,0.0264750468,0.0122644988,7.239,0.0,-5.4919,27,44.4444,0.078739,9,0.3333,79735.96,7.9736,55.5556,0.9257,8.3317,5,0.1852,17006.04,1.7006,40.0,0.3231,1.6157,13,0.4815,31959.9,3.196,38.4615,0.2635,3.4259
7bbb88c4,bull,s35|s30|s11|s32|s1,5,0.0210982673,0.0103636127,3.0257,0.0,-9.4137,35,42.8571,0.078703,14,0.4,133374.61,13.3375,64.2857,0.9862,13.8066,6,0.1714,-30690.52,-3.0691,16.6667,-0.512,-3.072,15,0.4286,463.95,0.0464,33.3333,0.0124,0.1855
eb066ea9,bull,s15|s35|s33|s95,4,0.0195924546,0.0113837464,2.6302,0.0,-6.5874,30,46.6667,0.078455,12,0.4,109471.21,10.9471,66.6667,0.9267,11.1205,5,0.1667,-27132.76,-2.7133,20.0,-0.5189,-2.5943,13,0.4333,4342.53,0.4343,38.4615,0.053,0.6892
fe42008b,bull,s1|s58|s74,3,0.0205910312,0.0096225581,-0.4036,0.0,-8.3973,44,38.6364,0.078411,23,0.5227,76562.31,7.6562,43.4783,0.3514,8.0817,4,0.0909,-8425.75,-0.8426,25.0,-0.2069,-0.8277,17,0.3864,15619.02,1.5619,35.2941,0.1041,1.7698
34c5fb89,bull,s30|s79|s3,3,0.0283622772,0.0147298606,11.4908,0.0,-5.9748,22,50.0,0.078337,6,0.2727,82234.12,8.2234,66.6667,1.3998,8.3989,2,0.0909,55494.56,5.5495,100.0,2.8362,5.6725,14,0.6364,7132.26,0.7132,35.7143,0.066,0.9243
d8c8b39b,bull,s7|s83|s21|s87|s74,5,0.0227998053,0.0121578553,11.3945,0.0,-5.076,19,57.8947,0.077533,5,0.2632,81043.22,8.1043,80.0,1.5808,7.9041,3,0.1579,33174.33,3.3174,66.6667,1.1147,3.3442,11,0.5789,40636.21,4.0636,45.4545,0.3732,4.1052
b8fb9ffb,bull,s10|s42|s93|s87,4,0.0188357008,0.0107399169,9.6334,0.0,-2.9297,18,61.1111,0.076708,6,0.3333,53703.16,5.3703,66.6667,0.8977,5.3863,4,0.2222,46049.25,4.6049,75.0,1.1442,4.5767,8,0.4444,32645.2,3.2645,50.0,0.4048,3.2383
0d09cccc,bull,s7|s82,2,0.0236212227,0.0081763639,0.8763,0.0,-7.9575,50,32.0,0.075633,17,0.34,48038.28,4.8038,35.2941,0.3046,5.1787,6,0.12,13340.87,1.3341,33.3333,0.2423,1.4537,27,0.54,30262.97,3.0263,29.6296,0.1245,3.3619
2ec54edf,bull,s82|s5|s70|s9,4,0.0223086007,0.0086163188,3.6937,0.0,-6.0914,34,38.2353,0.07562,11,0.3235,88895.84,8.8896,54.5455,0.8252,9.077,7,0.2059,520.82,0.0521,28.5714,0.0219,0.1536,16,0.4706,14997.58,1.4998,31.25,0.1048,1.6763
2b7cdea1,bull,s41|s84|s79,3,0.0304246102,0.0080016395,10.4484,0.0,-4.9953,29,34.4828,0.075549,12,0.4138,15844.29,1.5844,25.0,0.1605,1.9259,9,0.3103,44586.39,4.4586,33.3333,0.4807,4.3264,8,0.2759,86865.82,8.6866,50.0,1.1211,8.9692
f066a788,bull,s4|s30|s96,3,0.029420688,0.011642372,8.8465,0.0,-5.7559,26,42.3077,0.075422,6,0.2308,94021.84,9.4022,66.6667,1.5733,9.4398,6,0.2308,54660.79,5.4661,50.0,0.8889,5.3335,14,0.5385,-2797.11,-0.2797,28.5714,0.009,0.1259
39c33025,bull,s96|s2|s64,3,0.0327549612,0.0118266736,12.6088,0.0,-6.9239,24,41.6667,0.074239,6,0.25,61826.57,6.1827,50.0,1.0464,6.2785,6,0.25,65178.11,6.5178,50.0,1.0464,6.2785,12,0.5,33066.76,3.3067,33.3333,0.3034,3.6406
e0ed75ca,bull,s87|s41,2,0.0232249986,0.0108689335,13.6865,0.0,-3.6095,16,62.5,0.074054,5,0.3125,82276.52,8.2277,80.0,1.6406,8.2031,4,0.25,61158.8,6.1159,75.0,1.4702,5.8806,7,0.4375,25517.14,2.5517,42.8571,0.3743,2.6199
da7391c1,bull,s41|s46|s26,3,0.0239803579,0.0130946763,13.0026,0.0,-3.2236,16,62.5,0.073549,5,0.3125,83262.22,8.3262,80.0,1.6565,8.2827,5,0.3125,8917.34,0.8917,40.0,0.1735,0.8677,6,0.375,71278.37,7.1278,66.6667,1.1622,6.9732
cf48e66b,bull,s95|s6|s91|s38|s8,5,0.0266966791,0.0156653535,9.2023,0.0,-6.6167,21,52.381,0.073123,9,0.4286,70425.56,7.0426,55.5556,0.7869,7.0822,4,0.1905,23763.07,2.3763,50.0,0.5516,2.2063,8,0.381,40590.77,4.0591,50.0,0.5516,4.4125
d989de1b,bull,s30|s5|s27,3,0.0342464503,0.0184501923,12.9895,0.0,-6.4259,20,50.0,0.073072,6,0.3,159267.4,15.9267,83.3333,2.5464,15.2782,4,0.2,30896.81,3.0897,50.0,0.7898,3.1593,10,0.5,-34695.29,-3.4695,30.0,-0.2641,-2.6412
f1ddfb96,bull,s41|s94|s74,3,0.0227976833,0.0142458712,3.1049,0.0,-7.224,27,48.1481,0.073004,9,0.3333,88705.34,8.8705,66.6667,1.045,9.4048,3,0.1111,-5393.23,-0.5393,33.3333,-0.1898,-0.5694,15,0.5556,4877.55,0.4878,40.0,0.0572,0.8573
87ad37cb,bull,s68|s14|s4|s54|s24,5,0.0191042438,0.0088639843,0.39,0.0,-8.0045,38,39.4737,0.072935,18,0.4737,115687.7,11.5688,55.5556,0.6674,12.0131,4,0.1053,-7431.71,-0.7432,25.0,-0.1872,-0.7488,16,0.4211,-30655.36,-3.0655,25.0,-0.1872,-2.9951
4dc5437e,bull,s33|s65,2,0.021585085,0.010016336,2.2755,0.0,-5.687,32,40.625,0.072906,13,0.4062,149606.2,14.9606,69.2308,1.1862,15.42,4,0.125,-39155.24,-3.9155,0.0,-1.0016,-4.0065,15,0.4688,-25701.44,-2.5701,26.6667,-0.1589,-2.3839
98ae9d16,bull,s87|s10|s59,3,0.0236908126,0.0100914722,12.2035,0.0,-4.5242,18,55.5556,0.072687,5,0.2778,50095.44,5.0095,60.0,1.0178,5.0889,6,0.3333,42390.73,4.2391,50.0,0.68,4.0798,7,0.3889,66095.48,6.6095,57.1429,0.9213,6.4489
ad449703,bull,s69|s42|s33|s36|s24,5,0.0211129675,0.0117439309,1.5454,0.0,-7.971,32,43.75,0.072652,11,0.3438,130099.57,13.01,72.7273,1.2152,13.3672,8,0.25,-60479.9,-6.048,12.5,-0.7637,-6.1095,13,0.4062,8567.07,0.8567,38.4615,0.0893,1.1613
07c6f2b9,bull,s24|s32|s41,3,0.0315845832,0.0190657731,11.9866,0.0,-5.4866,19,52.6316,0.071965,4,0.2105,75277.38,7.5277,75.0,1.8922,7.5688,4,0.2105,79541.67,7.9542,75.0,1.8922,7.5688,11,0.5789,-13057.47,-1.3057,36.3636,-0.0647,-0.7122
18f94e0a,bull,s87|s53|s32,3,0.0190009477,0.0080602696,0.5348,0.0,-3.8441,34,38.2353,0.071613,12,0.3529,34772.67,3.4773,41.6667,0.3215,3.8583,6,0.1765,5046.19,0.5046,33.3333,0.096,0.5761,16,0.4706,30192.8,3.0193,37.5,0.2088,3.3403
35c550c5,bull,s40|s30|s5|s58|s3,5,0.0272115358,0.0141280412,10.5079,0.0,-4.8144,20,50.0,0.071035,6,0.3,79443.6,7.9444,66.6667,1.3432,8.059,4,0.2,27709.53,2.771,50.0,0.6542,2.6167,10,0.5,21435.43,2.1435,40.0,0.2408,2.4078
fe7f818e,bull,s58|s82|s74,3,0.0247298744,0.014014356,6.8563,0.0,-5.5587,23,47.8261,0.070945,8,0.3478,80991.67,8.0992,62.5,1.0201,8.1606,3,0.1304,-4555.76,-0.4556,33.3333,-0.11,-0.3299,12,0.5217,22483.45,2.2483,41.6667,0.2129,2.5549
1988e338,bull,s41|s1|s88|s2|s69,5,0.0243661491,0.0151337267,6.7582,0.0,-5.4421,21,52.381,0.070497,7,0.3333,91022.55,9.1023,71.4286,1.308,9.1563,4,0.1905,17940.0,1.794,50.0,0.4616,1.8465,10,0.4762,4159.32,0.4159,40.0,0.0666,0.6662
6c10b52e,bull,s64|s9|s2|s54,4,0.0252585131,0.0127901953,10.7786,0.0,-4.7868,18,55.5556,0.070351,7,0.3889,100264.51,10.0265,71.4286,1.4387,10.0712,2,0.1111,-25545.32,-2.5545,0.0,-1.279,-2.558,9,0.5,73821.09,7.3821,55.5556,0.8348,7.5132
0e79b8d3,bull,s1|s39|s35|s43,4,0.0201612897,0.0087476695,0.5318,0.0,-6.8776,37,37.8378,0.070306,14,0.3784,104690.99,10.4691,57.1429,0.7772,10.8804,6,0.1622,-23067.42,-2.3067,16.6667,-0.393,-2.3577,17,0.4595,-4853.72,-0.4854,29.4118,-0.0245,-0.4166
917a2cca,bull,s79|s44|s26,3,0.0220250564,0.0116437573,6.8014,0.0,-5.8605,22,50.0,0.070235,8,0.3636,-27250.67,-2.7251,25.0,-0.3227,-2.5812,5,0.2273,41397.38,4.1397,60.0,0.8558,4.2788,9,0.4091,98556.66,9.8557,66.6667,1.0802,9.7219
e54dd73c,bull,s11|s55|s88,3,0.0246940363,0.0093575288,6.4093,0.0,-5.9802,27,40.7407,0.070156,9,0.3333,16653.88,1.6654,33.3333,0.1993,1.7937,7,0.2593,35119.62,3.512,42.8571,0.5236,3.6652,11,0.4074,66129.33,6.6129,45.4545,0.612,6.7325
0862dbda,bull,s9|s79|s7|s55|s45,5,0.0219223743,0.0124757751,3.0143,0.0,-5.4876,26,46.1538,0.069709,8,0.3077,2143.48,0.2143,37.5,0.0424,0.3388,7,0.2692,48859.23,4.8859,57.1429,0.718,5.0262,11,0.4231,31062.11,3.1062,45.4545,0.316,3.4757
98e3ce5f,bull,s55|s44|s83|s24|s41,5,0.0256571103,0.0127786434,9.7546,0.0,-4.8159,19,52.6316,0.069337,6,0.3158,113941.66,11.3942,83.3333,1.9251,11.5507,2,0.1053,-25522.25,-2.5522,0.0,-1.2779,-2.5557,11,0.5789,51507.2,5.1507,45.4545,0.4692,5.1614
0fadcc65,bull,s5|s14|s96,3,0.0269980396,0.0163151781,9.7695,0.0,-5.0256,19,52.6316,0.06912,6,0.3158,71773.17,7.1773,66.6667,1.256,7.5362,4,0.2105,22973.23,2.2973,50.0,0.5341,2.1366,9,0.4737,24239.96,2.424,44.4444,0.2935,2.6416
9b5a5582,bull,s8|s79,2,0.0221964115,0.0136720783,10.6064,0.0,-4.6982,16,62.5,0.069066,7,0.4375,8901.81,0.8902,42.8571,0.17,1.1901,3,0.1875,68088.72,6.8089,100.0,2.2196,6.6589,6,0.375,62083.29,6.2083,66.6667,1.024,6.1441
9dd434fe,bull,s70|s54|s38,3,0.0218577475,0.0106346675,1.5282,0.0,-6.7344,32,40.625,0.068982,11,0.3438,75824.54,7.5825,54.5455,0.7088,7.7973,9,0.2812,1712.3,0.1712,33.3333,0.0196,0.1765,12,0.375,560.69,0.0561,33.3333,0.0196,0.2354
007cf621,bull,s7|s83|s9,3,0.0249446814,0.0124324646,4.8012,0.0,-11.287,31,41.9355,0.068913,11,0.3548,86812.38,8.6812,54.5455,0.7955,8.7506,7,0.2258,-13128.23,-1.3128,28.5714,-0.1753,-1.2273,13,0.4194,22794.93,2.2795,38.4615,0.1943,2.5264
bfc0f18a,bull,s53|s58|s27,3,0.0228694702,0.0113695721,3.17,0.0,-6.391,28,42.8571,0.068364,12,0.4286,101732.16,10.1732,58.3333,0.8603,10.3238,4,0.1429,-12274.93,-1.2275,25.0,-0.281,-1.1239,12,0.4286,-2199.02,-0.2199,33.3333,0.0043,0.0521
90fb3912,bull,s41|s93|s27,3,0.0273457082,0.0165330351,10.0888,0.0,-5.7502,18,55.5556,0.068318,7,0.3889,105414.8,10.5415,71.4286,1.4809,10.3662,3,0.1667,-4653.58,-0.4654,33.3333,-0.1907,-0.572,8,0.4444,39005.0,3.9005,50.0,0.5406,4.3251
b50a280b,bull,s96|s15|s64,3,0.0320704726,0.0159182258,14.2378,0.0,-5.3234,17,52.9412,0.067934,4,0.2353,80060.91,8.0061,75.0,2.0073,8.0293,5,0.2941,16490.19,1.649,40.0,0.3277,1.6386,8,0.4706,62098.86,6.2099,50.0,0.8076,6.4609
479c0353,bull,s41|s91|s34,3,0.0311727749,0.0167846092,7.867,0.0,-5.839,22,45.4545,0.066138,9,0.4091,40476.1,4.0476,44.4444,0.453,4.0768,5,0.2273,10151.51,1.0152,40.0,0.2398,1.1992,8,0.3636,55766.02,5.5766,50.0,0.7194,5.7553
37a13f94,bull,s88|s33|s96,3,0.0321328848,0.0102023813,7.1323,0.0,-6.2989,30,33.3333,0.065779,7,0.2333,95289.35,9.5289,57.1429,1.3989,9.7924,5,0.1667,32960.78,3.2961,40.0,0.6732,3.3659,18,0.6,-19299.79,-1.93,22.2222,-0.0795,-1.4302
25e566b9,bull,s58|s42|s1,3,0.0217988745,0.0113594173,-0.0099,0.0,-6.5313,32,40.625,0.065435,12,0.375,90945.52,9.0946,58.3333,0.7983,9.5795,5,0.1562,-22528.24,-2.2528,20.0,-0.4728,-2.3639,15,0.4688,-7475.83,-0.7476,33.3333,-0.0307,-0.46
6b4078ee,bull,s82|s47|s8,3,0.0297696304,0.0101803446,4.8923,0.0,-6.8749,33,33.3333,0.065303,13,0.3939,66991.75,6.6992,38.4615,0.5185,6.7405,4,0.1212,37306.61,3.7307,50.0,0.9795,3.9179,16,0.4848,-5478.26,-0.5478,25.0,-0.0193,-0.3086
09bbfd9f,bull,s88|s79|s27,3,0.0594773056,0.0087055615,25.3897,0.0,-5.1446,17,35.2941,0.065282,3,0.1765,116202.14,11.6202,66.6667,3.675,11.0249,6,0.3529,18382.26,1.8382,16.6667,0.2658,1.5949,8,0.4706,139912.35,13.9912,37.5,1.6863,13.4904
34521e93,bull,s33|s53|s12,3,0.0251198697,0.0152081662,3.8701,0.0,-5.8397,23,47.8261,0.065062,8,0.3478,34990.51,3.4991,50.0,0.4956,3.9647,3,0.1304,-5484.09,-0.5484,33.3333,-0.1765,-0.5296,12,0.5217,54398.89,5.4399,50.0,0.4956,5.947
0334b139,bull,s43|s33|s42,3,0.0264380509,0.0111728221,3.6602,0.0,-8.7354,31,38.7097,0.064829,10,0.3226,38737.37,3.8737,40.0,0.3872,3.8715,6,0.1935,43555.72,4.3556,50.0,0.7633,4.5796,15,0.4839,15267.51,1.5268,33.3333,0.1364,2.0462
0a173ede,bull,s30|s96|s26,3,0.0266154066,0.0110275901,10.2306,0.0,-4.1588,19,47.3684,0.064809,5,0.2632,93771.2,9.3771,80.0,1.9087,9.5434,5,0.2632,20264.91,2.0265,40.0,0.403,2.0148,9,0.4737,11454.72,1.1455,33.3333,0.152,1.3681
43aedd30,bull,s4|s55|s39,3,0.0216752132,0.0109267795,0.7006,0.0,-7.8538,32,40.625,0.064714,13,0.4062,83784.8,8.3785,53.8462,0.6628,8.6166,7,0.2188,-11156.54,-1.1157,28.5714,-0.1612,-1.1283,12,0.375,-3071.24,-0.3071,33.3333,-0.0059,-0.0713
892ddfb9,bull,s79|s35|s64|s94|s42,5,0.0254626642,0.0096381155,4.6981,0.0,-6.9821,30,36.6667,0.064708,8,0.2667,96812.87,9.6813,62.5,1.23,9.8399,6,0.2,11548.88,1.1549,33.3333,0.2062,1.2373,16,0.5333,-16581.3,-1.6581,25.0,-0.0863,-1.3807
d75b6020,bull,s45|s5|s27,3,0.0191645272,0.0080578229,-0.0496,0.0,-6.3834,35,37.1429,0.064456,17,0.4857,75842.87,7.5843,47.0588,0.4753,8.0796,8,0.2286,17085.42,1.7085,37.5,0.2151,1.7204,10,0.2857,-26302.5,-2.6303,20.0,-0.2613,-2.6134
ffcbabe1,bull,s59|s40|s1,3,0.0217301004,0.0120891695,10.4067,0.0,-2.5984,14,64.2857,0.063473,6,0.4286,62919.3,6.2919,66.6667,1.0457,6.2742,1,0.0714,22123.62,2.2124,100.0,2.173,2.173,7,0.5,48382.37,4.8382,57.1429,0.7236,5.0653
12993d83,bull,s30|s39|s75|s48|s1,5,0.0217722041,0.0108947596,2.1076,0.0,-4.779,26,42.3077,0.062929,11,0.4231,106522.46,10.6522,63.6364,0.9893,10.8826,4,0.1538,-11587.59,-1.1588,25.0,-0.2728,-1.0912,11,0.4231,-22823.31,-2.2823,27.2727,-0.1986,-2.1841
56959702,bull,s6|s42|s26,3,0.0316818491,0.0159216168,11.7521,0.0,-7.4478,18,50.0,0.062879,7,0.3889,78726.76,7.8727,57.1429,1.128,7.8963,5,0.2778,15754.78,1.5755,40.0,0.312,1.5599,6,0.3333,42989.08,4.2989,50.0,0.788,4.7281
25821a75,bull,s55|s35|s64|s58|s83,5,0.0282163544,0.017467091,11.2351,0.0,-5.8996,16,56.25,0.062717,5,0.3125,95880.0,9.588,80.0,1.908,9.5398,4,0.25,-26856.46,-2.6856,25.0,-0.6046,-2.4185,7,0.4375,58411.06,5.8411,57.1429,0.8638,6.0464
8cb7b36b,bull,s91|s4|s58|s96,4,0.0277168036,0.0131078825,9.3405,0.0,-4.8295,19,47.3684,0.062692,6,0.3158,42225.32,4.2225,50.0,0.7304,4.3827,3,0.1579,43945.01,4.3945,66.6667,1.4109,4.2326,10,0.5263,27832.13,2.7832,40.0,0.3222,3.222
036284f0,bull,s3|s36|s4,3,0.027069831,0.0161615674,6.3063,0.0,-6.5263,21,47.619,0.062371,6,0.2857,75107.79,7.5108,66.6667,1.2659,7.5956,4,0.1905,21683.02,2.1683,50.0,0.5454,2.1817,11,0.5238,-9519.47,-0.9519,36.3636,-0.0441,-0.4852
a76acc12,bull,s70|s53|s88|s47|s44,5,0.0248933314,0.0107168435,4.5678,0.0,-4.4615,24,41.6667,0.062346,7,0.2917,100544.55,10.0545,71.4286,1.4719,10.3033,8,0.3333,-14551.39,-1.4551,25.0,-0.1814,-1.4514,9,0.375,8062.34,0.8062,33.3333,0.1153,1.0379
7e27841c,bull,s35|s24|s33|s7,4,0.03074273,0.0118455817,8.509,0.0,-4.8963,21,42.8571,0.062126,6,0.2857,98376.48,9.8376,66.6667,1.6547,9.928,6,0.2857,13386.02,1.3386,33.3333,0.2351,1.4103,9,0.4286,17948.31,1.7948,33.3333,0.2351,2.1155
37c753a8,bull,s41|s55,2,0.0186557484,0.0103974603,3.9919,0.0,-3.9771,20,50.0,0.061615,7,0.35,41951.56,4.1952,57.1429,0.6204,4.3431,5,0.25,5886.88,0.5887,40.0,0.1224,0.6119,8,0.4,31796.59,3.1797,50.0,0.4129,3.3033
5fa41032,bull,s60|s9|s27,3,0.0299699189,0.0178426119,10.3328,0.0,-6.359,17,52.9412,0.061566,6,0.3529,82098.05,8.2098,66.6667,1.4032,8.4194,5,0.2941,6313.94,0.6314,40.0,0.1282,0.6412,6,0.3529,32449.67,3.245,50.0,0.6064,3.6382
e5f7d03c,bull,s36|s38,2,0.026333934,0.0147997816,9.563,0.0,-5.1461,16,56.25,0.0613,5,0.3125,49433.4,4.9433,60.0,0.988,4.9402,2,0.125,12522.38,1.2522,50.0,0.5767,1.1534,9,0.5625,66864.86,6.6865,55.5556,0.8052,7.2471
85b4aa83,bull,s60|s96|s27,3,0.0243290389,0.0082475162,1.4561,0.0,-8.751,41,31.7073,0.061249,14,0.3415,45188.51,4.5189,35.7143,0.3387,4.7418,9,0.2195,-10271.46,-1.0271,22.2222,-0.1008,-0.9075,18,0.439,45862.89,4.5863,33.3333,0.2611,4.7004
30ab84c4,bull,s47|s78|s84,3,0.0222250496,0.0132745975,10.4375,0.0,-5.3131,14,64.2857,0.061227,7,0.5,118244.23,11.8244,85.7143,1.7154,12.0076,3,0.2143,-3927.47,-0.3927,33.3333,-0.1441,-0.4324,4,0.2857,17751.19,1.7751,50.0,0.4475,1.7901
7386358b,bull,s8|s83|s43|s54,4,0.0215231864,0.0106754543,8.4362,0.0,-3.7725,16,56.25,0.061177,7,0.4375,52954.65,5.2955,57.1429,0.7724,5.4066,3,0.1875,376.7,0.0377,33.3333,0.0057,0.0172,6,0.375,63443.05,6.3443,66.6667,1.079,6.4742
471b94f9,bull,s69|s78|s45|s53|s64,5,0.0239782073,0.0137252982,4.3464,0.0,-5.0157,21,47.619,0.060982,7,0.3333,91269.41,9.1269,71.4286,1.3206,9.244,4,0.1905,-17853.21,-1.7853,25.0,-0.4299,-1.7198,10,0.4762,12149.09,1.2149,40.0,0.1356,1.3561
9692d910,bull,s41|s12|s21,3,0.0316699474,0.0143784293,9.7305,0.0,-7.2347,20,45.0,0.060887,8,0.4,114253.66,11.4254,62.5,1.4402,11.5214,4,0.2,35352.45,3.5352,50.0,0.8646,3.4583,8,0.4,-28557.64,-2.8558,25.0,-0.2866,-2.2931
cac0615d,bull,s96|s6|s1,3,0.0223614856,0.0141829159,1.8807,0.0,-6.271,23,47.8261,0.060807,10,0.4348,105984.35,10.5984,70.0,1.1398,11.3982,5,0.2174,1486.77,0.1487,40.0,0.0435,0.2174,8,0.3478,-40915.95,-4.0916,25.0,-0.5047,-4.0375
95e8e029,bull,s1|s38|s41,3,0.0307204785,0.0179823734,9.0615,0.0,-5.7875,18,50.0,0.060798,6,0.3333,35174.17,3.5174,50.0,0.6369,3.8214,5,0.2778,57191.66,5.7192,60.0,1.1239,5.6197,7,0.3889,17249.0,1.7249,42.8571,0.289,2.0232
ede3e231,bull,s53|s2|s4,3,0.026251257,0.011678504,7.794,0.0,-4.4304,19,47.3684,0.060796,6,0.3158,81122.03,8.1122,66.6667,1.3608,8.1648,4,0.2105,-8819.79,-0.882,25.0,-0.2196,-0.8784,9,0.4737,45754.04,4.5754,44.4444,0.5179,4.6613
9f3cdb9b,bull,s74|s79|s47,3,0.0239186671,0.0080669206,7.0289,0.0,-4.8413,23,39.1304,0.060252,8,0.3478,-31592.78,-3.1593,12.5,-0.4069,-3.255,6,0.2609,47177.88,4.7178,50.0,0.7926,4.7555,9,0.3913,86400.15,8.64,55.5556,0.9703,8.7326
c7d1766e,bull,s34|s64|s32,3,0.0324473109,0.0177515577,8.4477,0.0,-5.7817,19,47.3684,0.060249,7,0.3684,25307.63,2.5308,42.8571,0.3762,2.6336,3,0.1579,-4427.8,-0.4428,33.3333,-0.1019,-0.3056,9,0.4737,86284.29,8.6284,55.5556,1.0137,9.123
99efdf2a,bull,s64|s70,2,0.0300497402,0.0153800338,6.848,0.0,-8.9974,23,43.4783,0.060184,8,0.3478,57923.56,5.7924,50.0,0.7335,5.8679,5,0.2174,15355.35,1.5355,40.0,0.2792,1.3959,10,0.4348,24749.47,2.4749,40.0,0.2792,2.7919
568dd205,bull,s33|s34|s5,3,0.0273068622,0.0132487159,4.4497,0.0,-9.6399,27,40.7407,0.059995,8,0.2963,55537.38,5.5537,50.0,0.7029,5.6233,5,0.1852,52939.03,5.2939,60.0,1.1085,5.5423,14,0.5185,-27040.09,-2.704,28.5714,-0.1661,-2.326
a15a1c2d,bull,s83|s68|s64,3,0.0522369113,0.0083650702,23.6229,0.0,-4.9234,15,40.0,0.059916,6,0.4,141764.79,14.1765,50.0,2.1936,13.1616,2,0.1333,-18956.03,-1.8956,0.0,-0.8365,-1.673,7,0.4667,129712.33,12.9712,42.8571,1.7607,12.325
380d6ac1,bull,s70|s7|s94|s64,4,0.0332327107,0.0139824749,8.4858,0.0,-6.957,22,40.9091,0.059752,7,0.3182,39573.84,3.9574,42.8571,0.6253,4.3768,5,0.2273,25751.41,2.5751,40.0,0.4904,2.4518,10,0.4545,46745.48,4.6745,40.0,0.4904,4.9036
858f8e19,bull,s1|s3|s41|s35,4,0.0321309788,0.0119134636,6.8877,0.0,-5.0296,23,39.1304,0.059732,8,0.3478,79090.59,7.9091,50.0,1.0109,8.087,5,0.2174,28695.86,2.8696,40.0,0.5704,2.8522,10,0.4348,8866.97,0.8867,30.0,0.13,1.2999
59901888,bull,s40|s3|s21,3,0.0260506873,0.0147751785,5.0949,0.0,-7.024,21,47.619,0.059709,6,0.2857,30904.4,3.0904,50.0,0.5638,3.3827,6,0.2857,35256.21,3.5256,50.0,0.5638,3.3827,9,0.4286,28318.63,2.8319,44.4444,0.337,3.0327
a0124395,bull,s30|s64|s39|s93|s32,5,0.0239347801,0.0149267161,2.7461,0.0,-8.1314,24,45.8333,0.059563,7,0.2917,85433.85,8.5434,71.4286,1.2831,8.982,3,0.125,-5680.34,-0.568,33.3333,-0.1973,-0.5919,14,0.5833,-18492.53,-1.8493,35.7143,-0.1048,-1.4667
8c08393f,bull,s39|s54|s79,3,0.0533726796,0.0083725497,22.2195,0.0,-3.5261,15,40.0,0.05949,9,0.6,250336.8,25.0337,55.5556,2.593,23.3373,2,0.1333,-18216.49,-1.8216,0.0,-0.8373,-1.6745,4,0.2667,23272.79,2.3273,25.0,0.7064,2.8255
5709a3ed,bull,s39|s92|s69,3,0.0184950846,0.0108381108,-1.7055,0.0,-10.1329,33,42.4242,0.059434,14,0.4242,50247.4,5.0247,50.0,0.3828,5.3599,4,0.1212,-13264.87,-1.3265,25.0,-0.3505,-1.4019,15,0.4545,12116.37,1.2116,40.0,0.0895,1.3428
08c11056,bull,s30|s42|s11|s65,4,0.0240557558,0.0096772244,1.4712,0.0,-8.3342,33,36.3636,0.059382,11,0.3333,59500.98,5.9501,45.4545,0.5656,6.2215,7,0.2121,224.9,0.0225,28.5714,-0.0039,-0.0275,15,0.4545,21213.23,2.1213,33.3333,0.1567,2.3507
03d6ef71,bull,s24|s82|s93,3,0.0311014943,0.0135287518,12.5595,0.0,-5.1594,16,50.0,0.059123,5,0.3125,111866.88,11.1867,80.0,2.2175,11.0877,1,0.0625,-13069.23,-1.3069,0.0,-1.3529,-1.3529,10,0.625,40975.16,4.0975,40.0,0.4323,4.3233
005e2893,bull,s38|s34|s43,3,0.0320494688,0.0084076741,7.205,0.0,-6.8763,30,30.0,0.058915,14,0.4667,83923.84,8.3924,35.7143,0.6041,8.4578,3,0.1,16952.89,1.6953,33.3333,0.5078,1.5234,13,0.4333,9406.64,0.9407,23.0769,0.0929,1.2072
b5e4a9db,bull,s96|s78|s26,3,0.0215084992,0.0105071323,1.1659,0.0,-5.9427,27,40.7407,0.058891,7,0.2593,52630.68,5.2631,57.1429,0.7788,5.4513,6,0.2222,30643.24,3.0643,50.0,0.5501,3.3004,14,0.5185,-20087.3,-2.0087,28.5714,-0.136,-1.9037
4e30ac92,bull,s82|s33|s9|s24|s1,5,0.0312444679,0.0082544403,9.8156,0.0,-5.2074,23,34.7826,0.058874,6,0.2609,107981.34,10.7981,66.6667,1.8078,10.8469,4,0.1739,46996.06,4.6996,50.0,1.1495,4.598,13,0.5652,-32480.63,-3.2481,15.3846,-0.2178,-2.831
b4defeed,bull,s69|s38|s14,3,0.0275583737,0.0138392206,6.7523,0.0,-5.0686,20,45.0,0.058721,7,0.35,66502.43,6.6502,57.1429,0.9817,6.8716,3,0.15,-1585.78,-0.1586,33.3333,-0.004,-0.012,10,0.5,23871.07,2.3871,40.0,0.272,2.7198
668b2854,bull,s43|s44|s94|s91|s39,5,0.025214918,0.0150560856,2.2643,0.0,-7.9205,25,44.0,0.058648,11,0.44,69337.84,6.9338,54.5455,0.691,7.6009,4,0.16,-19600.11,-1.96,25.0,-0.4988,-1.9953,10,0.4,7514.24,0.7514,40.0,0.1052,1.0523
f18682c3,bull,s35|s96,2,0.0320920899,0.0189696225,13.0283,0.0,-4.7292,14,57.1429,0.058619,5,0.3571,110799.98,11.08,80.0,2.188,10.9399,3,0.2143,-5927.45,-0.5927,33.3333,-0.1949,-0.5847,6,0.4286,35329.35,3.5329,50.0,0.6561,3.9367
15ead52a,bull,s91|s82|s63,3,0.0293414482,0.0123243772,2.3012,0.0,-7.132,31,35.4839,0.058442,11,0.3548,70023.69,7.0024,45.4545,0.6615,7.2761,6,0.1935,8261.86,0.8262,33.3333,0.1564,0.9385,14,0.4516,-8431.72,-0.8432,28.5714,-0.042,-0.5878
a3259385,bull,s15|s43|s87|s24|s95,5,0.0253138616,0.0147137747,7.1392,0.0,-5.2793,17,52.9412,0.058324,6,0.3529,149676.6,14.9677,100.0,2.5314,15.1883,3,0.1765,-44217.76,-4.4218,0.0,-1.4714,-4.4141,8,0.4706,1679.93,0.168,37.5,0.0297,0.2373
cd4a9ed2,bull,s63|s14|s96|s34|s42,5,0.0310082609,0.0145085569,7.4173,0.0,-6.7592,21,42.8571,0.057944,6,0.2857,91415.35,9.1415,66.6667,1.5836,9.5016,4,0.1905,34681.91,3.4682,50.0,0.825,3.2999,11,0.5238,-26697.48,-2.6697,27.2727,-0.2095,-2.3044
49cd44c8,bull,s60|s78|s27,3,0.0233263422,0.014649752,1.0564,0.0,-7.2072,24,45.8333,0.05765,9,0.375,89895.95,8.9896,66.6667,1.0668,9.6009,4,0.1667,16013.06,1.6013,50.0,0.4338,1.7353,11,0.4583,-47210.83,-4.7211,27.2727,-0.4293,-4.7219
6e80d814,bull,s4|s96|s39|s60,4,0.0246988359,0.0112517661,2.0073,0.0,-7.7638,28,39.2857,0.057453,8,0.2857,88729.46,8.8729,62.5,1.1217,8.9739,6,0.2143,-32198.73,-3.2199,16.6667,-0.526,-3.156,14,0.5,18872.32,1.8872,35.7143,0.1588,2.2228
f19ac647,bull,s24|s78|s7,3,0.0238262823,0.0099553984,0.5632,0.0,-10.1028,37,35.1351,0.057239,12,0.3243,79754.27,7.9754,50.0,0.6935,8.3225,5,0.1351,17769.11,1.7769,40.0,0.3557,1.7786,20,0.5405,-32717.99,-3.2718,25.0,-0.151,-3.02
8d3fdb04,bull,s75|s79|s33|s69,4,0.0292657762,0.0146228735,11.282,0.0,-4.8916,15,53.3333,0.057136,5,0.3333,101591.16,10.1591,80.0,2.0488,10.244,2,0.1333,-29177.28,-2.9177,0.0,-1.4623,-2.9246,8,0.5333,56213.37,5.6213,50.0,0.7321,5.8572
1e4406fb,bull,s44|s33|s26,3,0.0192615493,0.0117508321,-1.1257,0.0,-10.1687,30,43.3333,0.056995,8,0.2667,28740.84,2.8741,50.0,0.3755,3.0043,7,0.2333,-21043.99,-2.1044,28.5714,-0.289,-2.0231,15,0.5,39604.68,3.9605,46.6667,0.2722,4.0824
9c33f2d6,bull,s30|s32,2,0.0366339152,0.0159893027,10.5382,0.0,-5.7923,18,44.4444,0.056919,5,0.2778,76178.05,7.6178,60.0,1.5585,7.7923,4,0.2222,-10619.68,-1.062,25.0,-0.2833,-1.1334,9,0.5,62102.71,6.2103,44.4444,0.7399,6.6589
e9dea07f,bull,s6|s46,2,0.0208285405,0.0121949714,5.2236,0.0,-4.127,17,52.9412,0.056895,7,0.4118,77664.18,7.7664,71.4286,1.1393,7.9753,4,0.2353,-16685.84,-1.6686,25.0,-0.3939,-1.5756,6,0.3529,25642.01,2.5642,50.0,0.4317,2.5901
08262a74,bull,s6|s96,2,0.0239834459,0.0114600917,5.9359,0.0,-5.4559,19,47.3684,0.056803,8,0.4211,117782.54,11.7783,75.0,1.5123,12.098,4,0.2105,24167.59,2.4168,50.0,0.6262,2.5047,7,0.3684,-45826.96,-4.5827,14.2857,-0.6397,-4.4777
ffc3b063,bull,s75|s21|s36|s15|s43,5,0.0291848128,0.0128266456,11.2312,0.0,-5.84,16,50.0,0.05677,5,0.3125,102699.74,10.27,80.0,2.0783,10.3913,1,0.0625,-12390.97,-1.2391,0.0,-1.2827,-1.2827,10,0.625,37368.86,3.7369,40.0,0.3978,3.9779
1835d871,bull,s7|s60|s93,3,0.0307390082,0.014962447,10.7749,0.0,-5.373,16,50.0,0.056634,4,0.25,122861.57,12.2862,100.0,3.0739,12.2956,3,0.1875,-44823.43,-4.4823,0.0,-1.4962,-4.4887,9,0.5625,44971.16,4.4971,44.4444,0.5349,4.8144
494f9712,bull,s9|s6|s74,3,0.0275985608,0.0156835491,6.6099,0.0,-6.5941,19,47.3684,0.05653,8,0.4211,89887.21,8.9887,62.5,1.1368,9.0942,5,0.2632,7343.82,0.7344,40.0,0.1629,0.8146,6,0.3158,-10447.51,-1.0448,33.3333,-0.1256,-0.7537
7d1b332e,bull,s41|s84|s27,3,0.0317615867,0.0115308438,5.9881,0.0,-6.301,25,36.0,0.056525,9,0.36,68366.71,6.8367,44.4444,0.771,6.9392,6,0.24,16336.27,1.6336,33.3333,0.29,1.74,10,0.4,9968.09,0.9968,30.0,0.1457,1.4569
daf8dec5,bull,s24|s7|s14|s34,4,0.0237017159,0.0112646397,-0.5664,0.0,-9.8369,34,38.2353,0.056392,11,0.3235,111933.28,11.1933,63.6364,1.0987,12.0853,4,0.1176,-43525.32,-4.3525,0.0,-1.1265,-4.5059,19,0.5588,-4314.45,-0.4314,31.5789,-0.0223,-0.423
2e6eb44a,bull,s24|s78|s58,3,0.0290245916,0.0155519541,10.7371,0.0,-5.0317,15,53.3333,0.056356,5,0.3333,100600.07,10.06,80.0,2.0109,10.0546,2,0.1333,-31031.09,-3.1031,0.0,-1.5552,-3.1104,8,0.5333,51085.04,5.1085,50.0,0.6736,5.3891
04a72dd4,bull,s58|s24|s48|s21|s96,5,0.0379779994,0.0127585862,14.7174,0.0,-3.8058,15,46.6667,0.056236,5,0.3333,140729.67,14.073,80.0,2.7831,13.9153,2,0.1333,-25466.53,-2.5467,0.0,-1.2759,-2.5517,8,0.5333,46766.95,4.6767,37.5,0.6268,5.0141
3a75aa4d,bull,s2|s84|s33,3,0.0303181719,0.0191884454,11.0834,0.0,-5.0127,14,57.1429,0.056203,2,0.1429,8201.15,0.8201,50.0,0.5565,1.113,3,0.2143,43188.84,4.3189,66.6667,1.3816,4.1448,9,0.6429,70316.97,7.0317,55.5556,0.8315,7.4837
22bed672,bull,s79|s69|s6,3,0.0359577366,0.0081601082,9.2513,0.0,-7.2748,27,29.6296,0.056198,10,0.3704,141338.98,14.1339,50.0,1.3899,13.8988,7,0.2593,-13798.78,-1.3799,14.2857,-0.1858,-1.3003,10,0.3704,1957.2,0.1957,20.0,0.0663,0.6635
68e09f92,bull,s64|s48|s26,3,0.0206837334,0.0102103035,11.2492,0.0,-2.7827,11,72.7273,0.056063,3,0.2727,61499.51,6.15,100.0,2.0684,6.2051,3,0.2727,31820.15,3.182,66.6667,1.0386,3.1157,5,0.4545,41012.9,4.1013,60.0,0.8326,4.1631
a80f2b8b,bull,s55|s87|s70|s82|s4,5,0.0329896729,0.0137319016,9.3954,0.0,-5.4912,19,42.1053,0.056021,5,0.2632,70621.11,7.0621,60.0,1.4301,7.1505,4,0.2105,37942.21,3.7942,50.0,0.9629,3.8516,10,0.5263,741.01,0.0741,30.0,0.0285,0.2846
04416a78,bull,s53|s74|s95,3,0.0269991762,0.0142397376,9.9572,0.0,-4.5516,15,53.3333,0.055852,5,0.3333,94010.56,9.4011,80.0,1.8751,9.3757,1,0.0667,-13766.21,-1.3766,0.0,-1.424,-1.424,9,0.6,33104.0,3.3104,44.4444,0.4089,3.6798
18098c7e,bull,s60|s14|s27,3,0.0318602906,0.0150393678,9.843,0.0,-5.4591,17,47.0588,0.055818,4,0.2353,78827.72,7.8828,75.0,2.0135,8.0542,3,0.1765,-45083.05,-4.5083,0.0,-1.5039,-4.5118,10,0.5882,81949.0,8.1949,50.0,0.841,8.4105
fe0e7c57,bull,s70|s58|s41,3,0.0231635252,0.0141631067,-0.0579,0.0,-6.786,25,44.0,0.055705,10,0.4,40543.01,4.0543,50.0,0.45,4.5002,5,0.2,2594.79,0.2595,40.0,0.0768,0.3838,10,0.4,5995.73,0.5996,40.0,0.0768,0.7675
216ccd3c,bull,s88|s14,2,0.0282255454,0.0125248913,10.6018,0.0,-5.5768,15,53.3333,0.055703,5,0.3333,58726.28,5.8726,60.0,1.1925,5.9627,3,0.2,3425.57,0.3426,33.3333,0.1059,0.3176,7,0.4667,74521.45,7.4521,57.1429,1.0761,7.5328
df4b3e8b,bull,s84|s6|s44|s46,4,0.0221114522,0.0144247529,1.5041,0.0,-5.4197,21,47.619,0.055698,9,0.4286,84679.36,8.4679,66.6667,0.9933,8.9394,4,0.1905,-55837.79,-5.5838,0.0,-1.4425,-5.7699,8,0.381,27436.91,2.7437,50.0,0.3843,3.0747
931744d9,bull,s46|s11|s41,3,0.0319212759,0.0160384343,9.031,0.0,-4.5914,17,47.0588,0.055599,5,0.2941,16429.92,1.643,40.0,0.3145,1.5727,5,0.2941,62308.31,6.2308,60.0,1.2737,6.3687,7,0.4118,27795.09,2.7795,42.8571,0.4516,3.161
61068b7d,bull,s88|s64|s55,3,0.035726816,0.008699862,7.2406,0.0,-5.1733,28,28.5714,0.055528,11,0.3929,35171.44,3.5171,27.2727,0.3417,3.7582,4,0.1429,8945.66,0.8946,25.0,0.2407,0.9627,13,0.4643,60771.41,6.0771,30.7692,0.497,6.4609
3a61bd84,bull,s15|s65|s41|s45,4,0.0227059581,0.0093132291,0.7456,0.0,-6.8735,30,36.6667,0.055417,9,0.3,101949.47,10.1949,66.6667,1.2033,10.8296,6,0.2,-22623.94,-2.2624,16.6667,-0.3977,-2.386,15,0.5,-14257.33,-1.4257,26.6667,-0.0775,-1.1622
56b5bd18,bull,s32|s10|s82|s38,4,0.0306429008,0.0154298978,6.128,0.0,-7.0816,21,42.8571,0.055372,7,0.3333,72209.7,7.221,57.1429,1.0897,7.6282,5,0.2381,13087.12,1.3087,40.0,0.2999,1.4996,9,0.4286,-3351.49,-0.3351,33.3333,-0.0072,-0.0651
ec5a32d3,bull,s24|s5|s1,3,0.0206366903,0.0128968166,-0.5369,0.0,-9.5612,27,44.4444,0.055351,14,0.5185,116337.36,11.6337,64.2857,0.866,12.1246,3,0.1111,-38077.03,-3.8077,0.0,-1.2897,-3.869,10,0.3704,-27521.72,-2.7522,30.0,-0.2837,-2.8368
295fe719,bull,s65|s30|s1|s75,4,0.0408400429,0.0128857844,14.7685,0.0,-5.8071,16,43.75,0.055329,6,0.375,138355.75,13.8356,66.6667,2.2931,13.7589,2,0.125,-25861.98,-2.5862,0.0,-1.2886,-2.5772,8,0.5,55473.06,5.5473,37.5,0.7261,5.8091
0659f052,bull,s91|s54|s42,3,0.0250732612,0.0122236183,2.8364,0.0,-7.1051,24,41.6667,0.055215,9,0.375,38518.71,3.8519,44.4444,0.4353,3.9175,5,0.2083,13504.25,1.3504,40.0,0.2695,1.3476,10,0.4167,24134.86,2.4135,40.0,0.2695,2.6951
a43be76d,bull,s43|s53|s12|s5|s8,5,0.032896638,0.0140318408,9.8857,0.0,-6.6624,18,44.4444,0.05504,5,0.2778,68102.74,6.8103,60.0,1.4125,7.0626,4,0.2222,39575.03,3.9575,50.0,0.9432,3.773,9,0.5,10315.13,1.0315,33.3333,0.1611,1.4499
26ffd541,bull,s40|s96,2,0.0264045559,0.0134604012,9.7813,0.0,-4.7795,14,57.1429,0.05494,6,0.4286,36222.84,3.6223,50.0,0.6472,3.8832,3,0.2143,40754.18,4.0754,66.6667,1.3116,3.9349,5,0.3571,50895.49,5.0895,60.0,1.0459,5.2293
6ec3e778,bull,s47|s30|s3,3,0.0288181159,0.0179333214,10.6149,0.0,-6.0161,14,57.1429,0.054835,5,0.3571,96513.32,9.6513,80.0,1.9468,9.7339,2,0.1429,11697.74,1.1698,50.0,0.5442,1.0885,7,0.5,12218.12,1.2218,42.8571,0.2103,1.4721
aa074fea,bull,s82|s74|s27,3,0.0394224951,0.0191909944,17.2643,0.0,-5.2699,12,58.3333,0.054779,2,0.1667,78555.28,7.8555,100.0,3.9422,7.8845,4,0.3333,104199.57,10.42,75.0,2.4769,9.9076,6,0.5,-1218.02,-0.1218,33.3333,0.0347,0.2081
e29b74da,bull,s46|s30,2,0.0226764764,0.0112970485,9.7374,0.0,-4.3295,13,61.5385,0.05475,7,0.5385,90040.8,9.0041,71.4286,1.297,9.0788,1,0.0769,-12044.21,-1.2044,0.0,-1.1297,-1.1297,5,0.3846,45793.46,4.5793,60.0,0.9087,4.5435
85c578d0,bull,s5|s70|s30|s1|s24,5,0.0329906277,0.0107208454,7.9255,0.0,-5.5682,22,36.3636,0.054599,6,0.2727,63788.58,6.3789,50.0,1.1135,6.6809,5,0.2273,33197.01,3.3197,40.0,0.6764,3.3819,11,0.5,11236.85,1.1237,27.2727,0.12,1.3205
f7dd6c59,bull,s74|s88|s2|s4|s94,5,0.0255144094,0.0119922024,2.8927,0.0,-7.6186,24,41.6667,0.054583,6,0.25,36180.34,3.618,50.0,0.6761,4.0567,4,0.1667,25482.79,2.5483,50.0,0.6761,2.7044,14,0.5833,17794.13,1.7794,35.7143,0.1403,1.9642
9d385abf,bull,s2|s74|s11,3,0.0269813801,0.0083190897,2.2012,0.0,-5.7173,33,30.303,0.054491,10,0.303,52811.44,5.2811,40.0,0.5801,5.8011,4,0.1212,-31868.11,-3.1868,0.0,-0.8319,-3.3276,19,0.5758,51217.93,5.1218,31.5789,0.2828,5.374
a2b1bb21,bull,s60|s91|s27,3,0.0550676297,0.0092870285,14.8346,0.0,-5.7849,22,27.2727,0.054473,3,0.1364,102731.19,10.2731,66.6667,3.3616,10.0848,6,0.2727,7587.33,0.7587,16.6667,0.1439,0.8632,13,0.5909,68567.14,6.8567,23.0769,0.5564,7.2333
d146d6e8,bull,s35|s1|s15|s93|s79,5,0.0308345236,0.0104639622,7.5995,0.0,-4.7677,20,40.0,0.054438,8,0.4,119398.1,11.9398,62.5,1.5348,12.2781,4,0.2,-683.96,-0.0684,25.0,-0.0139,-0.0557,8,0.4,-3413.77,-0.3414,25.0,-0.0139,-0.1115
3fd72f5a,bull,s39|s82|s32,3,0.0313529243,0.0166852499,4.6438,0.0,-5.9119,21,42.8571,0.054353,8,0.381,57226.22,5.7226,50.0,0.7334,5.8671,4,0.1905,25746.07,2.5746,50.0,0.7334,2.9335,9,0.4286,-10700.99,-1.0701,33.3333,-0.0673,-0.6053
b9eccd74,bull,s65|s3|s27,3,0.0235834238,0.0082696793,-0.6208,0.0,-8.6017,42,30.9524,0.054238,13,0.3095,19465.96,1.9466,30.7692,0.1531,1.9907,7,0.1667,35478.48,3.5478,42.8571,0.5382,3.7672,22,0.5238,7301.84,0.7302,27.2727,0.0418,0.9186
846471ce,bull,s9|s44,2,0.0275928908,0.0145307609,8.3872,0.0,-4.6996,16,50.0,0.054224,5,0.3125,50342.74,5.0343,60.0,1.0743,5.3717,1,0.0625,-14037.2,-1.4037,0.0,-1.4531,-1.4531,10,0.625,61986.69,6.1987,50.0,0.6531,6.5311
78b24b84,bull,s41|s15|s9|s78,4,0.0273184415,0.0177938423,6.1756,0.0,-8.0929,18,50.0,0.054153,7,0.3889,52023.22,5.2023,57.1429,0.7985,5.5892,4,0.2222,20834.47,2.0834,50.0,0.4762,1.9049,7,0.3889,7922.3,0.7922,42.8571,0.154,1.078
355f2ad2,bull,s82|s15|s74,3,0.0315814523,0.0125618288,9.4144,0.0,-7.2032,19,42.1053,0.054098,6,0.3158,55906.49,5.5906,50.0,0.951,5.7059,1,0.0526,-12135.15,-1.2135,0.0,-1.2562,-1.2562,12,0.6316,66688.91,6.6689,41.6667,0.5831,6.9974
fe7210be,bull,s45|s11|s58,3,0.0222138066,0.0131436007,-0.9404,0.0,-6.4072,26,42.3077,0.054049,9,0.3462,54544.3,5.4544,55.5556,0.6499,5.8495,5,0.1923,-28969.71,-2.897,20.0,-0.6072,-3.0361,12,0.4615,16488.88,1.6489,41.6667,0.1589,1.9064
59c8a916,bull,s32|s91|s21,3,0.0265647559,0.0114264104,3.6188,0.0,-8.6492,26,38.4615,0.054034,9,0.3462,45784.96,4.5785,44.4444,0.5459,4.9127,5,0.1923,55066.67,5.5067,60.0,1.1368,5.6841,12,0.4615,-27226.61,-2.7227,25.0,-0.1929,-2.3143
80832acf,bull,s95|s84|s33|s64,4,0.0301883434,0.0147117619,10.4481,0.0,-7.6938,16,50.0,0.053988,4,0.25,26744.39,2.6744,50.0,0.7738,3.0953,4,0.25,-13446.41,-1.3446,25.0,-0.3487,-1.3947,8,0.5,106436.65,10.6437,62.5,1.3351,10.6806
54defbbf,bull,s60|s68|s40,3,0.0212312031,0.0126573768,7.6468,0.0,-3.0464,13,61.5385,0.053577,4,0.3077,15045.47,1.5045,50.0,0.4287,1.7148,2,0.1538,8587.65,0.8588,50.0,0.4287,0.8574,7,0.5385,80631.08,8.0631,71.4286,1.1549,8.0841
2f5433b3,bull,s64|s59|s9,3,0.0271940487,0.011721733,2.0474,0.0,-9.8772,29,37.931,0.053564,11,0.3793,63722.7,6.3723,45.4545,0.5967,6.564,6,0.2069,44760.96,4.4761,50.0,0.7736,4.6417,12,0.4138,-28657.09,-2.8657,25.0,-0.1993,-2.3913
1e8fc911,bull,s24|s12|s27,3,0.0422101378,0.0133820589,12.8147,0.0,-6.4376,18,38.8889,0.053501,5,0.2778,43452.87,4.3453,40.0,0.8855,4.4274,3,0.1667,17336.06,1.7336,33.3333,0.5149,1.5446,10,0.5556,85295.78,8.5296,40.0,0.8855,8.8548
805fac06,bull,s15|s42|s2,3,0.0282469438,0.0137103302,8.0536,0.0,-5.3676,17,47.0588,0.053478,4,0.2353,68621.94,6.8622,75.0,1.7758,7.1031,2,0.1176,-26960.61,-2.6961,0.0,-1.371,-2.7421,11,0.6471,55525.02,5.5525,45.4545,0.5361,5.8973
8025cad6,bull,s73|s7|s79,3,0.0375880544,0.0096514538,11.8484,0.0,-5.786,19,36.8421,0.053414,8,0.4211,63801.24,6.3801,37.5,0.8063,6.4507,4,0.2105,8647.99,0.8648,25.0,0.2158,0.8634,7,0.3684,70810.84,7.0811,42.8571,1.0594,7.4158
7abab1bb,bull,s7|s24|s39|s41,4,0.038213735,0.0123869367,12.6654,0.0,-5.8164,17,41.1765,0.053292,5,0.2941,39913.61,3.9914,40.0,0.7853,3.9267,4,0.2353,1992.92,0.1993,25.0,0.0263,0.1053,8,0.4706,100444.52,10.0445,50.0,1.2913,10.3307
181fdc49,bull,s54|s8|s46,3,0.0255988765,0.0119383426,7.454,0.0,-4.48,16,50.0,0.05324,5,0.3125,125638.07,12.5638,100.0,2.5599,12.7994,5,0.3125,15627.74,1.5628,40.0,0.3077,1.5383,6,0.375,-34783.23,-3.4783,16.6667,-0.5682,-3.4093
d5cd1fa4,bull,s6|s92|s41,3,0.0233699998,0.0082011935,0.5196,0.0,-7.2217,33,33.3333,0.053073,13,0.3939,46930.55,4.6931,38.4615,0.3942,5.124,9,0.2727,18812.72,1.8813,33.3333,0.2323,2.0903,11,0.3333,2379.02,0.2379,27.2727,0.0409,0.45
5743fb82,bull,s6|s88|s78,3,0.0266452963,0.011396838,6.0081,0.0,-8.8985,22,40.9091,0.052828,10,0.4545,78722.54,7.8723,50.0,0.7624,7.6242,5,0.2273,56568.5,5.6568,60.0,1.1428,5.7142,7,0.3182,-46275.31,-4.6275,14.2857,-0.5962,-4.1736
dc06d41a,bull,s5|s64|s38|s12,4,0.0293270826,0.0189780541,8.5427,0.0,-6.0325,15,53.3333,0.052822,4,0.2667,66595.83,6.6596,75.0,1.7251,6.9003,5,0.3333,3227.74,0.3228,40.0,0.0344,0.172,6,0.4,28541.6,2.8542,50.0,0.5175,3.1047
9961ab18,bull,s84|s69|s54,3,0.0204678694,0.0134733859,-1.479,0.0,-10.0526,27,44.4444,0.05252,13,0.4815,59019.43,5.9019,53.8462,0.4803,6.2435,5,0.1852,-33490.06,-3.349,20.0,-0.6685,-3.3426,9,0.3333,12106.7,1.2107,44.4444,0.1612,1.4505
036d10f8,bull,s69|s96|s30,3,0.0385358935,0.0085716976,9.5261,0.0,-5.1068,23,30.4348,0.052481,6,0.2609,40752.7,4.0753,33.3333,0.7131,4.2785,6,0.2609,42922.6,4.2923,33.3333,0.7131,4.2785,11,0.4783,43865.04,4.3865,27.2727,0.4276,4.7034
e0a16405,bull,s46|s14|s79|s3,4,0.0344683975,0.0149078734,14.1986,0.0,-4.4262,12,58.3333,0.052444,2,0.1667,68663.94,6.8664,100.0,3.4468,6.8937,4,0.3333,91766.05,9.1766,75.0,2.2124,8.8497,6,0.5,6792.08,0.6792,33.3333,0.1551,0.9305
f25e6b4e,bull,s74|s88|s55|s58|s7,5,0.0256472772,0.0103708576,1.6657,0.0,-6.9565,27,37.037,0.052328,11,0.4074,26570.68,2.6571,36.3636,0.2727,2.9993,2,0.0741,14200.54,1.4201,50.0,0.7638,1.5276,14,0.5185,31532.4,3.1532,35.7143,0.2493,3.4899
7adba693,bull,s75|s82|s27,3,0.048016012,0.0088602452,14.5861,0.0,-5.2129,19,31.5789,0.052228,5,0.2632,69556.73,6.9557,40.0,1.389,6.9451,5,0.2632,12534.32,1.2534,20.0,0.2515,1.2575,9,0.4737,87410.45,8.741,33.3333,1.0099,9.0887
f3b713f8,bull,s95|s38|s64,3,0.0317392049,0.0183876494,7.0177,0.0,-5.3284,17,47.0588,0.052109,5,0.2941,7165.55,0.7166,40.0,0.1663,0.8315,5,0.2941,56152.05,5.6152,60.0,1.1688,5.8442,7,0.4118,17518.17,1.7518,42.8571,0.3095,2.1667
4bafd704,bull,s30|s3|s73|s9,4,0.0275949239,0.0177575432,8.3762,0.0,-6.3432,14,57.1429,0.052053,5,0.3571,45809.5,4.5809,60.0,0.9454,4.727,3,0.2143,37995.81,3.7996,66.6667,1.2477,3.7432,6,0.4286,28097.71,2.8098,50.0,0.4919,2.9512
b283dfe3,bull,s91|s94|s30,3,0.0591444891,0.0168552464,16.7391,0.0,-5.6251,16,37.5,0.052026,5,0.3125,148385.24,14.8385,60.0,2.8745,14.3723,3,0.1875,24742.14,2.4742,33.3333,0.8478,2.5434,8,0.5,12415.94,1.2416,25.0,0.2145,1.7157
96cd6b08,bull,s10|s38|s94,3,0.0292152951,0.0134984884,6.0372,0.0,-4.6144,19,42.1053,0.051916,7,0.3684,32767.73,3.2768,42.8571,0.4807,3.3652,5,0.2632,17761.68,1.7762,40.0,0.3587,1.7935,7,0.3684,29411.49,2.9411,42.8571,0.4807,3.3652
10a42d8b,bull,s8|s65|s94|s88,4,0.0195825035,0.0081157322,-0.9243,0.0,-6.3513,31,35.4839,0.051894,10,0.3226,54728.15,5.4728,50.0,0.5733,5.7334,5,0.1613,13798.64,1.3799,40.0,0.2964,1.4818,16,0.5161,-18228.35,-1.8228,25.0,-0.1191,-1.9059
a2119f72,bull,s9|s82|s26,3,0.0350529504,0.0138693535,12.3294,0.0,-5.5137,15,46.6667,0.051833,3,0.2,55263.8,5.5264,66.6667,1.8746,5.6237,4,0.2667,43285.84,4.3286,50.0,1.0592,4.2367,8,0.5333,32155.11,3.2155,37.5,0.4477,3.5812
8a737076,bull,s91|s64|s84,3,0.0619136517,0.0168433869,15.9274,0.0,-5.8086,17,35.2941,0.051736,6,0.3529,55140.77,5.5141,33.3333,0.9409,5.6454,3,0.1765,28796.67,2.8797,33.3333,0.9409,2.8227,8,0.4706,94485.3,9.4485,37.5,1.2691,10.1524
5526adc3,bull,s46|s54|s78|s43,4,0.0220219993,0.0146450266,7.3923,0.0,-5.0704,13,61.5385,0.051733,5,0.3846,71167.62,7.1168,80.0,1.4689,7.3443,3,0.2308,-7093.85,-0.7094,33.3333,-0.2423,-0.7268,5,0.3846,35979.58,3.598,60.0,0.7355,3.6776
fb0f7b26,bull,s95|s10|s26,3,0.0264760456,0.0140219503,6.3602,0.0,-4.7618,16,50.0,0.05157,6,0.375,34987.75,3.4988,50.0,0.6227,3.7362,3,0.1875,39751.37,3.9751,66.6667,1.2977,3.893,7,0.4375,20682.0,2.0682,42.8571,0.3334,2.334
eca789a5,bull,s14|s54|s36,3,0.0279905366,0.0120130838,6.0332,0.0,-4.7766,18,44.4444,0.051529,6,0.3333,85263.44,8.5263,66.6667,1.4656,8.7936,3,0.1667,4201.81,0.4202,33.3333,0.1321,0.3964,9,0.5,8586.4,0.8586,33.3333,0.1321,1.1893
1001f4f9,bull,s15|s60|s93,3,0.0348772989,0.0135794538,11.4464,0.0,-4.761,15,46.6667,0.051451,5,0.3333,173846.6,17.3847,100.0,3.4877,17.4386,3,0.2,-41862.34,-4.1862,0.0,-1.3579,-4.0738,7,0.4667,-1955.5,-0.1956,28.5714,0.0265,0.1857
fce421ea,bull,s4|s64|s45|s15|s44,5,0.0287274269,0.0115352481,5.7717,0.0,-4.7689,19,42.1053,0.051336,6,0.3158,88365.54,8.8366,66.6667,1.5307,9.1839,4,0.2105,-5633.11,-0.5633,25.0,-0.147,-0.5878,9,0.4737,14699.05,1.4699,33.3333,0.1886,1.6971
0459378b,bull,s73|s7|s8|s96|s83,5,0.0567236608,0.0115343931,13.2837,0.0,-5.626,21,28.5714,0.051228,4,0.1905,91763.12,9.1763,50.0,2.2595,9.0379,5,0.2381,9986.42,0.9986,20.0,0.2117,1.0586,12,0.5714,59229.32,5.9229,25.0,0.553,6.6361
e05ca6c5,bull,s24|s74|s26,3,0.0251844031,0.0132530174,3.6786,0.0,-7.1234,21,42.8571,0.051205,8,0.381,84584.27,8.4584,62.5,1.077,8.6163,2,0.0952,-25487.57,-2.5488,0.0,-1.3253,-2.6506,11,0.5238,5520.75,0.5521,36.3636,0.0724,0.7966
8a0193fe,bull,s64|s15|s3|s88|s94,5,0.0318815025,0.0128465313,6.7076,0.0,-6.4577,21,38.0952,0.051132,10,0.4762,49283.94,4.9284,40.0,0.5045,5.0447,3,0.1429,5993.81,0.5994,33.3333,0.2063,0.6188,8,0.381,30975.68,3.0976,37.5,0.3926,3.1412
93858ef9,bull,s65|s58|s26,3,0.0401841618,0.0149108344,10.8018,0.0,-4.9289,16,43.75,0.051095,4,0.25,163775.14,16.3775,100.0,4.0184,16.0737,4,0.25,-62640.72,-6.2641,0.0,-1.4911,-5.9643,8,0.5,41780.86,4.1781,37.5,0.575,4.5998
a1f03dfb,bull,s82|s95|s64|s36,4,0.0415490228,0.0121112869,10.152,0.0,-6.3611,21,33.3333,0.05104,8,0.381,115265.77,11.5266,50.0,1.4719,11.7751,3,0.1429,-35944.38,-3.5944,0.0,-1.2111,-3.6334,10,0.4762,35514.36,3.5514,30.0,0.3987,3.9868
3c9234c6,bull,s47|s33|s26,3,0.0280353568,0.0134684669,15.3886,0.0,-3.7774,9,77.7778,0.05104,3,0.3333,85507.31,8.5507,100.0,2.8035,8.4106,2,0.2222,58569.48,5.8569,100.0,2.8035,5.6071,4,0.4444,28487.04,2.8487,50.0,0.7283,2.9134
a32702f9,bull,s36|s1|s27,3,0.0290829098,0.0158047185,6.9161,0.0,-6.2531,17,47.0588,0.051028,6,0.3529,83014.67,8.3015,66.6667,1.412,8.4722,1,0.0588,-15267.89,-1.5268,0.0,-1.5805,-1.5805,10,0.5882,17524.33,1.7524,40.0,0.215,2.1503
d1561b34,bull,s33|s74|s7,3,0.0561203561,0.0109574494,14.6034,0.0,-7.5998,21,28.5714,0.050958,5,0.2381,80489.6,8.049,40.0,1.5874,7.9368,5,0.2381,11994.73,1.1995,20.0,0.2458,1.2291,11,0.5238,82760.63,8.2761,27.2727,0.7336,8.0701
cbff1e1a,bull,s24|s59|s33,3,0.0244655314,0.0127419418,6.0069,0.0,-4.9806,16,50.0,0.050907,6,0.375,144755.08,14.4755,100.0,2.4466,14.6793,2,0.125,-25056.32,-2.5056,0.0,-1.2742,-2.5484,8,0.5,-27926.85,-2.7927,25.0,-0.344,-2.7521
159ea46f,bull,s63|s96|s42|s24,4,0.0306443435,0.0152044938,11.1813,0.0,-3.63,13,53.8462,0.050797,4,0.3077,120086.48,12.0086,100.0,3.0644,12.2577,1,0.0769,-14688.05,-1.4688,0.0,-1.5204,-1.5204,8,0.6154,14959.47,1.4959,37.5,0.1989,1.5911
c2ba9187,bull,s60|s69|s14|s88,4,0.0395363207,0.0110352233,10.5104,0.0,-6.6874,20,35.0,0.050792,6,0.3,134609.41,13.4609,66.6667,2.2679,13.6075,4,0.2,-44878.87,-4.4879,0.0,-1.1035,-4.4141,10,0.5,36566.3,3.6566,30.0,0.4136,4.1362
321fd7ba,bull,s40|s35|s8|s34|s94,5,0.0362688664,0.0146498761,6.9572,0.0,-7.1018,21,38.0952,0.05074,8,0.381,34228.28,3.4228,37.5,0.4445,3.5557,5,0.2381,27279.75,2.728,40.0,0.5718,2.8588,8,0.381,31905.79,3.1906,37.5,0.4445,3.5557
13473300,bull,s91|s38|s43|s60,4,0.0312980523,0.0183773634,6.7589,0.0,-6.3506,17,47.0588,0.050714,5,0.2941,55156.24,5.5156,60.0,1.1428,5.7139,4,0.2353,27799.44,2.7799,50.0,0.646,2.5841,8,0.4706,-2126.91,-0.2127,37.5,0.0251,0.2007
f4a8c35c,bull,s74|s79|s41,3,0.0316242578,0.0104493762,5.2049,0.0,-9.0864,27,33.3333,0.050523,8,0.2963,82597.74,8.2598,50.0,1.0587,8.47,5,0.1852,-9949.09,-0.9949,20.0,-0.2035,-1.0173,14,0.5185,19336.8,1.9337,28.5714,0.1572,2.2003
b7dd7aee,bull,s3|s84|s27,3,0.0444777049,0.0102317508,14.7824,0.0,-5.5275,17,35.2941,0.050466,5,0.2941,55804.84,5.5805,40.0,1.1652,5.826,4,0.2353,14505.1,1.4505,25.0,0.3446,1.3782,8,0.4706,81943.92,8.1944,37.5,1.0284,8.2274
e5cecd1b,bull,s35|s24|s75|s82,4,0.0327371675,0.0143306001,11.3884,0.0,-5.1119,14,50.0,0.050461,5,0.3571,115307.14,11.5307,80.0,2.3324,11.6618,1,0.0714,-13843.84,-1.3844,0.0,-1.4331,-1.4331,8,0.5714,23467.46,2.3467,37.5,0.332,2.6559
cb30a79f,bull,s35|s30|s96|s91,4,0.0283770576,0.0098431215,4.8123,0.0,-4.8074,23,34.7826,0.05022,6,0.2609,54125.65,5.4126,50.0,0.9267,5.5602,4,0.1739,36486.46,3.6486,50.0,0.9267,3.7068,13,0.5652,-14772.11,-1.4772,23.0769,-0.1023,-1.33
be4e5aa5,bull,s82|s44,2,0.033295203,0.017591743,6.3794,0.0,-6.4611,18,44.4444,0.050208,6,0.3333,95400.47,9.54,66.6667,1.6333,9.7997,3,0.1667,-1675.73,-0.1676,33.3333,-0.0629,-0.1888,9,0.5,-8855.22,-0.8855,33.3333,-0.0629,-0.5665
d21df41c,bull,s83|s87|s44,3,0.0227301145,0.01129907,5.5856,0.0,-5.2712,16,50.0,0.050089,9,0.5625,65158.09,6.5158,55.5556,0.7606,6.8454,2,0.125,10588.01,1.0588,50.0,0.5716,1.1431,5,0.3125,11159.15,1.1159,40.0,0.2313,1.1563
bdd53d87,bull,s69|s1,2,0.0342231633,0.0136766867,9.7764,0.0,-4.661,16,43.75,0.050039,8,0.5,127649.65,12.765,62.5,1.6261,13.0086,1,0.0625,-13212.14,-1.3212,0.0,-1.3677,-1.3677,7,0.4375,-2590.73,-0.2591,28.5714,0.0009,0.0063
95427aca,bull,s54|s42|s26,3,0.0448140506,0.0112717937,17.7593,0.0,-4.2589,12,50.0,0.049983,5,0.4167,173015.53,17.3016,80.0,3.3597,16.7984,2,0.1667,-23645.83,-2.3646,0.0,-1.1272,-2.2544,5,0.4167,53590.63,5.3591,40.0,1.1163,5.5813
5eb750c1,bull,s5|s10|s46,3,0.0316863561,0.0146438691,6.4137,0.0,-6.8453,19,42.1053,0.049945,8,0.4211,110013.23,11.0013,62.5,1.4313,11.45,4,0.2105,33548.67,3.3549,50.0,0.8521,3.4085,7,0.3684,-58815.44,-5.8815,14.2857,-0.8025,-5.6177
26ee5938,bull,s70|s65|s27,3,0.0353409075,0.0149244183,10.9471,0.0,-5.7797,15,46.6667,0.049935,3,0.2,52106.57,5.2107,66.6667,1.8586,5.5757,5,0.3333,27334.23,2.7334,40.0,0.5182,2.5909,7,0.4667,43051.94,4.3052,42.8571,0.6618,4.6325
78d3d377,bull,s75|s82|s35|s70|s8,5,0.0372255888,0.0140017167,9.8907,0.0,-5.4217,17,41.1765,0.049921,4,0.2353,43368.36,4.3368,50.0,1.1612,4.6448,5,0.2941,31291.02,3.1291,40.0,0.6489,3.2446,8,0.4706,40673.54,4.0674,37.5,0.5209,4.1668
305ef6bd,bull,s87|s39|s10,3,0.0287007073,0.0159533108,3.8289,0.0,-8.4387,21,42.8571,0.0498,8,0.381,51470.21,5.147,50.0,0.6374,5.099,5,0.2381,9866.17,0.9866,40.0,0.1908,0.9541,8,0.381,2282.43,0.2282,37.5,0.0792,0.6336
8dacde81,bull,s68|s39|s27,3,0.039796648,0.0125154444,11.2435,0.0,-7.7798,18,38.8889,0.049788,5,0.2778,38116.39,3.8116,40.0,0.8409,4.2047,3,0.1667,16665.26,1.6665,33.3333,0.4922,1.4766,10,0.5556,79617.01,7.9617,40.0,0.8409,8.4094
5a8ebbc4,bull,s30|s14|s11,3,0.0375009304,0.0184716835,11.5635,0.0,-6.1664,14,50.0,0.049771,3,0.2143,52574.58,5.2575,66.6667,1.8843,5.653,4,0.2857,-17543.13,-1.7543,25.0,-0.4479,-1.7914,7,0.5,91654.6,9.1655,57.1429,1.3513,9.4589
7d9822e3,bull,s48|s30|s27,3,0.0514895144,0.0088235018,12.4805,0.0,-6.7006,23,26.087,0.049717,5,0.2174,76957.99,7.6958,40.0,1.5302,7.6509,5,0.2174,16201.79,1.6202,20.0,0.3239,1.6196,13,0.5652,63948.02,6.3948,23.0769,0.5095,6.6234
72ae2e5b,bull,s43|s12|s27,3,0.0442203429,0.0114182051,16.0704,0.0,-5.1062,14,42.8571,0.04971,3,0.2143,78781.88,7.8782,66.6667,2.5674,7.7022,3,0.2143,21831.56,2.1832,33.3333,0.7128,2.1384,8,0.5714,72943.6,7.2944,37.5,0.9446,7.557
15306f6e,bull,s82|s14,2,0.026715708,0.0104133413,5.7904,0.0,-6.2277,19,42.1053,0.049702,5,0.2632,93525.87,9.3526,80.0,1.929,9.6449,3,0.1579,6123.95,0.6124,33.3333,0.1963,0.5889,11,0.5789,-4639.48,-0.4639,27.2727,-0.0287,-0.316
418f86d5,bull,s35|s30|s27,3,0.0485438948,0.0176726626,17.5274,0.0,-4.3813,12,50.0,0.049672,2,0.1667,29534.9,2.9535,50.0,1.5436,3.0871,4,0.3333,63843.33,6.3843,50.0,1.5436,6.1742,6,0.5,91161.81,9.1162,50.0,1.5436,9.2614
de4007b7,bull,s44|s47|s60,3,0.034143223,0.0137235395,9.331,0.0,-4.5622,16,43.75,0.049564,6,0.375,153701.27,15.3701,83.3333,2.6165,15.6993,1,0.0625,-13267.18,-1.3267,0.0,-1.3724,-1.3724,9,0.5625,-30144.67,-3.0145,22.2222,-0.3086,-2.7778
fd9ea937,bull,s75|s58|s34|s7,4,0.0348171585,0.016950456,10.8097,0.0,-5.4095,14,50.0,0.049563,5,0.3571,122855.17,12.2855,80.0,2.4464,12.2318,3,0.2143,-52116.28,-5.2116,0.0,-1.695,-5.0851,6,0.4286,50869.16,5.0869,50.0,0.8933,5.36
8f745505,bull,s36|s10|s27,3,0.0368457147,0.0087119472,8.6464,0.0,-6.0662,23,30.4348,0.049538,9,0.3913,11015.02,1.1015,22.2222,0.1412,1.2708,4,0.1739,57599.85,5.76,50.0,1.4067,5.6268,10,0.4348,45867.63,4.5868,30.0,0.4955,4.9554
09e641cf,bull,s41|s24|s30|s1|s44,5,0.0363607466,0.0143818689,10.2762,0.0,-5.8774,16,43.75,0.049511,4,0.25,91094.72,9.1095,75.0,2.3675,9.47,2,0.125,-29168.35,-2.9168,0.0,-1.4382,-2.8764,10,0.625,55731.58,5.5732,40.0,0.5915,5.9152
d8adb268,bull,s88|s7|s27,3,0.0457997884,0.0149024706,16.5823,0.0,-4.7954,13,46.1538,0.049505,4,0.3077,62170.56,6.2171,50.0,1.5449,6.1795,2,0.1538,32490.43,3.249,50.0,1.5449,3.0897,7,0.5385,76852.57,7.6853,42.8571,1.1113,7.7789
f5fae546,bull,s96|s41,2,0.0447425527,0.0118870206,14.6248,0.0,-4.5291,15,40.0,0.049474,3,0.2,76714.69,7.6715,66.6667,2.5866,7.7598,3,0.2,23635.0,2.3635,33.3333,0.699,2.0969,9,0.6,57912.38,5.7912,33.3333,0.699,6.2906
47238353,bull,s30|s65|s27,3,0.0466177271,0.0186093979,18.5973,0.0,-4.47,11,54.5455,0.049415,2,0.1818,26545.47,2.6545,50.0,1.4004,2.8008,4,0.3636,64773.05,6.4773,50.0,1.4004,5.6017,5,0.4545,102134.14,10.2134,60.0,2.0527,10.2634
0a947649,bull,s88|s96,2,0.0438584897,0.0184383752,21.4133,0.0,-4.0537,9,66.6667,0.049229,2,0.2222,91356.33,9.1356,100.0,4.3858,8.7717,4,0.4444,51381.3,5.1381,50.0,1.271,5.084,3,0.3333,74218.5,7.4218,66.6667,2.3093,6.9279
2653fdc8,bull,s4|s74|s46,3,0.0360580092,0.012771607,9.9526,0.0,-5.8017,16,43.75,0.04917,3,0.1875,110517.91,11.0518,100.0,3.6058,10.8174,5,0.3125,-16539.98,-1.654,20.0,-0.3006,-1.5028,8,0.5,40253.62,4.0254,37.5,0.5539,4.4316
666b76ea,bull,s48|s33|s91|s36|s5,5,0.0395754737,0.0175854565,11.4205,0.0,-7.318,15,46.6667,0.049118,4,0.2667,99007.59,9.9008,75.0,2.5285,10.1141,5,0.3333,26865.26,2.6865,40.0,0.5279,2.6395,6,0.4,2922.4,0.2922,33.3333,0.1468,0.8809
02f9cc59,bull,s42|s64|s68,3,0.032906241,0.0193914327,12.3285,0.0,-6.5713,12,58.3333,0.049104,3,0.25,-10938.2,-1.0938,33.3333,-0.1959,-0.5877,3,0.25,101130.88,10.1131,100.0,3.2906,9.8719,6,0.5,39312.72,3.9313,50.0,0.6757,4.0544
2c239edc,bull,s79|s15|s1,3,0.03926555,0.0081802524,8.9952,0.0,-7.3537,25,28.0,0.04896,12,0.48,139309.06,13.9309,41.6667,1.1589,13.9066,2,0.08,-16859.46,-1.6859,0.0,-0.818,-1.6361,11,0.44,-770.69,-0.0771,18.1818,0.0446,0.4909
54360a5e,bull,s64|s74|s27,3,0.0515062173,0.0180368829,17.3772,0.0,-6.6547,13,46.1538,0.048882,4,0.3077,66876.0,6.6876,50.0,1.6735,6.6939,2,0.1538,35110.64,3.5111,50.0,1.6735,3.3469,7,0.5385,83192.6,8.3193,42.8571,1.1767,8.2371
b4d3d88f,bull,s35|s58|s68|s8,4,0.0208279625,0.0095950033,-2.4256,0.0,-6.0008,31,35.4839,0.048823,12,0.3871,92004.01,9.2004,58.3333,0.8152,9.7821,5,0.1613,-45677.03,-4.5677,0.0,-0.9595,-4.7975,14,0.4516,-12268.45,-1.2268,28.5714,-0.0903,-1.2638
f3307228,bull,s9|s30|s15,3,0.0333013725,0.0084437199,7.6111,0.0,-5.0947,22,31.8182,0.048671,5,0.2273,122494.78,12.2495,80.0,2.4952,12.4762,5,0.2273,40177.75,4.0178,40.0,0.8254,4.1272,12,0.5455,-62675.7,-6.2676,8.3333,-0.4965,-5.958
1c070e83,bull,s54|s42|s69|s44,4,0.022284631,0.0139472203,-0.872,0.0,-7.0566,23,43.4783,0.048657,10,0.4348,72530.84,7.2531,60.0,0.7792,7.7919,4,0.1739,-53962.95,-5.3963,0.0,-1.3947,-5.5789,9,0.3913,16814.2,1.6814,44.4444,0.2156,1.9402
8f6ab6b7,bull,s60|s87|s4|s94|s43,5,0.0290116401,0.0173881965,5.5508,0.0,-6.7613,17,47.0588,0.048653,7,0.4118,62189.78,6.219,57.1429,0.9126,6.3882,4,0.2353,-23955.29,-2.3955,25.0,-0.5788,-2.3153,6,0.3529,33699.52,3.37,50.0,0.5812,3.487
f0517101,bull,s4|s55|s7,3,0.035958113,0.0129091455,10.1769,0.0,-7.0934,17,41.1765,0.048605,5,0.2941,30316.16,3.0316,40.0,0.6638,3.3189,5,0.2941,34925.37,3.4925,40.0,0.6638,3.3189,7,0.4118,53360.71,5.3361,42.8571,0.8034,5.6238
574b379a,bull,s6|s33|s46,3,0.0266116421,0.0139943193,4.9979,0.0,-6.2422,18,44.4444,0.048455,8,0.4444,87188.94,8.7189,62.5,1.1384,9.1075,4,0.2222,25048.89,2.5049,50.0,0.6309,2.5235,6,0.3333,-44318.85,-4.4319,16.6667,-0.7227,-4.336
56cea30c,bull,s55|s58|s73|s69,4,0.0244398389,0.0137973168,5.0624,0.0,-6.4243,16,50.0,0.048313,6,0.375,66664.16,6.6664,66.6667,1.1694,7.0165,2,0.125,11673.53,1.1674,50.0,0.5321,1.0643,8,0.5,3932.36,0.3932,37.5,0.0542,0.4333
40dfa2a9,bull,s93|s14|s84,3,0.0312728668,0.0192424352,11.1272,0.0,-6.1661,12,58.3333,0.048242,6,0.5,32328.41,3.2328,50.0,0.6015,3.6091,1,0.0833,-18776.61,-1.8777,0.0,-1.9242,-1.9242,5,0.4167,104751.46,10.4751,80.0,2.117,10.5849
fe1475eb,bull,s35|s87|s6,3,0.0271368793,0.013147462,4.5314,0.0,-5.8725,18,44.4444,0.048183,7,0.3889,145710.1,14.571,85.7143,2.1382,14.9674,4,0.2222,-14306.23,-1.4306,25.0,-0.3076,-1.2306,7,0.3889,-51596.93,-5.1597,14.2857,-0.7393,-5.1748
a1b8d1a0,bull,s41|s2|s78,3,0.0238794734,0.0097067287,-1.2423,0.0,-11.4309,38,34.2105,0.048161,12,0.3158,81456.82,8.1457,50.0,0.7086,8.5036,7,0.1842,10.83,0.0011,28.5714,-0.0111,-0.0775,19,0.5,-19671.58,-1.9672,26.3158,-0.0868,-1.6497
3bf3fea8,bull,s95|s59|s33|s36,4,0.045755685,0.0140527911,16.2769,0.0,-4.8301,12,50.0,0.048148,5,0.4167,109459.28,10.9459,60.0,2.1832,10.9161,1,0.0833,-14524.7,-1.4525,0.0,-1.4053,-1.4053,6,0.5,92863.59,9.2864,50.0,1.5851,9.5109
58601de9,bull,s88|s93|s64|s96,4,0.026718014,0.0169997785,9.1549,0.0,-3.7003,12,58.3333,0.048124,2,0.1667,51571.91,5.1572,100.0,2.6718,5.3436,5,0.4167,570.63,0.0571,40.0,0.0487,0.2437,5,0.4167,46028.12,4.6028,60.0,0.9231,4.6154
4e428509,bull,s94|s11|s27,3,0.04748661,0.0090212821,11.4885,0.0,-5.6987,21,28.5714,0.04812,6,0.2857,55805.04,5.5805,33.3333,0.9815,5.8888,3,0.1429,30954.67,3.0955,33.3333,0.9815,2.9444,12,0.5714,56983.69,5.6984,25.0,0.5106,6.1268
70c43abc,bull,s78|s64|s74,3,0.0398106774,0.0100303936,9.3045,0.0,-7.789,22,31.8182,0.048094,7,0.3182,24484.7,2.4485,28.5714,0.421,2.9469,5,0.2273,50421.82,5.0422,40.0,0.9906,4.953,10,0.4545,45578.64,4.5579,30.0,0.4922,4.9219
7de7894d,bull,s84|s34|s27,3,0.0532621299,0.0175652358,13.9442,0.0,-5.301,15,40.0,0.047962,4,0.2667,71757.9,7.1758,50.0,1.7848,7.1394,4,0.2667,70069.17,7.0069,50.0,1.7848,7.1394,7,0.4667,13070.08,1.307,28.5714,0.2671,1.8698
2f8d81ca,bull,s82|s73|s58,3,0.0418366919,0.0131243268,8.0791,0.0,-5.882,20,35.0,0.047868,8,0.4,115610.97,11.5611,50.0,1.4356,11.4849,3,0.15,-39886.3,-3.9886,0.0,-1.3124,-3.9373,9,0.45,44554.98,4.4555,33.3333,0.5196,4.6764
1a1f6c8c,bull,s65|s4|s8|s24,4,0.0294401592,0.0107008246,3.8249,0.0,-5.222,22,36.3636,0.047839,6,0.2727,133173.93,13.3174,83.3333,2.275,13.65,6,0.2727,-24000.38,-2.4,16.6667,-0.4011,-2.4064,10,0.4545,-27769.43,-2.7769,20.0,-0.2673,-2.6726
f0e99091,bull,s24|s6,2,0.0242511989,0.0142629136,4.0609,0.0,-5.7165,16,50.0,0.04771,8,0.5,110964.97,11.0965,75.0,1.4623,11.6981,1,0.0625,-13778.45,-1.3778,0.0,-1.4263,-1.4263,7,0.4375,-21605.59,-2.1606,28.5714,-0.3259,-2.2812
8e8c828b,bull,s5|s10|s93,3,0.030485897,0.012343961,5.2121,0.0,-7.2568,21,38.0952,0.047613,10,0.4762,86334.87,8.6335,50.0,0.9071,9.071,4,0.1905,37943.48,3.7943,50.0,0.9071,3.6284,7,0.3333,-46019.17,-4.6019,14.2857,-0.6225,-4.3578
5719f221,bull,s44|s83|s9|s43,4,0.03748155,0.0182961415,9.8197,0.0,-6.9005,15,46.6667,0.047573,5,0.3333,74332.87,7.4333,60.0,1.517,7.5852,3,0.2,671.94,0.0672,33.3333,0.0296,0.0889,7,0.4667,36141.61,3.6142,42.8571,0.5609,3.926
fc3c6291,bull,s42|s87|s83|s36,4,0.0417881487,0.0171066657,23.3959,0.0,-4.0854,7,85.7143,0.047386,3,0.4286,134083.38,13.4083,100.0,4.1788,12.5364,0,0.0,0.0,0.0,0.0,0.0,0.0,4,0.5714,114317.92,11.4318,75.0,2.7064,10.8258
07b10abe,bull,s64|s9|s48,3,0.0234688484,0.0104436918,-0.7378,0.0,-11.4503,33,36.3636,0.047381,12,0.3636,75162.56,7.5163,50.0,0.6513,7.8151,7,0.2121,-4412.78,-0.4413,28.5714,-0.0754,-0.5281,14,0.4242,-13913.63,-1.3914,28.5714,-0.0754,-1.0562
1038415c,bull,s40|s87|s27,3,0.0431017076,0.0168893984,19.2919,0.0,-4.7544,9,66.6667,0.047323,2,0.2222,89594.48,8.9594,100.0,4.3102,8.6203,2,0.2222,27790.83,2.7791,50.0,1.3106,2.6212,5,0.5556,97150.5,9.715,60.0,1.9105,9.5526
fbe19e04,bull,s93|s68|s27,3,0.0241185257,0.0159975958,9.5734,0.0,-4.0957,10,70.0,0.047201,6,0.6,103231.29,10.3231,83.3333,1.7433,10.4595,0,0.0,0.0,0.0,0.0,0.0,0.0,4,0.4,14694.03,1.4694,50.0,0.406,1.6242
06787bb1,bull,s82|s15|s44|s88|s36,5,0.0377898017,0.0185272848,9.3568,0.0,-6.7946,15,46.6667,0.047113,5,0.3333,129133.45,12.9133,80.0,2.6526,13.2632,3,0.2,-56645.65,-5.6646,0.0,-1.8527,-5.5582,7,0.4667,36476.5,3.6477,42.8571,0.5609,3.926
1bb84e7a,bull,s47|s42|s39,3,0.0263605101,0.0127345736,2.2141,0.0,-8.0206,23,39.1304,0.047005,9,0.3913,75429.84,7.543,55.5556,0.8985,8.0864,4,0.1739,24999.08,2.4999,50.0,0.6813,2.7252,10,0.4348,-49607.99,-4.9608,20.0,-0.4916,-4.9156
96eeadc8,bull,s44|s58|s47|s53|s33,5,0.0306123991,0.014661791,8.0591,0.0,-5.2041,15,46.6667,0.046987,6,0.4,135274.68,13.5275,83.3333,2.3067,13.84,1,0.0667,-14163.78,-1.4164,0.0,-1.4662,-1.4662,8,0.5333,-28308.68,-2.8309,25.0,-0.3343,-2.6746
ce3c276d,bull,s24|s75|s21,3,0.037099432,0.0109754954,7.3719,0.0,-5.874,21,33.3333,0.046984,9,0.4286,139079.16,13.9079,55.5556,1.5733,14.1595,2,0.0952,-22006.7,-2.2007,0.0,-1.0975,-2.1951,10,0.4762,-16303.79,-1.6304,20.0,-0.1361,-1.3605
c71fb4de,bull,s9|s24|s1,3,0.0361688147,0.0169622236,7.884,0.0,-5.3345,16,43.75,0.04697,6,0.375,160085.94,16.0086,83.3333,2.7314,16.3882,1,0.0625,-16398.17,-1.6398,0.0,-1.6962,-1.6962,9,0.5625,-50439.15,-5.0439,22.2222,-0.5155,-4.6398
9c205e9b,bull,s14|s54,2,0.0289484465,0.0130843341,8.0518,0.0,-4.8536,14,50.0,0.046941,5,0.3571,100247.7,10.0248,80.0,2.0542,10.2709,2,0.1429,16829.73,1.683,50.0,0.7932,1.5864,7,0.5,-8743.6,-0.8744,28.5714,-0.1075,-0.7525
81adcd2e,bull,s35|s74|s27,3,0.0348565167,0.0142318911,7.8169,0.0,-5.6661,17,41.1765,0.046852,6,0.3529,58444.5,5.8445,50.0,1.0312,6.1874,3,0.1765,6305.53,0.6306,33.3333,0.2131,0.6393,8,0.4706,29660.59,2.9661,37.5,0.4176,3.341
1fee576c,bull,s79|s8|s55,3,0.0449159726,0.0170371937,15.7204,0.0,-4.6308,11,54.5455,0.046778,2,0.1818,23969.08,2.3969,50.0,1.3939,2.7879,4,0.3636,58750.29,5.875,50.0,1.3939,5.5758,5,0.4545,97402.07,9.7402,60.0,2.0135,10.0674
39b4695a,bull,s74|s32|s7,3,0.0470728881,0.0135146107,12.4698,0.0,-5.3999,16,37.5,0.046777,4,0.25,65651.91,6.5652,50.0,1.6779,6.7117,3,0.1875,20418.31,2.0418,33.3333,0.6681,2.0044,9,0.5625,55617.79,5.5618,33.3333,0.6681,6.0131
5054b738,bull,s55|s44|s12,3,0.0261751208,0.0125394517,7.9688,0.0,-4.9497,14,50.0,0.046767,4,0.2857,63841.51,6.3842,75.0,1.6496,6.5986,2,0.1429,-25044.52,-2.5045,0.0,-1.2539,-2.5079,8,0.5714,51066.71,5.1067,50.0,0.6818,5.4543
4ff96940,bull,s58|s75|s41,3,0.0327160461,0.0123451267,6.9213,0.0,-4.8529,18,38.8889,0.046726,6,0.3333,102610.85,10.2611,66.6667,1.7696,10.6174,2,0.1111,-24276.01,-2.4276,0.0,-1.2345,-2.469,10,0.5556,8280.86,0.8281,30.0,0.1173,1.1732
6def7d92,bull,s84|s30|s60,3,0.0456491713,0.0187737094,14.6856,0.0,-4.7094,12,50.0,0.046707,3,0.25,71458.04,7.1458,66.6667,2.4175,7.2525,3,0.25,8512.06,0.8512,33.3333,0.2701,0.8102,6,0.5,75789.58,7.579,50.0,1.3438,8.0626
30664ef7,bull,s30|s10|s44|s36|s55,5,0.0292148744,0.019391479,9.5296,0.0,-6.2761,12,58.3333,0.04663,4,0.3333,67672.95,6.7673,75.0,1.7063,6.8253,3,0.25,-12318.67,-1.2319,33.3333,-0.3189,-0.9568,5,0.4167,46993.16,4.6993,60.0,0.9772,4.8862
86bffb25,bull,s14|s12|s79,3,0.0281006367,0.013048485,7.6549,0.0,-5.1327,15,46.6667,0.046566,4,0.2667,68798.98,6.8799,75.0,1.7813,7.1253,2,0.1333,-25659.12,-2.5659,0.0,-1.3048,-2.6097,9,0.6,45498.56,4.5499,44.4444,0.524,4.716
dd35f1d0,bull,s3|s32|s9,3,0.0341502736,0.0159728899,5.337,0.0,-8.3173,20,40.0,0.046558,6,0.3,52409.93,5.241,50.0,0.9089,5.4532,4,0.2,34964.44,3.4964,50.0,0.9089,3.6355,10,0.5,-11431.4,-1.1431,30.0,-0.0936,-0.9359
2f324e07,bull,s30|s14,2,0.0315401729,0.0194769589,9.0354,0.0,-6.2345,13,53.8462,0.046534,4,0.3077,73381.6,7.3382,75.0,1.8786,7.5144,3,0.2308,-58399.36,-5.8399,0.0,-1.9477,-5.8431,6,0.4615,84352.11,8.4352,66.6667,1.4534,8.7207
1d2d5b89,bull,s2|s46|s34|s73|s21,5,0.0300235893,0.0182403938,8.7471,0.0,-5.4588,12,58.3333,0.046467,4,0.3333,68006.96,6.8007,75.0,1.7958,7.183,4,0.3333,71451.67,7.1452,75.0,1.7958,7.183,4,0.3333,-26117.75,-2.6118,25.0,-0.6174,-2.4698
e1bdbd90,bull,s30|s32|s36|s12,4,0.0388798634,0.0112403823,6.7532,0.0,-5.4732,21,33.3333,0.046449,4,0.1905,104467.28,10.4467,75.0,2.635,10.5399,5,0.2381,-57209.36,-5.7209,0.0,-1.124,-5.6202,12,0.5714,62522.83,6.2523,33.3333,0.5466,6.5596
aa61a9df,bull,s82|s43|s34,3,0.0452251415,0.0097022207,10.4509,0.0,-5.2615,20,30.0,0.046408,7,0.35,38611.41,3.8611,28.5714,0.5991,4.1939,3,0.15,24678.58,2.4679,33.3333,0.8607,2.5821,10,0.5,63116.98,6.3117,30.0,0.6776,6.776
78a8b024,bull,s30|s24|s27,3,0.0444499556,0.0123533155,12.3977,0.0,-6.3459,17,35.2941,0.046388,5,0.2941,51117.62,5.1118,40.0,1.0368,5.184,4,0.2353,7200.81,0.7201,25.0,0.1848,0.739,8,0.4706,70357.06,7.0357,37.5,0.8948,7.1583
42b9cb23,bull,s64|s47,2,0.0209466681,0.0116904242,7.5326,0.0,-3.4333,11,63.6364,0.046363,7,0.6364,79785.77,7.9786,71.4286,1.1622,8.1352,2,0.1818,8337.4,0.8337,50.0,0.4628,0.9256,2,0.1818,9290.9,0.9291,50.0,0.4628,0.9256
a8361821,bull,s36|s30|s8|s24,4,0.0253934176,0.0110666895,1.0988,0.0,-6.7831,24,37.5,0.046342,7,0.2917,66079.76,6.608,57.1429,0.9768,6.8374,5,0.2083,-19528.82,-1.9529,20.0,-0.3775,-1.8873,12,0.5,11209.75,1.121,33.3333,0.1087,1.304
50276e82,bull,s3|s10|s96,3,0.0384994589,0.0186183493,9.9326,0.0,-8.4358,15,46.6667,0.046327,7,0.4667,36343.76,3.6344,42.8571,0.5861,4.1025,2,0.1333,21887.51,2.1888,50.0,0.9941,1.9881,6,0.4,54546.43,5.4546,50.0,0.9941,5.9643
b81a523b,bull,s5|s82|s26,3,0.0490228232,0.0142358903,13.0563,0.0,-6.0196,15,40.0,0.04625,4,0.2667,67746.59,6.7747,50.0,1.7393,6.9574,5,0.3333,54920.69,5.4921,40.0,1.1068,5.5338,6,0.4,38236.45,3.8236,33.3333,0.685,4.1102
939dfa56,bull,s21|s39|s27,3,0.0488700505,0.012400587,12.8591,0.0,-6.4916,16,37.5,0.046228,4,0.25,71279.76,7.128,50.0,1.8235,7.2939,3,0.1875,24995.77,2.4996,33.3333,0.8023,2.4069,9,0.5625,67554.76,6.7555,33.3333,0.8023,7.2207
099f5f7a,bull,s53|s94|s10,3,0.0362390124,0.0084022644,5.4993,0.0,-4.4082,24,29.1667,0.046211,8,0.3333,63510.22,6.351,37.5,0.8338,6.6706,4,0.1667,9381.88,0.9382,25.0,0.2758,1.1032,12,0.5,28934.03,2.8934,25.0,0.2758,3.3097
75492ebb,bull,s54|s58,2,0.036650331,0.0083975952,11.1477,0.0,-3.5323,15,40.0,0.046198,5,0.3333,96500.08,9.65,60.0,1.8631,9.3156,3,0.2,17702.23,1.7702,33.3333,0.6618,1.9855,7,0.4667,28199.54,2.82,28.5714,0.4473,3.1313
922b1947,bull,s9|s4|s60|s54|s91,5,0.0456943583,0.0197706879,15.0169,0.0,-4.653,11,54.5455,0.046144,1,0.0909,42752.3,4.2752,100.0,4.5694,4.5694,5,0.4545,99248.81,9.9249,60.0,1.9508,9.7542,5,0.4545,30083.15,3.0083,40.0,0.6415,3.2077
c946fcc1,bull,s84|s68|s10,3,0.0410639348,0.0197586299,16.3659,0.0,-4.9442,10,60.0,0.046126,3,0.3,-3751.02,-0.3751,33.3333,0.0516,0.1547,3,0.3,67505.05,6.7505,66.6667,2.079,6.2369,4,0.4,104188.77,10.4189,75.0,2.5858,10.3433
0072c603,bull,s43|s75|s4,3,0.035257975,0.0142943444,8.5142,0.0,-7.3117,17,41.1765,0.046121,5,0.2941,24752.05,2.4752,40.0,0.5527,2.7633,5,0.2941,29352.56,2.9353,40.0,0.5527,2.7633,7,0.4118,47640.25,4.764,42.8571,0.6942,4.8597
70453b0d,bull,s73|s7|s5|s39|s9,5,0.0240049293,0.0136160113,0.4869,0.0,-6.906,21,42.8571,0.046116,9,0.4286,96373.57,9.6374,66.6667,1.1465,10.3182,5,0.2381,6779.14,0.6779,40.0,0.1432,0.7162,7,0.3333,-58304.24,-5.8304,14.2857,-0.8242,-5.7691
04b4536b,bull,s12|s58|s2|s6,4,0.0274311739,0.0108256124,6.4991,0.0,-4.6979,17,41.1765,0.046047,6,0.3529,87099.09,8.7099,66.6667,1.4679,8.8073,2,0.1176,-21295.68,-2.1296,0.0,-1.0826,-2.1651,9,0.5294,15209.25,1.5209,33.3333,0.1927,1.734
9d2ea6c7,bull,s36|s96|s84|s43,4,0.0474476689,0.014656641,13.1743,0.0,-5.6341,14,42.8571,0.046023,4,0.2857,63667.22,6.3667,50.0,1.6396,6.5582,4,0.2857,64542.24,6.4542,50.0,1.6396,6.5582,6,0.4286,34497.99,3.4498,33.3333,0.6045,3.6269
ad1d8140,bull,s21|s15|s43,3,0.027205734,0.0086898761,1.0415,0.0,-8.6763,32,31.25,0.046008,12,0.375,105530.58,10.5531,50.0,0.9258,11.1095,8,0.25,2357.76,0.2358,25.0,0.0284,0.2272,12,0.375,-34874.28,-3.4874,16.6667,-0.2707,-3.2487
a76aa4c1,bull,s44|s65,2,0.0247557576,0.0121275591,1.6123,0.0,-7.9416,23,39.1304,0.046007,6,0.2609,72592.59,7.2593,66.6667,1.2461,7.4768,5,0.2174,-24635.79,-2.4636,20.0,-0.4751,-2.3754,12,0.5217,-233.12,-0.0233,33.3333,0.0167,0.2003
a26845ab,bull,s58|s33|s70,3,0.0422517642,0.0175391515,7.6024,0.0,-6.3032,17,41.1765,0.04591,5,0.2941,26819.13,2.6819,40.0,0.6377,3.1886,5,0.2941,33171.44,3.3171,40.0,0.6377,3.1886,7,0.4118,52417.05,5.2417,42.8571,0.8086,5.6599
e7f1f90e,bull,s58|s84|s48,3,0.0236877842,0.0147018099,3.5519,0.0,-6.9599,16,50.0,0.045865,8,0.5,68423.82,6.8424,62.5,0.9292,7.4333,1,0.0625,-14202.44,-1.4202,0.0,-1.4702,-1.4702,7,0.4375,12493.87,1.2494,42.8571,0.1751,1.2256
b1b41cfa,bull,s34|s48|s64,3,0.0530345415,0.0175118802,11.8927,0.0,-5.6746,16,37.5,0.045775,5,0.3125,51531.16,5.1531,40.0,1.0707,5.3533,3,0.1875,18478.7,1.8479,33.3333,0.6004,1.8011,8,0.5,65834.08,6.5834,37.5,0.8943,7.1544
0bb421f2,bull,s8|s32|s36|s46,4,0.038310935,0.0160620707,14.2373,0.0,-4.191,11,54.5455,0.045763,2,0.1818,76207.09,7.6207,100.0,3.8311,7.6622,2,0.1818,25138.73,2.5139,50.0,1.1124,2.2249,7,0.6364,46307.66,4.6308,42.8571,0.7241,5.0685
f86f788e,bull,s40|s59|s27,3,0.0237035733,0.0089358132,5.9596,0.0,-3.769,15,46.6667,0.045759,5,0.3333,50357.89,5.0358,60.0,1.0648,5.3239,4,0.2667,27903.24,2.7903,50.0,0.7384,2.9536,6,0.4,11335.53,1.1336,33.3333,0.1944,1.1664
2ebb1037,bull,s43|s21|s82,3,0.0443530671,0.0154484412,12.8158,0.0,-5.5443,14,42.8571,0.045696,6,0.4286,26032.82,2.6033,33.3333,0.4485,2.6912,2,0.1429,31360.11,3.136,50.0,1.4452,2.8905,6,0.4286,83222.89,8.3223,50.0,1.4452,8.6714
6c466358,bull,s70|s2,2,0.0263180508,0.0121998091,3.6596,0.0,-6.8356,20,40.0,0.045653,5,0.25,90140.99,9.0141,80.0,1.8614,9.3072,1,0.05,-11794.12,-1.1794,0.0,-1.22,-1.22,14,0.7,-18596.52,-1.8597,28.5714,-0.1195,-1.6726
befd9f73,bull,s47|s1|s11|s30,4,0.0385213912,0.0082500749,6.5961,0.0,-6.3664,25,28.0,0.045643,11,0.44,142936.72,14.2937,45.4545,1.301,14.3107,4,0.16,-33620.67,-3.3621,0.0,-0.825,-3.3,10,0.4,6985.51,0.6986,20.0,0.1104,1.1042
83f42836,bull,s69|s88|s21|s36,4,0.0375705361,0.0136999486,13.3993,0.0,-4.5507,12,50.0,0.045587,4,0.3333,151615.94,15.1616,100.0,3.7571,15.0282,3,0.25,10104.77,1.0105,33.3333,0.339,1.0171,5,0.4167,-20613.0,-2.0613,20.0,-0.3446,-1.7229
651f44ae,bull,s38|s63|s43,3,0.0395004405,0.0137400303,13.031,0.0,-5.1769,13,46.1538,0.045514,4,0.3077,51620.29,5.162,50.0,1.288,5.1521,4,0.3077,-88.22,-0.0088,25.0,-0.043,-0.172,5,0.3846,89131.46,8.9131,60.0,1.8204,9.1021
4c43bda7,bull,s48|s84|s6,3,0.041660766,0.0165832672,14.0534,0.0,-5.5469,12,50.0,0.045497,6,0.5,73603.99,7.3604,50.0,1.2539,7.5232,2,0.1667,27415.42,2.7415,50.0,1.2539,2.5077,4,0.3333,48124.64,4.8125,50.0,1.2539,5.0155
a69babbd,bull,s2|s32|s27,3,0.0401439057,0.0191593972,15.8548,0.0,-5.3443,10,60.0,0.045477,1,0.1,37559.22,3.7559,100.0,4.0144,4.0144,3,0.3,66148.16,6.6148,66.6667,2.0376,6.1128,6,0.6,57981.58,5.7982,50.0,1.0492,6.2954
887c9081,bull,s12|s96|s27,3,0.0465025309,0.0169919012,12.652,0.0,-5.6105,14,42.8571,0.045457,4,0.2857,56379.51,5.638,50.0,1.4755,5.9021,3,0.2143,15689.55,1.569,33.3333,0.4173,1.2519,7,0.5,67074.84,6.7075,42.8571,1.022,7.154
87d8139d,bull,s78|s88|s42|s64|s83,5,0.0408842562,0.0114640691,8.1954,0.0,-8.3373,22,31.8182,0.045419,7,0.3182,23041.3,2.3041,28.5714,0.3493,2.4448,6,0.2727,36335.4,3.6335,33.3333,0.5985,3.5912,9,0.4091,51202.9,5.1203,33.3333,0.5985,5.3868
5f463a63,bull,s34|s60|s35,3,0.0418793703,0.0113941968,11.4307,0.0,-5.46,16,37.5,0.04539,5,0.3125,101659.24,10.1659,60.0,2.057,10.285,2,0.125,-23317.19,-2.3317,0.0,-1.1394,-2.2788,9,0.5625,53658.78,5.3659,33.3333,0.6364,5.7273
dc492c85,bull,s8|s14|s27,3,0.042408668,0.0169869811,14.3783,0.0,-6.1827,12,50.0,0.045352,3,0.25,69140.66,6.9141,66.6667,2.261,6.783,3,0.25,8193.83,0.8194,33.3333,0.2812,0.8435,6,0.5,72561.98,7.2562,50.0,1.2711,7.6265
10ee0683,bull,s3|s9|s60|s96|s73,5,0.0358929773,0.0092335547,5.0993,0.0,-4.3795,23,30.4348,0.045339,6,0.2609,33198.23,3.3198,33.3333,0.5809,3.4852,6,0.2609,32833.59,3.2834,33.3333,0.5809,3.4852,11,0.4783,30127.37,3.0127,27.2727,0.3074,3.381
26d0c705,bull,s82|s68|s27,3,0.0474893072,0.0116410165,10.5721,0.0,-5.92,19,31.5789,0.045321,5,0.2632,57962.43,5.7962,40.0,1.2011,6.0056,5,0.2632,60488.4,6.0488,40.0,1.2011,6.0056,9,0.4737,10888.39,1.0888,22.2222,0.1499,1.3491
21bb6d3c,bull,s15|s2|s39,3,0.0270179542,0.011146826,2.5523,0.0,-5.5652,21,38.0952,0.045276,5,0.2381,56174.94,5.6175,60.0,1.1752,5.876,5,0.2381,-16918.86,-1.6919,20.0,-0.3514,-1.7569,11,0.5238,27348.92,2.7349,36.3636,0.2731,3.0044
ee3f41ff,bull,s82|s84,2,0.0587699525,0.0113294208,17.8389,0.0,-5.6212,14,35.7143,0.045258,6,0.4286,69663.33,6.9663,33.3333,1.2037,7.2222,3,0.2143,36768.47,3.6768,33.3333,1.2037,3.6111,5,0.3571,84955.83,8.4956,40.0,1.671,8.3552
88081587,bull,s87|s58|s11,3,0.0365285382,0.0154733466,6.4639,0.0,-5.611,18,38.8889,0.045248,6,0.3333,113764.42,11.3764,66.6667,1.9195,11.5167,3,0.1667,-46364.98,-4.6365,0.0,-1.5473,-4.642,9,0.5,15042.16,1.5042,33.3333,0.1861,1.6746
fc7a3cd9,bull,s10|s12|s27,3,0.0506937828,0.019004138,13.6469,0.0,-6.35,13,46.1538,0.04524,3,0.2308,81321.81,8.1322,66.6667,2.7461,8.2383,5,0.3846,41250.23,4.125,40.0,0.8875,4.4375,5,0.3846,42764.03,4.2764,40.0,0.8875,4.4375
025b40a6,bull,s95|s39|s87,3,0.0290527307,0.0119951327,7.4436,0.0,-6.3274,15,46.6667,0.045238,6,0.4,89156.39,8.9156,66.6667,1.537,9.2221,3,0.2,6040.68,0.6041,33.3333,0.1687,0.5062,6,0.4,9141.37,0.9141,33.3333,0.1687,1.0125
38ac8d4f,bull,s58|s82|s9,3,0.0457377093,0.0158718253,11.5451,0.0,-5.1428,15,40.0,0.045226,5,0.3333,40595.34,4.0595,40.0,0.8772,4.386,3,0.2,15476.07,1.5476,33.3333,0.4665,1.3994,7,0.4667,71822.75,7.1823,42.8571,1.0532,7.3726
44104831,bull,s24|s33|s82|s42,4,0.0385706385,0.0168503205,14.1149,0.0,-4.8777,11,54.5455,0.045202,3,0.2727,58207.42,5.8207,66.6667,2.0097,6.0291,3,0.2727,65211.36,6.5211,66.6667,2.0097,6.0291,5,0.4545,21427.09,2.1427,40.0,0.5318,2.659
a484e69e,bull,s10|s15|s65,3,0.0290146406,0.0166521534,7.1249,0.0,-5.7001,14,50.0,0.045192,5,0.3571,96201.73,9.6202,80.0,1.9881,9.9406,3,0.2143,-49885.34,-4.9885,0.0,-1.6652,-4.9956,6,0.4286,35230.77,3.5231,50.0,0.6181,3.7087
737e71fd,bull,s39|s41|s83|s30|s33,5,0.0297464225,0.0190569881,8.2053,0.0,-6.8549,13,53.8462,0.045187,3,0.2308,37139.1,3.7139,66.6667,1.3479,4.0436,4,0.3077,-25856.33,-2.5856,25.0,-0.6856,-2.7425,6,0.4615,79541.93,7.9542,66.6667,1.3479,8.0872
2949d82a,bull,s94|s44|s59,3,0.0217015318,0.012931962,0.652,0.0,-8.2285,20,45.0,0.045169,9,0.45,86966.57,8.6967,66.6667,1.0157,9.1413,2,0.1,-25182.22,-2.5182,0.0,-1.2932,-2.5864,9,0.45,-12993.46,-1.2993,33.3333,-0.1387,-1.2487
ac5513b8,bull,s8|s32|s7|s64,4,0.0347167552,0.0169029756,7.0551,0.0,-6.1585,16,43.75,0.045118,7,0.4375,34389.18,3.4389,42.8571,0.522,3.6538,2,0.125,17069.76,1.707,50.0,0.8907,1.7814,7,0.4375,33075.39,3.3075,42.8571,0.522,3.6538
7e451ee2,bull,s91|s48|s10|s21,4,0.0390850305,0.0169750288,14.5305,0.0,-4.1988,10,60.0,0.045105,3,0.3,59883.95,5.9884,66.6667,2.0398,6.1195,5,0.5,27716.0,2.7716,40.0,0.5449,2.7245,2,0.2,78255.62,7.8256,100.0,3.9085,7.817
6344d28c,bull,s87|s11,2,0.0373902461,0.0177945345,15.1994,0.0,-5.2458,10,60.0,0.045012,4,0.4,154749.42,15.4749,100.0,3.739,14.9561,2,0.2,-37572.52,-3.7573,0.0,-1.7795,-3.5589,4,0.4,38330.59,3.8331,50.0,0.9798,3.9191
96aefd47,bull,s79|s38|s91,3,0.0281011456,0.0107665843,3.9329,0.0,-7.5503,22,36.3636,0.044955,8,0.3636,29587.16,2.9587,37.5,0.3809,3.0471,4,0.1818,-4399.54,-0.44,25.0,-0.105,-0.4199,10,0.4545,43680.3,4.368,40.0,0.4781,4.7805
b8947298,bull,s2|s8|s48,3,0.0239171034,0.0106708862,-1.6417,0.0,-9.1347,31,35.4839,0.044938,9,0.2903,38528.68,3.8529,44.4444,0.4702,4.2314,4,0.129,-8360.19,-0.836,25.0,-0.2024,-0.8096,18,0.5806,12524.68,1.2525,33.3333,0.0858,1.5452
414951e9,bull,s59|s42|s27,3,0.0509245299,0.0143676235,10.5293,0.0,-5.3192,17,35.2941,0.044894,4,0.2353,139321.99,13.9322,75.0,3.4601,13.8406,5,0.2941,58059.31,5.8059,40.0,1.1749,5.8746,8,0.4706,-55261.74,-5.5262,12.5,-0.6206,-4.9649
4a5453c5,bull,s64|s74|s79|s9|s88,5,0.0407575391,0.0165241477,13.9118,0.0,-6.2161,12,50.0,0.04488,4,0.3333,48620.7,4.8621,50.0,1.2117,4.8467,2,0.1667,25451.58,2.5452,50.0,1.2117,2.4233,6,0.5,71263.08,7.1263,50.0,1.2117,7.27
18035de1,bull,s40|s78|s14|s96,4,0.0281606926,0.014588652,6.2715,0.0,-5.1713,15,46.6667,0.044872,5,0.3333,95834.52,9.5835,80.0,1.9611,9.8054,1,0.0667,-14093.13,-1.4093,0.0,-1.4589,-1.4589,9,0.6,-6608.71,-0.6609,33.3333,-0.0339,-0.305
57d9a80d,bull,s1|s41|s47,3,0.0317664036,0.0111043745,2.5598,0.0,-5.5896,24,33.3333,0.044866,9,0.375,110057.72,11.0058,55.5556,1.2713,11.4415,5,0.2083,28587.86,2.8588,40.0,0.6044,3.022,10,0.4167,-66912.18,-6.6912,10.0,-0.6817,-6.8173
79c19d14,bull,s73|s54|s35,3,0.0282846378,0.0145174109,6.4271,0.0,-5.1783,14,50.0,0.044849,5,0.3571,94369.62,9.437,80.0,1.9724,9.8621,2,0.1429,14765.6,1.4766,50.0,0.6884,1.3767,7,0.5,-17194.31,-1.7194,28.5714,-0.2288,-1.6018
e594e073,bull,s45|s35|s65|s30,4,0.0286176664,0.0187927323,7.431,0.0,-6.2573,13,53.8462,0.044848,4,0.3077,112241.2,11.2241,100.0,2.8618,11.4471,4,0.3077,-76244.3,-7.6244,0.0,-1.8793,-7.5171,5,0.3846,46996.95,4.6997,60.0,0.9654,4.8268
5042a49a,bull,s54|s45|s3,3,0.0210292814,0.0093705986,5.0387,0.0,-3.3304,14,50.0,0.044846,4,0.2857,21395.81,2.1396,50.0,0.5829,2.3317,3,0.2143,2693.92,0.2694,33.3333,0.0763,0.2288,7,0.5,53952.19,5.3952,57.1429,0.8001,5.6005
d390f26e,bull,s24|s58|s26,3,0.0495825628,0.0130296874,11.1095,0.0,-6.1742,17,35.2941,0.044811,6,0.3529,173746.3,17.3746,66.6667,2.8712,17.2271,2,0.1176,-27373.12,-2.7373,0.0,-1.303,-2.6059,9,0.5294,2226.21,0.2226,22.2222,0.0884,0.7957
f7331d6c,bull,s64|s84|s74|s30|s94,5,0.0449651915,0.0088134739,10.3698,0.0,-7.156,22,27.2727,0.044805,8,0.3636,33017.22,3.3017,25.0,0.4631,3.705,3,0.1364,25445.61,2.5446,33.3333,0.9113,2.7338,11,0.5,60994.36,6.0994,27.2727,0.5853,6.4388
66160a55,bull,s84|s32,2,0.0432273423,0.0169275687,13.2474,0.0,-5.6042,12,50.0,0.044682,5,0.4167,33220.07,3.322,40.0,0.7134,3.5672,2,0.1667,28758.64,2.8759,50.0,1.315,2.63,5,0.4167,95290.34,9.529,60.0,1.9165,9.5827
4c7b1978,bull,s73|s3|s9|s15|s91,5,0.0344798082,0.0096211232,6.5006,0.0,-6.6592,22,31.8182,0.044651,8,0.3636,53174.04,5.3174,37.5,0.6917,5.5334,4,0.1818,48942.8,4.8943,50.0,1.2429,4.9717,10,0.4545,-10938.51,-1.0939,20.0,-0.0801,-0.8009
eb329239,bull,s36|s91|s4|s43,4,0.0377467609,0.0189042873,14.6716,0.0,-5.153,10,60.0,0.044645,2,0.2,17306.54,1.7307,50.0,0.9421,1.8842,3,0.3,61558.52,6.1559,66.6667,1.8863,5.6589,5,0.5,72105.31,7.2105,60.0,1.5086,7.5432
b12b3f3c,bull,s9|s33,2,0.039747589,0.0133640574,8.8252,0.0,-9.4633,19,36.8421,0.044626,6,0.3158,21006.97,2.1007,33.3333,0.434,2.6039,6,0.3158,28324.75,2.8325,33.3333,0.434,2.6039,7,0.3684,62615.99,6.2616,42.8571,0.9398,6.5787
9af477d1,bull,s33|s32|s24,3,0.0453746658,0.0144319487,10.3464,0.0,-4.9549,16,37.5,0.044487,3,0.1875,72168.16,7.2168,66.6667,2.5439,7.6317,5,0.3125,48177.52,4.8178,40.0,0.9491,4.7453,8,0.5,1073.78,0.1074,25.0,0.052,0.4158
95247359,bull,s38|s34|s11,3,0.0490267765,0.0147543814,10.8869,0.0,-5.746,16,37.5,0.044419,4,0.25,68329.56,6.833,50.0,1.7136,6.8545,5,0.3125,-9749.46,-0.9749,20.0,-0.1998,-0.9991,7,0.4375,84908.02,8.4908,42.8571,1.258,8.8063
346d08f0,bull,s43|s35|s36|s45,4,0.0424267746,0.01340256,11.5068,0.0,-6.0079,15,40.0,0.044401,5,0.3333,100045.82,10.0046,60.0,2.0095,10.0475,1,0.0667,-13078.11,-1.3078,0.0,-1.3403,-1.3403,9,0.6,43492.51,4.3493,33.3333,0.5207,4.6865
45689dba,bull,s32|s4,2,0.0442861379,0.0188559377,12.2163,0.0,-4.6267,12,50.0,0.044396,2,0.1667,21486.97,2.1487,50.0,1.2715,2.543,5,0.4167,96909.37,9.6909,60.0,1.9029,9.5147,5,0.4167,30473.78,3.0474,40.0,0.6401,3.2004
c1379a4e,bull,s7|s53|s8,3,0.0464747219,0.0153854364,11.518,0.0,-6.0429,15,40.0,0.044383,4,0.2667,58268.25,5.8268,50.0,1.5545,6.2179,3,0.2,16900.37,1.69,33.3333,0.5235,1.5704,8,0.5333,58768.54,5.8769,37.5,0.7812,6.2497
d67030cc,bull,s44|s7|s40|s94,4,0.0274310581,0.0127393851,5.8261,0.0,-5.3047,16,43.75,0.044365,6,0.375,1775.9,0.1776,33.3333,0.0651,0.3905,2,0.125,14184.46,1.4184,50.0,0.7346,1.4692,8,0.5,56580.73,5.6581,50.0,0.7346,5.8767
8300c451,bull,s34|s15|s26,3,0.0395985545,0.0177368857,13.6498,0.0,-5.5738,11,54.5455,0.044333,4,0.3636,102250.01,10.225,75.0,2.5265,10.1059,2,0.1818,-36264.08,-3.6264,0.0,-1.7737,-3.5474,5,0.4545,80562.94,8.0563,60.0,1.6664,8.3322
7fa0cda8,bull,s53|s10,2,0.0275968836,0.0115473026,5.2196,0.0,-4.5702,16,43.75,0.044294,5,0.3125,56932.48,5.6932,60.0,1.1939,5.9696,3,0.1875,4864.68,0.4865,33.3333,0.1501,0.4502,8,0.5,22193.19,2.2193,37.5,0.3132,2.5054
d654f85d,bull,s82|s32|s8,3,0.0483010572,0.0173395697,11.4157,0.0,-6.0215,15,40.0,0.044279,4,0.2667,61871.98,6.1872,50.0,1.5481,6.1923,3,0.2,15056.42,1.5056,33.3333,0.4541,1.3622,8,0.5333,53145.28,5.3145,37.5,0.7276,5.8205
2b7708e4,bull,s21|s53|s27,3,0.0402620015,0.0096107571,9.7731,0.0,-5.4129,18,33.3333,0.044227,6,0.3333,88499.36,8.8499,50.0,1.5326,9.1954,3,0.1667,69754.63,6.9755,66.6667,2.3638,7.0913,9,0.5,-39589.88,-3.959,11.1111,-0.4069,-3.6624
1a5ea381,bull,s30|s84|s6,3,0.041708725,0.009166907,10.1896,0.0,-6.739,20,30.0,0.044217,7,0.35,32555.51,3.2556,28.5714,0.5369,3.7583,4,0.2,16034.78,1.6035,25.0,0.3552,1.4208,9,0.45,70299.59,7.03,33.3333,0.7792,7.0125
00c0301b,bull,s70|s30|s91,3,0.0446424657,0.0132028281,11.2143,0.0,-6.4798,16,37.5,0.044134,5,0.3125,44479.0,4.4479,40.0,0.9935,4.9676,3,0.1875,19456.14,1.9456,33.3333,0.6079,1.8237,8,0.5,63403.89,6.3404,37.5,0.8489,6.7913
1f42ca08,bull,s75|s4|s9|s65,4,0.0265698267,0.0158467007,6.0628,0.0,-5.6018,14,50.0,0.044085,5,0.3571,130070.46,13.007,100.0,2.657,13.2849,3,0.2143,-46779.76,-4.678,0.0,-1.5847,-4.754,6,0.4286,-12356.04,-1.2356,33.3333,-0.1708,-1.0247
6a0dfb35,bull,s96|s65,2,0.0382335665,0.0195103543,12.5493,0.0,-4.5107,11,54.5455,0.044066,3,0.2727,116958.62,11.6959,100.0,3.8234,11.4701,2,0.1818,-39569.61,-3.957,0.0,-1.951,-3.9021,6,0.5455,54463.84,5.4464,50.0,0.9362,5.617
e94dcb39,bull,s48|s24|s34,3,0.0295214998,0.0114727356,2.8506,0.0,-10.1781,26,34.6154,0.044051,8,0.3077,69388.02,6.9388,50.0,0.9024,7.2195,3,0.1154,5549.72,0.555,33.3333,0.2192,0.6576,15,0.5769,-9424.64,-0.9425,26.6667,-0.0541,-0.8114
52d3d80e,bull,s24|s46|s83,3,0.0366633485,0.0172848611,13.3293,0.0,-5.593,11,54.5455,0.044038,5,0.4545,130199.29,13.0199,80.0,2.5874,12.9369,0,0.0,0.0,0.0,0.0,0.0,0.0,6,0.5455,753.19,0.0753,33.3333,0.0698,0.4187
66434414,bull,s39|s5|s15,3,0.0414776541,0.0162672326,11.7151,0.0,-5.3185,13,46.1538,0.044035,4,0.3077,106197.5,10.6198,75.0,2.7041,10.8166,3,0.2308,10102.16,1.0102,33.3333,0.2981,0.8943,6,0.4615,12604.62,1.2605,33.3333,0.2981,1.7886
a4d2f64d,bull,s48|s8|s92|s14|s60,5,0.0271279064,0.0146589973,5.6391,0.0,-5.2991,15,46.6667,0.043998,4,0.2667,106400.75,10.6401,100.0,2.7128,10.8512,2,0.1333,-28826.11,-2.8826,0.0,-1.4659,-2.9318,9,0.6,-8953.14,-0.8953,33.3333,-0.073,-0.657
d65d7de4,bull,s69|s7|s88|s94|s53,5,0.0485606734,0.0197300593,11.6075,0.0,-5.9762,14,42.8571,0.04398,4,0.2857,58008.5,5.8009,50.0,1.4415,5.7661,4,0.2857,57796.33,5.7796,50.0,1.4415,5.7661,6,0.4286,14552.23,1.4552,33.3333,0.3034,1.8201
ffba36d2,bull,s5|s14|s1,3,0.0297544654,0.0159010946,6.3655,0.0,-6.2892,15,46.6667,0.043978,5,0.3333,99829.48,9.9829,80.0,2.0623,10.3117,3,0.2,-47635.37,-4.7635,0.0,-1.5901,-4.7703,7,0.4667,23758.5,2.3759,42.8571,0.3666,2.5659
1a5f691c,bull,s95|s70|s27,3,0.0467052143,0.0130570715,10.9799,0.0,-6.3611,16,37.5,0.043948,4,0.25,65387.01,6.5387,50.0,1.6824,6.7296,3,0.1875,21428.95,2.1429,33.3333,0.6864,2.0591,9,0.5625,57869.13,5.7869,33.3333,0.6864,6.1773
4847d9b4,bull,s34|s87|s58,3,0.046799923,0.018618565,11.8501,0.0,-5.6726,13,46.1538,0.043899,3,0.2308,75882.69,7.5883,66.6667,2.4994,7.4981,4,0.3077,-10239.75,-1.024,25.0,-0.2264,-0.9056,6,0.4615,81378.53,8.1379,50.0,1.4091,8.4544
3b26809e,bull,s59|s9|s68,3,0.0183775105,0.0088352086,1.5549,0.0,-5.8969,18,44.4444,0.04387,8,0.4444,59983.15,5.9983,62.5,0.8173,6.5382,4,0.2222,-8745.78,-0.8746,25.0,-0.2032,-0.8128,6,0.3333,450.72,0.0451,33.3333,0.0236,0.1414
33251024,bull,s8|s68|s91,3,0.0325116748,0.0119381811,3.0665,0.0,-7.0325,24,33.3333,0.043761,12,0.5,71176.79,7.1177,41.6667,0.6583,7.8991,3,0.125,8035.34,0.8035,33.3333,0.2878,0.8635,9,0.375,-21341.97,-2.1342,22.2222,-0.206,-1.8544
358971fc,bull,s39|s8|s42|s63,4,0.052690514,0.0086329142,9.5934,0.0,-7.6347,25,24.0,0.043735,8,0.32,112108.04,11.2108,37.5,1.4363,11.4907,3,0.12,36922.8,3.6923,33.3333,1.1808,3.5425,14,0.56,-1973.32,-0.1973,14.2857,0.0128,0.1786
794ff216,bull,s65|s36|s39,3,0.0299658227,0.0147760677,5.9441,0.0,-6.1287,16,43.75,0.043725,5,0.3125,103263.11,10.3263,80.0,2.1017,10.5087,3,0.1875,-43619.23,-4.3619,0.0,-1.4776,-4.4328,8,0.5,13799.18,1.3799,37.5,0.2002,1.6017
185dc9f2,bull,s95|s8|s33|s42|s78,5,0.0362535236,0.0198645611,13.4614,0.0,-5.0815,10,60.0,0.04372,2,0.2,12904.51,1.2905,50.0,0.8194,1.6389,3,0.3,57401.19,5.7401,66.6667,1.7547,5.2642,5,0.5,65920.9,6.5921,60.0,1.3806,6.9031
f682fe10,bull,s42|s70|s5,3,0.0342872449,0.016698756,7.075,0.0,-7.6466,16,43.75,0.043715,7,0.4375,83753.94,8.3754,57.1429,1.2436,8.7053,3,0.1875,3017.89,0.3018,33.3333,0.0297,0.089,6,0.375,-1180.8,-0.1181,33.3333,0.0297,0.1779
6cc07378,bull,s83|s38|s27,3,0.0509425735,0.0106233971,17.073,0.0,-5.203,13,38.4615,0.043698,4,0.3077,13331.42,1.3331,25.0,0.4768,1.9072,3,0.2308,34717.05,3.4717,33.3333,0.9899,2.9696,6,0.4615,119840.51,11.9841,50.0,2.016,12.0958
7a2dc1ad,bull,s43|s1|s96,3,0.0511298779,0.0105755406,8.6836,0.0,-6.0154,23,26.087,0.043677,6,0.2609,57141.42,5.7141,33.3333,0.9993,5.9958,5,0.2174,68777.72,6.8778,40.0,1.4107,7.0533,12,0.5217,-8366.85,-0.8367,16.6667,-0.0291,-0.3496
41998839,bull,s55|s70|s84|s39,4,0.0411171537,0.0099136436,8.7679,0.0,-4.9574,19,31.5789,0.043676,7,0.3684,79815.0,7.9815,42.8571,1.1957,8.3697,2,0.1053,30281.25,3.0281,50.0,1.5602,3.1204,10,0.5263,552.27,0.0552,20.0,0.0293,0.2925
6e1d9d38,bull,s74|s36|s88,3,0.0431838639,0.017184793,12.3066,0.0,-6.5766,13,46.1538,0.043669,4,0.3077,110165.93,11.0166,75.0,2.8092,11.2367,1,0.0769,-16768.78,-1.6769,0.0,-1.7185,-1.7185,8,0.6154,37477.36,3.7477,37.5,0.5453,4.3628
c19ef2bf,bull,s33|s82,2,0.0559597484,0.0092110449,10.4075,0.0,-8.7766,25,24.0,0.04365,6,0.24,73638.76,7.3639,33.3333,1.2513,7.5075,3,0.12,39812.83,3.9813,33.3333,1.2513,3.7538,16,0.64,42916.82,4.2917,18.75,0.3008,4.8136
deddc399,bull,s96|s32,2,0.0481215539,0.0199187403,10.53,0.0,-4.9446,14,42.8571,0.04364,3,0.2143,71656.84,7.1657,66.6667,2.5441,7.6324,4,0.2857,56088.28,5.6088,50.0,1.4101,5.6406,7,0.5,-8904.71,-0.8905,28.5714,-0.0479,-0.3351
5866d7f1,bull,s82|s70|s58,3,0.0414114938,0.0194033774,11.8177,0.0,-5.1803,12,50.0,0.043615,3,0.25,-272.59,-0.0273,33.3333,0.0868,0.2605,3,0.25,65307.56,6.5308,66.6667,2.114,6.342,6,0.5,62512.69,6.2513,50.0,1.1004,6.6024
2d046276,bull,s58|s96,2,0.0397385479,0.0167373104,10.874,0.0,-3.9602,12,50.0,0.043588,3,0.25,121627.26,12.1627,100.0,3.9739,11.9216,2,0.1667,-34870.26,-3.487,0.0,-1.6737,-3.3475,7,0.5833,48490.02,4.849,42.8571,0.7467,5.2266
192c1802,bull,s88|s65|s34,3,0.0413401202,0.0189831557,12.537,0.0,-6.1798,12,50.0,0.043586,2,0.1667,84899.15,8.4899,100.0,4.134,8.268,4,0.3333,-17296.46,-1.7296,25.0,-0.3902,-1.5609,6,0.5,63891.21,6.3891,50.0,1.1178,6.7071
c0361181,bull,s30|s53|s48|s1|s43,5,0.0449554348,0.0118181918,9.9767,0.0,-5.9225,17,35.2941,0.043527,8,0.4706,191606.04,19.1606,62.5,2.3665,18.9323,2,0.1176,-23786.12,-2.3786,0.0,-1.1818,-2.3636,7,0.4118,-30935.35,-3.0935,14.2857,-0.3708,-2.5954
47e82732,bull,s79|s39|s27,3,0.0486360765,0.0119482205,10.3717,0.0,-7.238,19,31.5789,0.043514,5,0.2632,55909.82,5.591,40.0,1.2285,6.1427,6,0.3158,50199.89,5.02,33.3333,0.8247,4.9479,8,0.4211,21446.04,2.1446,25.0,0.3198,2.5583
711c14c9,bull,s65|s91|s96,3,0.0429012222,0.0148464283,10.144,0.0,-5.2184,15,40.0,0.043476,3,0.2,66729.6,6.673,66.6667,2.3652,7.0956,4,0.2667,-745.53,-0.0746,25.0,-0.041,-0.1638,8,0.5333,51232.9,5.1233,37.5,0.6809,5.4472
548f859b,bull,s6|s53,2,0.0334354733,0.0083819791,8.7084,0.0,-4.2865,17,35.2941,0.043471,6,0.3529,114047.52,11.4048,66.6667,1.9496,11.6978,2,0.1176,-16689.67,-1.669,0.0,-0.8382,-1.6764,9,0.5294,6405.24,0.6405,22.2222,0.0911,0.8197
2e51b6da,bull,s73|s69|s40|s24|s9,5,0.0319644589,0.0118929093,5.949,0.0,-6.6624,19,36.8421,0.043447,8,0.4211,120510.01,12.051,62.5,1.5518,12.4144,2,0.1053,-23730.13,-2.373,0.0,-1.1893,-2.3786,9,0.4737,-21694.32,-2.1694,22.2222,-0.2147,-1.9321
b04bd287,bull,s87|s94|s7|s4,4,0.0365311679,0.0186857707,13.91,0.0,-6.1727,10,60.0,0.043424,3,0.3,53464.66,5.3465,66.6667,1.8126,5.4377,3,0.3,53279.5,5.3279,66.6667,1.8126,5.4377,4,0.4,34204.28,3.4204,50.0,0.8923,3.5691
29e1eda4,bull,s39|s15|s26,3,0.0381334632,0.01592838,10.6829,0.0,-4.7801,13,46.1538,0.043382,4,0.3077,93713.45,9.3713,75.0,2.4618,9.8472,2,0.1538,-32368.41,-3.2368,0.0,-1.5928,-3.1857,7,0.5385,49185.18,4.9185,42.8571,0.7241,5.0687
3b59ed49,bull,s70|s78|s27,3,0.0318463204,0.0122111985,3.9863,0.0,-8.6785,23,34.7826,0.043358,7,0.3043,88700.71,8.8701,57.1429,1.2965,9.0752,4,0.1739,38632.32,3.8632,50.0,0.9818,3.927,12,0.5217,-62485.09,-6.2485,16.6667,-0.4868,-5.8419
db10d264,bull,s60|s11|s65,3,0.0370225184,0.0198293041,5.7529,0.0,-6.2581,16,43.75,0.043356,4,0.25,145067.41,14.5067,100.0,3.7023,14.809,4,0.25,-78960.6,-7.8961,0.0,-1.9829,-7.9317,8,0.5,8261.99,0.8262,37.5,0.149,1.1921
e9f2ed60,bull,s82|s15|s34|s3,4,0.0472722711,0.0094736405,9.5432,0.0,-7.1696,22,27.2727,0.043332,7,0.3182,99233.49,9.9233,42.8571,1.4846,10.3922,4,0.1818,20247.29,2.0247,25.0,0.4713,1.8851,11,0.5,5201.43,0.5201,18.1818,0.0844,0.9282
49c0952c,bull,s78|s5,2,0.0288689709,0.012348652,5.5429,0.0,-6.0853,17,41.1765,0.043331,7,0.4118,75283.54,7.5284,57.1429,1.1204,7.843,4,0.2353,32628.41,3.2628,50.0,0.826,3.3041,6,0.3529,-34706.01,-3.4706,16.6667,-0.5479,-3.2874
9449c023,bull,s10|s4,2,0.0320303039,0.0137957129,6.4515,0.0,-7.3038,17,41.1765,0.043324,5,0.2941,21135.4,2.1135,40.0,0.4535,2.2673,5,0.2941,21861.02,2.1861,40.0,0.4535,2.2673,7,0.4118,37643.36,3.7643,42.8571,0.5844,4.0908
d08c87fc,bull,s69|s12|s35|s42,4,0.0271671099,0.0090094183,2.4043,0.0,-6.4754,24,33.3333,0.043292,7,0.2917,79579.12,7.9579,57.1429,1.1663,8.164,5,0.2083,-9953.46,-0.9953,20.0,-0.1774,-0.8871,12,0.5,546.57,0.0547,25.0,0.0035,0.0417
11404dc6,bull,s35|s36,2,0.044986602,0.016477014,10.3959,0.0,-5.2244,14,42.8571,0.043255,5,0.3571,103852.39,10.3852,60.0,2.0401,10.2006,2,0.1429,-34477.0,-3.4477,0.0,-1.6477,-3.2954,7,0.5,65175.17,6.5175,42.8571,0.9865,6.9052
a9827b06,bull,s15|s38|s47|s34,4,0.0296561838,0.0107466665,11.8213,0.0,-4.8401,11,54.5455,0.043208,4,0.3636,117403.45,11.7403,100.0,2.9656,11.8625,1,0.0909,-11578.09,-1.1578,0.0,-1.0747,-1.0747,6,0.5455,13987.27,1.3987,33.3333,0.2721,1.6326
318cb2fe,bull,s32|s84|s79,3,0.0540018017,0.0114193087,14.5713,0.0,-5.6773,16,31.25,0.043201,4,0.25,17532.96,1.7533,25.0,0.4936,1.9744,3,0.1875,32157.33,3.2157,33.3333,1.0388,3.1163,9,0.5625,91675.4,9.1675,33.3333,1.0388,9.349
9606d3be,bull,s48|s96|s64|s44,4,0.0393484595,0.0153006492,9.5045,0.0,-4.1249,14,42.8571,0.04318,4,0.2857,152909.91,15.291,100.0,3.9348,15.7394,3,0.2143,-44770.33,-4.477,0.0,-1.5301,-4.5902,7,0.5,-249.44,-0.0249,28.5714,0.0313,0.2194
21522356,bull,s5|s96|s10|s87|s4,5,0.0512250394,0.0173225534,11.2994,0.0,-7.1255,15,40.0,0.043146,4,0.2667,65440.22,6.544,50.0,1.6951,6.7805,5,0.3333,-18100.49,-1.81,20.0,-0.3613,-1.8065,6,0.4,98450.4,9.845,50.0,1.6951,10.1707
face8a01,bull,s70|s95|s26,3,0.0386674185,0.0181371943,11.5921,0.0,-4.6401,11,54.5455,0.043139,4,0.3636,99466.06,9.9466,75.0,2.4466,9.7865,2,0.1818,17048.82,1.7049,50.0,1.0265,2.053,5,0.4545,22243.36,2.2243,40.0,0.4585,2.2923
bb960314,bull,s58|s91|s27,3,0.0465980686,0.0120005455,8.9861,0.0,-6.0443,20,30.0,0.043125,6,0.3,43032.31,4.3032,33.3333,0.7532,4.5194,5,0.25,-2008.46,-0.2008,20.0,-0.0281,-0.1404,9,0.45,62992.65,6.2993,33.3333,0.7532,6.7791
340b5a5c,bull,s5|s96|s27,3,0.0420719577,0.0111904838,9.0646,0.0,-5.5399,18,33.3333,0.04307,5,0.2778,46539.68,4.654,40.0,1.0114,5.0572,4,0.2222,59496.53,5.9497,50.0,1.5441,6.1763,9,0.5,4520.44,0.452,22.2222,0.0646,0.5811
107e76c7,bull,s54|s39,2,0.0426115661,0.0184572955,11.6535,0.0,-5.7614,12,50.0,0.043039,6,0.5,133266.36,13.3266,66.6667,2.2255,13.3532,2,0.1667,-38719.49,-3.8719,0.0,-1.8457,-3.6915,4,0.3333,47084.68,4.7085,50.0,1.2077,4.8309
4747eb11,bull,s69|s32|s41,3,0.0489976825,0.0135371711,8.4901,0.0,-4.8319,18,33.3333,0.043007,5,0.2778,55539.55,5.554,40.0,1.1477,5.7384,4,0.2222,5755.61,0.5756,25.0,0.2097,0.8386,9,0.5,61140.94,6.1141,33.3333,0.7308,6.577
eaba7524,bull,s4|s46|s1,3,0.0425115586,0.0197603773,10.8573,0.0,-4.7539,12,50.0,0.043,3,0.25,65697.51,6.5698,66.6667,2.1754,6.5263,3,0.25,4055.24,0.4055,33.3333,0.0997,0.2991,6,0.5,65200.78,6.5201,50.0,1.1376,6.8254
e88de093,bull,s34|s54|s27,3,0.0435678739,0.0181527083,11.7851,0.0,-6.7409,13,46.1538,0.042999,3,0.2308,4375.92,0.4376,33.3333,0.2421,0.7262,4,0.3077,52661.37,5.2661,50.0,1.2708,5.083,6,0.4615,71936.69,7.1937,50.0,1.2708,7.6245
b585e224,bull,s5|s32|s27,3,0.0387813844,0.0145533083,9.875,0.0,-5.0506,14,42.8571,0.042817,2,0.1429,21988.13,2.1988,50.0,1.2114,2.4228,4,0.2857,100205.52,10.0206,75.0,2.5448,10.1791,8,0.5714,-13287.43,-1.3287,25.0,-0.122,-0.9757
07467a26,bull,s47|s33|s30,3,0.0523327152,0.0188757403,10.5592,0.0,-6.5523,15,40.0,0.042774,3,0.2,87895.6,8.7896,66.6667,2.8597,8.579,4,0.2667,-6456.59,-0.6457,25.0,-0.1074,-0.4295,8,0.5333,55804.34,5.5804,37.5,0.7827,6.2619
064026c5,bull,s83|s58|s91|s68|s6,5,0.0527330329,0.0086937374,14.6634,0.0,-5.4151,15,33.3333,0.042722,6,0.4,136321.11,13.6321,50.0,2.202,13.2118,2,0.1333,-18396.89,-1.8397,0.0,-0.8694,-1.7387,7,0.4667,63210.28,6.321,28.5714,0.8857,6.1997
1b8474df,bull,s45|s6|s96,3,0.03518304,0.0112527916,9.0257,0.0,-4.5741,15,40.0,0.042714,5,0.3333,79652.32,7.9652,60.0,1.6609,8.3044,3,0.2,58246.8,5.8247,66.6667,1.9704,5.9113,7,0.4667,-34100.44,-3.41,14.2857,-0.4619,-3.2334
0f60b0d8,bull,s3|s7|s54,3,0.0343046739,0.0199731194,12.8207,0.0,-5.9639,10,60.0,0.042678,1,0.1,32168.42,3.2168,100.0,3.4305,3.4305,3,0.3,53060.93,5.3061,66.6667,1.6212,4.8636,6,0.6,39277.63,3.9278,50.0,0.7166,4.2995
f05af38b,bull,s82|s47|s34,3,0.0520172503,0.0097030595,8.6406,0.0,-7.0744,25,24.0,0.04267,7,0.28,50842.72,5.0843,28.5714,0.7931,5.5519,4,0.16,25175.85,2.5176,25.0,0.5727,2.2908,14,0.56,44905.7,4.4906,21.4286,0.3523,4.9318
72961646,bull,s41|s59|s64,3,0.0447175408,0.0198193711,11.1235,0.0,-6.3628,13,46.1538,0.042605,4,0.3077,45569.16,4.5569,50.0,1.2449,4.9796,2,0.1538,27335.69,2.7336,50.0,1.2449,2.4898,7,0.5385,49874.41,4.9874,42.8571,0.7839,5.4875
a8c17fcd,bull,s70|s15|s11|s63,4,0.027195717,0.0091606988,3.8522,0.0,-4.612,19,36.8421,0.042598,6,0.3158,124372.17,12.4372,83.3333,2.1136,12.6818,4,0.2105,-37096.49,-3.7096,0.0,-0.9161,-3.6643,9,0.4737,-11932.11,-1.1932,22.2222,-0.1081,-0.9733
3b011bd0,bull,s8|s36|s96|s54,4,0.0358736036,0.017698922,11.6492,0.0,-5.5835,11,54.5455,0.042566,4,0.3636,87727.81,8.7728,75.0,2.248,8.9922,1,0.0909,-17110.37,-1.711,0.0,-1.7699,-1.7699,6,0.5455,50929.98,5.093,50.0,0.9087,5.4524
72d9b6d6,bull,s9|s96|s5|s33|s30,5,0.0422429446,0.0195449974,10.791,0.0,-5.2742,12,50.0,0.042562,2,0.1667,18846.37,1.8846,50.0,1.1349,2.2698,5,0.4167,89045.48,8.9045,60.0,1.7528,8.7639,5,0.4167,24052.57,2.4053,40.0,0.517,2.5851
f3ecdf31,bull,s68|s35|s84,3,0.0271734549,0.0112304827,3.9021,0.0,-4.6956,17,41.1765,0.042517,6,0.3529,45804.8,4.5805,50.0,0.7971,4.7829,3,0.1765,5482.2,0.5482,33.3333,0.1571,0.4712,8,0.4706,22985.83,2.2986,37.5,0.3171,2.5368
dee24502,bull,s1|s39,2,0.0296902883,0.0083113344,2.7967,0.0,-7.2492,26,30.7692,0.042508,14,0.5385,107076.36,10.7076,42.8571,0.7975,11.1651,1,0.0385,-8029.03,-0.8029,0.0,-0.8311,-0.8311,11,0.4231,-16704.61,-1.6705,18.1818,-0.1402,-1.5421
1e97bf5b,bull,s79|s21|s12,3,0.0336569355,0.0184514059,12.795,0.0,-5.0322,9,66.6667,0.042495,4,0.4444,27933.94,2.7934,50.0,0.7603,3.0411,2,0.2222,69085.36,6.9085,100.0,3.3657,6.7314,3,0.3333,48765.38,4.8765,66.6667,1.6287,4.8862
5f653be2,bull,s83|s42|s9,3,0.0266305875,0.0123377278,-0.2606,0.0,-10.4586,27,37.037,0.042494,11,0.4074,57313.47,5.7313,45.4545,0.5375,5.9127,6,0.2222,41282.27,4.1282,50.0,0.7146,4.2879,10,0.3704,-48731.23,-4.8731,20.0,-0.4544,-4.5441
f9ec873e,bull,s36|s75|s10,3,0.0334776032,0.0107755631,4.6225,0.0,-5.8343,22,31.8182,0.042434,9,0.4091,75781.33,7.5781,44.4444,0.8893,8.0033,3,0.1364,-31111.05,-3.1111,0.0,-1.0776,-3.2327,10,0.4545,21735.9,2.1736,30.0,0.25,2.5004
110f60e2,bull,s43|s41|s6|s70,4,0.0491250974,0.0176626376,9.8049,0.0,-5.9257,15,40.0,0.042433,5,0.3333,43509.78,4.351,40.0,0.9052,4.5262,3,0.2,14317.95,1.4318,33.3333,0.46,1.38,7,0.4667,72912.15,7.2912,42.8571,1.0961,7.6725
8beda30d,bull,s68|s43|s10,3,0.0341715066,0.0160442212,5.9266,0.0,-7.5161,17,41.1765,0.042394,8,0.4706,21219.55,2.122,37.5,0.2787,2.2293,3,0.1765,1538.96,0.1539,33.3333,0.0694,0.2083,6,0.3529,52272.44,5.2272,50.0,0.9064,5.4382
e80ce989,bull,s43|s78|s88|s9,4,0.047669069,0.0117597499,10.3764,0.0,-7.9497,18,33.3333,0.042356,5,0.2778,57738.32,5.7738,40.0,1.2012,6.0059,5,0.2778,2096.42,0.2096,20.0,0.0126,0.063,8,0.4444,80440.23,8.044,37.5,1.0526,8.4208
701a6a11,bull,s91|s35|s82|s93|s36,5,0.0442344489,0.0154656486,9.0997,0.0,-5.0728,15,40.0,0.042354,4,0.2667,117106.5,11.7106,75.0,2.9309,11.7238,3,0.2,-47685.05,-4.7685,0.0,-1.5466,-4.6397,8,0.5333,51385.03,5.1385,37.5,0.6922,5.5375
02c8784e,bull,s33|s8|s12,3,0.0415608318,0.0158469475,11.7198,0.0,-7.5183,13,46.1538,0.042324,4,0.3077,48635.41,4.8635,50.0,1.2857,5.1428,3,0.2308,10197.02,1.0197,33.3333,0.3289,0.9867,6,0.4615,73604.44,7.3604,50.0,1.2857,7.7142
30ea4618,bull,s43|s82|s75,3,0.0387670021,0.0175795988,9.5971,0.0,-4.7144,13,46.1538,0.042304,4,0.3077,-14630.36,-1.463,25.0,-0.3493,-1.3972,3,0.2308,58939.39,5.8939,66.6667,1.9985,5.9954,6,0.4615,59540.94,5.9541,50.0,1.0594,6.3562
d5d216fc,bull,s39|s96|s48,3,0.0373772321,0.0173482361,8.9083,0.0,-3.8182,13,46.1538,0.042286,3,0.2308,54646.25,5.4646,66.6667,1.9135,5.7406,2,0.1538,19549.35,1.9549,50.0,1.0014,2.0029,8,0.6154,22995.48,2.2995,37.5,0.3174,2.5391
4164f64b,bull,s74|s91|s6|s10,4,0.0376732526,0.0118797526,9.9094,0.0,-6.2319,15,40.0,0.042283,3,0.2,60827.28,6.0827,66.6667,2.1156,6.3467,5,0.3333,42049.19,4.2049,40.0,0.7941,3.9707,7,0.4667,11229.81,1.123,28.5714,0.2278,1.5948
5699abcf,bull,s84|s88|s27,3,0.0444336776,0.0143028844,11.189,0.0,-8.4181,16,37.5,0.042241,6,0.375,28505.95,2.8506,33.3333,0.5276,3.1656,4,0.25,60400.62,6.0401,50.0,1.5065,6.0262,6,0.375,31887.62,3.1888,33.3333,0.5276,3.1656
bb383076,bull,s21|s11|s15|s87|s9,5,0.0348507656,0.0126169374,9.7518,0.0,-5.5984,14,42.8571,0.042219,4,0.2857,88634.2,8.8634,75.0,2.2984,9.1935,2,0.1429,-24771.35,-2.4771,0.0,-1.2617,-2.5234,8,0.5714,38747.15,3.8747,37.5,0.5183,4.1468
91a0b858,bull,s87|s33|s73,3,0.0292584506,0.0140484855,5.7315,0.0,-7.4385,15,46.6667,0.042183,6,0.4,84263.8,8.4264,66.6667,1.4823,8.8937,3,0.2,2214.39,0.2214,33.3333,0.0387,0.1161,6,0.4,450.65,0.0451,33.3333,0.0387,0.2323
368b559d,bull,s15|s96|s59,3,0.0374990892,0.0138642918,9.1934,0.0,-4.8981,14,42.8571,0.042182,4,0.2857,95334.63,9.5335,75.0,2.4658,9.8633,2,0.1429,-28173.93,-2.8174,0.0,-1.3864,-2.7729,8,0.5714,37486.45,3.7486,37.5,0.5397,4.3176
a1835f1b,bull,s6|s78|s4,3,0.0399276218,0.0198352936,10.3668,0.0,-5.2381,12,50.0,0.042181,2,0.1667,16364.8,1.6365,50.0,1.0046,2.0092,4,0.3333,99072.36,9.9072,75.0,2.4987,9.9948,6,0.5,-2891.52,-0.2892,33.3333,0.0086,0.0514
20fcb757,bull,s1|s35,2,0.0357634477,0.0085353609,5.8063,0.0,-7.631,25,28.0,0.042166,12,0.48,115065.72,11.5066,41.6667,0.9922,11.907,1,0.04,-8251.53,-0.8252,0.0,-0.8535,-0.8535,12,0.48,-16419.8,-1.642,16.6667,-0.1152,-1.3827
4187b31f,bull,s58|s96|s74,3,0.0428839077,0.0113949404,9.2744,0.0,-6.66,18,33.3333,0.042162,5,0.2778,105161.69,10.5162,60.0,2.1172,10.5862,3,0.1667,-33983.37,-3.3983,0.0,-1.1395,-3.4185,10,0.5556,43482.53,4.3483,30.0,0.4889,4.8887
1716ee8b,bull,s58|s38|s92,3,0.0408975713,0.0186352242,10.6103,0.0,-5.589,12,50.0,0.042162,4,0.3333,107303.04,10.7303,75.0,2.6014,10.4057,3,0.25,-58934.85,-5.8935,0.0,-1.8635,-5.5906,5,0.4167,84078.07,8.4078,60.0,1.7084,8.5422
d0f594d4,bull,s64|s78|s60|s14,4,0.0282650803,0.0108385885,1.6719,0.0,-6.4681,23,34.7826,0.04215,6,0.2609,127313.33,12.7313,83.3333,2.1748,13.0487,5,0.2174,-13564.47,-1.3564,20.0,-0.3018,-1.5089,12,0.5217,-52312.33,-5.2312,16.6667,-0.4321,-5.1856
9ee075c7,bull,s10|s12|s48|s65|s11,5,0.0261679977,0.0090661718,0.3481,0.0,-10.0618,31,32.2581,0.042148,12,0.3871,28231.5,2.8232,33.3333,0.2679,3.2143,7,0.2258,6112.04,0.6112,28.5714,0.1001,0.7005,12,0.3871,29707.13,2.9707,33.3333,0.2679,3.2143
024a702b,bull,s53|s11|s84,3,0.0420631485,0.011874214,9.5727,0.0,-6.7688,17,35.2941,0.042115,6,0.3529,32703.96,3.2704,33.3333,0.6105,3.6629,2,0.1176,32431.56,3.2432,50.0,1.5094,3.0189,9,0.5294,50025.83,5.0026,33.3333,0.6105,5.4944
d308d6ec,bull,s8|s68|s60,3,0.0390612107,0.0186813689,10.657,0.0,-5.7193,12,50.0,0.042113,4,0.3333,96451.98,9.6452,75.0,2.4626,9.8502,2,0.1667,-38060.75,-3.8061,0.0,-1.8681,-3.7363,6,0.5,57801.64,5.7802,50.0,1.019,6.114
890d384a,bull,s9|s10|s34,3,0.034041277,0.0125783448,3.7929,0.0,-9.1464,24,33.3333,0.042112,11,0.4583,-125.24,-0.0125,27.2727,0.0136,0.1497,5,0.2083,29189.05,2.9189,40.0,0.607,3.0348,8,0.3333,35585.76,3.5586,37.5,0.4904,3.9232
4dbd559a,bull,s54|s64|s4,3,0.0376024116,0.0152798043,10.6248,0.0,-6.3461,13,46.1538,0.0421,4,0.3077,41710.86,4.1711,50.0,1.1161,4.4645,3,0.2308,8259.68,0.826,33.3333,0.2348,0.7043,6,0.4615,65067.7,6.5068,50.0,1.1161,6.6968
f3fd4b1f,bull,s95|s9|s58|s82,4,0.0263816439,0.0151769165,4.6283,0.0,-6.0761,15,46.6667,0.042085,6,0.4,114117.23,11.4117,83.3333,1.9455,11.6731,1,0.0667,-14661.41,-1.4661,0.0,-1.5177,-1.5177,8,0.5333,-38582.52,-3.8583,25.0,-0.4787,-3.8298
dbd0366f,bull,s60|s10|s68,3,0.0394520513,0.0142653747,8.7098,0.0,-4.8539,15,40.0,0.042083,4,0.2667,100430.0,10.043,75.0,2.6023,10.4091,2,0.1333,-27972.85,-2.7973,0.0,-1.4265,-2.8531,9,0.6,29381.83,2.9382,33.3333,0.364,3.2764
b588c3b0,bull,s46|s3,2,0.0230472776,0.0135134221,3.4435,0.0,-4.4994,14,50.0,0.042077,8,0.5714,71139.64,7.114,62.5,0.9337,7.4696,2,0.1429,7872.55,0.7873,50.0,0.4767,0.9534,4,0.2857,-16957.22,-1.6957,25.0,-0.4373,-1.7493
fa9e1342,bull,s7|s64|s42|s69,4,0.043386015,0.0161522549,9.5569,0.0,-6.0358,15,40.0,0.042036,5,0.3333,96973.38,9.6973,60.0,1.9571,9.7854,3,0.2,10343.91,1.0344,33.3333,0.3694,1.1082,7,0.4667,651.67,0.0652,28.5714,0.0859,0.6011
5c86f0b6,bull,s9|s45|s14|s11,4,0.0407395576,0.016531974,9.2228,0.0,-5.1395,14,42.8571,0.042012,5,0.3571,141641.8,14.1642,80.0,2.9285,14.6426,2,0.1429,-32670.53,-3.2671,0.0,-1.6532,-3.3064,7,0.5,-3883.17,-0.3883,28.5714,-0.0169,-0.1181
77b2d14a,bull,s69|s9,2,0.0389710291,0.0140508546,8.6344,0.0,-4.8327,15,40.0,0.042012,5,0.3333,137351.61,13.7352,80.0,2.8367,14.1833,3,0.2,11345.19,1.1345,33.3333,0.3623,1.0869,7,0.4667,-47572.41,-4.7572,14.2857,-0.6476,-4.5334
8bb874f8,bull,s47|s64|s14,3,0.0227616354,0.0095830524,-2.9733,0.0,-9.9218,36,33.3333,0.042006,13,0.3611,126665.67,12.6666,61.5385,1.0321,13.4178,6,0.1667,-23036.34,-2.3036,16.6667,-0.4192,-2.5154,17,0.4722,-64282.25,-6.4282,17.6471,-0.3875,-6.5878
245c32a2,bull,s69|s82|s74|s6|s21,5,0.0417011385,0.0155563721,9.3051,0.0,-5.2963,14,42.8571,0.041973,5,0.3571,154355.07,15.4355,80.0,3.025,15.1248,3,0.2143,-48898.28,-4.8898,0.0,-1.5556,-4.6669,6,0.4286,15822.06,1.5822,33.3333,0.3529,2.1177
95c448a3,bull,s5|s36|s26,3,0.0469912001,0.0182349907,10.1822,0.0,-6.4657,14,42.8571,0.041973,4,0.2857,123815.05,12.3815,75.0,3.0685,12.2739,3,0.2143,8406.44,0.8406,33.3333,0.3507,1.0521,7,0.5,-2160.82,-0.2161,28.5714,0.0401,0.2807
8e0510b8,bull,s91|s10|s30|s33,4,0.0455961453,0.0140768195,9.3504,0.0,-6.2694,16,37.5,0.04195,4,0.25,60370.94,6.0371,50.0,1.576,6.3039,5,0.3125,49007.55,4.9008,40.0,0.9792,4.8962,7,0.4375,17355.29,1.7355,28.5714,0.2973,2.0808
cf7103bc,bull,s70|s4|s92|s2|s83,5,0.034437083,0.0145535942,4.0231,0.0,-5.4492,18,38.8889,0.041908,5,0.2778,121971.22,12.1971,80.0,2.4639,12.3195,4,0.2222,-58310.87,-5.8311,0.0,-1.4554,-5.8214,9,0.5,14291.46,1.4291,33.3333,0.1777,1.599
d4a8463c,bull,s70|s88|s8,3,0.0390589438,0.0122959094,9.5872,0.0,-6.641,16,37.5,0.041896,6,0.375,24258.13,2.4258,33.3333,0.4822,2.8934,3,0.1875,16538.69,1.6539,33.3333,0.4822,1.4467,7,0.4375,65080.43,6.508,42.8571,0.9713,6.7993
56a3b121,bull,s15|s10|s45|s38,4,0.0216968534,0.0094086856,1.5902,0.0,-7.2089,20,40.0,0.041894,10,0.5,89734.5,8.9735,60.0,0.9255,9.2546,3,0.15,-28220.42,-2.822,0.0,-0.9409,-2.8226,7,0.35,-5865.55,-0.5866,28.5714,-0.0521,-0.365
d801bc98,bull,s35|s5,2,0.0352998728,0.0158675595,10.435,0.0,-5.743,12,50.0,0.041883,5,0.4167,125507.11,12.5507,80.0,2.5066,12.5332,2,0.1667,-32327.99,-3.2328,0.0,-1.5868,-3.1735,5,0.4167,18336.39,1.8336,40.0,0.4599,2.2997
6e2a20b4,bull,s5|s46,2,0.0331350028,0.0193628555,11.2089,0.0,-5.1886,10,60.0,0.041854,5,0.5,111851.82,11.1852,80.0,2.2635,11.3177,2,0.2,65813.61,6.5814,100.0,3.3135,6.627,3,0.3,-60220.97,-6.0221,0.0,-1.9363,-5.8089
527f5d4d,bull,s83|s8|s30|s39,4,0.0354016209,0.0164010524,10.2617,0.0,-5.6476,12,50.0,0.041785,3,0.25,50791.17,5.0791,66.6667,1.8134,5.4402,3,0.25,4802.09,0.4802,33.3333,0.0867,0.26,6,0.5,53928.19,5.3928,50.0,0.95,5.7002
3eb11daa,bull,s63|s39|s40,3,0.0308011332,0.0181452482,11.1296,0.0,-4.1471,9,66.6667,0.041774,4,0.4444,77482.91,7.7483,75.0,1.8565,7.4258,1,0.1111,-20261.68,-2.0262,0.0,-1.8145,-1.8145,4,0.4444,74394.74,7.4395,75.0,1.8565,7.4258
56a9fa59,bull,s35|s41|s70|s59,4,0.0379722102,0.0191351131,10.262,0.0,-5.693,12,50.0,0.041753,5,0.4167,74647.51,7.4648,60.0,1.5129,7.5646,2,0.1667,-37694.96,-3.7695,0.0,-1.9135,-3.827,5,0.4167,72421.61,7.2422,60.0,1.5129,7.5646
b1891820,bull,s93|s1|s39,3,0.036447658,0.017028395,3.9532,0.0,-5.5031,18,38.8889,0.041749,8,0.4444,123880.47,12.388,62.5,1.6394,13.1153,2,0.1111,-32737.26,-3.2737,0.0,-1.7028,-3.4057,8,0.4444,-32960.26,-3.296,25.0,-0.3659,-2.9275
7e7779ad,bull,s6|s2,2,0.0219408228,0.0120060405,0.2363,0.0,-5.814,19,42.1053,0.041731,8,0.4211,70633.27,7.0633,62.5,0.9211,7.3686,4,0.2105,-13895.13,-1.3895,25.0,-0.3519,-1.4077,7,0.3684,-18393.62,-1.8394,28.5714,-0.2307,-1.6149
d67e6e81,bull,s30|s35|s2,3,0.0415594645,0.0189579601,9.7942,0.0,-5.7232,13,46.1538,0.041722,3,0.2308,123959.59,12.396,100.0,4.1559,12.4678,3,0.2308,-58580.78,-5.8581,0.0,-1.8958,-5.6874,7,0.5385,44394.87,4.4395,42.8571,0.6978,4.8847
1bab1144,bull,s8|s5|s26,3,0.033195678,0.0153306287,9.8909,0.0,-5.2826,12,50.0,0.041692,4,0.3333,82668.12,8.2668,75.0,2.1064,8.4256,3,0.25,4622.38,0.4622,33.3333,0.0845,0.2534,5,0.4167,18293.06,1.8293,40.0,0.408,2.0399
bfe77dc2,bull,s38|s69|s14|s44|s33,5,0.0347309291,0.0159925997,10.1332,0.0,-5.6632,12,50.0,0.04165,5,0.4167,122942.28,12.2942,80.0,2.4586,12.2931,2,0.1667,-31359.75,-3.136,0.0,-1.5993,-3.1985,5,0.4167,16664.1,1.6664,40.0,0.4297,2.1484
657f18e1,bull,s1|s91,2,0.0422034703,0.0181986004,8.8822,0.0,-5.1397,14,42.8571,0.041631,5,0.3571,90225.08,9.0225,60.0,1.8043,9.0213,2,0.1429,-36718.32,-3.6718,0.0,-1.8199,-3.6397,7,0.5,48894.5,4.8894,42.8571,0.7688,5.3816
55725430,bull,s91|s64|s43|s35,4,0.0477364685,0.0176757016,9.1272,0.0,-5.9626,15,40.0,0.041586,6,0.4,23836.06,2.3836,33.3333,0.4128,2.477,3,0.2,14199.1,1.4199,33.3333,0.4128,1.2385,6,0.4,85571.29,8.5571,50.0,1.503,9.0182
48f3ddc9,bull,s70|s53|s3,3,0.0370798605,0.0170303125,8.8936,0.0,-4.7202,13,46.1538,0.041568,1,0.0769,-16729.55,-1.673,0.0,-1.703,-1.703,4,0.3077,91098.68,9.1099,75.0,2.3552,9.4209,8,0.6154,22776.4,2.2776,37.5,0.3261,2.6088
e7587978,bull,s79|s36|s32,3,0.059463235,0.0192204473,16.938,0.0,-5.0839,11,45.4545,0.04155,1,0.0909,55822.05,5.5822,100.0,5.9463,5.9463,3,0.2727,103695.42,10.3695,66.6667,3.3235,9.9706,7,0.6364,17138.94,1.7139,28.5714,0.3261,2.2824
39dece86,bull,s53|s33|s34|s87,4,0.0346323842,0.0164340886,9.6143,0.0,-5.1396,12,50.0,0.041529,3,0.25,100756.29,10.0756,100.0,3.4632,10.3897,2,0.1667,-32328.44,-3.2328,0.0,-1.6434,-3.2868,7,0.5833,35357.94,3.5358,42.8571,0.5452,3.8161
f7b6ab18,bull,s14|s55|s39|s82|s32,5,0.0375075277,0.0184503373,10.2348,0.0,-6.0078,12,50.0,0.0415,3,0.25,52673.35,5.2673,66.6667,1.8855,5.6565,3,0.25,3057.06,0.3057,33.3333,0.0202,0.0607,6,0.5,54843.82,5.4844,50.0,0.9529,5.7172
e40f588e,bull,s33|s15,2,0.0475814724,0.0189901839,9.8391,0.0,-6.5807,14,42.8571,0.041492,4,0.2857,125418.59,12.5419,75.0,3.0939,12.3754,3,0.2143,-58744.23,-5.8744,0.0,-1.899,-5.6971,7,0.5,60977.82,6.0978,42.8571,0.9541,6.6784
f164fe53,bull,s32|s15|s12,3,0.0375835593,0.0165453372,9.1692,0.0,-5.1877,13,46.1538,0.04149,5,0.3846,128407.99,12.8408,80.0,2.6758,13.3789,2,0.1538,-32547.28,-3.2547,0.0,-1.6545,-3.3091,6,0.4615,6835.15,0.6835,33.3333,0.1498,0.8986
fa527d6e,bull,s33|s78|s41|s12,4,0.0361446094,0.010592764,4.9564,0.0,-6.987,23,30.4348,0.041478,5,0.2174,38226.23,3.8226,40.0,0.8102,4.0511,5,0.2174,-6746.23,-0.6746,20.0,-0.1245,-0.6226,13,0.5652,46217.92,4.6218,30.7692,0.3788,4.9244
dc48819d,bull,s91|s8|s35|s55,4,0.0334543697,0.0177756882,10.7779,0.0,-6.0874,11,54.5455,0.041467,4,0.3636,82642.56,8.2643,75.0,2.0647,8.2587,2,0.1818,-36202.88,-3.6203,0.0,-1.7776,-3.5551,5,0.4545,61958.09,6.1958,60.0,1.2962,6.4812
913ed327,bull,s11|s83|s53,3,0.035007555,0.0127481869,8.9708,0.0,-5.4632,14,42.8571,0.041458,6,0.4286,111396.72,11.1397,66.6667,1.9089,11.4534,1,0.0714,-12324.26,-1.2324,0.0,-1.2748,-1.2748,7,0.5,3586.49,0.3586,28.5714,0.0896,0.6274
9bb585ed,bull,s54|s48|s33|s38|s9,5,0.0357688129,0.0103548329,7.8183,0.0,-5.0749,17,35.2941,0.041456,4,0.2353,93680.33,9.368,75.0,2.4238,9.6952,5,0.2941,-5851.84,-0.5852,20.0,-0.113,-0.5651,8,0.4706,6038.28,0.6038,25.0,0.1176,0.9409
fa0aa927,bull,s14|s36|s42,3,0.0480222106,0.0184489417,10.2698,0.0,-7.2466,14,42.8571,0.041415,3,0.2143,146757.35,14.6757,100.0,4.8022,14.4067,3,0.2143,-58593.67,-5.8594,0.0,-1.8449,-5.5347,8,0.5714,45472.01,4.5472,37.5,0.6478,5.1822
942b955a,bull,s2|s65|s5,3,0.0420726357,0.0195085976,9.6806,0.0,-5.9665,13,46.1538,0.041414,3,0.2308,125489.26,12.5489,100.0,4.2073,12.6218,4,0.3077,-80988.45,-8.0988,0.0,-1.9509,-7.8034,6,0.4615,64112.43,6.4112,50.0,1.1282,6.7692
7655d46a,bull,s73|s10|s68,3,0.0349568024,0.0105863549,7.7383,0.0,-4.3358,15,40.0,0.041384,8,0.5333,137686.85,13.7687,62.5,1.7878,14.3025,3,0.2,-31208.78,-3.1209,0.0,-1.0586,-3.1759,4,0.2667,2469.37,0.2469,25.0,0.0799,0.3198
cbbe0f1a,bull,s32|s43|s40|s68|s46,5,0.0348438975,0.0188057237,10.7924,0.0,-6.234,11,54.5455,0.041383,3,0.2727,-7427.08,-0.7427,33.3333,-0.0923,-0.2768,4,0.3636,138947.68,13.8948,100.0,3.4844,13.9376,4,0.3636,-21917.04,-2.1917,25.0,-0.5393,-2.1573
5351e410,bull,s75|s34|s83|s6|s36,5,0.0335133019,0.0173609215,10.5148,0.0,-5.8816,11,54.5455,0.041371,5,0.4545,115196.54,11.5197,80.0,2.3338,11.6692,1,0.0909,-16783.6,-1.6784,0.0,-1.7361,-1.7361,5,0.4545,11348.63,1.1349,40.0,0.2989,1.4944
1a71047c,bull,s39|s38|s7,3,0.0353959021,0.018168293,9.1763,0.0,-4.8011,12,50.0,0.041352,3,0.25,-2197.91,-0.2198,33.3333,-0.0314,-0.0941,3,0.25,51813.87,5.1814,66.6667,1.7541,5.2624,6,0.5,48251.03,4.8251,50.0,0.8614,5.1683
a4c79e27,bull,s43|s33|s53|s36,4,0.0340357594,0.0197240668,11.9864,0.0,-7.1471,10,60.0,0.041301,4,0.4,82690.97,8.2691,75.0,2.0596,8.2383,1,0.1,-19068.17,-1.9068,0.0,-1.9724,-1.9724,5,0.5,59339.25,5.9339,60.0,1.2532,6.2659
f31e7282,bull,s8|s41|s35,3,0.0471842448,0.0193558444,9.3988,0.0,-6.2396,14,42.8571,0.041285,4,0.2857,54869.72,5.487,50.0,1.3914,5.5657,3,0.2143,10293.03,1.0293,33.3333,0.2824,0.8473,7,0.5,59259.02,5.9259,42.8571,0.9161,6.4129
ac094564,bull,s54|s48|s43,3,0.0403746356,0.0194413283,9.6768,0.0,-5.5799,12,50.0,0.041272,7,0.5833,161314.16,16.1314,71.4286,2.3284,16.2991,2,0.1667,-39225.71,-3.9226,0.0,-1.9441,-3.8883,3,0.25,-647.02,-0.0647,33.3333,0.0497,0.1492
910b15ea,bull,s35|s11,2,0.028810943,0.0114615314,3.0624,0.0,-4.7794,18,38.8889,0.041248,6,0.3333,50484.17,5.0484,50.0,0.8675,5.2048,3,0.1667,4646.79,0.4647,33.3333,0.1963,0.5888,9,0.5,14205.78,1.4206,33.3333,0.1963,1.7664
605cfa0e,bull,s48|s10|s82|s15,4,0.037498166,0.0138276437,9.3739,0.0,-6.279,14,42.8571,0.041224,4,0.2857,95305.23,9.5305,75.0,2.4667,9.8667,1,0.0714,-14266.13,-1.4266,0.0,-1.3828,-1.3828,9,0.6429,25296.11,2.5296,33.3333,0.3281,2.9529
4370cf20,bull,s12|s91|s32|s65,4,0.044311267,0.0183969588,9.6118,0.0,-6.6273,14,42.8571,0.041198,3,0.2143,132624.2,13.2624,100.0,4.4311,13.2934,3,0.2143,-56976.41,-5.6976,0.0,-1.8397,-5.5191,8,0.5714,34564.62,3.4565,37.5,0.5119,4.0949
303f0b68,bull,s96|s44|s35,3,0.0395314043,0.0113073869,7.5935,0.0,-5.3555,18,33.3333,0.041151,5,0.2778,92240.01,9.224,60.0,1.9196,9.5979,2,0.1111,-21941.61,-2.1942,0.0,-1.1307,-2.2615,11,0.6111,23846.14,2.3846,27.2727,0.2558,2.8135
32bb2f16,bull,s91|s34|s75,3,0.0350734224,0.0192121332,10.487,0.0,-6.2043,11,54.5455,0.041134,4,0.3636,29588.8,2.9589,50.0,0.7931,3.1723,2,0.1818,70669.42,7.0669,100.0,3.5073,7.0147,5,0.4545,9484.66,0.9485,40.0,0.2502,1.251
3cf1d8e9,bull,s64|s14|s96|s1,4,0.0401678518,0.0169165832,8.7751,0.0,-5.6482,14,42.8571,0.041084,5,0.3571,82931.01,8.2931,60.0,1.7334,8.667,2,0.1429,-32826.07,-3.2826,0.0,-1.6917,-3.3833,7,0.5,50686.0,5.0686,42.8571,0.7548,5.2837
0117aebb,bull,s34|s91|s36,3,0.0397961553,0.0162226747,9.0573,0.0,-6.0488,14,42.8571,0.041063,3,0.2143,60691.72,6.0692,66.6667,2.1123,6.337,4,0.2857,-10390.88,-1.0391,25.0,-0.2218,-0.8872,7,0.5,50859.86,5.086,42.8571,0.7785,5.4498
b843afb9,bull,s58|s34|s92|s4,4,0.0525244449,0.0121208496,14.7742,0.0,-4.4162,12,41.6667,0.041004,6,0.5,189169.46,18.9169,66.6667,3.0976,18.5856,2,0.1667,-24912.08,-2.4912,0.0,-1.2121,-2.4242,4,0.3333,12486.64,1.2487,25.0,0.404,1.6162
e79d7155,bull,s83|s1|s26,3,0.0228080952,0.0142159739,9.1255,0.0,-1.7725,8,75.0,0.04099,4,0.5,52889.08,5.2889,75.0,1.3552,5.4208,1,0.125,23182.88,2.3183,100.0,2.2808,2.2808,3,0.375,31248.19,3.1248,66.6667,1.0467,3.14
7c7cd97f,bull,s10|s68|s26,3,0.0402928129,0.019371999,9.3691,0.0,-5.5635,12,50.0,0.040989,5,0.4167,78075.5,7.8076,60.0,1.6427,8.2134,2,0.1667,19476.67,1.9477,50.0,1.046,2.0921,5,0.4167,22800.07,2.28,40.0,0.4494,2.247
0de8f81e,bull,s94|s12|s84|s24,4,0.0246760131,0.0150565835,3.2535,0.0,-5.4614,15,46.6667,0.040989,6,0.4,25380.06,2.538,50.0,0.481,2.8858,3,0.2,-4945.3,-0.4945,33.3333,-0.1812,-0.5437,6,0.4,27611.71,2.7612,50.0,0.481,2.8858
c4b31049,bull,s8|s12|s27,3,0.0488236045,0.0108099819,8.071,0.0,-6.8205,21,28.5714,0.040965,4,0.1905,74233.53,7.4234,50.0,1.9007,7.6027,5,0.2381,6257.34,0.6257,20.0,0.1117,0.5584,12,0.5714,42916.58,4.2917,25.0,0.4098,4.9181
c6f0fffd,bull,s33|s24|s10,3,0.0401202435,0.0165261146,10.5731,0.0,-7.8002,13,46.1538,0.040912,4,0.3077,41908.08,4.1908,50.0,1.1797,4.7188,3,0.2308,8325.85,0.8326,33.3333,0.2356,0.7068,6,0.4615,67348.69,6.7349,50.0,1.1797,7.0782
295644ed,bull,s41|s88,2,0.0520826113,0.0119619499,16.3641,0.0,-5.3383,11,45.4545,0.040877,3,0.2727,91610.11,9.161,66.6667,3.0734,9.2203,2,0.1818,41666.51,4.1667,50.0,2.006,4.0121,6,0.5455,55208.08,5.5208,33.3333,0.9386,5.6317
152ff194,bull,s14|s2|s32|s6|s47,5,0.0401746406,0.015724378,7.8307,0.0,-5.0695,15,40.0,0.040834,4,0.2667,101190.34,10.119,75.0,2.62,10.48,3,0.2,-46243.48,-4.6243,0.0,-1.5724,-4.7173,8,0.5333,38099.88,3.81,37.5,0.5238,4.1902
bd5e57bb,bull,s79|s91,2,0.0354770874,0.0129756481,9.0064,0.0,-6.3068,14,42.8571,0.040789,5,0.3571,30297.44,3.0297,40.0,0.6405,3.2027,3,0.2143,9875.52,0.9876,33.3333,0.3175,0.9526,6,0.4286,63899.55,6.39,50.0,1.1251,6.7504
384f9780,bull,s73|s43|s30|s91,4,0.055268432,0.015420619,16.1981,0.0,-5.2526,11,45.4545,0.040788,4,0.3636,80407.78,8.0408,50.0,1.9924,7.9696,3,0.2727,100502.08,10.0502,66.6667,3.1705,9.5116,4,0.3636,4328.21,0.4328,25.0,0.2252,0.9007
011b7b15,bull,s42|s43|s9,3,0.0326262442,0.0167266688,8.4613,0.0,-4.639,12,50.0,0.040783,4,0.3333,30188.89,3.0189,50.0,0.795,3.1799,3,0.25,47760.14,4.776,66.6667,1.6175,4.8526,5,0.4167,12752.96,1.2753,40.0,0.3014,1.5072
e4d9fa20,bull,s54|s6|s8,3,0.037329022,0.0090535062,6.9294,0.0,-5.2704,20,30.0,0.040763,5,0.25,44976.99,4.4977,40.0,0.95,4.7498,5,0.25,46292.08,4.6292,40.0,0.95,4.7498,10,0.5,-641.3,-0.0641,20.0,0.0223,0.223
c70dd166,bull,s93|s82|s11,3,0.0448994407,0.0129653385,8.8494,0.0,-7.3923,18,33.3333,0.040759,6,0.3333,34753.04,3.4753,33.3333,0.6323,3.7938,3,0.1667,21435.17,2.1435,33.3333,0.6323,1.8969,9,0.5,53889.28,5.3889,33.3333,0.6323,5.6906
d24e6c41,bull,s15|s59|s94|s44|s64,5,0.0400423588,0.0150813098,8.2511,0.0,-5.7239,15,40.0,0.04075,4,0.2667,101641.64,10.1642,75.0,2.6261,10.5046,3,0.2,-45416.91,-4.5417,0.0,-1.5081,-4.5244,8,0.5333,41679.64,4.168,37.5,0.559,4.4721
757b24d1,bull,s12|s24|s96|s59|s79,5,0.0368057424,0.0107667643,6.8049,0.0,-4.7164,18,33.3333,0.040705,5,0.2778,133589.91,13.359,80.0,2.7291,13.6456,4,0.2222,-42326.31,-4.2326,0.0,-1.0767,-4.3067,9,0.5,-2608.91,-0.2609,22.2222,-0.0195,-0.1756
b3075b1b,bull,s4|s5,2,0.0293425687,0.0116185937,3.6537,0.0,-6.0447,19,36.8421,0.040663,7,0.3684,78243.0,7.8243,57.1429,1.1788,8.2514,5,0.2632,23391.8,2.3392,40.0,0.4766,2.3829,7,0.3684,-42374.28,-4.2374,14.2857,-0.5767,-4.0369
74b0193b,bull,s35|s48|s8,3,0.0289212545,0.0142427412,3.7017,0.0,-6.262,17,41.1765,0.040647,6,0.3529,83830.89,8.3831,66.6667,1.4533,8.72,3,0.1765,-1100.87,-0.1101,33.3333,0.0145,0.0436,8,0.4706,-28808.55,-2.8809,25.0,-0.3452,-2.7614
593f35fe,bull,s33|s10,2,0.0332279585,0.0159700965,9.3653,0.0,-6.15,12,50.0,0.040563,3,0.25,47111.11,4.7111,66.6667,1.6829,5.0486,3,0.25,3477.59,0.3478,33.3333,0.0429,0.1288,6,0.5,49860.7,4.9861,50.0,0.8629,5.1774
fdc46a31,bull,s60|s14|s48|s8,4,0.0333219188,0.0161575166,8.8738,0.0,-5.5048,12,50.0,0.040555,3,0.25,96943.81,9.6944,100.0,3.3322,9.9966,2,0.1667,-31772.86,-3.1773,0.0,-1.6158,-3.2315,7,0.5833,32395.25,3.2395,42.8571,0.5048,3.5336
31554de1,bull,s15|s78|s54|s7|s46,5,0.0415748396,0.0107648511,7.9282,0.0,-6.3609,18,33.3333,0.040547,6,0.3333,142819.41,14.2819,66.6667,2.4128,14.477,3,0.1667,-32370.61,-3.2371,0.0,-1.0765,-3.2295,9,0.5,4430.25,0.443,22.2222,0.0866,0.7796
9f61e487,bull,s84|s63|s41,3,0.0398812879,0.0134927593,8.4162,0.0,-6.4859,16,37.5,0.040546,5,0.3125,36451.13,3.6451,40.0,0.7857,3.9284,3,0.1875,12240.93,1.2241,33.3333,0.4299,1.2896,8,0.5,49561.8,4.9562,37.5,0.6523,5.218
12b823f7,bull,s73|s24|s44,3,0.0488366555,0.0185782356,9.9977,0.0,-8.284,15,40.0,0.040542,5,0.3333,106756.88,10.6757,60.0,2.1871,10.9353,2,0.1333,-37391.86,-3.7392,0.0,-1.8578,-3.7156,8,0.5333,46713.68,4.6714,37.5,0.6702,5.3619
cce0f591,bull,s78|s54|s69,3,0.0338075674,0.0196807118,9.9797,0.0,-5.769,10,60.0,0.040522,4,0.4,82237.47,8.2237,75.0,2.0435,8.1742,2,0.2,12154.82,1.2155,50.0,0.7063,1.4127,4,0.4,26258.66,2.6259,50.0,0.7063,2.8254
b7b0b08a,bull,s83|s36|s26,3,0.024394167,0.0152322073,9.9239,0.0,-3.8362,8,75.0,0.04051,2,0.25,48717.66,4.8718,100.0,2.4394,4.8788,1,0.125,24795.02,2.4795,100.0,2.4394,2.4394,5,0.625,42120.11,4.212,60.0,0.8544,4.2718
6ca8bce6,bull,s68|s64|s12,3,0.045286021,0.0119939907,8.2482,0.0,-6.8259,18,33.3333,0.040505,4,0.2222,62533.23,6.2533,50.0,1.6646,6.6584,5,0.2778,-196.6,-0.0197,20.0,-0.0538,-0.269,9,0.5,58747.2,5.8747,33.3333,0.7099,6.3894
3030e8e9,bull,s43|s44|s10,3,0.0325662175,0.0162516511,4.6311,0.0,-7.65,17,41.1765,0.040495,8,0.4706,15534.77,1.5535,37.5,0.2055,1.644,3,0.1765,-416.79,-0.0417,33.3333,0.0021,0.0063,6,0.3529,46944.9,4.6945,50.0,0.8157,4.8944
cdd65735,bull,s39|s53|s6,3,0.0363579421,0.019576766,9.2256,0.0,-6.0626,12,50.0,0.040492,3,0.25,51493.18,5.1493,66.6667,1.7713,5.3139,3,0.25,53693.1,5.3693,66.6667,1.7713,5.3139,6,0.5,-5976.51,-0.5977,33.3333,-0.0932,-0.5591
53305e75,bull,s4|s33|s58,3,0.0358950126,0.0159159085,8.9035,0.0,-6.1791,13,46.1538,0.04044,4,0.3077,36845.11,3.6845,50.0,0.999,3.9958,3,0.2308,3721.0,0.3721,33.3333,0.1354,0.4063,6,0.4615,56601.78,5.6602,50.0,0.999,5.9937
4a289477,bull,s84|s33|s68|s35,4,0.0263599723,0.0093515036,3.0412,0.0,-5.435,19,36.8421,0.040427,7,0.3684,75392.83,7.5393,57.1429,1.1055,7.7385,4,0.2105,-2548.07,-0.2548,25.0,-0.0424,-0.1695,8,0.4211,-5490.59,-0.5491,25.0,-0.0424,-0.3389
a4d06ce4,bull,s70|s60|s26,3,0.0318741711,0.0084185126,3.6996,0.0,-6.0064,25,28.0,0.04039,8,0.32,128584.98,12.8585,62.5,1.6764,13.4115,2,0.08,-16636.69,-1.6637,0.0,-0.8419,-1.6837,15,0.6,-46396.82,-4.6397,13.3333,-0.3046,-4.5692
b87e6383,bull,s36|s75|s9|s6,4,0.0355382571,0.0124823978,7.3105,0.0,-5.2068,16,37.5,0.040359,7,0.4375,148625.61,14.8626,71.4286,2.1818,15.2726,1,0.0625,-12067.31,-1.2067,0.0,-1.2482,-1.2482,8,0.5,-52611.4,-5.2611,12.5,-0.648,-5.1839
fb3b2481,bull,s30|s60|s34,3,0.0425696625,0.0173281445,7.9718,0.0,-5.4753,14,42.8571,0.040329,3,0.2143,66375.39,6.6375,66.6667,2.2604,6.7811,4,0.2857,-10086.91,-1.0087,25.0,-0.2354,-0.9415,7,0.5,54103.96,5.4104,42.8571,0.8342,5.8396
c87c9ae5,bull,s4|s43|s39|s96,4,0.0504434038,0.0174586189,8.5956,0.0,-7.0301,16,37.5,0.040253,4,0.25,61998.86,6.1999,50.0,1.6492,6.597,5,0.3125,-17985.67,-1.7986,20.0,-0.3878,-1.9391,7,0.4375,76366.95,7.6367,42.8571,1.1642,8.1496
b22dfdef,bull,s4|s58|s27,3,0.0516128852,0.0088291473,8.1532,0.0,-8.0388,25,24.0,0.040248,6,0.24,63129.54,6.313,33.3333,1.1318,6.7909,5,0.2,18286.37,1.8286,20.0,0.3259,1.6296,14,0.56,50801.06,5.0801,21.4286,0.4123,5.7718
15685d76,bull,s35|s94|s10|s5|s41,5,0.0462913013,0.0197709246,8.2505,0.0,-5.9525,14,42.8571,0.04024,4,0.2857,49378.02,4.9378,50.0,1.326,5.3041,4,0.2857,-12629.02,-1.2629,25.0,-0.3255,-1.3021,6,0.4286,76024.29,7.6024,50.0,1.326,7.9561
eeff42a9,bull,s11|s9,2,0.0393672754,0.018588047,9.0314,0.0,-6.7212,13,46.1538,0.04015,3,0.2308,56139.31,5.6139,66.6667,2.0049,6.0147,3,0.2308,1622.32,0.1622,33.3333,0.073,0.2191,7,0.5385,43583.76,4.3584,42.8571,0.625,4.375
5c03a0a1,bull,s69|s14|s64,3,0.0408984383,0.0172948452,8.7889,0.0,-6.7809,14,42.8571,0.040148,4,0.2857,45196.56,4.5197,50.0,1.1802,4.7207,3,0.2143,5822.83,0.5823,33.3333,0.2103,0.6309,7,0.5,49989.06,4.9989,42.8571,0.7645,5.3516
3c353979,bull,s58|s33|s27,3,0.0517675471,0.0141799942,9.596,0.0,-8.9897,18,33.3333,0.040109,4,0.2222,72004.56,7.2005,50.0,1.8794,7.5175,4,0.2222,9435.64,0.9436,25.0,0.2307,0.9228,10,0.5556,54322.81,5.4323,30.0,0.5604,5.6043
b7e2756f,bull,s42|s3|s60,3,0.0455355396,0.0101293126,7.0811,0.0,-6.2047,21,28.5714,0.040078,4,0.1905,67070.23,6.707,50.0,1.7703,7.0812,5,0.2381,6391.03,0.6391,20.0,0.1004,0.5018,12,0.5714,39818.97,3.9819,25.0,0.3787,4.5443
88470d73,bull,s30|s38|s40,3,0.0504161224,0.0133789639,15.906,0.0,-4.5417,10,50.0,0.04,3,0.3,85401.41,8.5401,66.6667,2.9151,8.7453,3,0.3,-40900.91,-4.0901,0.0,-1.3379,-4.0137,4,0.4,136982.55,13.6983,75.0,3.4467,13.7869
45cd0f0e,bull,s43|s6,2,0.0380605965,0.016593147,7.7382,0.0,-5.6252,14,42.8571,0.039942,4,0.2857,94211.81,9.4212,75.0,2.4397,9.7589,4,0.2857,42236.78,4.2237,50.0,1.0734,4.2935,6,0.4286,-47546.86,-4.7547,16.6667,-0.7484,-4.4905
27ec69a5,bull,s41|s32|s91|s11,4,0.0209879902,0.0103504816,-4.9489,0.0,-10.5537,37,35.1351,0.039922,13,0.3514,20101.21,2.0101,38.4615,0.1703,2.2136,7,0.1892,20550.51,2.0551,42.8571,0.308,2.1562,17,0.4595,-20388.07,-2.0388,29.4118,-0.1133,-1.9266
d2630e91,bull,s70|s10|s87,3,0.0369139716,0.0199505312,9.2263,0.0,-6.8546,12,50.0,0.039922,4,0.3333,30910.25,3.091,50.0,0.8482,3.3927,3,0.25,54394.5,5.4394,66.6667,1.7959,5.3877,5,0.4167,13562.44,1.3562,40.0,0.2795,1.3976
322c9772,bull,s92|s43|s69,3,0.0283083906,0.0138642671,0.0473,0.0,-6.1884,22,36.3636,0.039915,8,0.3636,91252.67,9.1253,62.5,1.2494,9.9949,4,0.1818,27058.04,2.7058,50.0,0.7222,2.8888,10,0.4545,-92508.49,-9.2508,10.0,-0.9647,-9.647
a66f5354,bull,s15|s35|s46|s82,4,0.0238123808,0.009268526,-0.8492,0.0,-7.5713,27,33.3333,0.0399,8,0.2963,86843.51,8.6844,62.5,1.1407,9.1256,5,0.1852,17930.13,1.793,40.0,0.3964,1.9819,14,0.5185,-62318.59,-6.2319,14.2857,-0.4543,-6.3598
14e44110,bull,s88|s69,2,0.0281692232,0.0085780688,3.1061,0.0,-5.8181,21,33.3333,0.039887,7,0.3333,46864.57,4.6865,42.8571,0.7171,5.0195,6,0.2857,20859.51,2.086,33.3333,0.3671,2.2026,8,0.381,3714.82,0.3715,25.0,0.0609,0.487
7091cfcf,bull,s40|s1|s36|s2,4,0.0282942004,0.0122183906,3.8193,0.0,-7.0591,18,38.8889,0.039876,5,0.2778,57142.07,5.7142,60.0,1.2089,6.0446,1,0.0556,-11812.08,-1.1812,0.0,-1.2218,-1.2218,12,0.6667,12205.32,1.2205,33.3333,0.1286,1.543
1d327298,bull,s12|s10|s83,3,0.0204081433,0.0112108169,-2.9983,0.0,-8.9158,26,38.4615,0.039855,8,0.3077,32579.78,3.258,50.0,0.4599,3.6789,7,0.2692,-44387.44,-4.4387,14.2857,-0.6694,-4.6857,11,0.4231,30692.57,3.0693,45.4545,0.3161,3.4776
1a5770c1,bull,s38|s21|s27,3,0.0350942885,0.0129483295,7.5137,0.0,-5.7455,15,40.0,0.039845,5,0.3333,76252.25,7.6252,60.0,1.5877,7.9386,4,0.2667,43821.28,4.3821,50.0,1.1073,4.4292,6,0.4,-30436.46,-3.0436,16.6667,-0.4941,-2.9647
d990996a,bull,s35|s7,2,0.0349670021,0.0167764467,7.9229,0.0,-5.6464,13,46.1538,0.039836,5,0.3846,68952.88,6.8953,60.0,1.427,7.1348,2,0.1538,-32896.79,-3.2897,0.0,-1.6776,-3.3553,6,0.4615,51265.94,5.1266,50.0,0.9095,5.4572
782f6d27,bull,s36|s48|s12,3,0.0317051336,0.0143026184,7.6356,0.0,-5.2817,13,46.1538,0.039821,5,0.3846,107610.09,10.761,80.0,2.2504,11.2518,1,0.0769,-13827.0,-1.3827,0.0,-1.4303,-1.4303,7,0.5385,-9385.69,-0.9386,28.5714,-0.1158,-0.8103
e8f94a2d,bull,s4|s34|s65,3,0.0328864345,0.0096706967,1.4144,0.0,-6.9349,27,29.6296,0.039821,8,0.2963,47104.16,4.7104,37.5,0.6288,5.0306,6,0.2222,64626.93,6.4627,50.0,1.1608,6.9647,13,0.4815,-41467.91,-4.1468,15.3846,-0.3123,-4.0605
317cc60f,bull,s59|s36|s21,3,0.0350535141,0.0088676364,7.4748,0.0,-6.6324,19,31.5789,0.039801,7,0.3684,109234.38,10.9234,57.1429,1.623,11.3611,2,0.1053,-17207.36,-1.7207,0.0,-0.8868,-1.7735,10,0.5263,-2224.02,-0.2224,20.0,-0.0083,-0.0834
6473060e,bull,s64|s48|s43|s59,4,0.0447853291,0.0101807855,15.2001,0.0,-3.9427,10,50.0,0.039794,6,0.6,162677.81,16.2678,66.6667,2.6463,15.878,2,0.2,-22395.98,-2.2396,0.0,-1.0181,-2.0362,2,0.2,32761.36,3.2761,50.0,1.7302,3.4605
70252a35,bull,s68|s58|s44|s11|s1,5,0.0267407221,0.0143720781,2.311,0.0,-5.2448,17,41.1765,0.039793,8,0.4706,86502.83,8.6503,62.5,1.1323,9.0587,1,0.0588,-13883.91,-1.3884,0.0,-1.4372,-1.4372,8,0.4706,-33135.93,-3.3136,25.0,-0.4094,-3.2751
325a7ac2,bull,s33|s87|s35|s74|s95,5,0.0457830233,0.0111570287,7.3545,0.0,-6.67,20,30.0,0.039763,6,0.3,102053.46,10.2053,50.0,1.7313,10.3878,3,0.15,-33672.54,-3.3673,0.0,-1.1157,-3.3471,11,0.55,45143.6,4.5144,27.2727,0.4372,4.8093
2fc00016,bull,s54|s10|s27,3,0.0377041058,0.0109012288,6.9421,0.0,-5.8009,18,33.3333,0.039732,5,0.2778,40093.64,4.0094,40.0,0.8541,4.2705,3,0.1667,63398.34,6.3398,66.6667,2.1502,6.4507,10,0.5556,-14706.98,-1.4707,20.0,-0.118,-1.1802
13928419,bull,s4|s21|s5,3,0.0307648175,0.0083709636,2.176,0.0,-8.02,27,29.6296,0.039708,11,0.4074,95958.13,9.5958,45.4545,0.9418,10.3598,7,0.2593,18283.86,1.8284,28.5714,0.2811,1.9675,9,0.3333,-36583.34,-3.6583,11.1111,-0.4023,-3.6203
9ac89c8b,bull,s42|s48|s27,3,0.0377247179,0.0088072175,5.6987,0.0,-4.547,20,30.0,0.039662,7,0.35,73284.45,7.3284,42.8571,1.1135,7.7945,3,0.15,65484.78,6.5485,66.6667,2.2214,6.6642,10,0.5,-42938.49,-4.2938,10.0,-0.4154,-4.154
01cfd844,bull,s9|s83|s21,3,0.0333536187,0.0164008723,7.8545,0.0,-5.7832,13,46.1538,0.039658,4,0.3077,31137.82,3.1138,50.0,0.8476,3.3905,4,0.3077,33518.33,3.3518,50.0,0.8476,3.3905,5,0.3846,16854.12,1.6854,40.0,0.3501,1.7505
d401c7a0,bull,s47|s82|s12,3,0.0353352737,0.0127257559,6.5327,0.0,-4.696,15,40.0,0.039613,2,0.1333,20595.57,2.0596,50.0,1.1305,2.261,6,0.4,67033.13,6.7033,50.0,1.1305,6.7829,7,0.4667,6961.83,0.6962,28.5714,0.1006,0.7042
2b8d7d10,bull,s11|s84|s73,3,0.0330174562,0.0169022709,8.4933,0.0,-6.3741,12,50.0,0.039564,4,0.3333,30199.36,3.0199,50.0,0.8058,3.223,2,0.1667,15591.06,1.5591,50.0,0.8058,1.6115,6,0.5,45418.91,4.5419,50.0,0.8058,4.8346
5a437ed0,bull,s9|s15|s27,3,0.039922784,0.0093750352,7.0716,0.0,-6.7311,22,27.2727,0.039561,6,0.2727,87500.41,8.75,50.0,1.5274,9.1643,4,0.1818,59939.05,5.9939,50.0,1.5274,6.1095,12,0.5455,-61825.61,-6.1826,8.3333,-0.5267,-6.3203
0fa48236,bull,s7|s34|s64|s24,4,0.0547863791,0.0190215373,14.8357,0.0,-5.3,11,45.4545,0.039557,4,0.3636,70395.06,7.0395,50.0,1.7882,7.153,2,0.1818,-39801.24,-3.9801,0.0,-1.9022,-3.8043,5,0.4545,124234.11,12.4234,60.0,2.5263,12.6316
d911a706,bull,s44|s74,2,0.0405007743,0.0197254218,8.9383,0.0,-7.3581,13,46.1538,0.039556,4,0.3077,98279.46,9.8279,75.0,2.5444,10.1777,1,0.0769,-19247.9,-1.9248,0.0,-1.9725,-1.9725,8,0.6154,18980.05,1.898,37.5,0.2859,2.2875
7908aca0,bull,s44|s53|s82|s6,4,0.0375638854,0.0192535659,7.4891,0.0,-5.4281,13,46.1538,0.039555,4,0.3077,90057.02,9.0057,75.0,2.336,9.3438,2,0.1538,-37589.13,-3.7589,0.0,-1.9254,-3.8507,7,0.5385,33168.47,3.3168,42.8571,0.5097,3.5677
55289601,bull,s8|s4|s46|s30,4,0.056857871,0.0160698245,14.0083,0.0,-5.4166,12,41.6667,0.039548,3,0.25,96896.7,9.6897,66.6667,3.2549,9.7646,3,0.25,24301.97,2.4302,33.3333,0.8239,2.4718,6,0.5,46169.07,4.6169,33.3333,0.8239,4.9436
91934efa,bull,s11|s63|s35|s59|s88,5,0.0393026122,0.0129154912,8.1821,0.0,-6.9745,15,40.0,0.039541,4,0.2667,104125.37,10.4125,75.0,2.6248,10.4992,3,0.2,-40020.94,-4.0021,0.0,-1.2915,-3.8746,8,0.5333,50274.99,5.0275,37.5,0.6666,5.333
a9ac9900,bull,s15|s54|s93,3,0.0456893537,0.0094580263,13.5109,0.0,-4.8133,12,41.6667,0.039505,6,0.5,165339.59,16.534,66.6667,2.7307,16.3841,2,0.1667,-19848.85,-1.9849,0.0,-0.9458,-1.8916,4,0.3333,14749.95,1.475,25.0,0.4329,1.7315
f8de9861,bull,s58|s64,2,0.0451146243,0.0123446817,6.7118,0.0,-5.8825,19,31.5789,0.039496,7,0.3684,86843.95,8.6844,42.8571,1.2281,8.5965,3,0.1579,-37145.28,-3.7145,0.0,-1.2345,-3.7034,9,0.4737,56801.14,5.6801,33.3333,0.6808,6.1276
d1b569d0,bull,s42|s3|s64|s34,4,0.0430984313,0.0129556163,7.6355,0.0,-6.9566,18,33.3333,0.039482,5,0.2778,44461.49,4.4461,40.0,0.9466,4.733,4,0.2222,2714.91,0.2715,25.0,0.1058,0.4232,9,0.5,49172.5,4.9172,33.3333,0.5729,5.1562
b75b7bee,bull,s63|s9|s42|s74,4,0.0345628872,0.0140191154,3.0873,0.0,-6.3327,19,36.8421,0.039473,7,0.3684,142422.47,14.2422,71.4286,2.0682,14.4776,2,0.1053,-28285.6,-2.8286,0.0,-1.4019,-2.8038,10,0.5263,-46013.5,-4.6014,20.0,-0.4303,-4.3027
526af223,bull,s15|s39,2,0.0451764686,0.0139068741,8.7644,0.0,-8.0709,16,37.5,0.03947,5,0.3125,104880.86,10.4881,60.0,2.1543,10.7716,3,0.1875,-42950.33,-4.295,0.0,-1.3907,-4.1721,8,0.5,60694.11,6.0694,37.5,0.8249,6.5995
edbe078d,bull,s15|s42|s26,3,0.0507146767,0.0119264749,7.2419,0.0,-6.9341,21,28.5714,0.039429,4,0.1905,135284.65,13.5285,75.0,3.5054,14.0218,3,0.1429,-36805.45,-3.6805,0.0,-1.1926,-3.5779,14,0.6667,15343.85,1.5344,21.4286,0.1497,2.0953
b903d503,bull,s91|s36|s12,3,0.0431311302,0.0138093406,6.5521,0.0,-5.374,17,35.2941,0.039429,5,0.2941,43179.04,4.3179,40.0,0.8967,4.4834,3,0.1765,14139.1,1.4139,33.3333,0.5171,1.5512,9,0.5294,43261.43,4.3261,33.3333,0.5171,4.6537
e879f044,bull,s34|s95|s84,3,0.047184658,0.0091700673,6.468,0.0,-6.3402,25,24.0,0.039426,9,0.36,80509.38,8.0509,33.3333,0.9615,8.6534,5,0.2,65890.85,6.5891,40.0,1.3372,6.6859,11,0.44,-47789.1,-4.7789,9.0909,-0.4047,-4.4516
eb6d9e41,bull,s33|s54|s63,3,0.0352815831,0.0144246222,6.4632,0.0,-4.5471,14,42.8571,0.039419,6,0.4286,111743.03,11.1743,66.6667,1.8713,11.2277,2,0.1429,-28996.08,-2.8996,0.0,-1.4425,-2.8849,6,0.4286,10086.24,1.0086,33.3333,0.2144,1.2865
6d16ce0b,bull,s8|s35|s3,3,0.0522997382,0.0103676904,6.9941,0.0,-6.957,24,25.0,0.039411,6,0.25,58464.78,5.8465,33.3333,1.0521,6.3129,5,0.2083,12355.03,1.2355,20.0,0.2166,1.0829,13,0.5417,47549.4,4.7549,23.0769,0.4094,5.3222
d08664e5,bull,s70|s32|s27,3,0.0336928311,0.014392953,7.2307,0.0,-5.6285,14,42.8571,0.03937,2,0.1429,17384.73,1.7385,50.0,0.965,1.93,4,0.2857,85574.34,8.5574,75.0,2.1671,8.6686,8,0.5714,-20683.6,-2.0684,25.0,-0.2372,-1.8972
15efa0cf,bull,s79|s35|s11,3,0.0456670476,0.0165603513,6.7113,0.0,-5.4604,16,37.5,0.039348,5,0.3125,100299.72,10.03,60.0,2.0776,10.388,3,0.1875,-49807.18,-4.9807,0.0,-1.656,-4.9681,8,0.5,50528.26,5.0528,37.5,0.6775,5.4199
fe13e7f9,bull,s59|s8|s4|s35|s10,5,0.0394243015,0.0120871098,7.9645,0.0,-7.3478,17,35.2941,0.039337,6,0.3529,27475.74,2.7476,33.3333,0.5083,3.05,3,0.1765,14615.49,1.4615,33.3333,0.5083,1.525,8,0.4706,53781.69,5.3782,37.5,0.723,5.7837
820b6793,bull,s55|s48|s5,3,0.0276549883,0.0158077479,7.8558,0.0,-5.427,11,54.5455,0.039331,5,0.4545,92643.75,9.2644,80.0,1.8962,9.4812,2,0.1818,-31527.65,-3.1528,0.0,-1.5808,-3.1615,4,0.3636,24460.05,2.446,50.0,0.5924,2.3694
5b3b6d7e,bull,s43|s7,2,0.061972856,0.0117296744,12.4569,0.0,-7.4769,17,29.4118,0.039315,5,0.2941,88482.57,8.8483,40.0,1.7751,8.8757,2,0.1176,-25681.9,-2.5682,0.0,-1.173,-2.3459,10,0.5882,98664.9,9.8665,30.0,1.0381,10.3811
493e03a5,bull,s79|s34|s88|s35,4,0.0521872246,0.0166326416,19.1438,0.0,-6.1347,8,62.5,0.039307,3,0.375,85502.29,8.5502,66.6667,2.9247,8.7742,1,0.125,58114.75,5.8115,100.0,5.2187,5.2187,4,0.5,67114.01,6.7114,50.0,1.7777,7.1109
ff47e93c,bull,s78|s54|s10,3,0.0384267022,0.0190431166,8.2912,0.0,-6.8315,13,46.1538,0.039294,3,0.2308,53868.11,5.3868,66.6667,1.927,5.781,4,0.3077,38157.98,3.8158,50.0,0.9692,3.8767,6,0.4615,595.38,0.0595,33.3333,0.0113,0.0681
f32ba38a,bull,s35|s15|s27,3,0.0467232676,0.0198911668,8.0835,0.0,-6.862,14,42.8571,0.039289,4,0.2857,118104.74,11.8105,75.0,3.007,12.0279,3,0.2143,-61563.38,-6.1563,0.0,-1.9891,-5.9674,7,0.5,54914.25,5.4914,42.8571,0.8658,6.0605
290f20a3,bull,s59|s14|s6,3,0.0256121342,0.0113241683,1.73,0.0,-4.843,18,38.8889,0.039261,6,0.3333,114186.37,11.4186,83.3333,1.9456,11.6737,4,0.2222,-44961.58,-4.4962,0.0,-1.1324,-4.5297,8,0.4444,-17169.55,-1.717,25.0,-0.209,-1.6721
2649fc12,bull,s82|s68|s88,3,0.049151476,0.0149820199,15.0531,0.0,-6.0695,11,45.4545,0.039241,4,0.3636,68883.38,6.8883,50.0,1.7085,6.8339,2,0.1818,35979.24,3.5979,50.0,1.7085,3.4169,5,0.4545,51339.87,5.134,40.0,1.0671,5.3357
59eca016,bull,s21|s42|s96|s79,4,0.0485099314,0.0133067654,16.8142,0.0,-5.3433,9,55.5556,0.039221,3,0.3333,81959.23,8.1959,66.6667,2.7904,8.3713,2,0.2222,-27914.77,-2.7915,0.0,-1.3307,-2.6614,4,0.4444,131829.66,13.183,75.0,3.3056,13.2223
2d0c136d,bull,s43|s24|s10|s95|s46,5,0.0419929244,0.0163561967,6.4553,0.0,-5.0375,15,40.0,0.039213,5,0.3333,145542.24,14.5542,80.0,3.0323,15.1616,4,0.2667,-64948.88,-6.4949,0.0,-1.6356,-6.5425,6,0.4,15573.43,1.5573,33.3333,0.3094,1.8561
2fce9dcf,bull,s95|s83|s91|s79|s11,5,0.0246646488,0.0080912996,4.8189,0.0,-3.2147,16,37.5,0.039082,7,0.4375,8361.71,0.8362,28.5714,0.1268,0.8873,4,0.25,909.7,0.091,25.0,0.0098,0.0391,5,0.3125,55484.76,5.5485,60.0,1.1562,5.7811
f7e8499e,bull,s47|s8|s26,3,0.0433885222,0.0156187344,17.156,0.0,-3.9963,8,62.5,0.039062,4,0.5,115234.79,11.5235,75.0,2.8637,11.4547,1,0.125,43150.3,4.315,100.0,4.3389,4.3389,3,0.375,13533.65,1.3534,33.3333,0.405,1.2151
388356e4,bull,s54|s59|s11|s41,4,0.0365366305,0.0139187542,6.0007,0.0,-4.624,15,40.0,0.039039,5,0.3333,132004.89,13.2005,80.0,2.6446,13.2228,3,0.2,-41903.67,-4.1904,0.0,-1.3919,-4.1756,7,0.4667,1561.92,0.1562,28.5714,0.0497,0.3479
b894e04a,bull,s41|s36|s14|s59,4,0.0490426812,0.0139132063,8.145,0.0,-8.0552,18,33.3333,0.039029,4,0.2222,132001.13,13.2001,75.0,3.3304,13.3215,4,0.2222,-55424.22,-5.5424,0.0,-1.3913,-5.5653,10,0.5556,43425.62,4.3426,30.0,0.4974,4.9736
5ffe5d0d,bull,s3|s74|s82|s34,4,0.0566914149,0.0182982364,14.0107,0.0,-6.2013,12,41.6667,0.038985,2,0.1667,34015.31,3.4015,50.0,1.9197,3.8393,3,0.25,98981.51,9.8982,66.6667,3.1695,9.5085,7,0.5833,16467.01,1.6467,28.5714,0.3127,2.1892
3344739a,bull,s82|s68|s3,3,0.0310374588,0.0195113552,7.6331,0.0,-5.7225,11,54.5455,0.03894,1,0.0909,-19396.28,-1.9396,0.0,-1.9511,-1.9511,4,0.3636,71904.66,7.1905,75.0,1.84,7.3601,6,0.5455,30728.4,3.0728,50.0,0.5763,3.4578
d846ebc3,bull,s41|s54,2,0.0473162772,0.0104241927,12.2907,0.0,-4.947,13,38.4615,0.038924,6,0.4615,169859.72,16.986,66.6667,2.8069,16.8417,2,0.1538,-21867.75,-2.1868,0.0,-1.0424,-2.0848,5,0.3846,2167.5,0.2168,20.0,0.1124,0.562
f60c727c,bull,s68|s9|s34|s79,4,0.0543678892,0.0173057789,16.1237,0.0,-6.6282,10,50.0,0.038922,5,0.5,129013.53,12.9014,60.0,2.5698,12.8492,2,0.2,35589.92,3.559,50.0,1.8531,3.7062,3,0.3,19963.05,1.9963,33.3333,0.6585,1.9756
055bd70c,bull,s15|s32|s40|s1,4,0.0348146146,0.0189802259,8.2127,0.0,-6.539,11,54.5455,0.038911,4,0.3636,84003.33,8.4003,75.0,2.1366,8.5464,2,0.1818,13843.84,1.3844,50.0,0.7917,1.5834,5,0.4545,8830.37,0.883,40.0,0.2538,1.2689
197dc28a,bull,s36|s48|s10,3,0.0398282206,0.0133422975,8.3803,0.0,-8.166,16,37.5,0.038887,6,0.375,79093.35,7.9093,50.0,1.3243,7.9458,2,0.125,-25890.29,-2.589,0.0,-1.3342,-2.6685,8,0.5,47606.48,4.7606,37.5,0.6597,5.2773
33e6acbe,bull,s95|s55|s91,3,0.0455934247,0.009961168,11.5377,0.0,-4.053,13,38.4615,0.038838,4,0.3077,122891.93,12.2892,75.0,3.1705,12.6819,4,0.3077,15818.62,1.5819,25.0,0.3927,1.571,5,0.3846,2756.79,0.2757,20.0,0.115,0.5749
c177f240,bull,s70|s8|s3,3,0.040925503,0.0136904913,7.2459,0.0,-6.8826,17,35.2941,0.038834,5,0.2941,38601.38,3.8601,40.0,0.8156,4.078,3,0.1765,12595.81,1.2596,33.3333,0.4515,1.3545,9,0.5294,37126.88,3.7127,33.3333,0.4515,4.0634
28a1d5c1,bull,s53|s4|s75|s94,4,0.0369099783,0.0132408021,6.7865,0.0,-5.9001,15,40.0,0.038834,6,0.4,121185.4,12.1185,66.6667,2.0193,12.1158,2,0.1333,-26715.24,-2.6715,0.0,-1.3241,-2.6482,7,0.4667,3805.7,0.3806,28.5714,0.1088,0.7616
098b8790,bull,s94|s32|s70,3,0.0409831667,0.0126722173,6.4993,0.0,-6.0708,18,33.3333,0.038802,3,0.1667,66651.9,6.6652,66.6667,2.3098,6.9294,4,0.2222,2346.62,0.2347,25.0,0.0742,0.2967,11,0.6111,19598.64,1.9599,27.2727,0.1961,2.1572
99ba7659,bull,s41|s30,2,0.0553638852,0.0158628514,15.2309,0.0,-6.9752,11,45.4545,0.0388,4,0.3636,75557.6,7.5558,50.0,1.9751,7.9002,2,0.1818,40875.96,4.0876,50.0,1.9751,3.9501,5,0.4545,61114.66,6.1115,40.0,1.2628,6.3139
dd51dead,bull,s11|s6,2,0.0351242671,0.0146471997,6.3398,0.0,-5.3513,15,40.0,0.038792,4,0.2667,89780.3,8.978,75.0,2.2681,9.0726,3,0.2,5408.55,0.5409,33.3333,0.1943,0.583,8,0.5333,-19474.78,-1.9475,25.0,-0.2204,-1.7635
b7230ed7,bull,s7|s12,2,0.0320026193,0.0141067147,6.5289,0.0,-5.3929,14,42.8571,0.038782,3,0.2143,47881.1,4.7881,66.6667,1.6633,4.9899,3,0.2143,3363.31,0.3363,33.3333,0.1263,0.3789,8,0.5714,24173.95,2.4174,37.5,0.3184,2.5474
f3c879bf,bull,s15|s54|s26,3,0.0389679836,0.0173195499,6.4538,0.0,-5.3095,14,42.8571,0.038768,6,0.4286,120616.44,12.0616,66.6667,2.0205,12.1233,2,0.1429,-34959.21,-3.4959,0.0,-1.732,-3.4639,6,0.4286,7311.36,0.7311,33.3333,0.1443,0.8658
26b015d5,bull,s74|s6|s83,3,0.0320446981,0.0137650545,2.7521,0.0,-6.5139,19,36.8421,0.038757,7,0.3684,80627.1,8.0627,57.1429,1.2412,8.6884,2,0.1053,-26482.11,-2.6482,0.0,-1.3765,-2.753,10,0.5263,-3130.69,-0.3131,30.0,-0.0022,-0.0221
44acd1ba,bull,s34|s10,2,0.0387443537,0.0137253673,7.5595,0.0,-7.2567,16,37.5,0.03871,6,0.375,21404.63,2.1405,33.3333,0.3765,2.2587,3,0.1875,10486.46,1.0486,33.3333,0.3765,1.1294,7,0.4375,57555.67,5.7556,42.8571,0.8762,6.1332
f3428c8d,bull,s75|s53|s10|s9,4,0.0374914266,0.0087012022,5.5037,0.0,-5.0944,20,30.0,0.038693,8,0.4,108967.62,10.8968,50.0,1.4395,11.5161,2,0.1,-17477.23,-1.7477,0.0,-0.8701,-1.7402,10,0.5,3432.96,0.3433,20.0,0.0537,0.5373
0ac2c5cc,bull,s74|s4,2,0.0473664337,0.0160438216,15.0303,0.0,-3.9451,9,55.5556,0.038691,5,0.5556,110878.45,11.0878,60.0,2.2002,11.0012,0,0.0,0.0,0.0,0.0,0.0,0.0,4,0.4444,62692.6,6.2693,50.0,1.5661,6.2645
19496e62,bull,s44|s42|s5,3,0.0419924535,0.0100592135,6.6483,0.0,-6.75,21,28.5714,0.038664,6,0.2857,41011.4,4.1011,33.3333,0.7291,4.3748,3,0.1429,20893.17,2.0893,33.3333,0.7291,2.1874,12,0.5714,31419.72,3.142,25.0,0.2954,3.5444
f2b2aa4b,bull,s15|s38|s27,3,0.0335185413,0.0110785917,5.9347,0.0,-5.3491,17,35.2941,0.038615,4,0.2353,86555.94,8.6556,75.0,2.2369,8.9477,3,0.1765,10735.93,1.0736,33.3333,0.3787,1.1361,10,0.5882,-22077.81,-2.2078,20.0,-0.2159,-2.1592
7362c4e2,bull,s75|s70|s33|s6,4,0.0393879729,0.0105932735,6.0384,0.0,-5.8761,20,30.0,0.03861,6,0.3,34657.07,3.4657,33.3333,0.6067,3.6403,5,0.25,46030.7,4.6031,40.0,0.9399,4.6996,9,0.45,1668.25,0.1668,22.2222,0.0514,0.4623
c7069216,bull,s44|s7|s26,3,0.0395435508,0.0175482559,7.8223,0.0,-7.4316,14,42.8571,0.038518,5,0.3571,136900.2,13.69,80.0,2.8125,14.0626,2,0.1429,-35219.63,-3.522,0.0,-1.7548,-3.5097,7,0.5,-12899.44,-1.2899,28.5714,-0.1236,-0.8654
eb1c5593,bull,s4|s68|s2,3,0.0420336998,0.0123109221,5.8984,0.0,-5.5374,18,33.3333,0.038513,4,0.2222,110158.7,11.0159,75.0,2.8448,11.379,4,0.2222,-48892.72,-4.8893,0.0,-1.2311,-4.9244,10,0.5556,35308.37,3.5308,30.0,0.3992,3.9925
56e5aae2,bull,s4|s14,2,0.0490541696,0.0124322658,7.112,0.0,-7.4069,20,30.0,0.038491,5,0.25,120333.64,12.0334,60.0,2.446,12.2298,4,0.2,-49524.79,-4.9525,0.0,-1.2432,-4.9729,11,0.55,42932.29,4.2932,27.2727,0.4337,4.7704
4ba49689,bull,s34|s9|s27,3,0.0382793581,0.0121275845,6.7744,0.0,-6.7283,18,33.3333,0.038489,6,0.3333,26332.52,2.6333,33.3333,0.4675,2.8048,4,0.2222,1411.27,0.1411,25.0,0.0474,0.1897,8,0.4444,51640.85,5.1641,37.5,0.6775,5.42
08e6b45a,bull,s64|s9|s36,3,0.0463758385,0.0172214493,6.4342,0.0,-6.0276,16,37.5,0.038449,4,0.25,-7045.82,-0.7046,25.0,-0.1322,-0.5289,4,0.25,56194.65,5.6195,50.0,1.4577,5.8309,8,0.5,49076.14,4.9076,37.5,0.6628,5.302
ebf0e06e,bull,s1|s6|s34,3,0.0570599625,0.0199572541,13.2162,0.0,-5.9214,12,41.6667,0.038424,4,0.3333,73473.1,7.3473,50.0,1.8551,7.4205,2,0.1667,-41952.95,-4.1953,0.0,-1.9957,-3.9915,6,0.5,107890.24,10.789,50.0,1.8551,11.1308
5cbff71f,bull,s38|s15,2,0.0493349237,0.017917843,15.6385,0.0,-5.2755,9,55.5556,0.038411,3,0.3333,151129.65,15.113,100.0,4.9335,14.8005,1,0.1111,-19304.07,-1.9304,0.0,-1.7918,-1.7918,5,0.5556,45087.98,4.5088,40.0,0.8983,4.4916
611a30f9,bull,s60|s46|s53|s33|s73,5,0.0368396386,0.0097027788,5.0774,0.0,-4.6688,19,31.5789,0.038395,9,0.4737,141060.4,14.106,55.5556,1.6154,14.5387,3,0.1579,-29147.5,-2.9147,0.0,-0.9703,-2.9108,7,0.3684,-23060.34,-2.306,14.2857,-0.3054,-2.1377
f11ca099,bull,s84|s43|s15,3,0.0439083166,0.0131687311,8.2666,0.0,-8.8602,18,33.3333,0.038335,5,0.2778,44023.43,4.4023,40.0,0.9662,4.831,4,0.2222,7428.91,0.7429,25.0,0.1101,0.4402,9,0.5,49976.16,4.9976,33.3333,0.5857,5.2713
e28c70cc,bull,s78|s39|s75,3,0.0337027422,0.0188519338,7.5516,0.0,-6.8423,12,50.0,0.038323,4,0.3333,77682.76,7.7683,75.0,2.0564,8.2256,2,0.1667,14554.72,1.4555,50.0,0.7425,1.4851,6,0.5,-10661.29,-1.0661,33.3333,-0.1334,-0.8002
4daaa751,bull,s95|s40|s87,3,0.0245470515,0.0142257614,6.8257,0.0,-5.2305,10,60.0,0.038322,4,0.4,18504.06,1.8504,50.0,0.5161,2.0643,2,0.2,10722.61,1.0723,50.0,0.5161,1.0321,4,0.4,59127.59,5.9128,75.0,1.4854,5.9415
04369e28,bull,s6|s7|s82,3,0.0507003216,0.0199700865,14.6847,0.0,-5.7882,10,50.0,0.038275,4,0.4,60268.82,6.0269,50.0,1.5365,6.146,1,0.1,-19486.64,-1.9487,0.0,-1.997,-1.997,5,0.5,110210.63,11.0211,60.0,2.2432,11.2161
e359a361,bull,s47|s12|s96,3,0.0488976728,0.0172372716,13.2898,0.0,-3.9403,10,50.0,0.038268,3,0.3,79929.32,7.9929,66.6667,2.6853,8.0558,2,0.2,31855.77,3.1856,50.0,1.583,3.166,5,0.5,44082.47,4.4082,40.0,0.9217,4.6084
6d33a723,bull,s4|s47|s26,3,0.0350029203,0.0104192541,13.89,0.0,-3.212,9,55.5556,0.038266,4,0.4444,140886.6,14.0887,100.0,3.5003,14.0012,1,0.1111,34810.74,3.4811,100.0,3.5003,3.5003,4,0.4444,-43159.36,-4.3159,0.0,-1.0419,-4.1677
789f7ef2,bull,s53|s96,2,0.0267808542,0.0160598087,5.3518,0.0,-4.0121,12,50.0,0.038249,4,0.3333,102969.19,10.2969,100.0,2.6781,10.7123,1,0.0833,-15514.31,-1.5514,0.0,-1.606,-1.606,7,0.5833,-27921.78,-2.7922,28.5714,-0.382,-2.6737
1d67e78c,bull,s4|s6,2,0.035674374,0.0129240159,6.4939,0.0,-6.3539,16,37.5,0.038212,5,0.3125,77893.21,7.7893,60.0,1.6235,8.1175,4,0.25,44961.73,4.4962,50.0,1.1375,4.5501,7,0.4375,-43736.33,-4.3736,14.2857,-0.5981,-4.187
3159a869,bull,s2|s78|s47|s69,4,0.0236101513,0.0118713159,0.7908,0.0,-4.7933,17,41.1765,0.038186,7,0.4118,55399.84,5.54,57.1429,0.8404,5.8827,3,0.1765,-701.9,-0.0702,33.3333,-0.0044,-0.0132,7,0.4118,-13981.65,-1.3982,28.5714,-0.1734,-1.2136
648bea5e,bull,s93|s3|s36|s11|s78,5,0.048815031,0.0134363623,8.4103,0.0,-9.1909,18,33.3333,0.038185,4,0.2222,67058.11,6.7058,50.0,1.7689,7.0757,3,0.1667,23993.32,2.3993,33.3333,0.7314,2.1942,11,0.6111,31940.47,3.194,27.2727,0.3541,3.8954
e9a87313,bull,s24|s79|s83|s70|s74,5,0.0355665653,0.0111450903,3.3956,0.0,-7.363,23,30.4348,0.038087,10,0.4348,70600.08,7.06,40.0,0.754,7.5396,3,0.1304,-32272.57,-3.2273,0.0,-1.1145,-3.3435,10,0.4348,27642.46,2.7642,30.0,0.2868,2.8684
91270023,bull,s5|s10|s54|s93|s4,5,0.0406405939,0.0189274066,7.4214,0.0,-7.4392,14,42.8571,0.038063,4,0.2857,39261.71,3.9262,50.0,1.0857,4.3426,4,0.2857,42780.94,4.2781,50.0,1.0857,4.3426,6,0.4286,5189.12,0.5189,33.3333,0.0929,0.5572
11b78214,bull,s39|s34|s10,3,0.0497400146,0.0195500803,8.1325,0.0,-8.5539,15,40.0,0.03806,5,0.3333,35356.69,3.5357,40.0,0.8166,4.083,5,0.3333,39316.5,3.9317,40.0,0.8166,4.083,5,0.3333,39079.81,3.908,40.0,0.8166,4.083
62bac6c2,bull,s2|s78|s26,3,0.0514410728,0.0197778943,13.5375,0.0,-4.6564,10,50.0,0.038036,2,0.2,103025.07,10.3025,100.0,5.1441,10.2882,2,0.2,-41499.05,-4.1499,0.0,-1.9778,-3.9556,6,0.6,93511.11,9.3511,50.0,1.5832,9.499
db97298d,bull,s11|s1|s3|s54,4,0.0480280568,0.0089531543,5.8294,0.0,-6.4298,25,24.0,0.038014,10,0.4,189578.56,18.9579,50.0,1.9537,19.5375,3,0.12,-27396.04,-2.7396,0.0,-0.8953,-2.6859,12,0.48,-54116.35,-5.4116,8.3333,-0.4205,-5.0457
2b209fdf,bull,s2|s41,2,0.0398324635,0.0127043581,5.6953,0.0,-5.653,17,35.2941,0.03798,4,0.2353,103936.99,10.3937,75.0,2.6698,10.6793,2,0.1176,-25632.89,-2.5633,0.0,-1.2704,-2.5409,11,0.6471,14630.05,1.463,27.2727,0.1624,1.7863
eb545d4b,bull,s30|s74|s70|s9|s41,5,0.0429559261,0.0170588796,6.0967,0.0,-5.9352,15,40.0,0.037974,3,0.2,4979.98,0.498,33.3333,0.2946,0.8838,4,0.2667,48822.8,4.8823,50.0,1.2949,5.1794,8,0.5333,38958.99,3.8959,37.5,0.5447,4.3573
c759010c,bull,s82|s38|s91,3,0.0517974733,0.0122992669,6.1485,0.0,-6.824,23,26.087,0.037896,6,0.2609,51812.48,5.1812,33.3333,0.9066,5.4398,5,0.2174,988.09,0.0988,20.0,0.052,0.26,12,0.5217,39024.22,3.9024,25.0,0.3725,4.4699
63bad0ba,bull,s58|s1|s93|s64,4,0.0207219777,0.0091739559,-5.7027,0.0,-9.1275,40,32.5,0.037845,19,0.475,4835.8,0.4836,31.5789,0.0267,0.507,4,0.1,-6378.76,-0.6379,25.0,-0.17,-0.68,17,0.425,19792.02,1.9792,35.2941,0.1378,2.3418
768ab6cc,bull,s59|s39|s96|s65,4,0.0315854482,0.0131101687,5.4114,0.0,-5.1729,15,40.0,0.037838,5,0.3333,152338.88,15.2339,100.0,3.1585,15.7927,3,0.2,-38701.47,-3.8701,0.0,-1.311,-3.9331,7,0.4667,-47600.84,-4.7601,14.2857,-0.6725,-4.7076
57a79411,bull,s40|s64|s39,3,0.0505484771,0.0149833536,6.4336,0.0,-7.0729,19,31.5789,0.037716,6,0.3158,39226.18,3.9226,33.3333,0.6861,4.1164,5,0.2632,-10787.44,-1.0787,20.0,-0.1877,-0.9385,8,0.4211,75264.31,7.5264,37.5,0.9591,7.6729
50a85360,bull,s46|s78|s58,3,0.036051793,0.0149927194,5.6925,0.0,-5.7136,15,40.0,0.037689,5,0.3333,173922.28,17.3922,100.0,3.6052,18.0259,2,0.1333,-29390.28,-2.939,0.0,-1.4993,-2.9985,8,0.5333,-69910.79,-6.9911,12.5,-0.8612,-6.8897
d81d9242,bull,s41|s40,2,0.046667386,0.0173304488,14.1284,0.0,-4.6017,9,55.5556,0.037688,4,0.4444,57480.81,5.7481,50.0,1.4668,5.8674,2,0.2222,-36070.11,-3.607,0.0,-1.733,-3.4661,3,0.3333,140104.85,14.0105,100.0,4.6667,14.0002
46d0d1c3,bull,s9|s78,2,0.0333786731,0.0154281682,6.2339,0.0,-6.3103,14,42.8571,0.037681,4,0.2857,81870.98,8.1871,75.0,2.1177,8.4708,4,0.2857,35327.65,3.5328,50.0,0.8975,3.5901,6,0.4286,-44786.72,-4.4787,16.6667,-0.7294,-4.3762
fab54259,bull,s75|s43|s35,3,0.0446874121,0.0119517686,5.1574,0.0,-5.4953,20,30.0,0.037657,5,0.25,106463.12,10.6463,60.0,2.2032,11.0159,3,0.15,-35936.76,-3.5937,0.0,-1.1952,-3.5855,12,0.6,22455.53,2.2456,25.0,0.2208,2.6496
1e91f1a7,bull,s21|s5|s41|s94|s63,5,0.0481761956,0.0129651697,10.8448,0.0,-4.6505,13,38.4615,0.037651,4,0.3077,68565.42,6.8565,50.0,1.7606,7.0422,4,0.3077,71150.74,7.1151,50.0,1.7606,7.0422,5,0.3846,-4892.39,-0.4892,20.0,-0.0737,-0.3684
f75da8ef,bull,s4|s78|s24|s2|s70,5,0.04376434,0.0143339731,6.5005,0.0,-7.0652,17,35.2941,0.037634,4,0.2353,54915.66,5.4916,50.0,1.4715,5.8861,4,0.2353,2730.13,0.273,25.0,0.0191,0.0762,9,0.5294,43413.19,4.3413,33.3333,0.5032,4.5289
1bd4de84,bull,s65|s41|s95|s1,4,0.0286356953,0.0093265528,0.537,0.0,-7.3797,26,30.7692,0.037605,9,0.3462,98934.49,9.8934,55.5556,1.1764,10.5872,5,0.1923,-9043.57,-0.9044,20.0,-0.1734,-0.8671,12,0.4615,-35776.11,-3.5776,16.6667,-0.3,-3.5994
4176c41e,bull,s32|s7|s82|s35|s10,5,0.0414257956,0.0098629824,5.8427,0.0,-6.585,22,27.2727,0.037591,7,0.3182,31958.56,3.1959,28.5714,0.4791,3.3537,3,0.1364,20663.55,2.0664,33.3333,0.7233,2.17,12,0.5455,33732.17,3.3732,25.0,0.2959,3.5511
e18acda0,bull,s7|s10,2,0.0467921688,0.0183454615,7.5252,0.0,-8.2738,15,40.0,0.037584,5,0.3333,33403.57,3.3404,40.0,0.771,3.8548,5,0.3333,37219.65,3.722,40.0,0.771,3.8548,5,0.3333,37046.76,3.7047,40.0,0.771,3.8548
3dfca128,bull,s34|s44|s94|s59|s6,5,0.0343661144,0.0091826756,5.1461,0.0,-5.5525,20,30.0,0.037571,4,0.2,48190.53,4.8191,50.0,1.2592,5.0367,3,0.15,15330.92,1.5331,33.3333,0.5334,1.6001,13,0.65,9868.6,0.9869,23.0769,0.0867,1.1272
4b893dc9,bull,s92|s9|s74,3,0.0358375795,0.0117002114,2.6546,0.0,-6.8968,22,31.8182,0.037568,7,0.3182,153170.95,15.3171,71.4286,2.2255,15.5787,4,0.1818,-45998.94,-4.5999,0.0,-1.17,-4.6801,11,0.5,-37391.53,-3.7392,18.1818,-0.3057,-3.3627
8045f711,bull,s69|s38|s27,3,0.0443721933,0.0173380241,5.135,0.0,-5.2262,16,37.5,0.037556,5,0.3125,94966.53,9.4967,60.0,1.9688,9.8441,5,0.3125,35267.29,3.5267,40.0,0.7346,3.673,6,0.375,-45426.98,-4.5427,16.6667,-0.7053,-4.2318
dcb1d074,bull,s35|s32|s63|s1|s5,5,0.0544966485,0.0085305266,8.563,0.0,-5.4502,21,23.8095,0.037519,8,0.381,119542.11,11.9542,37.5,1.5105,12.0837,6,0.2857,10108.89,1.0109,16.6667,0.1974,1.1844,7,0.3333,-1736.64,-0.1737,14.2857,0.0473,0.3313
1729b37b,bull,s15|s36|s5,3,0.0363801236,0.0141904875,5.5303,0.0,-5.8059,16,37.5,0.037505,5,0.3125,127073.2,12.7073,80.0,2.6266,13.133,2,0.125,-27914.92,-2.7915,0.0,-1.419,-2.8381,9,0.5625,-29949.83,-2.995,22.2222,-0.2953,-2.6573
73ca984f,bull,s82|s83|s1|s58|s4,5,0.05574076,0.0109486495,9.0047,0.0,-5.1887,18,27.7778,0.037363,10,0.5556,86873.52,8.6874,30.0,0.9058,9.0582,0,0.0,0.0,0.0,0.0,0.0,0.0,8,0.4444,42711.58,4.2712,25.0,0.5724,4.579
d89982d5,bull,s41|s32|s73|s15,4,0.0419522852,0.017877603,7.2198,0.0,-8.042,14,42.8571,0.037331,4,0.2857,106864.07,10.6864,75.0,2.6995,10.7979,3,0.2143,-53926.81,-5.3927,0.0,-1.7878,-5.3633,7,0.5,49791.97,4.9792,42.8571,0.7764,5.4346
37f74770,bull,s4|s34|s96,3,0.0438929449,0.0143656053,6.4706,0.0,-7.4011,18,33.3333,0.037324,5,0.2778,42291.95,4.2292,40.0,0.8938,4.4689,5,0.2778,-14656.71,-1.4657,20.0,-0.2714,-1.3569,8,0.4444,56408.65,5.6409,37.5,0.7481,5.9851
c285484a,bull,s34|s3|s84|s87,4,0.0215357481,0.0093545173,-1.8687,0.0,-8.1997,26,34.6154,0.037322,8,0.3077,16852.43,1.6852,37.5,0.2229,1.7835,6,0.2308,32834.92,3.2835,50.0,0.6091,3.6544,12,0.4615,-20248.66,-2.0249,25.0,-0.1632,-1.9583
ea41db31,bull,s65|s21|s55,3,0.0278504832,0.009195082,5.4161,0.0,-5.7631,15,40.0,0.037313,6,0.4,125061.78,12.5062,83.3333,2.1676,13.0057,2,0.1333,19478.31,1.9478,50.0,0.9328,1.8655,7,0.4667,-62048.73,-6.2049,0.0,-0.9195,-6.4366
20004209,bull,s39|s82|s24,3,0.0420940036,0.0107919104,5.8469,0.0,-6.8017,22,27.2727,0.037312,7,0.3182,28025.16,2.8025,28.5714,0.4318,3.0228,4,0.1818,9246.03,0.9246,25.0,0.243,0.9718,11,0.5,35936.93,3.5937,27.2727,0.3632,3.9947
5ed1af01,bull,s43|s53|s8,3,0.0497118447,0.0097934143,5.4048,0.0,-6.3506,25,24.0,0.037284,8,0.32,38497.22,3.8497,25.0,0.5083,4.0663,5,0.2,8459.69,0.846,20.0,0.2108,1.0538,12,0.48,55749.17,5.5749,25.0,0.5083,6.0995
4831f8c1,bull,s60|s3|s70|s40,4,0.0278381401,0.0164117771,0.8725,0.0,-6.0992,16,43.75,0.037262,5,0.3125,47209.89,4.721,60.0,1.0138,5.0691,2,0.125,9916.42,0.9916,50.0,0.5713,1.1426,9,0.5625,-15909.86,-1.591,33.3333,-0.1662,-1.4956
7940d13b,bull,s9|s88|s21|s68,4,0.0275265196,0.0170334994,5.2793,0.0,-5.1628,11,54.5455,0.037238,4,0.3636,63046.93,6.3047,75.0,1.6387,6.5546,3,0.2727,37647.46,3.7647,66.6667,1.2673,3.802,4,0.3636,-23965.44,-2.3965,25.0,-0.5893,-2.3574
38c1a68a,bull,s43|s9|s64,3,0.0415170959,0.0097927918,5.1347,0.0,-5.9909,23,26.087,0.03718,8,0.3478,22814.87,2.2815,25.0,0.3035,2.4277,3,0.1304,20921.23,2.0921,33.3333,0.7311,2.1932,12,0.5217,34703.78,3.4704,25.0,0.3035,3.6416
ce9e730f,bull,s32|s47|s27,3,0.0484909984,0.0135944823,9.7964,0.0,-5.1098,15,33.3333,0.037157,2,0.1333,30925.34,3.0925,50.0,1.7448,3.4897,6,0.4,42423.77,4.2424,33.3333,0.7101,4.2604,7,0.4667,27001.28,2.7001,28.5714,0.4144,2.901
2ae5ab32,bull,s12|s53|s48|s9|s69,5,0.0395076128,0.0178199055,5.1682,0.0,-5.6074,15,40.0,0.037155,5,0.3333,134358.91,13.4359,80.0,2.8042,14.0211,2,0.1333,-35215.75,-3.5216,0.0,-1.782,-3.564,8,0.5333,-29779.32,-2.9779,25.0,-0.3488,-2.7904
19274692,bull,s70|s39|s55|s75,4,0.0298494237,0.0136967275,4.9891,0.0,-5.2855,14,42.8571,0.037148,5,0.3571,101688.86,10.1689,80.0,2.114,10.5701,1,0.0714,-13365.15,-1.3365,0.0,-1.3697,-1.3697,8,0.5714,-22748.0,-2.2748,25.0,-0.281,-2.2482
3adfb5fd,bull,s3|s38|s10,3,0.0377637904,0.0133287628,5.6643,0.0,-6.438,17,35.2941,0.037137,5,0.2941,33690.71,3.3691,40.0,0.7108,3.5541,4,0.2353,-2619.73,-0.262,25.0,-0.0556,-0.2222,8,0.4706,41208.63,4.1209,37.5,0.5831,4.6648
3380b0cc,bull,s4|s39|s34,3,0.0396666869,0.0168136083,6.7014,0.0,-7.6766,15,40.0,0.037133,6,0.4,11205.0,1.1205,33.3333,0.2013,1.2079,3,0.2,5616.6,0.5617,33.3333,0.2013,0.6039,6,0.4,64715.58,6.4716,50.0,1.1427,6.8559
a8d15a62,bull,s92|s33|s30,3,0.0546956071,0.0108384016,10.0961,0.0,-6.4707,17,29.4118,0.037131,4,0.2353,84960.02,8.496,50.0,2.1929,8.7714,3,0.1765,-33485.63,-3.3486,0.0,-1.0838,-3.2515,10,0.5882,84776.44,8.4776,30.0,0.8822,8.8218
d1570310,bull,s10|s21|s60,3,0.0492875999,0.0096398369,6.6354,0.0,-8.0955,24,25.0,0.037082,6,0.25,55633.14,5.5633,33.3333,1.0003,6.0016,6,0.25,3005.04,0.3005,16.6667,0.0181,0.1088,12,0.5,56076.75,5.6077,25.0,0.5092,6.1104
c5ce5e5f,bull,s6|s1|s69,3,0.0419072731,0.0182479822,4.8833,0.0,-5.3937,15,40.0,0.037006,5,0.3333,86236.62,8.6237,60.0,1.7845,8.9226,4,0.2667,-16027.95,-1.6028,25.0,-0.3209,-1.2837,6,0.4,7255.94,0.7256,33.3333,0.1804,1.0823
1aeca5d8,bull,s8|s60|s27,3,0.0581247688,0.0197497949,12.4768,0.0,-6.913,12,41.6667,0.037,2,0.1667,119499.53,11.95,100.0,5.8125,11.625,3,0.25,-64085.19,-6.4085,0.0,-1.975,-5.9249,7,0.5833,96824.54,9.6825,42.8571,1.3625,9.5375
4c4fa02f,bull,s44|s94|s5|s43,4,0.0307686047,0.0179072176,1.3457,0.0,-6.7008,17,41.1765,0.036995,7,0.4118,18816.65,1.8817,42.8571,0.2954,2.0677,2,0.1176,12511.46,1.2511,50.0,0.6431,1.2861,8,0.4706,-1033.42,-0.1033,37.5,0.0346,0.277
e2249dc0,bull,s30|s60|s79|s1,4,0.0420894929,0.0158172913,12.4713,0.0,-5.148,10,50.0,0.036888,3,0.3,72648.6,7.2649,66.6667,2.2787,6.8362,2,0.2,22505.51,2.2506,50.0,1.3136,2.6272,5,0.5,34675.87,3.4676,40.0,0.7345,3.6727
e00fbd64,bull,s1|s39|s33|s4|s6,5,0.0381073935,0.0170019074,5.6594,0.0,-6.5723,15,40.0,0.036876,4,0.2667,40441.14,4.0441,50.0,1.0553,4.2211,3,0.2,3732.61,0.3733,33.3333,0.1368,0.4104,8,0.5333,24154.78,2.4155,37.5,0.3664,2.9313
999797a8,bull,s91|s69|s58,3,0.0539779029,0.0124186268,5.6978,0.0,-6.9954,23,26.087,0.03683,7,0.3043,108573.45,10.8573,42.8571,1.6037,11.2259,4,0.1739,-50502.69,-5.0503,0.0,-1.2419,-4.9675,12,0.5217,47179.68,4.718,25.0,0.4181,5.0166
e10f3fbc,bull,s63|s8|s1|s94|s55,5,0.0297068445,0.0185644902,5.2998,0.0,-6.0554,12,50.0,0.036728,6,0.5,78173.49,7.8173,66.6667,1.3616,8.1698,2,0.1667,-35867.0,-3.5867,0.0,-1.8564,-3.7129,4,0.3333,19035.71,1.9036,50.0,0.5571,2.2285
288d25de,bull,s1|s41|s5,3,0.0350439103,0.0150547469,5.801,0.0,-6.9355,15,40.0,0.036719,6,0.4,57472.43,5.7472,50.0,0.9995,5.9967,3,0.2,4479.17,0.4479,33.3333,0.1645,0.4934,6,0.4,8102.42,0.8102,33.3333,0.1645,0.9869
2d53b75a,bull,s73|s30|s27,3,0.0645743082,0.0092669247,16.2413,0.0,-5.404,13,30.7692,0.036676,3,0.2308,122427.37,12.2427,66.6667,3.9961,11.9882,2,0.1538,-20245.79,-2.0246,0.0,-0.9267,-1.8534,8,0.6154,71714.07,7.1714,25.0,0.9193,7.3547
aec1b6ca,bull,s39|s8,2,0.0444720566,0.0191318264,5.3003,0.0,-6.3395,15,40.0,0.036655,4,0.2667,48527.75,4.8528,50.0,1.267,5.068,4,0.2667,-14326.22,-1.4326,25.0,-0.3231,-1.2923,7,0.4667,50031.39,5.0031,42.8571,0.8127,5.6889
039e087e,bull,s91|s12|s64|s73|s6,5,0.0358487442,0.0100712504,5.8963,0.0,-7.3034,19,31.5789,0.036636,5,0.2632,41274.35,4.1274,40.0,0.8297,4.1484,5,0.2632,40953.52,4.0954,40.0,0.8297,4.1484,9,0.4737,-1570.93,-0.1571,22.2222,0.0133,0.1199
17834418,bull,s48|s44|s27,3,0.0454099437,0.0191308551,5.6505,0.0,-6.9298,16,37.5,0.03658,5,0.3125,157043.72,15.7044,80.0,3.2502,16.2509,2,0.125,-37522.6,-3.7523,0.0,-1.9131,-3.8262,9,0.5625,-46188.18,-4.6188,22.2222,-0.4788,-4.3096
02dbee48,bull,s54|s11|s12,3,0.0342900956,0.0195700321,5.371,0.0,-6.4255,13,46.1538,0.036574,3,0.2308,46908.38,4.6908,66.6667,1.6337,4.901,3,0.2308,-5159.97,-0.516,33.3333,-0.1617,-0.485,7,0.5385,19891.81,1.9892,42.8571,0.3513,2.459
a3f99188,bull,s24|s69|s84|s54|s12,5,0.0450032979,0.0194497281,5.5578,0.0,-6.7733,15,40.0,0.036573,7,0.4667,119621.02,11.9621,57.1429,1.7381,12.1664,2,0.1333,-39145.89,-3.9146,0.0,-1.945,-3.8899,6,0.4,8053.02,0.8053,33.3333,0.2035,1.2208
45f5992e,bull,s9|s91|s14|s94,4,0.032431635,0.0183859917,5.0451,0.0,-5.9926,13,46.1538,0.036573,5,0.3846,56305.9,5.6306,60.0,1.2105,6.0523,2,0.1538,13672.04,1.3672,50.0,0.7023,1.4046,6,0.4615,-11541.42,-1.1541,33.3333,-0.1447,-0.8681
c6161291,bull,s69|s15|s33|s41,4,0.051218864,0.018309378,6.2177,0.0,-7.8296,17,35.2941,0.03647,4,0.2353,133045.17,13.3045,75.0,3.3837,13.5347,3,0.1765,-55159.34,-5.5159,0.0,-1.8309,-5.4928,10,0.5882,21205.8,2.1206,30.0,0.2549,2.5491
2a110ae7,bull,s88|s82|s93|s60|s53,5,0.0544201581,0.0167952736,12.0774,0.0,-7.1351,12,41.6667,0.036457,5,0.4167,126125.66,12.6126,60.0,2.5934,12.967,0,0.0,0.0,0.0,0.0,0.0,0.0,7,0.5833,19962.56,1.9963,28.5714,0.3552,2.4864
87da146d,bull,s55|s48|s33,3,0.044275489,0.0137830458,10.9423,0.0,-4.8493,11,45.4545,0.036429,7,0.6364,187163.7,18.7164,71.4286,2.7687,19.3811,1,0.0909,-13455.81,-1.3456,0.0,-1.3783,-1.3783,3,0.2727,-41955.92,-4.1956,0.0,-1.3783,-4.1349
877ab8bd,bull,s82|s41,2,0.0512304496,0.0187034754,11.7889,0.0,-6.0237,11,45.4545,0.036399,4,0.3636,64225.92,6.4226,50.0,1.6263,6.5054,2,0.1818,-39135.72,-3.9136,0.0,-1.8703,-3.7407,5,0.4545,114508.02,11.4508,60.0,2.3257,11.6284
5369e254,bull,s88|s36,2,0.0363831839,0.0110967579,11.0557,0.0,-5.1611,11,45.4545,0.036323,4,0.3636,97629.75,9.763,75.0,2.4513,9.8053,2,0.1818,-22105.3,-2.2105,0.0,-1.1097,-2.2194,5,0.4545,37116.14,3.7116,40.0,0.7895,3.9476
7269ba93,bull,s54|s83|s15,3,0.0500547079,0.0159587615,10.8641,0.0,-5.7148,12,41.6667,0.036315,6,0.5,168977.0,16.8977,66.6667,2.805,16.8301,2,0.1667,-33491.46,-3.3491,0.0,-1.5959,-3.1918,4,0.3333,-1720.48,-0.172,25.0,0.0545,0.2178
79225107,bull,s45|s42|s21,3,0.0313796485,0.0108660335,5.2546,0.0,-6.7439,17,35.2941,0.036267,5,0.2941,70038.84,7.0039,60.0,1.4481,7.2407,2,0.1176,-21359.21,-2.1359,0.0,-1.0866,-2.1732,10,0.5882,15092.76,1.5093,30.0,0.1808,1.8077
2c93b0f6,bull,s48|s9|s60,3,0.0537026303,0.0084228496,15.2815,0.0,-4.688,13,30.7692,0.036236,6,0.4615,134078.12,13.4078,50.0,2.264,13.5839,2,0.1538,-17888.06,-1.7888,0.0,-0.8423,-1.6846,5,0.3846,15988.39,1.5988,20.0,0.4002,2.0011
92b9d9a3,bull,s54|s30|s15|s33|s12,5,0.0435123373,0.0139250906,4.721,0.0,-6.0949,18,33.3333,0.036216,3,0.1667,70286.0,7.0286,66.6667,2.4367,7.31,4,0.2222,345.93,0.0346,25.0,0.0434,0.1737,11,0.6111,13815.52,1.3816,27.2727,0.174,1.9136
78f0ee5c,bull,s38|s5|s78|s59|s14,5,0.0315968946,0.0146830173,4.1877,0.0,-5.3739,15,40.0,0.036189,5,0.3333,108202.14,10.8202,80.0,2.2341,11.1705,2,0.1333,-28873.34,-2.8873,0.0,-1.4683,-2.9366,8,0.5333,-25399.82,-2.54,25.0,-0.3113,-2.4904
781ee94f,bull,s1|s15|s26,3,0.0318204195,0.0086013252,5.0569,0.0,-6.6009,20,30.0,0.03617,7,0.35,97130.48,9.713,57.1429,1.4497,10.1478,1,0.05,-8282.47,-0.8282,0.0,-0.8601,-0.8601,12,0.6,-21987.51,-2.1988,16.6667,-0.1864,-2.2372
c1012753,bull,s94|s59|s8,3,0.0441921529,0.0115763187,9.5079,0.0,-4.8299,13,38.4615,0.036121,4,0.3077,118374.76,11.8375,75.0,3.025,12.1,3,0.2308,21398.05,2.1398,33.3333,0.7013,2.104,6,0.4615,-15856.9,-1.5857,16.6667,-0.2282,-1.3689
eae24612,bull,s83|s69|s11|s82|s8,5,0.0567677275,0.0100614261,8.648,0.0,-6.4333,20,25.0,0.036117,6,0.3,69787.22,6.9787,33.3333,1.2215,7.329,4,0.2,26025.66,2.6026,25.0,0.6646,2.6583,10,0.5,30099.16,3.0099,20.0,0.3304,3.3044
859d9269,bull,s55|s64,2,0.0298229041,0.0179081554,4.5259,0.0,-5.8805,12,50.0,0.036111,5,0.4167,99133.57,9.9134,80.0,2.0277,10.1383,3,0.25,-54406.34,-5.4406,0.0,-1.7908,-5.3724,4,0.3333,24657.01,2.4657,50.0,0.5957,2.3829
2e6e3709,bull,s33|s54|s2,3,0.0418412492,0.0128506982,5.2062,0.0,-6.8516,18,33.3333,0.036097,6,0.3333,82817.36,8.2817,50.0,1.4495,8.6972,2,0.1111,-25864.22,-2.5864,0.0,-1.2851,-2.5701,10,0.5556,31100.18,3.11,30.0,0.3557,3.5569
0834e3cc,bull,s84|s15|s11|s2|s43,5,0.032712706,0.0129957269,4.5715,0.0,-6.0365,16,37.5,0.036056,3,0.1875,50259.33,5.0259,66.6667,1.7477,5.243,3,0.1875,6223.38,0.6223,33.3333,0.224,0.6721,10,0.625,3071.16,0.3071,30.0,0.0717,0.7168
cb6dd488,bull,s34|s35|s84,3,0.0548298177,0.0181157029,11.0467,0.0,-6.9651,13,38.4615,0.036056,5,0.3846,49748.09,4.9748,40.0,1.1063,5.5313,2,0.1538,38504.49,3.8504,50.0,1.8357,3.6714,6,0.4615,33114.3,3.3114,33.3333,0.6199,3.7197
f865506d,bull,s84|s41|s91|s64,4,0.050297405,0.0174051449,11.2938,0.0,-6.6991,12,41.6667,0.036019,4,0.3333,62226.37,6.2226,50.0,1.6446,6.5785,1,0.0833,-16983.79,-1.6984,0.0,-1.7405,-1.7405,7,0.5833,76942.62,7.6943,42.8571,1.161,8.1272
61b92a0d,bull,s34|s82,2,0.0561235908,0.0119860119,6.2249,0.0,-8.3021,25,24.0,0.035997,6,0.24,60808.16,6.0808,33.3333,1.0717,6.4303,4,0.16,18426.53,1.8427,25.0,0.5041,2.0166,15,0.6,16713.22,1.6713,20.0,0.1636,2.4539
67ffa80c,bull,s42|s21|s26,3,0.0240908547,0.0135131327,1.0303,0.0,-7.6285,16,43.75,0.035995,4,0.25,55078.95,5.5079,75.0,1.469,5.8759,4,0.25,-16917.88,-1.6918,25.0,-0.4112,-1.6449,8,0.5,2616.8,0.2617,37.5,0.0588,0.4707
3932f7eb,bull,s69|s34|s10|s42,4,0.0334489086,0.0121929152,2.2545,0.0,-7.5669,22,31.8182,0.03598,9,0.4091,23672.98,2.3673,33.3333,0.3021,2.7189,5,0.2273,29380.83,2.9381,40.0,0.6064,3.0319,8,0.3636,-8099.01,-0.8099,25.0,-0.0782,-0.626
1dfa30ed,bull,s4|s10|s83|s43,4,0.0442230598,0.0152211146,5.3483,0.0,-7.162,17,35.2941,0.035968,5,0.2941,39222.66,3.9223,40.0,0.8557,4.2783,5,0.2941,-17468.56,-1.7469,20.0,-0.3332,-1.6661,7,0.4118,67230.27,6.723,42.8571,1.0255,7.1785
56dd8f6a,bull,s58|s15|s75,3,0.0323262195,0.0106967225,4.2145,0.0,-5.6717,18,33.3333,0.035943,6,0.3333,143795.64,14.3796,83.3333,2.5156,15.0934,2,0.1111,-21138.89,-2.1139,0.0,-1.0697,-2.1393,10,0.5556,-63143.93,-6.3144,10.0,-0.6394,-6.3944
3aec3ea9,bull,s69|s43|s74|s4|s3,5,0.0505249946,0.008920529,5.6855,0.0,-7.6259,27,22.2222,0.035927,5,0.1852,70423.25,7.0423,40.0,1.4858,7.4288,6,0.2222,8125.22,0.8125,16.6667,0.0987,0.5922,16,0.5926,32241.61,3.2242,18.75,0.2226,3.5608
66fc9786,bull,s6|s15|s91,3,0.0354985774,0.0123546252,5.6017,0.0,-7.5456,17,35.2941,0.035922,6,0.3529,68490.41,6.849,50.0,1.1572,6.9432,4,0.2353,45510.08,4.551,50.0,1.1572,4.6288,7,0.4118,-40398.0,-4.0398,14.2857,-0.5518,-3.8629
f3aae19f,bull,s74|s36|s30|s11,4,0.0454788754,0.0139988306,5.9652,0.0,-8.0502,18,33.3333,0.035896,4,0.2222,121597.13,12.1597,75.0,3.0609,12.2438,2,0.1111,-28175.03,-2.8175,0.0,-1.3999,-2.7998,12,0.6667,4730.21,0.473,25.0,0.0871,1.0447
525cc7a4,bull,s65|s35|s44,3,0.0453754026,0.010314228,8.8418,0.0,-5.6875,16,31.25,0.035858,4,0.25,121010.71,12.1011,75.0,3.1453,12.5812,4,0.25,-41059.11,-4.1059,0.0,-1.0314,-4.1257,8,0.5,25703.29,2.5703,25.0,0.3608,2.8865
3f310c03,bull,s35|s64|s5|s33,4,0.0412610246,0.0120535363,5.9587,0.0,-8.154,19,31.5789,0.035762,5,0.2632,43357.08,4.3357,40.0,0.9272,4.6361,3,0.1579,16379.27,1.6379,33.3333,0.5718,1.7154,11,0.5789,22746.86,2.2747,27.2727,0.2487,2.7355
85340971,bull,s4|s40|s78,3,0.0430838906,0.0167825021,5.4482,0.0,-7.5163,16,37.5,0.035758,4,0.25,48365.83,4.8366,50.0,1.3151,5.2603,5,0.3125,-21540.63,-2.1541,20.0,-0.4809,-2.4046,7,0.4375,61472.58,6.1473,42.8571,0.8875,6.2122
d63c290f,bull,s94|s60|s74,3,0.0462498043,0.0175479727,11.1309,0.0,-6.1712,11,45.4545,0.035722,4,0.3636,119778.53,11.9779,75.0,3.03,12.1201,1,0.0909,-18318.31,-1.8318,0.0,-1.7548,-1.7548,6,0.5455,18060.1,1.806,33.3333,0.3718,2.2308
ce1ea15f,bull,s6|s32|s59|s10|s12,5,0.0359493289,0.0131637989,4.7546,0.0,-6.6199,17,35.2941,0.035714,4,0.2353,91632.76,9.1633,75.0,2.3671,9.4684,4,0.2353,42223.02,4.2223,50.0,1.1393,4.5571,9,0.5294,-69272.25,-6.9272,11.1111,-0.7707,-6.9361
2c642e1c,bull,s5|s64|s33,3,0.052257908,0.0171907506,11.1313,0.0,-6.9277,12,41.6667,0.035698,3,0.25,89160.31,8.916,66.6667,2.9108,8.7325,2,0.1667,-37260.74,-3.7261,0.0,-1.7191,-3.4382,7,0.5833,83708.48,8.3708,42.8571,1.2573,8.8011
02cef56d,bull,s42|s12|s26,3,0.0440090383,0.0135634555,9.2609,0.0,-5.0956,13,38.4615,0.035657,3,0.2308,71382.63,7.1383,66.6667,2.4818,7.4455,3,0.2308,15982.13,1.5982,33.3333,0.5627,1.6882,7,0.5385,15738.86,1.5739,28.5714,0.2886,2.0201
8c25d36c,bull,s64|s12|s8,3,0.0399131516,0.0084373877,3.0214,0.0,-7.4763,31,22.5806,0.035587,14,0.4516,69132.29,6.9132,28.5714,0.5377,7.5279,5,0.1613,5371.34,0.5371,20.0,0.1233,0.6164,12,0.3871,-5418.72,-0.5419,16.6667,-0.0379,-0.4548
896038e5,bull,s43|s3|s15|s45|s6,5,0.024964284,0.0086103199,-0.8901,0.0,-9.4024,29,31.0345,0.035575,13,0.4483,85030.84,8.5031,46.1538,0.6886,8.9513,5,0.1724,24571.72,2.4572,40.0,0.482,2.4098,11,0.3793,-62741.95,-6.2742,9.0909,-0.5558,-6.1139
52414127,bull,s12|s55,2,0.0209760292,0.0099832372,-0.0595,0.0,-5.8735,18,38.8889,0.035571,7,0.3889,50779.4,5.0779,57.1429,0.7708,5.3954,3,0.1667,459.07,0.0459,33.3333,0.0337,0.101,8,0.4444,-17521.28,-1.7521,25.0,-0.2243,-1.7947
2a389058,bull,s84|s15|s53,3,0.0470638371,0.0081898089,7.5644,0.0,-5.2226,19,26.3158,0.035544,5,0.2632,120489.43,12.0489,60.0,2.4962,12.4812,3,0.1579,-24522.53,-2.4523,0.0,-0.819,-2.4569,11,0.5789,17886.4,1.7886,18.1818,0.1856,2.0419
463e269b,bull,s87|s60,2,0.0402988538,0.0124112541,10.2022,0.0,-5.263,11,45.4545,0.035504,4,0.3636,107999.37,10.7999,75.0,2.7121,10.8485,2,0.1818,-25250.82,-2.5251,0.0,-1.2411,-2.4823,5,0.4545,40789.07,4.0789,40.0,0.8673,4.3364
cc1a778a,bull,s38|s78|s40,3,0.0292146986,0.011153285,1.6015,0.0,-7.5545,20,35.0,0.035497,7,0.35,-515.1,-0.0515,28.5714,0.038,0.2663,6,0.3,15437.99,1.5438,33.3333,0.2303,1.3816,7,0.35,41563.58,4.1564,42.8571,0.6147,4.3031
0f78c33a,bull,s12|s5,2,0.0481254674,0.0183901962,10.5122,0.0,-5.7194,11,45.4545,0.035476,3,0.2727,77068.96,7.7069,66.6667,2.5954,7.7861,4,0.3636,-8004.28,-0.8004,25.0,-0.1761,-0.7045,4,0.3636,58272.55,5.8273,50.0,1.4868,5.9471
5b281b02,bull,s88|s11|s26,3,0.0700520358,0.0133938441,21.6371,0.0,-4.9452,8,50.0,0.035474,2,0.25,149067.83,14.9068,100.0,7.0052,14.0104,0,0.0,0.0,0.0,0.0,0.0,0.0,6,0.75,84480.97,8.4481,33.3333,1.4421,8.6529
ce6796ce,bull,s82|s69,2,0.0554818082,0.0152241709,8.6097,0.0,-5.4941,15,33.3333,0.035387,8,0.5333,84976.74,8.4977,37.5,1.1291,9.0325,4,0.2667,9362.41,0.9362,25.0,0.2452,0.9809,3,0.2,23771.85,2.3772,33.3333,0.8344,2.5033
3460b04d,bull,s53|s83|s68|s7|s15,5,0.046770099,0.0094346823,7.6244,0.0,-4.9041,17,29.4118,0.035367,8,0.4706,144675.12,14.4675,50.0,1.8668,14.9342,2,0.1176,-19020.64,-1.9021,0.0,-0.9435,-1.8869,7,0.4118,-12867.98,-1.2868,14.2857,-0.1405,-0.9838
dbda503e,bull,s43|s15|s41,3,0.04964861,0.0099199132,5.221,0.0,-7.4274,25,24.0,0.035301,7,0.28,46463.42,4.6463,28.5714,0.71,4.9698,5,0.2,8003.03,0.8003,20.0,0.1994,0.9969,13,0.52,47070.96,4.7071,23.0769,0.3827,4.9747
59a24809,bull,s55|s35|s70,3,0.0456933445,0.0135986708,4.7782,0.0,-7.0319,19,31.5789,0.035246,5,0.2632,105161.01,10.5161,60.0,2.1977,10.9883,3,0.1579,-40888.69,-4.0889,0.0,-1.3599,-4.0796,11,0.5789,23149.41,2.3149,27.2727,0.2572,2.8291
fd4e2420,bull,s24|s34,2,0.0479324946,0.0128275987,5.9955,0.0,-8.6411,21,28.5714,0.035185,6,0.2857,162168.61,16.2169,66.6667,2.7679,16.6075,2,0.0952,-25881.55,-2.5882,0.0,-1.2828,-2.5655,13,0.619,-49689.48,-4.9689,15.3846,-0.348,-4.5239
eca66853,bull,s36|s30|s5,3,0.0579756799,0.0126219932,9.3158,0.0,-7.3955,17,29.4118,0.035126,3,0.1765,98414.73,9.8415,66.6667,3.4443,10.3329,4,0.2353,21689.27,2.1689,25.0,0.5027,2.011,10,0.5882,10137.17,1.0137,20.0,0.1498,1.4975
724c387b,bull,s91|s78|s84,3,0.0408047869,0.0120743186,5.2655,0.0,-7.7552,20,30.0,0.035119,7,0.35,16758.67,1.6759,28.5714,0.3034,2.1238,6,0.3,31504.99,3.1505,33.3333,0.5552,3.3312,7,0.35,19603.26,1.9603,28.5714,0.3034,2.1238
72ec9cb0,bull,s1|s9,2,0.0270962699,0.0107300191,0.6967,0.0,-6.7167,20,35.0,0.035055,7,0.35,71655.23,7.1655,57.1429,1.0885,7.6195,3,0.15,4759.9,0.476,33.3333,0.1879,0.5636,10,0.5,-32055.17,-3.2055,20.0,-0.3165,-3.1648
a2950842,bull,s41|s64,2,0.0380971494,0.0095009984,2.8139,0.0,-7.9521,28,25.0,0.034944,10,0.3571,42835.45,4.2835,30.0,0.4778,4.7784,5,0.1786,46465.56,4.6466,40.0,0.9538,4.7691,13,0.4643,-29545.01,-2.9545,15.3846,-0.2178,-2.8317
97b4364c,bull,s14|s60|s12|s94,4,0.0467135113,0.018410328,11.0686,0.0,-6.5677,10,50.0,0.034914,5,0.5,100459.35,10.0459,60.0,2.0664,10.332,1,0.1,-19834.66,-1.9835,0.0,-1.841,-1.841,4,0.4,55022.81,5.5023,50.0,1.4152,5.6606
6cdbac5b,bull,s84|s44,2,0.0461144445,0.0086907224,8.5988,0.0,-6.9486,18,27.7778,0.034878,10,0.5556,72071.5,7.2072,30.0,0.7751,7.7508,1,0.0556,-9011.22,-0.9011,0.0,-0.8691,-0.8691,7,0.3889,43994.12,4.3994,28.5714,0.6968,4.8775
6a4dac8c,bull,s45|s64|s39,3,0.0289361074,0.0181477531,-1.0753,0.0,-9.5125,20,40.0,0.034865,7,0.35,11936.1,1.1936,42.8571,0.2031,1.4217,4,0.2,-23425.24,-2.3425,25.0,-0.6377,-2.5507,9,0.45,22774.3,2.2774,44.4444,0.2778,2.5006
a6c27192,bull,s65|s14|s45,3,0.0343131769,0.0100728708,2.9473,0.0,-8.9477,24,29.1667,0.034774,8,0.3333,135263.78,13.5264,62.5,1.7668,14.1347,3,0.125,-28967.33,-2.8967,0.0,-1.0073,-3.0219,13,0.5417,-45446.64,-4.5447,15.3846,-0.3244,-4.2175
64daca2d,bull,s34|s46|s55,3,0.0329209825,0.0194513763,10.9419,0.0,-4.6525,8,62.5,0.03477,2,0.25,62942.78,6.2943,100.0,3.2921,6.5842,2,0.25,13546.64,1.3547,50.0,0.6735,1.347,4,0.5,25707.03,2.5707,50.0,0.6735,2.6939
11d2cdb7,bull,s3|s15|s42|s95|s46,5,0.0477554229,0.0198761184,9.4942,0.0,-5.549,11,45.4545,0.034693,3,0.2727,73797.48,7.3797,66.6667,2.5212,7.5635,2,0.1818,30300.06,3.03,50.0,1.394,2.7879,6,0.5455,13010.73,1.3011,33.3333,0.2668,1.6006
a4f63a15,bull,s2|s60|s4|s1,4,0.0369950583,0.0122074033,2.2088,0.0,-8.4877,22,31.8182,0.034684,6,0.2727,120777.64,12.0778,66.6667,2.0594,12.3565,3,0.1364,-37134.37,-3.7134,0.0,-1.2207,-3.6622,13,0.5909,-15771.37,-1.5771,23.0769,-0.0853,-1.1089
ca3da3fd,bull,s91|s32|s12|s33,4,0.030372345,0.008721563,0.2348,0.0,-5.2566,25,28.0,0.034585,5,0.2,31460.8,3.1461,40.0,0.6916,3.458,5,0.2,-4264.0,-0.4264,20.0,-0.0903,-0.4514,15,0.6,22824.64,2.2825,26.6667,0.1703,2.5552
cbf8caa8,bull,s39|s68,2,0.0370167533,0.0096139861,8.5892,0.0,-5.1609,12,41.6667,0.03453,7,0.5833,115012.62,11.5013,57.1429,1.7032,11.9225,1,0.0833,-9895.52,-0.9896,0.0,-0.9614,-0.9614,4,0.3333,6861.83,0.6862,25.0,0.2044,0.8175
0c26fe94,bull,s47|s95|s91,3,0.0417677241,0.0158227679,10.2678,0.0,-6.1474,10,50.0,0.034526,3,0.3,65628.84,6.5629,66.6667,2.2571,6.7713,5,0.5,-25654.46,-2.5654,20.0,-0.4305,-2.1523,2,0.2,83478.64,8.3479,100.0,4.1768,8.3535
dfcdbee0,bull,s10|s5|s8,3,0.0377403846,0.011020998,4.4019,0.0,-7.1228,20,30.0,0.034496,7,0.35,19017.34,1.9017,28.5714,0.2911,2.0376,4,0.2,4207.51,0.4208,25.0,0.1169,0.4677,9,0.45,42191.45,4.2191,33.3333,0.5233,4.7095
328aea78,bull,s10|s64|s26,3,0.0427810006,0.018034162,3.8087,0.0,-6.6516,16,37.5,0.03449,5,0.3125,30623.05,3.0623,40.0,0.6292,3.146,5,0.3125,28343.12,2.8343,40.0,0.6292,3.146,6,0.375,12098.03,1.2098,33.3333,0.2238,1.3425
97da4434,bull,s44|s12|s34|s5,4,0.0506178555,0.0176866745,9.4092,0.0,-6.3931,12,41.6667,0.03443,5,0.4167,40615.53,4.0616,40.0,0.9635,4.8176,2,0.1667,34570.03,3.457,50.0,1.6466,3.2931,5,0.4167,45741.43,4.5741,40.0,0.9635,4.8176
b6cab9a0,bull,s12|s70|s14|s41|s48,5,0.0400391114,0.010777939,4.7609,0.0,-7.6063,21,28.5714,0.034414,5,0.2381,94711.89,9.4712,60.0,1.9712,9.8561,4,0.1905,7230.03,0.723,25.0,0.1926,0.7705,12,0.5714,-30243.28,-3.0243,16.6667,-0.2308,-2.7701
baa33afd,bull,s1|s55,2,0.0452516378,0.0193873584,10.3207,0.0,-6.4253,10,50.0,0.034401,5,0.5,93239.71,9.324,60.0,1.9396,9.698,1,0.1,-18927.06,-1.8927,0.0,-1.9387,-1.9387,4,0.4,49768.25,4.9768,50.0,1.2932,5.1729
af0ba965,bull,s41|s34,2,0.0391906236,0.0122013656,4.1735,0.0,-6.9221,20,30.0,0.034371,7,0.35,15602.58,1.5603,28.5714,0.2482,1.7374,3,0.15,14119.39,1.4119,33.3333,0.4929,1.4788,10,0.5,28696.23,2.8696,30.0,0.3216,3.2162
c9c81137,bull,s69|s42|s40,3,0.0397748973,0.0127806759,5.7624,0.0,-9.198,18,33.3333,0.034364,8,0.4444,103838.38,10.3838,50.0,1.3497,10.7977,2,0.1111,-25054.01,-2.5054,0.0,-1.2781,-2.5561,8,0.4444,-402.31,-0.0402,25.0,0.0358,0.2866
980e6c58,bull,s94|s3|s24,3,0.0308762584,0.0150200738,3.0411,0.0,-5.9134,15,40.0,0.034327,4,0.2667,29066.11,2.9066,50.0,0.7928,3.1712,1,0.0667,29943.88,2.9944,100.0,3.0876,3.0876,10,0.6667,-15446.53,-1.5447,30.0,-0.1251,-1.2512
4e879b0a,bull,s30|s3,2,0.0340490537,0.0132592806,3.8397,0.0,-6.7611,17,35.2941,0.034326,6,0.3529,12101.35,1.2101,33.3333,0.251,1.5061,2,0.1176,19671.6,1.9672,50.0,1.0395,2.079,9,0.5294,18770.23,1.877,33.3333,0.251,2.2591
724d52e5,bull,s11|s43,2,0.0371368916,0.0164639819,3.5654,0.0,-6.5022,16,37.5,0.034322,5,0.3125,21297.45,2.1297,40.0,0.4976,2.4882,3,0.1875,3789.88,0.379,33.3333,0.1403,0.4209,8,0.5,25243.71,2.5244,37.5,0.3636,2.9091
73817ff6,bull,s9|s46|s36|s38|s83,5,0.047840372,0.0176125722,8.6689,0.0,-5.5632,12,41.6667,0.034317,3,0.25,76586.06,7.6586,66.6667,2.6023,7.8068,4,0.3333,-5054.39,-0.5054,25.0,-0.1249,-0.4997,5,0.4167,39364.12,3.9364,40.0,0.8569,4.2843
3cfdd568,bull,s39|s7|s53,3,0.0361447185,0.0144677984,3.3687,0.0,-6.1498,17,35.2941,0.034309,5,0.2941,25209.89,2.521,40.0,0.5777,2.8886,3,0.1765,6741.65,0.6742,33.3333,0.2403,0.7209,9,0.5294,18335.55,1.8336,33.3333,0.2403,2.1627
3d52cfe7,bull,s43|s58|s14|s55,4,0.0422884808,0.0120396364,8.3244,0.0,-5.577,13,38.4615,0.034307,4,0.3077,114462.59,11.4463,75.0,2.8706,11.4826,2,0.1538,-24588.13,-2.4588,0.0,-1.204,-2.4079,7,0.5385,21393.44,2.1393,28.5714,0.3483,2.4379
2f9ae1a9,bull,s1|s60|s84,3,0.0493004131,0.0153643074,8.876,0.0,-6.7116,14,35.7143,0.034303,5,0.3571,116271.59,11.6272,60.0,2.3435,11.7173,1,0.0714,-16007.36,-1.6007,0.0,-1.5364,-1.5364,8,0.5714,2526.67,0.2527,25.0,0.0802,0.6415
c71d73b4,bull,s59|s87|s12,3,0.0253988057,0.0150223095,2.9889,0.0,-6.3821,12,50.0,0.034274,5,0.4167,80449.32,8.0449,80.0,1.7315,8.6573,3,0.25,-5626.23,-0.5626,33.3333,-0.1549,-0.4646,4,0.3333,-19965.52,-1.9966,25.0,-0.4917,-1.9668
74250518,bull,s12|s96|s26,3,0.0347542109,0.0189092792,9.3977,0.0,-4.6184,9,55.5556,0.034272,3,0.3333,48227.35,4.8227,66.6667,1.6866,5.0599,2,0.2222,15508.11,1.5508,50.0,0.7922,1.5845,4,0.4444,30431.45,3.0431,50.0,0.7922,3.169
e872d080,bull,s33|s58,2,0.061189034,0.0108654827,19.4106,0.0,-4.7566,8,50.0,0.03414,3,0.375,196176.69,19.6177,100.0,6.1189,18.3567,3,0.375,-36351.46,-3.6351,0.0,-1.0865,-3.2596,2,0.25,51838.92,5.1839,50.0,2.5162,5.0324
b7d1aeb9,bull,s15|s68|s30,3,0.0375990647,0.0088121481,4.6471,0.0,-7.6899,21,28.5714,0.034118,7,0.3333,122099.68,12.21,57.1429,1.7709,12.396,4,0.1905,-35770.51,-3.5771,0.0,-0.8812,-3.5249,10,0.4762,1904.27,0.1904,20.0,0.047,0.4701
5fb16cdf,bull,s2|s32|s1|s9,4,0.0349565006,0.0187643033,3.9301,0.0,-7.6001,14,42.8571,0.034018,5,0.3571,63494.02,6.3494,60.0,1.3468,6.7341,2,0.1429,-37596.63,-3.7597,0.0,-1.8764,-3.7529,7,0.5,27933.18,2.7933,42.8571,0.4259,2.9812
891713c7,bull,s92|s30|s58,3,0.0585825337,0.0089346876,13.81,0.0,-4.6153,12,33.3333,0.033935,5,0.4167,160031.02,16.0031,60.0,3.1576,15.7878,3,0.25,-29346.81,-2.9347,0.0,-0.8935,-2.6804,4,0.3333,32056.19,3.2056,25.0,0.7945,3.1778
dbca47d3,bull,s79|s1|s74|s65|s3,5,0.0616682412,0.0106566405,12.5099,0.0,-4.859,14,28.5714,0.03393,3,0.2143,113308.83,11.3309,66.6667,3.756,11.268,1,0.0714,-11102.66,-1.1103,0.0,-1.0657,-1.0657,10,0.7143,35686.99,3.5687,20.0,0.3808,3.8083
b7a27cd2,bull,s74|s21|s26,3,0.0336986558,0.0174853379,8.0982,0.0,-4.3149,10,50.0,0.03389,3,0.3,97639.55,9.764,100.0,3.3699,10.1096,2,0.2,-33929.72,-3.393,0.0,-1.7485,-3.4971,5,0.5,14316.31,1.4316,40.0,0.2988,1.4941
800d1c98,bull,s58|s34|s92,3,0.0601618447,0.0084858817,12.899,0.0,-4.6374,13,30.7692,0.033798,6,0.4615,155268.79,15.5269,50.0,2.5838,15.5028,4,0.3077,-36015.58,-3.6016,0.0,-0.8486,-3.3944,3,0.2308,40500.34,4.05,33.3333,1.4397,4.319
ab76498a,bull,s95|s55|s11|s36|s79,5,0.0423066563,0.0151787396,7.7169,0.0,-5.0693,12,41.6667,0.033758,5,0.4167,95947.78,9.5948,60.0,1.9312,9.6562,2,0.1667,-30659.4,-3.0659,0.0,-1.5179,-3.0357,5,0.4167,36659.79,3.666,40.0,0.7815,3.9077
ef01be91,bull,s7|s59|s78|s96,4,0.044365832,0.0143185934,7.3007,0.0,-4.9469,13,38.4615,0.033734,3,0.2308,71324.41,7.1324,66.6667,2.4804,7.4413,4,0.3077,58302.06,5.8302,50.0,1.5024,6.0094,6,0.4615,-29094.63,-2.9095,16.6667,-0.4538,-2.7227
f0e67c17,bull,s64|s78|s33,3,0.0601075686,0.0172910241,17.2038,0.0,-6.7209,10,40.0,0.03373,2,0.2,41099.64,4.11,50.0,2.1408,4.2817,2,0.2,46017.46,4.6017,50.0,2.1408,4.2817,6,0.6,52637.94,5.2638,33.3333,0.8509,5.1051
80135336,bull,s64|s12|s35|s88,4,0.0374984291,0.0182436355,8.6928,0.0,-5.5062,10,50.0,0.033651,4,0.4,89572.68,8.9573,75.0,2.3563,9.4252,2,0.2,-35888.1,-3.5888,0.0,-1.8244,-3.6487,4,0.4,38454.94,3.8455,50.0,0.9627,3.851
62a516ce,bull,s83|s58,2,0.0253229603,0.015345402,9.7577,0.0,-2.9367,6,83.3333,0.033626,4,0.6667,60243.35,6.0243,75.0,1.5156,6.0623,0,0.0,0.0,0.0,0.0,0.0,0.0,2,0.3333,49365.68,4.9366,100.0,2.5323,5.0646
5f24b3e7,bull,s58|s88,2,0.0497552894,0.0108199909,14.9754,0.0,-3.9633,10,40.0,0.033602,6,0.6,53505.16,5.3505,33.3333,0.9372,5.6231,0,0.0,0.0,0.0,0.0,0.0,0.0,4,0.4,77750.79,7.7751,50.0,1.9468,7.7871
cb507892,bull,s41|s94|s11,3,0.0574621527,0.0198863561,9.0452,0.0,-7.4449,13,38.4615,0.0336,3,0.2308,91714.07,9.1714,66.6667,3.1679,9.5038,3,0.2308,17910.66,1.7911,33.3333,0.5896,1.7689,7,0.5385,9548.4,0.9548,28.5714,0.2213,1.5493
0b95ceac,bull,s40|s35|s26,3,0.0356698763,0.0129303799,8.3223,0.0,-6.1403,12,41.6667,0.033568,4,0.3333,41255.02,4.1255,50.0,1.137,4.5479,1,0.0833,35522.82,3.5523,100.0,3.567,3.567,7,0.5833,8360.49,0.836,28.5714,0.0955,0.6688
d0a5a547,bull,s41|s36,2,0.0573771076,0.0127093908,7.2983,0.0,-6.4365,18,27.7778,0.033558,5,0.2778,141753.92,14.1754,60.0,2.9343,14.6713,1,0.0556,-13267.32,-1.3267,0.0,-1.2709,-1.2709,12,0.6667,-17597.22,-1.7597,16.6667,-0.1028,-1.234
bf5f6dd6,bull,s41|s79|s26,3,0.0415107084,0.0184245825,8.9157,0.0,-5.9624,10,50.0,0.033555,4,0.4,41906.13,4.1906,50.0,1.1543,4.6172,1,0.1,-17948.86,-1.7949,0.0,-1.8425,-1.8425,5,0.5,85387.77,8.5388,60.0,1.7537,8.7683
4beed102,bull,s54|s65|s83,3,0.0451475234,0.0157985754,8.0531,0.0,-6.1977,13,38.4615,0.033541,5,0.3846,160970.01,16.097,80.0,3.2958,16.4792,2,0.1538,-31875.92,-3.1876,0.0,-1.5799,-3.1597,6,0.4615,-37274.5,-3.7274,16.6667,-0.5641,-3.3845
cbb0ed87,bull,s95|s5|s27,3,0.0417706234,0.0111953813,7.5222,0.0,-6.3959,16,31.25,0.033488,6,0.375,35374.12,3.5374,33.3333,0.646,3.876,3,0.1875,70898.81,7.0899,66.6667,2.4115,7.2346,7,0.4375,-27975.05,-2.7975,14.2857,-0.3629,-2.5402
e66b46a2,bull,s38|s68|s78|s47|s15,5,0.0388542947,0.0179742906,7.8101,0.0,-4.6371,10,50.0,0.033466,4,0.4,151034.88,15.1035,100.0,3.8854,15.5417,1,0.1,-18637.16,-1.8637,0.0,-1.7974,-1.7974,5,0.5,-34389.62,-3.439,20.0,-0.6609,-3.3043
9095dd99,bull,s70|s4,2,0.0423092896,0.0127706408,4.2072,0.0,-7.835,19,31.5789,0.033463,5,0.2632,43996.35,4.3996,40.0,0.9261,4.6307,5,0.2632,-9574.14,-0.9574,20.0,-0.1755,-0.8773,9,0.4737,46864.01,4.6864,33.3333,0.5589,5.0304
6490d886,bull,s53|s45|s30|s69,4,0.0394273251,0.0105757817,6.8889,0.0,-5.1237,14,35.7143,0.033412,6,0.4286,133379.5,13.338,66.6667,2.276,13.6558,2,0.1429,-21338.18,-2.1338,0.0,-1.0576,-2.1152,6,0.4286,-15028.25,-1.5028,16.6667,-0.2242,-1.3452
058518a3,bull,s79|s34|s55|s47,4,0.0205703571,0.0108153306,9.1503,0.0,-0.9039,5,100.0,0.033389,1,0.2,21097.68,2.1098,100.0,2.057,2.057,2,0.4,40787.35,4.0787,100.0,2.057,4.1141,2,0.4,39585.12,3.9585,100.0,2.057,4.1141
1ceb9b95,bull,s69|s58|s43,3,0.0461046679,0.0149706763,3.4653,0.0,-6.9454,19,31.5789,0.033349,6,0.3158,90322.7,9.0323,50.0,1.5567,9.3402,3,0.1579,-44878.64,-4.4879,0.0,-1.4971,-4.4912,10,0.5263,28375.76,2.8376,30.0,0.3352,3.3519
ea28976e,bull,s34|s12|s3|s92|s41,5,0.050854678,0.0150207999,7.9862,0.0,-6.741,14,35.7143,0.033282,4,0.2857,66136.2,6.6136,50.0,1.7917,7.1668,3,0.2143,21430.21,2.143,33.3333,0.6938,2.0813,7,0.5,23252.8,2.3253,28.5714,0.3801,2.6605
c826e7eb,bull,s84|s70|s11,3,0.0459333879,0.0190279912,8.6127,0.0,-6.5262,11,45.4545,0.033272,5,0.4545,29908.75,2.9909,40.0,0.6957,3.4783,2,0.1818,28338.74,2.8339,50.0,1.3453,2.6905,4,0.3636,52298.85,5.2299,50.0,1.3453,5.3811
9a7fff83,bull,s60|s75|s78,3,0.039135352,0.0153745708,2.4638,0.0,-5.9877,17,35.2941,0.033243,7,0.4118,158297.35,15.8297,71.4286,2.3561,16.4928,2,0.1176,-30804.87,-3.0805,0.0,-1.5375,-3.0749,8,0.4706,-69908.32,-6.9908,12.5,-0.8561,-6.8487
8a14f905,bull,s60|s48|s9|s39,4,0.0506174197,0.0197029824,8.2566,0.0,-6.527,12,41.6667,0.033227,4,0.3333,129335.42,12.9335,75.0,3.3037,13.2149,3,0.25,-59505.0,-5.9505,0.0,-1.9703,-5.9109,5,0.4167,36525.5,3.6526,40.0,0.8425,4.2126
4927c659,bull,s92|s10|s27,3,0.0415850154,0.0086217668,3.1812,0.0,-6.1234,25,24.0,0.033177,9,0.36,69047.12,6.9047,33.3333,0.8114,7.3024,4,0.16,64839.32,6.4839,50.0,1.6482,6.5926,12,0.48,-53653.69,-5.3654,8.3333,-0.4438,-5.3254
a07f5d27,bull,s5|s2|s26,3,0.0607030574,0.0107761276,16.5449,0.0,-5.0737,9,44.4444,0.033173,2,0.2222,121380.24,12.138,100.0,6.0703,12.1406,1,0.1111,60148.47,6.0148,100.0,6.0703,6.0703,6,0.6667,6769.24,0.6769,16.6667,0.1137,0.6822
6124e00e,bull,s82|s84|s88|s69,4,0.0576498953,0.011385614,8.402,0.0,-8.5629,20,25.0,0.033168,7,0.35,56448.89,5.6449,28.5714,0.8339,5.8372,5,0.25,12168.27,1.2168,20.0,0.2421,1.2107,8,0.4,41426.31,4.1426,25.0,0.5873,4.6986
d0187590,bull,s1|s12|s47|s74,4,0.0423258406,0.015466349,7.3428,0.0,-5.3906,12,41.6667,0.033168,6,0.5,137268.27,13.7268,66.6667,2.3062,13.8371,2,0.1667,-31205.61,-3.1206,0.0,-1.5466,-3.0933,4,0.3333,-6550.03,-0.655,25.0,-0.1018,-0.4073
da549dcc,bull,s65|s75|s41|s84,4,0.0307141059,0.0098723981,2.8456,0.0,-6.3062,19,31.5789,0.033136,8,0.4211,118271.96,11.8272,62.5,1.5494,12.3953,2,0.1053,-19274.08,-1.9274,0.0,-0.9872,-1.9745,9,0.4737,-47695.3,-4.7695,11.1111,-0.5363,-4.8265
9a81a569,bull,s35|s70|s26,3,0.0518957723,0.0135949015,7.1327,0.0,-6.2794,16,31.25,0.033102,3,0.1875,86868.68,8.6869,66.6667,3.0066,9.0197,3,0.1875,-40956.38,-4.0956,0.0,-1.3595,-4.0785,10,0.625,59161.12,5.9161,30.0,0.6052,6.0523
e2752e1d,bull,s55|s42|s68,3,0.0467414174,0.0179865774,7.7535,0.0,-6.0546,12,41.6667,0.033084,4,0.3333,118152.68,11.8153,75.0,3.0559,12.2238,1,0.0833,-17559.54,-1.756,0.0,-1.7987,-1.7987,7,0.5833,907.6,0.0908,28.5714,0.0507,0.355
0f62d3da,bull,s88|s60|s64,3,0.0592639469,0.0107326867,7.2292,0.0,-7.3602,22,22.7273,0.033008,5,0.2273,81602.48,8.1602,40.0,1.7266,8.633,5,0.2273,14088.1,1.4088,20.0,0.3267,1.6333,12,0.5455,5832.33,0.5832,16.6667,0.0933,1.1201
7f07f422,bull,s58|s24,2,0.0403993655,0.0161244398,7.6317,0.0,-5.8,11,45.4545,0.032888,5,0.4545,87506.93,8.7507,60.0,1.779,8.8949,1,0.0909,-16719.09,-1.6719,0.0,-1.6124,-1.6124,5,0.4545,30061.69,3.0062,40.0,0.6485,3.2425
2c2c87ac,bull,s55|s95|s41|s9,4,0.0432478912,0.0189919447,7.3816,0.0,-5.497,11,45.4545,0.032868,4,0.3636,110366.56,11.0367,75.0,2.7688,11.0752,3,0.2727,3358.52,0.3359,33.3333,0.1755,0.5264,4,0.3636,-17433.91,-1.7434,25.0,-0.3432,-1.3728
a93502e9,bull,s10|s44|s7,3,0.0418213727,0.0138065988,3.511,0.0,-7.4317,19,31.5789,0.032865,6,0.3158,23829.81,2.383,33.3333,0.4736,2.8416,3,0.1579,13171.98,1.3172,33.3333,0.4736,1.4208,10,0.5263,23959.12,2.3959,30.0,0.2882,2.8818
aebe021a,bull,s5|s55|s87|s64,4,0.0378177522,0.0118796408,6.6133,0.0,-5.4728,14,35.7143,0.03281,5,0.3571,86207.17,8.6207,60.0,1.7939,8.9694,3,0.2143,14169.11,1.4169,33.3333,0.4686,1.4058,6,0.4286,-21676.46,-2.1676,16.6667,-0.3597,-2.158
f9c64817,bull,s9|s64|s21,3,0.0524425603,0.0131024734,9.214,0.0,-9.1938,15,33.3333,0.032782,4,0.2667,73064.45,7.3064,50.0,1.967,7.868,3,0.2,27119.87,2.712,33.3333,0.8746,2.6238,8,0.5333,22534.32,2.2534,25.0,0.3284,2.627
e129b1ef,bull,s24|s30|s93,3,0.0577168907,0.0143197674,17.0999,0.0,-4.5915,8,50.0,0.03274,2,0.25,115390.6,11.5391,100.0,5.7717,11.5434,1,0.125,-16066.73,-1.6067,0.0,-1.432,-1.432,5,0.625,72293.14,7.2293,40.0,1.4495,7.2474
1e4ebaba,bull,s21|s60|s87,3,0.0269392838,0.0136094298,1.9851,0.0,-6.2817,15,40.0,0.032729,6,0.4,115667.39,11.5667,83.3333,2.0181,12.1087,2,0.1333,-25702.97,-2.5703,0.0,-1.3609,-2.7219,7,0.4667,-56165.94,-5.6166,14.2857,-0.7817,-5.4717
d0daee74,bull,s75|s32,2,0.0259878477,0.0154375522,1.7354,0.0,-6.2315,14,42.8571,0.032709,5,0.3571,84320.83,8.4321,80.0,1.7703,8.8514,1,0.0714,-14913.19,-1.4913,0.0,-1.5438,-1.5438,8,0.5714,-40320.53,-4.0321,25.0,-0.5081,-4.065
ae6c919f,bull,s6|s69|s26,3,0.0530958587,0.0115470922,7.2143,0.0,-7.1521,18,27.7778,0.032664,5,0.2778,133476.3,13.3476,60.0,2.7239,13.6193,5,0.2778,5769.44,0.5769,20.0,0.1381,0.6907,8,0.4444,-28165.89,-2.8166,12.5,-0.3467,-2.7734
0d37165a,bull,s64|s59,2,0.0263251375,0.0120980784,7.625,0.0,-4.6663,8,62.5,0.03264,4,0.5,105514.57,10.5515,100.0,2.6325,10.5301,1,0.125,-12103.05,-1.2103,0.0,-1.2098,-1.2098,3,0.375,641.57,0.0642,33.3333,0.071,0.2129
aef19612,bull,s91|s5|s14,3,0.05118655,0.0169583034,8.4528,0.0,-7.8871,13,38.4615,0.032639,4,0.3077,62258.22,6.2258,50.0,1.7114,6.8456,3,0.2308,17775.06,1.7775,33.3333,0.5757,1.727,6,0.4615,30864.91,3.0865,33.3333,0.5757,3.454
e57bc66e,bull,s11|s4|s47,3,0.0498442175,0.0161050348,6.6818,0.0,-5.7871,14,35.7143,0.032622,3,0.2143,80608.91,8.0609,66.6667,2.7861,8.3583,4,0.2857,1052.67,0.1053,25.0,0.0382,0.1529,7,0.5,14700.47,1.47,28.5714,0.2738,1.9163
c25459cd,bull,s11|s2|s4,3,0.0429247269,0.0116958112,3.0841,0.0,-6.8008,21,28.5714,0.032612,6,0.2857,36297.62,3.6298,33.3333,0.6511,3.9066,4,0.1905,7379.34,0.7379,25.0,0.1959,0.7837,11,0.5238,30444.9,3.0445,27.2727,0.3201,3.5208
cb83d365,bull,s45|s8|s96|s53,4,0.0437813891,0.0167985913,6.9576,0.0,-5.6553,12,41.6667,0.032608,5,0.4167,154453.63,15.4454,80.0,3.1665,15.8327,2,0.1667,-33893.6,-3.3894,0.0,-1.6799,-3.3597,5,0.4167,-26751.91,-2.6752,20.0,-0.4683,-2.3413
e0f2fb1a,bull,s8|s35|s63|s68,4,0.0409627547,0.0138278148,6.0758,0.0,-4.7676,13,38.4615,0.0326,8,0.6154,157001.58,15.7002,62.5,2.0416,16.333,2,0.1538,-26962.98,-2.6963,0.0,-1.3828,-2.7656,3,0.2308,-41544.17,-4.1544,0.0,-1.3828,-4.1483
41df89ca,bull,s48|s4|s21,3,0.0457273325,0.0175506766,7.5711,0.0,-6.4839,12,41.6667,0.0326,4,0.3333,50756.67,5.0757,50.0,1.4088,5.6353,4,0.3333,-6787.25,-0.6787,25.0,-0.1731,-0.6925,4,0.3333,55166.66,5.5167,50.0,1.4088,5.6353
405f608d,bull,s42|s48|s58|s40,4,0.0197443817,0.0088375456,5.5598,0.0,-2.0166,8,62.5,0.03259,3,0.375,2212.34,0.2212,33.3333,0.069,0.2069,1,0.125,20101.94,2.0102,100.0,1.9744,1.9744,4,0.5,48814.44,4.8814,75.0,1.2599,5.0396
398938b8,bull,s12|s54|s44,3,0.053933623,0.0118294949,13.103,0.0,-5.5587,12,33.3333,0.032577,4,0.3333,81813.01,8.1813,50.0,2.1052,8.4208,0,0.0,0.0,0.0,0.0,0.0,0.0,8,0.6667,33640.37,3.364,25.0,0.4611,3.689
f91a955f,bull,s53|s44|s48|s58|s40,5,0.0472893134,0.0179545547,7.9516,0.0,-7.0396,12,41.6667,0.032565,6,0.5,149456.78,14.9457,66.6667,2.5541,15.3248,1,0.0833,-17534.94,-1.7535,0.0,-1.7955,-1.7955,5,0.4167,-28207.2,-2.8207,20.0,-0.4906,-2.4529
5dd7a688,bull,s87|s53|s4,3,0.050657065,0.0126476379,6.1232,0.0,-5.6623,17,29.4118,0.032552,5,0.2941,185237.68,18.5238,80.0,3.7996,18.9981,3,0.1765,-38171.29,-3.8171,0.0,-1.2648,-3.7943,9,0.5294,-52206.83,-5.2207,11.1111,-0.5614,-5.0524
a9c5392b,bull,s15|s8|s38,3,0.0486045941,0.0159651149,6.3332,0.0,-5.4296,14,35.7143,0.032532,4,0.2857,62700.1,6.27,50.0,1.632,6.5279,5,0.3571,-16317.28,-1.6317,20.0,-0.3051,-1.5256,5,0.3571,46312.87,4.6313,40.0,0.9863,4.9314
ad0dabb2,bull,s44|s14|s34|s78,4,0.0440075107,0.0133784002,4.5541,0.0,-9.1248,19,31.5789,0.03252,6,0.3158,91094.12,9.1094,50.0,1.5315,9.1887,3,0.1579,-39832.12,-3.9832,0.0,-1.3378,-4.0135,10,0.5263,34579.72,3.458,30.0,0.3837,3.8374
4f8eb490,bull,s32|s60,2,0.0459954644,0.0111273223,7.837,0.0,-7.6801,15,33.3333,0.032492,4,0.2667,123925.48,12.3925,75.0,3.1715,12.6859,2,0.1333,-21989.84,-2.199,0.0,-1.1127,-2.2255,9,0.6,11183.88,1.1184,22.2222,0.1567,1.41
b83a02fb,bull,s53|s87|s63,3,0.0290585239,0.0173946761,7.453,0.0,-4.8254,8,62.5,0.032454,4,0.5,112570.15,11.257,100.0,2.9059,11.6234,1,0.125,-16788.62,-1.6789,0.0,-1.7395,-1.7395,3,0.375,-5625.3,-0.5625,33.3333,-0.191,-0.5731
86f8455f,bull,s65|s12|s68,3,0.033092293,0.0152313295,6.6829,0.0,-5.4951,11,45.4545,0.032254,4,0.3636,81211.03,8.1211,75.0,2.1011,8.4046,2,0.1818,-29962.42,-2.9962,0.0,-1.5231,-3.0463,5,0.4545,19612.24,1.9612,40.0,0.4098,2.0491
76201ff6,bull,s55|s70,2,0.0332174918,0.0152223858,6.6144,0.0,-5.0871,10,50.0,0.032239,4,0.4,37535.57,3.7536,50.0,0.8998,3.599,2,0.2,15881.09,1.5881,50.0,0.8998,1.7995,4,0.4,33231.63,3.3232,50.0,0.8998,3.599
13707903,bull,s78|s41|s68|s91,4,0.0225278942,0.0108403374,-2.9161,0.0,-7.5335,23,34.7826,0.032238,7,0.3043,53433.92,5.3434,57.1429,0.8227,5.7591,6,0.2609,1447.89,0.1448,33.3333,0.0282,0.1694,10,0.4348,-40096.56,-4.0097,20.0,-0.4167,-4.1667
b59baa5f,bull,s60|s14,2,0.0451132509,0.0178507772,6.9378,0.0,-6.1797,12,41.6667,0.032211,4,0.3333,117033.94,11.7034,75.0,2.9372,11.7489,2,0.1667,-36456.02,-3.6456,0.0,-1.7851,-3.5702,6,0.5,15347.81,1.5348,33.3333,0.3137,1.8823
d33a19fa,bull,s73|s64|s26,3,0.032665066,0.0141451743,6.9012,0.0,-5.5295,10,50.0,0.032203,4,0.4,34686.36,3.4686,50.0,0.926,3.704,2,0.2,65568.47,6.5568,100.0,3.2665,6.533,4,0.4,-11340.91,-1.1341,25.0,-0.2443,-0.977
558fc523,bull,s88|s78|s11,3,0.0530645287,0.0120204806,7.8905,0.0,-8.3635,17,29.4118,0.0322,5,0.2941,68836.12,6.8836,40.0,1.4014,7.0068,4,0.2353,86935.4,8.6935,50.0,2.0522,8.2088,8,0.4706,-39653.22,-3.9653,12.5,-0.3885,-3.1079
33c3dabc,bull,s68|s30|s9,3,0.0502990015,0.0087528563,5.5145,0.0,-5.7362,22,22.7273,0.032134,3,0.1364,88282.61,8.8283,66.6667,3.0615,9.1845,6,0.2727,63713.27,6.3713,33.3333,1.0931,6.5587,13,0.5909,-53776.9,-5.3777,7.6923,-0.421,-5.4735
cb07cfd7,bull,s32|s41|s68|s48,4,0.0200348876,0.0085917409,0.8465,0.0,-5.4754,15,40.0,0.032088,7,0.4667,49956.05,4.9956,57.1429,0.7766,5.4364,3,0.2,2764.76,0.2765,33.3333,0.095,0.2851,5,0.3333,-14183.24,-1.4183,20.0,-0.2866,-1.4332
5c4d0fe1,bull,s42|s64,2,0.0528720354,0.0082120677,5.4886,0.0,-5.895,24,20.8333,0.032049,8,0.3333,112932.44,11.2932,37.5,1.4694,11.7556,3,0.125,34434.84,3.4435,33.3333,1.2149,3.6448,13,0.5417,-45841.79,-4.5842,7.6923,-0.3513,-4.5673
1cad1092,bull,s54|s39|s78|s5|s93,5,0.0612551387,0.0123218444,13.3576,0.0,-5.6494,11,36.3636,0.032026,6,0.5455,144372.72,14.4373,50.0,2.4467,14.68,1,0.0909,64134.2,6.4134,100.0,6.1255,6.1255,4,0.3636,-51721.28,-5.1721,0.0,-1.2322,-4.9287
33547079,bull,s78|s93|s9|s8,4,0.0251979844,0.0098444584,-2.6583,0.0,-9.1132,29,31.0345,0.031976,12,0.4138,20636.32,2.0636,33.3333,0.1836,2.2036,6,0.2069,45194.09,4.5194,50.0,0.7677,4.6061,11,0.3793,-37426.5,-3.7427,18.1818,-0.3473,-3.8204
fa56c33c,bull,s40|s60|s73|s41|s88,5,0.0393590531,0.0103107417,5.9699,0.0,-5.8126,15,33.3333,0.031933,7,0.4667,121835.61,12.1836,57.1429,1.8072,12.6504,3,0.2,-30680.34,-3.068,0.0,-1.0311,-3.0932,5,0.3333,-1661.66,-0.1662,20.0,-0.0377,-0.1884
7021d2ed,bull,s79|s69|s75,3,0.0549933486,0.0148636191,13.0199,0.0,-5.3848,11,36.3636,0.031904,4,0.3636,80193.15,8.0193,50.0,2.0065,8.0259,3,0.2727,23687.08,2.3687,33.3333,0.8422,2.5266,4,0.3636,6598.53,0.6599,25.0,0.2601,1.0402
836249ba,bull,s7|s32,2,0.0531245489,0.0083413187,6.6266,0.0,-7.5179,24,20.8333,0.031897,7,0.2917,60728.37,6.0728,28.5714,0.922,6.4543,7,0.2917,61575.51,6.1576,28.5714,0.922,6.4543,10,0.4167,-23133.72,-2.3134,10.0,-0.2195,-2.1947
19d8e757,bull,s55|s91|s58,3,0.0591670008,0.0086053475,9.585,0.0,-4.5705,16,25.0,0.031881,6,0.375,80327.38,8.0327,33.3333,1.3985,8.3913,2,0.125,-17362.54,-1.7363,0.0,-0.8605,-1.7211,8,0.5,64197.9,6.4198,25.0,0.8338,6.6702
3e124984,bull,s24|s84|s79|s60,4,0.0519314652,0.011282696,13.9841,0.0,-6.7248,11,36.3636,0.031868,6,0.5455,54996.74,5.4997,33.3333,0.9789,5.8732,0,0.0,0.0,0.0,0.0,0.0,0.0,5,0.4545,69884.25,6.9884,40.0,1.4003,7.0015
ebd4cf08,bull,s84|s43|s53,3,0.0586962197,0.0080490874,9.8624,0.0,-4.9625,16,25.0,0.03186,6,0.375,80771.79,8.0772,33.3333,1.4199,8.5196,3,0.1875,40689.0,4.0689,33.3333,1.4199,4.2598,7,0.4375,9404.98,0.9405,14.2857,0.1486,1.0402
2091b1fe,bull,s15|s48|s82,3,0.0509227211,0.010645548,7.1945,0.0,-7.8726,18,27.7778,0.031858,6,0.3333,119047.76,11.9048,50.0,2.0139,12.0832,3,0.1667,-33159.84,-3.316,0.0,-1.0646,-3.1937,9,0.5,22359.83,2.236,22.2222,0.3036,2.7327
0b6517e2,bull,s78|s70|s55,3,0.0425787562,0.0106909039,4.8866,0.0,-9.6557,22,27.2727,0.031855,8,0.3636,18050.74,1.8051,25.0,0.2627,2.1012,4,0.1818,62585.77,6.2586,50.0,1.5944,6.3776,10,0.4545,-3072.03,-0.3072,20.0,-0.0037,-0.037
fc7cff30,bull,s3|s83|s7|s64,4,0.0632408282,0.0191620099,17.7714,0.0,-5.0269,7,57.1429,0.031841,1,0.1429,62775.76,6.2776,100.0,6.3241,6.3241,2,0.2857,132728.18,13.2728,100.0,6.3241,12.6482,4,0.5714,1280.47,0.128,25.0,0.1439,0.5755
fe611f2a,bull,s3|s65|s78|s84,4,0.0319237418,0.0190973455,7.7939,0.0,-7.0133,9,55.5556,0.031824,2,0.2222,10836.47,1.0836,50.0,0.6413,1.2826,2,0.2222,13154.51,1.3155,50.0,0.6413,1.2826,5,0.5556,54949.3,5.4949,60.0,1.1515,5.7577
52d8e806,bull,s36|s40|s96,3,0.0467339888,0.0103655193,2.6708,0.0,-6.3555,25,24.0,0.031808,4,0.16,69525.08,6.9525,50.0,1.8184,7.2737,6,0.24,50809.99,5.081,33.3333,0.8668,5.2006,15,0.6,-44865.43,-4.4865,13.3333,-0.2752,-4.1284
74894dc0,bull,s65|s30|s69,3,0.0541362394,0.0152793228,7.7337,0.0,-8.4413,16,31.25,0.031795,4,0.25,148430.83,14.8431,75.0,3.6782,14.7129,3,0.1875,-47210.06,-4.721,0.0,-1.5279,-4.5838,9,0.5625,-5824.61,-0.5825,22.2222,0.0146,0.1317
e896c5bd,bull,s6|s9,2,0.0492502156,0.0112204826,7.1248,0.0,-7.7623,17,29.4118,0.031772,5,0.2941,60457.93,6.0458,40.0,1.2968,6.4839,5,0.2941,66609.22,6.6609,40.0,1.2968,6.4839,7,0.4118,-22206.52,-2.2207,14.2857,-0.2582,-1.8073
7e837487,bull,s38|s32,2,0.0282161887,0.0133145235,1.5036,0.0,-6.7096,15,40.0,0.031766,5,0.3333,51420.88,5.1421,60.0,1.1604,5.802,5,0.3333,15997.43,1.5997,40.0,0.3298,1.6489,5,0.3333,-23953.29,-2.3953,20.0,-0.5008,-2.5042
df2d8cd7,bull,s65|s75|s6,3,0.0570235858,0.012205666,12.7721,0.0,-4.1148,10,40.0,0.031749,5,0.5,215335.4,21.5335,80.0,4.3178,21.5889,2,0.2,-26104.91,-2.6105,0.0,-1.2206,-2.4411,3,0.3,-36805.04,-3.6805,0.0,-1.2206,-3.6617
26edff52,bull,s82|s12|s93|s39,4,0.0335561897,0.0097883475,5.0623,0.0,-4.8241,15,33.3333,0.031733,4,0.2667,44485.57,4.4486,50.0,1.1884,4.7536,2,0.1333,23161.0,2.3161,50.0,1.1884,2.3768,9,0.6,-2159.45,-0.2159,22.2222,-0.0156,-0.1406
9038e7e6,bull,s94|s24|s88,3,0.063115224,0.0135183269,15.8212,0.0,-6.8225,9,44.4444,0.031707,4,0.4444,97190.45,9.719,50.0,2.4798,9.9194,0,0.0,0.0,0.0,0.0,0.0,0.0,5,0.5556,84286.46,8.4286,40.0,1.7135,8.5675
2c9d8f61,bull,s65|s24|s27,3,0.0596902982,0.0150862579,15.5911,0.0,-6.5351,9,44.4444,0.031697,3,0.3333,103024.94,10.3025,66.6667,3.4765,10.4294,1,0.1111,-16955.64,-1.6956,0.0,-1.5086,-1.5086,5,0.5556,72850.21,7.285,40.0,1.4824,7.4122
1a320d19,bull,s43|s34,2,0.0557095075,0.008294466,5.9065,0.0,-6.7194,24,20.8333,0.031664,6,0.25,74915.18,7.4915,33.3333,1.304,7.8241,5,0.2083,20180.18,2.018,20.0,0.4506,2.2532,13,0.5417,15728.23,1.5728,15.3846,0.1552,2.018
b3d42095,bull,s5|s53|s36|s59,4,0.0493969043,0.016505259,6.1992,0.0,-6.3347,14,35.7143,0.031622,6,0.4286,160530.88,16.0531,66.6667,2.743,16.4577,2,0.1429,-33344.95,-3.3345,0.0,-1.6505,-3.3011,6,0.4286,-36955.48,-3.6955,16.6667,-0.5522,-3.3129
ba6e3d0d,bull,s11|s4|s69|s55,4,0.0337966013,0.008694108,2.4533,0.0,-6.4639,23,26.087,0.031594,10,0.4348,114210.0,11.421,50.0,1.2551,12.5512,2,0.087,-16383.57,-1.6384,0.0,-0.8694,-1.7388,11,0.4783,-50718.15,-5.0718,9.0909,-0.4831,-5.3144
e5a13f53,bull,s3|s75|s55|s91|s44,5,0.0580904324,0.0187122218,15.2268,0.0,-4.6227,8,50.0,0.031526,2,0.25,115944.33,11.5944,100.0,5.809,11.6181,1,0.125,-20894.79,-2.0895,0.0,-1.8712,-1.8712,5,0.625,57985.57,5.7986,40.0,1.2009,6.0044
d94bef2e,bull,s1|s68|s79|s64,4,0.0355384161,0.0129202444,5.8471,0.0,-5.7293,12,41.6667,0.031488,5,0.4167,79992.06,7.9992,60.0,1.6155,8.0775,3,0.25,10220.29,1.022,33.3333,0.3233,0.9698,4,0.3333,-5127.66,-0.5128,25.0,-0.0806,-0.3222
19128273,bull,s12|s64|s1,3,0.0450973726,0.0156477352,5.1044,0.0,-5.1718,15,33.3333,0.031471,5,0.3333,42218.11,4.2218,40.0,0.865,4.3252,4,0.2667,-3303.54,-0.3304,25.0,-0.0461,-0.1846,6,0.4,26644.26,2.6644,33.3333,0.4601,2.7604
d02a3d21,bull,s58|s10|s8|s82|s32,5,0.05341922,0.0109299251,2.976,0.0,-6.7684,27,22.2222,0.031463,8,0.2963,39147.18,3.9147,25.0,0.5157,4.1259,5,0.1852,8174.83,0.8175,20.0,0.194,0.97,14,0.5185,34975.64,3.4976,21.4286,0.2859,4.0028
b99c0e15,bull,s94|s1|s70,3,0.0445332719,0.0167708596,5.2908,0.0,-5.3606,14,35.7143,0.031423,5,0.3571,36904.8,3.6905,40.0,0.7751,3.8754,3,0.2143,9394.47,0.9394,33.3333,0.3664,1.0992,6,0.4286,19524.55,1.9525,33.3333,0.3664,2.1983
c69129b9,bull,s95|s88|s64,3,0.0635130094,0.0193879183,15.279,0.0,-6.6482,9,44.4444,0.031411,3,0.3333,109545.45,10.9545,66.6667,3.5879,10.7638,0,0.0,0.0,0.0,0.0,0.0,0.0,6,0.6667,46135.81,4.6136,33.3333,0.8246,4.9474
e3b4bce9,bull,s39|s9,2,0.0285924629,0.0087757401,-0.43,0.0,-9.3108,28,28.5714,0.031395,11,0.3929,85661.54,8.5662,45.4545,0.821,9.0308,5,0.1786,-5789.15,-0.5789,20.0,-0.1302,-0.651,12,0.4286,-30677.63,-3.0678,16.6667,-0.2548,-3.0572
1ede13b2,bull,s47|s9|s1|s32,4,0.0421057192,0.0112673169,5.0117,0.0,-5.2416,16,31.25,0.031383,5,0.3125,100331.49,10.0331,60.0,2.0757,10.3783,3,0.1875,19141.09,1.9141,33.3333,0.6524,1.9571,8,0.5,-38247.46,-3.8247,12.5,-0.4596,-3.6765
f34a99ee,bull,s83|s42|s33,3,0.056454326,0.0083516312,6.7718,0.0,-8.0917,24,20.8333,0.03135,9,0.375,113606.45,11.3606,33.3333,1.325,11.9253,3,0.125,42124.47,4.2124,33.3333,1.325,3.9751,12,0.5,-39281.7,-3.9282,8.3333,-0.2951,-3.5414
eb239259,bull,s14|s84|s91,3,0.0607631655,0.0080132988,7.0175,0.0,-8.5581,28,17.8571,0.031342,10,0.3571,52638.6,5.2639,20.0,0.5742,5.742,5,0.1786,29248.11,2.9248,20.0,0.5742,2.871,13,0.4643,30826.65,3.0827,15.3846,0.2568,3.338
7d436dc5,bull,s7|s42|s58|s70,4,0.0532385391,0.0163951074,6.3687,0.0,-7.0561,15,33.3333,0.031292,6,0.4,38700.85,3.8701,33.3333,0.6816,4.0897,3,0.2,18153.92,1.8154,33.3333,0.6816,2.0448,6,0.4,38203.09,3.8203,33.3333,0.6816,4.0897
d8cae333,bull,s32|s87,2,0.0354417856,0.0101838406,5.4719,0.0,-5.7724,14,35.7143,0.03128,4,0.2857,92421.45,9.2421,75.0,2.4035,9.6142,3,0.2143,14353.84,1.4354,33.3333,0.5025,1.5074,7,0.5,-25481.79,-2.5482,14.2857,-0.3666,-2.5661
d79d0f20,bull,s36|s12|s74|s92,4,0.0569582417,0.0152401126,16.3993,0.0,-4.5524,7,57.1429,0.031272,2,0.2857,114191.48,11.4191,100.0,5.6958,11.3916,1,0.1429,-17099.35,-1.7099,0.0,-1.524,-1.524,4,0.5714,83450.44,8.345,50.0,2.0859,8.3436
623f139b,bull,s32|s47|s69|s33,4,0.051339525,0.0138162821,6.3245,0.0,-7.1215,16,31.25,0.031259,5,0.3125,120554.79,12.0555,60.0,2.5277,12.6386,5,0.3125,-4786.54,-0.4787,20.0,-0.0785,-0.3926,6,0.375,-20268.83,-2.0269,16.6667,-0.2957,-1.7742
9261bfb7,bull,s6|s65,2,0.0399562505,0.0093713246,2.7586,0.0,-7.1219,23,26.087,0.031248,8,0.3478,115814.81,11.5815,50.0,1.5292,12.234,4,0.1739,-36725.24,-3.6725,0.0,-0.9371,-3.7485,11,0.4783,-6808.97,-0.6809,18.1818,-0.0403,-0.4429
4aa605c9,bull,s96|s32|s58,3,0.0542439866,0.0134560544,6.6172,0.0,-7.72,18,27.7778,0.031191,3,0.1667,91308.31,9.1308,66.6667,3.1677,9.5032,3,0.1667,25125.13,2.5125,33.3333,0.9111,2.7332,12,0.6667,-28607.38,-2.8607,16.6667,-0.2173,-2.6073
c03e55f1,bull,s14|s59|s34,3,0.0511016059,0.0145801026,7.0613,0.0,-8.109,15,33.3333,0.031175,4,0.2667,136702.3,13.6702,75.0,3.4681,13.8725,2,0.1333,-29776.43,-2.9776,0.0,-1.458,-2.916,9,0.6,-3599.95,-0.36,22.2222,0.0016,0.0142
2076bfea,bull,s6|s32|s26,3,0.0619397165,0.0167203962,14.1324,0.0,-5.5582,9,44.4444,0.031174,3,0.3333,110124.32,11.0124,66.6667,3.572,10.7159,2,0.2222,46769.63,4.677,50.0,2.261,4.5219,4,0.4444,7732.73,0.7733,25.0,0.2945,1.1779
66ce9c25,bull,s24|s96|s38|s60|s32,5,0.0565155734,0.0140095261,6.7577,0.0,-7.9566,18,27.7778,0.031138,3,0.1667,94083.28,9.4083,66.6667,3.3007,9.9022,3,0.1667,26136.44,2.6136,33.3333,0.9499,2.8497,12,0.6667,-30691.09,-3.0691,16.6667,-0.2255,-2.7064
6c215af0,bull,s84|s60|s44,3,0.0587815638,0.0199721338,16.2131,0.0,-4.6317,7,57.1429,0.031134,3,0.4286,95925.97,9.5926,66.6667,3.253,9.7591,0,0.0,0.0,0.0,0.0,0.0,0.0,4,0.5714,76748.37,7.6748,50.0,1.9405,7.7619
038c8596,bull,s46|s38,2,0.0590143854,0.0180389033,21.5272,0.0,-5.0644,5,80.0,0.031092,2,0.4,117434.2,11.7434,100.0,5.9014,11.8029,1,0.2,67444.41,6.7444,100.0,5.9014,5.9014,2,0.4,40913.89,4.0914,50.0,2.0488,4.0975
646de8b6,bull,s6|s91|s45|s8,4,0.0247746352,0.0147793049,-1.5206,0.0,-8.691,17,41.1765,0.031067,5,0.2941,39913.76,3.9914,60.0,0.8953,4.4765,5,0.2941,3731.38,0.3731,40.0,0.1042,0.5211,7,0.4118,-25694.61,-2.5695,28.5714,-0.3478,-2.4347
04976d87,bull,s46|s84|s21,3,0.0283039476,0.0159017863,5.3866,0.0,-5.4235,10,50.0,0.031055,4,0.4,109528.2,10.9528,100.0,2.8304,11.3216,2,0.2,-31259.36,-3.1259,0.0,-1.5902,-3.1804,4,0.4,-20011.89,-2.0012,25.0,-0.485,-1.9401
79a65455,bull,s96|s94|s58|s88,4,0.0479259165,0.0123307599,13.1506,0.0,-5.8476,10,40.0,0.031012,1,0.1,44923.71,4.4924,100.0,4.7926,4.7926,3,0.3,23661.83,2.3662,33.3333,0.7755,2.3264,6,0.6,44495.22,4.4495,33.3333,0.7755,4.6529
849ee0f7,bull,s11|s79|s94,3,0.0387360847,0.0143304113,5.0139,0.0,-5.5017,14,35.7143,0.030994,5,0.3571,34157.48,3.4157,40.0,0.6896,3.4481,2,0.1429,22480.49,2.248,50.0,1.2203,2.4406,7,0.5,3862.25,0.3862,28.5714,0.0831,0.582
b24b04d8,bull,s44|s88|s38|s8,4,0.0556627649,0.0141400975,14.6246,0.0,-5.1099,8,50.0,0.030907,3,0.375,96145.66,9.6146,66.6667,3.2395,9.7185,0,0.0,0.0,0.0,0.0,0.0,0.0,5,0.625,68581.34,6.8581,40.0,1.3781,6.8905
5a2d02ab,bull,s21|s40|s30,3,0.04598443,0.0108028815,4.657,0.0,-5.4436,18,27.7778,0.030827,6,0.3333,101189.0,10.1189,50.0,1.7591,10.5545,5,0.2778,2349.29,0.2349,20.0,0.0555,0.2773,7,0.3889,-21744.79,-2.1745,14.2857,-0.269,-1.8833
94a653fa,bull,s53|s43|s33|s5|s94,5,0.0341615702,0.0096368907,2.4168,0.0,-7.1599,22,27.2727,0.030802,6,0.2727,26194.12,2.6194,33.3333,0.4963,2.9776,5,0.2273,38586.44,3.8586,40.0,0.7882,3.9412,11,0.5,-19956.31,-1.9956,18.1818,-0.1674,-1.8409
bb68aca7,bull,s53|s11|s9|s32,4,0.0280490069,0.0158966771,0.7643,0.0,-6.7999,15,40.0,0.030797,5,0.3333,47813.03,4.7813,60.0,1.0471,5.2354,3,0.2,-2700.27,-0.27,33.3333,-0.1248,-0.3744,7,0.4667,-24676.61,-2.4677,28.5714,-0.3341,-2.3385
4cf8c7bb,bull,s91|s95|s84|s42,4,0.0232594691,0.0138169538,4.126,0.0,-4.0485,9,55.5556,0.030785,5,0.5556,40534.85,4.0535,60.0,0.8429,4.2144,3,0.3333,-3940.17,-0.394,33.3333,-0.1458,-0.4374,1,0.1111,22359.89,2.236,100.0,2.3259,2.3259
c4e755b4,bull,s42|s39,2,0.0454694721,0.0129559703,2.9324,0.0,-8.0503,21,28.5714,0.030783,6,0.2857,93354.51,9.3355,50.0,1.6257,9.7541,4,0.1905,5175.08,0.5175,25.0,0.165,0.6602,11,0.5238,-28207.51,-2.8208,18.1818,-0.2333,-2.5665
1d88092c,bull,s91|s78|s24|s54|s59,5,0.0353880687,0.0096833542,4.4994,0.0,-5.1309,15,33.3333,0.030781,5,0.3333,84740.26,8.474,60.0,1.7359,8.6797,2,0.1333,-19449.99,-1.945,0.0,-0.9683,-1.9367,8,0.5333,9838.31,0.9838,25.0,0.1585,1.2676
1296bc57,bull,s87|s58|s45|s82,4,0.0257761012,0.0112357335,3.9023,0.0,-4.1202,12,41.6667,0.03078,6,0.5,40590.75,4.0591,50.0,0.727,4.3621,1,0.0833,-10844.26,-1.0844,0.0,-1.1236,-1.1236,5,0.4167,17712.07,1.7712,40.0,0.3569,1.7845
2e279b08,bull,s88|s3|s55,3,0.0498838645,0.0171732804,13.0228,0.0,-4.9155,9,44.4444,0.030722,1,0.1111,-18454.04,-1.8454,0.0,-1.7173,-1.7173,3,0.3333,81577.97,8.1578,66.6667,2.7531,8.2594,5,0.5556,46560.78,4.6561,40.0,0.965,4.8248
5d9aee8b,bull,s5|s84|s27,3,0.0543107074,0.0115769182,6.2684,0.0,-7.7681,20,25.0,0.030708,6,0.3,57932.16,5.7932,33.3333,1.0386,6.2314,5,0.25,71127.1,7.1127,40.0,1.4778,7.3891,9,0.45,-41439.9,-4.144,11.1111,-0.4256,-3.8305
09f2d116,bull,s30|s10|s2|s73,4,0.0572222942,0.0168815095,20.242,0.0,-4.7015,5,80.0,0.030686,2,0.4,118890.17,11.889,100.0,5.7222,11.4445,1,0.2,-20293.92,-2.0294,0.0,-1.6882,-1.6882,2,0.4,116560.45,11.656,100.0,5.7222,11.4445
656a70dc,bull,s32|s91|s27,3,0.0688211114,0.0101332007,9.7886,0.0,-6.503,17,23.5294,0.030679,4,0.2353,115397.96,11.5398,50.0,2.9344,11.7376,2,0.1176,58101.87,5.8102,50.0,2.9344,5.8688,11,0.6471,-37338.01,-3.7338,9.0909,-0.2956,-3.2511
116c8d74,bull,s3|s40|s27,3,0.0599424203,0.0142113661,12.7211,0.0,-6.856,11,36.3636,0.03067,2,0.1818,40811.76,4.0812,50.0,2.2866,4.5731,2,0.1818,47726.81,4.7727,50.0,2.2866,4.5731,7,0.6364,45826.83,4.5827,28.5714,0.6975,4.8828
54153ef3,bull,s55|s4,2,0.0295188418,0.0141397866,5.1893,0.0,-5.9069,11,45.4545,0.030668,5,0.4545,99593.37,9.9593,80.0,2.0787,10.3936,1,0.0909,-13647.14,-1.3647,0.0,-1.414,-1.414,5,0.4545,-27529.04,-2.7529,20.0,-0.5408,-2.704
0ce7710c,bull,s14|s91,2,0.0342681062,0.0090842079,0.8092,0.0,-8.3507,26,26.9231,0.030656,7,0.2692,105322.14,10.5322,57.1429,1.5689,10.982,3,0.1154,-26281.82,-2.6282,0.0,-0.9084,-2.7253,16,0.6154,-19422.4,-1.9422,18.75,-0.0956,-1.529
15c11dc0,bull,s48|s68|s33,3,0.0581336297,0.0159194525,13.2952,0.0,-5.51,9,44.4444,0.030597,5,0.5556,143607.4,14.3607,60.0,2.8512,14.2562,2,0.2222,40980.13,4.098,50.0,2.1107,4.2214,2,0.2222,-32839.06,-3.2839,0.0,-1.5919,-3.1839
752853b9,bull,s70|s14|s94|s24,4,0.0579314488,0.0180937203,15.7257,0.0,-5.346,7,57.1429,0.030561,3,0.4286,96854.64,9.6855,66.6667,3.259,9.7769,0,0.0,0.0,0.0,0.0,0.0,0.0,4,0.5714,79307.09,7.9307,50.0,1.9919,7.9675
95b09cfe,bull,s91|s3|s7,3,0.0648227415,0.0155122141,11.57,0.0,-6.3458,12,33.3333,0.030538,4,0.3333,92516.82,9.2517,50.0,2.4655,9.8621,1,0.0833,-16161.46,-1.6161,0.0,-1.5512,-1.5512,7,0.5833,49119.25,4.9119,28.5714,0.7441,5.2084
bd0f92ea,bull,s65|s36,2,0.0563522183,0.0142798934,12.9374,0.0,-5.1793,9,44.4444,0.030518,3,0.3333,97656.15,9.7656,66.6667,3.2808,9.8425,0,0.0,0.0,0.0,0.0,0.0,0.0,6,0.6667,54692.27,5.4692,33.3333,0.9264,5.5585
1f40f51c,bull,s53|s32|s34,3,0.0268639984,0.0097897954,-2.24,0.0,-9.6474,31,29.0323,0.030501,9,0.2903,56607.64,5.6608,44.4444,0.6501,5.8507,6,0.1935,45999.79,4.6,50.0,0.8537,5.1223,16,0.5161,-81192.48,-8.1192,12.5,-0.5208,-8.3329
8f6f718d,bull,s63|s96|s9,3,0.056530712,0.016845517,13.8995,0.0,-5.0438,8,50.0,0.030475,2,0.25,113257.11,11.3257,100.0,5.6531,11.3061,1,0.125,-18932.9,-1.8933,0.0,-1.6846,-1.6846,5,0.625,60723.22,6.0723,40.0,1.2505,6.2525
a17d5350,bull,s93|s32|s11,3,0.0516634588,0.008951826,6.2489,0.0,-7.9623,21,23.8095,0.030466,5,0.2381,71812.51,7.1813,40.0,1.5294,7.6471,6,0.2857,4683.06,0.4683,16.6667,0.1151,0.6904,10,0.4762,27975.78,2.7976,20.0,0.3171,3.1712
f273930f,bull,s39|s41,2,0.0271681239,0.0125455401,-3.3567,0.0,-7.7114,24,33.3333,0.030451,9,0.375,4900.49,0.49,33.3333,0.0692,0.6231,5,0.2083,14215.2,1.4215,40.0,0.334,1.67,10,0.4167,-5955.33,-0.5955,30.0,-0.0631,-0.6314
43afca92,bull,s11|s42|s84|s44,4,0.0592186478,0.0127173836,11.5514,0.0,-5.6343,11,36.3636,0.030447,5,0.4545,149004.39,14.9004,60.0,3.0444,15.2221,0,0.0,0.0,0.0,0.0,0.0,0.0,6,0.5455,-6914.52,-0.6915,16.6667,-0.0728,-0.4368
9356c0ac,bull,s48|s7|s14,3,0.0574490338,0.0169024505,14.0173,0.0,-5.2699,8,50.0,0.030442,2,0.25,115125.81,11.5126,100.0,5.7449,11.4898,2,0.25,-37211.83,-3.7212,0.0,-1.6902,-3.3805,4,0.5,80950.94,8.0951,50.0,2.0273,8.1093
17818d3b,bull,s35|s54,2,0.0449301347,0.0169994016,5.4428,0.0,-6.6916,13,38.4615,0.030441,6,0.4615,141684.34,14.1684,66.6667,2.4287,14.5722,3,0.2308,-51687.67,-5.1688,0.0,-1.6999,-5.0998,4,0.3077,-9313.07,-0.9313,25.0,-0.1517,-0.6068
b2edfeb5,bull,s30|s38|s82,3,0.0565330637,0.0180304771,12.9775,0.0,-5.4434,9,44.4444,0.030404,4,0.4444,75860.29,7.586,50.0,1.9251,7.7005,1,0.1111,-20133.53,-2.0134,0.0,-1.803,-1.803,4,0.4444,76718.98,7.6719,50.0,1.9251,7.7005
05bac782,bull,s21|s83|s65,3,0.0237187623,0.0107931522,1.2009,0.0,-7.4323,16,37.5,0.030402,5,0.3125,77215.06,7.7215,80.0,1.6816,8.4082,3,0.1875,1378.97,0.1379,33.3333,0.0711,0.2132,8,0.5,-49861.6,-4.9862,12.5,-0.6479,-5.1833
638bb4c3,bull,s30|s83|s92|s3,4,0.0193545722,0.0103060526,3.3912,0.0,-3.9121,9,55.5556,0.030329,6,0.6667,-3329.7,-0.333,33.3333,-0.0419,-0.2515,1,0.1111,17833.07,1.7833,100.0,1.9355,1.9355,2,0.2222,36605.06,3.6605,100.0,1.9355,3.8709
b595cc68,bull,s87|s78|s27,3,0.0429393288,0.0080364259,4.8941,0.0,-6.2552,20,25.0,0.030324,8,0.4,85315.05,8.5315,37.5,1.1079,8.8636,4,0.2,17767.9,1.7768,25.0,0.4708,1.883,8,0.4,-15536.67,-1.5537,12.5,-0.1664,-1.3316
78811a92,bull,s2|s7,2,0.0584459122,0.0194211221,15.5178,0.0,-5.6641,7,57.1429,0.030311,2,0.2857,117498.76,11.7499,100.0,5.8446,11.6892,0,0.0,0.0,0.0,0.0,0.0,0.0,5,0.7143,56540.18,5.654,40.0,1.1726,5.8628
53cd883c,bull,s41|s93|s54,3,0.0531799546,0.0116502272,11.8685,0.0,-5.3311,10,40.0,0.030296,7,0.7,175664.11,17.5664,57.1429,2.5396,17.7769,0,0.0,0.0,0.0,0.0,0.0,0.0,3,0.3,-36330.7,-3.6331,0.0,-1.165,-3.4951
8295f185,bull,s91|s78|s12|s36,4,0.0582367587,0.0189316005,15.9719,0.0,-6.3706,7,57.1429,0.030269,3,0.4286,96291.15,9.6291,66.6667,3.2514,9.7542,0,0.0,0.0,0.0,0.0,0.0,0.0,4,0.5714,78131.57,7.8132,50.0,1.9653,7.861
305ab69f,bull,s36|s87|s95,3,0.0502175678,0.0089826954,11.0081,0.0,-5.2354,11,36.3636,0.030232,4,0.3636,193651.0,19.3651,100.0,5.0218,20.087,0,0.0,0.0,0.0,0.0,0.0,0.0,7,0.6364,-62646.1,-6.2646,0.0,-0.8983,-6.2879
63ec002c,bull,s40|s7|s48,3,0.0593069547,0.0167250785,15.3214,0.0,-7.4507,8,50.0,0.030229,4,0.5,84991.77,8.4992,50.0,2.1291,8.5164,1,0.125,-17895.58,-1.7896,0.0,-1.6725,-1.6725,3,0.375,102740.84,10.2741,66.6667,3.3963,10.1889
ad8c732c,bull,s96|s59,2,0.0479375602,0.0130918496,15.3404,0.0,-3.153,6,66.6667,0.030228,5,0.8333,181524.65,18.1525,80.0,3.5732,17.8658,0,0.0,0.0,0.0,0.0,0.0,0.0,1,0.1667,-13739.17,-1.3739,0.0,-1.3092,-1.3092
194b3ea0,bull,s11|s8|s34|s95,4,0.0570319213,0.0137226418,6.381,0.0,-8.3257,18,27.7778,0.030197,6,0.3333,55498.02,5.5498,33.3333,0.9862,5.9173,3,0.1667,31704.53,3.1705,33.3333,0.9862,2.9587,9,0.5,14405.82,1.4406,22.2222,0.2001,1.8005
9411ef25,bull,s64|s60|s34|s3,4,0.0593781831,0.0153559688,13.56,0.0,-7.7562,10,40.0,0.030194,2,0.2,39033.77,3.9034,50.0,2.2011,4.4022,2,0.2,45935.18,4.5935,50.0,2.2011,4.4022,6,0.6,54476.88,5.4477,33.3333,0.9555,5.7332
eebbaccc,bull,s54|s70|s15,3,0.0356179996,0.0088663407,2.6565,0.0,-7.759,23,26.087,0.030181,7,0.3043,110266.97,11.0267,57.1429,1.6553,11.5873,2,0.087,-16725.34,-1.6725,0.0,-0.8866,-1.7733,14,0.6087,-38419.34,-3.8419,14.2857,-0.2511,-3.516
4197c686,bull,s24|s1,2,0.0541785018,0.0194831621,13.3433,0.0,-5.023,8,50.0,0.030129,2,0.25,108147.47,10.8147,100.0,5.4179,10.8357,1,0.125,-21755.65,-2.1756,0.0,-1.9483,-1.9483,5,0.625,47801.27,4.7801,40.0,0.9982,4.9908
a46cd38a,bull,s69|s30,2,0.0598761952,0.0099872442,10.79,0.0,-7.128,14,28.5714,0.030097,3,0.2143,111941.83,11.1942,66.6667,3.6588,10.9765,4,0.2857,31612.08,3.1612,25.0,0.7479,2.9914,7,0.5,-6035.63,-0.6036,14.2857,-0.0007,-0.0047
d7267d60,bull,s35|s58|s26,3,0.0600707004,0.0159249518,11.8115,0.0,-5.6088,10,40.0,0.030084,3,0.3,105009.73,10.501,66.6667,3.4739,10.4216,2,0.2,-35059.81,-3.506,0.0,-1.5925,-3.185,5,0.5,70813.0,7.0813,40.0,1.4473,7.2367
aff78901,bull,s58|s24|s68,3,0.059265024,0.0146930673,10.4802,0.0,-4.8047,11,36.3636,0.030051,2,0.1818,118895.08,11.8895,100.0,5.9265,11.853,1,0.0909,-16485.57,-1.6486,0.0,-1.4693,-1.4693,8,0.7273,27107.43,2.7107,25.0,0.3796,3.0372
c187c545,bull,s11|s94|s54|s65|s40,5,0.0494940908,0.0114446863,5.3274,0.0,-7.0702,18,27.7778,0.030036,7,0.3889,158734.74,15.8735,57.1429,2.3377,16.3642,3,0.1667,-35029.54,-3.503,0.0,-1.1445,-3.4334,8,0.4444,-34654.01,-3.4654,12.5,-0.3827,-3.0619
55cc6ed5,bull,s35|s95|s7|s69,4,0.0483525751,0.0087439344,4.9687,0.0,-6.5978,21,23.8095,0.030034,8,0.381,97389.94,9.739,37.5,1.2667,10.1338,3,0.1429,-26334.9,-2.6335,0.0,-0.8744,-2.6232,10,0.4762,22792.91,2.2793,20.0,0.2675,2.6754
12f8d863,bull,s87|s82|s30,3,0.0641806765,0.0157926037,13.4323,0.0,-8.7979,11,36.3636,0.030014,3,0.2727,114782.11,11.4782,66.6667,3.7523,11.2569,2,0.1818,48774.09,4.8774,50.0,2.4194,4.8388,6,0.5455,-21731.26,-2.1731,16.6667,-0.2464,-1.4782
0857e1f3,bull,s65|s38|s54,3,0.0482397701,0.0161729113,5.906,0.0,-7.9069,14,35.7143,0.029973,4,0.2857,127001.14,12.7001,75.0,3.2137,12.8546,3,0.2143,-48810.76,-4.8811,0.0,-1.6173,-4.8519,7,0.5,11008.81,1.1009,28.5714,0.2231,1.5615
6c39bd02,bull,s6|s9|s2,3,0.0491843742,0.0175017787,5.23,0.0,-7.0474,14,35.7143,0.029938,4,0.2857,58790.15,5.879,50.0,1.5841,6.3365,5,0.3571,-21900.01,-2.19,20.0,-0.4165,-2.0823,5,0.3571,42509.29,4.2509,40.0,0.9173,4.5863
55d14755,bull,s83|s3,2,0.0427034033,0.0128391501,12.7795,0.0,-4.6844,8,50.0,0.02993,3,0.375,-40242.71,-4.0243,0.0,-1.2839,-3.8517,2,0.25,86972.6,8.6973,100.0,4.2703,8.5407,3,0.375,72446.55,7.2447,66.6667,2.4189,7.2568
8410da22,bull,s55|s88|s75|s58,4,0.0465379126,0.0174698017,13.4448,0.0,-5.5791,8,50.0,0.029927,3,0.375,11433.01,1.1433,33.3333,0.3866,1.1598,1,0.125,43992.34,4.3992,100.0,4.6538,4.6538,4,0.5,56596.71,5.6597,50.0,1.4534,5.8136
07b97a88,bull,s2|s82|s35,3,0.0595850484,0.0128289795,10.2639,0.0,-6.1183,13,30.7692,0.029902,4,0.3077,88314.6,8.8315,50.0,2.3378,9.3512,1,0.0769,-13302.1,-1.3302,0.0,-1.2829,-1.2829,8,0.6154,39423.91,3.9424,25.0,0.5275,4.2196
415ad34e,bull,s58|s32,2,0.0499911517,0.0163563071,11.3428,0.0,-5.3277,10,40.0,0.029878,2,0.2,97407.36,9.7407,100.0,4.9991,9.9982,2,0.2,-33582.07,-3.3582,0.0,-1.6356,-3.2713,6,0.6,32195.54,3.2196,33.3333,0.576,3.4557
b9b0bf4b,bull,s10|s6|s73|s43,4,0.0495950263,0.0102030037,6.2202,0.0,-8.4326,19,26.3158,0.029842,6,0.3158,53906.39,5.3906,33.3333,0.973,5.8378,4,0.2105,80311.15,8.0311,50.0,1.9696,7.8784,9,0.4737,-33908.73,-3.3909,11.1111,-0.3559,-3.2029
dded2711,bull,s83|s45|s24,3,0.0211504396,0.0086112323,2.9501,0.0,-4.2668,11,45.4545,0.02978,7,0.6364,-2210.86,-0.2211,28.5714,-0.0108,-0.0755,0,0.0,0.0,0.0,0.0,0.0,0.0,4,0.3636,52938.09,5.2938,75.0,1.371,5.484
30460b92,bull,s24|s44|s27,3,0.0573877394,0.0149203048,10.87,0.0,-5.7918,11,36.3636,0.029743,2,0.1818,110240.33,11.024,100.0,5.7388,11.4775,2,0.1818,-31381.0,-3.1381,0.0,-1.492,-2.9841,7,0.6364,37640.93,3.7641,28.5714,0.5739,4.0174
36c566d4,bull,s1|s32|s42|s64,4,0.0538002479,0.0178457305,11.9167,0.0,-5.2856,9,44.4444,0.029726,2,0.2222,33613.65,3.3614,50.0,1.7977,3.5955,2,0.2222,37330.36,3.733,50.0,1.7977,3.5955,5,0.5556,52096.0,5.2096,40.0,1.0813,5.4063
7bc729c3,bull,s32|s11|s88,3,0.0633827149,0.0091689258,8.4251,0.0,-6.2144,19,21.0526,0.029722,5,0.2632,94401.08,9.4401,40.0,1.9852,9.9259,1,0.0526,-9552.68,-0.9553,0.0,-0.9169,-0.9169,13,0.6842,22508.8,2.2509,15.3846,0.1993,2.5907
5bd821df,bull,s53|s39|s1,3,0.040330446,0.0158507231,0.931,0.0,-7.1026,18,33.3333,0.02967,8,0.4444,93653.32,9.3653,50.0,1.224,9.7919,3,0.1667,-46983.68,-4.6984,0.0,-1.5851,-4.7552,7,0.3889,-462.49,-0.0462,28.5714,0.0201,0.1407
3447ffec,bull,s96|s36|s34|s46,4,0.0578810532,0.0131971772,11.0141,0.0,-6.0959,11,36.3636,0.029669,3,0.2727,101759.0,10.1759,66.6667,3.4188,10.2565,1,0.0909,-14836.25,-1.4836,0.0,-1.3197,-1.3197,7,0.6364,48042.29,4.8042,28.5714,0.7111,4.9776
a1b2fe2e,bull,s12|s43|s53|s75,4,0.0385927947,0.011997349,3.8469,0.0,-5.5395,15,33.3333,0.029631,6,0.4,127547.61,12.7548,66.6667,2.1729,13.0376,2,0.1333,-24206.4,-2.4206,0.0,-1.1997,-2.3995,7,0.4667,-34812.96,-3.4813,14.2857,-0.477,-3.3391
f19926c2,bull,s73|s15|s63|s10,4,0.0461361889,0.0154980041,16.1682,0.0,-2.8455,5,80.0,0.029614,5,1.0,172207.43,17.2207,80.0,3.3809,16.9047,0,0.0,0.0,0.0,0.0,0.0,0.0,0,0.0,0.0,0.0,0.0,0.0,0.0
c410748a,bull,s32|s36|s27,3,0.0579930572,0.0172339654,11.7509,0.0,-6.3251,10,40.0,0.029606,1,0.1,54259.14,5.4259,100.0,5.7993,5.7993,2,0.2,42295.09,4.2295,50.0,2.038,4.0759,7,0.7,27088.41,2.7088,28.5714,0.4259,2.9816
f591f624,bull,s95|s82|s75,3,0.0441029709,0.0097586792,10.7466,0.0,-5.0435,10,40.0,0.029571,6,0.6,99552.33,9.9552,50.0,1.7172,10.3033,1,0.1,-9522.44,-0.9522,0.0,-0.9759,-0.9759,3,0.3,22727.42,2.2727,33.3333,0.8195,2.4586
2257936f,bull,s42|s35|s63|s43,4,0.0602504718,0.0135070666,11.2533,0.0,-6.5744,11,36.3636,0.029564,2,0.1818,115980.66,11.5981,100.0,6.025,12.0501,2,0.1818,45692.66,4.5693,50.0,2.3372,4.6743,7,0.6364,-22448.79,-2.2449,14.2857,-0.297,-2.0792
6800324b,bull,s40|s38|s79|s42|s54,5,0.0507923675,0.0178353451,15.395,0.0,-5.0887,6,66.6667,0.029558,3,0.5,84479.51,8.448,66.6667,2.7916,8.3749,0,0.0,0.0,0.0,0.0,0.0,0.0,3,0.5,82514.91,8.2515,66.6667,2.7916,8.3749
09d37b91,bull,s44|s54|s27,3,0.0382418888,0.0137903812,5.1506,0.0,-7.3986,14,35.7143,0.029554,4,0.2857,97138.75,9.7139,75.0,2.5234,10.0935,2,0.1429,-26923.24,-2.6923,0.0,-1.379,-2.7581,8,0.5714,-8487.52,-0.8488,25.0,-0.0782,-0.6259
a383ba05,bull,s70|s96,2,0.0591194605,0.0121441689,10.167,0.0,-5.921,12,33.3333,0.029497,2,0.1667,114185.08,11.4185,100.0,5.9119,11.8239,0,0.0,0.0,0.0,0.0,0.0,0.0,10,0.8333,15775.88,1.5776,20.0,0.2109,2.1086
cf47bbc9,bull,s42|s36|s26,3,0.0587403816,0.0132344244,10.8287,0.0,-6.1288,11,36.3636,0.029484,6,0.5455,130749.93,13.075,50.0,2.2753,13.6518,0,0.0,0.0,0.0,0.0,0.0,0.0,5,0.4545,3651.74,0.3652,20.0,0.1161,0.5803
f1e309de,bull,s74|s83|s24,3,0.0504378844,0.0165071724,11.2254,0.0,-4.8116,9,44.4444,0.029484,2,0.2222,101119.28,10.1119,100.0,5.0438,10.0876,1,0.1111,-17115.94,-1.7116,0.0,-1.6507,-1.6507,6,0.6667,32098.82,3.2099,33.3333,0.5808,3.4847
2db8776b,bull,s32|s12|s96|s83|s74,5,0.0493190023,0.0184459636,11.8484,0.0,-5.6857,9,44.4444,0.029461,3,0.3333,6815.84,0.6816,33.3333,0.4142,1.2427,1,0.1111,51508.9,5.1509,100.0,4.9319,4.9319,5,0.5556,41089.56,4.109,40.0,0.866,4.33
b829b3b2,bull,s93|s1|s87,3,0.0509217926,0.0163219335,14.0899,0.0,-5.8149,7,57.1429,0.029448,5,0.7143,120998.87,12.0999,60.0,2.4024,12.0122,0,0.0,0.0,0.0,0.0,0.0,0.0,2,0.2857,33618.73,3.3619,50.0,1.73,3.46
dc7cfdaf,bull,s91|s11|s60|s45,4,0.0260374139,0.0166364547,-0.8833,0.0,-6.6244,14,42.8571,0.029446,6,0.4286,64548.31,6.4548,66.6667,1.1813,7.0877,2,0.1429,-32070.84,-3.2071,0.0,-1.6636,-3.3273,6,0.4286,-14161.37,-1.4161,33.3333,-0.2412,-1.4471
1d84892d,bull,s39|s53|s92,3,0.054519089,0.0152531447,11.6289,0.0,-5.4469,9,44.4444,0.029431,5,0.5556,129677.42,12.9677,60.0,2.661,13.3051,0,0.0,0.0,0.0,0.0,0.0,0.0,4,0.4444,5499.13,0.5499,25.0,0.219,0.876
7396cabb,bull,s46|s6|s27,3,0.0604357449,0.0126259136,9.5228,0.0,-5.8052,13,30.7692,0.029376,4,0.3077,89877.12,8.9877,50.0,2.3905,9.562,4,0.3077,97568.74,9.7569,50.0,2.3905,9.562,5,0.3846,-66418.95,-6.6419,0.0,-1.2626,-6.313
2d053b85,bull,s88|s82|s26,3,0.0604439179,0.0122032354,11.4793,0.0,-8.4649,13,30.7692,0.029336,5,0.3846,82191.61,8.2192,40.0,1.6856,8.4278,0,0.0,0.0,0.0,0.0,0.0,0.0,8,0.6154,44707.39,4.4707,25.0,0.5959,4.7668
4b66f8bf,bull,s53|s10|s91|s83|s63,5,0.0336637902,0.0125753524,2.5401,0.0,-4.2949,14,35.7143,0.029237,5,0.3571,73489.9,7.349,60.0,1.5168,7.5841,2,0.1429,-24364.78,-2.4365,0.0,-1.2575,-2.5151,7,0.5,3556.54,0.3557,28.5714,0.0636,0.4451
caca8465,bull,s15|s1,2,0.036431265,0.0110604572,2.1231,0.0,-8.2011,21,28.5714,0.029233,7,0.3333,106057.75,10.6058,57.1429,1.6078,11.2544,1,0.0476,-10650.44,-1.065,0.0,-1.106,-1.106,13,0.619,-49604.79,-4.9605,15.3846,-0.3754,-4.8802
36ed994a,bull,s2|s41|s88|s1|s8,5,0.0578615267,0.0198275424,10.9585,0.0,-6.7754,11,36.3636,0.029172,3,0.2727,13589.61,1.359,33.3333,0.6069,1.8206,1,0.0909,60394.69,6.0395,100.0,5.7862,5.7862,7,0.6364,10758.75,1.0759,28.5714,0.2369,1.6585
c8f635db,bull,s41|s5|s26,3,0.0511005033,0.0098737908,4.8728,0.0,-7.1669,21,23.8095,0.029156,6,0.2857,59631.0,5.9631,33.3333,1.0451,6.2706,5,0.2381,70624.53,7.0625,40.0,1.4516,7.258,10,0.4762,-40597.28,-4.0597,10.0,-0.3776,-3.7764
26e763f5,bull,s74|s30,2,0.0461513181,0.0158252032,11.6204,0.0,-4.7841,8,50.0,0.029141,2,0.25,92602.21,9.2602,100.0,4.6151,9.2303,1,0.125,-17671.03,-1.7671,0.0,-1.5825,-1.5825,5,0.625,43188.56,4.3189,40.0,0.8965,4.4827
40caf242,bull,s38|s96|s1|s75,4,0.0553731759,0.0131356742,10.5006,0.0,-6.2219,11,36.3636,0.029134,7,0.6364,181532.05,18.1532,57.1429,2.6012,18.2086,0,0.0,0.0,0.0,0.0,0.0,0.0,4,0.3636,-54082.14,-5.4082,0.0,-1.3136,-5.2543
47548f97,bull,s6|s12|s27,3,0.024620028,0.0101273135,-2.8983,0.0,-10.9515,28,32.1429,0.029109,10,0.3571,66986.46,6.6986,50.0,0.7246,7.2464,6,0.2143,9799.76,0.98,33.3333,0.1455,0.8731,12,0.4286,-52065.33,-5.2065,16.6667,-0.4336,-5.2033
dccb7a28,bull,s43|s38|s35|s5,4,0.0497144352,0.0140139675,5.3557,0.0,-8.0744,16,31.25,0.029104,5,0.3125,53515.0,5.3515,40.0,1.1477,5.7387,4,0.25,73113.32,7.3113,50.0,1.785,7.1401,7,0.4375,-38996.78,-3.8997,14.2857,-0.491,-3.4369
bc01e655,bull,s60|s82|s7|s32|s65,5,0.056195298,0.0148357306,10.1898,0.0,-7.054,13,30.7692,0.029095,3,0.2308,21012.91,2.1013,33.3333,0.8841,2.6524,1,0.0769,58804.6,5.8805,100.0,5.6195,5.6195,9,0.6923,2600.94,0.2601,22.2222,0.0949,0.854
530d641d,bull,s5|s68|s26,3,0.05296962,0.0114651866,8.7251,0.0,-4.5821,12,33.3333,0.029077,5,0.4167,130726.52,13.0727,60.0,2.7196,13.5978,3,0.25,29644.11,2.9644,33.3333,1.0013,3.0039,4,0.3333,-46909.2,-4.6909,0.0,-1.1465,-4.5861
3e1a1c7d,bull,s14|s34|s40,3,0.0499165468,0.01344881,6.3345,0.0,-9.4296,16,31.25,0.029056,5,0.3125,56489.55,5.649,40.0,1.1897,5.9487,4,0.25,-53470.83,-5.3471,0.0,-1.3449,-5.3795,7,0.4375,94081.44,9.4081,42.8571,1.3708,9.5954
d78bd69d,bull,s68|s38|s84|s43|s44,5,0.0576062983,0.0104758478,8.9886,0.0,-5.9691,14,28.5714,0.029053,5,0.3571,79945.28,7.9945,40.0,1.6757,8.3785,2,0.1429,45601.96,4.5602,50.0,2.3565,4.713,7,0.5,-7344.04,-0.7344,14.2857,-0.075,-0.5249
65d674a6,bull,s69|s8|s91,3,0.0534860313,0.013170234,5.0215,0.0,-7.6035,18,27.7778,0.029019,6,0.3333,51338.36,5.1338,33.3333,0.9049,5.4291,4,0.2222,12018.87,1.2019,25.0,0.3494,1.3975,8,0.4444,24622.22,2.4622,25.0,0.3494,2.7951
e6e3e288,bull,s35|s10|s82|s65,4,0.0569280099,0.0149083727,10.9454,0.0,-6.259,10,40.0,0.029001,3,0.3,95648.37,9.5648,66.6667,3.2983,9.8948,1,0.1,-15961.17,-1.5961,0.0,-1.4908,-1.4908,6,0.6,54100.34,5.41,33.3333,0.9037,5.4223
f6329fd8,bull,s73|s44,2,0.0421330075,0.0178198627,14.2794,0.0,-2.4297,5,80.0,0.028983,5,1.0,153301.3,15.3301,80.0,3.0142,15.0712,0,0.0,0.0,0.0,0.0,0.0,0.0,0,0.0,0.0,0.0,0.0,0.0,0.0
8f3dfc5e,bull,s46|s21|s55,3,0.0499543179,0.0184137491,12.6456,0.0,-5.0536,7,57.1429,0.028959,3,0.4286,79017.07,7.9017,66.6667,2.7165,8.1495,2,0.2857,32593.13,3.2593,50.0,1.577,3.1541,2,0.2857,29733.82,2.9734,50.0,1.577,3.1541
c79c9359,bull,s6|s39,2,0.040681601,0.0132739945,5.0418,0.0,-7.8846,15,33.3333,0.028954,4,0.2667,54478.75,5.4479,50.0,1.3704,5.4815,3,0.2,12575.55,1.2576,33.3333,0.4711,1.4134,8,0.5333,-1424.93,-0.1425,25.0,0.0215,0.1719
55a72be4,bull,s38|s73|s65,3,0.0531025786,0.0082147167,7.4735,0.0,-4.8729,16,25.0,0.028888,6,0.375,131181.93,13.1182,50.0,2.2444,13.4664,2,0.125,-16780.18,-1.678,0.0,-0.8215,-1.6429,8,0.5,-7876.3,-0.7876,12.5,-0.055,-0.44
4caef17e,bull,s87|s14,2,0.0503482139,0.0161335669,11.5568,0.0,-5.2453,8,50.0,0.028879,4,0.5,132380.62,13.2381,75.0,3.3728,13.4911,1,0.125,-17381.75,-1.7382,0.0,-1.6134,-1.6134,3,0.375,16321.06,1.6321,33.3333,0.6027,1.8081
e631cf94,bull,s46|s84,2,0.0468764344,0.0178285387,13.8286,0.0,-5.0725,6,66.6667,0.028812,3,0.5,73903.65,7.3904,66.6667,2.5308,7.5924,2,0.3333,30068.7,3.0069,50.0,1.4524,2.9048,1,0.1667,47000.82,4.7001,100.0,4.6876,4.6876
93f3b1d7,bull,s5|s12|s48,3,0.0622623511,0.0080090812,14.8903,0.0,-3.5039,11,27.2727,0.028791,4,0.3636,33181.26,3.3181,25.0,0.9559,3.8235,2,0.1818,56560.05,5.656,50.0,2.7127,5.4253,5,0.4545,30170.97,3.0171,20.0,0.6045,3.0226
9d6a198c,bull,s41|s55|s94,3,0.0509829316,0.0181251905,10.6031,0.0,-6.2422,10,40.0,0.028737,3,0.3,8985.52,0.8986,33.3333,0.4911,1.4733,1,0.1,53214.95,5.3215,100.0,5.0983,5.0983,6,0.6,26190.84,2.6191,33.3333,0.4911,2.9465
a906cd27,bull,s6|s38|s26,3,0.0372224061,0.0164928545,3.7687,0.0,-6.6506,13,38.4615,0.028732,3,0.2308,52649.66,5.265,66.6667,1.9317,5.7952,4,0.3077,40951.93,4.0952,50.0,1.0365,4.1459,6,0.4615,-47325.45,-4.7325,16.6667,-0.754,-4.5242
48a567f6,bull,s94|s32|s48|s60|s41,5,0.0291927976,0.0132259552,-1.3603,0.0,-8.759,21,33.3333,0.028678,7,0.3333,71816.2,7.1816,57.1429,1.1013,7.7093,3,0.1429,1127.56,0.1128,33.3333,0.0914,0.2741,11,0.5238,-57752.14,-5.7752,18.1818,-0.5513,-6.0648
a08085a8,bull,s68|s1|s88|s95|s82,5,0.0291957592,0.011889041,3.6319,0.0,-6.5437,13,38.4615,0.028673,5,0.3846,60969.86,6.097,60.0,1.2762,6.3809,1,0.0769,-11474.81,-1.1475,0.0,-1.1889,-1.1889,7,0.5385,-2444.57,-0.2445,28.5714,-0.0151,-0.1054
a4e88221,bull,s34|s69|s27,3,0.0649833665,0.0111787621,9.0874,0.0,-7.5431,17,23.5294,0.028665,5,0.2941,91829.55,9.183,40.0,1.9286,9.643,2,0.1176,-22779.84,-2.278,0.0,-1.1179,-2.2358,10,0.5882,39900.56,3.9901,20.0,0.4054,4.0537
94f88b4e,bull,s55|s46|s93,3,0.0234717269,0.0137607676,2.2719,0.0,-5.0711,11,45.4545,0.028652,5,0.4545,39177.97,3.9178,60.0,0.8579,4.2894,0,0.0,0.0,0.0,0.0,0.0,0.0,6,0.5455,-8540.13,-0.854,33.3333,-0.135,-0.81
b30a8445,bull,s70|s63|s5,3,0.0591405137,0.0153890879,11.0889,0.0,-7.084,10,40.0,0.028621,4,0.4,81335.76,8.1336,50.0,2.1876,8.7503,2,0.2,45270.82,4.5271,50.0,2.1876,4.3751,4,0.4,9170.63,0.9171,25.0,0.3243,1.2973
1fd79784,bull,s93|s4|s42|s15,4,0.0474749713,0.0083425845,4.4155,0.0,-6.9428,22,22.7273,0.028607,6,0.2727,112989.79,11.299,50.0,1.9566,11.7397,3,0.1364,-25164.95,-2.5165,0.0,-0.8343,-2.5028,13,0.5909,-194.45,-0.0194,15.3846,0.0245,0.3182
cbf847a0,bull,s1|s6,2,0.0510462869,0.0113099121,8.8124,0.0,-5.3523,12,33.3333,0.028606,6,0.5,181254.3,18.1254,66.6667,3.0261,18.1565,1,0.0833,-11783.27,-1.1783,0.0,-1.131,-1.131,5,0.4167,-57845.19,-5.7845,0.0,-1.131,-5.655
3b2f28a2,bull,s63|s42|s32,3,0.0419614488,0.0085208673,1.2087,0.0,-6.2038,27,22.2222,0.028561,7,0.2593,37206.56,3.7207,28.5714,0.5903,4.1319,5,0.1852,54377.02,5.4377,40.0,1.1672,5.836,15,0.5556,-27611.53,-2.7612,13.3333,-0.179,-2.6848
6a3381e8,bull,s92|s34|s68,3,0.0536588076,0.0195112123,11.2751,0.0,-5.5432,8,50.0,0.028555,3,0.375,160421.31,16.0421,100.0,5.3659,16.0976,2,0.25,32668.36,3.2668,50.0,1.7074,3.4148,3,0.375,-61607.55,-6.1608,0.0,-1.9511,-5.8534
08630b32,bull,s44|s12|s8|s95,4,0.0483211636,0.0143368051,8.7222,0.0,-5.3268,12,33.3333,0.028538,4,0.3333,63824.03,6.3824,50.0,1.6992,6.7969,2,0.1667,-27820.1,-2.782,0.0,-1.4337,-2.8674,6,0.5,37002.29,3.7002,33.3333,0.6549,3.9295
f1cd8cf8,bull,s40|s60|s48,3,0.0352441765,0.0126457755,10.898,0.0,-3.835,7,57.1429,0.028492,2,0.2857,19509.94,1.951,50.0,1.1299,2.2598,0,0.0,0.0,0.0,0.0,0.0,0.0,5,0.7143,81293.39,8.1293,60.0,1.6088,8.0441
ecf1251a,bull,s84|s9|s34,3,0.0564071933,0.0195328942,11.8886,0.0,-7.6073,9,44.4444,0.028452,3,0.3333,91934.24,9.1934,66.6667,3.1094,9.3281,1,0.1111,-21958.85,-2.1959,0.0,-1.9533,-1.9533,5,0.5556,51830.8,5.1831,40.0,1.0843,5.4216
