id,direction,signals,n_signals,tp,sl,train_return,train_sharpe,train_drawdown,train_trades,train_winrate,score,train_chop_trades,train_chop_trade_share,train_chop_pnl,train_chop_return_pct,train_chop_win_rate,train_chop_avg_trade_return_pct,train_chop_total_trade_return_pct,train_trendy_trades,train_trendy_trade_share,train_trendy_pnl,train_trendy_return_pct,train_trendy_win_rate,train_trendy_avg_trade_return_pct,train_trendy_total_trade_return_pct,train_volatile_trades,train_volatile_trade_share,train_volatile_pnl,train_volatile_return_pct,train_volatile_win_rate,train_volatile_avg_trade_return_pct,train_volatile_total_trade_return_pct
79cc82c2,bull,s38|s8|s40|s43|s1,5,0.0645369613,0.0166861336,30.6814,0.0,-16.8715,49,30.6122,0.160669,20,0.4082,345714.24,34.5714,40.0,1.5803,31.6062,12,0.2449,34826.04,3.4826,25.0,0.362,4.3436,17,0.3469,34904.54,3.4905,23.5294,0.2425,4.1228
df5788d5,bear,s18|s100|s13,3,0.067347071,0.0142534343,30.1347,0.0,-14.2194,52,26.9231,0.15865,18,0.3462,33004.52,3.3005,22.2222,0.388,6.984,9,0.1731,-31709.73,-3.171,11.1111,-0.5187,-4.668,25,0.4808,416994.56,41.6995,36.0,1.5123,37.8069
df363b79,bear,s37|s13|s25|s80,4,0.029819124,0.0177014281,17.145,0.0,-11.3333,42,50.0,0.155047,12,0.2857,10281.73,1.0282,41.6667,0.2099,2.5186,10,0.2381,71425.59,7.1426,50.0,0.6059,6.0588,20,0.4762,183835.1,18.3835,55.0,0.8435,16.8698
7d608000,bear,s100|s13|s27,3,0.0674828045,0.0151324661,31.9194,0.0,-9.8395,40,30.0,0.150527,11,0.275,-32876.76,-3.2877,18.1818,-0.0112,-0.1227,6,0.15,-11273.34,-1.1273,16.6667,-0.1363,-0.818,23,0.575,456751.15,45.6751,39.1304,1.7195,39.5491
a7d2e411,bear,s101|s50|s80,3,0.0791433013,0.0128158292,32.3249,0.0,-17.7305,47,23.4043,0.137542,22,0.4681,30943.7,3.0944,18.1818,0.3904,8.5888,10,0.2128,70568.1,7.0568,20.0,0.5576,5.576,15,0.3191,330966.81,33.0967,33.3333,1.7837,26.7558
1c929a37,bear,s100|s56|s27,3,0.0739120822,0.0127902198,31.9367,0.0,-9.8972,38,26.3158,0.134522,11,0.2895,10220.34,1.022,18.1818,0.2974,3.2712,8,0.2105,-27698.64,-2.7699,12.5,-0.1952,-1.5619,19,0.5,428559.37,42.8559,36.8421,1.9153,36.3902
4c8f1406,bear,s80|s23|s27,3,0.0298328977,0.0179796143,17.1463,0.0,-13.8395,37,51.3514,0.134029,20,0.5405,64121.7,6.4122,45.0,0.3536,7.072,8,0.2162,48569.43,4.8569,50.0,0.5927,4.7413,9,0.2432,138969.76,13.897,66.6667,1.3895,12.5059
3a7ffd4c,bull,s43|s33|s53|s36,4,0.0340357594,0.0197240668,10.6801,0.0,-16.1006,66,43.9394,0.126237,32,0.4848,60490.11,6.049,40.625,0.2116,6.7708,14,0.2121,99538.44,9.9538,50.0,0.7156,10.0182,20,0.303,86377.51,8.6378,45.0,0.4468,8.9357
0119fde0,bull,s95|s38|s64,3,0.0317392049,0.0183876494,11.8628,0.0,-13.4653,43,46.5116,0.126067,21,0.4884,66098.41,6.6098,42.8571,0.3095,6.5001,9,0.2093,137843.37,13.7843,66.6667,1.503,13.5272,13,0.3023,4534.68,0.4535,38.4615,0.0892,1.1595
1d2520fe,bull,s7|s21|s40,3,0.0473498965,0.0107002905,17.9909,0.0,-9.0788,63,26.9841,0.125679,27,0.4286,60646.73,6.0647,22.2222,0.22,5.9393,12,0.1905,41256.26,4.1256,25.0,0.3812,4.5747,24,0.381,217235.27,21.7235,33.3333,0.865,20.7595
6f557b7a,bear,s52|s56|s100,3,0.0549260544,0.0094654932,23.9422,0.0,-14.3069,58,24.1379,0.125262,28,0.4828,-70920.48,-7.092,10.7143,-0.2566,-7.1859,9,0.1552,168529.92,16.853,44.4444,1.9153,17.2377,21,0.3621,262613.42,26.2613,33.3333,1.1998,25.1965
fb9f5803,bull,s83|s8|s30|s39,4,0.0354016209,0.0164010524,11.4078,0.0,-8.9953,44,40.9091,0.124408,17,0.3864,79780.98,7.9781,41.1765,0.4929,8.3801,14,0.3182,91693.73,9.1694,42.8571,0.58,8.1201,13,0.2955,39490.32,3.949,38.4615,0.3523,4.58
d14c40f6,bear,s80|s98|s27,3,0.0271276243,0.0171109947,13.2176,0.0,-13.3097,37,51.3514,0.123577,20,0.5405,49621.61,4.9622,45.0,0.2796,5.5928,8,0.2162,40140.42,4.014,50.0,0.5008,4.0067,9,0.2432,121186.93,12.1187,66.6667,1.2381,11.1433
a128f7e0,bear,s37|s98|s101,3,0.0341033423,0.0160445977,15.4068,0.0,-18.6089,107,39.2523,0.123557,38,0.3551,63973.46,6.3973,36.8421,0.2431,9.2376,19,0.1776,109893.65,10.9894,42.1053,0.507,9.6336,50,0.4673,208660.36,20.866,40.0,0.4015,20.0729
720df80e,bull,s6|s2,2,0.0219408228,0.0120060405,6.3659,0.0,-9.7632,46,45.6522,0.12248,16,0.3478,44676.85,4.4677,43.75,0.2846,4.5531,17,0.3696,101463.14,10.1463,52.9412,0.5966,10.1419,13,0.2826,12842.32,1.2842,38.4615,0.105,1.3656
be2512b6,bull,s30|s14,2,0.0315401729,0.0194769589,5.5565,0.0,-10.6505,49,44.898,0.122469,22,0.449,76655.67,7.6656,45.4545,0.3713,8.1678,14,0.2857,32080.36,3.208,42.8571,0.2388,3.3425,13,0.2653,48852.63,4.8853,46.1538,0.4069,5.2902
f6bee13a,bear,s101|s62|s18,3,0.0513660726,0.0172534918,21.0257,0.0,-20.8617,98,31.6327,0.116416,30,0.3061,211776.94,21.1777,36.6667,0.7907,23.721,16,0.1633,80815.65,8.0816,31.25,0.419,6.7042,52,0.5306,133098.86,13.3099,28.8462,0.2541,13.2112
c2abfa74,bull,s43|s24|s38|s44|s40,5,0.0573787094,0.0186153396,18.6608,0.0,-13.4148,42,33.3333,0.112895,19,0.4524,189384.6,18.9385,36.8421,0.9382,17.8267,10,0.2381,30967.75,3.0968,30.0,0.4183,4.1829,13,0.3095,54061.59,5.4062,30.7692,0.4767,6.1977
85785f28,bear,s18|s19|s26,3,0.0492785868,0.0168157742,14.6817,0.0,-16.2011,58,32.7586,0.108399,16,0.2759,45177.45,4.5177,31.25,0.3839,6.1419,14,0.2414,105576.43,10.5576,35.7143,0.6789,9.5051,28,0.4828,121797.08,12.1797,32.1429,0.4429,12.4008
5cdd5e22,bear,s18|s101,2,0.0365497324,0.0192140111,10.4321,0.0,-18.2652,122,40.1639,0.107424,39,0.3197,234146.65,23.4147,46.1538,0.6523,25.4401,21,0.1721,48955.43,4.8955,38.0952,0.2029,4.2616,62,0.5082,86443.22,8.6443,37.0968,0.1473,9.1297
940e31c9,bull,s41|s40,2,0.046667386,0.0173304488,17.0815,0.0,-9.7357,34,38.2353,0.104601,16,0.4706,180935.49,18.0935,43.75,1.0669,17.0698,5,0.1471,31583.83,3.1584,40.0,0.8269,4.1343,13,0.3824,25766.91,2.5767,30.7692,0.2361,3.0696
8d14254f,bear,s50|s90|s101,3,0.0766251069,0.0178768533,17.4317,0.0,-11.7569,47,25.5319,0.104389,17,0.3617,263013.27,26.3013,35.2941,1.5477,26.3105,8,0.1702,-58326.55,-5.8327,12.5,-0.6064,-4.8513,22,0.4681,79621.68,7.9622,22.7273,0.3601,7.9219
21634957,bear,s90|s80|s37,3,0.0365450466,0.0129805102,12.4278,0.0,-17.168,106,33.0189,0.097264,51,0.4811,104261.0,10.4261,31.3725,0.2557,13.0403,20,0.1887,40978.78,4.0979,30.0,0.1877,3.7543,35,0.3302,209096.46,20.9096,37.1429,0.5415,18.9514
b662985a,bear,s50|s37|s89,3,0.0663024084,0.0155620533,15.7279,0.0,-14.2157,55,25.4545,0.096628,20,0.3636,-17491.13,-1.7491,20.0,0.0811,1.6217,11,0.2,160531.11,16.0531,36.3636,1.4207,15.6275,24,0.4364,132391.23,13.2391,25.0,0.4904,11.7697
009d9270,bear,s25|s18|s66,3,0.0606849026,0.0142323489,20.3033,0.0,-20.5647,47,27.6596,0.096348,15,0.3191,72496.69,7.2497,26.6667,0.5746,8.6184,10,0.2128,94448.49,9.4448,30.0,0.8243,8.2428,22,0.4681,144286.48,14.4286,27.2727,0.62,13.6392
644321bb,bull,s44|s83|s9|s43,4,0.03748155,0.0182961415,7.0042,0.0,-15.7106,48,39.5833,0.09565,19,0.3958,95768.8,9.5769,42.1053,0.5189,9.8595,14,0.2917,18463.22,1.8463,35.7143,0.1624,2.2742,15,0.3125,56573.18,5.6573,40.0,0.4015,6.0224
319f6303,bull,s48|s4|s21,3,0.0457273325,0.0175506766,17.0851,0.0,-10.0588,30,40.0,0.094898,12,0.4,111892.92,11.1893,41.6667,0.8815,10.5782,7,0.2333,67443.74,6.7444,42.8571,0.9568,6.6979,11,0.3667,54448.53,5.4449,36.3636,0.546,6.0055
2b09e808,bull,s47|s8|s26,3,0.0433885222,0.0156187344,25.4773,0.0,-5.5192,20,50.0,0.094141,7,0.35,72665.39,7.2665,42.8571,0.967,6.7691,6,0.3,93119.78,9.312,50.0,1.3885,8.3309,7,0.35,134767.5,13.4767,57.1429,1.81,12.6698
c8578a55,bear,s86|s101|s13|s80,4,0.0374178595,0.0185746042,14.301,0.0,-13.919,31,45.1613,0.093577,13,0.4194,142459.2,14.2459,53.8462,1.1575,15.0477,8,0.2581,-38329.6,-3.833,25.0,-0.4576,-3.6612,10,0.3226,103541.56,10.3542,50.0,0.9422,9.4216
0194cf3b,bull,s39|s95|s27,3,0.0562176815,0.0172490246,14.3648,0.0,-18.0668,60,30.0,0.093259,19,0.3167,274325.12,27.4325,42.1053,1.3684,26.0002,14,0.2333,-39412.58,-3.9413,21.4286,-0.1506,-2.1086,27,0.45,40473.01,4.0473,25.9259,0.1798,4.8543
fc137281,bear,s61|s57|s80,3,0.0375671296,0.0186562733,6.7732,0.0,-14.7454,45,40.0,0.092571,16,0.3556,90033.9,9.0034,43.75,0.5941,9.5063,12,0.2667,-62117.91,-6.2118,25.0,-0.46,-5.5205,17,0.3778,134503.12,13.4503,47.0588,0.7802,13.2631
d9d73027,bull,s88|s93|s64|s96,4,0.026718014,0.0169997785,0.8849,0.0,-11.7875,45,44.4444,0.091359,20,0.4444,3340.68,0.3341,40.0,0.0487,0.9747,9,0.2,-22641.83,-2.2642,33.3333,-0.2427,-2.1845,16,0.3556,114381.42,11.4381,56.25,0.7591,12.1464
1e416f6c,bull,s78|s47|s64,3,0.0465552155,0.0102816951,15.1369,0.0,-16.0,61,26.2295,0.091236,26,0.4262,65754.67,6.5755,23.0769,0.2835,7.3697,16,0.2623,118729.12,11.8729,31.25,0.748,11.9677,19,0.3115,97690.34,9.769,26.3158,0.4675,8.8832
47632577,bear,s25|s89|s61,3,0.0541331811,0.0142777231,14.8665,0.0,-17.9069,53,28.3019,0.090651,14,0.2642,63379.53,6.338,28.5714,0.5268,7.3755,11,0.2075,50075.26,5.0075,27.2727,0.438,4.8178,28,0.5283,156303.12,15.6303,28.5714,0.5268,14.7511
5117a235,bull,s8|s95|s30|s32,4,0.0550965554,0.0162962804,17.2138,0.0,-14.6843,37,32.4324,0.090354,17,0.4595,312211.58,31.2212,47.0588,1.73,29.4106,9,0.2432,-92922.51,-9.2923,11.1111,-0.8364,-7.5274,11,0.2973,33301.81,3.3302,27.2727,0.3174,3.4919
f1412ee9,bear,s29|s28|s37,3,0.0452213063,0.0183993742,8.4583,0.0,-15.8841,52,34.6154,0.090027,27,0.5192,188004.07,18.8004,40.7407,0.752,20.3044,14,0.2692,-73671.66,-7.3672,21.4286,-0.4766,-6.6729,11,0.2115,51629.65,5.163,36.3636,0.4735,5.209
cdaa38a9,bull,s12|s96|s27,3,0.0465025309,0.0169919012,8.317,0.0,-13.9513,58,32.7586,0.08969,23,0.3966,181932.79,18.1933,39.1304,0.7854,18.0636,15,0.2586,-70656.65,-7.0657,20.0,-0.4293,-6.4395,20,0.3448,96887.49,9.6887,35.0,0.5231,10.4623
c03dd6c3,bear,s89|s52,2,0.0340431955,0.0165163624,6.3991,0.0,-8.7517,37,40.5405,0.089512,18,0.4865,-1745.01,-0.1745,33.3333,0.0337,0.6063,7,0.1892,87164.81,8.7165,57.1429,1.2375,8.6624,12,0.3243,53411.47,5.3411,41.6667,0.455,5.4601
efa6c881,bull,s95|s6|s91|s38|s8,5,0.0266966791,0.0156653535,3.7192,0.0,-18.658,69,43.4783,0.089338,27,0.3913,209523.01,20.9523,55.5556,0.7869,21.2466,18,0.2609,4194.93,0.4195,38.8889,0.0809,1.4558,24,0.3478,-37297.65,-3.7298,33.3333,-0.1545,-3.7072
3e0220da,bull,s1|s38|s41,3,0.0307204785,0.0179823734,2.6282,0.0,-16.2025,78,42.3077,0.088828,33,0.4231,124625.3,12.4625,45.4545,0.4155,13.7124,18,0.2308,57619.07,5.7619,44.4444,0.3663,6.594,27,0.3462,-3130.91,-0.3131,37.037,0.0056,0.1504
9e6737ef,bear,s19|s101,2,0.0534685288,0.0197885474,12.0658,0.0,-16.5701,44,34.0909,0.088727,11,0.25,-16813.12,-1.6813,27.2727,0.0191,0.2097,9,0.2045,125026.51,12.5027,44.4444,1.277,11.4931,24,0.5455,104882.59,10.4883,33.3333,0.463,11.1131
4af4c680,bull,s30|s38|s40,3,0.0504161224,0.0133789639,17.7203,0.0,-12.8392,34,32.3529,0.088007,13,0.3824,213895.08,21.3895,46.1538,1.6065,20.8844,10,0.2941,-8127.28,-0.8127,20.0,-0.062,-0.6199,11,0.3235,42422.29,4.2422,27.2727,0.402,4.4217
bba8da22,bear,s77|s25|s67|s101,4,0.0764017703,0.0114327431,27.7917,0.0,-7.7894,26,26.9231,0.087655,5,0.1923,27899.38,2.7899,20.0,0.6134,3.0671,4,0.1538,38671.6,3.8672,25.0,1.0526,4.2104,17,0.6538,273030.88,27.3031,29.4118,1.4401,24.4816
81d9c10b,bear,s23|s25|s27,3,0.0318157166,0.0158575338,5.0111,0.0,-12.5095,42,40.4762,0.087313,14,0.3333,-37947.5,-3.7947,28.5714,-0.2237,-3.1312,8,0.1905,62770.9,6.2771,50.0,0.7979,6.3833,20,0.4762,110917.87,11.0918,45.0,0.5595,11.1909
75afc9d5,bull,s32|s43|s40|s68|s46,5,0.0348438975,0.0188057237,0.4502,0.0,-10.2982,48,39.5833,0.08607,16,0.3333,125183.54,12.5184,50.0,0.8019,12.8305,13,0.2708,-36723.92,-3.6724,30.7692,-0.2298,-2.9876,19,0.3958,12035.81,1.2036,36.8421,0.096,1.8239
2ab4f457,bear,s67|s37|s13,3,0.0519534173,0.016403275,20.9609,0.0,-11.3772,26,38.4615,0.08585,7,0.2692,89720.71,8.9721,42.8571,1.2892,9.0247,3,0.1154,15218.92,1.5219,33.3333,0.6382,1.9147,16,0.6154,161243.08,16.1243,37.5,0.923,14.7688
d549e446,bear,s72|s56|s26,3,0.0414131718,0.0179578283,6.8401,0.0,-16.984,58,36.2069,0.085029,17,0.2931,105236.85,10.5237,41.1765,0.6489,11.0314,12,0.2069,75022.88,7.5023,41.6667,0.678,8.1361,29,0.5,8628.05,0.8628,31.0345,0.0468,1.3562
32c94a90,bear,s18|s37|s26,3,0.0793590878,0.0112625386,24.3669,0.0,-21.4069,124,16.9355,0.084053,48,0.3871,115769.98,11.577,16.6667,0.3841,18.4371,27,0.2177,-507.38,-0.0507,11.1111,-0.1193,-3.2224,49,0.3952,388381.31,38.8381,20.4082,0.7232,35.4352
82cd0ef8,bear,s18|s56|s26,3,0.0383655863,0.0175416929,4.5316,0.0,-14.8485,68,36.7647,0.083875,22,0.3235,112663.95,11.2664,40.9091,0.5329,11.7248,15,0.2206,9912.08,0.9912,33.3333,0.1094,1.6411,31,0.4559,63363.98,6.3364,35.4839,0.2296,7.1188
b525ae3c,bear,s61|s25|s26,3,0.0272422052,0.0170172053,-0.656,0.0,-14.7224,67,43.2836,0.08306,24,0.3582,-15527.38,-1.5527,37.5,-0.042,-1.0078,15,0.2239,136652.71,13.6653,60.0,0.9538,14.3077,28,0.4179,8098.57,0.8099,39.2857,0.037,1.0372
d7c2b130,bear,s19|s16|s100,3,0.0479926067,0.013112148,11.9249,0.0,-14.1118,44,29.5455,0.082721,13,0.2955,1223.39,0.1223,23.0769,0.0989,1.2856,9,0.2045,71439.36,7.1439,33.3333,0.7256,6.5305,22,0.5,140231.48,14.0231,31.8182,0.633,13.9266
6d6e3866,bear,s81|s25|s20,3,0.0474270113,0.0148281758,10.7739,0.0,-12.6836,41,31.7073,0.082137,13,0.3171,-19795.44,-1.9795,23.0769,-0.0462,-0.6001,10,0.2439,109456.73,10.9457,40.0,1.0074,10.0739,18,0.439,105338.85,10.5339,33.3333,0.5924,10.6624
fdc5d061,bear,s31|s57|s27,3,0.0364350557,0.0128474608,7.6846,0.0,-13.5396,44,34.0909,0.081305,15,0.3409,51400.95,5.1401,33.3333,0.358,5.3701,5,0.1136,32488.45,3.2488,40.0,0.6866,3.4328,24,0.5455,87383.06,8.7383,33.3333,0.358,8.5921
94da84c1,bear,s19|s77|s25|s49,4,0.073109576,0.0112268198,23.9146,0.0,-7.6705,27,25.9259,0.081229,5,0.1852,24947.32,2.4947,20.0,0.564,2.8202,5,0.1852,23996.49,2.3996,20.0,0.564,2.8202,17,0.6296,252568.31,25.2568,29.4118,1.3578,23.0826
2c533bb8,bull,s95|s39|s87,3,0.0290527307,0.0119951327,8.3647,0.0,-5.9432,29,41.3793,0.081065,11,0.3793,115931.49,11.5931,54.5455,1.0395,11.4341,7,0.2414,-45161.3,-4.5161,14.2857,-0.6131,-4.2918,11,0.3793,72110.0,7.211,45.4545,0.6663,7.3293
31e6bc98,bull,s35|s96,2,0.0320920899,0.0189696225,0.883,0.0,-16.3117,50,42.0,0.080597,20,0.4,167926.57,16.7927,55.0,0.9114,18.2286,14,0.28,37351.43,3.7351,42.8571,0.2914,4.0796,16,0.32,-98716.38,-9.8716,25.0,-0.6204,-9.9267
297eadae,bear,s97|s20|s31|s80|s37,5,0.026283837,0.0152454196,1.441,0.0,-12.8043,42,42.8571,0.080575,16,0.381,-375.76,-0.0376,37.5,0.0328,0.5249,11,0.2619,37418.57,3.7419,45.4545,0.3632,3.9947,15,0.3571,62165.4,6.2165,46.6667,0.4135,6.2024
6b3c6e09,bear,s98|s89|s37,3,0.0188561884,0.0090894195,-0.5646,0.0,-7.5573,43,39.5349,0.08056,23,0.5349,11490.52,1.1491,34.7826,0.0631,1.4508,9,0.2093,1165.69,0.1166,33.3333,0.0226,0.2032,11,0.2558,65875.66,6.5876,54.5455,0.6154,6.769
3997de5c,bull,s38|s41,2,0.0377790477,0.0084589378,9.6151,0.0,-6.9601,39,28.2051,0.079712,18,0.4615,74785.5,7.4786,27.7778,0.4385,7.8929,9,0.2308,67009.57,6.701,33.3333,0.6954,6.2584,12,0.3077,35966.39,3.5966,25.0,0.3101,3.7207
a4972051,bull,s36|s38,2,0.026333934,0.0147997816,3.9416,0.0,-10.3237,34,44.1176,0.079661,18,0.5294,60870.86,6.0871,44.4444,0.3482,6.2674,8,0.2353,45615.84,4.5616,50.0,0.5767,4.6137,8,0.2353,3259.96,0.326,37.5,0.0625,0.5003
b5d59052,bear,s61|s86|s56|s25,4,0.066630701,0.0150529702,19.6173,0.0,-17.1346,36,27.7778,0.079487,13,0.3611,119297.23,11.9297,30.7692,1.008,13.1046,6,0.1667,-99956.13,-9.9956,0.0,-1.5053,-9.0318,17,0.4722,254390.84,25.4391,35.2941,1.3777,23.4202
4d94644b,bear,s56|s37|s26,3,0.0532787464,0.0167946042,13.9783,0.0,-20.4735,44,31.8182,0.079154,17,0.3864,-82874.36,-8.2874,17.6471,-0.4429,-7.5288,11,0.25,88964.44,8.8964,36.3636,0.8687,9.5553,16,0.3636,223544.67,22.3545,43.75,1.3862,22.18
ab67aaa9,bull,s91|s38|s43|s60,4,0.0312980523,0.0183773634,1.7338,0.0,-11.8576,40,42.5,0.07909,15,0.375,164989.48,16.4989,60.0,1.1428,17.1418,13,0.325,4514.12,0.4514,38.4615,0.0729,0.9471,12,0.3,-71308.05,-7.1308,25.0,-0.5959,-7.1502
444eea22,bear,s18|s23|s25|s62|s72,5,0.0316694945,0.0140074597,5.786,0.0,-18.9013,64,37.5,0.07894,20,0.3125,77677.35,7.7677,40.0,0.4263,8.5266,14,0.2188,34213.41,3.4213,35.7143,0.2306,3.228,30,0.4688,82636.5,8.2637,36.6667,0.2741,8.2223
cc4e95f6,bear,s62|s28|s99,3,0.0234838603,0.0143000102,2.4936,0.0,-11.3246,36,44.4444,0.07872,26,0.7222,-35244.6,-3.5245,34.6154,-0.1221,-3.1745,10,0.2778,115563.43,11.5563,70.0,1.2149,12.1487,0,0.0,0.0,0.0,0.0,0.0,0.0
d62ed13f,bull,s84|s33|s68|s35,4,0.0263599723,0.0093515036,3.5287,0.0,-12.6605,56,33.9286,0.077919,30,0.5357,147017.45,14.7017,40.0,0.4933,14.7993,11,0.1964,40224.75,4.0225,36.3636,0.3634,3.9979,15,0.2679,-36882.19,-3.6882,20.0,-0.2209,-3.3138
fedc1110,bull,s46|s54|s78|s43,4,0.0220219993,0.0146450266,1.5261,0.0,-11.1008,34,47.0588,0.077505,9,0.2647,14896.91,1.4897,44.4444,0.1651,1.4863,14,0.4118,86592.53,8.6593,57.1429,0.6308,8.8306,11,0.3235,-17116.79,-1.7117,36.3636,-0.1312,-1.4427
798f5b68,bear,s97|s37|s20|s16,4,0.0331354121,0.0144642524,2.3343,0.0,-11.8222,47,36.1702,0.077438,17,0.3617,30823.98,3.0824,35.2941,0.2336,3.9706,10,0.2128,-801.58,-0.0802,30.0,-0.0184,-0.1844,20,0.4255,88053.12,8.8053,40.0,0.4576,9.1512
c4733994,bear,s80|s86|s72|s56,4,0.044200596,0.0180224445,12.0069,0.0,-18.9763,37,37.8378,0.077413,12,0.3243,93340.41,9.334,41.6667,0.7904,9.4846,12,0.3243,33984.07,3.3984,33.3333,0.2719,3.2623,13,0.3514,68359.06,6.8359,38.4615,0.5909,7.6823
83d22ddc,bear,s101|s13|s37|s98,4,0.0444020347,0.0179315089,14.41,0.0,-12.2016,27,40.7407,0.077359,7,0.2593,60068.71,6.0069,42.8571,0.8783,6.148,4,0.1481,-11948.31,-1.1948,25.0,-0.2348,-0.9392,16,0.5926,153718.86,15.3719,43.75,0.9339,14.9431
fb3f5da1,bear,s101|s25|s52|s80,4,0.0443066968,0.0191133164,6.3567,0.0,-18.7159,53,35.8491,0.076826,20,0.3774,45180.87,4.5181,35.0,0.3084,6.1674,9,0.1698,19989.19,1.9989,33.3333,0.2027,1.824,24,0.4528,109861.28,10.9861,37.5,0.4669,11.2061
0dd95eac,bear,s29|s56|s37|s72,4,0.049198559,0.0175455392,10.4579,0.0,-18.9645,45,33.3333,0.076444,14,0.3111,11610.42,1.161,28.5714,0.1524,2.1339,12,0.2667,120903.12,12.0903,41.6667,1.0265,12.3174,19,0.4222,68406.29,6.8406,31.5789,0.3532,6.7099
faf517c4,bull,s84|s6|s44|s46,4,0.0221114522,0.0144247529,-4.7531,0.0,-11.4886,58,43.1034,0.075832,23,0.3966,27446.91,2.7447,43.4783,0.1461,3.3593,20,0.3448,71578.88,7.1579,50.0,0.3843,7.6867,15,0.2586,-33067.05,-3.3067,33.3333,-0.2246,-3.369
48bf61b2,bear,s56|s17|s101|s37,4,0.0605044109,0.0143191694,16.8331,0.0,-21.0662,44,27.2727,0.075638,18,0.4091,13596.1,1.3596,22.2222,0.2308,4.1549,9,0.2045,41069.94,4.107,22.2222,0.2308,2.0775,17,0.3864,205589.77,20.559,35.2941,1.2089,20.5516
113bf61d,bear,s81|s101|s19,3,0.0776266424,0.0173153654,15.4342,0.0,-14.081,40,25.0,0.075595,12,0.3,63408.29,6.3408,25.0,0.642,7.7042,7,0.175,-33248.77,-3.3249,14.2857,-0.3752,-2.6266,21,0.525,213710.3,21.371,28.5714,0.9811,20.6029
16adf63f,bear,s49|s20|s27,3,0.0333745588,0.0159999742,2.2431,0.0,-11.3999,42,38.0952,0.074809,18,0.4286,-46019.08,-4.6019,27.7778,-0.2285,-4.1127,8,0.1905,66729.73,6.673,50.0,0.8687,6.9498,16,0.381,87361.71,8.7362,43.75,0.5601,8.9622
5dd585f4,bear,s19|s80|s52,3,0.0579273738,0.0100314639,12.7921,0.0,-13.0626,67,20.8955,0.074667,31,0.4627,-62642.48,-6.2642,12.9032,-0.1263,-3.914,11,0.1642,96272.66,9.6273,27.2727,0.8503,9.353,25,0.3731,243332.37,24.3332,28.0,0.8997,22.4925
bc1c5029,bull,s2|s78|s47|s69,4,0.0236101513,0.0118713159,6.2564,0.0,-6.7134,26,46.1538,0.07454,10,0.3846,-51121.41,-5.1121,20.0,-0.4775,-4.775,11,0.4231,120402.08,12.0402,63.6364,1.0708,11.7786,5,0.1923,47697.46,4.7697,60.0,0.9418,4.7088
91cd2ddc,bear,s80|s20,2,0.027525565,0.0153607612,3.8194,0.0,-10.1656,32,43.75,0.07426,13,0.4062,54136.81,5.4137,46.1538,0.4433,5.7628,10,0.3125,15951.61,1.5952,40.0,0.1794,1.7938,9,0.2812,33389.54,3.339,44.4444,0.37,3.3298
6ce00617,bull,s40|s7|s48,3,0.0593069547,0.0167250785,15.0457,0.0,-16.4914,36,30.5556,0.07371,15,0.4167,214177.05,21.4177,40.0,1.3688,20.5316,6,0.1667,-32369.0,-3.2369,16.6667,-0.4053,-2.4318,15,0.4167,38594.16,3.8594,26.6667,0.355,5.3252
128fee92,bear,s37|s89|s31,3,0.0344289613,0.0174154422,0.8961,0.0,-15.128,60,38.3333,0.0732,24,0.4,-11809.1,-1.1809,33.3333,-0.0134,-0.3215,11,0.1833,61845.38,6.1845,45.4545,0.615,6.7652,25,0.4167,75325.12,7.5325,40.0,0.3322,8.3058
8d330e10,bear,s67|s89|s18|s52,4,0.036966895,0.0175002599,2.9015,0.0,-9.3674,37,37.8378,0.071793,18,0.4865,6097.7,0.6098,33.3333,0.0655,1.1798,7,0.1892,36545.33,3.6545,42.8571,0.5843,4.09,12,0.3243,61594.88,6.1595,41.6667,0.5194,6.2333
4a171eca,bull,s63|s8|s1|s94|s55,5,0.0297068445,0.0185644902,2.8559,0.0,-17.097,38,44.7368,0.071701,15,0.3947,50790.22,5.079,46.6667,0.3962,5.9432,11,0.2895,129769.86,12.977,63.6364,1.2154,13.369,12,0.3158,-77339.88,-7.734,25.0,-0.6497,-7.796
eac646df,bear,s66|s19|s37,3,0.0532839113,0.0141547347,11.9068,0.0,-18.1839,46,28.2609,0.07163,17,0.3696,-53202.08,-5.3202,17.6471,-0.2254,-3.8315,8,0.1739,91484.92,9.1485,37.5,1.1135,8.9078,21,0.4565,177196.91,17.7197,33.3333,0.8325,17.4821
108ca870,bear,s28|s37,2,0.0780658136,0.0137451965,13.8538,0.0,-14.5788,48,20.8333,0.071212,23,0.4792,12978.66,1.2979,17.3913,0.2222,5.1105,14,0.2917,12655.44,1.2655,14.2857,-0.0629,-0.8811,11,0.2292,216746.45,21.6746,36.3636,1.9641,21.6047
1ea3b73c,bull,s73|s21|s30,3,0.0226463993,0.01393731,6.6054,0.0,-4.693,21,52.381,0.071184,6,0.2857,63716.69,6.3717,66.6667,1.0452,6.2711,6,0.2857,-12653.23,-1.2653,33.3333,-0.1743,-1.0456,9,0.4286,57938.85,5.7939,55.5556,0.6387,5.7483
a2d3cf38,bear,s25|s77|s16|s67|s20,5,0.05620405,0.0139663188,13.8591,0.0,-16.3248,39,28.2051,0.07104,14,0.359,721.4,0.0721,21.4286,0.107,1.4983,8,0.2051,107954.08,10.7954,37.5,1.2348,9.8781,17,0.4359,114162.63,11.4163,29.4118,0.6672,11.3424
33969800,bear,s51|s89|s101,3,0.0247383944,0.0127506021,1.8139,0.0,-13.1236,39,41.0256,0.07095,18,0.4615,26762.23,2.6762,38.8889,0.1828,3.2912,10,0.2564,-53250.89,-5.3251,20.0,-0.5253,-5.2528,11,0.2821,120323.59,12.0324,63.6364,1.1106,12.2166
df348948,bear,s28|s90|s26,3,0.0342983826,0.0177307969,1.4489,0.0,-15.4277,46,39.1304,0.070751,25,0.5435,68909.79,6.891,40.0,0.3081,7.7022,8,0.1739,12097.86,1.2098,37.5,0.178,1.4241,13,0.2826,21816.41,2.1816,38.4615,0.228,2.9646
7c821913,bear,s13|s80|s26,3,0.0326061969,0.0147150061,12.2939,0.0,-7.9335,21,47.619,0.070657,8,0.381,20277.74,2.0278,37.5,0.303,2.4244,5,0.2381,-30933.82,-3.0934,20.0,-0.5251,-2.6254,8,0.381,177917.7,17.7918,75.0,2.0776,16.6207
60fc63b4,bear,s61|s100|s13,3,0.0793107247,0.0147253109,16.9806,0.0,-11.554,34,23.5294,0.070617,11,0.3235,111777.21,11.1777,27.2727,1.0921,12.013,5,0.1471,-80787.39,-8.0787,0.0,-1.4725,-7.3627,18,0.5294,216068.62,21.6069,27.7778,1.1396,20.5125
90c2ebc8,bear,s90|s66|s61|s13|s80,5,0.0493084527,0.0130668615,18.7927,0.0,-7.3173,21,38.0952,0.070352,7,0.3333,23629.44,2.3629,28.5714,0.4755,3.3283,6,0.2857,48647.24,4.8647,33.3333,0.7725,4.6349,8,0.381,162229.81,16.223,50.0,1.8121,14.4966
24323ff3,bear,s37|s13|s80|s31,4,0.0625153613,0.0168713997,20.2224,0.0,-10.7906,23,34.7826,0.070318,5,0.2174,67804.15,6.7804,40.0,1.4883,7.4417,5,0.2174,-91025.86,-9.1026,0.0,-1.6871,-8.4357,13,0.5652,276177.47,27.6177,46.1538,1.9769,25.6992
bc0575d3,bear,s101|s56|s89|s61,4,0.0584883113,0.017096677,10.2326,0.0,-16.6394,45,28.8889,0.069911,15,0.3333,24855.07,2.4855,26.6667,0.3059,4.589,7,0.1556,41095.9,4.1096,28.5714,0.4499,3.1493,23,0.5111,135764.42,13.5764,30.4348,0.5907,13.5871
f4dcd206,bull,s64|s47,2,0.0209466681,0.0116904242,9.5102,0.0,-3.1845,17,58.8235,0.069686,5,0.2941,-29427.31,-2.9427,20.0,-0.5163,-2.5815,5,0.2941,75250.63,7.5251,80.0,1.4419,7.2096,7,0.4118,85319.5,8.5319,71.4286,1.1622,8.1352
d7d75c36,bear,s31|s50|s101,3,0.0784289145,0.0195263098,16.0201,0.0,-17.0797,37,27.027,0.069503,9,0.2432,99132.33,9.9132,33.3333,1.3125,11.8129,10,0.2703,-3546.19,-0.3546,20.0,0.0065,0.0647,18,0.4865,151066.18,15.1066,27.7778,0.7683,13.8303
30cfdc8f,bear,s16|s23|s27,3,0.0266722805,0.0161399284,-3.6597,0.0,-13.1767,51,41.1765,0.069361,21,0.4118,-41753.99,-4.1754,33.3333,-0.1869,-3.9253,10,0.1961,45453.11,4.5453,50.0,0.5266,5.2662,20,0.3922,58457.81,5.8458,45.0,0.3126,6.2511
9130ece0,bull,s30|s10|s44|s36|s55,5,0.0292148744,0.019391479,-2.2573,0.0,-18.2282,84,44.0476,0.068429,37,0.4405,186767.39,18.6767,51.3514,0.5569,20.6036,20,0.2381,-12899.81,-1.29,40.0,0.0051,0.1021,27,0.3214,-34258.82,-3.4259,37.037,-0.1389,-3.7506
c944ca1e,bear,s28|s13|s101,3,0.0548905868,0.0151484656,8.4744,0.0,-15.8937,55,27.2727,0.068035,20,0.3636,31172.28,3.1172,25.0,0.2361,4.7226,5,0.0909,-18457.05,-1.8457,20.0,-0.1141,-0.5703,30,0.5455,188407.87,18.8408,30.0,0.5863,17.5898
2faea55e,bear,s52|s56|s99|s20|s89,5,0.0289414264,0.0144570874,-0.5805,0.0,-14.982,55,38.1818,0.067277,27,0.4909,-8338.12,-0.8338,33.3333,0.0009,0.0245,13,0.2364,71699.24,7.1699,46.1538,0.5573,7.2449,15,0.2727,40068.41,4.0068,40.0,0.2902,4.3535
f6ea617e,bear,s13|s101|s52,3,0.069215989,0.0133533719,18.3471,0.0,-23.6324,88,21.5909,0.067264,31,0.3523,47573.9,4.7574,19.3548,0.2628,8.1462,11,0.125,20208.24,2.0208,18.1818,0.1659,1.8252,46,0.5227,298059.66,29.806,23.913,0.6391,29.4008
ff3f4bbc,bear,s76|s61|s17,3,0.0256050419,0.0150135004,-3.6411,0.0,-11.7362,47,40.4255,0.067213,20,0.4255,102702.32,10.2702,50.0,0.5296,10.5915,11,0.234,38753.82,3.8754,45.4545,0.3449,3.7944,16,0.3404,-83026.92,-8.3027,25.0,-0.4859,-7.7742
9a80b582,bear,s57|s101|s25,3,0.0655912223,0.0135490403,15.5002,0.0,-22.2639,50,24.0,0.067209,14,0.28,28718.67,2.8719,21.4286,0.341,4.7734,11,0.22,8288.78,0.8289,18.1818,0.084,0.9241,25,0.5,234202.96,23.4203,28.0,0.861,21.5256
47765b1f,bear,s101|s62|s56,3,0.0315672609,0.0199698432,0.1013,0.0,-21.0963,67,43.2836,0.066967,22,0.3284,118183.89,11.8184,50.0,0.5799,12.7572,14,0.209,-23944.59,-2.3945,35.7143,-0.1564,-2.1892,31,0.4627,45444.44,4.5444,41.9355,0.1642,5.0917
fbdf4aae,bear,s89|s37,2,0.0395108826,0.0107516965,6.0252,0.0,-7.956,38,28.9474,0.066177,20,0.5263,29687.62,2.9688,25.0,0.1814,3.6279,7,0.1842,22918.16,2.2918,28.5714,0.3609,2.5263,11,0.2895,86826.9,8.6827,36.3636,0.7526,8.2782
58fbcfc6,bull,s84|s30|s93|s41,4,0.0496176781,0.0155441502,15.2073,0.0,-6.24,21,38.0952,0.065686,10,0.4762,109414.81,10.9415,40.0,1.0521,10.5206,6,0.2857,38141.32,3.8141,33.3333,0.6176,3.7059,5,0.2381,49598.64,4.9599,40.0,1.0521,5.2603
79a125ec,bull,s83|s38|s27,3,0.0509425735,0.0106233971,10.4405,0.0,-8.5079,35,25.7143,0.065367,15,0.4286,84501.5,8.4501,26.6667,0.5794,8.6913,8,0.2286,42018.15,4.2018,25.0,0.4768,3.8145,12,0.3429,52058.84,5.2059,25.0,0.4768,5.7217
6946c6b7,bull,s47|s78|s84,3,0.0222250496,0.0132745975,6.3383,0.0,-4.058,19,52.6316,0.065008,6,0.3158,-47207.1,-4.7207,16.6667,-0.7358,-4.4148,7,0.3684,85067.96,8.5068,71.4286,1.2082,8.4576,6,0.3158,64963.31,6.4963,66.6667,1.0392,6.2351
3067c80d,bear,s101|s62|s50,3,0.0623148323,0.0138642029,13.5759,0.0,-12.8069,34,26.4706,0.0648,15,0.4412,78193.37,7.8193,26.6667,0.645,9.6753,9,0.2647,-52301.6,-5.2302,11.1111,-0.54,-4.8599,10,0.2941,185364.04,18.5364,40.0,1.6607,16.6074
e84bdf34,bear,s13|s25|s37|s97,4,0.0569275674,0.0154573887,17.7646,0.0,-11.5886,23,34.7826,0.064695,7,0.3043,24720.34,2.472,28.5714,0.5224,3.6568,4,0.1739,4663.09,0.4663,25.0,0.2639,1.0555,12,0.5217,199853.22,19.9853,41.6667,1.4703,17.6436
456889cd,bull,s41|s44|s21|s92,4,0.0461266087,0.0146144498,12.7579,0.0,-9.9067,25,36.0,0.064656,12,0.48,197920.17,19.792,50.0,1.5756,18.9073,7,0.28,-48725.24,-4.8725,14.2857,-0.5937,-4.156,6,0.24,30845.35,3.0845,33.3333,0.5633,3.3795
f59a762c,bull,s40|s3|s21,3,0.0260506873,0.0147751785,-1.5761,0.0,-9.5022,37,40.5405,0.06424,17,0.4595,31208.06,3.1208,41.1765,0.2035,3.4603,8,0.2162,1143.87,0.1144,37.5,0.0535,0.4276,12,0.3243,23308.89,2.3309,41.6667,0.2236,2.6827
62e6f02c,bear,s77|s66|s80,3,0.0271478461,0.0121155161,8.083,0.0,-8.1614,22,45.4545,0.063453,7,0.3182,30145.52,3.0146,42.8571,0.4712,3.2981,6,0.2727,-36001.87,-3.6002,16.6667,-0.5572,-3.343,9,0.4091,131045.58,13.1046,66.6667,1.406,12.6541
dce224de,bull,s4|s47|s26,3,0.0350029203,0.0104192541,14.3715,0.0,-4.8631,18,44.4444,0.063443,8,0.4444,8022.19,0.8022,25.0,0.0936,0.749,4,0.2222,99893.79,9.9894,75.0,2.3647,9.459,6,0.3333,74667.03,7.4667,50.0,1.2292,7.3751
3e70fd75,bull,s65|s47|s27,3,0.0530511528,0.0127396796,7.7168,0.0,-13.7844,69,24.6377,0.063427,32,0.4638,43247.03,4.3247,21.875,0.1652,5.2866,14,0.2029,-51120.29,-5.112,14.2857,-0.3341,-4.6774,23,0.3333,234798.15,23.4798,34.7826,1.0144,23.3314
e11c7a17,bull,s6|s38|s26,3,0.0372224061,0.0164928545,6.5374,0.0,-10.2912,28,39.2857,0.063355,13,0.4643,-7141.23,-0.7141,30.7692,0.0035,0.0454,7,0.25,216977.64,21.6978,85.7143,2.9549,20.6842,8,0.2857,-85623.51,-8.5624,12.5,-0.9778,-7.8228
a145efc6,bear,s25|s76|s27,3,0.0538866136,0.015708124,9.9801,0.0,-11.8635,33,30.303,0.062858,10,0.303,-26065.83,-2.6066,20.0,-0.1789,-1.7892,7,0.2121,27473.67,2.7474,28.5714,0.4176,2.9233,16,0.4848,168416.88,16.8417,37.5,1.039,16.6238
4b9fdd04,bear,s56|s18|s100,3,0.0331291956,0.0185973686,-0.9183,0.0,-18.0618,87,40.2299,0.062831,33,0.3793,-1815.09,-0.1815,36.3636,0.0212,0.7006,18,0.2069,70894.05,7.0894,44.4444,0.4392,7.906,36,0.4138,100582.55,10.0583,41.6667,0.2955,10.6393
4d78efb0,bull,s34|s21,2,0.0460215877,0.0177361585,6.3387,0.0,-15.1252,38,34.2105,0.062784,13,0.3421,89623.83,8.9624,38.4615,0.6786,8.8219,8,0.2105,-23865.21,-2.3865,25.0,-0.1797,-1.4374,17,0.4474,72865.05,7.2865,35.2941,0.4767,8.1032
9ea0ad29,bear,s13|s31|s98,3,0.0681462654,0.0174869158,21.2177,0.0,-11.127,20,35.0,0.062596,3,0.15,22278.91,2.2279,33.3333,1.1057,3.3172,4,0.2,12339.04,1.2339,25.0,0.3921,1.5686,13,0.65,225605.78,22.5606,38.4615,1.5449,20.0836
aefe8140,bear,s16|s29,2,0.0304447077,0.0153323473,4.7262,0.0,-8.5636,26,42.3077,0.062471,13,0.5,75675.58,7.5676,46.1538,0.5796,7.5342,7,0.2692,27645.13,2.7645,42.8571,0.4286,3.0005,6,0.2308,-2843.34,-0.2843,33.3333,-0.0073,-0.044
fcb612a0,bull,s6|s46,2,0.0208285405,0.0121949714,-4.0855,0.0,-14.1377,49,40.8163,0.06242,15,0.3061,-117449.92,-11.745,13.3333,-0.7792,-11.6878,17,0.3469,152654.01,15.2654,64.7059,0.9173,15.5944,17,0.3469,21545.87,2.1546,41.1765,0.1403,2.385
a1b69e93,bull,s47|s33|s26,3,0.0280353568,0.0134684669,9.4774,0.0,-4.9661,18,50.0,0.062284,8,0.4444,16268.12,1.6268,37.5,0.2095,1.6764,5,0.2778,59148.69,5.9149,60.0,1.1434,5.7169,5,0.2778,57555.72,5.7556,60.0,1.1434,5.7169
8b07af13,bull,s45|s35|s65|s30,4,0.0286176664,0.0187927323,-5.0923,0.0,-14.7956,52,42.3077,0.062167,27,0.5192,7293.07,0.7293,40.7407,0.0523,1.4111,14,0.2692,14538.18,1.4538,42.8571,0.1526,2.1364,11,0.2115,29216.49,2.9216,45.4545,0.2757,3.0332
9b8d5d4f,bear,s77|s29|s13,3,0.0312119141,0.0176229208,-2.8916,0.0,-15.0619,53,39.6226,0.062116,12,0.2264,25929.92,2.593,41.6667,0.2725,3.2699,10,0.1887,-29056.03,-2.9056,30.0,-0.2972,-2.9725,31,0.5849,77949.9,7.795,41.9355,0.2856,8.8542
00b01b4b,bear,s85|s56|s37|s52,4,0.0396739021,0.0188266225,3.4924,0.0,-20.6108,48,37.5,0.062052,22,0.4583,54019.75,5.402,36.3636,0.2446,5.3819,9,0.1875,59836.9,5.9837,44.4444,0.7174,6.4562,17,0.3542,18655.44,1.8655,35.2941,0.1821,3.0951
7ca65bdd,bear,s13|s80|s85|s25|s66,5,0.0332302732,0.0170065541,10.9406,0.0,-7.224,18,50.0,0.061953,6,0.3333,45740.5,4.5741,50.0,0.8112,4.8671,5,0.2778,-39670.84,-3.9671,20.0,-0.6959,-3.4796,7,0.3889,140925.78,14.0926,71.4286,1.8877,13.2138
f589103c,bull,s7|s38|s5|s21,4,0.0658158679,0.0160524351,12.6663,0.0,-12.8768,33,27.2727,0.061943,10,0.303,164710.67,16.4711,40.0,1.6695,16.6949,8,0.2424,30107.18,3.0107,25.0,0.4415,3.5317,15,0.4545,-886.88,-0.0887,20.0,0.0321,0.4818
01a2d023,bear,s80|s72|s49,3,0.0223566845,0.0115646844,-3.194,0.0,-9.284,42,38.0952,0.061872,17,0.4048,70257.89,7.0258,47.0588,0.4398,7.4771,12,0.2857,-71742.26,-7.1742,16.6667,-0.5911,-7.0933,13,0.3095,52705.41,5.2705,46.1538,0.4091,5.3187
42922f84,bear,s13|s86|s101|s56,4,0.0317270836,0.016674511,-1.5063,0.0,-16.0611,57,38.5965,0.061581,20,0.3509,-23.07,-0.0023,35.0,0.0266,0.5321,10,0.1754,20538.04,2.0538,40.0,0.2686,2.6861,27,0.4737,75492.87,7.5493,40.7407,0.3045,8.2206
2e2da8bf,bear,s100|s23|s52,3,0.051608666,0.0129510049,18.9035,0.0,-7.2481,18,38.8889,0.061393,11,0.6111,-20519.77,-2.052,18.1818,-0.1213,-1.3342,2,0.1111,110421.82,11.0422,100.0,5.1609,10.3217,5,0.2778,137558.84,13.7559,60.0,2.5785,12.8924
38b1e3ed,bear,s18|s97|s25|s37,4,0.0445122158,0.0157028649,6.0784,0.0,-15.0247,40,32.5,0.061392,13,0.325,-30644.4,-3.0644,23.0769,-0.1807,-2.3492,9,0.225,40152.84,4.0153,33.3333,0.4369,3.9319,18,0.45,133422.28,13.3422,38.8889,0.7714,13.8854
6ba132a6,bear,s37|s81|s100,3,0.0449552638,0.0098494269,5.2039,0.0,-9.4638,57,22.807,0.060845,32,0.5614,4560.38,0.456,18.75,0.0426,1.3646,14,0.2456,82031.73,8.2032,28.5714,0.5809,8.1327,11,0.193,53326.1,5.3326,27.2727,0.5097,5.607
a39abea0,bear,s89|s62|s37,3,0.0401067132,0.0199655463,0.5873,0.0,-13.0866,40,37.5,0.060472,21,0.525,53535.79,5.3536,38.0952,0.2919,6.1302,8,0.2,17207.95,1.7208,37.5,0.2562,2.0492,11,0.275,17047.75,1.7048,36.3636,0.1879,2.0668
c1b7bff6,bear,s62|s101|s52,3,0.0498660334,0.0129754417,12.0798,0.0,-22.2638,99,26.2626,0.060316,35,0.3535,147933.75,14.7934,28.5714,0.4979,17.4274,14,0.1414,74029.23,7.4029,28.5714,0.4979,6.971,50,0.5051,94009.19,9.4009,24.0,0.2107,10.5326
ffc65719,bull,s38|s63|s43,3,0.0395004405,0.0137400303,2.9724,0.0,-9.3051,38,31.5789,0.05982,18,0.4737,11988.12,1.1988,27.7778,0.1049,1.8882,8,0.2105,104091.38,10.4091,50.0,1.288,10.3042,12,0.3158,-8867.9,-0.8868,25.0,-0.043,-0.5159
bc3c9e01,bear,s19|s28|s25,3,0.0329424758,0.0139311871,2.5204,0.0,-19.0654,68,35.2941,0.058768,25,0.3676,16466.71,1.6467,32.0,0.1068,2.671,13,0.1912,54256.08,5.4256,38.4615,0.4097,5.3263,30,0.4412,98063.63,9.8064,36.6667,0.3256,9.7675
74e68177,bull,s35|s41|s70|s59,4,0.0379722102,0.0191351131,2.2611,0.0,-21.8546,60,38.3333,0.05848,25,0.4167,145255.34,14.5255,44.0,0.5992,14.9803,14,0.2333,123065.62,12.3066,50.0,0.9419,13.186,21,0.35,-123181.08,-12.3181,23.8095,-0.5538,-11.6301
0ed4aba4,bear,s66|s17|s27,3,0.0348495097,0.0172207486,4.6119,0.0,-10.9786,27,40.7407,0.058176,12,0.4444,-674.78,-0.0675,33.3333,0.0136,0.1632,9,0.3333,153774.31,15.3774,66.6667,1.7493,15.7435,6,0.2222,-52923.87,-5.2924,16.6667,-0.8542,-5.1254
d717bdc8,bear,s18|s51|s19|s17,4,0.0277640892,0.0177628278,-2.2858,0.0,-10.0183,33,42.4242,0.058129,15,0.4545,2075.3,0.2075,40.0,0.0448,0.6719,10,0.303,47214.01,4.7214,50.0,0.5001,5.0006,8,0.2424,-6589.92,-0.659,37.5,-0.069,-0.5522
3b8e99cc,bull,s21|s6|s40|s1,4,0.0617914709,0.0136455823,20.9514,0.0,-5.0023,16,37.5,0.058016,6,0.375,238794.44,23.8794,66.6667,3.6646,21.9875,5,0.3125,-77399.28,-7.7399,0.0,-1.3646,-6.8228,5,0.3125,83170.34,8.317,40.0,1.6529,8.2646
103f48be,bull,s38|s40|s34|s46,4,0.0667102321,0.0099302587,15.9477,0.0,-6.6983,25,24.0,0.057848,5,0.2,-53444.15,-5.3444,0.0,-0.993,-4.9651,8,0.32,78189.86,7.819,25.0,0.923,7.3839,12,0.48,187232.95,18.7233,33.3333,1.5617,18.7399
65525777,bull,s9|s83|s21,3,0.0333536187,0.0164008723,-1.349,0.0,-14.2437,46,36.9565,0.057723,17,0.3696,67773.43,6.7773,41.1765,0.4086,6.9467,10,0.2174,-20623.69,-2.0624,30.0,-0.1475,-1.4745,19,0.413,28502.43,2.8502,36.8421,0.193,3.6665
8744496f,bear,s89|s56|s18|s19|s37,5,0.0402819512,0.0166679479,5.4399,0.0,-22.5011,87,34.4828,0.057705,33,0.3793,2658.32,0.2658,30.303,0.059,1.9457,15,0.1724,84888.41,8.4888,40.0,0.6112,9.168,39,0.4483,137913.75,13.7914,35.8974,0.3776,14.7249
84504ff9,bear,s61|s98|s17,3,0.0362294229,0.0178067726,1.132,0.0,-13.4042,37,37.8378,0.057593,15,0.4054,103809.06,10.3809,46.6667,0.741,11.1152,10,0.2703,144721.29,14.4721,60.0,1.4615,14.6149,12,0.3243,-163006.08,-16.3006,8.3333,-1.3304,-15.9645
514309d2,bear,s85|s61|s13|s31,4,0.0599410668,0.0165934323,16.2033,0.0,-8.9523,20,35.0,0.057183,2,0.1,38689.13,3.8689,50.0,2.1674,4.3348,4,0.2,7556.43,0.7556,25.0,0.254,1.0161,14,0.7,161844.24,16.1844,35.7143,1.074,15.0364
36f898a8,bear,s56|s50|s27,3,0.0307868323,0.0170759731,-2.3086,0.0,-17.5765,68,39.7059,0.057154,22,0.3235,-45713.08,-4.5713,31.8182,-0.1847,-4.0632,16,0.2353,145721.96,14.5722,56.25,0.9847,15.755,30,0.4412,9831.96,0.9832,36.6667,0.0474,1.4212
32a143be,bear,s101|s25|s97|s20,4,0.0304662674,0.0168811944,-3.7832,0.0,-14.4039,49,38.7755,0.056822,17,0.3469,-8791.34,-0.8791,35.2941,-0.017,-0.2896,12,0.2449,79224.14,7.9224,50.0,0.6793,8.151,20,0.4082,-8210.53,-0.8211,35.0,-0.031,-0.6192
61fe7c0e,bull,s21|s39,2,0.023229793,0.0145852265,2.6353,0.0,-6.0497,21,47.619,0.056805,6,0.2857,63365.82,6.3366,66.6667,1.0625,6.3749,8,0.381,-5100.72,-0.5101,37.5,-0.0405,-0.3237,7,0.3333,10289.38,1.0289,42.8571,0.1621,1.1348
41342540,bull,s48|s96|s64|s44,4,0.0393484595,0.0153006492,-0.5935,0.0,-12.5244,56,32.1429,0.056481,20,0.3571,127273.38,12.7273,40.0,0.6559,13.118,16,0.2857,-28595.31,-2.8595,25.0,-0.1638,-2.6214,20,0.3571,14539.96,1.454,30.0,0.1094,2.1882
f62e1797,bear,s71|s101|s26,3,0.045283086,0.0099399509,13.6728,0.0,-6.9482,21,33.3333,0.056216,10,0.4762,62979.26,6.2979,30.0,0.6627,6.627,6,0.2857,-8866.01,-0.8866,16.6667,-0.0736,-0.4417,5,0.2381,128618.25,12.8618,60.0,2.3194,11.5969
fe477658,bull,s15|s38|s47|s34,4,0.0296561838,0.0107466665,2.9275,0.0,-6.085,29,34.4828,0.056204,17,0.5862,17254.43,1.7254,29.4118,0.1137,1.9321,4,0.1379,36768.35,3.6768,50.0,0.9455,3.7819,8,0.2759,33702.36,3.3702,37.5,0.4404,3.5235
d28883b3,bull,s44|s47|s78,3,0.0319445901,0.0177417199,-3.5294,0.0,-9.7613,39,38.4615,0.056147,17,0.4359,-10891.03,-1.0891,35.2941,-0.0205,-0.3491,12,0.3077,31809.9,3.181,41.6667,0.2961,3.5531,10,0.2564,21411.91,2.1412,40.0,0.2133,2.1328
0833585c,bear,s37|s90|s31,3,0.0765983023,0.0121984723,12.7953,0.0,-16.9505,70,18.5714,0.056044,31,0.4429,-145771.46,-14.5771,9.6774,-0.3605,-11.1762,10,0.1429,154543.17,15.4543,30.0,1.4441,14.4406,29,0.4143,275973.78,27.5974,24.1379,0.9235,26.7822
f662985a,bear,s49|s25|s77,3,0.037726511,0.0182193511,-0.441,0.0,-13.3135,41,36.5854,0.055802,11,0.2683,-37190.56,-3.7191,27.2727,-0.2961,-3.2575,7,0.1707,-18808.83,-1.8809,28.5714,-0.2235,-1.5644,23,0.561,136559.75,13.656,43.4783,0.6105,14.0414
c260600b,bear,s22|s25|s27,3,0.0371006647,0.0164243792,-0.8396,0.0,-14.599,49,34.6939,0.055788,14,0.2857,-23420.33,-2.342,28.5714,-0.1132,-1.5841,10,0.2041,46520.04,4.652,40.0,0.4986,4.9856,25,0.5102,66041.45,6.6041,36.0,0.2845,7.1116
f9887365,bull,s38|s32,2,0.0282161887,0.0133145235,0.1829,0.0,-8.8183,32,37.5,0.055537,18,0.5625,91209.04,9.1209,44.4444,0.5144,9.2584,5,0.1562,-26157.37,-2.6157,20.0,-0.5008,-2.5042,9,0.2812,2346.34,0.2346,33.3333,0.0529,0.4761
32c0d0a5,bear,s51|s90|s81,3,0.039453196,0.0146178957,2.5621,0.0,-8.5718,35,31.4286,0.055173,18,0.5143,1367.42,0.1367,27.7778,0.0402,0.7233,8,0.2286,-11163.58,-1.1164,25.0,-0.11,-0.8801,9,0.2571,80755.78,8.0756,44.4444,0.9414,8.4723
08511e4f,bear,s56|s49|s101|s13,4,0.0437059253,0.0157940144,7.5248,0.0,-15.7081,32,34.375,0.055104,9,0.2812,29780.41,2.978,33.3333,0.4039,3.6354,5,0.1562,-23041.45,-2.3041,20.0,-0.3894,-1.947,18,0.5625,137008.39,13.7008,38.8889,0.7345,13.2207
6b06fad2,bull,s38|s65,2,0.0485688211,0.0099934938,10.6101,0.0,-5.5949,25,28.0,0.054828,13,0.52,41484.87,4.1485,23.0769,0.3521,4.5772,6,0.24,120995.24,12.0995,50.0,1.9288,11.5726,6,0.24,-3610.05,-0.361,16.6667,-0.0233,-0.1399
c1faa24a,bull,s40|s94|s59,3,0.058206161,0.0166278867,19.1856,0.0,-13.7521,18,38.8889,0.054775,4,0.2222,95818.32,9.5818,50.0,2.0789,8.3157,4,0.2222,75159.77,7.516,50.0,2.0789,8.3157,10,0.5556,56192.58,5.6193,30.0,0.5822,5.8223
bae86e40,bear,s100|s13|s37,3,0.0635242253,0.0157819559,11.2499,0.0,-14.6203,33,27.2727,0.054751,13,0.3939,22933.23,2.2933,23.0769,0.2519,3.2753,5,0.1515,3350.64,0.3351,20.0,0.0079,0.0396,15,0.4545,154241.36,15.4241,33.3333,1.0653,15.9802
50dd245a,bull,s93|s5|s21,3,0.0537837672,0.0168828983,15.4258,0.0,-8.7984,18,38.8889,0.054711,6,0.3333,194544.42,19.4544,66.6667,3.0228,18.1369,5,0.2778,-93627.08,-9.3627,0.0,-1.6883,-8.4414,7,0.3889,91641.27,9.1641,42.8571,1.3403,9.382
c255e3c7,bull,s47|s9,2,0.0504777036,0.0099939303,21.9886,0.0,-5.6432,13,46.1538,0.054466,4,0.3077,-46428.73,-4.6429,0.0,-0.9994,-3.9976,4,0.3077,92276.14,9.2276,50.0,2.0242,8.0968,5,0.3846,203314.99,20.3315,80.0,3.8383,19.1917
b32f41c2,bull,s15|s8|s38,3,0.0486045941,0.0159651149,3.0966,0.0,-15.4336,51,29.4118,0.054321,22,0.4314,87006.09,8.7006,31.8182,0.458,10.0755,13,0.2549,118346.07,11.8346,38.4615,0.8869,11.5302,16,0.3137,-68996.08,-6.8996,18.75,-0.3858,-6.1733
4d4ad37a,bear,s80|s13,2,0.0474190613,0.0175935967,16.4736,0.0,-8.4266,15,46.6667,0.054184,4,0.2667,55491.68,5.5492,50.0,1.4913,5.9651,4,0.2667,-76756.01,-7.6756,0.0,-1.7594,-7.0374,7,0.4667,217809.24,21.7809,71.4286,2.8844,20.1908
804c3a81,bear,s90|s101,2,0.0289251735,0.0089975034,0.2787,0.0,-11.9423,61,29.5082,0.053812,28,0.459,-62338.42,-6.2338,17.8571,-0.2226,-6.2317,10,0.1639,17966.3,1.7966,30.0,0.2379,2.3793,23,0.377,167969.71,16.797,43.4783,0.7491,17.2284
5f9b78a9,bull,s92|s68|s10|s38|s12,5,0.0307392746,0.0094545353,6.7467,0.0,-4.7282,22,36.3636,0.053633,9,0.4091,76489.22,7.6489,44.4444,0.8409,7.5684,9,0.4091,35192.89,3.5193,33.3333,0.3943,3.5491,4,0.1818,1692.97,0.1693,25.0,0.0594,0.2376
4a7a591f,bear,s66|s37|s28,3,0.0728407846,0.0135811318,9.187,0.0,-14.4704,48,20.8333,0.053603,23,0.4792,529.43,0.0529,17.3913,0.1449,3.3322,14,0.2917,-616.23,-0.0616,14.2857,-0.1235,-1.7292,11,0.2292,193498.66,19.3499,36.3636,1.7845,19.6295
084f2ddf,bear,s61|s49|s31|s71|s13,5,0.0700438603,0.0137804041,16.9397,0.0,-9.0959,21,28.5714,0.052998,3,0.1429,37392.14,3.7392,33.3333,1.4161,4.2483,5,0.2381,10202.56,1.0203,20.0,0.2984,1.4922,13,0.619,170010.02,17.001,30.7692,1.2012,15.6152
6eba2f5a,bear,s13|s77|s31|s89|s22,5,0.0743743185,0.0167413367,16.0176,0.0,-14.0303,25,28.0,0.05299,3,0.12,34267.07,3.4267,33.3333,1.3631,4.0892,6,0.24,-17471.0,-1.7471,16.6667,-0.1555,-0.9332,16,0.64,201162.09,20.1162,31.25,1.1732,18.7717
435ace56,bear,s22|s13|s61|s80,4,0.070553025,0.0127688405,15.581,0.0,-8.5321,23,26.087,0.052895,4,0.1739,111888.11,11.1888,50.0,2.8892,11.5568,5,0.2174,-68548.97,-6.8549,0.0,-1.2769,-6.3844,14,0.6087,163595.7,16.3596,28.5714,1.1037,15.4524
3599f947,bull,s38|s21|s27,3,0.0350942885,0.0129483295,-1.0962,0.0,-10.1389,45,31.1111,0.052679,15,0.3333,41758.3,4.1758,33.3333,0.3066,4.5988,12,0.2667,34968.34,3.4968,33.3333,0.3066,3.6791,18,0.4,4918.99,0.4919,27.7778,0.0397,0.7143
143213d5,bear,s13|s80|s101,3,0.0384781128,0.0168255907,2.6104,0.0,-21.3986,65,35.3846,0.0524,20,0.3077,94415.72,9.4416,40.0,0.5296,10.5918,11,0.1692,-18239.83,-1.824,27.2727,-0.1743,-1.917,34,0.5231,85574.19,8.5574,35.2941,0.2693,9.1574
370d04a2,bear,s101|s31|s89,3,0.0265983898,0.0085583388,-1.6989,0.0,-10.0549,74,29.7297,0.052229,25,0.3378,64142.39,6.4142,32.0,0.2692,6.7295,13,0.1757,-9215.3,-0.9215,23.0769,-0.0445,-0.5788,36,0.4865,74638.09,7.4638,30.5556,0.2184,7.8624
dab99a8c,bull,s43|s83|s46,3,0.0529604339,0.0150907705,6.7839,0.0,-12.7645,35,28.5714,0.052189,9,0.2571,1331.82,0.1332,22.2222,0.0032,0.0285,9,0.2571,63239.16,6.3239,33.3333,0.7593,6.8337,17,0.4857,77215.53,7.7216,29.4118,0.4924,8.3713
ad8658ba,bear,s80|s76|s86,3,0.0328018341,0.0150427303,9.1984,0.0,-8.646,17,47.0588,0.051691,9,0.5294,147121.83,14.7122,66.6667,1.6854,15.1683,5,0.2941,-24538.12,-2.4538,20.0,-0.5474,-2.7369,3,0.1765,3607.01,0.3607,33.3333,0.0905,0.2716
d8f08588,bear,s13|s90|s25,3,0.0253048867,0.0158156345,-5.3893,0.0,-16.7971,51,41.1765,0.051581,16,0.3137,-11552.58,-1.1553,37.5,-0.0395,-0.6327,9,0.1765,22316.95,2.2317,44.4444,0.246,2.2141,26,0.5098,39399.68,3.94,42.3077,0.1582,4.1119
db7b3bfd,bear,s89|s71|s61,3,0.0202796546,0.0094008412,-1.8436,0.0,-5.5644,30,36.6667,0.051559,11,0.3667,13570.79,1.3571,36.3636,0.1392,1.5313,9,0.3,33323.69,3.3324,44.4444,0.379,3.4114,10,0.3333,-6004.52,-0.6005,30.0,-0.0497,-0.4967
57760922,bear,s101|s76|s90,3,0.0254313402,0.0157607624,-7.3665,0.0,-13.4135,57,40.3509,0.051346,21,0.3684,-42025.78,-4.2026,33.3333,-0.203,-4.2631,13,0.2281,-44979.17,-4.4979,30.7692,-0.3086,-4.0122,23,0.4035,125299.45,12.5299,52.1739,0.5731,13.1808
b6b2907d,bear,s50|s25|s62|s56,4,0.0296978864,0.0136235068,0.1392,0.0,-8.3365,30,36.6667,0.051328,13,0.4333,-8088.8,-0.8089,30.7692,-0.0294,-0.382,6,0.2,-40473.2,-4.0473,16.6667,-0.6403,-3.842,11,0.3667,111455.99,11.1456,54.5455,1.0006,11.007
165b4f2a,bull,s8|s4|s46|s30,4,0.056857871,0.0160698245,9.6491,0.0,-22.5692,46,28.2609,0.051218,17,0.3696,172641.28,17.2641,35.2941,0.9669,16.4379,11,0.2391,24899.64,2.49,27.2727,0.382,4.2015,18,0.3913,-4587.73,-0.4588,22.2222,0.0136,0.2454
0f4b54a1,bear,s25|s99|s27,3,0.0487227367,0.0140969467,7.4606,0.0,-20.4792,58,27.5862,0.051163,29,0.5,-117191.35,-11.7191,17.2414,-0.3266,-9.4713,11,0.1897,165911.74,16.5912,45.4545,1.4457,15.9032,18,0.3103,120036.59,12.0037,33.3333,0.6843,12.3173
4208ddf4,bear,s52|s67|s56,3,0.0312026153,0.0171060293,-4.9773,0.0,-14.3317,50,38.0,0.051096,20,0.4,-6306.69,-0.6307,35.0,-0.0198,-0.396,9,0.18,34364.58,3.4365,44.4444,0.4364,3.928,21,0.42,22147.32,2.2147,38.0952,0.1297,2.7243
002f982d,bull,s73|s21|s24,3,0.0466708874,0.0127677127,10.2087,0.0,-6.4462,21,33.3333,0.051028,9,0.4286,61979.98,6.198,33.3333,0.7045,6.3406,4,0.1905,6830.87,0.6831,25.0,0.2092,0.8368,8,0.381,79754.78,7.9755,37.5,0.9522,7.6174
90afd6e3,bear,s85|s25|s72,3,0.0346105065,0.0147462448,0.0068,0.0,-17.5232,58,34.4828,0.050906,15,0.2586,-33177.47,-3.3177,26.6667,-0.1584,-2.3767,12,0.2069,70707.09,7.0707,41.6667,0.5819,6.9829,31,0.5345,85349.2,8.5349,35.4839,0.2767,8.5791
2198a7df,bull,s38|s40|s36,3,0.0501703926,0.0096993447,7.2665,0.0,-14.8325,49,22.449,0.050877,25,0.5102,47354.73,4.7355,20.0,0.2275,5.6865,10,0.2041,80349.59,8.035,30.0,0.8262,8.2616,14,0.2857,42525.83,4.2526,21.4286,0.313,4.3818
5daa6695,bull,s38|s9,2,0.0622270132,0.0162767835,8.3787,0.0,-9.526,29,27.5862,0.050863,9,0.3103,84.64,0.0085,22.2222,0.1169,1.0517,8,0.2759,110367.59,11.0368,37.5,1.3162,10.5297,12,0.4138,34710.64,3.4711,25.0,0.3349,4.019
37553d76,bear,s67|s72|s101,3,0.0560746149,0.0142412279,12.3114,0.0,-25.5043,73,26.0274,0.050815,16,0.2192,102918.3,10.2918,31.25,0.7732,12.372,14,0.1918,94392.07,9.4392,28.5714,0.5849,8.1886,43,0.589,89746.07,8.9746,23.2558,0.2111,9.0786
da4732da,bear,s101|s49|s89,3,0.0255517349,0.0117686286,0.6714,0.0,-9.6373,29,37.931,0.050789,15,0.5172,41742.16,4.1742,40.0,0.316,4.7393,6,0.2069,-33171.88,-3.3172,16.6667,-0.5549,-3.3291,8,0.2759,54224.52,5.4225,50.0,0.6892,5.5132
e751410c,bear,s72|s89|s98,3,0.0359522672,0.0146177798,6.8213,0.0,-7.0151,20,40.0,0.050496,7,0.35,48854.6,4.8855,42.8571,0.7055,4.9386,6,0.3,63752.46,6.3752,50.0,1.0667,6.4003,7,0.35,-3920.59,-0.3921,28.5714,-0.0169,-0.1184
65f8dc80,bull,s91|s79|s26,3,0.0222897417,0.0146605314,-6.5326,0.0,-10.7578,39,41.0256,0.050445,23,0.5897,64658.15,6.4658,47.8261,0.3011,6.9261,6,0.1538,-14263.0,-1.4263,33.3333,-0.2344,-1.4063,10,0.2564,-36802.54,-3.6803,30.0,-0.3575,-3.5754
d03ba253,bear,s101|s72|s26,3,0.0420680917,0.0188074072,3.0718,0.0,-22.8451,76,35.5263,0.050331,16,0.2105,109515.26,10.9515,43.75,0.7826,12.521,16,0.2105,66267.72,6.6268,37.5,0.4021,6.4334,44,0.5789,14233.86,1.4234,31.8182,0.0562,2.4731
2cc2e812,bull,s55|s48|s5,3,0.0276549883,0.0158077479,1.6614,0.0,-15.1204,28,42.8571,0.050319,14,0.5,33886.81,3.3887,42.8571,0.2819,3.9468,8,0.2857,141697.6,14.1698,75.0,1.6789,13.4314,6,0.2143,-99504.13,-9.9504,0.0,-1.5808,-9.4846
1bd67f16,bear,s13|s23|s31,3,0.0786082851,0.0196817215,17.0834,0.0,-10.3735,19,31.5789,0.050141,2,0.1053,52674.95,5.2675,50.0,2.9463,5.8927,4,0.2105,16883.07,1.6883,25.0,0.4891,1.9563,13,0.6842,145732.03,14.5732,30.7692,1.0561,13.7298
72b51762,bear,s99|s90|s62,3,0.027649324,0.0160409197,-3.4056,0.0,-9.6155,33,39.3939,0.04997,25,0.7576,-12432.46,-1.2432,36.0,-0.0312,-0.7811,6,0.1818,72504.45,7.2504,66.6667,1.3086,7.8515,2,0.0606,-30992.94,-3.0993,0.0,-1.6041,-3.2082
8e49e81f,bear,s18|s80|s51,3,0.0504493162,0.0157758004,6.6121,0.0,-21.6249,51,29.4118,0.049809,23,0.451,-60393.42,-6.0393,21.7391,-0.1379,-3.1718,11,0.2157,-44800.14,-4.48,18.1818,-0.3735,-4.1084,17,0.3333,274482.75,27.4483,47.0588,1.5389,26.1612
52930292,bear,s19|s23|s27,3,0.0751493698,0.0144726554,13.7145,0.0,-13.875,29,24.1379,0.049675,8,0.2759,55501.26,5.5501,25.0,0.7933,6.3463,4,0.1379,-66152.91,-6.6153,0.0,-1.4473,-5.7891,17,0.5862,213536.1,21.3536,29.4118,1.1887,20.2075
0b8afafb,bull,s95|s10|s26,3,0.0264760456,0.0140219503,1.5775,0.0,-9.298,24,41.6667,0.04964,13,0.5417,95529.24,9.5529,53.8462,0.7785,10.1201,3,0.125,-2749.74,-0.275,33.3333,-0.0523,-0.1568,8,0.3333,-30800.92,-3.0801,25.0,-0.3897,-3.118
65b0640a,bear,s51|s13|s80|s28|s25,5,0.0337507985,0.0168999323,5.3671,0.0,-10.8091,21,42.8571,0.049397,8,0.381,9553.01,0.9553,37.5,0.2094,1.6753,6,0.2857,-56903.28,-5.6903,16.6667,-0.8458,-5.0749,7,0.3333,145326.79,14.5327,71.4286,1.9279,13.4954
e6bedd1d,bull,s40|s41|s30|s54,4,0.0374020426,0.0187506565,3.3976,0.0,-12.1244,25,40.0,0.048609,10,0.4,88698.28,8.8698,50.0,0.9326,9.3257,6,0.24,-1812.4,-0.1812,33.3333,-0.0033,-0.0199,9,0.36,-4380.21,-0.438,33.3333,-0.0033,-0.0298
e4f0da15,bear,s101|s28|s97,3,0.0786238299,0.0143578991,20.6418,0.0,-8.1693,16,31.25,0.048579,10,0.625,137918.87,13.7919,30.0,1.3537,13.5366,1,0.0625,-16590.83,-1.6591,0.0,-1.4358,-1.4358,5,0.3125,117618.99,11.7619,40.0,2.2835,11.4174
2fedabd0,bull,s9|s87|s63|s44,4,0.029684556,0.0113467304,7.299,0.0,-9.2395,19,42.1053,0.048561,11,0.5789,79356.56,7.9357,45.4545,0.7304,8.0342,3,0.1579,-35544.92,-3.5545,0.0,-1.1347,-3.404,5,0.2632,69486.68,6.9487,60.0,1.3272,6.636
69a898ed,bull,s38|s73|s65,3,0.0531025786,0.0082147167,9.7802,0.0,-4.9902,26,23.0769,0.048558,13,0.5,75383.24,7.5383,23.0769,0.5935,7.7161,6,0.2308,78085.93,7.8086,33.3333,1.2224,7.3346,7,0.2692,579.43,0.0579,14.2857,0.0545,0.3814
dfc00a2a,bear,s89|s101|s27,3,0.0615626997,0.0149796124,8.8343,0.0,-19.7598,87,24.1379,0.048472,31,0.3563,112243.27,11.2243,25.8065,0.4773,14.7971,14,0.1609,-55109.94,-5.511,14.2857,-0.4045,-5.663,42,0.4828,212025.09,21.2025,26.1905,0.5067,21.2822
f031b25c,bear,s29|s101|s27,3,0.079904225,0.0197144808,12.2317,0.0,-24.8724,61,24.5902,0.04808,19,0.3115,172649.28,17.2649,31.5789,1.1744,22.3137,8,0.1311,-58881.99,-5.8882,12.5,-0.7262,-5.8097,34,0.5574,138216.68,13.8217,23.5294,0.3725,12.6657
a6ea80dc,bull,s30|s35|s68|s44,4,0.0696045142,0.0154320355,6.7941,0.0,-9.0382,34,23.5294,0.048042,13,0.3824,133462.14,13.3462,30.7692,1.0733,13.953,10,0.2941,11400.85,1.1401,20.0,0.1575,1.5753,11,0.3235,-7012.72,-0.7013,18.1818,0.0029,0.0321
c43616d3,bear,s101|s81|s25|s20|s17,5,0.0564123304,0.0151651224,6.5185,0.0,-15.995,41,26.8293,0.048033,12,0.2927,20898.89,2.0899,25.0,0.2729,3.2751,10,0.2439,66193.93,6.6194,30.0,0.6308,6.3081,19,0.4634,62419.14,6.2419,26.3158,0.3671,6.975
3d152bc8,bear,s99|s37|s20|s25|s77,5,0.0375822334,0.0170780699,0.2314,0.0,-19.9366,59,35.5932,0.047895,22,0.3729,-61295.27,-6.1295,27.2727,-0.2171,-4.7756,11,0.1864,-24399.34,-2.4399,27.2727,-0.2171,-2.3878,26,0.4407,213997.38,21.3997,46.1538,0.815,21.1894
d9a96e63,bear,s25|s56|s86|s13|s29,5,0.0357571538,0.013609383,-0.3644,0.0,-15.5861,50,32.0,0.047784,17,0.34,4921.23,0.4921,29.4118,0.091,1.5473,9,0.18,-27395.57,-2.7396,22.2222,-0.2639,-2.3751,24,0.48,122329.85,12.233,37.5,0.4903,11.7674
8e00cfd7,bear,s101|s57|s18,3,0.0416224749,0.0151893077,4.2399,0.0,-21.2392,124,31.4516,0.047597,38,0.3065,128724.05,12.8724,34.2105,0.4246,16.1359,23,0.1855,48796.44,4.8796,30.4348,0.2101,4.8328,63,0.5081,117890.22,11.789,30.1587,0.1944,12.2497
cb855cff,bear,s62|s89|s72,3,0.0211319631,0.0122205513,-2.9801,0.0,-9.6741,30,40.0,0.047434,14,0.4667,25308.88,2.5309,42.8571,0.2073,2.9027,7,0.2333,14257.6,1.4258,42.8571,0.2073,1.4514,9,0.3,-10202.5,-1.0202,33.3333,-0.1103,-0.9927
a558b026,bear,s25|s28|s37|s72,4,0.0547278922,0.0144575421,8.2223,0.0,-16.6738,37,27.027,0.047322,11,0.2973,-29390.38,-2.939,18.1818,-0.1878,-2.0662,6,0.1622,47881.97,4.7882,33.3333,0.8604,5.1626,20,0.5405,125541.46,12.5541,30.0,0.6298,12.5962
063be361,bear,s25|s80|s76,3,0.0601510692,0.0148187084,11.3402,0.0,-11.4817,24,29.1667,0.04724,11,0.4583,-25940.76,-2.5941,18.1818,-0.1188,-1.3066,6,0.25,-13134.8,-1.3135,16.6667,-0.2324,-1.3942,7,0.2917,202108.46,20.2108,57.1429,2.8021,19.6148
389576d2,bull,s44|s47|s26,3,0.0301756787,0.0101994863,8.7119,0.0,-6.3194,16,43.75,0.047085,6,0.375,61088.85,6.1089,50.0,0.9988,5.9929,5,0.3125,29464.89,2.9465,40.0,0.5951,2.9753,5,0.3125,30020.91,3.0021,40.0,0.5951,2.9753
5c610025,bear,s13|s19|s16,3,0.0520029678,0.015382064,5.3045,0.0,-19.3792,50,28.0,0.04708,13,0.26,-11956.53,-1.1957,23.0769,0.0168,0.2188,7,0.14,95005.21,9.5005,42.8571,1.3497,9.4481,30,0.6,75912.9,7.5913,26.6667,0.2587,7.7618
a973e067,bear,s89|s101|s85,3,0.0310252665,0.0150534356,1.1063,0.0,-9.8016,26,38.4615,0.047011,14,0.5385,58300.09,5.83,42.8571,0.4695,6.5724,3,0.1154,-1283.75,-0.1284,33.3333,0.0306,0.0918,9,0.3462,4757.45,0.4757,33.3333,0.0306,0.2755
6bdb5522,bull,s47|s40|s26,3,0.0353530211,0.0112943421,16.9047,0.0,-2.5874,9,66.6667,0.046774,3,0.3333,64523.62,6.4524,66.6667,1.9804,5.9412,2,0.2222,23286.88,2.3287,50.0,1.2029,2.4059,4,0.4444,100609.03,10.0609,75.0,2.3691,9.4765
9c4c85af,bear,s16|s13|s66,3,0.0408831528,0.0167345402,2.2758,0.0,-13.2102,32,34.375,0.046462,11,0.3438,38343.95,3.8344,36.3636,0.4217,4.6391,4,0.125,-11796.16,-1.1796,25.0,-0.233,-0.932,17,0.5312,61874.59,6.1875,35.2941,0.3601,6.1219
c02d618b,bull,s45|s54|s15|s87|s43,5,0.0600422652,0.0082383139,9.5501,0.0,-6.9321,30,20.0,0.046442,16,0.5333,69759.45,6.9759,18.75,0.4564,7.3029,6,0.2,91696.97,9.1697,33.3333,1.4522,8.7131,8,0.2667,-2879.13,-0.2879,12.5,0.0297,0.2374
1c9a0962,bull,s87|s33|s73,3,0.0292584506,0.0140484855,-1.6888,0.0,-10.6776,33,36.3636,0.0464,15,0.4545,2430.42,0.243,33.3333,0.0387,0.5807,8,0.2424,-27791.11,-2.7791,25.0,-0.3222,-2.5774,10,0.303,76561.49,7.6561,50.0,0.7605,7.605
dde88a04,bear,s52|s61|s31|s17,4,0.0216645577,0.0115003514,-4.4324,0.0,-17.1178,52,38.4615,0.046301,17,0.3269,67841.73,6.7842,47.0588,0.4107,6.9813,8,0.1538,75428.05,7.5428,62.5,0.9228,7.3822,27,0.5192,-80935.83,-8.0936,25.9259,-0.2902,-7.8355
e7c2db87,bear,s13|s18|s26,3,0.0334186783,0.0185690569,-5.5879,0.0,-15.4979,60,38.3333,0.046155,18,0.3,-28965.93,-2.8966,33.3333,-0.124,-2.2317,11,0.1833,-52370.11,-5.237,27.2727,-0.4391,-4.8296,31,0.5167,144455.48,14.4455,45.1613,0.4909,15.2188
4982ca4c,bull,s47|s6|s92,3,0.0447319336,0.0168610174,12.439,0.0,-4.1957,13,46.1538,0.045664,5,0.3846,-28455.22,-2.8455,20.0,-0.4542,-2.2712,4,0.3077,59781.06,5.9781,50.0,1.3935,5.5742,4,0.3077,121539.96,12.154,75.0,2.9334,11.7335
30518904,bear,s23|s13|s27,3,0.0431559613,0.0185439509,0.7943,0.0,-11.7,32,34.375,0.045569,6,0.1875,5831.61,0.5832,33.3333,0.2023,1.2136,3,0.0938,4474.78,0.4475,33.3333,0.2023,0.6068,23,0.7188,64103.93,6.4104,34.7826,0.2917,6.7088
7ed3835d,bull,s21|s5|s41|s94|s63,5,0.0481761956,0.0129651697,7.5963,0.0,-21.9424,63,26.9841,0.04551,19,0.3016,116748.26,11.6748,31.5789,0.6343,12.051,14,0.2222,181899.68,18.19,42.8571,1.3238,18.5336,30,0.4762,-93720.77,-9.3721,16.6667,-0.2775,-8.3248
2570ef57,bull,s39|s96|s48,3,0.0373772321,0.0173482361,-1.3826,0.0,-17.779,48,35.4167,0.045487,18,0.375,62356.74,6.2357,38.8889,0.3934,7.081,12,0.25,64458.06,6.4458,41.6667,0.5454,6.5449,18,0.375,-44088.62,-4.4089,27.7778,-0.2147,-3.8641
cc12d898,bull,s21|s84|s87,3,0.0617381305,0.0116951766,12.0097,0.0,-9.1705,23,26.087,0.045443,9,0.3913,123488.85,12.3489,33.3333,1.2783,11.5043,5,0.2174,-65887.39,-6.5887,0.0,-1.1695,-5.8476,9,0.3913,112724.63,11.2725,33.3333,1.2783,11.5043
9dc7ee71,bull,s12|s55,2,0.0209760292,0.0099832372,1.7865,0.0,-4.6919,19,42.1053,0.045367,10,0.5263,23430.16,2.343,40.0,0.24,2.4005,7,0.3684,21977.32,2.1977,42.8571,0.3285,2.2995,2,0.1053,10358.74,1.0359,50.0,0.5496,1.0993
df0deb50,bull,s83|s91|s26,3,0.0364421104,0.0121979335,8.2785,0.0,-8.0758,18,38.8889,0.045199,9,0.5,36316.97,3.6317,33.3333,0.4015,3.6139,3,0.1667,11368.68,1.1369,33.3333,0.4015,1.2046,6,0.3333,72274.72,7.2275,50.0,1.2122,7.2733
a85acaa4,bear,s100|s52,2,0.0336958496,0.0179421986,4.9421,0.0,-9.5632,18,44.4444,0.044788,11,0.6111,-48803.63,-4.8804,27.2727,-0.3859,-4.245,2,0.1111,68641.29,6.8641,100.0,3.3696,6.7392,5,0.2778,66790.66,6.6791,60.0,1.3041,6.5203
cff050d9,bull,s34|s59|s33|s38,4,0.0761926021,0.0172147456,9.8002,0.0,-11.5328,28,25.0,0.044577,12,0.4286,157243.13,15.7243,33.3333,1.3921,16.7052,6,0.2143,88756.35,8.8756,33.3333,1.3921,8.3526,10,0.3571,-88046.75,-8.8047,10.0,-0.7874,-7.874
5ae56f17,bear,s29|s16|s97,3,0.0295978003,0.0193995658,-2.4724,0.0,-10.4378,26,42.3077,0.044574,13,0.5,40283.68,4.0284,46.1538,0.3215,4.179,7,0.2692,8759.17,0.8759,42.8571,0.1599,1.1195,6,0.2308,-22260.82,-2.2261,33.3333,-0.3067,-1.8403
979b5579,bull,s4|s40|s78,3,0.0430838906,0.0167825021,1.8634,0.0,-19.9999,49,32.6531,0.044505,21,0.4286,173046.77,17.3047,42.8571,0.8875,18.6365,11,0.2245,39407.89,3.9408,36.3636,0.4987,5.4858,17,0.3469,-102144.99,-10.2145,17.6471,-0.6218,-10.5703
3d785da0,bull,s83|s87|s44,3,0.0227301145,0.01129907,-2.8158,0.0,-8.2557,30,36.6667,0.044382,18,0.6,-3176.16,-0.3176,33.3333,0.0044,0.0792,5,0.1667,-56521.33,-5.6521,0.0,-1.1299,-5.6495,7,0.2333,91114.08,9.1114,71.4286,1.3007,9.1052
8493de48,bull,s74|s6|s83,3,0.0320446981,0.0137650545,-1.873,0.0,-15.8075,47,34.0426,0.044381,21,0.4468,28287.72,2.8288,33.3333,0.1505,3.1602,13,0.2766,43382.96,4.3383,38.4615,0.3854,5.0103,13,0.2766,5690.43,0.569,30.7692,0.033,0.4293
b6dca11a,bull,s91|s48|s10|s21,4,0.0390850305,0.0169750288,15.1934,0.0,-6.2905,10,60.0,0.04438,3,0.3,124791.25,12.4791,100.0,3.9085,11.7255,3,0.3,60733.05,6.0733,66.6667,2.0398,6.1195,4,0.4,-12607.73,-1.2608,25.0,-0.296,-1.184
c3be8cca,bull,s46|s63|s27,3,0.0363515849,0.0171427903,-0.5617,0.0,-14.8292,36,36.1111,0.044351,11,0.3056,-32549.51,-3.255,27.2727,-0.2553,-2.8088,9,0.25,62009.95,6.201,44.4444,0.6632,5.9692,16,0.4444,41769.87,4.177,37.5,0.2918,4.6682
70c60a29,bear,s19|s25|s86,3,0.0536084038,0.0176017189,4.2937,0.0,-20.3899,51,29.4118,0.044241,16,0.3137,-13198.22,-1.3198,25.0,0.0201,0.3213,9,0.1765,127967.15,12.7967,44.4444,1.4047,12.6425,26,0.5098,36423.34,3.6423,26.9231,0.157,4.0826
ef5ef572,bull,s46|s30,2,0.0226764764,0.0112970485,-3.4201,0.0,-12.9124,38,36.8421,0.044163,14,0.3684,-118775.26,-11.8775,7.1429,-0.887,-12.4185,14,0.3684,103883.04,10.3883,57.1429,0.8116,11.363,10,0.2632,53359.28,5.3359,50.0,0.569,5.6897
475d91c4,bear,s89|s80|s27,3,0.0692653111,0.0136917775,11.9979,0.0,-22.1125,44,22.7273,0.043856,23,0.5227,-105465.45,-10.5465,13.0435,-0.2871,-6.604,8,0.1818,-23927.71,-2.3928,12.5,-0.3322,-2.6577,13,0.2955,340228.22,34.0228,46.1538,2.4596,31.9749
e03daa89,bull,s94|s30|s87|s40,4,0.0568405015,0.0150753597,15.9188,0.0,-13.0625,16,37.5,0.043836,5,0.3125,145110.13,14.511,60.0,2.8074,14.0371,4,0.25,7986.3,0.7986,25.0,0.2904,1.1614,7,0.4375,38613.35,3.8613,28.5714,0.5472,3.8304
ec52deeb,bull,s11|s43,2,0.0371368916,0.0164639819,2.7713,0.0,-24.9171,67,35.8209,0.043797,23,0.3433,159226.65,15.9227,43.4783,0.6841,15.7337,14,0.209,82110.02,8.211,42.8571,0.6508,9.1109,30,0.4478,-72988.25,-7.2988,26.6667,-0.217,-6.5112
5a319260,bear,s62|s29|s100,3,0.0337420358,0.0168793872,13.9109,0.0,-4.21,9,66.6667,0.043742,4,0.4444,88618.33,8.8618,75.0,2.1087,8.4347,3,0.3333,-3371.29,-0.3371,33.3333,-0.0006,-0.0017,2,0.2222,72346.95,7.2347,100.0,3.3742,6.7484
097f5d99,bull,s45|s40|s27,3,0.0662656555,0.0110895276,10.1392,0.0,-8.7866,27,22.2222,0.043666,10,0.3704,34233.98,3.4234,20.0,0.4382,4.3815,5,0.1852,24687.46,2.4687,20.0,0.4382,2.1908,12,0.4444,102204.97,10.2205,25.0,0.8249,9.8991
45102db3,bull,s38|s41|s26,3,0.067596967,0.0083275537,9.5748,0.0,-12.0975,41,17.0732,0.043646,17,0.4146,159149.84,15.915,23.5294,0.9537,16.213,11,0.2683,-18067.17,-1.8067,9.0909,-0.1425,-1.5679,13,0.3171,38014.07,3.8014,15.3846,0.3353,4.3591
e1fb0511,bear,s13|s25,2,0.0662327281,0.015268202,10.2044,0.0,-15.9711,31,25.8065,0.043601,10,0.3226,-7730.19,-0.773,20.0,0.1032,1.032,5,0.1613,-3161.28,-0.3161,20.0,0.1032,0.516,16,0.5161,182310.59,18.2311,31.25,1.0201,16.3213
3d6430fa,bear,s85|s98|s52|s37|s80,5,0.0289815696,0.0164429372,-4.8735,0.0,-15.6232,44,38.6364,0.0436,24,0.5455,50291.24,5.0291,41.6667,0.2484,5.9615,9,0.2045,-12464.24,-1.2464,33.3333,-0.1301,-1.1713,11,0.25,-1840.62,-0.1841,36.3636,0.0075,0.0826
33040d9b,bull,s55|s64,2,0.0298229041,0.0179081554,0.751,0.0,-17.9346,28,42.8571,0.043552,14,0.5,81921.44,8.1921,50.0,0.5957,8.3403,8,0.2857,101883.11,10.1883,62.5,1.1924,9.539,6,0.2143,-115325.74,-11.5326,0.0,-1.7908,-10.7449
f8107e97,bear,s31|s101|s18,3,0.0318245518,0.0178312025,-3.4344,0.0,-20.9755,135,40.0,0.043336,43,0.3185,52312.93,5.2313,39.5349,0.18,7.7406,23,0.1704,124615.38,12.4615,47.8261,0.5917,13.6096,69,0.5111,48736.04,4.8736,37.6812,0.088,6.0697
72a951d5,bull,s47|s95|s91,3,0.0417677241,0.0158227679,11.3894,0.0,-5.8318,13,46.1538,0.043296,5,0.3846,36171.87,3.6172,40.0,0.7213,3.6067,3,0.2308,7917.83,0.7918,33.3333,0.3374,1.0122,5,0.3846,96898.34,9.6898,60.0,1.8732,9.3658
20f1eaf6,bull,s30|s34|s26,3,0.0796462632,0.0190919023,10.1934,0.0,-18.6623,36,25.0,0.043046,12,0.3333,55953.72,5.5954,25.0,0.5593,6.7112,10,0.2778,93347.1,9.3347,30.0,1.053,10.5295,14,0.3889,21131.78,2.1132,21.4286,0.2066,2.8928
dcf6b126,bull,s42|s21|s26,3,0.0240908547,0.0135131327,-2.5026,0.0,-10.3361,28,39.2857,0.04303,15,0.5357,21564.76,2.1565,40.0,0.1528,2.2927,7,0.25,17074.35,1.7074,42.8571,0.2603,1.822,6,0.2143,-8607.73,-0.8608,33.3333,-0.0978,-0.5871
28758584,bear,s50|s67|s27,3,0.0679200557,0.0136896706,10.3842,0.0,-13.2574,29,24.1379,0.043023,9,0.3103,28623.46,2.8623,22.2222,0.4446,4.0012,9,0.3103,34568.18,3.4568,22.2222,0.4446,4.0012,11,0.3793,99889.24,9.9889,27.2727,0.8568,9.4243
9f46ccc9,bear,s80|s18|s31|s49,4,0.0293666322,0.0113852969,9.9118,0.0,-2.6566,11,54.5455,0.042969,2,0.1818,17154.52,1.7155,50.0,0.8991,1.7981,3,0.2727,5405.86,0.5406,33.3333,0.2199,0.6596,6,0.5455,99455.68,9.9456,66.6667,1.5783,9.4696
4ffb1bc2,bull,s4|s30|s75|s21,4,0.0242508574,0.0106721557,-4.7752,0.0,-9.9181,42,33.3333,0.042962,20,0.4762,-74484.56,-7.4485,20.0,-0.3688,-7.3751,12,0.2857,76708.97,7.6709,50.0,0.6789,8.1472,10,0.2381,31832.86,3.1833,40.0,0.3297,3.297
da989e87,bull,s10|s42|s93|s87,4,0.0188357008,0.0107399169,-1.6288,0.0,-6.1924,22,40.9091,0.042959,8,0.3636,60514.92,6.0515,62.5,0.7745,6.1959,6,0.2727,-34869.89,-3.487,16.6667,-0.5811,-3.4864,8,0.3636,1557.86,0.1558,37.5,0.0351,0.2808
b6506298,bull,s65|s40|s1|s95|s47,5,0.0575446086,0.0177871836,6.0499,0.0,-7.6882,23,30.4348,0.042522,13,0.5652,64355.52,6.4356,30.7692,0.5392,7.0094,4,0.1739,1243.02,0.1243,25.0,0.1046,0.4183,6,0.2609,41539.54,4.154,33.3333,0.7323,4.394
ae72fe17,bull,s33|s65,2,0.021585085,0.010016336,-5.2003,0.0,-15.88,119,36.9748,0.042483,63,0.5294,-7834.44,-0.7834,31.746,0.0016,0.0999,26,0.2185,174399.64,17.44,53.8462,0.7,18.1995,30,0.2521,12933.2,1.2933,33.3333,0.0517,1.5524
8049ba25,bear,s57|s37|s49,3,0.0309941881,0.01541933,-1.9039,0.0,-10.5474,30,36.6667,0.042445,17,0.5667,-78350.76,-7.8351,23.5294,-0.4499,-7.6475,4,0.1333,26014.64,2.6015,50.0,0.7787,3.115,9,0.3,91815.44,9.1815,55.5556,1.0366,9.3294
ec4f6c58,bull,s21|s75|s15,3,0.0530741779,0.0138847911,3.2395,0.0,-9.8455,35,25.7143,0.042395,19,0.5429,-4937.55,-0.4938,21.0526,0.0212,0.4025,7,0.2,35748.61,3.5749,28.5714,0.5246,3.6724,9,0.2571,74688.15,7.4688,33.3333,0.8435,7.5914
48eda0e0,bear,s13|s77|s26,3,0.0677408419,0.0153775934,9.2599,0.0,-15.2669,32,25.0,0.042393,8,0.25,-44485.73,-4.4486,12.5,-0.4988,-3.9902,5,0.1562,-3083.42,-0.3083,20.0,0.1246,0.623,19,0.5938,206163.61,20.6164,31.5789,1.087,20.6536
c601c850,bull,s58|s38|s92,3,0.0408975713,0.0186352242,5.6446,0.0,-12.2043,20,40.0,0.042386,11,0.55,25941.5,2.5942,36.3636,0.3013,3.3144,5,0.25,86575.07,8.6575,60.0,1.7084,8.5422,4,0.2,-14629.31,-1.4629,25.0,-0.3752,-1.5008
2474f400,bull,s78|s48|s34,3,0.0457937744,0.0137502105,2.7047,0.0,-13.7567,39,28.2051,0.042248,19,0.4872,-28583.73,-2.8584,21.0526,-0.1215,-2.3078,12,0.3077,181030.16,18.103,50.0,1.6022,19.2261,8,0.2051,-47037.05,-4.7037,12.5,-0.6307,-5.0458
3e856a72,bear,s101|s99|s52,3,0.0618369939,0.0146686598,12.4403,0.0,-26.4822,88,23.8636,0.041905,38,0.4318,28361.94,2.8362,21.0526,0.1438,5.4636,10,0.1136,-1136.03,-0.1136,20.0,0.0632,0.6325,40,0.4545,247668.01,24.7668,27.5,0.637,25.4816
79cbb62f,bear,s72|s13|s98,3,0.0737720429,0.0103865992,10.3787,0.0,-13.8813,38,18.4211,0.041902,10,0.2632,-30980.73,-3.0981,10.0,-0.1971,-1.9707,6,0.1579,12825.23,1.2825,16.6667,0.364,2.1839,22,0.5789,205961.39,20.5961,22.7273,0.874,19.2288
f1660d4b,bear,s61|s25,2,0.0503329393,0.0098298931,5.6203,0.0,-15.3955,55,21.8182,0.041749,13,0.2364,-9794.45,-0.9794,15.3846,-0.0574,-0.7463,11,0.2,68655.37,6.8655,27.2727,0.6578,7.236,31,0.5636,112303.25,11.2303,22.5806,0.3755,11.6413
249c3b6e,bear,s66|s29|s50|s20,4,0.0306395209,0.0127823288,8.325,0.0,-3.1504,12,50.0,0.041724,5,0.4167,67564.79,6.7565,60.0,1.3271,6.6354,6,0.5,7430.15,0.743,33.3333,0.1692,1.015,1,0.0833,33189.19,3.3189,100.0,3.064,3.064
82e2f63a,bear,s72|s101|s49|s25,4,0.0469737223,0.008009887,4.6441,0.0,-12.3184,60,20.0,0.041621,17,0.2833,-26221.49,-2.6221,11.7647,-0.1541,-2.6201,15,0.25,39332.8,3.9333,20.0,0.2987,4.4803,28,0.4667,152443.43,15.2443,25.0,0.5736,16.0608
3aaedf3c,bull,s1|s6,2,0.0510462869,0.0113099121,2.3346,0.0,-10.1335,44,22.7273,0.041465,22,0.5,-8983.36,-0.8983,18.1818,0.0028,0.0607,11,0.25,123753.44,12.3753,36.3636,1.1365,12.5016,11,0.25,-2669.12,-0.2669,18.1818,0.0028,0.0303
68ff0fa4,bull,s45|s43|s26,3,0.0330628451,0.0193594634,4.2005,0.0,-6.2522,15,46.6667,0.041414,8,0.5333,538.03,0.0538,37.5,0.0299,0.2391,5,0.3333,5365.9,0.5366,40.0,0.1609,0.8047,2,0.1333,67429.39,6.7429,100.0,3.3063,6.6126
e4c7d891,bull,s38|s70|s92|s5,4,0.0473080612,0.017697595,4.1442,0.0,-13.3105,27,33.3333,0.041388,13,0.4815,23039.64,2.304,30.7692,0.2304,2.9954,6,0.2222,152984.74,15.2985,66.6667,2.564,15.3837,8,0.2963,-78997.79,-7.8998,12.5,-0.9572,-7.6575
6fd261ce,bear,s37|s51|s90|s28|s85,5,0.0406507133,0.010128252,1.4602,0.0,-11.3451,44,25.0,0.041189,26,0.5909,-106523.13,-10.6523,11.5385,-0.4269,-11.0998,7,0.1591,74415.96,7.4416,42.8571,1.1634,8.1439,11,0.25,131749.63,13.175,45.4545,1.2953,14.2484
eef84134,bear,s19|s97|s27,3,0.025453981,0.0162659365,-8.5318,0.0,-14.9414,50,40.0,0.041049,14,0.28,-62854.04,-6.2854,28.5714,-0.4346,-6.0843,12,0.24,49794.37,4.9794,50.0,0.4594,5.5128,24,0.48,24713.05,2.4713,41.6667,0.1117,2.6817
8c29839b,bear,s98|s50|s27,3,0.0721675905,0.009054294,11.2563,0.0,-12.4747,33,18.1818,0.041017,10,0.303,60859.81,6.086,20.0,0.719,7.1901,10,0.303,71363.64,7.1364,20.0,0.719,7.1901,13,0.3939,48404.89,4.8405,15.3846,0.3441,4.4738
b3980013,bear,s51|s101|s28,3,0.0364986104,0.0161676749,0.6399,0.0,-14.3085,31,35.4839,0.040973,16,0.5161,-50594.48,-5.0594,25.0,-0.3001,-4.8018,6,0.1935,-44081.14,-4.4081,16.6667,-0.739,-4.434,9,0.2903,159778.19,15.9778,66.6667,1.8943,17.0489
98ad3318,bear,s50|s81,2,0.0282748984,0.0105355944,9.6758,0.0,-5.4879,11,54.5455,0.040893,6,0.5455,51980.95,5.1981,50.0,0.887,5.3218,3,0.2727,92651.48,9.2651,100.0,2.8275,8.4825,2,0.1818,-23935.41,-2.3935,0.0,-1.0536,-2.1071
8d68d10e,bear,s101|s51|s26,3,0.0497557503,0.0103952046,11.1161,0.0,-10.8423,20,30.0,0.040775,9,0.45,-38130.09,-3.813,11.1111,-0.3712,-3.3406,7,0.35,45967.17,4.5967,28.5714,0.6791,4.7535,4,0.2,143329.05,14.3329,75.0,3.4718,13.8872
5a58024c,bear,s100|s52|s26,3,0.0491830963,0.0194783563,6.6959,0.0,-14.6206,22,36.3636,0.040486,12,0.5455,-172757.3,-17.2757,8.3333,-1.3757,-16.5079,3,0.1364,79077.44,7.9077,66.6667,2.6296,7.8888,7,0.3182,204538.49,20.4538,71.4286,2.9566,20.6959
f9742f4c,bear,s66|s86|s89|s61,4,0.0273429867,0.0115690856,8.5259,0.0,-4.895,11,54.5455,0.040272,5,0.4545,20304.77,2.0305,40.0,0.3996,1.9979,3,0.2727,5219.89,0.522,33.3333,0.1402,0.4205,3,0.2727,82344.71,8.2345,100.0,2.7343,8.2029
4eaf720d,bear,s37|s85|s28,3,0.0633107865,0.0109945422,7.0643,0.0,-14.9805,58,18.9655,0.040212,25,0.431,5831.39,0.5831,16.0,0.0894,2.2358,17,0.2931,36724.86,3.6725,17.6471,0.2118,3.6009,16,0.2759,119230.3,11.923,25.0,0.7582,12.1309
eb6f6d60,bear,s100|s29|s18,3,0.0259110919,0.016920188,-8.2362,0.0,-15.4008,47,40.4255,0.039602,23,0.4894,-2581.11,-0.2581,39.1304,-0.016,-0.3683,12,0.2553,46704.83,4.6705,50.0,0.4495,5.3945,12,0.2553,-36083.09,-3.6083,33.3333,-0.2643,-3.1717
97fbb30a,bear,s80|s25|s71,3,0.0753118637,0.0125792573,13.9192,0.0,-16.2559,26,23.0769,0.039593,9,0.3462,45985.75,4.5986,22.2222,0.6952,6.2569,9,0.3462,-128228.04,-12.8228,0.0,-1.2579,-11.3213,8,0.3077,279922.2,27.9922,50.0,3.1366,25.093
573875d3,bull,s47|s94|s15|s33,4,0.0311721895,0.0135268272,0.3313,0.0,-14.7117,31,35.4839,0.039458,12,0.3871,10203.23,1.0203,33.3333,0.1373,1.6474,7,0.2258,84330.57,8.4331,57.1429,1.2015,8.4108,12,0.3871,-29060.41,-2.906,25.0,-0.2352,-2.8225
5d7e55fe,bear,s31|s100|s18,3,0.053506797,0.0156922919,1.0369,0.0,-14.5048,49,26.5306,0.03942,16,0.3265,-54621.83,-5.4622,18.75,-0.2717,-4.3479,9,0.1837,-3468.52,-0.3469,22.2222,-0.0315,-0.2832,24,0.4898,169786.39,16.9786,33.3333,0.7374,17.6978
2687fff4,bear,s85|s72|s31,3,0.026843966,0.0135726848,-4.3853,0.0,-17.5528,49,36.7347,0.039204,11,0.2245,-29031.62,-2.9032,27.2727,-0.255,-2.805,8,0.1633,50220.43,5.022,50.0,0.6636,5.3085,30,0.6122,36799.99,3.68,36.6667,0.1247,3.7403
4b87fc54,bear,s86|s56|s71|s66|s17,5,0.0283613755,0.013978994,6.1191,0.0,-4.2926,12,50.0,0.038784,6,0.5,86713.77,8.6714,66.6667,1.4248,8.5488,3,0.25,-1412.26,-0.1412,33.3333,0.0134,0.0403,3,0.25,594.72,0.0595,33.3333,0.0134,0.0403
a4d884d8,bear,s89|s28,2,0.0465803922,0.0161348114,17.71,0.0,-5.3444,8,62.5,0.038769,4,0.5,60110.3,6.011,50.0,1.5223,6.0891,2,0.25,36864.39,3.6864,50.0,1.5223,3.0446,2,0.25,96132.78,9.6133,100.0,4.658,9.3161
bef166c3,bull,s47|s40|s9|s73|s38,5,0.0500684265,0.0081684177,9.5569,0.0,-5.2089,19,26.3158,0.038588,4,0.2105,-36038.95,-3.6039,0.0,-0.8168,-3.2674,5,0.2632,79384.94,7.9385,40.0,1.5126,7.5632,10,0.5263,92688.77,9.2689,30.0,0.9303,9.3026
ae03d023,bull,s75|s34|s83|s6|s36,5,0.0335133019,0.0173609215,-5.0944,0.0,-17.2143,57,36.8421,0.038506,28,0.4912,14774.27,1.4774,35.7143,0.0808,2.2636,12,0.2105,43093.11,4.3093,41.6667,0.3837,4.604,17,0.2982,6915.31,0.6915,35.2941,0.0595,1.011
68e86410,bear,s50|s19|s26,3,0.0228819087,0.0131693397,-6.5123,0.0,-10.1377,35,37.1429,0.038476,14,0.4,-75019.62,-7.502,21.4286,-0.5444,-7.6217,11,0.3143,31873.1,3.1873,45.4545,0.3218,3.5394,10,0.2857,46055.73,4.6056,50.0,0.4856,4.8563
ff350dd1,bull,s59|s21|s9,3,0.0571907548,0.0140354702,6.4481,0.0,-20.3347,48,25.0,0.038197,16,0.3333,196667.32,19.6667,37.5,1.2674,20.279,11,0.2292,-29580.69,-2.9581,18.1818,-0.1085,-1.1938,21,0.4375,-11908.81,-1.1909,19.0476,-0.0469,-0.984
75207d9b,bear,s13|s71|s31,3,0.0589153936,0.0192343963,6.7691,0.0,-12.0725,22,31.8182,0.037978,3,0.1364,15705.63,1.5706,33.3333,0.6816,2.0447,5,0.2273,-22736.21,-2.2736,20.0,-0.3604,-1.8022,14,0.6364,123202.53,12.3203,35.7143,0.8676,12.1467
df2f5e15,bear,s85|s18|s37|s25|s49,5,0.0488334636,0.0182630193,0.6167,0.0,-17.87,45,31.1111,0.037971,17,0.3778,-51129.19,-5.1129,23.5294,-0.2476,-4.2085,8,0.1778,116953.61,11.6954,50.0,1.5285,12.2282,20,0.4444,29955.22,2.9955,30.0,0.1866,3.7319
8b5a2584,bull,s43|s47|s21|s14,4,0.0684537074,0.0167234997,10.7762,0.0,-12.9546,21,28.5714,0.037781,7,0.3333,216446.38,21.6446,57.1429,3.1949,22.3644,6,0.2857,-14073.65,-1.4074,16.6667,-0.2527,-1.5164,8,0.381,-52907.01,-5.2907,12.5,-0.6076,-4.8611
6da3a083,bull,s43|s59|s27,3,0.0221471155,0.0132567161,-6.4324,0.0,-20.6889,110,41.8182,0.037658,34,0.3091,82927.2,8.2927,44.1176,0.2363,8.0329,26,0.2364,74986.18,7.4986,46.1538,0.3084,8.0171,50,0.4545,4360.14,0.436,38.0,0.0197,0.9837
3407ad83,bear,s13|s37|s80|s56,4,0.0375845655,0.0100520708,0.4585,0.0,-14.0089,54,25.9259,0.037585,19,0.3519,44430.4,4.443,26.3158,0.2484,4.7194,12,0.2222,19737.22,1.9737,25.0,0.1857,2.2285,23,0.4259,53484.48,5.3484,26.087,0.2375,5.4622
f958add7,bull,s35|s60|s83|s47,4,0.0424197505,0.0185757698,16.8927,0.0,-4.5269,7,71.4286,0.037559,2,0.2857,25127.79,2.5128,50.0,1.1922,2.3844,3,0.4286,71535.37,7.1535,66.6667,2.2088,6.6264,2,0.2857,88079.69,8.808,100.0,4.242,8.484
0b98563b,bear,s20|s62,2,0.0373448762,0.0184816815,6.5608,0.0,-6.7757,13,46.1538,0.037538,8,0.6154,192657.54,19.2658,75.0,2.3388,18.7106,2,0.1538,-39146.94,-3.9147,0.0,-1.8482,-3.6963,3,0.2308,-60461.87,-6.0462,0.0,-1.8482,-5.5445
11711892,bull,s4|s55|s78,3,0.0186691067,0.0105603287,-8.8066,0.0,-14.2257,65,38.4615,0.037481,26,0.4,-11012.09,-1.1012,34.6154,-0.0442,-1.1504,16,0.2462,86757.14,8.6757,56.25,0.5881,9.41,23,0.3538,-39893.25,-3.9893,30.4348,-0.1664,-3.8282
7aecbfc1,bull,s73|s54|s35,3,0.0282846378,0.0145174109,-3.0385,0.0,-11.8253,30,36.6667,0.037422,8,0.2667,96098.65,9.6099,62.5,1.2234,9.7871,13,0.4333,23361.02,2.3361,38.4615,0.1945,2.5284,9,0.3,-88383.14,-8.8383,11.1111,-0.9762,-8.7855
3b94a4e3,bull,s30|s10|s2|s73,4,0.0572222942,0.0168815095,5.3477,0.0,-10.3487,24,29.1667,0.037366,9,0.375,64859.39,6.4859,33.3333,0.782,7.0378,8,0.3333,13378.0,1.3378,25.0,0.1644,1.3156,7,0.2917,25465.93,2.5466,28.5714,0.4291,3.0037
b4107bf6,bull,s47|s63|s70|s4,4,0.053955367,0.0159708433,13.4027,0.0,-7.763,12,41.6667,0.037277,4,0.3333,-69562.62,-6.9563,0.0,-1.5971,-6.3883,4,0.3333,80112.6,8.0113,50.0,1.8992,7.5969,4,0.3333,149274.08,14.9274,75.0,3.6474,14.5895
39e2797d,bear,s51|s101|s90|s37,4,0.0270775418,0.0117008748,-4.6574,0.0,-14.7142,51,33.3333,0.037228,25,0.4902,-99552.89,-9.9553,20.0,-0.3945,-9.863,10,0.1961,35262.54,3.5263,40.0,0.381,3.8105,16,0.3137,117213.74,11.7214,50.0,0.7688,12.3013
53467003,bull,s65|s38|s54,3,0.0482397701,0.0161729113,2.1732,0.0,-12.2792,30,30.0,0.037113,12,0.4,57848.41,5.7848,33.3333,0.5298,6.3576,11,0.3667,76287.25,7.6287,36.3636,0.725,7.9749,7,0.2333,-50456.57,-5.0457,14.2857,-0.6971,-4.8798
e68f2fa8,bear,s50|s19|s27,3,0.0668896184,0.0138939418,10.3416,0.0,-23.8253,48,22.9167,0.037095,15,0.3125,90973.7,9.0974,26.6667,0.7648,11.4725,9,0.1875,-51148.28,-5.1148,11.1111,-0.4918,-4.4262,24,0.5,171154.97,17.1155,25.0,0.6302,15.1247
28b74775,bear,s57|s71|s80,3,0.0260006896,0.0137343343,-0.0518,0.0,-9.0793,20,40.0,0.037022,11,0.55,44545.06,4.4545,45.4545,0.4327,4.7597,5,0.25,9126.84,0.9127,40.0,0.216,1.0798,4,0.2,-14862.9,-1.4863,25.0,-0.3801,-1.5202
58c30436,bull,s21|s69,2,0.055854584,0.0162056903,14.2661,0.0,-9.604,12,41.6667,0.036781,5,0.4167,221226.38,22.1226,80.0,4.1443,20.7213,3,0.25,-54660.55,-5.4661,0.0,-1.6206,-4.8617,4,0.3333,1971.26,0.1971,25.0,0.1809,0.7238
e5bb614e,bear,s37|s81|s98,3,0.0429286172,0.014128178,-2.2501,0.0,-10.6907,43,27.907,0.036678,23,0.5349,67600.03,6.76,30.4348,0.3237,7.4449,9,0.2093,-15062.02,-1.5062,22.2222,-0.1449,-1.304,11,0.2558,12629.19,1.2629,27.2727,0.1433,1.576
1da11275,bull,s24|s6,2,0.0242511989,0.0142629136,-6.0972,0.0,-17.8453,46,39.1304,0.036309,21,0.4565,41900.31,4.19,42.8571,0.2243,4.7106,13,0.2826,41718.4,4.1718,46.1538,0.3513,4.5667,12,0.2609,-53459.97,-5.346,25.0,-0.4634,-5.5613
55c566c7,bear,s31|s67|s80,3,0.0675868939,0.0122212838,19.9994,0.0,-3.9397,9,44.4444,0.036272,1,0.1111,-12005.82,-1.2006,0.0,-1.2221,-1.2221,3,0.3333,38470.66,3.8471,33.3333,1.4381,4.3144,5,0.5556,192856.17,19.2856,60.0,3.5664,17.8318
f0017f9b,bear,s100|s23|s27,3,0.0333862606,0.0143591028,3.7651,0.0,-4.8224,15,40.0,0.036178,8,0.5333,-24184.32,-2.4184,25.0,-0.2423,-1.9382,2,0.1333,19530.27,1.953,50.0,0.9514,1.9027,5,0.3333,73572.78,7.3573,60.0,1.4288,7.1441
ece3e107,bear,s37|s90|s98,3,0.0369630818,0.0158256167,-3.4415,0.0,-16.7093,66,33.3333,0.036106,34,0.5152,-69711.64,-6.9712,26.4706,-0.1852,-6.2973,8,0.1212,75670.48,7.567,50.0,1.0569,8.455,24,0.3636,88931.19,8.8931,37.5,0.397,9.5283
8b0d5882,bear,s72|s57,2,0.0311097443,0.008877268,0.2698,0.0,-11.4427,36,27.7778,0.036061,19,0.5278,-89649.13,-8.9649,10.5263,-0.4668,-8.8694,6,0.1667,22578.18,2.2578,33.3333,0.4452,2.671,11,0.3056,139195.88,13.9196,54.5455,1.2934,14.2272
a97c68d5,bull,s54|s6|s60|s47,4,0.0538368027,0.0182725423,5.8885,0.0,-7.8457,18,33.3333,0.036006,7,0.3889,12488.91,1.2489,28.5714,0.233,1.6311,7,0.3889,14344.73,1.4345,28.5714,0.233,1.6311,4,0.2222,69525.02,6.9525,50.0,1.7782,7.1129
3b02df65,bear,s97|s17|s27,3,0.0303151723,0.0162530015,-3.3256,0.0,-10.4458,27,37.037,0.035894,12,0.4444,-9715.52,-0.9716,33.3333,-0.073,-0.8763,9,0.3333,81340.51,8.1341,55.5556,0.9618,8.6564,6,0.2222,-51597.22,-5.1597,16.6667,-0.8492,-5.095
a832a386,bear,s29|s101|s26,3,0.0334771141,0.0195585903,-4.1267,0.0,-13.9184,31,38.7097,0.035878,12,0.3871,80390.4,8.039,50.0,0.6959,8.3511,10,0.3226,-35578.27,-3.5578,30.0,-0.3648,-3.6479,9,0.2903,-25020.76,-2.5021,33.3333,-0.188,-1.692
4ee7c612,bull,s53|s92|s43|s69|s87,5,0.0188899765,0.0119356308,-10.3081,0.0,-14.6102,67,40.2985,0.035832,33,0.4925,-26350.52,-2.6351,36.3636,-0.0726,-2.3969,19,0.2836,46064.26,4.6064,47.3684,0.2666,5.0653,15,0.2239,7994.12,0.7994,40.0,0.0395,0.5919
bdaf0a40,bear,s50|s25|s57,3,0.0660824814,0.0139223906,8.507,0.0,-14.921,29,24.1379,0.035774,12,0.4138,57798.12,5.7798,25.0,0.6079,7.2946,8,0.2759,-31759.24,-3.1759,12.5,-0.3922,-3.1374,9,0.3103,119682.07,11.9682,33.3333,1.2746,11.4713
5877395c,bull,s21|s36|s27,3,0.0634760902,0.0178430142,5.4563,0.0,-21.6067,61,26.2295,0.035694,24,0.3934,135533.61,13.5534,29.1667,0.5875,14.1001,14,0.2295,-17254.85,-1.7255,21.4286,-0.0417,-0.5845,23,0.377,56890.37,5.689,26.087,0.3371,7.7525
cccc3e09,bear,s80|s29|s77|s20,4,0.0288832923,0.0088947182,-0.2105,0.0,-9.5753,31,29.0323,0.035668,15,0.4839,16409.94,1.641,26.6667,0.1179,1.7691,10,0.3226,-53030.69,-5.3031,10.0,-0.5117,-5.1169,6,0.1935,94946.74,9.4947,66.6667,1.6291,9.7744
29912935,bear,s61|s17|s28|s20,4,0.0301315725,0.0177698816,1.4661,0.0,-8.6142,16,43.75,0.035607,8,0.5,45490.24,4.549,50.0,0.6181,4.9447,3,0.1875,-5314.15,-0.5314,33.3333,-0.1803,-0.5408,5,0.3125,6172.03,0.6172,40.0,0.1391,0.6954
a261ce0c,bear,s56|s97|s101,3,0.060157642,0.0159128551,4.3933,0.0,-17.6443,43,25.5814,0.035591,17,0.3953,-66502.61,-6.6503,17.6471,-0.2489,-4.2307,7,0.1628,47902.39,4.7902,28.5714,0.5822,4.0751,19,0.4419,154540.51,15.4541,31.5789,0.8109,15.4079
01055eff,bear,s77|s97|s100|s19|s25,5,0.0476680212,0.0185633973,-0.7653,0.0,-13.5209,35,31.4286,0.035463,8,0.2286,-83024.73,-8.3025,12.5,-1.0284,-8.2276,6,0.1714,-48681.16,-4.8681,16.6667,-0.7525,-4.5149,21,0.6,195695.74,19.5696,42.8571,0.9821,20.6251
d15ed224,bull,s33|s48|s26,3,0.0794826789,0.0172106238,19.9136,0.0,-7.4461,10,40.0,0.035463,6,0.6,193379.69,19.338,50.0,3.1136,18.6816,3,0.3,45657.25,4.5657,33.3333,1.502,4.5061,1,0.1,-18792.52,-1.8793,0.0,-1.7211,-1.7211
05a248e7,bull,s96|s58|s38|s78,4,0.0537503895,0.0137910017,3.5547,0.0,-8.8353,27,25.9259,0.035365,13,0.4815,-49641.17,-4.9641,15.3846,-0.34,-4.42,6,0.2222,53690.52,5.3691,33.3333,0.8723,5.2337,8,0.2963,88783.88,8.8784,37.5,1.1537,9.2296
d327149e,bull,s3|s46|s40,3,0.0578591252,0.0112134966,3.5333,0.0,-8.0878,33,21.2121,0.035314,12,0.3636,-1684.02,-0.1684,16.6667,0.0299,0.3583,8,0.2424,-94777.92,-9.4778,0.0,-1.1213,-8.9708,13,0.3939,200835.3,20.0835,38.4615,1.5353,19.9588
2edc578b,bear,s101|s81|s13,3,0.0411569954,0.0099744616,1.9349,0.0,-15.1738,78,24.359,0.035295,24,0.3077,62342.0,6.2342,25.0,0.2808,6.7402,17,0.2179,30960.54,3.0961,23.5294,0.2056,3.496,37,0.4744,93231.38,9.3231,24.3243,0.2463,9.1128
5cf6a9d9,bull,s47|s33|s30,3,0.0523327152,0.0188757403,2.6827,0.0,-20.5252,42,30.9524,0.03529,20,0.4762,116789.73,11.679,35.0,0.6047,12.0944,11,0.2619,-10688.08,-1.0688,27.2727,0.0545,0.5992,11,0.2619,6062.6,0.6063,27.2727,0.0545,0.5992
2891504a,bear,s31|s13|s28|s56,4,0.0533608453,0.0171410052,7.1101,0.0,-10.2555,18,33.3333,0.035163,2,0.1111,33185.69,3.3186,50.0,1.811,3.622,4,0.2222,485.98,0.0486,25.0,0.0484,0.1938,12,0.6667,77014.01,7.7014,33.3333,0.636,7.6315
cfbae806,bull,s94|s78|s26,3,0.043071813,0.0138967896,4.2516,0.0,-16.5181,29,31.0345,0.035122,10,0.3448,85013.45,8.5013,40.0,0.8891,8.8907,8,0.2759,110030.15,11.003,50.0,1.4588,11.67,11,0.3793,-95452.78,-9.5453,9.0909,-0.8718,-9.5896
17a18be7,bear,s51|s31|s27,3,0.0362267986,0.0092258665,-1.3365,0.0,-9.6692,45,24.4444,0.035082,11,0.2444,-55298.3,-5.5298,9.0909,-0.5094,-5.6032,9,0.2,92759.75,9.276,44.4444,1.0975,9.8778,25,0.5556,39235.35,3.9235,24.0,0.1683,4.2069
4529126d,bear,s71|s77|s80|s37,4,0.0764216877,0.0168225815,13.9656,0.0,-13.6777,17,29.4118,0.035042,5,0.2941,2655.02,0.2655,20.0,0.1826,0.9131,6,0.3529,-17251.36,-1.7251,16.6667,-0.1282,-0.7691,6,0.3529,188845.96,18.8846,50.0,2.98,17.8797
eed2b6fa,bear,s71|s50|s101,3,0.0799047303,0.0083772191,11.159,0.0,-15.3565,39,15.3846,0.034882,17,0.4359,18849.09,1.8849,11.7647,0.2009,3.4151,11,0.2821,-6315.46,-0.6315,9.0909,-0.0352,-0.3867,11,0.2821,185916.62,18.5917,27.2727,1.57,17.2696
ca6746bc,bear,s90|s80|s31,3,0.0751673506,0.0136390103,15.9401,0.0,-16.8069,18,27.7778,0.034802,6,0.3333,-10635.2,-1.0635,16.6667,0.1162,0.6972,5,0.2778,16044.36,1.6044,20.0,0.4122,2.0611,7,0.3889,195527.86,19.5528,42.8571,2.4421,17.0946
683bffb5,bear,s97|s16|s89|s20|s52,5,0.0755617534,0.0176841575,10.4036,0.0,-18.3598,27,25.9259,0.034729,12,0.4444,-41101.91,-4.1102,16.6667,-0.2143,-2.5718,3,0.1111,-54947.44,-5.4947,0.0,-1.7684,-5.3052,12,0.4444,257599.08,25.7599,41.6667,2.1168,25.402
3a0a327a,bear,s52|s97|s28|s89|s57,5,0.030891916,0.0187015003,4.6488,0.0,-8.0266,12,50.0,0.034684,5,0.4167,3163.98,0.3164,40.0,0.1136,0.5679,3,0.25,43038.27,4.3038,66.6667,1.4361,4.3082,4,0.3333,23314.05,2.3314,50.0,0.6095,2.4381
2ebda66f,bull,s15|s47|s93,3,0.0305874029,0.0152830894,11.1511,0.0,-3.8867,7,71.4286,0.034612,2,0.2857,15676.56,1.5677,50.0,0.7652,1.5304,3,0.4286,48322.06,4.8322,66.6667,1.5297,4.5892,2,0.2857,62757.27,6.2757,100.0,3.0587,6.1175
a30feb38,bear,s25|s72|s26,3,0.0660643858,0.01718278,4.0676,0.0,-16.0505,40,25.0,0.034495,14,0.35,-2268.8,-0.2269,21.4286,0.0656,0.9183,7,0.175,44615.31,4.4615,28.5714,0.6602,4.6215,19,0.475,78639.41,7.8639,26.3158,0.4724,8.9763
e8c83d04,bear,s89|s72|s51|s18|s97,5,0.0275737127,0.017958635,-5.8052,0.0,-13.1426,30,40.0,0.034411,10,0.3333,-44466.49,-4.4466,30.0,-0.4299,-4.2989,10,0.3333,-425.1,-0.0425,40.0,0.0254,0.2543,10,0.3333,42957.52,4.2958,50.0,0.4808,4.8075
aca92788,bear,s56|s101|s31|s19|s67,5,0.038651298,0.0162692117,-3.2514,0.0,-16.8908,52,32.6923,0.034399,17,0.3269,44544.97,4.4545,35.2941,0.3114,5.2946,8,0.1538,-20885.49,-2.0885,25.0,-0.2539,-2.0313,27,0.5192,47884.93,4.7885,33.3333,0.2038,5.5016
79126f67,bear,s31|s18,2,0.034376966,0.0166697425,-4.2966,0.0,-14.9394,40,35.0,0.034396,9,0.225,1749.84,0.175,33.3333,0.0346,0.3112,7,0.175,-16946.6,-1.6947,28.5714,-0.2085,-1.4595,24,0.6,53137.68,5.3138,37.5,0.2473,5.9347
c2cf045b,bear,s20|s19|s81,3,0.0486753435,0.0181233964,-1.6719,0.0,-14.69,43,30.2326,0.034349,13,0.3023,-45432.3,-4.5432,23.0769,-0.2708,-3.5208,11,0.2558,64822.3,6.4822,36.3636,0.6167,6.7838,19,0.4419,50525.72,5.0526,31.5789,0.2971,5.6448
13472252,bull,s32|s6|s30|s54,4,0.0564020302,0.0199037585,5.7462,0.0,-19.4055,28,32.1429,0.03427,13,0.4643,197372.76,19.7373,46.1538,1.5314,19.9086,7,0.25,2423.1,0.2423,28.5714,0.1898,1.3285,8,0.2857,-83441.34,-8.3441,12.5,-1.0366,-8.2924
c777e28b,bull,s15|s32|s40|s1,4,0.0348146146,0.0189802259,-7.2512,0.0,-15.4166,49,36.7347,0.034251,25,0.5102,55169.21,5.5169,40.0,0.2538,6.3443,10,0.2041,-29855.4,-2.9855,30.0,-0.2842,-2.8418,14,0.2857,396.99,0.0397,35.7143,0.0232,0.3251
c7e02221,bear,s57|s17|s20|s29,4,0.0480056741,0.0190757519,10.1751,0.0,-7.1589,11,45.4545,0.034229,6,0.5455,225821.99,22.5822,83.3333,3.6825,22.0953,3,0.2727,-59560.92,-5.9561,0.0,-1.9076,-5.7227,2,0.1818,-41808.78,-4.1809,0.0,-1.9076,-3.8152
c81ad3ad,bull,s4|s6,2,0.035674374,0.0129240159,2.2093,0.0,-23.4226,69,31.8841,0.034222,26,0.3768,197554.7,19.7555,42.3077,0.7637,19.8558,14,0.2029,56943.25,5.6943,35.7143,0.4433,6.2056,29,0.4203,-87586.84,-8.7587,20.6897,-0.2869,-8.3206
be34d0e8,bull,s59|s87|s12,3,0.0253988057,0.0150223095,-0.9777,0.0,-6.4482,17,41.1765,0.034093,9,0.5294,25009.26,2.5009,44.4444,0.2943,2.6484,5,0.2941,-35936.05,-3.5936,20.0,-0.6938,-3.469,3,0.1765,35018.63,3.5019,66.6667,1.1925,3.5775
ccef0ea1,bear,s97|s18|s100,3,0.0611480025,0.017031905,7.8632,0.0,-12.0875,20,30.0,0.034076,11,0.55,-45330.03,-4.533,18.1818,-0.2817,-3.0991,4,0.2,17067.26,1.7067,25.0,0.2513,1.0052,5,0.25,147126.36,14.7126,60.0,2.9876,14.938
09f44e09,bull,s47|s35,2,0.0659452113,0.0118977965,17.7577,0.0,-6.9865,10,40.0,0.034014,2,0.2,-28088.59,-2.8089,0.0,-1.1898,-2.3796,4,0.4,115519.02,11.5519,50.0,2.7024,10.8095,4,0.4,112040.0,11.204,50.0,2.7024,10.8095
f7bee3f9,bear,s61|s20|s89,3,0.0319467238,0.0193993899,-6.6243,0.0,-20.1682,67,40.2985,0.033894,24,0.3582,37426.64,3.7427,41.6667,0.1995,4.7876,14,0.209,-15139.96,-1.514,35.7143,-0.1061,-1.4861,29,0.4328,48239.7,4.824,41.3793,0.1847,5.3571
be1be153,bear,s100|s57|s86,3,0.0231540537,0.0153988612,-1.1349,0.0,-7.0558,16,43.75,0.033774,11,0.6875,20698.84,2.0699,45.4545,0.2125,2.3377,3,0.1875,-8265.75,-0.8266,33.3333,-0.2548,-0.7644,2,0.125,7772.54,0.7773,50.0,0.3878,0.7755
f7795341,bull,s40|s84,2,0.0680527389,0.0159351848,20.0552,0.0,-6.4164,8,50.0,0.033755,4,0.5,199516.49,19.9516,75.0,4.7056,18.8223,1,0.125,-19446.29,-1.9446,0.0,-1.5935,-1.5935,3,0.375,38746.84,3.8747,33.3333,1.2061,3.6182
5808b57a,bear,s100|s28|s27,3,0.0309912032,0.0181165697,-5.9043,0.0,-19.8752,59,38.9831,0.033707,26,0.4407,9214.68,0.9215,38.4615,0.0771,2.0047,16,0.2712,657.27,0.0657,37.5,0.0299,0.4782,17,0.2881,23778.24,2.3778,41.1765,0.2104,3.5773
904c4f70,bear,s99|s22|s20,3,0.0340951507,0.0158546754,-3.9193,0.0,-7.3402,27,33.3333,0.033643,11,0.4074,-26504.86,-2.6505,27.2727,-0.2232,-2.4552,6,0.2222,2770.86,0.2771,33.3333,0.0795,0.4772,10,0.3704,37783.46,3.7783,40.0,0.4125,4.1253
c86dbb5d,bear,s18|s50|s13,3,0.0485848798,0.0175159154,0.4483,0.0,-19.6931,66,30.303,0.033623,22,0.3333,-65707.58,-6.5708,22.7273,-0.2493,-5.4846,12,0.1818,165419.08,16.5419,50.0,1.5534,18.6414,32,0.4848,33622.11,3.3622,28.125,0.1075,3.4398
3316bd00,bull,s2|s46|s34|s73|s21,5,0.0300235893,0.0182403938,-6.6487,0.0,-16.4952,41,39.0244,0.033614,14,0.3415,-19388.68,-1.9389,35.7143,-0.1003,-1.4046,15,0.3659,56698.79,5.6699,46.6667,0.4283,6.4242,12,0.2927,-23976.68,-2.3977,33.3333,-0.2152,-2.5829
74d2b41c,bull,s47|s30,2,0.0604486962,0.0137540204,17.7077,0.0,-3.5895,8,50.0,0.03361,2,0.25,-30995.14,-3.0995,0.0,-1.3754,-2.7508,3,0.375,114635.19,11.4635,66.6667,3.5714,10.7143,3,0.375,111128.83,11.1129,66.6667,3.5714,10.7143
b464afd7,bear,s56|s16|s101,3,0.0698716422,0.0161740856,7.526,0.0,-22.4005,51,23.5294,0.033491,15,0.2941,-95767.04,-9.5767,13.3333,-0.4701,-7.052,12,0.2353,-117850.6,-11.7851,8.3333,-0.9004,-10.8043,24,0.4706,401646.89,40.1647,37.5,1.6093,38.6233
a9c517e2,bull,s83|s41|s35|s40,4,0.0623565519,0.0139948099,8.0342,0.0,-12.5484,23,26.087,0.033466,10,0.4348,161137.71,16.1138,40.0,1.6546,16.5457,5,0.2174,-70417.76,-7.0418,0.0,-1.3995,-6.9974,8,0.3478,35001.45,3.5001,25.0,0.5093,4.0744
4e9f00d6,bear,s49|s13|s77|s37,4,0.0527331302,0.0128247033,4.8879,0.0,-11.874,27,25.9259,0.033322,5,0.1852,-943.36,-0.0943,20.0,0.0287,0.1434,5,0.1852,-3688.58,-0.3689,20.0,0.0287,0.1434,17,0.6296,108644.85,10.8645,29.4118,0.6457,10.9769
7709427e,bear,s13|s31|s26,3,0.0531336768,0.0198295107,4.0592,0.0,-12.3916,21,33.3333,0.033206,2,0.0952,30331.06,3.0331,50.0,1.6652,3.3304,3,0.1429,12432.88,1.2433,33.3333,0.4492,1.3475,16,0.7619,44024.17,4.4024,31.25,0.2971,4.7544
6df68342,bear,s17|s31|s98|s19|s86,5,0.0250329258,0.0082221215,1.3444,0.0,-4.3841,18,33.3333,0.033201,6,0.3333,16356.15,1.6356,33.3333,0.2863,1.7177,7,0.3889,42168.43,4.2168,42.8571,0.603,4.221,5,0.2778,-8787.47,-0.8787,20.0,-0.1571,-0.7856
c1121398,bear,s57|s61|s52|s25,4,0.0505652671,0.0094534086,5.0466,0.0,-16.8163,52,21.1538,0.033199,17,0.3269,-42711.73,-4.2712,11.7647,-0.2392,-4.0671,10,0.1923,80948.58,8.0949,30.0,0.8552,8.5522,25,0.4808,120153.09,12.0153,24.0,0.4951,12.3777
c45f35c1,bull,s59|s11|s87|s4,4,0.0672875079,0.0145078006,6.4893,0.0,-10.6611,25,24.0,0.032987,9,0.36,112543.89,11.2544,33.3333,1.2757,11.4816,7,0.28,-25599.34,-2.5599,14.2857,-0.2823,-1.9759,9,0.36,32386.51,3.2387,22.2222,0.3669,3.302
6880036f,bear,s19|s99|s80,3,0.0523440143,0.0185371793,2.1859,0.0,-18.2301,36,30.5556,0.032918,16,0.4444,-34880.68,-3.4881,25.0,-0.0817,-1.307,8,0.2222,-80212.67,-8.0213,12.5,-0.9677,-7.7416,12,0.3333,212669.92,21.267,50.0,1.6903,20.2841
48c504ee,bear,s28|s50|s101,3,0.061405254,0.0113052041,1.8796,0.0,-10.8377,57,19.2982,0.0329,27,0.4737,42342.63,4.2343,18.5185,0.216,5.8312,10,0.1754,-42064.99,-4.2065,10.0,-0.4034,-4.0342,20,0.3509,132316.91,13.2317,25.0,0.6872,13.7448
30dccf97,bear,s101|s77|s51|s80,4,0.0206817332,0.0101035285,-3.3928,0.0,-6.4398,23,34.7826,0.03287,8,0.3478,9150.25,0.915,37.5,0.1441,1.1528,7,0.3043,-69353.11,-6.9353,0.0,-1.0104,-7.0725,8,0.3478,70984.45,7.0984,62.5,0.9137,7.3098
eafd9094,bear,s80|s100|s61,3,0.0718580578,0.0136803999,8.5085,0.0,-18.207,37,21.6216,0.032766,14,0.3784,59205.79,5.9206,21.4286,0.4649,6.509,9,0.2432,-136876.75,-13.6877,0.0,-1.368,-12.3124,14,0.3784,245275.67,24.5276,35.7143,1.6869,23.6167
a052e5f8,bull,s1|s95|s38|s35,4,0.0510557888,0.0198226176,0.8142,0.0,-11.3004,25,32.0,0.032678,13,0.52,88898.77,8.8899,38.4615,0.7438,9.6698,5,0.2,41740.61,4.1741,40.0,0.8529,4.2644,7,0.28,-71918.05,-7.1918,14.2857,-0.9697,-6.788
4a8db592,bull,s70|s59|s95|s93|s44,5,0.0479493901,0.0167059019,4.397,0.0,-8.986,18,33.3333,0.032627,9,0.5,110506.64,11.0507,44.4444,1.203,10.8268,3,0.1667,10824.1,1.0824,33.3333,0.4846,1.4538,6,0.3333,-39650.38,-3.965,16.6667,-0.593,-3.558
0d618027,bull,s9|s47|s92|s5,4,0.0559704979,0.0088980462,12.9923,0.0,-5.4295,12,33.3333,0.032563,5,0.4167,-49547.31,-4.9547,0.0,-0.8898,-4.449,3,0.25,111092.27,11.1092,66.6667,3.4348,10.3043,4,0.3333,94694.81,9.4695,50.0,2.3536,9.4145
15f8c8a5,bear,s18|s86|s57|s80|s22,5,0.0357453537,0.0159974706,-3.3645,0.0,-12.4652,33,33.3333,0.032437,15,0.4545,59219.33,5.9219,40.0,0.47,7.0495,10,0.303,-53251.26,-5.3251,20.0,-0.5649,-5.6489,8,0.2424,23675.2,2.3675,37.5,0.3406,2.7249
35c48602,bear,s37|s100|s22,3,0.0458452924,0.0141809992,2.3422,0.0,-9.8439,24,29.1667,0.032322,8,0.3333,-52850.11,-5.285,12.5,-0.6678,-5.3422,6,0.25,33467.23,3.3467,33.3333,0.5828,3.4967,10,0.4167,89162.45,8.9162,40.0,0.983,9.8295
afbd6d73,bear,s25|s76|s20|s13,4,0.0517302417,0.0168733163,2.6676,0.0,-13.2993,27,29.6296,0.032217,10,0.3704,28647.36,2.8647,30.0,0.3708,3.7078,5,0.1852,-18048.25,-1.8048,20.0,-0.3153,-1.5763,12,0.4444,70800.77,7.0801,33.3333,0.5995,7.1934
04eee558,bear,s50|s89|s31|s13,4,0.0554218911,0.0199532422,8.6002,0.0,-8.8361,13,38.4615,0.032052,2,0.1538,33038.28,3.3038,50.0,1.7734,3.5469,4,0.3077,-9005.09,-0.9005,25.0,-0.1109,-0.4438,7,0.5385,89969.4,8.9969,42.8571,1.235,8.6453
9ec4157c,bear,s18|s81|s26,3,0.0419181858,0.0104975943,1.2378,0.0,-14.9335,71,23.9437,0.031982,38,0.5352,12232.85,1.2233,21.0526,0.0537,2.0418,17,0.2394,28915.23,2.8915,23.5294,0.1836,3.1204,16,0.2254,92443.45,9.2443,31.25,0.5882,9.4117
62ec14ed,bear,s17|s85|s25,3,0.0263228676,0.0080365593,-0.9289,0.0,-8.3168,28,28.5714,0.031947,14,0.5,57671.16,5.7671,35.7143,0.4235,5.9285,8,0.2857,40738.35,4.0738,37.5,0.4848,3.8786,6,0.2143,-50717.93,-5.0718,0.0,-0.8037,-4.8219
cd763b00,bear,s67|s56|s27,3,0.0275848792,0.0102049732,-4.7314,0.0,-13.5598,59,30.5085,0.03192,19,0.322,-43408.13,-4.3408,21.0526,-0.2249,-4.2735,15,0.2542,66006.51,6.6007,40.0,0.4911,7.3665,25,0.4237,44480.02,4.448,32.0,0.1888,4.7194
6a1cb56c,bear,s28|s71|s99,3,0.0421694526,0.0154444776,2.1532,0.0,-13.2002,26,30.7692,0.031886,21,0.8077,11491.97,1.1492,28.5714,0.1017,2.135,5,0.1923,37223.51,3.7224,40.0,0.7601,3.8005,0,0.0,0.0,0.0,0.0,0.0,0.0
95a1ac50,bear,s56|s90|s62|s50|s31,5,0.0356528142,0.0185795878,-2.5953,0.0,-8.9024,22,36.3636,0.031681,9,0.4091,-60689.41,-6.0689,22.2222,-0.6528,-5.8751,4,0.1818,30951.29,3.0951,50.0,0.8537,3.4146,9,0.4091,47035.25,4.7035,44.4444,0.5524,4.9713
71b98924,bear,s101|s51|s23,3,0.0484728828,0.0192143115,7.9981,0.0,-8.4538,12,41.6667,0.031591,4,0.3333,-13495.55,-1.3496,25.0,-0.2293,-0.917,5,0.4167,-29572.14,-2.9572,20.0,-0.5677,-2.8384,3,0.25,147187.25,14.7187,100.0,4.8473,14.5419
97895999,bear,s37|s72|s98|s31,4,0.0238782361,0.0150431264,-6.0602,0.0,-15.404,33,39.3939,0.031501,8,0.2424,-41291.23,-4.1291,25.0,-0.5313,-4.2502,8,0.2424,31903.09,3.1903,50.0,0.4418,3.534,17,0.5152,14243.15,1.4243,41.1765,0.0983,1.6716
bf988bf7,bull,s88|s5,2,0.0727151311,0.0197964184,11.376,0.0,-26.9006,32,28.125,0.031473,9,0.2812,182702.82,18.2703,44.4444,2.132,19.1878,9,0.2812,-1384.99,-0.1385,22.2222,0.0762,0.6855,14,0.4375,-7620.52,-0.7621,21.4286,0.0027,0.0385
fcfd9925,bear,s50|s62|s25,3,0.0472550416,0.0157268373,3.263,0.0,-14.9809,26,30.7692,0.031417,11,0.4231,5231.87,0.5232,27.2727,0.145,1.595,6,0.2308,34885.68,3.4886,33.3333,0.5267,3.1603,9,0.3462,44843.03,4.4843,33.3333,0.5267,4.7404
4954285c,bear,s101|s18|s16,3,0.0798738528,0.0171057409,9.81,0.0,-24.2031,88,21.5909,0.031403,27,0.3068,168919.57,16.892,25.9259,0.8037,21.7002,13,0.1477,-31515.76,-3.1516,15.3846,-0.2186,-2.8415,48,0.5455,156874.85,15.6875,20.8333,0.3098,14.872
f3af70b8,bull,s96|s38|s30|s44,4,0.0654530704,0.0176586314,1.5918,0.0,-10.8393,32,25.0,0.031264,12,0.375,31079.9,3.108,25.0,0.3119,3.7432,11,0.3438,-34946.95,-3.4947,18.1818,-0.2547,-2.8022,9,0.2812,83134.66,8.3135,33.3333,1.0045,9.0407
a1b69170,bull,s70|s94|s79|s95,4,0.0396198675,0.0166751331,5.3942,0.0,-5.5567,12,41.6667,0.031178,3,0.25,118510.19,11.851,100.0,3.962,11.886,3,0.25,4235.39,0.4235,33.3333,0.209,0.627,6,0.5,-44788.67,-4.4789,16.6667,-0.7293,-4.3756
1f80bfca,bull,s38|s68|s78|s47|s15,5,0.0388542947,0.0179742906,6.1422,0.0,-6.429,11,45.4545,0.031162,3,0.2727,586.95,0.0587,33.3333,0.0969,0.2906,3,0.2727,61331.2,6.1331,66.6667,1.9911,5.9734,5,0.4545,22746.01,2.2746,40.0,0.4757,2.3786
d3fa0b97,bull,s6|s54|s12|s88,4,0.0236827553,0.0133846214,-2.0121,0.0,-7.43,18,38.8889,0.031078,3,0.1667,32813.91,3.2814,66.6667,1.1327,3.3981,9,0.5,-10903.73,-1.0904,33.3333,-0.1029,-0.9259,6,0.3333,-6849.82,-0.685,33.3333,-0.1029,-0.6173
0a22ec09,bull,s59|s14|s6,3,0.0256121342,0.0113241683,-5.8676,0.0,-16.0711,73,34.2466,0.031056,33,0.4521,26554.09,2.6554,33.3333,0.0988,3.2602,17,0.2329,62086.64,6.2087,41.1765,0.3885,6.6043,23,0.3151,-2096.02,-0.2096,30.4348,-0.0083,-0.1902
5bb2bc9b,bear,s17|s85|s56,3,0.0235362775,0.0114623359,-6.5276,0.0,-12.8244,41,34.1463,0.031041,19,0.4634,60216.99,6.0217,42.1053,0.3274,6.2205,9,0.2195,3909.61,0.391,33.3333,0.0204,0.1835,13,0.3171,-47268.1,-4.7268,23.0769,-0.3386,-4.4015
ef2692e9,bear,s17|s80|s23|s31|s56,5,0.0481019443,0.0192503048,1.5099,0.0,-10.748,21,33.3333,0.030994,5,0.2381,35342.89,3.5343,40.0,0.7691,3.8453,6,0.2857,16709.1,1.6709,33.3333,0.32,1.9203,10,0.4762,5771.56,0.5772,30.0,0.0955,0.9554
bb2b36de,bear,s19|s62|s16|s101,4,0.0673760325,0.0178391717,5.0228,0.0,-17.6633,35,25.7143,0.030971,11,0.3143,46134.82,4.6135,27.2727,0.5401,5.9415,8,0.2286,-60002.55,-6.0003,12.5,-0.7187,-5.7498,16,0.4571,136283.65,13.6284,31.25,0.8791,14.0649
f12b5e39,bear,s31|s56|s62,3,0.0298624425,0.0137703772,-3.9198,0.0,-15.4126,38,34.2105,0.030943,11,0.2895,-21384.28,-2.1384,27.2727,-0.1871,-2.0576,6,0.1579,2641.48,0.2641,33.3333,0.0774,0.4643,21,0.5526,58555.79,5.8556,38.0952,0.2852,5.9885
98aaccaa,bull,s47|s94,2,0.0609754079,0.0191559249,15.4057,0.0,-6.3697,8,50.0,0.030802,2,0.25,-40702.09,-4.0702,0.0,-1.9156,-3.8312,4,0.5,88984.17,8.8984,50.0,2.091,8.3639,2,0.25,122311.15,12.2311,100.0,6.0975,12.1951
835bc4bb,bull,s46|s38,2,0.0590143854,0.0180389033,5.5656,0.0,-6.6349,16,31.25,0.030754,5,0.3125,-17854.55,-1.7855,20.0,-0.2628,-1.3141,4,0.25,84899.38,8.4899,50.0,2.0488,8.1951,7,0.4375,22480.25,2.248,28.5714,0.3976,2.7834
e9dbcd2e,bull,s45|s30|s26,3,0.0515862158,0.0124106644,11.1805,0.0,-3.6572,10,40.0,0.03075,6,0.6,54860.21,5.486,33.3333,0.8922,5.353,3,0.3,27440.58,2.7441,33.3333,0.8922,2.6765,1,0.1,51378.29,5.1378,100.0,5.1586,5.1586
781fa262,bull,s9|s12|s26,3,0.0359814933,0.0111046375,-0.1947,0.0,-17.8353,60,28.3333,0.030715,27,0.45,126893.51,12.6894,33.3333,0.4591,12.395,13,0.2167,88208.25,8.8208,38.4615,0.7005,9.107,20,0.3333,-89888.43,-8.9888,15.0,-0.4042,-8.0834
2a7f6c29,bull,s1|s48|s5|s40,4,0.0512401842,0.0158800276,6.147,0.0,-7.4509,15,33.3333,0.030671,7,0.4667,84829.89,8.483,42.8571,1.2886,9.02,4,0.2667,4974.02,0.4974,25.0,0.09,0.36,4,0.2667,2147.98,0.2148,25.0,0.09,0.36
355e3c1d,bull,s30|s32,2,0.0366339152,0.0159893027,-4.2008,0.0,-17.5099,57,33.3333,0.030667,26,0.4561,160633.82,16.0634,42.3077,0.6274,16.3134,15,0.2632,-200609.36,-20.0609,6.6667,-1.2481,-18.7216,16,0.2807,114711.89,11.4712,43.75,0.7033,11.2534
f971b816,bear,s31|s80|s100,3,0.0730296978,0.0165189461,15.423,0.0,-10.5721,11,36.3636,0.030595,2,0.1818,-32054.67,-3.2055,0.0,-1.6519,-3.3038,4,0.3636,16122.05,1.6122,25.0,0.5868,2.3473,5,0.4545,192764.93,19.2765,60.0,3.721,18.6051
83d51df6,bull,s83|s36|s26,3,0.024394167,0.0152322073,4.1909,0.0,-4.618,9,55.5556,0.030524,4,0.4444,59084.0,5.9084,75.0,1.4488,5.795,1,0.1111,25424.47,2.5424,100.0,2.4394,2.4394,4,0.4444,-23911.51,-2.3912,25.0,-0.5326,-2.1302
b075d3c8,bear,s99|s62|s72,3,0.0325795481,0.0171502503,-1.4033,0.0,-16.3592,27,37.037,0.030467,17,0.6296,58066.13,5.8066,41.1765,0.3327,5.6554,6,0.2222,-8642.13,-0.8642,33.3333,-0.0574,-0.3442,4,0.1481,-19976.95,-1.9977,25.0,-0.4718,-1.8871
cd412b6f,bull,s44|s39|s26,3,0.0622049634,0.0152825985,4.3236,0.0,-19.7022,54,24.0741,0.03041,21,0.3889,144267.3,14.4267,28.5714,0.6857,14.3991,10,0.1852,-9108.54,-0.9109,20.0,0.0215,0.2149,23,0.4259,19154.56,1.9155,21.7391,0.1563,3.5938
c33b80eb,bull,s41|s55,2,0.0186557484,0.0103974603,-4.947,0.0,-9.1322,25,36.0,0.030408,11,0.44,666.63,0.0667,36.3636,0.0167,0.1841,8,0.32,31550.08,3.155,50.0,0.4129,3.3033,6,0.24,-32867.67,-3.2868,16.6667,-0.5555,-3.3332
3e9d876b,bull,s11|s75|s27,3,0.0563669666,0.0182008511,2.3182,0.0,-21.3313,60,28.3333,0.030279,18,0.3,201993.97,20.1994,38.8889,1.0798,19.4359,14,0.2333,-52746.13,-5.2746,21.4286,-0.2222,-3.1108,28,0.4667,-207.63,-0.0208,25.0,0.0441,1.2351
883b3714,bear,s101|s13,2,0.0432670187,0.018330467,-0.8215,0.0,-19.3121,39,33.3333,0.030247,9,0.2308,13173.43,1.3173,33.3333,0.2202,1.9818,5,0.1282,-31414.64,-3.1415,20.0,-0.6011,-3.0055,25,0.641,91511.46,9.1511,36.0,0.3845,9.6116
d41b4a1b,bull,s9|s88|s21|s68,4,0.0275265196,0.0170334994,-6.6247,0.0,-11.7254,29,37.931,0.030228,12,0.4138,-26350.45,-2.635,33.3333,-0.218,-2.6162,5,0.1724,42298.67,4.2299,60.0,0.9703,4.8513,12,0.4138,-27037.59,-2.7038,33.3333,-0.218,-2.6162
6a7fb8f1,bull,s87|s11,2,0.0373902461,0.0177945345,-2.1438,0.0,-10.0245,23,34.7826,0.030222,8,0.3478,77787.87,7.7788,50.0,0.9798,7.8383,7,0.3043,-72290.21,-7.229,14.2857,-0.9911,-6.9377,8,0.3478,20057.79,2.0058,37.5,0.29,2.3198
28f7b565,bear,s89|s16|s27,3,0.0261682358,0.0142924733,-9.7902,0.0,-14.2522,75,37.3333,0.030082,33,0.44,-70747.05,-7.0747,30.303,-0.2032,-6.7045,14,0.1867,36841.45,3.6841,42.8571,0.3048,4.267,28,0.3733,80851.34,8.0851,42.8571,0.3048,8.5339
f959f7e1,bear,s67|s80|s89,3,0.0310672962,0.0108041355,2.763,0.0,-3.7883,14,35.7143,0.029912,9,0.6429,68664.88,6.8665,44.4444,0.7805,7.0249,2,0.1429,-22459.03,-2.2459,0.0,-1.0804,-2.1608,3,0.2143,10047.69,1.0048,33.3333,0.3153,0.9459
c0c2e69e,bear,s80|s89|s62|s56|s31,5,0.0554151749,0.0144101988,8.1222,0.0,-10.929,16,31.25,0.029905,5,0.3125,-7633.82,-0.7634,20.0,-0.0445,-0.2226,3,0.1875,25175.74,2.5176,33.3333,0.8865,2.6595,8,0.5,98441.15,9.8441,37.5,1.1774,9.4195
78a580c7,bull,s59|s73|s27,3,0.0548406968,0.0135795,11.7909,0.0,-6.0703,10,40.0,0.029791,3,0.3,23196.11,2.3196,33.3333,0.9227,2.7682,2,0.2,46115.82,4.6116,50.0,2.0631,4.1261,5,0.5,71210.92,7.1211,40.0,1.3789,6.8943
5eccf636,bear,s97|s80|s27,3,0.043768473,0.0174792941,1.7713,0.0,-20.6946,33,33.3333,0.029701,17,0.5152,-2356.44,-0.2356,29.4118,0.0535,0.9091,7,0.2121,-56387.37,-5.6387,14.2857,-0.873,-6.1107,9,0.2727,141400.85,14.1401,55.5556,1.6547,14.8925
e24a4bee,bull,s6|s14|s55,3,0.0558596863,0.0174383242,0.7607,0.0,-16.1398,40,27.5,0.029699,15,0.375,176951.7,17.6952,40.0,1.1881,17.8213,11,0.275,14893.54,1.4894,27.2727,0.2552,2.8072,14,0.35,-103020.5,-10.302,14.2857,-0.6967,-9.7541
39d5e872,bear,s56|s77|s67,3,0.0237231557,0.0137753214,-9.9592,0.0,-14.3255,56,37.5,0.029687,14,0.25,-42647.42,-4.2647,28.5714,-0.3061,-4.2861,11,0.1964,30451.28,3.0451,45.4545,0.3269,3.5964,31,0.5536,19718.61,1.9719,38.7097,0.074,2.2947
d39a9f47,bull,s96|s65,2,0.0382335665,0.0195103543,-4.5601,0.0,-19.5821,47,36.1702,0.029632,17,0.3617,62729.15,6.2729,41.1765,0.4267,7.2531,11,0.234,14524.65,1.4525,36.3636,0.1487,1.6362,19,0.4043,-28691.08,-2.8691,31.5789,-0.1275,-2.4233
848cc2ad,bull,s2|s47|s83,3,0.0632551942,0.0182471263,14.4733,0.0,-9.126,9,44.4444,0.029493,4,0.4444,2798.78,0.2799,25.0,0.2128,0.8514,2,0.2222,49644.21,4.9644,50.0,2.2504,4.5008,3,0.3333,112076.65,11.2077,66.6667,3.6088,10.8263
a11e9d31,bull,s21|s83|s65,3,0.0237187623,0.0107931522,-1.6786,0.0,-8.2014,20,35.0,0.029473,8,0.4,16510.24,1.651,37.5,0.2149,1.7191,7,0.35,-6698.31,-0.6698,28.5714,-0.0933,-0.6528,5,0.25,14174.64,1.4175,40.0,0.3012,1.5058
adb48281,bear,s76|s22|s25,3,0.0724967328,0.0175361257,6.6309,0.0,-9.3837,19,26.3158,0.029382,4,0.2105,14399.53,1.44,25.0,0.4972,1.9888,6,0.3158,-20838.39,-2.0838,16.6667,-0.2531,-1.5184,9,0.4737,112533.09,11.2533,33.3333,1.2475,11.2273
5640221f,bull,s63|s14|s96|s34|s42,5,0.0310082609,0.0145085569,-4.727,0.0,-19.5563,87,35.6322,0.02932,38,0.4368,68372.94,6.8373,36.8421,0.2261,8.591,20,0.2299,22205.67,2.2206,35.0,0.1422,2.8447,29,0.3333,33484.15,3.3484,34.4828,0.1187,3.442
0c84e2f8,bull,s64|s48|s26,3,0.0206837334,0.0102103035,-1.7684,0.0,-8.7697,19,36.8421,0.029315,7,0.3684,50662.04,5.0662,57.1429,0.7443,5.2104,6,0.3158,29883.65,2.9884,50.0,0.5237,3.142,6,0.3158,-60547.71,-6.0548,0.0,-1.021,-6.1262
092f45cb,bear,s16|s57|s100|s99|s49,5,0.0223881635,0.0119960902,1.6444,0.0,-3.3852,11,45.4545,0.029213,9,0.8182,-6434.17,-0.6434,33.3333,-0.0535,-0.4812,1,0.0909,22591.8,2.2592,100.0,2.2388,2.2388,1,0.0909,22560.13,2.256,100.0,2.2388,2.2388
93d9896e,bull,s88|s65|s2|s92,4,0.0799290903,0.0173324018,11.0444,0.0,-8.6234,14,28.5714,0.029126,5,0.3571,103216.56,10.3217,40.0,2.1572,10.7861,5,0.3571,-90530.3,-9.053,0.0,-1.7332,-8.6662,4,0.2857,126855.5,12.6855,50.0,3.1298,12.5193
b3162170,bear,s25|s99|s13|s101,4,0.0559145844,0.0195942525,1.026,0.0,-17.9863,37,29.7297,0.029107,11,0.2973,-4888.81,-0.4889,27.2727,0.0999,1.099,8,0.2162,-6738.5,-0.6739,25.0,-0.0717,-0.5736,18,0.4865,97967.8,9.7968,33.3333,0.5575,10.0356
aba99fbf,bear,s80|s23|s29|s22|s72,5,0.0409847989,0.0171165138,1.7321,0.0,-9.1897,17,35.2941,0.028982,6,0.3529,68557.59,6.8558,50.0,1.1934,7.1605,5,0.2941,-29044.97,-2.9045,20.0,-0.5496,-2.7481,6,0.3529,12329.1,1.2329,33.3333,0.2251,1.3504
32b7e3b5,bear,s100|s62|s25,3,0.0514172495,0.0170064528,10.1719,0.0,-4.675,9,44.4444,0.028799,6,0.6667,105906.34,10.5906,50.0,1.7205,10.3232,0,0.0,0.0,0.0,0.0,0.0,0.0,3,0.3333,14316.42,1.4316,33.3333,0.5801,1.7404
e8bc4cd1,bull,s96|s6|s1,3,0.0223614856,0.0141829159,-10.5745,0.0,-18.4302,114,42.1053,0.028727,50,0.4386,82399.9,8.24,44.0,0.1897,9.4831,30,0.2632,41583.02,4.1583,43.3333,0.1653,4.959,34,0.2982,-11137.83,-1.1138,38.2353,-0.021,-0.7142
023d526d,bear,s31|s66|s13,3,0.0327969527,0.0182946337,-4.419,0.0,-13.4291,27,37.037,0.0287,4,0.1481,-22653.84,-2.2654,25.0,-0.5522,-2.2087,5,0.1852,9344.62,0.9345,40.0,0.2142,1.071,18,0.6667,24939.09,2.4939,38.8889,0.1574,2.8338
f3e9607f,bear,s13|s17|s51|s61|s67,5,0.0393262845,0.0186216933,0.6619,0.0,-12.5656,19,36.8421,0.028681,8,0.4211,21616.82,2.1617,37.5,0.3109,2.487,6,0.3158,62404.26,6.2404,50.0,1.0352,6.2114,5,0.2632,-38450.31,-3.845,20.0,-0.7032,-3.516
d1370f05,bull,s96|s78|s26,3,0.0215084992,0.0105071323,-8.4641,0.0,-9.2719,40,32.5,0.028662,17,0.425,-50840.51,-5.0841,23.5294,-0.2974,-5.0559,12,0.3,31029.91,3.103,41.6667,0.2833,3.3993,11,0.275,10856.29,1.0856,36.3636,0.1135,1.2484
9ac4bc71,bear,s80|s99|s72,3,0.0321843155,0.0145775753,-5.5162,0.0,-16.4259,57,33.3333,0.028657,27,0.4737,19378.13,1.9378,33.3333,0.101,2.7262,14,0.2456,-67286.95,-6.7287,21.4286,-0.4557,-6.38,16,0.2807,90051.61,9.0052,43.75,0.5881,9.4092
a87fe645,bear,s20|s49|s13|s67|s19,5,0.0389911907,0.0160516939,-1.8901,0.0,-14.3703,31,32.2581,0.028584,11,0.3548,36559.63,3.656,36.3636,0.3964,4.3603,6,0.1935,-42130.86,-4.2131,16.6667,-0.6878,-4.1267,14,0.4516,49741.87,4.9742,35.7143,0.3606,5.0491
1ff7e7de,bull,s68|s30|s9,3,0.0502990015,0.0087528563,2.175,0.0,-12.6748,57,19.2982,0.02857,22,0.386,42129.98,4.213,18.1818,0.1984,4.3645,12,0.2105,127388.55,12.7389,33.3333,1.0931,13.1173,23,0.4035,-31559.61,-3.156,13.0435,-0.105,-2.416
51dca75e,bear,s100|s98|s27,3,0.031604996,0.0190217969,-1.6034,0.0,-6.1687,15,40.0,0.028524,8,0.5333,-54357.06,-5.4357,25.0,-0.6365,-5.0921,2,0.1333,12456.09,1.2456,50.0,0.6292,1.2583,5,0.3333,56463.22,5.6463,60.0,1.1354,5.6771
dd41ee9f,bear,s50|s20|s62,3,0.0356814876,0.0149939656,-2.9157,0.0,-14.4967,34,32.3529,0.028496,16,0.4706,111802.72,11.1803,43.75,0.7177,11.4825,7,0.2059,-55449.44,-5.5449,14.2857,-0.7755,-5.4282,11,0.3235,-15116.74,-1.5117,27.2727,-0.1173,-1.2907
744617c1,bull,s47|s78|s38|s1,4,0.0637147762,0.0195429784,11.4796,0.0,-8.234,10,40.0,0.028243,4,0.4,-3476.94,-0.3477,25.0,0.1271,0.5086,3,0.3,110786.18,11.0786,66.6667,3.5962,10.7887,3,0.3,28619.3,2.8619,33.3333,0.821,2.4629
e5ba04ea,bear,s16|s57,2,0.0328069485,0.016170191,-1.3788,0.0,-13.1336,22,36.3636,0.028237,14,0.6364,60677.15,6.0677,42.8571,0.482,6.748,4,0.1818,-61412.9,-6.1413,0.0,-1.617,-6.4681,4,0.1818,29784.39,2.9784,50.0,0.8318,3.3274
b3947abc,bear,s13|s52|s89,3,0.0793729069,0.016973034,7.5474,0.0,-22.7571,50,22.0,0.027918,21,0.42,-9158.57,-0.9159,19.0476,0.1379,2.895,5,0.1,22510.53,2.2511,20.0,0.2296,1.1481,24,0.48,157314.71,15.7315,25.0,0.7113,17.0723
c208c1b0,bear,s76|s25|s26,3,0.018139992,0.0105217915,0.4504,0.0,-3.7773,11,45.4545,0.027903,6,0.5455,-6769.12,-0.6769,33.3333,-0.0968,-0.5807,3,0.2727,-3095.12,-0.3095,33.3333,-0.0968,-0.2904,2,0.1818,36742.87,3.6743,100.0,1.814,3.628
9e418812,bull,s35|s44|s32|s45|s8,5,0.0639876008,0.0159206865,5.1045,0.0,-21.8319,49,24.4898,0.027824,19,0.3878,182410.73,18.2411,31.5789,0.9314,17.6957,10,0.2041,-97484.28,-9.7484,10.0,-0.793,-7.9299,20,0.4082,69298.03,6.9298,25.0,0.4056,8.1128
77061886,bear,s52|s25|s31|s62,4,0.0418049266,0.0096475229,4.3843,0.0,-7.8679,18,27.7778,0.027816,4,0.2222,11247.38,1.1247,25.0,0.3216,1.2862,6,0.3333,44738.27,4.4738,33.3333,0.7503,4.502,8,0.4444,26006.93,2.6007,25.0,0.3216,2.5725
bd50a635,bear,s31|s13,2,0.0512991776,0.0108590133,3.0407,0.0,-9.3075,26,23.0769,0.027805,2,0.0769,-22162.42,-2.2162,0.0,-1.0859,-2.1718,5,0.1923,5437.15,0.5437,20.0,0.1573,0.7863,19,0.7308,101892.09,10.1892,26.3158,0.5498,10.447
8840abd0,bull,s83|s38|s36,3,0.0609686302,0.0150067261,4.1548,0.0,-14.0539,28,25.0,0.027696,13,0.4643,-50169.79,-5.017,15.3846,-0.3318,-4.3137,8,0.2857,108796.05,10.8796,37.5,1.3484,10.7872,7,0.25,44214.8,4.4215,28.5714,0.6701,4.6904
64a74e31,bull,s83|s1|s30|s45|s35,5,0.075737049,0.0171172144,3.5216,0.0,-12.4047,31,22.5806,0.027661,16,0.5161,87806.29,8.7806,25.0,0.6096,9.7542,9,0.2903,-65102.8,-6.5103,11.1111,-0.68,-6.1201,6,0.1935,74489.86,7.449,33.3333,1.3834,8.3005
220a2277,bear,s16|s49|s20|s80|s76,5,0.0360747267,0.0111536757,-2.215,0.0,-11.6289,37,27.027,0.027627,16,0.4324,96547.53,9.6548,37.5,0.6557,10.4912,12,0.3243,-131022.23,-13.1022,0.0,-1.1154,-13.3844,9,0.2432,85432.58,8.5433,44.4444,0.9837,8.8531
497a4f2f,bear,s16|s99|s100,3,0.0387016158,0.0159716357,-0.1471,0.0,-11.2593,21,33.3333,0.027566,12,0.5714,-35202.18,-3.5202,25.0,-0.2303,-2.764,6,0.2857,15348.16,1.5348,33.3333,0.2253,1.3517,3,0.1429,60376.41,6.0376,66.6667,2.0477,6.1432
40687551,bear,s61|s76|s50|s89|s81,5,0.0417410081,0.0199834835,3.9914,0.0,-8.7109,12,41.6667,0.02756,6,0.5,63634.9,6.3635,50.0,1.0879,6.5273,4,0.3333,46414.46,4.6414,50.0,1.0879,4.3515,2,0.1667,-44460.01,-4.446,0.0,-1.9983,-3.9967
e049e269,bear,s19|s67|s52|s37,4,0.0420791225,0.009722443,-0.3873,0.0,-12.8395,48,22.9167,0.027535,15,0.3125,57959.21,5.7959,26.6667,0.4091,6.137,12,0.25,88016.41,8.8016,33.3333,0.7545,9.0537,21,0.4375,-51629.8,-5.163,14.2857,-0.2322,-4.8767
77256df9,bear,s80|s37|s27,3,0.0742474674,0.0165402387,11.7042,0.0,-28.7872,85,22.3529,0.027514,29,0.3412,81.81,0.0082,20.6897,0.2243,6.5059,17,0.2,104364.39,10.4364,23.5294,0.4822,8.1967,39,0.4588,170060.55,17.0061,23.0769,0.4411,17.202
6eeda777,bear,s19|s80|s37|s98,4,0.0515049044,0.0172321128,2.8141,0.0,-14.2938,23,30.4348,0.027453,9,0.3913,-25901.3,-2.5901,22.2222,-0.1957,-1.7615,6,0.2609,33943.9,3.3944,33.3333,0.568,3.4081,8,0.3478,65000.69,6.5001,37.5,0.8544,6.8354
8ecbeb58,bull,s78|s41|s68|s91,4,0.0225278942,0.0108403374,-7.5979,0.0,-9.9549,37,32.4324,0.02741,12,0.3243,-30497.07,-3.0497,25.0,-0.2498,-2.9979,11,0.2973,46458.62,4.6459,45.4545,0.4327,4.7597,14,0.3784,-19127.22,-1.9127,28.5714,-0.1307,-1.8292
bcb8c16f,bear,s50|s77|s13|s97|s20,5,0.0766636497,0.0179374761,7.2066,0.0,-15.5859,24,25.0,0.027393,7,0.2917,-38463.22,-3.8463,14.2857,-0.4423,-3.0961,5,0.2083,-8398.23,-0.8398,20.0,0.0983,0.4914,12,0.5,167764.77,16.7765,33.3333,1.3596,16.3155
a2845033,bear,s20|s90|s26,3,0.0292875232,0.0122370565,-1.2327,0.0,-10.0612,21,33.3333,0.027252,12,0.5714,-24265.53,-2.4266,25.0,-0.1856,-2.2271,5,0.2381,19603.41,1.9603,40.0,0.4373,2.1864,4,0.1905,32610.34,3.261,50.0,0.8525,3.4101
b9fdf580,bull,s38|s78|s40,3,0.0292146986,0.011153285,-2.3574,0.0,-7.7088,23,30.4348,0.027024,9,0.3913,-21073.26,-2.1073,22.2222,-0.2183,-1.9644,5,0.2174,22743.46,2.2743,40.0,0.4994,2.497,9,0.3913,19549.55,1.955,33.3333,0.2303,2.0724
f0acab08,bull,s55|s4,2,0.0295188418,0.0141397866,-3.179,0.0,-13.0542,26,34.6154,0.027023,12,0.4615,44195.19,4.4195,41.6667,0.4051,4.8616,8,0.3077,60475.83,6.0476,50.0,0.769,6.1516,6,0.2308,-84344.39,-8.4344,0.0,-1.414,-8.4839
f50cb13a,bull,s53|s45|s30|s69,4,0.0394273251,0.0105757817,0.4157,0.0,-9.8134,27,25.9259,0.027,13,0.4815,-40536.12,-4.0536,15.3846,-0.2883,-3.7479,11,0.4074,81632.6,8.1633,36.3636,0.7607,8.3679,3,0.1111,18921.53,1.8922,33.3333,0.6092,1.8276
1fc1106c,bull,s11|s5|s54|s73,4,0.0563618455,0.0120246674,2.1185,0.0,-8.4184,27,22.2222,0.026938,9,0.3333,91719.17,9.1719,33.3333,1.0771,9.6938,11,0.4074,219.77,0.022,18.1818,0.0409,0.4502,7,0.2593,-15706.21,-1.5706,14.2857,-0.2255,-1.5786
021d432b,bear,s66|s13|s31|s50|s76,5,0.0607698349,0.0135591914,7.4327,0.0,-6.4284,14,28.5714,0.026925,5,0.3571,2969.83,0.297,20.0,0.1307,0.6533,2,0.1429,-28770.44,-2.877,0.0,-1.3559,-2.7118,7,0.5,129398.26,12.9398,42.8571,1.8296,12.8073
b7a96851,bull,s38|s15,2,0.0493349237,0.017917843,-0.4272,0.0,-7.0404,20,30.0,0.026868,12,0.6,-19972.38,-1.9972,25.0,-0.1105,-1.3256,3,0.15,79701.14,7.9701,66.6667,2.6917,8.0752,5,0.25,-23594.25,-2.3594,20.0,-0.4467,-2.2336
028575f6,bear,s100|s89|s27,3,0.0676113717,0.0142566776,3.7561,0.0,-10.6681,27,22.2222,0.026831,15,0.5556,-64387.17,-6.4387,13.3333,-0.3341,-5.0114,6,0.2222,82708.31,8.2708,33.3333,1.3033,7.8196,6,0.2222,73750.79,7.3751,33.3333,1.3033,7.8196
fe9527c3,bear,s67|s57|s20,3,0.0266569129,0.0130588563,-3.2152,0.0,-11.133,23,34.7826,0.02672,14,0.6087,-26751.49,-2.6751,28.5714,-0.1711,-2.3961,4,0.1739,-12874.31,-1.2874,25.0,-0.313,-1.252,5,0.2174,51607.25,5.1607,60.0,1.0771,5.3853
8fc09edb,bear,s90|s16|s37,3,0.0658770293,0.0166726409,4.3898,0.0,-21.182,62,24.1935,0.026594,24,0.3871,-13851.43,-1.3851,20.8333,0.0525,1.2605,8,0.129,33104.04,3.3104,25.0,0.3965,3.1718,30,0.4839,151846.29,15.1846,26.6667,0.5341,16.0218
fc2ecd7d,bear,s29|s56|s100,3,0.0478624857,0.0168767509,2.8384,0.0,-15.4771,22,31.8182,0.026566,8,0.3636,116335.23,11.6335,50.0,1.5493,12.3943,7,0.3182,11474.1,1.1474,28.5714,0.162,1.1341,7,0.3182,-57531.89,-5.7532,14.2857,-0.7628,-5.3398
00ee7fd6,bull,s73|s30|s59|s65,4,0.0407544593,0.0140213316,7.3519,0.0,-5.1112,9,44.4444,0.026533,4,0.4444,-5286.01,-0.5286,25.0,-0.0327,-0.131,2,0.2222,28724.87,2.8725,50.0,1.3367,2.6733,3,0.3333,69511.7,6.9512,66.6667,2.2496,6.7488
cf8bfce7,bull,s43|s83|s26,3,0.0358891009,0.0134035428,4.3208,0.0,-10.2644,13,38.4615,0.026487,8,0.6154,91393.35,9.1393,50.0,1.1243,8.9942,3,0.2308,6102.62,0.6103,33.3333,0.3027,0.9082,2,0.1538,-27558.82,-2.7559,0.0,-1.3404,-2.6807
f10e86ac,bear,s37|s80|s72|s56,4,0.037223053,0.0118960229,-2.8379,0.0,-15.4114,75,28.0,0.026414,31,0.4133,66874.96,6.6875,29.0323,0.2364,7.3295,16,0.2133,49405.66,4.9406,31.25,0.3454,5.5259,28,0.3733,7213.1,0.7213,25.0,0.0384,1.0745
89ffde1e,bull,s38|s88|s59,3,0.0575800544,0.0136513948,4.1327,0.0,-12.2028,24,25.0,0.026363,11,0.4583,61502.86,6.1503,27.2727,0.5775,6.3529,4,0.1667,13422.6,1.3423,25.0,0.4156,1.6626,9,0.375,16484.05,1.6484,22.2222,0.2178,1.96
7eb0272b,bear,s23|s29|s37,3,0.0390519727,0.0115250478,0.0517,0.0,-7.4147,22,27.2727,0.026304,12,0.5455,108431.3,10.8431,41.6667,0.9549,11.4585,7,0.3182,-29249.58,-2.925,14.2857,-0.43,-3.0098,3,0.1364,-35262.15,-3.5262,0.0,-1.1525,-3.4575
482a41aa,bull,s2|s30,2,0.0784720253,0.016509941,3.0483,0.0,-12.0752,33,21.2121,0.026139,18,0.5455,73227.31,7.3227,22.2222,0.4597,8.2749,9,0.2727,-59038.54,-5.9039,11.1111,-0.5956,-5.3608,6,0.1818,84596.31,8.4596,33.3333,1.5151,9.0904
49245fc4,bear,s19|s98|s62,3,0.0390808109,0.0176488893,6.8467,0.0,-4.787,8,50.0,0.026084,7,0.875,104433.44,10.4433,57.1429,1.4768,10.3377,0,0.0,0.0,0.0,0.0,0.0,0.0,1,0.125,-19255.47,-1.9255,0.0,-1.7649,-1.7649
715906e1,bear,s16|s99,2,0.0379528484,0.009909043,2.1144,0.0,-6.5018,18,27.7778,0.026023,13,0.7222,59708.43,5.9708,30.7692,0.4818,6.263,4,0.2222,-40520.21,-4.052,0.0,-0.9909,-3.9636,1,0.0556,38743.63,3.8744,100.0,3.7953,3.7953
918bfbc3,bull,s65|s40|s26,3,0.0680270047,0.01310235,5.9465,0.0,-5.9907,17,23.5294,0.025977,10,0.5882,106726.37,10.6726,30.0,1.1236,11.2365,3,0.1765,-41311.38,-4.1311,0.0,-1.3102,-3.9307,4,0.2353,29012.99,2.9013,25.0,0.718,2.872
f9b3f519,bull,s69|s21|s78|s15,4,0.0666593449,0.0149002346,3.5522,0.0,-11.1626,26,23.0769,0.025975,13,0.5,40450.95,4.0451,23.0769,0.3921,5.0976,4,0.1538,103349.53,10.335,50.0,2.588,10.3518,9,0.3462,-55721.16,-5.5721,11.1111,-0.5838,-5.2543
daba9c28,bull,s78|s45|s41|s36,4,0.0571259569,0.0173184965,-0.4925,0.0,-13.0841,34,26.4706,0.025969,17,0.5,-8758.1,-0.8758,23.5294,0.0198,0.3363,6,0.1765,42956.18,4.2956,33.3333,0.7496,4.4978,11,0.3235,30785.91,3.0786,27.2727,0.2985,3.283
b0a70157,bull,s38|s84|s40,3,0.0652240157,0.0164797594,3.2605,0.0,-11.3818,24,25.0,0.02587,9,0.375,86056.94,8.6057,33.3333,1.0755,9.6793,6,0.25,57688.49,5.7688,33.3333,1.0755,6.4529,9,0.375,-65044.72,-6.5045,11.1111,-0.7402,-6.6614
24c0bb32,bull,s93|s1|s87,3,0.0509217926,0.0163219335,3.6066,0.0,-9.1543,16,31.25,0.025828,9,0.5625,51037.5,5.1038,33.3333,0.6093,5.4834,5,0.3125,-83223.43,-8.3223,0.0,-1.6322,-8.161,2,0.125,100466.77,10.0467,100.0,5.0922,10.1844
5f647a54,bear,s85|s61|s100,3,0.0368578351,0.0109261947,6.0723,0.0,-5.0641,10,40.0,0.025819,4,0.4,5097.2,0.5097,25.0,0.102,0.4079,1,0.1,36100.27,3.61,100.0,3.6858,3.6858,5,0.5,39949.46,3.9949,40.0,0.8187,4.0937
65a94a80,bear,s50|s101,2,0.0220648051,0.0110712141,-10.3266,0.0,-11.5962,56,33.9286,0.025691,22,0.3929,-12426.96,-1.2427,31.8182,-0.0528,-1.1615,16,0.2857,-11949.01,-1.1949,31.25,-0.0716,-1.1459,18,0.3214,28620.57,2.8621,38.8889,0.1815,3.267
4a293c78,bear,s25|s97|s101,3,0.0667009721,0.0189012242,3.5925,0.0,-19.8526,38,26.3158,0.025657,10,0.2632,57390.03,5.739,30.0,0.6779,6.7794,8,0.2105,-68268.77,-6.8269,12.5,-0.8201,-6.5608,20,0.5263,127799.64,12.78,30.0,0.6779,13.5589
711efe9f,bear,s37|s57|s26,3,0.0521741346,0.0148951917,1.7136,0.0,-14.7294,30,26.6667,0.0256,15,0.5,-97226.49,-9.7226,13.3333,-0.5953,-8.9289,4,0.1333,3281.48,0.3281,25.0,0.1872,0.7489,11,0.3667,170311.84,17.0312,45.4545,1.5591,17.15
4daac19d,bull,s35|s87|s6,3,0.0271368793,0.013147462,-5.1398,0.0,-20.9785,77,36.3636,0.025596,33,0.4286,80113.16,8.0113,39.3939,0.2722,8.983,17,0.2208,50836.26,5.0836,41.1765,0.344,5.8484,27,0.3506,-30797.53,-3.0798,29.6296,-0.1211,-3.2707
d62ec05c,bear,s100|s20|s52,3,0.0493017079,0.018901537,-1.1415,0.0,-19.3016,42,30.9524,0.025525,19,0.4524,-93382.02,-9.3382,21.0526,-0.4543,-8.6316,7,0.1667,66432.93,6.6433,42.8571,1.0328,7.2299,16,0.381,95325.0,9.5325,37.5,0.6675,10.6795
a6122880,bull,s79|s44|s26,3,0.0220250564,0.0116437573,-7.3414,0.0,-15.8045,42,35.7143,0.025506,24,0.5714,55125.94,5.5126,41.6667,0.2385,5.7238,9,0.2143,-3124.35,-0.3124,33.3333,-0.0421,-0.3787,9,0.2143,-39379.64,-3.938,22.2222,-0.4162,-3.7456
475fd9a9,bull,s41|s47|s54|s78,4,0.0395110086,0.0190177636,-1.2632,0.0,-8.632,17,35.2941,0.025477,5,0.2941,-36277.91,-3.6278,20.0,-0.7312,-3.656,7,0.4118,95793.56,9.5794,57.1429,1.4427,10.0991,5,0.2941,-38281.94,-3.8282,20.0,-0.7312,-3.656
330b3740,bull,s6|s91|s45|s8,4,0.0247746352,0.0147793049,-7.1489,0.0,-21.2066,51,39.2157,0.025432,15,0.2941,88938.93,8.8939,53.3333,0.6316,9.4742,16,0.3137,-4991.24,-0.4991,37.5,0.0053,0.0855,20,0.3922,-53894.83,-5.3895,30.0,-0.2913,-5.8262
aa7f1a99,bear,s97|s17|s37,3,0.0281792023,0.01352045,-7.8095,0.0,-13.6362,45,33.3333,0.025068,22,0.4889,35201.04,3.5201,36.3636,0.1643,3.6147,11,0.2444,15134.45,1.5134,36.3636,0.1643,1.8074,12,0.2667,-39192.2,-3.9192,25.0,-0.3096,-3.7146
03145e50,bear,s62|s29|s99,3,0.0425309525,0.0172290737,2.4015,0.0,-9.2347,14,35.7143,0.024933,9,0.6429,83633.28,8.3633,44.4444,0.9331,8.3978,4,0.2857,-13645.75,-1.3646,25.0,-0.2289,-0.9156,1,0.0714,-18288.18,-1.8288,0.0,-1.7229,-1.7229
694998bd,bear,s13|s17|s50|s19,4,0.0225535572,0.0127644443,-7.4685,0.0,-14.6112,36,36.1111,0.024931,13,0.3611,-24204.75,-2.4205,30.7692,-0.1897,-2.4666,11,0.3056,34544.63,3.4545,45.4545,0.3289,3.6181,12,0.3333,-12734.39,-1.2734,33.3333,-0.0992,-1.1901
9d290235,bear,s76|s97|s18,3,0.0330355862,0.0140338902,4.2217,0.0,-3.9209,9,44.4444,0.024922,4,0.4444,36988.69,3.6989,50.0,0.9501,3.8003,3,0.3333,4229.56,0.423,33.3333,0.1656,0.4968,2,0.2222,19429.63,1.943,50.0,0.9501,1.9002
10026e85,bear,s98|s18|s77|s80,4,0.0349013527,0.0179260151,-2.2523,0.0,-14.5202,22,36.3636,0.024869,7,0.3182,-21924.29,-2.1924,28.5714,-0.2832,-1.9827,6,0.2727,-55687.66,-5.5688,16.6667,-0.9121,-5.4729,9,0.4091,97820.32,9.782,55.5556,1.1423,10.2803
ee7c30d2,bear,s20|s31|s101,3,0.0278727258,0.0159216396,-6.3394,0.0,-22.7481,76,39.4737,0.024819,21,0.2763,12736.98,1.2737,38.0952,0.0762,1.6,17,0.2237,78045.04,7.8045,47.0588,0.4687,7.9687,38,0.5,5613.23,0.5613,36.8421,0.0213,0.8099
fa55ce3b,bear,s31|s101|s76|s17,4,0.0344428692,0.0157822248,-2.3443,0.0,-7.2825,18,33.3333,0.024759,8,0.4444,-27291.99,-2.7292,25.0,-0.3226,-2.5808,4,0.2222,35830.83,3.5831,50.0,0.933,3.7321,6,0.3333,3821.12,0.3821,33.3333,0.0959,0.5757
3b87bad3,bull,s40|s38|s53,3,0.0319501975,0.0085894127,-0.3921,0.0,-7.6956,23,26.087,0.024659,9,0.3913,1970.1,0.197,22.2222,0.0419,0.3775,6,0.2609,29773.02,2.9773,33.3333,0.4924,2.9543,8,0.3478,9733.88,0.9734,25.0,0.1545,1.2364
ed0ded81,bear,s97|s100|s27,3,0.0603114945,0.0154294972,5.2116,0.0,-6.2556,14,28.5714,0.024582,7,0.5,-38979.42,-3.8979,14.2857,-0.4609,-3.2265,2,0.1429,-30580.9,-3.0581,0.0,-1.5429,-3.0859,5,0.3571,150231.04,15.0231,60.0,3.0015,15.0075
ac9ef5c4,bull,s87|s10|s59,3,0.0236908126,0.0100914722,-6.5701,0.0,-10.5396,36,30.5556,0.024313,13,0.3611,35621.97,3.5622,38.4615,0.2902,3.7722,10,0.2778,-34725.52,-3.4726,20.0,-0.3335,-3.335,13,0.3611,3544.54,0.3545,30.7692,0.0303,0.394
83262782,bull,s95|s40|s87,3,0.0245470515,0.0142257614,-2.9374,0.0,-8.2774,16,37.5,0.024294,8,0.5,-747.95,-0.0748,37.5,0.0314,0.2512,2,0.125,-27704.9,-2.7705,0.0,-1.4226,-2.8452,6,0.375,29977.48,2.9977,50.0,0.5161,3.0964
d86cbfa8,bear,s29|s80|s61,3,0.0507365735,0.0180334399,-0.2724,0.0,-18.4248,37,29.7297,0.024291,14,0.3784,6044.1,0.6044,28.5714,0.1615,2.2612,9,0.2432,43870.03,4.387,33.3333,0.489,4.4009,14,0.3784,19523.11,1.9523,28.5714,0.1615,2.2612
4c7dcc83,bear,s101|s29,2,0.0255173586,0.0107735707,-3.6895,0.0,-14.3295,31,32.2581,0.024197,12,0.3871,88025.34,8.8025,50.0,0.7372,8.8463,11,0.3548,-47061.89,-4.7062,18.1818,-0.4175,-4.5927,8,0.2581,-15946.32,-1.5946,25.0,-0.1701,-1.3607
e9463952,bear,s90|s100|s51,3,0.0724940171,0.0157869651,7.7987,0.0,-10.1967,15,26.6667,0.024181,7,0.4667,-28000.66,-2.8001,14.2857,-0.3175,-2.2228,3,0.2,-46522.35,-4.6522,0.0,-1.5787,-4.7361,5,0.3333,181722.53,18.1723,60.0,3.7182,18.5908
fb6d2717,bear,s49|s90|s99,3,0.030594395,0.016061624,-5.4453,0.0,-11.8787,26,34.6154,0.024143,21,0.8077,-15667.26,-1.5667,33.3333,-0.051,-1.0702,3,0.1154,40374.03,4.0374,66.6667,1.5042,4.5127,2,0.0769,-30177.53,-3.0178,0.0,-1.6062,-3.2123
3d1a1211,bear,s72|s18|s56|s51,4,0.0556303307,0.0159918002,2.3679,0.0,-21.527,53,26.4151,0.024136,19,0.3585,-114081.72,-11.4082,15.7895,-0.4683,-8.8978,8,0.1509,89872.91,8.9873,37.5,1.0866,8.6932,26,0.4906,161711.32,16.1711,30.7692,0.6046,15.719
bbfaba52,bear,s77|s20|s67,3,0.0756903379,0.0109686376,5.6786,0.0,-11.0716,28,17.8571,0.02412,7,0.25,8307.06,0.8307,14.2857,0.1411,0.9879,7,0.25,6740.59,0.6741,14.2857,0.1411,0.9879,14,0.5,100739.5,10.0739,21.4286,0.7601,10.6416
de99ec64,bear,s29|s71|s37|s13,4,0.0280988104,0.0104554987,2.8254,0.0,-3.7386,10,40.0,0.024017,4,0.4,34816.22,3.4816,50.0,0.8822,3.5287,5,0.5,25151.66,2.5152,40.0,0.4966,2.4831,1,0.1,-10993.8,-1.0994,0.0,-1.0455,-1.0455
098ecda8,bear,s80|s71|s22,3,0.0415229328,0.0190782536,4.9794,0.0,-6.6159,9,44.4444,0.024013,2,0.2222,22153.9,2.2154,50.0,1.1222,2.2445,3,0.3333,3604.16,0.3604,33.3333,0.1122,0.3366,4,0.4444,41730.95,4.1731,50.0,1.1222,4.4889
0886733b,bear,s51|s62|s57|s19|s25,5,0.0483118407,0.0168808836,2.4028,0.0,-13.7188,19,31.5789,0.024013,10,0.5263,20894.03,2.0894,30.0,0.2677,2.6769,4,0.2105,-2803.16,-0.2803,25.0,-0.0583,-0.2331,5,0.2632,42223.27,4.2223,40.0,0.9196,4.5981
3e07227b,bull,s58|s30|s83|s75,4,0.0310943999,0.0099667569,-2.7687,0.0,-7.8848,26,26.9231,0.023941,14,0.5385,-16936.63,-1.6937,21.4286,-0.1168,-1.6351,10,0.3846,20684.1,2.0684,30.0,0.2352,2.3516,2,0.0769,20362.49,2.0362,50.0,1.0564,2.1128
9928cf55,bull,s40|s21,2,0.0658629989,0.0149910268,7.9077,0.0,-10.6708,14,28.5714,0.023893,3,0.2143,116670.18,11.667,66.6667,3.8912,11.6735,3,0.2143,-46621.34,-4.6621,0.0,-1.4991,-4.4973,8,0.5714,36982.47,3.6982,25.0,0.5222,4.178
7948a7c0,bear,s50|s31|s80,3,0.0480640074,0.0177990375,0.0229,0.0,-15.4896,26,30.7692,0.023884,8,0.3077,-20052.67,-2.0053,25.0,-0.1333,-1.0666,8,0.3077,-14174.1,-1.4174,25.0,-0.1333,-1.0666,10,0.3846,88393.57,8.8394,40.0,0.8546,8.5462
4e3468ab,bear,s22|s25|s80,3,0.0789251707,0.011641694,7.653,0.0,-16.3392,33,18.1818,0.023852,11,0.3333,40302.7,4.0303,18.1818,0.4825,5.3075,7,0.2121,-87160.12,-8.716,0.0,-1.1642,-8.1492,15,0.4545,195766.04,19.5766,26.6667,1.2509,18.7642
0cc7a58a,bear,s49|s100|s90,3,0.0654318856,0.0088317738,11.4233,0.0,-5.6188,10,30.0,0.023767,6,0.6,16954.18,1.6954,16.6667,0.3546,2.1273,1,0.1,-8520.36,-0.852,0.0,-0.8832,-0.8832,3,0.3,125965.78,12.5966,66.6667,4.0677,12.2032
09564559,bull,s40|s8|s63|s1,4,0.0538318291,0.0193304977,1.5536,0.0,-8.744,16,31.25,0.023594,9,0.5625,110713.37,11.0713,44.4444,1.3186,11.8675,3,0.1875,-58154.51,-5.8155,0.0,-1.933,-5.7991,4,0.25,-5591.6,-0.5592,25.0,-0.104,-0.416
6bbdea37,bear,s28|s101|s23|s13|s25,5,0.0747683559,0.0162758202,5.4134,0.0,-15.2822,26,23.0769,0.02342,8,0.3077,38430.49,3.843,25.0,0.6485,5.1882,3,0.1154,-53549.07,-5.3549,0.0,-1.6276,-4.8827,15,0.5769,126126.39,12.6126,26.6667,0.8003,12.0039
bc600bd3,bear,s97|s101|s76,3,0.026603233,0.0134804882,1.9399,0.0,-3.8091,9,44.4444,0.02334,4,0.4444,25477.32,2.5477,50.0,0.6561,2.6245,3,0.3333,-904.85,-0.0905,33.3333,-0.0119,-0.0358,2,0.2222,13064.96,1.3065,50.0,0.6561,1.3123
8ebe483c,bull,s15|s87,2,0.039251795,0.0144911877,0.0101,0.0,-6.9836,16,31.25,0.023309,9,0.5625,27808.38,2.7808,33.3333,0.3423,3.0808,5,0.3125,-73065.41,-7.3065,0.0,-1.4491,-7.2456,2,0.125,77484.04,7.7484,100.0,3.9252,7.8504
f57e6abc,bull,s79|s38|s42,3,0.0759657237,0.0185862496,3.3306,0.0,-12.9188,25,24.0,0.023283,13,0.52,127917.0,12.7917,30.7692,1.0507,13.6587,5,0.2,-2835.38,-0.2835,20.0,0.0324,0.1621,7,0.28,-39460.77,-3.9461,14.2857,-0.5079,-3.5552
1d77e968,bull,s63|s12|s55|s3,4,0.021855354,0.0093311412,1.022,0.0,-2.6033,10,40.0,0.023256,4,0.4,24684.74,2.4685,50.0,0.6262,2.5048,5,0.5,15129.59,1.513,40.0,0.3143,1.5717,1,0.1,-9392.52,-0.9393,0.0,-0.9331,-0.9331
bd64d089,bear,s16|s20|s28,3,0.0305246647,0.0171592536,-7.622,0.0,-20.1819,63,38.0952,0.023252,23,0.3651,-62865.49,-6.2865,30.4348,-0.2647,-6.0875,14,0.2222,88720.18,8.872,50.0,0.6683,9.3558,26,0.4127,25831.78,2.5832,38.4615,0.1181,3.0699
9c94d8b2,bull,s88|s69|s48,3,0.0713356934,0.0183087789,5.4754,0.0,-16.5716,23,26.087,0.023206,5,0.2174,79401.24,7.9401,40.0,1.7549,8.7745,9,0.3913,7938.22,0.7938,22.2222,0.1612,1.451,9,0.3913,11675.26,1.1675,22.2222,0.1612,1.451
c241e1e4,bull,s70|s54|s38,3,0.0218577475,0.0106346675,-9.097,0.0,-14.5826,61,34.4262,0.023143,27,0.4426,-27456.33,-2.7456,29.6296,-0.1007,-2.7197,18,0.2951,58725.65,5.8726,44.4444,0.3806,6.8515,16,0.2623,-9227.51,-0.9228,31.25,-0.0481,-0.7693
f3ba04a3,bear,s100|s18,2,0.0566203793,0.0189670819,2.2817,0.0,-13.8193,20,30.0,0.023068,11,0.55,-69062.23,-6.9062,18.1818,-0.5224,-5.7463,4,0.2,4734.42,0.4734,25.0,-0.007,-0.0281,5,0.25,126430.1,12.643,60.0,2.6385,13.1927
f2bde1c5,bull,s6|s47|s54,3,0.0650158532,0.0131311267,6.3396,0.0,-14.0943,21,23.8095,0.022892,5,0.2381,10355.68,1.0356,20.0,0.2498,1.2491,8,0.381,47991.54,4.7992,25.0,0.6406,5.1245,8,0.381,47441.98,4.7442,25.0,0.6406,5.1245
9e4372fa,bull,s34|s46|s55,3,0.0329209825,0.0194513763,-8.9189,0.0,-18.4883,50,38.0,0.022859,15,0.3,-34466.0,-3.4466,33.3333,-0.1994,-2.9909,14,0.28,92156.26,9.2156,50.0,0.6735,9.4287,21,0.42,-44630.26,-4.463,33.3333,-0.1994,-4.1872
bb121c17,bull,s40|s35|s26,3,0.0356698763,0.0129303799,-3.5099,0.0,-10.2921,28,28.5714,0.022847,13,0.4643,21672.87,2.1673,30.7692,0.2024,2.6306,5,0.1786,-16428.66,-1.6429,20.0,-0.321,-1.6052,10,0.3571,14031.5,1.4032,30.0,0.165,1.6497
ae0dec08,bear,s16|s57|s27,3,0.0539118125,0.0174537368,0.9738,0.0,-21.2927,46,28.2609,0.022816,18,0.3913,23574.24,2.3574,27.7778,0.237,4.266,8,0.1739,7541.93,0.7542,25.0,0.0388,0.3101,20,0.4348,66062.08,6.6062,30.0,0.3956,7.9119
6f0ba854,bear,s31|s89|s81,3,0.0270317261,0.0139774076,1.8535,0.0,-4.7079,9,44.4444,0.022792,2,0.2222,12638.76,1.2639,50.0,0.6527,1.3054,5,0.5556,11195.79,1.1196,40.0,0.2426,1.2131,2,0.2222,12599.66,1.26,50.0,0.6527,1.3054
7a74083a,bull,s64|s59,2,0.0263251375,0.0120980784,-0.7649,0.0,-7.6626,14,35.7143,0.022707,5,0.3571,15065.75,1.5066,40.0,0.3271,1.6356,4,0.2857,-11036.96,-1.1037,25.0,-0.2492,-0.9969,5,0.3571,16759.31,1.6759,40.0,0.3271,1.6356
0bca6db1,bear,s50|s18|s89|s19,4,0.0309743418,0.0131209247,-6.434,0.0,-11.4649,36,30.5556,0.022706,14,0.3889,-11045.55,-1.1046,28.5714,-0.0522,-0.7312,10,0.2778,-41889.96,-4.189,20.0,-0.4302,-4.3019,12,0.3333,57631.56,5.7632,41.6667,0.5252,6.3025
029197dc,bear,s66|s13|s16|s52|s31,5,0.0665983308,0.0149293726,2.8927,0.0,-14.231,31,22.5806,0.022704,10,0.3226,-1603.05,-0.1603,20.0,0.1376,1.3762,3,0.0968,-43993.78,-4.3994,0.0,-1.4929,-4.4788,18,0.5806,139156.98,13.9157,27.7778,0.7717,13.891
e76d9664,bull,s12|s47,2,0.0628551661,0.0151668999,13.2904,0.0,-4.8795,6,50.0,0.022623,1,0.1667,-15139.6,-1.514,0.0,-1.5167,-1.5167,3,0.5,114979.27,11.4979,66.6667,3.6848,11.0543,2,0.3333,45607.95,4.5608,50.0,2.3844,4.7688
b6900d45,bear,s67|s52|s89|s25|s28,5,0.0703920417,0.0094922119,8.6413,0.0,-5.6011,13,23.0769,0.022618,5,0.3846,-47040.01,-4.704,0.0,-0.9492,-4.7461,4,0.3077,36265.81,3.6266,25.0,1.0479,4.1915,4,0.3077,123263.86,12.3264,50.0,3.045,12.18
917782e6,bear,s56|s13|s72|s22|s25,5,0.0530004449,0.0137024486,2.5121,0.0,-19.8008,44,25.0,0.022568,14,0.3182,65121.26,6.5121,28.5714,0.5356,7.4977,4,0.0909,11496.84,1.1497,25.0,0.2973,1.1893,26,0.5909,41898.57,4.1899,23.0769,0.1691,4.3954
6c6096f0,bear,s22|s62|s27,3,0.0408648549,0.0133638188,-2.6928,0.0,-8.9046,26,26.9231,0.022508,6,0.2308,78102.02,7.8102,50.0,1.3751,8.2503,3,0.1154,-40275.93,-4.0276,0.0,-1.3364,-4.0091,17,0.6538,-13272.13,-1.3272,23.5294,-0.0604,-1.027
8993b5f4,bear,s76|s101,2,0.0243577016,0.0139088484,0.826,0.0,-3.8933,9,44.4444,0.022492,4,0.4444,20217.9,2.0218,50.0,0.5224,2.0898,3,0.3333,-3968.1,-0.3968,33.3333,-0.1153,-0.346,2,0.2222,10161.36,1.0161,50.0,0.5224,1.0449
2db90388,bear,s85|s13|s31|s72,4,0.0620689246,0.0123880136,3.1444,0.0,-9.6337,23,21.7391,0.022491,2,0.087,-25291.66,-2.5292,0.0,-1.2388,-2.4776,4,0.1739,22010.17,2.201,25.0,0.6226,2.4905,17,0.7391,82932.92,8.2933,23.5294,0.5131,8.7232
8427e290,bull,s44|s73|s47,3,0.0629438797,0.0132429982,5.3681,0.0,-8.7681,16,25.0,0.022454,5,0.3125,4000.89,0.4001,20.0,0.1994,0.9972,4,0.25,98881.75,9.8882,50.0,2.485,9.9402,7,0.4375,-16367.21,-1.6367,14.2857,-0.2359,-1.6514
a310f5a6,bear,s101|s22|s57|s80|s66,5,0.0298202848,0.009912108,-0.6463,0.0,-6.5994,17,29.4118,0.02239,8,0.4706,-1261.23,-0.1261,25.0,0.0021,0.0168,3,0.1765,8116.46,0.8116,33.3333,0.3332,0.9996,6,0.3529,19562.8,1.9563,33.3333,0.3332,1.9992
f91daf78,bear,s31|s80|s16|s85|s28,5,0.0664053396,0.0161993186,9.9893,0.0,-4.3996,8,37.5,0.022281,1,0.125,-15865.2,-1.5865,0.0,-1.6199,-1.6199,3,0.375,29556.08,2.9556,33.3333,1.1336,3.4007,4,0.5,102843.88,10.2844,50.0,2.5103,10.0412
93158425,bear,s100|s86|s20|s50,4,0.0190876674,0.0086929376,-2.246,0.0,-5.6101,15,33.3333,0.022256,9,0.6,3782.38,0.3782,33.3333,0.0567,0.5105,3,0.2,1243.59,0.1244,33.3333,0.0567,0.1702,3,0.2,1579.92,0.158,33.3333,0.0567,0.1702
b84decb2,bull,s92|s87|s33|s10,4,0.068112476,0.0111539445,5.9085,0.0,-9.4352,19,21.0526,0.022225,6,0.3158,90284.68,9.0285,33.3333,1.5268,9.1609,6,0.3158,-72837.36,-7.2837,0.0,-1.1154,-6.6924,7,0.3684,82176.28,8.2176,28.5714,1.1494,8.0455
87c6fba9,bear,s98|s76|s16,3,0.0271191327,0.0155986861,1.0512,0.0,-4.7302,9,44.4444,0.022203,5,0.5556,5881.43,0.5881,40.0,0.1488,0.7442,3,0.3333,-4563.53,-0.4564,33.3333,-0.1359,-0.4078,1,0.1111,27641.23,2.7641,100.0,2.7119,2.7119
e223e785,bear,s66|s19|s50|s18,4,0.0233129974,0.0124182371,-8.3725,0.0,-10.957,33,33.3333,0.022202,13,0.3939,-52904.72,-5.2905,23.0769,-0.4173,-5.4243,10,0.303,15473.48,1.5473,40.0,0.1874,1.8743,10,0.303,16262.29,1.6262,40.0,0.1874,1.8743
a8b688e0,bear,s19|s49|s80,3,0.076298769,0.0159677533,6.9708,0.0,-18.1789,26,23.0769,0.02214,10,0.3846,6566.7,0.6567,20.0,0.2486,2.4856,6,0.2308,-104241.74,-10.4242,0.0,-1.5968,-9.5807,10,0.3846,223142.02,22.3142,40.0,2.0939,20.9389
b577dee7,bear,s98|s31|s61|s16,4,0.0694917131,0.0189173978,3.0997,0.0,-11.031,19,26.3158,0.022136,5,0.2632,-13462.02,-1.3462,20.0,-0.1236,-0.6178,5,0.2632,-9385.36,-0.9385,20.0,-0.1236,-0.6178,9,0.4737,92858.34,9.2858,33.3333,1.0552,9.4971
956659a5,bear,s17|s31,2,0.0336144812,0.0141359652,-0.7013,0.0,-7.8023,15,33.3333,0.022136,6,0.4,9205.51,0.9206,33.3333,0.1781,1.0685,4,0.2667,39335.91,3.9336,50.0,0.9739,3.8957,5,0.3333,-24774.83,-2.4775,20.0,-0.4586,-2.2929
1b10de24,bear,s17|s20|s13|s62,4,0.0396263984,0.017736325,2.8625,0.0,-7.0383,10,40.0,0.022067,7,0.7,105236.96,10.5237,57.1429,1.5042,10.5297,1,0.1,-18336.79,-1.8337,0.0,-1.7736,-1.7736,2,0.2,-37640.64,-3.7641,0.0,-1.7736,-3.5473
990870e1,bear,s19|s86|s13,3,0.0480234644,0.014557051,0.0445,0.0,-19.4861,48,27.0833,0.022051,13,0.2708,-15507.22,-1.5507,23.0769,-0.0115,-0.15,9,0.1875,53581.13,5.3581,33.3333,0.6303,5.6728,26,0.5417,59415.73,5.9416,26.9231,0.2292,5.958
e9acc37d,bear,s31|s85|s27,3,0.064679756,0.0145545286,3.6293,0.0,-17.2561,35,22.8571,0.021924,8,0.2286,40711.79,4.0712,25.0,0.5254,4.2032,5,0.1429,3196.5,0.3196,20.0,0.1292,0.6462,22,0.6286,68402.58,6.8403,22.7273,0.3453,7.5972
48374a7c,bear,s13|s99|s19,3,0.0313394497,0.0131428538,-7.0214,0.0,-14.8221,54,31.4815,0.021893,18,0.3333,-18973.99,-1.8974,27.7778,-0.0787,-1.416,11,0.2037,31784.12,3.1784,36.3636,0.3033,3.3358,25,0.463,23693.1,2.3693,32.0,0.1091,2.7287
2b3fc25a,bull,s30|s3|s2|s44,4,0.0627138387,0.0175826925,-0.2451,0.0,-14.5632,36,25.0,0.021838,16,0.4444,37522.7,3.7523,25.0,0.2491,3.9863,10,0.2778,-98140.7,-9.8141,10.0,-0.9553,-9.553,10,0.2778,129722.87,12.9723,40.0,1.4536,14.5359
c64b226d,bull,s11|s63|s35|s59|s88,5,0.0393026122,0.0129154912,-3.8746,0.0,-12.0395,37,27.027,0.021803,15,0.4054,61834.45,6.1834,33.3333,0.4491,6.7358,7,0.1892,14822.34,1.4822,28.5714,0.2004,1.4028,15,0.4054,-40453.62,-4.0454,20.0,-0.2472,-3.7078
156af0e7,bear,s19|s76|s31|s80,4,0.0235157725,0.0086091744,-0.0071,0.0,-3.1406,12,33.3333,0.021732,4,0.3333,-3014.26,-0.3014,25.0,-0.0578,-0.2312,3,0.25,-25659.59,-2.566,0.0,-0.8609,-2.5828,5,0.4167,52457.74,5.2458,60.0,1.0666,5.3329
3da9b166,bull,s8|s73|s63,3,0.0192024962,0.0109098288,0.3228,0.0,-4.6648,9,44.4444,0.021713,3,0.3333,27587.03,2.7587,66.6667,0.9165,2.7495,2,0.2222,8187.08,0.8187,50.0,0.4146,0.8293,4,0.4444,-14054.52,-1.4055,25.0,-0.3382,-1.3527
c20870e0,bear,s16|s31|s99,3,0.0732502148,0.0140686877,4.13,0.0,-13.7741,29,20.6897,0.021615,13,0.4483,-27847.95,-2.7848,15.3846,-0.0635,-0.8255,8,0.2759,-25939.41,-2.5939,12.5,-0.3154,-2.5231,8,0.2759,154566.95,15.4567,37.5,1.8676,14.9407
47159a8c,bear,s67|s20|s90|s37,4,0.0180877447,0.0092192803,-0.3828,0.0,-3.4667,10,40.0,0.021614,5,0.5,7957.18,0.7957,40.0,0.1704,0.8518,2,0.2,8887.15,0.8887,50.0,0.4434,0.8868,3,0.3,-705.1,-0.0705,33.3333,-0.0117,-0.0351
a1d64705,bear,s101|s56|s90,3,0.0602614532,0.0128732437,3.4357,0.0,-18.9062,79,21.519,0.021581,36,0.4557,-50313.59,-5.0314,16.6667,-0.0684,-2.4629,9,0.1139,-50555.2,-5.0555,11.1111,-0.4747,-4.2724,34,0.4304,305713.12,30.5713,29.4118,0.8637,29.3657
f5f68b92,bull,s48|s83|s74,3,0.0555305657,0.0131608141,9.9703,0.0,-4.9063,7,42.8571,0.021523,4,0.5714,12528.66,1.2529,25.0,0.4012,1.6048,1,0.1429,58762.82,5.8763,100.0,5.5531,5.5531,2,0.2857,43364.08,4.3364,50.0,2.1185,4.237
ab00e2cd,bull,s40|s82|s94|s73,4,0.0424595393,0.0161451627,-0.3043,0.0,-8.4444,16,31.25,0.021504,4,0.25,48722.78,4.8723,50.0,1.3157,5.2629,1,0.0625,-15822.04,-1.5822,0.0,-1.6145,-1.6145,11,0.6875,-5214.82,-0.5215,27.2727,-0.0162,-0.1783
950d9281,bull,s73|s45|s3,3,0.0521874451,0.0091135436,14.4879,0.0,-4.7997,4,75.0,0.021484,1,0.25,-9081.24,-0.9081,0.0,-0.9114,-0.9114,1,0.25,56836.67,5.6837,100.0,5.2187,5.2187,2,0.5,105490.48,10.549,100.0,5.2187,10.4375
b6fbeeda,bear,s23|s90|s26,3,0.0274684028,0.0141378506,1.946,0.0,-7.4336,9,44.4444,0.021387,6,0.6667,-1708.62,-0.1709,33.3333,-0.0269,-0.1615,2,0.2222,12244.37,1.2244,50.0,0.6665,1.3331,1,0.1111,26352.34,2.6352,100.0,2.7468,2.7468
f4b5536c,bear,s80|s29,2,0.030932691,0.0084034577,-0.3824,0.0,-7.0715,19,26.3158,0.021357,11,0.5789,24855.65,2.4856,27.2727,0.2325,2.557,6,0.3158,-12917.43,-1.2917,16.6667,-0.1847,-1.1085,2,0.1053,21892.68,2.1893,50.0,1.1265,2.2529
f666744f,bull,s64|s48|s43|s59,4,0.0447853291,0.0101807855,2.0631,0.0,-5.5717,16,25.0,0.021292,5,0.3125,-52054.53,-5.2055,0.0,-1.0181,-5.0904,6,0.375,47877.77,4.7878,33.3333,0.8141,4.8848,5,0.3125,57432.45,5.7432,40.0,1.1806,5.9028
0e7c47da,bull,s59|s87|s21,3,0.0695252581,0.0142358028,10.2328,0.0,-7.6023,9,33.3333,0.021262,5,0.5556,94983.07,9.4983,40.0,1.9269,9.6343,0,0.0,0.0,0.0,0.0,0.0,0.0,4,0.4444,26083.32,2.6083,25.0,0.6704,2.6818
65343e90,bear,s57|s100|s27,3,0.0588436163,0.0094635855,2.5584,0.0,-5.5945,21,19.0476,0.021249,12,0.5714,-48117.31,-4.8117,8.3333,-0.3771,-4.5256,3,0.1429,-27957.57,-2.7958,0.0,-0.9464,-2.8391,6,0.2857,143353.53,14.3354,50.0,2.469,14.814
2d4a562c,bear,s57|s67|s80|s31|s52,5,0.0477363124,0.0146325642,4.5759,0.0,-10.0186,12,33.3333,0.021179,4,0.3333,64889.65,6.489,50.0,1.6552,6.6207,2,0.1667,-29405.89,-2.9406,0.0,-1.4633,-2.9265,6,0.5,34437.17,3.4437,33.3333,0.6157,3.6942
ab339087,bull,s2|s47,2,0.0498325124,0.0130249042,8.245,0.0,-3.448,7,42.8571,0.021169,3,0.4286,-42177.97,-4.2178,0.0,-1.3025,-3.9075,2,0.2857,38659.4,3.8659,50.0,1.8404,3.6808,2,0.2857,100912.5,10.0913,100.0,4.9833,9.9665
66015c24,bull,s73|s10|s68,3,0.0349568024,0.0105863549,0.4336,0.0,-12.3571,21,28.5714,0.021158,8,0.381,3347.91,0.3348,25.0,0.0799,0.6395,4,0.1905,53929.47,5.3929,50.0,1.2185,4.8741,9,0.4286,-8085.55,-0.8086,22.2222,-0.0466,-0.4191
bb6eae9c,bear,s50|s72|s19|s76,4,0.0646110791,0.0186004037,1.0616,0.0,-12.1811,23,26.087,0.021143,9,0.3913,-90520.66,-9.0521,11.1111,-0.9355,-8.4192,7,0.3043,29326.52,2.9327,28.5714,0.5174,3.622,7,0.3043,117819.2,11.7819,42.8571,1.7062,11.9432
eb936171,bear,s89|s85|s52,3,0.0304417929,0.0119049721,-6.6651,0.0,-14.259,53,30.1887,0.021129,27,0.5094,-29020.5,-2.9021,25.9259,-0.0926,-2.5007,8,0.1509,27013.69,2.7014,37.5,0.3975,3.1801,18,0.3396,33824.8,3.3825,33.3333,0.2211,3.9791
7a0b9978,bull,s63|s96|s42|s24,4,0.0306443435,0.0152044938,-7.8913,0.0,-15.5854,44,34.0909,0.021077,19,0.4318,25756.57,2.5757,36.8421,0.1687,3.2056,13,0.2955,28904.5,2.8904,38.4615,0.243,3.1586,12,0.2727,-44497.11,-4.4497,25.0,-0.3742,-4.4907
9c2d2011,bull,s59|s9|s68,3,0.0183775105,0.0088352086,-5.8936,0.0,-11.7526,28,32.1429,0.021054,9,0.3214,394.48,0.0394,33.3333,0.0236,0.2121,7,0.25,20967.17,2.0967,42.8571,0.2827,1.9792,12,0.4286,-25085.37,-2.5085,25.0,-0.2032,-2.4384
4616c003,bear,s13|s80|s31|s49,4,0.0558713157,0.0102159988,7.4044,0.0,-4.7893,10,30.0,0.02105,2,0.2,-20121.75,-2.0122,0.0,-1.0216,-2.0432,3,0.3,-30977.53,-3.0978,0.0,-1.0216,-3.0648,5,0.5,145216.84,14.5217,60.0,2.9436,14.7182
75223cf5,bull,s73|s38|s24|s46,4,0.0575947664,0.0192388123,2.3474,0.0,-6.977,13,30.7692,0.020999,8,0.6154,-82438.35,-8.2438,12.5,-0.9635,-7.7077,3,0.2308,97291.97,9.7292,66.6667,3.1984,9.5951,2,0.1538,35525.29,3.5525,50.0,1.9178,3.8356
cad333de,bull,s33|s94|s47|s63,4,0.0538352291,0.0120622027,11.4965,0.0,-7.028,6,50.0,0.020988,2,0.3333,-24814.51,-2.4815,0.0,-1.2062,-2.4124,3,0.5,97159.85,9.716,66.6667,3.1869,9.5608,1,0.1667,54957.58,5.4958,100.0,5.3835,5.3835
d57f13ef,bull,s70|s95|s26,3,0.0386674185,0.0181371943,-3.6564,0.0,-13.8931,24,33.3333,0.020974,13,0.5417,93191.5,9.3192,46.1538,0.808,10.5044,3,0.125,590.02,0.059,33.3333,0.0798,0.2393,8,0.3333,-85409.58,-8.541,12.5,-1.1037,-8.8293
1eec328a,bull,s45|s2|s78,3,0.0661094828,0.0174996674,1.5385,0.0,-9.6432,20,25.0,0.02089,11,0.55,-31886.76,-3.1887,18.1818,-0.2298,-2.5278,5,0.25,76351.75,7.6352,40.0,1.5944,7.972,4,0.2,10626.2,1.0626,25.0,0.3403,1.361
59bc4121,bear,s76|s28|s31|s101|s13,5,0.0597460236,0.0175251924,-0.1266,0.0,-12.8798,27,25.9259,0.020861,6,0.2222,-31342.05,-3.1342,16.6667,-0.4647,-2.788,5,0.1852,-14955.16,-1.4955,20.0,-0.2071,-1.0355,16,0.5926,100638.91,10.0639,31.25,0.6622,10.5953
6c79ae2a,bull,s45|s40|s15,3,0.0501608834,0.0139159975,-0.6506,0.0,-9.7469,24,25.0,0.020715,14,0.5833,-6714.38,-0.6714,21.4286,-0.0185,-0.2593,4,0.1667,7633.81,0.7634,25.0,0.2103,0.8413,6,0.25,41525.09,4.1525,33.3333,0.7443,4.4658
3c99b6b7,bull,s21|s4|s2|s68|s83,5,0.0420938366,0.0095361222,1.0827,0.0,-8.8433,21,23.8095,0.020676,9,0.4286,16674.06,1.6674,22.2222,0.1937,1.7435,4,0.1905,13206.83,1.3207,25.0,0.3371,1.3485,8,0.381,25023.48,2.5023,25.0,0.3371,2.6971
59554bba,bear,s25|s66|s18|s99,4,0.0358281269,0.0160924084,0.5283,0.0,-5.7611,11,36.3636,0.020663,8,0.7273,23411.14,2.3411,37.5,0.3378,2.7022,3,0.2727,3853.35,0.3853,33.3333,0.1214,0.3643,0,0.0,0.0,0.0,0.0,0.0,0.0
d7367720,bull,s21|s63|s70|s47,4,0.0394432285,0.0149670662,9.7226,0.0,-2.1847,4,75.0,0.020587,0,0.0,0.0,0.0,0.0,0.0,0.0,2,0.5,24108.23,2.4108,50.0,1.2238,2.4476,2,0.5,81656.23,8.1656,100.0,3.9443,7.8886
9503b8b9,bull,s8|s73,2,0.0464406393,0.0107057071,6.8449,0.0,-3.7534,8,37.5,0.020579,2,0.25,34715.46,3.4715,50.0,1.7867,3.5735,2,0.25,37611.88,3.7612,50.0,1.7867,3.5735,4,0.5,13295.71,1.3296,25.0,0.3581,1.4324
b7d3b2f7,bear,s76|s17|s27,3,0.0370624356,0.0100032956,-2.5861,0.0,-10.4482,33,24.2424,0.020485,15,0.4545,81529.37,8.1529,33.3333,0.5685,8.5279,11,0.3333,32361.45,3.2361,27.2727,0.2833,3.1161,7,0.2121,-72975.23,-7.2975,0.0,-1.0003,-7.0023
fc9b89e1,bear,s100|s90,2,0.0694641043,0.0145606847,8.2141,0.0,-6.899,10,30.0,0.020432,6,0.6,-9286.3,-0.9286,16.6667,-0.0557,-0.3339,1,0.1,-13833.14,-1.3833,0.0,-1.4561,-1.4561,3,0.3,125114.41,12.5114,66.6667,4.1456,12.4368
92f21ce8,bear,s19|s50|s89,3,0.0491317446,0.0131782429,-1.3928,0.0,-10.5503,29,24.1379,0.020411,11,0.3793,-26501.86,-2.6502,18.1818,-0.1849,-2.0341,8,0.2759,18395.63,1.8396,25.0,0.2399,1.9194,10,0.3448,52173.66,5.2174,30.0,0.5515,5.5148
7d1ed64e,bear,s101|s90|s28|s51,4,0.0481666691,0.0125307932,4.9936,0.0,-11.3562,13,30.7692,0.020335,6,0.4615,107098.33,10.7098,50.0,1.7818,10.6908,2,0.1538,-26823.46,-2.6823,0.0,-1.2531,-2.5062,5,0.3846,-3253.76,-0.3254,20.0,-0.0391,-0.1957
980108a1,bull,s15|s54|s65|s45,4,0.0581097819,0.0121635745,2.8188,0.0,-13.467,27,22.2222,0.020272,13,0.4815,45598.39,4.5598,23.0769,0.4053,5.2694,8,0.2963,40328.9,4.0329,25.0,0.5405,4.3238,6,0.2222,-595.29,-0.0595,16.6667,-0.0451,-0.2708
a9b8f5d2,bear,s61|s20|s26,3,0.038128153,0.0128426762,-1.8927,0.0,-19.7862,62,29.0323,0.020167,24,0.3871,95541.44,9.5541,33.3333,0.4148,9.9542,12,0.1935,54722.68,5.4723,33.3333,0.4148,4.9771,26,0.4194,-37211.3,-3.7211,23.0769,-0.108,-2.8085
b4f715d4,bear,s31|s50|s90,3,0.0447552601,0.0158607456,-1.3227,0.0,-13.4136,24,29.1667,0.020145,10,0.4167,-45388.13,-4.5388,20.0,-0.3738,-3.7375,4,0.1667,-5627.5,-0.5628,25.0,-0.0707,-0.2827,10,0.4167,86840.35,8.684,40.0,0.8386,8.3857
67faed1a,bull,s42|s73|s83|s30,4,0.0299684474,0.0096604054,8.5962,0.0,-0.0,3,100.0,0.020063,1,0.3333,29862.21,2.9862,100.0,2.9968,2.9968,1,0.3333,31612.65,3.1613,100.0,2.9968,2.9968,1,0.3333,30732.51,3.0733,100.0,2.9968,2.9968
7ae0b410,bear,s16|s89,2,0.032624693,0.0167936873,-1.9702,0.0,-9.2643,14,35.7143,0.020011,5,0.3571,10535.77,1.0536,40.0,0.2974,1.4868,4,0.2857,-17057.34,-1.7057,25.0,-0.4439,-1.7756,5,0.3571,13606.84,1.3607,40.0,0.2974,1.4868
c4609e0a,bear,s23|s101|s13,3,0.0708983482,0.0154961718,4.3556,0.0,-17.6362,31,22.5806,0.019998,8,0.2581,35809.58,3.581,25.0,0.6102,4.882,3,0.0968,-52643.47,-5.2643,0.0,-1.5496,-4.6489,20,0.6452,129042.39,12.9042,25.0,0.6102,12.2049
4dcd9600,bull,s21|s88,2,0.0770863288,0.0198131852,2.2771,0.0,-14.2554,24,25.0,0.019844,8,0.3333,125052.26,12.5052,37.5,1.6524,13.2193,4,0.1667,10244.48,1.0244,25.0,0.4412,1.7647,12,0.5,-50779.0,-5.0779,16.6667,-0.3663,-4.3959
7295bf61,bear,s13|s18|s98|s62,4,0.0359926896,0.0166629001,8.4697,0.0,-3.8607,4,75.0,0.019784,4,1.0,92889.15,9.2889,75.0,2.2829,9.1315,0,0.0,0.0,0.0,0.0,0.0,0.0,0,0.0,0.0,0.0,0.0,0.0,0.0
c0884ccb,bear,s20|s17|s66,3,0.0329501465,0.0188262966,-3.8392,0.0,-14.3807,19,36.8421,0.01977,10,0.5263,12775.7,1.2776,40.0,0.1884,1.8843,4,0.2105,-23177.05,-2.3177,25.0,-0.5882,-2.3529,5,0.2632,8070.84,0.8071,40.0,0.1884,0.9421
3c771b43,bull,s54|s47|s74,3,0.0669719697,0.009505858,5.6496,0.0,-10.891,21,19.0476,0.019769,9,0.4286,64013.64,6.4014,22.2222,0.7489,6.7403,7,0.3333,3073.6,0.3074,14.2857,0.142,0.9937,5,0.2381,31658.2,3.1658,20.0,0.579,2.8949
3c7907af,bull,s63|s38|s91,3,0.0752533987,0.0184425001,3.5562,0.0,-9.1967,16,25.0,0.019723,9,0.5625,109646.87,10.9647,33.3333,1.2789,11.5105,3,0.1875,-58883.82,-5.8884,0.0,-1.8443,-5.5328,4,0.25,17725.32,1.7725,25.0,0.4981,1.9926
6090813a,bear,s29|s99|s23,3,0.0385453319,0.0150027873,0.6399,0.0,-6.8277,12,33.3333,0.019698,8,0.6667,38402.91,3.8403,37.5,0.5078,4.0622,4,0.3333,-8430.97,-0.8431,25.0,-0.1616,-0.6463,0,0.0,0.0,0.0,0.0,0.0,0.0
950a41f6,bull,s87|s30,2,0.0669885055,0.0172941043,3.8418,0.0,-9.923,15,26.6667,0.019679,5,0.3333,73044.26,7.3044,40.0,1.6419,8.2095,4,0.2667,-68620.74,-6.8621,0.0,-1.7294,-6.9176,6,0.4,63565.52,6.3566,33.3333,1.08,6.4801
b1faaf3a,bear,s57|s86|s22,3,0.0277945115,0.0170590738,-2.6101,0.0,-9.7659,13,38.4615,0.019668,7,0.5385,11614.58,1.1615,42.8571,0.2164,1.5147,4,0.3077,-22568.61,-2.2569,25.0,-0.5846,-2.3383,2,0.1538,9962.64,0.9963,50.0,0.5368,1.0735
5e84e21d,bear,s100|s16|s26,3,0.044937493,0.0089055276,5.0603,0.0,-4.0421,10,30.0,0.019623,4,0.4,-36662.5,-3.6662,0.0,-0.8906,-3.5622,2,0.2,35848.54,3.5849,50.0,1.8016,3.6032,4,0.4,71702.55,7.1703,50.0,1.8016,7.2064
94d5af1a,bear,s50|s25|s71|s100|s76,5,0.0224436515,0.0145646744,-1.9046,0.0,-4.8827,10,40.0,0.019547,7,0.7,8321.58,0.8322,42.8571,0.1296,0.9072,3,0.3,-7504.23,-0.7504,33.3333,-0.2229,-0.6686,0,0.0,0.0,0.0,0.0,0.0,0.0
f094c9da,bull,s70|s73|s48|s12|s40,5,0.0390111476,0.0140921817,-1.2992,0.0,-8.5473,17,29.4118,0.019515,6,0.3529,-34156.95,-3.4157,16.6667,-0.5242,-3.145,6,0.3529,74839.09,7.4839,50.0,1.2459,7.4757,5,0.2941,-18551.7,-1.8552,20.0,-0.3472,-1.7358
2bcdaba1,bull,s46|s21|s55,3,0.0499543179,0.0184137491,0.7186,0.0,-11.9162,16,31.25,0.01948,3,0.1875,12208.34,1.2208,33.3333,0.4376,1.3127,6,0.375,24560.22,2.456,33.3333,0.4376,2.6254,7,0.4375,3534.51,0.3535,28.5714,0.112,0.784
22b2aed7,bull,s83|s69|s96|s45,4,0.0301212051,0.0099445346,4.8125,0.0,-2.3661,6,50.0,0.019458,3,0.5,10209.18,1.0209,33.3333,0.3411,1.0232,2,0.3333,20384.64,2.0385,50.0,1.0088,2.0177,1,0.1667,29999.8,3.0,100.0,3.0121,3.0121
d4bd5ef4,bull,s75|s30,2,0.0579043399,0.0152455361,2.6571,0.0,-8.6117,15,26.6667,0.019438,9,0.6,-69489.86,-6.949,11.1111,-0.7118,-6.406,5,0.3333,69620.87,6.9621,40.0,1.4014,7.0072,1,0.0667,56960.75,5.6961,100.0,5.7904,5.7904
1b08239e,bull,s44|s95|s63,3,0.0292158461,0.0106444735,-0.7036,0.0,-4.948,13,30.7692,0.019409,9,0.6923,60798.99,6.0799,44.4444,0.7071,6.3641,1,0.0769,-10677.89,-1.0678,0.0,-1.0644,-1.0644,3,0.2308,-31745.44,-3.1745,0.0,-1.0644,-3.1933
031a410c,bear,s19|s97|s62,3,0.0518124106,0.0157884164,7.6792,0.0,-7.0581,7,42.8571,0.019336,6,0.8571,107751.68,10.7752,50.0,1.8012,10.8072,0,0.0,0.0,0.0,0.0,0.0,0.0,1,0.1429,-16751.54,-1.6752,0.0,-1.5788,-1.5788
72252894,bear,s76|s81|s101,3,0.0506795915,0.0128626867,-1.4123,0.0,-8.8,26,23.0769,0.019334,10,0.3846,56697.36,5.6697,30.0,0.62,6.2,9,0.3462,8344.77,0.8345,22.2222,0.1258,1.132,7,0.2692,-27650.97,-2.7651,14.2857,-0.3785,-2.6497
496282a6,bull,s73|s15|s63|s10,4,0.0461361889,0.0154980041,6.0473,0.0,-5.1458,7,42.8571,0.019225,2,0.2857,29270.14,2.927,50.0,1.5319,3.0638,2,0.2857,32489.06,3.2489,50.0,1.5319,3.0638,3,0.4286,13756.28,1.3756,33.3333,0.5047,1.514
4e392411,bull,s3|s65|s78|s84,4,0.0319237418,0.0190973455,-8.7458,0.0,-12.6189,28,35.7143,0.01921,9,0.3214,-69584.02,-6.9584,22.2222,-0.7759,-6.9834,14,0.5,-15413.05,-1.5413,35.7143,-0.0876,-1.2257,5,0.1786,54382.93,5.4383,60.0,1.1515,5.7577
c23acd3a,bear,s20|s67|s72|s25,4,0.0450103606,0.0160582056,-2.8301,0.0,-16.7575,38,28.9474,0.019189,13,0.3421,-36240.9,-3.6241,23.0769,-0.1965,-2.5551,9,0.2368,36311.46,3.6311,33.3333,0.4298,3.8682,16,0.4211,47830.47,4.783,31.25,0.3026,4.8412
eaf36529,bull,s41|s73,2,0.0416627636,0.0103085212,4.3104,0.0,-3.6373,9,33.3333,0.019139,3,0.3333,19958.01,1.9958,33.3333,0.7015,2.1046,2,0.2222,32302.35,3.2302,50.0,1.5677,3.1354,4,0.4444,9738.42,0.9738,25.0,0.2684,1.0737
0924f1ab,bull,s6|s55|s45|s12,4,0.0585645768,0.0125354028,4.8861,0.0,-4.8761,11,27.2727,0.019082,6,0.5455,-7765.71,-0.7766,16.6667,-0.0685,-0.4112,4,0.3636,92112.45,9.2112,50.0,2.3015,9.2058,1,0.0909,-12971.08,-1.2971,0.0,-1.2535,-1.2535
c5311f16,bear,s101|s18|s26,3,0.0300171104,0.0186663143,-10.3469,0.0,-21.2732,140,41.4286,0.019079,45,0.3214,17280.36,1.728,40.0,0.0807,3.6318,23,0.1643,90821.75,9.0822,47.8261,0.4617,10.6192,72,0.5143,52190.99,5.2191,40.2778,0.0942,6.7845
ce5baff2,bear,s18|s56,2,0.0653643329,0.0178348003,3.5264,0.0,-22.9123,43,25.5814,0.019017,17,0.3953,9422.77,0.9423,23.5294,0.1741,2.9605,6,0.1395,-26915.0,-2.6915,16.6667,-0.3968,-2.381,20,0.4651,146577.83,14.6578,30.0,0.7125,14.2499
cc636da2,bear,s25|s13|s27,3,0.0589145879,0.0189100501,-2.4969,0.0,-15.7858,41,26.8293,0.018977,12,0.2927,-81451.27,-8.1451,16.6667,-0.5939,-7.1271,7,0.1707,18317.59,1.8318,28.5714,0.3326,2.3279,22,0.5366,120632.7,12.0633,31.8182,0.5852,12.8751
2d402f61,bull,s83|s96,2,0.0347355186,0.0193096659,5.4809,0.0,-4.3858,5,60.0,0.018877,3,0.6,50291.5,5.0292,66.6667,1.672,5.0161,2,0.4,14885.74,1.4886,50.0,0.7713,1.5426,0,0.0,0.0,0.0,0.0,0.0,0.0
af758778,bull,s84|s45|s6|s53,4,0.061609605,0.0117486065,2.4092,0.0,-7.7169,19,21.0526,0.018865,8,0.4211,-23014.12,-2.3014,12.5,-0.2579,-2.0631,7,0.3684,62420.61,6.2421,28.5714,0.9211,6.4476,4,0.2105,24423.71,2.4424,25.0,0.6591,2.6364
4dfeaed0,bull,s7|s73,2,0.0399510771,0.0104988431,3.6727,0.0,-3.6944,9,33.3333,0.018649,3,0.3333,17952.76,1.7953,33.3333,0.6318,1.8953,2,0.2222,30192.59,3.0193,50.0,1.4726,2.9452,4,0.4444,7401.01,0.7401,25.0,0.2114,0.8455
887276ea,bear,s81|s37|s97,3,0.0342369546,0.0163148203,-7.0585,0.0,-16.5229,42,33.3333,0.018646,23,0.5476,23083.94,2.3084,34.7826,0.1268,2.9173,8,0.1905,15091.27,1.5091,37.5,0.2642,2.1137,11,0.2619,-27233.96,-2.7234,27.2727,-0.2528,-2.7808
66176365,bear,s20|s77|s97,3,0.047472451,0.0127963386,-1.6364,0.0,-11.2472,29,24.1379,0.018633,9,0.3103,-55783.1,-5.5783,11.1111,-0.61,-5.4898,5,0.1724,-6445.53,-0.6446,20.0,-0.0743,-0.3713,15,0.5172,104352.41,10.4352,33.3333,0.7293,10.9399
6914741c,bear,s99|s86|s72|s57|s49,5,0.0315881048,0.0121550811,-5.0528,0.0,-10.7657,28,28.5714,0.018595,17,0.6071,9234.73,0.9235,29.4118,0.0711,1.208,7,0.25,-43940.94,-4.3941,14.2857,-0.5906,-4.1342,4,0.1429,40088.26,4.0088,50.0,0.9717,3.8866
1cdeacd6,bull,s33|s10,2,0.0332279585,0.0159700965,-4.3302,0.0,-24.0785,86,36.0465,0.018583,33,0.3837,153937.18,15.3937,42.4242,0.4902,16.176,18,0.2093,45910.55,4.5911,38.8889,0.3162,5.6925,35,0.407,-68612.85,-6.8613,28.5714,-0.1914,-6.6973
399cdf84,bull,s79|s34|s88|s35,4,0.0521872246,0.0166326416,-1.0548,0.0,-16.4875,33,27.2727,0.01857,13,0.3939,116832.1,11.6832,38.4615,0.9837,12.7875,7,0.2121,10536.28,1.0536,28.5714,0.303,2.1211,13,0.3939,-75807.12,-7.5807,15.3846,-0.6045,-7.8585
df843cb2,bear,s52|s31|s89|s80|s66,5,0.0755238035,0.0126982076,6.6731,0.0,-8.2562,13,23.0769,0.0185,6,0.4615,-80225.49,-8.0225,0.0,-1.2698,-7.6189,3,0.2308,46998.41,4.6998,33.3333,1.6709,5.0127,4,0.3077,126800.96,12.6801,50.0,3.1413,12.5651
c1c06ba9,bear,s101|s97|s57,3,0.0323411412,0.0106240493,-2.7178,0.0,-13.347,29,27.5862,0.018471,17,0.5862,-12280.48,-1.228,23.5294,-0.0515,-0.8748,4,0.1379,-40051.39,-4.0051,0.0,-1.0624,-4.2496,8,0.2759,81433.7,8.1434,50.0,1.0859,8.6868
9b43f036,bull,s83|s32|s92|s36|s73,5,0.0187959395,0.01042405,-2.0622,0.0,-5.6574,11,36.3636,0.018451,4,0.3636,-12948.36,-1.2948,25.0,-0.3119,-1.2476,2,0.1818,8110.86,0.8111,50.0,0.4186,0.8372,5,0.4545,6421.75,0.6422,40.0,0.1264,0.632
27c97f98,bull,s41|s93|s27,3,0.0273457082,0.0165330351,-8.6123,0.0,-22.8435,89,40.4494,0.018368,30,0.3371,18910.19,1.891,40.0,0.1018,3.0554,22,0.2472,-21613.11,-2.1613,36.3636,-0.0577,-1.2697,37,0.4157,86298.67,8.6299,43.2432,0.2442,9.0338
034f5829,bull,s38|s78,2,0.0434394605,0.0176119615,4.3309,0.0,-4.9809,7,42.8571,0.018333,4,0.5714,51020.23,5.102,50.0,1.2914,5.1655,1,0.1429,43374.2,4.3374,100.0,4.3439,4.3439,2,0.2857,-36666.42,-3.6666,0.0,-1.7612,-3.5224
43f20d61,bull,s55|s91|s43|s73,4,0.0299995565,0.0152671923,-1.8578,0.0,-11.4484,14,35.7143,0.018303,4,0.2857,72981.87,7.2982,75.0,1.8683,7.4731,4,0.2857,-16552.95,-1.6553,25.0,-0.3951,-1.5802,6,0.4286,-46058.23,-4.6058,16.6667,-0.7723,-4.6336
e5ffe430,bear,s86|s51|s26,3,0.0291578361,0.0085517567,2.7701,0.0,-3.1298,8,37.5,0.018271,5,0.625,33061.67,3.3062,40.0,0.6532,3.266,3,0.375,10875.19,1.0875,33.3333,0.4018,1.2054,0,0.0,0.0,0.0,0.0,0.0,0.0
c05ca9a1,bear,s61|s37|s90,3,0.0488736884,0.0128062322,0.4075,0.0,-19.0917,130,24.6154,0.018201,45,0.3462,141574.76,14.1575,26.6667,0.3642,16.3879,24,0.1846,57580.87,5.7581,25.0,0.2614,6.273,61,0.4692,72369.86,7.237,22.9508,0.135,8.2339
81705993,bull,s73|s43|s30|s91,4,0.055268432,0.015420619,-0.6206,0.0,-14.7133,32,25.0,0.018162,11,0.3438,37090.44,3.709,27.2727,0.3858,4.244,11,0.3438,94769.93,9.477,36.3636,1.0284,11.3129,10,0.3125,-77792.92,-7.7793,10.0,-0.8352,-8.3517
4bb08461,bear,s76|s19|s37|s13,4,0.0704153051,0.0182024859,2.5193,0.0,-13.2999,20,25.0,0.018071,8,0.4,21347.47,2.1347,25.0,0.3952,3.1616,2,0.1,-37630.69,-3.7631,0.0,-1.8202,-3.6405,10,0.5,83234.1,8.3234,30.0,0.8383,8.3829
78cbd510,bull,s83|s1|s26,3,0.0228080952,0.0142159739,1.2818,0.0,-1.6582,6,50.0,0.018018,4,0.6667,16655.6,1.6656,50.0,0.4296,1.7184,1,0.1667,22871.55,2.2872,100.0,2.2808,2.2808,1,0.1667,-14535.63,-1.4536,0.0,-1.4216,-1.4216
2fe5164d,bear,s52|s76|s99|s28,4,0.0323816385,0.0140472084,-3.756,0.0,-14.2356,26,30.7692,0.01798,18,0.6923,-68167.3,-6.8167,22.2222,-0.373,-6.7134,7,0.2692,80012.1,8.0012,57.1429,1.2484,8.7385,1,0.0385,-13050.62,-1.3051,0.0,-1.4047,-1.4047
9e49c3a6,bear,s25|s90,2,0.0201353922,0.0106657439,-2.9609,0.0,-4.4661,12,33.3333,0.017942,5,0.4167,-22674.93,-2.2675,20.0,-0.4506,-2.2528,3,0.25,-1208.2,-0.1208,33.3333,-0.0399,-0.1196,4,0.3333,18074.94,1.8075,50.0,0.4735,1.8939
c2982282,bear,s17|s99|s67|s18,4,0.0348997629,0.019286568,-2.0932,0.0,-6.4096,11,36.3636,0.017928,9,0.8182,-14044.18,-1.4044,33.3333,-0.1224,-1.102,2,0.1818,14748.17,1.4748,50.0,0.7807,1.5613,0,0.0,0.0,0.0,0.0,0.0,0.0
4fe2df38,bull,s21|s65,2,0.0256736105,0.0080325005,-2.3857,0.0,-7.432,19,26.3158,0.017901,7,0.3684,10721.95,1.0722,28.5714,0.1598,1.1185,7,0.3684,11204.69,1.1205,28.5714,0.1598,1.1185,5,0.2632,-7478.88,-0.7479,20.0,-0.1291,-0.6456
fd5808ed,bull,s83|s7,2,0.0716409908,0.0147086874,5.1433,0.0,-12.8616,17,23.5294,0.017876,8,0.4706,-34625.61,-3.4626,12.5,-0.3915,-3.132,3,0.1765,39468.0,3.9468,33.3333,1.4075,4.2224,6,0.3529,81612.57,8.1613,33.3333,1.4075,8.4447
43091db4,bear,s29|s57|s97,3,0.0487274217,0.0193813718,5.18,0.0,-7.217,7,42.8571,0.01787,4,0.5714,126910.55,12.6911,75.0,3.17,12.6801,2,0.2857,-40602.92,-4.0603,0.0,-1.9381,-3.8763,1,0.1429,-20290.1,-2.029,0.0,-1.9381,-1.9381
038e647a,bear,s22|s25|s61|s13,4,0.0668388661,0.0137215097,2.8169,0.0,-15.9805,33,21.2121,0.017795,10,0.303,11405.09,1.1405,20.0,0.2391,2.3906,4,0.1212,-58792.5,-5.8793,0.0,-1.3722,-5.4886,19,0.5758,146191.52,14.6192,26.3158,0.7479,14.2093
a00f8e8a,bear,s16|s62|s27,3,0.0643795234,0.0176283731,1.0435,0.0,-18.9807,40,25.0,0.017786,15,0.375,-39241.13,-3.9241,20.0,-0.1227,-1.8402,7,0.175,-41614.59,-4.1615,14.2857,-0.5913,-4.1391,18,0.45,173775.35,17.3775,33.3333,0.9708,17.4737
96b006e7,bear,s100|s77|s80|s50,4,0.0627180658,0.0131979607,7.1983,0.0,-9.9838,10,30.0,0.017768,4,0.4,19395.04,1.9395,25.0,0.5781,2.3124,3,0.3,-39694.14,-3.9694,0.0,-1.3198,-3.9594,3,0.3,111975.5,11.1975,66.6667,3.7413,11.2238
b45403bd,bull,s38|s63|s78,3,0.0310607472,0.0129926461,2.5764,0.0,-4.0865,7,42.8571,0.017726,4,0.5714,35759.97,3.576,50.0,0.9034,3.6136,1,0.1429,30951.55,3.0952,100.0,3.1061,3.1061,2,0.2857,-26686.43,-2.6686,0.0,-1.2993,-2.5985
f25a5d0b,bull,s3|s10|s96,3,0.0384994589,0.0186183493,-4.8699,0.0,-22.99,65,35.3846,0.017704,26,0.4,194791.27,19.4791,46.1538,0.7744,20.1337,16,0.2462,-16307.29,-1.6307,31.25,-0.0769,-1.2305,23,0.3538,-93034.52,-9.3035,26.087,-0.3718,-8.5515
e68b6484,bear,s89|s51|s81,3,0.0324980262,0.0160709678,3.602,0.0,-5.7501,6,50.0,0.017659,2,0.3333,-31750.11,-3.175,0.0,-1.6071,-3.2142,4,0.6667,79437.77,7.9438,75.0,2.0356,8.1423,0,0.0,0.0,0.0,0.0,0.0,0.0
c0f5f09b,bear,s76|s67|s27,3,0.0261690532,0.0152264393,1.9648,0.0,-3.635,6,50.0,0.017635,4,0.6667,21071.61,2.1072,50.0,0.5471,2.1885,2,0.3333,10826.25,1.0826,50.0,0.5471,1.0943,0,0.0,0.0,0.0,0.0,0.0,0.0
7e5158e0,bear,s31|s71|s37|s22,4,0.0512827925,0.0141193925,3.1009,0.0,-4.7517,10,30.0,0.01763,1,0.1,-14095.86,-1.4096,0.0,-1.4119,-1.4119,1,0.1,-13842.65,-1.3843,0.0,-1.4119,-1.4119,8,0.8,79336.25,7.9336,37.5,1.0406,8.3251
048c825f,bull,s83|s30|s68,3,0.0293775836,0.0117856287,-3.1007,0.0,-8.1062,17,29.4118,0.017515,7,0.4118,-41758.34,-4.1758,14.2857,-0.5905,-4.1336,4,0.2353,-7045.05,-0.7045,25.0,-0.1495,-0.5979,6,0.3529,51478.08,5.1478,50.0,0.8796,5.2776
571a9a43,bear,s51|s18|s26,3,0.0517713542,0.0116801202,1.6137,0.0,-14.0317,26,23.0769,0.017467,12,0.4615,-18400.89,-1.8401,16.6667,-0.1105,-1.3258,8,0.3077,-32747.64,-3.2748,12.5,-0.3749,-2.9989,6,0.2308,117874.33,11.7874,50.0,2.0046,12.0274
9ed84668,bull,s73|s46|s15|s68|s3,5,0.0377882965,0.0169809137,-1.587,0.0,-11.8548,15,33.3333,0.017426,3,0.2,2651.51,0.2652,33.3333,0.1275,0.3826,6,0.4,7804.71,0.7805,33.3333,0.1275,0.7653,6,0.4,5048.01,0.5048,33.3333,0.1275,0.7653
dd767b8a,bull,s41|s30|s93|s5,4,0.0697722941,0.017063242,3.6366,0.0,-19.0252,29,24.1379,0.017333,11,0.3793,68441.29,6.8441,27.2727,0.6619,7.2811,9,0.3103,7115.56,0.7116,22.2222,0.2234,2.0102,9,0.3103,16208.91,1.6209,22.2222,0.2234,2.0102
25d307a5,bear,s57|s85|s29,3,0.029760635,0.0152346602,1.2608,0.0,-3.4133,7,42.8571,0.017272,4,0.5714,28277.22,2.8277,50.0,0.7263,2.9052,2,0.2857,-31738.23,-3.1738,0.0,-1.5235,-3.0469,1,0.1429,30270.9,3.0271,100.0,2.9761,2.9761
47a77f91,bull,s38|s45|s15|s40,4,0.0336914064,0.0106405381,1.7405,0.0,-3.7322,9,33.3333,0.017238,3,0.3333,-32352.78,-3.2353,0.0,-1.0641,-3.1922,2,0.2222,23518.65,2.3519,50.0,1.1525,2.3051,4,0.4444,44462.61,4.4463,50.0,1.1525,4.6102
1bd7b6b6,bear,s97|s16|s62,3,0.0353357984,0.0116940399,-0.6752,0.0,-7.1804,14,28.5714,0.017212,9,0.6429,82802.82,8.2803,44.4444,0.9208,8.2873,2,0.1429,-24224.8,-2.4225,0.0,-1.1694,-2.3388,3,0.2143,-36455.72,-3.6456,0.0,-1.1694,-3.5082
fade7fd8,bear,s18|s13,2,0.0680249377,0.0168515934,1.6612,0.0,-17.3137,34,23.5294,0.017198,10,0.2941,-14219.67,-1.422,20.0,0.0124,0.1237,3,0.0882,-53668.27,-5.3668,0.0,-1.6852,-5.0555,21,0.6176,156335.66,15.6336,28.5714,0.7399,15.5376
79c7ab3d,bear,s76|s20,2,0.0271523848,0.0116446238,1.9781,0.0,-4.5489,7,42.8571,0.017197,3,0.4286,42987.72,4.2988,66.6667,1.422,4.266,3,0.4286,-36266.99,-3.6267,0.0,-1.1645,-3.4934,1,0.1429,27352.69,2.7353,100.0,2.7152,2.7152
3b210a5e,bull,s84|s63|s33|s70,4,0.0544687225,0.0145908371,-1.0039,0.0,-12.9559,29,24.1379,0.017128,15,0.5172,51654.16,5.1654,26.6667,0.3825,5.7376,8,0.2759,19432.58,1.9433,25.0,0.2674,2.1392,6,0.2069,-19708.54,-1.9709,16.6667,-0.3081,-1.8485
9e8d9561,bear,s76|s19|s23,3,0.0322774396,0.0146235819,2.2652,0.0,-5.1161,7,42.8571,0.01712,4,0.5714,34351.73,3.4352,50.0,0.8827,3.5308,3,0.4286,2748.22,0.2748,33.3333,0.101,0.303,0,0.0,0.0,0.0,0.0,0.0,0.0
5a9d9152,bear,s62|s16|s89,3,0.029259201,0.0115538532,-4.2694,0.0,-11.6114,24,29.1667,0.017082,12,0.5,21159.21,2.1159,33.3333,0.205,2.4606,6,0.25,-27762.36,-2.7762,16.6667,-0.4752,-2.851,6,0.25,11181.54,1.1182,33.3333,0.205,1.2303
6ffb188f,bear,s77|s31|s25|s85|s13,5,0.0532091802,0.0102064617,-0.5828,0.0,-11.841,41,19.5122,0.01696,9,0.2195,-30792.63,-3.0793,11.1111,-0.316,-2.8443,6,0.1463,-1285.05,-0.1285,16.6667,0.0363,0.2177,26,0.6341,109000.31,10.9,23.0769,0.4428,11.5126
efc7ea65,bear,s29|s85|s17,3,0.0533832612,0.0153534269,2.8191,0.0,-5.5895,10,30.0,0.016902,4,0.4,3798.18,0.3798,25.0,0.1831,0.7323,4,0.4,77195.28,7.7195,50.0,1.9015,7.606,2,0.2,-32429.4,-3.2429,0.0,-1.5353,-3.0707
8c3e0a0a,bull,s30|s3|s73|s9,4,0.0275949239,0.0177575432,-7.4083,0.0,-13.6859,22,36.3636,0.016896,5,0.2273,1869.29,0.1869,40.0,0.0383,0.1917,8,0.3636,-52636.88,-5.2637,25.0,-0.6419,-5.1355,9,0.4091,19772.46,1.9772,44.4444,0.2399,2.1592
f1383794,bear,s80|s90,2,0.0304007463,0.0105031583,0.8538,0.0,-3.2352,9,33.3333,0.016868,6,0.6667,-23671.73,-2.3672,16.6667,-0.3686,-2.2115,2,0.2222,19709.27,1.9709,50.0,0.9949,1.9898,1,0.1111,30509.9,3.051,100.0,3.0401,3.0401
fd551a0a,bull,s24|s83|s93|s8|s87,5,0.0498150771,0.0135347403,1.4706,0.0,-9.9042,15,26.6667,0.016851,10,0.6667,49521.43,4.9521,30.0,0.547,5.4702,4,0.2667,-54011.26,-5.4011,0.0,-1.3535,-5.4139,1,0.0667,48909.52,4.891,100.0,4.9815,4.9815
a17f2bd3,bear,s50|s13|s16|s61|s19,5,0.0449996045,0.0163950689,-0.8307,0.0,-23.6336,56,30.3571,0.016848,14,0.25,6816.1,0.6816,28.5714,0.1146,1.6048,10,0.1786,19476.63,1.9477,30.0,0.2023,2.0233,32,0.5714,83215.02,8.3215,31.25,0.2791,8.9305
7e5333d4,bear,s28|s89|s26,3,0.0270682003,0.009634639,1.5924,0.0,-4.5648,8,37.5,0.016828,4,0.5,-1973.03,-0.1973,25.0,-0.0459,-0.1836,2,0.25,-19262.14,-1.9262,0.0,-0.9635,-1.9269,2,0.25,52875.67,5.2876,100.0,2.7068,5.4136
a96e58c7,bear,s28|s17|s89,3,0.027406618,0.0094633988,-0.3273,0.0,-8.792,13,30.7692,0.016802,5,0.3846,-11307.19,-1.1307,20.0,-0.2089,-1.0447,3,0.2308,-27639.64,-2.764,0.0,-0.9463,-2.839,5,0.3846,60555.11,6.0555,60.0,1.2659,6.3293
5b611016,bear,s37|s86|s25|s97,4,0.0571689227,0.0175733781,4.3259,0.0,-8.0227,9,33.3333,0.016782,7,0.7778,20884.98,2.0885,28.5714,0.3782,2.6471,2,0.2222,39599.39,3.9599,50.0,1.9798,3.9596,0,0.0,0.0,0.0,0.0,0.0,0.0
c99c9b89,bear,s50|s90,2,0.0211570378,0.0115711539,-5.3837,0.0,-6.5948,16,31.25,0.016778,8,0.5,-27357.22,-2.7357,25.0,-0.3389,-2.7113,1,0.0625,-11414.75,-1.1415,0.0,-1.1571,-1.1571,7,0.4375,16294.37,1.6294,42.8571,0.2455,1.7186
a6a932b7,bull,s60|s73,2,0.0267150331,0.0118307918,0.3603,0.0,-3.0708,8,37.5,0.016757,3,0.375,2509.74,0.251,33.3333,0.1018,0.3053,2,0.25,14633.89,1.4634,50.0,0.7442,1.4884,3,0.375,2735.51,0.2736,33.3333,0.1018,0.3053
d7531ded,bull,s40|s96,2,0.0264045559,0.0134604012,-6.9187,0.0,-11.6368,25,32.0,0.016707,15,0.6,-6286.48,-0.6286,33.3333,-0.0172,-0.2581,2,0.08,-25199.49,-2.5199,0.0,-1.346,-2.6921,8,0.32,8757.2,0.8757,37.5,0.1489,1.1912
41f089ea,bear,s29|s100|s80|s25|s76,5,0.0528049698,0.0118220824,3.7963,0.0,-7.2327,11,27.2727,0.016567,7,0.6364,107822.18,10.7822,42.8571,1.5875,11.1127,3,0.2727,-35632.76,-3.5633,0.0,-1.1822,-3.5466,1,0.0909,-12331.11,-1.2331,0.0,-1.1822,-1.1822
a7b5913c,bull,s47|s32,2,0.0489851226,0.01690141,2.3331,0.0,-5.8539,9,33.3333,0.016519,4,0.4444,-71624.0,-7.1624,0.0,-1.6901,-6.7606,3,0.3333,14885.34,1.4885,33.3333,0.5061,1.5182,2,0.2222,98916.19,9.8916,100.0,4.8985,9.797
68196a5d,bull,s59|s39|s96|s65,4,0.0315854482,0.0131101687,-7.5012,0.0,-16.5724,78,32.0513,0.016432,38,0.4872,73937.24,7.3937,34.2105,0.218,8.2857,17,0.2179,40194.48,4.0194,35.2941,0.2665,4.5301,23,0.2949,-35829.27,-3.5829,26.087,-0.145,-3.336
8dea3892,bear,s66|s29|s52|s62|s19,5,0.0239945985,0.0120478931,-4.5652,0.0,-8.1299,16,31.25,0.016352,8,0.5,46244.25,4.6244,50.0,0.5973,4.7787,3,0.1875,239.76,0.024,33.3333,-0.0034,-0.0101,5,0.3125,-60265.78,-6.0266,0.0,-1.2048,-6.0239
a0490bb4,bull,s75|s38|s45|s39,4,0.0510501763,0.0163184561,-1.1717,0.0,-7.1035,15,26.6667,0.016201,9,0.6,-82362.06,-8.2362,11.1111,-0.8833,-7.9497,5,0.3333,51222.93,5.1223,40.0,1.0629,5.3145,1,0.0667,50016.33,5.0016,100.0,5.105,5.105
213b4df3,bear,s76|s67|s18,3,0.0310086642,0.0110616692,0.6887,0.0,-4.3791,9,33.3333,0.016131,4,0.4444,39608.71,3.9609,50.0,0.9973,3.9894,3,0.3333,-33904.67,-3.3905,0.0,-1.1062,-3.3185,2,0.2222,19338.29,1.9338,50.0,0.9973,1.9947
730d9450,bear,s18|s20|s66|s23|s31,5,0.0529015223,0.0178046775,-1.1616,0.0,-11.2962,18,27.7778,0.016127,5,0.2778,-23396.72,-2.3397,20.0,-0.3663,-1.8317,4,0.2222,-2496.88,-0.2497,25.0,-0.0128,-0.0513,9,0.5,51220.17,5.122,33.3333,0.5764,5.1877
c339da6f,bear,s19|s31|s52|s23,4,0.0229796631,0.0144332037,-5.5995,0.0,-12.0324,17,35.2941,0.016112,2,0.1176,8595.59,0.8596,50.0,0.4273,0.8546,6,0.3529,26424.55,2.6425,50.0,0.4273,2.5639,9,0.5294,-56402.5,-5.6402,22.2222,-0.6119,-5.5073
9354d459,bear,s29|s31|s27,3,0.0761120025,0.0089630437,5.5918,0.0,-15.7688,40,15.0,0.016049,12,0.3,-28117.56,-2.8118,8.3333,-0.1873,-2.2481,8,0.2,8637.06,0.8637,12.5,0.1671,1.3371,20,0.5,156447.5,15.6448,20.0,0.8052,16.1039
f72baa1c,bull,s15|s10|s45|s38,4,0.0216968534,0.0094086856,-8.0105,0.0,-11.8235,37,29.7297,0.016041,23,0.6216,-61680.03,-6.168,21.7391,-0.2647,-6.0872,6,0.1622,66468.92,6.6469,66.6667,1.1328,6.797,8,0.2162,-12599.15,-1.2599,25.0,-0.1632,-1.3058
d935b628,bear,s57|s23|s99|s13|s80,5,0.0326832732,0.0156300956,-2.1171,0.0,-8.2742,12,33.3333,0.01601,10,0.8333,35329.5,3.5329,40.0,0.3695,3.6953,2,0.1667,-32216.72,-3.2217,0.0,-1.563,-3.126,0,0.0,0.0,0.0,0.0,0.0,0.0
347a548f,bull,s47|s5|s24|s95,4,0.0700277181,0.0145619736,6.5855,0.0,-11.8174,11,27.2727,0.015996,5,0.4545,8574.95,0.8575,20.0,0.2356,1.178,2,0.1818,57592.5,5.7593,50.0,2.7733,5.5466,4,0.3636,21915.53,2.1916,25.0,0.6585,2.6342
28e98638,bull,s33|s78|s41|s12,4,0.0361446094,0.010592764,-3.7554,0.0,-15.9998,76,26.3158,0.015926,36,0.4737,80698.03,8.0698,27.7778,0.239,8.6034,18,0.2368,132653.38,13.2653,38.8889,0.7583,13.6492,22,0.2895,-96807.63,-9.6808,13.6364,-0.4219,-9.2829
440c487f,bull,s59|s42|s27,3,0.0509245299,0.0143676235,-2.8474,0.0,-15.9078,60,25.0,0.015887,22,0.3667,-795.47,-0.0795,22.7273,0.0472,1.0373,13,0.2167,75459.34,7.5459,30.7692,0.5722,7.439,25,0.4167,27237.73,2.7238,24.0,0.1302,3.2562
9ca98f46,bear,s76|s25,2,0.0206984712,0.0127194535,-0.3738,0.0,-4.5663,7,42.8571,0.015873,4,0.5714,15432.73,1.5433,50.0,0.399,1.5958,3,0.4286,-4968.01,-0.4968,33.3333,-0.158,-0.474,0,0.0,0.0,0.0,0.0,0.0,0.0
2719461f,bull,s1|s95,2,0.0514094461,0.0174201788,2.7247,0.0,-7.5876,9,33.3333,0.015864,7,0.7778,81379.97,8.138,42.8571,1.2078,8.4548,1,0.1111,-18215.99,-1.8216,0.0,-1.742,-1.742,1,0.1111,-17545.22,-1.7545,0.0,-1.742,-1.742
f54cb19b,bear,s18|s50|s22,3,0.0508391791,0.0183382651,-6.3292,0.0,-14.5757,53,28.3019,0.015862,16,0.3019,-85301.84,-8.5302,18.75,-0.5367,-8.588,14,0.2642,74260.78,7.4261,35.7143,0.6368,8.9152,23,0.434,47752.31,4.7752,30.4348,0.2716,6.2462
5a7f20fe,bear,s13|s76|s90,3,0.0349907683,0.0084074672,1.375,0.0,-5.0916,11,27.2727,0.01585,3,0.2727,17440.31,1.744,33.3333,0.6059,1.8176,6,0.5455,-7778.76,-0.7779,16.6667,-0.1174,-0.7047,2,0.1818,26762.46,2.6762,50.0,1.3292,2.6583
c03d0ce1,bull,s79|s93|s96,3,0.0638341845,0.0199448946,4.8702,0.0,-10.6007,9,33.3333,0.015782,4,0.4444,172308.18,17.2308,75.0,4.2889,17.1558,3,0.3333,-62980.35,-6.298,0.0,-1.9945,-5.9835,2,0.2222,-42455.43,-4.2455,0.0,-1.9945,-3.989
7959dde7,bear,s80|s100|s29,3,0.0513278039,0.011725737,2.7105,0.0,-12.1881,16,25.0,0.015769,10,0.625,65646.02,6.5646,30.0,0.719,7.1903,3,0.1875,-33504.0,-3.3504,0.0,-1.1726,-3.5177,3,0.1875,25662.56,2.5663,33.3333,0.9292,2.7876
76fe766e,bear,s50|s18|s20,3,0.0519331854,0.0163231502,-2.2025,0.0,-18.7977,63,26.9841,0.015749,22,0.3492,-105164.68,-10.5165,18.1818,-0.3913,-8.6084,12,0.1905,68426.58,6.8427,33.3333,0.6429,7.7148,29,0.4603,139965.12,13.9965,31.0345,0.486,14.0936
fd798f9b,bear,s90|s85|s97,3,0.0247078613,0.0138672393,-3.7253,0.0,-6.5105,12,33.3333,0.015736,6,0.5,29749.93,2.975,50.0,0.542,3.2522,1,0.0833,-13392.52,-1.3393,0.0,-1.3867,-1.3867,5,0.4167,-30432.84,-3.0433,20.0,-0.6152,-3.0761
9d15a0fb,bear,s25|s20|s98|s29|s100,5,0.0376923579,0.0191407394,-5.2266,0.0,-13.8806,21,33.3333,0.01573,10,0.4762,88928.13,8.8928,50.0,0.9276,9.2758,6,0.2857,-56426.67,-5.6427,16.6667,-0.9669,-5.8011,5,0.2381,-42432.05,-4.2432,20.0,-0.7774,-3.8871
aab81a5b,bull,s84|s44,2,0.0461144445,0.0086907224,-0.0785,0.0,-14.656,60,20.0,0.015718,31,0.5167,103434.49,10.3434,22.5806,0.3685,11.4224,14,0.2333,-16845.37,-1.6845,14.2857,-0.0861,-1.206,15,0.25,30920.48,3.092,20.0,0.227,3.4055
7c96159c,bear,s51|s17|s66|s56|s31,5,0.0457611289,0.0171386903,-0.2612,0.0,-10.3226,13,30.7692,0.015677,4,0.3077,53988.98,5.3989,50.0,1.4311,5.7245,3,0.2308,10980.65,1.0981,33.3333,0.3828,1.1484,6,0.4615,-41427.74,-4.1428,16.6667,-0.6655,-3.9932
b1c321c9,bear,s56|s89|s67,3,0.042626912,0.017716969,-1.9723,0.0,-8.1852,13,30.7692,0.015564,6,0.4615,11487.22,1.1487,33.3333,0.2398,1.4386,4,0.3077,48046.54,4.8047,50.0,1.2455,4.982,3,0.2308,-53776.89,-5.3777,0.0,-1.7717,-5.3151
7a99fc44,bear,s72|s66|s61|s89,4,0.042387926,0.0172237608,-3.422,0.0,-9.6303,17,29.4118,0.015523,5,0.2941,30402.39,3.0402,40.0,0.6621,3.3105,6,0.3529,13545.97,1.3546,33.3333,0.2647,1.5881,6,0.3529,-45008.03,-4.5008,16.6667,-0.7288,-4.3731
5daa2120,bear,s19|s66|s29,3,0.0619407436,0.0148976711,2.8725,0.0,-12.7316,16,25.0,0.015454,7,0.4375,199838.9,19.9839,57.1429,2.901,20.307,4,0.25,-58850.04,-5.885,0.0,-1.4898,-5.9591,5,0.3125,-79932.61,-7.9933,0.0,-1.4898,-7.4488
91085c7a,bear,s72|s101|s80,3,0.0722492855,0.0193067372,5.0724,0.0,-26.6192,60,25.0,0.015432,18,0.3,75809.73,7.581,27.7778,0.6125,11.0259,9,0.15,100333.51,10.0334,33.3333,1.1212,10.0907,33,0.55,1910.58,0.1911,21.2121,0.0114,0.377
2975c85b,bear,s80|s37,2,0.0410778273,0.0183362971,-6.0006,0.0,-19.0838,46,32.6087,0.015247,23,0.5,37453.35,3.7453,34.7826,0.2329,5.3578,11,0.2391,-22015.85,-2.2016,27.2727,-0.2132,-2.3457,12,0.2609,13444.4,1.3444,33.3333,0.1468,1.7621
5ef1df40,bull,s43|s24|s10|s95|s46,5,0.0419929244,0.0163561967,-7.1554,0.0,-15.2085,57,29.8246,0.015227,23,0.4035,81804.69,8.1805,34.7826,0.3939,9.06,12,0.2105,-27300.45,-2.73,25.0,-0.1769,-2.1227,22,0.386,-13922.13,-1.3922,27.2727,-0.0443,-0.9742
fc2a63ad,bear,s101|s72,2,0.0388086389,0.0181206397,-3.9372,0.0,-24.7429,77,35.0649,0.015217,18,0.2338,62920.92,6.2921,38.8889,0.4019,7.2333,16,0.2078,46735.12,4.6735,37.5,0.3228,5.1645,43,0.5584,8777.47,0.8777,32.5581,0.0414,1.7822
39d253ff,bear,s66|s56|s37,3,0.0770557258,0.0199239952,3.1085,0.0,-21.623,37,24.3243,0.015198,18,0.4865,6221.88,0.6222,22.2222,0.1627,2.9287,5,0.1351,-6382.76,-0.6383,20.0,-0.0528,-0.264,14,0.3784,110509.16,11.0509,28.5714,0.7784,10.8983
06d5d9de,bear,s99|s16|s29,3,0.0387395536,0.0156800787,-6.5086,0.0,-13.2875,34,29.4118,0.01519,16,0.4706,70671.96,7.0672,37.5,0.4727,7.5637,11,0.3235,-60996.18,-6.0996,18.1818,-0.5786,-6.3642,7,0.2059,-8312.05,-0.8312,28.5714,-0.0132,-0.0921
cde48500,bull,s41|s65|s43|s92,4,0.0620380123,0.0175854503,-1.0472,0.0,-17.3008,40,25.0,0.015127,18,0.45,-4473.55,-0.4474,22.2222,0.0109,0.1956,9,0.225,-5007.33,-0.5007,22.2222,0.0109,0.0978,13,0.325,85028.73,8.5029,30.7692,0.6914,8.9883
441c15f4,bear,s57|s90|s26,3,0.0342380179,0.0195651274,-5.75,0.0,-8.8678,15,33.3333,0.015119,8,0.5333,-50024.96,-5.0025,25.0,-0.6114,-4.8915,4,0.2667,-24271.44,-2.4271,25.0,-0.6114,-2.4457,3,0.2,45638.77,4.5639,66.6667,1.6304,4.8911
c30a34b1,bear,s67|s100|s16,3,0.0763531595,0.0102467126,9.8531,0.0,-4.5153,6,33.3333,0.015104,2,0.3333,-20933.65,-2.0934,0.0,-1.0247,-2.0493,1,0.1667,-10566.81,-1.0567,0.0,-1.0247,-1.0247,3,0.5,142196.07,14.2196,66.6667,4.7487,14.246
7e368fb4,bear,s77|s97|s19,3,0.0627030445,0.0176932907,-0.5854,0.0,-16.3774,32,25.0,0.015057,7,0.2188,-47300.55,-4.7301,14.2857,-0.6208,-4.3457,6,0.1875,-31987.86,-3.1988,16.6667,-0.4294,-2.5763,19,0.5938,140425.36,14.0425,31.5789,0.7695,14.6205
3466ed24,bull,s69|s73,2,0.0356275068,0.0145529672,-0.1005,0.0,-5.5104,9,33.3333,0.014952,3,0.3333,5743.87,0.5744,33.3333,0.2174,0.6522,2,0.2222,20917.65,2.0918,50.0,1.0537,2.1075,4,0.4444,-9197.29,-0.9197,25.0,-0.2008,-0.8031
56eb8221,bull,s2|s78|s26,3,0.0514410728,0.0197778943,-1.8647,0.0,-15.0615,20,30.0,0.014943,9,0.45,102531.03,10.2531,44.4444,1.1875,10.6875,6,0.3,-49537.83,-4.9538,16.6667,-0.7908,-4.7448,5,0.25,-31191.98,-3.1192,20.0,-0.5534,-2.7671
33de7e39,bear,s99|s37,2,0.0483902268,0.0116732392,-1.1765,0.0,-12.1612,33,21.2121,0.014815,23,0.697,23427.77,2.3428,21.7391,0.1384,3.1833,9,0.2727,10436.98,1.0437,22.2222,0.1674,1.5068,1,0.0303,-11148.95,-1.1149,0.0,-1.1673,-1.1673
db053253,bear,s61|s100|s66,3,0.0780678962,0.0095420263,9.2679,0.0,-5.6844,7,28.5714,0.014803,4,0.5714,49396.4,4.9396,25.0,1.236,4.9442,1,0.1429,-9879.15,-0.9879,0.0,-0.9542,-0.9542,2,0.2857,67750.02,6.775,50.0,3.4263,6.8526
7a65f64b,bull,s14|s46|s91,3,0.0668046026,0.019420172,-0.371,0.0,-19.8129,47,25.5319,0.014733,16,0.3404,-58884.53,-5.8885,18.75,-0.3253,-5.2048,11,0.234,25213.28,2.5213,27.2727,0.4096,4.5052,20,0.4255,120059.58,12.006,30.0,0.6447,12.8945
77b55b8a,bear,s85|s19|s80|s22,4,0.0771634647,0.0171000096,11.2248,0.0,-3.7766,4,50.0,0.014686,0,0.0,0.0,0.0,0.0,0.0,0.0,1,0.25,-17044.02,-1.7044,0.0,-1.71,-1.71,3,0.75,137110.6,13.7111,66.6667,4.5742,13.7227
621dd314,bull,s54|s33|s44|s84|s30,5,0.0648405282,0.0179664586,0.3982,0.0,-18.7363,36,25.0,0.014676,20,0.5556,120383.45,12.0383,30.0,0.6876,13.7513,8,0.2222,14319.04,1.4319,25.0,0.2735,2.1882,8,0.2222,-61684.61,-6.1685,12.5,-0.7616,-6.0925
50cd94f5,bull,s75|s15,2,0.0300450699,0.0094111021,-6.5426,0.0,-10.1644,40,25.0,0.014669,26,0.65,27782.76,2.7783,26.9231,0.1212,3.1505,10,0.25,-14989.29,-1.4989,20.0,-0.152,-1.5199,4,0.1,716.16,0.0716,25.0,0.0453,0.1812
a8082be4,bull,s9|s48|s53|s84|s88,5,0.0309325958,0.0122405196,-6.0472,0.0,-17.0686,46,30.4348,0.014637,19,0.413,26019.42,2.6019,31.5789,0.1393,2.6469,16,0.3478,53492.82,5.3493,37.5,0.3949,6.319,11,0.2391,-47429.67,-4.743,18.1818,-0.4391,-4.8299
b461e92d,bull,s74|s95|s78|s45|s55,5,0.0416441198,0.0190479986,-1.086,0.0,-4.807,9,33.3333,0.014622,2,0.2222,-38618.58,-3.8619,0.0,-1.9048,-3.8096,6,0.6667,64504.73,6.4505,50.0,1.1298,6.7788,1,0.1111,-18863.72,-1.8864,0.0,-1.9048,-1.9048
9d26ef5b,bull,s63|s21|s26,3,0.0785063465,0.0168697999,13.6394,0.0,-3.8888,3,66.6667,0.014573,2,0.6667,160899.07,16.0899,100.0,7.8506,15.7013,1,0.3333,-18115.67,-1.8116,0.0,-1.687,-1.687,0,0.0,0.0,0.0,0.0,0.0,0.0
d2b54883,bull,s93|s14|s84,3,0.0312728668,0.0192424352,-9.4855,0.0,-17.571,35,37.1429,0.014542,18,0.5143,-52707.32,-5.2707,33.3333,-0.2404,-4.3272,7,0.2,67050.83,6.7051,57.1429,0.9623,6.7364,10,0.2857,-37040.27,-3.704,30.0,-0.4088,-4.0878
c34c9f78,bull,s88|s96,2,0.0438584897,0.0184383752,-4.2817,0.0,-16.9736,29,31.0345,0.014532,11,0.3793,35938.14,3.5938,36.3636,0.4215,4.6365,8,0.2759,-82574.32,-8.2574,12.5,-1.0651,-8.521,10,0.3448,58882.76,5.8883,40.0,0.648,6.4804
5e527a69,bear,s72|s57|s66,3,0.0223036443,0.0141020197,-9.4781,0.0,-16.399,33,36.3636,0.014508,17,0.5152,-89747.21,-8.9747,23.5294,-0.5536,-9.4112,6,0.1818,21626.8,2.1627,50.0,0.4101,2.4605,10,0.303,34197.44,3.4197,50.0,0.4101,4.1008
5ef09fc5,bear,s28|s89|s80,3,0.059401541,0.0107822215,0.457,0.0,-8.1497,21,19.0476,0.014499,13,0.619,-73842.69,-7.3843,7.6923,-0.5383,-6.9985,3,0.1429,-32495.44,-3.2495,0.0,-1.0782,-3.2347,5,0.2381,152333.41,15.2333,60.0,3.1328,15.664
b8cc14be,bear,s56|s29|s27,3,0.0662844383,0.0150793755,2.7092,0.0,-20.0786,40,22.5,0.014481,13,0.325,-47905.05,-4.7905,15.3846,-0.2562,-3.3304,9,0.225,-62227.01,-6.2227,11.1111,-0.6039,-5.4351,18,0.45,219165.0,21.9165,33.3333,1.2042,21.6754
ee975c73,bull,s48|s84|s6,3,0.041660766,0.0165832672,-4.4057,0.0,-14.903,27,29.6296,0.014341,13,0.4815,72263.4,7.2263,38.4615,0.5818,7.5638,9,0.3333,-37448.38,-3.7448,22.2222,-0.364,-3.2761,5,0.1852,-24298.81,-2.4299,20.0,-0.4934,-2.4672
4c82df13,bear,s80|s85|s29|s13,4,0.06893051,0.0157609412,9.8178,0.0,-3.5178,4,50.0,0.014297,2,0.5,142201.45,14.2201,100.0,6.8931,13.7861,1,0.25,-17596.51,-1.7597,0.0,-1.5761,-1.5761,1,0.25,-17903.37,-1.7903,0.0,-1.5761,-1.5761
8119e23e,bear,s89|s25|s76,3,0.0195737865,0.0109146379,-4.6194,0.0,-6.2883,13,30.7692,0.014291,7,0.5385,14579.83,1.458,42.8571,0.2152,1.5063,4,0.3077,-12866.48,-1.2866,25.0,-0.3293,-1.317,2,0.1538,-22030.83,-2.2031,0.0,-1.0915,-2.1829
9ea4fdf3,bear,s85|s76|s101,3,0.0622076026,0.0142435017,2.8386,0.0,-8.9831,12,25.0,0.014257,6,0.5,64178.75,6.4179,33.3333,1.124,6.7441,3,0.25,31611.78,3.1612,33.3333,1.124,3.3721,3,0.25,-43087.77,-4.3088,0.0,-1.4244,-4.2731
d371759d,bear,s66|s37|s26,3,0.0330279622,0.0110751167,-0.0476,0.0,-6.2804,10,30.0,0.014194,6,0.6,-66406.62,-6.6407,0.0,-1.1075,-6.6451,2,0.2,20633.24,2.0633,50.0,1.0976,2.1953,2,0.2,65020.54,6.5021,100.0,3.3028,6.6056
1230681b,bear,s100|s77|s19|s51|s71,5,0.0715400922,0.0094024603,5.5461,0.0,-3.3783,9,22.2222,0.014169,3,0.3333,-28022.17,-2.8022,0.0,-0.9402,-2.8207,3,0.3333,-28994.25,-2.8994,0.0,-0.9402,-2.8207,3,0.3333,130488.54,13.0489,66.6667,4.4559,13.3678
30fcbecd,bull,s73|s64|s26,3,0.032665066,0.0141451743,-2.9901,0.0,-15.1825,19,31.5789,0.014147,9,0.4737,59123.0,5.9123,44.4444,0.6659,5.9934,4,0.2105,-14238.29,-1.4238,25.0,-0.2443,-0.977,6,0.3158,-36461.09,-3.6461,16.6667,-0.6343,-3.8061
b8a1f4b1,bear,s19|s50|s90|s98|s25,5,0.0530755183,0.0152169605,-1.36,0.0,-13.4076,24,25.0,0.014082,9,0.375,-7636.86,-0.7637,22.2222,-0.0041,-0.0368,5,0.2083,-8190.35,-0.819,20.0,-0.1558,-0.7792,10,0.4167,50782.97,5.0783,30.0,0.5271,5.2708
ffa9e788,bear,s22|s25,2,0.028031658,0.0170110874,-8.4814,0.0,-10.8581,21,33.3333,0.01407,2,0.0952,-32961.02,-3.2961,0.0,-1.7011,-3.4022,3,0.1429,-48676.15,-4.8676,0.0,-1.7011,-5.1033,16,0.7619,36376.82,3.6377,43.75,0.2695,4.3122
f3153107,bear,s19|s81|s26,3,0.047536276,0.0153913822,-0.6662,0.0,-5.1203,11,27.2727,0.014034,6,0.5455,-32099.33,-3.2099,16.6667,-0.4903,-2.9421,3,0.2727,78619.83,7.862,66.6667,2.656,7.9681,2,0.1818,-31182.0,-3.1182,0.0,-1.5391,-3.0783
62ba25ca,bear,s51|s99|s57,3,0.0509696222,0.0184768622,-0.1447,0.0,-6.4411,10,30.0,0.01402,8,0.8,-11309.71,-1.131,25.0,-0.1115,-0.8922,2,0.2,29448.37,2.9448,50.0,1.6246,3.2493,0,0.0,0.0,0.0,0.0,0.0,0.0
6b78db5f,bear,s29|s72|s23,3,0.0295365728,0.0145451468,-7.9563,0.0,-11.178,26,30.7692,0.014013,11,0.4231,57905.21,5.7905,45.4545,0.5492,6.0412,8,0.3077,-26943.15,-2.6943,25.0,-0.3525,-2.8198,7,0.2692,-59781.14,-5.9781,14.2857,-0.8248,-5.7734
09593599,bear,s76|s29|s26,3,0.0769111763,0.0146920214,8.0008,0.0,-5.1384,6,33.3333,0.013991,2,0.3333,58988.48,5.8988,50.0,3.111,6.2219,3,0.5,48354.76,4.8355,33.3333,1.5842,4.7527,1,0.1667,-14670.63,-1.4671,0.0,-1.4692,-1.4692
d0ea9d42,bull,s73|s59,2,0.0569928661,0.0121928445,9.6884,0.0,-1.9947,3,66.6667,0.013966,0,0.0,0.0,0.0,0.0,0.0,0.0,1,0.3333,59201.89,5.9202,100.0,5.6993,5.6993,2,0.6667,43961.05,4.3961,50.0,2.24,4.48
318e6724,bull,s73|s69|s45,3,0.0338335686,0.0103925207,-1.7881,0.0,-11.6925,19,26.3158,0.013953,8,0.4211,-43026.55,-4.3027,12.5,-0.4864,-3.8914,4,0.2105,49328.93,4.9329,50.0,1.1721,4.6882,7,0.3684,15943.41,1.5943,28.5714,0.2244,1.5705
a82c983f,bull,s21|s40|s58,3,0.0634422373,0.0124236308,3.8816,0.0,-18.3057,28,21.4286,0.013941,12,0.4286,144635.57,14.4636,33.3333,1.2865,15.438,6,0.2143,-71032.0,-7.1032,0.0,-1.2424,-7.4542,10,0.3571,17574.04,1.7574,20.0,0.275,2.7495
a85181f4,bull,s87|s55|s26,3,0.0734114269,0.019993851,14.7333,0.0,-3.6555,2,100.0,0.013919,2,1.0,151614.93,15.1615,100.0,7.3411,14.6823,0,0.0,0.0,0.0,0.0,0.0,0.0,0,0.0,0.0,0.0,0.0,0.0,0.0
5ca771b7,bull,s78|s59|s38|s40,4,0.0553375757,0.0141306571,9.1306,0.0,-1.6095,3,66.6667,0.013902,1,0.3333,57180.29,5.718,100.0,5.5338,5.5338,1,0.3333,54363.24,5.4363,100.0,5.5338,5.5338,1,0.3333,-14111.76,-1.4112,0.0,-1.4131,-1.4131
ee9b240e,bear,s80|s72,2,0.0458199627,0.0122803824,-1.6459,0.0,-15.8814,37,24.3243,0.013871,14,0.3784,55133.71,5.5134,28.5714,0.432,6.0476,10,0.2703,-125229.77,-12.523,0.0,-1.228,-12.2804,13,0.3514,129528.14,12.9528,38.4615,1.0066,13.0857
829023c0,bull,s45|s42|s21,3,0.0313796485,0.0108660335,-5.4434,0.0,-10.1392,27,25.9259,0.013817,13,0.4815,-57344.57,-5.7345,15.3846,-0.4367,-5.6767,7,0.2593,50157.04,5.0157,42.8571,0.7239,5.0675,7,0.2593,6679.98,0.668,28.5714,0.1204,0.8429
7d91f6d5,bear,s19|s13|s52,3,0.0706457763,0.0131104609,3.4649,0.0,-19.1789,46,19.5652,0.013817,15,0.3261,41138.51,4.1139,20.0,0.3641,5.4612,7,0.1522,-98164.01,-9.8164,0.0,-1.311,-9.1773,24,0.5217,192654.98,19.2655,25.0,0.7829,18.7886
dacd7992,bear,s101|s22|s16|s89|s50,5,0.0523282949,0.0197162657,-5.1047,0.0,-16.0833,38,28.9474,0.013812,12,0.3158,-29801.64,-2.9802,25.0,-0.1705,-2.0462,10,0.2632,-52038.68,-5.2039,20.0,-0.5307,-5.3074,16,0.4211,102407.82,10.2408,37.5,0.73,11.6807
7f018752,bear,s22|s76|s80|s31,4,0.0548062317,0.0159469995,8.8404,0.0,-1.7924,3,66.6667,0.013799,0,0.0,0.0,0.0,0.0,0.0,0.0,0,0.0,0.0,0.0,0.0,0.0,0.0,3,1.0,94328.63,9.4329,66.6667,3.1222,9.3665
5a1eb4cb,bear,s56|s16|s29|s66,4,0.0344609108,0.0103860898,-2.6863,0.0,-9.9711,20,25.0,0.013737,8,0.4,50833.6,5.0834,37.5,0.6432,5.1452,8,0.4,-38161.08,-3.8161,12.5,-0.478,-3.8242,4,0.2,1244.85,0.1245,25.0,0.0826,0.3303
9ca7c543,bear,s13|s86|s26,3,0.0472972964,0.0145413465,-0.6087,0.0,-10.5913,15,26.6667,0.013737,8,0.5333,65182.06,6.5182,37.5,0.8648,6.9185,6,0.4,-27999.67,-2.8,16.6667,-0.4235,-2.5409,1,0.0667,-13784.96,-1.3785,0.0,-1.4541,-1.4541
4872840a,bull,s75|s33|s30|s87,4,0.0424212275,0.0143082676,-4.9766,0.0,-10.8335,27,25.9259,0.0137,12,0.4444,-4895.57,-0.4896,25.0,-0.0126,-0.1511,12,0.4444,-5365.8,-0.5366,25.0,-0.0126,-0.1511,3,0.1111,12739.98,1.274,33.3333,0.4602,1.3805
e6c7d351,bear,s61|s16|s26,3,0.0336335888,0.0168503032,-8.59,0.0,-19.2873,68,35.2941,0.01366,24,0.3529,39776.77,3.9777,37.5,0.2081,4.9948,12,0.1765,2109.38,0.2109,33.3333,-0.0022,-0.0268,32,0.4706,9565.94,0.9566,34.375,0.0504,1.6113
7e94953a,bear,s37|s61|s100|s97,4,0.0465838326,0.011550262,6.1746,0.0,-1.3539,4,50.0,0.013651,3,0.75,23944.54,2.3945,33.3333,0.7828,2.3483,1,0.25,45900.39,4.59,100.0,4.6584,4.6584,0,0.0,0.0,0.0,0.0,0.0,0.0
c7bde22f,bear,s29|s19,2,0.0452390598,0.0153628584,-1.5825,0.0,-13.0636,18,27.7778,0.013613,7,0.3889,130071.3,13.0071,57.1429,1.9267,13.4868,6,0.3333,-27914.32,-2.7914,16.6667,-0.5263,-3.1575,5,0.2778,-81764.52,-8.1765,0.0,-1.5363,-7.6814
f0ce4e70,bear,s77|s56|s26,3,0.0744172005,0.0147775746,3.3275,0.0,-18.3563,34,20.5882,0.013604,11,0.3235,-85228.44,-8.5228,9.0909,-0.6669,-7.3359,5,0.1471,3897.82,0.3898,20.0,0.3061,1.5307,18,0.5294,185907.23,18.5907,27.7778,0.9999,17.9978
2a8209b3,bear,s51|s71|s31|s101,4,0.059563489,0.0126107009,5.4533,0.0,-2.8953,6,33.3333,0.013575,1,0.1667,-12563.37,-1.2563,0.0,-1.2611,-1.2611,3,0.5,-38819.57,-3.882,0.0,-1.2611,-3.7832,2,0.3333,117959.33,11.7959,100.0,5.9563,11.9127
ea9d85e7,bull,s88|s92|s58|s15,4,0.0613333119,0.0153171159,-0.1848,0.0,-5.4598,13,23.0769,0.013549,6,0.4615,-17396.92,-1.7397,16.6667,-0.2542,-1.5252,4,0.3077,13589.97,1.359,25.0,0.3845,1.5382,3,0.2308,28361.17,2.8361,33.3333,1.0233,3.0699
79c141e7,bear,s37|s22,2,0.0721271948,0.0138202931,2.8411,0.0,-9.1046,14,21.4286,0.013534,1,0.0714,-13550.15,-1.355,0.0,-1.382,-1.382,4,0.2857,-52559.51,-5.256,0.0,-1.382,-5.5281,9,0.6429,121881.48,12.1881,33.3333,1.4829,13.346
eb4518d1,bull,s93|s38|s9|s45,4,0.0475899482,0.0121418578,7.7442,0.0,-1.8896,3,66.6667,0.013518,1,0.3333,-13240.46,-1.324,0.0,-1.2142,-1.2142,1,0.3333,49626.12,4.9626,100.0,4.759,4.759,1,0.3333,47398.13,4.7398,100.0,4.759,4.759
22171bef,bear,s37|s18|s86|s49|s101,5,0.073533758,0.0163229914,6.1761,0.0,-25.6896,82,21.9512,0.013489,30,0.3659,-7066.46,-0.7066,20.0,0.1648,4.9451,13,0.1585,66638.71,6.6639,23.0769,0.4413,5.7371,39,0.4756,174315.44,17.4315,23.0769,0.4413,17.2114
0e373b08,bull,s69|s59,2,0.0544364158,0.0108444126,1.1008,0.0,-6.845,14,21.4286,0.013483,5,0.3571,-55879.13,-5.5879,0.0,-1.0844,-5.4222,4,0.2857,21525.59,2.1526,25.0,0.5476,2.1903,5,0.3571,74329.26,7.4329,40.0,1.5268,7.634
2def2aec,bear,s66|s90|s100,3,0.0551013869,0.0189417151,0.7116,0.0,-8.543,10,30.0,0.013443,6,0.6,-43321.31,-4.3321,16.6667,-0.6601,-3.9607,1,0.1,-17716.7,-1.7717,0.0,-1.8942,-1.8942,3,0.3,87513.85,8.7514,66.6667,3.042,9.1261
a188e5fc,bull,s73|s38|s93,3,0.0465226718,0.0134949526,7.3848,0.0,-1.9345,3,66.6667,0.013424,2,0.6667,31670.27,3.167,50.0,1.6514,3.3028,1,0.3333,48513.18,4.8513,100.0,4.6523,4.6523,0,0.0,0.0,0.0,0.0,0.0,0.0
c46abd90,bull,s40|s3|s26,3,0.0564946078,0.0110187343,1.5111,0.0,-7.4779,14,21.4286,0.013411,7,0.5,120245.63,12.0246,42.8571,1.7916,12.5409,2,0.1429,-21871.77,-2.1872,0.0,-1.1019,-2.2037,5,0.3571,-55297.78,-5.5298,0.0,-1.1019,-5.5094
a082ec0f,bull,s45|s63|s88,3,0.0447386521,0.0134152325,8.6956,0.0,-0.0,2,100.0,0.013391,0,0.0,0.0,0.0,0.0,0.0,0.0,1,0.5,46562.77,4.6563,100.0,4.4739,4.4739,1,0.5,44558.33,4.4558,100.0,4.4739,4.4739
5b74ecd2,bear,s51|s90|s26,3,0.0498848073,0.0092437299,0.6122,0.0,-9.6593,20,20.0,0.013388,13,0.65,-4914.17,-0.4914,15.3846,-0.0147,-0.1911,3,0.15,29056.68,2.9057,33.3333,1.0466,3.1397,4,0.2,20956.74,2.0957,25.0,0.5538,2.2154
976ef49d,bear,s61|s98|s25|s57,4,0.0772064742,0.0151544937,2.7531,0.0,-9.1887,14,21.4286,0.013365,8,0.5714,57294.53,5.7295,25.0,0.7936,6.3486,3,0.2143,-45890.15,-4.589,0.0,-1.5154,-4.5463,3,0.2143,43924.34,4.3924,33.3333,1.5632,4.6897
5c7e918c,bull,s46|s3,2,0.0230472776,0.0135134221,-7.5136,0.0,-9.8776,19,31.5789,0.013319,5,0.2632,-30521.67,-3.0522,20.0,-0.6201,-3.1006,7,0.3684,-56419.11,-5.6419,14.2857,-0.829,-5.8033,7,0.3684,48869.41,4.8869,57.1429,0.7378,5.1649
539e338a,bull,s21|s92|s26,3,0.0514515368,0.0148894013,8.2352,0.0,-3.6558,3,66.6667,0.013318,2,0.6667,104177.59,10.4178,100.0,5.1452,10.2903,1,0.3333,-15592.59,-1.5593,0.0,-1.4889,-1.4889,0,0.0,0.0,0.0,0.0,0.0,0.0
e985864f,bear,s99|s19,2,0.0485356702,0.0149905639,-0.0618,0.0,-7.0509,11,27.2727,0.013292,7,0.6364,17943.19,1.7943,28.5714,0.316,2.2119,4,0.3636,3250.78,0.3251,25.0,0.0891,0.3564,0,0.0,0.0,0.0,0.0,0.0,0.0
84451a6a,bear,s49|s16|s89,3,0.0672517869,0.0107732631,2.2719,0.0,-7.9517,16,18.75,0.013274,6,0.375,9406.78,0.9407,16.6667,0.2231,1.3385,5,0.3125,23671.42,2.3671,20.0,0.4832,2.4159,5,0.3125,21193.08,2.1193,20.0,0.4832,2.4159
597e2e56,bear,s37|s81,2,0.0376345722,0.0177654445,-7.0534,0.0,-15.7159,35,31.4286,0.013247,20,0.5714,25827.48,2.5827,35.0,0.1625,3.2491,6,0.1714,1198.1,0.1198,33.3333,0.0701,0.4207,9,0.2571,-48146.42,-4.8146,22.2222,-0.5454,-4.9089
a10251d0,bear,s13|s101|s26,3,0.0682723895,0.0198602476,-1.8912,0.0,-16.367,36,25.0,0.013201,12,0.3333,-78649.57,-7.865,16.6667,-0.5171,-6.2058,4,0.1111,-80348.77,-8.0349,0.0,-1.986,-7.9441,20,0.5556,214192.54,21.4193,35.0,1.0986,21.9724
5df0c6f2,bull,s63|s8|s26,3,0.0645544063,0.0197925311,2.8117,0.0,-11.8482,10,30.0,0.01314,6,0.6,130846.64,13.0847,50.0,2.2381,13.4286,2,0.2,-42188.69,-4.2189,0.0,-1.9793,-3.9585,2,0.2,-40360.92,-4.0361,0.0,-1.9793,-3.9585
02fe1ce3,bear,s77|s100|s20|s49|s86,5,0.0240740723,0.008606422,-4.9253,0.0,-7.501,20,25.0,0.013118,11,0.55,-30033.46,-3.0033,18.1818,-0.2665,-2.931,6,0.3,-18838.5,-1.8839,16.6667,-0.316,-1.8958,3,0.15,38236.38,3.8236,66.6667,1.3181,3.9542
a5e6b53d,bull,s92|s84|s39|s47,4,0.0504860171,0.0160510885,5.9749,0.0,-3.5665,4,50.0,0.013056,1,0.25,-17595.21,-1.7595,0.0,-1.6051,-1.6051,2,0.5,35561.85,3.5562,50.0,1.7217,3.4435,1,0.25,50282.53,5.0283,100.0,5.0486,5.0486
5f775ab5,bull,s47|s91,2,0.0764153892,0.014301003,8.0629,0.0,-7.8948,6,33.3333,0.013028,1,0.1667,-14275.27,-1.4275,0.0,-1.4301,-1.4301,1,0.1667,-14821.55,-1.4822,0.0,-1.4301,-1.4301,4,0.6667,122011.17,12.2011,50.0,3.1057,12.4229
cfd4dfdc,bear,s89|s76|s28,3,0.0679346284,0.0095775407,4.7284,0.0,-4.5423,9,22.2222,0.012952,4,0.4444,-37830.01,-3.783,0.0,-0.9578,-3.831,3,0.3333,-29190.3,-2.919,0.0,-0.9578,-2.8733,2,0.2222,132124.45,13.2124,100.0,6.7935,13.5869
57398107,bear,s23|s99|s89,3,0.0377250672,0.0129602402,-2.5048,0.0,-8.939,15,26.6667,0.012949,11,0.7333,6915.33,0.6915,27.2727,0.0863,0.9493,3,0.2,-39978.63,-3.9979,0.0,-1.296,-3.8881,1,0.0667,38190.85,3.8191,100.0,3.7725,3.7725
4bffaee0,bear,s51|s20|s76,3,0.0243282715,0.0159159563,-6.7847,0.0,-9.9077,15,33.3333,0.012941,7,0.4667,-31216.67,-3.1217,28.5714,-0.4418,-3.0923,6,0.4,-54849.0,-5.4849,16.6667,-0.9209,-5.5252,2,0.1333,47933.26,4.7933,100.0,2.4328,4.8657
73d8df54,bull,s91|s95|s84|s42,4,0.0232594691,0.0138169538,-9.5389,0.0,-12.6292,27,33.3333,0.012937,13,0.4815,3139.17,0.3139,38.4615,0.0443,0.5762,8,0.2963,479.05,0.0479,37.5,0.0087,0.0694,6,0.2222,-44726.57,-4.4727,16.6667,-0.7638,-4.5825
ea1ff725,bull,s38|s58|s73|s68,4,0.0345086307,0.0081760571,4.4314,0.0,-2.0187,4,50.0,0.012934,2,0.5,25783.77,2.5784,50.0,1.3166,2.6333,1,0.25,35568.29,3.5568,100.0,3.4509,3.4509,1,0.25,-8698.5,-0.8698,0.0,-0.8176,-0.8176
7b51b491,bear,s100|s28|s25|s17|s86,5,0.0789457027,0.0133004195,9.0222,0.0,-9.4386,6,33.3333,0.012933,4,0.6667,34954.38,3.4954,25.0,0.9761,3.9044,1,0.1667,79723.03,7.9723,100.0,7.8946,7.8946,1,0.1667,-12867.4,-1.2867,0.0,-1.33,-1.33
3c5a03e8,bear,s80|s97|s22,3,0.0514809871,0.0177873906,5.8174,0.0,-3.9125,4,50.0,0.012923,0,0.0,0.0,0.0,0.0,0.0,0.0,1,0.25,-17729.15,-1.7729,0.0,-1.7787,-1.7787,3,0.75,83717.1,8.3717,66.6667,2.8392,8.5175
efc4f12e,bear,s13|s77,2,0.0630503033,0.0116845841,0.1698,0.0,-13.3275,37,18.9189,0.012916,7,0.1892,-10795.1,-1.0795,14.2857,-0.1008,-0.7057,6,0.1622,10.8,0.0011,16.6667,0.0771,0.4627,24,0.6486,85791.82,8.5792,20.8333,0.3885,9.3244
f8da4edc,bull,s38|s45,2,0.0310578238,0.0089309635,4.7177,0.0,-1.5706,3,66.6667,0.01285,1,0.3333,-9431.7,-0.9432,0.0,-0.8931,-0.8931,1,0.3333,31886.48,3.1886,100.0,3.1058,3.1058,1,0.3333,30932.64,3.0933,100.0,3.1058,3.1058
4bd26296,bear,s56|s100|s66,3,0.0298846584,0.0199024266,5.6487,0.0,-0.5861,2,100.0,0.012833,1,0.5,29796.35,2.9796,100.0,2.9885,2.9885,1,0.5,30676.8,3.0677,100.0,2.9885,2.9885,0,0.0,0.0,0.0,0.0,0.0,0.0
6f2c1ae4,bear,s67|s100|s56,3,0.028784005,0.0104130773,5.4178,0.0,-0.5861,2,100.0,0.012797,1,0.5,28698.95,2.8699,100.0,2.8784,2.8784,1,0.5,29462.31,2.9462,100.0,2.8784,2.8784,0,0.0,0.0,0.0,0.0,0.0,0.0
db074587,bear,s77|s25|s49|s66|s90,5,0.0431396591,0.0084413015,3.9358,0.0,-3.0936,6,33.3333,0.012775,2,0.3333,-16734.63,-1.6735,0.0,-0.8441,-1.6883,3,0.5,26252.48,2.6252,33.3333,0.8752,2.6257,1,0.1667,41647.53,4.1648,100.0,4.314,4.314
8f0b5347,bear,s22|s80,2,0.0488190142,0.0176278992,5.3165,0.0,-3.8809,4,50.0,0.01277,0,0.0,0.0,0.0,0.0,0.0,0.0,1,0.25,-17570.18,-1.757,0.0,-1.7628,-1.7628,3,0.75,78550.06,7.855,66.6667,2.667,8.001
50fbf9b2,bear,s98|s50|s81|s20|s31,5,0.0548358451,0.0172116145,-0.0872,0.0,-7.8076,11,27.2727,0.01277,4,0.3636,310.94,0.0311,25.0,0.08,0.3201,2,0.1818,-34669.94,-3.467,0.0,-1.7212,-3.4423,5,0.4545,55704.81,5.5705,40.0,1.1607,5.8037
23919f23,bull,s9|s48|s83,3,0.0319904161,0.0083496235,3.8908,0.0,-2.0522,4,50.0,0.012753,0,0.0,0.0,0.0,0.0,0.0,0.0,3,0.75,55621.53,5.5622,66.6667,1.8544,5.5631,1,0.25,-8570.98,-0.8571,0.0,-0.835,-0.835
65d4e0a7,bear,s62|s49|s19|s23|s17,5,0.0286376537,0.017207441,5.3925,0.0,-0.9369,2,100.0,0.01275,2,1.0,57911.58,5.7912,100.0,2.8638,5.7275,0,0.0,0.0,0.0,0.0,0.0,0.0,0,0.0,0.0,0.0,0.0,0.0,0.0
d1da2971,bear,s37|s89|s76,3,0.0501149087,0.0191125324,-5.7555,0.0,-15.6835,38,28.9474,0.012745,18,0.4737,-75038.81,-7.5039,22.2222,-0.3729,-6.7116,8,0.2105,51433.47,5.1433,37.5,0.6848,5.4782,12,0.3158,41726.9,4.1727,33.3333,0.3963,4.7559
e19f82a7,bear,s80|s49|s100,3,0.0302975222,0.0120761774,4.247,0.0,-1.6279,3,66.6667,0.012726,2,0.6667,17822.25,1.7822,50.0,0.9111,1.8221,1,0.3333,30668.95,3.0669,100.0,3.0298,3.0298,0,0.0,0.0,0.0,0.0,0.0,0.0
4a8190c5,bull,s95|s59|s26,3,0.030877274,0.0138509749,5.8361,0.0,-1.8173,2,100.0,0.012716,2,1.0,62469.65,6.247,100.0,3.0877,6.1755,0,0.0,0.0,0.0,0.0,0.0,0.0,0,0.0,0.0,0.0,0.0,0.0,0.0
030f3b9a,bear,s51|s16,2,0.0747839249,0.0100870754,4.4126,0.0,-4.7417,10,20.0,0.012685,6,0.6,19583.5,1.9584,16.6667,0.4058,2.4349,3,0.3,-31478.56,-3.1479,0.0,-1.0087,-3.0261,1,0.1,76318.56,7.6319,100.0,7.4784,7.4784
4c65958e,bull,s73|s78,2,0.0286308793,0.0093960739,2.9926,0.0,-1.1374,4,50.0,0.012685,0,0.0,0.0,0.0,0.0,0.0,0.0,2,0.5,19357.0,1.9357,50.0,0.9617,1.9235,2,0.5,18756.94,1.8757,50.0,0.9617,1.9235
bd077dda,bear,s86|s22|s17,3,0.0241694228,0.0124570519,-6.9554,0.0,-14.2711,25,32.0,0.012683,9,0.36,29581.05,2.9581,44.4444,0.3821,3.4392,6,0.24,-1753.15,-0.1753,33.3333,-0.0248,-0.1489,10,0.4,-49548.73,-4.9549,20.0,-0.5132,-5.1318
1439bc66,bull,s38|s40,2,0.022802239,0.0108408704,-2.8178,0.0,-5.115,10,30.0,0.012677,3,0.3,594.46,0.0594,33.3333,0.0373,0.112,1,0.1,-10493.95,-1.0494,0.0,-1.0841,-1.0841,6,0.6,1119.8,0.112,33.3333,0.0373,0.2241
753bc5d4,bull,s87|s36,2,0.0696978031,0.0116938482,1.3681,0.0,-10.4038,22,18.1818,0.012675,14,0.6364,-4806.3,-0.4806,14.2857,-0.0066,-0.0931,5,0.2273,-60038.03,-6.0038,0.0,-1.1694,-5.8469,3,0.1364,123277.06,12.3277,66.6667,4.2567,12.7702
9b4ca38c,bull,s30|s6|s14|s21,4,0.0648263165,0.0144731877,-0.4976,0.0,-14.1608,33,21.2121,0.012648,13,0.3939,115907.52,11.5908,30.7692,0.9927,12.9047,10,0.303,7593.36,0.7593,20.0,0.1387,1.3867,10,0.303,-65688.08,-6.5688,10.0,-0.6543,-6.5432
63cd1b0e,bull,s59|s3,2,0.0593669344,0.015953635,7.7949,0.0,-7.7929,4,50.0,0.012624,1,0.25,59227.82,5.9228,100.0,5.9367,5.9367,1,0.25,-17466.04,-1.7466,0.0,-1.5954,-1.5954,2,0.5,44798.01,4.4798,50.0,2.1707,4.3413
8d091d87,bear,s56|s76|s99|s100,4,0.0257886589,0.010869193,3.4567,0.0,-1.2865,3,66.6667,0.012598,2,0.6667,52033.28,5.2033,100.0,2.5789,5.1577,1,0.3333,-11378.36,-1.1378,0.0,-1.0869,-1.0869,0,0.0,0.0,0.0,0.0,0.0,0.0
c570a6dc,bull,s88|s45,2,0.0194044578,0.0086150195,3.4954,0.0,-0.0,2,100.0,0.012559,0,0.0,0.0,0.0,0.0,0.0,0.0,1,0.5,19687.81,1.9688,100.0,1.9404,1.9404,1,0.5,19326.25,1.9326,100.0,1.9404,1.9404
539e73fb,bear,s100|s37|s29|s25,4,0.0727322702,0.0095675868,4.4386,0.0,-4.9955,10,20.0,0.012554,6,0.6,21768.56,2.1769,16.6667,0.4149,2.4894,3,0.3,53523.71,5.3524,33.3333,1.7866,5.3597,1,0.1,-10440.14,-1.044,0.0,-0.9568,-0.9568
3d72c7b5,bear,s76|s100|s16|s67|s90,5,0.0311612501,0.0183010584,3.7627,0.0,-2.0284,3,66.6667,0.012538,2,0.6667,12268.34,1.2268,50.0,0.643,1.286,0,0.0,0.0,0.0,0.0,0.0,0.0,1,0.3333,31377.33,3.1377,100.0,3.1161,3.1161
26d8d000,bull,s83|s58,2,0.0253229603,0.015345402,4.7018,0.0,-1.9475,2,100.0,0.012519,2,1.0,51105.63,5.1106,100.0,2.5323,5.0646,0,0.0,0.0,0.0,0.0,0.0,0.0,0,0.0,0.0,0.0,0.0,0.0,0.0
d953e5e3,bull,s8|s83|s43|s54,4,0.0215231864,0.0106754543,-8.3707,0.0,-10.7442,27,29.6296,0.012514,9,0.3333,28887.23,2.8887,44.4444,0.3635,3.2715,11,0.4074,-51597.55,-5.1598,18.1818,-0.4821,-5.3033,7,0.2593,-9955.32,-0.9955,28.5714,-0.1476,-1.0331
d783d148,bull,s92|s46|s68,3,0.0357898023,0.0195024613,-0.8993,0.0,-10.2725,8,37.5,0.012494,4,0.5,-24428.98,-2.4429,25.0,-0.5679,-2.2718,1,0.125,38146.35,3.8146,100.0,3.579,3.579,3,0.375,-5950.61,-0.5951,33.3333,-0.1072,-0.3215
40495c4f,bear,s23|s29|s57,3,0.0743482395,0.0141406494,5.9842,0.0,-6.8597,7,28.5714,0.01247,4,0.5714,121768.11,12.1768,50.0,3.0104,12.0415,2,0.2857,-31423.89,-3.1424,0.0,-1.4141,-2.8281,1,0.1429,-15700.85,-1.5701,0.0,-1.4141,-1.4141
f695e1bf,bear,s23|s51|s90,3,0.074547928,0.0164833492,4.7725,0.0,-5.4337,7,28.5714,0.01239,4,0.5714,20699.36,2.0699,25.0,0.6274,2.5098,1,0.1429,-17886.61,-1.7887,0.0,-1.6483,-1.6483,2,0.2857,58931.97,5.8932,50.0,2.9032,5.8065
729a9085,bear,s100|s25|s56|s19,4,0.0707921238,0.0124562284,2.9107,0.0,-17.2287,37,18.9189,0.012368,14,0.3784,-18284.49,-1.8284,14.2857,-0.0564,-0.789,6,0.1622,-80570.02,-8.057,0.0,-1.2456,-7.4737,17,0.4595,207535.55,20.7536,29.4118,1.2029,20.4486
b9828fa3,bull,s63|s95|s2|s5,4,0.040018227,0.0199031515,3.059,0.0,-2.6786,4,50.0,0.012336,2,0.5,80385.35,8.0385,100.0,4.0018,8.0036,1,0.25,-20946.09,-2.0946,0.0,-1.9903,-1.9903,1,0.25,-20616.43,-2.0616,0.0,-1.9903,-1.9903
f534cda0,bear,s99|s89|s23|s56,4,0.0221003725,0.0090712562,1.7688,0.0,-1.1057,4,50.0,0.012301,3,0.75,35075.45,3.5075,66.6667,1.171,3.5129,1,0.25,-9315.34,-0.9315,0.0,-0.9071,-0.9071,0,0.0,0.0,0.0,0.0,0.0,0.0
b6cf343d,bear,s66|s29|s18|s23|s76,5,0.0665351684,0.0169470021,4.966,0.0,-5.791,6,33.3333,0.012299,2,0.3333,46746.5,4.6746,50.0,2.4794,4.9588,3,0.5,32347.51,3.2348,33.3333,1.088,3.2641,1,0.1667,-16922.32,-1.6922,0.0,-1.6947,-1.6947
2160642d,bear,s80|s31|s56|s19,4,0.0335733941,0.0091034698,-5.8018,0.0,-11.3137,47,23.4043,0.012281,18,0.383,-37471.35,-3.7471,16.6667,-0.1991,-3.5832,10,0.2128,-7083.35,-0.7083,20.0,-0.0568,-0.5681,19,0.4043,76914.17,7.6914,31.5789,0.4373,8.3095
cf95b1db,bear,s19|s28|s29|s99,4,0.0673273475,0.0170051837,5.0898,0.0,-6.0263,6,33.3333,0.012274,4,0.6667,95713.11,9.5713,50.0,2.5161,10.0644,2,0.3333,-32975.37,-3.2975,0.0,-1.7005,-3.401,0,0.0,0.0,0.0,0.0,0.0,0.0
233f7d00,bear,s85|s80|s56,3,0.0774108016,0.0199117263,3.8371,0.0,-21.6059,24,25.0,0.012255,9,0.375,-4378.53,-0.4379,22.2222,0.1716,1.544,7,0.2917,-152587.44,-15.2587,0.0,-1.9912,-13.9382,8,0.3333,247551.26,24.7551,50.0,2.875,22.9996
de2ecea1,bear,s89|s50|s25|s81,4,0.030847472,0.0148315541,2.3178,0.0,-2.1322,4,50.0,0.01223,2,0.5,15440.07,1.544,50.0,0.8008,1.6016,2,0.5,15753.46,1.5753,50.0,0.8008,1.6016,0,0.0,0.0,0.0,0.0,0.0,0.0
67fe413b,bear,s77|s100|s20|s62,4,0.0346775946,0.0145906958,3.1251,0.0,-3.2851,4,50.0,0.012212,2,0.5,19331.93,1.9332,50.0,1.0043,2.0087,0,0.0,0.0,0.0,0.0,0.0,0.0,2,0.5,20150.83,2.0151,50.0,1.0043,2.0087
7a7bfdfb,bear,s100|s99|s62|s50,4,0.0303789686,0.0156618211,2.0531,0.0,-1.9865,4,50.0,0.01218,3,0.75,-1241.08,-0.1241,33.3333,-0.0315,-0.0945,1,0.25,29790.41,2.979,100.0,3.0379,3.0379,0,0.0,0.0,0.0,0.0,0.0,0.0
d52cc43a,bear,s17|s62|s13,3,0.0190375996,0.0118036934,-7.6129,0.0,-10.7526,19,31.5789,0.01217,9,0.4737,-11974.74,-1.1975,33.3333,-0.1523,-1.3709,5,0.2632,32345.31,3.2345,60.0,0.6701,3.3505,5,0.2632,-58858.71,-5.8859,0.0,-1.1804,-5.9018
d27a96c5,bull,s83|s44,2,0.0334434477,0.0111136955,2.2495,0.0,-2.5982,5,40.0,0.01212,3,0.6,10863.35,1.0863,33.3333,0.3739,1.1216,0,0.0,0.0,0.0,0.0,0.0,0.0,2,0.4,21912.93,2.1913,50.0,1.1165,2.233
f67a4e59,bear,s13|s100|s86,3,0.0765330456,0.0138656552,4.0546,0.0,-12.4878,14,21.4286,0.012051,10,0.7143,123533.9,12.3534,30.0,1.3254,13.254,3,0.2143,-41985.75,-4.1986,0.0,-1.3866,-4.1597,1,0.0714,-13182.96,-1.3183,0.0,-1.3866,-1.3866
3d93e824,bear,s89|s61|s67|s80,4,0.0365237959,0.0083530697,1.6042,0.0,-2.0571,7,28.5714,0.012034,4,0.5714,55704.11,5.5704,50.0,1.4085,5.6341,1,0.1429,-8561.2,-0.8561,0.0,-0.8353,-0.8353,2,0.2857,-16975.79,-1.6976,0.0,-0.8353,-1.6706
aef71823,bear,s71|s62|s80|s52,4,0.0473033191,0.0176309187,2.9506,0.0,-3.885,5,40.0,0.012015,1,0.2,45416.51,4.5417,100.0,4.7303,4.7303,2,0.4,28756.93,2.8757,50.0,1.4836,2.9672,2,0.4,-34860.87,-3.4861,0.0,-1.7631,-3.5262
f40da0a4,bear,s66|s37|s99|s101,4,0.0604854684,0.0143387613,0.5758,0.0,-8.4442,13,23.0769,0.012012,10,0.7692,-466.08,-0.0466,20.0,0.0626,0.6261,3,0.2308,32520.82,3.2521,33.3333,1.0603,3.1808,0,0.0,0.0,0.0,0.0,0.0,0.0
526d006b,bear,s16|s97|s90|s56,4,0.0491494668,0.0083232647,3.033,0.0,-4.0614,8,25.0,0.011992,3,0.375,31419.15,3.1419,33.3333,1.0834,3.2503,3,0.375,32970.65,3.2971,33.3333,1.0834,3.2503,2,0.25,-17572.41,-1.7572,0.0,-0.8323,-1.6647
112aa780,bull,s21|s42|s96|s79,4,0.0485099314,0.0133067654,-0.5269,0.0,-7.7326,12,25.0,0.011927,5,0.4167,-7230.95,-0.7231,20.0,-0.0943,-0.4717,4,0.3333,7985.25,0.7985,25.0,0.2147,0.859,3,0.25,21630.17,2.163,33.3333,0.7299,2.1896
2bba3995,bull,s24|s6|s38|s95,4,0.0583993462,0.0083349633,0.1096,0.0,-8.1998,25,16.0,0.011919,12,0.48,31852.15,3.1852,16.6667,0.2787,3.3449,6,0.24,14403.55,1.4404,16.6667,0.2787,1.6725,7,0.28,5733.46,0.5733,14.2857,0.1199,0.839
e098673a,bull,s94|s63|s95|s82,4,0.0511644503,0.0113633802,4.291,0.0,-6.0694,6,33.3333,0.011875,2,0.3333,37685.64,3.7686,50.0,1.9901,3.9801,1,0.1667,-11349.27,-1.1349,0.0,-1.1363,-1.1363,3,0.5,28700.33,2.87,33.3333,0.9479,2.8438
c661eefd,bull,s38|s3,2,0.0314904003,0.01633347,-4.884,0.0,-9.0969,13,30.7692,0.011825,6,0.4615,43567.49,4.3567,50.0,0.7578,4.5471,3,0.2308,-48763.22,-4.8763,0.0,-1.6333,-4.9,4,0.3077,-17764.78,-1.7765,25.0,-0.4378,-1.751
b72bd8a8,bear,s99|s71,2,0.0631432809,0.0146001962,3.557,0.0,-5.2281,7,28.5714,0.011796,5,0.7143,-411.43,-0.0411,20.0,0.0948,0.4742,2,0.2857,50283.29,5.0283,50.0,2.4272,4.8543,0,0.0,0.0,0.0,0.0,0.0,0.0
dc8aec0f,bear,s66|s25|s26,3,0.0193007198,0.0128072189,0.447,0.0,-1.4796,4,50.0,0.011788,2,0.5,-26031.38,-2.6031,0.0,-1.2807,-2.5614,0,0.0,0.0,0.0,0.0,0.0,0.0,2,0.5,38548.25,3.8548,100.0,1.9301,3.8601
ab8e2c06,bear,s13|s67|s76,3,0.0559217798,0.0154237589,3.5264,0.0,-5.349,6,33.3333,0.011767,3,0.5,22913.69,2.2914,33.3333,0.8358,2.5074,3,0.5,24744.5,2.4744,33.3333,0.8358,2.5074,0,0.0,0.0,0.0,0.0,0.0,0.0
cf7a0495,bear,s90|s99|s26,3,0.0469587187,0.0180831083,-3.394,0.0,-15.631,25,28.0,0.011766,18,0.72,-135588.07,-13.5588,16.6667,-0.7243,-13.037,3,0.12,72950.81,7.2951,66.6667,2.5278,7.5834,4,0.16,54861.18,5.4861,50.0,1.4438,5.7751
3ff63be5,bear,s52|s17|s25|s85,4,0.0441893564,0.0164499524,-2.0764,0.0,-11.8046,14,28.5714,0.011759,6,0.4286,-38345.53,-3.8346,16.6667,-0.6343,-3.806,5,0.3571,94518.3,9.4518,60.0,1.9934,9.9668,3,0.2143,-49850.54,-4.9851,0.0,-1.645,-4.935
0ab02f77,bear,s51|s99|s23,3,0.0360838106,0.0095938482,2.0481,0.0,-3.4338,6,33.3333,0.011747,5,0.8333,-2388.04,-0.2388,20.0,-0.0458,-0.2292,1,0.1667,34729.66,3.473,100.0,3.6084,3.6084,0,0.0,0.0,0.0,0.0,0.0,0.0
6740ef42,bear,s90|s25|s57|s86,4,0.0445363354,0.0140241682,-0.4319,0.0,-8.9032,11,27.2727,0.011744,7,0.6364,16904.81,1.6905,28.5714,0.2707,1.8952,3,0.2727,14728.91,1.4729,33.3333,0.5496,1.6488,1,0.0909,-14167.25,-1.4167,0.0,-1.4024,-1.4024
feec2a5f,bear,s51|s90,2,0.0639311695,0.015363086,3.2984,0.0,-5.1144,7,28.5714,0.011699,4,0.5714,14442.85,1.4443,25.0,0.446,1.7842,1,0.1429,-16413.62,-1.6414,0.0,-1.5363,-1.5363,2,0.2857,48928.78,4.8929,50.0,2.4284,4.8568
98962e0d,bear,s61|s100,2,0.0574660601,0.0118724131,3.8906,0.0,-5.9086,7,28.5714,0.011697,4,0.5714,20273.76,2.0274,25.0,0.5462,2.1849,1,0.1429,-11977.59,-1.1978,0.0,-1.1872,-1.1872,2,0.2857,44899.23,4.4899,50.0,2.2797,4.5594
f581b7fc,bear,s67|s76|s20|s85|s13,5,0.0666480702,0.0191196499,4.0765,0.0,-6.4115,6,33.3333,0.011649,3,0.5,25326.1,2.5326,33.3333,0.947,2.8409,3,0.5,27919.85,2.792,33.3333,0.947,2.8409,0,0.0,0.0,0.0,0.0,0.0,0.0
82908df7,bull,s63|s39|s40,3,0.0308011332,0.0181452482,-7.5031,0.0,-16.3509,23,34.7826,0.01163,9,0.3913,25687.94,2.5688,44.4444,0.3609,3.2478,5,0.2174,3798.61,0.3799,40.0,0.1433,0.7167,9,0.3913,-62935.66,-6.2936,22.2222,-0.7268,-6.5414
e703fa4b,bull,s68|s6|s38|s73|s96,5,0.0788452038,0.019990024,-0.7734,0.0,-12.8876,22,22.7273,0.011627,9,0.4091,94505.16,9.4505,33.3333,1.2955,11.6595,5,0.2273,95998.37,9.5998,40.0,1.9544,9.772,8,0.3636,-154684.21,-15.4684,0.0,-1.999,-15.992
c982e323,bear,s18|s51|s25,3,0.0433324962,0.0175013994,-5.4726,0.0,-20.0951,64,31.25,0.011574,21,0.3281,-125476.43,-12.5476,19.0476,-0.5914,-12.4194,13,0.2031,66362.59,6.6363,38.4615,0.5896,7.6651,30,0.4688,128881.36,12.8881,36.6667,0.4804,14.4131
dc115f2c,bear,s99|s19|s76,3,0.0423329471,0.0170390207,-3.3368,0.0,-10.427,14,28.5714,0.011504,8,0.5714,-21387.3,-2.1387,25.0,-0.2196,-1.7568,6,0.4286,15648.86,1.5649,33.3333,0.2752,1.651,0,0.0,0.0,0.0,0.0,0.0,0.0
1262883f,bear,s98|s31|s27,3,0.0642763963,0.0110220197,0.0759,0.0,-11.1149,28,17.8571,0.011497,5,0.1786,-54141.39,-5.4141,0.0,-1.1022,-5.511,4,0.1429,26920.24,2.692,25.0,0.7803,3.121,19,0.6786,85594.18,8.5594,21.0526,0.483,9.1775
9fbca260,bear,s31|s90|s77|s85,4,0.0271942227,0.0102227598,1.2933,0.0,-3.6174,5,40.0,0.011432,0,0.0,0.0,0.0,0.0,0.0,0.0,1,0.2,27108.37,2.7108,100.0,2.7194,2.7194,4,0.8,-4169.45,-0.4169,25.0,-0.0869,-0.3474
a4d0556f,bear,s19|s76|s50|s29,4,0.0469557659,0.0130412565,-0.4446,0.0,-8.6829,12,25.0,0.011321,4,0.3333,65229.46,6.5229,50.0,1.6957,6.7829,7,0.5833,-31041.86,-3.1042,14.2857,-0.447,-3.1292,1,0.0833,-14192.86,-1.4193,0.0,-1.3041,-1.3041
e5c8ec32,bear,s80|s97|s13|s57,4,0.0318867089,0.0134099624,1.2354,0.0,-3.9998,5,40.0,0.011294,4,0.8,36203.02,3.6203,50.0,0.9238,3.6953,1,0.2,-13758.07,-1.3758,0.0,-1.341,-1.341,0,0.0,0.0,0.0,0.0,0.0,0.0
89e2a7dc,bear,s19|s99|s66,3,0.0256450802,0.0091121187,-5.9932,0.0,-6.9077,21,23.8095,0.011228,15,0.7143,33805.36,3.3805,33.3333,0.2474,3.7104,5,0.2381,-43956.36,-4.3956,0.0,-0.9112,-4.5561,1,0.0476,-8938.59,-0.8939,0.0,-0.9112,-0.9112
0efc2028,bull,s93|s68|s27,3,0.0241185257,0.0159975958,-4.2288,0.0,-6.9858,9,33.3333,0.011183,3,0.3333,-48316.52,-4.8317,0.0,-1.5998,-4.7993,3,0.3333,32420.99,3.2421,66.6667,1.0746,3.2239,3,0.3333,-8477.89,-0.8478,33.3333,-0.2626,-0.7877
668994cf,bear,s101|s23|s26,3,0.0292264613,0.0085059237,0.093,0.0,-2.0879,7,28.5714,0.011175,3,0.4286,-25740.95,-2.5741,0.0,-0.8506,-2.5518,2,0.2857,20150.03,2.015,50.0,1.036,2.0721,2,0.2857,20477.05,2.0477,50.0,1.036,2.0721
350afb59,bull,s58|s21,2,0.0376946246,0.0087167908,-2.116,0.0,-8.437,19,21.0526,0.011165,10,0.5263,4204.58,0.4205,20.0,0.0565,0.5655,4,0.2105,11502.75,1.1503,25.0,0.2886,1.1544,5,0.2632,1510.07,0.151,20.0,0.0565,0.2827
c34dd45b,bull,s93|s82|s36|s87,4,0.0711883647,0.0187008317,-0.8361,0.0,-7.6877,13,23.0769,0.011134,7,0.5385,43730.07,4.373,28.5714,0.6982,4.8873,3,0.2308,-57072.17,-5.7072,0.0,-1.8701,-5.6102,3,0.2308,30851.79,3.0852,33.3333,1.1262,3.3787
c40c84c9,bear,s37|s23|s90|s19,4,0.0460070022,0.0147442164,1.8821,0.0,-4.933,6,33.3333,0.011128,4,0.6667,-278.37,-0.0278,25.0,0.0444,0.1774,1,0.1667,47144.77,4.7145,100.0,4.6007,4.6007,1,0.1667,-15761.66,-1.5762,0.0,-1.4744,-1.4744
9263eaf7,bear,s86|s89|s80|s100,4,0.0256579105,0.011169199,0.6993,0.0,-3.8931,5,40.0,0.011112,4,0.8,28870.1,2.887,50.0,0.7244,2.8977,1,0.2,-11669.78,-1.167,0.0,-1.1169,-1.1169,0,0.0,0.0,0.0,0.0,0.0,0.0
cd556fb6,bull,s40|s87|s27,3,0.0431017076,0.0168893984,-6.8931,0.0,-14.8833,38,28.9474,0.011111,12,0.3158,93962.78,9.3963,41.6667,0.8107,9.7283,10,0.2632,-53982.62,-5.3983,20.0,-0.4891,-4.8912,16,0.4211,-34416.22,-3.4416,25.0,-0.1892,-3.0266
aabe8709,bear,s16|s71|s100|s85|s13,5,0.0249586635,0.0123743528,0.1986,0.0,-3.245,5,40.0,0.011106,3,0.6,37039.67,3.704,66.6667,1.2514,3.7543,1,0.2,-12552.58,-1.2553,0.0,-1.2374,-1.2374,1,0.2,-12453.1,-1.2453,0.0,-1.2374,-1.2374
c24c85ea,bear,s101|s67|s26,3,0.028779333,0.0086890173,-0.0827,0.0,-2.123,7,28.5714,0.011062,3,0.4286,-26259.51,-2.626,0.0,-0.8689,-2.6067,2,0.2857,19532.81,1.9533,50.0,1.0045,2.009,2,0.2857,19849.44,1.9849,50.0,1.0045,2.009
d3ff8365,bull,s82|s53|s47|s59,4,0.0568817472,0.0113942066,2.6109,0.0,-5.4403,8,25.0,0.01106,2,0.25,-23346.93,-2.3347,0.0,-1.1394,-2.2788,3,0.375,32773.35,3.2773,33.3333,1.1364,3.4093,3,0.375,33140.51,3.3141,33.3333,1.1364,3.4093
89659344,bear,s25|s18|s85|s89,4,0.0646067643,0.0132166772,2.9841,0.0,-5.9418,8,25.0,0.011058,3,0.375,36249.19,3.6249,33.3333,1.2724,3.8173,3,0.375,38699.08,3.8699,33.3333,1.2724,3.8173,2,0.25,-28664.02,-2.8664,0.0,-1.3217,-2.6433
ed886b07,bear,s66|s50|s89,3,0.0264038827,0.0103075442,-0.1351,0.0,-2.4418,6,33.3333,0.011056,4,0.6667,-5175.22,-0.5175,25.0,-0.113,-0.4519,1,0.1667,-10284.44,-1.0284,0.0,-1.0308,-1.0308,1,0.1667,25991.5,2.5991,100.0,2.6404,2.6404
f3427509,bear,s49|s61|s20,3,0.0262835069,0.0143623017,-9.5621,0.0,-20.4937,65,36.9231,0.01104,23,0.3538,-6236.81,-0.6237,34.7826,-0.0225,-0.5166,14,0.2154,41877.91,4.1878,42.8571,0.3057,4.2803,28,0.4308,830.89,0.0831,35.7143,0.0154,0.4314
127e6392,bull,s93|s6|s69|s21,4,0.0678568529,0.0082647992,3.5184,0.0,-6.1945,11,18.1818,0.011008,5,0.4545,109863.23,10.9863,40.0,2.2184,11.0919,3,0.2727,-25748.42,-2.5748,0.0,-0.8265,-2.4794,3,0.2727,-26111.44,-2.6111,0.0,-0.8265,-2.4794
4a9c7dfb,bear,s101|s61|s23|s13,4,0.0601272418,0.018001757,-1.6586,0.0,-18.2751,35,25.7143,0.010978,10,0.2857,-35277.94,-3.5278,20.0,-0.2376,-2.376,3,0.0857,17706.47,1.7706,33.3333,0.8041,2.4124,22,0.6286,74685.23,7.4685,27.2727,0.3306,7.2735
dac07f58,bull,s30|s83|s92|s3,4,0.0193545722,0.0103060526,-0.2695,0.0,-3.1431,5,40.0,0.010949,3,0.6,-1599.94,-0.16,33.3333,-0.0419,-0.1258,1,0.2,-10389.67,-1.039,0.0,-1.0306,-1.0306,1,0.2,19326.39,1.9326,100.0,1.9355,1.9355
00ac0692,bear,s101|s99,2,0.0684522445,0.0170426009,0.0822,0.0,-9.1528,13,23.0769,0.010946,10,0.7692,-7744.49,-0.7744,20.0,0.0056,0.0564,3,0.2308,35184.69,3.5185,33.3333,1.1456,3.4367,0,0.0,0.0,0.0,0.0,0.0,0.0
fc3b7d2c,bull,s9|s45|s83,3,0.0564845597,0.0107391856,2.9435,0.0,-6.1907,8,25.0,0.010912,3,0.375,-34681.73,-3.4682,0.0,-1.0739,-3.2218,3,0.375,36206.57,3.6207,33.3333,1.1669,3.5006,2,0.25,44802.47,4.4802,50.0,2.2873,4.5745
0b6217d3,bear,s99|s100|s71,3,0.0786565243,0.0119203383,3.6237,0.0,-6.7602,10,20.0,0.010843,8,0.8,-12516.11,-1.2516,12.5,-0.0598,-0.4786,2,0.2,69358.32,6.9358,50.0,3.3368,6.6736,0,0.0,0.0,0.0,0.0,0.0,0.0
0d6fafad,bull,s73|s93|s8,3,0.0533130167,0.0114808144,1.8708,0.0,-5.0266,8,25.0,0.010785,2,0.25,-23275.25,-2.3275,0.0,-1.1481,-2.2962,2,0.25,41786.11,4.1786,50.0,2.0916,4.1832,4,0.5,16583.59,1.6584,25.0,0.4718,1.8871
008b0496,bear,s66|s62|s99,3,0.0199247767,0.0128363689,-0.9239,0.0,-2.9434,5,40.0,0.010747,4,0.8,-18830.89,-1.8831,25.0,-0.4646,-1.8584,1,0.2,19606.35,1.9606,100.0,1.9925,1.9925,0,0.0,0.0,0.0,0.0,0.0,0.0
03a8c7af,bear,s56|s23|s76|s19,4,0.0555461725,0.0186708887,2.0952,0.0,-6.2873,6,33.3333,0.010742,3,0.5,15797.15,1.5797,33.3333,0.6068,1.8204,3,0.5,17509.33,1.7509,33.3333,0.6068,1.8204,0,0.0,0.0,0.0,0.0,0.0,0.0
8a99d259,bull,s40|s38|s79|s42|s54,5,0.0507923675,0.0178353451,1.5237,0.0,-5.6383,6,33.3333,0.010702,2,0.3333,30938.27,3.0938,50.0,1.6479,3.2957,1,0.1667,50038.03,5.0038,100.0,5.0792,5.0792,3,0.5,-53798.97,-5.3799,0.0,-1.7835,-5.3506
5a1939ee,bear,s29|s19|s49,3,0.0451436039,0.0134964123,-2.2889,0.0,-13.1,20,25.0,0.010618,8,0.4,120642.69,12.0643,50.0,1.5824,12.6589,7,0.35,-32133.62,-3.2134,14.2857,-0.5119,-3.5835,5,0.25,-71500.89,-7.1501,0.0,-1.3496,-6.7482
327815bc,bear,s29|s67|s25|s37,4,0.0648989528,0.0105691836,2.0913,0.0,-5.0913,10,20.0,0.010618,6,0.6,9538.49,0.9538,16.6667,0.2009,1.2053,3,0.3,43118.89,4.3119,33.3333,1.4587,4.3761,1,0.1,-11333.21,-1.1333,0.0,-1.0569,-1.0569
40240784,bear,s80|s72|s19|s90,4,0.0552297534,0.0143412978,0.0238,0.0,-18.09,29,24.1379,0.010579,11,0.3793,-27898.48,-2.7898,18.1818,-0.1692,-1.8612,7,0.2414,-33383.66,-3.3384,14.2857,-0.4403,-3.0818,11,0.3793,120457.3,12.0457,36.3636,1.0957,12.053
404b3e52,bull,s10|s63|s73,3,0.0334857076,0.0168092161,-3.9083,0.0,-7.1855,10,30.0,0.010562,4,0.4,-17434.53,-1.7435,25.0,-0.4235,-1.6942,2,0.2,15778.93,1.5779,50.0,0.8338,1.6676,4,0.4,-17498.98,-1.7499,25.0,-0.4235,-1.6942
d9a1aa1a,bear,s89|s62|s19,3,0.0187515327,0.0109420803,-6.1719,0.0,-7.7884,14,28.5714,0.010545,9,0.6429,-9785.41,-0.9785,33.3333,-0.1044,-0.9398,2,0.1429,-20954.67,-2.0955,0.0,-1.0942,-2.1884,3,0.2143,-3642.82,-0.3643,33.3333,-0.1044,-0.3133
2ea7834a,bear,s13|s51|s89,3,0.0371080525,0.0091925402,0.1493,0.0,-3.3152,8,25.0,0.010504,2,0.25,-18223.94,-1.8224,0.0,-0.9193,-1.8385,5,0.625,-1353.76,-0.1354,20.0,0.0068,0.0338,1,0.125,37023.82,3.7024,100.0,3.7108,3.7108
c9c801f5,bear,s97|s31|s27,3,0.0621989341,0.010842678,-0.4865,0.0,-10.9696,28,17.8571,0.010481,5,0.1786,-53246.11,-5.3246,0.0,-1.0843,-5.4213,4,0.1429,25743.18,2.5743,25.0,0.7418,2.9671,19,0.6786,80065.75,8.0066,21.0526,0.4535,8.6156
8f786159,bear,s61|s66|s26,3,0.0458105517,0.0177905619,0.5773,0.0,-5.0868,6,33.3333,0.010446,4,0.6667,-71191.6,-7.1192,0.0,-1.7791,-7.1162,1,0.1667,43908.47,4.3908,100.0,4.5811,4.5811,1,0.1667,44920.24,4.492,100.0,4.5811,4.5811
6c37714e,bull,s94|s87,2,0.0687460182,0.0099008081,5.1263,0.0,-15.2652,15,20.0,0.010413,3,0.2,50562.33,5.0562,33.3333,1.6315,4.8944,3,0.2,-30156.77,-3.0157,0.0,-0.9901,-2.9702,9,0.6,59361.66,5.9362,22.2222,0.7576,6.8186
04699fcf,bear,s90|s22|s13|s18,4,0.0368005369,0.0139097448,-7.7735,0.0,-9.165,27,25.9259,0.010362,2,0.0741,-27083.55,-2.7084,0.0,-1.391,-2.7819,6,0.2222,-32596.04,-3.2596,16.6667,-0.5458,-3.2748,19,0.7037,34102.63,3.4103,31.5789,0.2104,3.9977
c9bbb6a1,bear,s19|s62|s23,3,0.0595254098,0.0157584027,2.2544,0.0,-7.0524,7,28.5714,0.0103,6,0.8571,53749.8,5.375,33.3333,0.9336,5.6017,0,0.0,0.0,0.0,0.0,0.0,0.0,1,0.1429,-16972.06,-1.6972,0.0,-1.5758,-1.5758
48e3c0ab,bear,s23|s25|s62,3,0.0513490376,0.0133704179,1.9095,0.0,-6.5959,7,28.5714,0.010299,6,0.8571,47515.93,4.7516,33.3333,0.8203,4.9216,0,0.0,0.0,0.0,0.0,0.0,0.0,1,0.1429,-14239.57,-1.424,0.0,-1.337,-1.337
3e586545,bull,s55|s95|s40|s59|s84,5,0.0279105562,0.0141149854,0.2385,0.0,-6.0346,5,40.0,0.010285,2,0.4,13224.3,1.3224,50.0,0.6898,1.3796,1,0.2,-14348.93,-1.4349,0.0,-1.4115,-1.4115,2,0.4,13760.93,1.3761,50.0,0.6898,1.3796
3db05236,bull,s48|s44|s27,3,0.0454099437,0.0191308551,-6.5173,0.0,-19.4666,57,31.5789,0.010268,24,0.4211,105881.69,10.5882,37.5,0.5072,12.1727,16,0.2807,-114335.12,-11.4335,18.75,-0.7029,-11.2471,17,0.2982,50576.92,5.0577,35.2941,0.3648,6.202
28812b66,bear,s19|s51,2,0.0422383625,0.0083557546,0.6112,0.0,-4.0698,9,22.2222,0.010242,5,0.5556,-41428.02,-4.1428,0.0,-0.8356,-4.1779,3,0.3333,24796.04,2.4796,33.3333,0.8509,2.5527,1,0.1111,40431.12,4.0431,100.0,4.2238,4.2238
3e83603d,bear,s29|s19|s86|s90,4,0.0317842005,0.0119822981,-3.7876,0.0,-5.9075,12,25.0,0.010111,6,0.5,57177.6,5.7178,50.0,0.9901,5.9406,4,0.3333,-47281.85,-4.7282,0.0,-1.1982,-4.7929,2,0.1667,-24181.46,-2.4181,0.0,-1.1982,-2.3965
9948f429,bull,s84|s95,2,0.0596616367,0.0177518479,3.2708,0.0,-9.7476,6,33.3333,0.010061,3,0.5,20998.02,2.0998,33.3333,0.8053,2.4158,1,0.1667,-18642.3,-1.8642,0.0,-1.7752,-1.7752,2,0.3333,43164.19,4.3164,50.0,2.0955,4.191
452a8eca,bull,s48|s83|s68|s5|s53,5,0.0239757558,0.0084030463,-0.8785,0.0,-3.5508,7,28.5714,0.010017,1,0.1429,-8496.19,-0.8496,0.0,-0.8403,-0.8403,3,0.4286,39229.88,3.923,66.6667,1.3183,3.9548,3,0.4286,-25458.22,-2.5458,0.0,-0.8403,-2.5209
244c1ff7,bear,s62|s67|s25,3,0.0322806259,0.0099418095,-0.043,0.0,-4.6882,7,28.5714,0.010007,6,0.8571,24153.08,2.4153,33.3333,0.4132,2.4794,0,0.0,0.0,0.0,0.0,0.0,0.0,1,0.1429,-10289.55,-1.029,0.0,-0.9942,-0.9942
2f7ceba3,bull,s42|s87|s83|s36,4,0.0417881487,0.0171066657,-5.4073,0.0,-11.3279,18,27.7778,0.009979,11,0.6111,-17131.33,-1.7131,27.2727,-0.1044,-1.1489,5,0.2778,-81264.39,-8.1264,0.0,-1.7107,-8.5533,2,0.1111,78817.38,7.8817,100.0,4.1788,8.3576
fb165080,bear,s67|s71|s27,3,0.053008293,0.0086872484,1.365,0.0,-5.2248,10,20.0,0.009957,7,0.7,61672.67,6.1673,28.5714,0.894,6.258,2,0.2,-18080.26,-1.808,0.0,-0.8687,-1.7374,1,0.1,-9281.85,-0.9282,0.0,-0.8687,-0.8687
efdbc5f0,bull,s60|s15|s40|s6,4,0.0525015878,0.0172894415,-5.2165,0.0,-13.5255,31,25.8065,0.009906,15,0.4839,11147.14,1.1147,26.6667,0.1321,1.9822,8,0.2581,-3043.37,-0.3043,25.0,0.0158,0.1267,8,0.2581,-76.73,-0.0077,25.0,0.0158,0.1267
37cc497b,bear,s52|s20|s29|s76,4,0.0461496744,0.017374772,-4.1521,0.0,-10.1383,15,26.6667,0.009893,9,0.6,29785.12,2.9785,33.3333,0.38,3.42,3,0.2,11899.24,1.1899,33.3333,0.38,1.14,3,0.2,-53704.14,-5.3704,0.0,-1.7375,-5.2124
19606af5,bull,s68|s3|s6|s21,4,0.0488640161,0.008742012,0.5095,0.0,-4.2151,10,20.0,0.009879,3,0.3,30527.77,3.0528,33.3333,1.046,3.138,4,0.4,-35610.46,-3.561,0.0,-0.8742,-3.4968,3,0.3,30437.92,3.0438,33.3333,1.046,3.138
a882ac3a,bear,s19|s89|s26,3,0.0341519046,0.0130452778,-4.0529,0.0,-5.8761,12,25.0,0.009878,7,0.5833,1277.59,0.1278,28.5714,0.044,0.3077,3,0.25,8057.77,0.8058,33.3333,0.2687,0.8061,2,0.1667,-26305.98,-2.6306,0.0,-1.3045,-2.6091
5dce98e2,bear,s31|s28|s37|s23|s25,5,0.0757826933,0.0152105914,0.5313,0.0,-9.7556,15,20.0,0.009858,3,0.2,-44214.21,-4.4214,0.0,-1.5211,-4.5632,5,0.3333,8903.94,0.8904,20.0,0.2988,1.494,7,0.4667,70818.52,7.0819,28.5714,1.0787,7.5512
b432ff7f,bull,s73|s44,2,0.0421330075,0.0178198627,-0.1434,0.0,-5.8098,6,33.3333,0.00984,1,0.1667,-18104.14,-1.8104,0.0,-1.782,-1.782,1,0.1667,42833.07,4.2833,100.0,4.2133,4.2133,4,0.6667,-13829.54,-1.383,25.0,-0.2832,-1.1327
5afcd15c,bull,s54|s45|s42|s78,4,0.0319059173,0.0180733974,-7.2688,0.0,-11.4225,16,31.25,0.00973,6,0.375,-60082.83,-6.0083,16.6667,-0.9744,-5.8461,6,0.375,41500.47,4.15,50.0,0.6916,4.1498,4,0.25,-22006.93,-2.2007,25.0,-0.5579,-2.2314
cc7549fe,bear,s31|s16,2,0.0584319389,0.0190120375,-4.2926,0.0,-11.1815,20,25.0,0.009714,5,0.25,-22242.17,-2.2242,20.0,-0.3523,-1.7616,5,0.25,-18049.11,-1.8049,20.0,-0.3523,-1.7616,10,0.5,37313.4,3.7313,30.0,0.4221,4.2212
5381241e,bull,s83|s63|s27,3,0.0601834879,0.008261433,2.0457,0.0,-6.2335,11,18.1818,0.009686,6,0.5455,17003.63,1.7004,16.6667,0.3146,1.8876,2,0.1818,-16737.7,-1.6738,0.0,-0.8261,-1.6523,3,0.2727,42386.13,4.2386,33.3333,1.4554,4.3661
f454bbf0,bull,s54|s8|s46,3,0.0255988765,0.0119383426,-8.191,0.0,-19.7234,62,33.871,0.009679,19,0.3065,-6879.43,-0.6879,31.5789,-0.0084,-0.1605,16,0.2581,62601.65,6.2602,43.75,0.4484,7.1747,27,0.4355,-16948.55,-1.6949,29.6296,-0.0816,-2.2037
a2c90b75,bull,s33|s95|s27,3,0.066383224,0.0144852606,-0.7441,0.0,-16.6809,67,20.8955,0.009667,29,0.4328,55695.45,5.5695,20.6897,0.2246,6.5138,16,0.2388,-2676.55,-0.2677,18.75,0.0678,1.0841,22,0.3284,76617.19,7.6617,22.7273,0.3894,8.5667
7355f294,bear,s99|s100,2,0.0312158011,0.0094181096,-1.1188,0.0,-3.3825,8,25.0,0.00966,6,0.75,-56924.96,-5.6925,0.0,-0.9418,-5.6509,2,0.25,61779.0,6.1779,100.0,3.1216,6.2432,0,0.0,0.0,0.0,0.0,0.0,0.0
bfc74b36,bear,s62|s80|s26,3,0.0409695765,0.0125551467,-1.1431,0.0,-3.3956,8,25.0,0.009639,4,0.5,54669.2,5.4669,50.0,1.4207,5.6829,2,0.25,-25118.02,-2.5118,0.0,-1.2555,-2.511,2,0.25,-25095.89,-2.5096,0.0,-1.2555,-2.511
9939c05f,bear,s51|s86|s13,3,0.0594997049,0.019649605,-0.7455,0.0,-11.7487,11,27.2727,0.00959,5,0.4545,51411.13,5.1411,40.0,1.201,6.0051,4,0.3636,-78455.53,-7.8456,0.0,-1.965,-7.8598,2,0.1818,41160.95,4.1161,50.0,1.9925,3.985
a8696e85,bear,s17|s31|s52|s29|s101,5,0.0335301321,0.0166856287,-9.0036,0.0,-18.8096,50,34.0,0.009557,16,0.32,29123.1,2.9123,37.5,0.2145,3.4325,9,0.18,47233.79,4.7234,44.4444,0.5632,5.0692,25,0.5,-68348.67,-6.8349,28.0,-0.2625,-6.563
dc24c1c9,bear,s71|s76|s52,3,0.0454261742,0.009531369,-1.1493,0.0,-7.8563,15,20.0,0.00955,8,0.5333,33203.9,3.3204,25.0,0.4208,3.3664,3,0.2,-29815.35,-2.9815,0.0,-0.9531,-2.8594,4,0.2667,15862.27,1.5862,25.0,0.4208,1.6832
4aa18456,bear,s76|s66|s16|s72,4,0.0292001176,0.0109160357,-1.1261,0.0,-4.3377,7,28.5714,0.009548,3,0.4286,7055.35,0.7055,33.3333,0.2456,0.7368,3,0.4286,-32851.86,-3.2852,0.0,-1.0916,-3.2748,1,0.1429,28433.09,2.8433,100.0,2.92,2.92
3499b5e8,bull,s34|s95|s63|s82,4,0.0439306424,0.0168275684,-2.5443,0.0,-13.8319,14,28.5714,0.009532,7,0.5,54326.86,5.4327,42.8571,0.9212,6.4482,1,0.0714,-15328.08,-1.5328,0.0,-1.6828,-1.6828,6,0.4286,-38650.02,-3.865,16.6667,-0.6701,-4.0207
05473be9,bear,s51|s76|s99,3,0.0519057728,0.0171022387,0.1053,0.0,-6.2031,7,28.5714,0.009454,5,0.7143,49057.15,4.9057,40.0,1.0501,5.2505,2,0.2857,-34172.62,-3.4173,0.0,-1.7102,-3.4204,0,0.0,0.0,0.0,0.0,0.0,0.0
a628b760,bear,s80|s18|s61|s17,4,0.0255349008,0.0105756078,-10.2467,0.0,-14.2096,71,30.9859,0.009342,26,0.3662,46700.76,4.6701,34.6154,0.1924,5.0029,19,0.2676,11548.25,1.1548,31.5789,0.0828,1.5727,26,0.3662,-23374.42,-2.3374,26.9231,-0.0854,-2.2192
59588cea,bull,s39|s53|s6,3,0.0363579421,0.019576766,-6.3707,0.0,-25.4379,54,37.037,0.009315,19,0.3519,131646.88,13.1647,47.3684,0.6919,13.1454,15,0.2778,91463.58,9.1464,46.6667,0.6526,9.7891,20,0.3704,-174247.27,-17.4247,20.0,-0.839,-16.7796
b2925e9f,bear,s98|s29|s62,3,0.0662807886,0.0165599825,1.2288,0.0,-7.2786,8,25.0,0.009293,5,0.625,79351.87,7.9352,40.0,1.6576,8.2882,2,0.25,-33308.79,-3.3309,0.0,-1.656,-3.312,1,0.125,-17708.89,-1.7709,0.0,-1.656,-1.656
004f65d4,bull,s75|s82|s48|s95|s91,5,0.030439178,0.0194719782,-9.585,0.0,-15.3059,23,34.7826,0.009241,8,0.3478,-11523.25,-1.1523,37.5,-0.0755,-0.6042,4,0.1739,20221.25,2.0221,50.0,0.5484,2.1934,11,0.4783,-61941.0,-6.1941,27.2727,-0.586,-6.4458
1e115de8,bear,s22|s72|s50|s23,4,0.0249501827,0.013426288,-5.4607,0.0,-6.0195,11,27.2727,0.009222,2,0.1818,-26579.56,-2.658,0.0,-1.3426,-2.6853,0,0.0,0.0,0.0,0.0,0.0,0.0,9,0.8182,-6662.56,-0.6663,33.3333,-0.0634,-0.5707
a99b58ac,bear,s66|s99|s13,3,0.0279574377,0.0138122247,-1.2348,0.0,-6.1681,6,33.3333,0.009187,5,0.8333,13730.31,1.373,40.0,0.2896,1.4478,1,0.1667,-13827.01,-1.3827,0.0,-1.3812,-1.3812,0,0.0,0.0,0.0,0.0,0.0,0.0
0f98e2f8,bear,s101|s16|s22|s90,4,0.0643700696,0.0189642534,-3.8849,0.0,-12.7002,25,24.0,0.00918,7,0.28,-50368.43,-5.0368,14.2857,-0.7059,-4.9415,6,0.24,-32073.52,-3.2074,16.6667,-0.5075,-3.0451,12,0.48,90381.03,9.0381,33.3333,0.8814,10.5766
2b992c44,bear,s52|s56,2,0.0599560933,0.0113529958,1.8283,0.0,-18.0966,35,20.0,0.009116,18,0.5143,-135348.46,-13.5348,5.5556,-0.7391,-13.3045,2,0.0571,48548.96,4.8549,50.0,2.4302,4.8603,15,0.4286,173160.74,17.3161,33.3333,1.2417,18.6251
594f26cd,bull,s30|s45,2,0.0479723543,0.0196566306,0.2195,0.0,-8.3605,6,33.3333,0.009096,3,0.5,-62994.15,-6.2994,0.0,-1.9657,-5.897,2,0.3333,29954.44,2.9954,50.0,1.4158,2.8316,1,0.1667,47779.0,4.7779,100.0,4.7972,4.7972
9cd6a07d,bull,s46|s84|s21,3,0.0283039476,0.0159017863,-8.7197,0.0,-16.12,27,33.3333,0.009051,9,0.3333,-53607.04,-5.3607,22.2222,-0.6078,-5.4705,7,0.2593,16047.19,1.6047,42.8571,0.3044,2.1305,11,0.4074,528.47,0.0528,36.3636,0.0173,0.1903
395c1911,bull,s1|s21|s63|s14,4,0.066579894,0.0137630917,-0.2746,0.0,-9.5895,15,20.0,0.00904,5,0.3333,88345.36,8.8345,40.0,1.8374,9.1871,5,0.3333,-70277.58,-7.0278,0.0,-1.3763,-6.8815,5,0.3333,8959.07,0.8959,20.0,0.2306,1.1528
79f1d553,bear,s76|s20|s97,3,0.0367906882,0.012062861,-0.2402,0.0,-6.8279,7,28.5714,0.008998,3,0.4286,62157.54,6.2158,66.6667,2.0506,6.1519,3,0.4286,-37779.74,-3.778,0.0,-1.2063,-3.6189,1,0.1429,-12342.84,-1.2343,0.0,-1.2063,-1.2063
eaccd342,bull,s38|s96|s26,3,0.0565605414,0.0145789115,-4.7626,0.0,-9.7348,28,21.4286,0.008977,12,0.4286,33034.27,3.3034,25.0,0.3206,3.8471,7,0.25,-32642.56,-3.2643,14.2857,-0.4416,-3.0913,9,0.3214,6979.83,0.698,22.2222,0.123,1.1069
a82d40ef,bear,s25|s99,2,0.0385380997,0.0120027017,-3.2688,0.0,-7.233,13,23.0769,0.008959,10,0.7692,27470.38,2.747,30.0,0.316,3.1595,3,0.2308,-34891.56,-3.4892,0.0,-1.2003,-3.6008,0,0.0,0.0,0.0,0.0,0.0,0.0
788d9174,bear,s25|s22|s66|s19,4,0.0698813215,0.0160551349,-0.3342,0.0,-10.3363,14,21.4286,0.008943,2,0.1429,-31156.42,-3.1156,0.0,-1.6055,-3.211,3,0.2143,-46031.64,-4.6032,0.0,-1.6055,-4.8165,9,0.6429,100670.57,10.0671,33.3333,1.259,11.3313
019f1b7b,bull,s32|s41|s68|s48,4,0.0200348876,0.0085917409,-4.1217,0.0,-7.0937,12,25.0,0.008936,4,0.3333,-6450.68,-0.6451,25.0,-0.1435,-0.574,2,0.1667,11497.36,1.1497,50.0,0.5722,1.1443,6,0.5,-22646.17,-2.2646,16.6667,-0.3821,-2.2924
c821f87f,bull,s46|s88|s79|s95,4,0.0573105508,0.0126334589,0.4545,0.0,-6.3052,9,22.2222,0.008922,1,0.1111,55561.09,5.5561,100.0,5.7311,5.7311,2,0.2222,-25645.84,-2.5646,0.0,-1.2633,-2.5267,6,0.6667,-7343.7,-0.7344,16.6667,-0.0976,-0.5857
6071615a,bear,s76|s19|s28,3,0.0397095047,0.0150329867,-1.1767,0.0,-6.1092,7,28.5714,0.008775,4,0.5714,-6782.19,-0.6782,25.0,-0.1347,-0.5389,3,0.4286,9020.86,0.9021,33.3333,0.3215,0.9644,0,0.0,0.0,0.0,0.0,0.0,0.0
ae9e0b6a,bear,s31|s90|s57,3,0.0344624194,0.011923236,-3.9694,0.0,-10.6012,16,25.0,0.008742,7,0.4375,7890.31,0.789,28.5714,0.133,0.9309,4,0.25,46216.31,4.6216,50.0,1.127,4.5078,5,0.3125,-61173.98,-6.1174,0.0,-1.1923,-5.9616
bc150160,bear,s57|s71|s13|s16|s99,5,0.0335523103,0.0103787697,-4.3042,0.0,-11.1567,21,23.8095,0.008711,14,0.6667,30281.34,3.0281,28.5714,0.2173,3.0422,6,0.2857,-63184.19,-6.3184,0.0,-1.0379,-6.2273,1,0.0476,32216.52,3.2217,100.0,3.3552,3.3552
0c9617f5,bear,s61|s98|s26,3,0.0222534787,0.0083658738,-4.2968,0.0,-6.2226,13,23.0769,0.008678,12,0.9231,-38695.35,-3.8695,16.6667,-0.3263,-3.9152,1,0.0769,20868.68,2.0869,100.0,2.2253,2.2253,0,0.0,0.0,0.0,0.0,0.0,0.0
d6e7a616,bull,s64|s45,2,0.031053659,0.012794071,-3.2739,0.0,-9.8784,11,27.2727,0.008599,5,0.4545,-65556.27,-6.5556,0.0,-1.2794,-6.397,4,0.3636,38068.59,3.8069,50.0,0.913,3.6519,2,0.1818,17234.03,1.7234,50.0,0.913,1.826
5afc728c,bear,s49|s25|s29,3,0.0548395963,0.0150284396,-1.7179,0.0,-12.8263,17,23.5294,0.008581,8,0.4706,151586.25,15.1586,50.0,1.9906,15.9245,4,0.2353,-57704.38,-5.7704,0.0,-1.5028,-6.0114,5,0.2941,-77660.07,-7.766,0.0,-1.5028,-7.5142
faa35af3,bear,s76|s101|s31|s56,4,0.0339669091,0.0099937815,-5.7353,0.0,-13.2912,41,24.3902,0.008492,11,0.2683,-23366.77,-2.3367,18.1818,-0.2001,-2.201,9,0.2195,-2764.1,-0.2764,22.2222,-0.0225,-0.2023,21,0.5122,50151.93,5.0152,28.5714,0.2566,5.3895
bdc31783,bear,s16|s49|s18|s89,4,0.0651950188,0.0140458894,-1.0131,0.0,-9.2399,15,20.0,0.008468,5,0.3333,5192.38,0.5192,20.0,0.1802,0.9011,5,0.3333,9069.94,0.907,20.0,0.1802,0.9011,5,0.3333,4937.25,0.4937,20.0,0.1802,0.9011
8c1864c5,bull,s78|s58,2,0.0367323089,0.0118534451,-7.2709,0.0,-10.3232,33,24.2424,0.008365,15,0.4545,-81264.91,-8.1265,13.3333,-0.5375,-8.063,10,0.303,70160.67,7.0161,40.0,0.7581,7.5809,8,0.2424,2062.61,0.2063,25.0,0.0293,0.2344
47bf5c35,bear,s56|s13|s49,3,0.0785907987,0.0198019003,0.1975,0.0,-17.9783,26,23.0769,0.008365,8,0.3077,26144.85,2.6145,25.0,0.4796,3.837,4,0.1538,-84107.87,-8.4108,0.0,-1.9802,-7.9208,14,0.5385,115944.25,11.5944,28.5714,0.831,11.6344
453590fa,bull,s5|s95|s74|s87,4,0.0606797747,0.0180285003,-3.0603,0.0,-8.2776,13,23.0769,0.008361,8,0.6154,84904.49,8.4904,37.5,1.1487,9.1897,3,0.2308,-53558.41,-5.3558,0.0,-1.8029,-5.4086,2,0.1538,-36527.02,-3.6527,0.0,-1.8029,-3.6057
422fe906,bear,s50|s13,2,0.0443194026,0.0082095699,-1.9044,0.0,-6.9229,17,17.6471,0.008349,4,0.2353,18321.0,1.8321,25.0,0.4923,1.9691,3,0.1765,-24356.6,-2.4357,0.0,-0.821,-2.4629,10,0.5882,21216.48,2.1216,20.0,0.2296,2.2962
1684bf8f,bear,s16|s57|s22,3,0.0316054916,0.0152046801,-8.5181,0.0,-17.6806,40,32.5,0.008309,16,0.4,-13342.34,-1.3342,31.25,-0.0577,-0.9224,5,0.125,-69654.36,-6.9654,0.0,-1.5205,-7.6023,19,0.475,73042.48,7.3042,42.1053,0.4505,8.5592
07b0525f,bear,s25|s89,2,0.0648788183,0.018055907,0.0488,0.0,-7.7754,8,25.0,0.008299,3,0.375,26578.64,2.6579,33.3333,0.9589,2.8767,3,0.375,28898.62,2.8899,33.3333,0.9589,2.8767,2,0.25,-38696.49,-3.8696,0.0,-1.8056,-3.6112
ae20fe3c,bear,s50|s99|s26,3,0.0744254473,0.0160343377,1.239,0.0,-8.6796,9,22.2222,0.008205,7,0.7778,59891.1,5.9891,28.5714,0.9811,6.8679,2,0.2222,-29989.35,-2.9989,0.0,-1.6034,-3.2069,0,0.0,0.0,0.0,0.0,0.0,0.0
4e3567f5,bull,s15|s55|s12|s21,4,0.0798659028,0.0190792254,-0.2989,0.0,-12.1936,13,23.0769,0.008178,9,0.6923,118408.63,11.8409,33.3333,1.3902,12.5122,2,0.1538,-40410.99,-4.0411,0.0,-1.9079,-3.8158,2,0.1538,-39162.85,-3.9163,0.0,-1.9079,-3.8158
5e76342a,bull,s8|s79,2,0.0221964115,0.0136720783,-6.4,0.0,-6.4,11,27.2727,0.008144,6,0.5455,-45429.03,-4.5429,16.6667,-0.7694,-4.6164,2,0.1818,8036.52,0.8037,50.0,0.4262,0.8524,3,0.2727,-5418.82,-0.5419,33.3333,-0.1716,-0.5148
c17a7ba3,bear,s67|s22|s19|s16|s97,5,0.0558205464,0.0174623683,-1.9454,0.0,-11.1079,12,25.0,0.008135,2,0.1667,-33835.43,-3.3835,0.0,-1.7462,-3.4925,2,0.1667,-33842.71,-3.3843,0.0,-1.7462,-3.4925,8,0.6667,70924.25,7.0924,37.5,1.0019,8.015
be859de6,bear,s20|s100|s26,3,0.0405302202,0.0139444746,-2.0653,0.0,-5.3717,8,25.0,0.0081,4,0.5,-55830.69,-5.5831,0.0,-1.3944,-5.5778,2,0.25,25577.0,2.5577,50.0,1.3293,2.6586,2,0.25,25530.69,2.5531,50.0,1.3293,2.6586
7e6bbd5c,bear,s50|s22|s98,3,0.0646109955,0.0184383393,-0.2413,0.0,-7.9144,8,25.0,0.008047,2,0.25,-36380.07,-3.638,0.0,-1.8438,-3.6877,0,0.0,0.0,0.0,0.0,0.0,0.0,6,0.75,49426.41,4.9426,33.3333,0.9245,5.5469
8f1877e4,bear,s100|s51|s27,3,0.0402597968,0.0187174269,-6.9339,0.0,-15.3604,23,30.4348,0.008044,10,0.4348,-123998.19,-12.3998,10.0,-1.282,-12.8197,5,0.2174,18868.69,1.8869,40.0,0.4873,2.4367,8,0.3478,79204.69,7.9205,50.0,1.0771,8.6169
c976bc1e,bear,s66|s76|s37|s90|s20,5,0.0512779934,0.0128665282,-0.8545,0.0,-6.3539,9,22.2222,0.007954,5,0.5556,-2871.31,-0.2871,20.0,-0.0038,-0.0188,2,0.2222,38306.46,3.8306,50.0,1.9206,3.8411,2,0.2222,-26215.59,-2.6216,0.0,-1.2867,-2.5733
d3595aa4,bull,s73|s91|s63,3,0.0466054978,0.0133325729,-0.5501,0.0,-7.7468,8,25.0,0.007929,3,0.375,18988.17,1.8988,33.3333,0.6647,1.994,1,0.125,-14275.53,-1.4276,0.0,-1.3333,-1.3333,4,0.5,6201.41,0.6201,25.0,0.1652,0.6608
83fc84ab,bear,s71|s50|s89|s13|s31,5,0.0388194949,0.0096787672,-3.1143,0.0,-10.0225,19,21.0526,0.007841,4,0.2105,8681.11,0.8681,25.0,0.2446,0.9783,5,0.2632,-238.95,-0.0239,20.0,0.0021,0.0104,10,0.5263,-883.44,-0.0883,20.0,0.0021,0.0209
86abfed7,bull,s95|s83|s91|s79|s11,5,0.0246646488,0.0080912996,-6.3959,0.0,-11.1163,29,24.1379,0.007819,11,0.3793,40579.78,4.058,36.3636,0.382,4.2019,6,0.2069,-15695.68,-1.5696,16.6667,-0.2632,-1.5792,12,0.4138,-32029.64,-3.203,16.6667,-0.2632,-3.1584
e8f79ed4,bear,s25|s17|s26,3,0.047288931,0.0131157397,-3.8139,0.0,-12.9865,26,23.0769,0.007808,13,0.5,5322.44,0.5322,23.0769,0.0824,1.0709,7,0.2692,32375.38,3.2375,28.5714,0.4143,2.8999,6,0.2308,-23796.97,-2.3797,16.6667,-0.3048,-1.829
a2830ed3,bear,s61|s28|s49,3,0.0183686053,0.0093246021,-8.1096,0.0,-10.5461,22,27.2727,0.007806,13,0.5909,14671.06,1.4671,38.4615,0.1327,1.7246,1,0.0455,-8935.77,-0.8936,0.0,-0.9325,-0.9325,8,0.3636,-45546.52,-4.5547,12.5,-0.5863,-4.6904
c884685d,bear,s20|s72|s57,3,0.0631889906,0.0175093505,2.315,0.0,-25.6639,43,25.5814,0.007751,15,0.3488,-42717.99,-4.2718,20.0,-0.137,-2.0545,8,0.186,100430.88,10.0431,37.5,1.2753,10.202,20,0.4651,55793.85,5.5794,25.0,0.2665,5.3305
602dfa2b,bear,s49|s62|s13|s17|s37,5,0.046714231,0.0173801241,-2.4914,0.0,-12.2271,11,27.2727,0.007738,5,0.4545,-23706.9,-2.3707,20.0,-0.4561,-2.2806,4,0.3636,53758.41,5.3758,50.0,1.4667,5.8668,2,0.1818,-33980.79,-3.3981,0.0,-1.738,-3.476
90e8d95a,bear,s20|s67|s85|s16|s76,5,0.046940159,0.0184664809,-1.5317,0.0,-8.1412,7,28.5714,0.007723,3,0.4286,8120.77,0.8121,33.3333,0.3336,1.0007,3,0.4286,9730.32,0.973,33.3333,0.3336,1.0007,1,0.1429,-18895.09,-1.8895,0.0,-1.8466,-1.8466
bb6443c2,bull,s87|s60,2,0.0402988538,0.0124112541,-4.5669,0.0,-6.1816,14,21.4286,0.007693,8,0.5714,4550.84,0.4551,25.0,0.0766,0.613,5,0.3571,-60795.71,-6.0796,0.0,-1.2411,-6.2056,1,0.0714,37745.24,3.7745,100.0,4.0299,4.0299
8634dda6,bear,s37|s77|s20|s98,4,0.0373552086,0.0137613319,-7.1651,0.0,-11.653,27,25.9259,0.007645,9,0.3333,-22692.83,-2.2693,22.2222,-0.2402,-2.1619,6,0.2222,19119.9,1.912,33.3333,0.3278,1.9665,12,0.4444,-14583.7,-1.4584,25.0,-0.0982,-1.1786
4d88dda1,bear,s62|s17|s71|s99|s20,5,0.0507819653,0.0138910741,-1.7055,0.0,-11.0659,13,23.0769,0.007595,8,0.6154,13410.66,1.3411,25.0,0.2277,1.8217,4,0.3077,8976.38,0.8976,25.0,0.2277,0.9109,1,0.0769,-14075.19,-1.4075,0.0,-1.3891,-1.3891
543a6d86,bear,s23|s72|s76,3,0.0487968986,0.0157060594,-1.5609,0.0,-7.103,8,25.0,0.007592,3,0.375,15256.24,1.5256,33.3333,0.5795,1.7385,3,0.375,16906.83,1.6907,33.3333,0.5795,1.7385,2,0.25,-31660.53,-3.1661,0.0,-1.5706,-3.1412
08be183e,bear,s90|s56,2,0.0532275567,0.0124267398,-2.4277,0.0,-8.3416,15,20.0,0.007579,8,0.5333,-36323.74,-3.6324,12.5,-0.422,-3.376,4,0.2667,80408.2,8.0408,50.0,2.04,8.1602,3,0.2,-38497.4,-3.8497,0.0,-1.2427,-3.728
cb9a4925,bull,s11|s3|s48,3,0.0436876534,0.015120908,-5.431,0.0,-15.2764,30,26.6667,0.007468,13,0.4333,95166.92,9.5167,38.4615,0.7498,9.7471,10,0.3333,-97886.86,-9.7887,10.0,-0.924,-9.2401,7,0.2333,13191.15,1.3191,28.5714,0.1682,1.1771
0e575fd9,bull,s10|s43,2,0.0631918113,0.0173372323,3.2158,0.0,-27.2778,59,25.4237,0.007301,19,0.322,233731.1,23.3731,36.8421,1.2331,23.4296,15,0.2542,-50184.26,-5.0184,20.0,-0.1231,-1.8471,25,0.4237,-34920.72,-3.4921,20.0,-0.1231,-3.0786
f3276ceb,bull,s83|s78|s32|s60|s40,5,0.0375419883,0.0154495074,-7.0221,0.0,-16.4918,34,29.4118,0.007257,15,0.4412,28418.3,2.8418,33.3333,0.2214,3.3215,9,0.2647,17307.55,1.7308,33.3333,0.2214,1.9929,10,0.2941,-47310.15,-4.731,20.0,-0.4851,-4.8512
72ef959f,bear,s76|s50|s86,3,0.0318617433,0.0137332497,-7.4131,0.0,-11.9368,22,27.2727,0.007196,9,0.4091,57253.02,5.7253,44.4444,0.6531,5.8781,6,0.2727,-34692.13,-3.4692,16.6667,-0.6134,-3.6805,7,0.3182,-53089.56,-5.309,14.2857,-0.722,-5.0538
278148d6,bull,s83|s2|s55,3,0.0336464206,0.0115664854,-3.4773,0.0,-15.4362,19,26.3158,0.007117,8,0.4211,-48777.49,-4.8777,12.5,-0.5915,-4.7319,5,0.2632,79916.25,7.9916,60.0,1.5561,7.7806,6,0.3158,-26520.42,-2.652,16.6667,-0.4031,-2.4186
13db80ea,bear,s71|s16|s49,3,0.0509960884,0.0123383343,-2.9329,0.0,-8.3723,15,20.0,0.006945,7,0.4667,35646.74,3.5647,28.5714,0.5757,4.0301,5,0.3333,-60106.79,-6.0107,0.0,-1.2338,-6.1692,3,0.2,24305.46,2.4305,33.3333,0.8773,2.6319
bdc8064f,bull,s59|s6,2,0.0612939393,0.008486363,0.9689,0.0,-8.3322,12,16.6667,0.006931,4,0.3333,-35336.48,-3.5336,0.0,-0.8486,-3.3945,3,0.25,43848.24,4.3848,33.3333,1.4774,4.4321,5,0.4167,25954.33,2.5954,20.0,0.547,2.7348
22d919c1,bull,s30|s38|s82,3,0.0565330637,0.0180304771,1.9804,0.0,-28.2453,86,27.907,0.006907,35,0.407,-49244.85,-4.9245,22.8571,-0.0987,-3.4558,20,0.2326,64829.31,6.4829,30.0,0.4339,8.6772,31,0.3605,172456.46,17.2456,32.2581,0.6022,18.6691
5779fde4,bear,s99|s49|s76,3,0.0682340218,0.0088601456,4.3116,0.0,-1.0851,3,33.3333,0.006839,2,0.6667,58467.06,5.8467,50.0,2.9687,5.9374,1,0.3333,-9328.1,-0.9328,0.0,-0.886,-0.886,0,0.0,0.0,0.0,0.0,0.0,0.0
ee1020e8,bull,s54|s58|s73|s6,4,0.0619320979,0.0145554123,-3.3529,0.0,-9.8318,20,20.0,0.006837,6,0.3,57474.99,5.7475,33.3333,1.094,6.5643,8,0.4,31288.46,3.1288,25.0,0.4566,3.6532,6,0.3,-83589.65,-8.359,0.0,-1.4555,-8.7332
9ea77ddf,bear,s86|s62,2,0.072084834,0.0093367807,4.5862,0.0,-1.5906,3,33.3333,0.006814,1,0.3333,71045.41,7.1045,100.0,7.2085,7.2085,1,0.3333,-9304.98,-0.9305,0.0,-0.9337,-0.9337,1,0.3333,-9855.36,-0.9855,0.0,-0.9337,-0.9337
174eb109,bear,s29|s50,2,0.036490009,0.0132531902,-4.7602,0.0,-11.5609,16,25.0,0.006808,5,0.3125,82670.72,8.2671,60.0,1.6593,8.2964,9,0.5625,-70934.39,-7.0934,11.1111,-0.7726,-6.9536,2,0.125,-27216.59,-2.7217,0.0,-1.3253,-2.6506
2b9e213e,bear,s28|s19|s76|s67|s99,5,0.0683339412,0.0095726803,4.1753,0.0,-1.157,3,33.3333,0.006794,2,0.6667,57855.31,5.7855,50.0,2.9381,5.8761,1,0.3333,-10078.27,-1.0078,0.0,-0.9573,-0.9573,0,0.0,0.0,0.0,0.0,0.0,0.0
0b96121d,bear,s20|s99|s86|s49,4,0.0420799103,0.0087526105,-1.8387,0.0,-5.4792,11,18.1818,0.006766,5,0.4545,56350.54,5.6351,40.0,1.158,5.7902,6,0.5455,-52874.73,-5.2875,0.0,-0.8753,-5.2516,0,0.0,0.0,0.0,0.0,0.0,0.0
525f970e,bear,s76|s61,2,0.0586502704,0.019327599,-1.8942,0.0,-8.4675,8,25.0,0.006723,3,0.375,16979.49,1.6979,33.3333,0.6665,1.9995,3,0.375,19308.58,1.9309,33.3333,0.6665,1.9995,2,0.25,-39075.65,-3.9076,0.0,-1.9328,-3.8655
a45b43b0,bear,s90|s17,2,0.0252778882,0.0102960208,-2.7732,0.0,-7.3249,8,25.0,0.006709,5,0.625,-16842.35,-1.6842,20.0,-0.3181,-1.5906,1,0.125,-9880.38,-0.988,0.0,-1.0296,-1.0296,2,0.25,14500.0,1.45,50.0,0.7491,1.4982
b4f476eb,bull,s53|s33|s34|s87,4,0.0346323842,0.0164340886,-9.0758,0.0,-18.0827,46,32.6087,0.006693,21,0.4565,7818.26,0.7818,33.3333,0.0588,1.2349,14,0.3043,23879.52,2.388,35.7143,0.1804,2.5255,11,0.2391,-29045.6,-2.9046,27.2727,-0.2507,-2.7576
343c2c06,bear,s66|s85|s27,3,0.0309415866,0.0160437306,-5.8115,0.0,-9.3989,11,27.2727,0.006683,4,0.3636,69535.72,6.9536,75.0,1.9195,7.6781,2,0.1818,-31127.29,-3.1127,0.0,-1.6044,-3.2087,5,0.4545,-75750.05,-7.575,0.0,-1.6044,-8.0219
ab1a7f04,bear,s97|s90|s57|s80,4,0.0751812934,0.0153972345,5.4443,0.0,-1.7369,2,50.0,0.006663,2,1.0,58520.74,5.8521,50.0,2.9892,5.9784,0,0.0,0.0,0.0,0.0,0.0,0.0,0,0.0,0.0,0.0,0.0,0.0,0.0
f18078c0,bear,s23|s62|s13|s72,4,0.0737367368,0.0147849406,5.3594,0.0,-1.6758,2,50.0,0.006656,2,1.0,57666.84,5.7667,50.0,2.9476,5.8952,0,0.0,0.0,0.0,0.0,0.0,0.0,0,0.0,0.0,0.0,0.0,0.0,0.0
4c3025a0,bear,s100|s19,2,0.0690138419,0.0083715554,3.4108,0.0,-2.06,4,25.0,0.006597,2,0.5,-17068.45,-1.7068,0.0,-0.8372,-1.6743,0,0.0,0.0,0.0,0.0,0.0,0.0,2,0.5,59293.33,5.9293,50.0,3.0321,6.0642
cc60b646,bull,s93|s7|s15|s48,4,0.0759316628,0.0103918992,6.0488,0.0,-3.2556,2,50.0,0.006577,0,0.0,0.0,0.0,0.0,0.0,0.0,2,1.0,64521.64,6.4522,50.0,3.277,6.554,0,0.0,0.0,0.0,0.0,0.0,0.0
bccc4868,bear,s51|s19|s98,3,0.0411783995,0.0141524885,-3.6347,0.0,-5.1983,9,22.2222,0.006576,5,0.5556,-69637.73,-6.9638,0.0,-1.4152,-7.0762,3,0.3333,11764.81,1.1765,33.3333,0.4291,1.2873,1,0.1111,39103.68,3.9104,100.0,4.1178,4.1178
5fb2abb5,bull,s40|s59|s27,3,0.0237035733,0.0089358132,-7.7187,0.0,-10.8092,28,25.0,0.006551,10,0.3571,38273.75,3.8274,40.0,0.412,4.1199,6,0.2143,-20946.24,-2.0946,16.6667,-0.3496,-2.0975,12,0.4286,-39972.41,-3.9972,16.6667,-0.3496,-4.1951
f4d0a786,bull,s47|s54|s63,3,0.070038202,0.0198847861,6.7781,0.0,-0.0,1,100.0,0.006542,0,0.0,0.0,0.0,0.0,0.0,0.0,1,1.0,69844.9,6.9845,100.0,7.0038,7.0038,0,0.0,0.0,0.0,0.0,0.0,0.0
cc0fedeb,bear,s89|s98|s25|s20|s49,5,0.0670622794,0.0128164252,-0.8141,0.0,-7.1861,11,18.1818,0.006541,5,0.4545,12403.38,1.2403,20.0,0.3159,1.5797,4,0.3636,28624.29,2.8624,25.0,0.7153,2.8613,2,0.1818,-27137.14,-2.7137,0.0,-1.2816,-2.5633
f6660123,bear,s97|s80|s19|s61,4,0.069726717,0.0187670167,-0.5495,0.0,-18.916,25,24.0,0.006527,9,0.36,-5949.11,-0.5949,22.2222,0.0898,0.8084,6,0.24,-115963.12,-11.5963,0.0,-1.8767,-11.2602,10,0.4,167766.47,16.7766,40.0,1.663,16.6305
4cd22eef,bear,s52|s86|s71|s57,4,0.0329826911,0.0097955835,-3.3271,0.0,-4.6978,10,20.0,0.00652,5,0.5,-7115.68,-0.7116,20.0,-0.124,-0.62,4,0.4,3119.47,0.3119,25.0,0.0899,0.3596,1,0.1,-9605.09,-0.9605,0.0,-0.9796,-0.9796
1fc12378,bull,s14|s83|s5|s93,4,0.075566488,0.0174121819,7.3352,0.0,-1.2265,1,100.0,0.006513,1,1.0,75423.15,7.5423,100.0,7.5566,7.5566,0,0.0,0.0,0.0,0.0,0.0,0.0,0,0.0,0.0,0.0,0.0,0.0,0.0
