id,direction,signals,n_signals,tp,sl,train_return,train_sharpe,train_drawdown,train_trades,train_winrate,score,train_chop_trades,train_chop_trade_share,train_chop_pnl,train_chop_return_pct,train_chop_win_rate,train_chop_avg_trade_return_pct,train_chop_total_trade_return_pct,train_trendy_trades,train_trendy_trade_share,train_trendy_pnl,train_trendy_return_pct,train_trendy_win_rate,train_trendy_avg_trade_return_pct,train_trendy_total_trade_return_pct,train_volatile_trades,train_volatile_trade_share,train_volatile_pnl,train_volatile_return_pct,train_volatile_win_rate,train_volatile_avg_trade_return_pct,train_volatile_total_trade_return_pct
746a4777,bull,s69|s6|s59,3,0.0288123975,0.0109217164,2.6757,0.0,-0.5892,1,100.0,0.006179,0,0.0,0.0,0.0,0.0,0.0,0.0,0,0.0,0.0,0.0,0.0,0.0,0.0,1,1.0,28783.59,2.8784,100.0,2.8812,2.8812
d9a5f1ce,bull,s6|s9|s26,3,0.0286436332,0.0121297816,2.6588,0.0,-0.5892,1,100.0,0.006177,0,0.0,0.0,0.0,0.0,0.0,0.0,0,0.0,0.0,0.0,0.0,0.0,0.0,1,1.0,28614.99,2.8615,100.0,2.8644,2.8644
5def7aa9,bull,s33|s63|s41|s6,4,0.0285731026,0.0153658835,2.6518,0.0,-0.5892,1,100.0,0.006177,0,0.0,0.0,0.0,0.0,0.0,0.0,0,0.0,0.0,0.0,0.0,0.0,0.0,1,1.0,28544.53,2.8545,100.0,2.8573,2.8573
7e49ee81,bull,s47|s33|s26,3,0.0280353568,0.0134684669,2.5981,0.0,-0.5892,1,100.0,0.006172,0,0.0,0.0,0.0,0.0,0.0,0.0,0,0.0,0.0,0.0,0.0,0.0,0.0,1,1.0,28007.34,2.8007,100.0,2.8035,2.8035
026fd8bf,bull,s83|s44|s27,3,0.0279125425,0.0089841318,2.5859,0.0,-0.5892,1,100.0,0.006172,0,0.0,0.0,0.0,0.0,0.0,0.0,0,0.0,0.0,0.0,0.0,0.0,0.0,1,1.0,27884.63,2.7885,100.0,2.7913,2.7913
049d2d24,bull,s60|s88|s45,3,0.0278541128,0.0153132516,2.58,0.0,-0.5892,1,100.0,0.006171,0,0.0,0.0,0.0,0.0,0.0,0.0,0,0.0,0.0,0.0,0.0,0.0,0.0,1,1.0,27826.25,2.7826,100.0,2.7854,2.7854
145e978f,bull,s8|s12|s83,3,0.0278619546,0.0168674769,2.5808,0.0,-0.5892,1,100.0,0.006171,0,0.0,0.0,0.0,0.0,0.0,0.0,0,0.0,0.0,0.0,0.0,0.0,0.0,1,1.0,27834.09,2.7834,100.0,2.7862,2.7862
96a0dfc7,bull,s70|s91,2,0.0278804632,0.0185189201,2.5827,0.0,-0.5892,1,100.0,0.006171,0,0.0,0.0,0.0,0.0,0.0,0.0,0,0.0,0.0,0.0,0.0,0.0,0.0,1,1.0,27852.6,2.7853,100.0,2.788,2.788
b127aefe,bull,s6|s93|s40,3,0.0276668652,0.0167027876,2.5614,0.0,-0.5892,1,100.0,0.00617,0,0.0,0.0,0.0,0.0,0.0,0.0,0,0.0,0.0,0.0,0.0,0.0,0.0,1,1.0,27639.19,2.7639,100.0,2.7667,2.7667
ce266b15,bull,s39|s36|s58,3,0.0275743086,0.0143401084,2.5521,0.0,-0.5892,1,100.0,0.006169,0,0.0,0.0,0.0,0.0,0.0,0.0,0,0.0,0.0,0.0,0.0,0.0,0.0,1,1.0,27546.75,2.7547,100.0,2.7574,2.7574
b77cfe1a,bull,s69|s38|s14,3,0.0275583737,0.0138392206,2.5505,0.0,-0.5892,1,100.0,0.006169,0,0.0,0.0,0.0,0.0,0.0,0.0,0,0.0,0.0,0.0,0.0,0.0,0.0,1,1.0,27530.84,2.7531,100.0,2.7558,2.7558
877208ee,bull,s83|s38|s69|s6,4,0.0276362699,0.0162470127,2.5583,0.0,-0.5892,1,100.0,0.006169,0,0.0,0.0,0.0,0.0,0.0,0.0,0,0.0,0.0,0.0,0.0,0.0,0.0,1,1.0,27608.63,2.7609,100.0,2.7636,2.7636
56e4e6f9,bull,s14|s1|s58,3,0.0275568058,0.0166544842,2.5504,0.0,-0.5892,1,100.0,0.006169,0,0.0,0.0,0.0,0.0,0.0,0.0,0,0.0,0.0,0.0,0.0,0.0,0.0,1,1.0,27529.27,2.7529,100.0,2.7557,2.7557
4190c999,bull,s55|s34|s14,3,0.0275008903,0.0083648608,2.5448,0.0,-0.5892,1,100.0,0.006168,0,0.0,0.0,0.0,0.0,0.0,0.0,0,0.0,0.0,0.0,0.0,0.0,0.0,1,1.0,27473.41,2.7473,100.0,2.7501,2.7501
623cea61,bull,s83|s9,2,0.0274555905,0.009522776,2.5403,0.0,-0.5892,1,100.0,0.006168,0,0.0,0.0,0.0,0.0,0.0,0.0,0,0.0,0.0,0.0,0.0,0.0,0.0,1,1.0,27428.14,2.7428,100.0,2.7456,2.7456
983adfa5,bull,s15|s7,2,0.0275184922,0.0121008986,2.5466,0.0,-0.5892,1,100.0,0.006168,0,0.0,0.0,0.0,0.0,0.0,0.0,0,0.0,0.0,0.0,0.0,0.0,0.0,1,1.0,27490.99,2.7491,100.0,2.7518,2.7518
220e9416,bull,s38|s7,2,0.0273308612,0.0096220688,2.5278,0.0,-0.5892,1,100.0,0.006167,0,0.0,0.0,0.0,0.0,0.0,0.0,0,0.0,0.0,0.0,0.0,0.0,0.0,1,1.0,27303.55,2.7304,100.0,2.7331,2.7331
5fecee4a,bull,s45|s5,2,0.0272087555,0.0159340433,2.5156,0.0,-0.5892,1,100.0,0.006166,0,0.0,0.0,0.0,0.0,0.0,0.0,0,0.0,0.0,0.0,0.0,0.0,0.0,1,1.0,27181.57,2.7182,100.0,2.7209,2.7209
f74da078,bull,s95|s46|s53,3,0.0272039644,0.0129425743,2.5152,0.0,-0.5892,1,100.0,0.006166,0,0.0,0.0,0.0,0.0,0.0,0.0,0,0.0,0.0,0.0,0.0,0.0,0.0,1,1.0,27176.78,2.7177,100.0,2.7204,2.7204
6a1edae0,bull,s68|s78,2,0.0270798182,0.0114398039,2.5028,0.0,-0.5892,1,100.0,0.006165,0,0.0,0.0,0.0,0.0,0.0,0.0,0,0.0,0.0,0.0,0.0,0.0,0.0,1,1.0,27052.74,2.7053,100.0,2.708,2.708
bfe495c4,bull,s34|s68,2,0.0208932906,0.0137419417,2.5007,0.0,-0.5892,1,100.0,0.006165,0,0.0,0.0,0.0,0.0,0.0,0.0,0,0.0,0.0,0.0,0.0,0.0,0.0,1,1.0,20872.4,2.0872,100.0,2.0893,2.0893
7e5593c0,bull,s36|s40|s34,3,0.0279012931,0.01509457,2.4963,0.0,-0.5892,1,100.0,0.006164,0,0.0,0.0,0.0,0.0,0.0,0.0,0,0.0,0.0,0.0,0.0,0.0,0.0,1,1.0,27873.41,2.7873,100.0,2.7901,2.7901
0b72c5de,bull,s44|s21|s43,3,0.0269028597,0.0175615353,2.4851,0.0,-0.5892,1,100.0,0.006163,0,0.0,0.0,0.0,0.0,0.0,0.0,0,0.0,0.0,0.0,0.0,0.0,0.0,1,1.0,26875.95,2.6876,100.0,2.6903,2.6903
e7e81725,bull,s44|s43,2,0.0268422624,0.010984522,2.4791,0.0,-0.5892,1,100.0,0.006163,0,0.0,0.0,0.0,0.0,0.0,0.0,0,0.0,0.0,0.0,0.0,0.0,0.0,1,1.0,26815.41,2.6815,100.0,2.6842,2.6842
3b169952,bull,s4|s73|s40,3,0.0266906243,0.0120482163,2.4639,0.0,-0.5892,1,100.0,0.006162,0,0.0,0.0,0.0,0.0,0.0,0.0,0,0.0,0.0,0.0,0.0,0.0,0.0,1,1.0,26663.94,2.6664,100.0,2.6691,2.6691
c2f8b9d2,bull,s53|s96,2,0.0267808542,0.0160598087,2.4729,0.0,-0.5892,1,100.0,0.006162,0,0.0,0.0,0.0,0.0,0.0,0.0,0,0.0,0.0,0.0,0.0,0.0,0.0,1,1.0,26754.09,2.6754,100.0,2.6781,2.6781
2f0f3d50,bull,s6|s88|s78,3,0.0266452963,0.011396838,2.4594,0.0,-0.5892,1,100.0,0.006161,0,0.0,0.0,0.0,0.0,0.0,0.0,0,0.0,0.0,0.0,0.0,0.0,0.0,1,1.0,26618.65,2.6619,100.0,2.6645,2.6645
85b4a7c5,bull,s78|s83|s43,3,0.0264780705,0.014131387,2.4427,0.0,-0.5892,1,100.0,0.00616,0,0.0,0.0,0.0,0.0,0.0,0.0,0,0.0,0.0,0.0,0.0,0.0,0.0,1,1.0,26451.62,2.6452,100.0,2.6478,2.6478
df9dd304,bull,s60|s75|s4,3,0.026526273,0.0108811526,2.4475,0.0,-0.5892,1,100.0,0.00616,0,0.0,0.0,0.0,0.0,0.0,0.0,0,0.0,0.0,0.0,0.0,0.0,0.0,1,1.0,26499.75,2.65,100.0,2.6526,2.6526
f191ebd7,bull,s82|s65|s27,3,0.0283652636,0.0085295876,2.4372,0.0,-0.5892,1,100.0,0.00616,0,0.0,0.0,0.0,0.0,0.0,0.0,0,0.0,0.0,0.0,0.0,0.0,0.0,1,1.0,28336.9,2.8337,100.0,2.8365,2.8365
d07d3eb7,bull,s87|s7|s45|s83,4,0.0264075157,0.0138527391,2.4357,0.0,-0.5892,1,100.0,0.00616,0,0.0,0.0,0.0,0.0,0.0,0.0,0,0.0,0.0,0.0,0.0,0.0,0.0,1,1.0,26381.13,2.6381,100.0,2.6408,2.6408
1d7ebca5,bull,s34|s91|s14|s30,4,0.0275465948,0.0139157389,2.4399,0.0,-0.5892,1,100.0,0.00616,0,0.0,0.0,0.0,0.0,0.0,0.0,0,0.0,0.0,0.0,0.0,0.0,0.0,1,1.0,27519.07,2.7519,100.0,2.7547,2.7547
f263c095,bull,s30|s46|s60|s7,4,0.0263772745,0.0149215623,2.4327,0.0,-0.5892,1,100.0,0.006159,0,0.0,0.0,0.0,0.0,0.0,0.0,0,0.0,0.0,0.0,0.0,0.0,0.0,1,1.0,26350.91,2.6351,100.0,2.6377,2.6377
c2a51301,bull,s68|s35|s75|s96,4,0.0263250942,0.0106666293,2.4274,0.0,-0.5892,1,100.0,0.006159,0,0.0,0.0,0.0,0.0,0.0,0.0,0,0.0,0.0,0.0,0.0,0.0,0.0,1,1.0,26298.76,2.6299,100.0,2.6325,2.6325
a856cfbc,bull,s64|s59,2,0.0263251375,0.0120980784,2.4275,0.0,-0.5892,1,100.0,0.006159,0,0.0,0.0,0.0,0.0,0.0,0.0,0,0.0,0.0,0.0,0.0,0.0,0.0,1,1.0,26298.81,2.6299,100.0,2.6325,2.6325
b4ac0336,bull,s3|s11|s35|s5|s95,5,0.0263760638,0.0153334516,2.4325,0.0,-0.5892,1,100.0,0.006159,0,0.0,0.0,0.0,0.0,0.0,0.0,0,0.0,0.0,0.0,0.0,0.0,0.0,1,1.0,26349.71,2.635,100.0,2.6376,2.6376
74118efe,bull,s30|s47|s26,3,0.0263480192,0.0146654957,2.4297,0.0,-0.5892,1,100.0,0.006159,0,0.0,0.0,0.0,0.0,0.0,0.0,0,0.0,0.0,0.0,0.0,0.0,0.0,1,1.0,26321.69,2.6322,100.0,2.6348,2.6348
152ffb1b,bull,s55|s44|s12,3,0.0261751208,0.0125394517,2.4125,0.0,-0.5892,1,100.0,0.006158,0,0.0,0.0,0.0,0.0,0.0,0.0,0,0.0,0.0,0.0,0.0,0.0,0.0,1,1.0,26148.94,2.6149,100.0,2.6175,2.6175
9c64ee36,bull,s64|s47,2,0.0209466681,0.0116904242,2.4212,0.0,-0.5892,1,100.0,0.006158,0,0.0,0.0,0.0,0.0,0.0,0.0,0,0.0,0.0,0.0,0.0,0.0,0.0,1,1.0,20925.74,2.0926,100.0,2.0947,2.0947
38878d49,bull,s2|s70|s88|s83|s54,5,0.0260730591,0.011900885,2.4023,0.0,-0.59,1,100.0,0.006157,0,0.0,0.0,0.0,0.0,0.0,0.0,0,0.0,0.0,0.0,0.0,0.0,0.0,1,1.0,26046.98,2.6047,100.0,2.6073,2.6073
301c1b78,bull,s12|s79|s45|s32,4,0.0259954859,0.0103490732,2.3946,0.0,-0.5892,1,100.0,0.006156,0,0.0,0.0,0.0,0.0,0.0,0.0,0,0.0,0.0,0.0,0.0,0.0,0.0,1,1.0,25969.51,2.597,100.0,2.5995,2.5995
e78c41ca,bull,s45|s12|s32|s63|s40,5,0.0259736647,0.0129641307,2.3924,0.0,-0.5892,1,100.0,0.006156,0,0.0,0.0,0.0,0.0,0.0,0.0,0,0.0,0.0,0.0,0.0,0.0,0.0,1,1.0,25947.68,2.5948,100.0,2.5974,2.5974
5de995ce,bull,s43|s91|s36,3,0.0278489663,0.0139626731,2.3858,0.0,-0.5892,1,100.0,0.006156,0,0.0,0.0,0.0,0.0,0.0,0.0,0,0.0,0.0,0.0,0.0,0.0,0.0,1,1.0,27821.14,2.7821,100.0,2.7849,2.7849
e91dae8c,bull,s35|s5|s68|s45,4,0.0258164534,0.0122477825,2.3767,0.0,-0.5892,1,100.0,0.006155,0,0.0,0.0,0.0,0.0,0.0,0.0,0,0.0,0.0,0.0,0.0,0.0,0.0,1,1.0,25790.63,2.5791,100.0,2.5816,2.5816
ab8812ed,bull,s11|s33|s27,3,0.0269554938,0.0080132878,2.3809,0.0,-0.5892,1,100.0,0.006155,0,0.0,0.0,0.0,0.0,0.0,0.0,0,0.0,0.0,0.0,0.0,0.0,0.0,1,1.0,26928.53,2.6929,100.0,2.6955,2.6955
b3697104,bull,s96|s41|s75,3,0.0268446043,0.0135528959,2.3699,0.0,-0.5892,1,100.0,0.006154,0,0.0,0.0,0.0,0.0,0.0,0.0,0,0.0,0.0,0.0,0.0,0.0,0.0,1,1.0,26817.76,2.6818,100.0,2.6845,2.6845
254e632c,bull,s96|s39|s24,3,0.0277062397,0.014389083,2.3715,0.0,-0.5892,1,100.0,0.006154,0,0.0,0.0,0.0,0.0,0.0,0.0,0,0.0,0.0,0.0,0.0,0.0,0.0,1,1.0,27678.55,2.7679,100.0,2.7706,2.7706
260b8ec5,bull,s64|s21|s92,3,0.0298678212,0.013205846,2.3624,0.0,-0.5892,1,100.0,0.006154,0,0.0,0.0,0.0,0.0,0.0,0.0,0,0.0,0.0,0.0,0.0,0.0,0.0,1,1.0,29837.97,2.9838,100.0,2.9868,2.9868
fa52762e,bull,s87|s58|s45|s82,4,0.0257761012,0.0112357335,2.3727,0.0,-0.5892,1,100.0,0.006154,0,0.0,0.0,0.0,0.0,0.0,0.0,0,0.0,0.0,0.0,0.0,0.0,0.0,1,1.0,25750.34,2.575,100.0,2.5776,2.5776
7a55a46c,bull,s21|s65,2,0.0256736105,0.0080325005,2.3624,0.0,-0.5892,1,100.0,0.006154,0,0.0,0.0,0.0,0.0,0.0,0.0,0,0.0,0.0,0.0,0.0,0.0,0.0,1,1.0,25647.93,2.5648,100.0,2.5674,2.5674
824a133e,bull,s84|s6|s75|s36,4,0.025770652,0.0139034193,2.3721,0.0,-0.5892,1,100.0,0.006154,0,0.0,0.0,0.0,0.0,0.0,0.0,0,0.0,0.0,0.0,0.0,0.0,0.0,1,1.0,25744.87,2.5745,100.0,2.5771,2.5771
ca68102d,bull,s73|s36,2,0.0256450802,0.0091121187,2.3596,0.0,-0.59,1,100.0,0.006153,0,0.0,0.0,0.0,0.0,0.0,0.0,0,0.0,0.0,0.0,0.0,0.0,0.0,1,1.0,25619.43,2.5619,100.0,2.5645,2.5645
1195994f,bull,s2|s14|s27,3,0.0275110714,0.0128166167,2.3521,0.0,-0.5892,1,100.0,0.006153,0,0.0,0.0,0.0,0.0,0.0,0.0,0,0.0,0.0,0.0,0.0,0.0,0.0,1,1.0,27483.58,2.7484,100.0,2.7511,2.7511
0e24baae,bull,s43|s53|s88,3,0.0256157727,0.0167599845,2.3567,0.0,-0.59,1,100.0,0.006153,0,0.0,0.0,0.0,0.0,0.0,0.0,0,0.0,0.0,0.0,0.0,0.0,0.0,1,1.0,25590.15,2.559,100.0,2.5616,2.5616
3547efd4,bull,s59|s87|s12,3,0.0253988057,0.0150223095,2.335,0.0,-0.5892,1,100.0,0.006151,0,0.0,0.0,0.0,0.0,0.0,0.0,0,0.0,0.0,0.0,0.0,0.0,0.0,1,1.0,25373.4,2.5373,100.0,2.5399,2.5399
99ed4560,bull,s21|s46|s8,3,0.0207788629,0.0120860788,2.3337,0.0,-0.5892,1,100.0,0.006151,0,0.0,0.0,0.0,0.0,0.0,0.0,0,0.0,0.0,0.0,0.0,0.0,0.0,1,1.0,20758.1,2.0758,100.0,2.0779,2.0779
185a4095,bull,s68|s38|s82,3,0.0191546691,0.0085118946,2.3261,0.0,-0.5892,1,100.0,0.006151,0,0.0,0.0,0.0,0.0,0.0,0.0,0,0.0,0.0,0.0,0.0,0.0,0.0,1,1.0,19135.53,1.9136,100.0,1.9155,1.9155
a878950f,bull,s84|s10|s75|s59|s92,5,0.0253839933,0.0080885466,2.3335,0.0,-0.5892,1,100.0,0.006151,0,0.0,0.0,0.0,0.0,0.0,0.0,0,0.0,0.0,0.0,0.0,0.0,0.0,1,1.0,25358.6,2.5359,100.0,2.5384,2.5384
c102c2b6,bull,s93|s84|s96,3,0.0256492527,0.0102948109,2.36,0.0,-0.6527,1,100.0,0.00615,0,0.0,0.0,0.0,0.0,0.0,0.0,0,0.0,0.0,0.0,0.0,0.0,0.0,1,1.0,25623.61,2.5624,100.0,2.5649,2.5649
5120a958,bull,s8|s93|s95|s91|s35,5,0.0256833818,0.016645102,2.3634,0.0,-0.6457,1,100.0,0.00615,0,0.0,0.0,0.0,0.0,0.0,0.0,0,0.0,0.0,0.0,0.0,0.0,0.0,1,1.0,25657.7,2.5658,100.0,2.5683,2.5683
9cacc2a2,bull,s83|s45|s24,3,0.0211504396,0.0086112323,2.2933,0.0,-0.5892,1,100.0,0.006148,0,0.0,0.0,0.0,0.0,0.0,0.0,0,0.0,0.0,0.0,0.0,0.0,0.0,1,1.0,21129.29,2.1129,100.0,2.115,2.115
d8c8556d,bull,s40|s84|s27,3,0.0253426157,0.0123449756,2.3294,0.0,-0.6457,1,100.0,0.006148,0,0.0,0.0,0.0,0.0,0.0,0.0,0,0.0,0.0,0.0,0.0,0.0,0.0,1,1.0,25317.28,2.5317,100.0,2.5343,2.5343
2e5f7c73,bull,s43|s94|s47,3,0.0225135842,0.0146811389,2.2959,0.0,-0.5892,1,100.0,0.006148,0,0.0,0.0,0.0,0.0,0.0,0.0,0,0.0,0.0,0.0,0.0,0.0,0.0,1,1.0,22491.09,2.2491,100.0,2.2514,2.2514
621da5e7,bull,s68|s96|s38|s45|s60,5,0.0254319011,0.0101707726,2.3383,0.0,-0.6666,1,100.0,0.006147,0,0.0,0.0,0.0,0.0,0.0,0.0,0,0.0,0.0,0.0,0.0,0.0,0.0,1,1.0,25406.48,2.5406,100.0,2.5432,2.5432
fcb55462,bull,s92|s68|s27,3,0.0213717098,0.0137166772,2.2732,0.0,-0.5892,1,100.0,0.006147,0,0.0,0.0,0.0,0.0,0.0,0.0,0,0.0,0.0,0.0,0.0,0.0,0.0,1,1.0,21350.34,2.135,100.0,2.1372,2.1372
06fdd3bf,bull,s45|s36,2,0.0247066938,0.010239486,2.2659,0.0,-0.5892,1,100.0,0.006146,0,0.0,0.0,0.0,0.0,0.0,0.0,0,0.0,0.0,0.0,0.0,0.0,0.0,1,1.0,24681.98,2.4682,100.0,2.4707,2.4707
d258700b,bull,s83|s30|s26,3,0.0208619389,0.0085388529,2.2644,0.0,-0.5892,1,100.0,0.006146,0,0.0,0.0,0.0,0.0,0.0,0.0,0,0.0,0.0,0.0,0.0,0.0,0.0,1,1.0,20841.08,2.0841,100.0,2.0862,2.0862
e693bfdf,bull,s9|s21,2,0.027076471,0.017245072,2.2668,0.0,-0.5892,1,100.0,0.006146,0,0.0,0.0,0.0,0.0,0.0,0.0,0,0.0,0.0,0.0,0.0,0.0,0.0,1,1.0,27049.41,2.7049,100.0,2.7076,2.7076
25d81461,bull,s59|s14|s84|s63|s96,5,0.0251416979,0.0143847404,2.3093,0.0,-0.6527,1,100.0,0.006146,0,0.0,0.0,0.0,0.0,0.0,0.0,0,0.0,0.0,0.0,0.0,0.0,0.0,1,1.0,25116.56,2.5117,100.0,2.5142,2.5142
4f14eac0,bull,s69|s84,2,0.0252168923,0.0096062362,2.3168,0.0,-0.6736,1,100.0,0.006145,0,0.0,0.0,0.0,0.0,0.0,0.0,0,0.0,0.0,0.0,0.0,0.0,0.0,1,1.0,25191.68,2.5192,100.0,2.5217,2.5217
6a90fdc1,bull,s47|s30|s3,3,0.0288181159,0.0179333214,2.258,0.0,-0.5892,1,100.0,0.006145,0,0.0,0.0,0.0,0.0,0.0,0.0,0,0.0,0.0,0.0,0.0,0.0,0.0,1,1.0,28789.32,2.8789,100.0,2.8818,2.8818
f852e7ea,bull,s91|s60|s1,3,0.0264713269,0.0133993827,2.2485,0.0,-0.5892,1,100.0,0.006145,0,0.0,0.0,0.0,0.0,0.0,0.0,0,0.0,0.0,0.0,0.0,0.0,0.0,1,1.0,26444.88,2.6445,100.0,2.6471,2.6471
7e36d098,bull,s45|s93|s53|s79|s96,5,0.0282070698,0.0187961704,2.2532,0.0,-0.5892,1,100.0,0.006145,0,0.0,0.0,0.0,0.0,0.0,0.0,0,0.0,0.0,0.0,0.0,0.0,0.0,1,1.0,28178.88,2.8179,100.0,2.8207,2.8207
d494d68f,bull,s94|s34|s21,3,0.026200185,0.0170272232,2.2566,0.0,-0.5892,1,100.0,0.006145,0,0.0,0.0,0.0,0.0,0.0,0.0,0,0.0,0.0,0.0,0.0,0.0,0.0,1,1.0,26174.0,2.6174,100.0,2.62,2.62
a4d40256,bull,s78|s93|s9|s8,4,0.0251979844,0.0098444584,2.315,0.0,-0.6736,1,100.0,0.006145,0,0.0,0.0,0.0,0.0,0.0,0.0,0,0.0,0.0,0.0,0.0,0.0,0.0,1,1.0,25172.79,2.5173,100.0,2.5198,2.5198
2ca1e7e8,bull,s93|s5|s45,3,0.019359902,0.011328457,2.2549,0.0,-0.5892,1,100.0,0.006145,0,0.0,0.0,0.0,0.0,0.0,0.0,0,0.0,0.0,0.0,0.0,0.0,0.0,1,1.0,19340.56,1.9341,100.0,1.936,1.936
c1e5aa9f,bull,s46|s55|s73,3,0.0244858182,0.0156626032,2.2439,0.0,-0.5892,1,100.0,0.006144,0,0.0,0.0,0.0,0.0,0.0,0.0,0,0.0,0.0,0.0,0.0,0.0,0.0,1,1.0,24461.32,2.4461,100.0,2.4486,2.4486
1365a122,bull,s82|s30|s45|s69,4,0.0236943231,0.0113938312,2.2452,0.0,-0.5892,1,100.0,0.006144,0,0.0,0.0,0.0,0.0,0.0,0.0,0,0.0,0.0,0.0,0.0,0.0,0.0,1,1.0,23670.65,2.3671,100.0,2.3694,2.3694
5fb3fc96,bull,s21|s8,2,0.0287093179,0.0178540515,2.2472,0.0,-0.5892,1,100.0,0.006144,0,0.0,0.0,0.0,0.0,0.0,0.0,0,0.0,0.0,0.0,0.0,0.0,0.0,1,1.0,28680.63,2.8681,100.0,2.8709,2.8709
a64053dc,bull,s6|s48|s82,3,0.0267613497,0.0082146127,2.2424,0.0,-0.5892,1,100.0,0.006144,0,0.0,0.0,0.0,0.0,0.0,0.0,0,0.0,0.0,0.0,0.0,0.0,0.0,1,1.0,26734.59,2.6735,100.0,2.6761,2.6761
1e97540e,bull,s48|s73|s69,3,0.0245039922,0.01308704,2.2457,0.0,-0.59,1,100.0,0.006144,0,0.0,0.0,0.0,0.0,0.0,0.0,0,0.0,0.0,0.0,0.0,0.0,0.0,1,1.0,24479.48,2.4479,100.0,2.4504,2.4504
e3e8f07b,bull,s68|s12|s30,3,0.0211794977,0.0134533275,2.2399,0.0,-0.5892,1,100.0,0.006144,0,0.0,0.0,0.0,0.0,0.0,0.0,0,0.0,0.0,0.0,0.0,0.0,0.0,1,1.0,21158.32,2.1158,100.0,2.1179,2.1179
0fbc878a,bull,s59|s6|s27,3,0.0240932494,0.0122363421,2.2358,0.0,-0.5892,1,100.0,0.006144,0,0.0,0.0,0.0,0.0,0.0,0.0,0,0.0,0.0,0.0,0.0,0.0,0.0,1,1.0,24069.16,2.4069,100.0,2.4093,2.4093
80c9d7be,bull,s45|s88|s1,3,0.0244695749,0.0145902924,2.2423,0.0,-0.5892,1,100.0,0.006144,0,0.0,0.0,0.0,0.0,0.0,0.0,0,0.0,0.0,0.0,0.0,0.0,0.0,1,1.0,24445.12,2.4445,100.0,2.447,2.447
5e8fbd0e,bull,s30|s34|s55,3,0.0263949414,0.0150293287,2.2409,0.0,-0.5892,1,100.0,0.006144,0,0.0,0.0,0.0,0.0,0.0,0.0,0,0.0,0.0,0.0,0.0,0.0,0.0,1,1.0,26368.57,2.6369,100.0,2.6395,2.6395
c09d9903,bull,s30|s7,2,0.0264528581,0.0124307187,2.2467,0.0,-0.5892,1,100.0,0.006144,0,0.0,0.0,0.0,0.0,0.0,0.0,0,0.0,0.0,0.0,0.0,0.0,0.0,1,1.0,26426.42,2.6426,100.0,2.6453,2.6453
ad2cebe4,bull,s55|s58|s73|s69,4,0.0244398389,0.0137973168,2.2393,0.0,-0.59,1,100.0,0.006144,0,0.0,0.0,0.0,0.0,0.0,0.0,0,0.0,0.0,0.0,0.0,0.0,0.0,1,1.0,24415.39,2.4415,100.0,2.444,2.444
39042f2c,bull,s78|s63|s95,3,0.0249298447,0.0132140922,2.2882,0.0,-0.6666,1,100.0,0.006143,0,0.0,0.0,0.0,0.0,0.0,0.0,0,0.0,0.0,0.0,0.0,0.0,0.0,1,1.0,24904.92,2.4905,100.0,2.493,2.493
4b3d7b7b,bull,s83|s82|s27,3,0.0263329321,0.016148465,2.2347,0.0,-0.5892,1,100.0,0.006143,0,0.0,0.0,0.0,0.0,0.0,0.0,0,0.0,0.0,0.0,0.0,0.0,0.0,1,1.0,26306.61,2.6307,100.0,2.6333,2.6333
e4378358,bull,s96|s33|s6,3,0.0266569129,0.0130588563,2.225,0.0,-0.5892,1,100.0,0.006143,0,0.0,0.0,0.0,0.0,0.0,0.0,0,0.0,0.0,0.0,0.0,0.0,0.0,1,1.0,26630.26,2.663,100.0,2.6657,2.6657
c24fe364,bull,s30|s88|s70,3,0.0235764671,0.010575295,2.2334,0.0,-0.5892,1,100.0,0.006143,0,0.0,0.0,0.0,0.0,0.0,0.0,0,0.0,0.0,0.0,0.0,0.0,0.0,1,1.0,23552.89,2.3553,100.0,2.3576,2.3576
01d172ad,bull,s39|s30|s12,3,0.0235581086,0.0138467814,2.2316,0.0,-0.5892,1,100.0,0.006143,0,0.0,0.0,0.0,0.0,0.0,0.0,0,0.0,0.0,0.0,0.0,0.0,0.0,1,1.0,23534.55,2.3535,100.0,2.3558,2.3558
3cc1baaa,bull,s69|s55|s59|s9|s96,5,0.026276909,0.0168744325,2.2292,0.0,-0.59,1,100.0,0.006143,0,0.0,0.0,0.0,0.0,0.0,0.0,0,0.0,0.0,0.0,0.0,0.0,0.0,1,1.0,26250.62,2.6251,100.0,2.6277,2.6277
ca986622,bull,s6|s96,2,0.0239834459,0.0114600917,2.2249,0.0,-0.5892,1,100.0,0.006143,0,0.0,0.0,0.0,0.0,0.0,0.0,0,0.0,0.0,0.0,0.0,0.0,0.0,1,1.0,23959.46,2.3959,100.0,2.3983,2.3983
35209841,bull,s94|s91|s47,3,0.0266985891,0.0139488668,2.2291,0.0,-0.5892,1,100.0,0.006143,0,0.0,0.0,0.0,0.0,0.0,0.0,0,0.0,0.0,0.0,0.0,0.0,0.0,1,1.0,26671.91,2.6672,100.0,2.6699,2.6699
e9e66be4,bull,s46|s30,2,0.0226764764,0.0112970485,2.2278,0.0,-0.5892,1,100.0,0.006143,0,0.0,0.0,0.0,0.0,0.0,0.0,0,0.0,0.0,0.0,0.0,0.0,0.0,1,1.0,22653.82,2.2654,100.0,2.2676,2.2676
05e0fc86,bull,s46|s6|s96,3,0.0210463471,0.0080909312,2.2266,0.0,-0.5892,1,100.0,0.006143,0,0.0,0.0,0.0,0.0,0.0,0.0,0,0.0,0.0,0.0,0.0,0.0,0.0,1,1.0,21025.3,2.1025,100.0,2.1046,2.1046
33fbcaf4,bull,s83|s36|s26,3,0.024394167,0.0152322073,2.2347,0.0,-0.5892,1,100.0,0.006143,0,0.0,0.0,0.0,0.0,0.0,0.0,0,0.0,0.0,0.0,0.0,0.0,0.0,1,1.0,24369.77,2.437,100.0,2.4394,2.4394
41f0511e,bull,s53|s12|s8|s5,4,0.0250264975,0.0143008147,2.2978,0.0,-0.6736,1,100.0,0.006143,0,0.0,0.0,0.0,0.0,0.0,0.0,0,0.0,0.0,0.0,0.0,0.0,0.0,1,1.0,25001.48,2.5001,100.0,2.5026,2.5026
cad0291e,bull,s41|s63|s54,3,0.0242196748,0.0084646478,2.2173,0.0,-0.59,1,100.0,0.006142,0,0.0,0.0,0.0,0.0,0.0,0.0,0,0.0,0.0,0.0,0.0,0.0,0.0,1,1.0,24195.45,2.4195,100.0,2.422,2.422
debdf293,bull,s53|s74|s46|s60,4,0.0247974021,0.015320747,2.275,0.0,-0.6736,1,100.0,0.006142,0,0.0,0.0,0.0,0.0,0.0,0.0,0,0.0,0.0,0.0,0.0,0.0,0.0,1,1.0,24772.61,2.4773,100.0,2.4797,2.4797
b3cc0560,bull,s68|s45|s41|s14,4,0.0207694345,0.0134129529,2.2129,0.0,-0.5892,1,100.0,0.006142,0,0.0,0.0,0.0,0.0,0.0,0.0,0,0.0,0.0,0.0,0.0,0.0,0.0,1,1.0,20748.66,2.0749,100.0,2.0769,2.0769
af4d27d9,bull,s6|s92|s41,3,0.0233699998,0.0082011935,2.2128,0.0,-0.5892,1,100.0,0.006142,0,0.0,0.0,0.0,0.0,0.0,0.0,0,0.0,0.0,0.0,0.0,0.0,0.0,1,1.0,23346.63,2.3347,100.0,2.337,2.337
13637a7e,bull,s39|s8|s88|s45|s21,5,0.0283811487,0.0102397936,2.2146,0.0,-0.5892,1,100.0,0.006142,0,0.0,0.0,0.0,0.0,0.0,0.0,0,0.0,0.0,0.0,0.0,0.0,0.0,1,1.0,28352.79,2.8353,100.0,2.8381,2.8381
a5a0f484,bull,s9|s55|s84,3,0.0241920939,0.0080198075,2.2146,0.0,-0.59,1,100.0,0.006142,0,0.0,0.0,0.0,0.0,0.0,0.0,0,0.0,0.0,0.0,0.0,0.0,0.0,1,1.0,24167.89,2.4168,100.0,2.4192,2.4192
7ac17b1e,bull,s6|s11|s26,3,0.0234201575,0.0085657248,2.2178,0.0,-0.5892,1,100.0,0.006142,0,0.0,0.0,0.0,0.0,0.0,0.0,0,0.0,0.0,0.0,0.0,0.0,0.0,1,1.0,23396.74,2.3397,100.0,2.342,2.342
9acc4d01,bull,s41|s74|s27,3,0.026178324,0.0144202731,2.2193,0.0,-0.59,1,100.0,0.006142,0,0.0,0.0,0.0,0.0,0.0,0.0,0,0.0,0.0,0.0,0.0,0.0,0.0,1,1.0,26152.14,2.6152,100.0,2.6178,2.6178
22e2dcdc,bull,s6|s33|s46,3,0.0266116421,0.0139943193,2.2205,0.0,-0.5892,1,100.0,0.006142,0,0.0,0.0,0.0,0.0,0.0,0.0,0,0.0,0.0,0.0,0.0,0.0,0.0,1,1.0,26585.03,2.6585,100.0,2.6612,2.6612
a6f0084f,bull,s6|s46,2,0.0208285405,0.0121949714,2.2047,0.0,-0.5892,1,100.0,0.006141,0,0.0,0.0,0.0,0.0,0.0,0.0,0,0.0,0.0,0.0,0.0,0.0,0.0,1,1.0,20807.73,2.0808,100.0,2.0829,2.0829
e3ec4476,bull,s11|s55|s88,3,0.0246940363,0.0093575288,2.2647,0.0,-0.6736,1,100.0,0.006141,0,0.0,0.0,0.0,0.0,0.0,0.0,0,0.0,0.0,0.0,0.0,0.0,0.0,1,1.0,24669.35,2.4669,100.0,2.4694,2.4694
38017a1e,bull,s3|s73|s65|s45,4,0.0240795454,0.0157404097,2.2033,0.0,-0.5892,1,100.0,0.006141,0,0.0,0.0,0.0,0.0,0.0,0.0,0,0.0,0.0,0.0,0.0,0.0,0.0,1,1.0,24055.46,2.4055,100.0,2.408,2.408
f2f5a85c,bull,s40|s30|s95,3,0.0246492658,0.0105778029,2.2602,0.0,-0.6666,1,100.0,0.006141,0,0.0,0.0,0.0,0.0,0.0,0.0,0,0.0,0.0,0.0,0.0,0.0,0.0,1,1.0,24624.62,2.4625,100.0,2.4649,2.4649
10061057,bull,s33|s87|s47|s7|s96,5,0.0216441051,0.0095683222,2.209,0.0,-0.5892,1,100.0,0.006141,0,0.0,0.0,0.0,0.0,0.0,0.0,0,0.0,0.0,0.0,0.0,0.0,0.0,1,1.0,21622.47,2.1622,100.0,2.1644,2.1644
e0ff568d,bull,s46|s64|s87|s4,4,0.0256741992,0.0097740124,2.2041,0.0,-0.5892,1,100.0,0.006141,0,0.0,0.0,0.0,0.0,0.0,0.0,0,0.0,0.0,0.0,0.0,0.0,0.0,1,1.0,25648.54,2.5649,100.0,2.5674,2.5674
2e49ef6e,bull,s9|s45|s11|s93,4,0.018517339,0.0080469933,2.1916,0.0,-0.5892,1,100.0,0.00614,0,0.0,0.0,0.0,0.0,0.0,0.0,0,0.0,0.0,0.0,0.0,0.0,0.0,1,1.0,18498.84,1.8499,100.0,1.8517,1.8517
bbbc9723,bull,s41|s92|s30|s91,4,0.0195264949,0.0090392222,2.187,0.0,-0.5892,1,100.0,0.00614,0,0.0,0.0,0.0,0.0,0.0,0.0,0,0.0,0.0,0.0,0.0,0.0,0.0,1,1.0,19506.97,1.9507,100.0,1.9526,1.9526
8f2b2949,bull,s45|s82|s96|s84,4,0.0244175296,0.0155555714,2.2371,0.0,-0.6527,1,100.0,0.00614,0,0.0,0.0,0.0,0.0,0.0,0.0,0,0.0,0.0,0.0,0.0,0.0,0.0,1,1.0,24393.12,2.4393,100.0,2.4418,2.4418
98f05818,bull,s68|s46|s41|s33,4,0.026307918,0.0157960286,2.1902,0.0,-0.5892,1,100.0,0.00614,0,0.0,0.0,0.0,0.0,0.0,0.0,0,0.0,0.0,0.0,0.0,0.0,0.0,1,1.0,26281.61,2.6282,100.0,2.6308,2.6308
fd830527,bull,s8|s96|s6|s44,4,0.0215104163,0.0116902229,2.1956,0.0,-0.5892,1,100.0,0.00614,0,0.0,0.0,0.0,0.0,0.0,0.0,0,0.0,0.0,0.0,0.0,0.0,0.0,1,1.0,21488.91,2.1489,100.0,2.151,2.151
6542ed75,bull,s35|s45,2,0.0239213707,0.0106979718,2.1876,0.0,-0.5892,1,100.0,0.00614,0,0.0,0.0,0.0,0.0,0.0,0.0,0,0.0,0.0,0.0,0.0,0.0,0.0,1,1.0,23897.44,2.3897,100.0,2.3921,2.3921
d01095fa,bull,s95|s40|s87,3,0.0245470515,0.0142257614,2.25,0.0,-0.6666,1,100.0,0.00614,0,0.0,0.0,0.0,0.0,0.0,0.0,0,0.0,0.0,0.0,0.0,0.0,0.0,1,1.0,24522.51,2.4523,100.0,2.4547,2.4547
71bbb74d,bull,s5|s45|s93|s24,4,0.0238131334,0.0090517592,2.1768,0.0,-0.5892,1,100.0,0.006139,0,0.0,0.0,0.0,0.0,0.0,0.0,0,0.0,0.0,0.0,0.0,0.0,0.0,1,1.0,23789.31,2.3789,100.0,2.3813,2.3813
ce1fe5ac,bull,s45|s78|s30,3,0.0205766509,0.0122435097,2.1795,0.0,-0.5892,1,100.0,0.006139,0,0.0,0.0,0.0,0.0,0.0,0.0,0,0.0,0.0,0.0,0.0,0.0,0.0,1,1.0,20556.07,2.0556,100.0,2.0577,2.0577
13019680,bull,s48|s6|s39,3,0.0204309709,0.0108996566,2.1649,0.0,-0.5892,1,100.0,0.006138,0,0.0,0.0,0.0,0.0,0.0,0.0,0,0.0,0.0,0.0,0.0,0.0,0.0,1,1.0,20410.54,2.0411,100.0,2.0431,2.0431
06d64e15,bull,s47|s11,2,0.0241723716,0.0095215869,2.1666,0.0,-0.5892,1,100.0,0.006138,0,0.0,0.0,0.0,0.0,0.0,0.0,0,0.0,0.0,0.0,0.0,0.0,0.0,1,1.0,24148.22,2.4148,100.0,2.4172,2.4172
15d38500,bull,s96|s46,2,0.027943331,0.0185780135,2.1711,0.0,-0.5892,1,100.0,0.006138,0,0.0,0.0,0.0,0.0,0.0,0.0,0,0.0,0.0,0.0,0.0,0.0,0.0,1,1.0,27915.41,2.7915,100.0,2.7943,2.7943
119a92dc,bull,s48|s32|s38,3,0.020105247,0.0123068422,2.1675,0.0,-0.5892,1,100.0,0.006138,0,0.0,0.0,0.0,0.0,0.0,0.0,0,0.0,0.0,0.0,0.0,0.0,0.0,1,1.0,20085.16,2.0085,100.0,2.0105,2.0105
d9edd1ea,bull,s87|s10|s59,3,0.0236908126,0.0100914722,2.1645,0.0,-0.5892,1,100.0,0.006138,0,0.0,0.0,0.0,0.0,0.0,0.0,0,0.0,0.0,0.0,0.0,0.0,0.0,1,1.0,23667.12,2.3667,100.0,2.3691,2.3691
38d7a290,bull,s30|s69|s47|s64,4,0.0279097673,0.0184722511,2.1678,0.0,-0.5892,1,100.0,0.006138,0,0.0,0.0,0.0,0.0,0.0,0.0,0,0.0,0.0,0.0,0.0,0.0,0.0,1,1.0,27881.86,2.7882,100.0,2.791,2.791
1882e536,bull,s6|s54|s12|s88,4,0.0236827553,0.0133846214,2.1637,0.0,-0.5892,1,100.0,0.006138,0,0.0,0.0,0.0,0.0,0.0,0.0,0,0.0,0.0,0.0,0.0,0.0,0.0,1,1.0,23659.09,2.3659,100.0,2.3683,2.3683
771e47c9,bull,s83|s91|s92,3,0.0237352558,0.0118487438,2.169,0.0,-0.5892,1,100.0,0.006138,0,0.0,0.0,0.0,0.0,0.0,0.0,0,0.0,0.0,0.0,0.0,0.0,0.0,1,1.0,23711.52,2.3712,100.0,2.3735,2.3735
d7ceafac,bull,s63|s43|s6,3,0.0180989041,0.00879976,2.1496,0.0,-0.5892,1,100.0,0.006137,0,0.0,0.0,0.0,0.0,0.0,0.0,0,0.0,0.0,0.0,0.0,0.0,0.0,1,1.0,18080.81,1.8081,100.0,1.8099,1.8099
f3eb95d5,bull,s7|s78|s63,3,0.0272415414,0.0098899977,2.1572,0.0,-0.5892,1,100.0,0.006137,0,0.0,0.0,0.0,0.0,0.0,0.0,0,0.0,0.0,0.0,0.0,0.0,0.0,1,1.0,27214.32,2.7214,100.0,2.7242,2.7242
c6dce5c4,bull,s92|s59|s46|s15|s74,5,0.0250482252,0.0090080627,2.1558,0.0,-0.5892,1,100.0,0.006137,0,0.0,0.0,0.0,0.0,0.0,0.0,0,0.0,0.0,0.0,0.0,0.0,0.0,1,1.0,25023.17,2.5023,100.0,2.5048,2.5048
0849e9f9,bull,s33|s63|s46,3,0.0181133127,0.0082985004,2.151,0.0,-0.5892,1,100.0,0.006137,0,0.0,0.0,0.0,0.0,0.0,0.0,0,0.0,0.0,0.0,0.0,0.0,0.0,1,1.0,18095.21,1.8095,100.0,1.8113,1.8113
ed3ede69,bull,s47|s6|s10|s59|s75,5,0.0209378001,0.0108372886,2.1383,0.0,-0.5892,1,100.0,0.006136,0,0.0,0.0,0.0,0.0,0.0,0.0,0,0.0,0.0,0.0,0.0,0.0,0.0,1,1.0,20916.86,2.0917,100.0,2.0938,2.0938
be3a4320,bull,s58|s82|s74,3,0.0247298744,0.014014356,2.1381,0.0,-0.5892,1,100.0,0.006136,0,0.0,0.0,0.0,0.0,0.0,0.0,0,0.0,0.0,0.0,0.0,0.0,0.0,1,1.0,24705.16,2.4705,100.0,2.473,2.473
fd2844cb,bull,s24|s74|s34,3,0.0247719693,0.0125512669,2.1423,0.0,-0.5892,1,100.0,0.006136,0,0.0,0.0,0.0,0.0,0.0,0.0,0,0.0,0.0,0.0,0.0,0.0,0.0,1,1.0,24747.22,2.4747,100.0,2.4772,2.4772
ec878499,bull,s41|s46|s26,3,0.0239803579,0.0130946763,2.1474,0.0,-0.5892,1,100.0,0.006136,0,0.0,0.0,0.0,0.0,0.0,0.0,0,0.0,0.0,0.0,0.0,0.0,0.0,1,1.0,23956.39,2.3956,100.0,2.398,2.398
003676bd,bull,s15|s82|s27,3,0.0247485179,0.0139512993,2.1399,0.0,-0.5892,1,100.0,0.006136,0,0.0,0.0,0.0,0.0,0.0,0.0,0,0.0,0.0,0.0,0.0,0.0,0.0,1,1.0,24723.79,2.4724,100.0,2.4749,2.4749
f7d0a863,bull,s15|s12,2,0.0271099283,0.011606323,2.1441,0.0,-0.5892,1,100.0,0.006136,0,0.0,0.0,0.0,0.0,0.0,0.0,0,0.0,0.0,0.0,0.0,0.0,0.0,1,1.0,27082.81,2.7083,100.0,2.711,2.711
e4cce1ae,bull,s64|s36|s27,3,0.0248234216,0.0152652141,2.1474,0.0,-0.5892,1,100.0,0.006136,0,0.0,0.0,0.0,0.0,0.0,0.0,0,0.0,0.0,0.0,0.0,0.0,0.0,1,1.0,24798.62,2.4799,100.0,2.4823,2.4823
0fe529d9,bull,s91|s6|s26,3,0.0230024599,0.0099291891,2.141,0.0,-0.5892,1,100.0,0.006136,0,0.0,0.0,0.0,0.0,0.0,0.0,0,0.0,0.0,0.0,0.0,0.0,0.0,1,1.0,22979.46,2.2979,100.0,2.3002,2.3002
4ea84759,bull,s1|s69|s7,3,0.0248277819,0.0097599269,2.1478,0.0,-0.5892,1,100.0,0.006136,0,0.0,0.0,0.0,0.0,0.0,0.0,0,0.0,0.0,0.0,0.0,0.0,0.0,1,1.0,24802.97,2.4803,100.0,2.4828,2.4828
52af2483,bull,s70|s58|s87,3,0.0208622701,0.0138200237,2.1307,0.0,-0.5892,1,100.0,0.006135,0,0.0,0.0,0.0,0.0,0.0,0.0,0,0.0,0.0,0.0,0.0,0.0,0.0,1,1.0,20841.42,2.0841,100.0,2.0862,2.0862
4cecc688,bull,s43|s9|s32,3,0.0208379545,0.0091550783,2.1283,0.0,-0.5892,1,100.0,0.006135,0,0.0,0.0,0.0,0.0,0.0,0.0,0,0.0,0.0,0.0,0.0,0.0,0.0,1,1.0,20817.13,2.0817,100.0,2.0838,2.0838
c7286c5d,bull,s40|s59|s27,3,0.0237035733,0.0089358132,2.1658,0.0,-0.6457,1,100.0,0.006135,0,0.0,0.0,0.0,0.0,0.0,0.0,0,0.0,0.0,0.0,0.0,0.0,0.0,1,1.0,23679.87,2.368,100.0,2.3704,2.3704
003ce3c9,bull,s64|s8|s58,3,0.0208631565,0.0129907733,2.1308,0.0,-0.5892,1,100.0,0.006135,0,0.0,0.0,0.0,0.0,0.0,0.0,0,0.0,0.0,0.0,0.0,0.0,0.0,1,1.0,20842.31,2.0842,100.0,2.0863,2.0863
678d4298,bull,s46|s15|s26,3,0.0200624325,0.0105740305,2.128,0.0,-0.5892,1,100.0,0.006135,0,0.0,0.0,0.0,0.0,0.0,0.0,0,0.0,0.0,0.0,0.0,0.0,0.0,1,1.0,20042.36,2.0042,100.0,2.0062,2.0062
c1939a9b,bull,s82|s5|s65|s4|s3,5,0.0229854597,0.0109582552,2.1253,0.0,-0.5892,1,100.0,0.006135,0,0.0,0.0,0.0,0.0,0.0,0.0,0,0.0,0.0,0.0,0.0,0.0,0.0,1,1.0,22962.48,2.2962,100.0,2.2985,2.2985
091fce93,bull,s79|s43|s87|s6,4,0.0229707611,0.0144378921,2.1238,0.0,-0.5892,1,100.0,0.006135,0,0.0,0.0,0.0,0.0,0.0,0.0,0,0.0,0.0,0.0,0.0,0.0,0.0,1,1.0,22947.79,2.2948,100.0,2.2971,2.2971
53512221,bull,s10|s12|s48|s65|s11,5,0.0261679977,0.0090661718,2.1273,0.0,-0.5892,1,100.0,0.006135,0,0.0,0.0,0.0,0.0,0.0,0.0,0,0.0,0.0,0.0,0.0,0.0,0.0,1,1.0,26141.85,2.6142,100.0,2.6168,2.6168
e17cb2f4,bull,s5|s1|s64|s14,4,0.0246471055,0.0096673548,2.1298,0.0,-0.5892,1,100.0,0.006135,0,0.0,0.0,0.0,0.0,0.0,0.0,0,0.0,0.0,0.0,0.0,0.0,0.0,1,1.0,24622.48,2.4622,100.0,2.4647,2.4647
843b2b5f,bull,s82|s65|s53,3,0.0225348219,0.0108029347,2.1294,0.0,-0.5892,1,100.0,0.006135,0,0.0,0.0,0.0,0.0,0.0,0.0,0,0.0,0.0,0.0,0.0,0.0,0.0,1,1.0,22512.29,2.2512,100.0,2.2535,2.2535
7bcba861,bull,s6|s42|s34|s87,4,0.0249314207,0.0124887992,2.1301,0.0,-0.5892,1,100.0,0.006135,0,0.0,0.0,0.0,0.0,0.0,0.0,0,0.0,0.0,0.0,0.0,0.0,0.0,1,1.0,24906.49,2.4906,100.0,2.4931,2.4931
e9ed2e72,bull,s10|s74|s65,3,0.0275062307,0.0092341004,2.1277,0.0,-0.5892,1,100.0,0.006135,0,0.0,0.0,0.0,0.0,0.0,0.0,0,0.0,0.0,0.0,0.0,0.0,0.0,1,1.0,27478.73,2.7479,100.0,2.7506,2.7506
1faea98c,bull,s64|s7|s32,3,0.0209064851,0.0119500982,2.1352,0.0,-0.5892,1,100.0,0.006135,0,0.0,0.0,0.0,0.0,0.0,0.0,0,0.0,0.0,0.0,0.0,0.0,0.0,1,1.0,20885.59,2.0886,100.0,2.0906,2.0906
4ed9fc00,bull,s47|s11|s65,3,0.0208697629,0.008440747,2.1315,0.0,-0.5892,1,100.0,0.006135,0,0.0,0.0,0.0,0.0,0.0,0.0,0,0.0,0.0,0.0,0.0,0.0,0.0,1,1.0,20848.91,2.0849,100.0,2.087,2.087
7c67ed4a,bull,s43|s3|s15|s45|s6,5,0.024964284,0.0086103199,2.1334,0.0,-0.5892,1,100.0,0.006135,0,0.0,0.0,0.0,0.0,0.0,0.0,0,0.0,0.0,0.0,0.0,0.0,0.0,1,1.0,24939.34,2.4939,100.0,2.4964,2.4964
ad9b2385,bull,s10|s64|s5,3,0.0208516722,0.0125694244,2.1297,0.0,-0.5892,1,100.0,0.006135,0,0.0,0.0,0.0,0.0,0.0,0.0,0,0.0,0.0,0.0,0.0,0.0,0.0,1,1.0,20830.84,2.0831,100.0,2.0852,2.0852
bc262e7e,bull,s63|s35|s69,3,0.0200222281,0.0098808021,2.124,0.0,-0.5892,1,100.0,0.006135,0,0.0,0.0,0.0,0.0,0.0,0.0,0,0.0,0.0,0.0,0.0,0.0,0.0,1,1.0,20002.22,2.0002,100.0,2.0022,2.0022
48564cac,bull,s30|s93|s10,3,0.0249806275,0.0116877948,2.135,0.0,-0.5892,1,100.0,0.006135,0,0.0,0.0,0.0,0.0,0.0,0.0,0,0.0,0.0,0.0,0.0,0.0,0.0,1,1.0,24955.65,2.4956,100.0,2.4981,2.4981
24a698e5,bull,s64|s12|s41|s43,4,0.0246062463,0.011086751,2.1257,0.0,-0.5892,1,100.0,0.006135,0,0.0,0.0,0.0,0.0,0.0,0.0,0,0.0,0.0,0.0,0.0,0.0,0.0,1,1.0,24581.66,2.4582,100.0,2.4606,2.4606
994c420c,bull,s46|s5|s34,3,0.0247890742,0.0084237686,2.13,0.0,-0.5892,1,100.0,0.006135,0,0.0,0.0,0.0,0.0,0.0,0.0,0,0.0,0.0,0.0,0.0,0.0,0.0,1,1.0,24764.3,2.4764,100.0,2.4789,2.4789
6ba0ea96,bull,s82|s1|s70,3,0.0208320016,0.0135192261,2.1277,0.0,-0.5892,1,100.0,0.006135,0,0.0,0.0,0.0,0.0,0.0,0.0,0,0.0,0.0,0.0,0.0,0.0,0.0,1,1.0,20811.19,2.0811,100.0,2.0832,2.0832
9405f8f6,bull,s24|s43|s26,3,0.0207616524,0.0087477497,2.1207,0.0,-0.5892,1,100.0,0.006134,0,0.0,0.0,0.0,0.0,0.0,0.0,0,0.0,0.0,0.0,0.0,0.0,0.0,1,1.0,20740.91,2.0741,100.0,2.0762,2.0762
43ba6570,bull,s6|s58|s39,3,0.0245035182,0.0159616912,2.1155,0.0,-0.5892,1,100.0,0.006134,0,0.0,0.0,0.0,0.0,0.0,0.0,0,0.0,0.0,0.0,0.0,0.0,0.0,1,1.0,24479.03,2.4479,100.0,2.4504,2.4504
e1a8674f,bull,s40|s41|s64|s70,4,0.0244923547,0.0100494912,2.1144,0.0,-0.5892,1,100.0,0.006134,0,0.0,0.0,0.0,0.0,0.0,0.0,0,0.0,0.0,0.0,0.0,0.0,0.0,1,1.0,24467.88,2.4468,100.0,2.4492,2.4492
e5b1e49a,bull,s12|s3|s59|s47|s91,5,0.0260634906,0.012033823,2.1169,0.0,-0.5892,1,100.0,0.006134,0,0.0,0.0,0.0,0.0,0.0,0.0,0,0.0,0.0,0.0,0.0,0.0,0.0,1,1.0,26037.42,2.6037,100.0,2.6063,2.6063
2c1d18b0,bull,s58|s48|s65,3,0.020777769,0.0113424581,2.1223,0.0,-0.5892,1,100.0,0.006134,0,0.0,0.0,0.0,0.0,0.0,0.0,0,0.0,0.0,0.0,0.0,0.0,0.0,1,1.0,20756.99,2.0757,100.0,2.0778,2.0778
cbd7628e,bull,s35|s2|s5,3,0.0206936517,0.0124284871,2.1139,0.0,-0.5892,1,100.0,0.006134,0,0.0,0.0,0.0,0.0,0.0,0.0,0,0.0,0.0,0.0,0.0,0.0,0.0,1,1.0,20672.97,2.0673,100.0,2.0694,2.0694
b0690166,bull,s65|s92|s5,3,0.0273892141,0.0132607459,2.116,0.0,-0.5892,1,100.0,0.006134,0,0.0,0.0,0.0,0.0,0.0,0.0,0,0.0,0.0,0.0,0.0,0.0,0.0,1,1.0,27361.83,2.7362,100.0,2.7389,2.7389
aca018d7,bull,s53|s60|s88|s40|s45,5,0.0232020159,0.0092451495,2.1158,0.0,-0.5892,1,100.0,0.006134,0,0.0,0.0,0.0,0.0,0.0,0.0,0,0.0,0.0,0.0,0.0,0.0,0.0,1,1.0,23178.81,2.3179,100.0,2.3202,2.3202
c3770a64,bull,s46|s6|s10|s91,4,0.0227425289,0.0130931558,2.115,0.0,-0.5892,1,100.0,0.006134,0,0.0,0.0,0.0,0.0,0.0,0.0,0,0.0,0.0,0.0,0.0,0.0,0.0,1,1.0,22719.79,2.272,100.0,2.2743,2.2743
3fe3472d,bull,s69|s48|s32,3,0.0245081294,0.0089914941,2.116,0.0,-0.5892,1,100.0,0.006134,0,0.0,0.0,0.0,0.0,0.0,0.0,0,0.0,0.0,0.0,0.0,0.0,0.0,1,1.0,24483.64,2.4484,100.0,2.4508,2.4508
28da200c,bull,s39|s7|s65|s8,4,0.0206621804,0.0127010176,2.1107,0.0,-0.5892,1,100.0,0.006134,0,0.0,0.0,0.0,0.0,0.0,0.0,0,0.0,0.0,0.0,0.0,0.0,0.0,1,1.0,20641.54,2.0642,100.0,2.0662,2.0662
a4038c39,bull,s87|s41,2,0.0232249986,0.0108689335,2.1181,0.0,-0.5892,1,100.0,0.006134,0,0.0,0.0,0.0,0.0,0.0,0.0,0,0.0,0.0,0.0,0.0,0.0,0.0,1,1.0,23201.79,2.3202,100.0,2.3225,2.3225
cd20ba45,bull,s6|s91|s45|s8,4,0.0247746352,0.0147793049,2.1145,0.0,-0.5892,1,100.0,0.006134,0,0.0,0.0,0.0,0.0,0.0,0.0,0,0.0,0.0,0.0,0.0,0.0,0.0,1,1.0,24749.86,2.475,100.0,2.4775,2.4775
1a12206f,bull,s11|s6|s78|s47,4,0.0237285497,0.0084464284,2.1223,0.0,-0.5892,1,100.0,0.006134,0,0.0,0.0,0.0,0.0,0.0,0.0,0,0.0,0.0,0.0,0.0,0.0,0.0,1,1.0,23704.82,2.3705,100.0,2.3729,2.3729
4392fd4d,bull,s4|s75|s68|s30,4,0.0227080866,0.0136611269,2.1116,0.0,-0.5892,1,100.0,0.006134,0,0.0,0.0,0.0,0.0,0.0,0.0,0,0.0,0.0,0.0,0.0,0.0,0.0,1,1.0,22685.38,2.2685,100.0,2.2708,2.2708
39812c0f,bull,s14|s65|s53,3,0.0278471085,0.0105692843,2.1057,0.0,-0.5892,1,100.0,0.006133,0,0.0,0.0,0.0,0.0,0.0,0.0,0,0.0,0.0,0.0,0.0,0.0,0.0,1,1.0,27819.26,2.7819,100.0,2.7847,2.7847
6c3f725e,bull,s58|s65|s47,3,0.0278298068,0.0094339564,2.104,0.0,-0.5892,1,100.0,0.006133,0,0.0,0.0,0.0,0.0,0.0,0.0,0,0.0,0.0,0.0,0.0,0.0,0.0,1,1.0,27801.98,2.7802,100.0,2.783,2.783
fac7befb,bull,s24|s5|s1,3,0.0206366903,0.0128968166,2.1082,0.0,-0.5892,1,100.0,0.006133,0,0.0,0.0,0.0,0.0,0.0,0.0,0,0.0,0.0,0.0,0.0,0.0,0.0,1,1.0,20616.07,2.0616,100.0,2.0637,2.0637
7bb04ec0,bull,s74|s21|s70|s5|s58,5,0.0259242448,0.0142722999,2.1031,0.0,-0.5892,1,100.0,0.006133,0,0.0,0.0,0.0,0.0,0.0,0.0,0,0.0,0.0,0.0,0.0,0.0,0.0,1,1.0,25898.34,2.5898,100.0,2.5924,2.5924
8a6b5a03,bull,s36|s38,2,0.026333934,0.0147997816,2.1089,0.0,-0.5892,1,100.0,0.006133,0,0.0,0.0,0.0,0.0,0.0,0.0,0,0.0,0.0,0.0,0.0,0.0,0.0,1,1.0,26307.62,2.6308,100.0,2.6334,2.6334
fd0b60cd,bull,s12|s44|s27,3,0.0223111032,0.0088528814,2.107,0.0,-0.5892,1,100.0,0.006133,0,0.0,0.0,0.0,0.0,0.0,0.0,0,0.0,0.0,0.0,0.0,0.0,0.0,1,1.0,22288.79,2.2289,100.0,2.2311,2.2311
ae707d7f,bull,s6|s21|s45|s95|s64,5,0.0273195633,0.0166847122,2.1091,0.0,-0.5892,1,100.0,0.006133,0,0.0,0.0,0.0,0.0,0.0,0.0,0,0.0,0.0,0.0,0.0,0.0,0.0,1,1.0,27292.26,2.7292,100.0,2.732,2.732
236f9336,bull,s11|s7|s41,3,0.0222638563,0.0081260842,2.1023,0.0,-0.5892,1,100.0,0.006133,0,0.0,0.0,0.0,0.0,0.0,0.0,0,0.0,0.0,0.0,0.0,0.0,0.0,1,1.0,22241.61,2.2242,100.0,2.2264,2.2264
1ef78505,bull,s15|s8|s65,3,0.0259664805,0.0099227606,2.1073,0.0,-0.5892,1,100.0,0.006133,0,0.0,0.0,0.0,0.0,0.0,0.0,0,0.0,0.0,0.0,0.0,0.0,0.0,1,1.0,25940.52,2.5941,100.0,2.5966,2.5966
1722aad7,bull,s6|s12|s27,3,0.024620028,0.0101273135,2.0991,0.0,-0.5892,1,100.0,0.006133,0,0.0,0.0,0.0,0.0,0.0,0.0,0,0.0,0.0,0.0,0.0,0.0,0.0,1,1.0,24595.41,2.4595,100.0,2.462,2.462
491e8371,bull,s32|s59|s39,3,0.0198419439,0.0122937905,2.106,0.0,-0.5892,1,100.0,0.006133,0,0.0,0.0,0.0,0.0,0.0,0.0,0,0.0,0.0,0.0,0.0,0.0,0.0,1,1.0,19822.12,1.9822,100.0,1.9842,1.9842
fd90a4d9,bull,s45|s69,2,0.0231495562,0.0120637693,2.1105,0.0,-0.5892,1,100.0,0.006133,0,0.0,0.0,0.0,0.0,0.0,0.0,0,0.0,0.0,0.0,0.0,0.0,0.0,1,1.0,23126.42,2.3126,100.0,2.315,2.315
5e87c99f,bull,s83|s7|s3|s2,4,0.0273010219,0.0081792381,2.1073,0.0,-0.5892,1,100.0,0.006133,0,0.0,0.0,0.0,0.0,0.0,0.0,0,0.0,0.0,0.0,0.0,0.0,0.0,1,1.0,27273.72,2.7274,100.0,2.7301,2.7301
9fba0ffe,bull,s82|s5|s70|s9,4,0.0223086007,0.0086163188,2.1068,0.0,-0.5892,1,100.0,0.006133,0,0.0,0.0,0.0,0.0,0.0,0.0,0,0.0,0.0,0.0,0.0,0.0,0.0,1,1.0,22286.31,2.2286,100.0,2.2309,2.2309
af1e1615,bull,s64|s59|s7,3,0.0259213938,0.0114111261,2.1028,0.0,-0.5892,1,100.0,0.006133,0,0.0,0.0,0.0,0.0,0.0,0.0,0,0.0,0.0,0.0,0.0,0.0,0.0,1,1.0,25895.49,2.5895,100.0,2.5921,2.5921
01eaa42e,bull,s8|s68|s47,3,0.0278103215,0.015456822,2.102,0.0,-0.5892,1,100.0,0.006133,0,0.0,0.0,0.0,0.0,0.0,0.0,0,0.0,0.0,0.0,0.0,0.0,0.0,1,1.0,27782.51,2.7783,100.0,2.781,2.781
161dfd5b,bull,s91|s68,2,0.0186833322,0.010107358,2.1025,0.0,-0.5892,1,100.0,0.006133,0,0.0,0.0,0.0,0.0,0.0,0.0,0,0.0,0.0,0.0,0.0,0.0,0.0,1,1.0,18664.65,1.8665,100.0,1.8683,1.8683
6b7bab68,bull,s58|s5|s92,3,0.0258811054,0.0160050312,2.0988,0.0,-0.5892,1,100.0,0.006133,0,0.0,0.0,0.0,0.0,0.0,0.0,0,0.0,0.0,0.0,0.0,0.0,0.0,1,1.0,25855.24,2.5855,100.0,2.5881,2.5881
e37080fc,bull,s63|s87|s15,3,0.0230983716,0.0094702841,2.1054,0.0,-0.5892,1,100.0,0.006133,0,0.0,0.0,0.0,0.0,0.0,0.0,0,0.0,0.0,0.0,0.0,0.0,0.0,1,1.0,23075.29,2.3075,100.0,2.3098,2.3098
0120197f,bull,s36|s30|s8|s24,4,0.0253934176,0.0110666895,2.1412,0.0,-0.6457,1,100.0,0.006133,0,0.0,0.0,0.0,0.0,0.0,0.0,0,0.0,0.0,0.0,0.0,0.0,0.0,1,1.0,25368.03,2.5368,100.0,2.5393,2.5393
f33f6d46,bull,s48|s38|s14,3,0.0180703542,0.0108436303,2.1044,0.0,-0.5892,1,100.0,0.006133,0,0.0,0.0,0.0,0.0,0.0,0.0,0,0.0,0.0,0.0,0.0,0.0,0.0,1,1.0,18052.3,1.8052,100.0,1.807,1.807
fc9b789f,bull,s43|s21,2,0.0273245223,0.0119288244,2.1096,0.0,-0.5892,1,100.0,0.006133,0,0.0,0.0,0.0,0.0,0.0,0.0,0,0.0,0.0,0.0,0.0,0.0,0.0,1,1.0,27297.22,2.7297,100.0,2.7325,2.7325
68fd9b24,bull,s58|s84|s48,3,0.0236877842,0.0147018099,2.1642,0.0,-0.6736,1,100.0,0.006133,0,0.0,0.0,0.0,0.0,0.0,0.0,0,0.0,0.0,0.0,0.0,0.0,0.0,1,1.0,23664.1,2.3664,100.0,2.3688,2.3688
5082caa5,bull,s64|s9|s2|s54,4,0.0252585131,0.0127901953,2.0857,0.0,-0.5892,1,100.0,0.006132,0,0.0,0.0,0.0,0.0,0.0,0.0,0,0.0,0.0,0.0,0.0,0.0,0.0,1,1.0,25233.27,2.5233,100.0,2.5259,2.5259
dfc1c71b,bull,s64|s7,2,0.0221796271,0.0109793601,2.0939,0.0,-0.5892,1,100.0,0.006132,0,0.0,0.0,0.0,0.0,0.0,0.0,0,0.0,0.0,0.0,0.0,0.0,0.0,1,1.0,22157.46,2.2157,100.0,2.218,2.218
9d9558b3,bull,s14|s24|s27,3,0.0221553632,0.0144187892,2.0915,0.0,-0.5892,1,100.0,0.006132,0,0.0,0.0,0.0,0.0,0.0,0.0,0,0.0,0.0,0.0,0.0,0.0,0.0,1,1.0,22133.22,2.2133,100.0,2.2155,2.2155
16da172a,bull,s59|s34|s48,3,0.020307693,0.0127541648,2.0893,0.0,-0.5892,1,100.0,0.006132,0,0.0,0.0,0.0,0.0,0.0,0.0,0,0.0,0.0,0.0,0.0,0.0,0.0,1,1.0,20287.38,2.0287,100.0,2.0308,2.0308
aff4349e,bull,s35|s87|s6,3,0.0271368793,0.013147462,2.0909,0.0,-0.5892,1,100.0,0.006132,0,0.0,0.0,0.0,0.0,0.0,0.0,0,0.0,0.0,0.0,0.0,0.0,0.0,1,1.0,27109.74,2.711,100.0,2.7137,2.7137
9c344eeb,bull,s15|s64|s92,3,0.0258122118,0.0082402764,2.0919,0.0,-0.5892,1,100.0,0.006132,0,0.0,0.0,0.0,0.0,0.0,0.0,0,0.0,0.0,0.0,0.0,0.0,0.0,1,1.0,25786.42,2.5786,100.0,2.5812,2.5812
4f26fbf5,bull,s10|s21|s5,3,0.0205357414,0.0135139361,2.0981,0.0,-0.5892,1,100.0,0.006132,0,0.0,0.0,0.0,0.0,0.0,0.0,0,0.0,0.0,0.0,0.0,0.0,0.0,1,1.0,20515.22,2.0515,100.0,2.0536,2.0536
78b83b89,bull,s42|s69|s82,3,0.0222149007,0.0133277033,2.0974,0.0,-0.5892,1,100.0,0.006132,0,0.0,0.0,0.0,0.0,0.0,0.0,0,0.0,0.0,0.0,0.0,0.0,0.0,1,1.0,22192.7,2.2193,100.0,2.2215,2.2215
4f5a2af1,bull,s69|s39|s93|s6,4,0.0245984981,0.0122943858,2.097,0.0,-0.5892,1,100.0,0.006132,0,0.0,0.0,0.0,0.0,0.0,0.0,0,0.0,0.0,0.0,0.0,0.0,0.0,1,1.0,24573.9,2.4574,100.0,2.4598,2.4598
e57781e8,bull,s24|s3|s38|s82|s34,5,0.0221347719,0.0144984331,2.0894,0.0,-0.5892,1,100.0,0.006132,0,0.0,0.0,0.0,0.0,0.0,0.0,0,0.0,0.0,0.0,0.0,0.0,0.0,1,1.0,22112.65,2.2113,100.0,2.2135,2.2135
1f69f774,bull,s93|s39|s43,3,0.0196772105,0.0120391956,2.0895,0.0,-0.5892,1,100.0,0.006132,0,0.0,0.0,0.0,0.0,0.0,0.0,0,0.0,0.0,0.0,0.0,0.0,0.0,1,1.0,19657.55,1.9658,100.0,1.9677,1.9677
3d7798c1,bull,s2|s46|s34|s11,4,0.0270876365,0.0087888804,2.086,0.0,-0.5892,1,100.0,0.006132,0,0.0,0.0,0.0,0.0,0.0,0.0,0,0.0,0.0,0.0,0.0,0.0,0.0,1,1.0,27060.57,2.7061,100.0,2.7088,2.7088
23c8df66,bull,s58|s70|s27,3,0.0221856384,0.0129306352,2.0945,0.0,-0.5892,1,100.0,0.006132,0,0.0,0.0,0.0,0.0,0.0,0.0,0,0.0,0.0,0.0,0.0,0.0,0.0,1,1.0,22163.47,2.2163,100.0,2.2186,2.2186
7877dc41,bull,s7|s60|s42,3,0.0242276701,0.0094428692,2.088,0.0,-0.5892,1,100.0,0.006132,0,0.0,0.0,0.0,0.0,0.0,0.0,0,0.0,0.0,0.0,0.0,0.0,0.0,1,1.0,24203.46,2.4203,100.0,2.4228,2.4228
6b5a7e95,bull,s6|s43|s12,3,0.0245972257,0.0107845714,2.0968,0.0,-0.5892,1,100.0,0.006132,0,0.0,0.0,0.0,0.0,0.0,0.0,0,0.0,0.0,0.0,0.0,0.0,0.0,1,1.0,24572.63,2.4573,100.0,2.4597,2.4597
d4a7e801,bull,s94|s32|s10,3,0.0257891118,0.0169549314,2.0896,0.0,-0.5892,1,100.0,0.006132,0,0.0,0.0,0.0,0.0,0.0,0.0,0,0.0,0.0,0.0,0.0,0.0,0.0,1,1.0,25763.34,2.5763,100.0,2.5789,2.5789
0c6a7784,bull,s92|s36|s2|s6|s58,5,0.022655772,0.0122392153,2.0923,0.0,-0.5892,1,100.0,0.006132,0,0.0,0.0,0.0,0.0,0.0,0.0,0,0.0,0.0,0.0,0.0,0.0,0.0,1,1.0,22633.13,2.2633,100.0,2.2656,2.2656
72acde15,bull,s79|s58,2,0.0201750472,0.008593466,2.0901,0.0,-0.5892,1,100.0,0.006132,0,0.0,0.0,0.0,0.0,0.0,0.0,0,0.0,0.0,0.0,0.0,0.0,0.0,1,1.0,20154.88,2.0155,100.0,2.0175,2.0175
2708da9e,bull,s15|s11|s33|s58,4,0.0226771472,0.0130361336,2.0945,0.0,-0.5892,1,100.0,0.006132,0,0.0,0.0,0.0,0.0,0.0,0.0,0,0.0,0.0,0.0,0.0,0.0,0.0,1,1.0,22654.49,2.2654,100.0,2.2677,2.2677
0e284b84,bull,s65|s41|s8|s7,4,0.0221654673,0.0109472248,2.0925,0.0,-0.5892,1,100.0,0.006132,0,0.0,0.0,0.0,0.0,0.0,0.0,0,0.0,0.0,0.0,0.0,0.0,0.0,1,1.0,22143.29,2.2143,100.0,2.2165,2.2165
8a2e7125,bull,s45|s11|s58,3,0.0222138066,0.0131436007,2.0973,0.0,-0.5892,1,100.0,0.006132,0,0.0,0.0,0.0,0.0,0.0,0.0,0,0.0,0.0,0.0,0.0,0.0,0.0,1,1.0,22191.61,2.2192,100.0,2.2214,2.2214
44659b2b,bull,s11|s43|s42,3,0.0226785594,0.0080114845,2.0946,0.0,-0.5892,1,100.0,0.006132,0,0.0,0.0,0.0,0.0,0.0,0.0,0,0.0,0.0,0.0,0.0,0.0,0.0,1,1.0,22655.9,2.2656,100.0,2.2679,2.2679
b85217d0,bull,s84|s2|s10|s9,4,0.025322405,0.0145789262,2.0921,0.0,-0.5892,1,100.0,0.006132,0,0.0,0.0,0.0,0.0,0.0,0.0,0,0.0,0.0,0.0,0.0,0.0,0.0,1,1.0,25297.1,2.5297,100.0,2.5322,2.5322
4f672458,bull,s58|s82,2,0.0257958351,0.0080675961,2.0903,0.0,-0.5892,1,100.0,0.006132,0,0.0,0.0,0.0,0.0,0.0,0.0,0,0.0,0.0,0.0,0.0,0.0,0.0,1,1.0,25770.06,2.577,100.0,2.5796,2.5796
fcd65fb4,bull,s70|s41|s2|s32,4,0.0226414158,0.0102587329,2.0909,0.0,-0.5892,1,100.0,0.006132,0,0.0,0.0,0.0,0.0,0.0,0.0,0,0.0,0.0,0.0,0.0,0.0,0.0,1,1.0,22618.79,2.2619,100.0,2.2641,2.2641
dc0d4162,bull,s63|s2|s5|s46|s83,5,0.0271846396,0.0110299077,2.0957,0.0,-0.5892,1,100.0,0.006132,0,0.0,0.0,0.0,0.0,0.0,0.0,0,0.0,0.0,0.0,0.0,0.0,0.0,1,1.0,27157.48,2.7157,100.0,2.7185,2.7185
4b545915,bull,s65|s32|s48,3,0.0271533432,0.0085616531,2.0926,0.0,-0.5892,1,100.0,0.006132,0,0.0,0.0,0.0,0.0,0.0,0.0,0,0.0,0.0,0.0,0.0,0.0,0.0,1,1.0,27126.19,2.7126,100.0,2.7153,2.7153
c848af8e,bull,s82|s41|s65,3,0.0269927521,0.0091660475,2.0766,0.0,-0.5892,1,100.0,0.006131,0,0.0,0.0,0.0,0.0,0.0,0.0,0,0.0,0.0,0.0,0.0,0.0,0.0,1,1.0,26965.78,2.6966,100.0,2.6993,2.6993
a28ae08e,bull,s10|s5|s4|s73|s7,5,0.0220725721,0.0097665392,2.0832,0.0,-0.5892,1,100.0,0.006131,0,0.0,0.0,0.0,0.0,0.0,0.0,0,0.0,0.0,0.0,0.0,0.0,0.0,1,1.0,22050.52,2.2051,100.0,2.2073,2.2073
cacb97aa,bull,s79|s68|s2,3,0.0201286657,0.0134182601,2.0855,0.0,-0.5892,1,100.0,0.006131,0,0.0,0.0,0.0,0.0,0.0,0.0,0,0.0,0.0,0.0,0.0,0.0,0.0,1,1.0,20108.54,2.0109,100.0,2.0129,2.0129
1a00ae5b,bull,s58|s9|s5,3,0.0225369178,0.009384542,2.0805,0.0,-0.5892,1,100.0,0.006131,0,0.0,0.0,0.0,0.0,0.0,0.0,0,0.0,0.0,0.0,0.0,0.0,0.0,1,1.0,22514.4,2.2514,100.0,2.2537,2.2537
38d725c3,bull,s5|s14|s96,3,0.0269980396,0.0163151781,2.0771,0.0,-0.5892,1,100.0,0.006131,0,0.0,0.0,0.0,0.0,0.0,0.0,0,0.0,0.0,0.0,0.0,0.0,0.0,1,1.0,26971.06,2.6971,100.0,2.6998,2.6998
3b98dd07,bull,s41|s64|s27,3,0.0256847309,0.0081317913,2.0792,0.0,-0.5892,1,100.0,0.006131,0,0.0,0.0,0.0,0.0,0.0,0.0,0,0.0,0.0,0.0,0.0,0.0,0.0,1,1.0,25659.07,2.5659,100.0,2.5685,2.5685
0831ae09,bull,s5|s69|s73,3,0.0203294555,0.0124174385,2.0774,0.0,-0.5892,1,100.0,0.006131,0,0.0,0.0,0.0,0.0,0.0,0.0,0,0.0,0.0,0.0,0.0,0.0,0.0,1,1.0,20309.14,2.0309,100.0,2.0329,2.0329
bd35e45b,bull,s79|s91|s36,3,0.0256316022,0.0141075017,2.0739,0.0,-0.5892,1,100.0,0.006131,0,0.0,0.0,0.0,0.0,0.0,0.0,0,0.0,0.0,0.0,0.0,0.0,0.0,1,1.0,25605.99,2.5606,100.0,2.5632,2.5632
6ee74148,bull,s69|s48|s82,3,0.0220820496,0.011865003,2.0841,0.0,-0.5892,1,100.0,0.006131,0,0.0,0.0,0.0,0.0,0.0,0.0,0,0.0,0.0,0.0,0.0,0.0,0.0,1,1.0,22059.98,2.206,100.0,2.2082,2.2082
18e6a9ce,bull,s2|s74|s11,3,0.0269813801,0.0083190897,2.0755,0.0,-0.5892,1,100.0,0.006131,0,0.0,0.0,0.0,0.0,0.0,0.0,0,0.0,0.0,0.0,0.0,0.0,0.0,1,1.0,26954.42,2.6954,100.0,2.6981,2.6981
205996f3,bull,s44|s2|s7,3,0.0203621368,0.0095069584,2.0807,0.0,-0.5892,1,100.0,0.006131,0,0.0,0.0,0.0,0.0,0.0,0.0,0,0.0,0.0,0.0,0.0,0.0,0.0,1,1.0,20341.79,2.0342,100.0,2.0362,2.0362
e37bf199,bull,s91|s33|s47|s92,4,0.0194815266,0.0123856457,2.084,0.0,-0.5892,1,100.0,0.006131,0,0.0,0.0,0.0,0.0,0.0,0.0,0,0.0,0.0,0.0,0.0,0.0,0.0,1,1.0,19462.06,1.9462,100.0,1.9482,1.9482
de91919c,bull,s1|s47|s30|s6,4,0.0270442739,0.0086501202,2.0817,0.0,-0.5892,1,100.0,0.006131,0,0.0,0.0,0.0,0.0,0.0,0.0,0,0.0,0.0,0.0,0.0,0.0,0.0,1,1.0,27017.25,2.7017,100.0,2.7044,2.7044
e7ffc935,bull,s15|s2|s39,3,0.0270179542,0.011146826,2.0791,0.0,-0.5892,1,100.0,0.006131,0,0.0,0.0,0.0,0.0,0.0,0.0,0,0.0,0.0,0.0,0.0,0.0,0.0,1,1.0,26990.96,2.6991,100.0,2.7018,2.7018
fc7304ff,bull,s43|s44|s94|s91|s39,5,0.025214918,0.0150560856,2.0814,0.0,-0.5892,1,100.0,0.006131,0,0.0,0.0,0.0,0.0,0.0,0.0,0,0.0,0.0,0.0,0.0,0.0,0.0,1,1.0,25189.72,2.519,100.0,2.5215,2.5215
c60d8ea4,bull,s53|s9|s24,3,0.0225619114,0.0096619742,2.083,0.0,-0.5892,1,100.0,0.006131,0,0.0,0.0,0.0,0.0,0.0,0.0,0,0.0,0.0,0.0,0.0,0.0,0.0,1,1.0,22539.37,2.2539,100.0,2.2562,2.2562
3951a34d,bull,s91|s82|s26,3,0.0220323607,0.0125457172,2.0792,0.0,-0.5892,1,100.0,0.006131,0,0.0,0.0,0.0,0.0,0.0,0.0,0,0.0,0.0,0.0,0.0,0.0,0.0,1,1.0,22010.34,2.201,100.0,2.2032,2.2032
a89b7467,bull,s43|s32|s74,3,0.0225190852,0.0108100919,2.0787,0.0,-0.5892,1,100.0,0.006131,0,0.0,0.0,0.0,0.0,0.0,0.0,0,0.0,0.0,0.0,0.0,0.0,0.0,1,1.0,22496.58,2.2497,100.0,2.2519,2.2519
2a3f3104,bull,s8|s41|s64,3,0.0270448253,0.0138595365,2.0818,0.0,-0.5892,1,100.0,0.006131,0,0.0,0.0,0.0,0.0,0.0,0.0,0,0.0,0.0,0.0,0.0,0.0,0.0,1,1.0,27017.8,2.7018,100.0,2.7045,2.7045
6a25e988,bull,s3|s58|s91,3,0.025185017,0.0144530525,2.0784,0.0,-0.5892,1,100.0,0.006131,0,0.0,0.0,0.0,0.0,0.0,0.0,0,0.0,0.0,0.0,0.0,0.0,0.0,1,1.0,25159.85,2.516,100.0,2.5185,2.5185
a0f1c380,bull,s65|s14|s94,3,0.0247356575,0.0153536791,2.0756,0.0,-0.5892,1,100.0,0.006131,0,0.0,0.0,0.0,0.0,0.0,0.0,0,0.0,0.0,0.0,0.0,0.0,0.0,1,1.0,24710.92,2.4711,100.0,2.4736,2.4736
9d7c1dd5,bull,s47|s4|s38|s75|s32,5,0.024135714,0.0085794464,2.0788,0.0,-0.5892,1,100.0,0.006131,0,0.0,0.0,0.0,0.0,0.0,0.0,0,0.0,0.0,0.0,0.0,0.0,0.0,1,1.0,24111.6,2.4112,100.0,2.4136,2.4136
baba0115,bull,s58|s65|s95,3,0.0188165956,0.0093459689,2.0736,0.0,-0.5892,1,100.0,0.006131,0,0.0,0.0,0.0,0.0,0.0,0.0,0,0.0,0.0,0.0,0.0,0.0,0.0,1,1.0,18797.78,1.8798,100.0,1.8817,1.8817
9023b858,bull,s12|s10|s83,3,0.0204081433,0.0112108169,2.0853,0.0,-0.5892,1,100.0,0.006131,0,0.0,0.0,0.0,0.0,0.0,0.0,0,0.0,0.0,0.0,0.0,0.0,0.0,1,1.0,20387.73,2.0388,100.0,2.0408,2.0408
7f5bf562,bull,s7|s39|s26,3,0.0256385621,0.0124050234,2.0746,0.0,-0.5892,1,100.0,0.006131,0,0.0,0.0,0.0,0.0,0.0,0.0,0,0.0,0.0,0.0,0.0,0.0,0.0,1,1.0,25612.94,2.5613,100.0,2.5639,2.5639
dbb9fc28,bull,s36|s43|s8,3,0.027065975,0.0096480174,2.0839,0.0,-0.5892,1,100.0,0.006131,0,0.0,0.0,0.0,0.0,0.0,0.0,0,0.0,0.0,0.0,0.0,0.0,0.0,1,1.0,27038.93,2.7039,100.0,2.7066,2.7066
73adb5e4,bull,s95|s88|s33,3,0.0224337306,0.0087811764,2.0842,0.0,-0.5892,1,100.0,0.006131,0,0.0,0.0,0.0,0.0,0.0,0.0,0,0.0,0.0,0.0,0.0,0.0,0.0,1,1.0,22411.3,2.2411,100.0,2.2434,2.2434
8be56117,bull,s24|s33|s2,3,0.0255737447,0.0113180537,2.0682,0.0,-0.5892,1,100.0,0.00613,0,0.0,0.0,0.0,0.0,0.0,0.0,0,0.0,0.0,0.0,0.0,0.0,0.0,1,1.0,25548.19,2.5548,100.0,2.5574,2.5574
ed5bd2af,bull,s70|s54|s38,3,0.0218577475,0.0106346675,2.0617,0.0,-0.5892,1,100.0,0.00613,0,0.0,0.0,0.0,0.0,0.0,0.0,0,0.0,0.0,0.0,0.0,0.0,0.0,1,1.0,21835.91,2.1836,100.0,2.1858,2.1858
b31672c6,bull,s83|s12|s60|s10,4,0.0250096456,0.0163208838,2.068,0.0,-0.5892,1,100.0,0.00613,0,0.0,0.0,0.0,0.0,0.0,0.0,0,0.0,0.0,0.0,0.0,0.0,0.0,1,1.0,24984.63,2.4985,100.0,2.501,2.501
f0874540,bull,s64|s6|s88,3,0.0268672321,0.0104921201,2.0641,0.0,-0.5892,1,100.0,0.00613,0,0.0,0.0,0.0,0.0,0.0,0.0,0,0.0,0.0,0.0,0.0,0.0,0.0,1,1.0,26840.37,2.684,100.0,2.6867,2.6867
ed4176cd,bull,s7|s88|s64,3,0.0250986212,0.0135284986,2.0698,0.0,-0.5892,1,100.0,0.00613,0,0.0,0.0,0.0,0.0,0.0,0.0,0,0.0,0.0,0.0,0.0,0.0,0.0,1,1.0,25073.54,2.5074,100.0,2.5099,2.5099
6bf60c13,bull,s64|s93|s82,3,0.0194587719,0.0114267377,2.0676,0.0,-0.5892,1,100.0,0.00613,0,0.0,0.0,0.0,0.0,0.0,0.0,0,0.0,0.0,0.0,0.0,0.0,0.0,1,1.0,19439.33,1.9439,100.0,1.9459,1.9459
0b9cda89,bull,s12|s91,2,0.0202261758,0.0111628207,2.0671,0.0,-0.5892,1,100.0,0.00613,0,0.0,0.0,0.0,0.0,0.0,0.0,0,0.0,0.0,0.0,0.0,0.0,0.0,1,1.0,20205.94,2.0206,100.0,2.0226,2.0226
bced7eb6,bull,s4|s64|s27,3,0.0193925348,0.0117502377,2.061,0.0,-0.5892,1,100.0,0.00613,0,0.0,0.0,0.0,0.0,0.0,0.0,0,0.0,0.0,0.0,0.0,0.0,0.0,1,1.0,19373.16,1.9373,100.0,1.9393,1.9393
3ed004a7,bull,s30|s15|s4,3,0.0240750805,0.0133076468,2.0728,0.0,-0.5892,1,100.0,0.00613,0,0.0,0.0,0.0,0.0,0.0,0.0,0,0.0,0.0,0.0,0.0,0.0,0.0,1,1.0,24051.02,2.4051,100.0,2.4075,2.4075
79606345,bull,s10|s9|s4|s43,4,0.0269433199,0.0145401069,2.0717,0.0,-0.5892,1,100.0,0.00613,0,0.0,0.0,0.0,0.0,0.0,0.0,0,0.0,0.0,0.0,0.0,0.0,0.0,1,1.0,26916.4,2.6916,100.0,2.6943,2.6943
109ab708,bull,s91|s74|s9|s82|s54,5,0.0250618532,0.0158491192,2.0662,0.0,-0.5892,1,100.0,0.00613,0,0.0,0.0,0.0,0.0,0.0,0.0,0,0.0,0.0,0.0,0.0,0.0,0.0,1,1.0,25036.81,2.5037,100.0,2.5062,2.5062
664f6112,bull,s10|s14|s26,3,0.0251309248,0.0109526966,2.073,0.0,-0.5892,1,100.0,0.00613,0,0.0,0.0,0.0,0.0,0.0,0.0,0,0.0,0.0,0.0,0.0,0.0,0.0,1,1.0,25105.81,2.5106,100.0,2.5131,2.5131
8a2dd44d,bull,s69|s82|s47,3,0.027406618,0.0094633988,2.0619,0.0,-0.5892,1,100.0,0.00613,0,0.0,0.0,0.0,0.0,0.0,0.0,0,0.0,0.0,0.0,0.0,0.0,0.0,1,1.0,27379.23,2.7379,100.0,2.7407,2.7407
3cf5d15a,bull,s10|s58,2,0.0250955155,0.009841606,2.0695,0.0,-0.5892,1,100.0,0.00613,0,0.0,0.0,0.0,0.0,0.0,0.0,0,0.0,0.0,0.0,0.0,0.0,0.0,1,1.0,25070.44,2.507,100.0,2.5096,2.5096
398580fa,bull,s54|s39|s24|s9,4,0.0255856829,0.0111302631,2.0694,0.0,-0.5892,1,100.0,0.00613,0,0.0,0.0,0.0,0.0,0.0,0.0,0,0.0,0.0,0.0,0.0,0.0,0.0,1,1.0,25560.12,2.556,100.0,2.5586,2.5586
4f9530ea,bull,s53|s32|s34,3,0.0268639984,0.0097897954,2.0638,0.0,-0.5892,1,100.0,0.00613,0,0.0,0.0,0.0,0.0,0.0,0.0,0,0.0,0.0,0.0,0.0,0.0,0.0,1,1.0,26837.15,2.6837,100.0,2.6864,2.6864
e742b437,bull,s83|s39|s7|s82,4,0.0251277696,0.0148113611,2.0727,0.0,-0.5892,1,100.0,0.00613,0,0.0,0.0,0.0,0.0,0.0,0.0,0,0.0,0.0,0.0,0.0,0.0,0.0,1,1.0,25102.66,2.5103,100.0,2.5128,2.5128
fca4787f,bull,s59|s9|s68,3,0.0183775105,0.0088352086,2.0718,0.0,-0.5892,1,100.0,0.00613,0,0.0,0.0,0.0,0.0,0.0,0.0,0,0.0,0.0,0.0,0.0,0.0,0.0,1,1.0,18359.13,1.8359,100.0,1.8378,1.8378
dc4830cc,bull,s15|s68|s2,3,0.0263713095,0.0094742241,2.0707,0.0,-0.5892,1,100.0,0.00613,0,0.0,0.0,0.0,0.0,0.0,0.0,0,0.0,0.0,0.0,0.0,0.0,0.0,1,1.0,26344.96,2.6345,100.0,2.6371,2.6371
3222f4eb,bull,s58|s82|s32,3,0.0269198617,0.0084122142,2.0694,0.0,-0.5892,1,100.0,0.00613,0,0.0,0.0,0.0,0.0,0.0,0.0,0,0.0,0.0,0.0,0.0,0.0,0.0,1,1.0,26892.96,2.6893,100.0,2.692,2.692
255c10d3,bull,s9|s91,2,0.019511207,0.0095284886,2.0729,0.0,-0.5892,1,100.0,0.00613,0,0.0,0.0,0.0,0.0,0.0,0.0,0,0.0,0.0,0.0,0.0,0.0,0.0,1,1.0,19491.71,1.9492,100.0,1.9511,1.9511
b4b6e12b,bull,s64|s34|s7|s43|s45,5,0.0268784773,0.0099248702,2.0653,0.0,-0.5892,1,100.0,0.00613,0,0.0,0.0,0.0,0.0,0.0,0.0,0,0.0,0.0,0.0,0.0,0.0,0.0,1,1.0,26851.62,2.6852,100.0,2.6878,2.6878
d3c1eef5,bull,s58|s34|s84,3,0.0251281714,0.0157330916,2.0728,0.0,-0.5892,1,100.0,0.00613,0,0.0,0.0,0.0,0.0,0.0,0.0,0,0.0,0.0,0.0,0.0,0.0,0.0,1,1.0,25103.06,2.5103,100.0,2.5128,2.5128
9e45e4d1,bull,s4|s41|s75|s91|s11,5,0.0255672367,0.0166889332,2.0675,0.0,-0.5892,1,100.0,0.00613,0,0.0,0.0,0.0,0.0,0.0,0.0,0,0.0,0.0,0.0,0.0,0.0,0.0,1,1.0,25541.69,2.5542,100.0,2.5567,2.5567
183dc0a2,bull,s91|s24|s82|s58|s1,5,0.0194520256,0.0109584821,2.0669,0.0,-0.5892,1,100.0,0.00613,0,0.0,0.0,0.0,0.0,0.0,0.0,0,0.0,0.0,0.0,0.0,0.0,0.0,1,1.0,19432.59,1.9433,100.0,1.9452,1.9452
93e26ee0,bull,s12|s58|s2|s6,4,0.0274311739,0.0108256124,2.0644,0.0,-0.5892,1,100.0,0.00613,0,0.0,0.0,0.0,0.0,0.0,0.0,0,0.0,0.0,0.0,0.0,0.0,0.0,1,1.0,27403.74,2.7404,100.0,2.7431,2.7431
a1580bb5,bull,s82|s15|s5,3,0.0250902796,0.0085236236,2.069,0.0,-0.5892,1,100.0,0.00613,0,0.0,0.0,0.0,0.0,0.0,0.0,0,0.0,0.0,0.0,0.0,0.0,0.0,1,1.0,25065.21,2.5065,100.0,2.509,2.509
c73a37ab,bull,s5|s2,2,0.0210491185,0.008068122,2.0651,0.0,-0.5892,1,100.0,0.00613,0,0.0,0.0,0.0,0.0,0.0,0.0,0,0.0,0.0,0.0,0.0,0.0,0.0,1,1.0,21028.09,2.1028,100.0,2.1049,2.1049
c66eeb6a,bull,s4|s38|s14|s69,4,0.0255252864,0.010109456,2.0634,0.0,-0.5892,1,100.0,0.00613,0,0.0,0.0,0.0,0.0,0.0,0.0,0,0.0,0.0,0.0,0.0,0.0,0.0,1,1.0,25499.78,2.55,100.0,2.5525,2.5525
32121351,bull,s14|s65|s12,3,0.0242360958,0.0106965449,2.0608,0.0,-0.5892,1,100.0,0.00613,0,0.0,0.0,0.0,0.0,0.0,0.0,0,0.0,0.0,0.0,0.0,0.0,0.0,1,1.0,24211.86,2.4212,100.0,2.4236,2.4236
2b515351,bull,s60|s5|s82|s38,4,0.019431187,0.0099846729,2.0648,0.0,-0.5892,1,100.0,0.00613,0,0.0,0.0,0.0,0.0,0.0,0.0,0,0.0,0.0,0.0,0.0,0.0,0.0,1,1.0,19411.77,1.9412,100.0,1.9431,1.9431
19ec3649,bull,s41|s70|s84,3,0.0274215336,0.016487184,2.0634,0.0,-0.5892,1,100.0,0.00613,0,0.0,0.0,0.0,0.0,0.0,0.0,0,0.0,0.0,0.0,0.0,0.0,0.0,1,1.0,27394.13,2.7394,100.0,2.7422,2.7422
ff6aa0eb,bull,s4|s21|s32|s92|s36,5,0.0249438208,0.013785278,2.0544,0.0,-0.5892,1,100.0,0.006129,0,0.0,0.0,0.0,0.0,0.0,0.0,0,0.0,0.0,0.0,0.0,0.0,0.0,1,1.0,24918.9,2.4919,100.0,2.4944,2.4944
86245928,bull,s10|s12|s70|s65,4,0.0221899557,0.0135437885,2.0599,0.0,-0.5892,1,100.0,0.006129,0,0.0,0.0,0.0,0.0,0.0,0.0,0,0.0,0.0,0.0,0.0,0.0,0.0,1,1.0,22167.77,2.2168,100.0,2.219,2.219
eb951835,bull,s41|s15|s9|s78,4,0.0273184415,0.0177938423,2.0532,0.0,-0.5892,1,100.0,0.006129,0,0.0,0.0,0.0,0.0,0.0,0.0,0,0.0,0.0,0.0,0.0,0.0,0.0,1,1.0,27291.14,2.7291,100.0,2.7318,2.7318
70ab65d1,bull,s63|s8|s9,3,0.0218026635,0.0128758234,2.0562,0.0,-0.5892,1,100.0,0.006129,0,0.0,0.0,0.0,0.0,0.0,0.0,0,0.0,0.0,0.0,0.0,0.0,0.0,1,1.0,21780.88,2.1781,100.0,2.1803,2.1803
4b08de32,bull,s7|s83|s9,3,0.0249446814,0.0124324646,2.0545,0.0,-0.5892,1,100.0,0.006129,0,0.0,0.0,0.0,0.0,0.0,0.0,0,0.0,0.0,0.0,0.0,0.0,0.0,1,1.0,24919.76,2.492,100.0,2.4945,2.4945
aa70d875,bull,s11|s2|s32|s96|s83,5,0.0200396854,0.0085923263,2.0484,0.0,-0.5892,1,100.0,0.006129,0,0.0,0.0,0.0,0.0,0.0,0.0,0,0.0,0.0,0.0,0.0,0.0,0.0,1,1.0,20019.66,2.002,100.0,2.004,2.004
9426bf1a,bull,s42|s5|s27,3,0.0249020154,0.0164859884,2.0502,0.0,-0.5892,1,100.0,0.006129,0,0.0,0.0,0.0,0.0,0.0,0.0,0,0.0,0.0,0.0,0.0,0.0,0.0,1,1.0,24877.13,2.4877,100.0,2.4902,2.4902
a6393ce5,bull,s91|s58|s68,3,0.0250015783,0.0088904299,2.0602,0.0,-0.5892,1,100.0,0.006129,0,0.0,0.0,0.0,0.0,0.0,0.0,0,0.0,0.0,0.0,0.0,0.0,0.0,1,1.0,24976.6,2.4977,100.0,2.5002,2.5002
846a3450,bull,s39|s4,2,0.0192893743,0.0098493064,2.0506,0.0,-0.5892,1,100.0,0.006129,0,0.0,0.0,0.0,0.0,0.0,0.0,0,0.0,0.0,0.0,0.0,0.0,0.0,1,1.0,19270.1,1.927,100.0,1.9289,1.9289
bcc679dc,bull,s4|s32|s42,3,0.0254399369,0.0110438583,2.0549,0.0,-0.5892,1,100.0,0.006129,0,0.0,0.0,0.0,0.0,0.0,0.0,0,0.0,0.0,0.0,0.0,0.0,0.0,1,1.0,25414.52,2.5415,100.0,2.544,2.544
be648637,bull,s33|s34|s5,3,0.0273068622,0.0132487159,2.052,0.0,-0.5892,1,100.0,0.006129,0,0.0,0.0,0.0,0.0,0.0,0.0,0,0.0,0.0,0.0,0.0,0.0,0.0,1,1.0,27279.58,2.728,100.0,2.7307,2.7307
c33b46a6,bull,s4|s41|s88,3,0.0249595888,0.0121559957,2.056,0.0,-0.5892,1,100.0,0.006129,0,0.0,0.0,0.0,0.0,0.0,0.0,0,0.0,0.0,0.0,0.0,0.0,0.0,1,1.0,24934.65,2.4935,100.0,2.496,2.496
22374053,bull,s36|s15,2,0.0273800792,0.0182154449,2.0593,0.0,-0.5892,1,100.0,0.006129,0,0.0,0.0,0.0,0.0,0.0,0.0,0,0.0,0.0,0.0,0.0,0.0,0.0,1,1.0,27352.72,2.7353,100.0,2.738,2.738
eaa608f4,bull,s58|s42|s1,3,0.0217988745,0.0113594173,2.0559,0.0,-0.5892,1,100.0,0.006129,0,0.0,0.0,0.0,0.0,0.0,0.0,0,0.0,0.0,0.0,0.0,0.0,0.0,1,1.0,21777.09,2.1777,100.0,2.1799,2.1799
bc4ebe32,bull,s79|s2|s54,3,0.0234819819,0.0141953969,2.0557,0.0,-0.5892,1,100.0,0.006129,0,0.0,0.0,0.0,0.0,0.0,0.0,0,0.0,0.0,0.0,0.0,0.0,0.0,1,1.0,23458.51,2.3459,100.0,2.3482,2.3482
d0b11197,bull,s34|s74|s33,3,0.023854608,0.0120461826,2.0508,0.0,-0.5892,1,100.0,0.006129,0,0.0,0.0,0.0,0.0,0.0,0.0,0,0.0,0.0,0.0,0.0,0.0,0.0,1,1.0,23830.74,2.3831,100.0,2.3855,2.3855
aa43e4fb,bull,s83|s41|s11|s68|s88,5,0.0273728011,0.0088578885,2.0586,0.0,-0.5892,1,100.0,0.006129,0,0.0,0.0,0.0,0.0,0.0,0.0,0,0.0,0.0,0.0,0.0,0.0,0.0,1,1.0,27345.43,2.7345,100.0,2.7373,2.7373
c5736228,bull,s4|s94|s14,3,0.0254722021,0.009788236,2.0581,0.0,-0.5892,1,100.0,0.006129,0,0.0,0.0,0.0,0.0,0.0,0.0,0,0.0,0.0,0.0,0.0,0.0,0.0,1,1.0,25446.75,2.5447,100.0,2.5472,2.5472
d46c29d3,bull,s69|s7|s26,3,0.0193605703,0.0107395762,2.0578,0.0,-0.5892,1,100.0,0.006129,0,0.0,0.0,0.0,0.0,0.0,0.0,0,0.0,0.0,0.0,0.0,0.0,0.0,1,1.0,19341.22,1.9341,100.0,1.9361,1.9361
72c30978,bull,s32|s44|s10,3,0.0272997959,0.0135933126,2.0513,0.0,-0.5892,1,100.0,0.006129,0,0.0,0.0,0.0,0.0,0.0,0.0,0,0.0,0.0,0.0,0.0,0.0,0.0,1,1.0,27272.52,2.7273,100.0,2.73,2.73
6fff8838,bull,s82|s14,2,0.026715708,0.0104133413,2.0491,0.0,-0.5892,1,100.0,0.006129,0,0.0,0.0,0.0,0.0,0.0,0.0,0,0.0,0.0,0.0,0.0,0.0,0.0,1,1.0,26689.01,2.6689,100.0,2.6716,2.6716
03775301,bull,s34|s39|s27,3,0.0268312812,0.0134360592,2.0606,0.0,-0.5892,1,100.0,0.006129,0,0.0,0.0,0.0,0.0,0.0,0.0,0,0.0,0.0,0.0,0.0,0.0,0.0,1,1.0,26804.47,2.6804,100.0,2.6831,2.6831
967824c3,bull,s54|s84|s46,3,0.0232448127,0.0111045582,2.12,0.0,-0.6736,1,100.0,0.006129,0,0.0,0.0,0.0,0.0,0.0,0.0,0,0.0,0.0,0.0,0.0,0.0,0.0,1,1.0,23221.57,2.3222,100.0,2.3245,2.3245
8bad7161,bull,s9|s24|s75|s5,4,0.0267672281,0.0100637314,2.0542,0.0,-0.5892,1,100.0,0.006129,0,0.0,0.0,0.0,0.0,0.0,0.0,0,0.0,0.0,0.0,0.0,0.0,0.0,1,1.0,26740.48,2.674,100.0,2.6767,2.6767
7b0b8825,bull,s65|s33|s26,3,0.0239175883,0.0094838375,2.0571,0.0,-0.5892,1,100.0,0.006129,0,0.0,0.0,0.0,0.0,0.0,0.0,0,0.0,0.0,0.0,0.0,0.0,0.0,1,1.0,23893.66,2.3894,100.0,2.3918,2.3918
76061e9e,bull,s41|s15|s91,3,0.0249803509,0.0136690175,2.058,0.0,-0.5892,1,100.0,0.006129,0,0.0,0.0,0.0,0.0,0.0,0.0,0,0.0,0.0,0.0,0.0,0.0,0.0,1,1.0,24955.39,2.4955,100.0,2.498,2.498
d3e3b534,bull,s42|s11|s1,3,0.0254435683,0.012100807,2.0552,0.0,-0.5892,1,100.0,0.006129,0,0.0,0.0,0.0,0.0,0.0,0.0,0,0.0,0.0,0.0,0.0,0.0,0.0,1,1.0,25418.15,2.5418,100.0,2.5444,2.5444
1094a0b2,bull,s41|s32|s91|s11,4,0.0209879902,0.0103504816,2.059,0.0,-0.5892,1,100.0,0.006129,0,0.0,0.0,0.0,0.0,0.0,0.0,0,0.0,0.0,0.0,0.0,0.0,0.0,1,1.0,20967.02,2.0967,100.0,2.0988,2.0988
3e5e18f2,bull,s53|s64|s36,3,0.0273536761,0.0150423686,2.0567,0.0,-0.5892,1,100.0,0.006129,0,0.0,0.0,0.0,0.0,0.0,0.0,0,0.0,0.0,0.0,0.0,0.0,0.0,1,1.0,27326.34,2.7326,100.0,2.7354,2.7354
df9f89f5,bull,s87|s11|s55|s64|s84,5,0.0232829567,0.0100659119,2.1238,0.0,-0.6736,1,100.0,0.006129,0,0.0,0.0,0.0,0.0,0.0,0.0,0,0.0,0.0,0.0,0.0,0.0,0.0,1,1.0,23259.68,2.326,100.0,2.3283,2.3283
ec107f34,bull,s2|s70|s10|s92,4,0.0209907143,0.0088045877,2.0593,0.0,-0.5892,1,100.0,0.006129,0,0.0,0.0,0.0,0.0,0.0,0.0,0,0.0,0.0,0.0,0.0,0.0,0.0,1,1.0,20969.74,2.097,100.0,2.0991,2.0991
4b24f01d,bull,s11|s2|s1,3,0.0193599717,0.0110428036,2.0577,0.0,-0.5892,1,100.0,0.006129,0,0.0,0.0,0.0,0.0,0.0,0.0,0,0.0,0.0,0.0,0.0,0.0,0.0,1,1.0,19340.63,1.9341,100.0,1.936,1.936
36bc7122,bull,s58|s4|s95|s36|s46,5,0.0254128856,0.0089506982,2.0522,0.0,-0.5892,1,100.0,0.006129,0,0.0,0.0,0.0,0.0,0.0,0.0,0,0.0,0.0,0.0,0.0,0.0,0.0,1,1.0,25387.49,2.5387,100.0,2.5413,2.5413
75d5f794,bull,s2|s32|s34|s42,4,0.0193523799,0.0084767089,2.057,0.0,-0.5892,1,100.0,0.006129,0,0.0,0.0,0.0,0.0,0.0,0.0,0,0.0,0.0,0.0,0.0,0.0,0.0,1,1.0,19333.04,1.9333,100.0,1.9352,1.9352
1ad753ad,bull,s43|s34|s91,3,0.0240724955,0.0116905212,2.0445,0.0,-0.5892,1,100.0,0.006128,0,0.0,0.0,0.0,0.0,0.0,0.0,0,0.0,0.0,0.0,0.0,0.0,0.0,1,1.0,24048.44,2.4048,100.0,2.4072,2.4072
11b7ab9f,bull,s24|s4,2,0.0216368227,0.008604659,2.0397,0.0,-0.5892,1,100.0,0.006128,0,0.0,0.0,0.0,0.0,0.0,0.0,0,0.0,0.0,0.0,0.0,0.0,0.0,1,1.0,21615.2,2.1615,100.0,2.1637,2.1637
56638dbb,bull,s41|s1|s88|s2|s69,5,0.0243661491,0.0151337267,2.0388,0.0,-0.5892,1,100.0,0.006128,0,0.0,0.0,0.0,0.0,0.0,0.0,0,0.0,0.0,0.0,0.0,0.0,0.0,1,1.0,24341.8,2.4342,100.0,2.4366,2.4366
9e78369c,bull,s65|s40|s58|s14,4,0.0240892518,0.0145356398,2.0462,0.0,-0.5892,1,100.0,0.006128,0,0.0,0.0,0.0,0.0,0.0,0.0,0,0.0,0.0,0.0,0.0,0.0,0.0,1,1.0,24065.16,2.4065,100.0,2.4089,2.4089
70539387,bull,s43|s70|s44,3,0.0181105501,0.0107722415,2.0451,0.0,-0.5892,1,100.0,0.006128,0,0.0,0.0,0.0,0.0,0.0,0.0,0,0.0,0.0,0.0,0.0,0.0,0.0,1,1.0,18092.45,1.8092,100.0,1.8111,1.8111
f5cbce39,bull,s70|s15|s11|s63,4,0.027195717,0.0091606988,2.041,0.0,-0.5892,1,100.0,0.006128,0,0.0,0.0,0.0,0.0,0.0,0.0,0,0.0,0.0,0.0,0.0,0.0,0.0,1,1.0,27168.54,2.7169,100.0,2.7196,2.7196
cc1364fa,bull,s36|s11|s30|s35|s5,5,0.0239945985,0.0120478931,2.0368,0.0,-0.5892,1,100.0,0.006128,0,0.0,0.0,0.0,0.0,0.0,0.0,0,0.0,0.0,0.0,0.0,0.0,0.0,1,1.0,23970.62,2.3971,100.0,2.3995,2.3995
da1d0327,bull,s58|s36|s53,3,0.0191491642,0.008590656,2.0366,0.0,-0.5892,1,100.0,0.006128,0,0.0,0.0,0.0,0.0,0.0,0.0,0,0.0,0.0,0.0,0.0,0.0,0.0,1,1.0,19130.03,1.913,100.0,1.9149,1.9149
2e1d82e6,bull,s73|s7|s5|s39|s9,5,0.0240049293,0.0136160113,2.0378,0.0,-0.5892,1,100.0,0.006128,0,0.0,0.0,0.0,0.0,0.0,0.0,0,0.0,0.0,0.0,0.0,0.0,0.0,1,1.0,23980.94,2.3981,100.0,2.4005,2.4005
e513c036,bull,s7|s42,2,0.0253171641,0.0117928147,2.0427,0.0,-0.5892,1,100.0,0.006128,0,0.0,0.0,0.0,0.0,0.0,0.0,0,0.0,0.0,0.0,0.0,0.0,0.0,1,1.0,25291.87,2.5292,100.0,2.5317,2.5317
cd0e1af9,bull,s2|s82|s11|s5|s63,5,0.0199180612,0.0119540154,2.0363,0.0,-0.5892,1,100.0,0.006128,0,0.0,0.0,0.0,0.0,0.0,0.0,0,0.0,0.0,0.0,0.0,0.0,0.0,1,1.0,19898.16,1.9898,100.0,1.9918,1.9918
647ac0bc,bull,s6|s53|s21,3,0.0191410194,0.0124195723,2.0358,0.0,-0.5892,1,100.0,0.006128,0,0.0,0.0,0.0,0.0,0.0,0.0,0,0.0,0.0,0.0,0.0,0.0,0.0,1,1.0,19121.89,1.9122,100.0,1.9141,1.9141
c6f8b8a7,bull,s2|s3|s64,3,0.0192201319,0.0126749595,2.0437,0.0,-0.5892,1,100.0,0.006128,0,0.0,0.0,0.0,0.0,0.0,0.0,0,0.0,0.0,0.0,0.0,0.0,0.0,1,1.0,19200.93,1.9201,100.0,1.922,1.922
fe9d4db1,bull,s41|s2|s82|s38|s84,5,0.0243901107,0.0109782919,2.0412,0.0,-0.5892,1,100.0,0.006128,0,0.0,0.0,0.0,0.0,0.0,0.0,0,0.0,0.0,0.0,0.0,0.0,0.0,1,1.0,24365.74,2.4366,100.0,2.439,2.439
90eb4da7,bull,s4|s55|s39,3,0.0216752132,0.0109267795,2.0435,0.0,-0.5892,1,100.0,0.006128,0,0.0,0.0,0.0,0.0,0.0,0.0,0,0.0,0.0,0.0,0.0,0.0,0.0,1,1.0,21653.56,2.1654,100.0,2.1675,2.1675
3e9dd8b6,bull,s41|s1|s58|s9|s33,5,0.0266768312,0.0174552398,2.0452,0.0,-0.5892,1,100.0,0.006128,0,0.0,0.0,0.0,0.0,0.0,0.0,0,0.0,0.0,0.0,0.0,0.0,0.0,1,1.0,26650.17,2.665,100.0,2.6677,2.6677
cc3bbda0,bull,s94|s14|s42,3,0.0253308736,0.0154641092,2.044,0.0,-0.5892,1,100.0,0.006128,0,0.0,0.0,0.0,0.0,0.0,0.0,0,0.0,0.0,0.0,0.0,0.0,0.0,1,1.0,25305.56,2.5306,100.0,2.5331,2.5331
c4b4f9c1,bull,s21|s15|s43,3,0.027205734,0.0086898761,2.042,0.0,-0.5892,1,100.0,0.006128,0,0.0,0.0,0.0,0.0,0.0,0.0,0,0.0,0.0,0.0,0.0,0.0,0.0,1,1.0,27178.55,2.7179,100.0,2.7206,2.7206
ec608641,bull,s32|s91|s65,3,0.024046473,0.0125648559,2.042,0.0,-0.5892,1,100.0,0.006128,0,0.0,0.0,0.0,0.0,0.0,0.0,0,0.0,0.0,0.0,0.0,0.0,0.0,1,1.0,24022.44,2.4022,100.0,2.4046,2.4046
c2d1180e,bull,s64|s59|s9,3,0.0271940487,0.011721733,2.0408,0.0,-0.5892,1,100.0,0.006128,0,0.0,0.0,0.0,0.0,0.0,0.0,0,0.0,0.0,0.0,0.0,0.0,0.0,1,1.0,27166.88,2.7167,100.0,2.7194,2.7194
6e965b8f,bull,s4|s7|s35|s41|s55,5,0.0247923314,0.0117120774,2.0393,0.0,-0.5892,1,100.0,0.006128,0,0.0,0.0,0.0,0.0,0.0,0.0,0,0.0,0.0,0.0,0.0,0.0,0.0,1,1.0,24767.56,2.4768,100.0,2.4792,2.4792
281d5ed1,bull,s70|s5|s65,3,0.0191833745,0.0104672085,2.04,0.0,-0.5892,1,100.0,0.006128,0,0.0,0.0,0.0,0.0,0.0,0.0,0,0.0,0.0,0.0,0.0,0.0,0.0,1,1.0,19164.21,1.9164,100.0,1.9183,1.9183
1f54b013,bull,s11|s10|s82,3,0.0265977436,0.013494484,2.0374,0.0,-0.5892,1,100.0,0.006128,0,0.0,0.0,0.0,0.0,0.0,0.0,0,0.0,0.0,0.0,0.0,0.0,0.0,1,1.0,26571.17,2.6571,100.0,2.6598,2.6598
0131a0fb,bull,s7|s39|s3,3,0.0265926394,0.0091669184,2.0368,0.0,-0.5892,1,100.0,0.006128,0,0.0,0.0,0.0,0.0,0.0,0.0,0,0.0,0.0,0.0,0.0,0.0,0.0,1,1.0,26566.07,2.6566,100.0,2.6593,2.6593
535e5ff3,bull,s39|s41,2,0.0271681239,0.0125455401,2.0382,0.0,-0.5892,1,100.0,0.006128,0,0.0,0.0,0.0,0.0,0.0,0.0,0,0.0,0.0,0.0,0.0,0.0,0.0,1,1.0,27140.98,2.7141,100.0,2.7168,2.7168
8144e89a,bull,s3|s58|s69,3,0.0266490348,0.0138747427,2.0425,0.0,-0.5892,1,100.0,0.006128,0,0.0,0.0,0.0,0.0,0.0,0.0,0,0.0,0.0,0.0,0.0,0.0,0.0,1,1.0,26622.41,2.6622,100.0,2.6649,2.6649
ce76ac3a,bull,s73|s65|s9|s15,4,0.0240014565,0.0127427865,2.0375,0.0,-0.5892,1,100.0,0.006128,0,0.0,0.0,0.0,0.0,0.0,0.0,0,0.0,0.0,0.0,0.0,0.0,0.0,1,1.0,23977.46,2.3977,100.0,2.4001,2.4001
c6cc35bb,bull,s9|s58|s93|s6,4,0.0265837144,0.0090695919,2.036,0.0,-0.5892,1,100.0,0.006128,0,0.0,0.0,0.0,0.0,0.0,0.0,0,0.0,0.0,0.0,0.0,0.0,0.0,1,1.0,26557.12,2.6557,100.0,2.6584,2.6584
ac31c2f3,bull,s3|s11|s14,3,0.0244077173,0.0144125999,2.043,0.0,-0.5892,1,100.0,0.006128,0,0.0,0.0,0.0,0.0,0.0,0.0,0,0.0,0.0,0.0,0.0,0.0,0.0,1,1.0,24383.33,2.4383,100.0,2.4408,2.4408
4580e43c,bull,s83|s42|s9,3,0.0266305875,0.0123377278,2.0406,0.0,-0.5892,1,100.0,0.006128,0,0.0,0.0,0.0,0.0,0.0,0.0,0,0.0,0.0,0.0,0.0,0.0,0.0,1,1.0,26603.98,2.6604,100.0,2.6631,2.6631
66155246,bull,s30|s96|s26,3,0.0266154066,0.0110275901,2.0391,0.0,-0.5892,1,100.0,0.006128,0,0.0,0.0,0.0,0.0,0.0,0.0,0,0.0,0.0,0.0,0.0,0.0,0.0,1,1.0,26588.79,2.6589,100.0,2.6615,2.6615
ccdd1240,bull,s34|s6|s39,3,0.0218472612,0.0117531386,2.0256,0.0,-0.5892,1,100.0,0.006127,0,0.0,0.0,0.0,0.0,0.0,0.0,0,0.0,0.0,0.0,0.0,0.0,0.0,1,1.0,21825.43,2.1825,100.0,2.1847,2.1847
cc726aca,bull,s36|s63|s45,3,0.0223752659,0.0123944315,2.0333,0.0,-0.5892,1,100.0,0.006127,0,0.0,0.0,0.0,0.0,0.0,0.0,0,0.0,0.0,0.0,0.0,0.0,0.0,1,1.0,22352.91,2.2353,100.0,2.2375,2.2375
0bda04d5,bull,s68|s14|s4|s54|s24,5,0.0191042438,0.0088639843,2.0321,0.0,-0.5892,1,100.0,0.006127,0,0.0,0.0,0.0,0.0,0.0,0.0,0,0.0,0.0,0.0,0.0,0.0,0.0,1,1.0,19085.15,1.9085,100.0,1.9104,1.9104
a67f3c1f,bull,s69|s10|s88,3,0.0242891742,0.0122234517,2.0312,0.0,-0.5892,1,100.0,0.006127,0,0.0,0.0,0.0,0.0,0.0,0.0,0,0.0,0.0,0.0,0.0,0.0,0.0,1,1.0,24264.9,2.4265,100.0,2.4289,2.4289
d065c106,bull,s38|s40|s43|s2|s82,5,0.0227918115,0.0095774912,2.0288,0.0,-0.5892,1,100.0,0.006127,0,0.0,0.0,0.0,0.0,0.0,0.0,0,0.0,0.0,0.0,0.0,0.0,0.0,1,1.0,22769.04,2.2769,100.0,2.2792,2.2792
8c6d668f,bull,s1|s40|s7,3,0.0236540239,0.0100832504,2.0308,0.0,-0.5892,1,100.0,0.006127,0,0.0,0.0,0.0,0.0,0.0,0.0,0,0.0,0.0,0.0,0.0,0.0,0.0,1,1.0,23630.37,2.363,100.0,2.3654,2.3654
41a16ab6,bull,s36|s32|s30|s64|s12,5,0.0191263586,0.0107161594,2.0343,0.0,-0.5892,1,100.0,0.006127,0,0.0,0.0,0.0,0.0,0.0,0.0,0,0.0,0.0,0.0,0.0,0.0,0.0,1,1.0,19107.25,1.9107,100.0,1.9126,1.9126
010e801b,bull,s32|s43|s36,3,0.0239043908,0.0093851284,2.0278,0.0,-0.5892,1,100.0,0.006127,0,0.0,0.0,0.0,0.0,0.0,0.0,0,0.0,0.0,0.0,0.0,0.0,0.0,1,1.0,23880.5,2.3881,100.0,2.3904,2.3904
db04e5a6,bull,s43|s82|s84,3,0.0184069532,0.0082318651,2.0326,0.0,-0.5892,1,100.0,0.006127,0,0.0,0.0,0.0,0.0,0.0,0.0,0,0.0,0.0,0.0,0.0,0.0,0.0,1,1.0,18388.56,1.8389,100.0,1.8407,1.8407
404b2358,bull,s58|s14,2,0.0190406756,0.0096488944,2.0257,0.0,-0.5892,1,100.0,0.006127,0,0.0,0.0,0.0,0.0,0.0,0.0,0,0.0,0.0,0.0,0.0,0.0,0.0,1,1.0,19021.65,1.9022,100.0,1.9041,1.9041
34be0dd2,bull,s3|s96|s34|s38|s43,5,0.024751904,0.0085265127,2.0353,0.0,-0.5892,1,100.0,0.006127,0,0.0,0.0,0.0,0.0,0.0,0.0,0,0.0,0.0,0.0,0.0,0.0,0.0,1,1.0,24727.17,2.4727,100.0,2.4752,2.4752
5a01cb3e,bull,s69|s96|s9|s64|s83,5,0.0265495164,0.0112160659,2.0326,0.0,-0.5892,1,100.0,0.006127,0,0.0,0.0,0.0,0.0,0.0,0.0,0,0.0,0.0,0.0,0.0,0.0,0.0,1,1.0,26522.99,2.6523,100.0,2.655,2.655
72dd08e8,bull,s6|s10|s34,3,0.0256827389,0.0083377732,2.0301,0.0,-0.5892,1,100.0,0.006127,0,0.0,0.0,0.0,0.0,0.0,0.0,0,0.0,0.0,0.0,0.0,0.0,0.0,1,1.0,25657.08,2.5657,100.0,2.5683,2.5683
4bd82bb4,bull,s12|s10,2,0.0227403254,0.0090710411,2.0237,0.0,-0.5892,1,100.0,0.006127,0,0.0,0.0,0.0,0.0,0.0,0.0,0,0.0,0.0,0.0,0.0,0.0,0.0,1,1.0,22717.58,2.2718,100.0,2.274,2.274
12bb7eb0,bull,s10|s39|s44,3,0.0264849909,0.0109336131,2.0261,0.0,-0.5892,1,100.0,0.006127,0,0.0,0.0,0.0,0.0,0.0,0.0,0,0.0,0.0,0.0,0.0,0.0,0.0,1,1.0,26458.53,2.6459,100.0,2.6485,2.6485
9d7ea44a,bull,s75|s4|s9|s65,4,0.0265698267,0.0158467007,2.0346,0.0,-0.5892,1,100.0,0.006127,0,0.0,0.0,0.0,0.0,0.0,0.0,0,0.0,0.0,0.0,0.0,0.0,0.0,1,1.0,26543.28,2.6543,100.0,2.657,2.657
ea6bc955,bull,s41|s2|s78,3,0.0238794734,0.0097067287,2.0253,0.0,-0.5892,1,100.0,0.006127,0,0.0,0.0,0.0,0.0,0.0,0.0,0,0.0,0.0,0.0,0.0,0.0,0.0,1,1.0,23855.61,2.3856,100.0,2.3879,2.3879
6035c4ec,bull,s69|s12,2,0.0238782361,0.0150431264,2.0252,0.0,-0.5892,1,100.0,0.006127,0,0.0,0.0,0.0,0.0,0.0,0.0,0,0.0,0.0,0.0,0.0,0.0,0.0,1,1.0,23854.35,2.3854,100.0,2.3878,2.3878
328d4f51,bull,s2|s6|s12,3,0.0189598592,0.0109945245,2.0317,0.0,-0.5892,1,100.0,0.006127,0,0.0,0.0,0.0,0.0,0.0,0.0,0,0.0,0.0,0.0,0.0,0.0,0.0,1,1.0,18940.89,1.8941,100.0,1.896,1.896
e433b91c,bull,s24|s4|s91,3,0.0242656214,0.0139037331,2.0288,0.0,-0.5892,1,100.0,0.006127,0,0.0,0.0,0.0,0.0,0.0,0.0,0,0.0,0.0,0.0,0.0,0.0,0.0,1,1.0,24241.37,2.4241,100.0,2.4266,2.4266
3f6f5f8e,bull,s32|s63|s70,3,0.0189648209,0.0118476113,2.0322,0.0,-0.5892,1,100.0,0.006127,0,0.0,0.0,0.0,0.0,0.0,0.0,0,0.0,0.0,0.0,0.0,0.0,0.0,1,1.0,18945.87,1.8946,100.0,1.8965,1.8965
6d596f40,bull,s75|s14|s6|s60|s88,5,0.026554842,0.0129871744,2.0331,0.0,-0.5892,1,100.0,0.006127,0,0.0,0.0,0.0,0.0,0.0,0.0,0,0.0,0.0,0.0,0.0,0.0,0.0,1,1.0,26528.28,2.6528,100.0,2.6555,2.6555
aebc85fc,bull,s70|s36|s63|s46,4,0.0239557164,0.0080569328,2.0329,0.0,-0.5892,1,100.0,0.006127,0,0.0,0.0,0.0,0.0,0.0,0.0,0,0.0,0.0,0.0,0.0,0.0,0.0,1,1.0,23931.78,2.3932,100.0,2.3956,2.3956
3d1693b8,bull,s6|s91|s34,3,0.0252779254,0.0165249786,2.0248,0.0,-0.5892,1,100.0,0.006127,0,0.0,0.0,0.0,0.0,0.0,0.0,0,0.0,0.0,0.0,0.0,0.0,0.0,1,1.0,25252.67,2.5253,100.0,2.5278,2.5278
0226fc32,bull,s65|s3|s27,3,0.0235834238,0.0082696793,2.0238,0.0,-0.5892,1,100.0,0.006127,0,0.0,0.0,0.0,0.0,0.0,0.0,0,0.0,0.0,0.0,0.0,0.0,0.0,1,1.0,23559.85,2.356,100.0,2.3583,2.3583
fa4bbbdc,bull,s91|s7|s74,3,0.0227668769,0.0141881629,2.0264,0.0,-0.5892,1,100.0,0.006127,0,0.0,0.0,0.0,0.0,0.0,0.0,0,0.0,0.0,0.0,0.0,0.0,0.0,1,1.0,22744.13,2.2744,100.0,2.2767,2.2767
a922128e,bull,s9|s10|s26,3,0.0264810695,0.0142654578,2.0258,0.0,-0.5892,1,100.0,0.006127,0,0.0,0.0,0.0,0.0,0.0,0.0,0,0.0,0.0,0.0,0.0,0.0,0.0,1,1.0,26454.61,2.6455,100.0,2.6481,2.6481
84a713de,bull,s45|s64|s43,3,0.0238681035,0.0153068143,2.0242,0.0,-0.5892,1,100.0,0.006127,0,0.0,0.0,0.0,0.0,0.0,0.0,0,0.0,0.0,0.0,0.0,0.0,0.0,1,1.0,23844.25,2.3844,100.0,2.3868,2.3868
df8d0a7a,bull,s53|s24|s47,3,0.02469177,0.0106480758,2.0293,0.0,-0.5892,1,100.0,0.006127,0,0.0,0.0,0.0,0.0,0.0,0.0,0,0.0,0.0,0.0,0.0,0.0,0.0,1,1.0,24667.09,2.4667,100.0,2.4692,2.4692
4e30f04b,bull,s47|s64|s14,3,0.0227616354,0.0095830524,2.0258,0.0,-0.5892,1,100.0,0.006127,0,0.0,0.0,0.0,0.0,0.0,0.0,0,0.0,0.0,0.0,0.0,0.0,0.0,1,1.0,22738.89,2.2739,100.0,2.2762,2.2762
154ca42b,bull,s42|s58|s27,3,0.0264750468,0.0122644988,2.0252,0.0,-0.5892,1,100.0,0.006127,0,0.0,0.0,0.0,0.0,0.0,0.0,0,0.0,0.0,0.0,0.0,0.0,0.0,1,1.0,26448.59,2.6449,100.0,2.6475,2.6475
961628c9,bull,s5|s42|s54,3,0.0198852965,0.0131268341,2.033,0.0,-0.5892,1,100.0,0.006127,0,0.0,0.0,0.0,0.0,0.0,0.0,0,0.0,0.0,0.0,0.0,0.0,0.0,1,1.0,19865.43,1.9865,100.0,1.9885,1.9885
d4a6bdde,bull,s32|s91|s21,3,0.0265647559,0.0114264104,2.0341,0.0,-0.5892,1,100.0,0.006127,0,0.0,0.0,0.0,0.0,0.0,0.0,0,0.0,0.0,0.0,0.0,0.0,0.0,1,1.0,26538.21,2.6538,100.0,2.6565,2.6565
f3284921,bull,s30|s64|s39|s93|s32,5,0.0239347801,0.0149267161,2.0308,0.0,-0.5892,1,100.0,0.006127,0,0.0,0.0,0.0,0.0,0.0,0.0,0,0.0,0.0,0.0,0.0,0.0,0.0,1,1.0,23910.86,2.3911,100.0,2.3935,2.3935
5de7bce4,bull,s3|s36|s4,3,0.027069831,0.0161615674,2.0285,0.0,-0.5892,1,100.0,0.006127,0,0.0,0.0,0.0,0.0,0.0,0.0,0,0.0,0.0,0.0,0.0,0.0,0.0,1,1.0,27042.78,2.7043,100.0,2.707,2.707
2d57ba16,bull,s70|s38|s41,3,0.0198814905,0.0090446062,2.0326,0.0,-0.5892,1,100.0,0.006127,0,0.0,0.0,0.0,0.0,0.0,0.0,0,0.0,0.0,0.0,0.0,0.0,0.0,1,1.0,19861.62,1.9862,100.0,1.9881,1.9881
e9864b76,bull,s42|s9|s53,3,0.0246366263,0.0137572842,2.0238,0.0,-0.5892,1,100.0,0.006127,0,0.0,0.0,0.0,0.0,0.0,0.0,0,0.0,0.0,0.0,0.0,0.0,0.0,1,1.0,24612.01,2.4612,100.0,2.4637,2.4637
b34db865,bull,s15|s30|s63|s78|s70,5,0.0259776994,0.0141485485,2.0315,0.0,-0.5892,1,100.0,0.006127,0,0.0,0.0,0.0,0.0,0.0,0.0,0,0.0,0.0,0.0,0.0,0.0,0.0,1,1.0,25951.74,2.5952,100.0,2.5978,2.5978
665a60b0,bull,s14|s44|s83|s2|s5,5,0.0227959229,0.0107716992,2.0293,0.0,-0.5892,1,100.0,0.006127,0,0.0,0.0,0.0,0.0,0.0,0.0,0,0.0,0.0,0.0,0.0,0.0,0.0,1,1.0,22773.14,2.2773,100.0,2.2796,2.2796
cc17e2ba,bull,s53|s96|s4|s91|s94,5,0.0264089692,0.0134497582,2.0186,0.0,-0.5892,1,100.0,0.006126,0,0.0,0.0,0.0,0.0,0.0,0.0,0,0.0,0.0,0.0,0.0,0.0,0.0,1,1.0,26382.57,2.6383,100.0,2.6409,2.6409
62aca36b,bull,s14|s69,2,0.0237662741,0.0085196027,2.014,0.0,-0.5892,1,100.0,0.006126,0,0.0,0.0,0.0,0.0,0.0,0.0,0,0.0,0.0,0.0,0.0,0.0,0.0,1,1.0,23742.53,2.3743,100.0,2.3766,2.3766
1cb9af31,bull,s4|s10|s55,3,0.0264148494,0.0142829873,2.0192,0.0,-0.5892,1,100.0,0.006126,0,0.0,0.0,0.0,0.0,0.0,0.0,0,0.0,0.0,0.0,0.0,0.0,0.0,1,1.0,26388.46,2.6388,100.0,2.6415,2.6415
43a5a940,bull,s47|s42|s79,3,0.0258661318,0.0129096656,2.0204,0.0,-0.5892,1,100.0,0.006126,0,0.0,0.0,0.0,0.0,0.0,0.0,0,0.0,0.0,0.0,0.0,0.0,0.0,1,1.0,25840.28,2.584,100.0,2.5866,2.5866
d905a572,bull,s4|s8|s42|s9,4,0.0189359711,0.0099523663,2.0153,0.0,-0.5892,1,100.0,0.006126,0,0.0,0.0,0.0,0.0,0.0,0.0,0,0.0,0.0,0.0,0.0,0.0,0.0,1,1.0,18917.05,1.8917,100.0,1.8936,1.8936
703f294d,bull,s4|s39|s10|s87,4,0.0197066756,0.0098157682,2.0151,0.0,-0.5892,1,100.0,0.006126,0,0.0,0.0,0.0,0.0,0.0,0.0,0,0.0,0.0,0.0,0.0,0.0,0.0,1,1.0,19686.98,1.9687,100.0,1.9707,1.9707
2f3cc3d5,bull,s8|s7|s36,3,0.021711618,0.0096447714,2.0121,0.0,-0.5892,1,100.0,0.006126,0,0.0,0.0,0.0,0.0,0.0,0.0,0,0.0,0.0,0.0,0.0,0.0,0.0,1,1.0,21689.92,2.169,100.0,2.1712,2.1712
e544a14b,bull,s87|s53|s32,3,0.0190009477,0.0080602696,2.0218,0.0,-0.5892,1,100.0,0.006126,0,0.0,0.0,0.0,0.0,0.0,0.0,0,0.0,0.0,0.0,0.0,0.0,0.0,1,1.0,18981.95,1.8982,100.0,1.9001,1.9001
92e1cbdc,bull,s95|s9|s58|s82,4,0.0263816439,0.0151769165,2.0159,0.0,-0.5892,1,100.0,0.006126,0,0.0,0.0,0.0,0.0,0.0,0.0,0,0.0,0.0,0.0,0.0,0.0,0.0,1,1.0,26355.28,2.6355,100.0,2.6382,2.6382
f9cafb4a,bull,s34|s47|s69,3,0.0220998738,0.0103320014,2.0228,0.0,-0.5892,1,100.0,0.006126,0,0.0,0.0,0.0,0.0,0.0,0.0,0,0.0,0.0,0.0,0.0,0.0,0.0,1,1.0,22077.79,2.2078,100.0,2.21,2.21
8763541b,bull,s55|s2|s69,3,0.0263370049,0.0129450291,2.0114,0.0,-0.5892,1,100.0,0.006126,0,0.0,0.0,0.0,0.0,0.0,0.0,0,0.0,0.0,0.0,0.0,0.0,0.0,1,1.0,26310.69,2.6311,100.0,2.6337,2.6337
b7286a25,bull,s44|s32|s2,3,0.0237756825,0.0095317589,2.015,0.0,-0.5892,1,100.0,0.006126,0,0.0,0.0,0.0,0.0,0.0,0.0,0,0.0,0.0,0.0,0.0,0.0,0.0,1,1.0,23751.92,2.3752,100.0,2.3776,2.3776
572dcb1f,bull,s7|s69|s3,3,0.0241694228,0.0124570519,2.0192,0.0,-0.5892,1,100.0,0.006126,0,0.0,0.0,0.0,0.0,0.0,0.0,0,0.0,0.0,0.0,0.0,0.0,0.0,1,1.0,24145.27,2.4145,100.0,2.4169,2.4169
9cb57f8c,bull,s91|s54|s42,3,0.0250732612,0.0122236183,2.0184,0.0,-0.5892,1,100.0,0.006126,0,0.0,0.0,0.0,0.0,0.0,0.0,0,0.0,0.0,0.0,0.0,0.0,0.0,1,1.0,25048.21,2.5048,100.0,2.5073,2.5073
6ba2d167,bull,s33|s5|s9,3,0.0241121085,0.0137123342,2.0135,0.0,-0.5892,1,100.0,0.006126,0,0.0,0.0,0.0,0.0,0.0,0.0,0,0.0,0.0,0.0,0.0,0.0,0.0,1,1.0,24088.01,2.4088,100.0,2.4112,2.4112
9ec4f5d3,bull,s4|s34,2,0.0189342062,0.0117448934,2.0151,0.0,-0.5892,1,100.0,0.006126,0,0.0,0.0,0.0,0.0,0.0,0.0,0,0.0,0.0,0.0,0.0,0.0,0.0,1,1.0,18915.29,1.8915,100.0,1.8934,1.8934
d2c053f0,bull,s39|s2|s27,3,0.0241280198,0.0152279538,2.0151,0.0,-0.5892,1,100.0,0.006126,0,0.0,0.0,0.0,0.0,0.0,0.0,0,0.0,0.0,0.0,0.0,0.0,0.0,1,1.0,24103.91,2.4104,100.0,2.4128,2.4128
8c3b365f,bull,s24|s47|s34|s58,4,0.0241614575,0.0143217434,2.0184,0.0,-0.5892,1,100.0,0.006126,0,0.0,0.0,0.0,0.0,0.0,0.0,0,0.0,0.0,0.0,0.0,0.0,0.0,1,1.0,24137.31,2.4137,100.0,2.4161,2.4161
ad2ccf5c,bull,s40|s11|s32,3,0.0217073893,0.0129294552,2.0117,0.0,-0.5892,1,100.0,0.006126,0,0.0,0.0,0.0,0.0,0.0,0.0,0,0.0,0.0,0.0,0.0,0.0,0.0,1,1.0,21685.7,2.1686,100.0,2.1707,2.1707
e602c392,bull,s91|s74|s11,3,0.0238152745,0.0132104736,2.0189,0.0,-0.5892,1,100.0,0.006126,0,0.0,0.0,0.0,0.0,0.0,0.0,0,0.0,0.0,0.0,0.0,0.0,0.0,1,1.0,23791.48,2.3791,100.0,2.3815,2.3815
c478e64c,bull,s38|s94|s8|s34|s58,5,0.0255550879,0.0128764377,2.0174,0.0,-0.5892,1,100.0,0.006126,0,0.0,0.0,0.0,0.0,0.0,0.0,0,0.0,0.0,0.0,0.0,0.0,0.0,1,1.0,25529.55,2.553,100.0,2.5555,2.5555
76ec514d,bull,s33|s53|s12,3,0.0251198697,0.0152081662,2.023,0.0,-0.5892,1,100.0,0.006126,0,0.0,0.0,0.0,0.0,0.0,0.0,0,0.0,0.0,0.0,0.0,0.0,0.0,1,1.0,25094.76,2.5095,100.0,2.512,2.512
86988e19,bull,s38|s10|s65|s88|s35,5,0.0263538248,0.0091093416,2.0131,0.0,-0.5892,1,100.0,0.006126,0,0.0,0.0,0.0,0.0,0.0,0.0,0,0.0,0.0,0.0,0.0,0.0,0.0,1,1.0,26327.49,2.6327,100.0,2.6354,2.6354
dcd223da,bull,s88|s34|s64,3,0.0217716983,0.0094543945,2.0181,0.0,-0.5892,1,100.0,0.006126,0,0.0,0.0,0.0,0.0,0.0,0.0,0,0.0,0.0,0.0,0.0,0.0,0.0,1,1.0,21749.94,2.175,100.0,2.1772,2.1772
b22a977e,bull,s41|s53|s43,3,0.0182884872,0.0082037459,2.0207,0.0,-0.5892,1,100.0,0.006126,0,0.0,0.0,0.0,0.0,0.0,0.0,0,0.0,0.0,0.0,0.0,0.0,0.0,1,1.0,18270.21,1.827,100.0,1.8288,1.8288
c8030d5b,bull,s43|s33|s42,3,0.0264380509,0.0111728221,2.0215,0.0,-0.5892,1,100.0,0.006126,0,0.0,0.0,0.0,0.0,0.0,0.0,0,0.0,0.0,0.0,0.0,0.0,0.0,1,1.0,26411.63,2.6412,100.0,2.6438,2.6438
3f0c48c2,bull,s24|s78|s7,3,0.0238262823,0.0099553984,2.02,0.0,-0.5892,1,100.0,0.006126,0,0.0,0.0,0.0,0.0,0.0,0.0,0,0.0,0.0,0.0,0.0,0.0,0.0,1,1.0,23802.47,2.3802,100.0,2.3826,2.3826
915e0d99,bull,s91|s92|s9,3,0.0213499723,0.0093266808,2.011,0.0,-0.5892,1,100.0,0.006126,0,0.0,0.0,0.0,0.0,0.0,0.0,0,0.0,0.0,0.0,0.0,0.0,0.0,1,1.0,21328.64,2.1329,100.0,2.135,2.135
77186a5c,bull,s24|s10|s60|s15,4,0.021767658,0.0086602649,2.0177,0.0,-0.5892,1,100.0,0.006126,0,0.0,0.0,0.0,0.0,0.0,0.0,0,0.0,0.0,0.0,0.0,0.0,0.0,1,1.0,21745.91,2.1746,100.0,2.1768,2.1768
0fcbddbb,bull,s58|s47|s40,3,0.0253466576,0.0124183582,2.0107,0.0,-0.5892,1,100.0,0.006126,0,0.0,0.0,0.0,0.0,0.0,0.0,0,0.0,0.0,0.0,0.0,0.0,0.0,1,1.0,25321.32,2.5321,100.0,2.5347,2.5347
82d3e062,bull,s24|s1|s36|s5|s43,5,0.0237988453,0.0086418582,2.0173,0.0,-0.5892,1,100.0,0.006126,0,0.0,0.0,0.0,0.0,0.0,0.0,0,0.0,0.0,0.0,0.0,0.0,0.0,1,1.0,23775.06,2.3775,100.0,2.3799,2.3799
0a41515c,bull,s15|s65|s41|s45,4,0.0227059581,0.0093132291,2.0203,0.0,-0.5892,1,100.0,0.006126,0,0.0,0.0,0.0,0.0,0.0,0.0,0,0.0,0.0,0.0,0.0,0.0,0.0,1,1.0,22683.24,2.2683,100.0,2.2706,2.2706
b351b56a,bull,s47|s42|s39,3,0.0263605101,0.0127345736,2.0138,0.0,-0.5892,1,100.0,0.006126,0,0.0,0.0,0.0,0.0,0.0,0.0,0,0.0,0.0,0.0,0.0,0.0,0.0,1,1.0,26334.17,2.6334,100.0,2.6361,2.6361
aaae193a,bull,s24|s35|s10,3,0.0241554982,0.0158762641,2.0178,0.0,-0.5892,1,100.0,0.006126,0,0.0,0.0,0.0,0.0,0.0,0.0,0,0.0,0.0,0.0,0.0,0.0,0.0,1,1.0,24131.36,2.4131,100.0,2.4155,2.4155
2ed91ed9,bull,s24|s1|s64,3,0.0237556826,0.0084879587,2.013,0.0,-0.5892,1,100.0,0.006126,0,0.0,0.0,0.0,0.0,0.0,0.0,0,0.0,0.0,0.0,0.0,0.0,0.0,1,1.0,23731.94,2.3732,100.0,2.3756,2.3756
aadd1a0c,bull,s21|s41|s53|s33,4,0.0263019397,0.0107493136,2.008,0.0,-0.5892,1,100.0,0.006125,0,0.0,0.0,0.0,0.0,0.0,0.0,0,0.0,0.0,0.0,0.0,0.0,0.0,1,1.0,26275.65,2.6276,100.0,2.6302,2.6302
20ad33db,bull,s82|s34|s60,3,0.0262993496,0.008460751,2.0077,0.0,-0.5892,1,100.0,0.006125,0,0.0,0.0,0.0,0.0,0.0,0.0,0,0.0,0.0,0.0,0.0,0.0,0.0,1,1.0,26273.07,2.6273,100.0,2.6299,2.6299
3ba94ed2,bull,s11|s5|s7|s21,4,0.0236314421,0.0120999012,2.0006,0.0,-0.5892,1,100.0,0.006125,0,0.0,0.0,0.0,0.0,0.0,0.0,0,0.0,0.0,0.0,0.0,0.0,0.0,1,1.0,23607.83,2.3608,100.0,2.3631,2.3631
eaeb3f27,bull,s47|s6|s58|s38|s34,5,0.0188407434,0.0124450519,2.0057,0.0,-0.5892,1,100.0,0.006125,0,0.0,0.0,0.0,0.0,0.0,0.0,0,0.0,0.0,0.0,0.0,0.0,0.0,1,1.0,18821.92,1.8822,100.0,1.8841,1.8841
cbe8d594,bull,s53|s2|s4,3,0.026251257,0.011678504,2.0029,0.0,-0.5892,1,100.0,0.006125,0,0.0,0.0,0.0,0.0,0.0,0.0,0,0.0,0.0,0.0,0.0,0.0,0.0,1,1.0,26225.03,2.6225,100.0,2.6251,2.6251
57d30f03,bull,s63|s58|s27,3,0.0215996878,0.013623334,2.0009,0.0,-0.5892,1,100.0,0.006125,0,0.0,0.0,0.0,0.0,0.0,0.0,0,0.0,0.0,0.0,0.0,0.0,0.0,1,1.0,21578.11,2.1578,100.0,2.16,2.16
a6843ad2,bull,s15|s43|s87|s24|s95,5,0.0253138616,0.0147137747,2.0074,0.0,-0.5892,1,100.0,0.006125,0,0.0,0.0,0.0,0.0,0.0,0.0,0,0.0,0.0,0.0,0.0,0.0,0.0,1,1.0,25288.57,2.5289,100.0,2.5314,2.5314
2a7ea366,bull,s15|s35|s33|s95,4,0.0195924546,0.0113837464,2.0037,0.0,-0.5892,1,100.0,0.006125,0,0.0,0.0,0.0,0.0,0.0,0.0,0,0.0,0.0,0.0,0.0,0.0,0.0,1,1.0,19572.85,1.9573,100.0,1.9592,1.9592
91ba9038,bull,s24|s7|s14|s34,4,0.0237017159,0.0112646397,2.0076,0.0,-0.5892,1,100.0,0.006125,0,0.0,0.0,0.0,0.0,0.0,0.0,0,0.0,0.0,0.0,0.0,0.0,0.0,1,1.0,23678.03,2.3678,100.0,2.3702,2.3702
76fa2eed,bull,s24|s59|s33,3,0.0244655314,0.0127419418,2.0068,0.0,-0.5892,1,100.0,0.006125,0,0.0,0.0,0.0,0.0,0.0,0.0,0,0.0,0.0,0.0,0.0,0.0,0.0,1,1.0,24441.06,2.4441,100.0,2.4466,2.4466
bbd20812,bull,s42|s15,2,0.0268238721,0.0126317766,2.004,0.0,-0.5892,1,100.0,0.006125,0,0.0,0.0,0.0,0.0,0.0,0.0,0,0.0,0.0,0.0,0.0,0.0,0.0,1,1.0,26797.07,2.6797,100.0,2.6824,2.6824
da2b5a69,bull,s93|s14|s53|s4,4,0.0213166656,0.0104170927,2.0077,0.0,-0.5892,1,100.0,0.006125,0,0.0,0.0,0.0,0.0,0.0,0.0,0,0.0,0.0,0.0,0.0,0.0,0.0,1,1.0,21295.36,2.1295,100.0,2.1317,2.1317
8e91489a,bull,s12|s39|s33,3,0.0217709028,0.0098578669,2.004,0.0,-0.5892,1,100.0,0.006125,0,0.0,0.0,0.0,0.0,0.0,0.0,0,0.0,0.0,0.0,0.0,0.0,0.0,1,1.0,21749.12,2.1749,100.0,2.1771,2.1771
ab625a0d,bull,s30|s42|s11|s65,4,0.0240557558,0.0096772244,2.0079,0.0,-0.5892,1,100.0,0.006125,0,0.0,0.0,0.0,0.0,0.0,0.0,0,0.0,0.0,0.0,0.0,0.0,0.0,1,1.0,24031.72,2.4032,100.0,2.4056,2.4056
052c6fda,bull,s53|s7|s9|s1,4,0.0244384477,0.0104154134,2.0041,0.0,-0.5892,1,100.0,0.006125,0,0.0,0.0,0.0,0.0,0.0,0.0,0,0.0,0.0,0.0,0.0,0.0,0.0,1,1.0,24414.02,2.4414,100.0,2.4438,2.4438
ee56647c,bull,s7|s82,2,0.0236212227,0.0081763639,1.9996,0.0,-0.5892,1,100.0,0.006125,0,0.0,0.0,0.0,0.0,0.0,0.0,0,0.0,0.0,0.0,0.0,0.0,0.0,1,1.0,23597.62,2.3598,100.0,2.3621,2.3621
cc2798c6,bull,s32|s11|s91|s68|s63,5,0.0262845652,0.0131999646,2.0062,0.0,-0.5892,1,100.0,0.006125,0,0.0,0.0,0.0,0.0,0.0,0.0,0,0.0,0.0,0.0,0.0,0.0,0.0,1,1.0,26258.3,2.6258,100.0,2.6285,2.6285
53fcd91b,bull,s79|s2|s15,3,0.0216511936,0.0138706499,2.0061,0.0,-0.5892,1,100.0,0.006125,0,0.0,0.0,0.0,0.0,0.0,0.0,0,0.0,0.0,0.0,0.0,0.0,0.0,1,1.0,21629.56,2.163,100.0,2.1651,2.1651
dea9574d,bull,s92|s15|s45,3,0.0220413245,0.0118313471,1.9999,0.0,-0.5892,1,100.0,0.006125,0,0.0,0.0,0.0,0.0,0.0,0.0,0,0.0,0.0,0.0,0.0,0.0,0.0,1,1.0,22019.28,2.2019,100.0,2.2041,2.2041
9116e96a,bull,s70|s48|s79,3,0.0256733614,0.0112569088,2.0013,0.0,-0.5892,1,100.0,0.006125,0,0.0,0.0,0.0,0.0,0.0,0.0,0,0.0,0.0,0.0,0.0,0.0,0.0,1,1.0,25647.7,2.5648,100.0,2.5673,2.5673
f7fd3ece,bull,s79|s44|s26,3,0.0220250564,0.0116437573,1.9983,0.0,-0.5892,1,100.0,0.006125,0,0.0,0.0,0.0,0.0,0.0,0.0,0,0.0,0.0,0.0,0.0,0.0,0.0,1,1.0,22003.04,2.2003,100.0,2.2025,2.2025
36b0af90,bull,s58|s82|s46|s84|s38,5,0.0268892644,0.012183499,2.0105,0.0,-0.5892,1,100.0,0.006125,0,0.0,0.0,0.0,0.0,0.0,0.0,0,0.0,0.0,0.0,0.0,0.0,0.0,1,1.0,26862.4,2.6862,100.0,2.6889,2.6889
970aa98e,bull,s95|s39|s5,3,0.0236146876,0.011758349,1.9989,0.0,-0.5892,1,100.0,0.006125,0,0.0,0.0,0.0,0.0,0.0,0.0,0,0.0,0.0,0.0,0.0,0.0,0.0,1,1.0,23591.09,2.3591,100.0,2.3615,2.3615
7db4544d,bull,s93|s40|s46|s83|s60,5,0.0243552963,0.0145410536,2.0028,0.0,-0.5892,1,100.0,0.006125,0,0.0,0.0,0.0,0.0,0.0,0.0,0,0.0,0.0,0.0,0.0,0.0,0.0,1,1.0,24330.93,2.4331,100.0,2.4355,2.4355
72063d42,bull,s64|s12|s83|s96,4,0.0187755641,0.0102491573,1.9992,0.0,-0.5892,1,100.0,0.006125,0,0.0,0.0,0.0,0.0,0.0,0.0,0,0.0,0.0,0.0,0.0,0.0,0.0,1,1.0,18756.78,1.8757,100.0,1.8776,1.8776
171fc10e,bull,s14|s33|s46|s34|s32,5,0.0262585108,0.0098519906,2.0036,0.0,-0.5892,1,100.0,0.006125,0,0.0,0.0,0.0,0.0,0.0,0.0,0,0.0,0.0,0.0,0.0,0.0,0.0,1,1.0,26232.27,2.6232,100.0,2.6259,2.6259
9d0eeed0,bull,s70|s2,2,0.0263180508,0.0121998091,2.0096,0.0,-0.5892,1,100.0,0.006125,0,0.0,0.0,0.0,0.0,0.0,0.0,0,0.0,0.0,0.0,0.0,0.0,0.0,1,1.0,26291.75,2.6292,100.0,2.6318,2.6318
adf70ab1,bull,s47|s6|s36|s95|s84,5,0.0193347947,0.011612794,1.992,0.0,-0.5892,1,100.0,0.006124,0,0.0,0.0,0.0,0.0,0.0,0.0,0,0.0,0.0,0.0,0.0,0.0,0.0,1,1.0,19315.45,1.9315,100.0,1.9335,1.9335
e56a9cb6,bull,s91|s5|s36|s30|s79,5,0.0214487089,0.0083640152,1.9858,0.0,-0.5892,1,100.0,0.006124,0,0.0,0.0,0.0,0.0,0.0,0.0,0,0.0,0.0,0.0,0.0,0.0,0.0,1,1.0,21427.28,2.1427,100.0,2.1449,2.1449
c8780e2f,bull,s11|s2|s64,3,0.0235241559,0.008335918,1.9899,0.0,-0.5892,1,100.0,0.006124,0,0.0,0.0,0.0,0.0,0.0,0.0,0,0.0,0.0,0.0,0.0,0.0,0.0,1,1.0,23500.65,2.3501,100.0,2.3524,2.3524
ef18c333,bull,s14|s53|s26,3,0.019484206,0.0116028265,1.9929,0.0,-0.5892,1,100.0,0.006124,0,0.0,0.0,0.0,0.0,0.0,0.0,0,0.0,0.0,0.0,0.0,0.0,0.0,1,1.0,19464.73,1.9465,100.0,1.9484,1.9484
d428aaaa,bull,s33|s36|s1,3,0.0243241047,0.0095750515,1.9927,0.0,-0.5892,1,100.0,0.006124,0,0.0,0.0,0.0,0.0,0.0,0.0,0,0.0,0.0,0.0,0.0,0.0,0.0,1,1.0,24299.77,2.43,100.0,2.4324,2.4324
32b325fc,bull,s30|s96,2,0.0261923212,0.0149404311,1.9971,0.0,-0.5892,1,100.0,0.006124,0,0.0,0.0,0.0,0.0,0.0,0.0,0,0.0,0.0,0.0,0.0,0.0,0.0,1,1.0,26166.13,2.6166,100.0,2.6192,2.6192
104b3f8f,bull,s78|s12|s33|s21|s48,5,0.0243781016,0.0131973019,1.9981,0.0,-0.5892,1,100.0,0.006124,0,0.0,0.0,0.0,0.0,0.0,0.0,0,0.0,0.0,0.0,0.0,0.0,0.0,1,1.0,24353.74,2.4354,100.0,2.4378,2.4378
234d1080,bull,s73|s33|s64,3,0.0211398322,0.0110116675,1.99,0.0,-0.5892,1,100.0,0.006124,0,0.0,0.0,0.0,0.0,0.0,0.0,0,0.0,0.0,0.0,0.0,0.0,0.0,1,1.0,21118.68,2.1119,100.0,2.114,2.114
d7ab5989,bull,s46|s64|s73|s14|s42,5,0.0223872125,0.0127719871,1.9885,0.0,-0.5892,1,100.0,0.006124,0,0.0,0.0,0.0,0.0,0.0,0.0,0,0.0,0.0,0.0,0.0,0.0,0.0,1,1.0,22364.84,2.2365,100.0,2.2387,2.2387
7b9eb32c,bull,s91|s8|s4|s2|s9,5,0.0261159762,0.0082424492,1.9895,0.0,-0.5892,1,100.0,0.006124,0,0.0,0.0,0.0,0.0,0.0,0.0,0,0.0,0.0,0.0,0.0,0.0,0.0,1,1.0,26089.88,2.609,100.0,2.6116,2.6116
e589616c,bull,s33|s58|s64,3,0.023507141,0.0126629405,1.9882,0.0,-0.5892,1,100.0,0.006124,0,0.0,0.0,0.0,0.0,0.0,0.0,0,0.0,0.0,0.0,0.0,0.0,0.0,1,1.0,23483.65,2.3484,100.0,2.3507,2.3507
079e8f5e,bull,s43|s84|s70,3,0.0235909905,0.0121183597,1.9966,0.0,-0.5892,1,100.0,0.006124,0,0.0,0.0,0.0,0.0,0.0,0.0,0,0.0,0.0,0.0,0.0,0.0,0.0,1,1.0,23567.42,2.3567,100.0,2.3591,2.3591
f2a2bc3f,bull,s10|s55|s11,3,0.0260990142,0.0161827718,1.9878,0.0,-0.5892,1,100.0,0.006124,0,0.0,0.0,0.0,0.0,0.0,0.0,0,0.0,0.0,0.0,0.0,0.0,0.0,1,1.0,26072.93,2.6073,100.0,2.6099,2.6099
301a098e,bull,s54|s40|s42,3,0.0250964153,0.013500988,1.9858,0.0,-0.5892,1,100.0,0.006124,0,0.0,0.0,0.0,0.0,0.0,0.0,0,0.0,0.0,0.0,0.0,0.0,0.0,1,1.0,25071.32,2.5071,100.0,2.5096,2.5096
19562259,bull,s92|s70|s39|s36,4,0.0235395797,0.0116726221,1.9914,0.0,-0.5892,1,100.0,0.006124,0,0.0,0.0,0.0,0.0,0.0,0.0,0,0.0,0.0,0.0,0.0,0.0,0.0,1,1.0,23516.06,2.3516,100.0,2.354,2.354
d498b273,bull,s36|s70|s5|s45,4,0.018554269,0.0116526468,1.9911,0.0,-0.5892,1,100.0,0.006124,0,0.0,0.0,0.0,0.0,0.0,0.0,0,0.0,0.0,0.0,0.0,0.0,0.0,1,1.0,18535.73,1.8536,100.0,1.8554,1.8554
7594b33b,bull,s53|s4,2,0.0194872224,0.0127668486,1.9932,0.0,-0.5892,1,100.0,0.006124,0,0.0,0.0,0.0,0.0,0.0,0.0,0,0.0,0.0,0.0,0.0,0.0,0.0,1,1.0,19467.74,1.9468,100.0,1.9487,1.9487
d343cd74,bull,s5|s88|s14,3,0.026128074,0.0147563899,1.9907,0.0,-0.5892,1,100.0,0.006124,0,0.0,0.0,0.0,0.0,0.0,0.0,0,0.0,0.0,0.0,0.0,0.0,0.0,1,1.0,26101.97,2.6102,100.0,2.6128,2.6128
a4f23842,bull,s34|s36,2,0.0185879363,0.009466772,1.9945,0.0,-0.5892,1,100.0,0.006124,0,0.0,0.0,0.0,0.0,0.0,0.0,0,0.0,0.0,0.0,0.0,0.0,0.0,1,1.0,18569.36,1.8569,100.0,1.8588,1.8588
6f0da44f,bull,s4|s9,2,0.0243692336,0.0136461796,1.9972,0.0,-0.5892,1,100.0,0.006124,0,0.0,0.0,0.0,0.0,0.0,0.0,0,0.0,0.0,0.0,0.0,0.0,0.0,1,1.0,24344.88,2.4345,100.0,2.4369,2.4369
10a14df4,bull,s33|s64|s2|s10,4,0.0261902897,0.0169092929,1.9969,0.0,-0.5892,1,100.0,0.006124,0,0.0,0.0,0.0,0.0,0.0,0.0,0,0.0,0.0,0.0,0.0,0.0,0.0,1,1.0,26164.12,2.6164,100.0,2.619,2.619
25afcf42,bull,s91|s79|s3,3,0.0203309207,0.0125431818,1.9933,0.0,-0.5892,1,100.0,0.006124,0,0.0,0.0,0.0,0.0,0.0,0.0,0,0.0,0.0,0.0,0.0,0.0,0.0,1,1.0,20310.6,2.0311,100.0,2.0331,2.0331
efeac727,bull,s9|s7|s41,3,0.0235084234,0.00905817,1.9883,0.0,-0.5892,1,100.0,0.006124,0,0.0,0.0,0.0,0.0,0.0,0.0,0,0.0,0.0,0.0,0.0,0.0,0.0,1,1.0,23484.93,2.3485,100.0,2.3508,2.3508
83875714,bull,s53|s64,2,0.0217099955,0.010180028,1.9979,0.0,-0.5892,1,100.0,0.006124,0,0.0,0.0,0.0,0.0,0.0,0.0,0,0.0,0.0,0.0,0.0,0.0,0.0,1,1.0,21688.29,2.1688,100.0,2.171,2.171
7a28a0e8,bull,s12|s82,2,0.0267206986,0.0116602243,1.9938,0.0,-0.5892,1,100.0,0.006124,0,0.0,0.0,0.0,0.0,0.0,0.0,0,0.0,0.0,0.0,0.0,0.0,0.0,1,1.0,26693.99,2.6694,100.0,2.6721,2.6721
3ddd85af,bull,s54|s82|s4,3,0.0224530916,0.0141274607,1.9951,0.0,-0.5892,1,100.0,0.006124,0,0.0,0.0,0.0,0.0,0.0,0.0,0,0.0,0.0,0.0,0.0,0.0,0.0,1,1.0,22430.66,2.2431,100.0,2.2453,2.2453
508d1dc7,bull,s24|s44,2,0.0186752283,0.0093256907,1.9892,0.0,-0.5892,1,100.0,0.006124,0,0.0,0.0,0.0,0.0,0.0,0.0,0,0.0,0.0,0.0,0.0,0.0,0.0,1,1.0,18656.55,1.8657,100.0,1.8675,1.8675
6909f351,bull,s38|s11|s27,3,0.0195123884,0.0104426005,1.9957,0.0,-0.5892,1,100.0,0.006124,0,0.0,0.0,0.0,0.0,0.0,0.0,0,0.0,0.0,0.0,0.0,0.0,0.0,1,1.0,19492.89,1.9493,100.0,1.9512,1.9512
2e62a78f,bull,s15|s40|s94|s91,4,0.0246897937,0.0112688615,1.9802,0.0,-0.5892,1,100.0,0.006123,0,0.0,0.0,0.0,0.0,0.0,0.0,0,0.0,0.0,0.0,0.0,0.0,0.0,1,1.0,24665.11,2.4665,100.0,2.469,2.469
65337f5c,bull,s75|s4|s55|s35,4,0.0242039684,0.0098380553,1.9807,0.0,-0.5892,1,100.0,0.006123,0,0.0,0.0,0.0,0.0,0.0,0.0,0,0.0,0.0,0.0,0.0,0.0,0.0,1,1.0,24179.77,2.418,100.0,2.4204,2.4204
0dee8ff9,bull,s75|s32,2,0.0259878477,0.0154375522,1.9767,0.0,-0.5892,1,100.0,0.006123,0,0.0,0.0,0.0,0.0,0.0,0.0,0,0.0,0.0,0.0,0.0,0.0,0.0,1,1.0,25961.86,2.5962,100.0,2.5988,2.5988
8a5da85b,bull,s14|s5|s92|s35,4,0.0231918019,0.0097411429,1.9848,0.0,-0.5892,1,100.0,0.006123,0,0.0,0.0,0.0,0.0,0.0,0.0,0,0.0,0.0,0.0,0.0,0.0,0.0,1,1.0,23168.63,2.3169,100.0,2.3192,2.3192
4a02b339,bull,s21|s74|s27,3,0.0192871113,0.0125981919,1.9732,0.0,-0.5892,1,100.0,0.006123,0,0.0,0.0,0.0,0.0,0.0,0.0,0,0.0,0.0,0.0,0.0,0.0,0.0,1,1.0,19267.83,1.9268,100.0,1.9287,1.9287
c3d5d0d6,bull,s32|s46|s24|s41,4,0.0213805054,0.0115121681,1.979,0.0,-0.5892,1,100.0,0.006123,0,0.0,0.0,0.0,0.0,0.0,0.0,0,0.0,0.0,0.0,0.0,0.0,0.0,1,1.0,21359.14,2.1359,100.0,2.1381,2.1381
b1fdb05b,bull,s48|s79|s2|s24|s39,5,0.0260462158,0.0120684722,1.9825,0.0,-0.5892,1,100.0,0.006123,0,0.0,0.0,0.0,0.0,0.0,0.0,0,0.0,0.0,0.0,0.0,0.0,0.0,1,1.0,26020.19,2.602,100.0,2.6046,2.6046
3c579de4,bull,s92|s12|s6|s53|s78,5,0.0185991771,0.0114065275,1.9815,0.0,-0.5892,1,100.0,0.006123,0,0.0,0.0,0.0,0.0,0.0,0.0,0,0.0,0.0,0.0,0.0,0.0,0.0,1,1.0,18580.59,1.8581,100.0,1.8599,1.8599
f4a9c0d5,bull,s32|s3|s1|s70|s75,5,0.0260105334,0.0140788779,1.979,0.0,-0.5892,1,100.0,0.006123,0,0.0,0.0,0.0,0.0,0.0,0.0,0,0.0,0.0,0.0,0.0,0.0,0.0,1,1.0,25984.53,2.5985,100.0,2.6011,2.6011
10dd957f,bull,s33|s65,2,0.021585085,0.010016336,1.9855,0.0,-0.5892,1,100.0,0.006123,0,0.0,0.0,0.0,0.0,0.0,0.0,0,0.0,0.0,0.0,0.0,0.0,0.0,1,1.0,21563.49,2.1563,100.0,2.1585,2.1585
afb0c704,bull,s15|s60|s35,3,0.0194063055,0.0113367573,1.9851,0.0,-0.5892,1,100.0,0.006123,0,0.0,0.0,0.0,0.0,0.0,0.0,0,0.0,0.0,0.0,0.0,0.0,0.0,1,1.0,19386.92,1.9387,100.0,1.9406,1.9406
313b51a4,bull,s2|s32|s10,3,0.0260131397,0.0101313085,1.9792,0.0,-0.5892,1,100.0,0.006123,0,0.0,0.0,0.0,0.0,0.0,0.0,0,0.0,0.0,0.0,0.0,0.0,0.0,1,1.0,25987.15,2.5987,100.0,2.6013,2.6013
c860af30,bull,s41|s79|s96,3,0.024208697,0.0101605549,1.9812,0.0,-0.5892,1,100.0,0.006123,0,0.0,0.0,0.0,0.0,0.0,0.0,0,0.0,0.0,0.0,0.0,0.0,0.0,1,1.0,24184.5,2.4184,100.0,2.4209,2.4209
43f04aad,bull,s94|s91|s24,3,0.0259978475,0.01002774,1.9777,0.0,-0.5892,1,100.0,0.006123,0,0.0,0.0,0.0,0.0,0.0,0.0,0,0.0,0.0,0.0,0.0,0.0,0.0,1,1.0,25971.87,2.5972,100.0,2.5998,2.5998
8b3e6fc7,bull,s74|s93|s45|s70,4,0.0218753946,0.0096016884,1.9834,0.0,-0.5892,1,100.0,0.006123,0,0.0,0.0,0.0,0.0,0.0,0.0,0,0.0,0.0,0.0,0.0,0.0,0.0,1,1.0,21853.51,2.1854,100.0,2.1875,2.1875
677b6def,bull,s68|s47|s6,3,0.0184808526,0.0111629698,1.9837,0.0,-0.5892,1,100.0,0.006123,0,0.0,0.0,0.0,0.0,0.0,0.0,0,0.0,0.0,0.0,0.0,0.0,0.0,1,1.0,18462.37,1.8462,100.0,1.8481,1.8481
657d59ad,bull,s87|s46|s26,3,0.0218775212,0.0120337741,1.9836,0.0,-0.5892,1,100.0,0.006123,0,0.0,0.0,0.0,0.0,0.0,0.0,0,0.0,0.0,0.0,0.0,0.0,0.0,1,1.0,21855.66,2.1856,100.0,2.1878,2.1878
f2735d35,bull,s82|s12|s1|s59,4,0.0260233798,0.0104050001,1.9803,0.0,-0.5892,1,100.0,0.006123,0,0.0,0.0,0.0,0.0,0.0,0.0,0,0.0,0.0,0.0,0.0,0.0,0.0,1,1.0,25997.37,2.5997,100.0,2.6023,2.6023
670b4f4e,bull,s38|s60|s41,3,0.0260235342,0.0130623597,1.9803,0.0,-0.5892,1,100.0,0.006123,0,0.0,0.0,0.0,0.0,0.0,0.0,0,0.0,0.0,0.0,0.0,0.0,0.0,1,1.0,25997.53,2.5998,100.0,2.6024,2.6024
66823c77,bull,s15|s32|s92|s34,4,0.0213534478,0.0106979473,1.9763,0.0,-0.5892,1,100.0,0.006123,0,0.0,0.0,0.0,0.0,0.0,0.0,0,0.0,0.0,0.0,0.0,0.0,0.0,1,1.0,21332.11,2.1332,100.0,2.1353,2.1353
8ca55181,bull,s91|s4|s44|s82,4,0.023727267,0.0083500377,1.9752,0.0,-0.5892,1,100.0,0.006123,0,0.0,0.0,0.0,0.0,0.0,0.0,0,0.0,0.0,0.0,0.0,0.0,0.0,1,1.0,23703.56,2.3704,100.0,2.3727,2.3727
0380a487,bull,s34|s9|s63,3,0.0233668508,0.0091224851,1.9742,0.0,-0.5892,1,100.0,0.006123,0,0.0,0.0,0.0,0.0,0.0,0.0,0,0.0,0.0,0.0,0.0,0.0,0.0,1,1.0,23343.5,2.3344,100.0,2.3367,2.3367
dc945696,bull,s32|s4|s54,3,0.0213973643,0.0085137184,1.9807,0.0,-0.5892,1,100.0,0.006123,0,0.0,0.0,0.0,0.0,0.0,0.0,0,0.0,0.0,0.0,0.0,0.0,0.0,1,1.0,21375.98,2.1376,100.0,2.1397,2.1397
dd8bbe30,bull,s34|s3|s40,3,0.0260047535,0.0132824688,1.9784,0.0,-0.5892,1,100.0,0.006123,0,0.0,0.0,0.0,0.0,0.0,0.0,0,0.0,0.0,0.0,0.0,0.0,0.0,1,1.0,25978.75,2.5979,100.0,2.6005,2.6005
74472d9c,bull,s38|s78|s65,3,0.0237747371,0.0101361821,1.9799,0.0,-0.5892,1,100.0,0.006123,0,0.0,0.0,0.0,0.0,0.0,0.0,0,0.0,0.0,0.0,0.0,0.0,0.0,1,1.0,23750.98,2.3751,100.0,2.3775,2.3775
c178f92d,bull,s54|s45|s3,3,0.0210292814,0.0093705986,1.979,0.0,-0.5892,1,100.0,0.006123,0,0.0,0.0,0.0,0.0,0.0,0.0,0,0.0,0.0,0.0,0.0,0.0,0.0,1,1.0,21008.26,2.1008,100.0,2.1029,2.1029
e2247852,bull,s42|s69|s94,3,0.0234089779,0.0086647588,1.9784,0.0,-0.5892,1,100.0,0.006123,0,0.0,0.0,0.0,0.0,0.0,0.0,0,0.0,0.0,0.0,0.0,0.0,0.0,1,1.0,23385.59,2.3386,100.0,2.3409,2.3409
110131d9,bull,s39|s92|s69,3,0.0184950846,0.0108381108,1.9852,0.0,-0.5892,1,100.0,0.006123,0,0.0,0.0,0.0,0.0,0.0,0.0,0,0.0,0.0,0.0,0.0,0.0,0.0,1,1.0,18476.6,1.8477,100.0,1.8495,1.8495
9a9ce1f4,bull,s64|s9|s48,3,0.0234688484,0.0104436918,1.9844,0.0,-0.5892,1,100.0,0.006123,0,0.0,0.0,0.0,0.0,0.0,0.0,0,0.0,0.0,0.0,0.0,0.0,0.0,1,1.0,23445.4,2.3445,100.0,2.3469,2.3469
03fbe973,bull,s15|s10|s45|s38,4,0.0216968534,0.0094086856,1.9826,0.0,-0.5892,1,100.0,0.006123,0,0.0,0.0,0.0,0.0,0.0,0.0,0,0.0,0.0,0.0,0.0,0.0,0.0,1,1.0,21675.17,2.1675,100.0,2.1697,2.1697
9e29e340,bull,s60|s24|s39,3,0.0214282398,0.0129781098,1.9838,0.0,-0.5892,1,100.0,0.006123,0,0.0,0.0,0.0,0.0,0.0,0.0,0,0.0,0.0,0.0,0.0,0.0,0.0,1,1.0,21406.83,2.1407,100.0,2.1428,2.1428
cce3e9cd,bull,s79|s1|s2,3,0.0259428402,0.0099579693,1.9723,0.0,-0.5892,1,100.0,0.006122,0,0.0,0.0,0.0,0.0,0.0,0.0,0,0.0,0.0,0.0,0.0,0.0,0.0,1,1.0,25916.91,2.5917,100.0,2.5943,2.5943
7c686326,bull,s24|s5,2,0.0212362341,0.0119733053,1.9646,0.0,-0.5892,1,100.0,0.006122,0,0.0,0.0,0.0,0.0,0.0,0.0,0,0.0,0.0,0.0,0.0,0.0,0.0,1,1.0,21215.01,2.1215,100.0,2.1236,2.1236
762bd3b7,bull,s33|s4|s41,3,0.0183248392,0.0097568658,1.9681,0.0,-0.5892,1,100.0,0.006122,0,0.0,0.0,0.0,0.0,0.0,0.0,0,0.0,0.0,0.0,0.0,0.0,0.0,1,1.0,18306.53,1.8307,100.0,1.8325,1.8325
c58db323,bull,s3|s35|s45,3,0.0212902988,0.0085115889,1.97,0.0,-0.5892,1,100.0,0.006122,0,0.0,0.0,0.0,0.0,0.0,0.0,0,0.0,0.0,0.0,0.0,0.0,0.0,1,1.0,21269.0,2.1269,100.0,2.129,2.129
58d0c44c,bull,s33|s35,2,0.0241006989,0.0105591288,1.9705,0.0,-0.5892,1,100.0,0.006122,0,0.0,0.0,0.0,0.0,0.0,0.0,0,0.0,0.0,0.0,0.0,0.0,0.0,1,1.0,24076.59,2.4077,100.0,2.4101,2.4101
74818d62,bull,s44|s33|s26,3,0.0192615493,0.0117508321,1.9706,0.0,-0.5892,1,100.0,0.006122,0,0.0,0.0,0.0,0.0,0.0,0.0,0,0.0,0.0,0.0,0.0,0.0,0.0,1,1.0,19242.28,1.9242,100.0,1.9262,1.9262
2c8124aa,bull,s6|s94|s65|s33,4,0.0232571434,0.0145305361,1.9633,0.0,-0.5892,1,100.0,0.006122,0,0.0,0.0,0.0,0.0,0.0,0.0,0,0.0,0.0,0.0,0.0,0.0,0.0,1,1.0,23233.9,2.3234,100.0,2.3257,2.3257
24a38301,bull,s24|s4|s95,3,0.0182895615,0.0119807895,1.9646,0.0,-0.5892,1,100.0,0.006122,0,0.0,0.0,0.0,0.0,0.0,0.0,0,0.0,0.0,0.0,0.0,0.0,0.0,1,1.0,18271.29,1.8271,100.0,1.829,1.829
a9ca50d9,bull,s44|s40|s58|s14,4,0.019244858,0.0109597402,1.9689,0.0,-0.5892,1,100.0,0.006122,0,0.0,0.0,0.0,0.0,0.0,0.0,0,0.0,0.0,0.0,0.0,0.0,0.0,1,1.0,19225.62,1.9226,100.0,1.9245,1.9245
dce34af4,bull,s94|s6|s75|s39|s35,5,0.0192031708,0.0126567395,1.9648,0.0,-0.5892,1,100.0,0.006122,0,0.0,0.0,0.0,0.0,0.0,0.0,0,0.0,0.0,0.0,0.0,0.0,0.0,1,1.0,19183.97,1.9184,100.0,1.9203,1.9203
7b57a8eb,bull,s24|s82|s26,3,0.0211997825,0.0129650379,1.961,0.0,-0.5892,1,100.0,0.006122,0,0.0,0.0,0.0,0.0,0.0,0.0,0,0.0,0.0,0.0,0.0,0.0,0.0,1,1.0,21178.6,2.1179,100.0,2.12,2.12
7aca6915,bull,s74|s39|s24|s63|s48,5,0.0233190463,0.0118826985,1.9695,0.0,-0.5892,1,100.0,0.006122,0,0.0,0.0,0.0,0.0,0.0,0.0,0,0.0,0.0,0.0,0.0,0.0,0.0,1,1.0,23295.75,2.3296,100.0,2.3319,2.3319
4002e0cc,bull,s6|s78|s64,3,0.0192177547,0.0097167204,1.9662,0.0,-0.5892,1,100.0,0.006122,0,0.0,0.0,0.0,0.0,0.0,0.0,0,0.0,0.0,0.0,0.0,0.0,0.0,1,1.0,19198.55,1.9199,100.0,1.9218,1.9218
bf4e55e4,bull,s45|s5|s27,3,0.0191645272,0.0080578229,1.9609,0.0,-0.5892,1,100.0,0.006122,0,0.0,0.0,0.0,0.0,0.0,0.0,0,0.0,0.0,0.0,0.0,0.0,0.0,1,1.0,19145.37,1.9145,100.0,1.9165,1.9165
e240d941,bull,s47|s82|s63,3,0.0221187852,0.0106670408,1.9617,0.0,-0.5892,1,100.0,0.006122,0,0.0,0.0,0.0,0.0,0.0,0.0,0,0.0,0.0,0.0,0.0,0.0,0.0,1,1.0,22096.68,2.2097,100.0,2.2119,2.2119
c1875d96,bull,s36|s11,2,0.0212586401,0.0135487357,1.9669,0.0,-0.5892,1,100.0,0.006122,0,0.0,0.0,0.0,0.0,0.0,0.0,0,0.0,0.0,0.0,0.0,0.0,0.0,1,1.0,21237.4,2.1237,100.0,2.1259,2.1259
e646ce2c,bull,s30|s94|s27,3,0.0184918423,0.0097960928,1.9708,0.0,-0.5892,1,100.0,0.006122,0,0.0,0.0,0.0,0.0,0.0,0.0,0,0.0,0.0,0.0,0.0,0.0,0.0,1,1.0,18473.36,1.8473,100.0,1.8492,1.8492
60253bcb,bull,s54|s38|s35,3,0.0192531681,0.0089364481,1.9698,0.0,-0.5892,1,100.0,0.006122,0,0.0,0.0,0.0,0.0,0.0,0.0,0,0.0,0.0,0.0,0.0,0.0,0.0,1,1.0,19233.92,1.9234,100.0,1.9253,1.9253
bb829611,bull,s30|s91|s27,3,0.0239185589,0.0080961756,1.9523,0.0,-0.5892,1,100.0,0.006121,0,0.0,0.0,0.0,0.0,0.0,0.0,0,0.0,0.0,0.0,0.0,0.0,0.0,1,1.0,23894.65,2.3895,100.0,2.3919,2.3919
099647a4,bull,s40|s79|s11,3,0.0188483142,0.0086113038,1.9573,0.0,-0.5892,1,100.0,0.006121,0,0.0,0.0,0.0,0.0,0.0,0.0,0,0.0,0.0,0.0,0.0,0.0,0.0,1,1.0,18829.47,1.8829,100.0,1.8848,1.8848
ad460c26,bull,s70|s58|s41,3,0.0231635252,0.0141631067,1.954,0.0,-0.5892,1,100.0,0.006121,0,0.0,0.0,0.0,0.0,0.0,0.0,0,0.0,0.0,0.0,0.0,0.0,0.0,1,1.0,23140.38,2.314,100.0,2.3164,2.3164
7b01eb38,bull,s33|s38|s24|s21,4,0.0262908609,0.0097911815,1.9511,0.0,-0.5892,1,100.0,0.006121,0,0.0,0.0,0.0,0.0,0.0,0.0,0,0.0,0.0,0.0,0.0,0.0,0.0,1,1.0,26264.57,2.6265,100.0,2.6291,2.6291
79232820,bull,s11|s32|s54,3,0.0231659067,0.0099605427,1.9542,0.0,-0.5892,1,100.0,0.006121,0,0.0,0.0,0.0,0.0,0.0,0.0,0,0.0,0.0,0.0,0.0,0.0,0.0,1,1.0,23142.76,2.3143,100.0,2.3166,2.3166
8d29428b,bull,s11|s82|s32|s83|s10,5,0.0231700078,0.0142866575,1.9546,0.0,-0.5892,1,100.0,0.006121,0,0.0,0.0,0.0,0.0,0.0,0.0,0,0.0,0.0,0.0,0.0,0.0,0.0,1,1.0,23146.86,2.3147,100.0,2.317,2.317
94ebb8e9,bull,s33|s58|s40,3,0.0257392212,0.0126367988,1.952,0.0,-0.5892,1,100.0,0.006121,0,0.0,0.0,0.0,0.0,0.0,0.0,0,0.0,0.0,0.0,0.0,0.0,0.0,1,1.0,25713.47,2.5713,100.0,2.5739,2.5739
e9820291,bull,s1|s11|s33,3,0.0263549784,0.0092519646,1.9574,0.0,-0.5892,1,100.0,0.006121,0,0.0,0.0,0.0,0.0,0.0,0.0,0,0.0,0.0,0.0,0.0,0.0,0.0,1,1.0,26328.61,2.6329,100.0,2.6355,2.6355
cc87145b,bull,s63|s58|s82|s15,4,0.021126191,0.0112895296,1.9536,0.0,-0.5892,1,100.0,0.006121,0,0.0,0.0,0.0,0.0,0.0,0.0,0,0.0,0.0,0.0,0.0,0.0,0.0,1,1.0,21105.08,2.1105,100.0,2.1126,2.1126
8d50ed2d,bull,s21|s14|s35,3,0.0183790465,0.0082924734,1.9595,0.0,-0.5892,1,100.0,0.006121,0,0.0,0.0,0.0,0.0,0.0,0.0,0,0.0,0.0,0.0,0.0,0.0,0.0,1,1.0,18360.68,1.8361,100.0,1.8379,1.8379
a0904a62,bull,s69|s42|s33|s36|s24,5,0.0211129675,0.0117439309,1.9523,0.0,-0.5892,1,100.0,0.006121,0,0.0,0.0,0.0,0.0,0.0,0.0,0,0.0,0.0,0.0,0.0,0.0,0.0,1,1.0,21091.87,2.1092,100.0,2.1113,2.1113
85f8b04e,bull,s24|s46,2,0.02444902,0.0150046798,1.9562,0.0,-0.5892,1,100.0,0.006121,0,0.0,0.0,0.0,0.0,0.0,0.0,0,0.0,0.0,0.0,0.0,0.0,0.0,1,1.0,24424.56,2.4425,100.0,2.4449,2.4449
d890c7e5,bull,s70|s93|s2,3,0.0231940022,0.0123304145,1.957,0.0,-0.5892,1,100.0,0.006121,0,0.0,0.0,0.0,0.0,0.0,0.0,0,0.0,0.0,0.0,0.0,0.0,0.0,1,1.0,23170.83,2.3171,100.0,2.3194,2.3194
3d70dcd1,bull,s4|s38|s87,3,0.0214206006,0.0099724597,1.955,0.0,-0.5892,1,100.0,0.006121,0,0.0,0.0,0.0,0.0,0.0,0.0,0,0.0,0.0,0.0,0.0,0.0,0.0,1,1.0,21399.2,2.1399,100.0,2.1421,2.1421
277330c3,bull,s32|s58|s78,3,0.0231351783,0.0101155115,1.9511,0.0,-0.5892,1,100.0,0.006121,0,0.0,0.0,0.0,0.0,0.0,0.0,0,0.0,0.0,0.0,0.0,0.0,0.0,1,1.0,23112.06,2.3112,100.0,2.3135,2.3135
52290100,bull,s4|s39|s21,3,0.021107722,0.0103909886,1.9518,0.0,-0.5892,1,100.0,0.006121,0,0.0,0.0,0.0,0.0,0.0,0.0,0,0.0,0.0,0.0,0.0,0.0,0.0,1,1.0,21086.63,2.1087,100.0,2.1108,2.1108
60434c5a,bull,s47|s78|s84,3,0.0222250496,0.0132745975,2.0183,0.0,-0.6736,1,100.0,0.006121,0,0.0,0.0,0.0,0.0,0.0,0.0,0,0.0,0.0,0.0,0.0,0.0,0.0,1,1.0,22202.83,2.2203,100.0,2.2225,2.2225
fd710919,bull,s2|s42|s7,3,0.0211232977,0.0087346996,1.9534,0.0,-0.5892,1,100.0,0.006121,0,0.0,0.0,0.0,0.0,0.0,0.0,0,0.0,0.0,0.0,0.0,0.0,0.0,1,1.0,21102.19,2.1102,100.0,2.1123,2.1123
efb6bd49,bull,s58|s1|s93|s64,4,0.0207219777,0.0091739559,1.9483,0.0,-0.5892,1,100.0,0.006121,0,0.0,0.0,0.0,0.0,0.0,0.0,0,0.0,0.0,0.0,0.0,0.0,0.0,1,1.0,20701.27,2.0701,100.0,2.0722,2.0722
d46744aa,bull,s6|s55|s78|s14,4,0.0182244618,0.0103400216,1.944,0.0,-0.5892,1,100.0,0.00612,0,0.0,0.0,0.0,0.0,0.0,0.0,0,0.0,0.0,0.0,0.0,0.0,0.0,1,1.0,18206.25,1.8206,100.0,1.8224,1.8224
2d384a32,bull,s55|s47|s8|s32,4,0.0221003725,0.0090712562,2.0058,0.0,-0.6736,1,100.0,0.00612,0,0.0,0.0,0.0,0.0,0.0,0.0,0,0.0,0.0,0.0,0.0,0.0,0.0,1,1.0,22078.28,2.2078,100.0,2.21,2.21
66d159ae,bull,s41|s8|s27,3,0.0243669731,0.0123960116,1.9481,0.0,-0.5892,1,100.0,0.00612,0,0.0,0.0,0.0,0.0,0.0,0.0,0,0.0,0.0,0.0,0.0,0.0,0.0,1,1.0,24342.62,2.4343,100.0,2.4367,2.4367
1b9f97f6,bull,s69|s15|s43|s79,4,0.0230111803,0.0145829806,1.9388,0.0,-0.5892,1,100.0,0.00612,0,0.0,0.0,0.0,0.0,0.0,0.0,0,0.0,0.0,0.0,0.0,0.0,0.0,1,1.0,22988.19,2.2988,100.0,2.3011,2.3011
a9117db8,bull,s41|s55,2,0.0186557484,0.0103974603,1.9381,0.0,-0.59,1,100.0,0.00612,0,0.0,0.0,0.0,0.0,0.0,0.0,0,0.0,0.0,0.0,0.0,0.0,0.0,1,1.0,18637.09,1.8637,100.0,1.8656,1.8656
4e579b8b,bull,s79|s63|s14,3,0.0223889698,0.0103449363,1.9467,0.0,-0.5892,1,100.0,0.00612,0,0.0,0.0,0.0,0.0,0.0,0.0,0,0.0,0.0,0.0,0.0,0.0,0.0,1,1.0,22366.6,2.2367,100.0,2.2389,2.2389
cd917386,bull,s75|s65|s12,3,0.0256098912,0.0114429133,1.9392,0.0,-0.5892,1,100.0,0.00612,0,0.0,0.0,0.0,0.0,0.0,0.0,0,0.0,0.0,0.0,0.0,0.0,0.0,1,1.0,25584.29,2.5584,100.0,2.561,2.561
3d8ca9b3,bull,s46|s83|s5|s12,4,0.0181715008,0.0099374888,1.9387,0.0,-0.5892,1,100.0,0.00612,0,0.0,0.0,0.0,0.0,0.0,0.0,0,0.0,0.0,0.0,0.0,0.0,0.0,1,1.0,18153.32,1.8153,100.0,1.8172,1.8172
82ed3246,bull,s48|s64|s27,3,0.0238522104,0.0153781677,1.9457,0.0,-0.5892,1,100.0,0.00612,0,0.0,0.0,0.0,0.0,0.0,0.0,0,0.0,0.0,0.0,0.0,0.0,0.0,1,1.0,23828.37,2.3828,100.0,2.3852,2.3852
56d694de,bull,s43|s79|s14,3,0.0256194569,0.0122016176,1.9401,0.0,-0.5892,1,100.0,0.00612,0,0.0,0.0,0.0,0.0,0.0,0.0,0,0.0,0.0,0.0,0.0,0.0,0.0,1,1.0,25593.86,2.5594,100.0,2.5619,2.5619
9071ed2b,bull,s15|s35|s46|s82,4,0.0238123808,0.009268526,1.9418,0.0,-0.5892,1,100.0,0.00612,0,0.0,0.0,0.0,0.0,0.0,0.0,0,0.0,0.0,0.0,0.0,0.0,0.0,1,1.0,23788.59,2.3789,100.0,2.3812,2.3812
c4d6105c,bull,s1|s35|s78|s2,4,0.0256264134,0.0150773917,1.9408,0.0,-0.5892,1,100.0,0.00612,0,0.0,0.0,0.0,0.0,0.0,0.0,0,0.0,0.0,0.0,0.0,0.0,0.0,1,1.0,25600.81,2.5601,100.0,2.5626,2.5626
93ed553e,bull,s92|s14|s43,3,0.022981222,0.0113695454,1.9358,0.0,-0.5892,1,100.0,0.00612,0,0.0,0.0,0.0,0.0,0.0,0.0,0,0.0,0.0,0.0,0.0,0.0,0.0,1,1.0,22958.26,2.2958,100.0,2.2981,2.2981
10baf0a0,bull,s91|s79|s26,3,0.0222897417,0.0146605314,1.9368,0.0,-0.5892,1,100.0,0.00612,0,0.0,0.0,0.0,0.0,0.0,0.0,0,0.0,0.0,0.0,0.0,0.0,0.0,1,1.0,22267.46,2.2267,100.0,2.229,2.229
b0d6d97d,bull,s35|s30|s11|s32|s1,5,0.0210982673,0.0103636127,1.9369,0.0,-0.5892,1,100.0,0.00612,0,0.0,0.0,0.0,0.0,0.0,0.0,0,0.0,0.0,0.0,0.0,0.0,0.0,1,1.0,21077.19,2.1077,100.0,2.1098,2.1098
0b47afee,bull,s44|s36|s12|s64,4,0.0256453537,0.0156883754,1.9427,0.0,-0.5892,1,100.0,0.00612,0,0.0,0.0,0.0,0.0,0.0,0.0,0,0.0,0.0,0.0,0.0,0.0,0.0,1,1.0,25619.7,2.562,100.0,2.5645,2.5645
dfa80fca,bull,s59|s14|s6,3,0.0256121342,0.0113241683,1.9394,0.0,-0.5892,1,100.0,0.00612,0,0.0,0.0,0.0,0.0,0.0,0.0,0,0.0,0.0,0.0,0.0,0.0,0.0,1,1.0,25586.52,2.5587,100.0,2.5612,2.5612
2fcba403,bull,s74|s41|s32|s68,4,0.024295366,0.0128343075,1.941,0.0,-0.59,1,100.0,0.00612,0,0.0,0.0,0.0,0.0,0.0,0.0,0,0.0,0.0,0.0,0.0,0.0,0.0,1,1.0,24271.06,2.4271,100.0,2.4295,2.4295
e18bf8ee,bull,s9|s75|s34|s87,4,0.0261615092,0.0099200602,1.9382,0.0,-0.5892,1,100.0,0.00612,0,0.0,0.0,0.0,0.0,0.0,0.0,0,0.0,0.0,0.0,0.0,0.0,0.0,1,1.0,26135.35,2.6135,100.0,2.6162,2.6162
1b11e513,bull,s42|s24|s35|s38,4,0.0230572429,0.0085506544,1.9434,0.0,-0.5892,1,100.0,0.00612,0,0.0,0.0,0.0,0.0,0.0,0.0,0,0.0,0.0,0.0,0.0,0.0,0.0,1,1.0,23034.2,2.3034,100.0,2.3057,2.3057
a001571f,bull,s32|s88|s24|s78|s35,5,0.0206156075,0.0127440277,1.9377,0.0,-0.5892,1,100.0,0.00612,0,0.0,0.0,0.0,0.0,0.0,0.0,0,0.0,0.0,0.0,0.0,0.0,0.0,1,1.0,20595.01,2.0595,100.0,2.0616,2.0616
c966d800,bull,s93|s9|s39,3,0.0230813251,0.0128760364,1.9458,0.0,-0.5892,1,100.0,0.00612,0,0.0,0.0,0.0,0.0,0.0,0.0,0,0.0,0.0,0.0,0.0,0.0,0.0,1,1.0,23058.26,2.3058,100.0,2.3081,2.3081
f9e1017b,bull,s60|s79|s9,3,0.0256304555,0.0121457727,1.9412,0.0,-0.5892,1,100.0,0.00612,0,0.0,0.0,0.0,0.0,0.0,0.0,0,0.0,0.0,0.0,0.0,0.0,0.0,1,1.0,25604.83,2.5605,100.0,2.563,2.563
c067af86,bull,s75|s94|s12,3,0.0182245433,0.0114748239,1.944,0.0,-0.5892,1,100.0,0.00612,0,0.0,0.0,0.0,0.0,0.0,0.0,0,0.0,0.0,0.0,0.0,0.0,0.0,1,1.0,18206.31,1.8206,100.0,1.8225,1.8225
da2d4a0f,bull,s75|s14|s79|s35,4,0.0261651857,0.0152567778,1.9386,0.0,-0.5892,1,100.0,0.00612,0,0.0,0.0,0.0,0.0,0.0,0.0,0,0.0,0.0,0.0,0.0,0.0,0.0,1,1.0,26139.02,2.6139,100.0,2.6165,2.6165
7541d697,bull,s21|s45|s54,3,0.0206867472,0.0126270298,1.9448,0.0,-0.5892,1,100.0,0.00612,0,0.0,0.0,0.0,0.0,0.0,0.0,0,0.0,0.0,0.0,0.0,0.0,0.0,1,1.0,20666.07,2.0666,100.0,2.0687,2.0687
86a524e6,bull,s74|s88|s2|s4|s94,5,0.0255144094,0.0119922024,1.9297,0.0,-0.59,1,100.0,0.006119,0,0.0,0.0,0.0,0.0,0.0,0.0,0,0.0,0.0,0.0,0.0,0.0,0.0,1,1.0,25488.89,2.5489,100.0,2.5514,2.5514
8c76a277,bull,s93|s1|s74|s69|s83,5,0.0254781058,0.0146617789,1.9261,0.0,-0.59,1,100.0,0.006119,0,0.0,0.0,0.0,0.0,0.0,0.0,0,0.0,0.0,0.0,0.0,0.0,0.0,1,1.0,25452.62,2.5453,100.0,2.5478,2.5478
3b627a43,bull,s69|s40|s30|s60,4,0.0255121902,0.0146858298,1.9295,0.0,-0.5892,1,100.0,0.006119,0,0.0,0.0,0.0,0.0,0.0,0.0,0,0.0,0.0,0.0,0.0,0.0,0.0,1,1.0,25486.67,2.5487,100.0,2.5512,2.5512
1867aab4,bull,s1|s58|s74,3,0.0205910312,0.0096225581,1.9352,0.0,-0.5892,1,100.0,0.006119,0,0.0,0.0,0.0,0.0,0.0,0.0,0,0.0,0.0,0.0,0.0,0.0,0.0,1,1.0,20570.46,2.057,100.0,2.0591,2.0591
338d3a85,bull,s78|s87|s65,3,0.0205738584,0.0123195282,1.9335,0.0,-0.5892,1,100.0,0.006119,0,0.0,0.0,0.0,0.0,0.0,0.0,0,0.0,0.0,0.0,0.0,0.0,0.0,1,1.0,20553.3,2.0553,100.0,2.0574,2.0574
3053d8f9,bull,s70|s40|s78,3,0.0205949219,0.0108294741,1.9356,0.0,-0.5892,1,100.0,0.006119,0,0.0,0.0,0.0,0.0,0.0,0.0,0,0.0,0.0,0.0,0.0,0.0,0.0,1,1.0,20574.35,2.0574,100.0,2.0595,2.0595
fcad6cc9,bull,s55|s43|s40|s75,4,0.0232432969,0.0135412013,1.927,0.0,-0.5892,1,100.0,0.006119,0,0.0,0.0,0.0,0.0,0.0,0.0,0,0.0,0.0,0.0,0.0,0.0,0.0,1,1.0,23220.06,2.322,100.0,2.3243,2.3243
10a2e57d,bull,s33|s39|s27,3,0.0232881889,0.0145255321,1.9314,0.0,-0.5892,1,100.0,0.006119,0,0.0,0.0,0.0,0.0,0.0,0.0,0,0.0,0.0,0.0,0.0,0.0,0.0,1,1.0,23264.89,2.3265,100.0,2.3288,2.3288
e668d395,bull,s35|s46|s65,3,0.024166545,0.0129773386,1.9281,0.0,-0.5892,1,100.0,0.006119,0,0.0,0.0,0.0,0.0,0.0,0.0,0,0.0,0.0,0.0,0.0,0.0,0.0,1,1.0,24142.4,2.4142,100.0,2.4167,2.4167
50e41f61,bull,s82|s69|s53|s47,4,0.0205267795,0.0121424507,1.9288,0.0,-0.5892,1,100.0,0.006119,0,0.0,0.0,0.0,0.0,0.0,0.0,0,0.0,0.0,0.0,0.0,0.0,0.0,1,1.0,20506.26,2.0506,100.0,2.0527,2.0527
a7a5f20c,bull,s55|s3|s78|s96,4,0.0249756023,0.00828127,1.9319,0.0,-0.5892,1,100.0,0.006119,0,0.0,0.0,0.0,0.0,0.0,0.0,0,0.0,0.0,0.0,0.0,0.0,0.0,1,1.0,24950.62,2.4951,100.0,2.4976,2.4976
3f1bfcf6,bull,s95|s75|s69,3,0.0254988349,0.0166920316,1.9281,0.0,-0.5892,1,100.0,0.006119,0,0.0,0.0,0.0,0.0,0.0,0.0,0,0.0,0.0,0.0,0.0,0.0,0.0,1,1.0,25473.34,2.5473,100.0,2.5499,2.5499
eb46f924,bull,s5|s35|s26,3,0.024192483,0.0157565216,1.9307,0.0,-0.5892,1,100.0,0.006119,0,0.0,0.0,0.0,0.0,0.0,0.0,0,0.0,0.0,0.0,0.0,0.0,0.0,1,1.0,24168.31,2.4168,100.0,2.4192,2.4192
89a77f36,bull,s15|s46|s53|s65,4,0.025477668,0.0133660279,1.926,0.0,-0.59,1,100.0,0.006119,0,0.0,0.0,0.0,0.0,0.0,0.0,0,0.0,0.0,0.0,0.0,0.0,0.0,1,1.0,25452.18,2.5452,100.0,2.5478,2.5478
12c48171,bull,s7|s3|s34,3,0.022866094,0.0138456522,1.9243,0.0,-0.5892,1,100.0,0.006119,0,0.0,0.0,0.0,0.0,0.0,0.0,0,0.0,0.0,0.0,0.0,0.0,0.0,1,1.0,22843.25,2.2843,100.0,2.2866,2.2866
a8e60716,bull,s7|s75,2,0.0232926543,0.0092202724,1.9319,0.0,-0.5892,1,100.0,0.006119,0,0.0,0.0,0.0,0.0,0.0,0.0,0,0.0,0.0,0.0,0.0,0.0,0.0,1,1.0,23269.37,2.3269,100.0,2.3293,2.3293
71d2655a,bull,s10|s73|s4,3,0.0209307939,0.0132390502,1.9341,0.0,-0.5892,1,100.0,0.006119,0,0.0,0.0,0.0,0.0,0.0,0.0,0,0.0,0.0,0.0,0.0,0.0,0.0,1,1.0,20909.88,2.091,100.0,2.0931,2.0931
81fe7d10,bull,s53|s58|s27,3,0.0228694702,0.0113695721,1.9247,0.0,-0.5892,1,100.0,0.006119,0,0.0,0.0,0.0,0.0,0.0,0.0,0,0.0,0.0,0.0,0.0,0.0,0.0,1,1.0,22846.61,2.2847,100.0,2.2869,2.2869
09c36227,bull,s79|s35|s64|s94|s42,5,0.0254626642,0.0096381155,1.9245,0.0,-0.5892,1,100.0,0.006119,0,0.0,0.0,0.0,0.0,0.0,0.0,0,0.0,0.0,0.0,0.0,0.0,0.0,1,1.0,25437.22,2.5437,100.0,2.5463,2.5463
54178a4b,bull,s53|s92|s43|s69|s87,5,0.0188899765,0.0119356308,1.9334,0.0,-0.59,1,100.0,0.006119,0,0.0,0.0,0.0,0.0,0.0,0.0,0,0.0,0.0,0.0,0.0,0.0,0.0,1,1.0,18871.08,1.8871,100.0,1.889,1.889
9c0a5092,bull,s33|s75|s26,3,0.0254777008,0.0141214099,1.926,0.0,-0.5892,1,100.0,0.006119,0,0.0,0.0,0.0,0.0,0.0,0.0,0,0.0,0.0,0.0,0.0,0.0,0.0,1,1.0,25452.23,2.5452,100.0,2.5478,2.5478
a4dba4db,bull,s4|s55|s78,3,0.0186691067,0.0105603287,1.9113,0.0,-0.5892,1,100.0,0.006118,0,0.0,0.0,0.0,0.0,0.0,0.0,0,0.0,0.0,0.0,0.0,0.0,0.0,1,1.0,18650.45,1.865,100.0,1.8669,1.8669
6a4aec5d,bull,s40|s96|s59|s82|s9,5,0.021724143,0.0119826148,1.9223,0.0,-0.5892,1,100.0,0.006118,0,0.0,0.0,0.0,0.0,0.0,0.0,0,0.0,0.0,0.0,0.0,0.0,0.0,1,1.0,21702.42,2.1702,100.0,2.1724,2.1724
e1fa8e75,bull,s44|s7|s41|s75,4,0.025382096,0.0158216211,1.9165,0.0,-0.5892,1,100.0,0.006118,0,0.0,0.0,0.0,0.0,0.0,0.0,0,0.0,0.0,0.0,0.0,0.0,0.0,1,1.0,25356.72,2.5357,100.0,2.5382,2.5382
4fdfae57,bull,s42|s1,2,0.0254153992,0.0095296492,1.9198,0.0,-0.59,1,100.0,0.006118,0,0.0,0.0,0.0,0.0,0.0,0.0,0,0.0,0.0,0.0,0.0,0.0,0.0,1,1.0,25389.98,2.539,100.0,2.5415,2.5415
fad68deb,bull,s11|s44|s43,3,0.0253385486,0.00860362,1.9122,0.0,-0.5892,1,100.0,0.006118,0,0.0,0.0,0.0,0.0,0.0,0.0,0,0.0,0.0,0.0,0.0,0.0,0.0,1,1.0,25313.23,2.5313,100.0,2.5339,2.5339
7c92e6b7,bull,s8|s54|s70,3,0.0235426577,0.0081040262,1.9149,0.0,-0.59,1,100.0,0.006118,0,0.0,0.0,0.0,0.0,0.0,0.0,0,0.0,0.0,0.0,0.0,0.0,0.0,1,1.0,23519.11,2.3519,100.0,2.3543,2.3543
231879f5,bull,s42|s21|s36,3,0.0228251234,0.0136415193,1.9202,0.0,-0.5892,1,100.0,0.006118,0,0.0,0.0,0.0,0.0,0.0,0.0,0,0.0,0.0,0.0,0.0,0.0,0.0,1,1.0,22802.32,2.2802,100.0,2.2825,2.2825
d7631425,bull,s11|s63|s21|s96,4,0.025391175,0.0155935351,1.9174,0.0,-0.5892,1,100.0,0.006118,0,0.0,0.0,0.0,0.0,0.0,0.0,0,0.0,0.0,0.0,0.0,0.0,0.0,1,1.0,25365.78,2.5366,100.0,2.5391,2.5391
c33980bc,bull,s5|s40|s26,3,0.0235238302,0.0140347273,1.92,0.0,-0.5892,1,100.0,0.006118,0,0.0,0.0,0.0,0.0,0.0,0.0,0,0.0,0.0,0.0,0.0,0.0,0.0,1,1.0,23500.31,2.35,100.0,2.3524,2.3524
f2d6d4da,bull,s2|s78|s47|s69,4,0.0236101513,0.0118713159,1.9216,0.0,-0.5892,1,100.0,0.006118,0,0.0,0.0,0.0,0.0,0.0,0.0,0,0.0,0.0,0.0,0.0,0.0,0.0,1,1.0,23586.56,2.3587,100.0,2.361,2.361
e6891e22,bull,s96|s1|s4|s30|s33,5,0.0259949758,0.0093707763,1.9217,0.0,-0.5892,1,100.0,0.006118,0,0.0,0.0,0.0,0.0,0.0,0.0,0,0.0,0.0,0.0,0.0,0.0,0.0,1,1.0,25969.0,2.5969,100.0,2.5995,2.5995
4eb206f2,bull,s53|s14|s84,3,0.0204370079,0.012181147,1.9198,0.0,-0.5892,1,100.0,0.006118,0,0.0,0.0,0.0,0.0,0.0,0.0,0,0.0,0.0,0.0,0.0,0.0,0.0,1,1.0,20416.58,2.0417,100.0,2.0437,2.0437
ff5fc647,bull,s84|s69|s54,3,0.0204678694,0.0134733859,1.9229,0.0,-0.59,1,100.0,0.006118,0,0.0,0.0,0.0,0.0,0.0,0.0,0,0.0,0.0,0.0,0.0,0.0,0.0,1,1.0,20447.4,2.0447,100.0,2.0468,2.0468
af4db3fa,bull,s7|s78|s36|s59|s46,5,0.0252511188,0.016820026,1.9035,0.0,-0.5892,1,100.0,0.006117,0,0.0,0.0,0.0,0.0,0.0,0.0,0,0.0,0.0,0.0,0.0,0.0,0.0,1,1.0,25225.89,2.5226,100.0,2.5251,2.5251
e58b25f0,bull,s55|s46|s93,3,0.0234717269,0.0137607676,1.9078,0.0,-0.5892,1,100.0,0.006117,0,0.0,0.0,0.0,0.0,0.0,0.0,0,0.0,0.0,0.0,0.0,0.0,0.0,1,1.0,23448.25,2.3448,100.0,2.3472,2.3472
1f35fe83,bull,s95|s4|s54,3,0.0234258053,0.0088911365,1.9033,0.0,-0.59,1,100.0,0.006117,0,0.0,0.0,0.0,0.0,0.0,0.0,0,0.0,0.0,0.0,0.0,0.0,0.0,1,1.0,23402.37,2.3402,100.0,2.3426,2.3426
e17618d5,bull,s33|s2|s26,3,0.0227080195,0.0092856526,1.9086,0.0,-0.5892,1,100.0,0.006117,0,0.0,0.0,0.0,0.0,0.0,0.0,0,0.0,0.0,0.0,0.0,0.0,0.0,1,1.0,22685.3,2.2685,100.0,2.2708,2.2708
da5c753e,bull,s78|s15|s84,3,0.0247533561,0.0144271682,1.9098,0.0,-0.5892,1,100.0,0.006117,0,0.0,0.0,0.0,0.0,0.0,0.0,0,0.0,0.0,0.0,0.0,0.0,0.0,1,1.0,24728.63,2.4729,100.0,2.4753,2.4753
66a4127c,bull,s2|s94|s78|s1|s42,5,0.0229752021,0.0102276033,1.9003,0.0,-0.5892,1,100.0,0.006117,0,0.0,0.0,0.0,0.0,0.0,0.0,0,0.0,0.0,0.0,0.0,0.0,0.0,1,1.0,22952.25,2.2952,100.0,2.2975,2.2975
7b0bd4a2,bull,s24|s75|s78|s63,4,0.0247126715,0.0143132127,1.9057,0.0,-0.5892,1,100.0,0.006117,0,0.0,0.0,0.0,0.0,0.0,0.0,0,0.0,0.0,0.0,0.0,0.0,0.0,1,1.0,24687.95,2.4688,100.0,2.4713,2.4713
52e9e4a2,bull,s69|s78|s45|s53|s64,5,0.0239782073,0.0137252982,1.9094,0.0,-0.5892,1,100.0,0.006117,0,0.0,0.0,0.0,0.0,0.0,0.0,0,0.0,0.0,0.0,0.0,0.0,0.0,1,1.0,23954.25,2.3954,100.0,2.3978,2.3978
cecafaaf,bull,s78|s9|s27,3,0.0252888743,0.0132091811,1.9073,0.0,-0.5892,1,100.0,0.006117,0,0.0,0.0,0.0,0.0,0.0,0.0,0,0.0,0.0,0.0,0.0,0.0,0.0,1,1.0,25263.61,2.5264,100.0,2.5289,2.5289
23af31f3,bull,s40|s39|s75,3,0.0224968753,0.014034238,1.8875,0.0,-0.5892,1,100.0,0.006116,0,0.0,0.0,0.0,0.0,0.0,0.0,0,0.0,0.0,0.0,0.0,0.0,0.0,1,1.0,22474.38,2.2474,100.0,2.2497,2.2497
3fe1e25f,bull,s24|s74|s26,3,0.0251844031,0.0132530174,1.8969,0.0,-0.59,1,100.0,0.006116,0,0.0,0.0,0.0,0.0,0.0,0.0,0,0.0,0.0,0.0,0.0,0.0,0.0,1,1.0,25159.21,2.5159,100.0,2.5184,2.5184
f6a5790d,bull,s91|s36|s79|s68,4,0.021865302,0.0096653604,1.8945,0.0,-0.5892,1,100.0,0.006116,0,0.0,0.0,0.0,0.0,0.0,0.0,0,0.0,0.0,0.0,0.0,0.0,0.0,1,1.0,21843.44,2.1843,100.0,2.1865,2.1865
e5c7f21c,bull,s68|s40|s2|s33,4,0.0232475913,0.0122177132,1.8925,0.0,-0.5892,1,100.0,0.006116,0,0.0,0.0,0.0,0.0,0.0,0.0,0,0.0,0.0,0.0,0.0,0.0,0.0,1,1.0,23224.35,2.3224,100.0,2.3248,2.3248
fe6687f9,bull,s5|s53|s44,3,0.0225636605,0.0089103244,1.8942,0.0,-0.5892,1,100.0,0.006116,0,0.0,0.0,0.0,0.0,0.0,0.0,0,0.0,0.0,0.0,0.0,0.0,0.0,1,1.0,22541.11,2.2541,100.0,2.2564,2.2564
7b75f972,bull,s74|s88|s55|s58|s7,5,0.0256472772,0.0103708576,1.8871,0.0,-0.59,1,100.0,0.006116,0,0.0,0.0,0.0,0.0,0.0,0.0,0,0.0,0.0,0.0,0.0,0.0,0.0,1,1.0,25621.62,2.5622,100.0,2.5647,2.5647
7bf06f38,bull,s82|s59,2,0.0209313827,0.0123434218,1.8892,0.0,-0.5892,1,100.0,0.006116,1,1.0,20910.47,2.091,100.0,2.0931,2.0931,0,0.0,0.0,0.0,0.0,0.0,0.0,0,0.0,0.0,0.0,0.0,0.0,0.0
fdc9ac6c,bull,s36|s68,2,0.025643452,0.0120700385,1.8868,0.0,-0.5892,1,100.0,0.006116,0,0.0,0.0,0.0,0.0,0.0,0.0,0,0.0,0.0,0.0,0.0,0.0,0.0,1,1.0,25617.81,2.5618,100.0,2.5643,2.5643
d3026ab3,bull,s44|s64|s27,3,0.0228858823,0.01301405,1.8914,0.0,-0.5892,1,100.0,0.006116,0,0.0,0.0,0.0,0.0,0.0,0.0,0,0.0,0.0,0.0,0.0,0.0,0.0,1,1.0,22863.01,2.2863,100.0,2.2886,2.2886
24724241,bull,s78|s41|s68|s91,4,0.0225278942,0.0108403374,1.8906,0.0,-0.5892,1,100.0,0.006116,0,0.0,0.0,0.0,0.0,0.0,0.0,0,0.0,0.0,0.0,0.0,0.0,0.0,1,1.0,22505.39,2.2505,100.0,2.2528,2.2528
4f75610b,bull,s82|s12|s44,3,0.0250955772,0.0131079365,1.888,0.0,-0.5892,1,100.0,0.006116,0,0.0,0.0,0.0,0.0,0.0,0.0,0,0.0,0.0,0.0,0.0,0.0,0.0,1,1.0,25070.48,2.507,100.0,2.5096,2.5096
9af12954,bull,s9|s78|s26,3,0.0225921375,0.0093320273,1.897,0.0,-0.5892,1,100.0,0.006116,0,0.0,0.0,0.0,0.0,0.0,0.0,0,0.0,0.0,0.0,0.0,0.0,0.0,1,1.0,22569.57,2.257,100.0,2.2592,2.2592
e6c4e9f6,bull,s55|s44|s83|s24|s41,5,0.0256571103,0.0127786434,1.8881,0.0,-0.59,1,100.0,0.006116,0,0.0,0.0,0.0,0.0,0.0,0.0,0,0.0,0.0,0.0,0.0,0.0,0.0,1,1.0,25631.45,2.5631,100.0,2.5657,2.5657
196de808,bull,s70|s54|s92|s74,4,0.0193515102,0.0108303798,1.8954,0.0,-0.59,1,100.0,0.006116,0,0.0,0.0,0.0,0.0,0.0,0.0,0,0.0,0.0,0.0,0.0,0.0,0.0,1,1.0,19332.15,1.9332,100.0,1.9352,1.9352
09742b5b,bull,s65|s8|s27,3,0.0250029729,0.0139007711,1.8788,0.0,-0.5892,1,100.0,0.006115,0,0.0,0.0,0.0,0.0,0.0,0.0,0,0.0,0.0,0.0,0.0,0.0,0.0,1,1.0,24977.98,2.4978,100.0,2.5003,2.5003
32c5be19,bull,s93|s58|s79|s5,4,0.0244250065,0.0080357617,1.8771,0.0,-0.5892,1,100.0,0.006115,0,0.0,0.0,0.0,0.0,0.0,0.0,0,0.0,0.0,0.0,0.0,0.0,0.0,1,1.0,24400.59,2.4401,100.0,2.4425,2.4425
e8972bd5,bull,s21|s39,2,0.023229793,0.0145852265,1.8837,0.0,-0.5892,1,100.0,0.006115,0,0.0,0.0,0.0,0.0,0.0,0.0,0,0.0,0.0,0.0,0.0,0.0,0.0,1,1.0,23206.56,2.3207,100.0,2.323,2.323
d04727d7,bull,s30|s2|s3|s58,4,0.0203913039,0.0101258181,1.8803,0.0,-0.5892,1,100.0,0.006115,0,0.0,0.0,0.0,0.0,0.0,0.0,0,0.0,0.0,0.0,0.0,0.0,0.0,1,1.0,20370.92,2.0371,100.0,2.0391,2.0391
a8b6dbc4,bull,s11|s30|s40|s7,4,0.0224705902,0.0089091746,1.8849,0.0,-0.5892,1,100.0,0.006115,0,0.0,0.0,0.0,0.0,0.0,0.0,0,0.0,0.0,0.0,0.0,0.0,0.0,1,1.0,22448.12,2.2448,100.0,2.2471,2.2471
e6616fa4,bull,s8|s46|s27,3,0.0226706633,0.0097081161,1.9188,0.0,-0.6457,1,100.0,0.006115,0,0.0,0.0,0.0,0.0,0.0,0.0,0,0.0,0.0,0.0,0.0,0.0,0.0,1,1.0,22648.0,2.2648,100.0,2.2671,2.2671
ae585981,bull,s92|s96|s55,3,0.0227715948,0.0113442506,1.88,0.0,-0.5892,1,100.0,0.006115,0,0.0,0.0,0.0,0.0,0.0,0.0,0,0.0,0.0,0.0,0.0,0.0,0.0,1,1.0,22748.81,2.2749,100.0,2.2772,2.2772
02614a74,bull,s15|s55|s8,3,0.0227559428,0.0151585047,1.8784,0.0,-0.59,1,100.0,0.006115,0,0.0,0.0,0.0,0.0,0.0,0.0,0,0.0,0.0,0.0,0.0,0.0,0.0,1,1.0,22733.18,2.2733,100.0,2.2756,2.2756
f8538c52,bull,s41|s94|s74,3,0.0227976833,0.0142458712,1.8826,0.0,-0.59,1,100.0,0.006115,0,0.0,0.0,0.0,0.0,0.0,0.0,0,0.0,0.0,0.0,0.0,0.0,0.0,1,1.0,22774.88,2.2775,100.0,2.2798,2.2798
41bab2a8,bull,s82|s75|s40,3,0.0224306512,0.0141758471,1.8809,0.0,-0.5892,1,100.0,0.006115,0,0.0,0.0,0.0,0.0,0.0,0.0,0,0.0,0.0,0.0,0.0,0.0,0.0,1,1.0,22408.22,2.2408,100.0,2.2431,2.2431
fb59053e,bull,s54|s5|s46,3,0.0250329258,0.0082221215,1.8818,0.0,-0.59,1,100.0,0.006115,0,0.0,0.0,0.0,0.0,0.0,0.0,0,0.0,0.0,0.0,0.0,0.0,0.0,1,1.0,25007.89,2.5008,100.0,2.5033,2.5033
ce140308,bull,s95|s83|s91|s79|s11,5,0.0246646488,0.0080912996,1.901,0.0,-0.6109,1,100.0,0.006115,0,0.0,0.0,0.0,0.0,0.0,0.0,0,0.0,0.0,0.0,0.0,0.0,0.0,1,1.0,24639.98,2.464,100.0,2.4665,2.4665
3c200ad4,bull,s78|s3|s32|s10,4,0.0227385807,0.0093137874,1.8767,0.0,-0.5892,1,100.0,0.006115,0,0.0,0.0,0.0,0.0,0.0,0.0,0,0.0,0.0,0.0,0.0,0.0,0.0,1,1.0,22715.86,2.2716,100.0,2.2739,2.2739
9b27adea,bull,s96|s35|s79,3,0.0201293099,0.0098695512,1.8891,0.0,-0.6109,1,100.0,0.006114,0,0.0,0.0,0.0,0.0,0.0,0.0,0,0.0,0.0,0.0,0.0,0.0,0.0,1,1.0,20109.18,2.0109,100.0,2.0129,2.0129
c66baa61,bull,s75|s15|s26,3,0.0202584598,0.0084293163,1.867,0.0,-0.5892,1,100.0,0.006114,0,0.0,0.0,0.0,0.0,0.0,0.0,0,0.0,0.0,0.0,0.0,0.0,0.0,1,1.0,20238.2,2.0238,100.0,2.0258,2.0258
e88a8d2d,bull,s64|s48|s26,3,0.0206837334,0.0102103035,1.8644,0.0,-0.5892,1,100.0,0.006114,1,1.0,20663.07,2.0663,100.0,2.0684,2.0684,0,0.0,0.0,0.0,0.0,0.0,0.0,0,0.0,0.0,0.0,0.0,0.0,0.0
2ae45a92,bull,s93|s38|s41,3,0.0230313938,0.0136011054,1.871,0.0,-0.5892,1,100.0,0.006114,0,0.0,0.0,0.0,0.0,0.0,0.0,0,0.0,0.0,0.0,0.0,0.0,0.0,1,1.0,23008.38,2.3008,100.0,2.3031,2.3031
5afd8e32,bull,s75|s4|s15|s1|s94,5,0.020314603,0.0128893949,1.8726,0.0,-0.5892,1,100.0,0.006114,0,0.0,0.0,0.0,0.0,0.0,0.0,0,0.0,0.0,0.0,0.0,0.0,0.0,1,1.0,20294.29,2.0294,100.0,2.0315,2.0315
b960cee9,bull,s64|s8|s27,3,0.0203194046,0.0126504435,1.8731,0.0,-0.5892,1,100.0,0.006114,0,0.0,0.0,0.0,0.0,0.0,0.0,0,0.0,0.0,0.0,0.0,0.0,0.0,1,1.0,20299.1,2.0299,100.0,2.0319,2.0319
32d142bb,bull,s1|s15|s74,3,0.0248642404,0.0164913319,1.8651,0.0,-0.5892,1,100.0,0.006114,0,0.0,0.0,0.0,0.0,0.0,0.0,0,0.0,0.0,0.0,0.0,0.0,0.0,1,1.0,24839.4,2.4839,100.0,2.4864,2.4864
0aca2c9b,bull,s43|s45|s74|s65|s95,5,0.0212103591,0.0120744467,1.8711,0.0,-0.59,1,100.0,0.006114,0,0.0,0.0,0.0,0.0,0.0,0.0,0,0.0,0.0,0.0,0.0,0.0,0.0,1,1.0,21189.14,2.1189,100.0,2.121,2.121
c6b031ef,bull,s55|s3|s9|s46|s5,5,0.0226189414,0.0108399082,1.8648,0.0,-0.59,1,100.0,0.006114,0,0.0,0.0,0.0,0.0,0.0,0.0,0,0.0,0.0,0.0,0.0,0.0,0.0,1,1.0,22596.32,2.2596,100.0,2.2619,2.2619
b29f6179,bull,s12|s75|s26,3,0.0249339858,0.0118694376,1.872,0.0,-0.5892,1,100.0,0.006114,0,0.0,0.0,0.0,0.0,0.0,0.0,0,0.0,0.0,0.0,0.0,0.0,0.0,1,1.0,24909.04,2.4909,100.0,2.4934,2.4934
a2fcdbda,bull,s82|s73|s48|s43|s36,5,0.0249196903,0.0163673192,1.8706,0.0,-0.5892,1,100.0,0.006114,0,0.0,0.0,0.0,0.0,0.0,0.0,0,0.0,0.0,0.0,0.0,0.0,0.0,1,1.0,24894.79,2.4895,100.0,2.492,2.492
270cdf25,bull,s5|s1|s27,3,0.0247102569,0.0163169348,1.8498,0.0,-0.5892,1,100.0,0.006113,0,0.0,0.0,0.0,0.0,0.0,0.0,0,0.0,0.0,0.0,0.0,0.0,0.0,1,1.0,24685.57,2.4686,100.0,2.471,2.471
7fc12513,bull,s74|s64|s7|s78,4,0.0247438624,0.0113372633,1.8531,0.0,-0.5892,1,100.0,0.006113,0,0.0,0.0,0.0,0.0,0.0,0.0,0,0.0,0.0,0.0,0.0,0.0,0.0,1,1.0,24719.14,2.4719,100.0,2.4744,2.4744
83646c6f,bull,s3|s34|s53|s73,4,0.0247599831,0.0089438392,1.8547,0.0,-0.59,1,100.0,0.006113,0,0.0,0.0,0.0,0.0,0.0,0.0,0,0.0,0.0,0.0,0.0,0.0,0.0,1,1.0,24735.22,2.4735,100.0,2.476,2.476
69f6bc57,bull,s8|s79,2,0.0221964115,0.0136720783,1.9065,0.0,-0.6527,1,100.0,0.006113,0,0.0,0.0,0.0,0.0,0.0,0.0,0,0.0,0.0,0.0,0.0,0.0,0.0,1,1.0,22174.22,2.2174,100.0,2.2196,2.2196
f6ce2987,bull,s43|s48|s12|s21,4,0.0247333069,0.0118906363,1.852,0.0,-0.5892,1,100.0,0.006113,0,0.0,0.0,0.0,0.0,0.0,0.0,0,0.0,0.0,0.0,0.0,0.0,0.0,1,1.0,24708.57,2.4709,100.0,2.4733,2.4733
3aef9cb5,bull,s70|s41|s30|s55|s45,5,0.0201065167,0.0088513192,1.8518,0.0,-0.59,1,100.0,0.006113,0,0.0,0.0,0.0,0.0,0.0,0.0,0,0.0,0.0,0.0,0.0,0.0,0.0,1,1.0,20086.4,2.0086,100.0,2.0107,2.0107
21428ab1,bull,s84|s92|s11,3,0.021237536,0.009882827,1.9197,0.0,-0.6736,1,100.0,0.006113,0,0.0,0.0,0.0,0.0,0.0,0.0,0,0.0,0.0,0.0,0.0,0.0,0.0,1,1.0,21216.3,2.1216,100.0,2.1238,2.1238
4903340a,bull,s21|s35|s92|s11|s43,5,0.0247746284,0.0135066532,1.8561,0.0,-0.5892,1,100.0,0.006113,0,0.0,0.0,0.0,0.0,0.0,0.0,0,0.0,0.0,0.0,0.0,0.0,0.0,1,1.0,24749.88,2.475,100.0,2.4775,2.4775
fcf35461,bull,s68|s74|s34,3,0.0200900936,0.0124062289,1.8502,0.0,-0.59,1,100.0,0.006113,0,0.0,0.0,0.0,0.0,0.0,0.0,0,0.0,0.0,0.0,0.0,0.0,0.0,1,1.0,20070.0,2.007,100.0,2.009,2.009
ea321531,bull,s84|s6|s44|s46,4,0.0221114522,0.0144247529,1.8491,0.0,-0.5892,1,100.0,0.006113,0,0.0,0.0,0.0,0.0,0.0,0.0,0,0.0,0.0,0.0,0.0,0.0,0.0,1,1.0,22089.33,2.2089,100.0,2.2111,2.2111
caea595f,bull,s1|s39|s35|s43,4,0.0201612897,0.0087476695,1.8573,0.0,-0.5892,1,100.0,0.006113,0,0.0,0.0,0.0,0.0,0.0,0.0,0,0.0,0.0,0.0,0.0,0.0,0.0,1,1.0,20141.15,2.0141,100.0,2.0161,2.0161
128999a2,bull,s4|s9|s33|s40,4,0.0222093591,0.0134499453,1.8589,0.0,-0.5892,1,100.0,0.006113,0,0.0,0.0,0.0,0.0,0.0,0.0,0,0.0,0.0,0.0,0.0,0.0,0.0,1,1.0,22187.14,2.2187,100.0,2.2209,2.2209
7698ee4e,bull,s84|s60|s5,3,0.0223509482,0.0087879085,1.9009,0.0,-0.6736,1,100.0,0.006112,0,0.0,0.0,0.0,0.0,0.0,0.0,0,0.0,0.0,0.0,0.0,0.0,0.0,1,1.0,22328.6,2.2329,100.0,2.2351,2.2351
561764fd,bull,s96|s43|s27,3,0.0205622932,0.0133269196,1.8833,0.0,-0.6457,1,100.0,0.006112,0,0.0,0.0,0.0,0.0,0.0,0.0,0,0.0,0.0,0.0,0.0,0.0,0.0,1,1.0,20541.74,2.0542,100.0,2.0562,2.0562
504fda0d,bull,s94|s12|s84|s24,4,0.0246760131,0.0150565835,1.8463,0.0,-0.5892,1,100.0,0.006112,0,0.0,0.0,0.0,0.0,0.0,0.0,0,0.0,0.0,0.0,0.0,0.0,0.0,1,1.0,24651.33,2.4651,100.0,2.4676,2.4676
c6c62336,bull,s53|s1,2,0.0196055284,0.0117546047,1.8368,0.0,-0.59,1,100.0,0.006112,0,0.0,0.0,0.0,0.0,0.0,0.0,0,0.0,0.0,0.0,0.0,0.0,0.0,1,1.0,19585.92,1.9586,100.0,1.9606,1.9606
3f2842d6,bull,s11|s78|s48,3,0.0240364684,0.0116306211,1.8385,0.0,-0.5892,1,100.0,0.006112,0,0.0,0.0,0.0,0.0,0.0,0.0,0,0.0,0.0,0.0,0.0,0.0,0.0,1,1.0,24012.45,2.4012,100.0,2.4036,2.4036
63db4078,bull,s7|s83|s21|s87|s74,5,0.0227998053,0.0121578553,1.8409,0.0,-0.5892,1,100.0,0.006112,0,0.0,0.0,0.0,0.0,0.0,0.0,0,0.0,0.0,0.0,0.0,0.0,0.0,1,1.0,22777.03,2.2777,100.0,2.28,2.28
792ab96f,bull,s78|s75,2,0.0220761728,0.014018911,1.8456,0.0,-0.5892,1,100.0,0.006112,0,0.0,0.0,0.0,0.0,0.0,0.0,0,0.0,0.0,0.0,0.0,0.0,0.0,1,1.0,22054.09,2.2054,100.0,2.2076,2.2076
8250a090,bull,s36|s54|s26,3,0.022014868,0.012474967,1.8395,0.0,-0.59,1,100.0,0.006112,0,0.0,0.0,0.0,0.0,0.0,0.0,0,0.0,0.0,0.0,0.0,0.0,0.0,1,1.0,21992.85,2.1993,100.0,2.2015,2.2015
33ae9393,bull,s46|s2,2,0.0188703647,0.0116307946,1.8473,0.0,-0.5892,1,100.0,0.006112,0,0.0,0.0,0.0,0.0,0.0,0.0,0,0.0,0.0,0.0,0.0,0.0,0.0,1,1.0,18851.49,1.8851,100.0,1.887,1.887
a884c748,bull,s78|s8|s9,3,0.0220472924,0.0113001663,1.8427,0.0,-0.5892,1,100.0,0.006112,0,0.0,0.0,0.0,0.0,0.0,0.0,0,0.0,0.0,0.0,0.0,0.0,0.0,1,1.0,22025.26,2.2025,100.0,2.2047,2.2047
72ef3c90,bull,s96|s6|s1,3,0.0223614856,0.0141829159,1.902,0.0,-0.6666,1,100.0,0.006112,0,0.0,0.0,0.0,0.0,0.0,0.0,0,0.0,0.0,0.0,0.0,0.0,0.0,1,1.0,22339.13,2.2339,100.0,2.2361,2.2361
3cdd4044,bull,s60|s93|s35|s30,4,0.0246208921,0.0161617084,1.8409,0.0,-0.5892,1,100.0,0.006112,0,0.0,0.0,0.0,0.0,0.0,0.0,0,0.0,0.0,0.0,0.0,0.0,0.0,1,1.0,24596.28,2.4596,100.0,2.4621,2.4621
95712c8d,bull,s96|s8|s4,3,0.0250000446,0.0147281501,1.8786,0.0,-0.6457,1,100.0,0.006112,0,0.0,0.0,0.0,0.0,0.0,0.0,0,0.0,0.0,0.0,0.0,0.0,0.0,1,1.0,24975.05,2.4975,100.0,2.5,2.5
a18f3e8e,bull,s39|s79|s96|s88,4,0.0181848639,0.0094440511,1.8909,0.0,-0.6527,1,100.0,0.006112,0,0.0,0.0,0.0,0.0,0.0,0.0,0,0.0,0.0,0.0,0.0,0.0,0.0,1,1.0,18166.68,1.8167,100.0,1.8185,1.8185
773acc3b,bull,s33|s45|s27,3,0.0200134616,0.0080765178,1.8425,0.0,-0.5892,1,100.0,0.006112,0,0.0,0.0,0.0,0.0,0.0,0.0,0,0.0,0.0,0.0,0.0,0.0,0.0,1,1.0,19993.46,1.9993,100.0,2.0013,2.0013
7805a261,bull,s38|s40,2,0.022802239,0.0108408704,1.8481,0.0,-0.5892,1,100.0,0.006112,0,0.0,0.0,0.0,0.0,0.0,0.0,0,0.0,0.0,0.0,0.0,0.0,0.0,1,1.0,22779.44,2.2779,100.0,2.2802,2.2802
c6646a22,bull,s79|s35|s87|s65,4,0.0241861292,0.0159133823,1.8534,0.0,-0.6109,1,100.0,0.006112,0,0.0,0.0,0.0,0.0,0.0,0.0,0,0.0,0.0,0.0,0.0,0.0,0.0,1,1.0,24161.94,2.4162,100.0,2.4186,2.4186
94063969,bull,s93|s11|s2|s21,4,0.0226401961,0.0123443924,1.825,0.0,-0.5892,1,100.0,0.006111,0,0.0,0.0,0.0,0.0,0.0,0.0,0,0.0,0.0,0.0,0.0,0.0,0.0,1,1.0,22617.55,2.2618,100.0,2.264,2.264
14de84f3,bull,s35|s91|s27,3,0.0245474919,0.0104140868,1.8336,0.0,-0.5892,1,100.0,0.006111,0,0.0,0.0,0.0,0.0,0.0,0.0,0,0.0,0.0,0.0,0.0,0.0,0.0,1,1.0,24522.97,2.4523,100.0,2.4547,2.4547
939cad07,bull,s8|s93|s9,3,0.0199884625,0.0099781577,1.875,0.0,-0.6457,1,100.0,0.006111,0,0.0,0.0,0.0,0.0,0.0,0.0,0,0.0,0.0,0.0,0.0,0.0,0.0,1,1.0,19968.48,1.9968,100.0,1.9988,1.9988
c367f8b1,bull,s21|s64|s46|s54,4,0.024472682,0.0150123866,1.8261,0.0,-0.5892,1,100.0,0.006111,0,0.0,0.0,0.0,0.0,0.0,0.0,0,0.0,0.0,0.0,0.0,0.0,0.0,1,1.0,24448.22,2.4448,100.0,2.4473,2.4473
6f612357,bull,s79|s65|s75|s54,4,0.0219727043,0.0115033001,1.8353,0.0,-0.59,1,100.0,0.006111,0,0.0,0.0,0.0,0.0,0.0,0.0,0,0.0,0.0,0.0,0.0,0.0,0.0,1,1.0,21950.73,2.1951,100.0,2.1973,2.1973
2e876544,bull,s74|s1|s96|s34,4,0.0245412425,0.0122867689,1.833,0.0,-0.59,1,100.0,0.006111,0,0.0,0.0,0.0,0.0,0.0,0.0,0,0.0,0.0,0.0,0.0,0.0,0.0,1,1.0,24516.69,2.4517,100.0,2.4541,2.4541
983ea3ce,bull,s45|s91,2,0.0203109394,0.0120477423,1.8272,0.0,-0.5892,1,100.0,0.006111,0,0.0,0.0,0.0,0.0,0.0,0.0,0,0.0,0.0,0.0,0.0,0.0,0.0,1,1.0,20290.64,2.0291,100.0,2.0311,2.0311
8de9f7a3,bull,s60|s83|s36|s1|s93,5,0.018438615,0.0090405861,1.8883,0.0,-0.6736,1,100.0,0.006111,0,0.0,0.0,0.0,0.0,0.0,0.0,0,0.0,0.0,0.0,0.0,0.0,0.0,1,1.0,18420.18,1.842,100.0,1.8439,1.8439
d07016ac,bull,s12|s87|s32|s36,4,0.0218607314,0.0121729976,1.8242,0.0,-0.5892,1,100.0,0.006111,0,0.0,0.0,0.0,0.0,0.0,0.0,0,0.0,0.0,0.0,0.0,0.0,0.0,1,1.0,21838.89,2.1839,100.0,2.1861,2.1861
cfc5aa94,bull,s30|s39|s75|s48|s1,5,0.0217722041,0.0108947596,1.8153,0.0,-0.5892,1,100.0,0.00611,0,0.0,0.0,0.0,0.0,0.0,0.0,0,0.0,0.0,0.0,0.0,0.0,0.0,1,1.0,21750.42,2.175,100.0,2.1772,2.1772
cb36af02,bull,s82|s73|s54,3,0.0218192974,0.0133872693,1.82,0.0,-0.59,1,100.0,0.00611,0,0.0,0.0,0.0,0.0,0.0,0.0,0,0.0,0.0,0.0,0.0,0.0,0.0,1,1.0,21797.47,2.1797,100.0,2.1819,2.1819
99e1cd44,bull,s82|s96|s5|s59,4,0.0199437647,0.0112859702,1.8706,0.0,-0.6527,1,100.0,0.00611,0,0.0,0.0,0.0,0.0,0.0,0.0,0,0.0,0.0,0.0,0.0,0.0,0.0,1,1.0,19923.83,1.9924,100.0,1.9944,1.9944
fd90ffbc,bull,s45|s39|s93|s32|s74,5,0.0229423639,0.0083872144,1.8551,0.0,-0.6457,1,100.0,0.00611,0,0.0,0.0,0.0,0.0,0.0,0.0,0,0.0,0.0,0.0,0.0,0.0,0.0,1,1.0,22919.43,2.2919,100.0,2.2942,2.2942
34eba2e4,bull,s40|s63|s54,3,0.0201929179,0.0106901314,1.8155,0.0,-0.5892,1,100.0,0.00611,0,0.0,0.0,0.0,0.0,0.0,0.0,0,0.0,0.0,0.0,0.0,0.0,0.0,1,1.0,20172.74,2.0173,100.0,2.0193,2.0193
5552b0d2,bull,s32|s1|s35|s74,4,0.0197237632,0.0105254619,1.8136,0.0,-0.5892,1,100.0,0.00611,0,0.0,0.0,0.0,0.0,0.0,0.0,0,0.0,0.0,0.0,0.0,0.0,0.0,1,1.0,19704.06,1.9704,100.0,1.9724,1.9724
45dc9ab4,bull,s79|s35|s6|s9,4,0.0223332781,0.0090148219,1.8363,0.0,-0.6109,1,100.0,0.00611,0,0.0,0.0,0.0,0.0,0.0,0.0,0,0.0,0.0,0.0,0.0,0.0,0.0,1,1.0,22310.94,2.2311,100.0,2.2333,2.2333
463dd23a,bull,s55|s36|s30,3,0.0218051791,0.0137026946,1.8186,0.0,-0.59,1,100.0,0.00611,0,0.0,0.0,0.0,0.0,0.0,0.0,0,0.0,0.0,0.0,0.0,0.0,0.0,1,1.0,21783.37,2.1783,100.0,2.1805,2.1805
b628a745,bull,s32|s41|s68|s48,4,0.0200348876,0.0085917409,1.7997,0.0,-0.5892,1,100.0,0.006109,1,1.0,20014.87,2.0015,100.0,2.0035,2.0035,0,0.0,0.0,0.0,0.0,0.0,0.0,0,0.0,0.0,0.0,0.0,0.0,0.0
87aaa951,bull,s60|s74|s14|s1,4,0.0217309889,0.0105742022,1.8112,0.0,-0.59,1,100.0,0.006109,0,0.0,0.0,0.0,0.0,0.0,0.0,0,0.0,0.0,0.0,0.0,0.0,0.0,1,1.0,21709.25,2.1709,100.0,2.1731,2.1731
e05c6f14,bull,s12|s54|s21|s74,4,0.0217198032,0.0132196228,1.8101,0.0,-0.5892,1,100.0,0.006109,0,0.0,0.0,0.0,0.0,0.0,0.0,0,0.0,0.0,0.0,0.0,0.0,0.0,1,1.0,21698.08,2.1698,100.0,2.172,2.172
564b258e,bull,s74|s79|s47,3,0.0239186671,0.0080669206,1.8268,0.0,-0.6109,1,100.0,0.006109,0,0.0,0.0,0.0,0.0,0.0,0.0,0,0.0,0.0,0.0,0.0,0.0,0.0,1,1.0,23894.75,2.3895,100.0,2.3919,2.3919
a9434ce2,bull,s24|s6,2,0.0242511989,0.0142629136,1.8041,0.0,-0.5892,1,100.0,0.006109,0,0.0,0.0,0.0,0.0,0.0,0.0,0,0.0,0.0,0.0,0.0,0.0,0.0,1,1.0,24226.94,2.4227,100.0,2.4251,2.4251
f35c4141,bull,s95|s10,2,0.02465545,0.0104106476,1.8582,0.0,-0.6666,1,100.0,0.006109,0,0.0,0.0,0.0,0.0,0.0,0.0,0,0.0,0.0,0.0,0.0,0.0,0.0,1,1.0,24630.8,2.4631,100.0,2.4655,2.4655
33ce4740,bull,s4|s30|s75|s21,4,0.0242508574,0.0106721557,1.8041,0.0,-0.5892,1,100.0,0.006109,0,0.0,0.0,0.0,0.0,0.0,0.0,0,0.0,0.0,0.0,0.0,0.0,0.0,1,1.0,24226.6,2.4227,100.0,2.4251,2.4251
82ad5217,bull,s5|s55,2,0.019890348,0.009034201,1.8023,0.0,-0.59,1,100.0,0.006109,0,0.0,0.0,0.0,0.0,0.0,0.0,0,0.0,0.0,0.0,0.0,0.0,0.0,1,1.0,19870.45,1.987,100.0,1.989,1.989
c688ab27,bull,s21|s95|s10,3,0.0247862948,0.0153484529,1.8573,0.0,-0.6666,1,100.0,0.006109,0,0.0,0.0,0.0,0.0,0.0,0.0,0,0.0,0.0,0.0,0.0,0.0,0.0,1,1.0,24761.51,2.4762,100.0,2.4786,2.4786
66518bd4,bull,s9|s79|s7|s55|s45,5,0.0219223743,0.0124757751,1.7954,0.0,-0.59,1,100.0,0.006108,0,0.0,0.0,0.0,0.0,0.0,0.0,0,0.0,0.0,0.0,0.0,0.0,0.0,1,1.0,21900.45,2.19,100.0,2.1922,2.1922
885756fc,bull,s6|s2,2,0.0219408228,0.0120060405,1.7972,0.0,-0.5892,1,100.0,0.006108,0,0.0,0.0,0.0,0.0,0.0,0.0,0,0.0,0.0,0.0,0.0,0.0,0.0,1,1.0,21918.89,2.1919,100.0,2.1941,2.1941
edb3152b,bull,s42|s45|s63|s58,4,0.0199249203,0.0110745421,1.7887,0.0,-0.5892,1,100.0,0.006108,0,0.0,0.0,0.0,0.0,0.0,0.0,0,0.0,0.0,0.0,0.0,0.0,0.0,1,1.0,19904.99,1.9905,100.0,1.9925,1.9925
24306807,bull,s12|s35|s65,3,0.021498798,0.0124413379,1.7881,0.0,-0.5892,1,100.0,0.006108,0,0.0,0.0,0.0,0.0,0.0,0.0,0,0.0,0.0,0.0,0.0,0.0,0.0,1,1.0,21477.32,2.1477,100.0,2.1499,2.1499
72a50509,bull,s84|s43|s70|s78,4,0.0240425902,0.0136768645,1.7973,0.0,-0.5892,1,100.0,0.006108,0,0.0,0.0,0.0,0.0,0.0,0.0,0,0.0,0.0,0.0,0.0,0.0,0.0,1,1.0,24018.57,2.4019,100.0,2.4043,2.4043
13ab58a8,bull,s4|s95|s26,3,0.0245755255,0.012151184,1.8503,0.0,-0.6666,1,100.0,0.006108,0,0.0,0.0,0.0,0.0,0.0,0.0,0,0.0,0.0,0.0,0.0,0.0,0.0,1,1.0,24550.96,2.4551,100.0,2.4576,2.4576
e722e947,bull,s68|s42|s74|s45|s38,5,0.023819895,0.009998785,1.8588,0.0,-0.6736,1,100.0,0.006108,0,0.0,0.0,0.0,0.0,0.0,0.0,0,0.0,0.0,0.0,0.0,0.0,0.0,1,1.0,23796.08,2.3796,100.0,2.382,2.382
6e007bf1,bull,s1|s47|s96,3,0.0246922998,0.0082297085,1.848,0.0,-0.6666,1,100.0,0.006108,0,0.0,0.0,0.0,0.0,0.0,0.0,0,0.0,0.0,0.0,0.0,0.0,0.0,1,1.0,24667.61,2.4668,100.0,2.4692,2.4692
967b9f80,bull,s55|s43|s12|s60|s36,5,0.0215014601,0.0124542863,1.7883,0.0,-0.59,1,100.0,0.006108,0,0.0,0.0,0.0,0.0,0.0,0.0,0,0.0,0.0,0.0,0.0,0.0,0.0,1,1.0,21479.95,2.148,100.0,2.1501,2.1501
f0283008,bull,s78|s74|s32,3,0.0214844708,0.01224729,1.7867,0.0,-0.5892,1,100.0,0.006108,0,0.0,0.0,0.0,0.0,0.0,0.0,0,0.0,0.0,0.0,0.0,0.0,0.0,1,1.0,21463.01,2.1463,100.0,2.1484,2.1484
c684ba97,bull,s6|s2|s26,3,0.0228213206,0.0100430158,1.7803,0.0,-0.5892,1,100.0,0.006107,0,0.0,0.0,0.0,0.0,0.0,0.0,0,0.0,0.0,0.0,0.0,0.0,0.0,1,1.0,22798.5,2.2799,100.0,2.2821,2.2821
c897fe27,bull,s41|s95|s91|s93|s35,5,0.0213830274,0.0096382069,1.7765,0.0,-0.5892,1,100.0,0.006107,0,0.0,0.0,0.0,0.0,0.0,0.0,0,0.0,0.0,0.0,0.0,0.0,0.0,1,1.0,21361.66,2.1362,100.0,2.1383,2.1383
29f4e086,bull,s60|s78|s27,3,0.0233263422,0.014649752,1.8445,0.0,-0.6736,1,100.0,0.006107,0,0.0,0.0,0.0,0.0,0.0,0.0,0,0.0,0.0,0.0,0.0,0.0,0.0,1,1.0,23303.02,2.3303,100.0,2.3326,2.3326
3a0bffc5,bull,s4|s96|s39|s60,4,0.0246988359,0.0112517661,1.8486,0.0,-0.6736,1,100.0,0.006107,0,0.0,0.0,0.0,0.0,0.0,0.0,0,0.0,0.0,0.0,0.0,0.0,0.0,1,1.0,24674.14,2.4674,100.0,2.4699,2.4699
217719de,bull,s46|s73|s63,3,0.0198674451,0.0096079285,1.783,0.0,-0.5892,1,100.0,0.006107,0,0.0,0.0,0.0,0.0,0.0,0.0,0,0.0,0.0,0.0,0.0,0.0,0.0,1,1.0,19847.57,1.9848,100.0,1.9867,1.9867
cac5f1be,bull,s36|s84|s40,3,0.0221175991,0.010011696,1.78,0.0,-0.5892,1,100.0,0.006107,0,0.0,0.0,0.0,0.0,0.0,0.0,0,0.0,0.0,0.0,0.0,0.0,0.0,1,1.0,22095.49,2.2095,100.0,2.2118,2.2118
aaace766,bull,s4|s8|s35|s59,4,0.0218270538,0.0095292254,1.8208,0.0,-0.6457,1,100.0,0.006107,0,0.0,0.0,0.0,0.0,0.0,0.0,0,0.0,0.0,0.0,0.0,0.0,0.0,1,1.0,21805.23,2.1805,100.0,2.1827,2.1827
48b134ae,bull,s43|s59|s27,3,0.0221471155,0.0132567161,1.8178,0.0,-0.6457,1,100.0,0.006107,0,0.0,0.0,0.0,0.0,0.0,0.0,0,0.0,0.0,0.0,0.0,0.0,0.0,1,1.0,22124.97,2.2125,100.0,2.2147,2.2147
ebfe77cb,bull,s45|s10|s26,3,0.019773122,0.0084763815,1.7736,0.0,-0.5892,1,100.0,0.006107,0,0.0,0.0,0.0,0.0,0.0,0.0,0,0.0,0.0,0.0,0.0,0.0,0.0,1,1.0,19753.34,1.9753,100.0,1.9773,1.9773
faa0e556,bull,s45|s96|s27,3,0.0232321818,0.0126935649,1.8351,0.0,-0.6666,1,100.0,0.006107,0,0.0,0.0,0.0,0.0,0.0,0.0,0,0.0,0.0,0.0,0.0,0.0,0.0,1,1.0,23208.96,2.3209,100.0,2.3232,2.3232
3329c1ef,bull,s59|s30|s74,3,0.0238288827,0.0138632967,1.7621,0.0,-0.5892,1,100.0,0.006106,0,0.0,0.0,0.0,0.0,0.0,0.0,0,0.0,0.0,0.0,0.0,0.0,0.0,1,1.0,23805.07,2.3805,100.0,2.3829,2.3829
8feab365,bull,s68|s64|s4|s8,4,0.0217623571,0.01283328,1.8143,0.0,-0.6457,1,100.0,0.006106,0,0.0,0.0,0.0,0.0,0.0,0.0,0,0.0,0.0,0.0,0.0,0.0,0.0,1,1.0,21740.6,2.1741,100.0,2.1762,2.1762
fe5a4aa8,bull,s46|s96|s9,3,0.0231617048,0.0096024625,1.8281,0.0,-0.6666,1,100.0,0.006106,0,0.0,0.0,0.0,0.0,0.0,0.0,0,0.0,0.0,0.0,0.0,0.0,0.0,1,1.0,23138.55,2.3139,100.0,2.3162,2.3162
39edd1af,bull,s91|s8,2,0.0221166436,0.0102537112,1.8148,0.0,-0.6457,1,100.0,0.006106,0,0.0,0.0,0.0,0.0,0.0,0.0,0,0.0,0.0,0.0,0.0,0.0,0.0,1,1.0,22094.53,2.2095,100.0,2.2117,2.2117
19bcedbb,bull,s96|s45|s65,3,0.0244232194,0.0080063354,1.8212,0.0,-0.6666,1,100.0,0.006106,0,0.0,0.0,0.0,0.0,0.0,0.0,0,0.0,0.0,0.0,0.0,0.0,0.0,1,1.0,24398.8,2.4399,100.0,2.4423,2.4423
222e1aaf,bull,s92|s8|s70,3,0.0217631761,0.0116069083,1.8144,0.0,-0.6457,1,100.0,0.006106,0,0.0,0.0,0.0,0.0,0.0,0.0,0,0.0,0.0,0.0,0.0,0.0,0.0,1,1.0,21741.42,2.1741,100.0,2.1763,2.1763
5476b331,bull,s8|s6|s9|s41,4,0.0231543404,0.0080524086,1.8135,0.0,-0.6457,1,100.0,0.006106,0,0.0,0.0,0.0,0.0,0.0,0.0,0,0.0,0.0,0.0,0.0,0.0,0.0,1,1.0,23131.19,2.3131,100.0,2.3154,2.3154
a349b22a,bull,s68|s4|s8,3,0.0224026064,0.0136791014,1.8084,0.0,-0.6457,1,100.0,0.006106,0,0.0,0.0,0.0,0.0,0.0,0.0,0,0.0,0.0,0.0,0.0,0.0,0.0,1,1.0,22380.21,2.238,100.0,2.2403,2.2403
2f2c84c2,bull,s43|s46|s74|s88,4,0.0238555551,0.0119477995,1.7648,0.0,-0.5892,1,100.0,0.006106,0,0.0,0.0,0.0,0.0,0.0,0.0,0,0.0,0.0,0.0,0.0,0.0,0.0,1,1.0,23831.69,2.3832,100.0,2.3856,2.3856
dee03d26,bull,s83|s8|s1,3,0.0229827622,0.0090138277,1.7964,0.0,-0.6457,1,100.0,0.006105,0,0.0,0.0,0.0,0.0,0.0,0.0,0,0.0,0.0,0.0,0.0,0.0,0.0,1,1.0,22959.78,2.296,100.0,2.2983,2.2983
ab854cc9,bull,s35|s60|s15|s84,4,0.0199195049,0.0115099092,1.8192,0.0,-0.6736,1,100.0,0.006105,0,0.0,0.0,0.0,0.0,0.0,0.0,0,0.0,0.0,0.0,0.0,0.0,0.0,1,1.0,19899.59,1.99,100.0,1.992,1.992
9b50d03c,bull,s53|s42|s3|s8,4,0.0230363146,0.0102401856,1.8157,0.0,-0.6736,1,100.0,0.006105,0,0.0,0.0,0.0,0.0,0.0,0.0,0,0.0,0.0,0.0,0.0,0.0,0.0,1,1.0,23013.28,2.3013,100.0,2.3036,2.3036
d857705d,bull,s8|s60,2,0.0186032349,0.0109705523,1.8206,0.0,-0.6736,1,100.0,0.006105,0,0.0,0.0,0.0,0.0,0.0,0.0,0,0.0,0.0,0.0,0.0,0.0,0.0,1,1.0,18584.64,1.8585,100.0,1.8603,1.8603
b57d1a00,bull,s46|s95|s11,3,0.024393372,0.0157426109,1.8183,0.0,-0.6666,1,100.0,0.006105,0,0.0,0.0,0.0,0.0,0.0,0.0,0,0.0,0.0,0.0,0.0,0.0,0.0,1,1.0,24368.98,2.4369,100.0,2.4393,2.4393
b6e69e84,bull,s54|s8|s27,3,0.0215788229,0.0134722059,1.7961,0.0,-0.6457,1,100.0,0.006105,0,0.0,0.0,0.0,0.0,0.0,0.0,0,0.0,0.0,0.0,0.0,0.0,0.0,1,1.0,21557.25,2.1557,100.0,2.1579,2.1579
ec0e6999,bull,s21|s83|s65,3,0.0237187623,0.0107931522,1.7512,0.0,-0.5892,1,100.0,0.006105,0,0.0,0.0,0.0,0.0,0.0,0.0,0,0.0,0.0,0.0,0.0,0.0,0.0,1,1.0,23695.04,2.3695,100.0,2.3719,2.3719
6237aed0,bull,s87|s54|s27,3,0.0199052072,0.0085754989,1.8178,0.0,-0.6736,1,100.0,0.006105,0,0.0,0.0,0.0,0.0,0.0,0.0,0,0.0,0.0,0.0,0.0,0.0,0.0,1,1.0,19885.31,1.9885,100.0,1.9905,1.9905
86f856d3,bull,s11|s54|s27,3,0.0219847518,0.0083476531,1.8016,0.0,-0.6457,1,100.0,0.006105,0,0.0,0.0,0.0,0.0,0.0,0.0,0,0.0,0.0,0.0,0.0,0.0,0.0,1,1.0,21962.77,2.1963,100.0,2.1985,2.1985
75c388e2,bull,s21|s60|s42|s36|s93,5,0.0249503933,0.0117993817,1.8179,0.0,-0.6736,1,100.0,0.006105,0,0.0,0.0,0.0,0.0,0.0,0.0,0,0.0,0.0,0.0,0.0,0.0,0.0,1,1.0,24925.45,2.4925,100.0,2.495,2.495
04fcd40e,bull,s96|s32|s60|s39|s3,5,0.023051787,0.0120142563,1.8172,0.0,-0.6736,1,100.0,0.006105,0,0.0,0.0,0.0,0.0,0.0,0.0,0,0.0,0.0,0.0,0.0,0.0,0.0,1,1.0,23028.74,2.3029,100.0,2.3052,2.3052
768ac1f9,bull,s38|s12|s60,3,0.0231112061,0.0081415041,1.8231,0.0,-0.6736,1,100.0,0.006105,0,0.0,0.0,0.0,0.0,0.0,0.0,0,0.0,0.0,0.0,0.0,0.0,0.0,1,1.0,23088.1,2.3088,100.0,2.3111,2.3111
aa848bf8,bull,s60|s96|s27,3,0.0243290389,0.0082475162,1.8119,0.0,-0.6736,1,100.0,0.006105,0,0.0,0.0,0.0,0.0,0.0,0.0,0,0.0,0.0,0.0,0.0,0.0,0.0,1,1.0,24304.72,2.4305,100.0,2.4329,2.4329
bc45612f,bull,s45|s4|s60,3,0.0226120147,0.0125111465,1.8222,0.0,-0.6736,1,100.0,0.006105,0,0.0,0.0,0.0,0.0,0.0,0.0,0,0.0,0.0,0.0,0.0,0.0,0.0,1,1.0,22589.41,2.2589,100.0,2.2612,2.2612
76af09de,bull,s53|s78|s92,3,0.0185017686,0.0086765376,1.8105,0.0,-0.6736,1,100.0,0.006104,0,0.0,0.0,0.0,0.0,0.0,0.0,0,0.0,0.0,0.0,0.0,0.0,0.0,1,1.0,18483.27,1.8483,100.0,1.8502,1.8502
ade84014,bull,s87|s8|s65,3,0.0229023434,0.0102382273,1.7884,0.0,-0.6457,1,100.0,0.006104,0,0.0,0.0,0.0,0.0,0.0,0.0,0,0.0,0.0,0.0,0.0,0.0,0.0,1,1.0,22879.45,2.2879,100.0,2.2902,2.2902
8e553460,bull,s88|s39|s79,3,0.0204613529,0.0097732523,1.7545,0.0,-0.6109,1,100.0,0.006104,0,0.0,0.0,0.0,0.0,0.0,0.0,0,0.0,0.0,0.0,0.0,0.0,0.0,1,1.0,20440.89,2.0441,100.0,2.0461,2.0461
a3d1d8e5,bull,s40|s38|s26,3,0.02167376,0.008129298,1.7358,0.0,-0.5892,1,100.0,0.006104,0,0.0,0.0,0.0,0.0,0.0,0.0,0,0.0,0.0,0.0,0.0,0.0,0.0,1,1.0,21652.09,2.1652,100.0,2.1674,2.1674
e7e9088d,bull,s43|s60|s44,3,0.0242015863,0.0095452015,1.7992,0.0,-0.6736,1,100.0,0.006104,0,0.0,0.0,0.0,0.0,0.0,0.0,0,0.0,0.0,0.0,0.0,0.0,0.0,1,1.0,24177.39,2.4177,100.0,2.4202,2.4202
c573bdb2,bull,s34|s60,2,0.0234251941,0.011033825,1.8056,0.0,-0.6736,1,100.0,0.006104,0,0.0,0.0,0.0,0.0,0.0,0.0,0,0.0,0.0,0.0,0.0,0.0,0.0,1,1.0,23401.77,2.3402,100.0,2.3425,2.3425
aebfeda6,bull,s3|s84|s41|s58|s8,5,0.0241023025,0.0085842428,1.7893,0.0,-0.6457,1,100.0,0.006104,0,0.0,0.0,0.0,0.0,0.0,0.0,0,0.0,0.0,0.0,0.0,0.0,0.0,1,1.0,24078.21,2.4078,100.0,2.4102,2.4102
5f16e0d1,bull,s8|s63|s84,3,0.0200368315,0.0107863861,1.7999,0.0,-0.6736,1,100.0,0.006104,0,0.0,0.0,0.0,0.0,0.0,0.0,0,0.0,0.0,0.0,0.0,0.0,0.0,1,1.0,20016.8,2.0017,100.0,2.0037,2.0037
2c547ad5,bull,s2|s8|s48,3,0.0239171034,0.0106708862,1.7709,0.0,-0.6457,1,100.0,0.006103,0,0.0,0.0,0.0,0.0,0.0,0.0,0,0.0,0.0,0.0,0.0,0.0,0.0,1,1.0,23893.19,2.3893,100.0,2.3917,2.3917
ddfe3fe6,bull,s38|s92|s1,3,0.0222535355,0.0143345905,1.7935,0.0,-0.6736,1,100.0,0.006103,0,0.0,0.0,0.0,0.0,0.0,0.0,0,0.0,0.0,0.0,0.0,0.0,0.0,1,1.0,22231.29,2.2231,100.0,2.2254,2.2254
27606598,bull,s87|s24|s48,3,0.0189945837,0.0116450798,1.7268,0.0,-0.5892,1,100.0,0.006103,0,0.0,0.0,0.0,0.0,0.0,0.0,0,0.0,0.0,0.0,0.0,0.0,0.0,1,1.0,18975.61,1.8976,100.0,1.8995,1.8995
4817c7af,bull,s93|s68|s27,3,0.0241185257,0.0159975958,1.7353,0.0,-0.5892,1,100.0,0.006103,0,0.0,0.0,0.0,0.0,0.0,0.0,0,0.0,0.0,0.0,0.0,0.0,0.0,1,1.0,24094.41,2.4094,100.0,2.4119,2.4119
70fefa94,bull,s54|s42|s69|s44,4,0.022284631,0.0139472203,1.7896,0.0,-0.6736,1,100.0,0.006103,0,0.0,0.0,0.0,0.0,0.0,0.0,0,0.0,0.0,0.0,0.0,0.0,0.0,1,1.0,22262.35,2.2262,100.0,2.2285,2.2285
998ce300,bull,s8|s6|s70|s24,4,0.0193082469,0.0103138037,1.7721,0.0,-0.6457,1,100.0,0.006103,0,0.0,0.0,0.0,0.0,0.0,0.0,0,0.0,0.0,0.0,0.0,0.0,0.0,1,1.0,19288.94,1.9289,100.0,1.9308,1.9308
60afa18e,bull,s54|s11|s46|s34,4,0.0214994537,0.0101734146,1.7881,0.0,-0.6736,1,100.0,0.006103,0,0.0,0.0,0.0,0.0,0.0,0.0,0,0.0,0.0,0.0,0.0,0.0,0.0,1,1.0,21477.96,2.1478,100.0,2.1499,2.1499
f66e1012,bull,s96|s65|s21|s8,4,0.0228794075,0.0116853656,1.7861,0.0,-0.6666,1,100.0,0.006103,0,0.0,0.0,0.0,0.0,0.0,0.0,0,0.0,0.0,0.0,0.0,0.0,0.0,1,1.0,22856.53,2.2857,100.0,2.2879,2.2879
99cb12c9,bull,s6|s96|s82,3,0.0215123578,0.0109644609,1.7894,0.0,-0.6666,1,100.0,0.006103,0,0.0,0.0,0.0,0.0,0.0,0.0,0,0.0,0.0,0.0,0.0,0.0,0.0,1,1.0,21490.85,2.1491,100.0,2.1512,2.1512
edf0258b,bull,s96|s78|s26,3,0.0215084992,0.0105071323,1.7891,0.0,-0.6666,1,100.0,0.006103,0,0.0,0.0,0.0,0.0,0.0,0.0,0,0.0,0.0,0.0,0.0,0.0,0.0,1,1.0,21487.0,2.1487,100.0,2.1508,2.1508
fd70859e,bull,s58|s8,2,0.0239853999,0.0088510192,1.7777,0.0,-0.6457,1,100.0,0.006103,0,0.0,0.0,0.0,0.0,0.0,0.0,0,0.0,0.0,0.0,0.0,0.0,0.0,1,1.0,23961.42,2.3961,100.0,2.3985,2.3985
1ca6c090,bull,s8|s83|s43|s54,4,0.0215231864,0.0106754543,1.7905,0.0,-0.6736,1,100.0,0.006103,0,0.0,0.0,0.0,0.0,0.0,0.0,0,0.0,0.0,0.0,0.0,0.0,0.0,1,1.0,21501.67,2.1502,100.0,2.1523,2.1523
da150e09,bull,s75|s92|s6|s88|s32,5,0.0235466124,0.0153263595,1.7341,0.0,-0.5892,1,100.0,0.006103,0,0.0,0.0,0.0,0.0,0.0,0.0,0,0.0,0.0,0.0,0.0,0.0,0.0,1,1.0,23523.07,2.3523,100.0,2.3547,2.3547
1acac98c,bull,s10|s42|s93|s87,4,0.0188357008,0.0107399169,1.711,0.0,-0.5892,1,100.0,0.006102,0,0.0,0.0,0.0,0.0,0.0,0.0,0,0.0,0.0,0.0,0.0,0.0,0.0,1,1.0,18816.88,1.8817,100.0,1.8836,1.8836
dd80d92b,bull,s48|s82|s55,3,0.0210998854,0.0140569912,1.7135,0.0,-0.59,1,100.0,0.006102,0,0.0,0.0,0.0,0.0,0.0,0.0,0,0.0,0.0,0.0,0.0,0.0,0.0,1,1.0,21078.78,2.1079,100.0,2.11,2.11
f01bde86,bull,s8|s73|s63,3,0.0192024962,0.0109098288,1.7166,0.0,-0.5892,1,100.0,0.006102,0,0.0,0.0,0.0,0.0,0.0,0.0,0,0.0,0.0,0.0,0.0,0.0,0.0,1,1.0,19183.29,1.9183,100.0,1.9202,1.9202
5158ddfe,bull,s96|s53|s8,3,0.021474627,0.0080498951,1.7857,0.0,-0.6736,1,100.0,0.006102,0,0.0,0.0,0.0,0.0,0.0,0.0,0,0.0,0.0,0.0,0.0,0.0,0.0,1,1.0,21453.16,2.1453,100.0,2.1475,2.1475
97244061,bull,s73|s60|s69|s8,4,0.0221398083,0.0092678804,1.7822,0.0,-0.6736,1,100.0,0.006102,0,0.0,0.0,0.0,0.0,0.0,0.0,0,0.0,0.0,0.0,0.0,0.0,0.0,1,1.0,22117.67,2.2118,100.0,2.214,2.214
1bd58f77,bull,s45|s10|s68,3,0.0239671641,0.01458465,1.7202,0.0,-0.5892,1,100.0,0.006102,0,0.0,0.0,0.0,0.0,0.0,0.0,0,0.0,0.0,0.0,0.0,0.0,0.0,1,1.0,23943.2,2.3943,100.0,2.3967,2.3967
e27af44b,bull,s11|s93|s27,3,0.0238458696,0.0093786086,1.7638,0.0,-0.6457,1,100.0,0.006102,0,0.0,0.0,0.0,0.0,0.0,0.0,0,0.0,0.0,0.0,0.0,0.0,0.0,1,1.0,23822.03,2.3822,100.0,2.3846,2.3846
9c83714f,bull,s73|s41|s95|s5,4,0.0187078247,0.0114280764,1.7122,0.0,-0.59,1,100.0,0.006102,0,0.0,0.0,0.0,0.0,0.0,0.0,0,0.0,0.0,0.0,0.0,0.0,0.0,1,1.0,18689.11,1.8689,100.0,1.8708,1.8708
da7135b9,bull,s46|s34|s74|s84,4,0.021381726,0.0101487225,1.7764,0.0,-0.6736,1,100.0,0.006102,0,0.0,0.0,0.0,0.0,0.0,0.0,0,0.0,0.0,0.0,0.0,0.0,0.0,1,1.0,21360.35,2.136,100.0,2.1382,2.1382
6625bf83,bull,s9|s60|s26,3,0.0190845448,0.0089882049,1.7848,0.0,-0.6736,1,100.0,0.006102,0,0.0,0.0,0.0,0.0,0.0,0.0,0,0.0,0.0,0.0,0.0,0.0,0.0,1,1.0,19065.46,1.9065,100.0,1.9085,1.9085
96c7159d,bull,s8|s70|s63|s40,4,0.0190797098,0.0101397965,1.7493,0.0,-0.6457,1,100.0,0.006101,0,0.0,0.0,0.0,0.0,0.0,0.0,0,0.0,0.0,0.0,0.0,0.0,0.0,1,1.0,19060.63,1.9061,100.0,1.908,1.908
6f182c1c,bull,s46|s54|s78|s43,4,0.0220219993,0.0146450266,1.7635,0.0,-0.6736,1,100.0,0.006101,0,0.0,0.0,0.0,0.0,0.0,0.0,0,0.0,0.0,0.0,0.0,0.0,0.0,1,1.0,21999.98,2.2,100.0,2.2022,2.2022
515f9fa6,bull,s59|s40|s1,3,0.0217301004,0.0120891695,1.7414,0.0,-0.6457,1,100.0,0.006101,0,0.0,0.0,0.0,0.0,0.0,0.0,0,0.0,0.0,0.0,0.0,0.0,0.0,1,1.0,21708.38,2.1708,100.0,2.173,2.173
5aa9f067,bull,s87|s8|s3|s60|s32,5,0.0192789626,0.0124537371,1.7692,0.0,-0.6736,1,100.0,0.006101,0,0.0,0.0,0.0,0.0,0.0,0.0,0,0.0,0.0,0.0,0.0,0.0,0.0,1,1.0,19259.69,1.926,100.0,1.9279,1.9279
9c135d8f,bull,s1|s40|s21,3,0.023683258,0.0116712818,1.7477,0.0,-0.6457,1,100.0,0.006101,0,0.0,0.0,0.0,0.0,0.0,0.0,0,0.0,0.0,0.0,0.0,0.0,0.0,1,1.0,23659.58,2.366,100.0,2.3683,2.3683
93331377,bull,s43|s96,2,0.0238780939,0.0105089623,1.767,0.0,-0.6666,1,100.0,0.006101,0,0.0,0.0,0.0,0.0,0.0,0.0,0,0.0,0.0,0.0,0.0,0.0,0.0,1,1.0,23854.22,2.3854,100.0,2.3878,2.3878
ddda5de2,bull,s12|s55,2,0.0209760292,0.0099832372,1.7011,0.0,-0.5892,1,100.0,0.006101,0,0.0,0.0,0.0,0.0,0.0,0.0,0,0.0,0.0,0.0,0.0,0.0,0.0,1,1.0,20955.04,2.0955,100.0,2.0976,2.0976
6f3af2ae,bull,s47|s21|s40,3,0.0189189136,0.0124519113,1.6883,0.0,-0.5892,1,100.0,0.0061,0,0.0,0.0,0.0,0.0,0.0,0.0,0,0.0,0.0,0.0,0.0,0.0,0.0,1,1.0,18900.0,1.89,100.0,1.8919,1.8919
8e848233,bull,s53|s7|s30|s92,4,0.0231516602,0.0091998842,1.6948,0.0,-0.5892,1,100.0,0.0061,0,0.0,0.0,0.0,0.0,0.0,0.0,0,0.0,0.0,0.0,0.0,0.0,0.0,1,1.0,23128.5,2.3129,100.0,2.3152,2.3152
7e8f4e19,bull,s8|s41,2,0.0209208799,0.0107891856,1.7305,0.0,-0.6457,1,100.0,0.0061,0,0.0,0.0,0.0,0.0,0.0,0.0,0,0.0,0.0,0.0,0.0,0.0,0.0,1,1.0,20899.96,2.09,100.0,2.0921,2.0921
47596ec9,bull,s6|s65|s39|s54,4,0.0212253358,0.0138420181,1.7608,0.0,-0.6736,1,100.0,0.0061,0,0.0,0.0,0.0,0.0,0.0,0.0,0,0.0,0.0,0.0,0.0,0.0,0.0,1,1.0,21204.12,2.1204,100.0,2.1225,2.1225
8f4bbf17,bull,s78|s8|s26,3,0.0236611638,0.0136860193,1.7594,0.0,-0.6736,1,100.0,0.0061,0,0.0,0.0,0.0,0.0,0.0,0.0,0,0.0,0.0,0.0,0.0,0.0,0.0,1,1.0,23637.51,2.3638,100.0,2.3661,2.3661
10445af3,bull,s83|s32|s92|s36|s73,5,0.0187959395,0.01042405,1.676,0.0,-0.59,1,100.0,0.006099,0,0.0,0.0,0.0,0.0,0.0,0.0,0,0.0,0.0,0.0,0.0,0.0,0.0,1,1.0,18777.14,1.8777,100.0,1.8796,1.8796
ac4b59e9,bull,s63|s73|s12|s4,4,0.018799125,0.0123863652,1.6764,0.0,-0.5892,1,100.0,0.006099,0,0.0,0.0,0.0,0.0,0.0,0.0,0,0.0,0.0,0.0,0.0,0.0,0.0,1,1.0,18780.32,1.878,100.0,1.8799,1.8799
68764d5a,bull,s55|s95|s11|s91,4,0.021384901,0.0125198219,1.7419,0.0,-0.6736,1,100.0,0.006099,0,0.0,0.0,0.0,0.0,0.0,0.0,0,0.0,0.0,0.0,0.0,0.0,0.0,1,1.0,21363.52,2.1364,100.0,2.1385,2.1385
b935c8a1,bull,s88|s65|s95,3,0.0234751493,0.008957888,1.7409,0.0,-0.6666,1,100.0,0.006099,0,0.0,0.0,0.0,0.0,0.0,0.0,0,0.0,0.0,0.0,0.0,0.0,0.0,1,1.0,23451.68,2.3452,100.0,2.3475,2.3475
529f8026,bull,s4|s87|s26,3,0.0185700221,0.0091092133,1.6845,0.0,-0.5892,1,100.0,0.006099,0,0.0,0.0,0.0,0.0,0.0,0.0,0,0.0,0.0,0.0,0.0,0.0,0.0,1,1.0,18551.47,1.8551,100.0,1.857,1.857
7f70a398,bull,s54|s30,2,0.0188169361,0.0094392315,1.6781,0.0,-0.5892,1,100.0,0.006099,1,1.0,18798.11,1.8798,100.0,1.8817,1.8817,0,0.0,0.0,0.0,0.0,0.0,0.0,0,0.0,0.0,0.0,0.0,0.0,0.0
a189585f,bull,s35|s58|s68|s8,4,0.0208279625,0.0095950033,1.7212,0.0,-0.6457,1,100.0,0.006099,0,0.0,0.0,0.0,0.0,0.0,0.0,0,0.0,0.0,0.0,0.0,0.0,0.0,1,1.0,20807.14,2.0807,100.0,2.0828,2.0828
f1a110f1,bull,s55|s21|s12,3,0.0207570523,0.0103914418,1.6793,0.0,-0.5892,1,100.0,0.006099,0,0.0,0.0,0.0,0.0,0.0,0.0,0,0.0,0.0,0.0,0.0,0.0,0.0,1,1.0,20736.29,2.0736,100.0,2.0757,2.0757
4744bf18,bull,s96|s35|s84|s7,4,0.0236910211,0.0127487266,1.7484,0.0,-0.6736,1,100.0,0.006099,0,0.0,0.0,0.0,0.0,0.0,0.0,0,0.0,0.0,0.0,0.0,0.0,0.0,1,1.0,23667.34,2.3667,100.0,2.3691,2.3691
97570fbc,bull,s73|s33,2,0.0185336052,0.0105294832,1.6499,0.0,-0.59,1,100.0,0.006097,0,0.0,0.0,0.0,0.0,0.0,0.0,0,0.0,0.0,0.0,0.0,0.0,0.0,1,1.0,18515.07,1.8515,100.0,1.8534,1.8534
24d56239,bull,s91|s95|s84|s42,4,0.0232594691,0.0138169538,1.7195,0.0,-0.6736,1,100.0,0.006097,0,0.0,0.0,0.0,0.0,0.0,0.0,0,0.0,0.0,0.0,0.0,0.0,0.0,1,1.0,23236.22,2.3236,100.0,2.3259,2.3259
0d4c9d22,bull,s84|s12|s79,3,0.0196420567,0.0084899554,1.6728,0.0,-0.6109,1,100.0,0.006097,0,0.0,0.0,0.0,0.0,0.0,0.0,0,0.0,0.0,0.0,0.0,0.0,0.0,1,1.0,19622.41,1.9622,100.0,1.9642,1.9642
8676c38b,bull,s88|s42|s95,3,0.0232446752,0.0146815504,1.718,0.0,-0.6666,1,100.0,0.006097,0,0.0,0.0,0.0,0.0,0.0,0.0,0,0.0,0.0,0.0,0.0,0.0,0.0,1,1.0,23221.44,2.3221,100.0,2.3245,2.3245
3dc20396,bull,s54|s78|s92,3,0.0208397703,0.0129965985,1.7224,0.0,-0.6736,1,100.0,0.006097,0,0.0,0.0,0.0,0.0,0.0,0.0,0,0.0,0.0,0.0,0.0,0.0,0.0,1,1.0,20818.94,2.0819,100.0,2.084,2.084
8c31d590,bull,s96|s70|s47,3,0.0187001147,0.0117378957,1.7114,0.0,-0.6666,1,100.0,0.006097,0,0.0,0.0,0.0,0.0,0.0,0.0,0,0.0,0.0,0.0,0.0,0.0,0.0,1,1.0,18681.42,1.8681,100.0,1.87,1.87
be98cb74,bull,s30|s2|s69|s3,4,0.0201455171,0.0096738604,1.6532,0.0,-0.5892,1,100.0,0.006097,0,0.0,0.0,0.0,0.0,0.0,0.0,0,0.0,0.0,0.0,0.0,0.0,0.0,1,1.0,20125.37,2.0125,100.0,2.0146,2.0146
c6d9a4cf,bull,s87|s45|s27,3,0.0181131941,0.0102213917,1.6389,0.0,-0.5892,1,100.0,0.006096,0,0.0,0.0,0.0,0.0,0.0,0.0,0,0.0,0.0,0.0,0.0,0.0,0.0,1,1.0,18095.08,1.8095,100.0,1.8113,1.8113
c4e4da2e,bull,s38|s48|s21,3,0.0184906411,0.0103069163,1.6456,0.0,-0.5892,1,100.0,0.006096,0,0.0,0.0,0.0,0.0,0.0,0.0,0,0.0,0.0,0.0,0.0,0.0,0.0,1,1.0,18472.15,1.8472,100.0,1.8491,1.8491
b0b76d86,bull,s60|s21|s9|s69,4,0.0206503056,0.0093376637,1.7035,0.0,-0.6736,1,100.0,0.006096,0,0.0,0.0,0.0,0.0,0.0,0.0,0,0.0,0.0,0.0,0.0,0.0,0.0,1,1.0,20629.66,2.063,100.0,2.065,2.065
09ed6f58,bull,s60|s68|s40,3,0.0212312031,0.0126573768,1.6917,0.0,-0.6666,1,100.0,0.006095,0,0.0,0.0,0.0,0.0,0.0,0.0,0,0.0,0.0,0.0,0.0,0.0,0.0,1,1.0,21209.98,2.121,100.0,2.1231,2.1231
c2bdeaaa,bull,s84|s21|s33,3,0.0231291565,0.0101943884,1.6926,0.0,-0.6736,1,100.0,0.006095,0,0.0,0.0,0.0,0.0,0.0,0.0,0,0.0,0.0,0.0,0.0,0.0,0.0,1,1.0,23106.03,2.3106,100.0,2.3129,2.3129
dc3311e7,bull,s38|s60,2,0.0212716229,0.0107093375,1.6957,0.0,-0.6736,1,100.0,0.006095,0,0.0,0.0,0.0,0.0,0.0,0.0,0,0.0,0.0,0.0,0.0,0.0,0.0,1,1.0,21250.36,2.125,100.0,2.1272,2.1272
cf2f4fa9,bull,s95|s68|s65|s42,4,0.0217022667,0.0126488848,1.5647,0.0,-0.6666,1,100.0,0.006085,0,0.0,0.0,0.0,0.0,0.0,0.0,0,0.0,0.0,0.0,0.0,0.0,0.0,1,1.0,21680.57,2.1681,100.0,2.1702,2.1702
47018296,bull,s11|s93|s3,3,0.0193974426,0.0085556434,1.4535,0.0,-0.5892,1,100.0,0.006081,1,1.0,19378.06,1.9378,100.0,1.9397,1.9397,0,0.0,0.0,0.0,0.0,0.0,0.0,0,0.0,0.0,0.0,0.0,0.0,0.0
4b5e9aaa,bull,s42|s48|s58|s40,4,0.0197443817,0.0088375456,1.4533,0.0,-0.5892,1,100.0,0.006081,0,0.0,0.0,0.0,0.0,0.0,0.0,0,0.0,0.0,0.0,0.0,0.0,0.0,1,1.0,19724.64,1.9725,100.0,1.9744,1.9744
9b54e046,bull,s38|s14|s94|s44,4,0.0184293009,0.0098209671,1.4474,0.0,-0.5892,1,100.0,0.00608,0,0.0,0.0,0.0,0.0,0.0,0.0,0,0.0,0.0,0.0,0.0,0.0,0.0,1,1.0,18410.88,1.8411,100.0,1.8429,1.8429
a962564e,bull,s94|s47|s35|s5,4,0.0187515327,0.0109420803,1.4378,0.0,-0.5892,1,100.0,0.00608,1,1.0,18732.8,1.8733,100.0,1.8752,1.8752,0,0.0,0.0,0.0,0.0,0.0,0.0,0,0.0,0.0,0.0,0.0,0.0,0.0
a095c3cd,bull,s68|s3|s87,3,0.0207450747,0.0116407238,1.4002,0.0,-0.5892,1,100.0,0.006077,1,1.0,20724.33,2.0724,100.0,2.0745,2.0745,0,0.0,0.0,0.0,0.0,0.0,0.0,0,0.0,0.0,0.0,0.0,0.0,0.0
20b08a0d,bull,s21|s14|s68|s8,4,0.0198401901,0.0126505341,1.3657,0.0,-0.5892,1,100.0,0.006074,0,0.0,0.0,0.0,0.0,0.0,0.0,0,0.0,0.0,0.0,0.0,0.0,0.0,1,1.0,19820.36,1.982,100.0,1.984,1.984
370cb59b,bull,s73|s12|s68,3,0.020093357,0.0085558471,1.3354,0.0,-0.5892,1,100.0,0.006071,0,0.0,0.0,0.0,0.0,0.0,0.0,0,0.0,0.0,0.0,0.0,0.0,0.0,1,1.0,20073.26,2.0073,100.0,2.0093,2.0093
5154505f,bull,s95|s75|s3,3,0.0191317465,0.0087105551,1.2953,0.0,-0.5892,1,100.0,0.006068,1,1.0,19112.63,1.9113,100.0,1.9132,1.9132,0,0.0,0.0,0.0,0.0,0.0,0.0,0,0.0,0.0,0.0,0.0,0.0,0.0
eea38aca,bull,s95|s42|s60|s92,4,0.0189244863,0.0105582582,1.2885,0.0,-0.6666,1,100.0,0.006063,0,0.0,0.0,0.0,0.0,0.0,0.0,0,0.0,0.0,0.0,0.0,0.0,0.0,1,1.0,18905.57,1.8906,100.0,1.8924,1.8924
753e0d1b,bear,s98|s25|s86|s17,4,0.0398443505,0.0080272279,-1.0025,0.0,-1.0025,1,0.0,-0.00014,0,0.0,0.0,0.0,0.0,0.0,0.0,1,1.0,-8019.2,-0.8019,0.0,-0.8027,-0.8027,0,0.0,0.0,0.0,0.0,0.0,0.0
abec475d,bear,s67|s49|s18,3,0.0389468442,0.0080158033,-1.0014,0.0,-1.0014,1,0.0,-0.00014,1,1.0,-8007.79,-0.8008,0.0,-0.8016,-0.8016,0,0.0,0.0,0.0,0.0,0.0,0.0,0,0.0,0.0,0.0,0.0,0.0,0.0
ef58e61b,bear,s76|s49|s90|s31,4,0.0472127353,0.0081057922,-1.0104,0.0,-1.0104,1,0.0,-0.000141,1,1.0,-8097.69,-0.8098,0.0,-0.8106,-0.8106,0,0.0,0.0,0.0,0.0,0.0,0.0,0,0.0,0.0,0.0,0.0,0.0,0.0
a61f6786,bear,s23|s49|s67|s80|s37,5,0.0448080023,0.0080802064,-1.0078,0.0,-1.0078,1,0.0,-0.000141,1,1.0,-8072.13,-0.8072,0.0,-0.808,-0.808,0,0.0,0.0,0.0,0.0,0.0,0.0,0,0.0,0.0,0.0,0.0,0.0,0.0
d2ba9723,bear,s85|s80|s23|s29,4,0.0735999565,0.0080732574,-1.0071,0.0,-1.0071,1,0.0,-0.000141,1,1.0,-8065.19,-0.8065,0.0,-0.8073,-0.8073,0,0.0,0.0,0.0,0.0,0.0,0.0,0,0.0,0.0,0.0,0.0,0.0,0.0
92036a15,bear,s97|s23|s27,3,0.0557038382,0.0080561456,-1.0054,0.0,-1.0167,1,0.0,-0.000141,0,0.0,0.0,0.0,0.0,0.0,0.0,1,1.0,-8048.1,-0.8048,0.0,-0.8056,-0.8056,0,0.0,0.0,0.0,0.0,0.0,0.0
0e544dd2,bear,s98|s13|s62,3,0.0676099774,0.0081166448,-1.0115,0.0,-1.0115,1,0.0,-0.000142,1,1.0,-8108.54,-0.8109,0.0,-0.8117,-0.8117,0,0.0,0.0,0.0,0.0,0.0,0.0,0,0.0,0.0,0.0,0.0,0.0,0.0
28752f00,bear,s49|s20|s67|s17,4,0.060179057,0.0081358702,-1.0134,0.0,-1.0134,1,0.0,-0.000142,1,1.0,-8127.73,-0.8128,0.0,-0.8136,-0.8136,0,0.0,0.0,0.0,0.0,0.0,0.0,0,0.0,0.0,0.0,0.0,0.0,0.0
988fc671,bear,s20|s97|s86|s49,4,0.0786912968,0.0081345195,-1.0133,0.0,-1.0133,1,0.0,-0.000142,1,1.0,-8126.38,-0.8126,0.0,-0.8135,-0.8135,0,0.0,0.0,0.0,0.0,0.0,0.0,0,0.0,0.0,0.0,0.0,0.0,0.0
9e9cb8a4,bear,s29|s67|s23,3,0.0459617634,0.0081328024,-1.0131,0.0,-1.0131,1,0.0,-0.000142,1,1.0,-8124.67,-0.8125,0.0,-0.8133,-0.8133,0,0.0,0.0,0.0,0.0,0.0,0.0,0,0.0,0.0,0.0,0.0,0.0,0.0
049bd3f6,bear,s16|s49,2,0.0309776668,0.0081127953,-1.0111,0.0,-1.0111,1,0.0,-0.000142,1,1.0,-8104.68,-0.8105,0.0,-0.8113,-0.8113,0,0.0,0.0,0.0,0.0,0.0,0.0,0,0.0,0.0,0.0,0.0,0.0,0.0
f668bccd,bear,s28|s56|s51|s31,4,0.0452504708,0.0082170461,-1.0215,0.0,-1.0215,1,0.0,-0.000143,1,1.0,-8208.83,-0.8209,0.0,-0.8217,-0.8217,0,0.0,0.0,0.0,0.0,0.0,0.0,0,0.0,0.0,0.0,0.0,0.0,0.0
95a254ac,bear,s20|s90|s28,3,0.0446530091,0.0082293236,-1.0227,0.0,-1.0227,1,0.0,-0.000143,0,0.0,0.0,0.0,0.0,0.0,0.0,0,0.0,0.0,0.0,0.0,0.0,0.0,1,1.0,-8221.1,-0.8221,0.0,-0.8229,-0.8229
6985d45d,bear,s72|s13|s86|s98,4,0.0263225675,0.0080792902,-1.0077,0.0,-1.0465,1,0.0,-0.000143,0,0.0,0.0,0.0,0.0,0.0,0.0,1,1.0,-8071.22,-0.8071,0.0,-0.8079,-0.8079,0,0.0,0.0,0.0,0.0,0.0,0.0
7408e4bf,bear,s61|s37|s49|s100,4,0.0567251738,0.0082044428,-1.0202,0.0,-1.0202,1,0.0,-0.000143,1,1.0,-8196.24,-0.8196,0.0,-0.8204,-0.8204,0,0.0,0.0,0.0,0.0,0.0,0.0,0,0.0,0.0,0.0,0.0,0.0,0.0
a888c5d6,bear,s71|s52|s23|s66,4,0.0525196263,0.0081418532,-1.014,0.0,-1.0528,1,0.0,-0.000144,0,0.0,0.0,0.0,0.0,0.0,0.0,1,1.0,-8133.72,-0.8134,0.0,-0.8142,-0.8142,0,0.0,0.0,0.0,0.0,0.0,0.0
3f5725c0,bear,s72|s86|s66|s13,4,0.0709896901,0.0080870741,-1.0085,0.0,-1.0473,1,0.0,-0.000144,0,0.0,0.0,0.0,0.0,0.0,0.0,1,1.0,-8078.99,-0.8079,0.0,-0.8087,-0.8087,0,0.0,0.0,0.0,0.0,0.0,0.0
b26f975a,bear,s23|s51|s57|s18|s98,5,0.0606847,0.0082892282,-1.0287,0.0,-1.04,1,0.0,-0.000145,0,0.0,0.0,0.0,0.0,0.0,0.0,1,1.0,-8280.95,-0.8281,0.0,-0.8289,-0.8289,0,0.0,0.0,0.0,0.0,0.0,0.0
55eca4cc,bear,s67|s20|s49,3,0.0267895952,0.0083618475,-1.036,0.0,-1.036,1,0.0,-0.000145,1,1.0,-8353.48,-0.8353,0.0,-0.8362,-0.8362,0,0.0,0.0,0.0,0.0,0.0,0.0,0,0.0,0.0,0.0,0.0,0.0,0.0
4e8cd0d1,bear,s49|s67|s56|s80|s85,5,0.0668873844,0.0084456227,-1.0444,0.0,-1.0444,1,0.0,-0.000146,1,1.0,-8437.18,-0.8437,0.0,-0.8446,-0.8446,0,0.0,0.0,0.0,0.0,0.0,0.0,0,0.0,0.0,0.0,0.0,0.0,0.0
8d5a658a,bear,s20|s51|s67|s29,4,0.0351610249,0.0081190073,-1.0225,0.0,-1.0699,1,0.0,-0.000146,0,0.0,0.0,0.0,0.0,0.0,0.0,1,1.0,-8110.89,-0.8111,0.0,-0.8119,-0.8119,0,0.0,0.0,0.0,0.0,0.0,0.0
e01eec96,bear,s50|s23,2,0.0529527773,0.0085083497,-1.0506,0.0,-1.0506,1,0.0,-0.000147,1,1.0,-8499.84,-0.85,0.0,-0.8508,-0.8508,0,0.0,0.0,0.0,0.0,0.0,0.0,0,0.0,0.0,0.0,0.0,0.0,0.0
4207baaf,bear,s98|s19|s28|s80,4,0.0336343605,0.0085032172,-1.0501,0.0,-1.0501,1,0.0,-0.000147,1,1.0,-8494.72,-0.8495,0.0,-0.8503,-0.8503,0,0.0,0.0,0.0,0.0,0.0,0.0,0,0.0,0.0,0.0,0.0,0.0,0.0
122cf221,bear,s23|s66|s86|s62,4,0.0662007142,0.0085001438,-1.0498,0.0,-1.0498,1,0.0,-0.000147,1,1.0,-8491.65,-0.8492,0.0,-0.85,-0.85,0,0.0,0.0,0.0,0.0,0.0,0.0,0,0.0,0.0,0.0,0.0,0.0,0.0
353fa36d,bear,s20|s25|s100|s22,4,0.0742700001,0.0080554707,-1.0053,0.0,-1.1128,1,0.0,-0.000147,0,0.0,0.0,0.0,0.0,0.0,0.0,1,1.0,-8047.42,-0.8047,0.0,-0.8055,-0.8055,0,0.0,0.0,0.0,0.0,0.0,0.0
3af56086,bear,s62|s97|s51,3,0.0403514635,0.008169013,-1.0275,0.0,-1.0749,1,0.0,-0.000147,1,1.0,-8160.84,-0.8161,0.0,-0.8169,-0.8169,0,0.0,0.0,0.0,0.0,0.0,0.0,0,0.0,0.0,0.0,0.0,0.0,0.0
cf12ffe0,bear,s85|s89|s56|s31,4,0.0649576074,0.0082913435,-1.0289,0.0,-1.083,1,0.0,-0.000147,0,0.0,0.0,0.0,0.0,0.0,0.0,0,0.0,0.0,0.0,0.0,0.0,0.0,1,1.0,-8283.06,-0.8283,0.0,-0.8291,-0.8291
66ee05b7,bear,s49|s29|s62|s23,4,0.030445113,0.0085980586,-1.0596,0.0,-1.0596,1,0.0,-0.000148,1,1.0,-8589.46,-0.8589,0.0,-0.8598,-0.8598,0,0.0,0.0,0.0,0.0,0.0,0.0,0,0.0,0.0,0.0,0.0,0.0,0.0
88cb2777,bear,s100|s76|s49,3,0.0687317549,0.0085651758,-1.0563,0.0,-1.0563,1,0.0,-0.000148,1,1.0,-8556.62,-0.8557,0.0,-0.8565,-0.8565,0,0.0,0.0,0.0,0.0,0.0,0.0,0,0.0,0.0,0.0,0.0,0.0,0.0
93f26248,bear,s23|s98|s29|s61,4,0.0758287621,0.0085647146,-1.0563,0.0,-1.0563,1,0.0,-0.000148,1,1.0,-8556.15,-0.8556,0.0,-0.8565,-0.8565,0,0.0,0.0,0.0,0.0,0.0,0.0,0,0.0,0.0,0.0,0.0,0.0,0.0
5f49fbaf,bear,s50|s85,2,0.0303707071,0.0080725883,-1.0071,0.0,-1.1195,1,0.0,-0.000148,1,1.0,-8064.52,-0.8065,0.0,-0.8073,-0.8073,0,0.0,0.0,0.0,0.0,0.0,0.0,0,0.0,0.0,0.0,0.0,0.0,0.0
4db507c4,bear,s80|s50|s62|s22,4,0.0320581216,0.0085406822,-1.0539,0.0,-1.0539,1,0.0,-0.000148,1,1.0,-8532.14,-0.8532,0.0,-0.8541,-0.8541,0,0.0,0.0,0.0,0.0,0.0,0.0,0,0.0,0.0,0.0,0.0,0.0,0.0
e421e866,bear,s86|s90,2,0.0210282811,0.0085549821,-1.0553,0.0,-1.0553,1,0.0,-0.000148,0,0.0,0.0,0.0,0.0,0.0,0.0,0,0.0,0.0,0.0,0.0,0.0,0.0,1,1.0,-8546.43,-0.8546,0.0,-0.8555,-0.8555
354f52c4,bear,s49|s56,2,0.0271132017,0.0086476783,-1.0646,0.0,-1.0646,1,0.0,-0.000149,1,1.0,-8639.03,-0.8639,0.0,-0.8648,-0.8648,0,0.0,0.0,0.0,0.0,0.0,0.0,0,0.0,0.0,0.0,0.0,0.0,0.0
a539514c,bear,s23|s57|s100|s25,4,0.0786652746,0.0086015102,-1.06,0.0,-1.0713,1,0.0,-0.000149,0,0.0,0.0,0.0,0.0,0.0,0.0,1,1.0,-8592.92,-0.8593,0.0,-0.8602,-0.8602,0,0.0,0.0,0.0,0.0,0.0,0.0
d6195386,bear,s62|s49|s22|s100|s25,5,0.0224659528,0.0086360501,-1.0634,0.0,-1.0634,1,0.0,-0.000149,1,1.0,-8627.41,-0.8627,0.0,-0.8636,-0.8636,0,0.0,0.0,0.0,0.0,0.0,0.0,0,0.0,0.0,0.0,0.0,0.0,0.0
d83a34e6,bear,s18|s90,2,0.0665841851,0.0087468359,-1.0745,0.0,-1.0745,1,0.0,-0.00015,0,0.0,0.0,0.0,0.0,0.0,0.0,0,0.0,0.0,0.0,0.0,0.0,0.0,1,1.0,-8738.09,-0.8738,0.0,-0.8747,-0.8747
3da4a362,bear,s76|s20|s85|s62,4,0.0357024108,0.0088063059,-1.0804,0.0,-1.0804,1,0.0,-0.000151,1,1.0,-8797.5,-0.8798,0.0,-0.8806,-0.8806,0,0.0,0.0,0.0,0.0,0.0,0.0,0,0.0,0.0,0.0,0.0,0.0,0.0
d7252fba,bear,s97|s86|s13,3,0.0791414808,0.0082440143,-1.0242,0.0,-1.1453,1,0.0,-0.000151,0,0.0,0.0,0.0,0.0,0.0,0.0,1,1.0,-8235.77,-0.8236,0.0,-0.8244,-0.8244,0,0.0,0.0,0.0,0.0,0.0,0.0
e4e7028c,bear,s49|s23|s25|s62|s85,5,0.0600722446,0.008768403,-1.0766,0.0,-1.0766,1,0.0,-0.000151,1,1.0,-8759.64,-0.876,0.0,-0.8768,-0.8768,0,0.0,0.0,0.0,0.0,0.0,0.0,0,0.0,0.0,0.0,0.0,0.0,0.0
0c028fe2,bear,s49|s20,2,0.0701580797,0.0087753032,-1.0773,0.0,-1.0773,1,0.0,-0.000151,1,1.0,-8766.53,-0.8767,0.0,-0.8775,-0.8775,0,0.0,0.0,0.0,0.0,0.0,0.0,0,0.0,0.0,0.0,0.0,0.0,0.0
b2b699ef,bear,s67|s19|s51|s31,4,0.0560908665,0.0088136092,-1.0812,0.0,-1.0812,1,0.0,-0.000151,1,1.0,-8804.79,-0.8805,0.0,-0.8814,-0.8814,0,0.0,0.0,0.0,0.0,0.0,0.0,0,0.0,0.0,0.0,0.0,0.0,0.0
393aa777,bear,s29|s67|s100|s20,4,0.033795495,0.0082848174,-1.0283,0.0,-1.1494,1,0.0,-0.000151,0,0.0,0.0,0.0,0.0,0.0,0.0,1,1.0,-8276.53,-0.8277,0.0,-0.8285,-0.8285,0,0.0,0.0,0.0,0.0,0.0,0.0
c265c41b,bear,s66|s98|s20|s72|s49,5,0.0391543501,0.0087819348,-1.078,0.0,-1.078,1,0.0,-0.000151,1,1.0,-8773.15,-0.8773,0.0,-0.8782,-0.8782,0,0.0,0.0,0.0,0.0,0.0,0.0,0,0.0,0.0,0.0,0.0,0.0,0.0
b4dd113f,bear,s76|s56|s29|s81,4,0.0697003312,0.0080279136,-1.0026,0.0,-1.1716,1,0.0,-0.000151,0,0.0,0.0,0.0,0.0,0.0,0.0,1,1.0,-8019.89,-0.802,0.0,-0.8028,-0.8028,0,0.0,0.0,0.0,0.0,0.0,0.0
8f8325f3,bear,s71|s67|s62,3,0.0334078348,0.008081943,-1.008,0.0,-1.1975,1,0.0,-0.000152,0,0.0,0.0,0.0,0.0,0.0,0.0,1,1.0,-8073.86,-0.8074,0.0,-0.8082,-0.8082,0,0.0,0.0,0.0,0.0,0.0,0.0
0fb1dc68,bear,s77|s97|s52|s89,4,0.0297822487,0.0086556743,-1.0654,0.0,-1.1194,1,0.0,-0.000152,0,0.0,0.0,0.0,0.0,0.0,0.0,0,0.0,0.0,0.0,0.0,0.0,0.0,1,1.0,-8647.02,-0.8647,0.0,-0.8656,-0.8656
a3f4f5fb,bear,s62|s89|s80|s29,4,0.0430203325,0.0082579516,-1.0256,0.0,-1.1741,1,0.0,-0.000152,0,0.0,0.0,0.0,0.0,0.0,0.0,1,1.0,-8249.7,-0.825,0.0,-0.8258,-0.8258,0,0.0,0.0,0.0,0.0,0.0,0.0
8d7e372a,bear,s98|s16|s52|s85,4,0.0223008838,0.0088685642,-1.0867,0.0,-1.0867,1,0.0,-0.000152,1,1.0,-8859.7,-0.886,0.0,-0.8869,-0.8869,0,0.0,0.0,0.0,0.0,0.0,0.0,0,0.0,0.0,0.0,0.0,0.0,0.0
37798406,bear,s97|s61|s22|s77,4,0.0528457932,0.0080502981,-1.0048,0.0,-1.1943,1,0.0,-0.000152,1,1.0,-8042.25,-0.8042,0.0,-0.805,-0.805,0,0.0,0.0,0.0,0.0,0.0,0.0,0,0.0,0.0,0.0,0.0,0.0,0.0
1c106639,bear,s86|s100|s98|s50,4,0.0232868612,0.0088473451,-1.0845,0.0,-1.0845,1,0.0,-0.000152,1,1.0,-8838.5,-0.8838,0.0,-0.8847,-0.8847,0,0.0,0.0,0.0,0.0,0.0,0.0,0,0.0,0.0,0.0,0.0,0.0,0.0
fe8c54ef,bear,s85|s23|s13,3,0.0695772547,0.0080828662,-1.0081,0.0,-1.1908,1,0.0,-0.000152,1,1.0,-8074.78,-0.8075,0.0,-0.8083,-0.8083,0,0.0,0.0,0.0,0.0,0.0,0.0,0,0.0,0.0,0.0,0.0,0.0,0.0
7ec80472,bear,s19|s23|s100,3,0.0310410098,0.0084053391,-1.0403,0.0,-1.1477,1,0.0,-0.000152,0,0.0,0.0,0.0,0.0,0.0,0.0,1,1.0,-8396.94,-0.8397,0.0,-0.8405,-0.8405,0,0.0,0.0,0.0,0.0,0.0,0.0
ed79064c,bear,s22|s49|s23,3,0.0503626809,0.0081343518,-1.0132,0.0,-1.2027,1,0.0,-0.000153,1,1.0,-8126.22,-0.8126,0.0,-0.8134,-0.8134,0,0.0,0.0,0.0,0.0,0.0,0.0,0,0.0,0.0,0.0,0.0,0.0,0.0
a375ca6f,bear,s71|s67|s77,3,0.0360604749,0.0089084391,-1.0906,0.0,-1.0906,1,0.0,-0.000153,1,1.0,-8899.53,-0.89,0.0,-0.8908,-0.8908,0,0.0,0.0,0.0,0.0,0.0,0.0,0,0.0,0.0,0.0,0.0,0.0,0.0
f855d00d,bear,s16|s67|s98,3,0.0533859968,0.0089208497,-1.0919,0.0,-1.0919,1,0.0,-0.000153,1,1.0,-8911.94,-0.8912,0.0,-0.8921,-0.8921,0,0.0,0.0,0.0,0.0,0.0,0.0,0,0.0,0.0,0.0,0.0,0.0,0.0
26bfedaf,bear,s99|s25|s29|s90,4,0.0327210313,0.0080979186,-1.0096,0.0,-1.1991,1,0.0,-0.000153,0,0.0,0.0,0.0,0.0,0.0,0.0,1,1.0,-8089.82,-0.809,0.0,-0.8098,-0.8098,0,0.0,0.0,0.0,0.0,0.0,0.0
667ee347,bear,s23|s89|s31|s13,4,0.0258575087,0.008180755,-1.0179,0.0,-1.2005,1,0.0,-0.000153,1,1.0,-8172.57,-0.8173,0.0,-0.8181,-0.8181,0,0.0,0.0,0.0,0.0,0.0,0.0,0,0.0,0.0,0.0,0.0,0.0,0.0
2bd3b122,bear,s49|s76|s13,3,0.0597384786,0.0090064473,-1.1004,0.0,-1.1004,1,0.0,-0.000154,1,1.0,-8997.45,-0.8997,0.0,-0.9006,-0.9006,0,0.0,0.0,0.0,0.0,0.0,0.0,0,0.0,0.0,0.0,0.0,0.0,0.0
60b975aa,bear,s89|s98|s31,3,0.0327766118,0.0087874018,-1.0785,0.0,-1.1326,1,0.0,-0.000154,0,0.0,0.0,0.0,0.0,0.0,0.0,0,0.0,0.0,0.0,0.0,0.0,0.0,1,1.0,-8778.62,-0.8779,0.0,-0.8787,-0.8787
805f777a,bear,s71|s20|s49|s100,4,0.0401722863,0.0089947307,-1.0993,0.0,-1.0993,1,0.0,-0.000154,1,1.0,-8985.73,-0.8986,0.0,-0.8995,-0.8995,0,0.0,0.0,0.0,0.0,0.0,0.0,0,0.0,0.0,0.0,0.0,0.0,0.0
e886a70f,bear,s51|s90|s20|s100|s57,5,0.0446953851,0.0089864431,-1.0984,0.0,-1.0984,1,0.0,-0.000154,1,1.0,-8977.46,-0.8977,0.0,-0.8986,-0.8986,0,0.0,0.0,0.0,0.0,0.0,0.0,0,0.0,0.0,0.0,0.0,0.0,0.0
61e12e43,bear,s57|s28|s89|s77|s23,5,0.0378179467,0.0089656664,-1.0964,0.0,-1.1077,1,0.0,-0.000154,0,0.0,0.0,0.0,0.0,0.0,0.0,1,1.0,-8956.71,-0.8957,0.0,-0.8966,-0.8966,0,0.0,0.0,0.0,0.0,0.0,0.0
7a7a7eff,bear,s80|s85|s98|s52,4,0.0470373143,0.0090086149,-1.1007,0.0,-1.1007,1,0.0,-0.000154,1,1.0,-8999.61,-0.9,0.0,-0.9009,-0.9009,0,0.0,0.0,0.0,0.0,0.0,0.0,0,0.0,0.0,0.0,0.0,0.0,0.0
0cd858b6,bear,s49|s72|s26,3,0.0617455561,0.0090368406,-1.1035,0.0,-1.1035,1,0.0,-0.000154,1,1.0,-9027.8,-0.9028,0.0,-0.9037,-0.9037,0,0.0,0.0,0.0,0.0,0.0,0.0,0,0.0,0.0,0.0,0.0,0.0,0.0
5856c898,bear,s66|s49|s77|s17,4,0.0275313137,0.0091069772,-1.1105,0.0,-1.1105,1,0.0,-0.000155,1,1.0,-9097.87,-0.9098,0.0,-0.9107,-0.9107,0,0.0,0.0,0.0,0.0,0.0,0.0,0,0.0,0.0,0.0,0.0,0.0,0.0
262a0bdd,bear,s99|s28|s29|s17,4,0.0733955674,0.0083211042,-1.0319,0.0,-1.2009,1,0.0,-0.000155,1,1.0,-8312.79,-0.8313,0.0,-0.8321,-0.8321,0,0.0,0.0,0.0,0.0,0.0,0.0,0,0.0,0.0,0.0,0.0,0.0,0.0
fd6bf6d8,bear,s23|s17|s97,3,0.0346817952,0.0082437654,-1.0242,0.0,-1.2136,1,0.0,-0.000155,1,1.0,-8235.53,-0.8236,0.0,-0.8244,-0.8244,0,0.0,0.0,0.0,0.0,0.0,0.0,0,0.0,0.0,0.0,0.0,0.0,0.0
21de0fe9,bear,s89|s72|s81|s49,4,0.0408180854,0.009092409,-1.109,0.0,-1.109,1,0.0,-0.000155,1,1.0,-9083.32,-0.9083,0.0,-0.9092,-0.9092,0,0.0,0.0,0.0,0.0,0.0,0.0,0,0.0,0.0,0.0,0.0,0.0,0.0
bd7765a9,bear,s98|s85|s80,3,0.0394966988,0.0090388679,-1.1037,0.0,-1.1037,1,0.0,-0.000155,1,1.0,-9029.84,-0.903,0.0,-0.9039,-0.9039,0,0.0,0.0,0.0,0.0,0.0,0.0,0,0.0,0.0,0.0,0.0,0.0,0.0
45eb3c45,bear,s86|s49,2,0.0618851021,0.0090490145,-1.1047,0.0,-1.1047,1,0.0,-0.000155,1,1.0,-9039.96,-0.904,0.0,-0.9049,-0.9049,0,0.0,0.0,0.0,0.0,0.0,0.0,0,0.0,0.0,0.0,0.0,0.0,0.0
5e77294a,bear,s61|s67|s49|s20,4,0.0778170022,0.0090377423,-1.1036,0.0,-1.1036,1,0.0,-0.000155,1,1.0,-9028.7,-0.9029,0.0,-0.9038,-0.9038,0,0.0,0.0,0.0,0.0,0.0,0.0,0,0.0,0.0,0.0,0.0,0.0,0.0
21a48b2b,bear,s29|s51|s66|s25|s89,5,0.0383288441,0.0087479174,-1.0854,0.0,-1.1328,1,0.0,-0.000155,0,0.0,0.0,0.0,0.0,0.0,0.0,1,1.0,-8739.17,-0.8739,0.0,-0.8748,-0.8748,0,0.0,0.0,0.0,0.0,0.0,0.0
a17cb151,bear,s29|s51|s23|s86|s98,5,0.0339800611,0.0087624436,-1.0868,0.0,-1.1342,1,0.0,-0.000155,1,1.0,-8753.68,-0.8754,0.0,-0.8762,-0.8762,0,0.0,0.0,0.0,0.0,0.0,0.0,0,0.0,0.0,0.0,0.0,0.0,0.0
bcfb873c,bear,s22|s100|s19,3,0.0520354171,0.0085938044,-1.0592,0.0,-1.1665,1,0.0,-0.000155,0,0.0,0.0,0.0,0.0,0.0,0.0,1,1.0,-8585.22,-0.8585,0.0,-0.8594,-0.8594,0,0.0,0.0,0.0,0.0,0.0,0.0
e0cc9a69,bear,s22|s13|s86|s100,4,0.0378833935,0.0086173417,-1.0615,0.0,-1.1826,1,0.0,-0.000156,0,0.0,0.0,0.0,0.0,0.0,0.0,1,1.0,-8608.73,-0.8609,0.0,-0.8617,-0.8617,0,0.0,0.0,0.0,0.0,0.0,0.0
479992a3,bear,s101|s98|s49,3,0.0223913288,0.0091403831,-1.1138,0.0,-1.1138,1,0.0,-0.000156,1,1.0,-9131.24,-0.9131,0.0,-0.914,-0.914,0,0.0,0.0,0.0,0.0,0.0,0.0,0,0.0,0.0,0.0,0.0,0.0,0.0
9ace0368,bear,s98|s80|s62|s100,4,0.0562083687,0.0091713039,-1.1169,0.0,-1.1169,1,0.0,-0.000156,1,1.0,-9162.14,-0.9162,0.0,-0.9171,-0.9171,0,0.0,0.0,0.0,0.0,0.0,0.0,0,0.0,0.0,0.0,0.0,0.0,0.0
504908b6,bear,s57|s51,2,0.0394159536,0.0092339941,-1.1232,0.0,-1.1232,1,0.0,-0.000157,1,1.0,-9224.77,-0.9225,0.0,-0.9234,-0.9234,0,0.0,0.0,0.0,0.0,0.0,0.0,0,0.0,0.0,0.0,0.0,0.0,0.0
882de111,bear,s99|s90|s31|s17,4,0.03242434,0.0084802826,-1.0478,0.0,-1.2168,1,0.0,-0.000157,1,1.0,-8471.81,-0.8472,0.0,-0.848,-0.848,0,0.0,0.0,0.0,0.0,0.0,0.0,0,0.0,0.0,0.0,0.0,0.0,0.0
9305fc9a,bear,s19|s20|s100|s85,4,0.0275288973,0.0087852104,-1.0783,0.0,-1.1857,1,0.0,-0.000157,0,0.0,0.0,0.0,0.0,0.0,0.0,1,1.0,-8776.43,-0.8776,0.0,-0.8785,-0.8785,0,0.0,0.0,0.0,0.0,0.0,0.0
60a4294a,bear,s66|s23|s56,3,0.0383982541,0.0084211802,-1.0419,0.0,-1.2245,1,0.0,-0.000157,1,1.0,-8412.76,-0.8413,0.0,-0.8421,-0.8421,0,0.0,0.0,0.0,0.0,0.0,0.0,0,0.0,0.0,0.0,0.0,0.0,0.0
0440fdfd,bear,s31|s52|s23|s67,4,0.0689185213,0.0084668306,-1.0465,0.0,-1.2291,1,0.0,-0.000157,1,1.0,-8458.36,-0.8458,0.0,-0.8467,-0.8467,0,0.0,0.0,0.0,0.0,0.0,0.0,0,0.0,0.0,0.0,0.0,0.0,0.0
05995697,bear,s51|s67|s81,3,0.0507451693,0.0092499556,-1.1248,0.0,-1.1248,1,0.0,-0.000157,0,0.0,0.0,0.0,0.0,0.0,0.0,1,1.0,-9240.71,-0.9241,0.0,-0.925,-0.925,0,0.0,0.0,0.0,0.0,0.0,0.0
20740d15,bear,s49|s16|s98|s80|s66,5,0.0268650041,0.0092180466,-1.1216,0.0,-1.1216,1,0.0,-0.000157,1,1.0,-9208.84,-0.9209,0.0,-0.9218,-0.9218,0,0.0,0.0,0.0,0.0,0.0,0.0,0,0.0,0.0,0.0,0.0,0.0,0.0
61a62a0e,bear,s18|s25|s97|s49,4,0.0398110927,0.0093055643,-1.1304,0.0,-1.1304,1,0.0,-0.000158,1,1.0,-9296.26,-0.9296,0.0,-0.9306,-0.9306,0,0.0,0.0,0.0,0.0,0.0,0.0,0,0.0,0.0,0.0,0.0,0.0,0.0
2746c656,bear,s76|s98|s57|s52,4,0.071288302,0.0082251411,-1.0223,0.0,-1.2698,1,0.0,-0.000158,0,0.0,0.0,0.0,0.0,0.0,0.0,0,0.0,0.0,0.0,0.0,0.0,0.0,1,1.0,-8216.92,-0.8217,0.0,-0.8225,-0.8225
21e7417e,bear,s19|s23|s90,3,0.0246581343,0.008534533,-1.0533,0.0,-1.2358,1,0.0,-0.000158,1,1.0,-8526.0,-0.8526,0.0,-0.8535,-0.8535,0,0.0,0.0,0.0,0.0,0.0,0.0,0,0.0,0.0,0.0,0.0,0.0,0.0
f9b76dd9,bear,s71|s22|s17,3,0.052120576,0.0084426884,-1.0441,0.0,-1.2335,1,0.0,-0.000158,1,1.0,-8434.25,-0.8434,0.0,-0.8443,-0.8443,0,0.0,0.0,0.0,0.0,0.0,0.0,0,0.0,0.0,0.0,0.0,0.0,0.0
0fd65d57,bear,s90|s20|s77|s49,4,0.0565704761,0.0092899986,-1.1288,0.0,-1.1288,1,0.0,-0.000158,1,1.0,-9280.72,-0.9281,0.0,-0.929,-0.929,0,0.0,0.0,0.0,0.0,0.0,0.0,0,0.0,0.0,0.0,0.0,0.0,0.0
3572f70c,bear,s51|s66|s71,3,0.0796349952,0.0082383408,-0.9735,0.0,-1.3324,1,0.0,-0.000158,0,0.0,0.0,0.0,0.0,0.0,0.0,1,1.0,-8230.1,-0.823,0.0,-0.8238,-0.8238,0,0.0,0.0,0.0,0.0,0.0,0.0
e8ba7e57,bear,s28|s90|s16,3,0.0791800842,0.0092800563,-1.1278,0.0,-1.1278,1,0.0,-0.000158,0,0.0,0.0,0.0,0.0,0.0,0.0,0,0.0,0.0,0.0,0.0,0.0,0.0,1,1.0,-9270.78,-0.9271,0.0,-0.928,-0.928
f0d342a9,bear,s23|s98|s37|s61,4,0.0556002042,0.0084646907,-1.0463,0.0,-1.2357,1,0.0,-0.000158,1,1.0,-8456.23,-0.8456,0.0,-0.8465,-0.8465,0,0.0,0.0,0.0,0.0,0.0,0.0,0,0.0,0.0,0.0,0.0,0.0,0.0
88504a7a,bear,s97|s23|s71,3,0.0253867152,0.0091609052,-1.1159,0.0,-1.1547,1,0.0,-0.000159,0,0.0,0.0,0.0,0.0,0.0,0.0,1,1.0,-9151.75,-0.9152,0.0,-0.9161,-0.9161,0,0.0,0.0,0.0,0.0,0.0,0.0
32507281,bear,s90|s81|s100,3,0.0676691231,0.0093526785,-1.1351,0.0,-1.1351,1,0.0,-0.000159,0,0.0,0.0,0.0,0.0,0.0,0.0,0,0.0,0.0,0.0,0.0,0.0,0.0,1,1.0,-9343.32,-0.9343,0.0,-0.9353,-0.9353
e5544f58,bear,s50|s19|s99|s100,4,0.0467149467,0.0088723587,-1.087,0.0,-1.1944,1,0.0,-0.000159,0,0.0,0.0,0.0,0.0,0.0,0.0,1,1.0,-8863.49,-0.8863,0.0,-0.8872,-0.8872,0,0.0,0.0,0.0,0.0,0.0,0.0
ea98cf4c,bear,s90|s81|s28|s71,4,0.0791218768,0.0093553442,-1.1353,0.0,-1.1353,1,0.0,-0.000159,0,0.0,0.0,0.0,0.0,0.0,0.0,0,0.0,0.0,0.0,0.0,0.0,0.0,1,1.0,-9345.99,-0.9346,0.0,-0.9355,-0.9355
2ba618c5,bear,s67|s98|s37,3,0.0496655592,0.0081616864,-1.016,0.0,-1.3009,1,0.0,-0.000159,1,1.0,-8153.53,-0.8154,0.0,-0.8162,-0.8162,0,0.0,0.0,0.0,0.0,0.0,0.0,0,0.0,0.0,0.0,0.0,0.0,0.0
e62956eb,bear,s81|s51|s13,3,0.0422783068,0.009380401,-1.1378,0.0,-1.1378,1,0.0,-0.000159,0,0.0,0.0,0.0,0.0,0.0,0.0,1,1.0,-9371.03,-0.9371,0.0,-0.938,-0.938,0,0.0,0.0,0.0,0.0,0.0,0.0
b3991649,bear,s71|s98|s23|s86,4,0.0706898776,0.0091658108,-1.1164,0.0,-1.1551,1,0.0,-0.000159,0,0.0,0.0,0.0,0.0,0.0,0.0,1,1.0,-9156.65,-0.9157,0.0,-0.9166,-0.9166,0,0.0,0.0,0.0,0.0,0.0,0.0
842b8f50,bear,s97|s25|s100,3,0.0718994429,0.0088880831,-1.0886,0.0,-1.1959,1,0.0,-0.000159,0,0.0,0.0,0.0,0.0,0.0,0.0,1,1.0,-8879.2,-0.8879,0.0,-0.8888,-0.8888,0,0.0,0.0,0.0,0.0,0.0,0.0
0ab15810,bear,s49|s98|s80,3,0.0586861906,0.0093801334,-1.1378,0.0,-1.1378,1,0.0,-0.000159,1,1.0,-9370.76,-0.9371,0.0,-0.938,-0.938,0,0.0,0.0,0.0,0.0,0.0,0.0,0,0.0,0.0,0.0,0.0,0.0,0.0
99cb159d,bear,s19|s97|s86|s23,4,0.0796961191,0.0091940196,-1.1192,0.0,-1.158,1,0.0,-0.000159,0,0.0,0.0,0.0,0.0,0.0,0.0,1,1.0,-9184.83,-0.9185,0.0,-0.9194,-0.9194,0,0.0,0.0,0.0,0.0,0.0,0.0
521f6f9e,bear,s62|s99|s71|s57|s23,5,0.0785869021,0.0085644236,-1.0562,0.0,-1.2457,1,0.0,-0.000159,0,0.0,0.0,0.0,0.0,0.0,0.0,1,1.0,-8555.86,-0.8556,0.0,-0.8564,-0.8564,0,0.0,0.0,0.0,0.0,0.0,0.0
3c180450,bear,s37|s99|s22|s29,4,0.037479988,0.0088260567,-1.0824,0.0,-1.2308,1,0.0,-0.00016,1,1.0,-8817.24,-0.8817,0.0,-0.8826,-0.8826,0,0.0,0.0,0.0,0.0,0.0,0.0,0,0.0,0.0,0.0,0.0,0.0,0.0
9d9fab1e,bear,s77|s29|s99|s23|s71,5,0.0345710973,0.0086499578,-1.0648,0.0,-1.2542,1,0.0,-0.00016,0,0.0,0.0,0.0,0.0,0.0,0.0,1,1.0,-8641.31,-0.8641,0.0,-0.865,-0.865,0,0.0,0.0,0.0,0.0,0.0,0.0
db1c5755,bear,s25|s77|s89|s67,4,0.0520333624,0.0092084373,-1.1206,0.0,-1.1747,1,0.0,-0.00016,0,0.0,0.0,0.0,0.0,0.0,0.0,0,0.0,0.0,0.0,0.0,0.0,0.0,1,1.0,-9199.23,-0.9199,0.0,-0.9208,-0.9208
c352a306,bear,s97|s100|s86|s62|s29,5,0.0561568731,0.0082867655,-1.0393,0.0,-1.276,1,0.0,-0.00016,0,0.0,0.0,0.0,0.0,0.0,0.0,1,1.0,-8278.48,-0.8278,0.0,-0.8287,-0.8287,0,0.0,0.0,0.0,0.0,0.0,0.0
075c75a3,bear,s49|s72|s98,3,0.0752721177,0.0094231246,-1.1421,0.0,-1.1421,1,0.0,-0.00016,1,1.0,-9413.7,-0.9414,0.0,-0.9423,-0.9423,0,0.0,0.0,0.0,0.0,0.0,0.0,0,0.0,0.0,0.0,0.0,0.0,0.0
c7451f03,bear,s66|s99|s19|s86,4,0.0742093817,0.0086503697,-1.0648,0.0,-1.2542,1,0.0,-0.00016,0,0.0,0.0,0.0,0.0,0.0,0.0,1,1.0,-8641.72,-0.8642,0.0,-0.865,-0.865,0,0.0,0.0,0.0,0.0,0.0,0.0
738bbe16,bear,s22|s72|s81|s28,4,0.03643867,0.0082262861,-1.0224,0.0,-1.3073,1,0.0,-0.00016,1,1.0,-8218.07,-0.8218,0.0,-0.8226,-0.8226,0,0.0,0.0,0.0,0.0,0.0,0.0,0,0.0,0.0,0.0,0.0,0.0,0.0
e4a55100,bear,s20|s22,2,0.06148735,0.008594831,-1.0593,0.0,-1.2487,1,0.0,-0.00016,1,1.0,-8586.24,-0.8586,0.0,-0.8595,-0.8595,0,0.0,0.0,0.0,0.0,0.0,0.0,0,0.0,0.0,0.0,0.0,0.0,0.0
663f1014,bear,s76|s57|s67,3,0.0510687843,0.008351919,-1.035,0.0,-1.2825,1,0.0,-0.00016,0,0.0,0.0,0.0,0.0,0.0,0.0,0,0.0,0.0,0.0,0.0,0.0,0.0,1,1.0,-8343.57,-0.8344,0.0,-0.8352,-0.8352
3cc6f4ec,bear,s13|s80|s97|s71|s67,5,0.0558076144,0.0092852704,-1.1283,0.0,-1.1671,1,0.0,-0.00016,0,0.0,0.0,0.0,0.0,0.0,0.0,1,1.0,-9275.99,-0.9276,0.0,-0.9285,-0.9285,0,0.0,0.0,0.0,0.0,0.0,0.0
f3c1ca97,bear,s90|s77|s67,3,0.0750880065,0.0094785935,-1.1477,0.0,-1.1477,1,0.0,-0.000161,0,0.0,0.0,0.0,0.0,0.0,0.0,0,0.0,0.0,0.0,0.0,0.0,0.0,1,1.0,-9469.12,-0.9469,0.0,-0.9479,-0.9479
2921ff57,bear,s71|s51|s99,3,0.0563881449,0.0084990202,-0.9996,0.0,-1.3584,1,0.0,-0.000161,0,0.0,0.0,0.0,0.0,0.0,0.0,1,1.0,-8490.52,-0.8491,0.0,-0.8499,-0.8499,0,0.0,0.0,0.0,0.0,0.0,0.0
ffc6eeac,bear,s23|s90|s81,3,0.0390618912,0.009501508,-1.1499,0.0,-1.1499,1,0.0,-0.000161,0,0.0,0.0,0.0,0.0,0.0,0.0,0,0.0,0.0,0.0,0.0,0.0,0.0,1,1.0,-9492.0,-0.9492,0.0,-0.9502,-0.9502
856b6672,bear,s89|s86|s50|s17,4,0.0629622551,0.0080693075,-1.0067,0.0,-1.346,1,0.0,-0.000161,1,1.0,-8061.24,-0.8061,0.0,-0.8069,-0.8069,0,0.0,0.0,0.0,0.0,0.0,0.0,0,0.0,0.0,0.0,0.0,0.0,0.0
c229dc22,bear,s22|s67|s20,3,0.0346328138,0.0086616076,-1.066,0.0,-1.2554,1,0.0,-0.000161,1,1.0,-8652.95,-0.8653,0.0,-0.8662,-0.8662,0,0.0,0.0,0.0,0.0,0.0,0.0,0,0.0,0.0,0.0,0.0,0.0,0.0
213accc9,bear,s67|s76|s49|s61|s98,5,0.0644725532,0.0094929984,-1.1491,0.0,-1.1491,1,0.0,-0.000161,1,1.0,-9483.51,-0.9484,0.0,-0.9493,-0.9493,0,0.0,0.0,0.0,0.0,0.0,0.0,0,0.0,0.0,0.0,0.0,0.0,0.0
1bff1f74,bear,s20|s81|s23|s71,4,0.0244194958,0.0093629536,-1.1361,0.0,-1.1749,1,0.0,-0.000161,0,0.0,0.0,0.0,0.0,0.0,0.0,1,1.0,-9353.6,-0.9354,0.0,-0.9363,-0.9363,0,0.0,0.0,0.0,0.0,0.0,0.0
baa0a3c4,bear,s51|s20|s17|s76,4,0.032381817,0.008706385,-1.0704,0.0,-1.2598,1,0.0,-0.000161,1,1.0,-8697.68,-0.8698,0.0,-0.8706,-0.8706,0,0.0,0.0,0.0,0.0,0.0,0.0,0,0.0,0.0,0.0,0.0,0.0,0.0
c098c3df,bear,s98|s25|s90,3,0.0772611125,0.0095184698,-1.1516,0.0,-1.1516,1,0.0,-0.000161,1,1.0,-9508.96,-0.9509,0.0,-0.9518,-0.9518,0,0.0,0.0,0.0,0.0,0.0,0.0,0,0.0,0.0,0.0,0.0,0.0,0.0
7b4e47ac,bear,s49|s80|s101|s28,4,0.0290274105,0.0094930373,-1.1491,0.0,-1.1491,1,0.0,-0.000161,1,1.0,-9483.55,-0.9484,0.0,-0.9493,-0.9493,0,0.0,0.0,0.0,0.0,0.0,0.0,0,0.0,0.0,0.0,0.0,0.0,0.0
eba037e7,bear,s71|s99|s16|s22,4,0.068520138,0.0087205654,-1.0719,0.0,-1.2612,1,0.0,-0.000161,0,0.0,0.0,0.0,0.0,0.0,0.0,1,1.0,-8711.85,-0.8712,0.0,-0.8721,-0.8721,0,0.0,0.0,0.0,0.0,0.0,0.0
2edecb9e,bear,s66|s20|s22,3,0.0213841822,0.0087243517,-1.0722,0.0,-1.2616,1,0.0,-0.000161,1,1.0,-8715.63,-0.8716,0.0,-0.8724,-0.8724,0,0.0,0.0,0.0,0.0,0.0,0.0,0,0.0,0.0,0.0,0.0,0.0,0.0
83c93377,bear,s29|s99|s89,3,0.0374217824,0.0086673364,-1.0665,0.0,-1.2559,1,0.0,-0.000161,0,0.0,0.0,0.0,0.0,0.0,0.0,1,1.0,-8658.67,-0.8659,0.0,-0.8667,-0.8667,0,0.0,0.0,0.0,0.0,0.0,0.0
b2657f74,bear,s20|s89|s31|s71,4,0.0489653167,0.0084237061,-1.0422,0.0,-1.3134,1,0.0,-0.000162,1,1.0,-8415.29,-0.8415,0.0,-0.8424,-0.8424,0,0.0,0.0,0.0,0.0,0.0,0.0,0,0.0,0.0,0.0,0.0,0.0,0.0
f24e93bb,bear,s17|s23,2,0.0781162208,0.0087360752,-1.0734,0.0,-1.2628,1,0.0,-0.000162,1,1.0,-8727.34,-0.8727,0.0,-0.8736,-0.8736,0,0.0,0.0,0.0,0.0,0.0,0.0,0,0.0,0.0,0.0,0.0,0.0,0.0
66f255da,bear,s72|s13|s67|s100|s99,5,0.0441981368,0.0090209167,-1.1019,0.0,-1.2297,1,0.0,-0.000162,1,1.0,-9011.9,-0.9012,0.0,-0.9021,-0.9021,0,0.0,0.0,0.0,0.0,0.0,0.0,0,0.0,0.0,0.0,0.0,0.0,0.0
178a54cf,bear,s51|s101|s67|s86,4,0.0291655609,0.0095505563,-1.1549,0.0,-1.1549,1,0.0,-0.000162,1,1.0,-9541.0,-0.9541,0.0,-0.9551,-0.9551,0,0.0,0.0,0.0,0.0,0.0,0.0,0,0.0,0.0,0.0,0.0,0.0,0.0
d57a4223,bear,s61|s18|s66|s89,4,0.0790566095,0.0081124638,-1.1235,0.0,-1.1979,1,0.0,-0.000162,0,0.0,0.0,0.0,0.0,0.0,0.0,0,0.0,0.0,0.0,0.0,0.0,0.0,1,1.0,-8104.36,-0.8104,0.0,-0.8112,-0.8112
6e04ae8a,bear,s76|s71|s31|s13,4,0.0474746191,0.0083878418,-1.0386,0.0,-1.3098,1,0.0,-0.000162,1,1.0,-8379.46,-0.8379,0.0,-0.8388,-0.8388,0,0.0,0.0,0.0,0.0,0.0,0.0,0,0.0,0.0,0.0,0.0,0.0,0.0
68a4e0e9,bear,s81|s77|s25|s90,4,0.0395868255,0.00958582,-1.1584,0.0,-1.1584,1,0.0,-0.000162,1,1.0,-9576.24,-0.9576,0.0,-0.9586,-0.9586,0,0.0,0.0,0.0,0.0,0.0,0.0,0,0.0,0.0,0.0,0.0,0.0,0.0
7f0d705d,bear,s89|s19|s85|s61,4,0.0247955268,0.0081453482,-1.1268,0.0,-1.2011,1,0.0,-0.000162,0,0.0,0.0,0.0,0.0,0.0,0.0,0,0.0,0.0,0.0,0.0,0.0,0.0,1,1.0,-8137.21,-0.8137,0.0,-0.8145,-0.8145
2b3ade78,bear,s23|s13|s18|s89,4,0.0255804193,0.0088378198,-1.0836,0.0,-1.2661,1,0.0,-0.000163,1,1.0,-8828.98,-0.8829,0.0,-0.8838,-0.8838,0,0.0,0.0,0.0,0.0,0.0,0.0,0,0.0,0.0,0.0,0.0,0.0,0.0
7c4962aa,bear,s22|s25|s90,3,0.0433152005,0.0088002428,-1.0798,0.0,-1.2692,1,0.0,-0.000163,1,1.0,-8791.45,-0.8791,0.0,-0.88,-0.88,0,0.0,0.0,0.0,0.0,0.0,0.0,0,0.0,0.0,0.0,0.0,0.0,0.0
b2b86680,bear,s22|s72,2,0.0728629305,0.0088457678,-1.0844,0.0,-1.2737,1,0.0,-0.000163,1,1.0,-8836.93,-0.8837,0.0,-0.8846,-0.8846,0,0.0,0.0,0.0,0.0,0.0,0.0,0,0.0,0.0,0.0,0.0,0.0,0.0
cab5d1d5,bear,s81|s20|s71|s100,4,0.0240921959,0.0096493891,-1.1647,0.0,-1.1647,1,0.0,-0.000163,1,1.0,-9639.74,-0.964,0.0,-0.9649,-0.9649,0,0.0,0.0,0.0,0.0,0.0,0.0,0,0.0,0.0,0.0,0.0,0.0,0.0
a5495ae4,bear,s90|s61|s101|s23|s22,5,0.0481266084,0.008875089,-1.0873,0.0,-1.2698,1,0.0,-0.000163,1,1.0,-8866.21,-0.8866,0.0,-0.8875,-0.8875,0,0.0,0.0,0.0,0.0,0.0,0.0,0,0.0,0.0,0.0,0.0,0.0,0.0
610e5da6,bear,s51|s71|s26,3,0.0664805458,0.0085979237,-1.0095,0.0,-1.3683,1,0.0,-0.000163,0,0.0,0.0,0.0,0.0,0.0,0.0,1,1.0,-8589.32,-0.8589,0.0,-0.8598,-0.8598,0,0.0,0.0,0.0,0.0,0.0,0.0
77486a1b,bear,s89|s57|s51,3,0.0253675632,0.0096371081,-1.1635,0.0,-1.1635,1,0.0,-0.000163,1,1.0,-9627.48,-0.9627,0.0,-0.9637,-0.9637,0,0.0,0.0,0.0,0.0,0.0,0.0,0,0.0,0.0,0.0,0.0,0.0,0.0
3be6aa65,bear,s71|s62|s76|s98,4,0.0540910124,0.008489437,-1.0487,0.0,-1.3199,1,0.0,-0.000163,1,1.0,-8480.95,-0.8481,0.0,-0.8489,-0.8489,0,0.0,0.0,0.0,0.0,0.0,0.0,0,0.0,0.0,0.0,0.0,0.0,0.0
d2225068,bear,s67|s99|s20,3,0.0299841123,0.0087510586,-1.0749,0.0,-1.2984,1,0.0,-0.000164,1,1.0,-8742.32,-0.8742,0.0,-0.8751,-0.8751,0,0.0,0.0,0.0,0.0,0.0,0.0,0,0.0,0.0,0.0,0.0,0.0,0.0
588d5a5d,bear,s18|s72|s22|s67,4,0.0338583286,0.0089319956,-1.093,0.0,-1.2823,1,0.0,-0.000164,1,1.0,-8923.07,-0.8923,0.0,-0.8932,-0.8932,0,0.0,0.0,0.0,0.0,0.0,0.0,0,0.0,0.0,0.0,0.0,0.0,0.0
1810d58d,bear,s85|s25|s77|s89,4,0.0360627858,0.00946504,-1.1463,0.0,-1.2003,1,0.0,-0.000164,0,0.0,0.0,0.0,0.0,0.0,0.0,0,0.0,0.0,0.0,0.0,0.0,0.0,1,1.0,-9455.58,-0.9456,0.0,-0.9465,-0.9465
121ac8c8,bear,s67|s101|s16|s49|s85,5,0.0264101175,0.0097233378,-1.1721,0.0,-1.1721,1,0.0,-0.000164,1,1.0,-9713.61,-0.9714,0.0,-0.9723,-0.9723,0,0.0,0.0,0.0,0.0,0.0,0.0,0,0.0,0.0,0.0,0.0,0.0,0.0
41010966,bear,s72|s85|s67|s56|s22,5,0.0307164508,0.0089170872,-1.0915,0.0,-1.2809,1,0.0,-0.000164,1,1.0,-8908.17,-0.8908,0.0,-0.8917,-0.8917,0,0.0,0.0,0.0,0.0,0.0,0.0,0,0.0,0.0,0.0,0.0,0.0,0.0
3a636b75,bear,s97|s57|s51,3,0.0375366254,0.0097472311,-1.1745,0.0,-1.1745,1,0.0,-0.000164,1,1.0,-9737.49,-0.9737,0.0,-0.9747,-0.9747,0,0.0,0.0,0.0,0.0,0.0,0.0,0,0.0,0.0,0.0,0.0,0.0,0.0
d824d575,bear,s90|s101|s52|s98|s66,5,0.066408489,0.0096953863,-1.1693,0.0,-1.1693,1,0.0,-0.000164,1,1.0,-9685.7,-0.9686,0.0,-0.9695,-0.9695,0,0.0,0.0,0.0,0.0,0.0,0.0,0,0.0,0.0,0.0,0.0,0.0,0.0
ec2215d7,bear,s66|s29|s62|s86,4,0.06749327,0.0085699735,-1.0676,0.0,-1.3043,1,0.0,-0.000164,0,0.0,0.0,0.0,0.0,0.0,0.0,1,1.0,-8561.41,-0.8561,0.0,-0.857,-0.857,0,0.0,0.0,0.0,0.0,0.0,0.0
d1f8182c,bear,s98|s37|s22,3,0.0190044614,0.0085188752,-1.0517,0.0,-1.3365,1,0.0,-0.000164,1,1.0,-8510.36,-0.851,0.0,-0.8519,-0.8519,0,0.0,0.0,0.0,0.0,0.0,0.0,0,0.0,0.0,0.0,0.0,0.0,0.0
5bb1da0b,bear,s66|s18|s80|s49,4,0.0798477707,0.0097221111,-1.172,0.0,-1.172,1,0.0,-0.000164,1,1.0,-9712.4,-0.9712,0.0,-0.9722,-0.9722,0,0.0,0.0,0.0,0.0,0.0,0.0,0,0.0,0.0,0.0,0.0,0.0,0.0
63d2841d,bear,s71|s99|s76|s52,4,0.0344078297,0.0089217414,-1.092,0.0,-1.2813,1,0.0,-0.000164,0,0.0,0.0,0.0,0.0,0.0,0.0,1,1.0,-8912.82,-0.8913,0.0,-0.8922,-0.8922,0,0.0,0.0,0.0,0.0,0.0,0.0
516cd8ce,bear,s86|s97|s57|s19,4,0.0312867692,0.0084428125,-1.0441,0.0,-1.3357,1,0.0,-0.000164,1,1.0,-8434.37,-0.8434,0.0,-0.8443,-0.8443,0,0.0,0.0,0.0,0.0,0.0,0.0,0,0.0,0.0,0.0,0.0,0.0,0.0
467a639a,bear,s19|s28|s49,3,0.0783217977,0.009770412,-1.1768,0.0,-1.1768,1,0.0,-0.000165,1,1.0,-9760.64,-0.9761,0.0,-0.977,-0.977,0,0.0,0.0,0.0,0.0,0.0,0.0,0,0.0,0.0,0.0,0.0,0.0,0.0
b1fe21cb,bear,s22|s49|s80,3,0.0411409961,0.0097740723,-1.1772,0.0,-1.1772,1,0.0,-0.000165,1,1.0,-9764.31,-0.9764,0.0,-0.9774,-0.9774,0,0.0,0.0,0.0,0.0,0.0,0.0,0,0.0,0.0,0.0,0.0,0.0,0.0
a83c2927,bear,s28|s62|s89|s76|s99,5,0.0223799467,0.0086313199,-1.0629,0.0,-1.3341,1,0.0,-0.000165,1,1.0,-8622.69,-0.8623,0.0,-0.8631,-0.8631,0,0.0,0.0,0.0,0.0,0.0,0.0,0,0.0,0.0,0.0,0.0,0.0,0.0
44b30a21,bear,s20|s23|s37|s76,4,0.0519694771,0.0097645409,-1.1763,0.0,-1.1763,1,0.0,-0.000165,1,1.0,-9754.78,-0.9755,0.0,-0.9765,-0.9765,0,0.0,0.0,0.0,0.0,0.0,0.0,0,0.0,0.0,0.0,0.0,0.0,0.0
4195aa88,bear,s89|s13|s99,3,0.0248424683,0.009227689,-1.1226,0.0,-1.2504,1,0.0,-0.000165,1,1.0,-9218.47,-0.9218,0.0,-0.9228,-0.9228,0,0.0,0.0,0.0,0.0,0.0,0.0,0,0.0,0.0,0.0,0.0,0.0,0.0
a9402f24,bear,s25|s66|s98,3,0.0683890184,0.009821241,-1.1819,0.0,-1.1819,1,0.0,-0.000165,1,1.0,-9811.43,-0.9811,0.0,-0.9821,-0.9821,0,0.0,0.0,0.0,0.0,0.0,0.0,0,0.0,0.0,0.0,0.0,0.0,0.0
62a5622e,bear,s31|s85|s71|s52,4,0.0778025468,0.0082502841,-1.0248,0.0,-1.3753,1,0.0,-0.000165,0,0.0,0.0,0.0,0.0,0.0,0.0,0,0.0,0.0,0.0,0.0,0.0,0.0,1,1.0,-8242.04,-0.8242,0.0,-0.825,-0.825
583bebfa,bear,s23|s50|s98,3,0.0322461795,0.0097979978,-1.1796,0.0,-1.1796,1,0.0,-0.000165,1,1.0,-9788.2,-0.9788,0.0,-0.9798,-0.9798,0,0.0,0.0,0.0,0.0,0.0,0.0,0,0.0,0.0,0.0,0.0,0.0,0.0
6e3941ed,bear,s86|s76|s52|s23,4,0.0405494424,0.00961241,-1.161,0.0,-1.1998,1,0.0,-0.000165,0,0.0,0.0,0.0,0.0,0.0,0.0,1,1.0,-9602.8,-0.9603,0.0,-0.9612,-0.9612,0,0.0,0.0,0.0,0.0,0.0,0.0
98a0478c,bear,s90|s49|s76,3,0.0385452689,0.0097927495,-1.1791,0.0,-1.1791,1,0.0,-0.000165,1,1.0,-9782.97,-0.9783,0.0,-0.9793,-0.9793,0,0.0,0.0,0.0,0.0,0.0,0.0,0,0.0,0.0,0.0,0.0,0.0,0.0
5b85cc56,bear,s98|s51|s62,3,0.0601186586,0.0095832791,-1.1689,0.0,-1.2163,1,0.0,-0.000166,1,1.0,-9573.7,-0.9574,0.0,-0.9583,-0.9583,0,0.0,0.0,0.0,0.0,0.0,0.0,0,0.0,0.0,0.0,0.0,0.0,0.0
213ce681,bear,s23|s37|s67,3,0.0669628152,0.0084500074,-1.0448,0.0,-1.3772,1,0.0,-0.000166,1,1.0,-8441.55,-0.8442,0.0,-0.845,-0.845,0,0.0,0.0,0.0,0.0,0.0,0.0,0,0.0,0.0,0.0,0.0,0.0,0.0
89a66e30,bear,s23|s85|s20|s31|s62,5,0.0345706682,0.0098313017,-1.1829,0.0,-1.1829,1,0.0,-0.000166,1,1.0,-9821.47,-0.9821,0.0,-0.9831,-0.9831,0,0.0,0.0,0.0,0.0,0.0,0.0,0,0.0,0.0,0.0,0.0,0.0,0.0
f80a3fca,bear,s97|s80|s49,3,0.0676767287,0.0098441674,-1.1842,0.0,-1.1842,1,0.0,-0.000166,1,1.0,-9834.33,-0.9834,0.0,-0.9844,-0.9844,0,0.0,0.0,0.0,0.0,0.0,0.0,0,0.0,0.0,0.0,0.0,0.0,0.0
