id,direction,signals,n_signals,tp,sl,train_return,train_sharpe,train_drawdown,train_trades,train_winrate,score,train_chop_trades,train_chop_trade_share,train_chop_pnl,train_chop_return_pct,train_chop_win_rate,train_chop_avg_trade_return_pct,train_chop_total_trade_return_pct,train_trendy_trades,train_trendy_trade_share,train_trendy_pnl,train_trendy_return_pct,train_trendy_win_rate,train_trendy_avg_trade_return_pct,train_trendy_total_trade_return_pct,train_volatile_trades,train_volatile_trade_share,train_volatile_pnl,train_volatile_return_pct,train_volatile_win_rate,train_volatile_avg_trade_return_pct,train_volatile_total_trade_return_pct
516b5ff4,bear,s13|s52|s27,3,0.0186323356,0.0089962178,-2.8005,0.0,-9.2054,25,36.0,0.034591,10,0.4,49502.5,4.9502,50.0,0.4818,4.8181,10,0.4,-8179.39,-0.8179,30.0,-0.0708,-0.7077,5,0.2,-18852.93,-1.8853,20.0,-0.3471,-1.7353
51663e4b,bull,s4|s55|s78,3,0.0186691067,0.0105603287,1.5189,0.0,-4.9106,13,46.1538,0.033749,1,0.0769,-10590.79,-1.0591,0.0,-1.056,-1.056,8,0.6154,31818.13,3.1818,50.0,0.4054,3.2435,4,0.3077,15346.6,1.5347,50.0,0.4054,1.6218
bd63ea61,bull,s5|s42|s54,3,0.0198852965,0.0131268341,0.4062,0.0,-4.7544,13,46.1538,0.032714,3,0.2308,-38877.83,-3.8878,0.0,-1.3127,-3.9381,7,0.5385,70885.0,7.0885,71.4286,1.0453,7.3173,3,0.2308,-6755.53,-0.6756,33.3333,-0.2123,-0.6368
a76a338f,bull,s73|s21|s30,3,0.0226463993,0.01393731,7.2399,0.0,-3.8153,7,71.4286,0.032452,4,0.5714,18968.48,1.8968,50.0,0.4355,1.7418,1,0.1429,21909.71,2.191,100.0,2.2646,2.2646,2,0.2857,45653.15,4.5653,100.0,2.2646,4.5293
95b43430,bull,s59|s9|s68,3,0.0183775105,0.0088352086,2.704,0.0,-3.4168,10,50.0,0.030113,1,0.1,18556.13,1.8556,100.0,1.8378,1.8378,4,0.4,18623.27,1.8623,50.0,0.4771,1.9085,5,0.5,9994.86,0.9995,40.0,0.205,1.0249
5c5bbc54,bear,s81|s52|s29,3,0.0192801492,0.0117877182,-0.6296,0.0,-7.1634,14,42.8571,0.029278,5,0.3571,-28061.48,-2.8061,20.0,-0.5574,-2.7871,6,0.4286,21585.87,2.1586,50.0,0.3746,2.2477,3,0.2143,26801.71,2.6802,66.6667,0.8924,2.6773
ea835877,bear,s52|s28|s19,3,0.0207434741,0.0090668213,-2.7144,0.0,-9.408,24,33.3333,0.029241,7,0.2917,26708.64,2.6709,42.8571,0.3709,2.5963,10,0.4167,-2027.46,-0.2027,30.0,-0.0124,-0.1237,7,0.2917,-5060.43,-0.506,28.5714,-0.055,-0.3847
4dda0968,bull,s78|s41|s68|s91,4,0.0225278942,0.0108403374,1.1155,0.0,-4.2782,12,41.6667,0.027991,1,0.0833,-10631.83,-1.0632,0.0,-1.084,-1.084,7,0.5833,22681.97,2.2682,42.8571,0.346,2.4222,4,0.3333,22811.02,2.2811,50.0,0.5844,2.3375
97474a25,bull,s82|s69|s53|s47,4,0.0205267795,0.0121424507,1.1758,0.0,-6.1016,11,45.4545,0.027008,5,0.4545,35635.46,3.5635,60.0,0.7459,3.7295,4,0.3636,-15546.31,-1.5546,25.0,-0.3975,-1.5901,2,0.1818,7973.19,0.7973,50.0,0.4192,0.8384
9d0b7f13,bull,s10|s42|s93|s87,4,0.0188357008,0.0107399169,0.6658,0.0,-6.6435,11,45.4545,0.026201,3,0.2727,26032.94,2.6033,66.6667,0.8977,2.6931,5,0.4545,5219.14,0.5219,40.0,0.109,0.5452,3,0.2727,-3051.73,-0.3052,33.3333,-0.0881,-0.2644
2de4cbfd,bull,s96|s6|s1,3,0.0223614856,0.0141829159,0.7304,0.0,-7.0082,11,45.4545,0.026017,5,0.4545,1574.79,0.1575,40.0,0.0435,0.2174,3,0.2727,29908.82,2.9909,66.6667,1.018,3.054,3,0.2727,-6792.84,-0.6793,33.3333,-0.2001,-0.6004
3c5be7d2,bull,s47|s6|s58|s38|s34,5,0.0188407434,0.0124450519,-3.1963,0.0,-6.2569,16,37.5,0.025902,4,0.25,-18731.8,-1.8732,25.0,-0.4624,-1.8494,9,0.5625,-18633.63,-1.8634,33.3333,-0.2016,-1.8148,3,0.1875,24240.65,2.4241,66.6667,0.8412,2.5236
1afba346,bull,s88|s39|s79,3,0.0204613529,0.0097732523,0.4793,0.0,-6.0058,13,38.4615,0.025814,3,0.2308,214.35,0.0214,33.3333,0.0305,0.0915,3,0.2308,30849.07,3.0849,66.6667,1.0383,3.1149,7,0.5385,-8573.26,-0.8573,28.5714,-0.1135,-0.7944
be2d418d,bull,s87|s53|s32,3,0.0190009477,0.0080602696,-0.2311,0.0,-5.2433,14,35.7143,0.025337,4,0.2857,-5906.67,-0.5907,25.0,-0.1295,-0.518,8,0.5714,16209.05,1.6209,37.5,0.2088,1.6701,2,0.1429,10506.54,1.0507,50.0,0.547,1.0941
0af1fb12,bear,s52|s37|s18,3,0.0242886745,0.0108572938,-2.0839,0.0,-7.6393,18,33.3333,0.024749,3,0.1667,38027.54,3.8028,66.6667,1.2573,3.772,12,0.6667,-26149.0,-2.6149,25.0,-0.2071,-2.485,3,0.1667,1945.55,0.1946,33.3333,0.0858,0.2574
4533d0cd,bull,s45|s10|s26,3,0.019773122,0.0084763815,3.9545,0.0,-3.8385,7,57.1429,0.024602,3,0.4286,31101.89,3.1102,66.6667,1.0357,3.107,4,0.5714,22661.28,2.2661,50.0,0.5648,2.2593,0,0.0,0.0,0.0,0.0,0.0,0.0
21a0858c,bull,s88|s69,2,0.0281692232,0.0085780688,5.1317,0.0,-5.7637,9,44.4444,0.024582,1,0.1111,-8700.44,-0.87,0.0,-0.8578,-0.8578,4,0.4444,39588.99,3.9589,50.0,0.9796,3.9182,4,0.4444,38445.43,3.8445,50.0,0.9796,3.9182
cfabcf99,bull,s82|s5|s70|s9,4,0.0223086007,0.0086163188,-2.4068,0.0,-6.4773,20,30.0,0.024376,5,0.25,-11931.81,-1.1932,20.0,-0.2431,-1.2157,11,0.55,-3786.26,-0.3786,27.2727,-0.0182,-0.2005,4,0.2,25891.94,2.5892,50.0,0.6846,2.7385
79cc2dbc,bull,s44|s33|s26,3,0.0192615493,0.0117508321,-3.084,0.0,-8.0902,16,37.5,0.024286,4,0.25,-16403.2,-1.6403,25.0,-0.3998,-1.5991,7,0.4375,9758.3,0.9758,42.8571,0.154,1.0781,5,0.3125,2322.44,0.2322,40.0,0.0654,0.3271
260d97bd,bull,s83|s87|s44,3,0.0227301145,0.01129907,4.2826,0.0,-5.0712,7,57.1429,0.024268,4,0.5714,22715.45,2.2715,50.0,0.5716,2.2862,1,0.1429,23197.09,2.3197,100.0,2.273,2.273,2,0.2857,10677.1,1.0677,50.0,0.5716,1.1431
a0ad3269,bull,s46|s34|s74|s84,4,0.021381726,0.0101487225,3.2757,0.0,-4.4363,8,50.0,0.023967,1,0.125,-10085.54,-1.0086,0.0,-1.0149,-1.0149,5,0.625,12436.63,1.2437,40.0,0.2463,1.2317,2,0.25,41836.39,4.1836,100.0,2.1382,4.2763
09d49965,bull,s53|s92|s43|s69|s87,5,0.0188899765,0.0119356308,-1.0024,0.0,-7.0668,12,41.6667,0.02395,4,0.3333,12052.54,1.2053,50.0,0.3477,1.3909,5,0.4167,2321.29,0.2321,40.0,0.0395,0.1973,3,0.25,-5314.05,-0.5314,33.3333,-0.166,-0.4981
e91f8a30,bull,s38|s40,2,0.022802239,0.0108408704,2.1476,0.0,-3.0063,9,44.4444,0.023923,2,0.2222,-21910.08,-2.191,0.0,-1.0841,-2.1682,5,0.5556,46266.48,4.6266,60.0,0.9345,4.6725,2,0.2222,11578.76,1.1579,50.0,0.5981,1.1961
b35a8f08,bull,s30|s39|s75|s48|s1,5,0.0217722041,0.0108947596,3.224,0.0,-5.2368,8,50.0,0.02355,2,0.25,42820.17,4.282,100.0,2.1772,4.3544,5,0.625,10360.59,1.0361,40.0,0.2172,1.086,1,0.125,-10605.5,-1.0605,0.0,-1.0895,-1.0895
4dc76a9b,bull,s60|s78|s27,3,0.0233263422,0.014649752,1.9619,0.0,-4.4165,8,50.0,0.023136,2,0.25,8759.39,0.8759,50.0,0.4338,0.8677,4,0.5,16188.39,1.6188,50.0,0.4338,1.7353,2,0.25,8240.15,0.824,50.0,0.4338,0.8677
6f1f869d,bull,s65|s41|s8|s7,4,0.0221654673,0.0109472248,-4.9951,0.0,-7.9131,22,31.8182,0.022763,5,0.2273,-20962.93,-2.0963,20.0,-0.4325,-2.1623,11,0.5,9022.64,0.9023,36.3636,0.1094,1.2031,6,0.2727,-245.21,-0.0245,33.3333,0.009,0.0542
ac8af05f,bull,s6|s46,2,0.0208285405,0.0121949714,2.2026,0.0,-5.6559,8,50.0,0.022695,1,0.125,-12411.68,-1.2412,0.0,-1.2195,-1.2195,6,0.75,25575.23,2.5575,50.0,0.4317,2.5901,1,0.125,20310.32,2.031,100.0,2.0829,2.0829
5a4c17d1,bull,s6|s92|s41,3,0.0233699998,0.0082011935,-1.2823,0.0,-5.545,17,29.4118,0.0226,4,0.2353,-1926.08,-0.1926,25.0,-0.0308,-0.1234,7,0.4118,5223.09,0.5223,28.5714,0.0819,0.5734,6,0.3529,12876.98,1.2877,33.3333,0.2323,1.3935
844f3354,bull,s64|s48|s26,3,0.0206837334,0.0102103035,1.9356,0.0,-5.4548,9,44.4444,0.022448,4,0.4444,19438.89,1.9439,50.0,0.5237,2.0947,4,0.4444,21171.37,2.1171,50.0,0.5237,2.0947,1,0.1111,-10265.24,-1.0265,0.0,-1.021,-1.021
e771eab4,bull,s43|s59|s27,3,0.0221471155,0.0132567161,-1.8651,0.0,-7.3431,13,38.4615,0.022333,1,0.0769,-12705.42,-1.2705,0.0,-1.3257,-1.3257,7,0.5385,11009.42,1.1009,42.8571,0.1916,1.3414,5,0.3846,3676.19,0.3676,40.0,0.0905,0.4524
3b809b0a,bull,s38|s14|s94|s44,4,0.0184293009,0.0098209671,0.7958,0.0,-4.2686,9,44.4444,0.022268,3,0.3333,26795.77,2.6796,66.6667,0.9013,2.7038,5,0.5556,-21176.17,-2.1176,20.0,-0.4171,-2.0855,1,0.1111,17978.98,1.7979,100.0,1.8429,1.8429
87c2e3f0,bear,s81|s16|s52,3,0.0280553276,0.015223495,-0.8389,0.0,-8.8717,13,38.4615,0.022208,1,0.0769,28262.35,2.8262,100.0,2.8055,2.8055,8,0.6154,-37452.02,-3.7452,25.0,-0.4404,-3.523,4,0.3077,25249.07,2.5249,50.0,0.6416,2.5664
7bb34101,bull,s11|s32|s54,3,0.0231659067,0.0099605427,1.608,0.0,-5.184,10,40.0,0.022176,1,0.1,22523.11,2.2523,100.0,2.3166,2.3166,6,0.6,6362.27,0.6362,33.3333,0.1082,0.649,3,0.3,2514.93,0.2515,33.3333,0.1082,0.3245
8e6db873,bull,s15|s35|s33|s95,4,0.0195924546,0.0113837464,0.7792,0.0,-4.5027,9,44.4444,0.02213,1,0.1111,-11220.44,-1.122,0.0,-1.1384,-1.1384,5,0.5556,4479.33,0.4479,40.0,0.1007,0.5034,3,0.3333,26948.57,2.6949,66.6667,0.9267,2.7801
ac255c20,bull,s79|s44|s26,3,0.0220250564,0.0116437573,1.8837,0.0,-6.0119,9,44.4444,0.02211,1,0.1111,21116.27,2.1116,100.0,2.2025,2.2025,4,0.4444,20390.18,2.039,50.0,0.5191,2.0763,4,0.4444,-13035.78,-1.3036,25.0,-0.3227,-1.2906
1266c8bf,bull,s70|s5|s65,3,0.0191833745,0.0104672085,-4.2902,0.0,-7.3644,18,33.3333,0.021869,3,0.1667,26169.32,2.6169,66.6667,0.93,2.79,10,0.5556,-45178.0,-4.5178,20.0,-0.4537,-4.5371,5,0.2778,6077.46,0.6077,40.0,0.1393,0.6965
8c105947,bull,s39|s92|s69,3,0.0184950846,0.0108381108,-2.9589,0.0,-6.2541,14,35.7143,0.021433,2,0.1429,35336.85,3.5337,100.0,1.8495,3.699,7,0.5,-45870.57,-4.5871,14.2857,-0.6648,-4.6534,5,0.3571,3659.4,0.3659,40.0,0.0895,0.4476
30987ddd,bull,s74|s88|s55|s58|s7,5,0.0256472772,0.0103708576,0.6463,0.0,-4.8364,11,36.3636,0.021377,1,0.0909,25189.66,2.519,100.0,2.5647,2.5647,7,0.6364,-36698.79,-3.6699,14.2857,-0.5225,-3.6578,3,0.2727,39494.57,3.9495,66.6667,1.3641,4.0924
6417848a,bear,s28|s101|s72|s50,4,0.0196338702,0.0090929799,0.3015,0.0,-4.8275,10,40.0,0.021345,4,0.4,21021.57,2.1022,50.0,0.527,2.1082,3,0.3,1382.19,0.1382,33.3333,0.0483,0.1448,3,0.3,712.55,0.0713,33.3333,0.0483,0.1448
1261770d,bull,s53|s58|s27,3,0.0228694702,0.0113695721,0.7261,0.0,-5.4584,10,40.0,0.021306,5,0.5,77084.5,7.7084,80.0,1.6022,8.0108,4,0.4,-44850.66,-4.4851,0.0,-1.137,-4.5478,1,0.1,-10909.53,-1.091,0.0,-1.137,-1.137
1c959fff,bear,s13|s19|s67,3,0.019431187,0.0099846729,-0.3193,0.0,-4.5697,10,40.0,0.021003,4,0.4,18622.53,1.8623,50.0,0.4723,1.8893,3,0.3,-800.27,-0.08,33.3333,-0.0179,-0.0538,3,0.3,-963.02,-0.0963,33.3333,-0.0179,-0.0538
34cc15e6,bull,s74|s88|s2|s4|s94,5,0.0255144094,0.0119922024,0.4462,0.0,-5.7055,10,40.0,0.020934,4,0.4,26559.78,2.656,50.0,0.6761,2.7044,3,0.3,-35543.55,-3.5544,0.0,-1.1992,-3.5977,3,0.3,37124.35,3.7124,66.6667,1.3012,3.9037
786ce750,bull,s41|s94|s74,3,0.0227976833,0.0142458712,0.2657,0.0,-6.1008,9,44.4444,0.020897,2,0.2222,44915.62,4.4916,100.0,2.2798,4.5595,4,0.4444,-20509.4,-2.0509,25.0,-0.4985,-1.994,3,0.3333,-6267.07,-0.6267,33.3333,-0.1898,-0.5694
066342e0,bull,s11|s55|s88,3,0.0246940363,0.0093575288,1.6494,0.0,-7.0353,11,36.3636,0.020808,2,0.1818,14851.25,1.4851,50.0,0.7668,1.5337,5,0.4545,-12389.07,-1.2389,20.0,-0.2547,-1.2736,4,0.3636,28793.41,2.8793,50.0,0.7668,3.0673
0d31238f,bear,s18|s28|s51,3,0.0192138629,0.0081671934,-3.7956,0.0,-7.6319,20,30.0,0.020769,6,0.3,6141.95,0.6142,33.3333,0.096,0.5759,8,0.4,-11127.99,-1.1128,25.0,-0.1322,-1.0575,6,0.3,4917.93,0.4918,33.3333,0.096,0.5759
21bbffe8,bull,s69|s42|s33|s36|s24,5,0.0211129675,0.0117439309,-4.686,0.0,-7.9969,18,33.3333,0.020615,4,0.2222,-14801.58,-1.4802,25.0,-0.353,-1.4119,9,0.5,-7627.97,-0.7628,33.3333,-0.0792,-0.7125,5,0.2778,5759.69,0.576,40.0,0.1399,0.6994
f9731bb7,bear,s66|s19|s50|s18,4,0.0233129974,0.0124182371,-0.2759,0.0,-6.0104,10,40.0,0.020173,5,0.5,9022.76,0.9023,40.0,0.1874,0.9371,2,0.2,10689.41,1.0689,50.0,0.5447,1.0895,3,0.3,-2387.7,-0.2388,33.3333,-0.0508,-0.1523
bf153550,bear,s20|s101|s37,3,0.0267284193,0.0112701791,0.4228,0.0,-6.5958,11,36.3636,0.020019,2,0.1818,15256.5,1.5257,50.0,0.7729,1.5458,6,0.5455,8188.24,0.8188,33.3333,0.1396,0.8376,3,0.2727,3084.47,0.3084,33.3333,0.1396,0.4188
55110983,bear,s18|s66|s81,3,0.028482737,0.0114412147,1.1847,0.0,-8.0738,11,36.3636,0.019714,2,0.1818,-23585.67,-2.3586,0.0,-1.1441,-2.2882,4,0.3636,74167.45,7.4167,75.0,1.8502,7.4007,5,0.4545,-17987.84,-1.7988,20.0,-0.3456,-1.7282
7f620f79,bull,s6|s96,2,0.0239834459,0.0114600917,-0.3468,0.0,-6.0477,11,36.3636,0.019703,4,0.3636,-45803.65,-4.5804,0.0,-1.146,-4.584,3,0.2727,35800.85,3.5801,66.6667,1.2169,3.6507,4,0.3636,23927.58,2.3928,50.0,0.6262,2.5047
0c28f91b,bear,s17|s62|s13,3,0.0190375996,0.0118036934,-1.5679,0.0,-6.1792,10,40.0,0.019038,4,0.4,-16264.9,-1.6265,25.0,-0.4093,-1.6373,3,0.3,25838.15,2.5838,66.6667,0.8757,2.6272,3,0.3,-5354.52,-0.5355,33.3333,-0.1523,-0.457
08a4ffc3,bear,s37|s90|s50,3,0.0248228115,0.0129152325,-0.7289,0.0,-7.3778,10,40.0,0.01899,3,0.3,-1441.58,-0.1442,33.3333,-0.0336,-0.1008,6,0.6,35080.18,3.508,50.0,0.5954,3.5723,1,0.1,-13099.22,-1.3099,0.0,-1.2915,-1.2915
b3563200,bull,s96|s78|s26,3,0.0215084992,0.0105071323,-0.6388,0.0,-6.857,11,36.3636,0.018912,5,0.4545,9970.27,0.997,40.0,0.2299,1.1496,3,0.2727,31892.36,3.1892,66.6667,1.0837,3.251,3,0.2727,-30926.15,-3.0926,0.0,-1.0507,-3.1521
93882dfa,bull,s41|s2|s82|s38|s84,5,0.0243901107,0.0109782919,-1.1448,0.0,-5.9511,12,33.3333,0.018616,2,0.1667,13216.82,1.3217,50.0,0.6706,1.3412,6,0.5,-30546.77,-3.0547,16.6667,-0.5084,-3.0501,4,0.3333,24931.53,2.4932,50.0,0.6706,2.6824
7d50d371,bear,s100|s98|s27,3,0.031604996,0.0190217969,4.6074,0.0,-4.2438,5,60.0,0.01857,2,0.4,64081.57,6.4082,100.0,3.1605,6.321,2,0.4,-39865.91,-3.9866,0.0,-1.9022,-3.8044,1,0.2,32078.36,3.2078,100.0,3.1605,3.1605
3f126aac,bear,s13|s50|s72,3,0.0205451272,0.0113031967,-2.0021,0.0,-5.5844,11,36.3636,0.018552,5,0.4545,7068.71,0.7069,40.0,0.1436,0.7181,4,0.3636,-13456.26,-1.3456,25.0,-0.3341,-1.3364,2,0.1818,8396.99,0.8397,50.0,0.4621,0.9242
f3708828,bear,s90|s81|s57,3,0.0195139074,0.0101770771,-2.2472,0.0,-5.5014,11,36.3636,0.018392,4,0.3636,18541.49,1.8541,50.0,0.4668,1.8674,4,0.3636,-11280.94,-1.1281,25.0,-0.2754,-1.1017,3,0.2727,-1549.12,-0.1549,33.3333,-0.028,-0.084
facc354f,bear,s100|s23|s27,3,0.0333862606,0.0143591028,4.4189,0.0,-4.9108,6,50.0,0.018353,3,0.5,52742.85,5.2743,66.6667,1.7471,5.2413,2,0.3333,-30023.67,-3.0024,0.0,-1.4359,-2.8718,1,0.1667,33766.83,3.3767,100.0,3.3386,3.3386
541b5a5f,bear,s62|s29|s100,3,0.0337420358,0.0168793872,3.7256,0.0,-4.2036,6,50.0,0.018275,3,0.5,50331.28,5.0331,66.6667,1.6868,5.0605,1,0.1667,-17611.22,-1.7611,0.0,-1.6879,-1.6879,2,0.3333,16609.62,1.661,50.0,0.8431,1.6863
46a4b2cd,bear,s86|s80|s52,3,0.0205622932,0.0133269196,-1.8904,0.0,-7.0905,10,40.0,0.018233,2,0.2,-27072.98,-2.7073,0.0,-1.3327,-2.6654,5,0.5,846.58,0.0847,40.0,0.0229,0.1144,3,0.3,27538.34,2.7538,66.6667,0.9266,2.7798
3b84b6a3,bull,s91|s82|s26,3,0.0220323607,0.0125457172,-6.5383,0.0,-10.1513,21,33.3333,0.018225,5,0.2381,-26973.23,-2.6973,20.0,-0.563,-2.8151,9,0.4286,20856.66,2.0857,44.4444,0.2822,2.5401,7,0.3333,-18473.43,-1.8473,28.5714,-0.2666,-1.8664
6bae84d9,bear,s16|s101|s27,3,0.024925266,0.0156707375,-1.6155,0.0,-7.4894,10,40.0,0.018214,2,0.2,9134.2,0.9134,50.0,0.4627,0.9255,4,0.4,-22968.42,-2.2968,25.0,-0.5522,-2.2087,4,0.4,18001.96,1.8002,50.0,0.4627,1.8509
d2dd2760,bear,s16|s29,2,0.0304447077,0.0153323473,3.221,0.0,-3.9012,6,50.0,0.018142,1,0.1667,30414.28,3.0414,100.0,3.0445,3.0445,2,0.3333,-32290.05,-3.229,0.0,-1.5332,-3.0665,3,0.5,46423.29,4.6423,66.6667,1.5186,4.5557
e77a81dd,bear,s57|s29|s16|s51,4,0.0237157109,0.0146053916,3.1455,0.0,-3.8858,5,60.0,0.018092,3,0.6,32667.09,3.2667,66.6667,1.0942,3.2826,0,0.0,0.0,0.0,0.0,0.0,0.0,2,0.4,8939.27,0.8939,50.0,0.4555,0.911
4fbe9763,bull,s84|s69|s54,3,0.0204678694,0.0134733859,-1.581,0.0,-7.7921,10,40.0,0.01806,2,0.2,6572.71,0.6573,50.0,0.3497,0.6994,3,0.3,-6940.21,-0.694,33.3333,-0.216,-0.6479,5,0.5,-500.22,-0.05,40.0,0.0103,0.0516
b1beca0a,bull,s95|s40|s87,3,0.0245470515,0.0142257614,3.4684,0.0,-4.4399,5,60.0,0.018055,1,0.2,24125.37,2.4125,100.0,2.4547,2.4547,3,0.6,-3692.8,-0.3693,33.3333,-0.1301,-0.3904,1,0.2,24268.67,2.4269,100.0,2.4547,2.4547
5b1becb7,bear,s62|s71|s26,3,0.0203987823,0.0130990939,2.4573,0.0,-3.3792,5,60.0,0.017969,4,0.8,14192.62,1.4193,50.0,0.365,1.4599,0,0.0,0.0,0.0,0.0,0.0,0.0,1,0.2,20501.91,2.0502,100.0,2.0399,2.0399
24e2da83,bull,s34|s44|s94|s59|s6,5,0.0343661144,0.0091826756,3.5934,0.0,-4.9603,8,37.5,0.017919,0,0.0,0.0,0.0,0.0,0.0,0.0,5,0.625,-2057.45,-0.2057,20.0,-0.0473,-0.2365,3,0.375,58008.32,5.8008,66.6667,1.985,5.955
7af7cbcc,bull,s21|s65,2,0.0256736105,0.0080325005,3.0237,0.0,-4.2926,7,42.8571,0.01789,6,0.8571,52083.49,5.2083,50.0,0.8821,5.2923,1,0.1429,-7969.73,-0.797,0.0,-0.8033,-0.8033,0,0.0,0.0,0.0,0.0,0.0,0.0
12751bfd,bull,s15|s10|s45|s38,4,0.0216968534,0.0094086856,2.7983,0.0,-4.1888,6,50.0,0.017835,2,0.3333,-18659.23,-1.8659,0.0,-0.9409,-1.8817,3,0.5,33729.87,3.373,66.6667,1.1328,3.3985,1,0.1667,21184.3,2.1184,100.0,2.1697,2.1697
120ad7b4,bull,s69|s78|s45|s53|s64,5,0.0239782073,0.0137252982,-1.9363,0.0,-6.7901,11,36.3636,0.017815,1,0.0909,23113.88,2.3114,100.0,2.3978,2.3978,6,0.5455,-44072.57,-4.4073,16.6667,-0.7441,-4.4648,4,0.3636,18510.14,1.851,50.0,0.5126,2.0506
3160915f,bull,s65|s3|s27,3,0.0235834238,0.0082696793,-1.3304,0.0,-5.5982,14,28.5714,0.017807,3,0.2143,6439.01,0.6439,33.3333,0.2348,0.7044,8,0.5714,-3084.38,-0.3084,25.0,-0.0306,-0.2451,3,0.2143,6320.49,0.632,33.3333,0.2348,0.7044
0da580b9,bull,s68|s32|s33|s21,4,0.0264663052,0.01758028,3.4945,0.0,-5.3115,5,60.0,0.017804,3,0.6,-8745.11,-0.8745,33.3333,-0.2898,-0.8694,1,0.2,26672.76,2.6673,100.0,2.6466,2.6466,1,0.2,25416.52,2.5417,100.0,2.6466,2.6466
b44f402a,bull,s64|s59,2,0.0263251375,0.0120980784,2.9876,0.0,-4.8006,6,50.0,0.017706,2,0.3333,14526.73,1.4527,50.0,0.7114,1.4227,1,0.1667,-12085.99,-1.2086,0.0,-1.2098,-1.2098,3,0.5,39346.43,3.9346,66.6667,1.3517,4.0552
05a95a44,bear,s61|s28|s49,3,0.0183686053,0.0093246021,1.4659,0.0,-3.0722,6,50.0,0.017598,2,0.3333,8727.47,0.8727,50.0,0.4522,0.9044,1,0.1667,-9560.08,-0.956,0.0,-0.9325,-0.9325,3,0.5,27665.97,2.7666,66.6667,0.9138,2.7413
b20f689b,bear,s57|s37|s49,3,0.0309941881,0.01541933,3.3591,0.0,-5.9131,6,50.0,0.017484,0,0.0,0.0,0.0,0.0,0.0,0.0,2,0.3333,62824.2,6.2824,100.0,3.0994,6.1988,4,0.6667,-16981.76,-1.6982,25.0,-0.3816,-1.5264
9753deaf,bull,s7|s83|s21|s87|s74,5,0.0227998053,0.0121578553,2.0599,0.0,-4.2202,6,50.0,0.017469,3,0.5,33192.0,3.3192,66.6667,1.1147,3.3442,1,0.1667,-11974.07,-1.1974,0.0,-1.2158,-1.2158,2,0.3333,9837.83,0.9838,50.0,0.5321,1.0642
7639d2b8,bull,s40|s59|s27,3,0.0237035733,0.0089358132,2.423,0.0,-4.4979,7,42.8571,0.017468,2,0.2857,47064.13,4.7064,100.0,2.3704,4.7407,3,0.4286,-26675.87,-2.6676,0.0,-0.8936,-2.6807,2,0.2857,14083.39,1.4083,50.0,0.7384,1.4768
055c56bd,bull,s68|s1|s88|s95|s82,5,0.0291957592,0.011889041,2.4794,0.0,-4.5764,7,42.8571,0.017466,1,0.1429,-11712.5,-1.1713,0.0,-1.1889,-1.1889,2,0.2857,17236.42,1.7236,50.0,0.8653,1.7307,4,0.5714,33199.08,3.3199,50.0,0.8653,3.4613
d7983282,bear,s25|s86|s81|s89|s37,5,0.0257502468,0.0156968367,1.7007,0.0,-3.9002,6,50.0,0.017412,0,0.0,0.0,0.0,0.0,0.0,0.0,3,0.5,-6945.52,-0.6946,33.3333,-0.1881,-0.5643,3,0.5,36206.77,3.6207,66.6667,1.1935,3.5804
d682d922,bull,s96|s53|s8,3,0.021474627,0.0080498951,-2.9969,0.0,-7.713,18,27.7778,0.017354,6,0.3333,9139.49,0.9139,33.3333,0.1792,1.075,7,0.3889,2563.0,0.2563,28.5714,0.0386,0.27,5,0.2778,-10754.88,-1.0755,20.0,-0.2145,-1.0725
0270671f,bear,s67|s56|s27,3,0.0275848792,0.0102049732,2.7042,0.0,-5.2412,7,42.8571,0.017313,1,0.1429,-10592.29,-1.0592,0.0,-1.0205,-1.0205,2,0.2857,16957.47,1.6957,50.0,0.869,1.738,4,0.5714,35013.54,3.5014,50.0,0.869,3.476
da4b18c4,bull,s8|s65|s94|s88,4,0.0195825035,0.0081157322,1.3125,0.0,-3.4603,7,42.8571,0.017282,6,0.8571,33855.45,3.3855,50.0,0.5733,3.44,1,0.1429,-8285.76,-0.8286,0.0,-0.8116,-0.8116,0,0.0,0.0,0.0,0.0,0.0,0.0
e17d4f8d,bull,s48|s8|s92|s14|s60,5,0.0271279064,0.0146589973,2.4412,0.0,-5.2935,6,50.0,0.017266,2,0.3333,12679.1,1.2679,50.0,0.6234,1.2469,3,0.5,-2660.66,-0.2661,33.3333,-0.073,-0.219,1,0.1667,26207.03,2.6207,100.0,2.7128,2.7128
6b2fff8c,bear,s29|s72|s23,3,0.0295365728,0.0145451468,1.4882,0.0,-3.7472,7,42.8571,0.01726,3,0.4286,-350.24,-0.035,33.3333,0.0149,0.0446,2,0.2857,-30083.06,-3.0083,0.0,-1.4545,-2.909,2,0.2857,59451.89,5.9452,100.0,2.9537,5.9073
5a2bbb85,bull,s21|s83|s65,3,0.0237187623,0.0107931522,1.4477,0.0,-3.8618,7,42.8571,0.017189,5,0.7143,48453.69,4.8454,60.0,0.9914,4.957,1,0.1429,-10736.5,-1.0737,0.0,-1.0793,-1.0793,1,0.1429,-10829.13,-1.0829,0.0,-1.0793,-1.0793
b2e447cd,bull,s55|s58|s73|s69,4,0.0244398389,0.0137973168,2.5676,0.0,-5.7859,6,50.0,0.01715,4,0.6667,57845.11,5.7845,75.0,1.4881,5.9522,1,0.1667,-13783.52,-1.3784,0.0,-1.3797,-1.3797,1,0.1667,-13352.29,-1.3352,0.0,-1.3797,-1.3797
e1aa60f5,bear,s29|s16|s97,3,0.0295978003,0.0193995658,1.693,0.0,-4.6951,6,50.0,0.017122,1,0.1667,29568.22,2.9568,100.0,2.9598,2.9598,2,0.3333,-40603.91,-4.0604,0.0,-1.94,-3.8799,3,0.5,40258.5,4.0258,66.6667,1.3265,3.9796
6a5de659,bull,s95|s70|s21|s48,4,0.029374411,0.0186597268,1.8515,0.0,-4.9554,6,50.0,0.017105,5,0.8333,48663.11,4.8663,60.0,1.0161,5.0804,1,0.1667,-18368.67,-1.8369,0.0,-1.866,-1.866,0,0.0,0.0,0.0,0.0,0.0,0.0
09c693ca,bull,s95|s10|s26,3,0.0264760456,0.0140219503,2.4322,0.0,-5.9355,6,50.0,0.017031,1,0.1667,26235.92,2.6236,100.0,2.6476,2.6476,3,0.5,-1344.93,-0.1345,33.3333,-0.0523,-0.1568,2,0.3333,11376.23,1.1376,50.0,0.6227,1.2454
f09b7584,bear,s16|s99|s19,3,0.0225523519,0.0141148676,-4.3493,0.0,-9.6443,14,35.7143,0.017028,3,0.2143,32152.46,3.2152,66.6667,1.033,3.099,6,0.4286,-11562.52,-1.1563,33.3333,-0.1892,-1.1355,5,0.3571,-35893.29,-3.5893,20.0,-0.6781,-3.3907
5a077f85,bear,s66|s29|s52|s62|s19,5,0.0239945985,0.0120478931,0.873,0.0,-3.5763,7,42.8571,0.016987,3,0.4286,35393.13,3.5393,66.6667,1.198,3.5941,2,0.2857,-24349.73,-2.435,0.0,-1.2048,-2.4096,2,0.2857,11776.01,1.1776,50.0,0.5973,1.1947
472d6f66,bear,s50|s16|s29,3,0.022353202,0.0083712377,-1.312,0.0,-7.4032,13,30.7692,0.016861,6,0.4615,42998.83,4.2999,50.0,0.6991,4.1946,3,0.2308,-25656.93,-2.5657,0.0,-0.8371,-2.5114,4,0.3077,-4100.96,-0.4101,25.0,-0.069,-0.2761
ee55ecb9,bull,s32|s41|s68|s48,4,0.0200348876,0.0085917409,1.1056,0.0,-4.204,7,42.8571,0.016853,4,0.5714,-5742.56,-0.5743,25.0,-0.1435,-0.574,2,0.2857,11262.65,1.1263,50.0,0.5722,1.1443,1,0.1429,19386.73,1.9387,100.0,2.0035,2.0035
f5bcb6fe,bull,s12|s55,2,0.0209760292,0.0099832372,1.4847,0.0,-4.7285,7,42.8571,0.016845,4,0.5714,51440.37,5.144,75.0,1.3236,5.2945,2,0.2857,-19775.07,-1.9775,0.0,-0.9983,-1.9966,1,0.1429,-9736.09,-0.9736,0.0,-0.9983,-0.9983
7a1141d1,bear,s13|s17|s50|s19,4,0.0225535572,0.0127644443,1.656,0.0,-5.5567,6,50.0,0.016794,1,0.1667,-13085.25,-1.3085,0.0,-1.2764,-1.2764,4,0.6667,19351.77,1.9352,50.0,0.4895,1.9578,1,0.1667,22442.77,2.2443,100.0,2.2554,2.2554
16534193,bull,s74|s60|s54|s68,4,0.0268683789,0.0113414469,2.0116,0.0,-5.6751,7,42.8571,0.016743,3,0.4286,41610.57,4.1611,66.6667,1.4132,4.2395,2,0.2857,-22483.67,-2.2484,0.0,-1.1341,-2.2683,2,0.2857,14753.06,1.4753,50.0,0.7763,1.5527
88f0bbeb,bear,s90|s18|s23|s77,4,0.0217203005,0.0081811557,0.7462,0.0,-3.639,8,37.5,0.016731,4,0.5,-3373.17,-0.3373,25.0,-0.0706,-0.2823,3,0.375,4880.52,0.4881,33.3333,0.1786,0.5358,1,0.125,21880.9,2.1881,100.0,2.172,2.172
d10dd628,bull,s44|s84|s27,3,0.0257759231,0.0097832153,-1.894,0.0,-6.1298,14,28.5714,0.01673,1,0.0714,-9432.63,-0.9433,0.0,-0.9783,-0.9783,9,0.6429,-17698.42,-1.7698,22.2222,-0.1881,-1.6931,4,0.2857,29953.87,2.9954,50.0,0.7996,3.1985
7826db7c,bull,s82|s14,2,0.026715708,0.0104133413,1.3068,0.0,-4.4756,8,37.5,0.016688,1,0.125,26343.25,2.6343,100.0,2.6716,2.6716,5,0.625,-15267.16,-1.5267,20.0,-0.2988,-1.4938,2,0.25,15640.65,1.5641,50.0,0.8151,1.6302
690f1342,bull,s32|s10|s82|s38,4,0.0306429008,0.0154298978,1.6714,0.0,-5.5007,7,42.8571,0.016626,0,0.0,0.0,0.0,0.0,0.0,0.0,5,0.7143,14286.39,1.4286,40.0,0.2999,1.4996,2,0.2857,14084.54,1.4085,50.0,0.7607,1.5213
d3bfbb1b,bull,s59|s87|s12,3,0.0253988057,0.0150223095,1.812,0.0,-6.2939,6,50.0,0.016604,3,0.5,34590.3,3.459,66.6667,1.1925,3.5775,2,0.3333,9657.43,0.9657,50.0,0.5188,1.0376,1,0.1667,-14501.67,-1.4502,0.0,-1.5022,-1.5022
a59715bf,bear,s67|s57|s20,3,0.0266569129,0.0130588563,1.2471,0.0,-5.035,7,42.8571,0.016584,2,0.2857,13796.04,1.3796,50.0,0.6799,1.3598,2,0.2857,13219.83,1.322,50.0,0.6799,1.3598,3,0.4286,-269.12,-0.0269,33.3333,0.018,0.0539
cefa2f8b,bull,s91|s11|s60|s45,4,0.0260374139,0.0166364547,1.2532,0.0,-5.6733,6,50.0,0.016559,2,0.3333,9469.68,0.947,50.0,0.47,0.9401,3,0.5,-7750.61,-0.7751,33.3333,-0.2412,-0.7235,1,0.1667,25052.71,2.5053,100.0,2.6037,2.6037
5732125f,bull,s65|s21|s55,3,0.0278504832,0.009195082,2.0427,0.0,-5.7734,8,37.5,0.016536,4,0.5,36211.69,3.6212,50.0,0.9328,3.7311,2,0.25,-18194.56,-1.8195,0.0,-0.9195,-1.839,2,0.25,18099.6,1.81,50.0,0.9328,1.8655
6cd85ad0,bull,s84|s60,2,0.0316046122,0.0141460809,2.261,0.0,-6.5372,7,42.8571,0.016521,2,0.2857,17456.2,1.7456,50.0,0.8729,1.7459,2,0.2857,-28398.63,-2.8399,0.0,-1.4146,-2.8292,3,0.4286,47350.29,4.735,66.6667,1.6354,4.9063
f68189d6,bear,s51|s20|s76,3,0.0243282715,0.0159159563,1.2097,0.0,-5.7254,6,50.0,0.01652,3,0.5,32830.23,3.283,66.6667,1.0914,3.2741,0,0.0,0.0,0.0,0.0,0.0,0.0,3,0.5,-8585.42,-0.8585,33.3333,-0.2501,-0.7504
bf6dd600,bear,s89|s101|s85,3,0.0310252665,0.0150534356,1.7194,0.0,-5.8387,7,42.8571,0.016511,1,0.1429,30994.24,3.0994,100.0,3.1025,3.1025,3,0.4286,-46600.56,-4.6601,0.0,-1.5053,-4.516,3,0.4286,47139.13,4.7139,66.6667,1.5666,4.6997
6b97eab3,bull,s87|s58|s45|s82,4,0.0257761012,0.0112357335,1.7423,0.0,-5.9651,7,42.8571,0.01647,3,0.4286,39255.59,3.9256,66.6667,1.3439,4.0316,3,0.4286,2729.73,0.273,33.3333,0.1102,0.3305,1,0.1429,-10929.88,-1.093,0.0,-1.1236,-1.1236
037942f6,bear,s18|s20,2,0.0257362987,0.014606226,-2.3091,0.0,-8.3937,11,36.3636,0.016428,1,0.0909,25883.85,2.5884,100.0,2.5736,2.5736,4,0.3636,-18611.49,-1.8611,25.0,-0.4521,-1.8082,6,0.5455,-8128.47,-0.8128,33.3333,-0.1159,-0.6952
68680574,bear,s52|s56|s99|s20|s89,5,0.0289414264,0.0144570874,1.3483,0.0,-5.5647,7,42.8571,0.016418,0,0.0,0.0,0.0,0.0,0.0,0.0,4,0.5714,-15684.73,-1.5685,25.0,-0.3607,-1.443,3,0.4286,43471.01,4.3471,66.6667,1.4475,4.3426
7d2497c7,bull,s70|s41|s2|s32,4,0.0226414158,0.0102587329,-4.0543,0.0,-7.9424,17,29.4118,0.016385,2,0.1176,-20536.75,-2.0537,0.0,-1.0259,-2.0517,10,0.5882,-4894.94,-0.4895,30.0,-0.0389,-0.3887,5,0.2941,13586.95,1.3587,40.0,0.2901,1.4507
8cfdd3bd,bull,s47|s33|s26,3,0.0280353568,0.0134684669,1.4817,0.0,-5.8333,7,42.8571,0.01638,0,0.0,0.0,0.0,0.0,0.0,0.0,5,0.7143,15043.22,1.5043,40.0,0.3133,1.5665,2,0.2857,13631.88,1.3632,50.0,0.7283,1.4567
b5672477,bull,s55|s48|s5,3,0.0276549883,0.0158077479,2.2281,0.0,-7.562,6,50.0,0.016347,2,0.3333,12302.34,1.2302,50.0,0.5924,1.1847,2,0.3333,-31303.22,-3.1303,0.0,-1.5808,-3.1615,2,0.3333,53030.69,5.3031,100.0,2.7655,5.531
0d49451f,bull,s69|s48|s32,3,0.0245081294,0.0089914941,1.6013,0.0,-5.6106,8,37.5,0.016332,1,0.125,24218.6,2.4219,100.0,2.4508,2.4508,4,0.5,-2631.66,-0.2632,25.0,-0.0617,-0.2466,3,0.375,5817.43,0.5817,33.3333,0.2175,0.6525
f4b64259,bear,s57|s71|s80,3,0.0260006896,0.0137343343,0.7758,0.0,-5.2203,7,42.8571,0.016242,0,0.0,0.0,0.0,0.0,0.0,0.0,3,0.4286,-2234.2,-0.2234,33.3333,-0.0489,-0.1468,4,0.5714,24244.15,2.4244,50.0,0.6133,2.4533
4f90df96,bull,s12|s58|s2|s6,4,0.0274311739,0.0108256124,1.0943,0.0,-5.2086,8,37.5,0.0162,3,0.375,42703.02,4.2703,66.6667,1.4679,4.4037,3,0.375,-32283.07,-3.2283,0.0,-1.0826,-3.2477,2,0.25,16148.04,1.6148,50.0,0.8303,1.6606
127c1961,bull,s75|s65,2,0.0298082933,0.0113147017,1.1349,0.0,-5.2798,8,37.5,0.016192,3,0.375,46872.63,4.6873,66.6667,1.6101,4.8302,3,0.375,-33780.7,-3.3781,0.0,-1.1315,-3.3944,2,0.25,18005.11,1.8005,50.0,0.9247,1.8494
42b515b8,bear,s61|s19|s20,3,0.0268737577,0.0152955469,-2.3547,0.0,-8.7143,11,36.3636,0.016176,2,0.1818,11428.46,1.1428,50.0,0.5789,1.1578,3,0.2727,-3996.5,-0.3996,33.3333,-0.1239,-0.3717,6,0.5455,-8725.49,-0.8725,33.3333,-0.1239,-0.7435
09fe2434,bear,s81|s23|s27,3,0.0342460815,0.0124792839,1.5991,0.0,-5.9491,8,37.5,0.016168,0,0.0,0.0,0.0,0.0,0.0,0.0,5,0.625,29858.23,2.9858,40.0,0.6211,3.1054,3,0.375,9129.26,0.9129,33.3333,0.3096,0.9288
b2bb33bc,bear,s51|s101|s90|s37,4,0.0270775418,0.0117008748,0.5357,0.0,-4.5703,8,37.5,0.016149,2,0.25,14565.34,1.4565,50.0,0.7688,1.5377,5,0.625,-19988.73,-1.9989,20.0,-0.3945,-1.9726,1,0.125,26898.51,2.6899,100.0,2.7078,2.7078
3d2081a9,bear,s28|s66|s81,3,0.0275572625,0.0153186009,0.7801,0.0,-5.4661,7,42.8571,0.016141,1,0.1429,-16095.57,-1.6096,0.0,-1.5319,-1.5319,4,0.5714,23799.27,2.3799,50.0,0.6119,2.4477,2,0.2857,12416.51,1.2417,50.0,0.6119,1.2239
cc8cba6d,bear,s100|s52,2,0.0336958496,0.0179421986,1.3136,0.0,-6.195,7,42.8571,0.016134,2,0.2857,14963.99,1.4964,50.0,0.7877,1.5754,2,0.2857,-36854.52,-3.6855,0.0,-1.7942,-3.5884,3,0.4286,49379.67,4.938,66.6667,1.6483,4.945
120b9b65,bull,s14|s54|s36,3,0.0279905366,0.0120130838,0.6532,0.0,-4.7842,8,37.5,0.016122,0,0.0,0.0,0.0,0.0,0.0,0.0,5,0.625,-20313.93,-2.0314,20.0,-0.4012,-2.0062,3,0.375,42499.05,4.2499,66.6667,1.4656,4.3968
54a203f4,bull,s21|s60|s87,3,0.0269392838,0.0136094298,1.112,0.0,-5.9893,7,42.8571,0.016107,4,0.5714,-13725.2,-1.3725,25.0,-0.3472,-1.3889,0,0.0,0.0,0.0,0.0,0.0,0.0,3,0.4286,38401.41,3.8401,66.6667,1.3423,4.0269
35d58977,bull,s12|s10|s83,3,0.0204081433,0.0112108169,0.5938,0.0,-5.3193,7,42.8571,0.016098,3,0.4286,59593.79,5.9594,100.0,2.0408,6.1224,3,0.4286,-33412.94,-3.3413,0.0,-1.1211,-3.3632,1,0.1429,-10906.18,-1.0906,0.0,-1.1211,-1.1211
919cfad2,bull,s73|s7|s79,3,0.0375880544,0.0096514538,2.307,0.0,-6.2909,10,30.0,0.016071,0,0.0,0.0,0.0,0.0,0.0,0.0,3,0.3,18038.54,1.8039,33.3333,0.6095,1.8285,7,0.7,24845.77,2.4846,28.5714,0.3846,2.6919
e118f625,bull,s73|s54|s35,3,0.0282846378,0.0145174109,1.1243,0.0,-6.115,7,42.8571,0.016061,2,0.2857,54725.47,5.4725,100.0,2.8285,5.6569,2,0.2857,-28766.7,-2.8767,0.0,-1.4517,-2.9035,3,0.4286,-1055.88,-0.1056,33.3333,-0.025,-0.075
97a8a4ab,bull,s41|s55,2,0.0186557484,0.0103974603,0.11,0.0,-4.8481,7,42.8571,0.016025,3,0.4286,26021.09,2.6021,66.6667,0.8971,2.6914,2,0.2857,-20559.58,-2.056,0.0,-1.0397,-2.0795,2,0.2857,7894.69,0.7895,50.0,0.4129,0.8258
4e8aaef5,bull,s24|s6,2,0.0242511989,0.0142629136,0.2654,0.0,-5.0699,7,42.8571,0.016019,1,0.1429,-14017.37,-1.4017,0.0,-1.4263,-1.4263,4,0.5714,-18809.09,-1.8809,25.0,-0.4634,-1.8538,2,0.2857,47025.18,4.7025,100.0,2.4251,4.8502
0465e268,bull,s68|s14|s4|s54|s24,5,0.0191042438,0.0088639843,-2.5691,0.0,-6.815,13,30.7692,0.016012,4,0.3077,-7879.09,-0.7879,25.0,-0.1872,-0.7488,4,0.3077,19006.97,1.9007,50.0,0.512,2.0481,5,0.3846,-16036.91,-1.6037,20.0,-0.327,-1.6352
240bc5c8,bull,s45|s11|s58,3,0.0222138066,0.0131436007,0.4394,0.0,-5.3412,7,42.8571,0.016003,3,0.4286,30622.39,3.0622,66.6667,1.0428,3.1284,3,0.4286,-39117.61,-3.9118,0.0,-1.3144,-3.9431,1,0.1429,21200.45,2.12,100.0,2.2214,2.2214
4d397469,bull,s4|s64|s45|s15|s44,5,0.0287274269,0.0115352481,1.3271,0.0,-5.94,8,37.5,0.015998,1,0.125,27903.86,2.7904,100.0,2.8727,2.8727,5,0.625,-17196.98,-1.7197,20.0,-0.3483,-1.7414,2,0.25,15964.52,1.5965,50.0,0.8596,1.7192
264c250c,bear,s80|s20,2,0.027525565,0.0153607612,0.5592,0.0,-5.5223,7,42.8571,0.015994,0,0.0,0.0,0.0,0.0,0.0,0.0,3,0.4286,-4064.47,-0.4064,33.3333,-0.1065,-0.3196,4,0.5714,23917.53,2.3918,50.0,0.6082,2.433
2f45644f,bull,s40|s3|s21,3,0.0260506873,0.0147751785,0.5078,0.0,-5.5064,7,42.8571,0.015972,1,0.1429,25764.3,2.5764,100.0,2.6051,2.6051,3,0.4286,-3767.11,-0.3767,33.3333,-0.1167,-0.35,3,0.4286,-4515.96,-0.4516,33.3333,-0.1167,-0.35
ac11be08,bull,s4|s55|s39,3,0.0216752132,0.0109267795,-3.4104,0.0,-6.0189,13,30.7692,0.015758,1,0.0769,20690.58,2.0691,100.0,2.1675,2.1675,7,0.5385,-43535.41,-4.3535,14.2857,-0.6269,-4.3885,5,0.3846,9549.73,0.955,40.0,0.2114,1.057
114b36c1,bull,s53|s10,2,0.0275968836,0.0115473026,0.3666,0.0,-5.2635,8,37.5,0.015708,3,0.375,42173.76,4.2174,66.6667,1.4549,4.3646,3,0.375,-34382.29,-3.4382,0.0,-1.1547,-3.4642,2,0.25,15549.08,1.5549,50.0,0.8025,1.605
edda232e,bear,s16|s20|s28,3,0.0305246647,0.0171592536,-2.2632,0.0,-9.5766,11,36.3636,0.015688,1,0.0909,30763.2,3.0763,100.0,3.0525,3.0525,4,0.3636,-21818.21,-2.1818,25.0,-0.5238,-2.0953,6,0.5455,-9248.19,-0.9248,33.3333,-0.1265,-0.7588
6ea4a9cd,bear,s97|s20|s31|s80|s37,5,0.026283837,0.0152454196,0.2414,0.0,-5.8631,7,42.8571,0.015673,0,0.0,0.0,0.0,0.0,0.0,0.0,3,0.4286,-4980.63,-0.4981,33.3333,-0.1402,-0.4207,4,0.5714,21631.48,2.1631,50.0,0.5519,2.2077
283d287b,bull,s6|s54|s12|s88,4,0.0236827553,0.0133846214,0.2323,0.0,-5.8566,7,42.8571,0.01567,3,0.4286,32631.67,3.2632,66.6667,1.1327,3.3981,2,0.2857,-26412.1,-2.6412,0.0,-1.3385,-2.6769,2,0.2857,9756.45,0.9756,50.0,0.5149,1.0298
e4ad0cb6,bull,s53|s74|s95,3,0.0269991762,0.0142397376,0.4629,0.0,-6.1745,7,42.8571,0.015666,4,0.5714,64551.05,6.4551,75.0,1.6689,6.6758,2,0.2857,-28454.64,-2.8455,0.0,-1.424,-2.8479,1,0.1429,-13768.07,-1.3768,0.0,-1.424,-1.424
753e212f,bear,s52|s99,2,0.0248452313,0.0127125829,-2.7804,0.0,-7.9037,12,33.3333,0.01564,5,0.4167,-25822.59,-2.5823,20.0,-0.5201,-2.6005,3,0.25,-1482.11,-0.1482,33.3333,-0.0193,-0.058,4,0.3333,23324.86,2.3325,50.0,0.6066,2.4265
fae51476,bear,s52|s76|s99|s28,4,0.0323816385,0.0140472084,0.8957,0.0,-6.1897,8,37.5,0.015602,2,0.25,17797.06,1.7797,50.0,0.9167,1.8334,4,0.5,-10814.38,-1.0814,25.0,-0.244,-0.976,2,0.25,18137.52,1.8138,50.0,0.9167,1.8334
6c6e3c04,bull,s9|s30|s15,3,0.0333013725,0.0084437199,0.4513,0.0,-4.2676,11,27.2727,0.015581,1,0.0909,-8341.67,-0.8342,0.0,-0.8444,-0.8444,6,0.5455,-9107.15,-0.9107,16.6667,-0.1486,-0.8917,4,0.3636,47528.19,4.7528,50.0,1.2429,4.9715
ded58b61,bull,s15|s43|s87|s24|s95,5,0.0253138616,0.0147137747,0.7195,0.0,-6.7389,7,42.8571,0.015573,1,0.1429,-14453.85,-1.4454,0.0,-1.4714,-1.4714,4,0.5714,20026.5,2.0027,50.0,0.53,2.12,2,0.2857,9831.21,0.9831,50.0,0.53,1.06
dc286c00,bear,s90|s29|s56,3,0.0255450609,0.0134588679,0.1075,0.0,-5.9658,7,42.8571,0.015555,3,0.4286,-2220.54,-0.2221,33.3333,-0.0458,-0.1373,1,0.1429,-13759.48,-1.3759,0.0,-1.3459,-1.3459,3,0.4286,37766.88,3.7767,66.6667,1.2544,3.7631
6840fc21,bear,s81|s56|s26,3,0.029274724,0.017646173,0.1376,0.0,-6.0446,7,42.8571,0.015538,2,0.2857,11007.53,1.1008,50.0,0.5814,1.1629,1,0.1429,-18006.51,-1.8007,0.0,-1.7646,-1.7646,4,0.5714,22639.5,2.264,50.0,0.5814,2.3257
4d71fad8,bear,s17|s50|s26,3,0.0313913226,0.013453165,0.9091,0.0,-6.3484,8,37.5,0.015535,3,0.375,3630.99,0.3631,33.3333,0.1495,0.4485,2,0.25,-26972.83,-2.6973,0.0,-1.3453,-2.6906,3,0.375,48502.98,4.8503,66.6667,1.6443,4.9329
47cc0ca4,bull,s60|s83|s36|s1|s93,5,0.018438615,0.0090405861,-2.9791,0.0,-7.0023,13,30.7692,0.01544,3,0.2308,-259.95,-0.026,33.3333,0.0119,0.0357,5,0.3846,-17607.37,-1.7607,20.0,-0.3545,-1.7724,5,0.3846,8832.31,0.8832,40.0,0.1951,0.9755
fca2e5a1,bear,s13|s29|s37,3,0.0251492938,0.0110726678,-2.6505,0.0,-7.457,13,30.7692,0.015427,7,0.5385,-5669.23,-0.5669,28.5714,-0.0724,-0.5065,4,0.3077,-8236.14,-0.8236,25.0,-0.2017,-0.8069,2,0.1538,13272.93,1.3273,50.0,0.7038,1.4077
70f91506,bull,s4|s96|s39|s60,4,0.0246988359,0.0112517661,0.285,0.0,-5.7407,8,37.5,0.015427,3,0.375,37442.36,3.7442,66.6667,1.2715,3.8146,2,0.25,-22535.7,-2.2536,0.0,-1.1252,-2.2504,3,0.375,1470.32,0.147,33.3333,0.0732,0.2195
32eb1a27,bull,s45|s6|s96,3,0.03518304,0.0112527916,1.3995,0.0,-6.6577,9,33.3333,0.015412,1,0.1111,-10946.1,-1.0946,0.0,-1.1253,-1.1253,4,0.4444,856.94,0.0857,25.0,0.0356,0.1425,4,0.4444,45881.26,4.5881,50.0,1.1965,4.786
860da838,bull,s60|s68|s40,3,0.0212312031,0.0126573768,0.164,0.0,-6.4976,7,42.8571,0.015363,5,0.7143,3947.76,0.3948,40.0,0.0898,0.449,0,0.0,0.0,0.0,0.0,0.0,0.0,2,0.2857,7718.27,0.7718,50.0,0.4287,0.8574
934bf76c,bull,s33|s53|s12,3,0.0251198697,0.0152081662,0.1358,0.0,-6.463,7,42.8571,0.015362,2,0.2857,48331.28,4.8331,100.0,2.512,5.024,4,0.5714,-20848.27,-2.0848,25.0,-0.5126,-2.0505,1,0.1429,-14675.54,-1.4676,0.0,-1.5208,-1.5208
81823c50,bear,s37|s13|s25|s80,4,0.029819124,0.0177014281,0.2743,0.0,-6.6728,7,42.8571,0.015351,2,0.2857,-36994.75,-3.6995,0.0,-1.7701,-3.5403,3,0.4286,42318.83,4.2319,66.6667,1.3979,4.1937,2,0.2857,11693.9,1.1694,50.0,0.6059,1.2118
01f150c6,bull,s46|s84|s21,3,0.0283039476,0.0159017863,0.563,0.0,-7.0627,7,42.8571,0.015349,0,0.0,0.0,0.0,0.0,0.0,0.0,5,0.7143,-34953.59,-3.4954,20.0,-0.7061,-3.5303,2,0.2857,54276.89,5.4277,100.0,2.8304,5.6608
16306282,bull,s53|s96,2,0.0267808542,0.0160598087,-0.3406,0.0,-5.9049,7,42.8571,0.015329,2,0.2857,10367.61,1.0368,50.0,0.5361,1.0721,3,0.4286,-47849.25,-4.7849,0.0,-1.606,-4.8179,2,0.2857,51757.94,5.1758,100.0,2.6781,5.3562
fce77ddf,bull,s58|s84|s48,3,0.0236877842,0.0147018099,0.1401,0.0,-6.6951,7,42.8571,0.015266,3,0.4286,31638.17,3.1638,66.6667,1.0891,3.2674,2,0.2857,-29262.88,-2.9263,0.0,-1.4702,-2.9404,2,0.2857,8298.73,0.8299,50.0,0.4493,0.8986
968f8c59,bull,s21|s39,2,0.023229793,0.0145852265,-0.242,0.0,-6.1927,7,42.8571,0.015264,4,0.5714,52680.22,5.268,75.0,1.3776,5.5104,3,0.4286,-42874.04,-4.2874,0.0,-1.4585,-4.3756,0,0.0,0.0,0.0,0.0,0.0,0.0
14f75c16,bull,s53|s43|s33|s5|s94,5,0.0341615702,0.0096368907,0.9092,0.0,-5.7816,10,30.0,0.015258,0,0.0,0.0,0.0,0.0,0.0,0.0,5,0.5,-4801.01,-0.4801,20.0,-0.0877,-0.4386,5,0.5,37617.1,3.7617,40.0,0.7882,3.9412
523cef99,bull,s75|s21|s36|s15|s43,5,0.0291848128,0.0128266456,0.1817,0.0,-5.9627,8,37.5,0.015254,0,0.0,0.0,0.0,0.0,0.0,0.0,5,0.625,-22210.23,-2.221,20.0,-0.4424,-2.2122,3,0.375,43655.75,4.3656,66.6667,1.5181,4.5543
959e53ba,bull,s21|s14|s35,3,0.0183790465,0.0082924734,-4.5722,0.0,-8.3788,17,29.4118,0.015235,2,0.1176,9160.32,0.916,50.0,0.5043,1.0087,8,0.4706,-13645.96,-1.3646,25.0,-0.1625,-1.2997,7,0.4118,-5059.17,-0.5059,28.5714,-0.0672,-0.4704
37280d79,bull,s38|s78|s40,3,0.0292146986,0.011153285,0.4667,0.0,-5.777,9,33.3333,0.015216,1,0.1111,-10851.48,-1.0851,0.0,-1.1153,-1.1153,5,0.5556,23733.54,2.3734,40.0,0.4994,2.497,3,0.3333,5904.89,0.5905,33.3333,0.2303,0.6908
332e12b5,bear,s100|s29|s18,3,0.0259110919,0.016920188,-0.5488,0.0,-5.9013,7,42.8571,0.015214,2,0.2857,8827.98,0.8828,50.0,0.4495,0.8991,1,0.1429,-17386.1,-1.7386,0.0,-1.692,-1.692,4,0.5714,17274.88,1.7275,50.0,0.4495,1.7982
5c1ee3ba,bear,s77|s90|s26,3,0.0290401717,0.0183443194,-0.2157,0.0,-6.459,7,42.8571,0.015166,2,0.2857,-38267.86,-3.8268,0.0,-1.8344,-3.6689,4,0.5714,21588.58,2.1589,50.0,0.5348,2.1392,1,0.1429,28771.63,2.8772,100.0,2.904,2.904
21229e79,bear,s101|s18|s26,3,0.0300171104,0.0186663143,-0.0622,0.0,-6.6844,7,42.8571,0.015158,2,0.2857,10279.8,1.028,50.0,0.5675,1.1351,3,0.4286,-7373.92,-0.7374,33.3333,-0.2439,-0.7316,2,0.2857,10737.47,1.0737,50.0,0.5675,1.1351
901f0da8,bull,s41|s2|s78,3,0.0238794734,0.0097067287,-2.6383,0.0,-7.0188,14,28.5714,0.015149,0,0.0,0.0,0.0,0.0,0.0,0.0,10,0.7143,2002.3,0.2002,30.0,0.0369,0.3691,4,0.2857,-5745.69,-0.5746,25.0,-0.131,-0.5241
badb445b,bull,s74|s79|s47,3,0.0239186671,0.0080669206,0.2294,0.0,-5.0853,10,30.0,0.015132,2,0.2,-16036.74,-1.6037,0.0,-0.8067,-1.6134,3,0.3,7470.88,0.7471,33.3333,0.2595,0.7785,5,0.5,22583.58,2.2584,40.0,0.4727,2.3637
87a0a591,bear,s77|s52|s99,3,0.0246784696,0.0091432174,-3.2958,0.0,-9.3974,18,27.7778,0.015105,4,0.2222,30388.36,3.0388,50.0,0.7768,3.1071,11,0.6111,-33107.8,-3.3108,18.1818,-0.2994,-3.2932,3,0.1667,5203.03,0.5203,33.3333,0.2131,0.6392
e7b944a2,bull,s84|s6|s44|s46,4,0.0221114522,0.0144247529,-0.2097,0.0,-6.6164,7,42.8571,0.015104,1,0.1429,21442.54,2.1443,100.0,2.2111,2.2111,4,0.5714,-21106.88,-2.1107,25.0,-0.5291,-2.1163,2,0.2857,6846.56,0.6847,50.0,0.3843,0.7687
2cd7fbf6,bear,s13|s90|s25,3,0.0253048867,0.0158156345,-0.2775,0.0,-6.5372,7,42.8571,0.015099,1,0.1429,-16250.18,-1.625,0.0,-1.5816,-1.5816,3,0.4286,35106.62,3.5107,66.6667,1.1598,3.4794,3,0.4286,-7423.53,-0.7424,33.3333,-0.2109,-0.6326
40f25410,bull,s70|s39|s55|s75,4,0.0298494237,0.0136967275,-0.0656,0.0,-6.0022,8,37.5,0.015077,2,0.25,57548.44,5.7548,100.0,2.9849,5.9699,4,0.5,-54133.67,-5.4134,0.0,-1.3697,-5.4787,2,0.25,15514.64,1.5515,50.0,0.8076,1.6153
832dfddc,bear,s89|s72|s51|s18|s97,5,0.0275737127,0.017958635,-0.486,0.0,-6.3649,7,42.8571,0.015055,2,0.2857,8676.04,0.8676,50.0,0.4808,0.9615,2,0.2857,-36710.59,-3.6711,0.0,-1.7959,-3.5917,3,0.4286,37399.13,3.7399,66.6667,1.2396,3.7189
b922d01d,bull,s64|s93|s82,3,0.0194587719,0.0114267377,-8.2225,0.0,-11.0024,25,32.0,0.015051,5,0.2,-24840.28,-2.484,20.0,-0.525,-2.6248,12,0.48,-15908.48,-1.5908,33.3333,-0.1132,-1.3579,8,0.32,99.33,0.0099,37.5,0.0155,0.1243
1d42a062,bear,s51|s89|s101,3,0.0247383944,0.0127506021,-0.6812,0.0,-5.2557,8,37.5,0.015041,2,0.25,11611.33,1.1611,50.0,0.5994,1.1988,3,0.375,-38517.02,-3.8517,0.0,-1.2751,-3.8252,3,0.375,36134.42,3.6134,66.6667,1.2242,3.6726
2157cead,bull,s96|s32|s60|s39|s3,5,0.023051787,0.0120142563,-0.2666,0.0,-5.9586,8,37.5,0.014969,3,0.375,33244.49,3.3244,66.6667,1.1363,3.4089,2,0.25,-23996.33,-2.3996,0.0,-1.2014,-2.4029,3,0.375,-1584.86,-0.1585,33.3333,-0.0326,-0.0977
f02f3d78,bull,s45|s35|s65|s30,4,0.0286176664,0.0187927323,-0.5225,0.0,-6.5837,7,42.8571,0.014942,2,0.2857,9319.48,0.9319,50.0,0.4912,0.9825,3,0.4286,-55833.13,-5.5833,0.0,-1.8793,-5.6378,2,0.2857,54973.62,5.4974,100.0,2.8618,5.7235
316f0e7e,bull,s55|s44|s12,3,0.0261751208,0.0125394517,-0.55,0.0,-5.7005,8,37.5,0.014912,3,0.375,38174.53,3.8175,66.6667,1.327,3.9811,3,0.375,-37197.94,-3.7198,0.0,-1.2539,-3.7618,2,0.25,13092.8,1.3093,50.0,0.6818,1.3636
90e298c4,bear,s19|s61|s81,3,0.0298979993,0.0187764169,-0.1418,0.0,-7.1647,7,42.8571,0.014911,1,0.1429,-19407.2,-1.9407,0.0,-1.8776,-1.8776,3,0.4286,41441.09,4.1441,66.6667,1.3673,4.102,3,0.4286,-9191.17,-0.9191,33.3333,-0.2552,-0.7655
455a58ca,bear,s90|s16|s27,3,0.0304230739,0.0131247381,0.1458,0.0,-6.685,8,37.5,0.014885,1,0.125,-13657.89,-1.3658,0.0,-1.3125,-1.3125,5,0.625,20519.12,2.0519,40.0,0.4294,2.1472,2,0.25,17388.98,1.7389,50.0,0.8649,1.7298
27b8b46f,bull,s88|s93|s64|s96,4,0.026718014,0.0169997785,-0.3476,0.0,-7.0157,7,42.8571,0.014859,2,0.2857,-33327.55,-3.3328,0.0,-1.7,-3.4,2,0.2857,9122.63,0.9123,50.0,0.4859,0.9718,3,0.4286,34363.75,3.4364,66.6667,1.2145,3.6436
11a5cd67,bear,s57|s28|s18,3,0.0331310656,0.0143858481,0.2944,0.0,-6.9472,8,37.5,0.014854,1,0.125,-14783.66,-1.4784,0.0,-1.4386,-1.4386,4,0.5,36748.69,3.6749,50.0,0.9373,3.749,3,0.375,3818.21,0.3818,33.3333,0.1453,0.4359
4f61568f,bull,s84|s33|s68|s35,4,0.0263599723,0.0093515036,0.3689,0.0,-6.337,9,33.3333,0.014844,1,0.1111,-9131.64,-0.9132,0.0,-0.9352,-0.9352,4,0.4444,-1940.51,-0.1941,25.0,-0.0424,-0.1695,4,0.4444,32375.6,3.2376,50.0,0.8504,3.4017
30cff77e,bull,s91|s95|s84|s42,4,0.0232594691,0.0138169538,-0.0674,0.0,-7.4274,7,42.8571,0.014843,3,0.4286,-40548.03,-4.0548,0.0,-1.3817,-4.1451,1,0.1429,22738.16,2.2738,100.0,2.3259,2.3259,3,0.4286,30698.28,3.0698,66.6667,1.0901,3.2702
a8659c1c,bull,s58|s42|s1,3,0.0217988745,0.0113594173,-0.4011,0.0,-6.096,8,37.5,0.014817,2,0.25,10146.2,1.0146,50.0,0.522,1.0439,5,0.625,-23600.25,-2.36,20.0,-0.4728,-2.3639,1,0.125,20638.55,2.0639,100.0,2.1799,2.1799
37e43fe7,bull,s30|s10|s44|s36|s55,5,0.0292148744,0.019391479,-0.9828,0.0,-6.4044,7,42.8571,0.01476,2,0.2857,56344.59,5.6345,100.0,2.9215,5.843,4,0.5714,-76041.51,-7.6042,0.0,-1.9391,-7.7566,1,0.1429,27355.89,2.7356,100.0,2.9215,2.9215
02cf9e8e,bear,s18|s72|s26,3,0.0316702643,0.0150230332,0.1886,0.0,-7.0048,8,37.5,0.014758,2,0.25,16525.48,1.6525,50.0,0.8324,1.6647,2,0.25,-30671.49,-3.0671,0.0,-1.5023,-3.0046,4,0.5,32342.35,3.2342,50.0,0.8324,3.3294
361f7fe4,bull,s6|s12|s27,3,0.024620028,0.0101273135,-0.1698,0.0,-5.8338,9,33.3333,0.014727,2,0.2222,-19828.04,-1.9828,0.0,-1.0127,-2.0255,4,0.4444,-6039.01,-0.6039,25.0,-0.144,-0.5762,3,0.3333,37383.04,3.7383,66.6667,1.3038,3.9113
62911fdc,bull,s21|s15|s43,3,0.027205734,0.0086898761,0.4839,0.0,-6.1687,10,30.0,0.014686,0,0.0,0.0,0.0,0.0,0.0,0.0,6,0.6,18909.15,1.8909,33.3333,0.3275,1.9652,4,0.4,342.09,0.0342,25.0,0.0284,0.1136
4a78032d,bear,s85|s72|s31,3,0.026843966,0.0135726848,-0.4827,0.0,-6.3032,8,37.5,0.014666,3,0.375,-788.73,-0.0789,33.3333,-0.01,-0.0301,2,0.25,-27508.33,-2.7508,0.0,-1.3573,-2.7145,3,0.375,39694.73,3.9695,66.6667,1.3372,4.0115
ccd84676,bull,s83|s44|s27,3,0.0279125425,0.0089841318,0.1646,0.0,-5.8096,10,30.0,0.014646,3,0.3,-26303.34,-2.6303,0.0,-0.8984,-2.6952,5,0.5,27375.29,2.7375,40.0,0.5775,2.8873,2,0.2,17801.19,1.7801,50.0,0.9464,1.8928
5503191a,bull,s6|s33|s46,3,0.0266116421,0.0139943193,-0.2277,0.0,-6.738,8,37.5,0.01462,1,0.125,25954.18,2.5954,100.0,2.6612,2.6612,4,0.5,-15752.28,-1.5752,25.0,-0.3843,-1.5371,3,0.375,-2185.68,-0.2186,33.3333,-0.0459,-0.1377
4b159b34,bull,s75|s7|s26,3,0.0341174511,0.0088718629,0.3422,0.0,-5.6269,11,27.2727,0.014587,2,0.1818,23860.95,2.3861,50.0,1.2623,2.5246,6,0.5455,-10525.88,-1.0526,16.6667,-0.1707,-1.0242,3,0.2727,15622.99,1.5623,33.3333,0.5458,1.6374
e7e3bb0f,bull,s33|s10,2,0.0332279585,0.0159700965,-0.2366,0.0,-6.916,8,37.5,0.014529,1,0.125,32420.24,3.242,100.0,3.3228,3.3228,4,0.5,-15166.47,-1.5166,25.0,-0.3671,-1.4682,3,0.375,-6.81,-0.0007,33.3333,0.0429,0.1288
a3de3522,bull,s64|s47,2,0.0209466681,0.0116904242,-1.2526,0.0,-5.5969,8,37.5,0.014512,1,0.125,-11899.55,-1.19,0.0,-1.169,-1.169,6,0.75,-5153.11,-0.5153,33.3333,-0.0811,-0.4868,1,0.125,20459.19,2.0459,100.0,2.0947,2.0947
2261e090,bear,s80|s29,2,0.030932691,0.0084034577,0.1926,0.0,-5.5509,11,27.2727,0.014506,7,0.6364,19153.87,1.9154,28.5714,0.2835,1.9848,2,0.1818,-17072.64,-1.7073,0.0,-0.8403,-1.6807,2,0.1818,21743.2,2.1743,50.0,1.1265,2.2529
49e73a14,bear,s13|s18|s29|s19,4,0.0237309355,0.0094204043,-2.8428,0.0,-7.5307,14,28.5714,0.01449,6,0.4286,9504.64,0.9505,33.3333,0.163,0.978,4,0.2857,-4635.22,-0.4635,25.0,-0.1133,-0.453,4,0.2857,-5432.27,-0.5432,25.0,-0.1133,-0.453
f2babfca,bear,s90|s101,2,0.0289251735,0.0089975034,0.2321,0.0,-6.1592,10,30.0,0.01449,4,0.4,1351.17,0.1351,25.0,0.0483,0.1933,4,0.4,1997.44,0.1997,25.0,0.0483,0.1933,2,0.2,19142.57,1.9143,50.0,0.9964,1.9928
2fc6cef1,bull,s75|s94|s12,3,0.0182245433,0.0114748239,-1.5002,0.0,-5.3258,8,37.5,0.014483,4,0.5,41391.8,4.1392,75.0,1.08,4.3199,3,0.375,-33985.95,-3.3986,0.0,-1.1475,-3.4424,1,0.125,-11157.06,-1.1157,0.0,-1.1475,-1.1475
ce2e9dc4,bull,s40|s30|s5|s58|s3,5,0.0272115358,0.0141280412,-0.6457,0.0,-6.5152,8,37.5,0.014459,4,0.5,64892.51,6.4893,75.0,1.6877,6.7507,2,0.25,-28242.07,-2.8242,0.0,-1.4128,-2.8256,2,0.25,-27563.9,-2.7564,0.0,-1.4128,-2.8256
99a4a287,bull,s24|s74|s26,3,0.0251844031,0.0132530174,-0.7937,0.0,-6.3235,8,37.5,0.014457,2,0.25,11357.62,1.1358,50.0,0.5966,1.1931,3,0.375,-39214.72,-3.9215,0.0,-1.3253,-3.9759,3,0.375,35396.97,3.5397,66.6667,1.2372,3.7116
467f7146,bull,s6|s88|s78,3,0.0266452963,0.011396838,-0.3469,0.0,-6.1284,9,33.3333,0.014441,0,0.0,0.0,0.0,0.0,0.0,0.0,5,0.5556,-19222.22,-1.9222,20.0,-0.3788,-1.8942,4,0.4444,29001.03,2.9001,50.0,0.7624,3.0497
239f7cb1,bear,s49|s90|s99,3,0.030594395,0.016061624,-0.6517,0.0,-6.6087,8,37.5,0.014411,2,0.25,13966.26,1.3966,50.0,0.7266,1.4533,5,0.625,12257.4,1.2257,40.0,0.2601,1.3004,1,0.125,-16669.79,-1.667,0.0,-1.6062,-1.6062
d9c12f1e,bull,s36|s38,2,0.026333934,0.0147997816,-1.2494,0.0,-5.817,8,37.5,0.014408,0,0.0,0.0,0.0,0.0,0.0,0.0,7,0.875,-21960.45,-2.196,28.5714,-0.3047,-2.1331,1,0.125,25006.28,2.5006,100.0,2.6334,2.6334
11d33813,bull,s15|s35|s46|s82,4,0.0238123808,0.009268526,0.2127,0.0,-6.9377,9,33.3333,0.014407,3,0.3333,36663.75,3.6664,66.6667,1.2785,3.8356,4,0.4444,-4343.75,-0.4344,25.0,-0.0998,-0.3993,2,0.2222,-18002.45,-1.8002,0.0,-0.9269,-1.8537
e1764a2d,bull,s75|s15,2,0.0300450699,0.0094111021,-0.1318,0.0,-5.8168,10,30.0,0.014404,4,0.4,39461.77,3.9462,50.0,1.0317,4.1268,4,0.4,-37035.79,-3.7036,0.0,-0.9411,-3.7644,2,0.2,19721.45,1.9721,50.0,1.0317,2.0634
a5d02f12,bull,s4|s30|s75|s21,4,0.0242508574,0.0106721557,-0.8231,0.0,-5.592,9,33.3333,0.014388,3,0.3333,36282.0,3.6282,66.6667,1.261,3.783,3,0.3333,-31641.38,-3.1641,0.0,-1.0672,-3.2016,3,0.3333,2486.77,0.2487,33.3333,0.0969,0.2907
4361b1d5,bull,s95|s45|s43|s3|s65,5,0.030186471,0.0084314637,-0.4445,0.0,-4.8816,11,27.2727,0.014387,4,0.3636,41956.25,4.1956,50.0,1.0878,4.351,3,0.2727,-25176.85,-2.5177,0.0,-0.8431,-2.5294,4,0.3636,4319.48,0.4319,25.0,0.1223,0.4892
59c2f8fa,bull,s30|s96|s26,3,0.0266154066,0.0110275901,-0.1321,0.0,-6.5247,9,33.3333,0.014382,1,0.1111,25564.98,2.5565,100.0,2.6615,2.6615,5,0.5556,-17771.26,-1.7771,20.0,-0.3499,-1.7495,3,0.3333,4072.83,0.4073,33.3333,0.152,0.456
c1c41714,bull,s6|s42|s26,3,0.0316818491,0.0159216168,-0.2552,0.0,-7.2838,8,37.5,0.01434,0,0.0,0.0,0.0,0.0,0.0,0.0,5,0.625,14306.88,1.4307,40.0,0.312,1.5599,3,0.375,-1326.7,-0.1327,33.3333,-0.0054,-0.0161
86b7f431,bear,s56|s81|s61|s90|s66,5,0.0303251095,0.0099976273,-0.0677,0.0,-6.0554,10,30.0,0.014313,2,0.2,19943.75,1.9944,50.0,1.0164,2.0327,2,0.2,-20288.01,-2.0288,0.0,-0.9998,-1.9995,6,0.6,19825.81,1.9826,33.3333,0.3443,2.066
10c49d3c,bear,s19|s71|s27,3,0.0236393922,0.0128808757,-3.3702,0.0,-8.9622,12,33.3333,0.014312,3,0.25,-1957.2,-0.1957,33.3333,-0.0707,-0.2122,4,0.3333,-15555.59,-1.5556,25.0,-0.3751,-1.5003,5,0.4167,8011.06,0.8011,40.0,0.1727,0.8636
ae83732e,bear,s37|s19|s18|s72|s61,5,0.0209909542,0.0113831916,-5.2675,0.0,-9.358,16,31.25,0.014274,5,0.3125,8359.64,0.836,40.0,0.1566,0.7832,7,0.4375,-14071.85,-1.4072,28.5714,-0.2133,-1.4934,4,0.25,-15095.02,-1.5095,25.0,-0.329,-1.3159
0599cb5f,bear,s52|s28|s85|s99|s37,5,0.0264881259,0.0080240277,-2.1917,0.0,-7.2401,16,25.0,0.014244,3,0.1875,44861.07,4.4861,66.6667,1.4984,4.4952,8,0.5,-30238.0,-3.0238,12.5,-0.371,-2.968,5,0.3125,-6683.77,-0.6684,20.0,-0.1122,-0.5608
dd244e00,bull,s41|s84|s79,3,0.0304246102,0.0080016395,1.3939,0.0,-7.6023,11,27.2727,0.014209,2,0.1818,-15670.44,-1.567,0.0,-0.8002,-1.6003,3,0.2727,13710.39,1.371,33.3333,0.4807,1.4421,6,0.5455,27051.84,2.7052,33.3333,0.4807,2.8843
ecf097f7,bull,s70|s53|s88|s47|s44,5,0.0248933314,0.0107168435,-0.8722,0.0,-5.8632,9,33.3333,0.014206,3,0.3333,2821.64,0.2822,33.3333,0.1153,0.346,3,0.3333,-31216.62,-3.1217,0.0,-1.0717,-3.2151,3,0.3333,37056.23,3.7056,66.6667,1.3023,3.907
42175746,bull,s40|s96,2,0.0264045559,0.0134604012,-0.5558,0.0,-7.2325,8,37.5,0.014173,2,0.25,12140.62,1.2141,50.0,0.6472,1.2944,4,0.5,-14244.49,-1.4244,25.0,-0.3494,-1.3977,2,0.25,12151.45,1.2151,50.0,0.6472,1.2944
47065c43,bull,s60|s3|s70|s40,4,0.0278381401,0.0164117771,-2.0099,0.0,-5.3594,8,37.5,0.014141,4,0.5,20979.29,2.0979,50.0,0.5713,2.2853,2,0.25,-32523.69,-3.2524,0.0,-1.6412,-3.2824,2,0.25,10965.21,1.0965,50.0,0.5713,1.1426
33843478,bull,s7|s3|s34,3,0.022866094,0.0138456522,-4.1971,0.0,-8.1185,12,33.3333,0.014125,1,0.0833,-13460.41,-1.346,0.0,-1.3846,-1.3846,9,0.75,-15700.06,-1.57,33.3333,-0.1608,-1.4476,2,0.1667,8031.46,0.8031,50.0,0.451,0.902
897e8b8f,bull,s68|s58|s44|s11|s1,5,0.0267407221,0.0143720781,-0.905,0.0,-6.8959,8,37.5,0.014111,3,0.375,37793.59,3.7794,66.6667,1.3036,3.9109,4,0.5,-56486.99,-5.6487,0.0,-1.4372,-5.7488,1,0.125,25010.15,2.501,100.0,2.6741,2.6741
cb507b2d,bear,s28|s90|s26,3,0.0342983826,0.0177307969,-1.0641,0.0,-6.7883,8,37.5,0.014061,2,0.25,16169.59,1.617,50.0,0.8284,1.6568,6,0.75,-4216.73,-0.4217,33.3333,-0.0388,-0.2326,0,0.0,0.0,0.0,0.0,0.0,0.0
981bb9dc,bear,s52|s28|s27,3,0.03188352,0.0110577293,0.306,0.0,-7.7878,9,33.3333,0.014015,1,0.1111,-11563.85,-1.1564,0.0,-1.1058,-1.1058,6,0.6667,18393.9,1.8394,33.3333,0.3256,1.9536,2,0.2222,21086.73,2.1087,50.0,1.0413,2.0826
3aad7cf5,bull,s53|s11|s9|s32,4,0.0280490069,0.0158966771,-1.0846,0.0,-6.8793,8,37.5,0.014004,1,0.125,27236.08,2.7236,100.0,2.8049,2.8049,4,0.5,-20081.83,-2.0082,25.0,-0.491,-1.9641,3,0.375,-4605.39,-0.4605,33.3333,-0.1248,-0.3744
43a26ae3,bear,s81|s37|s97,3,0.0342369546,0.0163148203,0.3111,0.0,-8.8736,8,37.5,0.01394,1,0.125,-16736.11,-1.6736,0.0,-1.6315,-1.6315,2,0.25,18073.98,1.8074,50.0,0.8961,1.7922,5,0.625,17687.76,1.7688,40.0,0.3906,1.9529
c739247d,bull,s42|s21|s26,3,0.0240908547,0.0135131327,-1.1093,0.0,-7.0365,8,37.5,0.013913,4,0.5,-16563.52,-1.6564,25.0,-0.4112,-1.6449,2,0.25,10167.79,1.0168,50.0,0.5289,1.0578,2,0.25,9362.38,0.9362,50.0,0.5289,1.0578
2ed60dab,bear,s50|s25|s71|s100|s76,5,0.0224436515,0.0145646744,-2.2531,0.0,-5.514,8,37.5,0.013911,5,0.625,300.02,0.03,40.0,0.0239,0.1193,1,0.125,-14410.73,-1.4411,0.0,-1.4565,-1.4565,2,0.25,7304.9,0.7305,50.0,0.3939,0.7879
48b60ee0,bull,s53|s2|s4,3,0.026251257,0.011678504,-1.4575,0.0,-5.6307,9,33.3333,0.01391,3,0.3333,38803.11,3.8803,66.6667,1.3608,4.0824,4,0.4444,-45909.6,-4.591,0.0,-1.1679,-4.6714,2,0.2222,13880.01,1.388,50.0,0.7286,1.4573
1148009b,bull,s11|s4|s69|s55,4,0.0337966013,0.008694108,-0.6789,0.0,-4.8197,12,25.0,0.013878,0,0.0,0.0,0.0,0.0,0.0,0.0,6,0.5,-10218.6,-1.0219,16.6667,-0.1612,-0.9674,6,0.5,30776.54,3.0777,33.3333,0.5469,3.2817
1a150d54,bear,s66|s20|s50,3,0.0261508775,0.0101029455,-1.3533,0.0,-5.1241,10,30.0,0.013843,4,0.4,31228.85,3.1229,50.0,0.8024,3.2096,2,0.2,-20049.03,-2.0049,0.0,-1.0103,-2.0206,4,0.4,-4966.81,-0.4967,25.0,-0.1039,-0.4158
eb91d2a5,bear,s101|s76|s90,3,0.0254313402,0.0157607624,-1.9902,0.0,-6.0158,8,37.5,0.013839,2,0.25,9209.75,0.921,50.0,0.4835,0.9671,4,0.5,-21710.65,-2.1711,25.0,-0.5463,-2.1851,2,0.25,8571.33,0.8571,50.0,0.4835,0.9671
012203b7,bear,s16|s86|s61|s29,4,0.0270876365,0.0087888804,-1.2347,0.0,-4.7067,11,27.2727,0.013807,5,0.4545,27072.28,2.7072,40.0,0.5562,2.7809,4,0.3636,-35284.45,-3.5284,0.0,-0.8789,-3.5156,2,0.1818,17711.68,1.7712,50.0,0.9149,1.8299
afe1d163,bull,s6|s15|s91,3,0.0354985774,0.0123546252,-0.6289,0.0,-6.2719,10,30.0,0.013734,1,0.1,-11991.12,-1.1991,0.0,-1.2355,-1.2355,5,0.5,-14673.65,-1.4674,20.0,-0.2784,-1.392,4,0.4,43852.91,4.3853,50.0,1.1572,4.6288
5610024b,bear,s76|s20|s27,3,0.0223909932,0.0129567789,-1.4667,0.0,-6.946,8,37.5,0.013727,1,0.125,-13077.06,-1.3077,0.0,-1.2957,-1.2957,4,0.5,-17331.75,-1.7332,25.0,-0.412,-1.6479,3,0.375,31871.27,3.1871,66.6667,1.0608,3.1825
a3907a10,bear,s97|s17|s27,3,0.0303151723,0.0162530015,-0.8293,0.0,-7.8324,8,37.5,0.01371,2,0.25,-33404.32,-3.3404,0.0,-1.6253,-3.2506,2,0.25,13883.4,1.3883,50.0,0.7031,1.4062,4,0.5,27476.44,2.7476,50.0,0.7031,2.8124
2dc9c1c2,bull,s91|s12|s64|s73|s6,5,0.0358487442,0.0100712504,-0.1251,0.0,-6.3432,11,27.2727,0.013703,1,0.0909,-9701.86,-0.9702,0.0,-1.0071,-1.0071,7,0.6364,-24839.02,-2.4839,14.2857,-0.3511,-2.4579,3,0.2727,58723.05,5.8723,66.6667,2.0542,6.1626
e691ac1d,bull,s35|s30|s96|s91,4,0.0283770576,0.0098431215,-0.7598,0.0,-6.1739,10,30.0,0.013688,2,0.2,17873.53,1.7874,50.0,0.9267,1.8534,4,0.4,-38976.03,-3.8976,0.0,-0.9843,-3.9372,4,0.4,35430.17,3.543,50.0,0.9267,3.7068
33805293,bull,s54|s42|s69|s44,4,0.022284631,0.0139472203,-1.772,0.0,-6.7353,8,37.5,0.013633,1,0.125,21386.28,2.1386,100.0,2.2285,2.2285,5,0.625,-33223.68,-3.3224,20.0,-0.6701,-3.3504,2,0.25,7385.15,0.7385,50.0,0.4169,0.8337
34976b73,bull,s41|s93|s27,3,0.0273457082,0.0165330351,-1.8252,0.0,-6.6774,8,37.5,0.013627,0,0.0,0.0,0.0,0.0,0.0,0.0,5,0.625,3797.26,0.3797,40.0,0.1018,0.5092,3,0.375,-6493.85,-0.6494,33.3333,-0.1907,-0.572
5aa07c83,bull,s14|s12|s79,3,0.0281006367,0.013048485,-1.745,0.0,-5.8462,9,33.3333,0.013587,3,0.3333,40975.32,4.0975,66.6667,1.4384,4.3153,3,0.3333,-38733.94,-3.8734,0.0,-1.3048,-3.9145,3,0.3333,1741.77,0.1742,33.3333,0.0668,0.2004
44fce215,bear,s97|s85|s28,3,0.021783468,0.010194957,-2.1043,0.0,-5.373,9,33.3333,0.013583,7,0.7778,-8233.48,-0.8233,28.5714,-0.1058,-0.7408,2,0.2222,11628.8,1.1629,50.0,0.5794,1.1589,0,0.0,0.0,0.0,0.0,0.0,0.0
ee649082,bull,s6|s91|s45|s8,4,0.0247746352,0.0147793049,-1.6886,0.0,-6.9605,8,37.5,0.013578,1,0.125,-14274.12,-1.4274,0.0,-1.4779,-1.4779,5,0.625,3973.81,0.3974,40.0,0.1042,0.5211,2,0.25,9009.82,0.901,50.0,0.4998,0.9995
a06d8fae,bull,s35|s87|s6,3,0.0271368793,0.013147462,-1.2594,0.0,-6.5374,9,33.3333,0.013563,1,0.1111,-12862.28,-1.2862,0.0,-1.3147,-1.3147,4,0.4444,-12861.65,-1.2862,25.0,-0.3076,-1.2306,4,0.4444,26320.52,2.6321,50.0,0.6995,2.7979
ad31f618,bear,s31|s101|s18,3,0.0318245518,0.0178312025,-1.19,0.0,-7.6989,8,37.5,0.013543,0,0.0,0.0,0.0,0.0,0.0,0.0,4,0.5,-22104.95,-2.2105,25.0,-0.5417,-2.1669,4,0.5,26453.61,2.6454,50.0,0.6997,2.7987
12418656,bull,s78|s39|s75,3,0.0337027422,0.0188519338,-1.5533,0.0,-7.2553,8,37.5,0.013523,0,0.0,0.0,0.0,0.0,0.0,0.0,5,0.625,9158.27,0.9158,40.0,0.217,1.085,3,0.375,-5257.17,-0.5257,33.3333,-0.1334,-0.4001
b6b42ea5,bear,s18|s56|s37,3,0.0340625127,0.0130511787,-0.3726,0.0,-7.8003,9,33.3333,0.01352,2,0.2222,21000.1,2.1,50.0,1.0506,2.1011,6,0.6667,14361.24,1.4361,33.3333,0.2653,1.592,1,0.1111,-13472.8,-1.3473,0.0,-1.3051,-1.3051
9a3a4260,bear,s51|s18|s27,3,0.0316984967,0.0166282492,-1.0389,0.0,-8.0057,8,37.5,0.013492,1,0.125,-16647.05,-1.6647,0.0,-1.6628,-1.6628,4,0.5,29024.83,2.9025,50.0,0.7535,3.014,3,0.375,-2290.68,-0.2291,33.3333,-0.0519,-0.1558
2268b952,bull,s35|s1|s15|s93|s79,5,0.0308345236,0.0104639622,-0.6444,0.0,-6.7022,10,30.0,0.013463,1,0.1,-10323.45,-1.0323,0.0,-1.0464,-1.0464,4,0.4,-1079.13,-0.1079,25.0,-0.0139,-0.0557,5,0.5,28331.1,2.8331,40.0,0.6055,3.0277
86bada5a,bull,s41|s12|s21,3,0.0316699474,0.0143784293,-1.1176,0.0,-6.9762,9,33.3333,0.013428,1,0.1111,31003.46,3.1003,100.0,3.167,3.167,4,0.4444,-12373.57,-1.2374,25.0,-0.2866,-1.1465,4,0.4444,-12295.69,-1.2296,25.0,-0.2866,-1.1465
f8085c66,bull,s24|s5|s1,3,0.0206366903,0.0128968166,-4.0872,0.0,-9.2531,12,33.3333,0.013414,2,0.1667,7059.73,0.706,50.0,0.387,0.774,7,0.5833,-23965.05,-2.3965,28.5714,-0.3316,-2.3211,3,0.25,-5370.95,-0.5371,33.3333,-0.1719,-0.5157
2c5b1be5,bear,s62|s28|s99,3,0.0234838603,0.0143000102,-1.8219,0.0,-7.1296,8,37.5,0.013412,2,0.25,8554.21,0.8554,50.0,0.4592,0.9184,4,0.5,-19949.21,-1.9949,25.0,-0.4854,-1.9416,2,0.25,9301.18,0.9301,50.0,0.4592,0.9184
22884db5,bull,s96|s45|s65,3,0.0244232194,0.0080063354,-0.3712,0.0,-6.4625,11,27.2727,0.013408,3,0.2727,39292.43,3.9292,66.6667,1.3613,4.084,4,0.3636,-31692.74,-3.1693,0.0,-0.8006,-3.2025,4,0.3636,109.27,0.0109,25.0,0.0101,0.0404
80da45d8,bull,s75|s4|s9|s65,4,0.0265698267,0.0158467007,-1.486,0.0,-7.6058,8,37.5,0.013398,0,0.0,0.0,0.0,0.0,0.0,0.0,6,0.75,-11341.73,-1.1342,33.3333,-0.1708,-1.0247,2,0.25,9702.1,0.9702,50.0,0.5362,1.0723
8631af52,bull,s69|s34|s10|s42,4,0.0334489086,0.0121929152,-1.1046,0.0,-6.2003,10,30.0,0.013396,0,0.0,0.0,0.0,0.0,0.0,0.0,6,0.6,-27623.25,-2.7623,16.6667,-0.4586,-2.7516,4,0.4,39920.74,3.9921,50.0,1.0628,4.2512
7e5c8711,bull,s5|s64|s38|s12,4,0.0293270826,0.0189780541,-1.9499,0.0,-7.0102,8,37.5,0.013387,0,0.0,0.0,0.0,0.0,0.0,0.0,6,0.75,-18412.27,-1.8412,33.3333,-0.2876,-1.7258,2,0.25,9112.22,0.9112,50.0,0.5175,1.0349
5252127e,bull,s44|s65,2,0.0247557576,0.0121275591,-1.7569,0.0,-6.2012,9,33.3333,0.013386,2,0.2222,12144.03,1.2144,50.0,0.6314,1.2628,5,0.5556,-59345.8,-5.9346,0.0,-1.2128,-6.0638,2,0.2222,46924.18,4.6924,100.0,2.4756,4.9512
eb3c7b6a,bear,s13|s29|s61|s72,4,0.0255805901,0.0104206935,-1.7396,0.0,-5.4262,10,30.0,0.013353,5,0.5,19717.69,1.9718,40.0,0.398,1.9899,2,0.2,-20863.56,-2.0864,0.0,-1.0421,-2.0841,3,0.3,3679.13,0.3679,33.3333,0.158,0.4739
6fcb3f77,bull,s8|s83|s43|s54,4,0.0215231864,0.0106754543,-1.8342,0.0,-6.2144,9,33.3333,0.013324,3,0.3333,-492.49,-0.0492,33.3333,0.0057,0.0172,3,0.3333,-293.53,-0.0294,33.3333,0.0057,0.0172,3,0.3333,-97.26,-0.0097,33.3333,0.0057,0.0172
4d93be0f,bull,s55|s35|s64|s58|s83,5,0.0282163544,0.017467091,-2.4268,0.0,-6.5799,8,37.5,0.013288,2,0.25,10130.46,1.013,50.0,0.5375,1.0749,4,0.5,-24612.37,-2.4612,25.0,-0.6046,-2.4185,2,0.25,9589.17,0.9589,50.0,0.5375,1.0749
b8f0c2ba,bull,s45|s5|s27,3,0.0191645272,0.0080578229,-5.0616,0.0,-7.9323,19,26.3158,0.013264,9,0.4737,-44733.87,-4.4734,11.1111,-0.5033,-4.5298,7,0.3684,23495.02,2.3495,42.8571,0.3609,2.5262,3,0.1579,2981.44,0.2981,33.3333,0.1016,0.3049
18efe098,bear,s85|s18|s25,3,0.0243692336,0.0136461796,-1.8725,0.0,-7.4095,8,37.5,0.013245,2,0.25,-27833.34,-2.7833,0.0,-1.3646,-2.7292,4,0.5,21965.74,2.1966,50.0,0.5362,2.1446,2,0.25,9641.62,0.9642,50.0,0.5362,1.0723
898d58ac,bull,s5|s14|s96,3,0.0269980396,0.0163151781,-1.3823,0.0,-8.0841,8,37.5,0.013235,1,0.125,26155.36,2.6155,100.0,2.6998,2.6998,4,0.5,-22370.85,-2.2371,25.0,-0.5487,-2.1947,3,0.375,-6386.21,-0.6386,33.3333,-0.1877,-0.5632
f4ab9e6a,bear,s20|s16|s26,3,0.0228213206,0.0100430158,-3.7964,0.0,-7.7627,14,28.5714,0.013227,4,0.2857,25582.91,2.5583,50.0,0.6389,2.5557,4,0.2857,-7258.74,-0.7259,25.0,-0.1827,-0.7308,6,0.4286,-28409.65,-2.841,16.6667,-0.4566,-2.7394
0a95b424,bull,s44|s94|s5|s43,4,0.0307686047,0.0179072176,-1.3119,0.0,-8.2245,8,37.5,0.013213,0,0.0,0.0,0.0,0.0,0.0,0.0,6,0.75,-11134.55,-1.1135,33.3333,-0.1682,-1.0092,2,0.25,11181.22,1.1181,50.0,0.6431,1.2861
9faad756,bull,s2|s46|s34|s73|s21,5,0.0300235893,0.0182403938,-1.9114,0.0,-7.4678,8,37.5,0.013192,1,0.125,28212.28,2.8212,100.0,3.0024,3.0024,6,0.75,-60315.03,-6.0315,16.6667,-1.0196,-6.1178,1,0.125,28415.35,2.8415,100.0,3.0024,3.0024
75999adc,bull,s4|s5,2,0.0293425687,0.0116185937,-1.4813,0.0,-6.0622,10,30.0,0.013178,1,0.1,-11288.45,-1.1288,0.0,-1.1619,-1.1619,5,0.5,-17526.52,-1.7527,20.0,-0.3426,-1.7132,4,0.4,33295.97,3.3296,50.0,0.8862,3.5448
e44017a6,bull,s95|s83|s91|s79|s11,5,0.0246646488,0.0080912996,-1.3801,0.0,-5.5119,11,27.2727,0.013148,3,0.2727,-23926.39,-2.3926,0.0,-0.8091,-2.4274,1,0.0909,23762.47,2.3762,100.0,2.4665,2.4665,7,0.6364,7764.91,0.7765,28.5714,0.1268,0.8873
9256420e,bear,s20|s31|s101,3,0.0278727258,0.0159216396,-1.3679,0.0,-8.3446,8,37.5,0.013119,0,0.0,0.0,0.0,0.0,0.0,0.0,4,0.5,23996.28,2.3996,50.0,0.5976,2.3902,4,0.5,-21480.27,-2.148,25.0,-0.4973,-1.9892
5b5819a5,bull,s95|s84|s33|s64,4,0.0301883434,0.0147117619,-1.7546,0.0,-6.7268,9,33.3333,0.013104,1,0.1111,-14210.84,-1.4211,0.0,-1.4712,-1.4712,4,0.4444,-14770.22,-1.477,25.0,-0.3487,-1.3947,4,0.4444,28928.7,2.8929,50.0,0.7738,3.0953
51b8eb5c,bull,s68|s35|s84,3,0.0271734549,0.0112304827,-0.839,0.0,-7.0455,10,30.0,0.013102,1,0.1,-10924.9,-1.0925,0.0,-1.123,-1.123,4,0.4,-7164.17,-0.7164,25.0,-0.1629,-0.6518,5,0.5,19041.25,1.9041,40.0,0.4131,2.0655
256ef488,bear,s85|s98|s52|s37|s80,5,0.0289815696,0.0164429372,-1.3101,0.0,-8.4585,8,37.5,0.013101,2,0.25,-33389.5,-3.3389,0.0,-1.6443,-3.2886,2,0.25,12436.76,1.2437,50.0,0.6269,1.2539,4,0.5,24062.3,2.4062,50.0,0.6269,2.5077
81d6b448,bull,s95|s59|s26,3,0.030877274,0.0138509749,6.737,0.0,-2.9016,3,66.6667,0.013095,2,0.6667,16521.27,1.6521,50.0,0.8513,1.7026,0,0.0,0.0,0.0,0.0,0.0,0.0,1,0.3333,31233.23,3.1233,100.0,3.0877,3.0877
a22aad9e,bear,s101|s29,2,0.0255173586,0.0107735707,-2.0032,0.0,-5.6009,10,30.0,0.013037,5,0.5,18274.23,1.8274,40.0,0.3743,1.8714,2,0.2,-21672.5,-2.1672,0.0,-1.0774,-2.1547,3,0.3,3274.46,0.3274,33.3333,0.1323,0.397
0633360e,bull,s9|s78,2,0.0333786731,0.0154281682,-1.6588,0.0,-6.988,9,33.3333,0.013032,0,0.0,0.0,0.0,0.0,0.0,0.0,6,0.6667,3518.68,0.3519,33.3333,0.0841,0.5045,3,0.3333,1187.67,0.1188,33.3333,0.0841,0.2522
04bdc04f,bull,s15|s82|s27,3,0.0247485179,0.0139512993,-5.7212,0.0,-10.0529,16,31.25,0.013026,4,0.25,19170.37,1.917,50.0,0.5399,2.1594,7,0.4375,-21845.3,-2.1845,28.5714,-0.2894,-2.0259,5,0.3125,-29674.49,-2.9674,20.0,-0.6211,-3.1057
df1012cc,bull,s46|s54|s78|s43,4,0.0220219993,0.0146450266,-1.981,0.0,-7.7715,8,37.5,0.013002,2,0.25,6425.71,0.6426,50.0,0.3688,0.7377,5,0.625,-1218.15,-0.1218,40.0,0.0022,0.0109,1,0.125,-13913.24,-1.3913,0.0,-1.4645,-1.4645
f54fc39c,bear,s23|s61|s99|s71,4,0.0336926488,0.0086339272,4.1881,0.0,-1.4534,4,50.0,0.012991,3,0.75,15871.75,1.5872,33.3333,0.5475,1.6425,0,0.0,0.0,0.0,0.0,0.0,0.0,1,0.25,33991.29,3.3991,100.0,3.3693,3.3693
32650961,bull,s4|s30|s96,3,0.029420688,0.011642372,-1.4754,0.0,-6.394,10,30.0,0.012983,0,0.0,0.0,0.0,0.0,0.0,0.0,5,0.5,-17694.03,-1.7694,20.0,-0.343,-1.7149,5,0.5,22311.56,2.2312,40.0,0.4783,2.3914
d3660a4a,bear,s20|s72|s19|s76,4,0.0246580387,0.0161465341,-2.4041,0.0,-7.2669,8,37.5,0.012973,3,0.375,-8193.29,-0.8193,33.3333,-0.2545,-0.7635,1,0.125,-16033.52,-1.6034,0.0,-1.6147,-1.6147,4,0.5,16296.81,1.6297,50.0,0.4256,1.7023
da86035b,bull,s63|s14|s96|s34|s42,5,0.0310082609,0.0145085569,-1.3859,0.0,-7.4788,9,33.3333,0.012964,0,0.0,0.0,0.0,0.0,0.0,0.0,5,0.5556,-27376.62,-2.7377,20.0,-0.5405,-2.7026,4,0.4444,30918.3,3.0918,50.0,0.825,3.2999
f21c0815,bear,s99|s18|s29|s52,4,0.0371386765,0.010581571,-0.4092,0.0,-7.0951,11,27.2727,0.012957,3,0.2727,63508.99,6.3509,66.6667,2.1232,6.3696,5,0.4545,-6245.59,-0.6246,20.0,-0.1038,-0.5188,3,0.2727,-32753.51,-3.2754,0.0,-1.0582,-3.1745
c195400d,bull,s15|s2|s39,3,0.0270179542,0.011146826,-1.8198,0.0,-6.0267,10,30.0,0.012928,1,0.1,-10845.34,-1.0845,0.0,-1.1147,-1.1147,5,0.5,-17907.62,-1.7908,20.0,-0.3514,-1.7569,4,0.4,29771.42,2.9771,50.0,0.7936,3.1742
df6e1db3,bear,s20|s61|s17|s51,4,0.0213573328,0.0125668449,-3.0048,0.0,-5.4271,9,33.3333,0.012906,4,0.4444,16994.16,1.6994,50.0,0.4395,1.7581,2,0.2222,-24911.3,-2.4911,0.0,-1.2567,-2.5134,3,0.3333,-4310.55,-0.4311,33.3333,-0.1259,-0.3776
774f1916,bull,s91|s79|s26,3,0.0222897417,0.0146605314,-2.3431,0.0,-7.5354,8,37.5,0.012883,1,0.125,-14162.82,-1.4163,0.0,-1.4661,-1.4661,2,0.25,6668.29,0.6668,50.0,0.3815,0.7629,5,0.625,-376.58,-0.0377,40.0,0.012,0.0598
78fdfe00,bull,s70|s54|s38,3,0.0218577475,0.0106346675,-2.7365,0.0,-4.8925,10,30.0,0.012875,2,0.2,-20919.84,-2.092,0.0,-1.0635,-2.1269,5,0.5,-20943.9,-2.0944,20.0,-0.4136,-2.0681,3,0.3,31816.56,3.1817,66.6667,1.1027,3.3081
39cd992f,bull,s39|s41|s83|s30|s33,5,0.0297464225,0.0190569881,-2.1798,0.0,-7.7893,8,37.5,0.012866,1,0.125,28654.17,2.8654,100.0,2.9746,2.9746,4,0.5,-27926.77,-2.7927,25.0,-0.6856,-2.7425,3,0.375,-9224.73,-0.9225,33.3333,-0.2789,-0.8368
3dc7ca29,bull,s78|s5,2,0.0288689709,0.012348652,-1.6211,0.0,-6.3993,10,30.0,0.012864,0,0.0,0.0,0.0,0.0,0.0,0.0,6,0.6,-32881.34,-3.2881,16.6667,-0.5479,-3.2874,4,0.4,30861.95,3.0862,50.0,0.826,3.3041
572bc48a,bear,s66|s72|s19,3,0.0225436053,0.014962358,-5.3985,0.0,-8.3084,12,33.3333,0.012835,6,0.5,-14656.63,-1.4657,33.3333,-0.246,-1.4762,3,0.25,-7094.34,-0.7094,33.3333,-0.246,-0.7381,3,0.25,-8454.9,-0.8455,33.3333,-0.246,-0.7381
5bd33b04,bull,s60|s9|s27,3,0.0299699189,0.0178426119,-2.114,0.0,-7.9666,8,37.5,0.012823,1,0.125,28409.07,2.8409,100.0,2.997,2.997,5,0.625,-40844.86,-4.0845,20.0,-0.828,-4.1401,2,0.25,10511.92,1.0512,50.0,0.6064,1.2127
0de829fa,bear,s101|s31|s89,3,0.0265983898,0.0085583388,-1.192,0.0,-6.2728,11,27.2727,0.012811,3,0.2727,9042.47,0.9042,33.3333,0.3161,0.9482,6,0.5455,-16245.68,-1.6246,16.6667,-0.2699,-1.6193,2,0.1818,17203.74,1.7204,50.0,0.902,1.804
685dec21,bear,s101|s80|s52,3,0.0272472744,0.0174389523,-2.3064,0.0,-7.7442,8,37.5,0.012807,0,0.0,0.0,0.0,0.0,0.0,0.0,3,0.375,-7652.58,-0.7653,33.3333,-0.2544,-0.7631,5,0.625,732.88,0.0733,40.0,0.0436,0.2178
9a921062,bull,s60|s96|s27,3,0.0243290389,0.0082475162,-1.1663,0.0,-6.3357,11,27.2727,0.012792,4,0.3636,30302.65,3.0303,50.0,0.8041,3.2163,5,0.4545,-8953.79,-0.8954,20.0,-0.1732,-0.8661,2,0.1818,-15978.87,-1.5979,0.0,-0.8248,-1.6495
e82f07ac,bull,s30|s79|s3,3,0.0283622772,0.0147298606,-2.2868,0.0,-6.6374,9,33.3333,0.012769,2,0.2222,-28942.92,-2.8943,0.0,-1.473,-2.946,4,0.4444,-16341.3,-1.6341,25.0,-0.3957,-1.5827,3,0.3333,39875.26,3.9875,66.6667,1.3998,4.1995
1d4f6c10,bull,s59|s40|s1,3,0.0217301004,0.0120891695,-2.266,0.0,-6.6779,9,33.3333,0.012762,6,0.6667,-6053.26,-0.6053,33.3333,-0.0816,-0.4896,1,0.1111,-11636.6,-1.1637,0.0,-1.2089,-1.2089,2,0.2222,8859.5,0.886,50.0,0.482,0.9641
64055fca,bull,s91|s32|s12|s33,4,0.030372345,0.008721563,-0.2193,0.0,-7.6945,11,27.2727,0.012729,3,0.2727,12287.0,1.2287,33.3333,0.431,1.2929,5,0.4545,-4946.83,-0.4947,20.0,-0.0903,-0.4514,3,0.2727,11787.37,1.1787,33.3333,0.431,1.2929
5b2a4825,bull,s30|s15|s4,3,0.0240750805,0.0133076468,-2.235,0.0,-6.7935,9,33.3333,0.012722,1,0.1111,-12973.88,-1.2974,0.0,-1.3308,-1.3308,4,0.4444,-16537.18,-1.6537,25.0,-0.3962,-1.5848,4,0.4444,20329.18,2.0329,50.0,0.5384,2.1535
13487b66,bear,s86|s56|s50,3,0.0199288176,0.0095603112,-2.7673,0.0,-5.1205,10,30.0,0.012714,3,0.3,29582.23,2.9582,66.6667,1.0099,3.0297,3,0.3,-28392.46,-2.8392,0.0,-0.956,-2.8681,4,0.4,-9153.83,-0.9154,25.0,-0.2188,-0.8752
1a0e1a7c,bear,s18|s51|s19|s17,4,0.0277640892,0.0177628278,-2.3201,0.0,-7.9774,8,37.5,0.012686,1,0.125,-18302.32,-1.8302,0.0,-1.7763,-1.7763,3,0.375,-7887.12,-0.7887,33.3333,-0.2587,-0.7762,4,0.5,19138.28,1.9138,50.0,0.5001,2.0003
6cc5a3ac,bear,s56|s50|s27,3,0.0307868323,0.0170759731,-1.1083,0.0,-9.7366,8,37.5,0.012617,2,0.25,-34427.49,-3.4427,0.0,-1.7076,-3.4152,2,0.25,13382.98,1.3383,50.0,0.6855,1.3711,4,0.5,26108.61,2.6109,50.0,0.6855,2.7422
a63bd025,bull,s38|s5|s74,3,0.0355947867,0.0085007136,-1.0326,0.0,-5.5373,13,23.0769,0.012607,0,0.0,0.0,0.0,0.0,0.0,0.0,8,0.6154,-24157.28,-2.4157,12.5,-0.2989,-2.391,5,0.3846,42969.58,4.297,40.0,0.9137,4.5687
dca9318a,bull,s87|s10|s59,3,0.0236908126,0.0100914722,-2.0422,0.0,-6.3203,10,30.0,0.012574,1,0.1,-9811.3,-0.9811,0.0,-1.0091,-1.0091,5,0.5,-16855.18,-1.6855,20.0,-0.3335,-1.6675,4,0.4,25493.12,2.5493,50.0,0.68,2.7199
92f1b560,bull,s38|s5|s78|s59|s14,5,0.0315968946,0.0146830173,-1.7215,0.0,-7.7807,9,33.3333,0.012559,0,0.0,0.0,0.0,0.0,0.0,0.0,5,0.5556,-27498.72,-2.7499,20.0,-0.5427,-2.7135,4,0.4444,31681.47,3.1681,50.0,0.8457,3.3828
26810ecf,bull,s83|s44,2,0.0334434477,0.0111136955,4.9818,0.0,-3.5963,3,66.6667,0.012548,1,0.3333,-11102.59,-1.1103,0.0,-1.1114,-1.1114,2,0.6667,66980.01,6.698,100.0,3.3443,6.6887,0,0.0,0.0,0.0,0.0,0.0,0.0
dcfa03fe,bull,s30|s46|s44,3,0.0372179222,0.0124332851,4.2062,0.0,-4.1242,6,33.3333,0.012534,0,0.0,0.0,0.0,0.0,0.0,0.0,4,0.6667,-49894.69,-4.9895,0.0,-1.2433,-4.9733,2,0.3333,72965.04,7.2965,100.0,3.7218,7.4436
9b671fba,bull,s75|s79|s33|s69,4,0.0292657762,0.0146228735,-2.3504,0.0,-6.9937,9,33.3333,0.012531,2,0.2222,55707.99,5.5708,100.0,2.9266,5.8532,4,0.4444,-57423.15,-5.7423,0.0,-1.4623,-5.8491,3,0.3333,-454.96,-0.0455,33.3333,0.0007,0.002
504607a5,bull,s65|s36|s39,3,0.0299658227,0.0147760677,-2.2423,0.0,-7.1504,9,33.3333,0.012524,0,0.0,0.0,0.0,0.0,0.0,0.0,7,0.7778,-14812.8,-1.4813,28.5714,-0.1993,-1.3949,2,0.2222,13646.72,1.3647,50.0,0.7595,1.519
d47a466a,bear,s90|s29|s57|s52|s77,5,0.0222289804,0.0125382967,-3.3629,0.0,-5.7018,9,33.3333,0.0125,4,0.4444,-15735.27,-1.5735,25.0,-0.3846,-1.5386,3,0.3333,-2886.01,-0.2886,33.3333,-0.0949,-0.2848,2,0.2222,9005.15,0.9005,50.0,0.4845,0.9691
5db8cbc7,bull,s64|s15|s3|s88|s94,5,0.0318815025,0.0128465313,-2.0089,0.0,-6.5001,10,30.0,0.012493,4,0.4,-7478.77,-0.7479,25.0,-0.1665,-0.6658,3,0.3,4966.63,0.4967,33.3333,0.2063,0.6188,3,0.3,5822.17,0.5822,33.3333,0.2063,0.6188
84a95f74,bear,s23|s90|s56,3,0.0302030238,0.0160595448,3.8115,0.0,-2.4237,3,66.6667,0.012478,0,0.0,0.0,0.0,0.0,0.0,0.0,2,0.6667,13211.57,1.3212,50.0,0.7072,1.4143,1,0.3333,31023.84,3.1024,100.0,3.0203,3.0203
70e422f4,bear,s28|s29,2,0.0335181608,0.0094888092,3.9729,0.0,-3.3208,4,50.0,0.012474,3,0.75,58054.28,5.8054,66.6667,1.9183,5.7548,1,0.25,-10086.32,-1.0086,0.0,-0.9489,-0.9489,0,0.0,0.0,0.0,0.0,0.0,0.0
740a45e6,bull,s78|s70|s55,3,0.0425787562,0.0106909039,4.5067,0.0,-4.9483,7,28.5714,0.012445,1,0.1429,-10680.21,-1.068,0.0,-1.0691,-1.0691,2,0.2857,-21107.08,-2.1107,0.0,-1.0691,-2.1382,4,0.5714,61465.65,6.1466,50.0,1.5944,6.3776
59fd577d,bull,s39|s41,2,0.0271681239,0.0125455401,-2.5401,0.0,-5.894,10,30.0,0.012432,1,0.1,25860.71,2.5861,100.0,2.7168,2.7168,6,0.6,-35492.46,-3.5492,16.6667,-0.5927,-3.556,3,0.3,1363.04,0.1363,33.3333,0.0692,0.2077
846be79b,bull,s15|s42|s34|s91,4,0.0281097481,0.0113991881,-1.551,0.0,-7.2315,10,30.0,0.01242,0,0.0,0.0,0.0,0.0,0.0,0.0,6,0.6,-28906.85,-2.8907,16.6667,-0.4814,-2.8886,4,0.4,31374.16,3.1374,50.0,0.8355,3.3421
b2574bb4,bear,s81|s76|s26,3,0.0245367885,0.0124160012,3.0514,0.0,-1.7828,3,66.6667,0.012411,2,0.6667,11829.09,1.1829,50.0,0.606,1.2121,0,0.0,0.0,0.0,0.0,0.0,0.0,1,0.3333,24703.46,2.4703,100.0,2.4537,2.4537
b663f692,bull,s42|s70|s5,3,0.0342872449,0.016698756,-2.1601,0.0,-7.478,9,33.3333,0.012407,0,0.0,0.0,0.0,0.0,0.0,0.0,6,0.6667,82.85,0.0083,33.3333,0.0297,0.1779,3,0.3333,-475.15,-0.0475,33.3333,0.0297,0.089
11a0913c,bear,s90|s61|s27,3,0.0316240343,0.0102275481,-1.7109,0.0,-6.1976,11,27.2727,0.012404,5,0.4545,31331.29,3.1331,40.0,0.6513,3.2565,5,0.4545,-9967.54,-0.9968,20.0,-0.1857,-0.9286,1,0.0909,-10264.37,-1.0264,0.0,-1.0228,-1.0228
4edb524b,bear,s80|s67|s77|s62|s71,5,0.0235334807,0.0133717858,4.3535,0.0,-2.4343,2,100.0,0.012404,0,0.0,0.0,0.0,0.0,0.0,0.0,0,0.0,0.0,0.0,0.0,0.0,0.0,2,1.0,47526.21,4.7526,100.0,2.3533,4.7067
d5cf8196,bull,s10|s4,2,0.0320303039,0.0137957129,-2.2284,0.0,-6.3733,10,30.0,0.012393,1,0.1,-13320.69,-1.3321,0.0,-1.3796,-1.3796,5,0.5,-23619.16,-2.3619,20.0,-0.4631,-2.3153,4,0.4,33825.91,3.3826,50.0,0.9117,3.6469
363d2afc,bull,s87|s33|s73,3,0.0292584506,0.0140484855,-1.624,0.0,-8.2314,9,33.3333,0.012386,0,0.0,0.0,0.0,0.0,0.0,0.0,5,0.5556,-26804.0,-2.6804,20.0,-0.5387,-2.6935,4,0.4444,27915.89,2.7916,50.0,0.7605,3.042
c52410c2,bear,s97|s17|s37,3,0.0281792023,0.01352045,-1.6175,0.0,-8.2483,9,33.3333,0.012381,0,0.0,0.0,0.0,0.0,0.0,0.0,3,0.3333,867.71,0.0868,33.3333,0.0379,0.1138,6,0.6667,1144.03,0.1144,33.3333,0.0379,0.2277
5573c5f9,bear,s80|s51|s97|s77|s71,5,0.0222203859,0.0122761009,4.0854,0.0,-2.4343,2,100.0,0.012362,0,0.0,0.0,0.0,0.0,0.0,0.0,0,0.0,0.0,0.0,0.0,0.0,0.0,2,1.0,44845.25,4.4845,100.0,2.222,4.4441
f7393671,bear,s18|s62|s27,3,0.040458168,0.0180298879,-1.4501,0.0,-8.5301,9,33.3333,0.01235,1,0.1111,41131.59,4.1132,100.0,4.0458,4.0458,6,0.6667,6681.6,0.6682,33.3333,0.1466,0.8797,2,0.2222,-37688.7,-3.7689,0.0,-1.803,-3.606
daa107d8,bull,s83|s96,2,0.0347355186,0.0193096659,4.3722,0.0,-3.8831,3,66.6667,0.01235,1,0.3333,-19290.36,-1.929,0.0,-1.931,-1.931,2,0.6667,69034.97,6.9035,100.0,3.4736,6.9471,0,0.0,0.0,0.0,0.0,0.0,0.0
80152249,bear,s99|s90|s62,3,0.027649324,0.0160409197,-3.2692,0.0,-6.1214,9,33.3333,0.012341,5,0.5556,-36761.89,-3.6762,20.0,-0.7303,-3.6514,2,0.2222,53846.37,5.3846,100.0,2.7649,5.5299,2,0.2222,-32040.61,-3.2041,0.0,-1.6041,-3.2082
d3829036,bear,s62|s23|s89|s52|s100,5,0.0274309511,0.011533403,3.7284,0.0,-3.1634,3,66.6667,0.012325,1,0.3333,27032.71,2.7033,100.0,2.7431,2.7431,1,0.3333,-11521.87,-1.1522,0.0,-1.1533,-1.1533,1,0.3333,27720.25,2.772,100.0,2.7431,2.7431
23e7e3df,bear,s62|s51,2,0.0193905238,0.0101125051,2.2552,0.0,-1.211,3,66.6667,0.012323,2,0.6667,39079.19,3.9079,100.0,1.9391,3.8781,0,0.0,0.0,0.0,0.0,0.0,0.0,1,0.3333,-10456.86,-1.0457,0.0,-1.0113,-1.0113
e1392474,bull,s94|s48|s70,3,0.023907301,0.0095916196,2.8063,0.0,-2.0659,3,66.6667,0.012302,3,1.0,38148.2,3.8148,66.6667,1.2741,3.8223,0,0.0,0.0,0.0,0.0,0.0,0.0,0,0.0,0.0,0.0,0.0,0.0,0.0
ba05c80b,bull,s9|s44,2,0.0275928908,0.0145307609,-1.8597,0.0,-8.1145,9,33.3333,0.012279,0,0.0,0.0,0.0,0.0,0.0,0.0,7,0.7778,-18214.41,-1.8214,28.5714,-0.2495,-1.7468,2,0.2222,11555.55,1.1556,50.0,0.6531,1.3062
454be0b4,bull,s55|s95|s40|s59|s84,5,0.0279105562,0.0141149854,3.5455,0.0,-3.3485,3,66.6667,0.012248,3,1.0,41476.8,4.1477,66.6667,1.3902,4.1706,0,0.0,0.0,0.0,0.0,0.0,0.0,0,0.0,0.0,0.0,0.0,0.0,0.0
5dd4e260,bull,s58|s82|s74,3,0.0247298744,0.014014356,-2.68,0.0,-7.1006,9,33.3333,0.012236,2,0.2222,47145.92,4.7146,100.0,2.473,4.946,5,0.5556,-68401.56,-6.8402,0.0,-1.4014,-7.0072,2,0.2222,9653.84,0.9654,50.0,0.5358,1.0716
1ec1620f,bear,s89|s16|s27,3,0.0261682358,0.0142924733,-2.6541,0.0,-7.1946,9,33.3333,0.012204,1,0.1111,-14732.76,-1.4733,0.0,-1.4292,-1.4292,5,0.5556,-31100.17,-3.11,20.0,-0.62,-3.1002,3,0.3333,37474.67,3.7475,66.6667,1.2681,3.8044
4249ced3,bull,s70|s60|s26,3,0.0318741711,0.0084185126,-0.9846,0.0,-6.7388,12,25.0,0.012203,5,0.4167,-3212.88,-0.3213,20.0,-0.036,-0.18,3,0.25,14312.94,1.4313,33.3333,0.5012,1.5037,4,0.3333,6226.75,0.6227,25.0,0.1655,0.6619
d1cf982a,bear,s49|s28|s26,3,0.0263345782,0.0174587627,2.885,0.0,-2.8362,3,66.6667,0.012182,3,1.0,34956.19,3.4956,66.6667,1.1737,3.521,0,0.0,0.0,0.0,0.0,0.0,0.0,0,0.0,0.0,0.0,0.0,0.0,0.0
34561e15,bear,s85|s37|s56|s28,4,0.0314398205,0.01265258,2.8926,0.0,-3.1137,4,50.0,0.012178,3,0.75,5739.03,0.5739,33.3333,0.2045,0.6135,1,0.25,31408.39,3.1408,100.0,3.144,3.144,0,0.0,0.0,0.0,0.0,0.0,0.0
236e73f9,bull,s73|s7|s5|s39|s9,5,0.0240049293,0.0136160113,-4.8858,0.0,-8.652,13,30.7692,0.01217,2,0.1538,-26315.6,-2.6316,0.0,-1.3616,-2.7232,8,0.6154,1703.95,0.1704,37.5,0.0492,0.3935,3,0.2308,-3699.26,-0.3699,33.3333,-0.1076,-0.3227
3a4088af,bull,s32|s91|s21,3,0.0265647559,0.0114264104,-3.9575,0.0,-8.8136,14,28.5714,0.012164,0,0.0,0.0,0.0,0.0,0.0,0.0,7,0.5,-5624.08,-0.5624,28.5714,-0.0572,-0.4003,7,0.5,-4676.01,-0.4676,28.5714,-0.0572,-0.4003
52086d21,bear,s37|s77|s99|s29|s90,5,0.0281736663,0.0181847514,-2.4133,0.0,-8.9396,8,37.5,0.012164,1,0.125,-18743.96,-1.8744,0.0,-1.8185,-1.8185,5,0.625,1008.49,0.1008,40.0,0.0359,0.1793,2,0.25,9752.16,0.9752,50.0,0.4994,0.9989
11640972,bear,s101|s62|s56,3,0.0315672609,0.0199698432,-2.3365,0.0,-9.053,8,37.5,0.012159,1,0.125,-20228.22,-2.0228,0.0,-1.997,-1.997,2,0.25,11614.3,1.1614,50.0,0.5799,1.1597,5,0.625,1440.88,0.1441,40.0,0.0645,0.3225
f81f49d3,bull,s9|s79|s7|s55|s45,5,0.0219223743,0.0124757751,-2.1441,0.0,-8.0009,9,33.3333,0.012136,2,0.2222,8556.14,0.8556,50.0,0.4723,0.9447,3,0.3333,-3580.49,-0.358,33.3333,-0.101,-0.3029,4,0.4444,-15499.77,-1.55,25.0,-0.3876,-1.5505
3721abe3,bull,s78|s93|s9|s8,4,0.0251979844,0.0098444584,-2.1838,0.0,-5.9849,11,27.2727,0.012128,1,0.0909,23981.69,2.3982,100.0,2.5198,2.5198,7,0.6364,-33641.55,-3.3642,14.2857,-0.4838,-3.3869,3,0.2727,4756.78,0.4757,33.3333,0.1836,0.5509
cb9c4fd2,bear,s72|s81|s28|s22|s67,5,0.0284467042,0.0163995301,3.4213,0.0,-3.8647,3,66.6667,0.012125,1,0.3333,28418.26,2.8418,100.0,2.8447,2.8447,0,0.0,0.0,0.0,0.0,0.0,0.0,2,0.6667,11908.65,1.1909,50.0,0.6024,1.2047
7227c1e5,bull,s9|s6|s74,3,0.0275985608,0.0156835491,-2.5449,0.0,-7.5404,9,33.3333,0.012096,1,0.1111,26804.35,2.6804,100.0,2.7599,2.7599,4,0.4444,-20349.82,-2.035,25.0,-0.4863,-1.9452,4,0.4444,-19675.01,-1.9675,25.0,-0.4863,-1.9452
b0f159c8,bull,s47|s42|s39,3,0.0263605101,0.0127345736,-2.592,0.0,-6.4205,10,30.0,0.012074,1,0.1,25048.24,2.5048,100.0,2.6361,2.6361,6,0.6,-37193.35,-3.7193,16.6667,-0.6219,-3.7312,3,0.3,255.89,0.0256,33.3333,0.0297,0.0891
9420ca90,bear,s57|s81|s26,3,0.0283381595,0.0154539258,1.6928,0.0,-1.9924,4,50.0,0.012064,2,0.5,12464.69,1.2465,50.0,0.6442,1.2884,1,0.25,-15978.67,-1.5979,0.0,-1.5454,-1.5454,1,0.25,28548.44,2.8548,100.0,2.8338,2.8338
a6734b4e,bull,s87|s39|s10,3,0.0287007073,0.0159533108,-2.905,0.0,-7.1863,9,33.3333,0.012028,1,0.1111,27382.13,2.7382,100.0,2.8701,2.8701,5,0.5556,-35197.63,-3.5198,20.0,-0.7023,-3.5113,3,0.3333,-4045.76,-0.4046,33.3333,-0.1069,-0.3206
aff39202,bull,s3|s36|s4,3,0.027069831,0.0161615674,-3.4887,0.0,-6.4975,9,33.3333,0.011979,1,0.1111,26239.05,2.6239,100.0,2.707,2.707,5,0.5556,-38161.8,-3.8162,20.0,-0.7515,-3.7576,3,0.3333,-5648.37,-0.5648,33.3333,-0.1751,-0.5253
5cf15922,bear,s29|s61|s27,3,0.0278023771,0.0106293033,-1.8781,0.0,-7.5354,10,30.0,0.011976,3,0.3,6044.63,0.6045,33.3333,0.2181,0.6544,3,0.3,-31995.12,-3.1995,0.0,-1.0629,-3.1888,4,0.4,33559.77,3.356,50.0,0.8587,3.4346
be5781a8,bull,s70|s15|s11|s63,4,0.027195717,0.0091606988,-1.4892,0.0,-7.1523,11,27.2727,0.011969,4,0.3636,-1445.1,-0.1445,25.0,-0.0072,-0.0286,4,0.3636,-711.1,-0.0711,25.0,-0.0072,-0.0286,3,0.2727,8347.41,0.8347,33.3333,0.2958,0.8874
f50cd5fc,bull,s59|s36|s21,3,0.0350535141,0.0088676364,3.5305,0.0,-4.8268,7,28.5714,0.01195,0,0.0,0.0,0.0,0.0,0.0,0.0,3,0.4286,-26477.84,-2.6478,0.0,-0.8868,-2.6603,4,0.5714,50716.88,5.0717,50.0,1.3093,5.2372
9ceacf81,bull,s21|s45|s54,3,0.0206867472,0.0126270298,2.2493,0.0,-3.3402,3,66.6667,0.011939,1,0.3333,20364.34,2.0364,100.0,2.0687,2.0687,2,0.6667,8129.68,0.813,50.0,0.403,0.806,0,0.0,0.0,0.0,0.0,0.0,0.0
17542bbb,bull,s36|s75|s9|s6,4,0.0355382571,0.0124823978,3.3107,0.0,-4.6313,6,33.3333,0.011922,0,0.0,0.0,0.0,0.0,0.0,0.0,4,0.6667,-50026.3,-5.0026,0.0,-1.2482,-4.993,2,0.3333,69606.42,6.9606,100.0,3.5538,7.1077
034a3522,bear,s90|s19|s86|s67|s71,5,0.0270331507,0.012178437,2.1118,0.0,-3.2198,4,50.0,0.011903,3,0.75,41905.32,4.1905,66.6667,1.3963,4.1888,0,0.0,0.0,0.0,0.0,0.0,0.0,1,0.25,-12601.83,-1.2602,0.0,-1.2178,-1.2178
f4ac772e,bear,s80|s23|s27,3,0.0298328977,0.0179796143,-3.0391,0.0,-8.6869,8,37.5,0.011885,1,0.125,-17860.78,-1.7861,0.0,-1.798,-1.798,3,0.375,-6784.54,-0.6785,33.3333,-0.2042,-0.6126,4,0.5,22475.97,2.2476,50.0,0.5927,2.3707
041ca0c6,bear,s72|s22|s51,3,0.0297238705,0.0192815333,2.3369,0.0,-3.7659,3,66.6667,0.011883,2,0.6667,9348.96,0.9349,50.0,0.5221,1.0442,0,0.0,0.0,0.0,0.0,0.0,0.0,1,0.3333,30517.46,3.0517,100.0,2.9724,2.9724
31cd7fd9,bear,s51|s20|s29|s76,4,0.0214924838,0.0123721095,0.9712,0.0,-1.8499,4,50.0,0.011867,3,0.75,30377.74,3.0378,66.6667,1.0204,3.0613,0,0.0,0.0,0.0,0.0,0.0,0.0,1,0.25,-12661.73,-1.2662,0.0,-1.2372,-1.2372
cb6dc9c9,bear,s77|s90|s99|s23,4,0.0285921466,0.0127214849,2.3098,0.0,-3.7264,4,50.0,0.011845,2,0.5,15434.36,1.5434,50.0,0.7935,1.5871,1,0.25,28891.58,2.8892,100.0,2.8592,2.8592,1,0.25,-13196.57,-1.3197,0.0,-1.2721,-1.2721
1b339dc5,bear,s37|s22|s72,3,0.0250683482,0.0131958151,-4.5493,0.0,-9.5254,13,30.7692,0.011839,5,0.3846,10746.92,1.0747,40.0,0.211,1.0549,4,0.3077,-14209.43,-1.4209,25.0,-0.363,-1.4519,4,0.3077,-16129.18,-1.6129,25.0,-0.363,-1.4519
dfd6c854,bull,s30|s64|s39|s93|s32,5,0.0239347801,0.0149267161,-3.2334,0.0,-7.2127,9,33.3333,0.011777,0,0.0,0.0,0.0,0.0,0.0,0.0,6,0.6667,-12660.64,-1.2661,33.3333,-0.1973,-1.1837,3,0.3333,-6486.33,-0.6486,33.3333,-0.1973,-0.5919
75c488b5,bear,s80|s98|s27,3,0.0271276243,0.0171109947,-3.3756,0.0,-8.5229,8,37.5,0.011749,1,0.125,-16953.54,-1.6954,0.0,-1.7111,-1.7111,3,0.375,-7567.54,-0.7568,33.3333,-0.2365,-0.7094,4,0.5,18898.33,1.8898,50.0,0.5008,2.0033
1faa576e,bull,s83|s42|s9,3,0.0266305875,0.0123377278,-2.7546,0.0,-6.7648,10,30.0,0.011737,2,0.2,13323.44,1.3323,50.0,0.7146,1.4293,5,0.5,-22951.54,-2.2952,20.0,-0.4544,-2.272,3,0.3,1271.56,0.1272,33.3333,0.0652,0.1955
370e5fc7,bull,s55|s64,2,0.0298229041,0.0179081554,3.8459,0.0,-6.2906,4,50.0,0.011721,1,0.25,-17534.77,-1.7535,0.0,-1.7908,-1.7908,1,0.25,-17890.26,-1.789,0.0,-1.7908,-1.7908,2,0.5,58036.36,5.8036,100.0,2.9823,5.9646
a3de275a,bull,s36|s1|s27,3,0.0290829098,0.0158047185,-3.1027,0.0,-7.5376,9,33.3333,0.011696,0,0.0,0.0,0.0,0.0,0.0,0.0,7,0.7778,-21699.72,-2.17,28.5714,-0.298,-2.0858,2,0.2222,11817.18,1.1817,50.0,0.6639,1.3278
2bccc7de,bull,s95|s9|s58|s82,4,0.0263816439,0.0151769165,-3.1027,0.0,-7.538,9,33.3333,0.011696,2,0.2222,10532.68,1.0533,50.0,0.5602,1.1205,5,0.5556,-34362.91,-3.4363,20.0,-0.6865,-3.4326,2,0.2222,10003.06,1.0003,50.0,0.5602,1.1205
c70b70e4,bear,s76|s61|s17,3,0.0256050419,0.0150135004,-3.2412,0.0,-7.3661,9,33.3333,0.011689,1,0.1111,25144.3,2.5144,100.0,2.5605,2.5605,3,0.3333,-44688.54,-4.4689,0.0,-1.5014,-4.5041,5,0.5556,5030.74,0.5031,40.0,0.1234,0.617
6c98c6f2,bull,s35|s11,2,0.028810943,0.0114615314,-2.8475,0.0,-5.8051,11,27.2727,0.011663,1,0.0909,-11137.17,-1.1137,0.0,-1.1462,-1.1462,5,0.4545,-17640.33,-1.764,20.0,-0.3407,-1.7035,5,0.4545,21402.06,2.1402,40.0,0.4647,2.3237
3a7ddab7,bull,s95|s6|s91|s38|s8,5,0.0266966791,0.0156653535,-3.3135,0.0,-7.3836,9,33.3333,0.011627,1,0.1111,25450.31,2.545,100.0,2.6697,2.6697,5,0.5556,-35995.85,-3.5996,20.0,-0.7193,-3.5965,3,0.3333,-5296.74,-0.5297,33.3333,-0.1545,-0.4634
fc95fc19,bear,s89|s17|s62|s66|s52,5,0.0334593355,0.0129063953,1.7047,0.0,-3.5644,5,40.0,0.011613,2,0.4,19826.76,1.9827,50.0,1.0276,2.0553,2,0.4,-26205.18,-2.6205,0.0,-1.2906,-2.5813,1,0.2,33457.43,3.3457,100.0,3.3459,3.3459
0bcc9917,bull,s38|s63|s78,3,0.0310607472,0.0129926461,2.7389,0.0,-5.2886,4,50.0,0.011607,2,0.5,17322.51,1.7323,50.0,0.9034,1.8068,2,0.5,18001.45,1.8001,50.0,0.9034,1.8068,0,0.0,0.0,0.0,0.0,0.0,0.0
799892d5,bull,s87|s41,2,0.0232249986,0.0108689335,-2.7124,0.0,-7.0419,10,30.0,0.011605,0,0.0,0.0,0.0,0.0,0.0,0.0,5,0.5,-20344.42,-2.0344,20.0,-0.405,-2.0251,5,0.5,12464.8,1.2465,40.0,0.2769,1.3843
df58ebda,bull,s53|s32|s34,3,0.0268639984,0.0097897954,-1.8769,0.0,-7.2642,11,27.2727,0.011554,1,0.0909,-9559.13,-0.9559,0.0,-0.979,-0.979,5,0.4545,-13038.47,-1.3038,20.0,-0.2459,-1.2295,5,0.4545,23057.9,2.3058,40.0,0.4872,2.4359
eab72abb,bull,s58|s14,2,0.0190406756,0.0096488944,-2.6518,0.0,-7.2116,10,30.0,0.011552,4,0.4,-10219.91,-1.022,25.0,-0.2477,-0.9906,2,0.2,-18933.47,-1.8933,0.0,-0.9649,-1.9298,4,0.4,17737.2,1.7737,50.0,0.4696,1.8784
caac5860,bear,s17|s31,2,0.0336144812,0.0141359652,3.0169,0.0,-5.8997,4,50.0,0.011549,0,0.0,0.0,0.0,0.0,0.0,0.0,1,0.25,33580.89,3.3581,100.0,3.3614,3.3614,3,0.75,4632.15,0.4632,33.3333,0.1781,0.5343
72665607,bull,s91|s4|s58|s96,4,0.0277168036,0.0131078825,-2.7723,0.0,-7.0837,10,30.0,0.011532,2,0.2,-25150.13,-2.515,0.0,-1.3108,-2.6216,4,0.4,-12570.37,-1.257,25.0,-0.2902,-1.1607,4,0.4,27100.32,2.71,50.0,0.7304,2.9218
7f8fe0b1,bull,s91|s54|s42,3,0.0250732612,0.0122236183,-4.5068,0.0,-8.8369,14,28.5714,0.011529,1,0.0714,23518.15,2.3518,100.0,2.5073,2.5073,7,0.5,-47658.2,-4.7658,14.2857,-0.6895,-4.8268,6,0.4286,247.6,0.0248,33.3333,0.0209,0.1252
bf4370b5,bear,s50|s19|s26,3,0.0228819087,0.0131693397,-5.3398,0.0,-8.8726,13,30.7692,0.011526,6,0.4615,-7043.33,-0.7043,33.3333,-0.1152,-0.6914,4,0.3077,-15743.98,-1.5744,25.0,-0.4157,-1.6626,3,0.2308,-4825.41,-0.4825,33.3333,-0.1152,-0.3457
6bb994b2,bear,s18|s86|s27,3,0.0380814113,0.0147277217,-1.8,0.0,-8.4394,10,30.0,0.011496,1,0.1,38756.79,3.8757,100.0,3.8081,3.8081,7,0.7,623.56,0.0624,28.5714,0.0361,0.2524,2,0.2,-30799.81,-3.08,0.0,-1.4728,-2.9455
768760bb,bull,s11|s84|s73,3,0.0330174562,0.0169022709,-2.257,0.0,-9.0741,9,33.3333,0.011475,0,0.0,0.0,0.0,0.0,0.0,0.0,4,0.4444,-18497.96,-1.8498,25.0,-0.4422,-1.7689,5,0.5556,13244.68,1.3245,40.0,0.3066,1.5328
310cf8e8,bull,s73|s10|s68,3,0.0349568024,0.0105863549,2.9496,0.0,-5.2048,7,28.5714,0.011466,0,0.0,0.0,0.0,0.0,0.0,0.0,3,0.4286,-31404.53,-3.1405,0.0,-1.0586,-3.1759,4,0.5714,46744.38,4.6744,50.0,1.2185,4.8741
6f4cb531,bull,s24|s59|s33,3,0.0244655314,0.0127419418,-3.4419,0.0,-6.3238,10,30.0,0.011452,2,0.2,-24805.84,-2.4806,0.0,-1.2742,-2.5484,4,0.4,-14595.86,-1.4596,25.0,-0.344,-1.376,4,0.4,22142.57,2.2143,50.0,0.5862,2.3447
786f59bf,bear,s100|s51|s27,3,0.0402597968,0.0187174269,3.3788,0.0,-6.8208,4,50.0,0.011444,2,0.5,20805.38,2.0805,50.0,1.0771,2.1542,1,0.25,-19012.0,-1.9012,0.0,-1.8717,-1.8717,1,0.25,40046.23,4.0046,100.0,4.026,4.026
badbc8c9,bull,s47|s78|s84,3,0.0222250496,0.0132745975,-2.7444,0.0,-8.5207,9,33.3333,0.011423,3,0.3333,-38984.46,-3.8984,0.0,-1.3275,-3.9824,1,0.1111,21073.22,2.1073,100.0,2.2225,2.2225,5,0.5556,3424.8,0.3425,40.0,0.0925,0.4626
d6d7ae1e,bull,s12|s83|s26,3,0.0219066031,0.0084667578,0.7863,0.0,-2.9997,5,40.0,0.011415,2,0.4,-16828.21,-1.6828,0.0,-0.8467,-1.6934,2,0.4,43285.29,4.3285,100.0,2.1907,4.3813,1,0.2,-8614.8,-0.8615,0.0,-0.8467,-0.8467
224cec00,bear,s17|s25|s22|s71,4,0.0285269324,0.0176122722,1.2838,0.0,-4.2144,4,50.0,0.011399,2,0.5,9957.82,0.9958,50.0,0.5457,1.0915,0,0.0,0.0,0.0,0.0,0.0,0.0,2,0.5,11077.46,1.1077,50.0,0.5457,1.0915
bf75eed5,bull,s9|s12|s26,3,0.0359814933,0.0111046375,2.9727,0.0,-5.3938,7,28.5714,0.011399,1,0.1429,34553.33,3.4553,100.0,3.5981,3.5981,4,0.5714,-44317.76,-4.4318,0.0,-1.1105,-4.4419,2,0.2857,24452.57,2.4453,50.0,1.2438,2.4877
1df09c51,bull,s92|s84|s46,3,0.0310391325,0.0109923294,1.8137,0.0,-4.4254,5,40.0,0.011398,1,0.2,-10838.94,-1.0839,0.0,-1.0992,-1.0992,3,0.6,8691.65,0.8692,33.3333,0.3018,0.9054,1,0.2,30209.08,3.0209,100.0,3.1039,3.1039
0888f5dd,bull,s55|s4,2,0.0295188418,0.0141397866,2.8978,0.0,-5.9235,5,40.0,0.011382,2,0.4,14188.89,1.4189,50.0,0.769,1.5379,1,0.2,-14125.66,-1.4126,0.0,-1.414,-1.414,2,0.4,15184.13,1.5184,50.0,0.769,1.5379
f65ff6a1,bull,s53|s87|s63,3,0.0290585239,0.0173946761,1.4418,0.0,-4.5422,4,50.0,0.011371,3,0.75,-6501.72,-0.6502,33.3333,-0.191,-0.5731,0,0.0,0.0,0.0,0.0,0.0,0.0,1,0.25,28670.28,2.867,100.0,2.9059,2.9059
b2b02479,bear,s25|s56|s26,3,0.0267722547,0.0090368708,-2.6102,0.0,-5.7287,12,25.0,0.01137,5,0.4167,25460.79,2.5461,40.0,0.5287,2.6434,4,0.3333,-35894.78,-3.5895,0.0,-0.9037,-3.6147,3,0.25,8059.08,0.8059,33.3333,0.29,0.8699
3d1ed46d,bull,s41|s91|s34,3,0.0311727749,0.0167846092,-3.0921,0.0,-8.1793,9,33.3333,0.011357,1,0.1111,29711.48,2.9711,100.0,3.1173,3.1173,5,0.5556,-36389.09,-3.6389,20.0,-0.7193,-3.5966,3,0.3333,-3126.15,-0.3126,33.3333,-0.0799,-0.2396
4ab31d86,bull,s10|s15|s65,3,0.0290146406,0.0166521534,-3.2294,0.0,-8.0017,9,33.3333,0.011354,1,0.1111,-16021.87,-1.6022,0.0,-1.6652,-1.6652,5,0.5556,-37469.35,-3.7469,20.0,-0.7519,-3.7594,3,0.3333,38260.54,3.8261,66.6667,1.3792,4.1377
f50c4125,bull,s5|s10|s93,3,0.030485897,0.012343961,-2.8629,0.0,-6.2689,11,27.2727,0.011343,0,0.0,0.0,0.0,0.0,0.0,0.0,6,0.5455,-31527.36,-3.1527,16.6667,-0.5206,-3.1234,5,0.4545,21902.07,2.1902,40.0,0.4788,2.394
f26f6cfc,bear,s81|s71|s26,3,0.0256685977,0.0167689302,0.8939,0.0,-3.9604,4,50.0,0.011336,2,0.5,8494.23,0.8494,50.0,0.445,0.89,0,0.0,0.0,0.0,0.0,0.0,0.0,2,0.5,8447.03,0.8447,50.0,0.445,0.89
c6f3f159,bull,s35|s48|s8,3,0.0289212545,0.0142427412,-2.9057,0.0,-7.2345,10,30.0,0.011335,1,0.1,27790.85,2.7791,100.0,2.8921,2.8921,5,0.5,-28655.82,-2.8656,20.0,-0.561,-2.805,4,0.4,-14134.78,-1.4135,25.0,-0.3452,-1.3807
e3659b1c,bull,s64|s78|s60|s14,4,0.0282650803,0.0108385885,-2.3065,0.0,-7.0445,11,27.2727,0.011321,1,0.0909,-10416.8,-1.0417,0.0,-1.0839,-1.0839,5,0.4545,-15665.1,-1.5665,20.0,-0.3018,-1.5089,5,0.4545,22111.06,2.2111,40.0,0.4803,2.4014
0c957739,bear,s31|s18,2,0.034376966,0.0166697425,2.6385,0.0,-6.3631,4,50.0,0.011317,0,0.0,0.0,0.0,0.0,0.0,0.0,1,0.25,34342.61,3.4343,100.0,3.4377,3.4377,3,0.75,79.58,0.008,33.3333,0.0346,0.1037
e966b18e,bull,s70|s32|s27,3,0.0336928311,0.014392953,-2.5672,0.0,-7.7315,10,30.0,0.011307,1,0.1,33046.99,3.3047,100.0,3.3693,3.3693,5,0.5,-24799.27,-2.4799,20.0,-0.4776,-2.3879,4,0.4,-10525.61,-1.0526,25.0,-0.2372,-0.9486
f3d612f1,bull,s59|s39|s96|s65,4,0.0315854482,0.0131101687,2.197,0.0,-4.9956,6,33.3333,0.011256,1,0.1667,-12899.52,-1.29,0.0,-1.311,-1.311,3,0.5,-39440.33,-3.944,0.0,-1.311,-3.9331,2,0.3333,61646.95,6.1647,100.0,3.1585,6.3171
49b37052,bull,s54|s8|s46,3,0.0255988765,0.0119383426,-2.3551,0.0,-8.151,10,30.0,0.011225,0,0.0,0.0,0.0,0.0,0.0,0.0,7,0.7,-45673.34,-4.5673,14.2857,-0.6576,-4.6031,3,0.3,37148.71,3.7149,66.6667,1.3086,3.9259
39d43cf4,bull,s1|s9,2,0.0270962699,0.0107300191,-2.5537,0.0,-6.8679,11,27.2727,0.01122,1,0.0909,-10315.84,-1.0316,0.0,-1.073,-1.073,6,0.5455,-26680.51,-2.6681,16.6667,-0.4426,-2.6554,4,0.3636,30402.79,3.0403,50.0,0.8183,3.2733
d2cd3f8f,bear,s100|s66|s22|s61|s52,5,0.0211461275,0.0099389325,0.191,0.0,-2.8825,5,40.0,0.011212,2,0.4,-19927.33,-1.9927,0.0,-0.9939,-1.9878,1,0.2,-10068.14,-1.0068,0.0,-0.9939,-0.9939,2,0.4,41891.39,4.1891,100.0,2.1146,4.2292
6d80fb3a,bull,s15|s65|s41|s45,4,0.0227059581,0.0093132291,-2.3815,0.0,-7.1112,11,27.2727,0.011211,3,0.2727,3402.58,0.3403,33.3333,0.136,0.4079,4,0.3636,-5649.5,-0.565,25.0,-0.1308,-0.5234,4,0.3636,-5575.19,-0.5575,25.0,-0.1308,-0.5234
abeeb57c,bear,s17|s61|s100|s89,4,0.0277344548,0.0129753536,0.5577,0.0,-3.3755,5,40.0,0.01121,2,0.4,14410.77,1.4411,50.0,0.738,1.4759,2,0.4,-26329.72,-2.633,0.0,-1.2975,-2.5951,1,0.2,27575.09,2.7575,100.0,2.7734,2.7734
5aabeb2b,bull,s40|s78|s14|s96,4,0.0281606926,0.014588652,-2.6444,0.0,-9.0812,9,33.3333,0.011192,3,0.3333,39016.73,3.9017,66.6667,1.3911,4.1733,3,0.3333,-1925.61,-0.1926,33.3333,-0.0339,-0.1017,3,0.3333,-42310.78,-4.2311,0.0,-1.4589,-4.3766
3df508a3,bull,s69|s38|s14,3,0.0275583737,0.0138392206,-3.3203,0.0,-7.0346,10,30.0,0.011123,0,0.0,0.0,0.0,0.0,0.0,0.0,6,0.6,-41443.71,-4.1444,16.6667,-0.694,-4.1638,4,0.4,25295.89,2.5296,50.0,0.686,2.7438
d5a6d77a,bear,s72|s28|s100,3,0.0471436244,0.0189007399,2.5266,0.0,-6.47,5,40.0,0.01107,1,0.2,47096.48,4.7096,100.0,4.7144,4.7144,2,0.4,-38239.89,-3.824,0.0,-1.8901,-3.7801,2,0.4,26466.38,2.6466,50.0,1.4121,2.8243
7d42e3d7,bear,s22|s72|s17|s31,4,0.0315163832,0.0080699335,0.7616,0.0,-3.2801,7,28.5714,0.011049,2,0.2857,23106.03,2.3106,50.0,1.1723,2.3446,4,0.5714,-32607.38,-3.2607,0.0,-0.807,-3.228,1,0.1429,31128.46,3.1128,100.0,3.1516,3.1516
ddfba0ec,bear,s85|s76|s13,3,0.0206612798,0.0089859583,0.3856,0.0,-3.6835,5,40.0,0.011049,2,0.4,11311.3,1.1311,50.0,0.5838,1.1675,1,0.2,-8976.97,-0.8977,0.0,-0.8986,-0.8986,2,0.4,11395.85,1.1396,50.0,0.5838,1.1675
7b657331,bear,s57|s85|s29,3,0.029760635,0.0152346602,1.3658,0.0,-6.0668,4,50.0,0.010981,3,0.75,-1283.49,-0.1283,33.3333,-0.0236,-0.0709,0,0.0,0.0,0.0,0.0,0.0,0.0,1,0.25,29512.22,2.9512,100.0,2.9761,2.9761
d2332b3a,bull,s41|s15|s9|s78,4,0.0273184415,0.0177938423,-3.8637,0.0,-7.8788,9,33.3333,0.010964,0,0.0,0.0,0.0,0.0,0.0,0.0,6,0.6667,-17911.48,-1.7911,33.3333,-0.2756,-1.6538,3,0.3333,-8794.48,-0.8794,33.3333,-0.2756,-0.8269
6c734710,bull,s87|s78|s27,3,0.0429393288,0.0080364259,2.378,0.0,-4.9098,10,20.0,0.010957,1,0.1,-7868.34,-0.7868,0.0,-0.8036,-0.8036,5,0.5,-39821.83,-3.9822,0.0,-0.8036,-4.0182,4,0.4,66926.32,6.6926,50.0,1.7451,6.9806
662ecf7c,bull,s15|s42|s2,3,0.0282469438,0.0137103302,-3.6331,0.0,-6.8959,10,30.0,0.010956,1,0.1,-13270.44,-1.327,0.0,-1.371,-1.371,5,0.5,-27096.35,-2.7096,20.0,-0.5319,-2.6594,4,0.4,27066.46,2.7066,50.0,0.7268,2.9073
a94d39e6,bear,s66|s89|s72|s17,4,0.0337490445,0.0170080189,0.496,0.0,-4.165,5,40.0,0.010949,2,0.4,16184.8,1.6185,50.0,0.8371,1.6741,2,0.4,-34603.43,-3.4603,0.0,-1.7008,-3.4016,1,0.2,33476.1,3.3476,100.0,3.3749,3.3749
23c75bee,bull,s65|s75|s41|s84,4,0.0307141059,0.0098723981,2.1082,0.0,-5.3164,7,28.5714,0.010948,1,0.1429,-9745.65,-0.9746,0.0,-0.9872,-0.9872,3,0.4286,-29601.12,-2.9601,0.0,-0.9872,-2.9617,3,0.4286,50068.12,5.0068,66.6667,1.7185,5.1556
79ccb160,bear,s100|s72|s27,3,0.0303867975,0.0141565595,-2.9579,0.0,-7.8205,10,30.0,0.010941,3,0.3,1710.17,0.171,33.3333,0.0691,0.2074,3,0.3,-41980.1,-4.198,0.0,-1.4157,-4.247,4,0.4,30636.92,3.0637,50.0,0.8115,3.246
8c673353,bear,s50|s22|s19|s25|s28,5,0.0197186943,0.0095081328,-3.9101,0.0,-5.5278,11,27.2727,0.010911,6,0.5455,1045.94,0.1046,33.3333,0.0234,0.1405,1,0.0909,-9233.46,-0.9233,0.0,-0.9508,-0.9508,4,0.3636,-9310.97,-0.9311,25.0,-0.2201,-0.8806
45a2d859,bull,s35|s5,2,0.0352998728,0.0158675595,-3.1326,0.0,-7.6925,10,30.0,0.010878,0,0.0,0.0,0.0,0.0,0.0,0.0,6,0.6,-43955.33,-4.3955,16.6667,-0.734,-4.4038,4,0.4,35634.63,3.5635,50.0,0.9716,3.8865
de07d313,bear,s77|s29|s13,3,0.0312119141,0.0176229208,0.5138,0.0,-5.3971,4,50.0,0.010869,1,0.25,-18283.06,-1.8283,0.0,-1.7623,-1.7623,1,0.25,31180.71,3.1181,100.0,3.1212,3.1212,2,0.5,13442.65,1.3443,50.0,0.6794,1.3589
c5929c03,bull,s33|s65,2,0.021585085,0.010016336,-3.3486,0.0,-6.3506,11,27.2727,0.010862,2,0.1818,-19488.9,-1.9489,0.0,-1.0016,-2.0033,5,0.4545,-18703.98,-1.8704,20.0,-0.3696,-1.848,4,0.3636,21611.69,2.1612,50.0,0.5784,2.3137
4b00ee84,bear,s90|s16|s20,3,0.0262787786,0.0167334755,-5.3809,0.0,-11.0776,12,33.3333,0.010858,2,0.1667,10348.76,1.0349,50.0,0.4773,0.9545,4,0.3333,-23962.87,-2.3963,25.0,-0.598,-2.3922,6,0.5,-16183.6,-1.6184,33.3333,-0.2396,-1.4376
aec2d363,bull,s41|s32|s91|s11,4,0.0209879902,0.0103504816,-6.1052,0.0,-9.5846,18,27.7778,0.010857,2,0.1111,-20684.05,-2.0684,0.0,-1.035,-2.0701,9,0.5,-209.97,-0.021,33.3333,0.0096,0.0861,7,0.3889,-9740.84,-0.9741,28.5714,-0.1397,-0.9776
9c388677,bear,s67|s20|s90|s37,4,0.0180877447,0.0092192803,-0.1917,0.0,-3.594,5,40.0,0.010845,2,0.4,8920.17,0.892,50.0,0.4434,0.8868,2,0.4,-18611.53,-1.8612,0.0,-0.9219,-1.8439,1,0.2,17749.43,1.7749,100.0,1.8088,1.8088
2593d7d1,bull,s94|s32|s48|s60|s41,5,0.0291927976,0.0132259552,1.3263,0.0,-5.0179,6,33.3333,0.01083,2,0.3333,15597.99,1.5598,50.0,0.7983,1.5967,3,0.5,-39688.29,-3.9688,0.0,-1.3226,-3.9678,1,0.1667,28283.91,2.8284,100.0,2.9193,2.9193
50e9bc86,bear,s101|s25|s97|s20,4,0.0304662674,0.0168811944,-2.9696,0.0,-9.3468,9,33.3333,0.010815,3,0.3333,-4236.6,-0.4237,33.3333,-0.1099,-0.3296,1,0.1111,-16678.37,-1.6678,0.0,-1.6881,-1.6881,5,0.5556,9355.56,0.9356,40.0,0.2058,1.0289
efba6afa,bull,s30|s83|s92|s3,4,0.0193545722,0.0103060526,-0.2736,0.0,-3.5919,5,40.0,0.010813,2,0.4,8801.98,0.8802,50.0,0.4524,0.9049,1,0.2,18954.09,1.8954,100.0,1.9355,1.9355,2,0.4,-20563.7,-2.0564,0.0,-1.0306,-2.0612
2aa05991,bear,s51|s101|s28,3,0.0364986104,0.0161676749,1.2335,0.0,-5.6212,5,40.0,0.010807,2,0.4,19753.38,1.9753,50.0,1.0165,2.0331,2,0.4,-33068.13,-3.3068,0.0,-1.6168,-3.2335,1,0.2,36362.1,3.6362,100.0,3.6499,3.6499
3061a9ed,bull,s94|s44|s59,3,0.0217015318,0.012931962,0.6666,0.0,-4.8692,5,40.0,0.010806,2,0.4,-25509.79,-2.551,0.0,-1.2932,-2.5864,1,0.2,-12919.04,-1.2919,0.0,-1.2932,-1.2932,2,0.4,42170.71,4.2171,100.0,2.1702,4.3403
d57758d5,bear,s29|s18|s89,3,0.0386097147,0.0182214702,0.7698,0.0,-5.0899,5,40.0,0.010781,1,0.2,39174.81,3.9175,100.0,3.861,3.861,3,0.6,923.87,0.0924,33.3333,0.0722,0.2167,1,0.2,-19165.05,-1.9165,0.0,-1.8221,-1.8221
ae4ef95d,bear,s81|s50|s27,3,0.0274757836,0.0153798918,-2.8681,0.0,-9.6089,9,33.3333,0.010746,0,0.0,0.0,0.0,0.0,0.0,0.0,4,0.4444,22950.88,2.2951,50.0,0.6048,2.4192,5,0.5556,-34118.63,-3.4119,20.0,-0.6809,-3.4044
3fec59b2,bear,s29|s97|s18|s31,4,0.02808785,0.0137126312,0.4013,0.0,-4.7232,5,40.0,0.010744,1,0.2,28059.77,2.806,100.0,2.8088,2.8088,1,0.2,-14423.06,-1.4423,0.0,-1.3713,-1.3713,3,0.6,621.95,0.0622,33.3333,0.0221,0.0663
2788f0ab,bull,s48|s24|s34,3,0.0295214998,0.0114727356,-2.6549,0.0,-7.4755,11,27.2727,0.01073,2,0.1818,17081.11,1.7081,50.0,0.9024,1.8049,6,0.5455,-67089.23,-6.7089,0.0,-1.1473,-6.8836,3,0.2727,44493.92,4.4494,66.6667,1.5857,4.757
64381ff1,bull,s78|s88|s42|s64|s83,5,0.0408842562,0.0114640691,2.3147,0.0,-5.7341,8,25.0,0.010729,0,0.0,0.0,0.0,0.0,0.0,0.0,3,0.375,-34023.24,-3.4023,0.0,-1.1464,-3.4392,5,0.625,44855.24,4.4855,40.0,0.9475,4.7376
22812b9d,bear,s28|s86|s90|s18|s100,5,0.0450320591,0.0147772056,1.4581,0.0,-5.5209,6,33.3333,0.010712,1,0.1667,-15139.41,-1.5139,0.0,-1.4777,-1.4777,4,0.6667,59557.39,5.9557,50.0,1.5127,6.051,1,0.1667,-15397.71,-1.5398,0.0,-1.4777,-1.4777
03c0bf38,bull,s45|s64|s39,3,0.0289361074,0.0181477531,-4.1311,0.0,-8.0115,9,33.3333,0.010699,1,0.1111,27367.54,2.7368,100.0,2.8936,2.8936,5,0.5556,-43593.48,-4.3593,20.0,-0.8731,-4.3655,3,0.3333,-8027.54,-0.8028,33.3333,-0.2453,-0.7359
2a7ed687,bull,s82|s1|s70,3,0.0208320016,0.0135192261,-7.1539,0.0,-10.5795,16,31.25,0.010687,3,0.1875,-38143.31,-3.8143,0.0,-1.3519,-4.0558,8,0.5,23884.16,2.3884,50.0,0.3656,2.9251,5,0.3125,-31399.88,-3.14,20.0,-0.6649,-3.3245
d3f36808,bull,s7|s60|s93,3,0.0307390082,0.014962447,1.2655,0.0,-5.3519,6,33.3333,0.010681,1,0.1667,-14694.42,-1.4694,0.0,-1.4962,-1.4962,3,0.5,-44834.74,-4.4835,0.0,-1.4962,-4.4887,2,0.3333,59688.81,5.9689,100.0,3.0739,6.1478
169971d4,bull,s14|s54,2,0.0289484465,0.0130843341,1.5253,0.0,-5.7048,6,33.3333,0.010678,2,0.3333,14758.36,1.4758,50.0,0.7932,1.5864,1,0.1667,-13071.25,-1.3071,0.0,-1.3084,-1.3084,3,0.5,2442.55,0.2443,33.3333,0.0927,0.278
063920d7,bear,s18|s85|s28|s81,4,0.036867173,0.0145169953,1.2228,0.0,-6.0659,5,40.0,0.010669,2,0.4,-30030.9,-3.0031,0.0,-1.4517,-2.9034,3,0.6,58936.02,5.8936,66.6667,1.9739,5.9217,0,0.0,0.0,0.0,0.0,0.0,0.0
457f6698,bear,s61|s17|s28|s20,4,0.0301315725,0.0177698816,-0.4398,0.0,-3.9145,5,40.0,0.01065,2,0.4,11112.34,1.1112,50.0,0.6181,1.2362,1,0.2,-17752.1,-1.7752,0.0,-1.777,-1.777,2,0.4,12306.07,1.2306,50.0,0.6181,1.2362
a6add367,bear,s31|s16|s90,3,0.0272770355,0.0160545141,-3.3825,0.0,-9.1117,9,33.3333,0.010644,2,0.2222,-32229.95,-3.223,0.0,-1.6055,-3.2109,3,0.3333,-4787.44,-0.4787,33.3333,-0.1611,-0.4832,4,0.4444,21267.14,2.1267,50.0,0.5611,2.2445
c29e6673,bull,s60|s87|s4|s94|s43,5,0.0290116401,0.0173881965,-4.0543,0.0,-8.2225,9,33.3333,0.010641,0,0.0,0.0,0.0,0.0,0.0,0.0,6,0.6667,-57271.75,-5.7272,16.6667,-0.9655,-5.7929,3,0.3333,37823.76,3.7824,66.6667,1.3545,4.0635
c820e88b,bull,s60|s14|s48|s8,4,0.0333219188,0.0161575166,1.2806,0.0,-5.5814,6,33.3333,0.010605,1,0.1667,-15848.84,-1.5849,0.0,-1.6158,-1.6158,3,0.5,-48439.07,-4.8439,0.0,-1.6158,-4.8473,2,0.3333,64589.23,6.4589,100.0,3.3322,6.6644
41f22e43,bull,s8|s73|s63,3,0.0192024962,0.0109098288,-0.4857,0.0,-4.1338,5,40.0,0.010566,2,0.4,37219.2,3.7219,100.0,1.9202,3.8405,2,0.4,-21657.41,-2.1657,0.0,-1.091,-2.182,1,0.2,-10619.85,-1.062,0.0,-1.091,-1.091
f535a977,bull,s79|s94|s60,3,0.0270299619,0.0084417114,1.5598,0.0,-5.4966,7,28.5714,0.010565,4,0.5714,1504.37,0.1504,25.0,0.0426,0.1705,0,0.0,0.0,0.0,0.0,0.0,0.0,3,0.4286,9226.14,0.9226,33.3333,0.3382,1.0147
0b7ef55e,bull,s5|s55|s87|s64,4,0.0378177522,0.0118796408,2.6376,0.0,-6.9483,7,28.5714,0.010559,1,0.1429,35729.44,3.5729,100.0,3.7818,3.7818,3,0.4286,-35449.34,-3.5449,0.0,-1.188,-3.5639,3,0.4286,13921.89,1.3922,33.3333,0.4686,1.4058
15c7bd6d,bull,s65|s41|s95|s1,4,0.0286356953,0.0093265528,-2.3237,0.0,-7.2658,12,25.0,0.010538,2,0.1667,-17907.72,-1.7908,0.0,-0.9327,-1.8653,6,0.5,-18320.79,-1.8321,16.6667,-0.3,-1.7997,4,0.3333,35899.12,3.5899,50.0,0.9655,3.8618
795c1ab8,bear,s90|s20|s57|s16|s98,5,0.022406823,0.0082013801,-3.116,0.0,-6.2249,12,25.0,0.010527,3,0.25,36345.57,3.6346,66.6667,1.2204,3.6612,4,0.3333,-32760.62,-3.2761,0.0,-0.8201,-3.2806,5,0.4167,-10952.8,-1.0953,20.0,-0.208,-1.0399
35607b0e,bear,s81|s86,2,0.022249398,0.0135667534,-0.6939,0.0,-3.9985,5,40.0,0.010523,1,0.2,-13827.66,-1.3828,0.0,-1.3567,-1.3567,2,0.4,8555.21,0.8555,50.0,0.4341,0.8683,2,0.4,8364.39,0.8364,50.0,0.4341,0.8683
f393a401,bull,s55|s44|s83|s24|s41,5,0.0256571103,0.0127786434,-3.3336,0.0,-8.0226,10,30.0,0.01052,2,0.2,11993.41,1.1993,50.0,0.6439,1.2878,5,0.5,-62101.63,-6.2102,0.0,-1.2779,-6.3893,3,0.3,35765.24,3.5765,66.6667,1.2845,3.8536
462ca587,bear,s16|s23|s27,3,0.0266722805,0.0161399284,-3.6037,0.0,-9.1058,9,33.3333,0.010488,2,0.2222,-32356.3,-3.2356,0.0,-1.614,-3.228,3,0.3333,-5505.02,-0.5505,33.3333,-0.1869,-0.5608,4,0.4444,19879.0,1.9879,50.0,0.5266,2.1065
c6e1f35a,bear,s72|s29|s52|s22,4,0.0262530506,0.0154269575,-0.4793,0.0,-4.4048,5,40.0,0.010487,2,0.4,10716.52,1.0717,50.0,0.5413,1.0826,2,0.4,-31395.01,-3.1395,0.0,-1.5427,-3.0854,1,0.2,25934.92,2.5935,100.0,2.6253,2.6253
ef14cf86,bull,s68|s64|s4|s8,4,0.0217623571,0.01283328,-4.0573,0.0,-7.1824,10,30.0,0.010445,0,0.0,0.0,0.0,0.0,0.0,0.0,6,0.6,-9019.0,-0.9019,33.3333,-0.1301,-0.7808,4,0.4,-16525.07,-1.6525,25.0,-0.4184,-1.6737
9d8c4e76,bull,s46|s30,2,0.0226764764,0.0112970485,0.0155,0.0,-4.3693,6,33.3333,0.010434,1,0.1667,22056.45,2.2056,100.0,2.2676,2.2676,5,0.8333,-22784.7,-2.2785,20.0,-0.4502,-2.2512,0,0.0,0.0,0.0,0.0,0.0,0.0
ac742f23,bull,s59|s14|s6,3,0.0256121342,0.0113241683,-3.1344,0.0,-7.2915,11,27.2727,0.010429,1,0.0909,-10975.59,-1.0976,0.0,-1.1324,-1.1324,5,0.4545,-20047.9,-2.0048,20.0,-0.3937,-1.9685,5,0.4545,15636.19,1.5636,40.0,0.345,1.7252
2139c5e9,bull,s75|s34|s83|s6|s36,5,0.0335133019,0.0173609215,0.8886,0.0,-5.5712,6,33.3333,0.010421,0,0.0,0.0,0.0,0.0,0.0,0.0,4,0.6667,-68958.7,-6.8959,0.0,-1.7361,-6.9444,2,0.3333,64767.56,6.4768,100.0,3.3513,6.7027
63787d5c,bull,s63|s8|s1|s94|s55,5,0.0297068445,0.0185644902,1.5556,0.0,-7.3788,5,40.0,0.010409,1,0.2,-17792.41,-1.7792,0.0,-1.8564,-1.8564,2,0.4,-36711.22,-3.6711,0.0,-1.8564,-3.7129,2,0.4,56545.06,5.6545,100.0,2.9707,5.9414
07dc4123,bull,s30|s3|s73|s9,4,0.0275949239,0.0177575432,-0.9266,0.0,-4.0805,5,40.0,0.010405,1,0.2,-17739.8,-1.774,0.0,-1.7758,-1.7758,1,0.2,-18289.65,-1.829,0.0,-1.7758,-1.7758,3,0.6,36808.68,3.6809,66.6667,1.2477,3.7432
d76e2c80,bear,s76|s101,2,0.0243577016,0.0139088484,-0.387,0.0,-4.833,5,40.0,0.010395,3,0.6,-3705.96,-0.3706,33.3333,-0.1153,-0.346,0,0.0,0.0,0.0,0.0,0.0,0.0,2,0.4,9729.4,0.9729,50.0,0.5224,1.0449
4f2bd0e2,bull,s83|s36|s26,3,0.024394167,0.0152322073,-0.7815,0.0,-4.3465,5,40.0,0.010383,3,0.6,32386.42,3.2386,66.6667,1.1185,3.3556,1,0.2,-14955.26,-1.4955,0.0,-1.5232,-1.5232,1,0.2,-15362.28,-1.5362,0.0,-1.5232,-1.5232
6896429d,bear,s76|s25,2,0.0206984712,0.0127194535,-0.7397,0.0,-4.4093,5,40.0,0.010381,2,0.4,7553.88,0.7554,50.0,0.399,0.7979,1,0.2,-12706.74,-1.2707,0.0,-1.2719,-1.2719,2,0.4,7581.88,0.7582,50.0,0.399,0.7979
6bbaaf14,bear,s51|s77|s28,3,0.0307360523,0.0130578554,-0.4585,0.0,-3.8888,6,33.3333,0.01038,2,0.3333,16939.28,1.6939,50.0,0.8839,1.7678,2,0.3333,-26235.93,-2.6236,0.0,-1.3058,-2.6116,2,0.3333,17250.96,1.7251,50.0,0.8839,1.7678
0b1b98a1,bull,s4|s6,2,0.035674374,0.0129240159,1.9096,0.0,-6.4339,7,28.5714,0.010367,0,0.0,0.0,0.0,0.0,0.0,0.0,3,0.4286,-38197.82,-3.8198,0.0,-1.2924,-3.8772,4,0.5714,43051.2,4.3051,50.0,1.1375,4.5501
8b490c57,bull,s10|s12|s48|s65|s11,5,0.0261679977,0.0090661718,-2.5904,0.0,-7.1499,12,25.0,0.010365,1,0.0833,24456.4,2.4456,100.0,2.6168,2.6168,7,0.5833,-28192.02,-2.8192,14.2857,-0.4033,-2.8229,4,0.3333,-1317.03,-0.1317,25.0,-0.0258,-0.1031
f2a8b837,bear,s89|s62|s19,3,0.0187515327,0.0109420803,-6.1795,0.0,-7.9956,14,28.5714,0.010363,7,0.5,-17262.5,-1.7263,28.5714,-0.2458,-1.7207,4,0.2857,-13774.26,-1.3774,25.0,-0.3519,-1.4075,3,0.2143,-3329.26,-0.3329,33.3333,-0.1044,-0.3133
bbc92036,bull,s41|s46|s26,3,0.0239803579,0.0130946763,-3.61,0.0,-7.9221,10,30.0,0.010359,0,0.0,0.0,0.0,0.0,0.0,0.0,8,0.8,-31222.94,-3.1223,25.0,-0.3826,-3.0607,2,0.2,10226.66,1.0227,50.0,0.5443,1.0886
10ff7e93,bull,s79|s21|s12,3,0.0336569355,0.0184514059,0.4044,0.0,-5.1108,6,33.3333,0.010354,4,0.6667,28379.45,2.8379,50.0,0.7603,3.0411,1,0.1667,-18246.91,-1.8247,0.0,-1.8451,-1.8451,1,0.1667,-18439.14,-1.8439,0.0,-1.8451,-1.8451
cb0e408a,bull,s15|s38|s27,3,0.0335185413,0.0110785917,0.8101,0.0,-4.5116,8,25.0,0.010353,1,0.125,32769.77,3.277,100.0,3.3519,3.3519,5,0.625,-55307.8,-5.5308,0.0,-1.1079,-5.5393,2,0.25,21642.11,2.1642,50.0,1.122,2.244
4ec6c181,bear,s99|s89|s23|s56,4,0.0221003725,0.0090712562,-0.4707,0.0,-3.9472,6,33.3333,0.010353,1,0.1667,21833.9,2.1834,100.0,2.21,2.21,3,0.5,-27324.71,-2.7325,0.0,-0.9071,-2.7214,2,0.3333,12741.62,1.2742,50.0,0.6515,1.3029
0c245dbf,bear,s19|s97|s27,3,0.025453981,0.0162659365,-4.0211,0.0,-8.8044,9,33.3333,0.01035,3,0.3333,-7123.71,-0.7124,33.3333,-0.2359,-0.7078,2,0.2222,8407.59,0.8408,50.0,0.4594,0.9188,4,0.4444,-23145.37,-2.3145,25.0,-0.5836,-2.3344
28d6ee2f,bear,s16|s57|s22,3,0.0316054916,0.0152046801,0.6318,0.0,-6.3897,5,40.0,0.010336,0,0.0,0.0,0.0,0.0,0.0,0.0,2,0.4,16020.88,1.6021,50.0,0.82,1.6401,3,0.6,390.48,0.039,33.3333,0.0399,0.1196
4caea621,bull,s30|s60|s34,3,0.0425696625,0.0173281445,1.1336,0.0,-5.4774,7,28.5714,0.010334,0,0.0,0.0,0.0,0.0,0.0,0.0,4,0.5714,-69288.21,-6.9288,0.0,-1.7328,-6.9313,3,0.4286,65303.17,6.5303,66.6667,2.2604,6.7811
6b6db06b,bear,s22|s29|s16|s89,4,0.032154477,0.0143464091,-0.6475,0.0,-3.9363,6,33.3333,0.010272,3,0.5,2650.99,0.2651,33.3333,0.1154,0.3462,2,0.3333,-28337.68,-2.8338,0.0,-1.4346,-2.8693,1,0.1667,30980.09,3.098,100.0,3.2154,3.2154
72d1b9f7,bear,s17|s31|s52|s29|s101,5,0.0335301321,0.0166856287,0.5525,0.0,-6.5175,5,40.0,0.010266,0,0.0,0.0,0.0,0.0,0.0,0.0,2,0.4,16416.47,1.6416,50.0,0.8422,1.6845,3,0.6,-794.1,-0.0794,33.3333,0.0053,0.0159
54f7151b,bear,s98|s17|s77,3,0.0289284411,0.0161836134,-0.1897,0.0,-5.5536,5,40.0,0.010258,1,0.2,-16739.95,-1.674,0.0,-1.6184,-1.6184,1,0.2,28899.52,2.89,100.0,2.8928,2.8928,3,0.6,-3807.75,-0.3808,33.3333,-0.1146,-0.3439
6e84867b,bear,s29|s18|s85,3,0.0253998887,0.0120377017,-3.5347,0.0,-8.193,10,30.0,0.010256,4,0.4,-10615.09,-1.0615,25.0,-0.2678,-1.0713,3,0.3,1797.11,0.1797,33.3333,0.0441,0.1324,3,0.3,-310.39,-0.031,33.3333,0.0441,0.1324
2c42601d,bull,s21|s53|s27,3,0.0402620015,0.0096107571,1.7827,0.0,-5.6393,9,22.2222,0.010238,1,0.1111,-9489.88,-0.949,0.0,-0.9611,-0.9611,5,0.5556,-47797.7,-4.7798,0.0,-0.9611,-4.8054,3,0.3333,68402.67,6.8403,66.6667,2.3638,7.0913
0c73f01b,bear,s50|s66|s57,3,0.0203853436,0.0112518796,-1.6771,0.0,-2.7023,6,33.3333,0.010222,3,0.5,28514.16,2.8514,66.6667,0.984,2.9519,2,0.3333,-22237.67,-2.2238,0.0,-1.1252,-2.2504,1,0.1667,-11200.52,-1.1201,0.0,-1.1252,-1.1252
1b57088a,bull,s24|s32|s41,3,0.0315845832,0.0190657731,-4.3188,0.0,-8.6568,9,33.3333,0.010216,0,0.0,0.0,0.0,0.0,0.0,0.0,7,0.7778,-33082.73,-3.3083,28.5714,-0.4594,-3.216,2,0.2222,10828.84,1.0829,50.0,0.6259,1.2519
45bb46ab,bull,s43|s3|s15|s45|s6,5,0.024964284,0.0086103199,-2.6054,0.0,-7.3454,12,25.0,0.01021,3,0.25,6956.9,0.6957,33.3333,0.2581,0.7744,3,0.25,6755.14,0.6755,33.3333,0.2581,0.7744,6,0.5,-17935.69,-1.7936,16.6667,-0.3015,-1.8087
78626b39,bear,s52|s76|s101,3,0.0446327651,0.0125445975,1.0308,0.0,-5.6424,7,28.5714,0.010207,2,0.2857,31250.64,3.1251,50.0,1.6044,3.2088,4,0.5714,-50761.03,-5.0761,0.0,-1.2545,-5.0178,1,0.1429,43843.31,4.3843,100.0,4.4633,4.4633
dc83fc14,bear,s101|s57|s18,3,0.0416224749,0.0151893077,0.8407,0.0,-6.1482,6,33.3333,0.01019,1,0.1667,-15504.25,-1.5504,0.0,-1.5189,-1.5189,4,0.6667,-5001.62,-0.5002,25.0,-0.0986,-0.3945,1,0.1667,41037.6,4.1038,100.0,4.1622,4.1622
d4cfd8cb,bull,s93|s68|s27,3,0.0241185257,0.0159975958,-1.0659,0.0,-4.6214,5,40.0,0.010187,2,0.4,7341.2,0.7341,50.0,0.406,0.8121,2,0.4,-31447.31,-3.1447,0.0,-1.5998,-3.1995,1,0.2,23236.55,2.3237,100.0,2.4119,2.4119
fbe6edbb,bull,s82|s68,2,0.0331306291,0.0098272186,0.181,0.0,-4.5617,7,28.5714,0.010185,2,0.2857,-19518.88,-1.9519,0.0,-0.9827,-1.9654,3,0.4286,12803.32,1.2803,33.3333,0.4492,1.3476,2,0.2857,22286.32,2.2286,50.0,1.1652,2.3303
5e56fb77,bear,s17|s85|s80,3,0.0276180647,0.016319478,-0.4855,0.0,-5.4373,5,40.0,0.010175,2,0.4,10869.59,1.087,50.0,0.5649,1.1299,2,0.4,-32941.31,-3.2941,0.0,-1.6319,-3.2639,1,0.2,27270.15,2.727,100.0,2.7618,2.7618
61532a98,bull,s54|s45|s3,3,0.0210292814,0.0093705986,-0.8004,0.0,-4.0064,6,33.3333,0.010173,2,0.3333,11279.09,1.1279,50.0,0.5829,1.1659,2,0.3333,-18684.92,-1.8685,0.0,-0.9371,-1.8741,2,0.3333,11233.85,1.1234,50.0,0.5829,1.1659
6c9a9729,bear,s49|s81|s77,3,0.0216205016,0.0110983493,-1.3771,0.0,-3.2442,6,33.3333,0.010171,2,0.3333,-22097.9,-2.2098,0.0,-1.1098,-2.2197,1,0.1667,-11079.68,-1.108,0.0,-1.1098,-1.1098,3,0.5,31328.0,3.1328,66.6667,1.0714,3.2143
becc3656,bull,s33|s87|s47|s7|s96,5,0.0216441051,0.0095683222,-5.9296,0.0,-9.4876,19,26.3158,0.010171,4,0.2105,-7845.04,-0.7845,25.0,-0.1765,-0.7061,9,0.4737,-23337.33,-2.3337,22.2222,-0.2632,-2.369,6,0.3158,4294.97,0.4295,33.3333,0.0836,0.5015
b3f8c26e,bear,s18|s81|s26,3,0.0419181858,0.0104975943,1.7497,0.0,-6.7333,7,28.5714,0.010152,1,0.1429,-10634.9,-1.0635,0.0,-1.0498,-1.0498,4,0.5714,62106.05,6.2106,50.0,1.571,6.2841,2,0.2857,-21675.22,-2.1675,0.0,-1.0498,-2.0995
3ba4a50c,bull,s55|s87|s70|s82|s4,5,0.0329896729,0.0137319016,-3.6001,0.0,-7.156,11,27.2727,0.010109,0,0.0,0.0,0.0,0.0,0.0,0.0,6,0.5455,-36187.32,-3.6187,16.6667,-0.5945,-3.567,5,0.4545,22725.32,2.2725,40.0,0.4957,2.4784
d88a5003,bull,s75|s70|s33|s6,4,0.0393879729,0.0105932735,1.2647,0.0,-5.2068,9,22.2222,0.010099,0,0.0,0.0,0.0,0.0,0.0,0.0,5,0.5556,-52594.83,-5.2595,0.0,-1.0593,-5.2966,4,0.4444,55193.86,5.5194,50.0,1.4397,5.7589
9df3ec2a,bull,s1|s39|s35|s43,4,0.0201612897,0.0087476695,-5.1793,0.0,-7.6031,16,25.0,0.010072,1,0.0625,19014.87,1.9015,100.0,2.0161,2.0161,9,0.5625,-48930.24,-4.893,11.1111,-0.5536,-4.982,6,0.375,4440.29,0.444,33.3333,0.0889,0.5332
3e192d56,bear,s61|s25|s26,3,0.0272422052,0.0170172053,-3.9592,0.0,-9.4096,9,33.3333,0.010068,2,0.2222,-34725.77,-3.4726,0.0,-1.7017,-3.4034,2,0.2222,10571.38,1.0571,50.0,0.5112,1.0225,5,0.5556,2603.05,0.2603,40.0,0.0687,0.3433
c453c976,bull,s3|s32|s9,3,0.0341502736,0.0159728899,-3.5273,0.0,-8.5229,10,30.0,0.010064,0,0.0,0.0,0.0,0.0,0.0,0.0,6,0.6,-45987.39,-4.5987,16.6667,-0.7619,-4.5714,4,0.4,33867.04,3.3867,50.0,0.9089,3.6355
2ba62086,bull,s95|s39|s87,3,0.0290527307,0.0119951327,-3.2099,0.0,-7.7444,11,27.2727,0.010064,4,0.3636,-8437.68,-0.8438,25.0,-0.1733,-0.6933,4,0.3636,-6898.22,-0.6898,25.0,-0.1733,-0.6933,3,0.2727,4253.89,0.4254,33.3333,0.1687,0.5062
34eb8fcb,bear,s77|s37|s80,3,0.0257974485,0.0122366298,-2.9357,0.0,-9.3994,10,30.0,0.010012,2,0.2,-24740.02,-2.474,0.0,-1.2237,-2.4473,4,0.4,27668.8,2.7669,50.0,0.678,2.7122,4,0.4,-12217.23,-1.2217,25.0,-0.2728,-1.0912
166c7f1a,bear,s56|s18|s100,3,0.0331291956,0.0185973686,-0.1118,0.0,-6.5127,5,40.0,0.010001,0,0.0,0.0,0.0,0.0,0.0,0.0,3,0.6,-4614.78,-0.4615,33.3333,-0.1355,-0.4066,2,0.4,13578.01,1.3578,50.0,0.7266,1.4532
80781af0,bear,s61|s37|s49|s90|s31,5,0.0322587086,0.018778791,-0.3358,0.0,-6.244,5,40.0,0.009992,0,0.0,0.0,0.0,0.0,0.0,0.0,3,0.6,-6194.99,-0.6195,33.3333,-0.1766,-0.5299,2,0.4,12910.2,1.291,50.0,0.674,1.348
82c9a155,bear,s52|s67|s56,3,0.0312026153,0.0171060293,-0.0294,0.0,-6.726,5,40.0,0.00997,0,0.0,0.0,0.0,0.0,0.0,0.0,3,0.6,-3833.2,-0.3833,33.3333,-0.1003,-0.3009,2,0.4,13615.68,1.3616,50.0,0.7048,1.4097
e06e40b0,bull,s30|s3,2,0.0340490537,0.0132592806,0.1574,0.0,-5.8536,6,33.3333,0.009968,2,0.3333,20250.9,2.0251,50.0,1.0395,2.079,2,0.3333,19551.21,1.9551,50.0,1.0395,2.079,2,0.3333,-26310.98,-2.6311,0.0,-1.3259,-2.6519
9aa6b25e,bull,s84|s88|s27,3,0.0444336776,0.0143028844,1.2514,0.0,-5.9056,8,25.0,0.009966,1,0.125,-13827.34,-1.3827,0.0,-1.4303,-1.4303,2,0.25,-29067.36,-2.9067,0.0,-1.4303,-2.8606,5,0.625,43408.12,4.3408,40.0,0.9192,4.5959
a69893e7,bear,s80|s49|s100,3,0.0302975222,0.0120761774,-0.0883,0.0,-5.5948,6,33.3333,0.009943,3,0.5,48991.01,4.8991,66.6667,1.6173,4.8519,1,0.1667,-12756.59,-1.2757,0.0,-1.2076,-1.2076,2,0.3333,-24802.55,-2.4803,0.0,-1.2076,-2.4152
15f94028,bear,s37|s18,2,0.0389755872,0.0194757033,0.863,0.0,-8.0434,5,40.0,0.009932,0,0.0,0.0,0.0,0.0,0.0,0.0,3,0.6,59280.14,5.928,66.6667,1.9492,5.8475,2,0.4,-41394.18,-4.1394,0.0,-1.9476,-3.8951
381dac99,bear,s86|s101|s20,3,0.0254164107,0.0165890914,-4.221,0.0,-9.3135,9,33.3333,0.009932,0,0.0,0.0,0.0,0.0,0.0,0.0,3,0.3333,-7501.17,-0.7501,33.3333,-0.2587,-0.7762,6,0.6667,-16705.15,-1.6705,33.3333,-0.2587,-1.5524
ee407169,bear,s101|s77|s51|s80,4,0.0206817332,0.0101035285,-1.1611,0.0,-4.2085,6,33.3333,0.009928,3,0.5,282.92,0.0283,33.3333,0.0158,0.0475,1,0.1667,-10098.43,-1.0098,0.0,-1.0104,-1.0104,2,0.3333,10134.6,1.0135,50.0,0.5289,1.0578
753f8551,bear,s97|s29|s27,3,0.0372478101,0.0107440883,0.2202,0.0,-5.3574,7,28.5714,0.009873,4,0.5714,52621.71,5.2622,50.0,1.3252,5.3007,1,0.1429,-11212.09,-1.1212,0.0,-1.0744,-1.0744,2,0.2857,-22039.34,-2.2039,0.0,-1.0744,-2.1488
b7fd3c17,bear,s49|s20|s27,3,0.0333745588,0.0159999742,0.733,0.0,-8.0717,5,40.0,0.009872,1,0.2,-15897.44,-1.5897,0.0,-1.6,-1.6,1,0.2,33341.17,3.3341,100.0,3.3375,3.3375,3,0.6,-110.44,-0.011,33.3333,0.0458,0.1375
3a8acab5,bull,s54|s48|s33|s38|s9,5,0.0357688129,0.0103548329,0.4408,0.0,-4.5364,9,22.2222,0.009868,0,0.0,0.0,0.0,0.0,0.0,0.0,7,0.7778,-71778.75,-7.1779,0.0,-1.0355,-7.2484,2,0.2222,69142.44,6.9142,100.0,3.5769,7.1538
e498379d,bear,s81|s61|s72|s25,4,0.0304535206,0.0189370389,-0.7328,0.0,-6.1357,5,40.0,0.009866,1,0.2,30423.07,3.0423,100.0,3.0454,3.0454,2,0.4,-38637.44,-3.8637,0.0,-1.8937,-3.7874,2,0.4,10943.34,1.0943,50.0,0.5758,1.1516
74f5d50d,bull,s44|s7|s40|s94,4,0.0274310581,0.0127393851,0.3599,0.0,-6.4811,6,33.3333,0.00984,3,0.5,-37439.24,-3.7439,0.0,-1.2739,-3.8218,1,0.1667,26481.65,2.6482,100.0,2.7431,2.7431,2,0.3333,13471.31,1.3471,50.0,0.7346,1.4692
f0edffc6,bear,s67|s90|s52,3,0.041301514,0.0106184601,0.7207,0.0,-6.1894,7,28.5714,0.009804,2,0.2857,29751.68,2.9752,50.0,1.5342,3.0683,5,0.7143,-2101.18,-0.2101,20.0,-0.0234,-0.1172,0,0.0,0.0,0.0,0.0,0.0,0.0
4e4aac82,bear,s72|s29|s16,3,0.032452975,0.0133459281,-0.1849,0.0,-5.8801,6,33.3333,0.009794,3,0.5,5270.24,0.527,33.3333,0.192,0.5761,1,0.1667,-13515.32,-1.3515,0.0,-1.3346,-1.3346,2,0.3333,18365.7,1.8366,50.0,0.9554,1.9107
76db24a9,bear,s29|s101|s26,3,0.0334771141,0.0195585903,-0.3384,0.0,-7.0641,5,40.0,0.009745,1,0.2,33443.65,3.3444,100.0,3.3477,3.3477,1,0.2,-19901.96,-1.9902,0.0,-1.9559,-1.9559,3,0.6,-6848.58,-0.6849,33.3333,-0.188,-0.564
0bfae4f3,bull,s95|s46|s53,3,0.0272039644,0.0129425743,-1.0373,0.0,-4.8963,6,33.3333,0.009739,3,0.5,39870.36,3.987,66.6667,1.3822,4.1465,3,0.5,-38462.59,-3.8463,0.0,-1.2943,-3.8828,0,0.0,0.0,0.0,0.0,0.0,0.0
c437a4b3,bull,s63|s10|s12,3,0.0331490928,0.0112563745,0.5643,0.0,-5.49,8,25.0,0.009726,2,0.25,63343.01,6.3343,100.0,3.3149,6.6298,5,0.625,-55468.82,-5.5469,0.0,-1.1256,-5.6282,1,0.125,-10804.63,-1.0805,0.0,-1.1256,-1.1256
8599893f,bull,s79|s91,2,0.0354770874,0.0129756481,0.5497,0.0,-7.0602,6,33.3333,0.009722,1,0.1667,-12578.05,-1.2578,0.0,-1.2976,-1.2976,3,0.5,8717.78,0.8718,33.3333,0.3175,0.9526,2,0.3333,21107.02,2.1107,50.0,1.1251,2.2501
d69eb0c2,bear,s29|s13|s85|s16|s18,5,0.0370857803,0.0137145268,0.266,0.0,-6.6929,6,33.3333,0.009718,1,0.1667,-14221.47,-1.4221,0.0,-1.3715,-1.3715,3,0.5,60948.85,6.0949,66.6667,2.0152,6.0457,2,0.3333,-28677.16,-2.8677,0.0,-1.3715,-2.7429
0f4b580e,bull,s30|s14,2,0.0315401729,0.0194769589,-0.6878,0.0,-6.714,5,40.0,0.009711,1,0.2,-19181.52,-1.9182,0.0,-1.9477,-1.9477,3,0.6,-8101.99,-0.8102,33.3333,-0.2471,-0.7414,1,0.2,30172.3,3.0172,100.0,3.154,3.154
f054b069,bull,s84|s15|s11|s2|s43,5,0.032712706,0.0129957269,-3.3445,0.0,-8.1236,11,27.2727,0.009695,1,0.0909,-12408.44,-1.2408,0.0,-1.2996,-1.2996,6,0.5455,-32418.15,-3.2418,16.6667,-0.5378,-3.2266,4,0.3636,36254.4,3.6254,50.0,0.9858,3.9434
a9740e14,bear,s22|s81|s27,3,0.0348658277,0.0185916054,0.2267,0.0,-7.9974,5,40.0,0.009691,0,0.0,0.0,0.0,0.0,0.0,0.0,3,0.6,50334.09,5.0334,66.6667,1.7047,5.114,2,0.4,-37971.97,-3.7972,0.0,-1.8592,-3.7183
549eefb3,bull,s38|s32,2,0.0282161887,0.0133145235,-0.7707,0.0,-5.4402,6,33.3333,0.009672,0,0.0,0.0,0.0,0.0,0.0,0.0,5,0.8333,-25470.02,-2.547,20.0,-0.5008,-2.5042,1,0.1667,27332.79,2.7333,100.0,2.8216,2.8216
3081c5e7,bull,s93|s14|s84,3,0.0312728668,0.0192424352,-0.668,0.0,-6.8989,5,40.0,0.009663,1,0.2,-18815.62,-1.8816,0.0,-1.9242,-1.9242,3,0.6,-8025.82,-0.8026,33.3333,-0.2404,-0.7212,1,0.2,29930.88,2.9931,100.0,3.1273,3.1273
9dc5d99e,bear,s37|s81|s100,3,0.0449552638,0.0098494269,1.3024,0.0,-6.6125,8,25.0,0.00966,2,0.25,34357.69,3.4358,50.0,1.7553,3.5106,5,0.625,4281.22,0.4281,20.0,0.1112,0.5558,1,0.125,-9901.82,-0.9902,0.0,-0.9849,-0.9849
bca6160c,bear,s61|s20|s89,3,0.0319467238,0.0193993899,-0.5854,0.0,-7.0338,5,40.0,0.009656,0,0.0,0.0,0.0,0.0,0.0,0.0,2,0.4,12226.94,1.2227,50.0,0.6274,1.2547,3,0.6,-8014.77,-0.8015,33.3333,-0.2284,-0.6852
d1373d5b,bull,s75|s82|s48|s95|s91,5,0.030439178,0.0194719782,-0.2425,0.0,-7.6202,5,40.0,0.009617,1,0.2,-19035.63,-1.9036,0.0,-1.9472,-1.9472,3,0.6,-9206.77,-0.9207,33.3333,-0.2835,-0.8505,1,0.2,29119.35,2.9119,100.0,3.0439,3.0439
f6121e72,bear,s72|s57|s66,3,0.0223036443,0.0141020197,-5.1914,0.0,-7.055,10,30.0,0.009614,3,0.3,-6262.22,-0.6262,33.3333,-0.1967,-0.59,3,0.3,-5428.58,-0.5429,33.3333,-0.1967,-0.59,4,0.4,-20645.9,-2.0646,25.0,-0.5001,-2.0002
d502049e,bear,s90|s80|s37,3,0.0365450466,0.0129805102,0.0125,0.0,-6.6638,6,33.3333,0.009607,1,0.1667,-13214.58,-1.3215,0.0,-1.2981,-1.2981,4,0.6667,46325.16,4.6325,50.0,1.1782,4.7129,1,0.1667,-13415.52,-1.3416,0.0,-1.2981,-1.2981
0744d5e4,bear,s28|s17|s85|s99|s90,5,0.0331984893,0.0183765056,-0.6722,0.0,-7.098,5,40.0,0.009602,1,0.2,-18930.91,-1.8931,0.0,-1.8377,-1.8377,4,0.8,28706.56,2.8707,50.0,0.7411,2.9644,0,0.0,0.0,0.0,0.0,0.0,0.0
66167282,bear,s18|s90|s67,3,0.0440892589,0.016635612,0.0785,0.0,-6.7723,6,33.3333,0.0096,0,0.0,0.0,0.0,0.0,0.0,0.0,5,0.8333,36693.87,3.6694,40.0,0.7654,3.8272,1,0.1667,-17318.5,-1.7319,0.0,-1.6636,-1.6636
e411f5ff,bull,s73|s64|s26,3,0.032665066,0.0141451743,-0.4688,0.0,-6.1063,6,33.3333,0.009577,1,0.1667,31080.09,3.108,100.0,3.2665,3.2665,4,0.6667,-10390.01,-1.039,25.0,-0.2443,-0.977,1,0.1667,-13679.27,-1.3679,0.0,-1.4145,-1.4145
2d63cd17,bear,s13|s18|s26,3,0.0334186783,0.0185690569,-0.5895,0.0,-7.2907,5,40.0,0.009577,1,0.2,33726.06,3.3726,100.0,3.3419,3.3419,3,0.6,-4679.24,-0.4679,33.3333,-0.124,-0.3719,1,0.2,-19328.66,-1.9329,0.0,-1.8569,-1.8569
9bc78734,bull,s7|s12,2,0.0320026193,0.0141067147,0.2295,0.0,-6.1488,7,28.5714,0.009546,1,0.1429,30453.35,3.0453,100.0,3.2003,3.2003,4,0.5714,-55795.12,-5.5795,0.0,-1.4107,-5.6427,2,0.2857,17217.75,1.7218,50.0,0.8948,1.7896
682843e2,bull,s2|s8|s48,3,0.0239171034,0.0106708862,-3.6221,0.0,-6.9852,12,25.0,0.009493,5,0.4167,14227.15,1.4227,40.0,0.3164,1.5822,6,0.5,-29206.97,-2.9207,16.6667,-0.4906,-2.9437,1,0.0833,-10273.82,-1.0274,0.0,-1.0671,-1.0671
cd7b4b78,bear,s100|s28|s27,3,0.0309912032,0.0181165697,-1.0182,0.0,-7.0487,5,40.0,0.009478,2,0.4,-37023.17,-3.7023,0.0,-1.8117,-3.6233,3,0.6,43300.75,4.3301,66.6667,1.4622,4.3866,0,0.0,0.0,0.0,0.0,0.0,0.0
b068f59e,bear,s80|s99|s72,3,0.0321843155,0.0145775753,-0.7351,0.0,-6.1154,6,33.3333,0.009446,2,0.3333,17056.21,1.7056,50.0,0.8803,1.7607,2,0.3333,-29208.97,-2.9209,0.0,-1.4578,-2.9155,2,0.3333,16748.84,1.6749,50.0,0.8803,1.7607
745416f0,bull,s75|s32,2,0.0259878477,0.0154375522,-1.0115,0.0,-5.7858,6,33.3333,0.009432,1,0.1667,25219.34,2.5219,100.0,2.5988,2.5988,4,0.6667,-61161.85,-6.1162,0.0,-1.5438,-6.175,1,0.1667,25066.02,2.5066,100.0,2.5988,2.5988
64e99b0b,bear,s52|s18|s23|s37|s13,5,0.0473534753,0.010321627,1.4774,0.0,-7.3295,8,25.0,0.009427,1,0.125,-10646.19,-1.0646,0.0,-1.0322,-1.0322,6,0.75,52151.63,5.2152,33.3333,0.8903,5.342,1,0.125,-10778.98,-1.0779,0.0,-1.0322,-1.0322
59279e52,bear,s97|s37|s27,3,0.0347601709,0.0194352569,-0.7929,0.0,-7.5506,5,40.0,0.009418,0,0.0,0.0,0.0,0.0,0.0,0.0,4,0.8,29614.81,2.9615,50.0,0.7662,3.065,1,0.2,-20051.93,-2.0052,0.0,-1.9435,-1.9435
856c6927,bear,s13|s86|s101|s56,4,0.0317270836,0.016674511,-1.0732,0.0,-7.1782,5,40.0,0.009417,1,0.2,-17333.19,-1.7333,0.0,-1.6675,-1.6675,1,0.2,31695.34,3.1695,100.0,3.1727,3.1727,3,0.6,-2034.91,-0.2035,33.3333,-0.0541,-0.1622
5e0d8245,bear,s52|s72|s80|s77,4,0.0324060704,0.0148719219,-0.8112,0.0,-6.1204,6,33.3333,0.009407,1,0.1667,31827.52,3.1828,100.0,3.2406,3.2406,2,0.3333,-29846.46,-2.9846,0.0,-1.4872,-2.9744,3,0.5,1850.94,0.1851,33.3333,0.0887,0.2662
fe37ea3d,bull,s74|s21|s26,3,0.0336986558,0.0174853379,-1.4709,0.0,-5.2505,6,33.3333,0.009404,1,0.1667,-17467.86,-1.7468,0.0,-1.7485,-1.7485,2,0.3333,-34454.43,-3.4454,0.0,-1.7485,-3.4971,3,0.5,47584.23,4.7584,66.6667,1.6637,4.9912
7c9928ec,bull,s36|s48|s12,3,0.0317051336,0.0143026184,0.0722,0.0,-6.3702,7,28.5714,0.009365,1,0.1429,30152.31,3.0152,100.0,3.1705,3.1705,4,0.5714,-56535.3,-5.6535,0.0,-1.4303,-5.721,2,0.2857,16713.83,1.6714,50.0,0.8701,1.7403
4dba04fb,bull,s44|s55|s27,3,0.0365159129,0.0132326078,0.5984,0.0,-6.3292,8,25.0,0.009345,2,0.25,-25682.3,-2.5682,0.0,-1.3233,-2.6465,3,0.375,-39340.35,-3.934,0.0,-1.3233,-3.9698,3,0.375,56638.56,5.6639,66.6667,1.9933,5.9799
0f1431b7,bull,s44|s58|s47|s53|s33,5,0.0306123991,0.014661791,-0.4788,0.0,-5.6861,7,28.5714,0.009344,0,0.0,0.0,0.0,0.0,0.0,0.0,5,0.7143,-72031.02,-7.2031,0.0,-1.4662,-7.3309,2,0.2857,58495.46,5.8495,100.0,3.0612,6.1225
59b81544,bull,s33|s78|s41|s12,4,0.0361446094,0.010592764,0.6921,0.0,-5.8766,9,22.2222,0.009325,0,0.0,0.0,0.0,0.0,0.0,0.0,5,0.5556,-52244.44,-5.2244,0.0,-1.0593,-5.2964,4,0.4444,48570.99,4.8571,50.0,1.2776,5.1104
cec43736,bull,s36|s75|s10,3,0.0334776032,0.0107755631,-0.3003,0.0,-4.5711,9,22.2222,0.009315,0,0.0,0.0,0.0,0.0,0.0,0.0,5,0.5556,-53170.87,-5.3171,0.0,-1.0776,-5.3878,4,0.4444,43158.93,4.3159,50.0,1.1351,4.5404
57d18a65,bull,s79|s38|s91,3,0.0281011456,0.0107665843,-3.756,0.0,-7.07,12,25.0,0.009304,1,0.0833,-10217.96,-1.0218,0.0,-1.0767,-1.0767,6,0.5,-26364.69,-2.6365,16.6667,-0.4289,-2.5732,5,0.4167,22158.75,2.2159,40.0,0.4781,2.3903
1745389d,bull,s14|s55|s39|s82|s32,5,0.0375075277,0.0184503373,-0.589,0.0,-5.6771,7,28.5714,0.009286,0,0.0,0.0,0.0,0.0,0.0,0.0,4,0.5714,-73377.19,-7.3377,0.0,-1.845,-7.3801,3,0.4286,54229.57,5.423,66.6667,1.8855,5.6565
c7c157cd,bull,s44|s95|s63,3,0.0292158461,0.0106444735,-0.9864,0.0,-5.1457,7,28.5714,0.009286,4,0.5714,-3362.17,-0.3362,25.0,-0.0679,-0.2718,2,0.2857,-21015.4,-2.1015,0.0,-1.0644,-2.1289,1,0.1429,28134.63,2.8135,100.0,2.9216,2.9216
8d883c8d,bull,s43|s53|s12|s5|s8,5,0.032896638,0.0140318408,-3.712,0.0,-8.2592,11,27.2727,0.009282,0,0.0,0.0,0.0,0.0,0.0,0.0,7,0.6364,-50684.03,-5.0684,14.2857,-0.7328,-5.1294,4,0.3636,34408.34,3.4408,50.0,0.9432,3.773
196c1b2a,bull,s43|s6,2,0.0380605965,0.016593147,0.7234,0.0,-7.4734,7,28.5714,0.009266,0,0.0,0.0,0.0,0.0,0.0,0.0,3,0.4286,-48778.19,-4.8778,0.0,-1.6593,-4.9779,4,0.5714,39716.22,3.9716,50.0,1.0734,4.2935
1b366985,bull,s70|s58|s41,3,0.0231635252,0.0141631067,-4.7747,0.0,-8.2111,10,30.0,0.009254,0,0.0,0.0,0.0,0.0,0.0,0.0,7,0.7,-25308.85,-2.5309,28.5714,-0.3498,-2.4488,3,0.3,-5523.34,-0.5523,33.3333,-0.1721,-0.5163
90ab63c4,bull,s42|s48|s27,3,0.0377247179,0.0088072175,0.7284,0.0,-5.5677,10,20.0,0.009242,0,0.0,0.0,0.0,0.0,0.0,0.0,5,0.5,-43819.02,-4.3819,0.0,-0.8807,-4.4036,5,0.5,46994.63,4.6995,40.0,0.9806,4.9028
a622d27e,bull,s1|s41|s47,3,0.0317664036,0.0111043745,-3.4026,0.0,-7.6458,12,25.0,0.009229,0,0.0,0.0,0.0,0.0,0.0,0.0,8,0.6667,-45629.86,-4.563,12.5,-0.5746,-4.5964,4,0.3333,38433.67,3.8434,50.0,1.0331,4.1324
673ee4a4,bull,s91|s8|s35|s55,4,0.0334543697,0.0177756882,-4.7969,0.0,-8.2284,10,30.0,0.009225,1,0.1,-16727.02,-1.6727,0.0,-1.7776,-1.7776,6,0.6,-55014.2,-5.5014,16.6667,-0.9237,-5.5424,3,0.3,44995.3,4.4995,66.6667,1.6378,4.9133
f1517e76,bull,s82|s68|s3,3,0.0310374588,0.0195113552,-1.1807,0.0,-6.147,6,33.3333,0.00922,1,0.1667,-19491.86,-1.9492,0.0,-1.9511,-1.9511,3,0.5,-8284.93,-0.8285,33.3333,-0.2662,-0.7985,2,0.3333,10352.42,1.0352,50.0,0.5763,1.1526
9af389d2,bull,s35|s30|s27,3,0.0485438948,0.0176726626,0.1116,0.0,-5.9446,8,25.0,0.009218,0,0.0,0.0,0.0,0.0,0.0,0.0,4,0.5,-71136.41,-7.1136,0.0,-1.7673,-7.0691,4,0.5,59259.29,5.9259,50.0,1.5436,6.1742
2cb842bc,bull,s15|s38|s47|s34,4,0.0296561838,0.0107466665,-0.9529,0.0,-5.3622,7,28.5714,0.009214,0,0.0,0.0,0.0,0.0,0.0,0.0,6,0.8571,-24630.28,-2.463,16.6667,-0.4013,-2.4077,1,0.1429,28877.45,2.8877,100.0,2.9656,2.9656
e95cd140,bear,s80|s101|s27,3,0.0424126126,0.0146391547,-0.4636,0.0,-6.0431,7,28.5714,0.009202,1,0.1429,-14962.43,-1.4962,0.0,-1.4639,-1.4639,5,0.7143,-17415.31,-1.7415,20.0,-0.3229,-1.6144,1,0.1429,41918.77,4.1919,100.0,4.2413,4.2413
01c7cccc,bull,s1|s3|s41|s35,4,0.0321309788,0.0119134636,-4.0099,0.0,-6.8743,12,25.0,0.009201,1,0.0833,-11573.28,-1.1573,0.0,-1.1913,-1.1913,5,0.4167,-16811.65,-1.6812,20.0,-0.3105,-1.5523,6,0.5,15169.6,1.517,33.3333,0.2768,1.6608
9785fd75,bull,s91|s78|s84,3,0.0408047869,0.0120743186,0.489,0.0,-5.9086,9,22.2222,0.009161,0,0.0,0.0,0.0,0.0,0.0,0.0,4,0.4444,-47814.56,-4.7815,0.0,-1.2074,-4.8297,5,0.5556,42727.28,4.2727,40.0,0.9077,4.5387
5a258373,bull,s44|s74,2,0.0405007743,0.0197254218,-1.1397,0.0,-5.3553,7,28.5714,0.009113,0,0.0,0.0,0.0,0.0,0.0,0.0,4,0.5714,-78465.64,-7.8466,0.0,-1.9725,-7.8902,3,0.4286,58600.12,5.86,66.6667,2.0425,6.1276
20a16cdf,bear,s31|s56|s62,3,0.0298624425,0.0137703772,-0.8573,0.0,-6.8859,6,33.3333,0.00911,1,0.1667,-14304.76,-1.4305,0.0,-1.377,-1.377,3,0.5,45962.5,4.5963,66.6667,1.5318,4.5955,2,0.3333,-27936.38,-2.7936,0.0,-1.377,-2.7541
f17f0d7b,bear,s56|s37|s89,3,0.0304203117,0.0098916724,-0.3746,0.0,-6.3958,7,28.5714,0.009104,1,0.1429,-10041.82,-1.0042,0.0,-0.9892,-0.9892,4,0.5714,699.8,0.07,25.0,0.0186,0.0745,2,0.2857,19630.94,1.9631,50.0,1.0264,2.0529
6137859d,bear,s52|s18,2,0.0398392602,0.0151597629,-0.1377,0.0,-7.9288,6,33.3333,0.00908,0,0.0,0.0,0.0,0.0,0.0,0.0,5,0.8333,32896.93,3.2897,40.0,0.684,3.4199,1,0.1667,-15717.7,-1.5718,0.0,-1.516,-1.516
e2d3046e,bear,s67|s28|s27,3,0.0376805597,0.0148902685,-0.4436,0.0,-7.6099,6,33.3333,0.009047,3,0.5,-45713.24,-4.5713,0.0,-1.489,-4.4671,3,0.5,59796.71,5.9797,66.6667,2.0157,6.0471,0,0.0,0.0,0.0,0.0,0.0,0.0
dc0bf2ef,bear,s18|s52|s31,3,0.0413080897,0.0116121143,0.4368,0.0,-7.6162,7,28.5714,0.009046,0,0.0,0.0,0.0,0.0,0.0,0.0,7,1.0,22860.89,2.2861,28.5714,0.3508,2.4556,0,0.0,0.0,0.0,0.0,0.0,0.0
c910bde4,bull,s7|s84|s5,3,0.0318253754,0.0161255579,-4.2805,0.0,-9.2291,10,30.0,0.009038,0,0.0,0.0,0.0,0.0,0.0,0.0,7,0.7,-18473.34,-1.8473,28.5714,-0.2425,-1.6977,3,0.3,-1541.27,-0.1541,33.3333,-0.0142,-0.0426
0c36bd09,bear,s101|s77|s80,3,0.0312324198,0.017759234,-5.1847,0.0,-8.0359,10,30.0,0.009031,2,0.2,61441.7,6.1442,100.0,3.1232,6.2465,4,0.4,-70153.7,-7.0154,0.0,-1.7759,-7.1037,4,0.4,-23447.33,-2.3447,25.0,-0.5511,-2.2045
d4778895,bull,s65|s8|s27,3,0.0250029729,0.0139007711,-4.0817,0.0,-9.5244,10,30.0,0.00902,0,0.0,0.0,0.0,0.0,0.0,0.0,8,0.8,-33678.61,-3.3679,25.0,-0.4175,-3.3399,2,0.2,9665.76,0.9666,50.0,0.5551,1.1102
54fc87c7,bear,s81|s100|s27,3,0.0238788385,0.0093795683,-4.9468,0.0,-9.0212,16,25.0,0.009008,4,0.25,-3592.63,-0.3593,25.0,-0.1065,-0.426,7,0.4375,-33174.83,-3.3175,14.2857,-0.4628,-3.2399,5,0.3125,18802.87,1.8803,40.0,0.3924,1.9619
aec87dff,bull,s88|s14,2,0.0282255454,0.0125248913,-0.0468,0.0,-7.1066,7,28.5714,0.008989,2,0.2857,-24843.33,-2.4843,0.0,-1.2525,-2.505,3,0.4286,-36556.45,-3.6556,0.0,-1.2525,-3.7575,2,0.2857,53890.75,5.3891,100.0,2.8226,5.6451
4248edf8,bull,s60|s14|s27,3,0.0318602906,0.0150393678,-0.2712,0.0,-6.9761,7,28.5714,0.008918,0,0.0,0.0,0.0,0.0,0.0,0.0,5,0.7143,-73883.25,-7.3883,0.0,-1.5039,-7.5197,2,0.2857,60835.29,6.0835,100.0,3.186,6.3721
56066d30,bull,s65|s78,2,0.033837424,0.0125801917,-0.0432,0.0,-6.373,8,25.0,0.008913,1,0.125,-12204.49,-1.2204,0.0,-1.258,-1.258,4,0.5,-49614.01,-4.9614,0.0,-1.258,-5.0321,3,0.375,52264.0,5.2264,66.6667,1.8365,5.5095
1c8ce9cd,bull,s9|s87|s63|s44,4,0.029684556,0.0113467304,-1.2354,0.0,-5.7051,7,28.5714,0.008912,3,0.4286,6424.88,0.6425,33.3333,0.233,0.6991,2,0.2857,-22375.51,-2.2376,0.0,-1.1347,-2.2693,2,0.2857,17070.55,1.7071,50.0,0.9169,1.8338
a6581dc0,bull,s74|s91|s6|s10,4,0.0376732526,0.0118797526,0.2833,0.0,-6.1366,9,22.2222,0.00889,0,0.0,0.0,0.0,0.0,0.0,0.0,5,0.5556,-58772.01,-5.8772,0.0,-1.188,-5.9399,4,0.4444,49115.54,4.9116,50.0,1.2897,5.1587
1b19d913,bull,s35|s24|s33|s7,4,0.03074273,0.0118455817,-3.9485,0.0,-7.4047,12,25.0,0.008878,0,0.0,0.0,0.0,0.0,0.0,0.0,6,0.5,-29213.79,-2.9214,16.6667,-0.4748,-2.8485,6,0.5,12684.34,1.2684,33.3333,0.2351,1.4103
0e4bf00d,bull,s79|s70|s38|s46,4,0.030182941,0.0101381153,-1.532,0.0,-4.4928,8,25.0,0.008863,2,0.25,-20133.25,-2.0133,0.0,-1.0138,-2.0276,5,0.625,-10823.02,-1.0823,20.0,-0.2074,-1.037,1,0.125,29070.03,2.907,100.0,3.0183,3.0183
a1383a2e,bull,s65|s4|s8|s24,4,0.0294401592,0.0107008246,-3.3099,0.0,-8.2778,12,25.0,0.008862,1,0.0833,-10158.26,-1.0158,0.0,-1.0701,-1.0701,7,0.5833,-34640.51,-3.4641,14.2857,-0.4966,-3.4765,4,0.3333,34453.48,3.4453,50.0,0.937,3.7479
bde2aeb7,bull,s4|s21|s5,3,0.0307648175,0.0083709636,-2.9332,0.0,-6.251,15,20.0,0.008854,0,0.0,0.0,0.0,0.0,0.0,0.0,8,0.5333,-28272.71,-2.8273,12.5,-0.3479,-2.7832,7,0.4667,18047.51,1.8048,28.5714,0.2811,1.9675
8e733bd0,bull,s82|s15|s74,3,0.0315814523,0.0125618288,-0.4679,0.0,-5.9294,8,25.0,0.008854,0,0.0,0.0,0.0,0.0,0.0,0.0,4,0.5,-49825.17,-4.9825,0.0,-1.2562,-5.0247,4,0.5,36278.41,3.6278,50.0,0.951,3.8039
c8d7b456,bear,s101|s71|s18,3,0.0410880836,0.0107769399,-0.0452,0.0,-6.5133,8,25.0,0.008845,4,0.5,8227.26,0.8227,25.0,0.2189,0.8757,3,0.375,-32708.38,-3.2708,0.0,-1.0777,-3.2331,1,0.125,39995.93,3.9996,100.0,4.1088,4.1088
a1b8ffd7,bull,s69|s12|s35|s42,4,0.0271671099,0.0090094183,-3.3294,0.0,-7.3167,13,23.0769,0.00883,1,0.0769,-8827.51,-0.8828,0.0,-0.9009,-0.9009,6,0.4615,-18460.68,-1.8461,16.6667,-0.298,-1.788,6,0.4615,16893.42,1.6893,33.3333,0.3049,1.8297
47e76b73,bear,s37|s66|s27,3,0.0459771114,0.0198753637,-0.9773,0.0,-7.5254,6,33.3333,0.008822,2,0.3333,-40107.14,-4.0107,0.0,-1.9875,-3.9751,4,0.6667,49824.16,4.9824,50.0,1.3051,5.2203,0,0.0,0.0,0.0,0.0,0.0,0.0
096b39ea,bull,s43|s44|s94|s91|s39,5,0.025214918,0.0150560856,-4.5987,0.0,-9.1661,10,30.0,0.008821,0,0.0,0.0,0.0,0.0,0.0,0.0,8,0.8,-40020.3,-4.002,25.0,-0.4988,-3.9907,2,0.2,8831.49,0.8831,50.0,0.5079,1.0159
b6a6d88a,bull,s6|s2,2,0.0219408228,0.0120060405,-1.8067,0.0,-5.1802,7,28.5714,0.008813,4,0.5714,-14469.04,-1.4469,25.0,-0.3519,-1.4077,2,0.2857,-23519.76,-2.352,0.0,-1.2006,-2.4012,1,0.1429,21130.92,2.1131,100.0,2.1941,2.1941
6fc4610a,bull,s41|s1|s88|s2|s69,5,0.0243661491,0.0151337267,-4.7941,0.0,-8.9224,10,30.0,0.008811,2,0.2,8472.62,0.8473,50.0,0.4616,0.9232,5,0.5,-36532.99,-3.6533,20.0,-0.7234,-3.6169,3,0.3,-6027.7,-0.6028,33.3333,-0.1967,-0.5901
0c5a61f2,bear,s99|s62|s72,3,0.0325795481,0.0171502503,-1.6944,0.0,-6.606,6,33.3333,0.008809,2,0.3333,14790.68,1.4791,50.0,0.7715,1.5429,2,0.3333,-34158.94,-3.4159,0.0,-1.715,-3.4301,2,0.3333,14333.19,1.4333,50.0,0.7715,1.5429
a80b2670,bear,s22|s18|s29|s31,4,0.0183368348,0.0116933264,-2.2474,0.0,-5.8767,6,33.3333,0.008806,1,0.1667,18318.5,1.8319,100.0,1.8337,1.8337,2,0.3333,-23287.58,-2.3288,0.0,-1.1693,-2.3387,3,0.5,-5558.6,-0.5559,33.3333,-0.1683,-0.505
7db696f3,bear,s18|s28|s27,3,0.0415267351,0.0194238923,-0.7888,0.0,-7.8296,6,33.3333,0.008803,1,0.1667,42201.27,4.2201,100.0,4.1527,4.1527,3,0.5,1663.74,0.1664,33.3333,0.0893,0.2679,2,0.3333,-40599.76,-4.06,0.0,-1.9424,-3.8848
61b02e34,bull,s24|s78|s58,3,0.0290245916,0.0155519541,-4.6697,0.0,-9.1156,10,30.0,0.008795,2,0.2,12287.82,1.2288,50.0,0.6736,1.3473,5,0.5,-75140.39,-7.514,0.0,-1.5552,-7.776,3,0.3,38848.66,3.8849,66.6667,1.4166,4.2497
c358c70a,bear,s89|s56|s18|s19|s37,5,0.0402819512,0.0166679479,-0.5374,0.0,-8.2029,6,33.3333,0.008789,0,0.0,0.0,0.0,0.0,0.0,0.0,4,0.6667,47773.07,4.7773,50.0,1.1807,4.7228,2,0.3333,-35566.23,-3.5566,0.0,-1.6668,-3.3336
d4685a64,bull,s4|s64|s27,3,0.0193925348,0.0117502377,-9.1772,0.0,-11.8355,23,30.4348,0.008781,7,0.3043,-20039.25,-2.0039,28.5714,-0.2852,-1.9966,8,0.3478,-2887.18,-0.2887,37.5,-0.0072,-0.0574,8,0.3478,-30126.3,-3.0126,25.0,-0.3965,-3.1716
451fa4c9,bull,s83|s82|s27,3,0.0263329321,0.016148465,-4.9332,0.0,-8.7887,10,30.0,0.00878,0,0.0,0.0,0.0,0.0,0.0,0.0,5,0.5,1625.74,0.1626,40.0,0.0844,0.422,5,0.5,-36986.91,-3.6987,20.0,-0.7652,-3.8261
461e54cc,bull,s83|s1|s26,3,0.0228080952,0.0142159739,-2.3878,0.0,-5.7623,6,33.3333,0.008779,5,0.8333,1924.58,0.1925,40.0,0.0594,0.2968,0,0.0,0.0,0.0,0.0,0.0,0.0,1,0.1667,-14090.7,-1.4091,0.0,-1.4216,-1.4216
81f39e06,bull,s38|s10|s65|s88|s35,5,0.0263538248,0.0091093416,-3.4457,0.0,-7.2384,13,23.0769,0.008771,0,0.0,0.0,0.0,0.0,0.0,0.0,8,0.6154,-37246.36,-3.7246,12.5,-0.4676,-3.7412,5,0.3846,23424.99,2.3425,40.0,0.5076,2.538
4a3ba3c2,bull,s47|s30|s3,3,0.0288181159,0.0179333214,-2.7187,0.0,-5.3978,6,33.3333,0.008752,2,0.3333,9739.75,0.974,50.0,0.5442,1.0885,2,0.3333,-35702.04,-3.5702,0.0,-1.7933,-3.5867,2,0.3333,10613.15,1.0613,50.0,0.5442,1.0885
f20edbcd,bear,s18|s101,2,0.0365497324,0.0192140111,-1.7667,0.0,-6.9153,6,33.3333,0.008662,2,0.3333,17076.39,1.7076,50.0,0.8668,1.7336,3,0.5,-58146.86,-5.8147,0.0,-1.9214,-5.7642,1,0.1667,35421.55,3.5422,100.0,3.655,3.655
fa70e900,bear,s72|s57,2,0.0311097443,0.008877268,-0.8183,0.0,-5.8823,8,25.0,0.008653,4,0.5,3776.77,0.3777,25.0,0.1119,0.4478,2,0.25,-17664.48,-1.7664,0.0,-0.8877,-1.7755,2,0.25,21545.71,2.1546,50.0,1.1116,2.2232
ac0da131,bear,s28|s18|s23,3,0.036869713,0.0165106388,-1.2531,0.0,-7.7128,6,33.3333,0.008622,1,0.1667,-17069.3,-1.7069,0.0,-1.6511,-1.6511,5,0.8333,22974.17,2.2974,40.0,0.4842,2.4208,0,0.0,0.0,0.0,0.0,0.0,0.0
9530c11a,bull,s92|s9|s74,3,0.0358375795,0.0117002114,-0.5979,0.0,-5.482,9,22.2222,0.008609,0,0.0,0.0,0.0,0.0,0.0,0.0,4,0.4444,-46471.66,-4.6472,0.0,-1.17,-4.6801,5,0.5556,34593.94,3.4594,40.0,0.7315,3.6575
e9e9b874,bear,s31|s22|s90|s99|s56,5,0.0310406119,0.0140058317,-2.3137,0.0,-5.0095,7,28.5714,0.0086,1,0.1429,30513.32,3.0513,100.0,3.1041,3.1041,4,0.5714,-55991.01,-5.5991,0.0,-1.4006,-5.6023,2,0.2857,16198.03,1.6198,50.0,0.8517,1.7035
a979647c,bear,s89|s52,2,0.0340431955,0.0165163624,-2.3708,0.0,-6.3379,6,33.3333,0.00858,0,0.0,0.0,0.0,0.0,0.0,0.0,4,0.6667,-15724.15,-1.5724,25.0,-0.3876,-1.5506,2,0.3333,16156.76,1.6157,50.0,0.8763,1.7527
dc0aad24,bear,s19|s49|s99|s13,4,0.0224457821,0.0104106626,-2.1709,0.0,-5.2592,7,28.5714,0.008575,4,0.5714,-8829.05,-0.8829,25.0,-0.2197,-0.8786,1,0.1429,-10302.31,-1.0302,0.0,-1.0411,-1.0411,2,0.2857,11285.87,1.1286,50.0,0.6018,1.2035
42befdcc,bear,s50|s99|s37,3,0.0422435714,0.0141205437,-0.2911,0.0,-7.7748,7,28.5714,0.008572,3,0.4286,13558.81,1.3559,33.3333,0.4667,1.4002,4,0.5714,-1817.14,-0.1817,25.0,-0.003,-0.0118,0,0.0,0.0,0.0,0.0,0.0,0.0
d3df1cc2,bull,s40|s35|s26,3,0.0356698763,0.0129303799,-0.8936,0.0,-6.9932,7,28.5714,0.008562,3,0.4286,7914.68,0.7915,33.3333,0.327,0.9809,4,0.5714,-3289.34,-0.3289,25.0,-0.078,-0.3121,0,0.0,0.0,0.0,0.0,0.0,0.0
66027d7a,bull,s82|s44,2,0.033295203,0.017591743,-4.4822,0.0,-9.773,10,30.0,0.00855,1,0.1,31075.66,3.1076,100.0,3.3295,3.3295,6,0.6,-54064.23,-5.4064,16.6667,-0.9111,-5.4664,3,0.3,-3029.4,-0.3029,33.3333,-0.0629,-0.1888
2e473793,bear,s18|s52|s23,3,0.0363194657,0.0157444089,-1.1485,0.0,-8.093,6,33.3333,0.008535,0,0.0,0.0,0.0,0.0,0.0,0.0,5,0.8333,24226.06,2.4226,40.0,0.5081,2.5406,1,0.1667,-16268.51,-1.6269,0.0,-1.5744,-1.5744
f6814ae6,bull,s6|s32|s59|s10|s12,5,0.0359493289,0.0131637989,-1.3465,0.0,-6.5021,7,28.5714,0.008515,0,0.0,0.0,0.0,0.0,0.0,0.0,5,0.7143,-17441.9,-1.7442,20.0,-0.3341,-1.6706,2,0.2857,21515.73,2.1516,50.0,1.1393,2.2786
143e71eb,bull,s9|s88|s21|s68,4,0.0275265196,0.0170334994,-2.6066,0.0,-6.2149,6,33.3333,0.008511,3,0.5,-7431.21,-0.7431,33.3333,-0.218,-0.654,2,0.3333,9423.71,0.9424,50.0,0.5247,1.0493,1,0.1667,-16474.2,-1.6474,0.0,-1.7033,-1.7033
cc35ceac,bull,s92|s43|s69,3,0.0283083906,0.0138642671,-4.6596,0.0,-8.1812,11,27.2727,0.0085,0,0.0,0.0,0.0,0.0,0.0,0.0,7,0.6364,-54055.19,-5.4055,14.2857,-0.784,-5.4877,4,0.3636,26235.0,2.6235,50.0,0.7222,2.8888
b7f23ded,bull,s9|s83|s21,3,0.0333536187,0.0164008723,-0.5932,0.0,-7.5477,7,28.5714,0.008498,1,0.1429,32504.06,3.2504,100.0,3.3354,3.3354,2,0.2857,-32172.65,-3.2173,0.0,-1.6401,-3.2802,4,0.5714,-17229.39,-1.7229,25.0,-0.3962,-1.5849
ff6a19c4,bear,s16|s89,2,0.032624693,0.0167936873,-1.5428,0.0,-7.673,6,33.3333,0.008497,0,0.0,0.0,0.0,0.0,0.0,0.0,4,0.6667,-17998.61,-1.7999,25.0,-0.4439,-1.7756,2,0.3333,14488.71,1.4489,50.0,0.7916,1.5831
67b6cdf7,bear,s25|s90,2,0.0201353922,0.0106657439,-2.7391,0.0,-4.7418,7,28.5714,0.008475,5,0.7143,-22582.91,-2.2583,20.0,-0.4506,-2.2528,0,0.0,0.0,0.0,0.0,0.0,0.0,2,0.2857,8906.59,0.8907,50.0,0.4735,0.947
5641d072,bull,s41|s24|s30|s1|s44,5,0.0363607466,0.0143818689,-0.6279,0.0,-6.5165,8,25.0,0.00847,0,0.0,0.0,0.0,0.0,0.0,0.0,6,0.75,-35292.23,-3.5292,16.6667,-0.5925,-3.5549,2,0.25,19852.66,1.9853,50.0,1.0989,2.1979
169a2a9b,bull,s43|s33|s42,3,0.0264380509,0.0111728221,-4.1541,0.0,-7.7078,12,25.0,0.008462,2,0.1667,14171.71,1.4172,50.0,0.7633,1.5265,6,0.5,-29538.17,-2.9538,16.6667,-0.4904,-2.9426,4,0.3333,-7412.11,-0.7412,25.0,-0.177,-0.708
dceb0d63,bull,s1|s41|s5,3,0.0350439103,0.0150547469,-4.3007,0.0,-8.7341,11,27.2727,0.008451,0,0.0,0.0,0.0,0.0,0.0,0.0,7,0.6364,-54569.9,-5.457,14.2857,-0.7898,-5.5285,4,0.3636,36236.98,3.6237,50.0,0.9995,3.9978
ce72696e,bear,s18|s90|s37,3,0.0430295666,0.0131092649,-0.2123,0.0,-8.1884,7,28.5714,0.008442,1,0.1429,-13427.56,-1.3428,0.0,-1.3109,-1.3109,5,0.7143,45489.23,4.5489,40.0,0.9346,4.6731,1,0.1429,-13633.52,-1.3634,0.0,-1.3109,-1.3109
ba14ad8f,bull,s34|s3|s84|s87,4,0.0215357481,0.0093545173,-1.8091,0.0,-6.1811,7,28.5714,0.008391,3,0.4286,2075.62,0.2076,33.3333,0.0942,0.2827,1,0.1429,20956.05,2.0956,100.0,2.1536,2.1536,3,0.4286,-27550.41,-2.755,0.0,-0.9355,-2.8064
1ea55256,bull,s79|s69|s6,3,0.0359577366,0.0081601082,0.2477,0.0,-5.7997,11,18.1818,0.00839,0,0.0,0.0,0.0,0.0,0.0,0.0,5,0.4545,-40332.82,-4.0333,0.0,-0.816,-4.0801,6,0.5455,37111.52,3.7112,33.3333,0.6546,3.9275
e5c7f544,bear,s52|s71|s18,3,0.0368338628,0.0122285697,-0.7368,0.0,-7.6323,7,28.5714,0.008382,1,0.1429,-12284.77,-1.2285,0.0,-1.2229,-1.2229,5,0.7143,35926.26,3.5926,40.0,0.7396,3.6982,1,0.1429,-12641.92,-1.2642,0.0,-1.2229,-1.2229
e7f2ffd3,bull,s11|s6,2,0.0351242671,0.0146471997,-0.7895,0.0,-6.5242,8,25.0,0.008363,0,0.0,0.0,0.0,0.0,0.0,0.0,4,0.5,-57761.71,-5.7762,0.0,-1.4647,-5.8589,4,0.5,38517.72,3.8518,50.0,1.0239,4.0954
43bd917f,bull,s35|s74|s27,3,0.0348565167,0.0142318911,-0.9112,0.0,-6.4196,8,25.0,0.008335,0,0.0,0.0,0.0,0.0,0.0,0.0,5,0.625,-70153.45,-7.0153,0.0,-1.4232,-7.1159,3,0.375,52869.34,5.2869,66.6667,1.8494,5.5481
3eaaad5d,bear,s28|s77|s52,3,0.049041996,0.0167171198,-0.8918,0.0,-7.6117,7,28.5714,0.008304,0,0.0,0.0,0.0,0.0,0.0,0.0,6,0.8571,29061.93,2.9062,33.3333,0.5203,3.1216,1,0.1429,-17486.06,-1.7486,0.0,-1.6717,-1.6717
3d898424,bull,s78|s54|s10,3,0.0384267022,0.0190431166,-0.7131,0.0,-7.8857,7,28.5714,0.008289,0,0.0,0.0,0.0,0.0,0.0,0.0,3,0.4286,-55756.73,-5.5757,0.0,-1.9043,-5.7129,4,0.5714,35171.54,3.5172,50.0,0.9692,3.8767
6170ffe5,bull,s70|s2,2,0.0263180508,0.0121998091,-2.4631,0.0,-4.4758,8,25.0,0.008275,3,0.375,1330.11,0.133,33.3333,0.0639,0.1918,3,0.375,-36224.35,-3.6224,0.0,-1.22,-3.6599,2,0.25,13529.68,1.353,50.0,0.7059,1.4118
0ff965cd,bull,s30|s5|s27,3,0.0342464503,0.0184501923,-2.1718,0.0,-5.9993,7,28.5714,0.008264,0,0.0,0.0,0.0,0.0,0.0,0.0,4,0.5714,-21751.65,-2.1752,25.0,-0.5276,-2.1104,3,0.4286,-3609.52,-0.361,33.3333,-0.0885,-0.2654
9ac62d65,bear,s28|s71|s99,3,0.0421694526,0.0154444776,-0.9169,0.0,-7.766,7,28.5714,0.008225,3,0.4286,10194.5,1.0195,33.3333,0.376,1.128,4,0.5714,-5435.03,-0.5435,25.0,-0.1041,-0.4164,0,0.0,0.0,0.0,0.0,0.0,0.0
d3b66270,bull,s74|s6|s83,3,0.0320446981,0.0137650545,-1.2041,0.0,-6.3671,8,25.0,0.008173,0,0.0,0.0,0.0,0.0,0.0,0.0,4,0.5,-54483.15,-5.4483,0.0,-1.3765,-5.506,4,0.5,34672.71,3.4673,50.0,0.914,3.6559
3a57dfb1,bear,s76|s51|s90,3,0.024413947,0.0155350552,-2.6072,0.0,-7.23,6,33.3333,0.008146,2,0.3333,-30914.75,-3.0915,0.0,-1.5535,-3.107,1,0.1667,-15589.2,-1.5589,0.0,-1.5535,-1.5535,3,0.5,32306.54,3.2307,66.6667,1.1098,3.3293
ca08dfa0,bear,s18|s23|s25|s62|s72,5,0.0316694945,0.0140074597,-4.0516,0.0,-9.5851,11,27.2727,0.008108,3,0.2727,3087.39,0.3087,33.3333,0.1218,0.3655,2,0.1818,-27638.33,-2.7638,0.0,-1.4007,-2.8015,6,0.5455,5898.58,0.5899,33.3333,0.1218,0.7309
0bd451b3,bull,s54|s6|s8,3,0.037329022,0.0090535062,-0.0392,0.0,-5.8478,11,18.1818,0.008106,0,0.0,0.0,0.0,0.0,0.0,0.0,5,0.4545,-44663.49,-4.4663,0.0,-0.9054,-4.5268,6,0.5455,36060.03,3.606,33.3333,0.6407,3.8444
44594b2e,bull,s95|s8|s33|s42|s78,5,0.0362535236,0.0198645611,-1.4421,0.0,-7.5027,7,28.5714,0.008041,0,0.0,0.0,0.0,0.0,0.0,0.0,3,0.4286,-59346.94,-5.9347,0.0,-1.9865,-5.9594,4,0.5714,30866.78,3.0867,50.0,0.8194,3.2778
1ff84d14,bear,s71|s101|s57|s90|s20,5,0.0202386447,0.0109187821,-4.856,0.0,-8.6166,11,27.2727,0.00804,4,0.3636,18926.52,1.8927,50.0,0.466,1.864,2,0.1818,-21533.14,-2.1533,0.0,-1.0919,-2.1838,5,0.4545,-24189.38,-2.4189,20.0,-0.4687,-2.3436
df6a194c,bear,s18|s52|s27,3,0.0458587868,0.0104623246,0.0012,0.0,-7.4094,9,22.2222,0.008,1,0.1111,-10774.35,-1.0774,0.0,-1.0462,-1.0462,7,0.7778,38056.33,3.8056,28.5714,0.5629,3.9406,1,0.1111,-10910.29,-1.091,0.0,-1.0462,-1.0462
4c031c43,bull,s95|s38|s64,3,0.0317392049,0.0183876494,-2.1676,0.0,-6.6857,7,28.5714,0.007978,0,0.0,0.0,0.0,0.0,0.0,0.0,4,0.5714,-23979.92,-2.398,25.0,-0.5856,-2.3424,3,0.4286,-5756.6,-0.5757,33.3333,-0.1679,-0.5036
05130554,bull,s1|s38|s41,3,0.0307204785,0.0179823734,-2.159,0.0,-6.7268,7,28.5714,0.007966,0,0.0,0.0,0.0,0.0,0.0,0.0,5,0.7143,-41001.63,-4.1002,20.0,-0.8242,-4.1209,2,0.2857,11352.7,1.1353,50.0,0.6369,1.2738
03a5a410,bear,s66|s85|s27,3,0.0309415866,0.0160437306,-2.1953,0.0,-8.319,6,33.3333,0.007951,3,0.5,-924.4,-0.0924,33.3333,-0.0382,-0.1146,2,0.3333,14548.5,1.4548,50.0,0.7449,1.4898,1,0.1667,-16968.92,-1.6969,0.0,-1.6044,-1.6044
51cc2578,bull,s45|s43|s26,3,0.0330628451,0.0193594634,-2.4828,0.0,-7.9572,6,33.3333,0.007944,2,0.3333,12708.7,1.2709,50.0,0.6852,1.3703,4,0.6667,-25888.68,-2.5889,25.0,-0.6254,-2.5016,0,0.0,0.0,0.0,0.0,0.0,0.0
a950f3a1,bull,s40|s38|s53,3,0.0319501975,0.0085894127,-1.5366,0.0,-5.4745,9,22.2222,0.007937,1,0.1111,-8400.39,-0.84,0.0,-0.8589,-0.8589,6,0.6667,-11876.15,-1.1876,16.6667,-0.1833,-1.0997,2,0.2222,22536.74,2.2537,50.0,1.168,2.3361
4fb70e3e,bear,s25|s28|s27,3,0.0411723053,0.0096422563,-2.4908,0.0,-7.8691,15,20.0,0.007929,6,0.4,43349.42,4.3349,33.3333,0.7296,4.3776,7,0.4667,-17980.86,-1.7981,14.2857,-0.2383,-1.6681,2,0.1333,-20054.79,-2.0055,0.0,-0.9642,-1.9285
ebf94d14,bear,s28|s18|s100,3,0.0450684259,0.012982103,-1.0406,0.0,-7.1288,8,25.0,0.007912,3,0.375,17898.4,1.7898,33.3333,0.6368,1.9104,5,0.625,-8055.18,-0.8055,20.0,-0.1372,-0.686,0,0.0,0.0,0.0,0.0,0.0,0.0
b09dfae7,bull,s45|s42|s21,3,0.0313796485,0.0108660335,-1.8137,0.0,-6.1558,8,25.0,0.007884,1,0.125,-10578.15,-1.0578,0.0,-1.0866,-1.0866,3,0.375,-32319.39,-3.2319,0.0,-1.0866,-3.2598,4,0.5,39012.27,3.9012,50.0,1.0257,4.1027
1b9ddb1f,bull,s91|s38|s43|s60,4,0.0312980523,0.0183773634,-2.2461,0.0,-6.8393,7,28.5714,0.00787,1,0.1429,-17619.78,-1.762,0.0,-1.8377,-1.8377,5,0.7143,-42286.72,-4.2287,20.0,-0.8442,-4.2211,1,0.1429,29397.55,2.9398,100.0,3.1298,3.1298
61978e9b,bull,s82|s84|s27,3,0.0269430507,0.0116471916,-4.6344,0.0,-7.9057,12,25.0,0.007859,0,0.0,0.0,0.0,0.0,0.0,0.0,7,0.5833,-6157.77,-0.6158,28.5714,-0.0621,-0.435,5,0.4167,-19446.17,-1.9446,20.0,-0.3929,-1.9646
afc635b5,bull,s94|s12|s84|s24,4,0.0246760131,0.0150565835,-2.2326,0.0,-6.9347,7,28.5714,0.007837,6,0.8571,-12096.18,-1.2096,33.3333,-0.1812,-1.0874,1,0.1429,-14685.84,-1.4686,0.0,-1.5057,-1.5057,0,0.0,0.0,0.0,0.0,0.0,0.0
88cc83a6,bull,s35|s24|s75|s82,4,0.0327371675,0.0143306001,-1.2908,0.0,-7.0419,8,25.0,0.007794,0,0.0,0.0,0.0,0.0,0.0,0.0,5,0.625,-70077.48,-7.0077,0.0,-1.4331,-7.1653,3,0.375,48044.68,4.8045,66.6667,1.7048,5.1144
fa49503b,bear,s37|s90|s25|s13|s16,5,0.0338323806,0.0197874542,-3.033,0.0,-7.7217,6,33.3333,0.007764,2,0.3333,13975.5,1.3976,50.0,0.7022,1.4045,3,0.5,-7186.22,-0.7186,33.3333,-0.1914,-0.5743,1,0.1667,-19700.54,-1.9701,0.0,-1.9787,-1.9787
cabe54f5,bear,s72|s80|s27,3,0.0303633392,0.012091444,-4.285,0.0,-8.5236,12,25.0,0.007749,3,0.25,6612.48,0.6612,33.3333,0.206,0.618,5,0.4167,-17089.82,-1.709,20.0,-0.36,-1.8002,4,0.3333,-8388.19,-0.8388,25.0,-0.1478,-0.5911
8ce9cdf1,bear,s62|s89|s72,3,0.0211319631,0.0122205513,-5.6072,0.0,-8.0704,11,27.2727,0.007739,4,0.3636,17767.42,1.7767,50.0,0.4456,1.7823,3,0.2727,-35872.41,-3.5872,0.0,-1.2221,-3.6662,4,0.3636,-16387.98,-1.6388,25.0,-0.3882,-1.553
d8f31a02,bear,s101|s17|s19,3,0.0254156425,0.0091724999,-3.1161,0.0,-10.1037,12,25.0,0.007734,3,0.25,-27633.43,-2.7633,0.0,-0.9172,-2.7517,4,0.3333,33117.52,3.3118,50.0,0.8122,3.2486,5,0.4167,-12623.86,-1.2624,20.0,-0.2255,-1.1274
9a2137a2,bull,s32|s24|s69,3,0.0321004506,0.0087540642,-3.3301,0.0,-7.7894,14,21.4286,0.007727,0,0.0,0.0,0.0,0.0,0.0,0.0,9,0.6429,-37643.22,-3.7643,11.1111,-0.4215,-3.7932,5,0.3571,34999.28,3.4999,40.0,0.7588,3.7939
fd85d091,bull,s59|s8|s4|s35|s10,5,0.0394243015,0.0120871098,-0.9384,0.0,-5.8858,10,20.0,0.007718,0,0.0,0.0,0.0,0.0,0.0,0.0,5,0.5,-59324.66,-5.9325,0.0,-1.2087,-6.0436,5,0.5,39568.74,3.9569,40.0,0.8517,4.2587
01cfb64e,bull,s42|s64|s68,3,0.032906241,0.0193914327,-2.2292,0.0,-7.4931,7,28.5714,0.007605,0,0.0,0.0,0.0,0.0,0.0,0.0,4,0.5714,-25862.64,-2.5863,25.0,-0.6317,-2.5268,3,0.4286,-6624.17,-0.6624,33.3333,-0.1959,-0.5877
62b46a8d,bull,s9|s91|s14|s94,4,0.032431635,0.0183859917,-2.0003,0.0,-7.8051,7,28.5714,0.007602,1,0.1429,-17627.76,-1.7628,0.0,-1.8386,-1.8386,3,0.4286,-54662.33,-5.4662,0.0,-1.8386,-5.5158,3,0.4286,43854.18,4.3854,66.6667,1.5492,4.6477
486eee99,bull,s32|s43|s40|s68|s46,5,0.0348438975,0.0188057237,-1.7874,0.0,-8.0966,7,28.5714,0.007598,0,0.0,0.0,0.0,0.0,0.0,0.0,4,0.5714,-73445.79,-7.3446,0.0,-1.8806,-7.5223,3,0.4286,47344.01,4.7344,66.6667,1.6961,5.0882
99a2d4b4,bull,s5|s46,2,0.0331350028,0.0193628555,-2.4705,0.0,-8.9391,6,33.3333,0.007596,0,0.0,0.0,0.0,0.0,0.0,0.0,5,0.8333,-44186.44,-4.4186,20.0,-0.8863,-4.4316,1,0.1667,31029.27,3.1029,100.0,3.3135,3.3135
66741389,bear,s52|s85|s28,3,0.0236358168,0.0121157488,-5.2313,0.0,-8.8286,11,27.2727,0.00757,2,0.1818,11173.22,1.1173,50.0,0.576,1.152,7,0.6364,-48989.0,-4.8989,14.2857,-0.7008,-4.9059,2,0.1818,11327.82,1.1328,50.0,0.576,1.152
359b284c,bear,s56|s77|s67,3,0.0237231557,0.0137753214,-3.5852,0.0,-5.8274,7,28.5714,0.007545,1,0.1429,22957.7,2.2958,100.0,2.3723,2.3723,4,0.5714,-54407.32,-5.4407,0.0,-1.3775,-5.5101,2,0.2857,9316.71,0.9317,50.0,0.4974,0.9948
c58f05d1,bear,s23|s90|s26,3,0.0274684028,0.0141378506,-3.0558,0.0,-6.5646,7,28.5714,0.007532,3,0.4286,-828.65,-0.0829,33.3333,-0.0269,-0.0807,3,0.4286,-42193.72,-4.2194,0.0,-1.4138,-4.2414,1,0.1429,26367.13,2.6367,100.0,2.7468,2.7468
14f1f1ff,bull,s65|s14|s45,3,0.0343131769,0.0100728708,-0.7009,0.0,-6.5142,10,20.0,0.007531,1,0.1,-9941.53,-0.9942,0.0,-1.0073,-1.0073,4,0.4,-39584.52,-3.9585,0.0,-1.0073,-4.0291,5,0.5,35977.7,3.5978,40.0,0.7682,3.8408
57ad0a78,bear,s19|s76|s31|s80,4,0.0235157725,0.0086091744,-2.1177,0.0,-6.4917,8,25.0,0.007529,2,0.25,14487.18,1.4487,50.0,0.7453,1.4907,3,0.375,-25619.56,-2.562,0.0,-0.8609,-2.5828,3,0.375,5671.91,0.5672,33.3333,0.2099,0.6297
b956b67c,bear,s16|s85|s28,3,0.0367326332,0.0107046239,-1.4741,0.0,-7.4481,8,25.0,0.007481,6,0.75,29493.34,2.9493,33.3333,0.5108,3.0647,2,0.25,-21572.86,-2.1573,0.0,-1.0705,-2.1409,0,0.0,0.0,0.0,0.0,0.0,0.0
b2948e17,bull,s64|s59|s9,3,0.0271940487,0.011721733,-4.8299,0.0,-8.1814,12,25.0,0.007473,2,0.1667,14113.27,1.4113,50.0,0.7736,1.5472,7,0.5833,-42649.77,-4.265,14.2857,-0.6162,-4.3136,3,0.25,2907.14,0.2907,33.3333,0.125,0.3751
32063d44,bear,s77|s13|s49|s16,4,0.019016278,0.0091235534,-3.2803,0.0,-5.0825,8,25.0,0.007461,2,0.25,9564.0,0.9564,50.0,0.4946,0.9893,3,0.375,-26992.73,-2.6993,0.0,-0.9124,-2.7371,3,0.375,341.32,0.0341,33.3333,0.0256,0.0769
27a486ba,bull,s70|s4,2,0.0423092896,0.0127706408,-1.2021,0.0,-5.9797,10,20.0,0.00745,1,0.1,-12569.79,-1.257,0.0,-1.2771,-1.2771,4,0.4,-50282.2,-5.0282,0.0,-1.2771,-5.1083,5,0.5,43195.22,4.3195,40.0,0.9261,4.6307
7c54e27b,bull,s1|s39,2,0.0296902883,0.0083113344,-3.1407,0.0,-8.3981,14,21.4286,0.007428,3,0.2143,11288.8,1.1289,33.3333,0.4356,1.3068,6,0.4286,-12461.53,-1.2462,16.6667,-0.1978,-1.1866,5,0.3571,-3700.12,-0.37,20.0,-0.0711,-0.3555
8435db50,bull,s5|s70|s30|s1|s24,5,0.0329906277,0.0107208454,-3.9547,0.0,-8.289,13,23.0769,0.007422,0,0.0,0.0,0.0,0.0,0.0,0.0,9,0.6923,-51981.76,-5.1982,11.1111,-0.5864,-5.2776,4,0.3077,41006.86,4.1007,50.0,1.1135,4.454
4356294a,bull,s5|s10|s46,3,0.0316863561,0.0146438691,-1.9542,0.0,-6.9986,8,25.0,0.00739,0,0.0,0.0,0.0,0.0,0.0,0.0,5,0.625,-26951.24,-2.6951,20.0,-0.5378,-2.6889,3,0.375,1193.12,0.1193,33.3333,0.08,0.2399
bf974161,bear,s61|s56,2,0.0262585108,0.0098519906,-4.6194,0.0,-7.4571,13,23.0769,0.007379,4,0.3077,31589.99,3.159,50.0,0.8203,3.2813,4,0.3077,-38679.25,-3.8679,0.0,-0.9852,-3.9408,5,0.3846,-13737.03,-1.3737,20.0,-0.263,-1.3149
9807f538,bull,s58|s75|s41,3,0.0327160461,0.0123451267,-1.6112,0.0,-6.4699,9,22.2222,0.007346,0,0.0,0.0,0.0,0.0,0.0,0.0,6,0.6667,-72294.49,-7.2294,0.0,-1.2345,-7.4071,3,0.3333,49917.65,4.9918,66.6667,1.7696,5.3087
7119547f,bull,s91|s82|s63,3,0.0293414482,0.0123243772,-4.9028,0.0,-8.2778,12,25.0,0.007333,0,0.0,0.0,0.0,0.0,0.0,0.0,8,0.6667,-16783.8,-1.6784,25.0,-0.1908,-1.5263,4,0.3333,-8063.5,-0.8064,25.0,-0.1908,-0.7632
51d368a5,bull,s30|s32,2,0.0366339152,0.0159893027,-2.2381,0.0,-8.1298,7,28.5714,0.007332,0,0.0,0.0,0.0,0.0,0.0,0.0,5,0.7143,-27816.46,-2.7816,20.0,-0.5465,-2.7323,2,0.2857,18974.64,1.8975,50.0,1.0322,2.0645
02ba6dbe,bull,s82|s15|s44|s88|s36,5,0.0377898017,0.0185272848,-2.3576,0.0,-6.6437,8,25.0,0.007302,0,0.0,0.0,0.0,0.0,0.0,0.0,4,0.5,-72930.52,-7.2931,0.0,-1.8527,-7.4109,4,0.5,35811.56,3.5812,50.0,0.9631,3.8525
c353d992,bear,s19|s85|s72|s80|s22,5,0.0207673424,0.0127149783,-6.0861,0.0,-8.1158,11,27.2727,0.007288,5,0.4545,3591.2,0.3591,40.0,0.0678,0.339,2,0.1818,-24717.51,-2.4718,0.0,-1.2715,-2.543,4,0.3636,-18199.96,-1.82,25.0,-0.4344,-1.7378
68c6e07c,bear,s61|s28|s31,3,0.0184157415,0.0110483544,-5.4654,0.0,-8.9527,11,27.2727,0.007282,4,0.3636,14831.33,1.4831,50.0,0.3684,1.4735,3,0.2727,-32716.42,-3.2716,0.0,-1.1048,-3.3145,4,0.3636,-15133.58,-1.5134,25.0,-0.3682,-1.4729
03a3d280,bear,s97|s37|s20|s16,4,0.0331354121,0.0144642524,-2.6473,0.0,-7.8235,7,28.5714,0.007232,3,0.4286,4091.78,0.4092,33.3333,0.1402,0.4207,3,0.4286,3091.8,0.3092,33.3333,0.1402,0.4207,1,0.1429,-14376.68,-1.4377,0.0,-1.4464,-1.4464
6deb3638,bear,s62|s50|s19|s16|s37,5,0.0345242369,0.0083022434,-0.8423,0.0,-7.7108,9,22.2222,0.00723,2,0.2222,-17323.01,-1.7323,0.0,-0.8302,-1.6604,4,0.4444,52597.94,5.2598,50.0,1.3111,5.2444,3,0.3333,-25189.37,-2.5189,0.0,-0.8302,-2.4907
7b0b799e,bull,s40|s1|s36|s2,4,0.0282942004,0.0122183906,-5.3398,0.0,-7.8543,12,25.0,0.007219,5,0.4167,17407.73,1.7408,40.0,0.3987,1.9933,4,0.3333,-47532.77,-4.7533,0.0,-1.2218,-4.8874,3,0.25,3282.65,0.3283,33.3333,0.1286,0.3857
70fe8791,bear,s16|s18,2,0.0361854384,0.0109977949,-1.412,0.0,-8.0946,8,25.0,0.007211,1,0.125,-11006.9,-1.1007,0.0,-1.0998,-1.0998,3,0.375,62086.92,6.2087,66.6667,2.0458,6.1373,4,0.5,-45799.48,-4.5799,0.0,-1.0998,-4.3991
ac370168,bear,s37|s72|s98|s31,4,0.0238782361,0.0150431264,-4.1755,0.0,-5.9023,7,28.5714,0.007183,3,0.4286,-6418.2,-0.6418,33.3333,-0.2069,-0.6208,3,0.4286,-44330.57,-4.4331,0.0,-1.5043,-4.5129,1,0.1429,22756.71,2.2757,100.0,2.3878,2.3878
c5fd1ab0,bull,s44|s47|s78,3,0.0319445901,0.0177417199,-2.7477,0.0,-7.8592,7,28.5714,0.00716,0,0.0,0.0,0.0,0.0,0.0,0.0,5,0.7143,-38804.73,-3.8805,20.0,-0.7804,-3.9022,2,0.2857,12438.39,1.2438,50.0,0.7101,1.4203
fb59dcc1,bull,s21|s11|s15|s87|s9,5,0.0348507656,0.0126169374,-1.3304,0.0,-7.2756,9,22.2222,0.007113,0,0.0,0.0,0.0,0.0,0.0,0.0,4,0.4444,-49427.37,-4.9427,0.0,-1.2617,-5.0468,5,0.5556,29174.09,2.9174,40.0,0.637,3.1851
c33123fc,bear,s101|s51|s77,3,0.0267457032,0.0084547816,-4.1366,0.0,-7.4532,14,21.4286,0.007106,5,0.3571,28322.07,2.8322,40.0,0.5625,2.8127,3,0.2143,-25016.24,-2.5016,0.0,-0.8455,-2.5364,6,0.4286,-16914.08,-1.6914,16.6667,-0.2588,-1.5528
0377899a,bull,s58|s65|s95,3,0.0188165956,0.0093459689,-6.3591,0.0,-9.1208,16,25.0,0.007104,2,0.125,8314.94,0.8315,50.0,0.4735,0.9471,8,0.5,-45504.78,-4.5505,12.5,-0.5826,-4.6605,6,0.375,-362.58,-0.0363,33.3333,0.0042,0.0249
61b0f1ac,bull,s35|s96,2,0.0320920899,0.0189696225,-2.2012,0.0,-8.7296,7,28.5714,0.007101,1,0.1429,-18165.7,-1.8166,0.0,-1.897,-1.897,3,0.4286,-6827.98,-0.6828,33.3333,-0.1949,-0.5847,3,0.4286,-6939.97,-0.694,33.3333,-0.1949,-0.5847
20a3550f,bull,s33|s14|s87|s10,4,0.0310781481,0.0091957319,-4.0884,0.0,-7.5368,14,21.4286,0.00709,0,0.0,0.0,0.0,0.0,0.0,0.0,7,0.5,-24621.26,-2.4621,14.2857,-0.3442,-2.4096,7,0.5,14420.21,1.442,28.5714,0.2311,1.6178
b41c76bb,bull,s68|s43|s10,3,0.0341715066,0.0160442212,-2.3184,0.0,-7.1456,8,25.0,0.007086,0,0.0,0.0,0.0,0.0,0.0,0.0,5,0.625,-30059.2,-3.0059,20.0,-0.6001,-3.0005,3,0.375,696.93,0.0697,33.3333,0.0694,0.2083
30408e1a,bull,s34|s33|s70,3,0.0296714688,0.0130302112,-5.0762,0.0,-8.3995,12,25.0,0.007079,1,0.0833,28243.01,2.8243,100.0,2.9671,2.9671,6,0.5,-35884.77,-3.5885,16.6667,-0.5913,-3.548,5,0.4167,-22319.0,-2.2319,20.0,-0.449,-2.2449
c193f5f2,bear,s86|s89|s37,3,0.0312797005,0.0117919627,-2.5268,0.0,-6.9092,8,25.0,0.007066,1,0.125,30817.53,3.0818,100.0,3.128,3.128,4,0.5,-46523.64,-4.6524,0.0,-1.1792,-4.7168,3,0.375,6255.19,0.6255,33.3333,0.2565,0.7696
cd830361,bull,s53|s79|s26,3,0.063496465,0.010857026,6.7056,0.0,-3.0781,3,33.3333,0.007055,3,1.0,40262.21,4.0262,33.3333,1.3927,4.1782,0,0.0,0.0,0.0,0.0,0.0,0.0,0,0.0,0.0,0.0,0.0,0.0,0.0
fc1d36f7,bull,s1|s58|s74,3,0.0205910312,0.0096225581,-6.0205,0.0,-9.6595,16,25.0,0.007021,6,0.375,1910.31,0.191,33.3333,0.0449,0.2692,5,0.3125,-46826.9,-4.6827,0.0,-0.9623,-4.8113,5,0.3125,10625.32,1.0625,40.0,0.2463,1.2314
cfab17a3,bear,s72|s20|s97|s19,4,0.0294850255,0.0185209485,-3.6384,0.0,-8.9976,6,33.3333,0.007014,3,0.5,-8417.37,-0.8417,33.3333,-0.2519,-0.7557,0,0.0,0.0,0.0,0.0,0.0,0.0,3,0.5,-7624.0,-0.7624,33.3333,-0.2519,-0.7557
cb6120d3,bear,s62|s37|s27,3,0.0433082539,0.0109067165,-0.9912,0.0,-7.9609,9,22.2222,0.006987,1,0.1111,-11199.51,-1.12,0.0,-1.0907,-1.0907,8,0.8889,19399.04,1.9399,25.0,0.2647,2.1176,0,0.0,0.0,0.0,0.0,0.0,0.0
4543c3eb,bull,s9|s48|s53|s84|s88,5,0.0309325958,0.0122405196,-2.8553,0.0,-6.7366,8,25.0,0.006939,4,0.5,-6815.12,-0.6815,25.0,-0.1447,-0.5789,3,0.375,5412.68,0.5413,33.3333,0.2151,0.6452,1,0.125,-11712.25,-1.1712,0.0,-1.2241,-1.2241
47b049f9,bull,s83|s30|s68,3,0.0293775836,0.0117856287,-2.8802,0.0,-6.7406,8,25.0,0.006921,3,0.375,4380.26,0.438,33.3333,0.1935,0.5806,3,0.375,4998.38,0.4998,33.3333,0.1935,0.5806,2,0.25,-22729.32,-2.2729,0.0,-1.1786,-2.3571
5bf9f180,bull,s82|s33|s9|s24|s1,5,0.0312444679,0.0082544403,-3.6366,0.0,-7.4636,15,20.0,0.006919,0,0.0,0.0,0.0,0.0,0.0,0.0,9,0.6,-34867.82,-3.4868,11.1111,-0.3866,-3.4791,6,0.4,27155.01,2.7155,33.3333,0.4912,2.9471
e7894d4b,bull,s24|s82|s26,3,0.0211997825,0.0129650379,-5.6415,0.0,-9.2973,11,27.2727,0.006899,1,0.0909,19720.72,1.9721,100.0,2.12,2.12,7,0.6364,-55643.35,-5.5643,14.2857,-0.8084,-5.659,3,0.2727,-4771.18,-0.4771,33.3333,-0.1577,-0.473
7f94a6d7,bull,s30|s42|s11|s65,4,0.0240557558,0.0096772244,-4.641,0.0,-8.0797,13,23.0769,0.006871,1,0.0769,22399.25,2.2399,100.0,2.4056,2.4056,6,0.4615,-24637.41,-2.4637,16.6667,-0.4055,-2.433,6,0.4615,-23671.69,-2.3672,16.6667,-0.4055,-2.433
94ca2b80,bull,s35|s30|s11|s32|s1,5,0.0210982673,0.0103636127,-6.6756,0.0,-8.9872,16,25.0,0.006828,1,0.0625,20185.82,2.0186,100.0,2.1098,2.1098,8,0.5,-51257.4,-5.1257,12.5,-0.6431,-5.1447,7,0.4375,-9295.9,-0.9296,28.5714,-0.1375,-0.9622
91f495cc,bull,s30|s68|s95,3,0.0586609401,0.0081807226,5.3297,0.0,-3.6992,4,25.0,0.006818,3,0.75,40571.71,4.0572,33.3333,1.41,4.2299,1,0.25,-8007.29,-0.8007,0.0,-0.8181,-0.8181,0,0.0,0.0,0.0,0.0,0.0,0.0
203fda75,bear,s100|s37|s27,3,0.050163445,0.0113486677,-0.7381,0.0,-8.6216,9,22.2222,0.006813,4,0.4444,-46360.73,-4.6361,0.0,-1.1349,-4.5395,5,0.5556,64478.37,6.4478,40.0,1.3256,6.6281,0,0.0,0.0,0.0,0.0,0.0,0.0
c933e995,bear,s23|s20|s56,3,0.0297022993,0.0106790086,-2.1655,0.0,-7.9283,8,25.0,0.006808,3,0.375,-32064.76,-3.2065,0.0,-1.0679,-3.2037,2,0.25,19101.29,1.9101,50.0,0.9512,1.9023,3,0.375,7227.85,0.7228,33.3333,0.2781,0.8344
8218f4c1,bull,s46|s11|s41,3,0.0319212759,0.0160384343,-2.7396,0.0,-7.3569,8,25.0,0.006715,1,0.125,30539.52,3.054,100.0,3.1921,3.1921,4,0.5,-62731.12,-6.2731,0.0,-1.6038,-6.4154,3,0.375,-1314.47,-0.1314,33.3333,-0.0052,-0.0156
8b510c36,bear,s61|s16|s26,3,0.0336335888,0.0168503032,-3.2316,0.0,-8.3652,7,28.5714,0.006677,1,0.1429,-17038.68,-1.7039,0.0,-1.685,-1.685,3,0.4286,-368.43,-0.0368,33.3333,-0.0022,-0.0067,3,0.4286,-997.4,-0.0997,33.3333,-0.0022,-0.0067
958832f1,bear,s18|s56|s16,3,0.0291711681,0.0120330872,-4.5667,0.0,-9.6525,12,25.0,0.006666,4,0.3333,-6720.26,-0.672,25.0,-0.1732,-0.6928,4,0.3333,-6827.31,-0.6827,25.0,-0.1732,-0.6928,4,0.3333,-8339.34,-0.8339,25.0,-0.1732,-0.6928
61559c2a,bear,s29|s97|s72,3,0.019326602,0.0091008329,-5.83,0.0,-6.7643,13,23.0769,0.006661,8,0.6154,-15424.38,-1.5424,25.0,-0.1994,-1.5952,3,0.2308,-26601.21,-2.6601,0.0,-0.9101,-2.7302,2,0.1538,9027.45,0.9027,50.0,0.5113,1.0226
2239a5a6,bear,s66|s62|s99,3,0.0199247767,0.0128363689,-3.8433,0.0,-7.596,7,28.5714,0.006657,3,0.4286,-5623.94,-0.5624,33.3333,-0.1916,-0.5748,0,0.0,0.0,0.0,0.0,0.0,0.0,4,0.5714,-19027.67,-1.9028,25.0,-0.4646,-1.8584
75c7171e,bear,s23|s25|s27,3,0.0318157166,0.0158575338,-3.0835,0.0,-8.6146,7,28.5714,0.006655,2,0.2857,-32706.39,-3.2706,0.0,-1.5858,-3.1715,2,0.2857,16151.56,1.6152,50.0,0.7979,1.5958,3,0.4286,14.64,0.0015,33.3333,0.0034,0.0101
d9529248,bull,s39|s82|s32,3,0.0313529243,0.0166852499,-5.7845,0.0,-9.5116,11,27.2727,0.006632,0,0.0,0.0,0.0,0.0,0.0,0.0,7,0.6364,-22444.8,-2.2445,28.5714,-0.296,-2.072,4,0.3636,-18777.51,-1.8778,25.0,-0.4676,-1.8703
a02ea4c8,bear,s101|s22|s57|s80|s66,5,0.0298202848,0.009912108,-2.8571,0.0,-6.1774,9,22.2222,0.006607,3,0.3333,9364.51,0.9365,33.3333,0.3332,0.9996,3,0.3333,-29456.2,-2.9456,0.0,-0.9912,-2.9736,3,0.3333,9208.07,0.9208,33.3333,0.3332,0.9996
5658f867,bull,s68|s84,2,0.0480756828,0.0139757009,5.8069,0.0,-2.73,2,50.0,0.006602,2,1.0,33300.08,3.33,50.0,1.705,3.41,0,0.0,0.0,0.0,0.0,0.0,0.0,0,0.0,0.0,0.0,0.0,0.0,0.0
09a61886,bull,s63|s9|s42|s74,4,0.0345628872,0.0140191154,-2.4596,0.0,-6.7205,9,22.2222,0.0066,0,0.0,0.0,0.0,0.0,0.0,0.0,5,0.5556,-68678.5,-6.8679,0.0,-1.4019,-7.0096,4,0.4444,38364.56,3.8365,50.0,1.0272,4.1088
f126b6d6,bull,s53|s33|s21,3,0.0539729162,0.0101997944,4.4727,0.0,-3.5283,4,25.0,0.006584,0,0.0,0.0,0.0,0.0,0.0,0.0,3,0.75,-30713.76,-3.0714,0.0,-1.02,-3.0599,1,0.25,52613.78,5.2614,100.0,5.3973,5.3973
1e69552b,bull,s68|s42|s73,3,0.0624595883,0.0110296288,4.7994,0.0,-4.0847,4,25.0,0.006555,0,0.0,0.0,0.0,0.0,0.0,0.0,2,0.5,-21893.9,-2.1894,0.0,-1.103,-2.2059,2,0.5,49403.19,4.9403,50.0,2.5715,5.143
638b0d4e,bear,s20|s90|s26,3,0.0292875232,0.0122370565,-3.1664,0.0,-7.1743,8,25.0,0.00653,2,0.25,16878.56,1.6879,50.0,0.8525,1.705,4,0.5,-48629.02,-4.8629,0.0,-1.2237,-4.8948,2,0.25,15947.7,1.5948,50.0,0.8525,1.705
58a2db10,bull,s73|s38|s93,3,0.0465226718,0.0134949526,4.7503,0.0,-1.9903,2,50.0,0.006521,2,1.0,32275.89,3.2276,50.0,1.6514,3.3028,0,0.0,0.0,0.0,0.0,0.0,0.0,0,0.0,0.0,0.0,0.0,0.0,0.0
b160d8b9,bull,s70|s7|s94|s64,4,0.0332327107,0.0139824749,-2.8385,0.0,-6.3649,9,22.2222,0.006519,2,0.2222,18355.82,1.8356,50.0,0.9625,1.925,3,0.3333,-41206.6,-4.1207,0.0,-1.3982,-4.1947,4,0.4444,-9587.2,-0.9587,25.0,-0.2179,-0.8715
2aede055,bull,s78|s59|s38|s40,4,0.0553375757,0.0141306571,6.1788,0.0,-3.9606,2,50.0,0.006513,1,0.5,54392.2,5.4392,100.0,5.5338,5.5338,1,0.5,-14116.54,-1.4117,0.0,-1.4131,-1.4131,0,0.0,0.0,0.0,0.0,0.0,0.0
a0f7a1a0,bull,s45|s30|s26,3,0.0515862158,0.0124106644,5.5842,0.0,-4.6506,3,33.3333,0.006503,1,0.3333,50062.77,5.0063,100.0,5.1586,5.1586,2,0.6667,-24618.19,-2.4618,0.0,-1.2411,-2.4821,0,0.0,0.0,0.0,0.0,0.0,0.0
1b071e44,bear,s13|s99|s19,3,0.0313394497,0.0131428538,-4.9296,0.0,-9.3976,12,25.0,0.006501,5,0.4167,-21318.86,-2.1319,20.0,-0.4246,-2.1232,4,0.3333,-8374.68,-0.8375,25.0,-0.2022,-0.8089,3,0.25,4163.87,0.4164,33.3333,0.1685,0.5054
240ac502,bull,s83|s94|s39|s44,4,0.0456026274,0.008757639,4.5558,0.0,-1.9903,2,50.0,0.00649,1,0.5,-8748.89,-0.8749,0.0,-0.8758,-0.8758,1,0.5,45067.83,4.5068,100.0,4.5603,4.5603,0,0.0,0.0,0.0,0.0,0.0,0.0
6fb76fbe,bull,s74|s7|s30,3,0.0315642348,0.0104832444,-4.5232,0.0,-7.6766,14,21.4286,0.006486,0,0.0,0.0,0.0,0.0,0.0,0.0,10,0.7143,-22060.09,-2.206,20.0,-0.2074,-2.0737,4,0.2857,-668.79,-0.0669,25.0,0.0029,0.0115
96cb7894,bear,s101|s61|s89|s29,4,0.0245484395,0.0088252625,-5.1435,0.0,-6.8587,14,21.4286,0.006478,7,0.5,4463.04,0.4463,28.5714,0.071,0.4971,2,0.1429,-17184.82,-1.7185,0.0,-0.8825,-1.7651,5,0.3571,-11356.87,-1.1357,20.0,-0.2151,-1.0753
bfe58165,bull,s87|s30,2,0.0669885055,0.0172941043,4.435,0.0,-1.9903,2,50.0,0.006471,1,0.5,-17276.83,-1.7277,0.0,-1.7294,-1.7294,0,0.0,0.0,0.0,0.0,0.0,0.0,1,0.5,65632.84,6.5633,100.0,6.6989,6.6989
4e17151c,bull,s1|s15|s26,3,0.0318204195,0.0086013252,-1.2052,0.0,-6.7756,11,18.1818,0.006468,3,0.2727,13228.26,1.3228,33.3333,0.4873,1.4618,4,0.3636,-33652.41,-3.3652,0.0,-0.8601,-3.4405,4,0.3636,5292.89,0.5293,25.0,0.1504,0.6016
10f19e3f,bull,s40|s35|s8|s34|s94,5,0.0362688664,0.0146498761,-2.7288,0.0,-6.6182,9,22.2222,0.006461,0,0.0,0.0,0.0,0.0,0.0,0.0,5,0.5556,-22541.08,-2.2541,20.0,-0.4466,-2.2331,4,0.4444,-8820.54,-0.8821,25.0,-0.192,-0.7681
fcfce50a,bull,s5|s14|s1,3,0.0297544654,0.0159010946,-6.0256,0.0,-9.4568,11,27.2727,0.006456,0,0.0,0.0,0.0,0.0,0.0,0.0,7,0.6364,-64386.74,-6.4387,14.2857,-0.9379,-6.5652,4,0.3636,24741.37,2.4741,50.0,0.6927,2.7707
96e69952,bear,s89|s85|s52,3,0.0304417929,0.0119049721,-3.3764,0.0,-7.0565,8,25.0,0.006452,1,0.125,29988.56,2.9989,100.0,3.0442,3.0442,4,0.5,-46915.32,-4.6915,0.0,-1.1905,-4.762,3,0.375,5206.89,0.5207,33.3333,0.2211,0.6632
9e48eab8,bull,s83|s93|s39,3,0.0401063202,0.0100847526,4.4679,0.0,-2.286,2,50.0,0.006441,1,0.5,-10074.67,-1.0075,0.0,-1.0085,-1.0085,1,0.5,39582.94,3.9583,100.0,4.0106,4.0106,0,0.0,0.0,0.0,0.0,0.0,0.0
0475f053,bull,s96|s15|s64,3,0.0320704726,0.0159182258,-2.6401,0.0,-8.075,8,25.0,0.006434,1,0.125,-15338.58,-1.5339,0.0,-1.5918,-1.5918,3,0.375,-47114.77,-4.7115,0.0,-1.5918,-4.7755,4,0.5,30018.39,3.0018,50.0,0.8076,3.2304
84c8616c,bull,s75|s58|s34|s7,4,0.0348171585,0.016950456,-2.547,0.0,-8.2022,8,25.0,0.006433,0,0.0,0.0,0.0,0.0,0.0,0.0,6,0.75,-98454.6,-9.8455,0.0,-1.695,-10.1703,2,0.25,64874.84,6.4875,100.0,3.4817,6.9634
56c61fcd,bear,s49|s61|s20,3,0.0262835069,0.0143623017,-5.8216,0.0,-9.7806,11,27.2727,0.006422,3,0.2727,-2590.95,-0.2591,33.3333,-0.0814,-0.2441,2,0.1818,-28085.35,-2.8085,0.0,-1.4362,-2.8725,6,0.5455,-5869.38,-0.5869,33.3333,-0.0814,-0.4882
1b765694,bear,s28|s67|s26,3,0.0643512317,0.0143474252,4.4989,0.0,-2.5279,2,50.0,0.006416,2,1.0,49060.14,4.906,50.0,2.5002,5.0004,0,0.0,0.0,0.0,0.0,0.0,0.0,0,0.0,0.0,0.0,0.0,0.0,0.0
f7100517,bull,s93|s38|s9|s45,4,0.0475899482,0.0121418578,5.0009,0.0,-3.2328,2,50.0,0.006412,1,0.5,46871.28,4.6871,100.0,4.759,4.759,1,0.5,-12129.72,-1.213,0.0,-1.2142,-1.2142,0,0.0,0.0,0.0,0.0,0.0,0.0
9ea77290,bear,s50|s101,2,0.0220648051,0.0110712141,-5.7099,0.0,-8.4958,12,25.0,0.006402,5,0.4167,10750.74,1.0751,40.0,0.2183,1.0916,1,0.0833,-10635.02,-1.0635,0.0,-1.1071,-1.1071,6,0.5,-33867.39,-3.3867,16.6667,-0.5549,-3.3291
ecafd6d2,bear,s51|s71|s31|s101,4,0.059563489,0.0126107009,4.2116,0.0,-2.2983,2,50.0,0.006398,1,0.5,59503.94,5.9504,100.0,5.9563,5.9563,1,0.5,-13323.31,-1.3323,0.0,-1.2611,-1.2611,0,0.0,0.0,0.0,0.0,0.0,0.0
5f2f7860,bull,s69|s59,2,0.0544364158,0.0108444126,5.0771,0.0,-4.5588,3,33.3333,0.006398,1,0.3333,-10694.67,-1.0695,0.0,-1.0844,-1.0844,1,0.3333,-10833.58,-1.0834,0.0,-1.0844,-1.0844,1,0.3333,52996.48,5.2996,100.0,5.4436,5.4436
1c83c134,bear,s50|s89|s28|s86,4,0.0507446793,0.008640277,3.759,0.0,-1.7697,2,50.0,0.006389,1,0.5,50693.94,5.0694,100.0,5.0745,5.0745,1,0.5,-9052.4,-0.9052,0.0,-0.864,-0.864,0,0.0,0.0,0.0,0.0,0.0,0.0
3e861c61,bull,s42|s58|s27,3,0.0264750468,0.0122644988,-5.498,0.0,-8.808,12,25.0,0.00638,1,0.0833,24506.79,2.4507,100.0,2.6475,2.6475,7,0.5833,-46556.19,-4.6556,14.2857,-0.673,-4.7112,4,0.3333,-10337.17,-1.0337,25.0,-0.258,-1.0318
2d01d79b,bull,s92|s45|s26,3,0.0606479211,0.0161207624,5.8529,0.0,-1.9903,1,100.0,0.006349,1,1.0,60587.28,6.0587,100.0,6.0648,6.0648,0,0.0,0.0,0.0,0.0,0.0,0.0,0,0.0,0.0,0.0,0.0,0.0,0.0
0d1d627a,bull,s8|s73,2,0.0464406393,0.0107057071,4.2721,0.0,-3.8067,3,33.3333,0.00634,1,0.3333,45224.92,4.5225,100.0,4.6441,4.6441,1,0.3333,-10695.0,-1.0695,0.0,-1.0706,-1.0706,1,0.3333,-10559.36,-1.0559,0.0,-1.0706,-1.0706
4f6609d9,bear,s101|s49|s89,3,0.0255517349,0.0117686286,-3.595,0.0,-7.0051,8,25.0,0.006337,2,0.25,13417.93,1.3418,50.0,0.6892,1.3783,3,0.375,-34420.69,-3.4421,0.0,-1.1769,-3.5306,3,0.375,804.98,0.0805,33.3333,0.0671,0.2014
90980237,bull,s45|s54|s15|s87|s43,5,0.0600422652,0.0082383139,5.2364,0.0,-5.5851,4,25.0,0.006335,2,0.5,50016.0,5.0016,50.0,2.5902,5.1804,1,0.25,-8230.07,-0.823,0.0,-0.8238,-0.8238,1,0.25,-8062.71,-0.8063,0.0,-0.8238,-0.8238
e2f1ffa7,bull,s41|s92|s26,3,0.0601206031,0.0095626594,3.9123,0.0,-4.1003,5,20.0,0.006335,3,0.6,39008.92,3.9009,33.3333,1.3665,4.0995,1,0.2,-9333.85,-0.9334,0.0,-0.9563,-0.9563,1,0.2,-9761.27,-0.9761,0.0,-0.9563,-0.9563
dbc654f5,bull,s21|s68|s27,3,0.0689053917,0.0119737072,4.8765,0.0,-5.1748,4,25.0,0.006319,1,0.25,-11961.74,-1.1962,0.0,-1.1974,-1.1974,1,0.25,-11630.39,-1.163,0.0,-1.1974,-1.1974,2,0.5,54201.28,5.4201,50.0,2.8466,5.6932
2a723c17,bull,s73|s15|s63|s10,4,0.0461361889,0.0154980041,5.0694,0.0,-4.1229,2,50.0,0.006316,0,0.0,0.0,0.0,0.0,0.0,0.0,1,0.5,-15482.51,-1.5483,0.0,-1.5498,-1.5498,1,0.5,45285.09,4.5285,100.0,4.6136,4.6136
68837e83,bull,s33|s30|s40|s53|s95,5,0.0680763715,0.0163368152,5.2577,0.0,-5.2866,3,33.3333,0.00631,1,0.3333,-16021.78,-1.6022,0.0,-1.6337,-1.6337,1,0.3333,-16320.47,-1.632,0.0,-1.6337,-1.6337,1,0.3333,65541.71,6.5542,100.0,6.8076,6.8076
8c5cd042,bull,s9|s15|s27,3,0.039922784,0.0093750352,-1.4816,0.0,-5.9329,12,16.6667,0.006306,0,0.0,0.0,0.0,0.0,0.0,0.0,8,0.6667,-73293.66,-7.3294,0.0,-0.9375,-7.5,4,0.3333,57424.32,5.7424,50.0,1.5274,6.1095
b05714cb,bear,s57|s90|s51|s29,4,0.0540986091,0.0133421615,3.5961,0.0,-2.3073,2,50.0,0.006299,1,0.5,54044.52,5.4045,100.0,5.4099,5.4099,0,0.0,0.0,0.0,0.0,0.0,0.0,1,0.5,-14023.26,-1.4023,0.0,-1.3342,-1.3342
e555e7cd,bull,s5|s95|s74|s87,4,0.0606797747,0.0180285003,4.5828,0.0,-4.4798,3,33.3333,0.006294,3,1.0,22558.83,2.2559,33.3333,0.8208,2.4623,0,0.0,0.0,0.0,0.0,0.0,0.0,0,0.0,0.0,0.0,0.0,0.0,0.0
75311d63,bull,s58|s6,2,0.0602708748,0.0137496397,5.0388,0.0,-5.1186,3,33.3333,0.006288,1,0.3333,-13519.95,-1.352,0.0,-1.375,-1.375,1,0.3333,-13735.9,-1.3736,0.0,-1.375,-1.375,1,0.3333,58332.49,5.8332,100.0,6.0271,6.0271
6dfc3778,bull,s79|s96|s55|s87,4,0.0459635203,0.0145894076,5.078,0.0,-1.9903,1,100.0,0.006287,1,1.0,45917.59,4.5918,100.0,4.5964,4.5964,0,0.0,0.0,0.0,0.0,0.0,0.0,0,0.0,0.0,0.0,0.0,0.0,0.0
c50b4d7e,bear,s89|s72|s51|s76,4,0.0550883684,0.0144457663,5.309,0.0,-2.2983,1,100.0,0.006287,1,1.0,55033.3,5.5033,100.0,5.5088,5.5088,0,0.0,0.0,0.0,0.0,0.0,0.0,0,0.0,0.0,0.0,0.0,0.0,0.0
bfd19588,bear,s98|s51|s23|s86,4,0.0552471003,0.0193269672,5.3249,0.0,-2.3169,1,100.0,0.006287,1,1.0,55191.85,5.5192,100.0,5.5247,5.5247,0,0.0,0.0,0.0,0.0,0.0,0.0,0,0.0,0.0,0.0,0.0,0.0,0.0
73c789d2,bear,s37|s81|s98,3,0.0429286172,0.014128178,-1.6843,0.0,-9.7107,8,25.0,0.006261,2,0.25,-28447.22,-2.8447,0.0,-1.4128,-2.8256,4,0.5,55141.37,5.5141,50.0,1.44,5.7601,2,0.25,-27988.47,-2.7988,0.0,-1.4128,-2.8256
367d99f8,bull,s41|s73,2,0.0416627636,0.0103085212,3.8794,0.0,-3.7294,3,33.3333,0.00626,1,0.3333,40604.68,4.0605,100.0,4.1663,4.1663,1,0.3333,-10298.21,-1.0298,0.0,-1.0309,-1.0309,1,0.3333,-10171.7,-1.0172,0.0,-1.0309,-1.0309
c7ebc3b0,bear,s61|s81|s27,3,0.0320559632,0.0175207443,-3.8565,0.0,-8.5286,7,28.5714,0.006258,2,0.2857,-34671.5,-3.4672,0.0,-1.7521,-3.5041,3,0.4286,44480.04,4.448,66.6667,1.553,4.6591,2,0.2857,-34495.63,-3.4496,0.0,-1.7521,-3.5041
76e46cf0,bear,s28|s99|s76|s89,4,0.0590691565,0.0104659807,3.0885,0.0,-2.6838,3,33.3333,0.006258,2,0.6667,47957.85,4.7958,50.0,2.4302,4.8603,1,0.3333,-10914.47,-1.0914,0.0,-1.0466,-1.0466,0,0.0,0.0,0.0,0.0,0.0,0.0
7334977c,bull,s87|s68|s4|s55,4,0.0483117291,0.0197567054,4.6217,0.0,-1.9903,1,100.0,0.00625,1,1.0,48263.45,4.8263,100.0,4.8312,4.8312,0,0.0,0.0,0.0,0.0,0.0,0.0,0,0.0,0.0,0.0,0.0,0.0,0.0
3bb50d8b,bear,s97|s18|s100|s89,4,0.0462957471,0.0130693318,2.8563,0.0,-1.7879,2,50.0,0.006242,1,0.5,46249.45,4.6249,100.0,4.6296,4.6296,1,0.5,-13634.64,-1.3635,0.0,-1.3069,-1.3069,0,0.0,0.0,0.0,0.0,0.0,0.0
072d5dac,bull,s40|s65|s43|s95,4,0.0558323418,0.0090024195,4.4486,0.0,-4.9251,4,25.0,0.006242,2,0.5,45663.47,4.5663,50.0,2.3415,4.683,2,0.5,-18262.99,-1.8263,0.0,-0.9002,-1.8005,0,0.0,0.0,0.0,0.0,0.0,0.0
58f8324c,bear,s76|s51|s99|s80,4,0.0492233826,0.016623074,4.7225,0.0,-2.3169,1,100.0,0.006239,1,1.0,49174.16,4.9174,100.0,4.9223,4.9223,0,0.0,0.0,0.0,0.0,0.0,0.0,0,0.0,0.0,0.0,0.0,0.0,0.0
2704cb3f,bull,s95|s83|s58,3,0.0526755475,0.0102311345,3.7495,0.0,-4.0146,4,25.0,0.006236,4,1.0,20429.1,2.0429,25.0,0.5496,2.1982,0,0.0,0.0,0.0,0.0,0.0,0.0,0,0.0,0.0,0.0,0.0,0.0,0.0
9b9173f4,bear,s56|s62|s71|s37,4,0.0510215759,0.0160947538,4.9024,0.0,-2.5979,1,100.0,0.006236,0,0.0,0.0,0.0,0.0,0.0,0.0,1,1.0,50970.55,5.0971,100.0,5.1022,5.1022,0,0.0,0.0,0.0,0.0,0.0,0.0
a7679854,bear,s19|s90|s99,3,0.0460165192,0.0165384962,-2.577,0.0,-8.5719,8,25.0,0.006236,3,0.375,11666.91,1.1667,33.3333,0.4313,1.294,4,0.5,-5005.51,-0.5006,25.0,-0.09,-0.3599,1,0.125,-16615.68,-1.6616,0.0,-1.6538,-1.6538
a9fc91d2,bear,s97|s29,2,0.0487389149,0.0162064796,4.6741,0.0,-2.3413,1,100.0,0.006233,1,1.0,48690.19,4.869,100.0,4.8739,4.8739,0,0.0,0.0,0.0,0.0,0.0,0.0,0,0.0,0.0,0.0,0.0,0.0,0.0
cff00310,bear,s100|s28|s13,3,0.0379667274,0.011452399,3.5969,0.0,-0.9832,1,100.0,0.006229,0,0.0,0.0,0.0,0.0,0.0,0.0,0,0.0,0.0,0.0,0.0,0.0,0.0,1,1.0,37928.77,3.7929,100.0,3.7967,3.7967
bd099740,bull,s59|s73|s27,3,0.0548406968,0.0135795,4.5369,0.0,-4.7903,3,33.3333,0.006227,2,0.6667,39740.3,3.974,50.0,2.0631,4.1261,1,0.3333,-13565.93,-1.3566,0.0,-1.3579,-1.3579,0,0.0,0.0,0.0,0.0,0.0,0.0
2d300c8c,bull,s48|s53|s79,3,0.0528987541,0.0181558889,3.6468,0.0,-2.9971,2,50.0,0.006224,2,1.0,33645.02,3.3645,50.0,1.7371,3.4743,0,0.0,0.0,0.0,0.0,0.0,0.0,0,0.0,0.0,0.0,0.0,0.0,0.0
2fe8d57d,bull,s64|s48|s43|s59,4,0.0447853291,0.0101807855,4.2551,0.0,-4.4307,3,33.3333,0.006224,1,0.3333,-10046.96,-1.0047,0.0,-1.0181,-1.0181,1,0.3333,-10170.61,-1.0171,0.0,-1.0181,-1.0181,1,0.3333,43659.22,4.3659,100.0,4.4785,4.4785
2b64efa8,bull,s58|s15|s75,3,0.0323262195,0.0106967225,-1.7917,0.0,-7.2427,10,20.0,0.006221,1,0.1,-10550.6,-1.0551,0.0,-1.0697,-1.0697,4,0.4,-42117.83,-4.2118,0.0,-1.0697,-4.2787,5,0.5,30566.6,3.0567,40.0,0.6512,3.2562
3e0dc1bb,bear,s85|s49|s18,3,0.0287884941,0.0119775771,-2.9205,0.0,-8.1468,8,25.0,0.00622,4,0.5,-7267.76,-0.7268,25.0,-0.1786,-0.7144,2,0.25,16834.96,1.6835,50.0,0.8405,1.6811,2,0.25,-24373.41,-2.4373,0.0,-1.1978,-2.3955
f8c6c1da,bear,s18|s29|s72|s86,4,0.0660493715,0.0165893874,4.118,0.0,-3.7148,2,50.0,0.006213,1,0.5,65983.33,6.5983,100.0,6.6049,6.6049,1,0.5,-17634.31,-1.7634,0.0,-1.6589,-1.6589,0,0.0,0.0,0.0,0.0,0.0,0.0
a483d346,bull,s14|s39|s45|s95,4,0.0433304827,0.0108292781,3.9736,0.0,-4.1285,3,33.3333,0.006211,2,0.6667,31505.68,3.1506,50.0,1.6251,3.2501,1,0.3333,-10818.46,-1.0818,0.0,-1.0829,-1.0829,0,0.0,0.0,0.0,0.0,0.0,0.0
dc0211d7,bull,s75|s3|s92,3,0.0452016552,0.0081082695,2.3658,0.0,-1.9903,3,33.3333,0.00621,2,0.6667,36600.69,3.6601,50.0,1.8547,3.7093,1,0.3333,-8364.13,-0.8364,0.0,-0.8108,-0.8108,0,0.0,0.0,0.0,0.0,0.0,0.0
3255f6a4,bull,s2|s47,2,0.0498325124,0.0130249042,3.2022,0.0,-2.5213,2,50.0,0.00621,2,1.0,36024.2,3.6024,50.0,1.8404,3.6808,0,0.0,0.0,0.0,0.0,0.0,0.0,0,0.0,0.0,0.0,0.0,0.0,0.0
6103f6c0,bull,s34|s64|s32,3,0.0324473109,0.0177515577,-6.301,0.0,-9.4641,11,27.2727,0.006209,0,0.0,0.0,0.0,0.0,0.0,0.0,7,0.6364,-73108.26,-7.3108,14.2857,-1.058,-7.4062,4,0.3636,26754.92,2.6755,50.0,0.7348,2.9392
8185baa6,bull,s63|s59|s74|s34|s78,5,0.0449295587,0.0088844756,3.3699,0.0,-3.6247,4,25.0,0.006208,1,0.25,-8779.16,-0.8779,0.0,-0.8884,-0.8884,2,0.5,-17931.4,-1.7931,0.0,-0.8884,-1.7769,1,0.25,43914.65,4.3915,100.0,4.493,4.493
0672d1f1,bear,s81|s13,2,0.0593448585,0.014135758,4.0288,0.0,-3.643,2,50.0,0.006207,0,0.0,0.0,0.0,0.0,0.0,0.0,1,0.5,59285.51,5.9286,100.0,5.9345,5.9345,1,0.5,-14931.45,-1.4931,0.0,-1.4136,-1.4136
c3537873,bull,s83|s11,2,0.0423955877,0.0185818781,4.0313,0.0,-1.9903,1,100.0,0.006203,0,0.0,0.0,0.0,0.0,0.0,0.0,1,1.0,42353.2,4.2353,100.0,4.2396,4.2396,0,0.0,0.0,0.0,0.0,0.0,0.0
951df419,bear,s31|s37|s85|s89,4,0.0576942475,0.0175287544,5.2124,0.0,-3.7178,1,100.0,0.006194,0,0.0,0.0,0.0,0.0,0.0,0.0,1,1.0,57636.55,5.7637,100.0,5.7694,5.7694,0,0.0,0.0,0.0,0.0,0.0,0.0
f5a6c2bf,bull,s9|s45|s83,3,0.0564845597,0.0107391856,4.0967,0.0,-3.8683,2,50.0,0.006191,1,0.5,55710.56,5.5711,100.0,5.6485,5.6485,1,0.5,-10728.45,-1.0728,0.0,-1.0739,-1.0739,0,0.0,0.0,0.0,0.0,0.0,0.0
73c4eca8,bear,s76|s98|s71|s16,4,0.043081089,0.019573795,4.1083,0.0,-2.3169,1,100.0,0.00619,1,1.0,43038.01,4.3038,100.0,4.3081,4.3081,0,0.0,0.0,0.0,0.0,0.0,0.0,0,0.0,0.0,0.0,0.0,0.0,0.0
f393f329,bull,s92|s46|s68,3,0.0357898023,0.0195024613,3.9805,0.0,-3.7487,2,50.0,0.006187,2,1.0,15503.73,1.5504,50.0,0.8144,1.6287,0,0.0,0.0,0.0,0.0,0.0,0.0,0,0.0,0.0,0.0,0.0,0.0,0.0
d504470f,bull,s94|s78|s26,3,0.043071813,0.0138967896,3.7289,0.0,-3.9392,3,33.3333,0.006186,3,1.0,14128.62,1.4129,33.3333,0.5093,1.5278,0,0.0,0.0,0.0,0.0,0.0,0.0,0,0.0,0.0,0.0,0.0,0.0,0.0
576f2bed,bull,s36|s15|s96,3,0.0462787498,0.0089208516,3.5961,0.0,-4.0263,4,25.0,0.006184,1,0.25,-8814.79,-0.8815,0.0,-0.8921,-0.8921,2,0.5,-18015.89,-1.8016,0.0,-0.8921,-1.7842,1,0.25,45230.03,4.523,100.0,4.6279,4.6279
2f55a3a9,bull,s59|s8|s68|s94,4,0.0396304156,0.0102540341,3.7553,0.0,-1.9903,1,100.0,0.006181,0,0.0,0.0,0.0,0.0,0.0,0.0,0,0.0,0.0,0.0,0.0,0.0,0.0,1,1.0,39590.77,3.9591,100.0,3.963,3.963
5b9e1abc,bull,s54|s21,2,0.0389647053,0.0173624926,3.6889,0.0,-1.9903,1,100.0,0.006176,1,1.0,38925.73,3.8926,100.0,3.8965,3.8965,0,0.0,0.0,0.0,0.0,0.0,0.0,0,0.0,0.0,0.0,0.0,0.0,0.0
9974e10b,bear,s71|s80|s23|s97|s62,5,0.0314227957,0.0142022352,2.9425,0.0,-1.0102,1,100.0,0.006175,0,0.0,0.0,0.0,0.0,0.0,0.0,0,0.0,0.0,0.0,0.0,0.0,0.0,1,1.0,31391.37,3.1391,100.0,3.1423,3.1423
f570b850,bull,s63|s45|s96,3,0.0604971787,0.0135558087,4.1945,0.0,-4.142,2,50.0,0.006174,1,0.5,59498.33,5.9498,100.0,6.0497,6.0497,1,0.5,-13542.25,-1.3542,0.0,-1.3556,-1.3556,0,0.0,0.0,0.0,0.0,0.0,0.0
72d53168,bull,s44|s70|s14|s93|s60,5,0.0551363485,0.0105193315,3.9012,0.0,-4.4961,4,25.0,0.006169,0,0.0,0.0,0.0,0.0,0.0,0.0,3,0.75,-31677.55,-3.1678,0.0,-1.0519,-3.1558,1,0.25,53713.21,5.3713,100.0,5.5136,5.5136
7223900c,bull,s73|s21|s24,3,0.0466708874,0.0127677127,3.8981,0.0,-4.2853,3,33.3333,0.006164,2,0.6667,32692.93,3.2693,50.0,1.6952,3.3903,1,0.3333,-12754.95,-1.2755,0.0,-1.2768,-1.2768,0,0.0,0.0,0.0,0.0,0.0,0.0
3a11db10,bear,s16|s71|s98|s90,4,0.0393416857,0.0195358249,3.7344,0.0,-2.3343,1,100.0,0.006159,1,1.0,39302.34,3.9302,100.0,3.9342,3.9342,0,0.0,0.0,0.0,0.0,0.0,0.0,0,0.0,0.0,0.0,0.0,0.0,0.0
d643a94a,bear,s51|s23|s76,3,0.0351939745,0.0197116997,3.3196,0.0,-1.8161,1,100.0,0.006157,1,1.0,35158.78,3.5159,100.0,3.5194,3.5194,0,0.0,0.0,0.0,0.0,0.0,0.0,0,0.0,0.0,0.0,0.0,0.0,0.0
e67cffad,bear,s16|s71|s90|s66,4,0.0236800777,0.0126831087,2.1682,0.0,-0.3086,1,100.0,0.006155,1,1.0,23656.39,2.3656,100.0,2.368,2.368,0,0.0,0.0,0.0,0.0,0.0,0.0,0,0.0,0.0,0.0,0.0,0.0,0.0
0677ac37,bear,s100|s51|s71|s61,4,0.0474803936,0.0160652424,2.6598,0.0,-2.3343,2,50.0,0.006145,1,0.5,47432.91,4.7433,100.0,4.748,4.748,0,0.0,0.0,0.0,0.0,0.0,0.0,1,0.5,-16779.14,-1.6779,0.0,-1.6065,-1.6065
4f4cee95,bull,s79|s34|s55|s47,4,0.0205703571,0.0108153306,1.8531,0.0,-0.1733,1,100.0,0.006138,0,0.0,0.0,0.0,0.0,0.0,0.0,1,1.0,20549.8,2.055,100.0,2.057,2.057,0,0.0,0.0,0.0,0.0,0.0,0.0
e86aa1e9,bear,s28|s18|s72,3,0.0363798368,0.0140428413,-3.1047,0.0,-8.0785,8,25.0,0.006135,1,0.125,35760.48,3.576,100.0,3.638,3.638,6,0.75,-34577.82,-3.4578,16.6667,-0.5639,-3.3834,1,0.125,-14278.36,-1.4278,0.0,-1.4043,-1.4043
86acfe0f,bear,s97|s100|s27,3,0.0603114945,0.0154294972,3.2739,0.0,-3.6175,3,33.3333,0.006135,1,0.3333,60251.18,6.0251,100.0,6.0311,6.0311,2,0.6667,-32341.55,-3.2342,0.0,-1.5429,-3.0859,0,0.0,0.0,0.0,0.0,0.0,0.0
1bdf3187,bull,s87|s79,2,0.0226478772,0.0102278868,2.0605,0.0,-0.5077,1,100.0,0.006134,1,1.0,22625.22,2.2625,100.0,2.2648,2.2648,0,0.0,0.0,0.0,0.0,0.0,0.0,0,0.0,0.0,0.0,0.0,0.0,0.0
15f11089,bear,s90|s85|s97,3,0.0247078613,0.0138672393,-4.0639,0.0,-8.55,7,28.5714,0.006133,4,0.5714,-17539.52,-1.754,25.0,-0.4223,-1.6894,3,0.4286,-2719.66,-0.272,33.3333,-0.1009,-0.3027,0,0.0,0.0,0.0,0.0,0.0,0.0
d9a6ab25,bull,s63|s83|s47,3,0.0236312114,0.0152998604,2.1586,0.0,-0.7138,1,100.0,0.00613,0,0.0,0.0,0.0,0.0,0.0,0.0,1,1.0,23607.6,2.3608,100.0,2.3631,2.3631,0,0.0,0.0,0.0,0.0,0.0,0.0
383019a3,bull,s21|s92|s26,3,0.0514515368,0.0148894013,3.1661,0.0,-3.2239,2,50.0,0.00612,2,1.0,35659.1,3.5659,50.0,1.8281,3.6562,0,0.0,0.0,0.0,0.0,0.0,0.0,0,0.0,0.0,0.0,0.0,0.0,0.0
3633fc7c,bear,s20|s13|s22,3,0.0773860039,0.0112815179,3.3112,0.0,-3.9312,4,25.0,0.006116,1,0.25,-11958.93,-1.1959,0.0,-1.1282,-1.1282,1,0.25,77308.59,7.7309,100.0,7.7386,7.7386,2,0.5,-23920.01,-2.392,0.0,-1.1282,-2.2563
884d9e71,bear,s22|s57|s66,3,0.0301233953,0.019770424,2.8125,0.0,-1.8294,1,100.0,0.006115,1,1.0,30093.3,3.0093,100.0,3.0123,3.0123,0,0.0,0.0,0.0,0.0,0.0,0.0,0,0.0,0.0,0.0,0.0,0.0,0.0
508c36cc,bear,s16|s97|s90|s56,4,0.0491494668,0.0083232647,3.6344,0.0,-3.9274,2,50.0,0.00611,1,0.5,49100.33,4.91,100.0,4.9149,4.9149,0,0.0,0.0,0.0,0.0,0.0,0.0,1,0.5,-8707.01,-0.8707,0.0,-0.8323,-0.8323
1dd30a97,bull,s87|s79|s73,3,0.0244831054,0.0122619618,2.2436,0.0,-1.1734,1,100.0,0.006109,1,1.0,24458.61,2.4459,100.0,2.4483,2.4483,0,0.0,0.0,0.0,0.0,0.0,0.0,0,0.0,0.0,0.0,0.0,0.0,0.0
7de5de68,bear,s16|s81,2,0.0458744082,0.0154332015,2.568,0.0,-2.5237,2,50.0,0.006108,0,0.0,0.0,0.0,0.0,0.0,0.0,1,0.5,45828.53,4.5829,100.0,4.5874,4.5874,1,0.5,-16094.26,-1.6094,0.0,-1.5433,-1.5433
f9fe3fa2,bear,s19|s81,2,0.0533111857,0.0100789318,3.4664,0.0,-3.7208,2,50.0,0.006108,0,0.0,0.0,0.0,0.0,0.0,0.0,2,1.0,42672.35,4.2672,50.0,2.1616,4.3232,0,0.0,0.0,0.0,0.0,0.0,0.0
ae942b0b,bear,s99|s85|s27,3,0.048921651,0.0156478679,-2.1315,0.0,-9.4611,8,25.0,0.006095,2,0.25,-32442.7,-3.2443,0.0,-1.5648,-3.1296,6,0.75,33457.91,3.3458,33.3333,0.5875,3.5252,0,0.0,0.0,0.0,0.0,0.0,0.0
b29d4c32,bear,s56|s23|s76|s19,4,0.0555461725,0.0186708887,4.0113,0.0,-3.7857,1,100.0,0.006094,0,0.0,0.0,0.0,0.0,0.0,0.0,1,1.0,55490.64,5.5491,100.0,5.5546,5.5546,0,0.0,0.0,0.0,0.0,0.0,0.0
f87b48e8,bull,s94|s59|s8,3,0.0441921529,0.0115763187,3.9023,0.0,-4.7,3,33.3333,0.006091,1,0.3333,-11408.03,-1.1408,0.0,-1.1576,-1.1576,1,0.3333,-11564.75,-1.1565,0.0,-1.1576,-1.1576,1,0.3333,42959.56,4.296,100.0,4.4192,4.4192
2f8b4c69,bear,s67|s80|s89,3,0.0310672962,0.0108041355,-3.2349,0.0,-6.6408,9,22.2222,0.006085,2,0.2222,19952.99,1.9953,50.0,1.0132,2.0263,4,0.4444,-42914.3,-4.2914,0.0,-1.0804,-4.3217,3,0.3333,8431.69,0.8432,33.3333,0.3153,0.9459
958cc4f0,bull,s95|s21|s63,3,0.0482300967,0.0118380327,4.2489,0.0,-5.1967,3,33.3333,0.006084,2,0.6667,35197.22,3.5197,50.0,1.8196,3.6392,1,0.3333,-11826.2,-1.1826,0.0,-1.1838,-1.1838,0,0.0,0.0,0.0,0.0,0.0,0.0
ab8faf36,bear,s81|s97|s26,3,0.0512652769,0.0096781499,3.3069,0.0,-3.7208,2,50.0,0.006083,2,1.0,41069.18,4.1069,50.0,2.0794,4.1587,0,0.0,0.0,0.0,0.0,0.0,0.0,0,0.0,0.0,0.0,0.0,0.0,0.0
81d46aca,bear,s49|s13,2,0.0200624325,0.0105740305,1.8064,0.0,-1.0298,1,100.0,0.006083,0,0.0,0.0,0.0,0.0,0.0,0.0,0,0.0,0.0,0.0,0.0,0.0,0.0,1,1.0,20042.38,2.0042,100.0,2.0062,2.0062
10f82740,bear,s89|s23|s31|s56,4,0.0515046097,0.0195474926,2.6894,0.0,-2.9024,2,50.0,0.006082,0,0.0,0.0,0.0,0.0,0.0,0.0,2,1.0,30958.4,3.0958,50.0,1.5979,3.1957,0,0.0,0.0,0.0,0.0,0.0,0.0
58e12916,bull,s75|s87|s92|s53|s68,5,0.050714833,0.0192622944,2.6487,0.0,-2.8495,2,50.0,0.006082,2,1.0,30345.93,3.0346,50.0,1.5726,3.1453,0,0.0,0.0,0.0,0.0,0.0,0.0,0,0.0,0.0,0.0,0.0,0.0,0.0
8b0d20e1,bull,s69|s1,2,0.0342231633,0.0136766867,-2.0402,0.0,-8.2467,9,22.2222,0.006078,1,0.1111,-13031.63,-1.3032,0.0,-1.3677,-1.3677,5,0.5556,-66625.68,-6.6626,0.0,-1.3677,-6.8383,3,0.3333,50871.07,5.0871,66.6667,1.8257,5.477
e0bc22c7,bear,s101|s71|s98|s90,4,0.0267020177,0.0092076949,1.3221,0.0,-1.1206,2,50.0,0.006077,2,1.0,17249.58,1.725,50.0,0.8747,1.7494,0,0.0,0.0,0.0,0.0,0.0,0.0,0,0.0,0.0,0.0,0.0,0.0,0.0
715cb091,bear,s49|s97|s67,3,0.0194368128,0.0123922962,1.7439,0.0,-1.0882,1,100.0,0.006074,0,0.0,0.0,0.0,0.0,0.0,0.0,0,0.0,0.0,0.0,0.0,0.0,0.0,1,1.0,19417.38,1.9417,100.0,1.9437,1.9437
3868c5c0,bear,s17|s71|s76,3,0.0469298139,0.0180017925,2.4033,0.0,-2.6015,2,50.0,0.006072,1,0.5,-18791.84,-1.8792,0.0,-1.8002,-1.8002,1,0.5,46882.89,4.6883,100.0,4.693,4.693,0,0.0,0.0,0.0,0.0,0.0,0.0
c9d46092,bull,s45|s40|s15,3,0.0501608834,0.0139159975,4.0021,0.0,-4.9411,3,33.3333,0.006071,2,0.6667,34850.02,3.485,50.0,1.8122,3.6245,1,0.3333,-13902.09,-1.3902,0.0,-1.3916,-1.3916,0,0.0,0.0,0.0,0.0,0.0,0.0
d8421d11,bear,s29|s97|s13|s57|s20,5,0.0541747411,0.0118604122,3.2257,0.0,-3.7305,2,50.0,0.006068,1,0.5,-12466.77,-1.2467,0.0,-1.186,-1.186,1,0.5,54120.55,5.4121,100.0,5.4175,5.4175,0,0.0,0.0,0.0,0.0,0.0,0.0
75085dda,bear,s31|s100|s98,3,0.0393952402,0.0162794173,1.8436,0.0,-1.9138,2,50.0,0.006065,1,0.5,39355.84,3.9356,100.0,3.9395,3.9395,1,0.5,-16871.33,-1.6871,0.0,-1.6279,-1.6279,0,0.0,0.0,0.0,0.0,0.0,0.0
39d19556,bear,s50|s97,2,0.0484983023,0.014137539,2.9614,0.0,-3.4328,2,50.0,0.006062,1,0.5,48449.82,4.845,100.0,4.8498,4.8498,0,0.0,0.0,0.0,0.0,0.0,0.0,1,0.5,-14780.14,-1.478,0.0,-1.4138,-1.4138
b7ec5997,bear,s13|s80|s31|s49,4,0.0558713157,0.0102159988,2.8286,0.0,-3.449,3,33.3333,0.006058,0,0.0,0.0,0.0,0.0,0.0,0.0,1,0.3333,55815.43,5.5815,100.0,5.5871,5.5871,2,0.6667,-21379.85,-2.138,0.0,-1.0216,-2.0432
e52b1233,bull,s91|s55|s26,3,0.0535216704,0.0169320434,4.8122,0.0,-6.1042,3,33.3333,0.006056,1,0.3333,-16595.48,-1.6595,0.0,-1.6932,-1.6932,1,0.3333,-16915.13,-1.6915,0.0,-1.6932,-1.6932,1,0.3333,51466.54,5.1467,100.0,5.3522,5.3522
4a637f09,bull,s45|s68|s24,3,0.0454824637,0.0137836426,2.6956,0.0,-3.144,2,50.0,0.006054,1,0.5,44721.21,4.4721,100.0,4.5482,4.5482,1,0.5,-13769.86,-1.377,0.0,-1.3784,-1.3784,0,0.0,0.0,0.0,0.0,0.0,0.0
aa18a8ad,bull,s96|s59,2,0.0479375602,0.0130918496,3.9555,0.0,-4.992,3,33.3333,0.006051,1,0.3333,-12881.75,-1.2882,0.0,-1.3092,-1.3092,1,0.3333,-13078.77,-1.3079,0.0,-1.3092,-1.3092,1,0.3333,46457.7,4.6458,100.0,4.7938,4.7938
079a9db3,bull,s12|s88|s40,3,0.053337896,0.0110717995,3.5505,0.0,-4.5217,4,25.0,0.006051,3,0.75,29391.25,2.9391,33.3333,1.0398,3.1194,1,0.25,-10916.41,-1.0916,0.0,-1.1072,-1.1072,0,0.0,0.0,0.0,0.0,0.0,0.0
e507761c,bull,s63|s12|s55|s3,4,0.021855354,0.0093311412,2.1299,0.0,-1.9903,1,100.0,0.006051,1,1.0,21833.5,2.1833,100.0,2.1855,2.1855,0,0.0,0.0,0.0,0.0,0.0,0.0,0,0.0,0.0,0.0,0.0,0.0,0.0
eedd2f2b,bull,s53|s21|s30|s88,4,0.0414562647,0.018171836,1.8449,0.0,-2.0337,2,50.0,0.006051,1,0.5,-18153.68,-1.8154,0.0,-1.8172,-1.8172,0,0.0,0.0,0.0,0.0,0.0,0.0,1,0.5,40580.97,4.0581,100.0,4.1456,4.1456
264e6800,bear,s67|s98|s72,3,0.0446825849,0.0174476523,2.2409,0.0,-2.5838,2,50.0,0.006048,2,1.0,26463.68,2.6464,50.0,1.3617,2.7235,0,0.0,0.0,0.0,0.0,0.0,0.0,0,0.0,0.0,0.0,0.0,0.0,0.0
2dba9ce9,bear,s17|s28|s31|s76,4,0.0273823255,0.0179447713,2.5384,0.0,-2.6015,1,100.0,0.006047,0,0.0,0.0,0.0,0.0,0.0,0.0,1,1.0,27354.95,2.7355,100.0,2.7382,2.7382,0,0.0,0.0,0.0,0.0,0.0,0.0
48a76659,bear,s71|s49|s99|s29|s66,5,0.0515587691,0.0130995169,3.0653,0.0,-3.7148,2,50.0,0.006045,1,0.5,51507.2,5.1507,100.0,5.1559,5.1559,1,0.5,-13735.0,-1.3735,0.0,-1.31,-1.31,0,0.0,0.0,0.0,0.0,0.0,0.0
8f7b4f88,bull,s3|s75,2,0.041667508,0.0187798115,1.9507,0.0,-2.2527,2,50.0,0.006042,1,0.5,41625.88,4.1626,100.0,4.1668,4.1668,1,0.5,-19503.72,-1.9504,0.0,-1.878,-1.878,0,0.0,0.0,0.0,0.0,0.0,0.0
b2893e50,bull,s92|s84|s39|s47,4,0.0504860171,0.0160510885,2.9498,0.0,-3.6138,2,50.0,0.006038,1,0.5,-16035.05,-1.6035,0.0,-1.6051,-1.6051,0,0.0,0.0,0.0,0.0,0.0,0.0,1,0.5,49526.87,4.9527,100.0,5.0486,5.0486
1ca6e186,bull,s6|s36,2,0.0616158996,0.0177345429,4.3914,0.0,-5.643,3,33.3333,0.006038,0,0.0,0.0,0.0,0.0,0.0,0.0,2,0.6667,-35084.66,-3.5085,0.0,-1.7735,-3.5469,1,0.3333,59153.34,5.9153,100.0,6.1616,6.1616
89c16ced,bear,s28|s56|s26,3,0.0624668197,0.0199755587,3.1538,0.0,-3.8976,2,50.0,0.006037,2,1.0,41242.13,4.1242,50.0,2.1246,4.2491,0,0.0,0.0,0.0,0.0,0.0,0.0,0,0.0,0.0,0.0,0.0,0.0,0.0
910b29a3,bull,s53|s88,2,0.0450160978,0.0184269965,2.1665,0.0,-2.5911,2,50.0,0.006036,1,0.5,-18408.56,-1.8409,0.0,-1.8427,-1.8427,0,0.0,0.0,0.0,0.0,0.0,0.0,1,0.5,44054.2,4.4054,100.0,4.5016,4.5016
0a2092b5,bull,s74|s95,2,0.0626286442,0.0124976993,3.0035,0.0,-3.8165,3,33.3333,0.006034,3,1.0,35978.64,3.5979,33.3333,1.2544,3.7633,0,0.0,0.0,0.0,0.0,0.0,0.0,0,0.0,0.0,0.0,0.0,0.0,0.0
c2d0daaa,bear,s71|s51|s61|s29,4,0.0477380197,0.0101275576,3.0,0.0,-3.7148,2,50.0,0.006034,1,0.5,47690.27,4.769,100.0,4.7738,4.7738,0,0.0,0.0,0.0,0.0,0.0,0.0,1,0.5,-10580.2,-1.058,0.0,-1.0128,-1.0128
f04dffdc,bear,s76|s20|s13,3,0.0723188319,0.0108665583,2.9542,0.0,-3.8099,4,25.0,0.006031,1,0.25,-11469.6,-1.147,0.0,-1.0867,-1.0867,1,0.25,72246.49,7.2246,100.0,7.2319,7.2319,2,0.5,-22941.12,-2.2941,0.0,-1.0867,-2.1733
ccc47341,bear,s97|s50|s16|s28,4,0.022115553,0.0084119963,0.9498,0.0,-1.041,2,50.0,0.006027,1,0.5,22093.44,2.2093,100.0,2.2116,2.2116,0,0.0,0.0,0.0,0.0,0.0,0.0,1,0.5,-8572.64,-0.8573,0.0,-0.8412,-0.8412
e83fca3b,bear,s13|s29|s71|s101,4,0.0535125999,0.0164116912,2.9099,0.0,-3.7148,2,50.0,0.00602,1,0.5,53459.1,5.3459,100.0,5.3513,5.3513,1,0.5,-17239.88,-1.724,0.0,-1.6412,-1.6412,0,0.0,0.0,0.0,0.0,0.0,0.0
427df83c,bear,s67|s81|s100|s52,4,0.0342072533,0.010628857,1.9176,0.0,-2.422,2,50.0,0.006016,0,0.0,0.0,0.0,0.0,0.0,0.0,0,0.0,0.0,0.0,0.0,0.0,0.0,2,1.0,23212.83,2.3213,50.0,1.1789,2.3578
877dea97,bear,s16|s97,2,0.0244895253,0.0103326007,0.9884,0.0,-1.2331,2,50.0,0.00601,1,0.5,24465.04,2.4465,100.0,2.449,2.449,0,0.0,0.0,0.0,0.0,0.0,0.0,1,0.5,-10554.43,-1.0554,0.0,-1.0333,-1.0333
b4d04b62,bull,s40|s21,2,0.0658629989,0.0149910268,4.1846,0.0,-5.5477,4,25.0,0.006008,0,0.0,0.0,0.0,0.0,0.0,0.0,3,0.75,-45092.86,-4.5093,0.0,-1.4991,-4.4973,1,0.25,63584.36,6.3584,100.0,6.5863,6.5863
77b1cdae,bull,s39|s38|s7,3,0.0353959021,0.018168293,-3.3483,0.0,-8.0192,8,25.0,0.006008,0,0.0,0.0,0.0,0.0,0.0,0.0,5,0.625,-37192.4,-3.7192,20.0,-0.7455,-3.7277,3,0.375,-2335.1,-0.2335,33.3333,-0.0314,-0.0941
569bd712,bull,s35|s58|s68|s8,4,0.0208279625,0.0095950033,-5.4614,0.0,-8.0935,13,23.0769,0.006007,3,0.2308,-27576.42,-2.7576,0.0,-0.9595,-2.8785,5,0.3846,-18265.87,-1.8266,20.0,-0.351,-1.7552,5,0.3846,11833.68,1.1834,40.0,0.2574,1.2871
5b68af55,bear,s52|s76|s66,3,0.0421037292,0.0174884966,1.9838,0.0,-2.6015,2,50.0,0.006005,1,0.5,-18171.7,-1.8172,0.0,-1.7488,-1.7488,1,0.5,42061.63,4.2062,100.0,4.2104,4.2104,0,0.0,0.0,0.0,0.0,0.0,0.0
09b3cf3f,bear,s66|s76|s37|s90|s20,5,0.0512779934,0.0128665282,2.8146,0.0,-3.732,2,50.0,0.006002,1,0.5,51226.7,5.1227,100.0,5.1278,5.1278,1,0.5,-13487.09,-1.3487,0.0,-1.2867,-1.2867,0,0.0,0.0,0.0,0.0,0.0,0.0
3dc642a6,bear,s29|s17|s71|s97,4,0.0385267053,0.0171060853,1.6727,0.0,-2.248,2,50.0,0.005998,2,1.0,20774.97,2.0775,50.0,1.071,2.1421,0,0.0,0.0,0.0,0.0,0.0,0.0,0,0.0,0.0,0.0,0.0,0.0,0.0
60627890,bull,s36|s45|s93,3,0.0427890314,0.0111439984,3.2527,0.0,-4.4059,3,33.3333,0.005988,2,0.6667,30645.17,3.0645,50.0,1.5823,3.1645,1,0.3333,-11132.86,-1.1133,0.0,-1.1144,-1.1144,0,0.0,0.0,0.0,0.0,0.0,0.0
62c5a443,bear,s99|s17|s28,3,0.0303332179,0.0080440755,-3.6604,0.0,-8.4707,15,20.0,0.005984,2,0.1333,21962.56,2.1963,50.0,1.1145,2.2289,8,0.5333,-26775.54,-2.6776,12.5,-0.3247,-2.5975,5,0.3333,-1947.77,-0.1948,20.0,-0.0369,-0.1843
15fbeec3,bear,s81|s20,2,0.0403490201,0.0177656729,1.7829,0.0,-2.5237,2,50.0,0.005982,0,0.0,0.0,0.0,0.0,0.0,0.0,1,0.5,40308.67,4.0309,100.0,4.0349,4.0349,1,0.5,-18428.57,-1.8429,0.0,-1.7766,-1.7766
4d41dc99,bear,s89|s23|s29,3,0.0531155776,0.0182964492,2.6735,0.0,-3.7148,2,50.0,0.005982,1,0.5,53062.48,5.3062,100.0,5.3116,5.3116,1,0.5,-19212.5,-1.9213,0.0,-1.8296,-1.8296,0,0.0,0.0,0.0,0.0,0.0,0.0
19cfad73,bull,s58|s88,2,0.0497552894,0.0108199909,3.6868,0.0,-4.995,4,25.0,0.005981,3,0.75,-32014.33,-3.2014,0.0,-1.082,-3.246,0,0.0,0.0,0.0,0.0,0.0,0.0,1,0.25,47821.72,4.7822,100.0,4.9755,4.9755
292e5212,bear,s16|s67|s86|s56,4,0.0569947695,0.0128300397,2.3942,0.0,-3.3044,3,33.3333,0.00598,1,0.3333,-13522.11,-1.3522,0.0,-1.283,-1.283,1,0.3333,56937.75,5.6938,100.0,5.6995,5.6995,1,0.3333,-13321.62,-1.3322,0.0,-1.283,-1.283
105b49ee,bear,s90|s22|s57,3,0.0249476809,0.0107917176,0.9866,0.0,-1.5009,2,50.0,0.005978,1,0.5,-10780.94,-1.0781,0.0,-1.0792,-1.0792,0,0.0,0.0,0.0,0.0,0.0,0.0,1,0.5,24604.0,2.4604,100.0,2.4948,2.4948
6a6df8fa,bear,s89|s13|s67,3,0.0309775556,0.0101096348,1.6521,0.0,-2.3897,2,50.0,0.005978,0,0.0,0.0,0.0,0.0,0.0,0.0,2,1.0,20472.38,2.0472,50.0,1.0434,2.0868,0,0.0,0.0,0.0,0.0,0.0,0.0
074dd493,bull,s60|s92|s68,3,0.04878506,0.0172652084,2.6563,0.0,-3.7354,2,50.0,0.005977,1,0.5,-17247.95,-1.7248,0.0,-1.7265,-1.7265,0,0.0,0.0,0.0,0.0,0.0,0.0,1,0.5,47799.17,4.7799,100.0,4.8785,4.8785
4c4e05c1,bear,s89|s80|s17|s100,4,0.0603366804,0.0120359237,2.8842,0.0,-3.9821,3,33.3333,0.005975,1,0.3333,60276.32,6.0276,100.0,6.0337,6.0337,1,0.3333,-12725.34,-1.2725,0.0,-1.2036,-1.2036,1,0.3333,-12546.77,-1.2547,0.0,-1.2036,-1.2036
515bc556,bear,s100|s81|s62,3,0.0374300151,0.0187929328,1.3904,0.0,-2.0791,2,50.0,0.005973,1,0.5,37392.58,3.7393,100.0,3.743,3.743,0,0.0,0.0,0.0,0.0,0.0,0.0,1,0.5,-19439.35,-1.9439,0.0,-1.8793,-1.8793
5aeb154b,bear,s31|s76|s89|s99,4,0.0527164466,0.0181050759,2.6112,0.0,-3.7178,2,50.0,0.005972,1,0.5,52663.73,5.2664,100.0,5.2716,5.2716,1,0.5,-19004.31,-1.9004,0.0,-1.8105,-1.8105,0,0.0,0.0,0.0,0.0,0.0,0.0
8d9f63c3,bull,s55|s48|s33,3,0.044275489,0.0137830458,3.321,0.0,-4.6011,3,33.3333,0.005969,2,0.6667,29296.28,2.9296,50.0,1.5246,3.0492,1,0.3333,-13769.27,-1.3769,0.0,-1.3783,-1.3783,0,0.0,0.0,0.0,0.0,0.0,0.0
c65b7a14,bull,s45|s42,2,0.0419779032,0.0105502368,2.6869,0.0,-3.8499,2,50.0,0.005968,1,0.5,41410.58,4.1411,100.0,4.1978,4.1978,1,0.5,-10539.69,-1.054,0.0,-1.055,-1.055,0,0.0,0.0,0.0,0.0,0.0,0.0
c99be451,bull,s70|s73|s48|s12|s40,5,0.0390111476,0.0140921817,2.8612,0.0,-3.9973,3,33.3333,0.005967,2,0.6667,23652.15,2.3652,50.0,1.2459,2.4919,0,0.0,0.0,0.0,0.0,0.0,0.0,1,0.3333,-13851.98,-1.3852,0.0,-1.4092,-1.4092
a781f348,bull,s1|s95,2,0.0514094461,0.0174201788,3.3871,0.0,-4.7151,3,33.3333,0.005964,3,1.0,14918.14,1.4918,33.3333,0.5523,1.6569,0,0.0,0.0,0.0,0.0,0.0,0.0,0,0.0,0.0,0.0,0.0,0.0,0.0
b0214974,bull,s2|s74|s11,3,0.0269813801,0.0083190897,-3.9114,0.0,-9.1151,14,21.4286,0.005963,7,0.5,43070.38,4.307,42.8571,0.681,4.7668,4,0.2857,-32567.85,-3.2568,0.0,-0.8319,-3.3276,3,0.2143,-23190.06,-2.319,0.0,-0.8319,-2.4957
a2926cc4,bull,s39|s53|s6,3,0.0363579421,0.019576766,-3.5009,0.0,-7.9201,8,25.0,0.005958,0,0.0,0.0,0.0,0.0,0.0,0.0,4,0.5,-76406.45,-7.6406,0.0,-1.9577,-7.8307,4,0.5,30559.54,3.056,50.0,0.8391,3.3562
ff956f05,bear,s76|s19|s37,3,0.0343201913,0.0093833231,-2.0113,0.0,-8.5148,9,22.2222,0.005954,4,0.4444,-38834.72,-3.8835,0.0,-0.9383,-3.7533,2,0.2222,69679.95,6.968,100.0,3.432,6.864,3,0.3333,-28750.38,-2.875,0.0,-0.9383,-2.815
129433f3,bull,s12|s21|s92,3,0.0307838324,0.0108813745,2.7124,0.0,-3.8789,3,33.3333,0.005953,3,1.0,8366.09,0.8366,33.3333,0.3007,0.9021,0,0.0,0.0,0.0,0.0,0.0,0.0,0,0.0,0.0,0.0,0.0,0.0,0.0
e658ca91,bear,s97|s28|s37|s85,4,0.0638657909,0.0113483036,1.9917,0.0,-2.857,4,25.0,0.005952,3,0.75,39353.52,3.9354,33.3333,1.3723,4.1169,1,0.25,-11336.96,-1.1337,0.0,-1.1348,-1.1348,0,0.0,0.0,0.0,0.0,0.0,0.0
3498dcba,bull,s95|s59|s33|s36,4,0.045755685,0.0140527911,3.5372,0.0,-5.0177,3,33.3333,0.005946,1,0.3333,-13813.8,-1.3814,0.0,-1.4053,-1.4053,1,0.3333,-14038.75,-1.4039,0.0,-1.4053,-1.4053,1,0.3333,44256.91,4.4257,100.0,4.5756,4.5756
f8cb2187,bear,s13|s97|s20|s90,4,0.0510849641,0.0197716193,2.6249,0.0,-3.9858,2,50.0,0.005942,1,0.5,51033.89,5.1034,100.0,5.1085,5.1085,0,0.0,0.0,0.0,0.0,0.0,0.0,1,0.5,-20721.42,-2.0721,0.0,-1.9772,-1.9772
4bbd7165,bull,s88|s68|s15,3,0.0535005408,0.0164011827,3.4509,0.0,-4.9485,3,33.3333,0.005937,2,0.6667,-32468.63,-3.2469,0.0,-1.6401,-3.2802,0,0.0,0.0,0.0,0.0,0.0,0.0,1,0.3333,51501.81,5.1502,100.0,5.3501,5.3501
47a55735,bear,s80|s16|s57|s67,4,0.0539583375,0.0197935225,2.3742,0.0,-3.7305,2,50.0,0.005932,0,0.0,0.0,0.0,0.0,0.0,0.0,1,0.5,53904.36,5.3904,100.0,5.3958,5.3958,1,0.5,-20801.19,-2.0801,0.0,-1.9794,-1.9794
00a3a5c8,bear,s16|s99|s28,3,0.0380471709,0.0112255692,-2.2105,0.0,-8.3082,9,22.2222,0.005922,3,0.3333,14978.81,1.4979,33.3333,0.5199,1.5596,6,0.6667,-19272.36,-1.9272,16.6667,-0.3013,-1.8081,0,0.0,0.0,0.0,0.0,0.0,0.0
15e17a0c,bull,s73|s44,2,0.0421330075,0.0178198627,1.9476,0.0,-3.2717,2,50.0,0.005919,1,0.5,41258.25,4.1258,100.0,4.2133,4.2133,1,0.5,-17802.05,-1.7802,0.0,-1.782,-1.782,0,0.0,0.0,0.0,0.0,0.0,0.0
ab78fddf,bear,s101|s97,2,0.0190905662,0.0105969876,0.4282,0.0,-1.2595,2,50.0,0.005917,1,0.5,19071.48,1.9071,100.0,1.9091,1.9091,0,0.0,0.0,0.0,0.0,0.0,0.0,1,0.5,-10767.35,-1.0767,0.0,-1.0597,-1.0597
b46f4905,bear,s49|s72|s29,3,0.0498845892,0.0191568586,2.268,0.0,-3.7148,2,50.0,0.005917,1,0.5,49834.72,4.9835,100.0,4.9885,4.9885,1,0.5,-20054.14,-2.0054,0.0,-1.9157,-1.9157,0,0.0,0.0,0.0,0.0,0.0,0.0
7d447d0f,bear,s86|s66|s89,3,0.0570320361,0.0161843337,2.3087,0.0,-3.7826,2,50.0,0.005915,1,0.5,56974.99,5.6975,100.0,5.7032,5.7032,1,0.5,-17057.96,-1.7058,0.0,-1.6184,-1.6184,0,0.0,0.0,0.0,0.0,0.0,0.0
15968970,bull,s60|s83,2,0.0479882421,0.019265652,2.3695,0.0,-3.8788,2,50.0,0.005914,1,0.5,-19246.39,-1.9246,0.0,-1.9266,-1.9266,1,0.5,46922.75,4.6923,100.0,4.7988,4.7988,0,0.0,0.0,0.0,0.0,0.0,0.0
541f2f5f,bull,s40|s79|s59|s1,4,0.0275610902,0.0101417591,1.3079,0.0,-2.4704,2,50.0,0.005913,2,1.0,17068.23,1.7068,50.0,0.871,1.7419,0,0.0,0.0,0.0,0.0,0.0,0.0,0,0.0,0.0,0.0,0.0,0.0,0.0
a35c43fa,bear,s71|s90|s31|s50,4,0.0271264386,0.0149906179,0.7713,0.0,-1.7851,2,50.0,0.005909,1,0.5,27099.31,2.7099,100.0,2.7126,2.7126,1,0.5,-15351.95,-1.5352,0.0,-1.4991,-1.4991,0,0.0,0.0,0.0,0.0,0.0,0.0
cc1a92a5,bull,s24|s83|s93|s8|s87,5,0.0498150771,0.0135347403,2.5602,0.0,-3.7973,4,25.0,0.005908,3,0.75,21401.21,2.1401,33.3333,0.7582,2.2746,0,0.0,0.0,0.0,0.0,0.0,0.0,1,0.25,-13730.5,-1.373,0.0,-1.3535,-1.3535
2d5a3e25,bear,s31|s13,2,0.0512991776,0.0108590133,2.2493,0.0,-3.5118,3,33.3333,0.005908,0,0.0,0.0,0.0,0.0,0.0,0.0,2,0.6667,39864.92,3.9865,50.0,2.022,4.044,1,0.3333,-11236.64,-1.1237,0.0,-1.0859,-1.0859
b78d01ae,bull,s60|s63|s3|s54,4,0.0385017258,0.0182046092,1.5526,0.0,-2.8346,2,50.0,0.005908,2,1.0,19501.15,1.9501,50.0,1.0149,2.0297,0,0.0,0.0,0.0,0.0,0.0,0.0,0,0.0,0.0,0.0,0.0,0.0,0.0
6dea3356,bear,s57|s23|s13|s37,4,0.0594977818,0.0147092106,2.2459,0.0,-3.5155,3,33.3333,0.005906,0,0.0,0.0,0.0,0.0,0.0,0.0,2,0.6667,44158.45,4.4158,50.0,2.2394,4.4789,1,0.3333,-15539.43,-1.5539,0.0,-1.4709,-1.4709
2b426325,bull,s42|s55|s60|s94,4,0.0540717929,0.0153537137,3.9583,0.0,-5.8024,3,33.3333,0.005906,1,0.3333,-15072.69,-1.5073,0.0,-1.5354,-1.5354,1,0.3333,-15338.37,-1.5338,0.0,-1.5354,-1.5354,1,0.3333,52162.68,5.2163,100.0,5.4072,5.4072
95117dea,bear,s50|s90,2,0.0211570378,0.0115711539,-4.3062,0.0,-6.9666,8,25.0,0.0059,3,0.375,-1617.57,-0.1618,33.3333,-0.0662,-0.1985,2,0.25,-22929.15,-2.2929,0.0,-1.1571,-2.3142,3,0.375,-2868.6,-0.2869,33.3333,-0.0662,-0.1985
9617d80f,bull,s6|s21|s93,3,0.0511759248,0.0082129255,3.7555,0.0,-5.344,5,20.0,0.005899,1,0.2,49577.05,4.9577,100.0,5.1176,5.1176,4,0.8,-32710.88,-3.2711,0.0,-0.8213,-3.2852,0,0.0,0.0,0.0,0.0,0.0,0.0
df195691,bear,s80|s72|s49,3,0.0223566845,0.0115646844,-6.0528,0.0,-8.7429,12,25.0,0.005894,5,0.4167,10336.77,1.0337,40.0,0.2004,1.0019,2,0.1667,-22392.0,-2.2392,0.0,-1.1565,-2.3129,5,0.4167,-24963.47,-2.4963,20.0,-0.478,-2.3902
d0d35751,bull,s92|s3|s26,3,0.0378969588,0.0103331129,1.0477,0.0,-1.9903,3,33.3333,0.005893,2,0.6667,27070.23,2.707,50.0,1.3782,2.7564,0,0.0,0.0,0.0,0.0,0.0,0.0,1,0.3333,-10560.94,-1.0561,0.0,-1.0333,-1.0333
f23b5299,bull,s63|s46|s54,3,0.042171143,0.0133039041,3.176,0.0,-4.8392,3,33.3333,0.005891,2,0.6667,27764.18,2.7764,50.0,1.4434,2.8867,1,0.3333,-13290.6,-1.3291,0.0,-1.3304,-1.3304,0,0.0,0.0,0.0,0.0,0.0,0.0
80f97280,bull,s21|s69,2,0.055854584,0.0162056903,4.081,0.0,-6.0489,3,33.3333,0.005891,1,0.3333,53789.28,5.3789,100.0,5.5855,5.5855,2,0.6667,-32084.8,-3.2085,0.0,-1.6206,-3.2411,0,0.0,0.0,0.0,0.0,0.0,0.0
69c981bd,bull,s68|s3|s6|s21,4,0.0488640161,0.008742012,1.4932,0.0,-2.4562,4,25.0,0.005888,3,0.75,30401.04,3.0401,33.3333,1.046,3.138,0,0.0,0.0,0.0,0.0,0.0,0.0,1,0.25,-8946.72,-0.8947,0.0,-0.8742,-0.8742
03fec1c7,bull,s78|s64|s74,3,0.0398106774,0.0100303936,-1.8137,0.0,-6.0731,12,16.6667,0.005886,0,0.0,0.0,0.0,0.0,0.0,0.0,7,0.5833,-68625.33,-6.8625,0.0,-1.003,-7.0213,5,0.4167,46224.97,4.6225,40.0,0.9906,4.953
0a3388c9,bear,s100|s62|s71|s66|s52,5,0.0302821977,0.0150321051,1.0772,0.0,-2.4354,2,50.0,0.00588,0,0.0,0.0,0.0,0.0,0.0,0.0,0,0.0,0.0,0.0,0.0,0.0,0.0,2,1.0,14719.67,1.472,50.0,0.7625,1.525
aac0357d,bull,s4|s33|s58,3,0.0358950126,0.0159159085,-3.142,0.0,-7.1722,9,22.2222,0.005865,0,0.0,0.0,0.0,0.0,0.0,0.0,5,0.5556,-27897.69,-2.7898,20.0,-0.5554,-2.7769,4,0.4444,-12752.17,-1.2752,25.0,-0.2963,-1.1853
09e7a5ce,bull,s60|s68,2,0.0356682874,0.0142614012,1.6823,0.0,-3.4412,2,50.0,0.005856,1,0.5,-14247.14,-1.4247,0.0,-1.4261,-1.4261,0,0.0,0.0,0.0,0.0,0.0,0.0,1,0.5,35054.26,3.5054,100.0,3.5668,3.5668
7116867f,bear,s31|s20|s67|s76,4,0.0377452968,0.0098000431,1.1452,0.0,-2.3545,3,33.3333,0.005851,3,1.0,17451.85,1.7452,33.3333,0.6048,1.8145,0,0.0,0.0,0.0,0.0,0.0,0.0,0,0.0,0.0,0.0,0.0,0.0,0.0
6f5c9a7b,bull,s24|s82|s93,3,0.0311014943,0.0135287518,-5.4581,0.0,-9.6077,12,25.0,0.005843,1,0.0833,-12696.58,-1.2697,0.0,-1.3529,-1.3529,7,0.5833,-49723.47,-4.9723,14.2857,-0.7153,-5.0071,4,0.3333,31821.38,3.1821,50.0,0.8786,3.5145
f86797f5,bull,s45|s40|s27,3,0.0662656555,0.0110895276,3.4463,0.0,-5.1192,5,20.0,0.005843,0,0.0,0.0,0.0,0.0,0.0,0.0,3,0.6,-33202.17,-3.3202,0.0,-1.109,-3.3269,2,0.4,52704.73,5.2705,50.0,2.7588,5.5176
57c20c8a,bear,s81|s97|s50|s13,4,0.0381782369,0.0162314587,1.7291,0.0,-3.6383,2,50.0,0.00584,1,0.5,38140.07,3.814,100.0,3.8178,3.8178,0,0.0,0.0,0.0,0.0,0.0,0.0,1,0.5,-16801.91,-1.6802,0.0,-1.6231,-1.6231
ff47204d,bull,s74|s95|s78|s45|s55,5,0.0416441198,0.0190479986,1.9206,0.0,-3.9256,2,50.0,0.005836,1,0.5,40728.49,4.0728,100.0,4.1644,4.1644,1,0.5,-19028.95,-1.9029,0.0,-1.9048,-1.9048,0,0.0,0.0,0.0,0.0,0.0,0.0
c460a525,bull,s94|s10|s26,3,0.0594030223,0.0188399434,3.2713,0.0,-5.302,3,33.3333,0.005831,2,0.6667,38079.48,3.8079,50.0,2.0282,4.0563,1,0.3333,-18429.62,-1.843,0.0,-1.884,-1.884,0,0.0,0.0,0.0,0.0,0.0,0.0
7c33c64a,bear,s89|s85|s62,3,0.0315311002,0.0141022836,1.2957,0.0,-3.1676,2,50.0,0.005827,0,0.0,0.0,0.0,0.0,0.0,0.0,1,0.5,-14088.18,-1.4088,0.0,-1.4102,-1.4102,1,0.5,30992.45,3.0992,100.0,3.1531,3.1531
71c44447,bull,s11|s5|s54|s73,4,0.0563618455,0.0120246674,3.5107,0.0,-5.4007,4,25.0,0.005827,1,0.25,53973.81,5.3974,100.0,5.6362,5.6362,2,0.5,-23857.12,-2.3857,0.0,-1.2025,-2.4049,1,0.25,-11678.68,-1.1679,0.0,-1.2025,-1.2025
26e28edf,bear,s49|s25|s23,3,0.0252636504,0.0155112501,0.5349,0.0,-2.1978,2,50.0,0.005822,1,0.5,-15495.75,-1.5496,0.0,-1.5511,-1.5511,0,0.0,0.0,0.0,0.0,0.0,0.0,1,0.5,24796.5,2.4797,100.0,2.5264,2.5264
e779be83,bear,s101|s23|s97,3,0.0366734613,0.0097246907,1.0559,0.0,-2.395,3,33.3333,0.005822,2,0.6667,26584.96,2.6585,50.0,1.3474,2.6949,0,0.0,0.0,0.0,0.0,0.0,0.0,1,0.3333,-9934.0,-0.9934,0.0,-0.9725,-0.9725
9eddbfe9,bull,s73|s46|s15|s68|s3,5,0.0377882965,0.0169809137,2.1023,0.0,-3.8032,3,33.3333,0.00582,1,0.3333,37035.32,3.7035,100.0,3.7788,3.7788,2,0.6667,-34200.88,-3.4201,0.0,-1.6981,-3.3962,0,0.0,0.0,0.0,0.0,0.0,0.0
45818c54,bull,s33|s58,2,0.061189034,0.0108654827,3.0471,0.0,-4.6841,5,20.0,0.005814,1,0.2,-10577.63,-1.0578,0.0,-1.0865,-1.0865,3,0.6,-32628.42,-3.2628,0.0,-1.0865,-3.2596,1,0.2,58803.02,5.8803,100.0,6.1189,6.1189
cf571289,bear,s85|s13|s97,3,0.0383118025,0.0172663388,1.635,0.0,-3.7399,2,50.0,0.005813,1,0.5,38273.5,3.8273,100.0,3.8312,3.8312,0,0.0,0.0,0.0,0.0,0.0,0.0,1,0.5,-17875.47,-1.7875,0.0,-1.7266,-1.7266
515f1598,bull,s91|s48|s10|s21,4,0.0390850305,0.0169750288,2.9036,0.0,-4.9185,3,33.3333,0.005812,0,0.0,0.0,0.0,0.0,0.0,0.0,1,0.3333,-16958.06,-1.6958,0.0,-1.6975,-1.6975,2,0.6667,21053.87,2.1054,50.0,1.1055,2.211
ef5864e6,bull,s38|s58|s73|s68,4,0.0345086307,0.0081760571,1.1574,0.0,-2.6161,3,33.3333,0.005807,2,0.6667,25609.45,2.5609,50.0,1.3166,2.6333,0,0.0,0.0,0.0,0.0,0.0,0.0,1,0.3333,-8084.92,-0.8085,0.0,-0.8176,-0.8176
c3daccf2,bull,s88|s34|s64,3,0.0217716983,0.0094543945,-8.8144,0.0,-11.6894,30,26.6667,0.005805,6,0.2,-24703.95,-2.4704,16.6667,-0.425,-2.55,15,0.5,-18573.66,-1.8574,26.6667,-0.1127,-1.6912,9,0.3,6685.12,0.6685,33.3333,0.0954,0.8589
ffd10413,bull,s40|s3|s26,3,0.0564946078,0.0110187343,1.3811,0.0,-2.6627,4,25.0,0.005803,2,0.5,44697.01,4.4697,50.0,2.2738,4.5476,0,0.0,0.0,0.0,0.0,0.0,0.0,2,0.5,-22762.22,-2.2762,0.0,-1.1019,-2.2037
832e095d,bull,s83|s69|s96|s45,4,0.0301212051,0.0099445346,1.5806,0.0,-3.7632,2,50.0,0.005801,0,0.0,0.0,0.0,0.0,0.0,0.0,2,1.0,19797.72,1.9798,50.0,1.0088,2.0177,0,0.0,0.0,0.0,0.0,0.0,0.0
d3217e92,bear,s98|s22|s89,3,0.0213444944,0.013400272,0.365,0.0,-2.1469,2,50.0,0.005801,0,0.0,0.0,0.0,0.0,0.0,0.0,1,0.5,-13386.87,-1.3387,0.0,-1.34,-1.34,1,0.5,20994.81,2.0995,100.0,2.1344,2.1344
a77aaf98,bull,s83|s95|s42,3,0.0619126298,0.0144831302,2.5206,0.0,-4.4698,3,33.3333,0.0058,2,0.6667,-28699.26,-2.8699,0.0,-1.4483,-2.8966,0,0.0,0.0,0.0,0.0,0.0,0.0,1,0.3333,59832.31,5.9832,100.0,6.1913,6.1913
401d3cb7,bull,s73|s43|s30|s91,4,0.055268432,0.015420619,2.9906,0.0,-5.1101,3,33.3333,0.005798,0,0.0,0.0,0.0,0.0,0.0,0.0,2,0.6667,-30542.52,-3.0543,0.0,-1.5421,-3.0841,1,0.3333,53309.77,5.331,100.0,5.5268,5.5268
f23d7379,bear,s98|s77,2,0.0286362498,0.0173923002,0.6731,0.0,-2.5783,2,50.0,0.005798,2,1.0,10769.87,1.077,50.0,0.5622,1.1244,0,0.0,0.0,0.0,0.0,0.0,0.0,0,0.0,0.0,0.0,0.0,0.0,0.0
e24a9809,bull,s55|s91|s94|s6,4,0.0352787474,0.0118218206,2.3685,0.0,-4.2994,3,33.3333,0.005795,1,0.3333,-11647.07,-1.1647,0.0,-1.1822,-1.1822,2,0.6667,22467.73,2.2468,50.0,1.1728,2.3457,0,0.0,0.0,0.0,0.0,0.0,0.0
a41cccac,bear,s29|s71|s22,3,0.0541588671,0.0123387734,1.918,0.0,-3.7148,3,33.3333,0.005792,2,0.6667,41002.61,4.1003,50.0,2.091,4.182,1,0.3333,-12783.46,-1.2783,0.0,-1.2339,-1.2339,0,0.0,0.0,0.0,0.0,0.0,0.0
71751860,bull,s21|s60|s27,3,0.0688110028,0.0096402431,3.0905,0.0,-4.7014,6,16.6667,0.005791,0,0.0,0.0,0.0,0.0,0.0,0.0,4,0.6667,-38761.07,-3.8761,0.0,-0.964,-3.8561,2,0.3333,56855.11,5.6855,50.0,2.9585,5.9171
ab7d052e,bull,s12|s24|s45|s94|s6,5,0.0394558328,0.0105485269,2.3481,0.0,-4.0157,4,25.0,0.005788,2,0.5,28029.16,2.8029,50.0,1.4454,2.8907,2,0.5,-21197.73,-2.1198,0.0,-1.0549,-2.1097,0,0.0,0.0,0.0,0.0,0.0,0.0
daf87d11,bear,s31|s13|s28|s56,4,0.0533608453,0.0171410052,1.8164,0.0,-4.1964,2,50.0,0.005787,0,0.0,0.0,0.0,0.0,0.0,0.0,2,1.0,35304.11,3.5304,50.0,1.811,3.622,0,0.0,0.0,0.0,0.0,0.0,0.0
5e8f11ff,bull,s38|s88|s59,3,0.0575800544,0.0136513948,3.156,0.0,-5.0997,4,25.0,0.005786,1,0.25,-13424.69,-1.3425,0.0,-1.3651,-1.3651,2,0.5,-27585.73,-2.7586,0.0,-1.3651,-2.7303,1,0.25,55739.26,5.5739,100.0,5.758,5.758
ba8a623b,bear,s89|s22|s49|s19,4,0.0201137809,0.0131325817,0.2711,0.0,-2.1553,2,50.0,0.005785,0,0.0,0.0,0.0,0.0,0.0,0.0,1,0.5,-13119.45,-1.3119,0.0,-1.3133,-1.3133,1,0.5,19789.65,1.979,100.0,2.0114,2.0114
3197613f,bull,s47|s88|s12,3,0.0594324106,0.0103008665,3.312,0.0,-5.1362,5,20.0,0.005784,3,0.6,36055.46,3.6055,33.3333,1.2944,3.8831,2,0.4,-19955.57,-1.9956,0.0,-1.0301,-2.0602,0,0.0,0.0,0.0,0.0,0.0,0.0
272e7d2c,bear,s23|s77|s26,3,0.0306966662,0.0195870088,0.6494,0.0,-2.6994,2,50.0,0.00578,1,0.5,30665.98,3.0666,100.0,3.0697,3.0697,1,0.5,-20128.99,-2.0129,0.0,-1.9587,-1.9587,0,0.0,0.0,0.0,0.0,0.0,0.0
1b30f9aa,bull,s41|s54,2,0.0473162772,0.0104241927,2.9981,0.0,-4.9403,4,25.0,0.005774,2,0.5,35247.48,3.5247,50.0,1.8446,3.6892,1,0.25,-10413.77,-1.0414,0.0,-1.0424,-1.0424,1,0.25,-10157.08,-1.0157,0.0,-1.0424,-1.0424
00ef6251,bull,s83|s3,2,0.0427034033,0.0128391501,2.324,0.0,-4.0848,4,25.0,0.005763,2,0.5,29202.53,2.9203,50.0,1.4932,2.9864,0,0.0,0.0,0.0,0.0,0.0,0.0,2,0.5,-26104.48,-2.6104,0.0,-1.2839,-2.5678
7fe665df,bull,s54|s83|s15,3,0.0500547079,0.0159587615,3.3978,0.0,-5.8855,3,33.3333,0.005756,1,0.3333,-15657.04,-1.5657,0.0,-1.5959,-1.5959,1,0.3333,-15942.81,-1.5943,0.0,-1.5959,-1.5959,1,0.3333,48228.05,4.8228,100.0,5.0055,5.0055
4db48b2f,bull,s92|s33|s30,3,0.0546956071,0.0108384016,2.938,0.0,-4.7295,5,20.0,0.005756,0,0.0,0.0,0.0,0.0,0.0,0.0,4,0.8,-43032.62,-4.3033,0.0,-1.0838,-4.3354,1,0.2,52567.07,5.2567,100.0,5.4696,5.4696
196829b3,bear,s67|s89|s77,3,0.0490072406,0.0179636874,1.3465,0.0,-3.8313,2,50.0,0.005756,0,0.0,0.0,0.0,0.0,0.0,0.0,2,1.0,30035.22,3.0035,50.0,1.5522,3.1044,0,0.0,0.0,0.0,0.0,0.0,0.0
006fd49d,bear,s72|s97|s28|s19,4,0.0256763719,0.0122651337,0.9078,0.0,-3.249,2,50.0,0.005755,1,0.5,25650.7,2.5651,100.0,2.5676,2.5676,0,0.0,0.0,0.0,0.0,0.0,0.0,1,0.5,-12542.99,-1.2543,0.0,-1.2265,-1.2265
a5d0cbb3,bull,s30|s24|s27,3,0.0444499556,0.0123533155,-1.8789,0.0,-6.961,11,18.1818,0.005752,0,0.0,0.0,0.0,0.0,0.0,0.0,7,0.6364,-84355.52,-8.4356,0.0,-1.2353,-8.6473,4,0.3636,59823.59,5.9824,50.0,1.6048,6.4193
bd09591b,bull,s41|s93|s54,3,0.0531799546,0.0116502272,3.1903,0.0,-5.2931,4,25.0,0.005751,2,0.5,39504.69,3.9505,50.0,2.0765,4.153,1,0.25,-11638.58,-1.1639,0.0,-1.165,-1.165,1,0.25,-11323.59,-1.1324,0.0,-1.165,-1.165
01339030,bear,s28|s72,2,0.0266811216,0.0165157527,0.5712,0.0,-2.8394,2,50.0,0.005751,2,1.0,9747.96,0.9748,50.0,0.5083,1.0165,0,0.0,0.0,0.0,0.0,0.0,0.0,0,0.0,0.0,0.0,0.0,0.0,0.0
c18dba97,bull,s60|s94,2,0.0231116377,0.0147302021,0.0072,0.0,-2.0905,2,50.0,0.00575,2,1.0,7987.51,0.7988,50.0,0.4191,0.8381,0,0.0,0.0,0.0,0.0,0.0,0.0,0,0.0,0.0,0.0,0.0,0.0,0.0
040f58aa,bear,s56|s76|s99|s100,4,0.0257886589,0.010869193,1.0617,0.0,-3.5063,2,50.0,0.005749,1,0.5,25762.89,2.5763,100.0,2.5789,2.5789,0,0.0,0.0,0.0,0.0,0.0,0.0,1,0.5,-11116.66,-1.1117,0.0,-1.0869,-1.0869
d667aa62,bull,s60|s7|s35|s93,4,0.0531092475,0.0129766437,2.9309,0.0,-4.9699,4,25.0,0.005745,1,0.25,-12769.87,-1.277,0.0,-1.2977,-1.2977,2,0.5,-26184.26,-2.6184,0.0,-1.2977,-2.5953,1,0.25,51481.75,5.1482,100.0,5.3109,5.3109
6961968f,bear,s97|s13|s16,3,0.0628012734,0.0093617862,2.5061,0.0,-4.4125,4,25.0,0.005743,1,0.25,-9808.38,-0.9808,0.0,-0.9362,-0.9362,1,0.25,62738.45,6.2738,100.0,6.2801,6.2801,2,0.5,-19618.04,-1.9618,0.0,-0.9362,-1.8724
63eb0ab2,bear,s86|s99|s16|s52|s100,5,0.0597114004,0.0172813954,2.8266,0.0,-5.2242,3,33.3333,0.005738,1,0.3333,-17908.44,-1.7908,0.0,-1.7281,-1.7281,1,0.3333,59651.67,5.9652,100.0,5.9711,5.9711,1,0.3333,-18260.49,-1.826,0.0,-1.7281,-1.7281
92505cbd,bull,s9|s92|s48,3,0.0584089048,0.0158251765,1.9042,0.0,-4.003,3,33.3333,0.005736,2,0.6667,40764.58,4.0765,50.0,2.1292,4.2584,1,0.3333,-15809.35,-1.5809,0.0,-1.5825,-1.5825,0,0.0,0.0,0.0,0.0,0.0,0.0
cd6b0deb,bear,s13|s25|s37|s97,4,0.0569275674,0.0154573887,1.8423,0.0,-3.9613,3,33.3333,0.005729,1,0.3333,-16290.15,-1.629,0.0,-1.5457,-1.5457,1,0.3333,56870.64,5.6871,100.0,5.6928,5.6928,1,0.3333,-16005.81,-1.6006,0.0,-1.5457,-1.5457
9ccfec71,bull,s33|s54|s63,3,0.0352815831,0.0144246222,2.2612,0.0,-4.5232,3,33.3333,0.005729,2,0.6667,19926.18,1.9926,50.0,1.0428,2.0857,1,0.3333,-14410.2,-1.441,0.0,-1.4425,-1.4425,0,0.0,0.0,0.0,0.0,0.0,0.0
644fdfc7,bull,s38|s63|s26,3,0.03576065,0.0089515212,1.1215,0.0,-3.0148,3,33.3333,0.005726,3,1.0,17160.69,1.7161,33.3333,0.5953,1.7858,0,0.0,0.0,0.0,0.0,0.0,0.0,0,0.0,0.0,0.0,0.0,0.0,0.0
19500cb5,bull,s63|s3|s26,3,0.027967871,0.009231772,0.3039,0.0,-1.9903,3,33.3333,0.005715,2,0.6667,18404.14,1.8404,50.0,0.9368,1.8736,0,0.0,0.0,0.0,0.0,0.0,0.0,1,0.3333,-9355.46,-0.9355,0.0,-0.9232,-0.9232
505abde8,bull,s54|s42|s26,3,0.0448140506,0.0112717937,3.0723,0.0,-5.283,4,25.0,0.005715,2,0.5,31902.18,3.1902,50.0,1.6771,3.3542,1,0.25,-11260.52,-1.1261,0.0,-1.1272,-1.1272,1,0.25,-10964.16,-1.0964,0.0,-1.1272,-1.1272
1d74b261,bear,s20|s67|s85|s16|s76,5,0.046940159,0.0184664809,1.0506,0.0,-3.7857,2,50.0,0.005714,2,1.0,27616.1,2.7616,50.0,1.4237,2.8474,0,0.0,0.0,0.0,0.0,0.0,0.0,0,0.0,0.0,0.0,0.0,0.0,0.0
2ab84141,bull,s53|s12|s60,3,0.0566356014,0.0099248315,2.9958,0.0,-4.9494,5,20.0,0.005713,2,0.4,44785.67,4.4786,50.0,2.3355,4.6711,2,0.4,-20001.5,-2.0001,0.0,-0.9925,-1.985,1,0.2,-9680.27,-0.968,0.0,-0.9925,-0.9925
864db144,bear,s89|s71|s61,3,0.0202796546,0.0094008412,-5.8512,0.0,-7.9559,13,23.0769,0.005709,7,0.5385,-6887.59,-0.6888,28.5714,-0.0921,-0.6445,3,0.2308,-27425.98,-2.7426,0.0,-0.9401,-2.8203,3,0.2308,928.43,0.0928,33.3333,0.0493,0.1478
f2eb6683,bear,s13|s31|s26,3,0.0531336768,0.0198295107,1.5154,0.0,-4.459,2,50.0,0.005707,0,0.0,0.0,0.0,0.0,0.0,0.0,2,1.0,32257.91,3.2258,50.0,1.6652,3.3304,0,0.0,0.0,0.0,0.0,0.0,0.0
73c380af,bull,s38|s15,2,0.0493349237,0.017917843,3.1453,0.0,-5.8278,3,33.3333,0.005706,1,0.3333,-17544.07,-1.7544,0.0,-1.7918,-1.7918,1,0.3333,-17899.94,-1.79,0.0,-1.7918,-1.7918,1,0.3333,47345.46,4.7345,100.0,4.9335,4.9335
18b0ee1b,bear,s71|s51|s26,3,0.0321406165,0.0165973347,1.0987,0.0,-3.9171,2,50.0,0.005706,2,1.0,15027.96,1.5028,50.0,0.7772,1.5543,0,0.0,0.0,0.0,0.0,0.0,0.0,0,0.0,0.0,0.0,0.0,0.0,0.0
97ba5e05,bull,s73|s91|s63,3,0.0466054978,0.0133325729,1.2789,0.0,-3.3576,3,33.3333,0.005703,1,0.3333,45144.76,4.5145,100.0,4.6605,4.6605,1,0.3333,-13319.25,-1.3319,0.0,-1.3333,-1.3333,1,0.3333,-13115.41,-1.3115,0.0,-1.3333,-1.3333
579cb9d2,bear,s22|s81,2,0.0245450634,0.012742429,0.7474,0.0,-3.5066,2,50.0,0.005699,0,0.0,0.0,0.0,0.0,0.0,0.0,0,0.0,0.0,0.0,0.0,0.0,0.0,2,1.0,11503.82,1.1504,50.0,0.5901,1.1803
3ae97bda,bull,s15|s54|s65|s45,4,0.0581097819,0.0121635745,3.5118,0.0,-5.9516,4,25.0,0.005695,2,0.5,43644.64,4.3645,50.0,2.2973,4.5946,1,0.25,-12151.42,-1.2151,0.0,-1.2164,-1.2164,1,0.25,-11810.27,-1.181,0.0,-1.2164,-1.2164
3030f27b,bull,s15|s68,2,0.0315952579,0.0198921674,0.7038,0.0,-3.5205,2,50.0,0.00569,1,0.5,-19872.29,-1.9872,0.0,-1.9892,-1.9892,0,0.0,0.0,0.0,0.0,0.0,0.0,1,0.5,30874.01,3.0874,100.0,3.1595,3.1595
6c693d33,bull,s91|s59,2,0.0445151276,0.0097128293,1.8196,0.0,-4.1566,3,33.3333,0.005689,1,0.3333,-9703.12,-0.9703,0.0,-0.9713,-0.9713,0,0.0,0.0,0.0,0.0,0.0,0.0,2,0.6667,33847.19,3.3847,50.0,1.7401,3.4802
a80f0894,bull,s41|s44|s21|s92,4,0.0461266087,0.0146144498,2.2767,0.0,-4.3469,4,25.0,0.005685,1,0.25,-14599.84,-1.46,0.0,-1.4614,-1.4614,2,0.5,-29099.14,-2.9099,0.0,-1.4614,-2.9229,1,0.25,44564.81,4.4565,100.0,4.6127,4.6127
b13b6775,bear,s29|s66|s25|s89,4,0.0421997242,0.0154709024,0.4177,0.0,-2.3368,3,33.3333,0.00568,3,1.0,10169.75,1.017,33.3333,0.3753,1.1258,0,0.0,0.0,0.0,0.0,0.0,0.0,0,0.0,0.0,0.0,0.0,0.0,0.0
1a006ef7,bear,s13|s51|s89,3,0.0371080525,0.0091925402,1.2073,0.0,-3.3924,3,33.3333,0.005679,1,0.3333,-9080.59,-0.9081,0.0,-0.9193,-0.9193,2,0.6667,27062.58,2.7063,50.0,1.3958,2.7916,0,0.0,0.0,0.0,0.0,0.0,0.0
4992acd9,bull,s32|s60,2,0.0459954644,0.0111273223,2.458,0.0,-4.6134,4,25.0,0.005679,1,0.25,-10970.54,-1.0971,0.0,-1.1127,-1.1127,2,0.5,-22418.35,-2.2418,0.0,-1.1127,-2.2255,1,0.25,44753.19,4.4753,100.0,4.5995,4.5995
81e09aea,bull,s84|s44,2,0.0461144445,0.0086907224,2.9158,0.0,-4.977,5,20.0,0.005673,1,0.2,-8497.72,-0.8498,0.0,-0.8691,-0.8691,2,0.4,-17459.19,-1.7459,0.0,-0.8691,-1.7381,2,0.4,36019.78,3.602,50.0,1.8712,3.7424
8ce42752,bull,s83|s58,2,0.0253229603,0.015345402,0.5559,0.0,-3.4946,2,50.0,0.00567,1,0.5,-15330.06,-1.533,0.0,-1.5345,-1.5345,1,0.5,24859.67,2.486,100.0,2.5323,2.5323,0,0.0,0.0,0.0,0.0,0.0,0.0
ee99ef5d,bull,s96|s12|s55,3,0.0560922985,0.0100591245,2.887,0.0,-4.9881,5,20.0,0.005658,2,0.4,44108.87,4.4109,50.0,2.3017,4.6033,2,0.4,-20262.73,-2.0263,0.0,-1.0059,-2.0118,1,0.2,-9808.6,-0.9809,0.0,-1.0059,-1.0059
70945f51,bull,s58|s96|s74,3,0.0428839077,0.0113949404,2.4223,0.0,-4.665,4,25.0,0.005656,1,0.25,-11231.35,-1.1231,0.0,-1.1395,-1.1395,2,0.5,-22916.85,-2.2917,0.0,-1.1395,-2.279,1,0.25,41703.09,4.1703,100.0,4.2884,4.2884
ec331636,bear,s13|s67|s76,3,0.0559217798,0.0154237589,1.7521,0.0,-4.2534,3,33.3333,0.005655,1,0.3333,54892.6,5.4893,100.0,5.5922,5.5922,1,0.3333,-15408.34,-1.5408,0.0,-1.5424,-1.5424,1,0.3333,-15956.29,-1.5956,0.0,-1.5424,-1.5424
4f84735c,bear,s67|s37|s99,3,0.0388463479,0.0090489375,-1.6361,0.0,-8.3979,10,20.0,0.005652,2,0.2,29211.76,2.9212,50.0,1.4899,2.9797,8,0.8,-25740.1,-2.574,12.5,-0.3062,-2.4496,0,0.0,0.0,0.0,0.0,0.0,0.0
9b4856f7,bull,s54|s6|s60|s47,4,0.0538368027,0.0182725423,3.2828,0.0,-6.3276,3,33.3333,0.005649,1,0.3333,-17884.91,-1.7885,0.0,-1.8273,-1.8273,1,0.3333,-18254.27,-1.8254,0.0,-1.8273,-1.8273,1,0.3333,51628.5,5.1629,100.0,5.3837,5.3837
91b3475e,bull,s58|s48|s26,3,0.0491149788,0.0152781156,1.7908,0.0,-4.3554,3,33.3333,0.005646,3,1.0,17125.69,1.7126,33.3333,0.6186,1.8559,0,0.0,0.0,0.0,0.0,0.0,0.0,0,0.0,0.0,0.0,0.0,0.0,0.0
dc259d54,bear,s13|s86|s26,3,0.0472972964,0.0145413465,1.1008,0.0,-3.4724,3,33.3333,0.005639,1,0.3333,-15184.86,-1.5185,0.0,-1.4541,-1.4541,1,0.3333,47249.98,4.725,100.0,4.7297,4.7297,1,0.3333,-14933.72,-1.4934,0.0,-1.4541,-1.4541
ce187102,bull,s69|s36|s74|s92,4,0.0306459727,0.008842584,-1.7445,0.0,-7.313,11,18.1818,0.005638,2,0.1818,20255.93,2.0256,50.0,1.0902,2.1803,5,0.4545,-43161.18,-4.3161,0.0,-0.8843,-4.4213,4,0.3636,3437.72,0.3438,25.0,0.103,0.4118
b08f2978,bull,s11|s94|s54|s65|s40,5,0.0494940908,0.0114446863,3.0559,0.0,-5.5878,4,25.0,0.005637,2,0.5,36200.78,3.6201,50.0,1.9025,3.8049,1,0.25,-11433.24,-1.1433,0.0,-1.1445,-1.1445,1,0.25,-11128.44,-1.1128,0.0,-1.1445,-1.1445
3e4cfcb4,bull,s8|s35|s63|s68,4,0.0409627547,0.0138278148,1.8099,0.0,-3.9287,4,25.0,0.005636,1,0.25,-13595.75,-1.3596,0.0,-1.3828,-1.3828,1,0.25,-13814.0,-1.3814,0.0,-1.3828,-1.3828,2,0.5,25737.79,2.5738,50.0,1.3567,2.7135
c59dc681,bull,s38|s45,2,0.0310578238,0.0089309635,0.6665,0.0,-2.9183,3,33.3333,0.005635,1,0.3333,30688.25,3.0688,100.0,3.1058,3.1058,2,0.6667,-18002.63,-1.8003,0.0,-0.8931,-1.7862,0,0.0,0.0,0.0,0.0,0.0,0.0
bc0d848f,bull,s32|s6|s30|s54,4,0.0564020302,0.0199037585,3.8684,0.0,-7.1929,3,33.3333,0.005634,0,0.0,0.0,0.0,0.0,0.0,0.0,2,0.6667,-39333.02,-3.9333,0.0,-1.9904,-3.9808,1,0.3333,53908.94,5.3909,100.0,5.6402,5.6402
a380b928,bull,s12|s83,2,0.0301117855,0.0195092386,0.5983,0.0,-3.9027,2,50.0,0.005627,1,0.5,-19489.74,-1.949,0.0,-1.9509,-1.9509,1,0.5,29435.89,2.9436,100.0,3.0112,3.0112,0,0.0,0.0,0.0,0.0,0.0,0.0
5557b284,bear,s90|s77,2,0.0382117635,0.0163482214,0.4669,0.0,-3.7826,2,50.0,0.005621,0,0.0,0.0,0.0,0.0,0.0,0.0,2,1.0,21250.26,2.125,50.0,1.0932,2.1864,0,0.0,0.0,0.0,0.0,0.0,0.0
b9cb9de2,bear,s17|s85|s56,3,0.0235362775,0.0114623359,-3.7952,0.0,-8.2346,8,25.0,0.005618,2,0.25,-22924.79,-2.2925,0.0,-1.1462,-2.2925,2,0.25,12346.16,1.2346,50.0,0.6037,1.2074,4,0.5,-11563.71,-1.1564,25.0,-0.2713,-1.0851
81c94f15,bull,s96|s94|s58|s88,4,0.0479259165,0.0123307599,3.0326,0.0,-5.6844,4,25.0,0.005606,3,0.75,-36429.18,-3.6429,0.0,-1.2331,-3.6992,0,0.0,0.0,0.0,0.0,0.0,0.0,1,0.25,45852.7,4.5853,100.0,4.7926,4.7926
f93aee48,bear,s28|s23|s61,3,0.063480559,0.0111531062,2.0152,0.0,-4.3279,4,25.0,0.005606,2,0.5,51590.13,5.159,50.0,2.6164,5.2327,1,0.25,-11517.96,-1.1518,0.0,-1.1153,-1.1153,1,0.25,-11671.45,-1.1671,0.0,-1.1153,-1.1153
7789d2bf,bull,s59|s15|s41|s40,4,0.0523883613,0.0081248641,3.3298,0.0,-5.7555,5,20.0,0.005605,3,0.6,34263.88,3.4264,33.3333,1.2046,3.6139,1,0.2,-8116.74,-0.8117,0.0,-0.8125,-0.8125,1,0.2,-7873.13,-0.7873,0.0,-0.8125,-0.8125
779f6126,bull,s60|s69|s14|s88,4,0.0395363207,0.0110352233,2.205,0.0,-4.5956,4,25.0,0.005603,0,0.0,0.0,0.0,0.0,0.0,0.0,3,0.75,-33046.4,-3.3046,0.0,-1.1035,-3.3106,1,0.25,38475.66,3.8476,100.0,3.9536,3.9536
8975744e,bull,s39|s68,2,0.0370167533,0.0096139861,1.5387,0.0,-3.3799,5,20.0,0.005602,2,0.4,-19097.42,-1.9097,0.0,-0.9614,-1.9228,1,0.2,-9710.87,-0.9711,0.0,-0.9614,-0.9614,2,0.4,26529.02,2.6529,50.0,1.3701,2.7403
71e94f8a,bull,s41|s55|s94,3,0.0509829316,0.0181251905,3.071,0.0,-6.332,3,33.3333,0.005597,1,0.3333,-17743.36,-1.7743,0.0,-1.8125,-1.8125,1,0.3333,-18107.08,-1.8107,0.0,-1.8125,-1.8125,1,0.3333,48906.35,4.8906,100.0,5.0983,5.0983
00b6f291,bull,s45|s94|s6,3,0.0383564842,0.0129038907,2.4481,0.0,-5.5056,3,33.3333,0.005597,2,0.6667,24487.36,2.4487,50.0,1.2726,2.5453,1,0.3333,-12890.99,-1.2891,0.0,-1.2904,-1.2904,0,0.0,0.0,0.0,0.0,0.0,0.0
d0e409d2,bull,s21|s46|s64|s87,4,0.0436140395,0.0083076011,3.0294,0.0,-5.4257,5,20.0,0.005584,0,0.0,0.0,0.0,0.0,0.0,0.0,4,0.8,-33022.47,-3.3022,0.0,-0.8308,-3.323,1,0.2,42239.35,4.2239,100.0,4.3614,4.3614
5b15bc29,bear,s89|s61|s67|s80,4,0.0365237959,0.0083530697,1.0218,0.0,-3.7148,3,33.3333,0.005577,1,0.3333,35735.83,3.5736,100.0,3.6524,3.6524,2,0.6667,-16603.06,-1.6603,0.0,-0.8353,-1.6706,0,0.0,0.0,0.0,0.0,0.0,0.0
178ffe4f,bull,s38|s45|s15|s40,4,0.0336914064,0.0106405381,1.7521,0.0,-4.116,4,25.0,0.005573,1,0.25,33233.07,3.3233,100.0,3.3691,3.3691,3,0.75,-32148.72,-3.2149,0.0,-1.0641,-3.1922,0,0.0,0.0,0.0,0.0,0.0,0.0
826e468b,bull,s60|s94|s27,3,0.0638179119,0.0084912295,3.2055,0.0,-5.4607,6,16.6667,0.005573,3,0.5,44425.29,4.4425,33.3333,1.5612,4.6835,2,0.3333,-17117.43,-1.7117,0.0,-0.8491,-1.6982,1,0.1667,-8219.02,-0.8219,0.0,-0.8491,-0.8491
a2e4fd96,bear,s98|s72|s31,3,0.0525694754,0.0151878323,1.1837,0.0,-3.9714,3,33.3333,0.005569,1,0.3333,52516.92,5.2517,100.0,5.2569,5.2569,1,0.3333,-15666.01,-1.5666,0.0,-1.5188,-1.5188,1,0.3333,-15939.95,-1.594,0.0,-1.5188,-1.5188
6ca332fa,bull,s7|s73,2,0.0399510771,0.0104988431,2.3755,0.0,-4.967,4,25.0,0.005568,1,0.25,38435.9,3.8436,100.0,3.9951,3.9951,2,0.5,-20845.84,-2.0846,0.0,-1.0499,-2.0998,1,0.25,-10228.27,-1.0228,0.0,-1.0499,-1.0499
1fb16199,bull,s53|s59|s10,3,0.0603349348,0.0157378122,2.7698,0.0,-5.5008,4,25.0,0.005566,1,0.25,-15443.72,-1.5444,0.0,-1.5738,-1.5738,2,0.5,-31775.56,-3.1776,0.0,-1.5738,-3.1476,1,0.25,58159.23,5.8159,100.0,6.0335,6.0335
13062494,bull,s38|s68|s78|s47|s15,5,0.0388542947,0.0179742906,2.1033,0.0,-5.2128,3,33.3333,0.005566,2,0.6667,-35554.67,-3.5555,0.0,-1.7974,-3.5949,0,0.0,0.0,0.0,0.0,0.0,0.0,1,0.3333,37283.2,3.7283,100.0,3.8854,3.8854
f59b1e07,bull,s38|s65,2,0.0485688211,0.0099934938,2.2472,0.0,-4.4436,5,20.0,0.005566,1,0.2,-9745.89,-0.9746,0.0,-0.9993,-0.9993,3,0.6,-29924.22,-2.9924,0.0,-0.9993,-2.998,1,0.2,46798.49,4.6798,100.0,4.8569,4.8569
