id,direction,signals,n_signals,tp,sl,train_return,train_sharpe,train_drawdown,train_trades,train_winrate,score,train_chop_trades,train_chop_trade_share,train_chop_pnl,train_chop_return_pct,train_chop_win_rate,train_chop_avg_trade_return_pct,train_chop_total_trade_return_pct,train_trendy_trades,train_trendy_trade_share,train_trendy_pnl,train_trendy_return_pct,train_trendy_win_rate,train_trendy_avg_trade_return_pct,train_trendy_total_trade_return_pct,train_volatile_trades,train_volatile_trade_share,train_volatile_pnl,train_volatile_return_pct,train_volatile_win_rate,train_volatile_avg_trade_return_pct,train_volatile_total_trade_return_pct
a380b5eb,bear,s28|s18|s100,3,0.0450684259,0.012982103,44.1463,0.0,-14.5317,82,34.1463,0.235429,41,0.5,240540.33,24.054,31.7073,0.5424,22.2391,17,0.2073,84279.3,8.4279,29.4118,0.4092,6.9557,24,0.2927,319678.37,31.9678,41.6667,1.1206,26.8935
b5bf9bf8,bull,s78|s47|s64,3,0.0465552155,0.0102816951,36.1378,0.0,-12.9023,61,31.1475,0.199287,29,0.4754,157498.35,15.7498,27.5862,0.5397,15.6526,10,0.1639,197707.22,19.7707,50.0,1.8137,18.1368,22,0.3607,144916.61,14.4917,27.2727,0.5219,11.4824
c9efd2c1,bull,s7|s21|s40,3,0.0473498965,0.0107002905,33.0596,0.0,-14.1944,67,29.8507,0.179207,30,0.4478,218340.33,21.834,30.0,0.6715,20.1443,13,0.194,-32638.66,-3.2639,15.3846,-0.1769,-2.3003,24,0.3582,299191.92,29.9192,37.5,1.1069,26.5645
d4eae55d,bull,s47|s33|s30,3,0.0523327152,0.0188757403,24.9222,0.0,-11.8678,46,36.9565,0.160959,18,0.3913,72669.88,7.267,33.3333,0.486,8.7487,13,0.2826,120064.09,12.0064,38.4615,0.8512,11.0658,15,0.3261,154104.89,15.4105,40.0,0.9608,14.4115
ec63ccfe,bear,s90|s77,2,0.0382117635,0.0163482214,21.1105,0.0,-15.9043,51,41.1765,0.160259,15,0.2941,12359.75,1.236,33.3333,0.1838,2.7577,10,0.1961,117688.96,11.7689,50.0,1.0932,10.9318,26,0.5098,198691.52,19.8692,42.3077,0.6735,17.5106
34803043,bear,s16|s89|s99,3,0.0737008392,0.0195466423,36.6374,0.0,-15.3308,40,32.5,0.158446,14,0.35,-49991.69,-4.9992,21.4286,0.0435,0.6089,6,0.15,74310.43,7.431,33.3333,1.1536,6.9215,20,0.5,448209.23,44.8209,40.0,1.7752,35.5047
551e714f,bear,s77|s90|s26,3,0.0290401717,0.0183443194,11.628,0.0,-13.3061,59,47.4576,0.148967,17,0.2881,60357.86,6.0358,47.0588,0.3954,6.7222,11,0.1864,82551.48,8.2551,54.5455,0.7502,8.2519,31,0.5254,100862.57,10.0863,45.1613,0.3055,9.4709
2240c0bf,bear,s57|s28|s18,3,0.0331310656,0.0143858481,20.9673,0.0,-19.1334,97,39.1753,0.143995,41,0.4227,163517.44,16.3517,39.0244,0.4157,17.0451,24,0.2474,81741.86,8.1742,37.5,0.3433,8.2392,32,0.3299,158971.87,15.8972,40.625,0.4918,15.7373
0503e6c1,bull,s95|s88|s64,3,0.0635130094,0.0193879183,35.1276,0.0,-30.7152,73,31.5068,0.142885,26,0.3562,-16400.8,-1.6401,23.0769,-0.0257,-0.668,18,0.2466,154958.86,15.4959,33.3333,0.8246,14.8423,29,0.3973,360542.51,36.0543,37.931,1.2057,34.9661
5b223108,bear,s17|s52|s71,3,0.0745534301,0.0176267471,36.9736,0.0,-13.4618,34,32.3529,0.139106,14,0.4118,234677.43,23.4677,35.7143,1.5295,21.4126,6,0.1765,-37528.84,-3.7529,16.6667,-0.2263,-1.358,14,0.4118,251805.76,25.1806,35.7143,1.5295,21.4126
fa0c8b69,bull,s78|s93|s9|s8,4,0.0251979844,0.0098444584,10.6179,0.0,-9.1641,50,40.0,0.134979,23,0.46,11241.32,1.1241,30.4348,0.0821,1.8875,7,0.14,115969.37,11.5969,71.4286,1.5186,10.6301,20,0.4,88527.65,8.8528,40.0,0.4173,8.345
32938a43,bull,s30|s14,2,0.0315401729,0.0194769589,9.005,0.0,-12.2576,47,46.8085,0.131292,21,0.4468,149514.87,14.9515,52.381,0.7246,15.2172,9,0.1915,24228.09,2.4228,44.4444,0.3197,2.8776,17,0.3617,24157.02,2.4157,41.1765,0.153,2.6012
8ee8ce95,bear,s28|s18|s23,3,0.036869713,0.0165106388,14.0439,0.0,-14.7179,61,39.3443,0.130055,29,0.4754,102574.84,10.2575,37.931,0.3737,10.8375,13,0.2131,50506.99,5.0507,38.4615,0.402,5.2263,19,0.3115,112041.15,11.2041,42.1053,0.5965,11.3341
1fa534d1,bull,s78|s14|s40,3,0.0637648629,0.0112463395,26.1145,0.0,-11.3373,43,25.5814,0.126584,22,0.5116,115174.83,11.5175,22.7273,0.5802,12.7637,4,0.093,28374.93,2.8375,25.0,0.7506,3.0026,17,0.3953,221162.2,22.1162,29.4118,1.0816,18.3868
61b80b66,bear,s20|s99,2,0.0654892031,0.0163085365,35.1825,0.0,-7.4633,27,37.037,0.123904,6,0.2222,66832.69,6.6833,33.3333,1.0957,6.5744,5,0.1852,91340.48,9.134,40.0,1.6411,8.2053,16,0.5926,259332.33,25.9332,37.5,1.4366,22.985
70f6fd8d,bear,s57|s37|s49,3,0.0309941881,0.01541933,22.1794,0.0,-9.6718,28,53.5714,0.123433,10,0.3571,87474.97,8.7475,50.0,0.7787,7.7874,10,0.3571,126899.26,12.6899,60.0,1.2429,12.4288,8,0.2857,65706.94,6.5707,50.0,0.7787,6.2299
d0278715,bull,s78|s41|s68|s91,4,0.0225278942,0.0108403374,13.9903,0.0,-5.0287,31,51.6129,0.121343,13,0.4194,21762.82,2.1763,38.4615,0.1994,2.5917,4,0.129,61401.6,6.1402,75.0,1.4186,5.6743,14,0.4516,123332.96,12.3333,57.1429,0.8227,11.5181
59708e43,bear,s28|s72|s80,3,0.0456740662,0.0136046928,16.6179,0.0,-12.0886,46,32.6087,0.117789,17,0.3696,245200.72,24.5201,47.0588,1.4291,24.295,11,0.2391,-34355.88,-3.4356,18.1818,-0.2827,-3.1094,18,0.3913,51008.52,5.1009,27.7778,0.2862,5.1509
7547a652,bear,s56|s76|s99|s37,4,0.0480722751,0.0194212926,21.6327,0.0,-8.3476,31,41.9355,0.116123,5,0.1613,118630.12,11.863,60.0,2.1075,10.5374,8,0.2581,-25753.64,-2.5754,25.0,-0.2548,-2.0383,18,0.5806,191293.99,19.1294,44.4444,1.0576,19.0365
c9c3f3e3,bull,s2|s46|s34|s73|s21,5,0.0300235893,0.0182403938,7.7947,0.0,-10.0873,41,46.3415,0.114752,21,0.5122,45661.71,4.5662,42.8571,0.2444,5.1328,6,0.1463,36598.98,3.6599,50.0,0.5892,3.535,14,0.3415,85266.82,8.5267,50.0,0.5892,8.2482
214c15aa,bear,s80|s86|s28,3,0.0488581218,0.0125280058,23.7369,0.0,-11.6975,35,34.2857,0.113899,19,0.5429,330786.0,33.0786,47.3684,1.655,31.4443,11,0.3143,-77682.02,-7.7682,9.0909,-0.6947,-7.6422,5,0.1429,60840.85,6.0841,40.0,1.2026,6.0132
c4288b67,bear,s85|s98|s52|s37|s80,5,0.0289815696,0.0164429372,6.9496,0.0,-11.7357,45,44.4444,0.113332,25,0.5556,80567.8,8.0568,44.0,0.3544,8.8596,12,0.2667,31221.11,3.1221,41.6667,0.2484,2.9807,8,0.1778,49413.22,4.9413,50.0,0.6269,5.0155
66d8bf8e,bear,s85|s56|s37|s52,4,0.0396739021,0.0188266225,14.9809,0.0,-18.0037,43,41.8605,0.113085,13,0.3023,55004.73,5.5005,38.4615,0.3674,4.7757,12,0.2791,8727.73,0.8728,33.3333,0.0674,0.8083,18,0.4186,169126.74,16.9127,50.0,1.0424,18.7626
d82d82a4,bear,s49|s90|s99,3,0.030594395,0.016061624,11.2814,0.0,-20.0908,68,42.6471,0.112795,19,0.2794,5730.19,0.573,36.8421,0.1127,2.1421,21,0.3088,80689.54,8.069,42.8571,0.3934,8.261,28,0.4118,186778.68,18.6779,46.4286,0.56,15.6803
6891e68e,bull,s88|s94|s27,3,0.0667667843,0.013281112,25.4537,0.0,-20.8885,62,24.1935,0.11173,25,0.4032,-26738.42,-2.6738,16.0,-0.0473,-1.1836,22,0.3548,119684.94,11.9685,22.7273,0.4912,10.8055,15,0.2419,297956.87,29.7957,40.0,1.8738,28.1071
a2813c9b,bull,s41|s40,2,0.046667386,0.0173304488,14.6158,0.0,-11.0315,41,36.5854,0.110802,17,0.4146,87064.67,8.7065,35.2941,0.5257,8.9369,8,0.1951,-85577.13,-8.5577,12.5,-0.9331,-7.4646,16,0.3902,244564.53,24.4565,50.0,1.4668,23.4695
88bd8ec0,bear,s72|s101|s52|s66,4,0.0584375237,0.0199139084,16.882,0.0,-12.4473,43,32.5581,0.10996,10,0.2326,196851.15,19.6851,50.0,1.9262,19.2618,7,0.1628,-72827.25,-7.2827,14.2857,-0.8721,-6.1046,26,0.6047,104160.8,10.4161,30.7692,0.4194,10.905
18f78f1b,bear,s77|s90|s99|s23,4,0.0285921466,0.0127214849,12.3599,0.0,-15.7668,42,42.8571,0.109797,6,0.1429,48295.16,4.8295,50.0,0.7935,4.7612,13,0.3095,40637.82,4.0638,38.4615,0.3168,4.1189,23,0.5476,130906.44,13.0906,43.4783,0.5241,12.0542
51b96898,bear,s99|s90|s27,3,0.0787542689,0.0199524049,26.6723,0.0,-25.2914,73,26.0274,0.108897,17,0.2329,230228.67,23.0229,35.2941,1.4885,25.3049,18,0.2466,-64981.68,-6.4982,16.6667,-0.3501,-6.3023,38,0.5205,242867.91,24.2868,26.3158,0.6023,22.8875
8667a9ea,bull,s47|s8|s26,3,0.0433885222,0.0156187344,28.4082,0.0,-7.4628,22,50.0,0.106148,12,0.5455,107193.2,10.7193,41.6667,0.8968,10.7611,1,0.0455,51075.19,5.1075,100.0,4.3389,4.3389,9,0.4091,174544.38,17.4544,55.5556,1.7163,15.4468
5776813b,bear,s62|s28|s99,3,0.0234838603,0.0143000102,2.6302,0.0,-7.8875,42,45.2381,0.102961,14,0.3333,99437.67,9.9438,57.1429,0.7291,10.2071,9,0.2143,-17719.47,-1.7719,33.3333,-0.1705,-1.5348,19,0.4524,28835.75,2.8836,42.1053,0.1609,3.0571
76f3805b,bear,s90|s28,2,0.0618828952,0.0112017486,21.6849,0.0,-17.7979,52,23.0769,0.102577,22,0.4231,192427.16,19.2427,27.2727,0.873,19.2069,17,0.3269,-54669.47,-5.4669,11.7647,-0.2604,-4.426,13,0.25,154967.17,15.4967,30.7692,1.1286,14.6716
aebe74b3,bull,s4|s40|s78,3,0.0430838906,0.0167825021,9.9147,0.0,-14.4717,60,35.0,0.101244,25,0.4167,-16459.99,-1.646,28.0,-0.002,-0.0498,9,0.15,89397.3,8.9397,44.4444,0.9825,8.8423,26,0.4333,164908.4,16.4908,38.4615,0.6243,16.2319
f4e836d6,bear,s100|s28|s27,3,0.0309912032,0.0181165697,4.099,0.0,-14.655,63,42.8571,0.101002,30,0.4762,-15327.35,-1.5327,36.6667,-0.011,-0.3312,14,0.2222,-8929.13,-0.8929,35.7143,-0.0578,-0.8093,19,0.3016,188765.07,18.8765,57.8947,1.0314,19.5971
94cc47bd,bull,s38|s21|s27,3,0.0350942885,0.0129483295,9.5487,0.0,-14.3149,54,35.1852,0.100806,22,0.4074,-9052.46,-0.9052,27.2727,0.0154,0.3392,10,0.1852,109503.57,10.9504,50.0,1.1073,11.073,22,0.4074,109190.5,10.9191,36.3636,0.4522,9.9478
eb1b9fc0,bear,s90|s81|s57,3,0.0195139074,0.0101770771,5.1471,0.0,-8.2172,37,45.9459,0.098993,20,0.5405,63957.55,6.3958,45.0,0.3184,6.3677,8,0.2162,37362.68,3.7363,50.0,0.4668,3.7347,9,0.2432,27506.8,2.7507,44.4444,0.3019,2.717
b3bc2ff0,bear,s85|s49|s18,3,0.0287884941,0.0119775771,12.3876,0.0,-8.8301,32,43.75,0.098758,13,0.4062,48262.8,4.8263,38.4615,0.3702,4.8122,12,0.375,104509.5,10.4509,50.0,0.8405,10.0866,7,0.2188,37412.78,3.7413,42.8571,0.5494,3.8455
165ff015,bull,s78|s48|s34,3,0.0457937744,0.0137502105,17.9045,0.0,-10.7842,34,35.2941,0.0987,14,0.4118,26231.85,2.6232,28.5714,0.3262,4.5673,7,0.2059,160380.46,16.038,57.1429,2.0275,14.1924,13,0.3824,69663.55,6.9664,30.7692,0.4571,5.9423
98c18dc5,bear,s80|s72|s49,3,0.0223566845,0.0115646844,2.0273,0.0,-11.6808,53,41.5094,0.097595,15,0.283,94407.72,9.4408,53.3333,0.6527,9.7901,16,0.3019,52302.21,5.2302,43.75,0.3276,5.2415,22,0.4151,-19002.92,-1.9003,31.8182,-0.0772,-1.6973
69652cb9,bull,s41|s88,2,0.0520826113,0.0119619499,20.3138,0.0,-19.9632,45,28.8889,0.097229,20,0.4444,-54243.38,-5.4243,15.0,-0.2355,-4.7105,12,0.2667,55348.85,5.5349,25.0,0.4049,4.859,13,0.2889,290056.92,29.0057,53.8462,2.2524,29.2807
51fce3b2,bull,s87|s78|s27,3,0.0429393288,0.0080364259,13.6665,0.0,-9.4792,47,25.5319,0.096655,21,0.4468,139117.97,13.9118,28.5714,0.6528,13.709,10,0.2128,72582.56,7.2583,30.0,0.7256,7.2563,16,0.3404,27414.8,2.7415,18.75,0.1522,2.4344
03c58152,bear,s71|s16|s49,3,0.0509960884,0.0123383343,27.4802,0.0,-5.6121,22,40.9091,0.094957,13,0.5909,237659.75,23.766,46.1538,1.6893,21.9608,2,0.0909,-29409.29,-2.9409,0.0,-1.2338,-2.4677,7,0.3182,114983.43,11.4983,42.8571,1.4805,10.3635
d2464f10,bear,s28|s13|s101,3,0.0548905868,0.0151484656,15.7304,0.0,-17.3806,49,28.5714,0.094564,14,0.2857,374409.36,37.4409,57.1429,2.4874,34.8234,14,0.2857,-96423.43,-9.6423,14.2857,-0.5143,-7.2,21,0.4286,-43473.75,-4.3474,19.0476,-0.1808,-3.7962
bcd1923f,bull,s91|s10|s30|s33,4,0.0455961453,0.0140768195,11.8398,0.0,-14.5817,73,30.137,0.094025,25,0.3425,-9864.37,-0.9864,24.0,0.0245,0.6117,16,0.2192,140424.04,14.0424,37.5,0.8301,13.2809,32,0.4384,133068.52,13.3069,31.25,0.4571,14.6271
73bf404d,bear,s81|s16|s99|s20,4,0.0689338813,0.0189397184,27.7044,0.0,-10.4104,25,36.0,0.093793,7,0.28,40664.47,4.0664,28.5714,0.6167,4.3169,5,0.2,85879.2,8.5879,40.0,1.621,8.1049,13,0.52,210214.73,21.0215,38.4615,1.4858,19.3152
f3bf32ea,bear,s49|s25|s77,3,0.037726511,0.0182193511,5.3065,0.0,-14.5875,60,38.3333,0.092463,14,0.2333,128904.27,12.8904,50.0,0.9754,13.655,16,0.2667,-21027.79,-2.1028,31.25,-0.0736,-1.178,30,0.5,70207.28,7.0207,36.6667,0.2294,6.8824
2ff75cd0,bull,s69|s42|s40,3,0.0397748973,0.0127806759,8.4658,0.0,-11.34,88,30.6818,0.091889,38,0.4318,137359.97,13.736,31.5789,0.3816,14.5001,14,0.1591,86795.6,8.6796,35.7143,0.5989,8.3848,36,0.4091,55431.5,5.5431,27.7778,0.1818,6.5451
cae24628,bull,s45|s8|s94,3,0.0351901416,0.0198583148,7.1421,0.0,-11.6378,36,44.4444,0.091432,13,0.3611,-48623.06,-4.8623,30.7692,-0.292,-3.7964,9,0.25,155089.98,15.509,66.6667,1.6841,15.1566,14,0.3889,53867.95,5.3868,42.8571,0.3734,5.2274
35460ca9,bull,s42|s93|s78,3,0.0503078878,0.0083532385,14.2862,0.0,-10.335,48,22.9167,0.091094,25,0.5208,76164.23,7.6164,20.0,0.3379,8.4475,6,0.125,69109.35,6.9109,33.3333,1.12,6.7203,17,0.3542,105525.8,10.5526,23.5294,0.5449,9.2639
04b232d1,bull,s33|s78|s41|s12,4,0.0361446094,0.010592764,8.9652,0.0,-11.8746,73,30.137,0.090648,34,0.4658,102464.96,10.2465,29.4118,0.3154,10.722,13,0.1781,98943.79,9.8944,38.4615,0.7383,9.5981,26,0.3562,54495.04,5.4495,26.9231,0.199,5.175
4d1c5c28,bull,s3|s41|s78|s91,4,0.0463512506,0.0095578059,11.6818,0.0,-10.4269,52,25.0,0.090446,28,0.5385,114499.25,11.4499,25.0,0.4419,12.3745,11,0.2115,10459.78,1.046,18.1818,0.0607,0.6682,13,0.25,99707.41,9.9707,30.7692,0.7645,9.9385
725cc8d4,bull,s44|s14|s34|s78,4,0.0440075107,0.0133784002,9.8904,0.0,-12.9955,67,29.8507,0.090127,34,0.5075,-1728.1,-0.1728,23.5294,0.0124,0.4222,11,0.1642,77685.06,7.7685,36.3636,0.7489,8.2381,22,0.3284,161176.18,16.1176,36.3636,0.7489,16.4762
da883dc6,bull,s78|s58,2,0.0367323089,0.0118534451,9.9486,0.0,-8.1214,38,34.2105,0.089727,20,0.5263,49701.26,4.9701,30.0,0.2722,5.4446,5,0.1316,138379.44,13.8379,80.0,2.7015,13.5076,13,0.3421,-9044.83,-0.9045,23.0769,-0.0641,-0.8338
521ed10a,bear,s67|s89|s18|s52,4,0.036966895,0.0175002599,8.0422,0.0,-13.8553,40,40.0,0.088482,22,0.55,-80165.02,-8.0165,27.2727,-0.2646,-5.8203,8,0.2,74519.47,7.4519,50.0,0.9733,7.7867,10,0.25,172686.66,17.2687,60.0,1.518,15.18
ca17f9bb,bear,s16|s99|s100,3,0.0387016158,0.0159716357,7.0271,0.0,-15.518,59,35.5932,0.088334,19,0.322,75210.86,7.5211,36.8421,0.4171,7.9252,10,0.1695,59935.47,5.9935,40.0,0.5898,5.8977,30,0.5085,64872.08,6.4872,33.3333,0.2253,6.7583
2c6b38d8,bear,s99|s17|s28,3,0.0303332179,0.0080440755,9.9979,0.0,-13.6287,81,29.6296,0.087994,27,0.3333,127377.37,12.7377,33.3333,0.4748,12.8206,22,0.2716,12153.75,1.2154,22.7273,0.0678,1.4917,32,0.3951,129779.4,12.9779,31.25,0.3949,12.6363
e0fececc,bear,s20|s71|s49,3,0.0508840073,0.0157798474,26.1415,0.0,-6.9233,20,45.0,0.087518,11,0.55,175108.35,17.5108,45.4545,1.4522,15.9741,2,0.1,31440.34,3.144,50.0,1.7552,3.5104,7,0.35,99119.53,9.912,42.8571,1.279,8.9533
59045c1a,bear,s100|s52|s26,3,0.0491830963,0.0194783563,17.3263,0.0,-10.286,27,40.7407,0.086761,15,0.5556,115152.4,11.5152,40.0,0.7986,11.9793,4,0.1481,66290.82,6.6291,50.0,1.4852,5.9409,8,0.2963,52455.03,5.2455,37.5,0.627,5.0158
b15c66ab,bull,s34|s54|s27,3,0.0435678739,0.0181527083,10.7173,0.0,-20.7797,88,35.2273,0.086212,33,0.375,10373.08,1.0373,30.303,0.055,1.8166,23,0.2614,68258.67,6.8259,34.7826,0.3315,7.6252,32,0.3636,205301.24,20.5301,40.625,0.6921,22.1481
7fff6b30,bull,s43|s47|s21|s14,4,0.0684537074,0.0167234997,27.8134,0.0,-9.7219,23,34.7826,0.08576,13,0.5652,213502.14,21.3502,38.4615,1.6037,20.8481,1,0.0435,-17614.27,-1.7614,0.0,-1.6723,-1.6723,9,0.3913,114758.03,11.4758,33.3333,1.1669,10.502
22c0f470,bear,s52|s85|s28,3,0.0236358168,0.0121157488,1.0151,0.0,-13.1753,87,40.2299,0.085224,43,0.4943,115864.51,11.5865,41.8605,0.285,12.2551,20,0.2299,3928.68,0.3929,35.0,0.0397,0.7946,24,0.2759,62027.73,6.2028,41.6667,0.2781,6.6738
929bc859,bull,s2|s78|s47|s69,4,0.0236101513,0.0118713159,10.8112,0.0,-5.4241,23,52.1739,0.084407,12,0.5217,36996.06,3.6996,41.6667,0.2913,3.4952,6,0.2609,108355.86,10.8356,83.3333,1.7697,10.6179,5,0.2174,12149.12,1.2149,40.0,0.2321,1.1606
e6760cb4,bull,s95|s38|s64,3,0.0317392049,0.0183876494,2.374,0.0,-17.2167,57,42.1053,0.084162,27,0.4737,-53110.81,-5.3111,33.3333,-0.1679,-4.5325,12,0.2105,-17485.77,-1.7486,33.3333,-0.1679,-2.0144,18,0.3158,204553.36,20.4553,61.1111,1.2245,22.0418
e7217bad,bear,s52|s76|s99|s28,4,0.0323816385,0.0140472084,6.5217,0.0,-8.8321,36,38.8889,0.083705,14,0.3889,79758.86,7.9759,42.8571,0.5851,8.1912,7,0.1944,40354.93,4.0355,42.8571,0.5851,4.0956,15,0.4167,18863.71,1.8864,33.3333,0.1429,2.1436
403b7934,bear,s90|s99|s26,3,0.0469587187,0.0180831083,10.3517,0.0,-20.1452,49,34.6939,0.083352,16,0.3265,-55639.95,-5.564,25.0,-0.1823,-2.9162,14,0.2857,67475.18,6.7475,35.7143,0.5146,7.2046,19,0.3878,207744.18,20.7744,42.1053,0.9303,17.6756
cb5a3c75,bull,s14|s78|s26,3,0.0429514242,0.019266285,7.2063,0.0,-12.6555,39,38.4615,0.08287,21,0.5385,18918.44,1.8918,33.3333,0.1473,3.0932,5,0.1282,155039.35,15.5039,80.0,3.0508,15.2539,13,0.3333,-3942.03,-0.3942,30.7692,-0.0122,-0.1591
26ccf77b,bear,s72|s89|s81,3,0.0499444387,0.013208726,12.4866,0.0,-15.1637,47,27.6596,0.082188,16,0.3404,39584.58,3.9585,25.0,0.258,4.1273,13,0.2766,11419.44,1.1419,23.0769,0.1365,1.7746,18,0.383,136512.3,13.6512,33.3333,0.7842,14.1162
1c2c53b3,bear,s25|s99|s13|s101,4,0.0559145844,0.0195942525,12.2005,0.0,-14.5224,39,33.3333,0.082083,9,0.2308,117640.68,11.7641,44.4444,1.3965,12.5687,6,0.1538,30995.81,3.0996,33.3333,0.5575,3.3452,24,0.6154,62204.79,6.2205,29.1667,0.2429,5.83
12b6e4e3,bull,s78|s32|s26,3,0.0732173168,0.008319593,21.0093,0.0,-9.1213,35,20.0,0.081671,19,0.5429,85323.34,8.5323,15.7895,0.4555,8.6538,4,0.1143,131332.27,13.1332,50.0,3.2449,12.9795,12,0.3429,69804.65,6.9805,16.6667,0.527,6.3239
e7f267fa,bear,s25|s66|s18|s99,4,0.0358281269,0.0160924084,3.6829,0.0,-12.3727,46,36.9565,0.081404,8,0.1739,78494.92,7.8495,50.0,0.9868,7.8943,11,0.2391,-25376.75,-2.5377,27.2727,-0.1932,-2.1255,27,0.587,79663.54,7.9664,37.037,0.3137,8.471
945dfc85,bear,s97|s17|s37,3,0.0281792023,0.01352045,0.6224,0.0,-11.7623,50,38.0,0.081203,22,0.44,33640.88,3.3641,36.3636,0.1643,3.6147,10,0.2,28000.43,2.8,40.0,0.3159,3.1594,18,0.36,43605.02,4.3605,38.8889,0.2696,4.8529
df4faf56,bear,s89|s52|s76,3,0.058773269,0.0167776986,14.1022,0.0,-15.1753,40,30.0,0.080706,20,0.5,-56821.11,-5.6821,20.0,-0.1668,-3.335,10,0.25,37875.6,3.7876,30.0,0.5888,5.8876,10,0.25,251336.14,25.1336,50.0,2.0998,20.9978
f461310d,bear,s98|s17|s77,3,0.0289284411,0.0161836134,2.1736,0.0,-9.6848,38,42.1053,0.080526,14,0.3684,130837.65,13.0838,57.1429,0.9595,13.4326,10,0.2632,-26922.37,-2.6922,30.0,-0.265,-2.65,14,0.3684,-5897.97,-0.5898,35.7143,-0.0072,-0.101
13f34aa5,bear,s17|s52|s98,3,0.061118025,0.0189723517,18.0051,0.0,-17.1515,33,33.3333,0.079573,14,0.4242,132004.07,13.2004,35.7143,0.9631,13.4839,8,0.2424,-88398.62,-8.8399,12.5,-0.8961,-7.1688,11,0.3333,206360.52,20.6361,45.4545,1.7432,19.1756
dc6403f5,bear,s51|s101|s28,3,0.0364986104,0.0161676749,5.4639,0.0,-9.2932,37,37.8378,0.079542,16,0.4324,101704.36,10.1704,43.75,0.6874,10.9981,10,0.2703,-5634.41,-0.5634,30.0,-0.0368,-0.3678,11,0.2973,31225.74,3.1226,36.3636,0.2984,3.2821
509bc3dd,bear,s67|s28|s27,3,0.0376805597,0.0148902685,5.1263,0.0,-13.0618,46,34.7826,0.078814,25,0.5435,-15857.33,-1.5857,28.0,-0.017,-0.4261,9,0.1957,20245.59,2.0246,33.3333,0.2633,2.37,12,0.2609,138476.3,13.8476,50.0,1.1395,13.6742
27a09c7e,bear,s89|s19|s99,3,0.0604861815,0.0160440281,13.4914,0.0,-18.9084,59,27.1186,0.078596,15,0.2542,45795.54,4.5796,26.6667,0.4364,6.546,14,0.2373,-91884.5,-9.1885,14.2857,-0.5111,-7.1556,30,0.5085,322157.16,32.2157,33.3333,0.9466,28.3981
146ed9bd,bear,s85|s61|s49|s18,4,0.037147735,0.0143113555,25.6948,0.0,-5.4106,14,64.2857,0.078233,4,0.2857,103757.54,10.3758,75.0,2.4283,9.7132,5,0.3571,155136.28,15.5136,80.0,2.6856,13.428,5,0.3571,29312.34,2.9312,40.0,0.6272,3.1361
243bbe0c,bear,s72|s57,2,0.0311097443,0.008877268,10.1816,0.0,-7.1589,31,35.4839,0.077935,9,0.2903,867.84,0.0868,22.2222,0.0009,0.0079,10,0.3226,72294.17,7.2294,40.0,0.7118,7.1175,12,0.3871,90535.14,9.0535,41.6667,0.7784,9.3408
df64d042,bull,s40|s59|s27,3,0.0237035733,0.0089358132,2.5369,0.0,-8.3155,42,35.7143,0.077569,14,0.3333,36921.0,3.6921,35.7143,0.2721,3.8096,11,0.2619,-1524.02,-0.1524,27.2727,-0.0034,-0.0376,17,0.4048,76199.04,7.6199,41.1765,0.4504,7.6567
0e39e6a8,bull,s88|s82|s26,3,0.0604439179,0.0122032354,18.9286,0.0,-22.7019,78,23.0769,0.076839,28,0.359,19846.98,1.9847,17.8571,0.0769,2.1545,18,0.2308,-827.77,-0.0828,16.6667,-0.0095,-0.1717,32,0.4103,318837.37,31.8837,31.25,1.0499,33.5968
5ee22bc6,bear,s37|s90|s77|s67,4,0.0441843951,0.0089555069,9.2344,0.0,-10.6734,49,24.4898,0.076819,16,0.3265,-95820.62,-9.5821,6.25,-0.5634,-9.0148,9,0.1837,78604.19,7.8604,33.3333,0.8758,7.882,24,0.4898,214290.7,21.4291,33.3333,0.8758,21.0187
1df76d74,bear,s99|s71|s90,3,0.0548987432,0.008659941,16.6229,0.0,-17.4927,67,20.8955,0.0767,25,0.3731,26751.65,2.6752,16.0,0.1509,3.7736,20,0.2985,72430.03,7.243,20.0,0.4052,8.1036,22,0.3284,233797.26,23.3797,27.2727,0.8674,19.0833
eef2ab27,bull,s47|s95|s91,3,0.0417677241,0.0158227679,14.7858,0.0,-8.3067,24,41.6667,0.076427,9,0.375,25946.14,2.5946,33.3333,0.3374,3.0367,4,0.1667,-10490.78,-1.0491,25.0,-0.1425,-0.5701,11,0.4583,182437.65,18.2438,54.5455,1.559,17.1493
856cebc0,bear,s16|s57|s100|s99|s49,5,0.0223881635,0.0119960902,6.0785,0.0,-5.2655,25,48.0,0.076259,5,0.2,42717.5,4.2718,60.0,0.8634,4.3172,10,0.4,53090.7,5.3091,50.0,0.5196,5.196,10,0.4,16753.83,1.6754,40.0,0.1758,1.7576
3721a213,bull,s78|s8,2,0.0648107712,0.0128504041,17.3464,0.0,-16.4848,40,25.0,0.075945,19,0.475,137088.62,13.7089,26.3158,0.7587,14.4148,6,0.15,81490.33,8.149,33.3333,1.3037,7.822,15,0.375,50893.69,5.0894,20.0,0.2682,4.0227
f3ec7857,bear,s80|s72,2,0.0458199627,0.0122803824,10.252,0.0,-12.14,41,29.2683,0.075762,13,0.3171,190155.92,19.0156,46.1538,1.4535,18.8957,10,0.2439,-71416.99,-7.1417,10.0,-0.647,-6.4703,18,0.439,71185.26,7.1185,27.7778,0.3859,6.9455
ebc18f36,bull,s14|s34|s40,3,0.0499165468,0.01344881,12.4602,0.0,-18.2468,93,26.8817,0.075745,40,0.4301,29457.98,2.9458,22.5,0.0808,3.2336,19,0.2043,-12833.49,-1.2833,21.0526,-0.0109,-0.2066,34,0.3656,289520.03,28.952,35.2941,0.8915,30.3125
b830ab7d,bear,s51|s72|s16|s99,4,0.0424694901,0.0183295071,2.0276,0.0,-8.4005,43,34.8837,0.075302,12,0.2791,78839.27,7.8839,41.6667,0.7003,8.4041,7,0.1628,-9662.63,-0.9663,28.5714,-0.0958,-0.6709,24,0.5581,38884.7,3.8885,33.3333,0.1937,4.6484
c2c7de84,bear,s28|s67|s90|s18,4,0.067242392,0.0120515885,18.9201,0.0,-22.4143,50,22.0,0.074438,21,0.42,215027.25,21.5027,28.5714,1.0604,22.2681,16,0.32,-121251.27,-12.1251,6.25,-0.7096,-11.3531,13,0.26,165773.88,16.5774,30.7692,1.2347,16.0505
cd207169,bear,s28|s86|s90|s18|s100,5,0.0450320591,0.0147772056,10.258,0.0,-19.7526,78,30.7692,0.074082,34,0.4359,153278.71,15.3279,32.3529,0.4573,15.5477,19,0.2436,9234.37,0.9234,26.3158,0.0962,1.8279,25,0.3205,115345.21,11.5345,32.0,0.4362,10.9044
39fa2b5d,bear,s101|s97|s57,3,0.0323411412,0.0106240493,10.5362,0.0,-9.514,29,37.931,0.07389,11,0.3793,52979.61,5.298,36.3636,0.5,5.4996,9,0.3103,78113.14,7.8113,44.4444,0.8472,7.6244,9,0.3103,32190.32,3.219,33.3333,0.3698,3.3279
c36de51e,bear,s90|s99,2,0.0733997473,0.0184047902,21.5238,0.0,-21.919,34,29.4118,0.07383,12,0.3529,-74394.37,-7.4394,16.6667,-0.3104,-3.7248,11,0.3235,171231.77,17.1232,36.3636,1.4979,16.4765,11,0.3235,203759.55,20.376,36.3636,1.4979,16.4765
0ceef546,bear,s18|s90|s67,3,0.0440892589,0.016635612,11.0142,0.0,-23.0944,100,33.0,0.073774,34,0.34,144478.33,14.4478,35.2941,0.4797,16.3088,27,0.27,-33479.61,-3.348,25.9259,-0.0892,-2.4087,39,0.39,219476.17,21.9476,35.8974,0.5163,20.1359
42d2eca7,bull,s94|s34|s26,3,0.0489103158,0.0116666434,14.89,0.0,-16.6975,38,28.9474,0.073195,20,0.5263,67006.36,6.7006,25.0,0.3478,6.9552,8,0.2105,91479.02,9.1479,37.5,1.105,8.8398,10,0.2632,62849.43,6.2849,30.0,0.6506,6.5064
0eb37bfa,bear,s72|s57|s66,3,0.0223036443,0.0141020197,2.1973,0.0,-9.0644,30,46.6667,0.072958,8,0.2667,30666.61,3.0667,50.0,0.4101,3.2806,10,0.3333,39933.86,3.9934,50.0,0.4101,4.1008,12,0.4,10860.69,1.0861,41.6667,0.1067,1.2804
f2327a15,bull,s70|s95|s26,3,0.0386674185,0.0181371943,9.502,0.0,-8.3072,26,42.3077,0.072805,11,0.4231,84159.67,8.416,45.4545,0.7683,8.4514,6,0.2308,-57188.4,-5.7188,16.6667,-0.867,-5.2019,9,0.3462,122469.56,12.247,55.5556,1.3421,12.0788
61e74afe,bear,s28|s71|s99,3,0.0421694526,0.0154444776,9.3838,0.0,-14.9493,37,35.1351,0.072589,13,0.3514,24599.72,2.46,30.7692,0.2283,2.9678,7,0.1892,5453.28,0.5453,28.5714,0.1017,0.7117,17,0.4595,140682.93,14.0683,41.1765,0.8279,14.0741
03edfa23,bull,s40|s43,2,0.0499547276,0.0087825251,10.4663,0.0,-9.2793,44,22.7273,0.072344,19,0.4318,5762.42,0.5762,15.7895,0.0492,0.9344,8,0.1818,-16516.81,-1.6517,12.5,-0.144,-1.1523,17,0.3864,204051.19,20.4051,35.2941,1.1948,20.3121
c434f73b,bull,s78|s70|s55,3,0.0425787562,0.0106909039,7.5487,0.0,-12.8177,56,26.7857,0.072099,27,0.4821,-39347.99,-3.9348,18.5185,-0.0826,-2.2306,10,0.1786,167200.83,16.7201,50.0,1.5944,15.9439,19,0.3393,65264.7,6.5265,26.3158,0.3327,6.3221
7cf14686,bull,s36|s87|s95,3,0.0502175678,0.0089826954,15.5443,0.0,-6.9744,29,27.5862,0.071927,18,0.6207,132576.5,13.2576,27.7778,0.7462,13.4313,2,0.069,-19369.56,-1.937,0.0,-0.8983,-1.7965,9,0.3103,104696.2,10.4696,33.3333,1.0751,9.6757
91e3cfc3,bull,s63|s38|s91,3,0.0752533987,0.0184425001,30.6209,0.0,-13.5568,18,38.8889,0.071453,9,0.5,8667.34,0.8667,22.2222,0.2379,2.1409,1,0.0556,-18363.01,-1.8363,0.0,-1.8443,-1.8443,8,0.4444,353573.05,35.3573,62.5,4.0117,32.0939
94c3e972,bear,s17|s77|s26,3,0.0405303804,0.0114932616,7.2966,0.0,-12.3967,44,29.5455,0.070957,18,0.4091,49613.43,4.9613,27.7778,0.2958,5.324,10,0.2273,37810.28,3.781,30.0,0.4114,4.1138,16,0.3636,74507.14,7.4507,31.25,0.4764,7.6226
9a5b8991,bear,s13|s52|s71,3,0.0615991142,0.0182960917,8.2883,0.0,-11.5744,42,28.5714,0.070681,11,0.2619,114922.47,11.4922,36.3636,1.0757,11.8324,7,0.1667,-131957.02,-13.1957,0.0,-1.8296,-12.8073,24,0.5714,185757.29,18.5757,33.3333,0.8336,20.0055
f4125983,bull,s95|s39|s87,3,0.0290527307,0.0119951327,3.9058,0.0,-5.9739,32,37.5,0.070529,14,0.4375,35208.54,3.5209,35.7143,0.2665,3.7307,8,0.25,-15124.08,-1.5124,25.0,-0.1733,-1.3865,10,0.3125,84232.64,8.4233,50.0,0.8529,8.5288
bb54a417,bull,s34|s21,2,0.0460215877,0.0177361585,7.0685,0.0,-15.1894,40,35.0,0.070165,18,0.45,58180.83,5.8181,33.3333,0.3516,6.3296,10,0.25,-58380.69,-5.8381,20.0,-0.4985,-4.9846,12,0.3,170965.44,17.0965,50.0,1.4143,16.9713
92079054,bull,s84|s88|s27,3,0.0444336776,0.0143028844,9.7771,0.0,-19.8667,103,30.0971,0.0698,36,0.3495,128273.03,12.8273,30.5556,0.3644,13.1198,31,0.301,85097.51,8.5098,29.0323,0.275,8.524,36,0.3495,123301.02,12.3301,30.5556,0.3644,13.1198
3234fb5f,bear,s85|s18|s37|s25|s49,5,0.0488334636,0.0182630193,9.0899,0.0,-22.2242,54,33.3333,0.069687,20,0.3704,91308.57,9.1309,35.0,0.5221,10.4415,11,0.2037,-58102.08,-5.8102,18.1818,-0.6064,-6.67,23,0.4259,156648.15,15.6648,39.1304,0.7992,18.3819
34176afb,bull,s88|s14,2,0.0282255454,0.0125248913,5.1808,0.0,-5.0538,27,40.7407,0.069003,14,0.5185,67320.21,6.732,42.8571,0.494,6.9154,5,0.1852,18159.16,1.8159,40.0,0.3775,1.8876,8,0.2963,21061.63,2.1062,37.5,0.2757,2.2052
d49e9302,bull,s47|s30|s3,3,0.0288181159,0.0179333214,-2.1616,0.0,-16.4347,52,42.3077,0.068973,26,0.5,36714.62,3.6715,42.3077,0.1846,4.7999,11,0.2115,-10134.82,-1.0135,36.3636,-0.0933,-1.0261,15,0.2885,50151.23,5.0151,46.6667,0.3884,5.826
866d4e33,bull,s9|s83|s21,3,0.0333536187,0.0164008723,-1.3959,0.0,-12.2198,54,37.037,0.068868,23,0.4259,-33913.17,-3.3913,30.4348,-0.1258,-2.8939,11,0.2037,63604.6,6.3605,45.4545,0.6215,6.8363,20,0.3704,63030.37,6.303,40.0,0.3501,7.0018
32fc8380,bull,s9|s78,2,0.0333786731,0.0154281682,1.5375,0.0,-14.2019,46,36.9565,0.068461,21,0.4565,-92488.36,-9.2488,23.8095,-0.3807,-7.9957,7,0.1522,195426.38,19.5426,85.7143,2.6406,18.4844,18,0.3913,10798.29,1.0798,33.3333,0.0841,1.5134
31a048c2,bull,s55|s48|s5,3,0.0276549883,0.0158077479,3.4937,0.0,-7.2238,27,44.4444,0.067844,15,0.5556,-25606.37,-2.5606,33.3333,-0.132,-1.9803,7,0.2593,108539.34,10.8539,71.4286,1.5237,10.6659,5,0.1852,7571.72,0.7572,40.0,0.1577,0.7887
7566c16e,bull,s78|s45|s41|s36,4,0.0571259569,0.0173184965,6.0275,0.0,-9.715,42,28.5714,0.067771,21,0.5,65507.59,6.5508,28.5714,0.3951,8.2978,5,0.119,63789.74,6.379,40.0,1.2459,6.2296,16,0.381,20190.86,2.0191,25.0,0.1293,2.0682
da7026e5,bear,s29|s85|s37,3,0.0444710906,0.0197487444,13.8977,0.0,-13.0952,23,43.4783,0.0675,10,0.4348,119464.47,11.9464,50.0,1.2361,12.3612,7,0.3043,-64912.46,-6.4912,14.2857,-1.0574,-7.4021,6,0.2609,128748.69,12.8749,66.6667,2.3064,13.8387
89bf3883,bear,s50|s28|s90,3,0.0618252291,0.011923717,15.0638,0.0,-19.8908,59,22.0339,0.066685,25,0.4237,213607.09,21.3607,28.0,0.8726,21.815,18,0.3051,-78391.49,-7.8391,11.1111,-0.3729,-6.7129,16,0.2712,107700.37,10.77,25.0,0.6514,10.4216
be23dca7,bull,s55|s42|s68,3,0.0467414174,0.0179865774,12.1212,0.0,-11.9598,26,38.4615,0.066555,12,0.4615,-30186.28,-3.0186,25.0,-0.1805,-2.1655,4,0.1538,52856.42,5.2856,50.0,1.4377,5.751,10,0.3846,154956.04,15.4956,50.0,1.4377,14.3774
62ffce72,bear,s23|s99|s89,3,0.0377250672,0.0129602402,9.9465,0.0,-9.3364,27,37.037,0.066359,13,0.4815,29800.25,2.98,30.7692,0.2635,3.4258,7,0.2593,6275.94,0.6276,28.5714,0.1521,1.0649,7,0.2593,122655.21,12.2655,57.1429,1.6003,11.202
2337a03a,bull,s12|s88|s40,3,0.053337896,0.0110717995,11.0424,0.0,-9.0168,36,25.0,0.066326,17,0.4722,68234.23,6.8234,23.5294,0.4083,6.9418,9,0.25,21217.11,2.1217,22.2222,0.3241,2.9173,10,0.2778,81057.29,8.1057,30.0,0.8251,8.2511
590cf3da,bear,s28|s18|s26,3,0.0717182673,0.0170356927,13.6073,0.0,-20.2104,49,24.4898,0.065922,19,0.3878,104239.91,10.424,26.3158,0.6321,12.0092,11,0.2245,-8023.42,-0.8023,18.1818,-0.0899,-0.9885,19,0.3878,111358.5,11.1358,26.3158,0.6321,12.0092
0589ccbf,bear,s99|s23|s28,3,0.037275315,0.0112198251,7.2588,0.0,-12.3476,38,31.5789,0.065914,14,0.3684,79419.97,7.942,35.7143,0.61,8.5398,9,0.2368,-4066.8,-0.4067,22.2222,-0.0443,-0.3988,15,0.3947,73433.8,7.3434,33.3333,0.4945,7.4178
fe188c3c,bull,s40|s35|s26,3,0.0356698763,0.0129303799,8.2245,0.0,-7.2821,26,38.4615,0.065747,14,0.5385,112832.17,11.2832,42.8571,0.7898,11.0576,5,0.1923,33056.95,3.3057,40.0,0.651,3.2549,7,0.2692,3284.84,0.3285,28.5714,0.0955,0.6688
158d6a81,bear,s100|s23|s52,3,0.051608666,0.0129510049,15.7616,0.0,-8.8089,24,33.3333,0.065577,12,0.5,99293.9,9.9294,33.3333,0.8569,10.2827,6,0.25,56623.01,5.6623,33.3333,0.8569,5.1413,6,0.25,54766.44,5.4766,33.3333,0.8569,5.1413
29cd1e9a,bear,s28|s90|s26,3,0.0342983826,0.0177307969,0.6238,0.0,-17.3026,49,38.7755,0.065576,22,0.449,-35330.11,-3.533,31.8182,-0.1176,-2.5873,13,0.2653,25519.52,2.552,38.4615,0.228,2.9646,14,0.2857,112365.07,11.2365,50.0,0.8284,11.5973
10aa608a,bear,s52|s99|s90|s66,4,0.0611373928,0.0152927825,15.4471,0.0,-21.1155,39,28.2051,0.064785,13,0.3333,-78091.29,-7.8091,15.3846,-0.3534,-4.5946,13,0.3333,104200.2,10.42,30.7692,0.8224,10.6915,13,0.3333,224148.35,22.4148,38.4615,1.4103,18.3345
43aff558,bear,s28|s22|s27,3,0.0688597367,0.0147061771,10.1138,0.0,-14.0999,59,22.0339,0.064257,20,0.339,182596.11,18.2596,30.0,1.0364,20.7272,14,0.2373,-120839.83,-12.084,7.1429,-0.8737,-12.2321,25,0.4237,124574.87,12.4575,24.0,0.535,13.3741
4367f311,bull,s47|s78|s84,3,0.0222250496,0.0132745975,1.4041,0.0,-9.7803,29,44.8276,0.06424,17,0.5862,18707.64,1.8708,41.1765,0.1343,2.2829,2,0.069,45265.02,4.5265,100.0,2.2225,4.445,10,0.3448,9860.15,0.986,40.0,0.0925,0.9253
7796e580,bear,s86|s101|s13|s80,4,0.0374178595,0.0185746042,5.1576,0.0,-8.0793,27,40.7407,0.064052,11,0.4074,247597.14,24.7597,72.7273,2.2147,24.3619,8,0.2963,-100864.81,-10.0865,12.5,-1.1576,-9.2604,8,0.2963,-38578.36,-3.8578,25.0,-0.4576,-3.6612
84deb625,bear,s76|s72|s52,3,0.073705268,0.0175487788,11.7824,0.0,-17.9131,68,23.5294,0.063979,18,0.2647,121831.62,12.1832,27.7778,0.78,14.0392,12,0.1765,-142294.19,-14.2294,8.3333,-0.9944,-11.9331,38,0.5588,255010.71,25.5011,26.3158,0.6465,24.5687
343770bc,bull,s7|s83|s21|s87|s74,5,0.0227998053,0.0121578553,-0.4942,0.0,-11.1909,37,40.5405,0.063693,22,0.5946,9239.87,0.924,36.3636,0.0554,1.2188,6,0.1622,34251.08,3.4251,50.0,0.5321,3.1926,9,0.2432,29917.43,2.9917,44.4444,0.3379,3.041
b8dfaefe,bear,s28|s99|s50,3,0.0535256751,0.0136891051,9.064,0.0,-17.2816,53,26.4151,0.063657,15,0.283,199700.81,19.9701,40.0,1.3197,19.7952,9,0.1698,6870.4,0.687,22.2222,0.1248,1.1228,29,0.5472,-1580.51,-0.1581,20.6897,0.0217,0.6305
0484928a,bear,s18|s23|s90,3,0.0514292371,0.0193376031,9.749,0.0,-23.972,78,32.0513,0.063234,27,0.3462,18028.24,1.8028,29.6296,0.163,4.4019,20,0.2564,-49531.14,-4.9531,25.0,-0.1646,-3.2918,31,0.3974,266490.96,26.6491,38.7097,0.8056,24.9736
7a40957c,bull,s45|s35|s65|s30,4,0.0286176664,0.0187927323,-5.1732,0.0,-13.255,47,42.5532,0.06317,20,0.4255,41132.3,4.1132,45.0,0.2542,5.0839,9,0.1915,17925.01,1.7925,44.4444,0.2279,2.0507,18,0.383,-8929.55,-0.893,38.8889,-0.0355,-0.6396
e51859f5,bear,s77|s17|s66,3,0.0344456935,0.0128988809,2.5194,0.0,-9.7516,39,33.3333,0.063042,14,0.359,99484.47,9.9484,42.8571,0.7392,10.3483,10,0.2564,10936.68,1.0937,30.0,0.1304,1.3045,15,0.3846,-7287.14,-0.7287,26.6667,-0.0274,-0.4105
cba889a5,bull,s87|s41,2,0.0232249986,0.0108689335,3.7306,0.0,-7.118,26,42.3077,0.062656,15,0.5769,38831.18,3.8831,40.0,0.2769,4.153,3,0.1154,678.16,0.0678,33.3333,0.0496,0.1487,8,0.3077,51857.64,5.1858,50.0,0.6178,4.9424
1970844a,bull,s94|s78|s26,3,0.043071813,0.0138967896,13.8164,0.0,-6.2934,20,40.0,0.062554,10,0.5,22410.92,2.2411,30.0,0.3194,3.1938,5,0.25,109520.91,10.9521,60.0,2.0284,10.1422,5,0.25,50173.71,5.0174,40.0,0.8891,4.4453
16052b21,bull,s4|s47|s26,3,0.0350029203,0.0104192541,12.9768,0.0,-4.867,19,42.1053,0.062176,12,0.6316,56062.17,5.6062,33.3333,0.4721,5.6658,1,0.0526,-11585.27,-1.1585,0.0,-1.0419,-1.0419,6,0.3158,125824.75,12.5825,66.6667,1.9862,11.9173
02622887,bear,s99|s86|s72|s57|s49,5,0.0315881048,0.0121550811,1.1141,0.0,-14.1766,51,33.3333,0.061926,15,0.2941,78307.92,7.8308,40.0,0.5342,8.0133,21,0.4118,4286.78,0.4287,28.5714,0.0343,0.7202,15,0.2941,38192.98,3.8193,33.3333,0.2426,3.639
c0222791,bear,s72|s89|s98,3,0.0359522672,0.0146177798,8.6076,0.0,-10.3453,25,40.0,0.061697,13,0.52,9011.34,0.9011,30.7692,0.0942,1.2249,5,0.2,77214.93,7.7215,60.0,1.5724,7.8621,7,0.28,51170.9,5.1171,42.8571,0.7055,4.9386
ff7123dc,bear,s99|s19,2,0.0485356702,0.0149905639,5.5734,0.0,-15.2988,48,29.1667,0.061341,8,0.1667,138725.24,13.8725,50.0,1.6773,13.418,11,0.2292,-110870.18,-11.087,9.0909,-0.9215,-10.137,29,0.6042,131599.35,13.1599,31.0345,0.4724,13.701
c0a5352b,bear,s97|s18|s89,3,0.0661790854,0.0138670513,13.4607,0.0,-17.5888,41,24.3902,0.060883,22,0.5366,-11191.72,-1.1192,18.1818,0.0687,1.5109,8,0.1951,38845.97,3.8846,25.0,0.6144,4.9156,11,0.2683,198406.76,19.8407,36.3636,1.5241,16.7647
7eb02992,bull,s38|s78|s40,3,0.0292146986,0.011153285,5.8131,0.0,-7.6228,26,38.4615,0.0602,14,0.5385,42913.03,4.2913,35.7143,0.3264,4.5694,4,0.1538,-7107.7,-0.7108,25.0,-0.1061,-0.4245,8,0.3077,75627.42,7.5627,50.0,0.9031,7.2246
ee6435d5,bear,s80|s76|s86,3,0.0328018341,0.0150427303,8.7611,0.0,-6.6437,20,45.0,0.060045,10,0.5,140233.36,14.0233,60.0,1.3664,13.664,7,0.35,-13262.51,-1.3263,28.5714,-0.1373,-0.961,3,0.15,2789.2,0.2789,33.3333,0.0905,0.2716
3bf1a356,bull,s64|s47,2,0.0209466681,0.0116904242,3.6604,0.0,-4.8832,21,47.619,0.059997,9,0.4286,-42031.07,-4.2031,22.2222,-0.4438,-3.994,3,0.1429,-3346.14,-0.3346,33.3333,-0.0811,-0.2434,9,0.4286,124630.96,12.4631,77.7778,1.3694,12.3246
5809a50c,bull,s78|s30|s40|s64,4,0.0731475192,0.0105221095,20.5974,0.0,-11.5901,25,24.0,0.05981,10,0.4,139177.04,13.9177,30.0,1.4579,14.5788,4,0.16,-47841.17,-4.7841,0.0,-1.0522,-4.2088,11,0.44,153394.98,15.3395,27.2727,1.2297,13.5266
fccc474e,bull,s47|s63|s70|s4,4,0.053955367,0.0159708433,21.039,0.0,-9.5146,16,43.75,0.059796,9,0.5625,-19947.07,-1.9947,22.2222,-0.0432,-0.3885,1,0.0625,62254.22,6.2254,100.0,5.3955,5.3955,6,0.375,203762.96,20.3763,66.6667,3.0647,18.388
c910ed88,bear,s99|s51|s57|s72,4,0.0373845613,0.0111279245,11.2295,0.0,-5.6405,21,38.0952,0.059758,6,0.2857,132631.5,13.2631,66.6667,2.1214,12.7282,7,0.3333,-32710.1,-3.271,14.2857,-0.4198,-2.9383,8,0.381,55882.32,5.5882,37.5,0.7064,5.6514
798d02c1,bear,s71|s101|s26,3,0.045283086,0.0099399509,16.4738,0.0,-6.5187,19,36.8421,0.059609,13,0.6842,92997.65,9.2998,30.7692,0.7052,9.1673,1,0.0526,-11846.72,-1.1847,0.0,-0.994,-0.994,5,0.2632,123895.69,12.3896,60.0,2.3194,11.5969
19e2eadb,bull,s47|s88|s12,3,0.0594324106,0.0103008665,26.2225,0.0,-9.0717,15,40.0,0.059302,7,0.4667,143536.69,14.3537,42.8571,1.9585,13.7094,5,0.3333,18639.59,1.864,20.0,0.3646,1.8229,3,0.2,122279.74,12.228,66.6667,3.6188,10.8564
5b340000,bull,s15|s42|s34|s91,4,0.0281097481,0.0113991881,0.1762,0.0,-14.9192,93,34.4086,0.059173,38,0.4086,-2689.51,-0.269,28.9474,0.0038,0.1429,19,0.2043,56279.45,5.6279,36.8421,0.3157,5.9978,36,0.3871,141251.81,14.1252,38.8889,0.3965,14.2754
1dcf402b,bear,s89|s52,2,0.0340431955,0.0165163624,0.5951,0.0,-13.7838,40,37.5,0.058823,22,0.55,-72517.29,-7.2517,27.2727,-0.2727,-6.0003,8,0.2,67785.37,6.7785,50.0,0.8763,7.0107,10,0.25,93941.16,9.3941,50.0,0.8763,8.7634
b3c0a3cd,bull,s96|s78|s26,3,0.0215084992,0.0105071323,-4.7923,0.0,-8.9513,47,36.1702,0.058738,24,0.5106,-29017.91,-2.9018,29.1667,-0.1169,-2.8062,7,0.1489,80539.26,8.0539,71.4286,1.2361,8.6528,16,0.3404,-8937.03,-0.8937,31.25,-0.0502,-0.8036
a98152d1,bull,s41|s30,2,0.0553638852,0.0158628514,5.5199,0.0,-12.5461,43,27.907,0.05862,16,0.3721,16555.18,1.6555,25.0,0.1944,3.1101,12,0.2791,-51497.83,-5.1498,16.6667,-0.3992,-4.7901,15,0.3488,190383.08,19.0383,40.0,1.2628,18.9418
75833a9a,bull,s78|s54|s10,3,0.0384267022,0.0190431166,-2.3617,0.0,-14.4481,54,37.037,0.05832,25,0.463,-84407.52,-8.4408,28.0,-0.2952,-7.3789,8,0.1481,128826.55,12.8827,62.5,1.6876,13.5004,21,0.3889,56933.07,5.6933,38.0952,0.285,5.9853
e27536ec,bull,s55|s64,2,0.0298229041,0.0179081554,2.0471,0.0,-8.2202,25,44.0,0.057764,14,0.56,-68399.25,-6.8399,28.5714,-0.4271,-5.979,6,0.24,135485.23,13.5485,83.3333,2.1868,13.1206,5,0.2,5574.67,0.5575,40.0,0.1184,0.5921
c73cf0a9,bear,s66|s37|s99|s101,4,0.0604854684,0.0143387613,5.7768,0.0,-12.6952,50,24.0,0.057022,15,0.3,158808.45,15.8808,33.3333,1.0603,15.904,14,0.28,-61727.46,-6.1727,14.2857,-0.365,-5.1094,21,0.42,66622.69,6.6623,23.8095,0.3477,7.3007
787cf26b,bear,s16|s71|s81|s20|s37,5,0.038766437,0.0190760292,1.1036,0.0,-19.1828,48,37.5,0.056991,20,0.4167,76905.45,7.6905,40.0,0.4061,8.1219,7,0.1458,-22382.26,-2.2382,28.5714,-0.255,-1.7847,21,0.4375,47249.12,4.7249,38.0952,0.2959,6.2143
270e650f,bull,s47|s94|s15|s33,4,0.0311721895,0.0135268272,-0.1801,0.0,-9.3733,37,35.1351,0.056658,19,0.5135,-86039.6,-8.604,21.0526,-0.4117,-7.8214,11,0.2973,121571.66,12.1572,54.5455,1.0854,11.9399,7,0.1892,39885.89,3.9886,42.8571,0.563,3.9409
26662506,bear,s99|s90|s62,3,0.027649324,0.0160409197,-1.1768,0.0,-21.008,70,41.4286,0.056555,21,0.3,-90096.81,-9.0097,28.5714,-0.3558,-7.4718,18,0.2571,9348.48,0.9348,38.8889,0.095,1.7095,31,0.4429,223412.5,22.3413,51.6129,0.6509,20.1775
56e45743,bear,s20|s61|s17|s51,4,0.0213573328,0.0125668449,0.5528,0.0,-7.0751,25,44.0,0.056493,9,0.36,20935.17,2.0935,44.4444,0.2511,2.2595,6,0.24,26313.22,2.6313,50.0,0.4395,2.6371,10,0.4,6911.9,0.6912,40.0,0.1003,1.0028
935fa0b9,bull,s21|s40|s30,3,0.04598443,0.0108028815,8.1063,0.0,-9.7769,33,27.2727,0.056042,16,0.4848,-3818.48,-0.3818,18.75,-0.0155,-0.2484,7,0.2121,30987.86,3.0988,28.5714,0.5422,3.7954,10,0.303,120899.92,12.09,40.0,1.1912,11.912
d6ec84b8,bull,s55|s95|s41|s9,4,0.0432478912,0.0189919447,1.6347,0.0,-12.1745,37,35.1351,0.055811,16,0.4324,1971.55,0.1972,31.25,0.0458,0.7328,9,0.2432,-51032.07,-5.1032,22.2222,-0.5161,-4.6448,12,0.3243,142854.2,14.2854,50.0,1.2128,14.5536
d155760e,bear,s89|s72|s51|s18|s97,5,0.0275737127,0.017958635,-2.4068,0.0,-13.1599,35,42.8571,0.055625,18,0.5143,-7797.95,-0.7798,38.8889,-0.0252,-0.4529,5,0.1429,40239.46,4.0239,60.0,0.9361,4.6804,12,0.3429,11848.56,1.1849,41.6667,0.1013,1.2158
ec9ab629,bear,s37|s90|s98,3,0.0369630818,0.0158256167,1.6616,0.0,-18.361,75,34.6667,0.055564,32,0.4267,-152755.64,-15.2756,21.875,-0.4278,-13.6899,17,0.2267,41877.78,4.1878,35.2941,0.2806,4.7697,26,0.3467,278986.15,27.8986,50.0,1.0569,27.4787
a8333e34,bear,s17|s76|s52,3,0.0575012587,0.0186928536,9.6804,0.0,-17.9061,35,31.4286,0.055502,14,0.4,38346.32,3.8346,28.5714,0.3077,4.3076,10,0.2857,-40791.29,-4.0791,20.0,-0.3454,-3.454,11,0.3143,169282.09,16.9282,45.4545,1.5941,17.5349
9967ea9e,bull,s4|s55|s78,3,0.0186691067,0.0105603287,-6.9329,0.0,-12.024,68,39.7059,0.055314,36,0.5294,-60107.92,-6.0108,30.5556,-0.1629,-5.8648,11,0.1618,85498.13,8.5498,63.6364,0.804,8.8442,21,0.3088,39570.35,3.957,42.8571,0.1967,4.1298
8dc7276c,bear,s37|s90|s25|s13|s16,5,0.0338323806,0.0197874542,-3.1027,0.0,-17.763,62,40.3226,0.055268,17,0.2742,130331.8,13.0332,52.9412,0.86,14.6192,13,0.2097,-43489.57,-4.349,30.7692,-0.3289,-4.2758,32,0.5161,1573.13,0.1573,37.5,0.032,1.0239
bee90530,bear,s18|s90,2,0.0546782007,0.0171519849,10.7239,0.0,-24.4523,84,28.5714,0.055253,28,0.3333,-8827.05,-0.8827,25.0,0.0806,2.2556,21,0.25,-19305.91,-1.9306,23.8095,-0.005,-0.1041,35,0.4167,291562.27,29.1562,34.2857,0.7476,26.1643
04d70858,bull,s6|s38|s26,3,0.0372224061,0.0164928545,0.4699,0.0,-8.8939,34,35.2941,0.055135,17,0.5,-123833.38,-12.3833,17.6471,-0.7014,-11.9233,6,0.1765,112694.05,11.2694,66.6667,1.9317,11.5904,11,0.3235,82979.05,8.2979,45.4545,0.7923,8.7155
185a50aa,bear,s20|s72|s57,3,0.0631889906,0.0175093505,8.6088,0.0,-19.4819,48,27.0833,0.05495,16,0.3333,30615.8,3.0616,25.0,0.2665,4.2644,8,0.1667,-73735.47,-7.3735,12.5,-0.7422,-5.9376,24,0.5,228524.82,22.8525,33.3333,0.939,22.5362
c5ad936e,bull,s40|s87|s27,3,0.0431017076,0.0168893984,1.6643,0.0,-12.1184,39,33.3333,0.054835,13,0.3333,77445.68,7.7446,38.4615,0.6184,8.0393,10,0.2564,-52031.06,-5.2031,20.0,-0.4891,-4.8912,16,0.4103,84006.25,8.4006,37.5,0.5607,8.9716
8e3937b0,bear,s18|s71|s26,3,0.0659634601,0.0192423388,16.7555,0.0,-11.6819,20,35.0,0.054791,11,0.55,34578.42,3.4578,27.2727,0.3996,4.3952,1,0.05,-23427.32,-2.3427,0.0,-1.9242,-1.9242,8,0.4,199775.32,19.9775,50.0,2.3361,18.6884
38c1116d,bull,s88|s69|s48,3,0.0713356934,0.0183087789,18.6298,0.0,-15.3937,22,31.8182,0.054469,12,0.5455,152147.63,15.2148,33.3333,1.1573,13.8873,3,0.1364,-62487.58,-6.2488,0.0,-1.8309,-5.4926,7,0.3182,131579.28,13.1579,42.8571,2.011,14.0772
6945cb84,bull,s55|s48|s33,3,0.044275489,0.0137830458,9.6801,0.0,-8.5228,23,34.7826,0.05405,12,0.5217,-388.34,-0.0388,25.0,0.0732,0.8779,6,0.2609,98624.47,9.8624,50.0,1.5246,9.1477,5,0.2174,49480.48,4.948,40.0,0.944,4.7202
bc6fe624,bear,s28|s17|s85|s99|s90,5,0.0331984893,0.0183765056,1.8601,0.0,-17.3314,34,41.1765,0.053703,16,0.4706,-42829.38,-4.2829,31.25,-0.2259,-3.6149,9,0.2647,37670.67,3.7671,44.4444,0.4546,4.0911,9,0.2647,92478.47,9.2478,55.5556,1.0276,9.2486
aa962f0d,bear,s57|s77,2,0.0341943014,0.0138722653,6.314,0.0,-8.9585,23,39.1304,0.053255,6,0.2609,58059.33,5.8059,50.0,1.0161,6.0966,9,0.3913,66714.67,6.6715,44.4444,0.7491,6.7416,8,0.3478,-16324.78,-1.6325,25.0,-0.1856,-1.4845
1147fca4,bull,s55|s4,2,0.0295188418,0.0141397866,2.7682,0.0,-8.6879,25,40.0,0.052505,13,0.52,-61531.34,-6.1531,23.0769,-0.4065,-5.2841,7,0.28,125471.98,12.5472,71.4286,1.7045,11.9315,5,0.2,17065.83,1.7066,40.0,0.3324,1.6618
c4487b77,bear,s100|s72|s89,3,0.0403685413,0.019832885,3.9716,0.0,-13.5334,28,39.2857,0.05216,14,0.5,-42206.47,-4.2206,28.5714,-0.2632,-3.6855,5,0.1786,11600.11,1.16,40.0,0.4248,2.1238,9,0.3214,129817.14,12.9817,55.5556,1.3612,12.2511
222858f9,bull,s47|s33|s26,3,0.0280353568,0.0134684669,4.5112,0.0,-7.5002,21,42.8571,0.052129,13,0.619,29764.37,2.9764,38.4615,0.2495,3.2429,2,0.0952,15783.22,1.5783,50.0,0.7283,1.4567,6,0.2857,40807.01,4.0807,50.0,0.7283,4.3701
b9a08c25,bull,s91|s79|s26,3,0.0222897417,0.0146605314,-8.1852,0.0,-12.335,49,40.8163,0.051649,24,0.4898,-56221.62,-5.6222,33.3333,-0.2344,-5.6251,3,0.0612,-7577.14,-0.7577,33.3333,-0.2344,-0.7031,22,0.449,77375.46,7.7375,50.0,0.3815,8.3921
25575fb2,bull,s14|s39|s45|s95,4,0.0433304827,0.0108292781,9.373,0.0,-5.1902,22,31.8182,0.051645,11,0.5,-16199.42,-1.6199,18.1818,-0.0982,-1.0803,4,0.1818,10345.5,1.0346,25.0,0.2711,1.0843,7,0.3182,147400.24,14.74,57.1429,2.0119,14.0834
48043a09,bull,s38|s68|s78|s47|s15,5,0.0388542947,0.0179742906,11.836,0.0,-4.4063,14,50.0,0.051555,5,0.3571,17911.36,1.7911,40.0,0.4757,2.3786,2,0.1429,23880.62,2.3881,50.0,1.044,2.088,7,0.5,106266.9,10.6267,57.1429,1.4499,10.1494
068ba4b7,bear,s67|s90|s52,3,0.041301514,0.0106184601,8.5863,0.0,-20.2825,123,26.0163,0.051547,48,0.3902,52731.96,5.2732,22.9167,0.128,6.1434,34,0.2764,39744.98,3.9745,23.5294,0.1598,5.4332,41,0.3333,254041.05,25.4041,31.7073,0.5844,23.9603
a0e41fee,bull,s74|s95|s78|s45|s55,5,0.0416441198,0.0190479986,13.0853,0.0,-6.1708,14,50.0,0.051472,7,0.5,-20447.07,-2.0447,28.5714,-0.1707,-1.1952,2,0.1429,90565.77,9.0566,100.0,4.1644,8.3288,5,0.3571,91785.85,9.1786,60.0,1.7367,8.6836
7543ee60,bull,s8|s41|s35,3,0.0471842448,0.0193558444,2.0425,0.0,-18.9211,93,33.3333,0.051407,36,0.3871,-50966.72,-5.0967,27.7778,-0.0872,-3.141,17,0.1828,62566.51,6.2567,35.2941,0.4129,7.0191,40,0.4301,196723.5,19.6723,37.5,0.5597,22.3868
307c999b,bull,s91|s65|s78|s10,4,0.044882645,0.0141800069,2.6498,0.0,-15.4094,52,28.8462,0.05091,27,0.5192,15325.5,1.5326,25.9259,0.1133,3.0578,5,0.0962,112938.75,11.2939,60.0,2.1258,10.6288,20,0.3846,10093.87,1.0094,25.0,0.0586,1.1713
68c0c6ab,bear,s67|s57|s20,3,0.0266569129,0.0130588563,3.1689,0.0,-10.5658,24,41.6667,0.05087,8,0.3333,13707.66,1.3708,37.5,0.1835,1.4676,7,0.2917,65702.85,6.5703,57.1429,0.9636,6.7451,9,0.375,-527.75,-0.0528,33.3333,0.018,0.1618
62ba1288,bear,s77|s28|s23,3,0.028112948,0.0135728602,2.8393,0.0,-6.1934,22,40.9091,0.050822,9,0.4091,41685.76,4.1686,44.4444,0.4954,4.4587,2,0.0909,14813.07,1.4813,50.0,0.727,1.454,11,0.5,14844.91,1.4845,36.3636,0.1586,1.7442
340026e7,bear,s99|s37,2,0.0483902268,0.0116732392,10.6583,0.0,-22.3536,100,25.0,0.050572,26,0.26,40425.16,4.0425,23.0769,0.2188,5.6877,23,0.23,29807.33,2.9807,21.7391,0.1384,3.1833,51,0.51,257707.42,25.7707,27.451,0.4815,24.5553
fcfed39d,bear,s19|s101|s17|s13,4,0.0773376032,0.0116592599,13.5735,0.0,-17.1074,41,19.5122,0.050437,15,0.3659,85228.28,8.5228,20.0,0.614,9.2102,8,0.1951,-98306.56,-9.8307,0.0,-1.1659,-9.3274,18,0.439,233419.17,23.3419,27.7778,1.3062,23.5118
82643532,bull,s40|s78|s14|s96,4,0.0281606926,0.014588652,-3.0354,0.0,-12.5028,40,37.5,0.05028,21,0.525,-12243.76,-1.2244,33.3333,-0.0339,-0.7116,4,0.1,70119.48,7.0119,75.0,1.7473,6.9893,15,0.375,-6724.59,-0.6725,33.3333,-0.0339,-0.5083
658cae9c,bull,s83|s38|s27,3,0.0509425735,0.0106233971,9.0705,0.0,-14.1253,36,25.0,0.049612,15,0.4167,26634.11,2.6634,20.0,0.169,2.5347,11,0.3056,4731.79,0.4732,18.1818,0.057,0.6275,10,0.2778,131333.25,13.1333,40.0,1.4003,14.003
eda5779a,bear,s86|s28|s57,3,0.0474316715,0.0106907939,9.1195,0.0,-11.3182,29,27.5862,0.049464,16,0.5517,117436.84,11.7437,31.25,0.7472,11.956,10,0.3448,8875.71,0.8876,20.0,0.0934,0.9337,3,0.1034,24246.3,2.4246,33.3333,0.8683,2.605
f7d64675,bear,s17|s85|s80,3,0.0276180647,0.016319478,7.5692,0.0,-8.8292,15,53.3333,0.049137,6,0.4,124071.66,12.4072,83.3333,2.0295,12.1771,4,0.2667,24123.37,2.4123,50.0,0.5649,2.2597,5,0.3333,-41590.18,-4.159,20.0,-0.7532,-3.766
f70327eb,bull,s34|s95|s63|s82,4,0.0439306424,0.0168275684,6.4337,0.0,-8.0126,22,36.3636,0.048747,10,0.4545,11063.71,1.1064,30.0,0.14,1.3999,5,0.2273,-89635.82,-8.9636,0.0,-1.6828,-8.4138,7,0.3182,188477.41,18.8477,71.4286,2.6571,18.5998
7aa406b5,bull,s47|s32,2,0.0489851226,0.01690141,17.4281,0.0,-5.5535,12,50.0,0.048732,5,0.4167,41133.2,4.1133,40.0,0.9453,4.7266,1,0.0833,-18504.74,-1.8505,0.0,-1.6901,-1.6901,6,0.5,178399.06,17.8399,66.6667,2.7023,16.2138
b3513ad3,bear,s97|s37|s20|s16,4,0.0331354121,0.0144642524,-0.9865,0.0,-16.8173,49,34.6939,0.04869,18,0.3673,-22844.29,-2.2844,27.7778,-0.1242,-2.2358,7,0.1429,80159.49,8.0159,57.1429,1.2736,8.9149,24,0.4898,23967.8,2.3968,33.3333,0.1402,3.3655
16a42b23,bull,s35|s60|s83|s47,4,0.0424197505,0.0185757698,21.6229,0.0,-2.5964,8,75.0,0.048592,3,0.375,65165.34,6.5165,66.6667,2.2088,6.6264,1,0.125,47621.07,4.7621,100.0,4.242,4.242,4,0.5,121240.72,12.1241,75.0,2.7171,10.8683
1bc1bb25,bull,s9|s88|s21|s68,4,0.0275265196,0.0170334994,-1.0947,0.0,-9.9765,26,42.3077,0.04816,12,0.4615,-74283.2,-7.4283,25.0,-0.5893,-7.0722,6,0.2308,28237.08,2.8237,50.0,0.5247,3.1479,8,0.3077,86724.02,8.6724,62.5,1.0817,8.6532
a03ad449,bull,s12|s63|s11|s55|s47,5,0.0498302653,0.0134253492,16.8395,0.0,-8.4968,14,42.8571,0.047723,8,0.5714,86026.65,8.6027,37.5,1.0296,8.2364,4,0.2857,10457.37,1.0457,25.0,0.2389,0.9554,2,0.1429,101948.67,10.1949,100.0,4.983,9.9661
71eb3110,bear,s17|s99|s67|s18,4,0.0348997629,0.019286568,1.1932,0.0,-12.9511,27,40.7407,0.047596,8,0.2963,4251.44,0.4251,37.5,0.1033,0.8266,7,0.2593,26128.74,2.6129,42.8571,0.3936,2.7553,12,0.4444,37075.61,3.7076,41.6667,0.3291,3.9493
7ad36f34,bull,s79|s38|s91,3,0.0281011456,0.0107665843,-2.4024,0.0,-13.2972,65,32.3077,0.047422,33,0.5077,-86829.68,-8.683,21.2121,-0.2522,-8.3223,4,0.0615,-42585.74,-4.2586,0.0,-1.0767,-4.3066,28,0.4308,233928.04,23.3928,50.0,0.8667,24.2684
899a2e6f,bear,s51|s99|s57,3,0.0509696222,0.0184768622,9.026,0.0,-7.3494,19,36.8421,0.047341,6,0.3158,23861.2,2.3861,33.3333,0.4672,2.8032,6,0.3158,26769.35,2.6769,33.3333,0.4672,2.8032,7,0.3684,80678.45,8.0678,42.8571,1.1286,7.9001
1c3b143a,bull,s74|s21|s26,3,0.0336986558,0.0174853379,4.5611,0.0,-11.5387,21,42.8571,0.047124,14,0.6667,61375.07,6.1375,42.8571,0.4451,6.2309,3,0.1429,52999.43,5.2999,66.6667,1.6637,4.9912,4,0.1905,-22221.13,-2.2221,25.0,-0.4689,-1.8757
018fcc10,bear,s89|s85|s52,3,0.0304417929,0.0119049721,0.0917,0.0,-17.7874,60,33.3333,0.047004,33,0.55,-63621.38,-6.3621,24.2424,-0.1639,-5.409,14,0.2333,85030.8,8.5031,42.8571,0.6244,8.7411,13,0.2167,101933.95,10.1934,46.1538,0.764,9.9316
ec79cc69,bear,s50|s28|s27,3,0.0659151178,0.0134060554,9.4344,0.0,-18.2849,61,21.3115,0.046817,31,0.5082,107984.05,10.7984,22.5806,0.4505,13.966,13,0.2131,-11792.14,-1.1792,15.3846,-0.1203,-1.5636,17,0.2787,88181.22,8.8181,23.5294,0.5258,8.9382
46fa72bd,bear,s37|s19|s99|s66,4,0.0477043058,0.0087235581,4.761,0.0,-9.2453,42,21.4286,0.046699,7,0.1667,108702.63,10.8703,42.8571,1.546,10.8219,13,0.3095,-3579.38,-0.3579,15.3846,-0.0042,-0.0551,22,0.5238,29190.63,2.9191,18.1818,0.1536,3.3793
bd478ae6,bull,s40|s78|s83,3,0.0749022862,0.0166184507,39.4278,0.0,-6.4034,6,83.3333,0.04662,3,0.5,241198.71,24.1199,100.0,7.4902,22.4707,0,0.0,0.0,0.0,0.0,0.0,0.0,3,0.5,167412.32,16.7412,66.6667,4.4395,13.3186
0cc86c6d,bull,s47|s35,2,0.0659452113,0.0118977965,20.1509,0.0,-7.0973,14,35.7143,0.046607,7,0.5,-15556.48,-1.5556,14.2857,-0.0777,-0.5442,1,0.0714,-13997.91,-1.3998,0.0,-1.1898,-1.1898,6,0.4286,262085.48,26.2085,66.6667,3.9998,23.9985
ab275c65,bull,s94|s45|s43,3,0.077986115,0.0190588349,20.8013,0.0,-8.1458,14,35.7143,0.046455,5,0.3571,-9113.27,-0.9113,20.0,0.035,0.1751,2,0.1429,58902.64,5.8903,50.0,2.9464,5.8927,7,0.5,171941.99,17.1942,42.8571,2.2532,15.7723
3fd3fe1d,bull,s45|s43|s26,3,0.0330628451,0.0193594634,8.8059,0.0,-6.2851,13,53.8462,0.046256,7,0.5385,16811.92,1.6812,42.8571,0.3107,2.1751,2,0.1538,14604.43,1.4604,50.0,0.6852,1.3703,4,0.3077,84789.51,8.479,75.0,1.9957,7.9829
94787290,bear,s71|s76|s52,3,0.0454261742,0.009531369,10.9946,0.0,-5.6781,19,31.5789,0.046239,9,0.4737,79878.27,7.9878,33.3333,0.8788,7.909,3,0.1579,-30332.38,-3.0332,0.0,-0.9531,-2.8594,7,0.3684,99370.83,9.9371,42.8571,1.4022,9.8153
ff1f2cc7,bear,s57|s71|s80,3,0.0260006896,0.0137343343,-0.067,0.0,-9.0997,25,40.0,0.046216,8,0.32,46235.03,4.6235,50.0,0.6133,4.9065,6,0.24,35968.77,3.5969,50.0,0.6133,3.6799,11,0.44,-33914.99,-3.3915,27.2727,-0.2898,-3.1873
2a5c3094,bear,s16|s20|s28,3,0.0305246647,0.0171592536,-2.6281,0.0,-21.0936,75,40.0,0.046207,28,0.3733,81377.66,8.1378,42.8571,0.3277,9.1748,13,0.1733,12377.08,1.2377,38.4615,0.1181,1.5349,34,0.4533,19391.16,1.9391,38.2353,0.1073,3.6476
f7c7ea21,bull,s63|s59|s74|s34|s78,5,0.0449295587,0.0088844756,8.9892,0.0,-9.3637,26,26.9231,0.04609,12,0.4615,50153.53,5.0154,25.0,0.4569,5.4828,4,0.1538,74232.05,7.4232,50.0,1.8023,7.209,10,0.3846,22630.67,2.2631,20.0,0.1878,1.8783
ad36775b,bull,s40|s82,2,0.0725005653,0.0191412836,11.2653,0.0,-12.3727,25,28.0,0.045972,10,0.4,176576.07,17.6576,40.0,1.7515,17.5155,6,0.24,-31071.48,-3.1071,16.6667,-0.3868,-2.3206,9,0.36,6015.0,0.6015,22.2222,0.1224,1.1012
e716e70f,bear,s97|s17|s80,3,0.0340645169,0.0144720935,9.2075,0.0,-7.9677,15,46.6667,0.045878,6,0.4,107643.62,10.7644,66.6667,1.7886,10.7314,4,0.2667,41538.43,4.1538,50.0,0.9796,3.9185,5,0.3333,-26688.29,-2.6688,20.0,-0.4765,-2.3824
1f2d455c,bull,s21|s39,2,0.023229793,0.0145852265,-3.5824,0.0,-7.6545,27,40.7407,0.045862,11,0.4074,27131.37,2.7131,45.4545,0.2603,2.8638,7,0.2593,10148.96,1.0149,42.8571,0.1621,1.1348,9,0.3333,-19028.91,-1.9029,33.3333,-0.198,-1.7822
1d686aef,bull,s41|s47|s54|s78,4,0.0395110086,0.0190177636,6.8701,0.0,-5.2526,16,43.75,0.045751,9,0.5625,-62134.59,-6.2135,22.2222,-0.6011,-5.4102,3,0.1875,122381.43,12.2381,100.0,3.9511,11.8533,4,0.25,42712.14,4.2712,50.0,1.0247,4.0986
5c2d676a,bull,s70|s94|s79|s95,4,0.0396198675,0.0166751331,14.9907,0.0,-4.2455,10,60.0,0.045445,5,0.5,147650.09,14.765,80.0,2.8361,14.1804,2,0.2,22701.17,2.2701,50.0,1.1472,2.2945,3,0.3,8097.76,0.8098,33.3333,0.209,0.627
0c0a4282,bull,s47|s40|s9|s73|s38,5,0.0500684265,0.0081684177,10.24,0.0,-7.2577,24,25.0,0.04521,11,0.4583,27330.37,2.733,18.1818,0.242,2.6621,5,0.2083,12151.27,1.2151,20.0,0.3479,1.7395,8,0.3333,113412.8,11.3413,37.5,1.367,10.9363
830b6c4b,bull,s54|s40|s78,3,0.0603725036,0.0196338086,15.4012,0.0,-10.3396,15,40.0,0.045176,9,0.6,53731.83,5.3732,33.3333,0.7035,6.3315,2,0.1333,40485.02,4.0485,50.0,2.0369,4.0739,4,0.2667,94382.57,9.4383,50.0,2.0369,8.1477
faa85306,bear,s72|s66|s61|s89,4,0.042387926,0.0172237608,8.6623,0.0,-8.4688,17,41.1765,0.045143,7,0.4118,-61680.5,-6.1681,14.2857,-0.8708,-6.0955,5,0.2941,87417.79,8.7418,60.0,1.8543,9.2716,5,0.2941,95904.79,9.5905,60.0,1.8543,9.2716
ca81afd5,bear,s25|s20|s98|s29|s100,5,0.0376923579,0.0191407394,0.8915,0.0,-10.8263,26,38.4615,0.044965,10,0.3846,87361.71,8.7362,50.0,0.9276,9.2758,7,0.2692,-22040.03,-2.204,28.5714,-0.2903,-2.0319,9,0.3462,-4950.8,-0.4951,33.3333,-0.0196,-0.1767
466d740c,bull,s15|s54|s26,3,0.0389679836,0.0173195499,3.737,0.0,-7.4924,21,38.0952,0.044838,13,0.619,-120871.59,-12.0872,15.3846,-0.866,-11.2579,3,0.1429,117338.35,11.7338,100.0,3.8968,11.6904,5,0.2381,84305.21,8.4305,60.0,1.6453,8.2265
2739a250,bear,s25|s99,2,0.0385380997,0.0120027017,1.6775,0.0,-16.2041,52,28.8462,0.044636,10,0.1923,28837.72,2.8838,30.0,0.316,3.1595,13,0.25,-7410.61,-0.7411,23.0769,-0.0339,-0.4413,29,0.5577,104410.5,10.4411,31.0345,0.3682,10.6789
f16d2b8f,bear,s99|s85|s19|s77|s81,5,0.0402762036,0.0197123919,-0.4726,0.0,-21.4853,68,36.7647,0.043948,11,0.1618,17677.51,1.7678,36.3636,0.2102,2.3118,17,0.25,80457.59,8.0458,41.1765,0.4989,8.481,40,0.5882,41073.66,4.1074,35.0,0.1284,5.1345
5a477823,bear,s16|s31|s99,3,0.0732502148,0.0140686877,7.5496,0.0,-15.6402,48,20.8333,0.043947,11,0.2292,100231.82,10.0232,27.2727,0.9746,10.7201,10,0.2083,-58092.99,-5.8093,10.0,-0.5337,-5.3368,27,0.5625,134655.6,13.4656,22.2222,0.5336,14.4059
fa4c250c,bull,s40|s96,2,0.0264045559,0.0134604012,-3.0329,0.0,-8.2426,30,36.6667,0.043884,12,0.4,-4167.82,-0.4168,33.3333,-0.0172,-0.2065,8,0.2667,-28587.65,-2.8588,25.0,-0.3494,-2.7953,10,0.3333,62029.81,6.203,50.0,0.6472,6.4721
9735c836,bear,s71|s16,2,0.0597689019,0.0117835012,16.8719,0.0,-6.0935,14,35.7143,0.043778,9,0.6429,110980.57,11.0981,33.3333,1.2067,10.8606,1,0.0714,-14144.39,-1.4144,0.0,-1.1784,-1.1784,4,0.2857,101733.51,10.1734,50.0,2.3993,9.5971
8f2ed6a4,bull,s41|s87|s93,3,0.0581536396,0.00924281,9.4332,0.0,-7.7764,27,22.2222,0.043778,15,0.5556,129770.6,12.9771,26.6667,0.873,13.0944,3,0.1111,-30674.09,-3.0674,0.0,-0.9243,-2.7728,9,0.3333,53175.12,5.3175,22.2222,0.5734,5.1608
b553bdc0,bull,s65|s78,2,0.033837424,0.0125801917,-0.7755,0.0,-9.5757,35,31.4286,0.04372,20,0.5714,20017.06,2.0017,30.0,0.1345,2.6902,4,0.1143,88107.5,8.8108,75.0,2.2233,8.8932,11,0.3143,-45094.07,-4.5094,18.1818,-0.4141,-4.5547
74df9366,bear,s90|s85|s97,3,0.0247078613,0.0138672393,3.6359,0.0,-9.1626,17,47.0588,0.043599,8,0.4706,4735.44,0.4735,37.5,0.0598,0.4787,6,0.3529,30708.02,3.0708,50.0,0.542,3.2522,3,0.1765,35473.39,3.5473,66.6667,1.1849,3.5548
0b7bdcc6,bull,s8|s79,2,0.0221964115,0.0136720783,-0.4205,0.0,-3.8177,18,44.4444,0.043271,8,0.4444,-2676.35,-0.2676,37.5,-0.0221,-0.1771,0,0.0,0.0,0.0,0.0,0.0,0.0,10,0.5556,40463.01,4.0463,50.0,0.4262,4.2622
37c591bb,bull,s12|s8|s47,3,0.0414247646,0.0087360382,4.5742,0.0,-15.1559,64,23.4375,0.043142,28,0.4375,50475.14,5.0475,21.4286,0.2013,5.6356,14,0.2188,-21587.6,-2.1588,14.2857,-0.157,-2.1983,22,0.3438,148313.43,14.8313,31.8182,0.7224,15.8933
e5c98071,bull,s12|s55,2,0.0209760292,0.0099832372,3.5663,0.0,-3.5456,15,46.6667,0.043089,7,0.4667,-10263.62,-1.0264,28.5714,-0.1138,-0.7964,6,0.4,33471.58,3.3472,50.0,0.5496,3.2978,2,0.1333,43750.13,4.375,100.0,2.0976,4.1952
9856ada3,bear,s61|s17|s28|s20,4,0.0301315725,0.0177698816,4.3176,0.0,-10.5983,17,47.0588,0.043062,6,0.3529,35331.36,3.5331,50.0,0.6181,3.7085,6,0.3529,-10148.31,-1.0148,33.3333,-0.1803,-1.0816,5,0.2941,51056.13,5.1056,60.0,1.0971,5.4855
dd98116f,bull,s10|s42|s93|s87,4,0.0188357008,0.0107399169,-1.6294,0.0,-6.1983,22,40.9091,0.042951,12,0.5455,-11956.16,-1.1956,33.3333,-0.0881,-1.0577,3,0.1364,-3411.87,-0.3412,33.3333,-0.0881,-0.2644,7,0.3182,43633.07,4.3633,57.1429,0.616,4.3123
80e1f825,bull,s83|s95|s42,3,0.0619126298,0.0144831302,15.148,0.0,-4.8548,14,35.7143,0.042888,7,0.5,127390.93,12.7391,42.8571,1.8258,12.7805,3,0.2143,-50545.32,-5.0545,0.0,-1.4483,-4.3449,4,0.2857,105306.23,10.5306,50.0,2.3715,9.4859
5224594a,bull,s40|s35|s8|s34|s94,5,0.0362688664,0.0146498761,-2.4144,0.0,-15.5612,97,32.9897,0.042628,39,0.4021,-22025.29,-2.2025,28.2051,-0.0288,-1.1239,20,0.2062,8987.82,0.8988,30.0,0.0626,1.2515,38,0.3918,194970.75,19.4971,39.4737,0.545,20.7086
3d15ba82,bear,s25|s22|s66|s19,4,0.0698813215,0.0160551349,15.7452,0.0,-7.0275,15,33.3333,0.042569,1,0.0667,69811.45,6.9811,100.0,6.9881,6.9881,3,0.2,-50457.66,-5.0458,0.0,-1.6055,-4.8165,11,0.7333,170429.37,17.0429,36.3636,1.5194,16.7139
6baded8b,bear,s62|s17|s71|s99|s20,5,0.0507819653,0.0138910741,8.0649,0.0,-5.0162,19,31.5789,0.04254,7,0.3684,95709.1,9.5709,42.8571,1.3826,9.6782,5,0.2632,-70982.85,-7.0983,0.0,-1.3891,-6.9455,7,0.3684,94559.84,9.456,42.8571,1.3826,9.6782
7ab94996,bear,s56|s22,2,0.0335455118,0.0173691997,0.5756,0.0,-9.3153,23,39.1304,0.042204,1,0.0435,33511.97,3.3512,100.0,3.3546,3.3546,5,0.2174,-37170.07,-3.717,20.0,-0.7186,-3.5931,17,0.7391,56183.22,5.6183,41.1765,0.3596,6.1127
30bf8b05,bear,s81|s101|s90|s57,4,0.0601652013,0.0195975809,17.3174,0.0,-6.1925,12,41.6667,0.042166,6,0.5,-42147.43,-4.2147,16.6667,-0.6304,-3.7823,2,0.1667,127772.47,12.7772,100.0,6.0165,12.033,4,0.3333,78289.83,7.829,50.0,2.0284,8.1135
3679373a,bear,s101|s90|s28|s51,4,0.0481666691,0.0125307932,5.5201,0.0,-10.7222,29,27.5862,0.04215,13,0.4483,141455.15,14.1455,38.4615,1.0814,14.0587,9,0.3103,4388.5,0.4389,22.2222,0.0958,0.8618,7,0.2414,-29903.8,-2.9904,14.2857,-0.386,-2.7018
f003f44d,bull,s8|s14|s27,3,0.042408668,0.0169869811,4.2931,0.0,-25.1168,114,33.3333,0.041822,43,0.3772,23306.77,2.3307,30.2326,0.097,4.1703,21,0.1842,115045.13,11.5045,38.0952,0.564,11.8439,50,0.4386,141683.52,14.1684,34.0,0.3208,16.0377
e0d12e27,bear,s100|s98|s27,3,0.031604996,0.0190217969,2.1198,0.0,-8.6216,18,44.4444,0.041741,8,0.4444,-3502.69,-0.3503,37.5,-0.0037,-0.0294,4,0.2222,-27014.65,-2.7015,25.0,-0.6365,-2.546,6,0.3333,88706.2,8.8706,66.6667,1.4729,8.8376
12342d0f,bull,s45|s40|s15,3,0.0501608834,0.0139159975,8.0239,0.0,-11.0898,22,31.8182,0.041484,12,0.5455,16108.32,1.6108,25.0,0.2103,2.5239,4,0.1818,73972.5,7.3973,50.0,1.8122,7.249,6,0.2727,48312.05,4.8312,33.3333,0.7443,4.4658
193ec550,bear,s51|s20|s76,3,0.0243282715,0.0159159563,-0.4079,0.0,-5.633,18,44.4444,0.041329,8,0.4444,-8548.56,-0.8549,37.5,-0.0824,-0.6595,4,0.2222,16494.55,1.6495,50.0,0.4206,1.6825,6,0.3333,23599.1,2.3599,50.0,0.4206,2.5237
2581de22,bull,s70|s73|s48|s12|s40,5,0.0390111476,0.0140921817,9.2067,0.0,-5.9615,14,42.8571,0.041304,9,0.6429,86743.51,8.6744,44.4444,0.9509,8.5584,3,0.2143,9846.8,0.9847,33.3333,0.3609,1.0827,2,0.1429,23675.45,2.3675,50.0,1.2459,2.4919
a6854d7b,bear,s97|s18|s100,3,0.0611480025,0.017031905,7.8376,0.0,-14.5374,28,28.5714,0.041133,15,0.5357,128860.95,12.8861,33.3333,0.9028,13.5421,6,0.2143,-28207.56,-2.8208,16.6667,-0.4002,-2.4012,7,0.25,40634.97,4.0635,28.5714,0.5305,3.7136
e25a9c2c,bull,s94|s91|s47,3,0.0266985891,0.0139488668,-5.0663,0.0,-13.133,41,36.5854,0.041075,14,0.3415,-73286.42,-7.3286,21.4286,-0.5239,-7.3342,12,0.2927,34372.39,3.4372,41.6667,0.2988,3.5851,15,0.3659,70014.97,7.0015,46.6667,0.502,7.5299
d5012992,bear,s20|s17|s66,3,0.0329501465,0.0188262966,1.0269,0.0,-14.5287,24,41.6667,0.04105,11,0.4583,-2212.07,-0.2212,36.3636,0.0002,0.0017,6,0.25,-9957.9,-0.9958,33.3333,-0.1567,-0.9405,7,0.2917,68473.0,6.8473,57.1429,1.076,7.5322
b1e15873,bull,s47|s36|s7|s94,4,0.0755761816,0.01160594,8.7961,0.0,-9.1275,32,18.75,0.040993,13,0.4062,13326.6,1.3327,15.3846,0.1807,2.3487,8,0.25,81363.95,8.1364,25.0,1.019,8.1517,11,0.3438,46578.08,4.6578,18.1818,0.4245,4.6699
bcb47696,bear,s89|s61,2,0.0439921307,0.0159718057,7.2889,0.0,-10.6421,19,36.8421,0.040947,8,0.4211,-65893.08,-6.5893,12.5,-0.8476,-6.7811,5,0.2632,92225.71,9.2226,60.0,2.0007,10.0033,6,0.3158,84684.25,8.4684,50.0,1.401,8.4061
429b5313,bear,s19|s85|s99|s100|s49,5,0.0492084537,0.0123050429,17.1879,0.0,-4.8306,10,50.0,0.040852,3,0.3,90207.53,9.0208,66.6667,2.8704,8.6112,2,0.2,37869.55,3.787,50.0,1.8452,3.6903,5,0.5,65550.55,6.5551,40.0,1.23,6.1502
526714c7,bear,s51|s13|s80|s28|s25,5,0.0337507985,0.0168999323,1.433,0.0,-11.5056,23,39.1304,0.040759,5,0.2174,65029.52,6.503,60.0,1.3491,6.7453,6,0.2609,-1846.5,-0.1846,33.3333,-0.0016,-0.0098,12,0.5217,-2003.9,-0.2004,33.3333,-0.0016,-0.0196
9589afd1,bull,s32|s95|s26,3,0.040556655,0.0175452469,2.6575,0.0,-9.0943,22,36.3636,0.040673,10,0.4545,54737.34,5.4737,40.0,0.5696,5.6955,4,0.1818,-73350.22,-7.335,0.0,-1.7545,-7.0181,8,0.3636,89447.76,8.9448,50.0,1.1506,9.2046
5cf60824,bull,s42|s87|s83|s36,4,0.0417881487,0.0171066657,8.2847,0.0,-5.6126,14,42.8571,0.040564,11,0.7857,42892.42,4.2892,36.3636,0.431,4.7406,0,0.0,0.0,0.0,0.0,0.0,0.0,3,0.2143,69615.21,6.9615,66.6667,2.2157,6.647
eacda354,bull,s88|s36,2,0.0363831839,0.0110967579,0.4357,0.0,-14.1744,46,28.2609,0.040482,24,0.5217,-31990.83,-3.1991,20.8333,-0.1205,-2.8922,4,0.087,2964.07,0.2964,25.0,0.0773,0.3093,18,0.3913,118646.98,11.8647,38.8889,0.7368,13.2618
084890a9,bear,s22|s25,2,0.028031658,0.0170110874,-1.8031,0.0,-7.9595,22,40.9091,0.04032,1,0.0455,28003.63,2.8004,100.0,2.8032,2.8032,4,0.1818,-23923.18,-2.3923,25.0,-0.575,-2.3002,17,0.7727,22304.74,2.2305,41.1765,0.1536,2.6111
f929d4a2,bull,s69|s88|s21|s36,4,0.0375705361,0.0136999486,-3.1081,0.0,-10.467,43,30.2326,0.040303,24,0.5581,21146.08,2.1146,29.1667,0.1254,3.0095,5,0.1163,83149.27,8.3149,60.0,1.7062,8.5312,14,0.3256,-39858.8,-3.9859,21.4286,-0.2713,-3.7988
63599fbe,bull,s47|s12|s96,3,0.0488976728,0.0172372716,-0.0935,0.0,-11.4656,37,29.7297,0.04027,16,0.4324,-20644.37,-2.0644,25.0,-0.0704,-1.1257,7,0.1892,73080.72,7.3081,42.8571,1.1106,7.7744,14,0.3784,21684.33,2.1684,28.5714,0.1658,2.3218
38dd3371,bear,s80|s20,2,0.027525565,0.0153607612,-3.183,0.0,-16.0055,36,38.8889,0.040261,15,0.4167,24138.26,2.4138,40.0,0.1794,2.6907,6,0.1667,33026.84,3.3027,50.0,0.6082,3.6494,15,0.4167,-19494.68,-1.9495,33.3333,-0.1065,-1.598
11a67315,bear,s52|s99,2,0.0248452313,0.0127125829,-5.1112,0.0,-18.4885,155,38.7097,0.040219,34,0.2194,120074.8,12.0075,44.1176,0.3857,13.1139,41,0.2645,-994.89,-0.0995,34.1463,0.0112,0.4593,80,0.5161,136033.19,13.6033,38.75,0.1841,14.7286
8b944c05,bear,s89|s25|s13,3,0.0777359712,0.0198347623,11.0925,0.0,-21.558,34,26.4706,0.040193,10,0.2941,-30893.73,-3.0894,20.0,-0.0321,-0.3206,6,0.1765,-47838.05,-4.7838,16.6667,-0.3573,-2.1438,18,0.5294,268614.08,26.8614,33.3333,1.2689,22.8399
818a73c2,bull,s78|s45|s24,3,0.0388881961,0.0083727048,4.534,0.0,-12.4595,36,25.0,0.040145,19,0.5278,76996.74,7.6997,26.3158,0.4064,7.7223,7,0.1944,83325.94,8.3326,42.8571,1.1882,8.3174,10,0.2778,-38224.79,-3.8225,10.0,-0.3647,-3.6466
363a7850,bear,s99|s57|s26,3,0.064094113,0.0103826419,14.9416,0.0,-10.5332,18,27.7778,0.04014,6,0.3333,87445.03,8.7445,33.3333,1.4443,8.6658,5,0.2778,20580.17,2.058,20.0,0.4513,2.2564,7,0.3889,82135.4,8.2135,28.5714,1.0896,7.6275
191d4dfd,bear,s57|s50|s81|s90|s18,5,0.0216164411,0.0090382579,-3.7911,0.0,-16.2611,75,34.6667,0.040052,35,0.4667,50020.59,5.0021,34.2857,0.1472,5.1517,15,0.2,16080.97,1.6081,33.3333,0.118,1.77,25,0.3333,49893.7,4.9894,36.0,0.1997,4.9936
3405a13a,bull,s14|s40,2,0.043934962,0.0089683119,8.4206,0.0,-8.1593,21,28.5714,0.039866,11,0.5238,59579.99,5.958,27.2727,0.546,6.0058,3,0.1429,26304.91,2.6305,33.3333,0.8666,2.5998,7,0.3333,42294.74,4.2295,28.5714,0.6147,4.3028
754a6593,bull,s41|s55,2,0.0186557484,0.0103974603,-2.5637,0.0,-6.8569,23,39.1304,0.03982,12,0.5217,-10550.86,-1.0551,33.3333,-0.0713,-0.8557,6,0.2609,25384.61,2.5385,50.0,0.4129,2.4775,5,0.2174,5980.25,0.598,40.0,0.1224,0.6119
d224bf1a,bear,s80|s100|s29,3,0.0513278039,0.011725737,6.2569,0.0,-9.6893,27,25.9259,0.039818,12,0.4444,45022.96,4.5023,25.0,0.4038,4.8452,5,0.1852,-55812.88,-5.5813,0.0,-1.1726,-5.8629,10,0.3704,125976.94,12.5977,40.0,1.3496,13.4957
796ff2ca,bull,s88|s79|s27,3,0.0594773056,0.0087055615,8.7099,0.0,-15.8059,86,17.4419,0.039748,30,0.3488,7907.47,0.7907,13.3333,0.0385,1.1565,23,0.2674,-410.18,-0.041,13.0435,0.0188,0.4321,33,0.3837,245921.19,24.5921,24.2424,0.7824,25.8179
d92d9cd4,bull,s84|s78,2,0.0643912293,0.0122571217,12.2627,0.0,-7.3529,18,27.7778,0.039717,11,0.6111,92796.41,9.2796,27.2727,0.8647,9.5117,1,0.0556,67351.34,6.7351,100.0,6.4391,6.4391,6,0.3333,3377.79,0.3378,16.6667,0.0518,0.3106
fe59bf80,bear,s18|s16|s80|s98,4,0.0792298735,0.0171681393,9.9673,0.0,-14.7855,29,24.1379,0.039397,12,0.4138,167189.39,16.7189,33.3333,1.4965,17.9574,5,0.1724,-89069.34,-8.9069,0.0,-1.7168,-8.5841,12,0.4138,81070.82,8.1071,25.0,0.6931,8.3176
c3773ad0,bull,s12|s21|s92,3,0.0307838324,0.0108813745,6.8637,0.0,-5.1775,14,42.8571,0.039338,6,0.4286,60736.8,6.0737,50.0,0.9951,5.9707,4,0.2857,38930.43,3.893,50.0,0.9951,3.9805,4,0.2857,-2332.12,-0.2332,25.0,-0.0465,-0.186
ef766d54,bull,s21|s54|s96|s74|s38,5,0.0518983331,0.0149671698,1.309,0.0,-6.6035,30,26.6667,0.039255,15,0.5,36837.24,3.6837,26.6667,0.2864,4.2954,6,0.2,-25841.73,-2.5842,16.6667,-0.3823,-2.2938,9,0.3,62645.43,6.2645,33.3333,0.7321,6.5892
93d1473c,bear,s16|s57,2,0.0328069485,0.016170191,1.0124,0.0,-14.6488,26,38.4615,0.039254,7,0.2692,-15699.24,-1.5699,28.5714,-0.2177,-1.5237,9,0.3462,93415.95,9.3416,55.5556,1.1039,9.9354,10,0.3846,-18340.43,-1.834,30.0,-0.1477,-1.477
e242398c,bear,s18|s28,2,0.0626700966,0.014674247,6.6295,0.0,-18.9464,52,23.0769,0.038909,22,0.4231,206660.21,20.666,31.8182,0.9935,21.8577,13,0.25,-117445.25,-11.7445,7.6923,-0.8725,-11.3421,17,0.3269,53118.7,5.3119,23.5294,0.3524,5.9915
0f8733f2,bear,s100|s57|s86,3,0.0231540537,0.0153988612,-0.7984,0.0,-7.4995,18,44.4444,0.038751,9,0.5,-24570.38,-2.457,33.3333,-0.2548,-2.2931,6,0.3333,21608.58,2.1609,50.0,0.3878,2.3266,3,0.1667,31168.87,3.1169,66.6667,1.0303,3.0909
39fae7f4,bear,s52|s85,2,0.0555141607,0.0191576693,8.987,0.0,-9.4475,18,33.3333,0.038738,9,0.5,-27504.88,-2.7505,22.2222,-0.2564,-2.3075,6,0.3333,31459.15,3.1459,33.3333,0.5733,3.4398,3,0.1667,89814.93,8.9815,66.6667,3.0624,9.1871
9d46d06f,bull,s47|s9,2,0.0504777036,0.0099939303,10.9306,0.0,-5.7793,16,31.25,0.038443,9,0.5625,28840.78,2.8841,22.2222,0.3444,3.0998,1,0.0625,-10952.79,-1.0953,0.0,-0.9994,-0.9994,6,0.375,125110.76,12.5111,50.0,2.0242,12.1451
7cf683e6,bear,s72|s49|s89,3,0.0784394261,0.0180333993,11.7301,0.0,-17.8383,27,25.9259,0.038439,13,0.4815,41468.95,4.1469,23.0769,0.423,5.4984,4,0.1481,16244.3,1.6244,25.0,0.6085,2.4339,10,0.3704,120000.65,12.0001,30.0,1.0908,10.9084
469ce26a,bull,s55|s6,2,0.0410614578,0.0173301526,5.5595,0.0,-4.7992,15,40.0,0.038352,8,0.5333,-26577.14,-2.6577,25.0,-0.2732,-2.1858,3,0.2,66679.19,6.6679,66.6667,2.1598,6.4793,4,0.2667,46446.13,4.6446,50.0,1.1866,4.7463
e6bb0980,bear,s80|s23|s29|s22|s72,5,0.0409847989,0.0171165138,3.6781,0.0,-8.1448,19,36.8421,0.038306,6,0.3158,68519.5,6.852,50.0,1.1934,7.1605,4,0.2105,-11335.28,-1.1335,25.0,-0.2591,-1.0365,9,0.4737,16543.22,1.6543,33.3333,0.2251,2.0255
4bae6d0f,bull,s87|s14,2,0.0503482139,0.0161335669,13.4292,0.0,-5.3319,11,45.4545,0.038299,8,0.7273,69653.83,6.9654,37.5,0.8797,7.0377,1,0.0909,-19310.51,-1.9311,0.0,-1.6134,-1.6134,2,0.1818,108128.47,10.8128,100.0,5.0348,10.0696
7ba4f072,bull,s55|s91|s94|s6,4,0.0352787474,0.0118218206,7.3571,0.0,-7.2697,15,40.0,0.038286,7,0.4667,9262.89,0.9263,28.5714,0.1635,1.1448,4,0.2667,96425.62,9.6426,75.0,2.3504,9.4014,4,0.2667,-437.31,-0.0437,25.0,-0.0047,-0.0187
60e4fcc9,bull,s55|s32,2,0.0332538466,0.0146757235,1.3664,0.0,-5.1817,19,36.8421,0.03817,9,0.4737,-39205.51,-3.9206,22.2222,-0.4025,-3.6222,5,0.2632,69561.0,6.9561,60.0,1.4082,7.041,5,0.2632,22161.73,2.2162,40.0,0.4496,2.2481
e86eb57c,bull,s45|s42|s21,3,0.0313796485,0.0108660335,-2.1012,0.0,-8.0128,34,29.4118,0.037939,16,0.4706,-8865.94,-0.8866,25.0,-0.0305,-0.4874,8,0.2353,38785.79,3.8786,37.5,0.4976,3.9809,10,0.2941,15630.44,1.563,30.0,0.1808,1.8077
21740543,bear,s18|s66|s25|s89|s100,5,0.0383136409,0.0185076894,9.3864,0.0,-9.8404,12,50.0,0.037926,8,0.6667,14323.48,1.4323,37.5,0.28,2.2402,1,0.0833,40398.45,4.0398,100.0,3.8314,3.8314,3,0.25,65107.19,6.5107,66.6667,1.9373,5.812
87ea4563,bear,s98|s89|s37,3,0.0188561884,0.0090894195,-5.4289,0.0,-9.043,35,34.2857,0.037809,19,0.5429,21218.27,2.1218,36.8421,0.1206,2.292,8,0.2286,9984.95,0.9985,37.5,0.139,1.1121,8,0.2286,-17214.19,-1.7214,25.0,-0.2103,-1.6824
3e093409,bear,s18|s51|s19|s17,4,0.0277640892,0.0177628278,-7.7772,0.0,-15.6509,45,40.0,0.037745,17,0.3778,97122.22,9.7122,52.9412,0.634,10.7774,10,0.2222,-81349.35,-8.1349,20.0,-0.8657,-8.6574,18,0.4,-8788.19,-0.8788,38.8889,-0.0058,-0.1042
315fd295,bull,s87|s10|s59,3,0.0236908126,0.0100914722,-4.2777,0.0,-8.1485,34,32.3529,0.037742,15,0.4412,-16216.59,-1.6217,26.6667,-0.1083,-1.6243,4,0.1176,26524.52,2.6525,50.0,0.68,2.7199,15,0.4412,14946.82,1.4947,33.3333,0.1169,1.7539
cf7ea584,bull,s95|s40|s87,3,0.0245470515,0.0142257614,-1.7774,0.0,-6.1872,20,40.0,0.037732,10,0.5,50683.47,5.0683,50.0,0.5161,5.1606,3,0.15,-43937.78,-4.3938,0.0,-1.4226,-4.2677,7,0.35,15821.82,1.5822,42.8571,0.2391,1.6738
08d12db3,bear,s28|s86|s66,3,0.0349939562,0.0083932705,7.1889,0.0,-8.0166,18,33.3333,0.037694,11,0.6111,80923.97,8.0924,36.3636,0.7384,8.1223,5,0.2778,1653.52,0.1654,20.0,0.0284,0.1421,2,0.1111,26021.08,2.6021,50.0,1.33,2.6601
07070268,bull,s45|s8|s96|s53,4,0.0437813891,0.0167985913,2.7063,0.0,-13.7769,27,33.3333,0.037527,13,0.4815,17143.01,1.7143,30.7692,0.1841,2.3938,4,0.1481,55352.6,5.5353,50.0,1.3491,5.3966,10,0.3704,13105.01,1.3105,30.0,0.1375,1.3754
27162fb1,bull,s45|s39|s26,3,0.0599375671,0.0173045384,11.1753,0.0,-5.9632,14,35.7143,0.037507,8,0.5714,88618.76,8.8619,37.5,1.1661,9.329,1,0.0714,-19638.75,-1.9639,0.0,-1.7305,-1.7305,5,0.3571,73074.5,7.3075,40.0,1.3592,6.7962
07885ef7,bull,s8|s45|s58|s94,4,0.029583753,0.0132399493,-4.3918,0.0,-13.0758,41,34.1463,0.037428,18,0.439,-68267.26,-6.8267,22.2222,-0.3724,-6.7024,14,0.3415,109269.08,10.9269,50.0,0.8172,11.4407,9,0.2195,8305.95,0.8306,33.3333,0.1035,0.9312
103a1e78,bear,s29|s100|s80|s25|s76,5,0.0528049698,0.0118220824,7.7542,0.0,-9.2817,22,27.2727,0.037396,9,0.4091,85281.82,8.5282,33.3333,0.972,8.7482,5,0.2273,-59132.1,-5.9132,0.0,-1.1822,-5.911,8,0.3636,94922.69,9.4923,37.5,1.2413,9.9304
0f2ae22d,bear,s67|s22|s19|s16|s97,5,0.0558205464,0.0174623683,13.2636,0.0,-7.5594,12,41.6667,0.03729,1,0.0833,55761.45,5.5761,100.0,5.5821,5.5821,2,0.1667,-36408.05,-3.6408,0.0,-1.7462,-3.4925,9,0.75,138160.2,13.816,44.4444,1.5108,13.597
12ec74dc,bull,s93|s68|s27,3,0.0241185257,0.0159975958,4.1183,0.0,-3.5602,11,54.5455,0.037274,3,0.2727,-8550.8,-0.8551,33.3333,-0.2626,-0.7877,2,0.1818,47687.57,4.7688,100.0,2.4119,4.8237,6,0.5455,24256.34,2.4256,50.0,0.406,2.4363
6aba9f9a,bull,s94|s59|s8,3,0.0441921529,0.0115763187,4.536,0.0,-17.7285,41,26.8293,0.037266,18,0.439,4286.25,0.4286,22.2222,0.0817,1.47,8,0.1951,79847.57,7.9848,37.5,0.9337,7.4695,15,0.3659,48615.53,4.8616,26.6667,0.3295,4.9429
6b3cc360,bear,s52|s28|s13,3,0.0592782295,0.0149796915,5.3662,0.0,-18.7298,88,23.8636,0.036866,31,0.3523,198187.29,19.8187,29.0323,0.6579,20.3951,21,0.2386,-189260.36,-18.926,9.5238,-0.7908,-16.6058,36,0.4091,204645.62,20.4646,27.7778,0.5648,20.331
361718ba,bear,s13|s17|s50|s19,4,0.0225535572,0.0127644443,-5.5601,0.0,-13.8187,37,37.8378,0.036865,11,0.2973,34918.61,3.4919,45.4545,0.3289,3.6181,9,0.2432,-6947.28,-0.6947,33.3333,-0.0992,-0.8926,17,0.4595,-9338.67,-0.9339,35.2941,-0.0299,-0.5088
0ca325fa,bear,s25|s62|s52,3,0.078949261,0.0164205309,7.5013,0.0,-17.0185,41,21.9512,0.036739,13,0.3171,63046.35,6.3046,23.0769,0.5588,7.2642,9,0.2195,-71832.47,-7.1832,11.1111,-0.5824,-5.2415,19,0.4634,171974.94,17.1975,26.3158,0.8677,16.4859
f6d61f40,bear,s100|s52,2,0.0336958496,0.0179421986,-0.1128,0.0,-12.3694,23,39.1304,0.036723,13,0.5652,21657.61,2.1658,38.4615,0.1919,2.4942,4,0.1739,31776.04,3.1776,50.0,0.7877,3.1507,6,0.2609,-6563.17,-0.6563,33.3333,-0.073,-0.4377
5661389f,bull,s79|s8|s55,3,0.0449159726,0.0170371937,0.5302,0.0,-13.231,31,32.2581,0.036705,16,0.5161,-32646.81,-3.2647,25.0,-0.1549,-2.4782,3,0.0968,8869.16,0.8869,33.3333,0.3614,1.0842,12,0.3871,106134.08,10.6134,41.6667,0.8777,10.532
fe70bed0,bear,s76|s99|s26,3,0.0401440074,0.0146756969,10.8607,0.0,-3.4567,10,50.0,0.036615,5,0.5,34587.21,3.4587,40.0,0.7252,3.6261,1,0.1,41629.39,4.1629,100.0,4.0144,4.0144,4,0.4,53955.23,5.3955,50.0,1.2734,5.0937
52690dde,bear,s66|s85|s27,3,0.0309415866,0.0160437306,4.4719,0.0,-5.3153,13,46.1538,0.036505,6,0.4615,-2790.31,-0.279,33.3333,-0.0382,-0.2292,4,0.3077,28612.47,2.8612,50.0,0.7449,2.9796,3,0.2308,44953.35,4.4953,66.6667,1.528,4.5839
e4b06385,bear,s51|s77|s28,3,0.0307360523,0.0130578554,-1.9878,0.0,-10.4345,30,33.3333,0.036447,10,0.3333,37405.87,3.7406,40.0,0.446,4.4597,2,0.0667,57118.65,5.7119,100.0,3.0736,6.1472,18,0.6,-58407.88,-5.8408,22.2222,-0.3326,-5.9866
a8d380a0,bear,s90|s62|s80,3,0.0278357476,0.0085385171,3.7213,0.0,-4.6006,17,35.2941,0.036368,10,0.5882,59120.41,5.912,40.0,0.6011,6.0112,0,0.0,0.0,0.0,0.0,0.0,0.0,7,0.4118,13249.18,1.3249,28.5714,0.1854,1.2979
4b9fc168,bull,s54|s48|s43,3,0.0403746356,0.0194413283,-0.2212,0.0,-8.8089,22,36.3636,0.035983,13,0.5909,-81279.38,-8.1279,23.0769,-0.5638,-7.3289,4,0.1818,41509.01,4.1509,50.0,1.0467,4.1867,5,0.2273,83337.56,8.3338,60.0,1.6448,8.2241
098ae3d5,bull,s59|s87|s12,3,0.0253988057,0.0150223095,3.6317,0.0,-5.0107,12,50.0,0.035879,6,0.5,-11404.67,-1.1405,33.3333,-0.1549,-0.9292,1,0.0833,25829.96,2.583,100.0,2.5399,2.5399,5,0.4167,46910.25,4.691,60.0,0.923,4.6152
c56ac1d4,bear,s101|s28|s97,3,0.0786238299,0.0143578991,14.4703,0.0,-14.7271,21,23.8095,0.035754,9,0.4286,142861.23,14.2861,33.3333,1.6636,14.9724,7,0.3333,-7313.9,-0.7314,14.2857,-0.1075,-0.7524,5,0.2381,18613.97,1.8614,20.0,0.4238,2.1192
368d7625,bull,s40|s82|s94|s73,4,0.0424595393,0.0161451627,10.001,0.0,-3.9859,10,50.0,0.035609,4,0.4,51980.38,5.198,50.0,1.3157,5.2629,3,0.3,9160.72,0.9161,33.3333,0.339,1.0169,3,0.3,72062.85,7.2063,66.6667,2.2925,6.8774
804bd530,bull,s78|s88|s42|s64|s83,5,0.0408842562,0.0114640691,4.0045,0.0,-20.6729,81,27.1605,0.035481,37,0.4568,-18123.71,-1.8124,21.6216,-0.0146,-0.5384,14,0.1728,149902.76,14.9903,42.8571,1.0971,15.3593,30,0.3704,64218.13,6.4218,26.6667,0.2495,7.4865
801c95d0,bear,s13|s80|s26,3,0.0326061969,0.0147150061,0.5237,0.0,-10.1848,22,36.3636,0.035478,5,0.2273,66031.93,6.6032,60.0,1.3678,6.8389,6,0.2727,5051.46,0.5051,33.3333,0.1059,0.6352,11,0.5,-20656.79,-2.0657,27.2727,-0.1809,-1.9901
30006989,bull,s95|s1|s26,3,0.0463614896,0.01280734,8.6087,0.0,-5.0805,14,35.7143,0.035374,10,0.7143,48302.25,4.8302,30.0,0.4943,4.9433,1,0.0714,-13144.83,-1.3145,0.0,-1.2807,-1.2807,3,0.2143,79821.62,7.9822,66.6667,2.6639,7.9916
e4d939a9,bull,s54|s65|s83,3,0.0451475234,0.0157985754,2.6576,0.0,-8.5722,22,31.8182,0.035362,13,0.5909,-93012.49,-9.3012,15.3846,-0.6422,-8.3489,4,0.1818,59139.5,5.9139,50.0,1.4674,5.8698,5,0.2273,106497.92,10.6498,60.0,2.0769,10.3845
aad0a148,bear,s16|s57|s22,3,0.0316054916,0.0152046801,-3.0373,0.0,-17.6575,42,35.7143,0.035298,8,0.1905,14885.02,1.4885,37.5,0.2349,1.8793,11,0.2619,60862.65,6.0863,45.4545,0.6073,6.6799,23,0.5476,-28361.35,-2.8361,30.4348,-0.0958,-2.2036
3a62aadc,bear,s17|s85|s56,3,0.0235362775,0.0114623359,-5.2571,0.0,-13.3411,40,35.0,0.035159,14,0.35,12513.74,1.2514,35.7143,0.1037,1.452,11,0.275,-20401.11,-2.0401,27.2727,-0.1917,-2.109,15,0.375,31761.04,3.1761,40.0,0.2537,3.8057
4c0ce8d7,bull,s55|s70,2,0.0332174918,0.0152223858,-1.4561,0.0,-7.6191,23,34.7826,0.034806,12,0.5217,-89916.8,-8.9917,16.6667,-0.7149,-8.5789,6,0.2609,102018.22,10.2018,66.6667,1.7071,10.2425,5,0.2174,19979.07,1.9979,40.0,0.4154,2.0768
9427300b,bear,s19|s16|s100,3,0.0479926067,0.013112148,3.4197,0.0,-19.1959,65,26.1538,0.034552,22,0.3385,181700.83,18.1701,36.3636,0.9108,20.0371,13,0.2,11993.92,1.1994,23.0769,0.0989,1.2856,30,0.4615,-34149.67,-3.415,20.0,-0.0891,-2.6736
8cb5eb11,bear,s50|s13|s22,3,0.0426885649,0.0189157076,-0.0353,0.0,-12.4626,26,34.6154,0.034485,3,0.1154,126158.05,12.6158,100.0,4.2689,12.8066,3,0.1154,-58860.15,-5.886,0.0,-1.8916,-5.6747,20,0.7692,-14940.33,-1.494,30.0,-0.0434,-0.8689
51e208ea,bear,s57|s90|s26,3,0.0342380179,0.0195651274,9.7739,0.0,-3.9229,8,62.5,0.034372,5,0.625,9307.82,0.9308,40.0,0.1956,0.9781,1,0.125,33798.68,3.3799,100.0,3.4238,3.4238,2,0.25,70900.95,7.0901,100.0,3.4238,6.8476
bbc96b85,bull,s91|s78|s24|s54|s59,5,0.0353880687,0.0096833542,0.6572,0.0,-5.8057,26,26.9231,0.03431,13,0.5,6255.49,0.6255,23.0769,0.0718,0.9331,5,0.1923,86729.02,8.6729,60.0,1.7359,8.6797,8,0.3077,-33467.53,-3.3468,12.5,-0.4049,-3.2395
c6f5a973,bull,s60|s65|s33|s78,4,0.0468051556,0.014403219,-0.5001,0.0,-15.2166,66,27.2727,0.034168,33,0.5,62511.85,6.2512,27.2727,0.229,7.5569,10,0.1515,100424.65,10.0425,40.0,1.008,10.0801,23,0.3485,-30007.45,-3.0007,21.7391,-0.1097,-2.5232
e4703380,bear,s81|s56|s26,3,0.029274724,0.017646173,2.2843,0.0,-5.4588,13,46.1538,0.034118,5,0.3846,50669.91,5.067,60.0,1.0506,5.2532,3,0.2308,41074.87,4.1075,66.6667,1.3634,4.0903,5,0.3846,-42698.99,-4.2699,20.0,-0.8262,-4.131
f3ce7029,bull,s95|s46|s53,3,0.0272039644,0.0129425743,-5.5728,0.0,-8.6773,33,33.3333,0.034107,17,0.5152,-60534.34,-6.0534,23.5294,-0.3496,-5.9438,2,0.0606,13896.85,1.3897,50.0,0.7131,1.4261,14,0.4242,56229.11,5.6229,42.8571,0.4263,5.9683
3a6585ce,bull,s34|s10,2,0.0387443537,0.0137253673,2.5339,0.0,-23.3261,96,31.25,0.033907,40,0.4167,-33391.49,-3.3391,25.0,-0.0608,-2.4317,20,0.2083,-11497.48,-1.1497,25.0,-0.0608,-1.2159,36,0.375,268466.09,26.8466,41.6667,0.8137,29.2933
10bf54cd,bear,s99|s71,2,0.0631432809,0.0146001962,16.6133,0.0,-4.022,9,44.4444,0.03379,4,0.4444,100599.46,10.0599,50.0,2.4272,9.7086,1,0.1111,-17587.68,-1.7588,0.0,-1.46,-1.46,4,0.4444,102883.67,10.2884,50.0,2.4272,9.7086
08017943,bear,s81|s90|s28|s51,4,0.0460476289,0.0107954795,9.5546,0.0,-14.7607,19,31.5789,0.033696,11,0.5789,107868.47,10.7868,36.3636,0.9875,10.8622,5,0.2632,58111.22,5.8111,40.0,1.1942,5.9709,3,0.1579,-31816.0,-3.1816,0.0,-1.0795,-3.2386
6bb1bc1e,bull,s82|s68|s88,3,0.049151476,0.0149820199,6.0374,0.0,-24.8683,82,28.0488,0.033691,27,0.3293,-22722.86,-2.2723,22.2222,-0.073,-1.9714,21,0.2561,-56477.71,-5.6478,19.0476,-0.2766,-5.8088,34,0.4146,282806.68,28.2807,38.2353,0.954,32.4347
e731bfe8,bear,s51|s100|s99,3,0.0524225174,0.0177704595,4.589,0.0,-12.4347,22,31.8182,0.033663,8,0.3636,-5168.37,-0.5168,25.0,-0.0222,-0.1778,5,0.2273,118795.22,11.8795,60.0,2.4345,12.1727,9,0.4091,-23377.84,-2.3378,22.2222,-0.2172,-1.9548
11e745e8,bear,s90|s85|s66,3,0.0366163032,0.0114290537,5.707,0.0,-9.9103,17,35.2941,0.033653,8,0.4706,2813.53,0.2814,25.0,0.0582,0.4658,6,0.3529,27216.33,2.7216,33.3333,0.4586,2.7516,3,0.1765,62215.88,6.2216,66.6667,2.0601,6.1804
69158994,bear,s90|s16|s18,3,0.0702592308,0.0141641248,12.2478,0.0,-25.8099,116,20.6897,0.033631,40,0.3448,254949.44,25.4949,25.0,0.6942,27.7669,25,0.2155,-114648.93,-11.4649,12.0,-0.4033,-10.0833,51,0.4397,208218.42,20.8218,21.5686,0.4045,20.6287
be69a9fe,bull,s55|s3|s78|s96,4,0.0249756023,0.00828127,2.2791,0.0,-5.3693,17,35.2941,0.033623,11,0.6471,7988.46,0.7988,27.2727,0.0789,0.8677,2,0.1176,48528.52,4.8529,100.0,2.4976,4.9951,4,0.2353,465.78,0.0466,25.0,0.0033,0.0132
5a9fa87a,bear,s29|s101|s26,3,0.0334771141,0.0195585903,-3.7989,0.0,-11.916,26,38.4615,0.033509,12,0.4615,76650.73,7.6651,50.0,0.6959,8.3511,6,0.2308,-63464.05,-6.3464,16.6667,-1.0719,-6.4316,8,0.3077,-1095.22,-0.1095,37.5,0.033,0.2638
a8cb6803,bull,s54|s45|s42|s78,4,0.0319059173,0.0180733974,0.3465,0.0,-8.7915,17,41.1765,0.033504,9,0.5294,-65970.91,-6.5971,22.2222,-0.6967,-6.2702,4,0.2353,76449.55,7.645,75.0,1.9411,7.7644,4,0.2353,28173.51,2.8174,50.0,0.6916,2.7665
e6eeb178,bear,s97|s101|s76,3,0.026603233,0.0134804882,7.7595,0.0,-3.2218,8,62.5,0.03342,5,0.625,52928.02,5.2928,60.0,1.057,5.2849,1,0.125,27898.16,2.7898,100.0,2.6603,2.6603,2,0.25,13657.37,1.3657,50.0,0.6561,1.3123
e52d2c7f,bull,s35|s54,2,0.0449301347,0.0169994016,0.6494,0.0,-7.3718,22,31.8182,0.033412,13,0.5909,-103641.78,-10.3642,15.3846,-0.7472,-9.7133,4,0.1818,54567.64,5.4568,50.0,1.3965,5.5861,5,0.2273,100303.48,10.0303,60.0,2.0158,10.0792
29f5b7d6,bear,s28|s89|s26,3,0.0270682003,0.009634639,6.7475,0.0,-3.449,10,50.0,0.033329,6,0.6,52507.26,5.2507,50.0,0.8717,5.2301,3,0.3,7158.17,0.7158,33.3333,0.26,0.7799,1,0.1,28489.56,2.849,100.0,2.7068,2.7068
e8c5baaf,bull,s48|s4|s21,3,0.0457273325,0.0175506766,-0.9665,0.0,-10.6027,29,31.0345,0.033309,15,0.5172,48260.57,4.8261,33.3333,0.3542,5.313,5,0.1724,-28473.86,-2.8474,20.0,-0.4895,-2.4475,9,0.3103,29691.48,2.9691,33.3333,0.3542,3.1878
0266daf4,bull,s95|s32|s4|s78,4,0.0389796477,0.0113862438,-1.8207,0.0,-10.5707,42,26.1905,0.033244,20,0.4762,-75950.41,-7.595,15.0,-0.3831,-7.6627,6,0.1429,74303.45,7.4303,50.0,1.3797,8.278,16,0.381,65707.55,6.5708,31.25,0.4353,6.965
c5b48df5,bear,s57|s50|s90,3,0.0409059522,0.0161139056,1.2998,0.0,-12.0309,24,33.3333,0.033171,7,0.2917,55459.86,5.546,42.8571,0.8323,5.8262,7,0.2917,-696.51,-0.0697,28.5714,0.0177,0.1242,10,0.4167,6215.71,0.6216,30.0,0.0992,0.9921
15eb3c99,bull,s47|s6|s92,3,0.0447319336,0.0168610174,5.84,0.0,-3.7295,13,38.4615,0.033165,6,0.4615,-46236.54,-4.6237,16.6667,-0.6596,-3.9573,1,0.0769,47116.4,4.7116,100.0,4.4732,4.4732,6,0.4615,84916.16,8.4916,50.0,1.3935,8.3613
fff62177,bear,s49|s13|s22,3,0.073444962,0.0188839337,9.6151,0.0,-10.0136,17,29.4118,0.032863,2,0.1176,52246.68,5.2247,50.0,2.7281,5.4561,3,0.1765,-59377.93,-5.9378,0.0,-1.8884,-5.6652,12,0.7059,139647.02,13.9647,33.3333,1.1892,14.2708
e3b5c082,bull,s38|s84|s40,3,0.0652240157,0.0164797594,5.7541,0.0,-13.3185,27,25.9259,0.032853,15,0.5556,-11850.37,-1.185,20.0,-0.0139,-0.2085,4,0.1481,-63836.21,-6.3836,0.0,-1.648,-6.5919,8,0.2963,186130.85,18.6131,50.0,2.4372,19.4977
9e6cafe5,bull,s2|s78|s26,3,0.0514410728,0.0197778943,5.429,0.0,-10.6905,16,37.5,0.032686,8,0.5,127688.29,12.7688,50.0,1.5832,12.6653,4,0.25,65269.5,6.5269,50.0,1.5832,6.3326,4,0.25,-86823.33,-8.6823,0.0,-1.9778,-7.9112
31fce405,bear,s29|s99|s23,3,0.0385453319,0.0150027873,1.1273,0.0,-8.9257,21,33.3333,0.032647,5,0.2381,84929.36,8.4929,60.0,1.7126,8.563,6,0.2857,-38899.86,-3.89,16.6667,-0.6078,-3.6469,10,0.4762,7809.56,0.781,30.0,0.1062,1.0616
f84968a5,bull,s30|s78|s2,3,0.0529464344,0.01207902,2.931,0.0,-14.6302,43,23.2558,0.032337,24,0.5581,27367.15,2.7367,20.8333,0.1468,3.5231,7,0.1628,42348.53,4.2349,28.5714,0.65,4.5498,12,0.2791,51401.21,5.1401,25.0,0.4177,5.0128
d6a0c597,bull,s94|s63|s91,3,0.0533999718,0.0178198856,5.1748,0.0,-14.2616,22,31.8182,0.032282,9,0.4091,-101147.1,-10.1147,11.1111,-0.9907,-8.9159,6,0.2727,184549.7,18.455,66.6667,2.966,17.796,7,0.3182,14300.53,1.4301,28.5714,0.2529,1.7701
e2b541b4,bull,s33|s54|s63,3,0.0352815831,0.0144246222,-1.9426,0.0,-7.9677,25,32.0,0.032163,15,0.6,-120953.46,-12.0953,13.3333,-0.7797,-11.6957,5,0.2,75408.01,7.5408,60.0,1.5399,7.6996,5,0.2,76840.55,7.6841,60.0,1.5399,7.6996
93b6619c,bull,s38|s41|s26,3,0.067596967,0.0083275537,5.2661,0.0,-11.6857,52,15.3846,0.032161,24,0.4615,22625.19,2.2625,12.5,0.1163,2.7912,10,0.1923,-14794.7,-1.4795,10.0,-0.0735,-0.7351,18,0.3462,154811.19,15.4811,22.2222,0.8545,15.3802
b94c4ac1,bull,s91|s95|s84|s42,4,0.0232594691,0.0138169538,-2.8357,0.0,-14.8711,25,40.0,0.032022,14,0.56,29726.58,2.9727,42.8571,0.2073,2.9021,4,0.16,20406.81,2.0407,50.0,0.4721,1.8885,7,0.28,-26095.23,-2.6095,28.5714,-0.3224,-2.2566
046c08d9,bear,s51|s76|s99,3,0.0519057728,0.0171022387,9.3326,0.0,-9.9072,13,38.4615,0.031978,6,0.4615,32210.17,3.221,33.3333,0.59,3.5403,3,0.2308,90095.65,9.0096,66.6667,2.8903,8.6709,4,0.3077,-1452.15,-0.1452,25.0,0.015,0.0599
5558f0e3,bull,s96|s94|s58|s88,4,0.0479259165,0.0123307599,4.2412,0.0,-14.6035,30,26.6667,0.031893,15,0.5,52040.85,5.2041,26.6667,0.3738,5.6065,8,0.2667,20652.53,2.0653,25.0,0.2733,2.1867,7,0.2333,30187.53,3.0188,28.5714,0.4885,3.4198
efc64cd0,bear,s80|s49|s100,3,0.0302975222,0.0120761774,5.5998,0.0,-4.7643,11,45.4545,0.031783,6,0.5455,11324.64,1.1325,33.3333,0.2048,1.229,1,0.0909,30251.5,3.0252,100.0,3.0298,3.0298,4,0.3636,37059.6,3.706,50.0,0.9111,3.6443
afa30792,bull,s84|s47|s32|s14,4,0.06390084,0.0168275479,3.0605,0.0,-14.3717,36,25.0,0.031771,19,0.5278,70511.59,7.0512,26.3158,0.4417,8.3919,2,0.0556,-34799.88,-3.48,0.0,-1.6828,-3.3655,15,0.4167,63792.83,6.3793,26.6667,0.47,7.05
fe8a05c8,bear,s99|s51|s81,3,0.0384076821,0.0132186556,2.5711,0.0,-19.7435,35,31.4286,0.031738,8,0.2286,96534.5,9.6535,50.0,1.2595,10.0756,9,0.2571,82268.39,8.2268,44.4444,0.9726,8.7537,18,0.5143,-83014.61,-8.3015,16.6667,-0.4614,-8.3057
32a9284e,bear,s77|s85|s57|s61,4,0.0674197801,0.0129937435,7.8057,0.0,-9.137,21,23.8095,0.031601,6,0.2857,76175.53,7.6176,33.3333,1.3811,8.2865,7,0.3333,66764.25,6.6764,28.5714,0.9982,6.9871,8,0.381,-23074.24,-2.3074,12.5,-0.2942,-2.3536
f63f804b,bear,s100|s72|s26,3,0.0575010123,0.0122354413,15.5325,0.0,-6.6807,9,44.4444,0.031576,3,0.3333,29866.3,2.9866,33.3333,1.101,3.303,2,0.2222,45440.39,4.544,50.0,2.2633,4.5266,4,0.4444,99808.83,9.9809,50.0,2.2633,9.0531
fedb2a69,bear,s76|s19|s23,3,0.0322774396,0.0146235819,4.9779,0.0,-4.2575,11,45.4545,0.031571,6,0.5455,52091.67,5.2092,50.0,0.8827,5.2962,3,0.2727,2400.86,0.2401,33.3333,0.101,0.303,2,0.1818,17782.53,1.7783,50.0,0.8827,1.7654
219cce29,bear,s17|s52|s22,3,0.0360657628,0.0131673612,-1.114,0.0,-18.924,55,30.9091,0.031499,15,0.2727,95158.48,9.5158,40.0,0.6526,9.7888,14,0.2545,8950.61,0.8951,28.5714,0.0899,1.2589,26,0.4727,-5088.53,-0.5089,26.9231,0.0088,0.228
b5212674,bull,s79|s44|s26,3,0.0220250564,0.0116437573,-8.0842,0.0,-15.5681,57,36.8421,0.031485,30,0.5263,45741.32,4.5741,40.0,0.1824,5.4713,5,0.0877,41047.52,4.1048,60.0,0.8558,4.2788,22,0.386,-52870.2,-5.287,27.2727,-0.2461,-5.415
ce1701e7,bear,s31|s90|s57,3,0.0344624194,0.011923236,4.8744,0.0,-4.6709,13,38.4615,0.031426,4,0.3077,-3088.03,-0.3088,25.0,-0.0327,-0.1307,4,0.3077,44564.52,4.4565,50.0,1.127,4.5078,5,0.3846,33192.52,3.3193,40.0,0.6631,3.3155
f99c57f1,bear,s98|s22|s13,3,0.0620135261,0.0126490281,7.2594,0.0,-8.5397,20,25.0,0.031367,1,0.05,61945.75,6.1946,100.0,6.2014,6.2014,5,0.25,-65036.13,-6.5036,0.0,-1.2649,-6.3245,14,0.7,117002.69,11.7003,28.5714,0.8683,12.1564
5abe681d,bull,s7|s59|s78|s96,4,0.044365832,0.0143185934,-1.2786,0.0,-11.5566,36,27.7778,0.031355,17,0.4722,43779.14,4.3779,29.4118,0.2942,5.0006,6,0.1667,86830.95,8.6831,50.0,1.5024,9.0142,13,0.3611,-69940.12,-6.994,15.3846,-0.529,-6.8773
865be851,bear,s98|s49|s27,3,0.0592217553,0.0183027103,15.0891,0.0,-4.9382,8,50.0,0.031287,1,0.125,59157.03,5.9157,100.0,5.9222,5.9222,3,0.375,21766.49,2.1766,33.3333,0.7539,2.2616,4,0.5,86644.68,8.6645,50.0,2.046,8.1838
47d09cfb,bear,s80|s56|s61|s98|s16,5,0.0419177721,0.0192511542,-3.5079,0.0,-17.5761,44,34.0909,0.031251,11,0.25,81608.73,8.1609,45.4545,0.8553,9.4082,8,0.1818,-32348.1,-3.2348,25.0,-0.3959,-3.1671,25,0.5682,393.64,0.0394,32.0,0.0323,0.8073
9ee4df80,bear,s61|s81|s49|s20,4,0.0585488092,0.0192462444,14.3553,0.0,-4.2672,8,50.0,0.031139,4,0.5,76036.3,7.6036,50.0,1.9651,7.8605,2,0.25,41541.91,4.1542,50.0,1.9651,3.9303,2,0.25,42954.05,4.2954,50.0,1.9651,3.9303
a59f6f11,bear,s100|s90|s77|s66,4,0.0243186928,0.0114573992,4.3563,0.0,-3.9823,10,50.0,0.031096,3,0.3,1255.38,0.1255,33.3333,0.0468,0.1404,3,0.3,37664.05,3.7664,66.6667,1.2393,3.718,4,0.4,25058.55,2.5059,50.0,0.6431,2.5723
58bf8385,bear,s13|s49|s26,3,0.0543710083,0.0116047898,14.5338,0.0,-6.2972,9,44.4444,0.031064,3,0.3333,170580.86,17.0581,100.0,5.4371,16.3113,2,0.2222,-25502.35,-2.5502,0.0,-1.1605,-2.321,4,0.4444,19340.7,1.9341,25.0,0.4889,1.9557
33c8b79e,bear,s77|s97|s100|s19|s25,5,0.0476680212,0.0185633973,-1.2541,0.0,-19.3637,51,31.3725,0.03101,13,0.2549,15031.72,1.5032,30.7692,0.1816,2.3602,12,0.2353,-25753.92,-2.5754,25.0,-0.2006,-2.4067,26,0.5098,94299.6,9.43,34.6154,0.4363,11.3434
ef24f101,bull,s40|s38|s79|s42|s54,5,0.0507923675,0.0178353451,8.0857,0.0,-9.5139,13,38.4615,0.030988,5,0.3846,-24775.78,-2.4776,20.0,-0.411,-2.0549,1,0.0769,-16905.91,-1.6906,0.0,-1.7835,-1.7835,7,0.5385,148395.72,14.8396,57.1429,2.138,14.9663
16a065d9,bear,s37|s57|s26,3,0.0521741346,0.0148951917,1.9165,0.0,-9.659,26,26.9231,0.030918,10,0.3846,48233.38,4.8233,30.0,0.5226,5.2256,7,0.2692,-40964.1,-4.0964,14.2857,-0.5314,-3.7197,9,0.3462,63030.13,6.303,33.3333,0.7461,6.7151
61de3f9e,bull,s83|s87|s44,3,0.0227301145,0.01129907,-3.5981,0.0,-7.6252,23,34.7826,0.030857,15,0.6522,32319.55,3.232,40.0,0.2313,3.4689,4,0.1739,22207.23,2.2207,50.0,0.5716,2.2862,4,0.1739,-45001.84,-4.5002,0.0,-1.1299,-4.5196
779c1de4,bear,s100|s51|s27,3,0.0402597968,0.0187174269,-1.7775,0.0,-12.5613,26,34.6154,0.030707,8,0.3077,-29230.93,-2.9231,25.0,-0.3973,-3.1785,8,0.3077,76930.75,7.6931,50.0,1.0771,8.6169,10,0.3846,-14610.45,-1.461,30.0,-0.1024,-1.0243
95182847,bear,s19|s81|s26,3,0.047536276,0.0153913822,6.6917,0.0,-8.3971,14,35.7143,0.030441,6,0.4286,93123.27,9.3123,50.0,1.6072,9.6435,3,0.2143,17400.86,1.7401,33.3333,0.5585,1.6754,5,0.3571,-15307.63,-1.5308,20.0,-0.2806,-1.4029
5e62b03d,bull,s95|s83|s58,3,0.0526755475,0.0102311345,9.0664,0.0,-3.9868,13,30.7692,0.030319,9,0.6923,95337.53,9.5338,33.3333,1.0738,9.664,1,0.0769,-10348.84,-1.0349,0.0,-1.0231,-1.0231,3,0.2308,32204.26,3.2204,33.3333,1.0738,3.2213
1ab3f56c,bear,s56|s81|s61|s90|s66,5,0.0303251095,0.0099976273,-0.5813,0.0,-10.2919,27,29.6296,0.030071,11,0.4074,-30264.46,-3.0264,18.1818,-0.2666,-2.9328,9,0.3333,70301.24,7.0301,44.4444,0.7924,7.1312,7,0.2593,8884.66,0.8885,28.5714,0.1523,1.0662
a234a530,bull,s73|s46|s15|s68|s3,5,0.0377882965,0.0169809137,4.2447,0.0,-5.5762,12,41.6667,0.03006,8,0.6667,-32931.81,-3.2932,25.0,-0.3289,-2.6309,0,0.0,0.0,0.0,0.0,0.0,0.0,4,0.3333,99959.88,9.996,75.0,2.4096,9.6384
ba5bbe62,bull,s54|s39,2,0.0426115661,0.0184572955,-1.0659,0.0,-8.0613,21,33.3333,0.030052,12,0.5714,-105623.84,-10.5624,16.6667,-0.8279,-9.935,4,0.1905,47940.69,4.7941,50.0,1.2077,4.8309,5,0.2381,90277.88,9.0278,60.0,1.8184,9.092
633eca9b,bear,s72|s28|s100,3,0.0471436244,0.0189007399,7.5664,0.0,-10.0212,12,41.6667,0.030049,6,0.5,17043.22,1.7043,33.3333,0.3114,1.8684,3,0.25,74571.94,7.4572,66.6667,2.5129,7.5387,3,0.25,8420.8,0.8421,33.3333,0.3114,0.9342
10ed8c92,bull,s91|s8|s35|s55,4,0.0334543697,0.0177756882,-9.0252,0.0,-11.2763,43,34.8837,0.02986,20,0.4651,-101679.87,-10.168,25.0,-0.4968,-9.9363,9,0.2093,90167.98,9.0168,55.5556,1.0685,9.6169,14,0.3256,4193.44,0.4193,35.7143,0.0521,0.7291
66cb1e5c,bear,s85|s28,2,0.0472003126,0.0167066863,5.2447,0.0,-7.2743,14,35.7143,0.029764,8,0.5714,55113.05,5.5113,37.5,0.7258,5.8068,4,0.2857,-4895.65,-0.4896,25.0,-0.073,-0.292,2,0.1429,30866.1,3.0866,50.0,1.5247,3.0494
523111b3,bear,s18|s85,2,0.0415928449,0.0115996706,4.2177,0.0,-10.8469,20,30.0,0.029732,10,0.5,-11556.85,-1.1557,20.0,-0.0961,-0.9612,7,0.35,23726.02,2.3726,28.5714,0.3598,2.5187,3,0.15,70690.85,7.0691,66.6667,2.3862,7.1586
e9352aba,bull,s83|s78|s32|s60|s40,5,0.0375419883,0.0154495074,-4.8836,0.0,-13.112,41,31.7073,0.029726,19,0.4634,-33820.73,-3.3821,26.3158,-0.1504,-2.8583,5,0.122,72161.08,7.2161,60.0,1.6345,8.1727,17,0.4146,-692.56,-0.0693,29.4118,0.0136,0.2316
7a34699c,bear,s62|s89|s72,3,0.0211319631,0.0122205513,-6.6355,0.0,-14.2136,35,37.1429,0.029572,17,0.4857,56878.19,5.6878,47.0588,0.3475,5.9071,7,0.2,15284.17,1.5284,42.8571,0.2073,1.4514,11,0.3143,-69524.64,-6.9525,18.1818,-0.6156,-6.7721
ed8c1f70,bear,s81|s16|s56|s22,4,0.073635669,0.0174099407,12.7451,0.0,-9.3338,12,33.3333,0.029515,3,0.25,36282.36,3.6282,33.3333,1.2939,3.8816,2,0.1667,-35492.72,-3.5493,0.0,-1.741,-3.482,7,0.5833,150597.2,15.0597,42.8571,2.161,15.1267
034f219c,bear,s49|s81|s77,3,0.0216205016,0.0110983493,-7.0805,0.0,-17.4411,60,36.6667,0.029355,17,0.2833,101983.92,10.1984,52.9412,0.6223,10.5798,16,0.2667,-13544.94,-1.3545,31.25,-0.0874,-1.3979,27,0.45,-38493.53,-3.8494,29.6296,-0.1404,-3.7905
7519c426,bear,s18|s85|s13,3,0.0412612582,0.0171950647,-0.567,0.0,-22.7957,69,33.3333,0.029345,20,0.2899,112484.95,11.2485,40.0,0.6187,12.3749,17,0.2464,-64482.3,-6.4482,23.5294,-0.3441,-5.8491,32,0.4638,83966.98,8.3967,34.375,0.2899,9.2777
18d8401e,bear,s57|s23|s99|s13|s80,5,0.0326832732,0.0156300956,-0.7183,0.0,-13.2619,22,36.3636,0.02923,4,0.1818,78968.12,7.8968,75.0,2.0605,8.242,6,0.2727,1410.24,0.141,33.3333,0.0474,0.2846,12,0.5455,-42897.75,-4.2898,25.0,-0.3552,-4.2621
d9e0fae5,bear,s17|s62|s13,3,0.0190375996,0.0118036934,-4.4482,0.0,-9.0799,21,38.0952,0.029086,7,0.3333,39809.57,3.981,57.1429,0.582,4.0739,8,0.381,-32229.57,-3.223,25.0,-0.4093,-3.2747,6,0.2857,-9955.49,-0.9955,33.3333,-0.1523,-0.914
d31a2679,bear,s66|s90|s100,3,0.0551013869,0.0189417151,3.5974,0.0,-11.1874,19,31.5789,0.028714,8,0.4211,66198.02,6.6198,37.5,0.8824,7.0596,5,0.2632,52783.36,5.2783,40.0,1.0676,5.3378,6,0.3158,-44169.25,-4.4169,16.6667,-0.6601,-3.9607
712808e2,bear,s31|s13|s28|s56,4,0.0533608453,0.0171410052,3.0427,0.0,-10.1365,20,30.0,0.028705,2,0.1,104524.75,10.4525,100.0,5.3361,10.6722,6,0.3,-103856.83,-10.3857,0.0,-1.7141,-10.2846,12,0.6,69688.01,6.9688,33.3333,0.636,7.6315
33f6dd6d,bear,s77|s89,2,0.0534123426,0.0109440099,5.6837,0.0,-8.715,20,25.0,0.028636,8,0.4,-26011.54,-2.6012,12.5,-0.2899,-2.3196,5,0.25,68113.76,6.8114,40.0,1.4799,7.3993,7,0.35,55702.65,5.5703,28.5714,0.7444,5.2105
780d8a88,bear,s77|s49,2,0.0456903385,0.0132314374,9.8911,0.0,-4.9663,9,44.4444,0.02844,2,0.2222,93696.99,9.3697,100.0,4.569,9.1381,3,0.3333,18816.79,1.8817,33.3333,0.6409,1.9227,4,0.4444,5035.68,0.5036,25.0,0.1499,0.5996
857d92ef,bear,s18|s98|s37|s76,4,0.0367956849,0.0145762089,10.8925,0.0,-2.3184,6,66.6667,0.028394,3,0.5,58990.53,5.8991,66.6667,1.9672,5.9015,1,0.1667,38707.01,3.8707,100.0,3.6796,3.6796,2,0.3333,23523.7,2.3524,50.0,1.111,2.2219
67e0a3b9,bull,s95|s10|s26,3,0.0264760456,0.0140219503,-5.5287,0.0,-9.0535,26,34.6154,0.028377,14,0.5385,4752.07,0.4752,35.7143,0.0442,0.6183,4,0.1538,-17015.6,-1.7016,25.0,-0.3897,-1.559,8,0.3077,7725.84,0.7726,37.5,0.1165,0.9318
bbfa0231,bear,s61|s76|s52|s25,4,0.0342768562,0.0114305785,-5.3943,0.0,-10.8276,51,27.451,0.028293,10,0.1961,19184.24,1.9184,30.0,0.2282,2.2817,19,0.3725,-36227.37,-3.6227,21.0526,-0.1808,-3.4351,22,0.4314,61892.58,6.1893,31.8182,0.3113,6.8479
3a87495c,bear,s16|s100|s49|s80,4,0.0439023775,0.0196553579,10.3537,0.0,-3.621,7,57.1429,0.028277,3,0.4286,69720.58,6.9721,66.6667,2.2716,6.8149,1,0.1429,-20015.26,-2.0015,0.0,-1.9655,-1.9655,3,0.4286,68050.49,6.805,66.6667,2.2716,6.8149
8ddebd47,bull,s47|s40|s26,3,0.0353530211,0.0112943421,9.5145,0.0,-2.6363,7,57.1429,0.028221,4,0.5714,48021.39,4.8021,50.0,1.2029,4.8117,1,0.1429,36491.07,3.6491,100.0,3.5353,3.5353,2,0.2857,25383.0,2.5383,50.0,1.2029,2.4059
bcaed218,bear,s89|s72|s66,3,0.0702271079,0.0103698931,8.4484,0.0,-12.4763,25,20.0,0.028182,13,0.52,21178.92,2.1179,15.3846,0.203,2.6385,5,0.2,108846.77,10.8847,40.0,2.1869,10.9345,7,0.28,8069.69,0.807,14.2857,0.1144,0.8008
ac0fb32e,bear,s57|s72|s66|s17|s76,5,0.0493948274,0.0131129421,9.8411,0.0,-6.3058,10,40.0,0.028089,4,0.4,74401.58,7.4402,50.0,1.8141,7.2564,3,0.3,-40827.91,-4.0828,0.0,-1.3113,-3.9339,3,0.3,84945.91,8.4946,66.6667,2.8559,8.5677
6441d0f7,bear,s49|s25|s23,3,0.0252636504,0.0155112501,2.7032,0.0,-6.911,10,50.0,0.028016,3,0.3,76390.93,7.6391,100.0,2.5264,7.5791,3,0.3,-6487.68,-0.6488,33.3333,-0.192,-0.5759,4,0.4,-22321.08,-2.2321,25.0,-0.5318,-2.127
be3a6604,bull,s35|s46|s95|s75,4,0.0483097937,0.0183861374,2.4685,0.0,-10.6945,18,33.3333,0.028005,11,0.6111,-7983.79,-0.7984,27.2727,-0.0196,-0.216,2,0.1111,28917.32,2.8917,50.0,1.4962,2.9924,5,0.2778,41560.21,4.156,40.0,0.8292,4.1461
f1998cd3,bear,s90|s18|s23|s77,4,0.0217203005,0.0081811557,-5.6971,0.0,-15.3368,93,32.2581,0.027976,32,0.3441,-22418.8,-2.2419,25.0,-0.0706,-2.2585,19,0.2043,49735.8,4.9736,36.8421,0.2835,5.3868,42,0.4516,102627.63,10.2628,35.7143,0.2498,10.4913
43fc42b7,bear,s77|s89|s26,3,0.052900162,0.0165719827,3.6098,0.0,-11.6227,20,30.0,0.027828,7,0.35,-49435.35,-4.9435,14.2857,-0.6647,-4.6532,5,0.25,46454.34,4.6454,40.0,1.1217,5.6084,8,0.4,79625.96,7.9626,37.5,0.948,7.5841
d4f30936,bear,s100|s18,2,0.0566203793,0.0189670819,2.3153,0.0,-15.6454,27,29.6296,0.027655,14,0.5185,106433.35,10.6433,35.7143,0.8028,11.2398,6,0.2222,-42072.56,-4.2073,16.6667,-0.6369,-3.8215,7,0.2593,17509.63,1.751,28.5714,0.2629,1.8405
d6ffc2bb,bear,s89|s37,2,0.0395108826,0.0107516965,1.0702,0.0,-14.4135,34,26.4706,0.027507,19,0.5588,-9877.26,-0.9877,21.0526,-0.017,-0.3232,8,0.2353,62883.31,6.2883,37.5,0.8097,6.4774,7,0.2059,28026.37,2.8026,28.5714,0.3609,2.5263
14514469,bull,s41|s34,2,0.0391906236,0.0122013656,1.7809,0.0,-21.6955,116,28.4483,0.027382,50,0.431,45743.27,4.5743,26.0,0.1161,5.8028,28,0.2414,-37019.74,-3.702,21.4286,-0.1189,-3.3286,38,0.3276,234263.28,23.4263,36.8421,0.6733,25.5836
75bfa510,bear,s77|s100|s20|s62,4,0.0346775946,0.0145906958,4.4659,0.0,-9.6575,12,41.6667,0.027334,6,0.5,9836.0,0.9836,33.3333,0.1832,1.0992,3,0.25,54211.98,5.4212,66.6667,1.8255,5.4764,3,0.25,4856.97,0.4857,33.3333,0.1832,0.5496
693a24bd,bull,s5|s47,2,0.0720913364,0.017172332,10.1369,0.0,-9.3198,13,30.7692,0.027273,6,0.4615,-26634.92,-2.6635,16.6667,-0.2295,-1.377,2,0.1538,-38023.55,-3.8024,0.0,-1.7172,-3.4345,5,0.3846,194681.58,19.4682,60.0,3.6386,18.1929
4dd9a43a,bull,s15|s47|s93,3,0.0305874029,0.0152830894,0.1435,0.0,-4.0625,13,38.4615,0.02698,7,0.5385,-63748.53,-6.3749,14.2857,-0.873,-6.1111,1,0.0769,30803.61,3.0804,100.0,3.0587,3.0587,5,0.3846,60678.16,6.0678,60.0,1.2239,6.1196
16ab165d,bull,s73|s54|s35,3,0.0282846378,0.0145174109,-5.5334,0.0,-11.6369,29,34.4828,0.026914,15,0.5172,-132441.6,-13.2442,13.3333,-0.881,-13.2157,5,0.1724,53687.44,5.3687,60.0,1.1164,5.5819,9,0.3103,81497.86,8.1498,55.5556,0.9262,8.3354
581ebf0a,bull,s6|s88|s78,3,0.0266452963,0.011396838,-7.124,0.0,-14.413,70,32.8571,0.026836,26,0.3714,5398.19,0.5398,30.7692,0.0308,0.8019,16,0.2286,43986.92,4.3987,37.5,0.2869,4.5903,28,0.4,16623.06,1.6623,32.1429,0.0831,2.3268
181fdaa6,bull,s40|s7|s48,3,0.0593069547,0.0167250785,-0.1141,0.0,-14.6899,44,25.0,0.026817,19,0.4318,-22052.83,-2.2053,21.0526,-0.0718,-1.3648,7,0.1591,-111985.48,-11.1985,0.0,-1.6725,-11.7076,18,0.4091,208197.68,20.8198,38.8889,1.2843,23.1173
00ee4c2f,bull,s21|s53|s27,3,0.0402620015,0.0096107571,0.5055,0.0,-15.6209,67,23.8806,0.026801,29,0.4328,64052.17,6.4052,24.1379,0.2427,7.0397,15,0.2239,57434.26,5.7434,26.6667,0.3689,5.533,23,0.3433,27110.08,2.711,21.7391,0.1231,2.8316
b86a7d78,bear,s51|s23|s61,3,0.0338759922,0.0158634512,3.1222,0.0,-8.6166,12,41.6667,0.026793,3,0.25,49731.95,4.9732,66.6667,1.7296,5.1889,2,0.1667,16489.82,1.649,50.0,0.9006,1.8013,7,0.5833,-12045.47,-1.2045,28.5714,-0.1652,-1.1565
8c1e332b,bull,s73|s21|s30,3,0.0226463993,0.01393731,-4.8452,0.0,-6.9725,19,36.8421,0.026687,6,0.3158,24658.58,2.4659,50.0,0.4355,2.6127,3,0.1579,-5815.34,-0.5815,33.3333,-0.1743,-0.5228,10,0.5263,-30152.63,-3.0153,30.0,-0.2962,-2.9622
f0f46b36,bear,s16|s20|s29,3,0.0652315896,0.0155528534,6.3529,0.0,-23.3238,59,23.7288,0.026627,20,0.339,75447.49,7.5447,25.0,0.4643,9.2865,11,0.1864,-82920.78,-8.2921,9.0909,-0.8209,-9.0297,28,0.4746,187532.69,18.7533,28.5714,0.7528,21.0796
8fa76b56,bull,s78|s63|s95,3,0.0249298447,0.0132140922,7.809,0.0,-2.0691,5,80.0,0.026503,2,0.4,50958.99,5.0959,100.0,2.493,4.986,1,0.2,25473.68,2.5474,100.0,2.493,2.493,2,0.4,12121.67,1.2122,50.0,0.5858,1.1716
87d9d60e,bear,s16|s99|s28,3,0.0380471709,0.0112255692,2.0301,0.0,-21.6804,90,27.7778,0.026413,24,0.2667,113816.27,11.3816,33.3333,0.5199,12.4768,19,0.2111,26213.84,2.6214,26.3158,0.1741,3.3078,47,0.5222,50393.87,5.0394,25.5319,0.1355,6.3671
c4eaff39,bull,s46|s3,2,0.0230472776,0.0135134221,-3.0856,0.0,-6.0511,16,37.5,0.026241,12,0.75,-17022.8,-1.7023,33.3333,-0.1327,-1.5918,0,0.0,0.0,0.0,0.0,0.0,0.0,4,0.25,17959.22,1.7959,50.0,0.4767,1.9068
1280238c,bear,s90|s85,2,0.0488927367,0.0127307143,5.2401,0.0,-10.6761,17,29.4118,0.026237,8,0.4706,18829.05,1.8829,25.0,0.2675,2.1401,6,0.3529,44895.24,4.4895,33.3333,0.781,4.6863,3,0.1765,22901.43,2.2901,33.3333,0.781,2.3431
0dfde92b,bear,s71|s18|s20,3,0.0730108596,0.0131164991,8.0029,0.0,-21.6249,61,19.6721,0.026153,20,0.3279,150330.97,15.0331,25.0,0.8415,16.8307,8,0.1311,-15880.58,-1.5881,12.5,-0.2351,-1.8805,33,0.541,67223.68,6.7224,18.1818,0.2543,8.392
0180aaf4,bull,s38|s68,2,0.03109792,0.0135321595,6.996,0.0,-4.5789,7,57.1429,0.025995,1,0.1429,-13308.54,-1.3309,0.0,-1.3532,-1.3532,2,0.2857,19198.35,1.9198,50.0,0.8783,1.7566,4,0.5714,78020.0,7.802,75.0,1.994,7.9762
cdede8f6,bear,s31|s62|s100|s18|s86,5,0.0329192527,0.0192961077,-1.4558,0.0,-16.4071,20,40.0,0.025982,9,0.45,87511.61,8.7512,55.5556,0.9712,8.7412,4,0.2,-27277.23,-2.7277,25.0,-0.6242,-2.4969,7,0.35,-32549.16,-3.2549,28.5714,-0.4377,-3.0642
9170d8ed,bull,s42|s21|s26,3,0.0240908547,0.0135131327,-6.6713,0.0,-9.0746,26,34.6154,0.025967,15,0.5769,20898.72,2.0899,40.0,0.1528,2.2927,6,0.2308,-6995.61,-0.6996,33.3333,-0.0978,-0.5871,5,0.1923,-29602.89,-2.9603,20.0,-0.5992,-2.9962
e5a9bcf3,bear,s90|s29|s57|s52|s77,5,0.0222289804,0.0125382967,-9.7715,0.0,-17.5004,97,39.1753,0.025939,31,0.3196,22149.61,2.215,38.7097,0.092,2.852,22,0.2268,28819.21,2.8819,40.9091,0.1685,3.7063,44,0.4536,36019.6,3.602,38.6364,0.0895,3.9359
54d44ba9,bear,s56|s89|s67,3,0.042626912,0.017716969,6.1558,0.0,-4.9416,9,44.4444,0.025764,4,0.4444,-11464.11,-1.1464,25.0,-0.2631,-1.0524,3,0.3333,66063.34,6.6063,66.6667,2.2512,6.7537,2,0.2222,25233.88,2.5234,50.0,1.2455,2.491
e5086a26,bear,s62|s90|s18,3,0.0580741948,0.0155216404,6.8984,0.0,-25.6395,96,25.0,0.025675,34,0.3542,22546.85,2.2547,23.5294,0.1795,6.1031,25,0.2604,-33646.78,-3.3647,20.0,-0.0802,-2.0062,37,0.3854,257698.0,25.7698,29.7297,0.6358,23.5253
648755f4,bear,s49|s62|s27,3,0.0514227982,0.0154417283,3.054,0.0,-8.4206,17,29.4118,0.025564,5,0.2941,53359.51,5.336,40.0,1.1304,5.652,4,0.2353,4308.97,0.4309,25.0,0.1274,0.5098,8,0.4706,7682.12,0.7682,25.0,0.1274,1.0195
2ded1682,bull,s68|s7,2,0.0440608846,0.016272016,1.0379,0.0,-6.4264,15,33.3333,0.025462,4,0.2667,-8370.08,-0.837,25.0,-0.1189,-0.4755,3,0.2,-49355.58,-4.9356,0.0,-1.6272,-4.8816,8,0.5333,109593.76,10.9594,50.0,1.3894,11.1155
3fb84d38,bear,s62|s29|s99,3,0.0425309525,0.0172290737,-1.2994,0.0,-10.8338,22,31.8182,0.025412,5,0.2273,89988.44,8.9988,60.0,1.8627,9.3135,6,0.2727,-102633.55,-10.2634,0.0,-1.7229,-10.3374,11,0.5,42336.32,4.2336,36.3636,0.4502,4.952
c87f313b,bull,s21|s83|s65,3,0.0237187623,0.0107931522,-2.9391,0.0,-9.3482,21,33.3333,0.025284,11,0.5238,18106.08,1.8106,36.3636,0.1757,1.9323,4,0.1905,25907.66,2.5908,50.0,0.6463,2.5851,6,0.2857,-30921.04,-3.0921,16.6667,-0.5041,-3.0247
c7e245bb,bear,s77|s25|s49|s66|s90,5,0.0431396591,0.0084413015,3.4254,0.0,-8.3129,21,23.8095,0.02528,7,0.3333,-58293.91,-5.8294,0.0,-0.8441,-5.9089,5,0.2381,107481.08,10.7481,60.0,2.2507,11.2536,9,0.4286,26526.38,2.6526,22.2222,0.3021,2.719
6eb4bae2,bull,s94|s87,2,0.0687460182,0.0099008081,14.3055,0.0,-3.936,8,37.5,0.025266,4,0.5,35698.05,3.5698,25.0,0.9761,3.9044,1,0.125,-10423.41,-1.0423,0.0,-0.9901,-0.9901,3,0.375,135146.32,13.5146,66.6667,4.253,12.7591
20a549aa,bear,s90|s23|s27,3,0.0649910202,0.0159257796,7.3804,0.0,-25.1546,59,23.7288,0.025244,24,0.4068,-3906.21,-0.3906,20.8333,0.0932,2.2365,15,0.2542,2455.93,0.2456,20.0,0.0258,0.3864,20,0.339,167683.92,16.7684,30.0,0.8349,16.6985
f9dd0fa6,bear,s49|s13,2,0.0200624325,0.0105740305,0.0954,0.0,-6.8216,12,41.6667,0.02518,3,0.25,29599.57,2.96,66.6667,0.985,2.9551,5,0.4167,8660.36,0.866,40.0,0.1681,0.8403,4,0.3333,-12439.37,-1.2439,25.0,-0.2915,-1.166
06eb0515,bear,s81|s25|s100,3,0.0799387745,0.0122921129,13.2464,0.0,-5.7171,10,30.0,0.025167,6,0.6,108835.01,10.8835,33.3333,1.8452,11.0709,3,0.3,-42291.97,-4.2292,0.0,-1.2292,-3.6876,1,0.1,87597.28,8.7597,100.0,7.9939,7.9939
808eff39,bear,s57|s20|s99|s18,4,0.0489584363,0.0080376012,1.6255,0.0,-12.2882,65,18.4615,0.025022,18,0.2769,-34080.41,-3.408,11.1111,-0.1705,-3.0685,14,0.2154,107845.8,10.7846,28.5714,0.8247,11.5458,33,0.5077,67061.25,6.7061,18.1818,0.2325,7.6735
3c4de87d,bear,s28|s52|s99|s100,4,0.0661825157,0.0162022645,3.9228,0.0,-16.8568,33,24.2424,0.02498,9,0.2727,14974.08,1.4974,22.2222,0.2105,1.8949,8,0.2424,29165.92,2.9166,25.0,0.4394,3.5151,16,0.4848,68598.65,6.8599,25.0,0.4394,7.0303
77893d2c,bear,s57|s85|s29,3,0.029760635,0.0152346602,4.0812,0.0,-3.4167,8,50.0,0.024972,3,0.375,89861.34,8.9861,100.0,2.9761,8.9282,3,0.375,-1150.29,-0.115,33.3333,-0.0236,-0.0709,2,0.25,-31597.87,-3.1598,0.0,-1.5235,-3.0469
338753b7,bull,s88|s65|s2|s92,4,0.0799290903,0.0173324018,23.9702,0.0,-2.9695,4,75.0,0.024958,3,0.75,151948.23,15.1948,66.6667,4.7509,14.2526,0,0.0,0.0,0.0,0.0,0.0,0.0,1,0.25,84394.26,8.4394,100.0,7.9929,7.9929
30cc3fcd,bear,s67|s89|s77,3,0.0490072406,0.0179636874,1.3595,0.0,-11.5314,19,31.5789,0.024921,7,0.3684,-60586.33,-6.0586,14.2857,-0.8396,-5.8775,5,0.2632,34292.76,3.4293,40.0,0.8825,4.4123,7,0.3684,77889.26,7.7889,42.8571,1.0738,7.5167
37ec4661,bear,s76|s101,2,0.0243577016,0.0139088484,4.1171,0.0,-3.306,7,57.1429,0.024917,4,0.5714,19568.93,1.9569,50.0,0.5224,2.0898,1,0.1429,25432.43,2.5432,100.0,2.4358,2.4358,2,0.2857,10739.94,1.074,50.0,0.5224,1.0449
7e61ee98,bull,s33|s24|s10,3,0.0401202435,0.0165261146,-2.9167,0.0,-20.8165,100,33.0,0.024884,38,0.38,42495.95,4.2496,31.5789,0.1362,5.1764,15,0.15,86211.55,8.6212,40.0,0.6132,9.1986,47,0.47,51082.29,5.1082,31.9149,0.1553,7.2968
2c92d88f,bull,s55|s35|s26,3,0.0679289123,0.0143105491,5.7569,0.0,-11.76,21,23.8095,0.024854,11,0.5238,1285.35,0.1285,18.1818,0.0642,0.7063,4,0.1905,22129.73,2.213,25.0,0.6249,2.4997,6,0.2857,79594.33,7.9594,33.3333,1.3103,7.8616
fa823654,bear,s23|s90|s26,3,0.0274684028,0.0141378506,3.6175,0.0,-3.201,8,50.0,0.024779,7,0.875,24792.8,2.4793,42.8571,0.3693,2.5854,0,0.0,0.0,0.0,0.0,0.0,0.0,1,0.125,27481.04,2.7481,100.0,2.7468,2.7468
db80bff2,bull,s87|s11,2,0.0373902461,0.0177945345,-3.0721,0.0,-6.299,18,33.3333,0.024773,8,0.4444,20612.63,2.0613,37.5,0.29,2.3198,4,0.2222,-17595.43,-1.7595,25.0,-0.3998,-1.5993,6,0.3333,1603.91,0.1604,33.3333,0.06,0.3602
a59517f6,bear,s100|s50|s22,3,0.0225460839,0.0121857131,-2.0602,0.0,-8.966,16,37.5,0.024756,4,0.25,21013.33,2.1013,50.0,0.518,2.0721,6,0.375,-3592.39,-0.3592,33.3333,-0.0608,-0.3651,6,0.375,-5183.77,-0.5184,33.3333,-0.0608,-0.3651
5ac6b8c9,bear,s57|s17|s29|s81,4,0.0271668513,0.0169040188,4.3077,0.0,-3.9913,7,57.1429,0.024736,4,0.5714,64731.91,6.4732,75.0,1.6149,6.4597,2,0.2857,10469.24,1.0469,50.0,0.5131,1.0263,1,0.1429,-17849.67,-1.785,0.0,-1.6904,-1.6904
6c3691c0,bear,s49|s16|s89,3,0.0672517869,0.0107732631,4.8328,0.0,-5.8319,20,20.0,0.024734,10,0.5,43875.38,4.3875,20.0,0.4832,4.8317,4,0.2,-45619.28,-4.5619,0.0,-1.0773,-4.3093,6,0.3,91197.65,9.1198,33.3333,1.5235,9.1411
7a848746,bear,s20|s51|s85,3,0.0493127478,0.0175765065,6.8551,0.0,-8.2292,10,40.0,0.024547,4,0.4,62249.66,6.225,50.0,1.5868,6.3472,1,0.1,47991.11,4.7991,100.0,4.9313,4.9313,5,0.5,-22373.77,-2.2374,20.0,-0.4199,-2.0993
f4f4fc8d,bear,s76|s13|s19|s16,4,0.0403052953,0.0119329652,-2.5553,0.0,-13.8394,46,26.087,0.0244,12,0.2609,113271.58,11.3272,41.6667,0.9833,11.7996,11,0.2391,-80848.76,-8.0849,9.0909,-0.7184,-7.9024,23,0.5,35663.93,3.5664,26.087,0.1694,3.8971
7f18045c,bear,s76|s97|s18,3,0.0330355862,0.0140338902,4.2319,0.0,-4.9383,9,44.4444,0.02438,5,0.5556,21984.19,2.1984,40.0,0.4794,2.397,2,0.2222,19400.97,1.9401,50.0,0.9501,1.9002,2,0.2222,19581.81,1.9582,50.0,0.9501,1.9002
cb546bc7,bull,s30|s38|s40,3,0.0504161224,0.0133789639,2.7095,0.0,-18.152,34,26.4706,0.02434,15,0.4412,-69000.28,-6.9,13.3333,-0.4873,-7.3094,7,0.2059,29091.68,2.9092,28.5714,0.4848,3.3937,12,0.3529,140581.61,14.0582,41.6667,1.3202,15.8428
c0cf83d7,bear,s72|s81|s28|s22|s67,5,0.0284467042,0.0163995301,4.992,0.0,-5.8954,7,57.1429,0.024319,3,0.4286,85075.27,8.5075,100.0,2.8447,8.534,4,0.5714,-21207.06,-2.1207,25.0,-0.5188,-2.0752,0,0.0,0.0,0.0,0.0,0.0,0.0
9ccbefae,bull,s94|s53,2,0.0297978226,0.0096928538,-3.4873,0.0,-10.3983,33,27.2727,0.024205,17,0.5152,-47534.93,-4.7535,17.6471,-0.2724,-4.6306,10,0.303,59734.34,5.9734,40.0,0.6103,6.1034,6,0.1818,18631.87,1.8632,33.3333,0.3471,2.0824
0ea99cb0,bull,s42|s48|s58|s40,4,0.0197443817,0.0088375456,2.7058,0.0,-3.2103,8,50.0,0.024191,5,0.625,12814.94,1.2815,40.0,0.2595,1.2976,2,0.25,40062.01,4.0062,100.0,1.9744,3.9489,1,0.125,-9368.32,-0.9368,0.0,-0.8838,-0.8838
794629a9,bear,s22|s72|s50|s23,4,0.0249501827,0.013426288,0.4662,0.0,-8.8268,12,41.6667,0.024092,2,0.1667,49402.83,4.9403,100.0,2.495,4.99,5,0.4167,9166.04,0.9166,40.0,0.1924,0.9622,5,0.4167,-29400.31,-2.94,20.0,-0.5751,-2.8755
89662bba,bear,s100|s62|s25,3,0.0514172495,0.0170064528,3.0586,0.0,-10.2665,16,31.25,0.024059,8,0.5,-2236.34,-0.2236,25.0,0.0099,0.0796,3,0.1875,15615.69,1.5616,33.3333,0.5801,1.7404,5,0.3125,49779.29,4.9779,40.0,1.0363,5.1815
718698fc,bear,s49|s13|s77|s37,4,0.0527331302,0.0128247033,0.2965,0.0,-10.4906,30,23.3333,0.023828,4,0.1333,77506.01,7.7506,50.0,1.9954,7.9817,9,0.3,-52556.72,-5.2557,11.1111,-0.554,-4.9864,17,0.5667,39370.58,3.9371,23.5294,0.2601,4.4211
d3f5f196,bear,s31|s99|s17,3,0.0503545414,0.01222418,-1.0481,0.0,-13.2501,48,22.9167,0.023815,11,0.2292,48466.31,4.8466,27.2727,0.4843,5.327,10,0.2083,-60035.34,-6.0035,10.0,-0.5966,-5.9663,27,0.5625,95905.93,9.5906,25.9259,0.4,10.7998
b4c205da,bear,s49|s72,2,0.0729575547,0.0175177318,13.5212,0.0,-4.3356,7,42.8571,0.023751,2,0.2857,52617.83,5.2618,50.0,2.772,5.544,2,0.2857,57782.76,5.7783,50.0,2.772,5.544,3,0.4286,40018.24,4.0018,33.3333,1.2641,3.7922
ee09a811,bear,s37|s77|s20|s98,4,0.0373552086,0.0137613319,-3.6078,0.0,-11.4696,31,29.0323,0.023719,8,0.2581,38583.82,3.8584,37.5,0.5407,4.3259,7,0.2258,3351.25,0.3351,28.5714,0.0843,0.5904,16,0.5161,-19600.55,-1.9601,25.0,-0.0982,-1.5715
234a3587,bear,s31|s50|s90,3,0.0447552601,0.0158607456,-0.7403,0.0,-14.005,27,29.6296,0.023713,9,0.3333,153888.75,15.3889,55.5556,1.7815,16.0333,5,0.1852,-79293.59,-7.9294,0.0,-1.5861,-7.9304,13,0.4815,-29561.26,-2.9561,23.0769,-0.1872,-2.4342
e0217a16,bear,s99|s100|s71,3,0.0786565243,0.0119203383,7.3777,0.0,-10.0888,20,20.0,0.023698,8,0.4,81876.23,8.1876,25.0,1.0724,8.5791,4,0.2,-51917.49,-5.1917,0.0,-1.192,-4.7681,8,0.4,87111.93,8.7112,25.0,1.0724,8.5791
de8ffbb0,bull,s91|s48|s10|s21,4,0.0390850305,0.0169750288,5.1013,0.0,-7.3627,9,44.4444,0.023697,3,0.3333,-51122.51,-5.1123,0.0,-1.6975,-5.0925,2,0.2222,73675.83,7.3676,100.0,3.9085,7.817,4,0.4444,46260.18,4.626,50.0,1.1055,4.422
ed4b4426,bear,s37|s51|s26,3,0.0361196567,0.0171975814,-0.6655,0.0,-6.631,14,35.7143,0.023685,8,0.5714,-32393.37,-3.2393,25.0,-0.3868,-3.0946,1,0.0714,33863.96,3.3864,100.0,3.612,3.612,5,0.3571,19171.61,1.9172,40.0,0.4129,2.0647
59217fd2,bear,s77|s22|s28|s16,4,0.0798708576,0.0151517791,12.8819,0.0,-6.6849,9,33.3333,0.023665,1,0.1111,79786.3,7.9786,100.0,7.9871,7.9871,1,0.1111,-16313.58,-1.6314,0.0,-1.5152,-1.5152,7,0.7778,84190.19,8.419,28.5714,1.1998,8.3983
fcdfb0e9,bear,s100|s23|s27,3,0.0333862606,0.0143591028,-1.2398,0.0,-9.7971,18,33.3333,0.023634,7,0.3889,-5592.42,-0.5592,28.5714,-0.0718,-0.5023,5,0.2778,-26426.63,-2.6427,20.0,-0.481,-2.405,6,0.3333,56123.25,5.6123,50.0,0.9514,5.7081
5ed77cad,bear,s19|s85|s25|s52|s22,5,0.0724896463,0.0191751597,1.3941,0.0,-15.5444,37,24.3243,0.023618,8,0.2162,114081.32,11.4081,37.5,1.5199,12.1593,10,0.2703,-197283.45,-19.7283,0.0,-1.9175,-19.1752,19,0.5135,173302.08,17.3302,31.5789,0.9772,18.5661
c72a4a99,bull,s41|s79|s26,3,0.0415107084,0.0184245825,-2.8434,0.0,-10.8289,21,33.3333,0.023579,10,0.4762,-8623.83,-0.8624,30.0,-0.0444,-0.444,2,0.0952,20230.11,2.023,50.0,1.1543,2.3086,9,0.4286,11171.56,1.1172,33.3333,0.1554,1.3985
95e050f6,bull,s95|s8|s33|s42|s78,5,0.0362535236,0.0198645611,-5.4011,0.0,-23.7502,80,38.75,0.023395,29,0.3625,-23063.82,-2.3064,34.4828,-0.0513,-1.4891,16,0.2,116702.66,11.6703,50.0,0.8194,13.1112,35,0.4375,12182.04,1.2182,37.1429,0.0979,3.4275
d9157022,bull,s21|s11,2,0.071945048,0.0142038766,4.4843,0.0,-10.7752,23,21.7391,0.023381,9,0.3913,123544.18,12.3544,33.3333,1.4512,13.0612,5,0.2174,12037.62,1.2038,20.0,0.3026,1.513,9,0.3913,-43502.22,-4.3502,11.1111,-0.4632,-4.1686
ca0e646f,bull,s6|s54|s12|s88,4,0.0236827553,0.0133846214,-5.0033,0.0,-8.8666,20,35.0,0.023355,10,0.5,-96994.48,-9.6994,10.0,-0.9678,-9.6779,8,0.4,40384.86,4.0385,50.0,0.5149,4.1193,2,0.1,46479.38,4.6479,100.0,2.3683,4.7366
03136787,bear,s90|s81,2,0.0591595174,0.0089706987,6.7306,0.0,-13.1351,27,18.5185,0.023259,12,0.4444,27581.2,2.7581,16.6667,0.2384,2.8612,8,0.2963,-6715.85,-0.6716,12.5,-0.0454,-0.3635,7,0.2593,71218.25,7.1218,28.5714,1.0495,7.3466
f7c819e2,bull,s63|s39|s40,3,0.0308011332,0.0181452482,-6.0059,0.0,-14.7186,27,37.037,0.023183,12,0.4444,68957.15,6.8957,50.0,0.6328,7.5935,6,0.2222,-59292.12,-5.9292,16.6667,-0.9988,-5.9925,9,0.3333,-17998.46,-1.7998,33.3333,-0.183,-1.6468
185de92d,bear,s101|s25|s97|s20,4,0.0304662674,0.0168811944,-7.1781,0.0,-17.5961,41,36.5854,0.02317,14,0.3415,86857.64,8.6858,50.0,0.6793,9.5096,9,0.2195,-11948.51,-1.1949,33.3333,-0.1099,-0.9888,18,0.439,-68447.94,-6.8448,27.7778,-0.3729,-6.7124
596d83ad,bull,s39|s78,2,0.0659726385,0.0093974267,4.0298,0.0,-11.5152,35,17.1429,0.023102,17,0.4857,59275.87,5.9276,17.6471,0.3903,6.6354,6,0.1714,99136.8,9.9137,33.3333,1.5726,9.4356,12,0.3429,-42516.4,-4.2516,8.3333,-0.3117,-3.7399
b6d0d474,bear,s100|s72,2,0.0773365918,0.017866256,14.7564,0.0,-7.5533,7,42.8571,0.023091,3,0.4286,36555.0,3.6555,33.3333,1.3868,4.1604,2,0.2857,60525.8,6.0526,50.0,2.9735,5.947,2,0.2857,65806.99,6.5807,50.0,2.9735,5.947
8a8a4ded,bull,s1|s55,2,0.0452516378,0.0193873584,-2.7474,0.0,-10.6794,22,31.8182,0.023068,13,0.5909,-65329.33,-6.5329,23.0769,-0.4471,-5.8119,4,0.1818,52040.53,5.2041,50.0,1.2932,5.1729,5,0.2273,31350.3,3.135,40.0,0.6468,3.2341
5728ef56,bear,s49|s100|s90,3,0.0654318856,0.0088317738,7.4429,0.0,-10.7333,20,20.0,0.023029,8,0.4,73435.89,7.3436,25.0,0.9734,7.7873,6,0.3,21557.46,2.1557,16.6667,0.3546,2.1273,6,0.3,21760.57,2.1761,16.6667,0.3546,2.1273
a59b61ae,bull,s60|s68|s40,3,0.0212312031,0.0126573768,-7.2438,0.0,-12.3851,28,35.7143,0.022967,15,0.5357,-21268.5,-2.1268,33.3333,-0.1361,-2.0418,4,0.1429,15835.93,1.5836,50.0,0.4287,1.7148,9,0.3214,-14335.01,-1.4335,33.3333,-0.1361,-1.2251
3ab456f6,bull,s78|s54|s36|s48,4,0.0284467944,0.0183673439,-1.3426,0.0,-8.0012,12,41.6667,0.02295,8,0.6667,-55404.87,-5.5405,25.0,-0.6664,-5.331,3,0.25,85187.04,8.5187,100.0,2.8447,8.534,1,0.0833,-18756.39,-1.8756,0.0,-1.8367,-1.8367
e5dc28e3,bear,s13|s80|s85|s25|s66,5,0.0332302732,0.0170065541,-3.3576,0.0,-11.4332,20,35.0,0.022908,4,0.2,29397.85,2.9398,50.0,0.8112,3.2447,6,0.3,-3226.35,-0.3226,33.3333,-0.0261,-0.1566,10,0.5,-19775.97,-1.9776,30.0,-0.1936,-1.9355
9ad2a238,bear,s66|s100|s72,3,0.0769772407,0.0185243382,14.3336,0.0,-7.5536,7,42.8571,0.022854,3,0.4286,34757.41,3.4757,33.3333,1.331,3.9929,2,0.2857,59365.06,5.9365,50.0,2.9226,5.8453,2,0.2857,64518.48,6.4518,50.0,2.9226,5.8453
566bbcb4,bear,s101|s71|s67,3,0.076349979,0.0081582897,10.8331,0.0,-8.936,14,21.4286,0.022627,9,0.6429,95053.81,9.5054,22.2222,1.0621,9.5592,1,0.0714,-9218.96,-0.9219,0.0,-0.8158,-0.8158,4,0.2857,50806.96,5.0807,25.0,1.2969,5.1875
f3000f0f,bear,s25|s19|s16,3,0.0446689981,0.012297431,0.0592,0.0,-18.2552,78,25.641,0.022394,22,0.2821,168960.12,16.896,36.3636,0.8418,18.5188,19,0.2436,-60998.92,-6.0999,15.7895,-0.3303,-6.2752,37,0.4744,45223.39,4.5223,24.3243,0.1559,5.7693
bf99818e,bear,s98|s76|s16,3,0.0271191327,0.0155986861,1.0531,0.0,-4.5149,9,44.4444,0.02232,5,0.5556,5970.69,0.5971,40.0,0.1488,0.7442,2,0.2222,11475.87,1.1476,50.0,0.576,1.152,2,0.2222,11470.29,1.147,50.0,0.576,1.152
d53d42d8,bear,s49|s62|s13|s17|s37,5,0.046714231,0.0173801241,0.3482,0.0,-8.4723,16,31.25,0.022312,5,0.3125,103078.76,10.3079,60.0,2.1076,10.5382,5,0.3125,-89065.69,-8.9066,0.0,-1.738,-8.6901,6,0.375,21654.53,2.1655,33.3333,0.3985,2.3908
d54fec5a,bear,s22|s98|s37,3,0.0792315692,0.0122789218,8.2634,0.0,-5.5893,13,23.0769,0.022234,1,0.0769,79152.35,7.9152,100.0,7.9232,7.9232,4,0.3077,-51732.14,-5.1732,0.0,-1.2279,-4.9116,8,0.6154,82808.1,8.2808,25.0,1.0599,8.479
51ab591b,bear,s101|s20|s72,3,0.0626995153,0.0099878974,8.0809,0.0,-21.014,102,17.6471,0.022223,23,0.2255,193855.53,19.3856,26.087,0.8974,20.6403,21,0.2059,-64921.19,-6.4921,9.5238,-0.3065,-6.4371,58,0.5686,119776.48,11.9776,17.2414,0.2544,14.7576
43d1a498,bull,s21|s87|s14,3,0.0618328818,0.0117329888,3.0985,0.0,-12.0582,29,20.6897,0.022207,17,0.5862,87678.68,8.7679,23.5294,0.5577,9.4803,3,0.1034,36037.96,3.6038,33.3333,1.2789,3.8367,9,0.3103,-32449.28,-3.2449,11.1111,-0.3559,-3.2031
824b29cb,bull,s40|s84,2,0.0680527389,0.0159351848,12.2861,0.0,-7.8552,8,37.5,0.022093,6,0.75,72923.73,7.2924,33.3333,1.2061,7.2365,2,0.25,51015.59,5.1016,50.0,2.6059,5.2118,0,0.0,0.0,0.0,0.0,0.0,0.0
76e4db0c,bull,s35|s55,2,0.0381503548,0.0097076625,0.1051,0.0,-9.8503,24,25.0,0.022017,13,0.5417,15894.0,1.5894,23.0769,0.1336,1.7374,6,0.25,-11990.38,-1.199,16.6667,-0.1731,-1.0388,5,0.2083,47205.71,4.7206,40.0,0.9436,4.7178
853c366d,bull,s47|s94,2,0.0609754079,0.0191559249,18.7149,0.0,-2.7285,3,100.0,0.022,2,0.6667,125405.06,12.5405,100.0,6.0975,12.1951,0,0.0,0.0,0.0,0.0,0.0,0.0,1,0.3333,68290.87,6.8291,100.0,6.0975,6.0975
6ed20564,bear,s25|s76|s20|s13,4,0.0517302417,0.0168733163,-0.994,0.0,-16.285,36,27.7778,0.021962,11,0.3056,151623.97,15.1624,45.4545,1.431,15.7411,7,0.1944,-125212.96,-12.5213,0.0,-1.6873,-11.8113,18,0.5,38389.83,3.839,27.7778,0.2183,3.9298
a8e51b1e,bull,s78|s36|s27,3,0.0677189294,0.0182890187,-1.6455,0.0,-14.2346,59,23.7288,0.021901,25,0.4237,42560.47,4.256,24.0,0.2353,5.8822,7,0.1186,37495.3,3.7495,28.5714,0.6285,4.3993,27,0.4576,10457.69,1.0458,22.2222,0.0824,2.2244
a0f9ff40,bear,s49|s86,2,0.0567634089,0.0171670503,15.0956,0.0,-4.0639,4,75.0,0.021855,3,0.75,96386.31,9.6386,66.6667,3.212,9.636,1,0.25,63082.25,6.3082,100.0,5.6763,5.6763,0,0.0,0.0,0.0,0.0,0.0,0.0
f9dfd9d3,bear,s76|s25,2,0.0206984712,0.0127194535,-0.0025,0.0,-3.9957,9,44.4444,0.02184,5,0.5556,2434.63,0.2435,40.0,0.0648,0.3239,2,0.2222,7906.19,0.7906,50.0,0.399,0.7979,2,0.2222,7867.78,0.7868,50.0,0.399,0.7979
97b00827,bull,s94|s30|s87|s40,4,0.0568405015,0.0150753597,12.1043,0.0,-3.3794,5,60.0,0.021828,3,0.6,97666.95,9.7667,66.6667,3.2869,9.8606,0,0.0,0.0,0.0,0.0,0.0,0.0,2,0.4,46228.44,4.6228,50.0,2.0883,4.1765
cff31e20,bear,s52|s67|s56,3,0.0312026153,0.0171060293,-7.6427,0.0,-17.9249,44,36.3636,0.021776,9,0.2045,-11659.85,-1.166,33.3333,-0.1003,-0.9028,12,0.2727,-13769.33,-1.3769,33.3333,-0.1003,-1.2038,23,0.5227,28883.89,2.8884,39.1304,0.1797,4.1339
702c0923,bear,s72|s20|s97|s19,4,0.0294850255,0.0185209485,-9.5511,0.0,-19.2406,51,39.2157,0.021721,13,0.2549,84216.87,8.4217,53.8462,0.7328,9.5269,11,0.2157,-56857.6,-5.6858,27.2727,-0.5428,-5.9713,27,0.5294,-28109.52,-2.811,37.037,-0.0741,-2.0006
94d97b98,bear,s101|s49|s89,3,0.0255517349,0.0117686286,-7.3743,0.0,-11.2883,35,31.4286,0.021647,21,0.6,49218.69,4.9219,38.0952,0.2449,5.1422,8,0.2286,-19935.54,-1.9936,25.0,-0.2439,-1.9508,6,0.1714,-34534.88,-3.4535,16.6667,-0.5549,-3.3291
f239d561,bear,s80|s62,2,0.0493752298,0.0166268531,12.7567,0.0,-1.8624,4,75.0,0.021635,2,0.5,30238.36,3.0238,50.0,1.6374,3.2748,0,0.0,0.0,0.0,0.0,0.0,0.0,2,0.5,105769.8,10.577,100.0,4.9375,9.875
b486e9cc,bear,s80|s49|s29,3,0.0456392449,0.013210497,-0.4226,0.0,-9.9154,23,26.087,0.021539,9,0.3913,51512.44,5.1512,33.3333,0.6406,5.7655,4,0.1739,-50171.58,-5.0172,0.0,-1.321,-5.2842,10,0.4348,37790.65,3.7791,30.0,0.4444,4.4444
8569fe31,bull,s87|s30,2,0.0669885055,0.0172941043,9.5587,0.0,-5.3756,8,37.5,0.021537,3,0.375,31962.89,3.1963,33.3333,1.08,3.24,2,0.25,-37319.86,-3.732,0.0,-1.7294,-3.4588,3,0.375,117790.16,11.779,66.6667,3.8894,11.6683
d75860be,bear,s101|s22|s57|s80|s66,5,0.0298202848,0.009912108,-1.4953,0.0,-9.5947,21,28.5714,0.021399,6,0.2857,55891.34,5.5891,50.0,0.9954,5.9725,6,0.2857,18476.01,1.8476,33.3333,0.3332,1.9992,9,0.4286,-48449.09,-4.8449,11.1111,-0.5497,-4.9477
d305a368,bear,s23|s90|s56,3,0.0302030238,0.0160595448,0.1927,0.0,-4.6199,10,40.0,0.021382,5,0.5,12386.49,1.2386,40.0,0.2445,1.2227,3,0.3,-3483.91,-0.3484,33.3333,-0.0639,-0.1916,2,0.2,13003.81,1.3004,50.0,0.7072,1.4143
95246bb9,bull,s2|s47,2,0.0498325124,0.0130249042,8.2684,0.0,-2.9768,7,42.8571,0.02138,4,0.5714,8513.7,0.8514,25.0,0.2689,1.0758,1,0.1429,51440.29,5.144,100.0,4.9833,4.9833,2,0.2857,37174.29,3.7174,50.0,1.8404,3.6808
067db6e6,bear,s37|s80|s72|s56,4,0.037223053,0.0118960229,-4.0964,0.0,-14.9539,69,27.5362,0.021361,18,0.2609,164784.18,16.4784,44.4444,0.9935,17.8824,15,0.2174,-79392.5,-7.9393,13.3333,-0.5347,-8.0202,36,0.5217,7937.63,0.7938,25.0,0.0384,1.3815
4f804524,bear,s97|s85|s28,3,0.021783468,0.010194957,-2.4413,0.0,-6.4129,15,33.3333,0.021299,8,0.5333,13300.41,1.33,37.5,0.1797,1.4376,5,0.3333,-19109.67,-1.911,20.0,-0.3799,-1.8996,2,0.1333,11208.5,1.1208,50.0,0.5794,1.1589
7008fc37,bear,s67|s49|s77,3,0.0573547163,0.0143241953,8.2579,0.0,-4.1647,8,37.5,0.021286,2,0.25,41544.6,4.1545,50.0,2.1515,4.3031,3,0.375,28550.44,2.855,33.3333,0.9569,2.8706,3,0.375,29309.94,2.931,33.3333,0.9569,2.8706
c4745a39,bear,s98|s90|s61,3,0.0351703046,0.0186960657,-8.3142,0.0,-15.0883,40,35.0,0.021183,12,0.3,-9455.56,-0.9456,33.3333,-0.0741,-0.8887,12,0.3,87698.71,8.7699,50.0,0.8237,9.8845,16,0.4,-85530.09,-8.553,25.0,-0.5229,-8.3672
0c9729a7,bull,s95|s55|s91,3,0.0455934247,0.009961168,0.8772,0.0,-7.8501,22,22.7273,0.021182,11,0.5,55767.64,5.5768,27.2727,0.519,5.7091,4,0.1818,15423.7,1.5424,25.0,0.3927,1.571,7,0.3182,-16255.43,-1.6255,14.2857,-0.2025,-1.4174
32532755,bear,s77|s100|s98,3,0.0568543706,0.0136493976,5.7492,0.0,-11.0306,14,28.5714,0.021173,5,0.3571,71004.4,7.1004,40.0,1.4552,7.2761,4,0.2857,14684.31,1.4684,25.0,0.3977,1.5906,5,0.3571,1616.87,0.1617,20.0,0.0451,0.2257
7b326d58,bear,s37|s81|s100,3,0.0449552638,0.0098494269,-0.7727,0.0,-13.733,55,21.8182,0.021165,19,0.3455,25839.13,2.5839,21.0526,0.1688,3.208,15,0.2727,11798.16,1.1798,20.0,0.1112,1.6673,21,0.3818,62888.22,6.2888,23.8095,0.3199,6.7185
0a9fefd1,bull,s40|s63|s69|s42,4,0.0439485232,0.0090407867,6.9953,0.0,-2.7475,8,37.5,0.021158,5,0.625,5326.36,0.5326,20.0,0.1557,0.7785,2,0.25,35146.53,3.5147,50.0,1.7454,3.4908,1,0.125,46096.54,4.6097,100.0,4.3949,4.3949
26451fe2,bull,s30|s45,2,0.0479723543,0.0196566306,9.5119,0.0,-2.1615,5,60.0,0.021156,2,0.4,25942.53,2.5943,50.0,1.4158,2.8316,2,0.4,28642.9,2.8643,50.0,1.4158,2.8316,1,0.2,51286.69,5.1287,100.0,4.7972,4.7972
33bf3428,bull,s46|s54|s78|s43,4,0.0220219993,0.0146450266,-10.2693,0.0,-14.6522,37,37.8378,0.021075,21,0.5676,-158385.95,-15.8386,19.0476,-0.7661,-16.0877,4,0.1081,49576.4,4.9576,75.0,1.2855,5.1421,12,0.3243,79289.58,7.929,58.3333,0.6744,8.0929
f0577e18,bear,s76|s51|s99|s80,4,0.0492233826,0.016623074,10.6092,0.0,-4.4949,5,60.0,0.020895,3,0.6,83373.71,8.3374,66.6667,2.7275,8.1824,1,0.2,-17389.52,-1.739,0.0,-1.6623,-1.6623,1,0.2,50536.65,5.0537,100.0,4.9223,4.9223
83cbebaa,bear,s71|s49|s99|s29|s66,5,0.0515587691,0.0130995169,8.7912,0.0,-5.0605,7,42.8571,0.020798,3,0.4286,91117.94,9.1118,66.6667,3.0006,9.0018,0,0.0,0.0,0.0,0.0,0.0,0.0,4,0.5714,11327.46,1.1327,25.0,0.3065,1.226
10f0329e,bear,s20|s66|s25|s100,4,0.0485009995,0.0155619679,10.62,0.0,-4.8464,5,60.0,0.020794,3,0.6,15458.18,1.5458,33.3333,0.5792,1.7377,1,0.2,51214.92,5.1215,100.0,4.8501,4.8501,1,0.2,49814.71,4.9815,100.0,4.8501,4.8501
2dcc57b0,bear,s100|s86|s20|s50,4,0.0190876674,0.0086929376,-2.2502,0.0,-7.2477,15,33.3333,0.020777,8,0.5333,-14786.81,-1.4787,25.0,-0.1748,-1.3982,3,0.2,2233.32,0.2233,33.3333,0.0567,0.1702,4,0.2667,20701.66,2.0702,50.0,0.5197,2.0789
b0374b37,bear,s90|s23|s50,3,0.0317439381,0.0154011517,-1.7052,0.0,-12.6555,17,35.2941,0.020772,7,0.4118,78403.89,7.8404,57.1429,1.1539,8.0772,4,0.2353,-60765.19,-6.0765,0.0,-1.5401,-6.1605,6,0.3529,-1644.52,-0.1645,33.3333,0.0314,0.1883
b5d49be4,bear,s77|s66|s72|s49,4,0.0552713791,0.0112577509,7.8568,0.0,-5.4032,9,33.3333,0.020739,2,0.2222,42918.14,4.2918,50.0,2.2007,4.4014,4,0.4444,20803.58,2.0804,25.0,0.5375,2.1498,3,0.3333,33625.83,3.3626,33.3333,1.0919,3.2756
d1223e00,bear,s62|s80|s26,3,0.0409695765,0.0125551467,8.9121,0.0,-2.8894,5,60.0,0.020698,3,0.6,69586.58,6.9587,66.6667,2.3128,6.9384,0,0.0,0.0,0.0,0.0,0.0,0.0,2,0.4,30113.76,3.0114,50.0,1.4207,2.8414
3007f0a4,bull,s82|s55|s93,3,0.0429444677,0.0177295636,-3.7431,0.0,-7.7618,20,30.0,0.020697,9,0.45,-100287.58,-10.0288,11.1111,-1.0988,-9.8892,5,0.25,89590.06,8.959,60.0,1.8675,9.3374,6,0.3,12634.96,1.2635,33.3333,0.2495,1.4971
c91205bb,bull,s91|s59,2,0.0445151276,0.0097128293,6.8072,0.0,-3.4663,8,37.5,0.020693,2,0.25,33983.6,3.3984,50.0,1.7401,3.4802,2,0.25,34752.26,3.4752,50.0,1.7401,3.4802,4,0.5,16044.35,1.6044,25.0,0.3844,1.5377
b2c0cfd9,bull,s88|s3|s55,3,0.0498838645,0.0171732804,-2.4011,0.0,-14.1543,32,28.125,0.020677,19,0.5938,-135308.83,-13.5309,15.7895,-0.6585,-12.5121,7,0.2188,12746.04,1.2746,28.5714,0.1986,1.3901,6,0.1875,165526.87,16.5527,66.6667,2.7531,16.5189
23602531,bear,s101|s72|s26,3,0.0420680917,0.0188074072,-6.6714,0.0,-17.5512,75,33.3333,0.020661,24,0.32,139347.42,13.9347,41.6667,0.6557,15.7377,11,0.1467,-26689.01,-2.6689,27.2727,-0.2205,-2.4255,40,0.5333,-35847.15,-3.5847,30.0,-0.0545,-2.179
f0e22e65,bear,s31|s90|s77|s85,4,0.0271942227,0.0102227598,0.1168,0.0,-4.7993,12,33.3333,0.020657,4,0.3333,-40615.45,-4.0615,0.0,-1.0223,-4.0891,3,0.25,42630.6,4.2631,66.6667,1.4722,4.4166,5,0.4167,22821.86,2.2822,40.0,0.4744,2.372
268dc581,bear,s89|s22|s49|s19,4,0.0201137809,0.0131325817,-0.4406,0.0,-5.6609,9,44.4444,0.020626,1,0.1111,20093.67,2.0094,100.0,2.0114,2.0114,4,0.4444,13803.47,1.3803,50.0,0.3491,1.3962,4,0.4444,-19899.41,-1.9899,25.0,-0.4821,-1.9284
67c45bb4,bear,s97|s20|s31|s80|s37,5,0.026283837,0.0152454196,-7.8275,0.0,-17.3607,38,36.8421,0.020622,13,0.3421,45134.78,4.5135,46.1538,0.3922,5.0985,9,0.2368,-12666.3,-1.2666,33.3333,-0.1402,-1.2621,16,0.4211,-39863.83,-3.9864,31.25,-0.2268,-3.628
b6444634,bear,s22|s49|s77,3,0.0725241311,0.0179125253,3.9852,0.0,-13.1315,20,25.0,0.020619,2,0.1,53459.93,5.346,50.0,2.7306,5.4612,3,0.15,-56330.44,-5.633,0.0,-1.7913,-5.3738,15,0.75,85532.02,8.5532,26.6667,0.6204,9.3059
a610d5a7,bear,s67|s76|s56|s98|s72,5,0.0390005536,0.0114228965,7.0864,0.0,-2.3144,6,50.0,0.020568,3,0.5,14639.2,1.4639,33.3333,0.5385,1.6155,1,0.1667,39860.86,3.9861,100.0,3.9001,3.9001,2,0.3333,28673.01,2.8673,50.0,1.3789,2.7578
91992419,bear,s28|s49|s101|s25|s85,5,0.0542438426,0.0135401596,9.272,0.0,-7.6138,9,33.3333,0.020564,5,0.5556,135230.1,13.523,60.0,2.713,13.5651,4,0.4444,-56396.59,-5.6397,0.0,-1.354,-5.4161,0,0.0,0.0,0.0,0.0,0.0,0.0
5f205500,bull,s2|s41|s88|s1|s8,5,0.0578615267,0.0198275424,-1.6733,0.0,-19.3148,67,28.3582,0.020437,29,0.4328,-125474.15,-12.5474,20.6897,-0.3754,-10.8864,13,0.194,114855.47,11.4855,38.4615,1.0053,13.0687,25,0.3731,111662.0,11.1662,32.0,0.5033,12.5824
02384f14,bull,s92|s84|s39|s47,4,0.0504860171,0.0160510885,7.1469,0.0,-3.9493,7,42.8571,0.020344,5,0.7143,51228.16,5.1228,40.0,1.0564,5.2819,0,0.0,0.0,0.0,0.0,0.0,0.0,2,0.2857,34734.86,3.4735,50.0,1.7217,3.4435
d50e754d,bull,s68|s42|s73,3,0.0624595883,0.0110296288,5.2401,0.0,-10.3725,18,22.2222,0.020343,7,0.3889,-76380.44,-7.638,0.0,-1.103,-7.7207,1,0.0556,-11903.04,-1.1903,0.0,-1.103,-1.103,10,0.5556,176666.11,17.6666,40.0,1.8366,18.3661
6abe45d8,bull,s53|s33|s34|s87,4,0.0346323842,0.0164340886,-5.6217,0.0,-18.89,44,34.0909,0.020342,20,0.4545,-132509.84,-13.251,20.0,-0.6221,-12.4416,8,0.1818,71988.52,7.1989,50.0,0.9099,7.2793,16,0.3636,95122.59,9.5123,43.75,0.5907,9.452
c79d173a,bear,s17|s99,2,0.0681832244,0.0180282272,4.1449,0.0,-16.9578,23,26.087,0.020225,7,0.3043,40028.5,4.0028,28.5714,0.6604,4.6225,5,0.2174,-6587.34,-0.6587,20.0,-0.0786,-0.393,11,0.4783,58773.36,5.8773,27.2727,0.5484,6.0324
297cd433,bull,s63|s46|s54,3,0.042171143,0.0133039041,1.8861,0.0,-7.4075,13,30.7692,0.020184,8,0.6154,-109837.19,-10.9837,0.0,-1.3304,-10.6431,2,0.1538,29943.61,2.9944,50.0,1.4434,2.8867,3,0.2308,125580.48,12.558,100.0,4.2171,12.6513
59b103ac,bear,s76|s67|s101,3,0.0403000661,0.0117107093,5.9231,0.0,-2.7229,7,42.8571,0.020173,4,0.5714,2705.04,0.2705,25.0,0.1292,0.5168,1,0.1429,41226.67,4.1227,100.0,4.03,4.03,2,0.2857,29780.85,2.9781,50.0,1.4295,2.8589
4055e4d3,bull,s1|s21|s63|s14,4,0.066579894,0.0137630917,6.1332,0.0,-12.1803,16,25.0,0.020157,9,0.5625,112020.57,11.2021,33.3333,1.3018,11.7161,2,0.125,53496.4,5.3496,50.0,2.6408,5.2817,5,0.3125,-70865.26,-7.0865,0.0,-1.3763,-6.8815
edc9faad,bear,s20|s89|s72|s22,4,0.0665445896,0.009199244,4.8649,0.0,-9.4035,22,18.1818,0.02015,7,0.3182,10380.52,1.0381,14.2857,0.1621,1.1349,4,0.1818,-36101.09,-3.6101,0.0,-0.9199,-3.6797,11,0.5,117351.06,11.7351,27.2727,1.1458,12.604
d3c355ee,bear,s13|s25|s76|s19|s90,5,0.0398025425,0.0135044844,-2.5061,0.0,-18.7569,59,28.8136,0.020146,14,0.2373,124598.65,12.4599,42.8571,0.9341,13.0779,13,0.2203,-126230.55,-12.6231,7.6923,-0.9404,-12.2251,32,0.5424,100146.92,10.0147,31.25,0.3154,10.0927
2fd4b3d6,bull,s48|s30|s27,3,0.0514895144,0.0088235018,7.7806,0.0,-23.417,81,19.7531,0.020131,23,0.284,162011.25,16.2011,26.087,0.691,15.8938,28,0.3457,-82255.43,-8.2255,10.7143,-0.2361,-6.6119,30,0.3704,155226.55,15.5227,23.3333,0.525,15.7486
70cd3726,bear,s23|s29|s37,3,0.0390519727,0.0115250478,0.4928,0.0,-9.9667,18,27.7778,0.019946,7,0.3889,20122.96,2.0123,28.5714,0.2926,2.0479,7,0.3889,-31676.81,-3.1677,14.2857,-0.43,-3.0098,4,0.2222,51180.18,5.118,50.0,1.3763,5.5054
4f0cc49f,bull,s95|s83|s46|s10,4,0.0339451403,0.0104594579,5.823,0.0,-2.4717,6,50.0,0.019905,4,0.6667,47032.13,4.7032,50.0,1.1743,4.6971,0,0.0,0.0,0.0,0.0,0.0,0.0,2,0.3333,23773.54,2.3774,50.0,1.1743,2.3486
6a7ae843,bear,s99|s25|s61|s66,4,0.0713941721,0.0187340991,3.0141,0.0,-17.1837,28,25.0,0.019883,5,0.1786,84409.63,8.441,40.0,1.7317,8.6586,7,0.25,-137917.55,-13.7918,0.0,-1.8734,-13.1139,16,0.5714,144382.24,14.4382,31.25,0.9431,15.0896
06961b84,bear,s49|s37,2,0.0367862469,0.0190610833,8.4695,0.0,-3.613,4,75.0,0.019843,2,0.5,75266.88,7.5267,100.0,3.6786,7.3572,2,0.5,17518.7,1.7519,50.0,0.8863,1.7725,0,0.0,0.0,0.0,0.0,0.0,0.0
990cbdca,bear,s99|s50|s57,3,0.0674765326,0.0113076211,6.0844,0.0,-17.0991,30,20.0,0.019824,6,0.2,89884.92,8.9885,33.3333,1.4954,8.9723,8,0.2667,61165.98,6.1166,25.0,0.8388,6.7107,16,0.5333,-27311.19,-2.7311,12.5,-0.146,-2.3354
37ecb1b5,bull,s93|s82|s36|s87,4,0.0711883647,0.0187008317,7.7919,0.0,-7.0498,9,33.3333,0.019803,7,0.7778,45084.38,4.5084,28.5714,0.6982,4.8873,0,0.0,0.0,0.0,0.0,0.0,0.0,2,0.2222,51357.34,5.1357,50.0,2.6244,5.2488
b8cb03a3,bear,s19|s101,2,0.0534685288,0.0197885474,-0.8313,0.0,-21.5164,43,30.2326,0.019628,15,0.3488,197725.85,19.7726,46.6667,1.4398,21.5971,8,0.186,-16514.68,-1.6515,25.0,-0.1474,-1.1794,20,0.4651,-105467.72,-10.5468,20.0,-0.5137,-10.2743
aff573b0,bull,s84|s30|s93|s41,4,0.0496176781,0.0155441502,-2.1527,0.0,-9.0532,23,26.087,0.019546,11,0.4783,18195.77,1.8196,27.2727,0.2227,2.45,3,0.1304,-44390.76,-4.4391,0.0,-1.5544,-4.6632,9,0.3913,48440.53,4.8441,33.3333,0.6176,5.5588
8a1b513e,bear,s52|s76|s101,3,0.0446327651,0.0125445975,2.872,0.0,-23.682,110,26.3636,0.019533,46,0.4182,90416.45,9.0416,26.087,0.2371,10.9077,23,0.2091,-6205.3,-0.6205,21.7391,-0.0115,-0.2639,41,0.3727,154937.14,15.4937,29.2683,0.419,17.18
caa536f1,bear,s50|s67|s27,3,0.0679200557,0.0136896706,3.5185,0.0,-12.2865,23,21.7391,0.019519,6,0.2609,68800.39,6.88,33.3333,1.3514,8.1081,8,0.3478,51868.24,5.1868,25.0,0.6713,5.3702,9,0.3913,-42083.88,-4.2084,11.1111,-0.4622,-4.1597
0395cc69,bear,s86|s13,2,0.0342531144,0.015612274,-3.9681,0.0,-9.2205,19,31.5789,0.019457,5,0.2632,117863.78,11.7864,80.0,2.428,12.14,8,0.4211,-75783.72,-7.5784,12.5,-0.9379,-7.5033,6,0.3158,-44318.28,-4.4318,16.6667,-0.7301,-4.3808
0c8840f0,bear,s49|s37|s26,3,0.0624084727,0.0150621548,7.5436,0.0,-7.5137,9,33.3333,0.019374,5,0.5556,-4013.21,-0.4013,20.0,0.0432,0.216,2,0.2222,48192.48,4.8192,50.0,2.3673,4.7346,2,0.2222,50230.38,5.023,50.0,2.3673,4.7346
933f8222,bear,s23|s98|s80|s20|s49,5,0.0410119318,0.0141763496,6.8114,0.0,-5.3038,6,50.0,0.01936,2,0.3333,83084.82,8.3085,100.0,4.1012,8.2024,2,0.3333,-29189.67,-2.919,0.0,-1.4176,-2.8353,2,0.3333,26405.6,2.6406,50.0,1.3418,2.6836
fde9bb43,bear,s101|s76|s90,3,0.0254313402,0.0157607624,-9.424,0.0,-21.686,86,40.6977,0.019339,37,0.4302,-10586.75,-1.0587,37.8378,-0.0175,-0.6459,18,0.2093,238.75,0.0239,38.8889,0.0258,0.4651,31,0.3605,89597.07,8.9597,45.1613,0.2842,8.8106
c1480b3a,bull,s88|s15|s79,3,0.0727020064,0.0183535683,2.1734,0.0,-16.9495,34,23.5294,0.019335,22,0.6471,-144414.39,-14.4414,13.6364,-0.5937,-13.0612,3,0.0882,-59793.45,-5.9793,0.0,-1.8354,-5.5061,9,0.2647,286205.22,28.6205,55.5556,3.2233,29.0096
a9aeeb7f,bull,s45|s10|s26,3,0.019773122,0.0084763815,-3.7526,0.0,-5.4849,17,29.4118,0.019302,5,0.2941,-41670.42,-4.167,0.0,-0.8476,-4.2382,5,0.2941,13218.42,1.3218,40.0,0.2823,1.4117,7,0.4118,24118.26,2.4118,42.8571,0.3631,2.5414
c2f9f056,bear,s100|s20|s76,3,0.0488756148,0.01178856,1.6794,0.0,-7.1439,16,25.0,0.019291,9,0.5625,-47038.0,-4.7038,11.1111,-0.5048,-4.5433,4,0.25,12449.14,1.2449,25.0,0.3377,1.351,3,0.1875,83198.53,8.3199,66.6667,2.8654,8.5963
c1ef62d0,bear,s101|s86|s49|s23,4,0.0415249148,0.0187234338,7.725,0.0,-6.1209,5,60.0,0.019254,3,0.6,127585.98,12.7586,100.0,4.1525,12.4575,2,0.4,-40005.26,-4.0005,0.0,-1.8723,-3.7447,0,0.0,0.0,0.0,0.0,0.0,0.0
f0eeb289,bear,s28|s72,2,0.0266811216,0.0165157527,5.5973,0.0,-2.3463,4,75.0,0.019228,3,0.75,37129.35,3.7129,66.6667,1.2282,3.6846,1,0.25,26806.57,2.6807,100.0,2.6681,2.6681,0,0.0,0.0,0.0,0.0,0.0,0.0
03b1c946,bull,s8|s35|s63|s68,4,0.0409627547,0.0138278148,-0.1941,0.0,-5.8659,13,30.7692,0.019223,4,0.3077,-2471.96,-0.2472,25.0,-0.013,-0.0521,3,0.2308,-41612.47,-4.1612,0.0,-1.3828,-4.1483,6,0.4615,79192.84,7.9193,50.0,1.3567,8.1405
01579c56,bull,s60|s63|s3|s54,4,0.0385017258,0.0182046092,4.7304,0.0,-2.9393,6,50.0,0.019212,4,0.6667,39842.54,3.9843,50.0,1.0149,4.0594,2,0.3333,19916.94,1.9917,50.0,1.0149,2.0297,0,0.0,0.0,0.0,0.0,0.0,0.0
a69e4466,bear,s16|s71|s100|s85|s13,5,0.0249586635,0.0123743528,5.5089,0.0,-2.3339,4,75.0,0.019203,1,0.25,24933.7,2.4934,100.0,2.4959,2.4959,2,0.5,12780.79,1.2781,50.0,0.6292,1.2584,1,0.25,25504.64,2.5505,100.0,2.4959,2.4959
95c39ff1,bear,s13|s19|s16,3,0.0520029678,0.015382064,-1.1991,0.0,-18.1647,65,26.1538,0.019171,20,0.3077,215387.58,21.5388,40.0,1.1572,23.1439,13,0.2,-131017.52,-13.1018,7.6923,-1.0199,-13.2582,32,0.4923,33972.36,3.3972,25.0,0.1464,4.6854
b6f77079,bear,s61|s67|s85,3,0.0243377865,0.0134734668,5.1995,0.0,-2.1958,4,75.0,0.019137,1,0.25,-13759.86,-1.376,0.0,-1.3473,-1.3473,2,0.5,49489.14,4.9489,100.0,2.4338,4.8676,1,0.25,24313.41,2.4313,100.0,2.4338,2.4338
53cad1c8,bull,s55|s73|s94|s84,4,0.030931489,0.0184154748,4.52,0.0,-2.3402,5,60.0,0.019106,1,0.2,-18395.4,-1.8395,0.0,-1.8415,-1.8415,2,0.4,61409.69,6.141,100.0,3.0931,6.1863,2,0.4,12413.02,1.2413,50.0,0.6258,1.2516
ff4eae95,bear,s99|s86|s28|s76,4,0.025387579,0.013326296,3.922,0.0,-1.5661,5,60.0,0.019099,3,0.6,37262.24,3.7262,66.6667,1.2483,3.7449,1,0.2,26154.42,2.6154,100.0,2.5388,2.5388,1,0.2,-13942.0,-1.3942,0.0,-1.3326,-1.3326
b2b40c3d,bear,s16|s49|s18|s89,4,0.0651950188,0.0140458894,1.8858,0.0,-7.0745,18,22.2222,0.019075,10,0.5556,11903.36,1.1903,20.0,0.1802,1.8023,2,0.1111,-28512.08,-2.8512,0.0,-1.4046,-2.8092,6,0.3333,71401.42,7.1401,33.3333,1.2368,7.4206
b0b7f1b2,bull,s6|s55|s45|s12,4,0.0585645768,0.0125354028,6.4421,0.0,-6.8144,10,30.0,0.019065,4,0.4,19088.28,1.9088,25.0,0.524,2.0958,3,0.3,-40880.34,-4.088,0.0,-1.2535,-3.7606,3,0.3,107363.69,10.7364,66.6667,3.4865,10.4594
122d8faa,bear,s98|s50|s81|s20|s31,5,0.0548358451,0.0172116145,5.9166,0.0,-5.7406,8,37.5,0.019031,3,0.375,90606.12,9.0606,66.6667,3.082,9.246,1,0.125,-17413.28,-1.7413,0.0,-1.7212,-1.7212,4,0.5,1791.23,0.1791,25.0,0.08,0.3201
e23b5d3b,bull,s9|s47|s92|s5,4,0.0559704979,0.0088980462,4.9172,0.0,-5.3218,13,23.0769,0.018963,6,0.4615,-56232.95,-5.6233,0.0,-0.8898,-5.3388,1,0.0769,-9636.79,-0.9637,0.0,-0.8898,-0.8898,6,0.4615,142221.47,14.2221,50.0,2.3536,14.1217
dc0b85e6,bear,s67|s62|s20,3,0.0504634647,0.0151016239,1.698,0.0,-8.2621,14,28.5714,0.018962,7,0.5,22334.27,2.2334,28.5714,0.3631,2.5419,2,0.1429,-30444.87,-3.0445,0.0,-1.5102,-3.0203,5,0.3571,53245.07,5.3245,40.0,1.1124,5.5622
39df0b72,bear,s18|s86|s57|s80|s22,5,0.0357453537,0.0159974706,-7.1191,0.0,-13.7908,38,31.5789,0.018915,13,0.3421,90586.51,9.0587,46.1538,0.7884,10.249,10,0.2632,-55536.5,-5.5537,20.0,-0.5649,-5.6489,15,0.3947,-33740.58,-3.3741,26.6667,-0.2199,-3.2991
53960acd,bear,s61|s98|s17,3,0.0362294229,0.0178067726,-7.9215,0.0,-14.7054,39,33.3333,0.018874,12,0.3077,49085.65,4.9086,41.6667,0.4708,5.65,10,0.2564,-15452.59,-1.5453,30.0,-0.1596,-1.5959,17,0.4359,-39053.89,-3.9054,29.4118,-0.1914,-3.2534
c4c34b93,bear,s62|s23|s89|s52|s100,5,0.0274309511,0.011533403,3.5073,0.0,-2.6879,6,50.0,0.018716,4,0.6667,-8755.48,-0.8755,25.0,-0.1792,-0.7169,0,0.0,0.0,0.0,0.0,0.0,0.0,2,0.3333,56142.63,5.6143,100.0,2.7431,5.4862
9573406f,bull,s68|s78,2,0.0270798182,0.0114398039,3.4216,0.0,-2.6648,6,50.0,0.018683,0,0.0,0.0,0.0,0.0,0.0,0.0,0,0.0,0.0,0.0,0.0,0.0,0.0,6,1.0,46306.74,4.6307,50.0,0.782,4.692
b11f323e,bear,s77|s86|s62|s100,4,0.0469755249,0.0172246414,5.585,0.0,-5.9245,7,42.8571,0.018639,3,0.4286,9711.9,0.9712,33.3333,0.4175,1.2526,1,0.1429,-18523.33,-1.8523,0.0,-1.7225,-1.7225,3,0.4286,79440.6,7.9441,66.6667,2.5575,7.6726
a825593c,bear,s76|s20|s97,3,0.0367906882,0.012062861,3.2305,0.0,-3.0158,8,37.5,0.01862,4,0.5,-1231.1,-0.1231,25.0,0.0151,0.0602,2,0.25,24773.34,2.4773,50.0,1.2364,2.4728,2,0.25,25172.78,2.5173,50.0,1.2364,2.4728
46803a88,bear,s19|s52,2,0.0520809311,0.0199348017,-3.3935,0.0,-17.7225,40,30.0,0.018607,9,0.225,107838.62,10.7839,44.4444,1.2072,10.865,11,0.275,-87463.23,-8.7463,18.1818,-0.6841,-7.5251,20,0.5,30112.4,3.0112,30.0,0.167,3.3398
2b819e6d,bear,s22|s85|s27,3,0.0784144586,0.0174520828,2.0113,0.0,-12.7128,29,20.6897,0.018546,6,0.2069,75759.53,7.576,33.3333,1.4503,8.7021,7,0.2414,-26335.3,-2.6335,14.2857,-0.3757,-2.6298,16,0.5517,-4552.76,-0.4553,18.75,0.0523,0.8366
ba1bd00e,bear,s56|s76|s99|s100,4,0.0257886589,0.010869193,3.2187,0.0,-2.7809,6,50.0,0.018544,2,0.3333,14407.41,1.4407,50.0,0.746,1.4919,2,0.3333,14992.37,1.4992,50.0,0.746,1.4919,2,0.3333,15076.36,1.5076,50.0,0.746,1.4919
84e9ab93,bear,s90|s22|s57,3,0.0249476809,0.0107917176,2.9891,0.0,-2.5414,6,50.0,0.01852,1,0.1667,-10780.49,-1.078,0.0,-1.0792,-1.0792,3,0.5,38633.05,3.8633,66.6667,1.3035,3.9104,2,0.3333,14096.51,1.4097,50.0,0.7078,1.4156
86041c79,bull,s2|s47|s83,3,0.0632551942,0.0182471263,5.7073,0.0,-6.6502,9,33.3333,0.018518,5,0.5556,69529.36,6.9529,40.0,1.4354,7.1769,1,0.1111,-19666.07,-1.9666,0.0,-1.8247,-1.8247,3,0.3333,26734.39,2.6734,33.3333,0.892,2.6761
a37038d7,bull,s87|s79|s73,3,0.0244831054,0.0122619618,2.3831,0.0,-1.8056,6,50.0,0.018494,4,0.6667,-12943.39,-1.2943,25.0,-0.3076,-1.2303,0,0.0,0.0,0.0,0.0,0.0,0.0,2,0.3333,48955.31,4.8955,100.0,2.4483,4.8966
23bc850c,bear,s99|s76|s80|s23,4,0.0255780072,0.012776234,4.0967,0.0,-3.8686,5,60.0,0.018478,2,0.4,51536.43,5.1536,100.0,2.5578,5.1156,3,0.6,-546.5,-0.0547,33.3333,0.0009,0.0026,0,0.0,0.0,0.0,0.0,0.0,0.0
33eae374,bear,s49|s80,2,0.034075522,0.0148916022,4.4582,0.0,-4.6586,6,50.0,0.018463,2,0.3333,68490.34,6.849,100.0,3.4076,6.8151,1,0.1667,-15352.03,-1.5352,0.0,-1.4892,-1.4892,3,0.5,3644.39,0.3644,33.3333,0.1431,0.4292
242b66ef,bull,s63|s12|s55|s3,4,0.021855354,0.0093311412,2.5041,0.0,-2.2492,6,50.0,0.018392,4,0.6667,-7113.48,-0.7113,25.0,-0.1535,-0.6138,2,0.3333,44462.85,4.4463,100.0,2.1855,4.3711,0,0.0,0.0,0.0,0.0,0.0,0.0
69ca9762,bear,s101|s13|s98,3,0.0382062702,0.0199229758,-6.3353,0.0,-15.5181,29,34.4828,0.018301,6,0.2069,162105.78,16.2106,83.3333,2.8518,17.1108,7,0.2414,-82118.48,-8.2118,14.2857,-1.1619,-8.1332,16,0.5517,-85571.78,-8.5572,25.0,-0.5391,-8.6251
1cf2c678,bear,s100|s20|s52,3,0.0493017079,0.018901537,-1.6742,0.0,-22.596,55,30.9091,0.018242,24,0.4364,12765.44,1.2765,29.1667,0.0991,2.3786,10,0.1818,11859.13,1.1859,30.0,0.1559,1.5594,21,0.3818,64773.46,6.4773,33.3333,0.3833,8.049
b2005982,bull,s54|s59|s11|s41,4,0.0365366305,0.0139187542,-6.1445,0.0,-10.4396,32,28.125,0.018226,15,0.4688,-108485.78,-10.8486,13.3333,-0.7191,-10.7871,7,0.2188,101131.27,10.1131,57.1429,1.4913,10.439,10,0.3125,9553.45,0.9553,30.0,0.1218,1.2179
eb8e358c,bear,s20|s100|s26,3,0.0405302202,0.0139444746,5.037,0.0,-6.2091,7,42.8571,0.018213,4,0.5714,-2760.53,-0.2761,25.0,-0.0326,-0.1303,2,0.2857,26633.3,2.6633,50.0,1.3293,2.6586,1,0.1429,40717.24,4.0717,100.0,4.053,4.053
44ed46aa,bear,s50|s81,2,0.0282748984,0.0105355944,2.7737,0.0,-3.2155,7,42.8571,0.018203,3,0.4286,6625.12,0.6625,33.3333,0.2401,0.7204,1,0.1429,28263.6,2.8264,100.0,2.8275,2.8275,3,0.4286,6961.89,0.6962,33.3333,0.2401,0.7204
41abdb6f,bear,s81|s22|s77|s25,4,0.0298120799,0.0138654896,-5.5322,0.0,-13.9851,28,32.1429,0.018113,3,0.1071,45664.22,4.5664,66.6667,1.5253,4.5759,7,0.25,-13358.23,-1.3358,28.5714,-0.1386,-0.9703,18,0.6429,-31933.67,-3.1934,27.7778,-0.1733,-3.1191
13a2cfbf,bear,s80|s85|s29|s13,4,0.06893051,0.0157609412,5.234,0.0,-6.9163,11,27.2727,0.018041,2,0.1818,50768.8,5.0769,50.0,2.6585,5.317,3,0.2727,-50189.1,-5.0189,0.0,-1.5761,-4.7283,6,0.5455,74713.45,7.4713,33.3333,1.247,7.4817
ede37ca4,bear,s89|s28,2,0.0465803922,0.0161348114,4.0142,0.0,-5.3412,8,37.5,0.018005,4,0.5,-2578.69,-0.2579,25.0,-0.0456,-0.1824,3,0.375,11434.72,1.1435,33.3333,0.477,1.4311,1,0.125,47188.22,4.7188,100.0,4.658,4.658
0934ef09,bull,s2|s63|s95,3,0.0344573915,0.0096582049,2.5722,0.0,-3.4504,9,33.3333,0.017989,6,0.6667,28985.84,2.8986,33.3333,0.5047,3.0282,1,0.1111,-9960.51,-0.9961,0.0,-0.9658,-0.9658,2,0.2222,25374.31,2.5374,50.0,1.24,2.4799
d399b63e,bear,s56|s90|s29|s49,4,0.0284283213,0.015103069,2.6865,0.0,-3.9972,6,50.0,0.017851,2,0.3333,56808.14,5.6808,100.0,2.8428,5.6857,0,0.0,0.0,0.0,0.0,0.0,0.0,4,0.6667,-17815.99,-1.7816,25.0,-0.422,-1.6881
eae504ca,bull,s54|s78,2,0.0361022602,0.0165661989,-1.5659,0.0,-6.4633,12,33.3333,0.017843,8,0.6667,-80063.16,-8.0063,12.5,-0.9983,-7.9861,3,0.25,104989.27,10.4989,100.0,3.6102,10.8307,1,0.0833,-16663.02,-1.6663,0.0,-1.6566,-1.6566
19103a7c,bear,s66|s37|s26,3,0.0330279622,0.0110751167,2.6217,0.0,-3.8708,8,37.5,0.01782,6,0.75,20814.31,2.0814,33.3333,0.3626,2.1755,0,0.0,0.0,0.0,0.0,0.0,0.0,2,0.25,21307.39,2.1307,50.0,1.0976,2.1953
1ae3994a,bear,s52|s97|s28|s89|s57,5,0.030891916,0.0187015003,-1.1496,0.0,-8.8205,10,40.0,0.017788,5,0.5,-44406.78,-4.4407,20.0,-0.8783,-4.3914,3,0.3,-8019.26,-0.8019,33.3333,-0.217,-0.6511,2,0.2,60320.14,6.032,100.0,3.0892,6.1784
530a0220,bull,s87|s58|s45|s82,4,0.0257761012,0.0112357335,-2.5561,0.0,-4.5663,13,30.7692,0.01778,6,0.4615,-30845.08,-3.0845,16.6667,-0.5067,-3.0403,4,0.3077,27863.61,2.7864,50.0,0.727,2.9081,3,0.2308,2942.14,0.2942,33.3333,0.1102,0.3305
2cd9c1fc,bear,s81|s17|s66,3,0.0384625829,0.0142062502,4.2991,0.0,-6.337,7,42.8571,0.017746,5,0.7143,86552.6,8.6553,60.0,1.7395,8.6975,0,0.0,0.0,0.0,0.0,0.0,0.0,2,0.2857,-29270.62,-2.9271,0.0,-1.4206,-2.8413
6691957f,bull,s54|s12,2,0.0765492851,0.0162789889,7.0335,0.0,-9.9185,11,27.2727,0.017643,7,0.6364,-119782.97,-11.9783,0.0,-1.6279,-11.3953,2,0.1818,54968.54,5.4969,50.0,3.0135,6.027,2,0.1818,158322.8,15.8323,100.0,7.6549,15.3099
d8cf5772,bear,s100|s99|s62|s50,4,0.0303789686,0.0156618211,3.0973,0.0,-5.2354,6,50.0,0.017602,2,0.3333,-32221.01,-3.2221,0.0,-1.5662,-3.1324,1,0.1667,30424.67,3.0425,100.0,3.0379,3.0379,3,0.5,44914.72,4.4915,66.6667,1.5032,4.5096
b4dcd54a,bull,s45|s94|s53,3,0.0473401701,0.0148631997,-2.2788,0.0,-10.3052,23,26.087,0.017586,13,0.5652,-72506.85,-7.2507,15.3846,-0.5293,-6.8815,5,0.2174,48472.64,4.8473,40.0,1.0018,5.0091,5,0.2174,48207.54,4.8208,40.0,1.0018,5.0091
d7a8ffad,bear,s31|s81|s16|s22,4,0.0728282825,0.0151714537,6.9036,0.0,-9.869,11,27.2727,0.017562,1,0.0909,72755.46,7.2755,100.0,7.2828,7.2828,3,0.2727,-47855.74,-4.7856,0.0,-1.5171,-4.5514,7,0.6364,66536.79,6.6537,28.5714,0.9971,6.9799
0d5256e3,bear,s49|s22|s97|s80|s17,5,0.0471751389,0.0159757589,4.2759,0.0,-6.7046,8,37.5,0.017518,2,0.25,94139.37,9.4139,100.0,4.7175,9.435,2,0.25,-33060.28,-3.306,0.0,-1.5976,-3.1952,4,0.5,-2161.29,-0.2161,25.0,-0.0188,-0.0752
8ce5bef8,bear,s85|s37,2,0.0610896289,0.0181696653,7.2899,0.0,-10.8037,8,37.5,0.01748,4,0.5,79761.42,7.9761,50.0,2.146,8.584,2,0.25,44399.28,4.4399,50.0,2.146,4.292,2,0.25,-35869.99,-3.587,0.0,-1.817,-3.6339
ad0bc38f,bull,s64|s45,2,0.031053659,0.012794071,-1.9373,0.0,-5.777,13,30.7692,0.017479,5,0.3846,-64821.3,-6.4821,0.0,-1.2794,-6.397,2,0.1538,17828.49,1.7828,50.0,0.913,1.826,6,0.4615,53891.03,5.3891,50.0,0.913,5.4779
e5210788,bull,s73|s43|s30|s91,4,0.055268432,0.015420619,-0.5767,0.0,-13.8911,28,25.0,0.017371,12,0.4286,-50584.7,-5.0585,16.6667,-0.3639,-4.3669,7,0.25,-41244.3,-4.1244,14.2857,-0.5322,-3.7255,9,0.3214,143292.76,14.3293,44.4444,1.5997,14.3971
fb467e15,bull,s87|s60,2,0.0402988538,0.0124112541,4.0895,0.0,-6.9166,8,37.5,0.017297,6,0.75,30413.43,3.0413,33.3333,0.5159,3.0953,1,0.125,-12687.45,-1.2687,0.0,-1.2411,-1.2411,1,0.125,39443.53,3.9444,100.0,4.0299,4.0299
fe2c183c,bear,s77|s90|s20|s101,4,0.0443344894,0.0197699318,-5.8487,0.0,-18.549,46,32.6087,0.017282,15,0.3261,76271.87,7.6272,40.0,0.5872,8.8078,8,0.1739,27709.43,2.7709,37.5,0.4269,3.4154,23,0.5,-73728.99,-7.3729,26.087,-0.3047,-7.0082
16310e4a,bear,s89|s100|s56,3,0.0587150941,0.0104734445,5.3955,0.0,-8.4098,12,25.0,0.017125,7,0.5833,-11116.94,-1.1117,14.2857,-0.0589,-0.4126,3,0.25,37969.48,3.7969,33.3333,1.2589,3.7768,2,0.1667,52954.93,5.2955,50.0,2.4121,4.8242
b5c46ed2,bear,s89|s85|s27,3,0.0600867446,0.01091033,0.9388,0.0,-11.9241,39,17.9487,0.017027,20,0.5128,-80010.08,-8.001,10.0,-0.3811,-7.6212,9,0.2308,107174.58,10.7175,33.3333,1.2755,11.4798,10,0.2564,29529.83,2.953,20.0,0.3289,3.2891
9c20cd20,bear,s76|s20,2,0.0271523848,0.0116446238,0.5864,0.0,-2.9653,8,37.5,0.016952,4,0.5,-8769.4,-0.8769,25.0,-0.1945,-0.7781,2,0.25,15369.82,1.537,50.0,0.7754,1.5508,2,0.25,15461.71,1.5462,50.0,0.7754,1.5508
c2199a8d,bear,s28|s66|s81,3,0.0275572625,0.0153186009,-4.1761,0.0,-17.9624,22,36.3636,0.01694,13,0.5909,50418.95,5.0419,46.1538,0.447,5.8113,4,0.1818,19459.11,1.9459,50.0,0.6119,2.4477,5,0.2273,-70000.54,-7.0001,0.0,-1.5319,-7.6593
4323d51d,bull,s88|s44,2,0.0596806016,0.0124215463,2.2697,0.0,-16.6759,38,21.0526,0.016879,21,0.5526,91809.22,9.1809,23.8095,0.4746,9.9658,9,0.2368,-112400.24,-11.24,0.0,-1.2422,-11.1794,8,0.2105,109407.08,10.9407,37.5,1.4617,11.6934
ec688f1f,bull,s40|s41|s30|s54,4,0.0374020426,0.0187506565,-5.9344,0.0,-12.0484,21,33.3333,0.016849,8,0.381,72350.62,7.2351,50.0,0.9326,7.4606,6,0.2857,-111857.0,-11.1857,0.0,-1.8751,-11.2504,7,0.3333,31970.37,3.197,42.8571,0.5315,3.7204
3cc368cd,bear,s50|s66|s57,3,0.0203853436,0.0112518796,-3.326,0.0,-5.5337,12,33.3333,0.016823,3,0.25,-2079.6,-0.208,33.3333,-0.0706,-0.2118,2,0.1667,9154.61,0.9155,50.0,0.4567,0.9133,7,0.5833,-16279.53,-1.628,28.5714,-0.2213,-1.5489
cc7fd541,bear,s85|s61|s100,3,0.0368578351,0.0109261947,0.7,0.0,-9.5436,14,28.5714,0.016767,6,0.4286,-20063.93,-2.0064,16.6667,-0.2962,-1.7773,5,0.3571,41580.52,4.1581,40.0,0.8187,4.0937,3,0.2143,14191.17,1.4191,33.3333,0.5002,1.5005
5513edba,bear,s37|s100|s22,3,0.0458452924,0.0141809992,-2.5502,0.0,-12.1977,27,25.9259,0.016731,7,0.2593,19695.84,1.9696,28.5714,0.2969,2.0786,7,0.2593,-41583.84,-4.1584,14.2857,-0.5606,-3.9241,13,0.4815,52050.4,5.205,30.7692,0.4289,5.5752
e8b9dfb4,bear,s23|s77|s26,3,0.0306966662,0.0195870088,1.9609,0.0,-6.3364,6,50.0,0.01666,3,0.5,40929.97,4.093,66.6667,1.3935,4.1806,1,0.1667,-19692.35,-1.9692,0.0,-1.9587,-1.9587,2,0.3333,10276.03,1.0276,50.0,0.5555,1.111
8ea1b403,bull,s1|s68|s40|s7,4,0.0349418235,0.0121943987,-4.3716,0.0,-10.4755,26,26.9231,0.016565,15,0.5769,-42598.37,-4.2598,20.0,-0.2767,-4.1507,4,0.1538,-2454.01,-0.2454,25.0,-0.041,-0.1641,7,0.2692,54485.07,5.4485,42.8571,0.8007,5.6048
ff085218,bear,s89|s71|s61,3,0.0202796546,0.0094008412,-7.0293,0.0,-10.0445,27,29.6296,0.016545,12,0.4444,-51355.29,-5.1355,16.6667,-0.4454,-5.3449,6,0.2222,58115.38,5.8115,66.6667,1.0386,6.2317,9,0.3333,-25498.07,-2.5498,22.2222,-0.2805,-2.5247
34a7377c,bear,s13|s17|s51|s61|s67,5,0.0393262845,0.0186216933,-4.9687,0.0,-10.4585,19,31.5789,0.016525,4,0.2105,93331.63,9.3332,75.0,2.4839,9.9357,6,0.3158,-53087.07,-5.3087,16.6667,-0.8964,-5.3782,9,0.4737,-52627.02,-5.2627,22.2222,-0.5744,-5.1699
ab76218d,bear,s76|s19|s28,3,0.0397095047,0.0150329867,0.8017,0.0,-3.8775,9,33.3333,0.016483,5,0.5556,-22519.81,-2.252,20.0,-0.4084,-2.0422,2,0.2222,24148.98,2.4149,50.0,1.2338,2.4677,2,0.2222,24520.91,2.4521,50.0,1.2338,2.4677
5c82e30c,bear,s25|s49|s81|s56,4,0.053417919,0.0126751602,3.2689,0.0,-6.7031,11,27.2727,0.016453,4,0.3636,79080.28,7.908,50.0,2.0371,8.1486,4,0.3636,-50830.46,-5.083,0.0,-1.2675,-5.0701,3,0.2727,26168.45,2.6168,33.3333,0.9356,2.8068
69c3c2b6,bear,s37|s22,2,0.0721271948,0.0138202931,4.4866,0.0,-8.0389,13,23.0769,0.016396,1,0.0769,72055.08,7.2055,100.0,7.2127,7.2127,5,0.3846,-71570.64,-7.1571,0.0,-1.382,-6.9101,7,0.5385,71167.89,7.1168,28.5714,1.0736,7.5153
d518f765,bear,s51|s19|s98,3,0.0411783995,0.0141524885,1.7762,0.0,-5.3646,9,33.3333,0.016382,4,0.4444,106035.73,10.6036,75.0,2.7346,10.9383,1,0.1111,-13684.92,-1.3685,0.0,-1.4152,-1.4152,4,0.4444,-56825.54,-5.6826,0.0,-1.4152,-5.661
7d479b73,bear,s13|s86|s26,3,0.0472972964,0.0145413465,-1.7539,0.0,-11.9329,23,26.087,0.016305,8,0.3478,190140.53,19.0141,62.5,2.4108,19.2862,8,0.3478,-120088.27,-12.0088,0.0,-1.4541,-11.6331,7,0.3043,-40812.61,-4.0813,14.2857,-0.5707,-3.9951
3c77db84,bear,s76|s67|s18,3,0.0310086642,0.0110616692,0.6942,0.0,-4.0878,9,33.3333,0.016292,5,0.5556,28280.37,2.828,40.0,0.5766,2.8832,2,0.2222,-22944.19,-2.2944,0.0,-1.1062,-2.2123,2,0.2222,19872.26,1.9872,50.0,0.9973,1.9947
0be9e103,bear,s13|s52|s89,3,0.0793729069,0.016973034,5.2935,0.0,-23.0806,56,21.4286,0.016218,22,0.3929,-15623.42,-1.5623,18.1818,0.0544,1.1977,12,0.2143,-32402.83,-3.2403,16.6667,-0.0915,-1.0985,22,0.3929,225184.03,22.5184,27.2727,0.9303,20.4669
59c53589,bear,s16|s85|s28,3,0.0367326332,0.0107046239,-0.4035,0.0,-8.1365,15,26.6667,0.016193,8,0.5333,6906.88,0.6907,25.0,0.1155,0.9238,5,0.3333,-6046.94,-0.6047,20.0,-0.1217,-0.6086,2,0.1333,25091.0,2.5091,50.0,1.3014,2.6028
8251657d,bear,s52|s56|s100,3,0.0549260544,0.0094654932,1.955,0.0,-15.979,64,18.75,0.016133,21,0.3281,117187.6,11.7188,23.8095,0.5866,12.3182,16,0.25,-25388.67,-2.5389,12.5,-0.1417,-2.2665,27,0.4219,56043.92,5.6044,18.5185,0.2459,6.6389
b25a65d0,bull,s75|s79|s33|s69,4,0.0292657762,0.0146228735,-9.4467,0.0,-14.8115,45,33.3333,0.016001,24,0.5333,-89322.63,-8.9323,25.0,-0.3651,-8.7617,8,0.1778,55825.52,5.5826,50.0,0.7321,5.8572,13,0.2889,28274.68,2.8275,38.4615,0.2257,2.9346
774c0ebf,bear,s49|s29|s23,3,0.0270378114,0.0116802031,0.5344,0.0,-4.9173,8,37.5,0.015982,2,0.25,53497.9,5.3498,100.0,2.7038,5.4076,2,0.25,-23756.96,-2.3757,0.0,-1.168,-2.336,4,0.5,-8434.84,-0.8435,25.0,-0.2001,-0.8003
819578fa,bear,s28|s99|s26,3,0.0797516519,0.0190993588,4.5116,0.0,-19.3632,25,24.0,0.015978,8,0.32,38125.27,3.8125,25.0,0.5613,4.4907,5,0.2,-1286.74,-0.1287,20.0,0.0671,0.3354,12,0.48,61462.83,6.1463,25.0,0.5613,6.7361
17a79af4,bull,s54|s6|s60|s47,4,0.0538368027,0.0182725423,-3.3424,0.0,-7.851,19,26.3158,0.015969,11,0.5789,-60817.2,-6.0817,18.1818,-0.5162,-5.6779,4,0.2105,-1995.09,-0.1995,25.0,-0.0245,-0.0981,4,0.2105,67176.9,6.7177,50.0,1.7782,7.1129
f6b9f5a4,bull,s30|s79|s3,3,0.0283622772,0.0147298606,-10.7285,0.0,-15.8629,62,35.4839,0.015949,35,0.5645,-4025.02,-0.4025,34.2857,0.0045,0.1561,10,0.1613,-16826.53,-1.6827,30.0,-0.1802,-1.8022,17,0.2742,42747.14,4.2747,41.1765,0.3014,5.1237
5021177f,bull,s32|s54|s35|s78,4,0.0347314557,0.0129722498,-7.7857,0.0,-11.348,43,27.907,0.015939,23,0.5349,-108009.43,-10.8009,17.3913,-0.4676,-10.7547,8,0.186,81078.0,8.1078,50.0,1.088,8.7037,12,0.2791,32245.03,3.2245,33.3333,0.2929,3.5148
74da80ad,bear,s100|s50|s57|s77|s89,5,0.0521437491,0.0132828203,2.3876,0.0,-6.3234,11,27.2727,0.015928,3,0.2727,24853.69,2.4854,33.3333,0.8526,2.5578,1,0.0909,-13796.39,-1.3796,0.0,-1.3283,-1.3283,7,0.6364,35261.36,3.5261,28.5714,0.541,3.7873
ebec6244,bear,s99|s19|s76,3,0.0423329471,0.0170390207,-5.8576,0.0,-17.395,49,30.6122,0.015897,9,0.1837,80047.19,8.0047,44.4444,0.9349,8.4137,11,0.2245,-128582.65,-12.8583,9.0909,-1.1642,-12.8057,29,0.5918,88796.84,8.8797,34.4828,0.3434,9.9588
13ac33bb,bear,s76|s22|s25,3,0.0724967328,0.0175361257,2.5291,0.0,-14.5991,21,23.8095,0.015854,5,0.2381,-2081.98,-0.2082,20.0,0.047,0.2352,4,0.1905,-72853.93,-7.2854,0.0,-1.7536,-7.0145,12,0.5714,144536.41,14.4536,33.3333,1.2475,14.9698
4722fd8f,bull,s73|s69|s45,3,0.0338335686,0.0103925207,-2.3971,0.0,-5.311,16,25.0,0.015833,6,0.375,-61408.22,-6.1408,0.0,-1.0393,-6.2355,3,0.1875,12348.62,1.2349,33.3333,0.435,1.3049,7,0.4375,56792.23,5.6792,42.8571,0.8562,5.9931
8fd746f1,bull,s95|s70|s21|s48,4,0.029374411,0.0186597268,-3.7331,0.0,-7.4319,11,36.3636,0.01581,4,0.3636,-27250.49,-2.725,25.0,-0.6651,-2.6605,3,0.2727,-8704.35,-0.8704,33.3333,-0.2648,-0.7945,4,0.3636,19842.3,1.9842,50.0,0.5357,2.1429
e8229bd9,bull,s47|s5|s24|s95,4,0.0700277181,0.0145619736,4.8158,0.0,-9.5172,12,25.0,0.015771,8,0.6667,46733.02,4.6733,25.0,0.6585,5.2684,1,0.0833,-16028.99,-1.6029,0.0,-1.4562,-1.4562,3,0.25,43525.93,4.3526,33.3333,1.3635,4.0904
dd570d4c,bull,s35|s69|s40|s92,4,0.0310040683,0.0139679228,-2.8783,0.0,-12.0126,15,33.3333,0.015735,9,0.6,10249.88,1.025,33.3333,0.1023,0.9205,3,0.2,2664.66,0.2665,33.3333,0.1023,0.3068,3,0.2,536.68,0.0537,33.3333,0.1023,0.3068
2da96d83,bull,s87|s36,2,0.0696978031,0.0116938482,3.1464,0.0,-6.7134,15,20.0,0.015734,11,0.7333,29492.85,2.9493,18.1818,0.3105,3.4151,1,0.0667,-11802.72,-1.1803,0.0,-1.1694,-1.1694,3,0.2,44095.87,4.4096,33.3333,1.5437,4.631
cfb2f1c7,bull,s93|s1|s87,3,0.0509217926,0.0163219335,1.3898,0.0,-5.6708,10,30.0,0.015709,9,0.9,51667.91,5.1668,33.3333,0.6093,5.4834,0,0.0,0.0,0.0,0.0,0.0,0.0,1,0.1,-17286.2,-1.7286,0.0,-1.6322,-1.6322
5fe6a9ef,bull,s44|s7|s40|s94,4,0.0274310581,0.0127393851,-8.842,0.0,-16.8676,62,33.871,0.015642,32,0.5161,33531.19,3.3531,34.375,0.1069,3.4215,17,0.2742,23876.26,2.3876,35.2941,0.1438,2.4453,13,0.2097,-9182.18,-0.9182,30.7692,-0.0379,-0.493
6dd7b2be,bear,s20|s62|s23,3,0.0479392461,0.0112883276,0.5809,0.0,-9.0739,17,23.5294,0.015535,8,0.4706,84898.94,8.4899,37.5,1.0922,8.7376,4,0.2353,-46019.04,-4.6019,0.0,-1.1288,-4.5153,5,0.2941,841.54,0.0842,20.0,0.0557,0.2786
3fcdee42,bear,s22|s97|s23|s31|s17,5,0.0700833602,0.0080637238,9.5571,0.0,-2.9882,6,33.3333,0.015512,1,0.1667,70007.73,7.0008,100.0,7.0083,7.0083,1,0.1667,-8603.77,-0.8604,0.0,-0.8064,-0.8064,4,0.6667,46675.87,4.6676,25.0,1.1473,4.5892
59319501,bear,s100|s19,2,0.0690138419,0.0083715554,9.203,0.0,-2.5236,6,33.3333,0.015509,4,0.6667,41962.65,4.1963,25.0,1.0975,4.3899,1,0.1667,72047.07,7.2047,100.0,6.9014,6.9014,1,0.1667,-9324.45,-0.9324,0.0,-0.8372,-0.8372
be3c1e7c,bear,s17|s85|s13,3,0.0686691213,0.0127334421,3.0839,0.0,-7.1517,14,21.4286,0.015447,4,0.2857,28029.67,2.803,25.0,0.7617,3.0469,4,0.2857,-53366.43,-5.3366,0.0,-1.2733,-5.0934,6,0.4286,84914.23,8.4914,33.3333,1.4401,8.6404
2db5fc1c,bear,s31|s101|s76|s17,4,0.0344428692,0.0157822248,-3.6986,0.0,-10.2771,16,31.25,0.0154,6,0.375,53498.25,5.3498,50.0,0.933,5.5982,3,0.1875,1963.75,0.1964,33.3333,0.0959,0.2878,7,0.4375,-61072.3,-6.1072,14.2857,-0.8607,-6.025
2d8d26bd,bear,s67|s72|s101,3,0.0560746149,0.0142412279,-1.155,0.0,-16.1837,70,22.8571,0.0154,18,0.2571,151381.99,15.1382,33.3333,0.9197,16.5553,10,0.1429,-72200.76,-7.2201,10.0,-0.721,-7.2096,42,0.6,16673.93,1.6674,21.4286,0.0826,3.4711
55734a05,bear,s66|s22|s49,3,0.0796947954,0.0094066391,13.5091,0.0,-4.0326,4,50.0,0.015355,1,0.25,79615.11,7.9615,100.0,7.9695,7.9695,0,0.0,0.0,0.0,0.0,0.0,0.0,3,0.75,63905.81,6.3906,33.3333,2.0294,6.0882
a275b8d7,bull,s41|s59|s64,3,0.0447175408,0.0198193711,-4.1847,0.0,-23.3381,97,34.0206,0.015309,33,0.3402,-85782.51,-8.5783,27.2727,-0.2218,-7.3207,20,0.2062,47614.55,4.7615,35.0,0.2769,5.5371,44,0.4536,185641.92,18.5642,38.6364,0.5115,22.5075
5b62afd0,bear,s67|s86|s49,3,0.0761517409,0.0098463859,11.3278,0.0,-4.0887,5,40.0,0.015305,2,0.4,64987.98,6.4988,50.0,3.3153,6.6305,3,0.6,58776.97,5.8777,33.3333,1.882,5.6459,0,0.0,0.0,0.0,0.0,0.0,0.0
e864e008,bear,s99|s76|s25,3,0.0631290633,0.0123958623,2.6922,0.0,-18.2602,44,20.4545,0.015269,11,0.25,8415.79,0.8416,18.1818,0.1336,1.4695,11,0.25,-68077.18,-6.8077,9.0909,-0.553,-6.083,22,0.5,182942.1,18.2942,27.2727,0.8202,18.0441
84a8b442,bear,s37|s76|s13|s86,4,0.0348484873,0.015680675,-1.0004,0.0,-3.827,9,33.3333,0.015213,2,0.2222,18530.37,1.853,50.0,0.9584,1.9168,6,0.6667,5631.87,0.5632,33.3333,0.1162,0.6974,1,0.1111,-16070.94,-1.6071,0.0,-1.5681,-1.5681
73be16db,bear,s28|s76|s80,3,0.075485838,0.0105806749,10.9427,0.0,-4.0441,5,40.0,0.015164,3,0.6,142810.81,14.2811,66.6667,4.6797,14.0391,2,0.4,-23079.03,-2.3079,0.0,-1.0581,-2.1161,0,0.0,0.0,0.0,0.0,0.0,0.0
d0c030ef,bull,s82|s92|s26,3,0.0694514905,0.0081503954,7.1636,0.0,-3.0088,8,25.0,0.01514,6,0.75,104994.94,10.4995,33.3333,1.7717,10.6301,0,0.0,0.0,0.0,0.0,0.0,0.0,2,0.25,-16943.32,-1.6943,0.0,-0.815,-1.6301
f039b6a1,bear,s97|s100|s27,3,0.0603114945,0.0154294972,-0.184,0.0,-8.5293,17,23.5294,0.01505,7,0.4118,40858.32,4.0858,28.5714,0.6211,4.3476,4,0.2353,-64622.03,-6.4622,0.0,-1.5429,-6.1718,6,0.3529,57194.89,5.7195,33.3333,0.9818,5.8905
933bae7e,bear,s100|s77|s80|s50,4,0.0627180658,0.0131979607,3.9803,0.0,-9.4566,12,25.0,0.015012,3,0.25,32224.28,3.2224,33.3333,1.2107,3.6322,0,0.0,0.0,0.0,0.0,0.0,0.0,9,0.75,32190.2,3.219,22.2222,0.3672,3.305
16cdd4e6,bear,s51|s18|s26,3,0.0517713542,0.0116801202,0.9527,0.0,-15.7833,31,22.5806,0.015006,15,0.4839,69688.67,6.9689,26.6667,0.524,7.8604,5,0.1613,60895.0,6.0895,40.0,1.37,6.8502,11,0.3548,-64002.65,-6.4003,9.0909,-0.5912,-6.503
97e326d1,bull,s92|s15|s45,3,0.0220413245,0.0118313471,-4.4868,0.0,-5.6073,13,30.7692,0.01496,4,0.3077,-46642.35,-4.6642,0.0,-1.1831,-4.7325,3,0.2308,31101.38,3.1101,66.6667,1.075,3.2251,6,0.4615,-3716.6,-0.3717,33.3333,-0.054,-0.3243
e8487721,bear,s49|s31|s28|s62|s29,5,0.0668077334,0.0106023133,9.1491,0.0,-2.5041,5,40.0,0.014908,2,0.4,55026.86,5.5027,50.0,2.8103,5.6205,0,0.0,0.0,0.0,0.0,0.0,0.0,3,0.6,47033.1,4.7033,33.3333,1.5201,4.5603
6b3cbd74,bull,s44|s95|s63,3,0.0292158461,0.0106444735,-3.2002,0.0,-5.8814,15,26.6667,0.014867,9,0.6,-17316.1,-1.7316,22.2222,-0.1787,-1.608,2,0.1333,-21220.77,-2.1221,0.0,-1.0644,-2.1289,4,0.2667,36442.92,3.6443,50.0,0.9286,3.7143
240db9ed,bear,s77|s98|s57,3,0.0635448132,0.010058249,3.3247,0.0,-11.7752,21,19.0476,0.014749,6,0.2857,81258.7,8.1259,33.3333,1.4476,8.6857,6,0.2857,10490.94,1.0491,16.6667,0.2209,1.3254,9,0.4286,-17222.54,-1.7223,11.1111,-0.188,-1.6921
2b28ce47,bull,s68|s32|s33|s21,4,0.0264663052,0.01758028,-7.9951,0.0,-14.5396,22,36.3636,0.014736,9,0.4091,-69825.54,-6.9826,22.2222,-0.7792,-7.0129,6,0.2727,26083.46,2.6083,50.0,0.4443,2.6658,7,0.3182,6869.05,0.6869,42.8571,0.1297,0.9078
2ce27143,bear,s29|s49|s90|s56|s67,5,0.0699466035,0.0118658296,9.3724,0.0,-3.5453,5,40.0,0.014685,2,0.4,56723.54,5.6724,50.0,2.904,5.8081,0,0.0,0.0,0.0,0.0,0.0,0.0,3,0.6,47594.63,4.7595,33.3333,1.5405,4.6215
81009fda,bear,s23|s72|s76,3,0.0487968986,0.0157060594,1.2247,0.0,-7.2554,10,30.0,0.014627,5,0.5,48161.24,4.8161,40.0,1.0095,5.0476,3,0.3,-47546.94,-4.7547,0.0,-1.5706,-4.7118,2,0.2,31376.39,3.1376,50.0,1.6545,3.3091
116aa0ed,bear,s49|s20|s28|s97|s18,5,0.0773474563,0.0150086462,9.8368,0.0,-4.3584,5,40.0,0.014627,2,0.4,60511.41,6.0511,50.0,3.1169,6.2339,1,0.2,-16121.72,-1.6122,0.0,-1.5009,-1.5009,2,0.4,64435.45,6.4435,50.0,3.1169,6.2339
e28f7b04,bear,s89|s98|s19,3,0.0368104794,0.0195858573,-0.6425,0.0,-6.3362,8,37.5,0.014547,5,0.625,-44874.41,-4.4874,20.0,-0.8307,-4.1533,1,0.125,36424.81,3.6425,100.0,3.681,3.681,2,0.25,18128.74,1.8129,50.0,0.8612,1.7225
f7474318,bull,s48|s11|s26,3,0.0782122465,0.0165865175,8.4781,0.0,-4.3928,6,33.3333,0.014488,4,0.6667,120429.01,12.0429,50.0,3.0813,12.3251,0,0.0,0.0,0.0,0.0,0.0,0.0,2,0.3333,-34029.32,-3.4029,0.0,-1.6587,-3.3173
6fbbfc0f,bear,s22|s31|s85,3,0.0589547374,0.017159782,-1.3104,0.0,-11.1923,20,25.0,0.014473,1,0.05,58895.79,5.8896,100.0,5.8955,5.8955,4,0.2,-70416.53,-7.0417,0.0,-1.716,-6.8639,15,0.75,38800.05,3.88,26.6667,0.3137,4.7061
ad190d66,bull,s68|s45|s87,3,0.0677836062,0.0123465019,11.9343,0.0,-2.1979,3,66.6667,0.014469,0,0.0,0.0,0.0,0.0,0.0,0.0,0,0.0,0.0,0.0,0.0,0.0,0.0,3,1.0,125533.85,12.5534,66.6667,4.1074,12.3221
67c1b33f,bear,s62|s80|s29,3,0.0630474853,0.0123294876,0.7705,0.0,-11.3936,25,20.0,0.014451,9,0.36,34158.21,3.4158,22.2222,0.4421,3.9789,6,0.24,-71135.16,-7.1135,0.0,-1.2329,-7.3977,10,0.4,92897.56,9.2898,30.0,1.0284,10.2836
e414a479,bull,s33|s48|s26,3,0.0794826789,0.0172106238,9.5135,0.0,-4.5141,5,40.0,0.014451,4,0.8,123039.66,12.304,50.0,3.1136,12.4544,0,0.0,0.0,0.0,0.0,0.0,0.0,1,0.2,-17818.46,-1.7818,0.0,-1.7211,-1.7211
e7eea80c,bear,s16|s49,2,0.0657685237,0.0089594784,8.2815,0.0,-4.2969,6,33.3333,0.014428,2,0.3333,55790.3,5.579,50.0,2.8405,5.6809,2,0.3333,-19319.23,-1.9319,0.0,-0.8959,-1.7919,2,0.3333,58951.41,5.8951,50.0,2.8405,5.6809
af23dea8,bear,s100|s13|s97,3,0.0718810385,0.0189257887,12.0697,0.0,-2.7885,3,66.6667,0.014395,1,0.3333,71809.14,7.1809,100.0,7.1881,7.1881,1,0.3333,-21641.61,-2.1642,0.0,-1.8926,-1.8926,1,0.3333,76824.53,7.6825,100.0,7.1881,7.1881
11165188,bull,s48|s55|s91,3,0.0483132147,0.0134968018,1.0894,0.0,-6.9506,11,27.2727,0.014371,6,0.5455,41601.04,4.1601,33.3333,0.7107,4.2639,2,0.1818,35205.3,3.5205,50.0,1.7408,3.4816,3,0.2727,-42917.51,-4.2918,0.0,-1.3497,-4.049
71410e1f,bear,s90|s85|s20,3,0.042041707,0.0172353416,-3.4444,0.0,-18.1898,29,31.0345,0.014359,14,0.4828,-115113.65,-11.5114,14.2857,-0.8767,-12.2741,6,0.2069,116999.28,11.6999,66.6667,2.2283,13.3696,9,0.3103,17769.04,1.7769,33.3333,0.2524,2.2713
66c7deee,bull,s79|s21|s12,3,0.0336569355,0.0184514059,-8.3309,0.0,-15.1234,29,34.4828,0.014358,14,0.4828,40847.24,4.0847,42.8571,0.3881,5.433,4,0.1379,26057.3,2.6057,50.0,0.7603,3.0411,11,0.3793,-92172.12,-9.2172,18.1818,-0.8977,-9.8749
781e3c2b,bull,s96|s59,2,0.0479375602,0.0130918496,1.3134,0.0,-7.308,11,27.2727,0.014332,5,0.4545,-5364.69,-0.5365,20.0,-0.0886,-0.443,1,0.0909,46424.2,4.6424,100.0,4.7938,4.7938,5,0.4545,-5532.01,-0.5532,20.0,-0.0886,-0.443
f2502026,bear,s62|s49|s19|s23|s17,5,0.0286376537,0.017207441,0.1303,0.0,-8.9826,7,42.8571,0.0143,3,0.4286,85877.71,8.5878,100.0,2.8638,8.5913,2,0.2857,-35887.23,-3.5887,0.0,-1.7207,-3.4415,2,0.2857,-34521.48,-3.4521,0.0,-1.7207,-3.4415
66697a64,bull,s87|s95,2,0.0655377892,0.0177251206,8.6742,0.0,-2.0708,4,50.0,0.014279,3,0.75,114719.91,11.472,66.6667,3.7783,11.335,0,0.0,0.0,0.0,0.0,0.0,0.0,1,0.25,-19628.85,-1.9629,0.0,-1.7725,-1.7725
e5fc4abf,bull,s36|s45|s93,3,0.0427890314,0.0111439984,0.0838,0.0,-5.3451,12,25.0,0.014232,6,0.5,-68186.42,-6.8186,0.0,-1.1144,-6.6864,3,0.25,19624.18,1.9624,33.3333,0.6834,2.0501,3,0.25,73682.82,7.3683,66.6667,2.4811,7.4434
9d08a3eb,bear,s13|s100,2,0.060761603,0.0139026317,10.3157,0.0,-1.59,3,66.6667,0.01419,1,0.3333,60700.83,6.0701,100.0,6.0762,6.0762,1,0.3333,-15568.05,-1.5568,0.0,-1.3903,-1.3903,1,0.3333,64267.55,6.4268,100.0,6.0762,6.0762
929d9a14,bear,s16|s100|s98|s13,4,0.0586253704,0.0115418553,10.1343,0.0,-1.3539,3,66.6667,0.014189,1,0.3333,58566.73,5.8567,100.0,5.8625,5.8625,1,0.3333,-12872.4,-1.2872,0.0,-1.1542,-1.1542,1,0.3333,61880.77,6.1881,100.0,5.8625,5.8625
7fa77d2d,bull,s92|s11|s26,3,0.0763046401,0.0150231794,7.7366,0.0,-4.3478,6,33.3333,0.014148,4,0.6667,120354.69,12.0355,50.0,3.0641,12.2563,0,0.0,0.0,0.0,0.0,0.0,0.0,2,0.3333,-30890.18,-3.089,0.0,-1.5023,-3.0046
fa1786e8,bull,s40|s60|s48,3,0.0352441765,0.0126457755,-2.4762,0.0,-14.0477,21,28.5714,0.01414,12,0.5714,39427.66,3.9428,33.3333,0.3318,3.9811,3,0.1429,9326.86,0.9327,33.3333,0.3318,0.9953,6,0.2857,-31821.18,-3.1821,16.6667,-0.4664,-2.7985
727231ec,bear,s81|s85|s49,3,0.0650657736,0.0193758941,11.5106,0.0,-6.4598,4,50.0,0.014133,2,0.5,44248.99,4.4249,50.0,2.2845,4.569,2,0.5,46211.02,4.6211,50.0,2.2845,4.569,0,0.0,0.0,0.0,0.0,0.0,0.0
0c95b129,bull,s83|s2|s55,3,0.0336464206,0.0115664854,-2.1541,0.0,-11.8369,18,27.7778,0.014114,9,0.5,-17709.83,-1.771,22.2222,-0.1519,-1.3673,6,0.3333,69156.19,6.9156,50.0,1.104,6.624,3,0.1667,-35683.09,-3.5683,0.0,-1.1566,-3.4699
17fe2054,bear,s90|s99|s56,3,0.0790012659,0.0183994106,9.4797,0.0,-31.2767,60,23.3333,0.014089,20,0.3333,-15406.16,-1.5406,20.0,0.1081,2.1614,14,0.2333,28712.83,2.8713,21.4286,0.2472,3.461,26,0.4333,222455.45,22.2455,26.9231,0.7824,20.342
9dd512a7,bull,s40|s14|s79|s46,4,0.0462337592,0.0189659147,-1.7391,0.0,-10.387,13,30.7692,0.014089,6,0.4615,75874.2,7.5874,50.0,1.3634,8.1804,0,0.0,0.0,0.0,0.0,0.0,0.0,7,0.5385,-68483.26,-6.8483,14.2857,-0.9652,-6.7562
4f02cd17,bull,s53|s96,2,0.0267808542,0.0160598087,-9.5887,0.0,-16.8158,36,36.1111,0.014062,23,0.6389,-29056.2,-2.9056,34.7826,-0.1159,-2.665,3,0.0833,37573.52,3.7574,66.6667,1.2501,3.7502,10,0.2778,-32163.13,-3.2163,30.0,-0.3208,-3.2076
5dab3c4d,bear,s101|s98|s26,3,0.0798485126,0.0175692294,13.9023,0.0,-7.4487,3,66.6667,0.013996,2,0.6667,60650.48,6.065,50.0,3.114,6.2279,0,0.0,0.0,0.0,0.0,0.0,0.0,1,0.3333,84295.62,8.4296,100.0,7.9849,7.9849
d64435b2,bear,s80|s22|s50|s98,4,0.0565687556,0.0138436189,9.4496,0.0,-1.5841,3,66.6667,0.013983,1,0.3333,56506.93,5.6507,100.0,5.6569,5.6569,0,0.0,0.0,0.0,0.0,0.0,0.0,2,0.6667,44214.65,4.4215,50.0,2.1363,4.2725
3c42708b,bear,s80|s90,2,0.0304007463,0.0105031583,-1.6483,0.0,-3.9673,11,27.2727,0.013931,8,0.7273,36787.48,3.6787,37.5,0.4836,3.8686,0,0.0,0.0,0.0,0.0,0.0,0.0,3,0.2727,-31463.57,-3.1464,0.0,-1.0503,-3.1509
c21738e5,bear,s28|s66|s49|s13|s80,5,0.0610264035,0.0131560954,8.7799,0.0,-3.6714,4,50.0,0.013928,2,0.5,46443.83,4.6444,50.0,2.3935,4.787,0,0.0,0.0,0.0,0.0,0.0,0.0,2,0.5,49819.48,4.9819,50.0,2.3935,4.787
37f3911c,bear,s99|s89|s23|s56,4,0.0221003725,0.0090712562,-1.8043,0.0,-4.5799,10,30.0,0.013809,4,0.4,-36281.38,-3.6281,0.0,-0.9071,-3.6285,5,0.5,16184.0,1.6184,40.0,0.3397,1.6987,1,0.1,22025.16,2.2025,100.0,2.21,2.21
79e2a6db,bear,s85|s98|s61,3,0.0627264423,0.0111370463,8.1379,0.0,-4.9962,5,40.0,0.013756,2,0.4,50188.73,5.0189,50.0,2.5795,5.1589,2,0.4,52386.75,5.2387,50.0,2.5795,5.1589,1,0.2,-11125.89,-1.1126,0.0,-1.1137,-1.1137
397a75f7,bull,s33|s94|s47|s63,4,0.0538352291,0.0120622027,9.0604,0.0,-2.7285,3,66.6667,0.013683,2,0.6667,40974.12,4.0974,50.0,2.0887,4.1773,0,0.0,0.0,0.0,0.0,0.0,0.0,1,0.3333,55766.5,5.5767,100.0,5.3835,5.3835
86ee4fcc,bear,s28|s98|s72,3,0.0661969182,0.0192442414,9.4046,0.0,-7.048,5,40.0,0.013647,3,0.6,24192.43,2.4192,33.3333,0.9236,2.7708,1,0.2,-20855.89,-2.0856,0.0,-1.9244,-1.9244,1,0.2,68877.38,6.8877,100.0,6.6197,6.6197
2a1a4160,bull,s54|s42|s26,3,0.0448140506,0.0112717937,-2.8594,0.0,-9.9867,27,22.2222,0.013645,17,0.6296,-25961.99,-2.5962,17.6471,-0.1374,-2.3363,4,0.1481,9830.29,0.983,25.0,0.275,1.0999,6,0.2222,40989.66,4.099,33.3333,0.7423,4.4541
0feac356,bull,s95|s70|s24|s45,4,0.0734326983,0.0158427692,4.587,0.0,-12.1654,12,25.0,0.013644,8,0.6667,45698.83,4.5699,25.0,0.6476,5.1809,1,0.0833,-18108.47,-1.8108,0.0,-1.5843,-1.5843,3,0.25,44407.52,4.4408,33.3333,1.3916,4.1747
078821d4,bull,s78|s59|s38|s40,4,0.0553375757,0.0141306571,7.3858,0.0,-3.1938,4,50.0,0.013597,0,0.0,0.0,0.0,0.0,0.0,0.0,0,0.0,0.0,0.0,0.0,0.0,0.0,4,1.0,81874.87,8.1875,50.0,2.0603,8.2414
19cf9b3a,bull,s68|s60|s87,3,0.075552403,0.0178345872,4.2195,0.0,-12.384,11,27.2727,0.01354,5,0.4545,94025.85,9.4026,40.0,1.952,9.7601,1,0.0909,-18374.89,-1.8375,0.0,-1.7835,-1.7835,5,0.4545,698.47,0.0698,20.0,0.0843,0.4214
3840b929,bull,s44|s47|s26,3,0.0301756787,0.0101994863,-3.5459,0.0,-6.1837,16,25.0,0.013525,10,0.625,-21743.1,-2.1743,20.0,-0.2124,-2.1245,2,0.125,-19890.78,-1.9891,0.0,-1.0199,-2.0399,4,0.25,37138.27,3.7138,50.0,0.9988,3.9952
439a314d,bull,s88|s53|s47,3,0.0654044717,0.0086709228,3.4729,0.0,-9.0231,17,17.6471,0.01352,12,0.7059,-31916.26,-3.1916,8.3333,-0.2498,-2.9976,2,0.1176,-17366.89,-1.7367,0.0,-0.8671,-1.7342,3,0.1765,117449.89,11.745,66.6667,4.0713,12.2138
8f7d352d,bear,s81|s97|s26,3,0.0512652769,0.0096781499,10.0958,0.0,-0.9965,2,100.0,0.013496,1,0.5,51213.5,5.1214,100.0,5.1265,5.1265,0,0.0,0.0,0.0,0.0,0.0,0.0,1,0.5,53733.72,5.3734,100.0,5.1265,5.1265
203da1fd,bear,s17|s31,2,0.0336144812,0.0141359652,-3.8781,0.0,-11.0117,17,29.4118,0.013494,5,0.2941,69420.8,6.9421,60.0,1.4514,7.2572,4,0.2353,-54962.79,-5.4963,0.0,-1.4136,-5.6544,8,0.4706,-20155.92,-2.0156,25.0,-0.2198,-1.7587
e9b118e7,bear,s49|s31|s98|s71|s37,5,0.0504947297,0.0124909255,8.3414,0.0,-3.1255,3,66.6667,0.013439,2,0.6667,102563.11,10.2563,100.0,5.0495,10.0989,1,0.3333,-13082.09,-1.3082,0.0,-1.2491,-1.2491,0,0.0,0.0,0.0,0.0,0.0,0.0
54ab45cd,bear,s19|s28|s29|s99,4,0.0673273475,0.0170051837,0.3723,0.0,-10.8734,17,23.5294,0.013415,4,0.2353,98866.74,9.8867,50.0,2.5161,10.0644,5,0.2941,-88364.75,-8.8365,0.0,-1.7005,-8.5026,8,0.4706,28227.9,2.8228,25.0,0.4078,3.2624
731aeacb,bear,s71|s13|s100,3,0.0569369028,0.0152597722,7.4811,0.0,-4.1083,4,50.0,0.013408,1,0.25,56879.95,5.688,100.0,5.6937,5.6937,2,0.5,-33637.75,-3.3638,0.0,-1.526,-3.052,1,0.25,59999.65,6.0,100.0,5.6937,5.6937
c492756b,bear,s37|s13|s25|s80,4,0.029819124,0.0177014281,-12.2232,0.0,-15.123,47,36.1702,0.013394,11,0.234,33419.0,3.3419,45.4545,0.3899,4.2887,12,0.2553,-21697.08,-2.1697,33.3333,-0.1861,-2.2335,24,0.5106,-45229.44,-4.5229,33.3333,-0.1861,-4.467
0f6b45aa,bear,s49|s22|s26,3,0.0553792074,0.0123017035,6.2686,0.0,-3.831,5,40.0,0.013358,1,0.2,55323.83,5.5324,100.0,5.5379,5.5379,1,0.2,-12944.93,-1.2945,0.0,-1.2302,-1.2302,3,0.6,30610.15,3.061,33.3333,1.0259,3.0776
b83101e7,bull,s55|s91|s43|s73,4,0.0299995565,0.0152671923,-2.1405,0.0,-5.7638,9,33.3333,0.013346,6,0.6667,-2018.63,-0.2019,33.3333,-0.0178,-0.107,0,0.0,0.0,0.0,0.0,0.0,0.0,3,0.3333,-1128.52,-0.1129,33.3333,-0.0178,-0.0535
091a74f0,bull,s44|s47|s78,3,0.0319445901,0.0177417199,-10.4478,0.0,-13.4952,32,34.375,0.013343,17,0.5312,-8658.56,-0.8659,35.2941,-0.0205,-0.3491,4,0.125,24999.4,2.4999,50.0,0.7101,2.8406,11,0.3438,-46423.51,-4.6424,27.2727,-0.4191,-4.61
292cc4d8,bull,s34|s45,2,0.0666868606,0.0127956222,6.7803,0.0,-5.3274,6,33.3333,0.013337,2,0.3333,-26636.13,-2.6636,0.0,-1.2796,-2.5591,1,0.1667,-13208.46,-1.3208,0.0,-1.2796,-1.2796,3,0.5,120053.22,12.0053,66.6667,4.0193,12.0578
798cc7af,bull,s43|s83|s26,3,0.0358891009,0.0134035428,-0.8641,0.0,-6.6713,10,30.0,0.013306,5,0.5,29713.79,2.9714,40.0,0.6314,3.1568,2,0.2,21339.36,2.1339,50.0,1.1243,2.2486,3,0.3,-40021.33,-4.0021,0.0,-1.3404,-4.0211
d3e62d96,bull,s47|s78,2,0.0437748186,0.008192365,7.407,0.0,-2.7284,3,66.6667,0.013287,1,0.3333,43726.62,4.3727,100.0,4.3775,4.3775,0,0.0,0.0,0.0,0.0,0.0,0.0,2,0.6667,36563.08,3.6563,50.0,1.7791,3.5582
e2a72362,bear,s71|s61|s37|s29,4,0.057330803,0.0125363158,0.0522,0.0,-5.6878,14,21.4286,0.013281,5,0.3571,6053.93,0.6054,20.0,0.1437,0.7186,5,0.3571,-62046.69,-6.2047,0.0,-1.2536,-6.2682,4,0.2857,83997.35,8.3997,50.0,2.2397,8.9589
7e9e86dc,bull,s92|s36|s87,3,0.0752341552,0.0129880143,1.5788,0.0,-7.079,16,18.75,0.013225,11,0.6875,27507.16,2.7507,18.1818,0.3052,3.3576,1,0.0625,-13107.11,-1.3107,0.0,-1.2988,-1.2988,4,0.25,33565.54,3.3566,25.0,0.9068,3.627
5980fed8,bear,s80|s28|s76|s25,4,0.0421387601,0.0161410155,8.1884,0.0,-0.9641,2,100.0,0.013194,1,0.5,42092.71,4.2093,100.0,4.2139,4.2139,1,0.5,43781.58,4.3782,100.0,4.2139,4.2139,0,0.0,0.0,0.0,0.0,0.0,0.0
e78d4773,bear,s31|s20|s67|s76,4,0.0377452968,0.0098000431,4.7606,0.0,-1.4069,4,50.0,0.013186,2,0.5,27326.73,2.7327,50.0,1.3973,2.7945,0,0.0,0.0,0.0,0.0,0.0,0.0,2,0.5,28453.15,2.8453,50.0,1.3973,2.7945
8088ce37,bull,s38|s78,2,0.0434394605,0.0176119615,6.3191,0.0,-1.9572,3,66.6667,0.013164,0,0.0,0.0,0.0,0.0,0.0,0.0,0,0.0,0.0,0.0,0.0,0.0,0.0,3,1.0,69256.4,6.9256,66.6667,2.3089,6.9267
86b556bf,bear,s80|s62|s52|s85,4,0.0411362846,0.0147825395,7.9803,0.0,-1.0437,2,100.0,0.013152,1,0.5,41091.57,4.1092,100.0,4.1136,4.1136,0,0.0,0.0,0.0,0.0,0.0,0.0,1,0.5,42701.15,4.2701,100.0,4.1136,4.1136
2552868f,bear,s98|s28|s85|s81,4,0.036933299,0.0095939988,7.109,0.0,-0.0,2,100.0,0.013137,2,1.0,75080.8,7.5081,100.0,3.6933,7.3867,0,0.0,0.0,0.0,0.0,0.0,0.0,0,0.0,0.0,0.0,0.0,0.0,0.0
cf91c770,bear,s71|s57|s20|s76,4,0.0400312856,0.0113630113,7.751,0.0,-0.9642,2,100.0,0.013124,0,0.0,0.0,0.0,0.0,0.0,0.0,1,0.5,39989.02,3.9989,100.0,4.0031,4.0031,1,0.5,41511.8,4.1512,100.0,4.0031,4.0031
34606164,bear,s18|s85|s28|s81,4,0.036867173,0.0145169953,-3.9468,0.0,-18.4198,33,30.303,0.013109,18,0.5455,36618.21,3.6618,33.3333,0.2611,4.6999,8,0.2424,32051.06,3.2051,37.5,0.4752,3.8017,7,0.2121,-46257.44,-4.6257,14.2857,-0.7176,-5.0235
f444414d,bear,s80|s28|s98,3,0.0476749165,0.0119772808,4.8234,0.0,-2.7754,5,40.0,0.013097,3,0.6,84101.08,8.4101,66.6667,2.7791,8.3373,1,0.2,-12720.13,-1.272,0.0,-1.1977,-1.1977,1,0.2,-12899.85,-1.29,0.0,-1.1977,-1.1977
64cdde58,bull,s47|s78|s38|s1,4,0.0637147762,0.0195429784,7.9025,0.0,-5.9744,4,50.0,0.013095,3,0.75,109214.07,10.9214,66.6667,3.5962,10.7887,1,0.25,-21528.03,-2.1528,0.0,-1.9543,-1.9543,0,0.0,0.0,0.0,0.0,0.0,0.0
e5e25173,bear,s51|s37|s57|s99,4,0.0592528241,0.0160238218,2.1765,0.0,-10.3538,11,27.2727,0.013082,3,0.2727,26029.24,2.6029,33.3333,0.9068,2.7205,4,0.3636,8965.61,0.8966,25.0,0.2795,1.1181,4,0.3636,9685.15,0.9685,25.0,0.2795,1.1181
25b0eaae,bear,s90|s66|s61|s13|s80,5,0.0493084527,0.0130668615,-2.6559,0.0,-9.2778,22,22.7273,0.013079,4,0.1818,65734.03,6.5734,50.0,1.8121,7.2483,5,0.2273,-62673.27,-6.2673,0.0,-1.3067,-6.5334,13,0.5909,12762.94,1.2763,23.0769,0.1327,1.7257
6e49fc14,bear,s17|s76,2,0.037768769,0.0141805272,7.2815,0.0,-0.9641,2,100.0,0.013049,1,0.5,37727.49,3.7727,100.0,3.7769,3.7769,1,0.5,39078.08,3.9078,100.0,3.7769,3.7769,0,0.0,0.0,0.0,0.0,0.0,0.0
b373295c,bull,s15|s68,2,0.0315952579,0.0198921674,-3.3763,0.0,-5.8943,8,37.5,0.01301,3,0.375,-8990.0,-0.899,33.3333,-0.273,-0.8189,1,0.125,-20151.44,-2.0151,0.0,-1.9892,-1.9892,4,0.5,22134.02,2.2134,50.0,0.5852,2.3406
119626f1,bull,s34|s46|s55,3,0.0329209825,0.0194513763,-9.6787,0.0,-21.0953,60,38.3333,0.012999,23,0.3833,-37855.04,-3.7855,34.7826,-0.1235,-2.8403,7,0.1167,17903.87,1.7904,42.8571,0.2994,2.0957,30,0.5,39875.68,3.9876,40.0,0.1498,4.4927
9716899b,bear,s49|s98|s81,3,0.0347738131,0.011582031,6.662,0.0,-0.7373,2,100.0,0.012977,1,0.5,34735.81,3.4736,100.0,3.4774,3.4774,1,0.5,35875.07,3.5875,100.0,3.4774,3.4774,0,0.0,0.0,0.0,0.0,0.0,0.0
4d967f5d,bear,s22|s76|s80|s31,4,0.0548062317,0.0159469995,4.9794,0.0,-3.5566,5,40.0,0.012925,1,0.2,54746.34,5.4746,100.0,5.4806,5.4806,1,0.2,-16770.63,-1.6771,0.0,-1.5947,-1.5947,3,0.6,22089.44,2.2089,33.3333,0.7637,2.2912
7995e8ab,bear,s81|s49,2,0.03226191,0.0145830777,6.1442,0.0,-0.6908,2,100.0,0.0129,1,0.5,32229.65,3.223,100.0,3.2262,3.2262,1,0.5,33203.71,3.3204,100.0,3.2262,3.2262,0,0.0,0.0,0.0,0.0,0.0,0.0
0be29bf3,bear,s57|s81|s26,3,0.0283381595,0.0154539258,5.3372,0.0,-0.0,2,100.0,0.012854,1,0.5,28309.54,2.831,100.0,2.8338,2.8338,0,0.0,0.0,0.0,0.0,0.0,0.0,1,0.5,29053.95,2.9054,100.0,2.8338,2.8338
7db7d398,bear,s100|s81|s90|s16,4,0.0371791659,0.0178035101,5.0377,0.0,-1.98,3,66.6667,0.012853,2,0.6667,18728.76,1.8729,50.0,0.9688,1.9376,1,0.3333,37684.84,3.7685,100.0,3.7179,3.7179,0,0.0,0.0,0.0,0.0,0.0,0.0
cf411f54,bear,s50|s29|s22|s81,4,0.0603536198,0.0190691583,5.0804,0.0,-4.0518,5,40.0,0.012817,2,0.4,39975.43,3.9975,50.0,2.0642,4.1284,0,0.0,0.0,0.0,0.0,0.0,0.0,3,0.6,20962.41,2.0962,33.3333,0.7405,2.2215
e833644e,bear,s100|s28|s13,3,0.0379667274,0.011452399,4.4555,0.0,-2.6719,4,50.0,0.012785,1,0.25,37928.75,3.7929,100.0,3.7967,3.7967,1,0.25,-12113.14,-1.2113,0.0,-1.1452,-1.1452,2,0.5,27013.8,2.7014,50.0,1.3257,2.6514
838826d3,bull,s38|s63|s43,3,0.0395004405,0.0137400303,-5.4178,0.0,-16.5147,50,28.0,0.012785,24,0.48,-64584.21,-6.4584,20.8333,-0.2648,-6.3558,9,0.18,-16258.94,-1.6259,22.2222,-0.1909,-1.7179,17,0.34,122169.23,12.2169,41.1765,0.8183,13.9103
c9e55178,bear,s80|s97|s13|s57,4,0.0318867089,0.0134099624,-2.0138,0.0,-6.0219,10,30.0,0.012776,2,0.2,17483.33,1.7483,50.0,0.9238,1.8477,4,0.4,36733.88,3.6734,50.0,0.9238,3.6953,4,0.4,-54240.01,-5.424,0.0,-1.341,-5.364
5e3ee344,bull,s21|s69,2,0.055854584,0.0162056903,-1.0604,0.0,-10.2788,16,25.0,0.012775,10,0.625,47025.23,4.7025,30.0,0.5412,5.4124,2,0.125,37931.55,3.7932,50.0,1.9824,3.9649,4,0.25,-63995.5,-6.3996,0.0,-1.6206,-6.4823
4e308cb4,bear,s81|s71|s26,3,0.0256685977,0.0167689302,4.7899,0.0,-0.0,2,100.0,0.012766,1,0.5,25642.67,2.5643,100.0,2.5669,2.5669,0,0.0,0.0,0.0,0.0,0.0,0.0,1,0.5,26247.96,2.6248,100.0,2.5669,2.5669
10b1b6ea,bull,s38|s63|s78,3,0.0310607472,0.0129926461,4.2997,0.0,-1.4963,3,66.6667,0.012763,0,0.0,0.0,0.0,0.0,0.0,0.0,0,0.0,0.0,0.0,0.0,0.0,0.0,3,1.0,49036.87,4.9037,66.6667,1.6376,4.9129
7d5c8fbe,bear,s81|s76|s26,3,0.0245367885,0.0124160012,4.5584,0.0,-0.0,2,100.0,0.012729,1,0.5,24512.01,2.4512,100.0,2.4537,2.4537,0,0.0,0.0,0.0,0.0,0.0,0.0,1,0.5,25062.95,2.5063,100.0,2.4537,2.4537
d544ceae,bull,s63|s8|s26,3,0.0645544063,0.0197925311,5.6686,0.0,-5.2806,5,40.0,0.012683,4,0.8,86737.58,8.6738,50.0,2.2381,8.9524,0,0.0,0.0,0.0,0.0,0.0,0.0,1,0.2,-20101.97,-2.0102,0.0,-1.9793,-1.9793
e2413b0c,bear,s85|s19|s80|s22,4,0.0771634647,0.0171000096,7.0164,0.0,-7.6637,6,33.3333,0.012609,0,0.0,0.0,0.0,0.0,0.0,0.0,2,0.3333,-33837.51,-3.3838,0.0,-1.71,-3.42,4,0.6667,115892.44,11.5892,50.0,3.0032,12.0127
1a84601f,bull,s6|s95,2,0.0457065798,0.0125297389,-0.3393,0.0,-7.0438,12,25.0,0.012603,6,0.5,-18957.61,-1.8958,16.6667,-0.2824,-1.6942,2,0.1667,-25877.95,-2.5878,0.0,-1.253,-2.5059,4,0.3333,66279.45,6.6279,50.0,1.6588,6.6354
c0529891,bull,s12|s47,2,0.0628551661,0.0151668999,6.8299,0.0,-7.173,5,40.0,0.01258,2,0.4,-31618.29,-3.1618,0.0,-1.5167,-3.0334,1,0.2,-16755.05,-1.6755,0.0,-1.5167,-1.5167,2,0.4,127176.48,12.7176,100.0,6.2855,12.571
e1982708,bear,s37|s29,2,0.0519833409,0.0183204806,-3.0235,0.0,-8.6658,15,26.6667,0.012573,6,0.4,25385.81,2.5386,33.3333,0.5114,3.0685,5,0.3333,-87843.79,-8.7844,0.0,-1.832,-9.1602,4,0.2667,60835.75,6.0836,50.0,1.6831,6.7326
92718483,bear,s31|s71|s37|s22,4,0.0512827925,0.0141193925,-0.1911,0.0,-7.3081,12,25.0,0.012555,1,0.0833,51231.52,5.1232,100.0,5.1283,5.1283,4,0.3333,-57784.73,-5.7785,0.0,-1.4119,-5.6478,7,0.5833,28902.31,2.8902,28.5714,0.4567,3.1969
b6b75527,bear,s13|s29|s57|s37|s23,5,0.0747992695,0.0180258353,0.8586,0.0,-8.1524,13,23.0769,0.012534,3,0.2308,125432.38,12.5432,66.6667,4.3858,13.1573,4,0.3077,-73620.5,-7.362,0.0,-1.8026,-7.2103,6,0.4615,-17356.93,-1.7357,16.6667,-0.2555,-1.533
23f75f2b,bull,s78|s34,2,0.0790455913,0.0122709712,2.6399,0.0,-13.5673,29,17.2414,0.012518,12,0.4138,26185.82,2.6186,16.6667,0.2948,3.5381,6,0.2069,16002.03,1.6002,16.6667,0.2948,1.7691,11,0.3793,45796.83,4.5797,18.1818,0.4332,4.7652
13ebf702,bull,s96|s58|s38|s78,4,0.0537503895,0.0137910017,0.2968,0.0,-17.3569,29,24.1379,0.012488,15,0.5172,-13870.87,-1.3871,20.0,-0.0283,-0.4241,2,0.069,39415.68,3.9416,50.0,1.998,3.9959,12,0.4138,39914.51,3.9915,25.0,0.3094,3.7132
3da2314a,bear,s29|s49|s31|s28,4,0.0436849565,0.0097830095,3.4869,0.0,-3.4927,6,33.3333,0.012416,2,0.3333,33402.98,3.3403,50.0,1.6951,3.3902,0,0.0,0.0,0.0,0.0,0.0,0.0,4,0.6667,13906.75,1.3907,25.0,0.3584,1.4336
9f8e3d37,bull,s91|s38|s43|s60,4,0.0312980523,0.0183773634,-11.5092,0.0,-17.5566,54,37.037,0.012404,25,0.463,-63264.4,-6.3264,32.0,-0.2481,-6.2031,8,0.1481,1064.55,0.1065,37.5,0.0251,0.2007,21,0.3889,48236.6,4.8237,42.8571,0.2912,6.1154
3c4b3a8c,bull,s41|s44|s21|s92,4,0.0461266087,0.0146144498,-3.2252,0.0,-13.9714,27,25.9259,0.0124,16,0.5926,67648.37,6.7648,31.25,0.4367,6.9874,3,0.1111,15073.41,1.5073,33.3333,0.5633,1.6898,8,0.2963,-59891.56,-5.9892,12.5,-0.7022,-5.6175
f41de51b,bear,s61|s76|s50|s89|s81,5,0.0417410081,0.0199834835,-4.3183,0.0,-9.1211,13,30.7692,0.012394,6,0.4615,-59967.88,-5.9968,16.6667,-0.9696,-5.8176,1,0.0769,39667.5,3.9667,100.0,4.1741,4.1741,6,0.4615,2597.54,0.2598,33.3333,0.0591,0.3548
bbdbdbe7,bear,s49|s13|s100|s22,4,0.0544120913,0.0138599486,3.8973,0.0,-4.1348,6,33.3333,0.012382,1,0.1667,54357.69,5.4358,100.0,5.4412,5.4412,2,0.3333,-29186.94,-2.9187,0.0,-1.386,-2.772,3,0.5,26209.92,2.621,33.3333,0.8897,2.6692
d4716a45,bear,s76|s50|s86,3,0.0318617433,0.0137332497,-6.3731,0.0,-13.496,27,29.6296,0.012371,13,0.4815,-46654.26,-4.6654,23.0769,-0.3211,-4.1747,7,0.2593,40171.43,4.0171,42.8571,0.5807,4.0652,7,0.2593,-6237.94,-0.6238,28.5714,-0.0706,-0.4943
b3a65d49,bull,s48|s53|s79,3,0.0528987541,0.0181558889,4.896,0.0,-5.3246,5,40.0,0.012361,3,0.6,86956.18,8.6956,66.6667,2.9214,8.7642,1,0.2,-18674.25,-1.8674,0.0,-1.8156,-1.8156,1,0.2,-19229.19,-1.9229,0.0,-1.8156,-1.8156
db564ac2,bull,s32|s43|s40|s68|s46,5,0.0348438975,0.0188057237,-9.4365,0.0,-19.9723,60,36.6667,0.012337,20,0.3333,50768.78,5.0769,40.0,0.2654,5.3082,9,0.15,-116183.86,-11.6184,11.1111,-1.2845,-11.5602,31,0.5167,96023.29,9.6023,41.9355,0.3693,11.4468
6d3e578b,bull,s64|s48|s26,3,0.0206837334,0.0102103035,-2.9964,0.0,-5.4807,10,30.0,0.012314,7,0.7,19571.2,1.9571,42.8571,0.303,2.121,0,0.0,0.0,0.0,0.0,0.0,0.0,3,0.3,-30046.25,-3.0046,0.0,-1.021,-3.0631
2617faa0,bear,s89|s31|s26,3,0.0436696759,0.0131507533,3.6511,0.0,-3.8447,5,40.0,0.012307,3,0.6,15903.78,1.5904,33.3333,0.5789,1.7368,1,0.2,43408.93,4.3409,100.0,4.367,4.367,1,0.2,-12938.02,-1.2938,0.0,-1.3151,-1.3151
57f72ad2,bear,s100|s62|s71|s66|s52,5,0.0302821977,0.0150321051,2.166,0.0,-1.703,4,50.0,0.012284,1,0.25,-15015.67,-1.5016,0.0,-1.5032,-1.5032,0,0.0,0.0,0.0,0.0,0.0,0.0,3,0.75,44611.9,4.4612,66.6667,1.5177,4.5532
b14552a4,bear,s97|s100|s16|s25,4,0.0510727953,0.0106523084,4.592,0.0,-5.4863,6,33.3333,0.012229,4,0.6667,18092.23,1.8092,25.0,0.4779,1.9116,1,0.1667,50868.17,5.0868,100.0,5.1073,5.1073,1,0.1667,-10883.02,-1.0883,0.0,-1.0652,-1.0652
53a30ae3,bull,s45|s94|s6,3,0.0383564842,0.0129038907,-5.9638,0.0,-10.452,27,25.9259,0.012186,13,0.4815,-66656.84,-6.6657,15.3846,-0.5018,-6.523,8,0.2963,47666.87,4.7667,37.5,0.6319,5.055,6,0.2222,23412.17,2.3412,33.3333,0.4183,2.5097
c75a8a24,bull,s78|s54|s69,3,0.0338075674,0.0196807118,-12.3694,0.0,-16.1156,49,36.7347,0.012132,24,0.4898,-50932.35,-5.0932,33.3333,-0.1851,-4.4431,8,0.1633,105478.58,10.5479,62.5,1.3749,10.9996,17,0.3469,-68420.44,-6.842,29.4118,-0.3949,-6.7131
0dafc170,bull,s55|s95|s40|s59|s84,5,0.0279105562,0.0141149854,1.8797,0.0,-2.1434,4,50.0,0.012087,4,1.0,26956.52,2.6957,50.0,0.6898,2.7591,0,0.0,0.0,0.0,0.0,0.0,0.0,0,0.0,0.0,0.0,0.0,0.0,0.0
01ac5b7d,bear,s20|s100|s86|s22,4,0.048401027,0.0115363381,3.6873,0.0,-4.7951,6,33.3333,0.012044,3,0.5,24180.16,2.418,33.3333,0.8443,2.5328,2,0.3333,-23630.33,-2.363,0.0,-1.1536,-2.3073,1,0.1667,48566.56,4.8567,100.0,4.8401,4.8401
53af0b6c,bear,s31|s76|s61|s98,4,0.0383279256,0.0148306357,2.0669,0.0,-2.6518,5,40.0,0.012031,3,0.6,7450.4,0.745,33.3333,0.2889,0.8667,0,0.0,0.0,0.0,0.0,0.0,0.0,2,0.4,23261.28,2.3261,50.0,1.1749,2.3497
c3c31df8,bull,s83|s1|s95|s40,4,0.0604368597,0.012809758,3.9664,0.0,-5.3803,7,28.5714,0.011961,5,0.7143,80116.51,8.0117,40.0,1.6489,8.2444,0,0.0,0.0,0.0,0.0,0.0,0.0,2,0.2857,-26312.7,-2.6313,0.0,-1.281,-2.562
8cf0d64b,bear,s49|s31,2,0.0461183318,0.0097785558,2.7486,0.0,-3.7942,7,28.5714,0.011946,2,0.2857,35911.67,3.5912,50.0,1.817,3.634,1,0.1429,-10198.8,-1.0199,0.0,-0.9779,-0.9779,4,0.5714,16220.38,1.622,25.0,0.4196,1.6783
ed20a600,bear,s57|s29,2,0.05870998,0.0104611337,3.5721,0.0,-4.891,8,25.0,0.011938,3,0.375,104227.3,10.4227,66.6667,3.5653,10.6959,3,0.375,-31775.61,-3.1776,0.0,-1.0461,-3.1383,2,0.25,-20822.27,-2.0822,0.0,-1.0461,-2.0922
2a879c76,bear,s76|s29,2,0.0363705894,0.0113750208,2.757,0.0,-3.9584,5,40.0,0.011915,2,0.4,24496.09,2.4496,50.0,1.2498,2.4996,2,0.4,25422.84,2.5423,50.0,1.2498,2.4996,1,0.2,-11995.41,-1.1995,0.0,-1.1375,-1.1375
311f49b2,bear,s25|s29|s17,3,0.0757795335,0.0118002204,4.0587,0.0,-17.972,40,17.5,0.011855,18,0.45,40847.55,4.0848,16.6667,0.2796,5.0335,9,0.225,-106897.55,-10.6898,0.0,-1.18,-10.6202,13,0.325,187612.81,18.7613,30.7692,1.5147,19.6916
b1396576,bear,s57|s29|s16|s51,4,0.0237157109,0.0146053916,-4.6865,0.0,-10.6358,12,33.3333,0.011843,4,0.3333,53006.16,5.3006,75.0,1.4135,5.6542,4,0.3333,-19973.41,-1.9973,25.0,-0.5025,-2.01,4,0.3333,-56705.26,-5.6705,0.0,-1.4605,-5.8422
c3d836d5,bull,s54|s45|s3,3,0.0210292814,0.0093705986,-3.4281,0.0,-4.8459,11,27.2727,0.011785,6,0.5455,-55096.66,-5.5097,0.0,-0.9371,-5.6224,4,0.3636,22328.89,2.2329,50.0,0.5829,2.3317,1,0.0909,19988.54,1.9989,100.0,2.1029,2.1029
8b98b66a,bull,s91|s54|s42,3,0.0250732612,0.0122236183,-10.5946,0.0,-16.8865,83,34.9398,0.011781,34,0.4096,-80839.94,-8.084,26.4706,-0.2351,-7.9931,15,0.1807,41119.22,4.1119,40.0,0.2695,4.0427,34,0.4096,101396.49,10.1396,41.1765,0.3134,10.6553
7a5bd0a0,bear,s61|s85,2,0.0477437999,0.0182225687,4.9801,0.0,-7.7165,4,50.0,0.011742,1,0.25,-17835.5,-1.7836,0.0,-1.8223,-1.8223,2,0.5,93662.18,9.3662,100.0,4.7744,9.5488,1,0.25,-18204.32,-1.8204,0.0,-1.8223,-1.8223
b67edd11,bear,s28|s89|s80,3,0.059401541,0.0107822215,0.4614,0.0,-10.3441,21,19.0476,0.011742,11,0.5238,11940.69,1.1941,18.1818,0.1978,2.1763,3,0.1429,-31204.93,-3.1205,0.0,-1.0782,-3.2347,7,0.3333,64977.14,6.4977,28.5714,0.927,6.4892
7f791c69,bull,s46|s63|s27,3,0.0363515849,0.0171427903,-8.8287,0.0,-16.5907,46,32.6087,0.01172,19,0.413,-62360.56,-6.2361,26.3158,-0.3065,-5.8241,5,0.1087,17959.92,1.796,40.0,0.4255,2.1275,22,0.4783,43073.53,4.3074,36.3636,0.231,5.0814
8ca39c36,bull,s87|s33|s73,3,0.0292584506,0.0140484855,-8.7982,0.0,-10.6876,27,29.6296,0.011682,12,0.4444,-79956.4,-7.9956,16.6667,-0.6831,-8.1968,3,0.1111,1068.96,0.1069,33.3333,0.0387,0.1161,12,0.4444,43317.16,4.3317,41.6667,0.3996,4.7953
27950d01,bear,s37|s81|s98,3,0.0429286172,0.014128178,-4.5389,0.0,-16.0329,41,26.8293,0.011672,16,0.3902,-2554.62,-0.2555,25.0,0.0136,0.2176,11,0.2683,11946.96,1.1947,27.2727,0.1433,1.576,14,0.3415,21773.41,2.1773,28.5714,0.2174,3.0433
d7c84899,bear,s76|s67|s27,3,0.0261690532,0.0152264393,1.3102,0.0,-3.4151,4,50.0,0.0116,1,0.25,26140.45,2.614,100.0,2.6169,2.6169,2,0.5,10818.73,1.0819,50.0,0.5471,1.0943,1,0.25,-15679.65,-1.568,0.0,-1.5226,-1.5226
d87e5a71,bear,s23|s29|s57,3,0.0743482395,0.0141406494,4.2978,0.0,-6.5965,8,25.0,0.011584,3,0.375,130001.04,13.0001,66.6667,4.4852,13.4556,3,0.375,-43053.85,-4.3054,0.0,-1.4141,-4.2422,2,0.25,-28090.59,-2.8091,0.0,-1.4141,-2.8281
9f462d7f,bear,s77|s100|s20|s49|s86,5,0.0240740723,0.008606422,-6.7602,0.0,-11.7816,34,26.4706,0.011578,10,0.2941,-20844.08,-2.0844,20.0,-0.207,-2.0703,13,0.3824,16413.28,1.6413,30.7692,0.1449,1.8838,11,0.3235,4015.41,0.4015,27.2727,0.0306,0.3371
294780f6,bear,s76|s100|s16|s67|s90,5,0.0311612501,0.0183010584,1.661,0.0,-4.0185,4,50.0,0.011567,3,0.75,-6121.27,-0.6121,33.3333,-0.1814,-0.5441,1,0.25,30748.16,3.0748,100.0,3.1161,3.1161,0,0.0,0.0,0.0,0.0,0.0,0.0
f1ce06d2,bear,s17|s67|s22,3,0.0568444987,0.0115626941,3.9271,0.0,-6.2809,7,28.5714,0.011561,1,0.1429,56783.16,5.6783,100.0,5.6844,5.6844,2,0.2857,-24201.86,-2.4202,0.0,-1.1563,-2.3125,4,0.5714,20993.88,2.0994,25.0,0.5539,2.2156
fe3795e1,bear,s80|s51|s97|s77|s71,5,0.0222203859,0.0122761009,1.135,0.0,-3.4441,4,50.0,0.011537,2,0.5,9304.39,0.9304,50.0,0.4972,0.9944,1,0.25,22004.18,2.2004,100.0,2.222,2.222,1,0.25,-12088.15,-1.2088,0.0,-1.2276,-1.2276
2ad4a13c,bull,s15|s87,2,0.039251795,0.0144911877,2.3481,0.0,-4.8571,5,40.0,0.011482,5,1.0,33926.83,3.3927,40.0,0.7006,3.503,0,0.0,0.0,0.0,0.0,0.0,0.0,0,0.0,0.0,0.0,0.0,0.0,0.0
a07ab8d4,bear,s20|s80|s28|s71|s100,5,0.0594075721,0.0165869394,1.8005,0.0,-3.6824,7,28.5714,0.011462,3,0.4286,-50345.37,-5.0345,0.0,-1.6587,-4.9761,1,0.1429,-17187.7,-1.7188,0.0,-1.6587,-1.6587,3,0.4286,99605.42,9.9605,66.6667,3.4076,10.2228
fafd0b03,bear,s77|s97|s26,3,0.0405164788,0.0119593657,1.9556,0.0,-4.1288,6,33.3333,0.011452,4,0.6667,3667.54,0.3668,25.0,0.116,0.4638,0,0.0,0.0,0.0,0.0,0.0,0.0,2,0.3333,27838.8,2.7839,50.0,1.4279,2.8557
e9a09db7,bear,s62|s57|s29|s17,4,0.0590772995,0.0115817318,4.3579,0.0,-7.1442,7,28.5714,0.01144,3,0.4286,104908.5,10.4908,66.6667,3.5524,10.6573,2,0.2857,-23643.18,-2.3643,0.0,-1.1582,-2.3163,2,0.2857,-23638.41,-2.3638,0.0,-1.1582,-2.3163
b6220b11,bear,s50|s25|s71|s100|s76,5,0.0224436515,0.0145646744,0.7101,0.0,-3.285,4,50.0,0.011439,3,0.75,-7630.9,-0.7631,33.3333,-0.2229,-0.6686,0,0.0,0.0,0.0,0.0,0.0,0.0,1,0.25,22879.24,2.2879,100.0,2.2444,2.2444
1d745a67,bear,s101|s13|s37|s98,4,0.0444020347,0.0179315089,-5.2615,0.0,-10.1969,18,27.7778,0.011411,3,0.1667,67523.26,6.7523,66.6667,2.3624,7.0873,6,0.3333,-108259.21,-10.8259,0.0,-1.7932,-10.7589,9,0.5,24118.09,2.4118,33.3333,0.2846,2.5617
0763aca5,bear,s56|s29,2,0.0655364589,0.0182859712,-1.9791,0.0,-9.7386,17,23.5294,0.011375,4,0.2353,87354.12,8.7354,50.0,2.3625,9.4501,4,0.2353,-72343.67,-7.2344,0.0,-1.8286,-7.3144,9,0.5294,-1479.09,-0.1479,22.2222,0.0341,0.3071
e5aa4bce,bull,s53|s94|s21,3,0.0638904606,0.0083823234,2.9217,0.0,-13.9277,31,16.129,0.01134,19,0.6129,-19856.69,-1.9857,10.5263,-0.0775,-1.4719,5,0.1613,100541.92,10.0542,40.0,2.0527,10.2634,7,0.2258,13365.66,1.3366,14.2857,0.1942,1.3597
fb510125,bear,s50|s99|s26,3,0.0744254473,0.0160343377,2.5249,0.0,-15.1058,18,22.2222,0.011322,6,0.3333,-8823.21,-0.8823,16.6667,-0.0958,-0.5746,1,0.0556,73710.48,7.371,100.0,7.4425,7.4425,11,0.6111,-1262.12,-0.1262,18.1818,0.0413,0.4542
92a525f6,bear,s17|s22|s52|s57,4,0.0196197209,0.0110966271,-4.7583,0.0,-10.0073,13,30.7692,0.011246,4,0.3077,-14794.87,-1.4795,25.0,-0.3418,-1.367,5,0.3846,-23355.92,-2.3356,20.0,-0.4953,-2.4767,4,0.3077,15001.19,1.5001,50.0,0.4262,1.7046
c4f37547,bear,s49|s29|s17|s13,4,0.0750422252,0.0113768541,3.383,0.0,-5.8071,10,20.0,0.011222,2,0.2,63051.03,6.3051,50.0,3.1833,6.3665,3,0.3,-36297.77,-3.6298,0.0,-1.1377,-3.4131,5,0.5,28002.36,2.8002,20.0,0.5907,2.9535
d67597c0,bear,s18|s80|s97|s72|s76,5,0.0372047563,0.0100817689,-5.5322,0.0,-12.0501,47,23.4043,0.011218,14,0.2979,139039.11,13.9039,42.8571,1.0184,14.2574,12,0.2553,-74132.99,-7.4133,8.3333,-0.6141,-7.3695,21,0.4468,-27700.74,-2.7701,19.0476,-0.1075,-2.2571
0dca82f7,bear,s56|s13|s49,3,0.0785907987,0.0198019003,2.4313,0.0,-19.7806,25,24.0,0.011192,3,0.12,34170.34,3.417,33.3333,1.2996,3.8987,7,0.28,-47588.41,-4.7588,14.2857,-0.5746,-4.0221,15,0.6,91953.8,9.1954,26.6667,0.6436,9.6542
ebdc5b01,bull,s55|s46|s93,3,0.0234717269,0.0137607676,-5.6258,0.0,-8.9711,13,30.7692,0.011152,7,0.5385,-95610.69,-9.5611,0.0,-1.3761,-9.6325,2,0.1538,46531.31,4.6531,100.0,2.3472,4.6943,4,0.3077,18666.48,1.8666,50.0,0.4855,1.9422
24183ecf,bear,s99|s100,2,0.0312158011,0.0094181096,-3.3491,0.0,-8.1771,17,23.5294,0.011105,7,0.4118,-25713.4,-2.5713,14.2857,-0.3613,-2.5293,4,0.2353,42751.84,4.2752,50.0,1.0899,4.3595,6,0.3529,-17019.65,-1.702,16.6667,-0.2646,-1.5875
2106d731,bear,s57|s86|s22,3,0.0277945115,0.0170590738,-6.2986,0.0,-12.6005,15,33.3333,0.011101,5,0.3333,2352.01,0.2352,40.0,0.0882,0.4412,8,0.5333,-4089.13,-0.4089,37.5,-0.0239,-0.1912,2,0.1333,-32465.62,-3.2466,0.0,-1.7059,-3.4118
3614f1d3,bull,s40|s69|s78|s63|s24,5,0.0620377815,0.0098893442,0.4428,0.0,-11.4565,29,17.2414,0.011093,16,0.5517,52643.08,5.2643,18.75,0.3597,5.7552,4,0.1379,30196.51,3.0197,25.0,0.8092,3.237,9,0.3103,-18663.2,-1.8663,11.1111,-0.1897,-1.7077
d52b0ba0,bear,s16|s13|s66,3,0.0408831528,0.0167345402,-6.9189,0.0,-16.1783,40,30.0,0.011032,10,0.25,112987.18,11.2987,50.0,1.2074,12.0743,9,0.225,-93251.91,-9.3252,11.1111,-1.0333,-9.2993,21,0.525,-8443.55,-0.8444,28.5714,-0.0272,-0.5719
17df19c5,bear,s56|s90|s62|s50|s31,5,0.0356528142,0.0185795878,-6.125,0.0,-11.5932,16,31.25,0.011031,5,0.3125,62368.87,6.2369,60.0,1.396,6.9799,1,0.0625,-18025.22,-1.8025,0.0,-1.858,-1.858,10,0.625,-75591.59,-7.5592,20.0,-0.7733,-7.7331
74e7fc07,bull,s63|s95|s2|s5,4,0.040018227,0.0199031515,0.8201,0.0,-4.3242,5,40.0,0.011031,3,0.6,-1466.67,-0.1467,33.3333,0.0071,0.0212,0,0.0,0.0,0.0,0.0,0.0,0.0,2,0.4,19951.16,1.9951,50.0,1.0058,2.0115
402fbe89,bear,s90|s22|s50|s100,4,0.0376032504,0.0190726164,0.6102,0.0,-4.1697,5,40.0,0.010993,3,0.6,-553.11,-0.0553,33.3333,-0.0181,-0.0542,1,0.2,-20003.84,-2.0004,0.0,-1.9073,-1.9073,1,0.2,36772.54,3.6773,100.0,3.7603,3.7603
a544d2e6,bear,s22|s61|s26,3,0.0460429703,0.017362418,-6.3613,0.0,-12.7896,29,27.5862,0.010988,4,0.1379,51131.87,5.1132,50.0,1.434,5.7361,4,0.1379,-67658.48,-6.7658,0.0,-1.7362,-6.945,21,0.7241,8364.27,0.8364,28.5714,0.0753,1.5822
27e43037,bull,s38|s32,2,0.0282161887,0.0133145235,-9.1564,0.0,-12.5511,33,30.303,0.010976,12,0.3636,-34270.69,-3.4271,25.0,-0.2932,-3.5182,8,0.2424,16207.18,1.6207,37.5,0.2259,1.8076,13,0.3939,-10877.75,-1.0878,30.7692,-0.0536,-0.6966
0908b457,bear,s86|s100,2,0.0695773642,0.0196881294,4.4031,0.0,-8.7949,6,33.3333,0.010947,4,0.6667,6524.58,0.6525,25.0,0.2628,1.0513,0,0.0,0.0,0.0,0.0,0.0,0.0,2,0.3333,50020.38,5.002,50.0,2.4945,4.9889
4f9ba37a,bear,s67|s20|s90|s37,4,0.0180877447,0.0092192803,-0.1917,0.0,-3.3274,5,40.0,0.010925,1,0.2,18068.92,1.8069,100.0,1.8088,1.8088,1,0.2,17748.34,1.7748,100.0,1.8088,1.8088,3,0.6,-27759.4,-2.7759,0.0,-0.9219,-2.7658
dd04300a,bear,s97|s49|s56,3,0.0684821408,0.0124965114,2.688,0.0,-5.6727,9,22.2222,0.010872,3,0.3333,42201.39,4.2201,33.3333,1.4496,4.3489,3,0.3333,-39363.66,-3.9364,0.0,-1.2497,-3.749,3,0.3333,42681.82,4.2682,33.3333,1.4496,4.3489
29f5cd65,bear,s18|s23|s57|s31|s62,5,0.0352224164,0.0151325586,-2.2636,0.0,-8.9079,10,30.0,0.010844,4,0.4,36717.9,3.6718,50.0,1.0045,4.018,3,0.3,-43485.47,-4.3485,0.0,-1.5133,-4.5398,3,0.3,3283.23,0.3283,33.3333,0.1652,0.4957
ae13859b,bear,s37|s23|s90|s19,4,0.0460070022,0.0147442164,1.8771,0.0,-5.7287,6,33.3333,0.010839,1,0.1667,-15261.41,-1.5261,0.0,-1.4744,-1.4744,2,0.3333,30581.54,3.0582,50.0,1.5631,3.1263,3,0.5,15871.29,1.5871,33.3333,0.5506,1.6519
b419a281,bear,s80|s67|s77|s62|s71,5,0.0235334807,0.0133717858,-0.3846,0.0,-3.3718,5,40.0,0.010835,2,0.4,-26587.44,-2.6587,0.0,-1.3372,-2.6744,1,0.2,22925.47,2.2925,100.0,2.3533,2.3533,2,0.4,9638.63,0.9639,50.0,0.5081,1.0162
accc165f,bear,s86|s51|s26,3,0.0291578361,0.0085517567,0.0564,0.0,-2.8752,7,28.5714,0.010824,6,0.8571,23157.43,2.3157,33.3333,0.4018,2.4109,0,0.0,0.0,0.0,0.0,0.0,0.0,1,0.1429,-8543.17,-0.8543,0.0,-0.8552,-0.8552
ab2422f9,bull,s87|s79,2,0.0226478772,0.0102278868,-0.8298,0.0,-2.4261,6,33.3333,0.010728,4,0.6667,-8574.85,-0.8575,25.0,-0.2009,-0.8036,0,0.0,0.0,0.0,0.0,0.0,0.0,2,0.3333,12162.27,1.2162,50.0,0.621,1.242
44c01d7e,bull,s40|s87|s68,3,0.038588795,0.0091542856,0.4562,0.0,-3.3029,8,25.0,0.010707,4,0.5,9900.71,0.9901,25.0,0.2781,1.1126,0,0.0,0.0,0.0,0.0,0.0,0.0,4,0.5,10510.56,1.0511,25.0,0.2781,1.1126
e0b06737,bear,s56|s17|s26,3,0.0531810167,0.0112234718,-0.9894,0.0,-14.0299,34,20.5882,0.010688,11,0.3235,78.75,0.0079,18.1818,0.0486,0.5351,10,0.2941,14288.34,1.4288,20.0,0.1657,1.6574,13,0.3824,40313.77,4.0314,23.0769,0.3639,4.7308
a09e2221,bear,s81|s76|s31,3,0.0355905767,0.0158423123,-2.6529,0.0,-8.9467,10,30.0,0.01051,4,0.4,39599.32,3.9599,50.0,0.9874,3.9497,2,0.2,-32913.15,-3.2913,0.0,-1.5842,-3.1685,4,0.4,-13107.59,-1.3108,25.0,-0.2984,-1.1936
8e43b285,bear,s50|s22|s98,3,0.0646109955,0.0184383393,1.8384,0.0,-6.0062,7,28.5714,0.010507,1,0.1429,64540.38,6.454,100.0,6.4611,6.4611,2,0.2857,-38745.05,-3.8745,0.0,-1.8438,-3.6877,4,0.5714,6985.97,0.6986,25.0,0.2324,0.9296
515f0c27,bear,s29|s98|s56,3,0.0435373672,0.0131618706,-4.0084,0.0,-10.141,21,23.8095,0.010488,5,0.2381,96652.25,9.6652,60.0,2.0858,10.4288,5,0.2381,-64157.61,-6.4158,0.0,-1.3162,-6.5809,11,0.5238,-31855.76,-3.1856,18.1818,-0.2853,-3.1382
b693081c,bear,s29|s86|s28,3,0.0434804792,0.0110426878,-3.0057,0.0,-12.9427,31,22.5806,0.010472,17,0.5484,74972.72,7.4973,29.4118,0.4994,8.489,10,0.3226,-55221.3,-5.5221,10.0,-0.559,-5.5904,4,0.129,10598.34,1.0598,25.0,0.2588,1.0352
e51cc95f,bear,s101|s49,2,0.0346004682,0.0084990494,1.1464,0.0,-5.2134,7,28.5714,0.010452,5,0.7143,43294.34,4.3294,40.0,0.8741,4.3704,2,0.2857,-17542.03,-1.7542,0.0,-0.8499,-1.6998,0,0.0,0.0,0.0,0.0,0.0,0.0
ddf7554f,bull,s21|s45|s54,3,0.0206867472,0.0126270298,-0.7145,0.0,-4.3161,5,40.0,0.010419,2,0.4,-25606.33,-2.5606,0.0,-1.2627,-2.5254,2,0.4,7960.61,0.7961,50.0,0.403,0.806,1,0.2,20665.46,2.0665,100.0,2.0687,2.0687
81c98233,bear,s85|s72|s100,3,0.0636096035,0.0105263915,3.665,0.0,-7.283,11,18.1818,0.010418,5,0.4545,18430.4,1.843,20.0,0.4301,2.1504,3,0.2727,43389.18,4.3389,33.3333,1.4186,4.2557,3,0.2727,-33195.58,-3.3196,0.0,-1.0526,-3.1579
9bdc66d0,bull,s88|s74,2,0.0775824526,0.00959259,3.0424,0.0,-10.4365,20,15.0,0.010344,17,0.85,88947.51,8.8948,17.6471,0.5791,9.8451,2,0.1,-19341.22,-1.9341,0.0,-0.9593,-1.9185,1,0.05,-9280.67,-0.9281,0.0,-0.9593,-0.9593
823e58ad,bear,s56|s17,2,0.034877056,0.0082822109,-4.0038,0.0,-11.6749,37,21.6216,0.01023,12,0.3243,-13520.11,-1.352,16.6667,-0.1089,-1.3068,11,0.2973,-5621.7,-0.5622,18.1818,-0.0435,-0.4786,14,0.3784,49830.75,4.9831,28.5714,0.4049,5.6686
e0433634,bear,s85|s77|s98,3,0.0688389384,0.0108729989,3.9478,0.0,-8.5745,9,22.2222,0.010212,4,0.4444,33840.49,3.384,25.0,0.9055,3.622,2,0.2222,56280.38,5.628,50.0,2.8983,5.7966,3,0.3333,-32870.78,-3.2871,0.0,-1.0873,-3.2619
aa4da73d,bear,s22|s20,2,0.02234575,0.0121079091,-6.7379,0.0,-10.4201,17,29.4118,0.010208,0,0.0,0.0,0.0,0.0,0.0,0.0,6,0.3529,-4217.36,-0.4217,33.3333,-0.0623,-0.374,11,0.6471,-29778.49,-2.9778,27.2727,-0.2711,-2.9826
45bc7e24,bull,s45|s42,2,0.0419779032,0.0105502368,0.2606,0.0,-4.1705,8,25.0,0.010165,3,0.375,-32076.31,-3.2076,0.0,-1.055,-3.1651,2,0.25,31013.27,3.1013,50.0,1.5714,3.1428,3,0.375,19899.95,1.99,33.3333,0.6959,2.0877
73c2a93f,bull,s40|s3|s21,3,0.0260506873,0.0147751785,-11.3645,0.0,-13.4756,36,33.3333,0.010163,18,0.5,-21141.79,-2.1142,33.3333,-0.1167,-2.0998,9,0.25,26454.94,2.6455,44.4444,0.337,3.0327,9,0.25,-50745.15,-5.0745,22.2222,-0.5703,-5.1325
a98aa8e0,bull,s14|s54,2,0.0289484465,0.0130843341,-8.3601,0.0,-10.0785,25,28.0,0.010162,15,0.6,-150426.97,-15.0427,6.6667,-1.0282,-15.4232,5,0.2,58246.13,5.8246,60.0,1.2135,6.0677,5,0.2,57097.32,5.7097,60.0,1.2135,6.0677
95cf28f1,bear,s13|s17|s57,3,0.0713059143,0.0130357774,-0.4603,0.0,-9.8765,22,18.1818,0.010153,7,0.3182,70584.9,7.0585,28.5714,1.1062,7.7433,5,0.2273,-64835.66,-6.4836,0.0,-1.3036,-6.5179,10,0.4545,32526.52,3.2527,20.0,0.3833,3.8326
9c51c6c7,bear,s20|s49|s13|s67|s19,5,0.0389911907,0.0160516939,-7.1328,0.0,-15.652,37,29.7297,0.010139,10,0.2703,107396.56,10.7397,50.0,1.147,11.4697,8,0.2162,-73291.44,-7.3291,12.5,-0.9171,-7.3371,19,0.5135,-31397.89,-3.1398,26.3158,-0.1567,-2.9768
407aff27,bear,s101|s62|s31|s67|s51,5,0.0299197499,0.0133807182,-0.6888,0.0,-4.5427,6,33.3333,0.010034,3,0.5,44246.35,4.4246,66.6667,1.5486,4.6459,0,0.0,0.0,0.0,0.0,0.0,0.0,3,0.5,-39439.55,-3.944,0.0,-1.3381,-4.0142
55a95cd1,bull,s45|s2|s26,3,0.0446018563,0.0107396134,0.6505,0.0,-4.9902,8,25.0,0.010021,5,0.625,23.85,0.0024,20.0,0.0329,0.1643,3,0.375,22867.77,2.2868,33.3333,0.7708,2.3123,0,0.0,0.0,0.0,0.0,0.0,0.0
5fcddacb,bear,s49|s72|s29,3,0.0498845892,0.0191568586,-5.2027,0.0,-15.6995,28,28.5714,0.009971,9,0.3214,91476.68,9.1477,44.4444,1.1528,10.3754,8,0.2857,-80889.06,-8.0889,12.5,-1.0527,-8.4213,11,0.3929,-9749.37,-0.9749,27.2727,-0.0327,-0.3601
fd8d32b3,bear,s37|s80|s16|s85,4,0.0456357206,0.0128322456,-2.7234,0.0,-13.7243,25,24.0,0.009967,12,0.48,71925.7,7.1926,33.3333,0.6657,7.9885,6,0.24,-20056.33,-2.0056,16.6667,-0.3088,-1.8526,7,0.28,-31697.08,-3.1697,14.2857,-0.448,-3.1358
88be6816,bear,s57|s17|s29|s90|s66,5,0.0535822646,0.0187420768,1.6899,0.0,-7.901,6,33.3333,0.009967,3,0.5,85450.56,8.5451,66.6667,2.9474,8.8422,2,0.3333,-37769.33,-3.7769,0.0,-1.8742,-3.7484,1,0.1667,-18879.81,-1.888,0.0,-1.8742,-1.8742
ddcc0cba,bear,s101|s67|s26,3,0.028779333,0.0086890173,-0.0866,0.0,-4.7324,7,28.5714,0.009964,6,0.8571,-14946.06,-1.4946,16.6667,-0.2444,-1.4666,0,0.0,0.0,0.0,0.0,0.0,0.0,1,0.1429,27974.06,2.7974,100.0,2.8779,2.8779
ac2de1e2,bear,s100|s90,2,0.0694641043,0.0145606847,1.0749,0.0,-13.7911,19,21.0526,0.009912,8,0.4211,44762.36,4.4762,25.0,0.6446,5.1564,5,0.2632,11393.48,1.1393,20.0,0.2244,1.1221,6,0.3158,-6446.44,-0.6446,16.6667,-0.0557,-0.3339
eb2a9fe3,bull,s91|s78|s84,3,0.0408047869,0.0120743186,-2.7559,0.0,-19.4151,72,26.3889,0.009898,37,0.5139,-31398.32,-3.1398,21.6216,-0.0641,-2.3717,13,0.1806,160713.09,16.0713,46.1538,1.2331,16.0308,22,0.3056,-3663.45,-0.3663,22.7273,-0.0056,-0.1239
722d17da,bear,s80|s97|s49|s23|s77,5,0.0296866786,0.0086171605,-0.9363,0.0,-3.1508,8,25.0,0.009888,2,0.25,-17226.8,-1.7227,0.0,-0.8617,-1.7234,3,0.375,11926.9,1.1927,33.3333,0.4151,1.2452,3,0.375,12000.43,1.2,33.3333,0.4151,1.2452
8a004a9d,bear,s51|s90|s26,3,0.0498848073,0.0092437299,-0.662,0.0,-7.6082,16,18.75,0.009849,9,0.5625,31989.9,3.199,22.2222,0.3896,3.5064,3,0.1875,-26721.01,-2.6721,0.0,-0.9244,-2.7731,4,0.25,19217.5,1.9218,25.0,0.5538,2.2154
a6b2c34a,bear,s100|s17|s61|s22,4,0.0482340694,0.0132880662,1.3466,0.0,-6.9351,7,28.5714,0.009841,1,0.1429,48182.02,4.8182,100.0,4.8234,4.8234,2,0.2857,-27564.26,-2.7564,0.0,-1.3288,-2.6576,4,0.5714,7011.31,0.7011,25.0,0.2092,0.837
29bb377e,bear,s98|s17|s31,3,0.0465752178,0.010469686,-1.9526,0.0,-6.4817,15,20.0,0.009823,5,0.3333,3433.25,0.3433,20.0,0.0939,0.4696,4,0.2667,-41171.53,-4.1172,0.0,-1.047,-4.1879,6,0.4,47569.15,4.7569,33.3333,0.8545,5.1272
b02a9c03,bull,s10|s68|s26,3,0.0402928129,0.019371999,-7.913,0.0,-9.2853,17,29.4118,0.009767,5,0.2941,-37975.91,-3.7976,20.0,-0.7439,-3.7195,3,0.1765,-55976.91,-5.5977,0.0,-1.9372,-5.8116,9,0.5294,57907.58,5.7908,44.4444,0.7146,6.4311
657642af,bull,s84|s78|s10,3,0.0757107837,0.0188891581,-1.2831,0.0,-16.9047,45,22.2222,0.009738,15,0.3333,83403.39,8.3403,26.6667,0.6337,9.5062,8,0.1778,-62015.54,-6.2016,12.5,-0.7064,-5.6513,22,0.4889,41511.34,4.1511,22.7273,0.2611,5.7438
31b992d6,bull,s40|s94|s59,3,0.058206161,0.0166278867,-1.6255,0.0,-9.3313,12,25.0,0.009721,5,0.4167,62870.92,6.2871,40.0,1.3306,6.6529,3,0.25,-49421.91,-4.9422,0.0,-1.6628,-4.9884,4,0.3333,5108.38,0.5108,25.0,0.2081,0.8323
0e0f42b5,bear,s76|s66|s16|s72,4,0.0292001176,0.0109160357,-1.125,0.0,-4.0454,7,28.5714,0.009671,3,0.4286,7179.95,0.718,33.3333,0.2456,0.7368,2,0.2857,-22257.85,-2.2258,0.0,-1.0916,-2.1832,2,0.2857,17903.04,1.7903,50.0,0.9142,1.8284
5a535081,bear,s28|s17|s22,3,0.0262415139,0.0083953752,-0.4321,0.0,-5.0716,7,28.5714,0.009628,1,0.1429,26213.2,2.6213,100.0,2.6242,2.6242,2,0.2857,-17090.71,-1.7091,0.0,-0.8395,-1.6791,4,0.5714,576.06,0.0576,25.0,0.0264,0.1055
8239bfa4,bull,s21|s60|s87,3,0.0269392838,0.0136094298,-9.4831,0.0,-13.5913,32,31.25,0.009628,19,0.5938,-17326.1,-1.7326,31.5789,-0.0805,-1.5287,5,0.1562,53218.36,5.3218,60.0,1.072,5.3599,8,0.25,-67924.69,-6.7925,12.5,-0.8541,-6.8327
d6694325,bear,s22|s17|s71,3,0.0547675919,0.0154263239,1.5068,0.0,-7.7408,7,28.5714,0.009593,1,0.1429,54708.49,5.4708,100.0,5.4768,5.4768,2,0.2857,-32163.97,-3.2164,0.0,-1.5426,-3.0853,4,0.5714,6712.58,0.6713,25.0,0.2122,0.8489
f4c03569,bear,s100|s50|s66,3,0.0252868864,0.0138241318,-1.7594,0.0,-4.6716,6,33.3333,0.009474,3,0.5,-2376.13,-0.2376,33.3333,-0.0787,-0.2361,2,0.3333,-28015.67,-2.8016,0.0,-1.3824,-2.7648,1,0.1667,24859.12,2.4859,100.0,2.5287,2.5287
9d99d75c,bear,s81|s31,2,0.039231138,0.0130981375,-0.2942,0.0,-5.9028,7,28.5714,0.009356,3,0.4286,65649.84,6.565,66.6667,2.1788,6.5364,2,0.2857,-27518.91,-2.7519,0.0,-1.3098,-2.6196,2,0.2857,-26694.86,-2.6695,0.0,-1.3098,-2.6196
c9593c3b,bear,s50|s13,2,0.0443194026,0.0082095699,-0.8992,0.0,-7.88,16,18.75,0.009284,5,0.3125,63436.76,6.3437,40.0,1.2802,6.401,2,0.125,-16851.17,-1.6851,0.0,-0.821,-1.6419,9,0.5625,-22661.92,-2.2662,11.1111,-0.2373,-2.1357
ddf65bc2,bull,s1|s95,2,0.0514094461,0.0174201788,-3.1266,0.0,-8.079,12,25.0,0.009182,8,0.6667,-6288.9,-0.6289,25.0,-0.0213,-0.1702,1,0.0833,-16885.4,-1.6885,0.0,-1.742,-1.742,3,0.25,15204.54,1.5205,33.3333,0.5523,1.6569
f6b3da6c,bull,s83|s30|s68,3,0.0293775836,0.0117856287,-4.3617,0.0,-10.6759,15,26.6667,0.009158,5,0.3333,-58327.53,-5.8328,0.0,-1.1786,-5.8928,5,0.3333,21041.6,2.1042,40.0,0.468,2.3398,5,0.3333,22624.09,2.2624,40.0,0.468,2.3398
34020309,bear,s17|s81,2,0.0318442678,0.0082226787,-0.2817,0.0,-5.5925,8,25.0,0.009135,6,0.75,29130.73,2.9131,33.3333,0.5133,3.0798,0,0.0,0.0,0.0,0.0,0.0,0.0,2,0.25,-16154.27,-1.6154,0.0,-0.8223,-1.6445
80fe21be,bull,s59|s8|s68|s94,4,0.0396304156,0.0102540341,-0.0112,0.0,-5.9677,8,25.0,0.009128,3,0.375,-30481.11,-3.0481,0.0,-1.0254,-3.0762,2,0.25,28872.25,2.8872,50.0,1.4688,2.9376,3,0.375,17110.25,1.711,33.3333,0.6374,1.9122
165abb01,bull,s46|s42|s26,3,0.0759055415,0.0174744425,-0.4853,0.0,-15.3513,28,21.4286,0.009123,12,0.4286,62711.06,6.2711,25.0,0.5871,7.0447,2,0.0714,-38148.47,-3.8148,0.0,-1.7474,-3.4949,14,0.5,27967.66,2.7968,21.4286,0.2536,3.5498
49f450ff,bear,s19|s67|s52|s37,4,0.0420791225,0.009722443,-3.4756,0.0,-13.1915,42,21.4286,0.009079,9,0.2143,116562.48,11.6562,44.4444,1.33,11.9704,15,0.3571,-44464.56,-4.4465,13.3333,-0.2816,-4.2234,18,0.4286,-23330.62,-2.3331,16.6667,-0.1089,-1.9599
0e5da981,bear,s56|s37|s26,3,0.0532787464,0.0167946042,-4.3926,0.0,-16.9727,46,26.087,0.008991,12,0.2609,-225.98,-0.0226,25.0,0.0724,0.8685,10,0.2174,-30018.16,-3.0018,20.0,-0.278,-2.7799,24,0.5217,75517.87,7.5518,29.1667,0.3643,8.7443
afc2503f,bear,s71|s62|s80|s52,4,0.0473033191,0.0176309187,-1.0451,0.0,-5.7736,7,28.5714,0.00899,3,0.4286,10706.96,1.0707,33.3333,0.4014,1.2041,1,0.1429,-17778.13,-1.7778,0.0,-1.7631,-1.7631,3,0.4286,10798.9,1.0799,33.3333,0.4014,1.2041
3760290a,bull,s46|s12|s6|s63,4,0.0718851469,0.018151124,-0.0918,0.0,-11.4765,13,23.0769,0.008953,8,0.6154,-61878.75,-6.1879,12.5,-0.6897,-5.5173,1,0.0769,-19649.71,-1.965,0.0,-1.8151,-1.8151,4,0.3077,108055.22,10.8055,50.0,2.6867,10.7468
4edce588,bear,s50|s89|s31|s13,4,0.0554218911,0.0199532422,-0.6867,0.0,-6.4416,7,28.5714,0.00891,2,0.2857,33904.69,3.3905,50.0,1.7734,3.5469,1,0.1429,-20534.69,-2.0535,0.0,-1.9953,-1.9953,4,0.5714,-5997.1,-0.5997,25.0,-0.1109,-0.4438
4569cc5c,bear,s20|s81|s90,3,0.0464946462,0.0124428894,-1.5449,0.0,-18.7367,41,24.3902,0.00884,18,0.439,7475.02,0.7475,22.2222,0.0654,1.1778,8,0.1951,66044.58,6.6045,37.5,0.9659,7.7269,15,0.3659,-11256.5,-1.1257,20.0,-0.0655,-0.9831
9b5c956a,bull,s87|s42|s26,3,0.0781022099,0.0174155913,1.3866,0.0,-17.2387,23,21.7391,0.008762,12,0.5217,70873.25,7.0873,25.0,0.6464,7.7566,3,0.1304,-55248.04,-5.5248,0.0,-1.7416,-5.2247,8,0.3478,45355.49,4.5355,25.0,0.6464,5.1711
3dba891a,bear,s67|s37|s85,3,0.0554821244,0.011730049,2.1494,0.0,-9.6925,8,25.0,0.008723,4,0.5,-45405.28,-4.5405,0.0,-1.173,-4.692,2,0.25,42343.04,4.2343,50.0,2.1876,4.3752,2,0.25,40003.62,4.0004,50.0,2.1876,4.3752
fcb934bc,bear,s16|s98|s20,3,0.0701060398,0.0192450323,1.7842,0.0,-24.3548,48,25.0,0.00871,18,0.375,80598.94,8.0599,27.7778,0.5575,10.0345,6,0.125,-24003.04,-2.4003,16.6667,-0.4353,-2.6119,24,0.5,55903.53,5.5904,25.0,0.3093,7.4226
571219c8,bear,s22|s17|s26,3,0.041359075,0.0142520048,-0.4693,0.0,-7.2989,7,28.5714,0.008672,1,0.1429,41314.44,4.1314,100.0,4.1359,4.1359,2,0.2857,-29354.2,-2.9354,0.0,-1.4252,-2.8504,4,0.5714,-2593.21,-0.2593,25.0,-0.0349,-0.1397
1a21d65f,bear,s25|s52|s98,3,0.0708611278,0.0118927847,1.5322,0.0,-16.6492,45,17.7778,0.008563,14,0.3111,74014.46,7.4014,21.4286,0.584,8.1763,13,0.2889,-155483.71,-15.5484,0.0,-1.1893,-15.4606,18,0.4,185810.95,18.5811,27.7778,1.1094,19.9699
7fba6951,bear,s100|s16|s26,3,0.044937493,0.0089055276,0.7374,0.0,-7.3868,9,22.2222,0.008542,6,0.6667,-400.36,-0.04,16.6667,0.0068,0.041,2,0.2222,34673.6,3.4674,50.0,1.8016,3.6032,1,0.1111,-8879.91,-0.888,0.0,-0.8906,-0.8906
569a3f03,bear,s80|s97|s22,3,0.0514809871,0.0177873906,-0.3321,0.0,-7.8577,7,28.5714,0.008514,0,0.0,0.0,0.0,0.0,0.0,0.0,2,0.2857,-35187.22,-3.5187,0.0,-1.7787,-3.5575,5,0.7143,45692.28,4.5692,40.0,0.992,4.96
f9f0a943,bear,s56|s23|s49,3,0.0599153678,0.0106060194,1.1189,0.0,-7.3278,10,20.0,0.008498,2,0.2,48999.43,4.8999,50.0,2.4655,4.9309,5,0.5,-54647.64,-5.4648,0.0,-1.0606,-5.303,3,0.3,37169.04,3.7169,33.3333,1.2901,3.8703
c9c20fb7,bear,s80|s13,2,0.0474190613,0.0175935967,-5.3421,0.0,-11.7508,19,26.3158,0.008484,4,0.2105,53579.5,5.3579,50.0,1.4913,5.9651,5,0.2632,-85122.44,-8.5122,0.0,-1.7594,-8.7968,10,0.5263,15015.86,1.5016,30.0,0.191,1.9102
73b43f68,bear,s51|s90|s81,3,0.039453196,0.0146178957,-3.6973,0.0,-19.5753,31,29.0323,0.008421,13,0.4194,23835.17,2.3835,30.7692,0.2019,2.6252,8,0.2581,-13963.32,-1.3963,25.0,-0.11,-0.8801,10,0.3226,12362.09,1.2362,30.0,0.1603,1.6034
7850bfbd,bear,s98|s31|s81|s61,4,0.027054194,0.0117726997,-1.964,0.0,-5.9213,7,28.5714,0.008413,3,0.4286,42292.12,4.2292,66.6667,1.4112,4.2336,2,0.2857,-24205.78,-2.4206,0.0,-1.1773,-2.3545,2,0.2857,-23543.65,-2.3544,0.0,-1.1773,-2.3545
bd8214b9,bull,s74|s95,2,0.0626286442,0.0124976993,1.5575,0.0,-8.7247,9,22.2222,0.00841,7,0.7778,61506.42,6.1506,28.5714,0.8967,6.2769,1,0.1111,-13239.36,-1.3239,0.0,-1.2498,-1.2498,1,0.1111,-13637.33,-1.3637,0.0,-1.2498,-1.2498
d3a146e0,bull,s33|s94,2,0.0594067919,0.0194625499,-1.9112,0.0,-17.4422,18,27.7778,0.00841,7,0.3889,17760.77,1.7761,28.5714,0.3072,2.1501,3,0.1667,20250.61,2.0251,33.3333,0.6827,2.0482,8,0.4444,-3651.17,-0.3651,25.0,0.0255,0.2038
b1ab36e0,bear,s20|s62|s22,3,0.0491985528,0.0127978248,-3.5657,0.0,-12.3089,27,22.2222,0.008358,7,0.2593,33450.85,3.3451,28.5714,0.4915,3.4408,5,0.1852,-2453.79,-0.2454,20.0,-0.0399,-0.1993,15,0.5556,-11435.66,-1.1436,20.0,-0.0399,-0.5978
ffbaf418,bear,s85|s17|s22,3,0.025162828,0.0110366288,-1.9607,0.0,-6.0809,7,28.5714,0.008348,1,0.1429,25135.67,2.5136,100.0,2.5163,2.5163,2,0.2857,-22413.0,-2.2413,0.0,-1.1037,-2.2073,4,0.5714,-8383.63,-0.8384,25.0,-0.1987,-0.7947
a0102342,bear,s71|s50|s89|s13|s31,5,0.0388194949,0.0096787672,-0.9852,0.0,-5.4648,9,22.2222,0.00834,3,0.3333,18837.46,1.8837,33.3333,0.6487,1.9462,1,0.1111,-9907.01,-0.9907,0.0,-0.9679,-0.9679,5,0.5556,-598.42,-0.0598,20.0,0.0021,0.0104
ef814c5a,bear,s77|s25|s67|s101,4,0.0764017703,0.0114327431,3.9203,0.0,-18.4012,35,17.1429,0.008334,15,0.4286,82743.62,8.2744,20.0,0.6134,9.2012,6,0.1714,-65958.37,-6.5958,0.0,-1.1433,-6.8596,14,0.4,91611.16,9.1611,21.4286,0.7389,10.3445
9d6d1183,bear,s13|s18|s26,3,0.0334186783,0.0185690569,-13.0648,0.0,-15.3957,59,35.5932,0.008333,15,0.2542,73607.54,7.3608,46.6667,0.5692,8.5378,13,0.2203,-82638.19,-8.2638,23.0769,-0.6572,-8.5435,31,0.5254,-9632.18,-0.9632,35.4839,-0.0122,-0.3776
85e2f097,bull,s53|s21|s30|s88,4,0.0414562647,0.018171836,-4.5775,0.0,-8.5603,11,27.2727,0.008322,6,0.5455,-50096.72,-5.0097,16.6667,-0.8234,-4.9403,1,0.0909,-18412.47,-1.8412,0.0,-1.8172,-1.8172,4,0.3636,44345.01,4.4345,50.0,1.1642,4.6569
e6ebc4a6,bear,s22|s29,2,0.0279141923,0.0112309175,-2.8321,0.0,-3.9161,8,25.0,0.008308,0,0.0,0.0,0.0,0.0,0.0,0.0,2,0.25,-22289.06,-2.2289,0.0,-1.1231,-2.2462,6,0.75,9688.61,0.9689,33.3333,0.1817,1.0905
ee713bab,bear,s17|s25|s22|s71,4,0.0285269324,0.0176122722,-2.6496,0.0,-6.7299,6,33.3333,0.008305,1,0.1667,28496.15,2.8496,100.0,2.8527,2.8527,2,0.3333,-35766.51,-3.5767,0.0,-1.7612,-3.5225,3,0.5,-7263.57,-0.7264,33.3333,-0.2233,-0.6698
013dc257,bear,s22|s80,2,0.0488190142,0.0176278992,-0.7558,0.0,-7.8126,7,28.5714,0.008295,0,0.0,0.0,0.0,0.0,0.0,0.0,2,0.2857,-34873.79,-3.4874,0.0,-1.7628,-3.5256,5,0.7143,41125.86,4.1126,40.0,0.8951,4.4754
137f01a8,bull,s45|s30|s26,3,0.0515862158,0.0124106644,-0.4805,0.0,-6.4108,9,22.2222,0.008192,5,0.5556,286.78,0.0287,20.0,0.0389,0.1944,2,0.2222,-24380.91,-2.4381,0.0,-1.2411,-2.4821,2,0.2222,37122.51,3.7123,50.0,1.9588,3.9176
a1684dce,bear,s31|s100|s18,3,0.053506797,0.0156922919,1.8438,0.0,-26.4153,60,26.6667,0.008129,20,0.3333,171359.21,17.1359,35.0,0.8527,17.0548,13,0.2167,-78495.04,-7.8495,15.3846,-0.5046,-6.5602,27,0.45,56558.49,5.6558,25.9259,0.2248,6.0702
48746648,bull,s82|s59|s26,3,0.0421498459,0.0177818929,-4.0816,0.0,-9.5922,11,27.2727,0.008077,6,0.5455,70447.51,7.0448,50.0,1.2184,7.3104,0,0.0,0.0,0.0,0.0,0.0,0.0,5,0.4545,-89475.67,-8.9476,0.0,-1.7782,-8.8909
77f66381,bear,s86|s77|s57|s67,4,0.0595235431,0.0173239274,-0.5185,0.0,-7.5073,8,25.0,0.008065,2,0.25,40217.28,4.0217,50.0,2.11,4.22,5,0.625,-10899.57,-1.09,20.0,-0.1954,-0.9772,1,0.125,-18254.08,-1.8254,0.0,-1.7324,-1.7324
3f33ef2e,bear,s66|s62|s99,3,0.0199247767,0.0128363689,-3.8433,0.0,-4.3845,7,28.5714,0.008006,2,0.2857,-25220.38,-2.522,0.0,-1.2836,-2.5673,1,0.1429,-12822.6,-1.2823,0.0,-1.2836,-1.2836,4,0.5714,13517.24,1.3517,50.0,0.3544,1.4177
d222e7f6,bull,s68|s14|s26,3,0.0684444108,0.0100730514,0.7195,0.0,-6.5157,12,16.6667,0.007999,6,0.5,-60617.63,-6.0618,0.0,-1.0073,-6.0438,1,0.0833,-10221.54,-1.0222,0.0,-1.0073,-1.0073,5,0.4167,101974.92,10.1975,40.0,2.1334,10.667
fb86e439,bull,s21|s14,2,0.0746392063,0.0145325808,-0.2925,0.0,-12.463,21,19.0476,0.007805,12,0.5714,87192.72,8.7193,25.0,0.776,9.3124,2,0.0952,59188.75,5.9189,50.0,3.0053,6.0107,7,0.3333,-105909.27,-10.5909,0.0,-1.4533,-10.1728
a216f7ea,bear,s52|s86|s71|s57,4,0.0329826911,0.0097955835,-2.1776,0.0,-4.8786,9,22.2222,0.007798,4,0.4444,2966.65,0.2967,25.0,0.0899,0.3596,5,0.5556,-7180.72,-0.7181,20.0,-0.124,-0.62,0,0.0,0.0,0.0,0.0,0.0,0.0
4a55fd69,bear,s90|s56,2,0.0532275567,0.0124267398,-0.1784,0.0,-7.5541,9,22.2222,0.007792,4,0.4444,-51105.88,-5.1106,0.0,-1.2427,-4.9707,3,0.3333,25947.93,2.5948,33.3333,0.9458,2.8374,2,0.2222,41723.27,4.1723,50.0,2.04,4.0801
aa1536ad,bear,s51|s17|s66|s56|s31,5,0.0457611289,0.0171386903,-4.037,0.0,-12.6276,15,26.6667,0.007791,5,0.3333,34781.63,3.4782,40.0,0.8021,4.0106,4,0.2667,-64452.93,-6.4453,0.0,-1.7139,-6.8555,6,0.4,17651.77,1.7652,33.3333,0.3828,2.2967
8dec3767,bear,s23|s89|s56,3,0.0663617189,0.0124524106,0.835,0.0,-8.1351,10,20.0,0.007787,4,0.4,-51750.47,-5.175,0.0,-1.2452,-4.981,4,0.4,26131.65,2.6132,25.0,0.7251,2.9004,2,0.2,54312.55,5.4313,50.0,2.6955,5.3909
97b55162,bear,s51|s16,2,0.0747839249,0.0100870754,0.68,0.0,-6.436,13,15.3846,0.007687,4,0.3077,40114.33,4.0114,25.0,1.1131,4.4523,4,0.3077,42136.64,4.2137,25.0,1.1131,4.4523,5,0.3846,-49911.5,-4.9912,0.0,-1.0087,-5.0435
39efdb89,bear,s100|s77|s19|s51|s71,5,0.0715400922,0.0094024603,0.8369,0.0,-6.648,13,15.3846,0.007685,6,0.4615,22387.78,2.2388,16.6667,0.4088,2.4528,3,0.2308,52900.58,5.2901,33.3333,1.7578,5.2735,4,0.3077,-39910.41,-3.991,0.0,-0.9402,-3.761
17e90a52,bear,s22|s16|s52,3,0.0412428069,0.0126374752,-3.1493,0.0,-20.1696,78,26.9231,0.007663,23,0.2949,77616.17,7.7616,30.4348,0.3761,8.65,19,0.2436,22451.88,2.2452,26.3158,0.1542,2.9289,36,0.4615,17526.55,1.7527,25.0,0.0833,2.9973
e1ae33af,bull,s3|s64|s73|s40,4,0.035059698,0.0168273255,-8.0858,0.0,-10.0403,18,27.7778,0.007513,11,0.6111,18430.09,1.843,36.3636,0.2041,2.2448,3,0.1667,-48194.29,-4.8194,0.0,-1.6827,-5.0482,4,0.2222,-16121.63,-1.6122,25.0,-0.3856,-1.5422
623bd25a,bear,s67|s37|s13,3,0.0519534173,0.016403275,-6.5141,0.0,-11.1658,29,24.1379,0.007459,6,0.2069,32383.91,3.2384,33.3333,0.6382,3.8294,8,0.2759,-127683.8,-12.7684,0.0,-1.6403,-13.1226,15,0.5172,86024.16,8.6024,33.3333,0.6382,9.5734
2baf2313,bear,s13|s18|s98|s62,4,0.0359926896,0.0166629001,-2.6958,0.0,-7.2578,7,28.5714,0.007442,4,0.5714,38616.09,3.8616,50.0,0.9665,3.866,2,0.2857,-34283.05,-3.4283,0.0,-1.6663,-3.3326,1,0.1429,-17139.14,-1.7139,0.0,-1.6663,-1.6663
57dc80cd,bull,s55|s58|s73|s69,4,0.0244398389,0.0137973168,-10.3184,0.0,-12.2825,26,30.7692,0.007377,15,0.5769,-91225.34,-9.1225,20.0,-0.615,-9.2248,6,0.2308,67582.13,6.7582,66.6667,1.1694,7.0165,5,0.1923,-29474.36,-2.9474,20.0,-0.615,-3.0749
40e78c9d,bear,s66|s13|s31|s50|s76,5,0.0607698349,0.0135591914,-1.1156,0.0,-6.2734,10,20.0,0.007343,2,0.2,46154.91,4.6155,50.0,2.3605,4.7211,2,0.2,-28017.25,-2.8017,0.0,-1.3559,-2.7118,6,0.6,-8981.02,-0.8981,16.6667,-0.1171,-0.7026
758167c0,bull,s53|s9|s38|s34,4,0.0571088413,0.0134914804,-0.9975,0.0,-18.2036,45,22.2222,0.007259,20,0.4444,-196775.17,-19.6775,5.0,-0.9961,-19.9229,11,0.2444,54403.32,5.4403,27.2727,0.5763,6.3395,14,0.3111,219478.96,21.9479,42.8571,1.6766,23.4721
b13e629a,bull,s59|s73|s27,3,0.0548406968,0.0135795,-1.8059,0.0,-10.3898,14,21.4286,0.00725,5,0.3571,-397.02,-0.0397,20.0,0.0105,0.0523,2,0.1429,38269.24,3.8269,50.0,2.0631,4.1261,7,0.5,-27838.18,-2.7838,14.2857,-0.3805,-2.6636
7090eec0,bull,s58|s21,2,0.0376946246,0.0087167908,-3.9296,0.0,-9.9502,25,20.0,0.007215,15,0.6,7418.06,0.7418,20.0,0.0565,0.8482,3,0.12,19346.38,1.9346,33.3333,0.6754,2.0261,7,0.28,-15759.51,-1.576,14.2857,-0.2087,-1.4606
ac3a6293,bull,s48|s24|s15|s40,4,0.0728663617,0.0123053044,0.7252,0.0,-8.2668,11,18.1818,0.007182,7,0.6364,82750.97,8.2751,28.5714,1.2029,8.4206,2,0.1818,-25762.89,-2.5763,0.0,-1.2305,-2.4611,2,0.1818,-26801.49,-2.6801,0.0,-1.2305,-2.4611
846d7554,bull,s5|s95|s74|s87,4,0.0606797747,0.0180285003,-0.3472,0.0,-11.0674,7,28.5714,0.007157,6,0.8571,48010.99,4.8011,33.3333,0.8208,4.9246,0,0.0,0.0,0.0,0.0,0.0,0.0,1,0.1429,-20179.83,-2.018,0.0,-1.8029,-1.8029
dc3e2235,bear,s76|s25|s26,3,0.018139992,0.0105217915,-6.326,0.0,-6.6453,12,25.0,0.007142,7,0.5833,-15916.83,-1.5917,28.5714,-0.2333,-1.6329,2,0.1667,-20640.62,-2.0641,0.0,-1.0522,-2.1044,3,0.25,-3251.66,-0.3252,33.3333,-0.0968,-0.2904
0b0311e7,bear,s20|s62,2,0.0373448762,0.0184816815,-6.5709,0.0,-11.3427,14,28.5714,0.007113,7,0.5,-18268.85,-1.8269,28.5714,-0.2531,-1.7719,2,0.1429,-35720.65,-3.5721,0.0,-1.8482,-3.6963,5,0.3571,15433.45,1.5433,40.0,0.3849,1.9245
22bda1d9,bear,s16|s89,2,0.032624693,0.0167936873,-6.6701,0.0,-11.2255,14,28.5714,0.0071,8,0.5714,-82611.96,-8.2612,12.5,-1.0616,-8.4931,2,0.1429,14122.3,1.4122,50.0,0.7916,1.5831,4,0.2857,28270.69,2.8271,50.0,0.7916,3.1662
46cc01b8,bear,s85|s62|s99,3,0.0404241788,0.0090760608,-2.03,0.0,-9.536,15,20.0,0.006982,4,0.2667,-35577.85,-3.5578,0.0,-0.9076,-3.6304,5,0.3333,1990.39,0.199,20.0,0.0824,0.412,6,0.4,42972.73,4.2973,33.3333,0.7424,4.4544
8ad22825,bull,s78|s5,2,0.0288689709,0.012348652,-9.8051,0.0,-13.8456,44,29.5455,0.006934,22,0.5,-106730.47,-10.673,18.1818,-0.4855,-10.68,5,0.1136,99058.04,9.9058,80.0,2.0625,10.3127,17,0.3864,-5072.47,-0.5072,29.4118,-0.0226,-0.3839
ab0159ac,bull,s45|s68|s24,3,0.0454824637,0.0137836426,-4.1673,0.0,-8.6619,13,23.0769,0.00691,6,0.4615,-82868.57,-8.2869,0.0,-1.3784,-8.2702,3,0.2308,17541.03,1.7541,33.3333,0.5972,1.7915,4,0.3077,60403.88,6.0404,50.0,1.5849,6.3398
68c8c6c8,bear,s90|s76|s56,3,0.0658351724,0.0177248219,-1.3461,0.0,-12.4555,13,23.0769,0.006885,5,0.3846,-9044.74,-0.9045,20.0,-0.1013,-0.5064,4,0.3077,10308.04,1.0308,25.0,0.3165,1.2661,4,0.3077,11927.99,1.1928,25.0,0.3165,1.2661
12c9fb11,bear,s81|s28|s50,3,0.0539327266,0.0113726234,-1.3044,0.0,-12.5395,27,18.5185,0.006868,14,0.5185,31388.79,3.1389,21.4286,0.2621,3.6699,5,0.1852,5216.39,0.5216,20.0,0.1688,0.8442,8,0.2963,-25831.59,-2.5832,12.5,-0.3209,-2.5676
af42cdcd,bear,s61|s28,2,0.0452957184,0.0168397602,-2.8902,0.0,-6.9103,8,25.0,0.006833,2,0.25,-33153.52,-3.3154,0.0,-1.684,-3.368,2,0.25,85664.72,8.5665,100.0,4.5296,9.0591,4,0.5,-65858.27,-6.5858,0.0,-1.684,-6.7359
6c123d35,bear,s49|s77|s23,3,0.0661187909,0.0097898963,0.5735,0.0,-7.9649,12,16.6667,0.006816,2,0.1667,55974.73,5.5975,50.0,2.8164,5.6329,7,0.5833,-70580.3,-7.058,0.0,-0.979,-6.8529,3,0.25,44804.14,4.4804,33.3333,1.5513,4.6539
f553478c,bull,s78|s68|s40|s59,4,0.0777924969,0.0128961417,5.9648,0.0,-1.4866,2,50.0,0.006776,0,0.0,0.0,0.0,0.0,0.0,0.0,0,0.0,0.0,0.0,0.0,0.0,0.0,2,1.0,63677.46,6.3677,50.0,3.2448,6.4896
6683f17e,bull,s83|s36|s26,3,0.024394167,0.0152322073,-4.1652,0.0,-7.0078,7,28.5714,0.006724,4,0.5714,16207.93,1.6208,50.0,0.4581,1.8324,0,0.0,0.0,0.0,0.0,0.0,0.0,3,0.4286,-44306.71,-4.4307,0.0,-1.5232,-4.5697
a28af0f8,bear,s29|s71|s22,3,0.0541588671,0.0123387734,-1.3734,0.0,-6.9653,10,20.0,0.006722,3,0.3,-36807.79,-3.6808,0.0,-1.2339,-3.7016,2,0.2,-23778.18,-2.3778,0.0,-1.2339,-2.4678,5,0.5,66323.04,6.6323,40.0,1.426,7.1301
cd715c4c,bear,s71|s62,2,0.0621680052,0.0087435876,3.7514,0.0,-1.0742,3,33.3333,0.006707,1,0.3333,-9160.91,-0.9161,0.0,-0.8744,-0.8744,0,0.0,0.0,0.0,0.0,0.0,0.0,2,0.6667,52700.78,5.2701,50.0,2.6712,5.3424
e4d2a2c7,bear,s100|s19|s85|s90,4,0.0634425436,0.0081417667,4.0026,0.0,-1.4794,3,33.3333,0.006694,2,0.6667,-16678.25,-1.6678,0.0,-0.8142,-1.6284,1,0.3333,62732.37,6.2732,100.0,6.3443,6.3443,0,0.0,0.0,0.0,0.0,0.0,0.0
0a35a639,bear,s61|s100|s13,3,0.0793107247,0.0147253109,5.7679,0.0,-24.9257,40,20.0,0.006636,8,0.2,61124.79,6.1125,25.0,0.8784,7.027,9,0.225,-50899.21,-5.0899,11.1111,-0.4277,-3.8492,23,0.575,140890.48,14.089,21.7391,0.5717,13.1498
22498730,bear,s57|s62|s37|s29,4,0.0656909072,0.0083509578,4.1786,0.0,-2.059,3,33.3333,0.006632,1,0.3333,64268.58,6.4269,100.0,6.5691,6.5691,2,0.6667,-16598.27,-1.6598,0.0,-0.8351,-1.6702,0,0.0,0.0,0.0,0.0,0.0,0.0
c9c240c1,bull,s94|s35|s30|s44,4,0.0718627392,0.0167920833,-3.4719,0.0,-11.693,30,20.0,0.00662,13,0.4333,36819.93,3.682,23.0769,0.3667,4.7667,6,0.2,-15972.83,-1.5973,16.6667,-0.2016,-1.2098,11,0.3667,-11090.73,-1.1091,18.1818,-0.0673,-0.7403
74dc07aa,bear,s89|s71|s62|s51,4,0.0602703083,0.0100027596,4.557,0.0,-1.2001,2,50.0,0.006585,1,0.5,-10574.85,-1.0575,0.0,-1.0003,-1.0003,0,0.0,0.0,0.0,0.0,0.0,0.0,1,0.5,60207.16,6.0207,100.0,6.027,6.027
5fbf85cf,bull,s63|s68|s87,3,0.0621031942,0.0105393714,4.6711,0.0,-1.5486,2,50.0,0.006562,0,0.0,0.0,0.0,0.0,0.0,0.0,0,0.0,0.0,0.0,0.0,0.0,0.0,2,1.0,50732.66,5.0733,50.0,2.5782,5.1564
618fa24a,bear,s62|s49|s26,3,0.0762709179,0.0173732646,7.4267,0.0,-0.696,1,100.0,0.006552,1,1.0,76188.5,7.6188,100.0,7.6271,7.6271,0,0.0,0.0,0.0,0.0,0.0,0.0,0,0.0,0.0,0.0,0.0,0.0,0.0
7cd8850e,bull,s48|s68|s33,3,0.0581336297,0.0159194525,-3.4392,0.0,-9.0643,14,21.4286,0.006534,4,0.2857,-62248.2,-6.2248,0.0,-1.5919,-6.3678,3,0.2143,-46060.19,-4.606,0.0,-1.5919,-4.7758,7,0.5,101086.47,10.1086,42.8571,1.5818,11.0723
288e0f66,bear,s98|s56|s28,3,0.058879597,0.0113293824,4.2792,0.0,-1.3327,2,50.0,0.006525,1,0.5,58815.25,5.8815,100.0,5.888,5.888,0,0.0,0.0,0.0,0.0,0.0,0.0,1,0.5,-11961.17,-1.1961,0.0,-1.1329,-1.1329
4a3bb05b,bull,s3|s88|s63|s24,4,0.0795941515,0.0101791802,5.1395,0.0,-3.9631,3,33.3333,0.00652,2,0.6667,68552.04,6.8552,50.0,3.4707,6.9415,1,0.3333,-10822.45,-1.0822,0.0,-1.0179,-1.0179,0,0.0,0.0,0.0,0.0,0.0,0.0
c732e86f,bear,s19|s49|s97|s81,4,0.0708409761,0.0173444526,6.8843,0.0,-0.6908,1,100.0,0.006509,1,1.0,70770.14,7.077,100.0,7.0841,7.0841,0,0.0,0.0,0.0,0.0,0.0,0.0,0,0.0,0.0,0.0,0.0,0.0,0.0
091e9796,bear,s17|s97|s29|s67|s76,5,0.0783312579,0.0122419368,6.1,0.0,-4.0442,2,50.0,0.006491,1,0.5,78245.65,7.8246,100.0,7.8331,7.8331,1,0.5,-13162.23,-1.3162,0.0,-1.2242,-1.2242,0,0.0,0.0,0.0,0.0,0.0,0.0
56201cf3,bear,s85|s50|s98,3,0.0670202576,0.0173105147,6.5016,0.0,-0.7373,1,100.0,0.006476,1,1.0,66947.01,6.6947,100.0,6.702,6.702,0,0.0,0.0,0.0,0.0,0.0,0.0,0,0.0,0.0,0.0,0.0,0.0,0.0
411254fb,bear,s57|s89,2,0.0717959472,0.0102769012,4.3692,0.0,-3.2827,3,33.3333,0.006458,1,0.3333,-10266.21,-1.0266,0.0,-1.0277,-1.0277,0,0.0,0.0,0.0,0.0,0.0,0.0,2,0.6667,59828.92,5.9829,50.0,3.076,6.1519
cf5219ff,bear,s23|s56|s17,3,0.0450719099,0.0146097121,-4.6681,0.0,-16.1147,31,25.8065,0.00645,11,0.3548,12485.36,1.2485,27.2727,0.1667,1.8338,9,0.2903,-67966.64,-6.7967,11.1111,-0.7978,-7.1806,11,0.3548,66102.19,6.6102,36.3636,0.7093,7.802
0f8907ac,bear,s13|s98,2,0.0635251925,0.0164222603,6.1521,0.0,-0.7373,1,100.0,0.006448,1,1.0,63455.77,6.3456,100.0,6.3525,6.3525,0,0.0,0.0,0.0,0.0,0.0,0.0,0,0.0,0.0,0.0,0.0,0.0,0.0
2367aebf,bear,s67|s76|s49|s17,4,0.0619680307,0.0163198186,5.9964,0.0,-0.7373,1,100.0,0.006435,1,1.0,61900.31,6.19,100.0,6.1968,6.1968,0,0.0,0.0,0.0,0.0,0.0,0.0,0,0.0,0.0,0.0,0.0,0.0,0.0
accbfa7b,bear,s98|s25,2,0.0616646307,0.0140652924,5.9661,0.0,-0.7373,1,100.0,0.006433,1,1.0,61597.24,6.1597,100.0,6.1665,6.1665,0,0.0,0.0,0.0,0.0,0.0,0.0,0,0.0,0.0,0.0,0.0,0.0,0.0
f82850c4,bear,s98|s56,2,0.0605595959,0.0148880341,5.8556,0.0,-0.7373,1,100.0,0.006424,1,1.0,60493.41,6.0493,100.0,6.056,6.056,0,0.0,0.0,0.0,0.0,0.0,0.0,0,0.0,0.0,0.0,0.0,0.0,0.0
de459127,bear,s49|s98,2,0.0603437934,0.0109730542,5.834,0.0,-0.7373,1,100.0,0.006422,1,1.0,60277.84,6.0278,100.0,6.0344,6.0344,0,0.0,0.0,0.0,0.0,0.0,0.0,0,0.0,0.0,0.0,0.0,0.0,0.0
ac8c3a76,bear,s98|s29|s61|s71,4,0.0766131811,0.0146393367,5.673,0.0,-4.0442,2,50.0,0.006422,2,1.0,60813.63,6.0814,50.0,3.0987,6.1974,0,0.0,0.0,0.0,0.0,0.0,0.0,0,0.0,0.0,0.0,0.0,0.0,0.0
1d92aa9c,bear,s61|s100,2,0.0574660601,0.0118724131,-0.3758,0.0,-8.7976,10,20.0,0.006421,4,0.4,-47581.39,-4.7581,0.0,-1.1872,-4.749,4,0.4,18599.94,1.86,25.0,0.5462,2.1849,2,0.2,45435.39,4.5435,50.0,2.2797,4.5594
eded42d5,bear,s20|s28|s26,3,0.0677605417,0.0182297761,6.5762,0.0,-1.7509,1,100.0,0.006421,1,1.0,67692.11,6.7692,100.0,6.7761,6.7761,0,0.0,0.0,0.0,0.0,0.0,0.0,0,0.0,0.0,0.0,0.0,0.0,0.0
5ebd928e,bear,s86|s66|s51,3,0.0684410438,0.008235559,3.4033,0.0,-2.8132,4,25.0,0.006414,3,0.75,50389.88,5.039,33.3333,1.7323,5.197,0,0.0,0.0,0.0,0.0,0.0,0.0,1,0.25,-8227.29,-0.8227,0.0,-0.8236,-0.8236
a7030500,bear,s16|s28|s26,3,0.0651540299,0.0186814447,6.3155,0.0,-1.7509,1,100.0,0.0064,1,1.0,65088.23,6.5088,100.0,6.5154,6.5154,0,0.0,0.0,0.0,0.0,0.0,0.0,0,0.0,0.0,0.0,0.0,0.0,0.0
31eb8ae5,bear,s57|s62|s71,3,0.056642356,0.0114111602,2.6549,0.0,-1.3409,3,33.3333,0.006396,1,0.3333,-11861.04,-1.1861,0.0,-1.1411,-1.1411,0,0.0,0.0,0.0,0.0,0.0,0.0,2,0.6667,44425.79,4.4426,50.0,2.2616,4.5231
3b8dae82,bear,s28|s67|s26,3,0.0643512317,0.0143474252,6.2353,0.0,-1.7509,1,100.0,0.006394,1,1.0,64286.24,6.4286,100.0,6.4351,6.4351,0,0.0,0.0,0.0,0.0,0.0,0.0,0,0.0,0.0,0.0,0.0,0.0,0.0
e359a4eb,bear,s17|s57,2,0.0439415759,0.0096169404,-1.122,0.0,-7.854,10,20.0,0.00639,5,0.5,4385.31,0.4385,20.0,0.1095,0.5474,3,0.3,-27735.32,-2.7735,0.0,-0.9617,-2.8851,2,0.2,31387.0,3.1387,50.0,1.7162,3.4325
65b2b72d,bull,s47|s54|s63,3,0.070038202,0.0198847861,4.4572,0.0,-2.7262,2,50.0,0.006386,1,0.5,-21212.55,-2.1213,0.0,-1.9885,-1.9885,0,0.0,0.0,0.0,0.0,0.0,0.0,1,0.5,69964.64,6.9965,100.0,7.0038,7.0038
f9114475,bear,s98|s29|s26,3,0.0798705488,0.0191812169,7.7865,0.0,-4.0442,1,100.0,0.00638,1,1.0,79783.26,7.9783,100.0,7.9871,7.9871,0,0.0,0.0,0.0,0.0,0.0,0.0,0,0.0,0.0,0.0,0.0,0.0,0.0
9b938685,bull,s63|s21|s26,3,0.0785063465,0.0168697999,5.6072,0.0,-4.3474,2,50.0,0.006375,1,0.5,78419.39,7.8419,100.0,7.8506,7.8506,0,0.0,0.0,0.0,0.0,0.0,0.0,1,0.5,-18138.48,-1.8138,0.0,-1.687,-1.687
1d686ea3,bear,s98|s89|s49|s56,4,0.0782767041,0.0184167029,7.6272,0.0,-4.0442,1,100.0,0.006368,1,1.0,78191.16,7.8191,100.0,7.8277,7.8277,0,0.0,0.0,0.0,0.0,0.0,0.0,0,0.0,0.0,0.0,0.0,0.0,0.0
41d35592,bear,s28|s76|s49,3,0.0782185472,0.0182762461,7.6213,0.0,-4.0442,1,100.0,0.006367,1,1.0,78133.06,7.8133,100.0,7.8219,7.8219,0,0.0,0.0,0.0,0.0,0.0,0.0,0,0.0,0.0,0.0,0.0,0.0,0.0
f077880c,bear,s61|s98,2,0.0770849333,0.0162346884,7.508,0.0,-4.0442,1,100.0,0.006358,1,1.0,77000.69,7.7001,100.0,7.7085,7.7085,0,0.0,0.0,0.0,0.0,0.0,0.0,0,0.0,0.0,0.0,0.0,0.0,0.0
9cf97586,bear,s22|s76|s81|s50|s90,5,0.0770017666,0.0152048653,7.5004,0.0,-4.0326,1,100.0,0.006358,1,1.0,76924.77,7.6925,100.0,7.7002,7.7002,0,0.0,0.0,0.0,0.0,0.0,0.0,0,0.0,0.0,0.0,0.0,0.0,0.0
feacacee,bear,s22|s98|s57,3,0.078421346,0.012666339,4.508,0.0,-4.0442,3,33.3333,0.006354,1,0.3333,78335.64,7.8336,100.0,7.8421,7.8421,1,0.3333,-13619.65,-1.362,0.0,-1.2666,-1.2666,1,0.3333,-13419.99,-1.342,0.0,-1.2666,-1.2666
89d7c452,bear,s19|s80|s37|s98,4,0.0515049044,0.0172321128,-5.785,0.0,-12.875,24,25.0,0.006353,9,0.375,41142.07,4.1142,33.3333,0.568,5.1122,7,0.2917,-50761.69,-5.0762,14.2857,-0.7413,-5.1888,8,0.3333,-3141.36,-0.3141,25.0,-0.0048,-0.0383
6bfd33ed,bull,s40|s55|s73,3,0.0687098946,0.012490132,3.5943,0.0,-2.8716,3,33.3333,0.006346,0,0.0,0.0,0.0,0.0,0.0,0.0,0,0.0,0.0,0.0,0.0,0.0,0.0,3,1.0,42213.85,4.2214,33.3333,1.4577,4.373
5834e1a0,bear,s66|s13|s98,3,0.0754583529,0.0113702363,7.3453,0.0,-4.0442,1,100.0,0.006345,1,1.0,75375.89,7.5376,100.0,7.5458,7.5458,0,0.0,0.0,0.0,0.0,0.0,0.0,0,0.0,0.0,0.0,0.0,0.0,0.0
1b18edb6,bull,s87|s93|s26,3,0.0777447233,0.0145804834,7.5589,0.0,-4.3477,1,100.0,0.006344,1,1.0,77664.71,7.7665,100.0,7.7745,7.7745,0,0.0,0.0,0.0,0.0,0.0,0.0,0,0.0,0.0,0.0,0.0,0.0,0.0
91273825,bear,s80|s67|s76,3,0.0687988202,0.0151500375,4.8501,0.0,-3.6065,2,50.0,0.006343,1,0.5,68723.63,6.8724,100.0,6.8799,6.8799,1,0.5,-16145.69,-1.6146,0.0,-1.515,-1.515,0,0.0,0.0,0.0,0.0,0.0,0.0
4585fe70,bear,s57|s51|s62,3,0.059198547,0.0119948598,2.7822,0.0,-1.8224,3,33.3333,0.00634,1,0.3333,58310.54,5.8311,100.0,5.9199,5.9199,0,0.0,0.0,0.0,0.0,0.0,0.0,2,0.6667,-24471.98,-2.4472,0.0,-1.1995,-2.399
484416d0,bear,s28|s56|s26,3,0.0624668197,0.0199755587,3.7167,0.0,-2.1972,2,50.0,0.006331,1,0.5,62403.73,6.2404,100.0,6.2467,6.2467,0,0.0,0.0,0.0,0.0,0.0,0.0,1,0.5,-21161.12,-2.1161,0.0,-1.9976,-1.9976
550d4bc8,bear,s19|s98,2,0.0465874835,0.0113625445,4.4585,0.0,-0.7373,1,100.0,0.006312,1,1.0,46536.57,4.6537,100.0,4.6587,4.6587,0,0.0,0.0,0.0,0.0,0.0,0.0,0,0.0,0.0,0.0,0.0,0.0,0.0
0338b877,bear,s23|s18|s97|s50,4,0.0516416493,0.0198444769,4.9642,0.0,-1.4156,1,100.0,0.006312,1,1.0,51588.47,5.1588,100.0,5.1642,5.1642,0,0.0,0.0,0.0,0.0,0.0,0.0,0,0.0,0.0,0.0,0.0,0.0,0.0
c1c09da0,bear,s98|s66|s76,3,0.0709298281,0.016749654,6.8925,0.0,-4.0442,1,100.0,0.006309,1,1.0,70852.31,7.0852,100.0,7.093,7.093,0,0.0,0.0,0.0,0.0,0.0,0.0,0,0.0,0.0,0.0,0.0,0.0,0.0
5329ff63,bear,s56|s62|s97|s81|s22,5,0.0420574965,0.0096219649,2.7974,0.0,-1.162,2,50.0,0.006308,1,0.5,42015.44,4.2015,100.0,4.2057,4.2057,1,0.5,-9997.18,-0.9997,0.0,-0.9622,-0.9622,0,0.0,0.0,0.0,0.0,0.0,0.0
4540f4b8,bull,s21|s92|s26,3,0.0514515368,0.0148894013,3.1657,0.0,-1.6857,2,50.0,0.006304,1,0.5,51394.55,5.1395,100.0,5.1452,5.1452,0,0.0,0.0,0.0,0.0,0.0,0.0,1,0.5,-15607.62,-1.5608,0.0,-1.4889,-1.4889
f1f9862f,bear,s76|s57,2,0.0798370734,0.0121130981,4.7629,0.0,-4.6728,3,33.3333,0.006302,1,0.3333,79749.82,7.975,100.0,7.9837,7.9837,1,0.3333,-13042.09,-1.3042,0.0,-1.2113,-1.2113,1,0.3333,-12857.92,-1.2858,0.0,-1.2113,-1.2113
